ISO-10303-21;
HEADER;
FILE_DESCRIPTION(('STEP AP214'),'1');
FILE_NAME('tmp0.STEP','2019-11-05T05:47:51',(' '),(' '),'Spatial InterOp 3D',' ',' ');
FILE_SCHEMA(('AUTOMOTIVE_DESIGN { 1 0 10303 214 1 1 1 1 }'));
ENDSEC;
DATA;
#1=MECHANICAL_DESIGN_GEOMETRIC_PRESENTATION_REPRESENTATION(' ',(#12,#13,#14,#15,#16,#17,#18,#19,#20,#21,#22,#23,#24,#25,#26,#27,#28,#29,#30,#31,#32,#33,#34,#35,#36,#37,#38,#39,#40,#41,#42,#43,#44,#45,#46,#47,#48,#49,#50,#51,#52,#53,#54,#55,#56,#57,#58,#59,#60,#61,#62,#63,#64,#65,#66,#67,#68,#69,#70,#71,#72,#73,#74,#75,#76,#77,#78,#79,#80,#81,#82,#83,#84,#85,#86,#87,#88,#89,#90,#91,#92,#93,#94,#95,#96),#8);
#2=PRODUCT_DEFINITION_CONTEXT('',#97,'design');
#3=APPLICATION_PROTOCOL_DEFINITION('INTERNATIONAL STANDARD','automotive_design',1994,#97);
#4=PRODUCT_CATEGORY_RELATIONSHIP('NONE','NONE',#98,#99);
#5=SHAPE_DEFINITION_REPRESENTATION(#100,#101);
#6=SHAPE_DEFINITION_REPRESENTATION(#100,#102);
#7=SHAPE_DEFINITION_REPRESENTATION(#100,#103);
#8= (GEOMETRIC_REPRESENTATION_CONTEXT(3)GLOBAL_UNCERTAINTY_ASSIGNED_CONTEXT((#106))GLOBAL_UNIT_ASSIGNED_CONTEXT((#108,#109,#110))REPRESENTATION_CONTEXT('NONE','WORKSPACE'));
#12=STYLED_ITEM('',(#112),#113);
#13=STYLED_ITEM('',(#114),#115);
#14=STYLED_ITEM('',(#116),#117);
#15=STYLED_ITEM('',(#118),#119);
#16=STYLED_ITEM('',(#120),#121);
#17=STYLED_ITEM('',(#122),#123);
#18=STYLED_ITEM('',(#124),#125);
#19=STYLED_ITEM('',(#126),#127);
#20=STYLED_ITEM('',(#128),#129);
#21=STYLED_ITEM('',(#130),#131);
#22=STYLED_ITEM('',(#132),#133);
#23=STYLED_ITEM('',(#134),#135);
#24=STYLED_ITEM('',(#136),#137);
#25=STYLED_ITEM('',(#138),#139);
#26=STYLED_ITEM('',(#140),#141);
#27=STYLED_ITEM('',(#142),#143);
#28=STYLED_ITEM('',(#144),#145);
#29=STYLED_ITEM('',(#146),#147);
#30=STYLED_ITEM('',(#148),#149);
#31=STYLED_ITEM('',(#150),#151);
#32=STYLED_ITEM('',(#152),#153);
#33=STYLED_ITEM('',(#154),#155);
#34=STYLED_ITEM('',(#156),#157);
#35=STYLED_ITEM('',(#158),#159);
#36=STYLED_ITEM('',(#160),#161);
#37=STYLED_ITEM('',(#162),#163);
#38=STYLED_ITEM('',(#164),#165);
#39=STYLED_ITEM('',(#166),#167);
#40=STYLED_ITEM('',(#168),#169);
#41=STYLED_ITEM('',(#170),#171);
#42=STYLED_ITEM('',(#172),#173);
#43=STYLED_ITEM('',(#174),#175);
#44=STYLED_ITEM('',(#176),#177);
#45=STYLED_ITEM('',(#178),#179);
#46=STYLED_ITEM('',(#180),#181);
#47=STYLED_ITEM('',(#182),#183);
#48=STYLED_ITEM('',(#184),#185);
#49=STYLED_ITEM('',(#186),#187);
#50=STYLED_ITEM('',(#188),#189);
#51=STYLED_ITEM('',(#190),#191);
#52=STYLED_ITEM('',(#192),#193);
#53=STYLED_ITEM('',(#194),#195);
#54=STYLED_ITEM('',(#196),#197);
#55=STYLED_ITEM('',(#198),#199);
#56=STYLED_ITEM('',(#200),#201);
#57=STYLED_ITEM('',(#202),#203);
#58=STYLED_ITEM('',(#204),#205);
#59=STYLED_ITEM('',(#206),#207);
#60=STYLED_ITEM('',(#208),#209);
#61=STYLED_ITEM('',(#210),#211);
#62=STYLED_ITEM('',(#212),#213);
#63=STYLED_ITEM('',(#214),#215);
#64=STYLED_ITEM('',(#216),#217);
#65=STYLED_ITEM('',(#218),#219);
#66=STYLED_ITEM('',(#220),#221);
#67=STYLED_ITEM('',(#222),#223);
#68=STYLED_ITEM('',(#224),#225);
#69=STYLED_ITEM('',(#226),#227);
#70=STYLED_ITEM('',(#228),#229);
#71=STYLED_ITEM('',(#230),#231);
#72=STYLED_ITEM('',(#232),#233);
#73=STYLED_ITEM('',(#234),#235);
#74=STYLED_ITEM('',(#236),#237);
#75=STYLED_ITEM('',(#238),#239);
#76=STYLED_ITEM('',(#240),#241);
#77=STYLED_ITEM('',(#242),#243);
#78=STYLED_ITEM('',(#244),#245);
#79=STYLED_ITEM('',(#246),#247);
#80=STYLED_ITEM('',(#248),#249);
#81=STYLED_ITEM('',(#250),#251);
#82=STYLED_ITEM('',(#252),#253);
#83=STYLED_ITEM('',(#254),#255);
#84=STYLED_ITEM('',(#256),#257);
#85=STYLED_ITEM('',(#258),#259);
#86=STYLED_ITEM('',(#260),#261);
#87=STYLED_ITEM('',(#262),#263);
#88=STYLED_ITEM('',(#264),#265);
#89=STYLED_ITEM('',(#266),#267);
#90=STYLED_ITEM('',(#268),#269);
#91=STYLED_ITEM('',(#270),#271);
#92=STYLED_ITEM('',(#272),#273);
#93=STYLED_ITEM('',(#274),#275);
#94=STYLED_ITEM('',(#276),#277);
#95=STYLED_ITEM('',(#278),#279);
#96=STYLED_ITEM('',(#280),#281);
#97=APPLICATION_CONTEXT(' ');
#98=PRODUCT_CATEGORY('part','NONE');
#99=PRODUCT_RELATED_PRODUCT_CATEGORY('detail',' ',(#282));
#100=PRODUCT_DEFINITION_SHAPE('NONE','NONE',#283);
#101=ADVANCED_BREP_SHAPE_REPRESENTATION('Cut-Extrude3',(#221,#284),#8);
#102=ADVANCED_BREP_SHAPE_REPRESENTATION('Boss-Extrude1',(#251,#285),#8);
#103=ADVANCED_BREP_SHAPE_REPRESENTATION('LPattern1',(#281,#286),#8);
#106=UNCERTAINTY_MEASURE_WITH_UNIT(LENGTH_MEASURE(3.93700787401575E-008),#108,'','');
#108= (CONVERSION_BASED_UNIT('INCH',#289)LENGTH_UNIT()NAMED_UNIT(#292));
#109= (NAMED_UNIT(#294)PLANE_ANGLE_UNIT()SI_UNIT($,.RADIAN.));
#110= (NAMED_UNIT(#294)SOLID_ANGLE_UNIT()SI_UNIT($,.STERADIAN.));
#112=PRESENTATION_STYLE_ASSIGNMENT((#300));
#113=ADVANCED_FACE('NONE',(#301,#302,#303),#304,.T.);
#114=PRESENTATION_STYLE_ASSIGNMENT((#305));
#115=ADVANCED_FACE('NONE',(#306),#307,.T.);
#116=PRESENTATION_STYLE_ASSIGNMENT((#308));
#117=ADVANCED_FACE('NONE',(#309),#310,.T.);
#118=PRESENTATION_STYLE_ASSIGNMENT((#311));
#119=ADVANCED_FACE('NONE',(#312),#313,.T.);
#120=PRESENTATION_STYLE_ASSIGNMENT((#314));
#121=ADVANCED_FACE('NONE',(#315),#316,.T.);
#122=PRESENTATION_STYLE_ASSIGNMENT((#317));
#123=ADVANCED_FACE('NONE',(#318),#319,.T.);
#124=PRESENTATION_STYLE_ASSIGNMENT((#320));
#125=ADVANCED_FACE('NONE',(#321),#322,.T.);
#126=PRESENTATION_STYLE_ASSIGNMENT((#323));
#127=ADVANCED_FACE('NONE',(#324),#325,.T.);
#128=PRESENTATION_STYLE_ASSIGNMENT((#326));
#129=ADVANCED_FACE('NONE',(#327),#328,.T.);
#130=PRESENTATION_STYLE_ASSIGNMENT((#329));
#131=ADVANCED_FACE('NONE',(#330),#331,.T.);
#132=PRESENTATION_STYLE_ASSIGNMENT((#332));
#133=ADVANCED_FACE('NONE',(#333),#334,.T.);
#134=PRESENTATION_STYLE_ASSIGNMENT((#335));
#135=ADVANCED_FACE('NONE',(#336),#337,.T.);
#136=PRESENTATION_STYLE_ASSIGNMENT((#338));
#137=ADVANCED_FACE('NONE',(#339),#340,.T.);
#138=PRESENTATION_STYLE_ASSIGNMENT((#341));
#139=ADVANCED_FACE('NONE',(#342),#343,.F.);
#140=PRESENTATION_STYLE_ASSIGNMENT((#344));
#141=ADVANCED_FACE('NONE',(#345),#346,.T.);
#142=PRESENTATION_STYLE_ASSIGNMENT((#347));
#143=ADVANCED_FACE('NONE',(#348),#349,.T.);
#144=PRESENTATION_STYLE_ASSIGNMENT((#350));
#145=ADVANCED_FACE('NONE',(#351),#352,.T.);
#146=PRESENTATION_STYLE_ASSIGNMENT((#353));
#147=ADVANCED_FACE('NONE',(#354),#355,.T.);
#148=PRESENTATION_STYLE_ASSIGNMENT((#356));
#149=ADVANCED_FACE('NONE',(#357),#358,.F.);
#150=PRESENTATION_STYLE_ASSIGNMENT((#359));
#151=ADVANCED_FACE('NONE',(#360),#361,.F.);
#152=PRESENTATION_STYLE_ASSIGNMENT((#362));
#153=ADVANCED_FACE('NONE',(#363,#364),#365,.T.);
#154=PRESENTATION_STYLE_ASSIGNMENT((#366));
#155=ADVANCED_FACE('NONE',(#367),#368,.F.);
#156=PRESENTATION_STYLE_ASSIGNMENT((#369));
#157=ADVANCED_FACE('NONE',(#370),#371,.F.);
#158=PRESENTATION_STYLE_ASSIGNMENT((#372));
#159=ADVANCED_FACE('NONE',(#373,#374),#375,.T.);
#160=PRESENTATION_STYLE_ASSIGNMENT((#376));
#161=ADVANCED_FACE('NONE',(#377),#378,.F.);
#162=PRESENTATION_STYLE_ASSIGNMENT((#379));
#163=ADVANCED_FACE('NONE',(#380),#381,.F.);
#164=PRESENTATION_STYLE_ASSIGNMENT((#382));
#165=ADVANCED_FACE('NONE',(#383),#384,.T.);
#166=PRESENTATION_STYLE_ASSIGNMENT((#385));
#167=ADVANCED_FACE('NONE',(#386),#387,.F.);
#168=PRESENTATION_STYLE_ASSIGNMENT((#388));
#169=ADVANCED_FACE('NONE',(#389),#390,.F.);
#170=PRESENTATION_STYLE_ASSIGNMENT((#391));
#171=ADVANCED_FACE('NONE',(#392),#393,.F.);
#172=PRESENTATION_STYLE_ASSIGNMENT((#394));
#173=ADVANCED_FACE('NONE',(#395),#396,.T.);
#174=PRESENTATION_STYLE_ASSIGNMENT((#397));
#175=ADVANCED_FACE('NONE',(#398),#399,.F.);
#176=PRESENTATION_STYLE_ASSIGNMENT((#400));
#177=ADVANCED_FACE('NONE',(#401),#402,.F.);
#178=PRESENTATION_STYLE_ASSIGNMENT((#403));
#179=ADVANCED_FACE('NONE',(#404),#405,.F.);
#180=PRESENTATION_STYLE_ASSIGNMENT((#406));
#181=ADVANCED_FACE('NONE',(#407),#408,.F.);
#182=PRESENTATION_STYLE_ASSIGNMENT((#409));
#183=ADVANCED_FACE('NONE',(#410),#411,.T.);
#184=PRESENTATION_STYLE_ASSIGNMENT((#412));
#185=ADVANCED_FACE('NONE',(#413),#414,.T.);
#186=PRESENTATION_STYLE_ASSIGNMENT((#415));
#187=ADVANCED_FACE('NONE',(#416),#417,.F.);
#188=PRESENTATION_STYLE_ASSIGNMENT((#418));
#189=ADVANCED_FACE('NONE',(#419),#420,.F.);
#190=PRESENTATION_STYLE_ASSIGNMENT((#421));
#191=ADVANCED_FACE('NONE',(#422),#423,.T.);
#192=PRESENTATION_STYLE_ASSIGNMENT((#424));
#193=ADVANCED_FACE('NONE',(#425),#426,.F.);
#194=PRESENTATION_STYLE_ASSIGNMENT((#427));
#195=ADVANCED_FACE('NONE',(#428),#429,.F.);
#196=PRESENTATION_STYLE_ASSIGNMENT((#430));
#197=ADVANCED_FACE('NONE',(#431),#432,.F.);
#198=PRESENTATION_STYLE_ASSIGNMENT((#433));
#199=ADVANCED_FACE('NONE',(#434),#435,.F.);
#200=PRESENTATION_STYLE_ASSIGNMENT((#436));
#201=ADVANCED_FACE('NONE',(#437),#438,.F.);
#202=PRESENTATION_STYLE_ASSIGNMENT((#439));
#203=ADVANCED_FACE('NONE',(#440),#441,.F.);
#204=PRESENTATION_STYLE_ASSIGNMENT((#442));
#205=ADVANCED_FACE('NONE',(#443),#444,.F.);
#206=PRESENTATION_STYLE_ASSIGNMENT((#445));
#207=ADVANCED_FACE('NONE',(#446),#447,.T.);
#208=PRESENTATION_STYLE_ASSIGNMENT((#448));
#209=ADVANCED_FACE('NONE',(#449),#450,.F.);
#210=PRESENTATION_STYLE_ASSIGNMENT((#451));
#211=ADVANCED_FACE('NONE',(#452),#453,.T.);
#212=PRESENTATION_STYLE_ASSIGNMENT((#454));
#213=ADVANCED_FACE('NONE',(#455),#456,.F.);
#214=PRESENTATION_STYLE_ASSIGNMENT((#457));
#215=ADVANCED_FACE('NONE',(#458),#459,.F.);
#216=PRESENTATION_STYLE_ASSIGNMENT((#460));
#217=ADVANCED_FACE('NONE',(#461),#462,.F.);
#218=PRESENTATION_STYLE_ASSIGNMENT((#463));
#219=ADVANCED_FACE('NONE',(#464),#465,.F.);
#220=PRESENTATION_STYLE_ASSIGNMENT((#466));
#221=MANIFOLD_SOLID_BREP('Cut-Extrude3',#467);
#222=PRESENTATION_STYLE_ASSIGNMENT((#468));
#223=ADVANCED_FACE('NONE',(#469),#470,.T.);
#224=PRESENTATION_STYLE_ASSIGNMENT((#471));
#225=ADVANCED_FACE('NONE',(#472),#473,.T.);
#226=PRESENTATION_STYLE_ASSIGNMENT((#474));
#227=ADVANCED_FACE('NONE',(#475),#476,.T.);
#228=PRESENTATION_STYLE_ASSIGNMENT((#477));
#229=ADVANCED_FACE('NONE',(#478),#479,.T.);
#230=PRESENTATION_STYLE_ASSIGNMENT((#480));
#231=ADVANCED_FACE('NONE',(#481),#482,.T.);
#232=PRESENTATION_STYLE_ASSIGNMENT((#483));
#233=ADVANCED_FACE('NONE',(#484),#485,.T.);
#234=PRESENTATION_STYLE_ASSIGNMENT((#486));
#235=ADVANCED_FACE('NONE',(#487),#488,.T.);
#236=PRESENTATION_STYLE_ASSIGNMENT((#489));
#237=ADVANCED_FACE('NONE',(#490),#491,.F.);
#238=PRESENTATION_STYLE_ASSIGNMENT((#492));
#239=ADVANCED_FACE('NONE',(#493),#494,.T.);
#240=PRESENTATION_STYLE_ASSIGNMENT((#495));
#241=ADVANCED_FACE('NONE',(#496),#497,.F.);
#242=PRESENTATION_STYLE_ASSIGNMENT((#498));
#243=ADVANCED_FACE('NONE',(#499),#500,.T.);
#244=PRESENTATION_STYLE_ASSIGNMENT((#501));
#245=ADVANCED_FACE('NONE',(#502),#503,.T.);
#246=PRESENTATION_STYLE_ASSIGNMENT((#504));
#247=ADVANCED_FACE('NONE',(#505),#506,.T.);
#248=PRESENTATION_STYLE_ASSIGNMENT((#507));
#249=ADVANCED_FACE('NONE',(#508),#509,.T.);
#250=PRESENTATION_STYLE_ASSIGNMENT((#510));
#251=MANIFOLD_SOLID_BREP('Boss-Extrude1',#511);
#252=PRESENTATION_STYLE_ASSIGNMENT((#512));
#253=ADVANCED_FACE('NONE',(#513),#514,.T.);
#254=PRESENTATION_STYLE_ASSIGNMENT((#515));
#255=ADVANCED_FACE('NONE',(#516),#517,.T.);
#256=PRESENTATION_STYLE_ASSIGNMENT((#518));
#257=ADVANCED_FACE('NONE',(#519),#520,.T.);
#258=PRESENTATION_STYLE_ASSIGNMENT((#521));
#259=ADVANCED_FACE('NONE',(#522),#523,.T.);
#260=PRESENTATION_STYLE_ASSIGNMENT((#524));
#261=ADVANCED_FACE('NONE',(#525),#526,.T.);
#262=PRESENTATION_STYLE_ASSIGNMENT((#527));
#263=ADVANCED_FACE('NONE',(#528),#529,.T.);
#264=PRESENTATION_STYLE_ASSIGNMENT((#530));
#265=ADVANCED_FACE('NONE',(#531),#532,.T.);
#266=PRESENTATION_STYLE_ASSIGNMENT((#533));
#267=ADVANCED_FACE('NONE',(#534),#535,.F.);
#268=PRESENTATION_STYLE_ASSIGNMENT((#536));
#269=ADVANCED_FACE('NONE',(#537),#538,.T.);
#270=PRESENTATION_STYLE_ASSIGNMENT((#539));
#271=ADVANCED_FACE('NONE',(#540),#541,.F.);
#272=PRESENTATION_STYLE_ASSIGNMENT((#542));
#273=ADVANCED_FACE('NONE',(#543),#544,.T.);
#274=PRESENTATION_STYLE_ASSIGNMENT((#545));
#275=ADVANCED_FACE('NONE',(#546),#547,.T.);
#276=PRESENTATION_STYLE_ASSIGNMENT((#548));
#277=ADVANCED_FACE('NONE',(#549),#550,.T.);
#278=PRESENTATION_STYLE_ASSIGNMENT((#551));
#279=ADVANCED_FACE('NONE',(#552),#553,.T.);
#280=PRESENTATION_STYLE_ASSIGNMENT((#554));
#281=MANIFOLD_SOLID_BREP('LPattern1',#555);
#282=PRODUCT('Cut-Extrude3','','PART--DESC',(#556));
#283=PRODUCT_DEFINITION('','NONE',#557,#2);
#284=AXIS2_PLACEMENT_3D('',#558,#559,#560);
#285=AXIS2_PLACEMENT_3D('',#561,#562,#563);
#286=AXIS2_PLACEMENT_3D('',#564,#565,#566);
#289=LENGTH_MEASURE_WITH_UNIT(LENGTH_MEASURE(25.4),#567);
#292=DIMENSIONAL_EXPONENTS(1.0,0.0,0.0,0.0,0.0,0.0,0.0);
#294=DIMENSIONAL_EXPONENTS(0.0,0.0,0.0,0.0,0.0,0.0,0.0);
#300=SURFACE_STYLE_USAGE(.BOTH.,#568);
#301=FACE_OUTER_BOUND('',#569,.T.);
#302=FACE_BOUND('',#570,.T.);
#303=FACE_BOUND('',#571,.T.);
#304=PLANE('',#572);
#305=SURFACE_STYLE_USAGE(.BOTH.,#573);
#306=FACE_OUTER_BOUND('',#574,.T.);
#307=PLANE('',#575);
#308=SURFACE_STYLE_USAGE(.BOTH.,#576);
#309=FACE_OUTER_BOUND('',#577,.T.);
#310=PLANE('',#578);
#311=SURFACE_STYLE_USAGE(.BOTH.,#579);
#312=FACE_OUTER_BOUND('',#580,.T.);
#313=PLANE('',#581);
#314=SURFACE_STYLE_USAGE(.BOTH.,#582);
#315=FACE_OUTER_BOUND('',#583,.T.);
#316=PLANE('',#584);
#317=SURFACE_STYLE_USAGE(.BOTH.,#585);
#318=FACE_OUTER_BOUND('',#586,.T.);
#319=PLANE('',#587);
#320=SURFACE_STYLE_USAGE(.BOTH.,#588);
#321=FACE_OUTER_BOUND('',#589,.T.);
#322=PLANE('',#590);
#323=SURFACE_STYLE_USAGE(.BOTH.,#591);
#324=FACE_OUTER_BOUND('',#592,.T.);
#325=PLANE('',#593);
#326=SURFACE_STYLE_USAGE(.BOTH.,#594);
#327=FACE_OUTER_BOUND('',#595,.T.);
#328=PLANE('',#596);
#329=SURFACE_STYLE_USAGE(.BOTH.,#597);
#330=FACE_OUTER_BOUND('',#598,.T.);
#331=PLANE('',#599);
#332=SURFACE_STYLE_USAGE(.BOTH.,#600);
#333=FACE_OUTER_BOUND('',#601,.T.);
#334=PLANE('',#602);
#335=SURFACE_STYLE_USAGE(.BOTH.,#603);
#336=FACE_OUTER_BOUND('',#604,.T.);
#337=PLANE('',#605);
#338=SURFACE_STYLE_USAGE(.BOTH.,#606);
#339=FACE_OUTER_BOUND('',#607,.T.);
#340=PLANE('',#608);
#341=SURFACE_STYLE_USAGE(.BOTH.,#609);
#342=FACE_OUTER_BOUND('',#610,.T.);
#343=PLANE('',#611);
#344=SURFACE_STYLE_USAGE(.BOTH.,#612);
#345=FACE_OUTER_BOUND('',#613,.T.);
#346=PLANE('',#614);
#347=SURFACE_STYLE_USAGE(.BOTH.,#615);
#348=FACE_OUTER_BOUND('',#616,.T.);
#349=PLANE('',#617);
#350=SURFACE_STYLE_USAGE(.BOTH.,#618);
#351=FACE_OUTER_BOUND('',#619,.T.);
#352=PLANE('',#620);
#353=SURFACE_STYLE_USAGE(.BOTH.,#621);
#354=FACE_OUTER_BOUND('',#622,.T.);
#355=PLANE('',#623);
#356=SURFACE_STYLE_USAGE(.BOTH.,#624);
#357=FACE_OUTER_BOUND('',#625,.T.);
#358=PLANE('',#626);
#359=SURFACE_STYLE_USAGE(.BOTH.,#627);
#360=FACE_OUTER_BOUND('',#628,.T.);
#361=PLANE('',#629);
#362=SURFACE_STYLE_USAGE(.BOTH.,#630);
#363=FACE_OUTER_BOUND('',#631,.T.);
#364=FACE_BOUND('',#632,.T.);
#365=PLANE('',#633);
#366=SURFACE_STYLE_USAGE(.BOTH.,#634);
#367=FACE_OUTER_BOUND('',#635,.T.);
#368=PLANE('',#636);
#369=SURFACE_STYLE_USAGE(.BOTH.,#637);
#370=FACE_OUTER_BOUND('',#638,.T.);
#371=PLANE('',#639);
#372=SURFACE_STYLE_USAGE(.BOTH.,#640);
#373=FACE_OUTER_BOUND('',#641,.T.);
#374=FACE_BOUND('',#642,.T.);
#375=PLANE('',#643);
#376=SURFACE_STYLE_USAGE(.BOTH.,#644);
#377=FACE_OUTER_BOUND('',#645,.T.);
#378=PLANE('',#646);
#379=SURFACE_STYLE_USAGE(.BOTH.,#647);
#380=FACE_OUTER_BOUND('',#648,.T.);
#381=PLANE('',#649);
#382=SURFACE_STYLE_USAGE(.BOTH.,#650);
#383=FACE_OUTER_BOUND('',#651,.T.);
#384=PLANE('',#652);
#385=SURFACE_STYLE_USAGE(.BOTH.,#653);
#386=FACE_OUTER_BOUND('',#654,.T.);
#387=PLANE('',#655);
#388=SURFACE_STYLE_USAGE(.BOTH.,#656);
#389=FACE_OUTER_BOUND('',#657,.T.);
#390=PLANE('',#658);
#391=SURFACE_STYLE_USAGE(.BOTH.,#659);
#392=FACE_OUTER_BOUND('',#660,.T.);
#393=PLANE('',#661);
#394=SURFACE_STYLE_USAGE(.BOTH.,#662);
#395=FACE_OUTER_BOUND('',#663,.T.);
#396=PLANE('',#664);
#397=SURFACE_STYLE_USAGE(.BOTH.,#665);
#398=FACE_OUTER_BOUND('',#666,.T.);
#399=PLANE('',#667);
#400=SURFACE_STYLE_USAGE(.BOTH.,#668);
#401=FACE_OUTER_BOUND('',#669,.T.);
#402=PLANE('',#670);
#403=SURFACE_STYLE_USAGE(.BOTH.,#671);
#404=FACE_OUTER_BOUND('',#672,.T.);
#405=PLANE('',#673);
#406=SURFACE_STYLE_USAGE(.BOTH.,#674);
#407=FACE_OUTER_BOUND('',#675,.T.);
#408=PLANE('',#676);
#409=SURFACE_STYLE_USAGE(.BOTH.,#677);
#410=FACE_OUTER_BOUND('',#678,.T.);
#411=PLANE('',#679);
#412=SURFACE_STYLE_USAGE(.BOTH.,#680);
#413=FACE_OUTER_BOUND('',#681,.T.);
#414=PLANE('',#682);
#415=SURFACE_STYLE_USAGE(.BOTH.,#683);
#416=FACE_OUTER_BOUND('',#684,.T.);
#417=PLANE('',#685);
#418=SURFACE_STYLE_USAGE(.BOTH.,#686);
#419=FACE_OUTER_BOUND('',#687,.T.);
#420=PLANE('',#688);
#421=SURFACE_STYLE_USAGE(.BOTH.,#689);
#422=FACE_OUTER_BOUND('',#690,.T.);
#423=PLANE('',#691);
#424=SURFACE_STYLE_USAGE(.BOTH.,#692);
#425=FACE_OUTER_BOUND('',#693,.T.);
#426=PLANE('',#694);
#427=SURFACE_STYLE_USAGE(.BOTH.,#695);
#428=FACE_OUTER_BOUND('',#696,.T.);
#429=PLANE('',#697);
#430=SURFACE_STYLE_USAGE(.BOTH.,#698);
#431=FACE_OUTER_BOUND('',#699,.T.);
#432=PLANE('',#700);
#433=SURFACE_STYLE_USAGE(.BOTH.,#701);
#434=FACE_OUTER_BOUND('',#702,.T.);
#435=PLANE('',#703);
#436=SURFACE_STYLE_USAGE(.BOTH.,#704);
#437=FACE_OUTER_BOUND('',#705,.T.);
#438=PLANE('',#706);
#439=SURFACE_STYLE_USAGE(.BOTH.,#707);
#440=FACE_OUTER_BOUND('',#708,.T.);
#441=PLANE('',#709);
#442=SURFACE_STYLE_USAGE(.BOTH.,#710);
#443=FACE_OUTER_BOUND('',#711,.T.);
#444=PLANE('',#712);
#445=SURFACE_STYLE_USAGE(.BOTH.,#713);
#446=FACE_OUTER_BOUND('',#714,.T.);
#447=PLANE('',#715);
#448=SURFACE_STYLE_USAGE(.BOTH.,#716);
#449=FACE_OUTER_BOUND('',#717,.T.);
#450=PLANE('',#718);
#451=SURFACE_STYLE_USAGE(.BOTH.,#719);
#452=FACE_OUTER_BOUND('',#720,.T.);
#453=PLANE('',#721);
#454=SURFACE_STYLE_USAGE(.BOTH.,#722);
#455=FACE_OUTER_BOUND('',#723,.T.);
#456=PLANE('',#724);
#457=SURFACE_STYLE_USAGE(.BOTH.,#725);
#458=FACE_OUTER_BOUND('',#726,.T.);
#459=PLANE('',#727);
#460=SURFACE_STYLE_USAGE(.BOTH.,#728);
#461=FACE_OUTER_BOUND('',#729,.T.);
#462=PLANE('',#730);
#463=SURFACE_STYLE_USAGE(.BOTH.,#731);
#464=FACE_OUTER_BOUND('',#732,.T.);
#465=PLANE('',#733);
#466=SURFACE_STYLE_USAGE(.BOTH.,#734);
#467=CLOSED_SHELL('',(#113,#115,#117,#119,#121,#123,#125,#127,#129,#131,#133,#135,#137,#139,#141,#143,#145,#147,#149,#151,#153,#155,#157,#159,#161,#163,#165,#167,#169,#171,#173,#175,#177,#179,#181,#183,#185,#187,#189,#191,#193,#195,#197,#199,#201,#203,#205,#207,#209,#211,#213,#215,#217,#219));
#468=SURFACE_STYLE_USAGE(.BOTH.,#735);
#469=FACE_OUTER_BOUND('',#736,.T.);
#470=PLANE('',#737);
#471=SURFACE_STYLE_USAGE(.BOTH.,#738);
#472=FACE_OUTER_BOUND('',#739,.T.);
#473=PLANE('',#740);
#474=SURFACE_STYLE_USAGE(.BOTH.,#741);
#475=FACE_OUTER_BOUND('',#742,.T.);
#476=PLANE('',#743);
#477=SURFACE_STYLE_USAGE(.BOTH.,#744);
#478=FACE_OUTER_BOUND('',#745,.T.);
#479=PLANE('',#746);
#480=SURFACE_STYLE_USAGE(.BOTH.,#747);
#481=FACE_OUTER_BOUND('',#748,.T.);
#482=PLANE('',#749);
#483=SURFACE_STYLE_USAGE(.BOTH.,#750);
#484=FACE_OUTER_BOUND('',#751,.T.);
#485=PLANE('',#752);
#486=SURFACE_STYLE_USAGE(.BOTH.,#753);
#487=FACE_OUTER_BOUND('',#754,.T.);
#488=PLANE('',#755);
#489=SURFACE_STYLE_USAGE(.BOTH.,#756);
#490=FACE_OUTER_BOUND('',#757,.T.);
#491=PLANE('',#758);
#492=SURFACE_STYLE_USAGE(.BOTH.,#759);
#493=FACE_OUTER_BOUND('',#760,.T.);
#494=PLANE('',#761);
#495=SURFACE_STYLE_USAGE(.BOTH.,#762);
#496=FACE_OUTER_BOUND('',#763,.T.);
#497=PLANE('',#764);
#498=SURFACE_STYLE_USAGE(.BOTH.,#765);
#499=FACE_OUTER_BOUND('',#766,.T.);
#500=PLANE('',#767);
#501=SURFACE_STYLE_USAGE(.BOTH.,#768);
#502=FACE_OUTER_BOUND('',#769,.T.);
#503=PLANE('',#770);
#504=SURFACE_STYLE_USAGE(.BOTH.,#771);
#505=FACE_OUTER_BOUND('',#772,.T.);
#506=PLANE('',#773);
#507=SURFACE_STYLE_USAGE(.BOTH.,#774);
#508=FACE_OUTER_BOUND('',#775,.T.);
#509=PLANE('',#776);
#510=SURFACE_STYLE_USAGE(.BOTH.,#777);
#511=CLOSED_SHELL('',(#223,#225,#227,#229,#231,#233,#235,#237,#239,#241,#243,#245,#247,#249));
#512=SURFACE_STYLE_USAGE(.BOTH.,#778);
#513=FACE_OUTER_BOUND('',#779,.T.);
#514=PLANE('',#780);
#515=SURFACE_STYLE_USAGE(.BOTH.,#781);
#516=FACE_OUTER_BOUND('',#782,.T.);
#517=PLANE('',#783);
#518=SURFACE_STYLE_USAGE(.BOTH.,#784);
#519=FACE_OUTER_BOUND('',#785,.T.);
#520=PLANE('',#786);
#521=SURFACE_STYLE_USAGE(.BOTH.,#787);
#522=FACE_OUTER_BOUND('',#788,.T.);
#523=PLANE('',#789);
#524=SURFACE_STYLE_USAGE(.BOTH.,#790);
#525=FACE_OUTER_BOUND('',#791,.T.);
#526=PLANE('',#792);
#527=SURFACE_STYLE_USAGE(.BOTH.,#793);
#528=FACE_OUTER_BOUND('',#794,.T.);
#529=PLANE('',#795);
#530=SURFACE_STYLE_USAGE(.BOTH.,#796);
#531=FACE_OUTER_BOUND('',#797,.T.);
#532=PLANE('',#798);
#533=SURFACE_STYLE_USAGE(.BOTH.,#799);
#534=FACE_OUTER_BOUND('',#800,.T.);
#535=PLANE('',#801);
#536=SURFACE_STYLE_USAGE(.BOTH.,#802);
#537=FACE_OUTER_BOUND('',#803,.T.);
#538=PLANE('',#804);
#539=SURFACE_STYLE_USAGE(.BOTH.,#805);
#540=FACE_OUTER_BOUND('',#806,.T.);
#541=PLANE('',#807);
#542=SURFACE_STYLE_USAGE(.BOTH.,#808);
#543=FACE_OUTER_BOUND('',#809,.T.);
#544=PLANE('',#810);
#545=SURFACE_STYLE_USAGE(.BOTH.,#811);
#546=FACE_OUTER_BOUND('',#812,.T.);
#547=PLANE('',#813);
#548=SURFACE_STYLE_USAGE(.BOTH.,#814);
#549=FACE_OUTER_BOUND('',#815,.T.);
#550=PLANE('',#816);
#551=SURFACE_STYLE_USAGE(.BOTH.,#817);
#552=FACE_OUTER_BOUND('',#818,.T.);
#553=PLANE('',#819);
#554=SURFACE_STYLE_USAGE(.BOTH.,#820);
#555=CLOSED_SHELL('',(#253,#255,#257,#259,#261,#263,#265,#267,#269,#271,#273,#275,#277,#279));
#556=PRODUCT_CONTEXT('',#97,'mechanical');
#557=PRODUCT_DEFINITION_FORMATION_WITH_SPECIFIED_SOURCE(' ','NONE',#282,.NOT_KNOWN.);
#558=CARTESIAN_POINT('',(0.0,0.0,0.0));
#559=DIRECTION('',(0.0,0.0,1.0));
#560=DIRECTION('',(1.0,0.0,0.0));
#561=CARTESIAN_POINT('',(0.0,0.0,0.0));
#562=DIRECTION('',(0.0,0.0,1.0));
#563=DIRECTION('',(1.0,0.0,0.0));
#564=CARTESIAN_POINT('',(0.0,0.0,0.0));
#565=DIRECTION('',(0.0,0.0,1.0));
#566=DIRECTION('',(1.0,0.0,0.0));
#567= (NAMED_UNIT(#292)LENGTH_UNIT()SI_UNIT(.MILLI.,.METRE.));
#568=SURFACE_SIDE_STYLE('',(#822));
#569=EDGE_LOOP('',(#823,#824,#825,#826,#827,#828,#829,#830,#831,#832,#833,#834));
#570=EDGE_LOOP('',(#835,#836,#837,#838));
#571=EDGE_LOOP('',(#839,#840,#841,#842));
#572=AXIS2_PLACEMENT_3D('',#843,#844,#845);
#573=SURFACE_SIDE_STYLE('',(#846));
#574=EDGE_LOOP('',(#847,#848,#849,#850));
#575=AXIS2_PLACEMENT_3D('',#851,#852,#853);
#576=SURFACE_SIDE_STYLE('',(#854));
#577=EDGE_LOOP('',(#855,#856,#857,#858));
#578=AXIS2_PLACEMENT_3D('',#859,#860,#861);
#579=SURFACE_SIDE_STYLE('',(#862));
#580=EDGE_LOOP('',(#863,#864,#865,#866));
#581=AXIS2_PLACEMENT_3D('',#867,#868,#869);
#582=SURFACE_SIDE_STYLE('',(#870));
#583=EDGE_LOOP('',(#871,#872,#873,#874));
#584=AXIS2_PLACEMENT_3D('',#875,#876,#877);
#585=SURFACE_SIDE_STYLE('',(#878));
#586=EDGE_LOOP('',(#879,#880,#881,#882));
#587=AXIS2_PLACEMENT_3D('',#883,#884,#885);
#588=SURFACE_SIDE_STYLE('',(#886));
#589=EDGE_LOOP('',(#887,#888,#889,#890));
#590=AXIS2_PLACEMENT_3D('',#891,#892,#893);
#591=SURFACE_SIDE_STYLE('',(#894));
#592=EDGE_LOOP('',(#895,#896,#897,#898));
#593=AXIS2_PLACEMENT_3D('',#899,#900,#901);
#594=SURFACE_SIDE_STYLE('',(#902));
#595=EDGE_LOOP('',(#903,#904,#905,#906));
#596=AXIS2_PLACEMENT_3D('',#907,#908,#909);
#597=SURFACE_SIDE_STYLE('',(#910));
#598=EDGE_LOOP('',(#911,#912,#913,#914));
#599=AXIS2_PLACEMENT_3D('',#915,#916,#917);
#600=SURFACE_SIDE_STYLE('',(#918));
#601=EDGE_LOOP('',(#919,#920,#921,#922));
#602=AXIS2_PLACEMENT_3D('',#923,#924,#925);
#603=SURFACE_SIDE_STYLE('',(#926));
#604=EDGE_LOOP('',(#927,#928,#929,#930));
#605=AXIS2_PLACEMENT_3D('',#931,#932,#933);
#606=SURFACE_SIDE_STYLE('',(#934));
#607=EDGE_LOOP('',(#935,#936,#937,#938));
#608=AXIS2_PLACEMENT_3D('',#939,#940,#941);
#609=SURFACE_SIDE_STYLE('',(#942));
#610=EDGE_LOOP('',(#943,#944,#945,#946));
#611=AXIS2_PLACEMENT_3D('',#947,#948,#949);
#612=SURFACE_SIDE_STYLE('',(#950));
#613=EDGE_LOOP('',(#951,#952,#953,#954));
#614=AXIS2_PLACEMENT_3D('',#955,#956,#957);
#615=SURFACE_SIDE_STYLE('',(#958));
#616=EDGE_LOOP('',(#959,#960,#961,#962));
#617=AXIS2_PLACEMENT_3D('',#963,#964,#965);
#618=SURFACE_SIDE_STYLE('',(#966));
#619=EDGE_LOOP('',(#967,#968,#969,#970));
#620=AXIS2_PLACEMENT_3D('',#971,#972,#973);
#621=SURFACE_SIDE_STYLE('',(#974));
#622=EDGE_LOOP('',(#975,#976,#977,#978));
#623=AXIS2_PLACEMENT_3D('',#979,#980,#981);
#624=SURFACE_SIDE_STYLE('',(#982));
#625=EDGE_LOOP('',(#983,#984,#985,#986));
#626=AXIS2_PLACEMENT_3D('',#987,#988,#989);
#627=SURFACE_SIDE_STYLE('',(#990));
#628=EDGE_LOOP('',(#991,#992,#993,#994));
#629=AXIS2_PLACEMENT_3D('',#995,#996,#997);
#630=SURFACE_SIDE_STYLE('',(#998));
#631=EDGE_LOOP('',(#999,#1000,#1001,#1002,#1003,#1004,#1005,#1006));
#632=EDGE_LOOP('',(#1007,#1008,#1009,#1010));
#633=AXIS2_PLACEMENT_3D('',#1011,#1012,#1013);
#634=SURFACE_SIDE_STYLE('',(#1014));
#635=EDGE_LOOP('',(#1015,#1016,#1017,#1018));
#636=AXIS2_PLACEMENT_3D('',#1019,#1020,#1021);
#637=SURFACE_SIDE_STYLE('',(#1022));
#638=EDGE_LOOP('',(#1023,#1024,#1025,#1026));
#639=AXIS2_PLACEMENT_3D('',#1027,#1028,#1029);
#640=SURFACE_SIDE_STYLE('',(#1030));
#641=EDGE_LOOP('',(#1031,#1032,#1033,#1034,#1035,#1036,#1037,#1038));
#642=EDGE_LOOP('',(#1039,#1040,#1041,#1042));
#643=AXIS2_PLACEMENT_3D('',#1043,#1044,#1045);
#644=SURFACE_SIDE_STYLE('',(#1046));
#645=EDGE_LOOP('',(#1047,#1048,#1049,#1050));
#646=AXIS2_PLACEMENT_3D('',#1051,#1052,#1053);
#647=SURFACE_SIDE_STYLE('',(#1054));
#648=EDGE_LOOP('',(#1055,#1056,#1057,#1058));
#649=AXIS2_PLACEMENT_3D('',#1059,#1060,#1061);
#650=SURFACE_SIDE_STYLE('',(#1062));
#651=EDGE_LOOP('',(#1063,#1064,#1065,#1066));
#652=AXIS2_PLACEMENT_3D('',#1067,#1068,#1069);
#653=SURFACE_SIDE_STYLE('',(#1070));
#654=EDGE_LOOP('',(#1071,#1072,#1073,#1074));
#655=AXIS2_PLACEMENT_3D('',#1075,#1076,#1077);
#656=SURFACE_SIDE_STYLE('',(#1078));
#657=EDGE_LOOP('',(#1079,#1080,#1081,#1082));
#658=AXIS2_PLACEMENT_3D('',#1083,#1084,#1085);
#659=SURFACE_SIDE_STYLE('',(#1086));
#660=EDGE_LOOP('',(#1087,#1088,#1089,#1090));
#661=AXIS2_PLACEMENT_3D('',#1091,#1092,#1093);
#662=SURFACE_SIDE_STYLE('',(#1094));
#663=EDGE_LOOP('',(#1095,#1096,#1097,#1098));
#664=AXIS2_PLACEMENT_3D('',#1099,#1100,#1101);
#665=SURFACE_SIDE_STYLE('',(#1102));
#666=EDGE_LOOP('',(#1103,#1104,#1105,#1106));
#667=AXIS2_PLACEMENT_3D('',#1107,#1108,#1109);
#668=SURFACE_SIDE_STYLE('',(#1110));
#669=EDGE_LOOP('',(#1111,#1112,#1113,#1114));
#670=AXIS2_PLACEMENT_3D('',#1115,#1116,#1117);
#671=SURFACE_SIDE_STYLE('',(#1118));
#672=EDGE_LOOP('',(#1119,#1120,#1121,#1122,#1123,#1124));
#673=AXIS2_PLACEMENT_3D('',#1125,#1126,#1127);
#674=SURFACE_SIDE_STYLE('',(#1128));
#675=EDGE_LOOP('',(#1129,#1130,#1131,#1132,#1133,#1134));
#676=AXIS2_PLACEMENT_3D('',#1135,#1136,#1137);
#677=SURFACE_SIDE_STYLE('',(#1138));
#678=EDGE_LOOP('',(#1139,#1140,#1141,#1142));
#679=AXIS2_PLACEMENT_3D('',#1143,#1144,#1145);
#680=SURFACE_SIDE_STYLE('',(#1146));
#681=EDGE_LOOP('',(#1147,#1148,#1149,#1150));
#682=AXIS2_PLACEMENT_3D('',#1151,#1152,#1153);
#683=SURFACE_SIDE_STYLE('',(#1154));
#684=EDGE_LOOP('',(#1155,#1156,#1157,#1158,#1159,#1160));
#685=AXIS2_PLACEMENT_3D('',#1161,#1162,#1163);
#686=SURFACE_SIDE_STYLE('',(#1164));
#687=EDGE_LOOP('',(#1165,#1166,#1167,#1168,#1169,#1170));
#688=AXIS2_PLACEMENT_3D('',#1171,#1172,#1173);
#689=SURFACE_SIDE_STYLE('',(#1174));
#690=EDGE_LOOP('',(#1175,#1176,#1177,#1178));
#691=AXIS2_PLACEMENT_3D('',#1179,#1180,#1181);
#692=SURFACE_SIDE_STYLE('',(#1182));
#693=EDGE_LOOP('',(#1183,#1184,#1185,#1186));
#694=AXIS2_PLACEMENT_3D('',#1187,#1188,#1189);
#695=SURFACE_SIDE_STYLE('',(#1190));
#696=EDGE_LOOP('',(#1191,#1192,#1193,#1194));
#697=AXIS2_PLACEMENT_3D('',#1195,#1196,#1197);
#698=SURFACE_SIDE_STYLE('',(#1198));
#699=EDGE_LOOP('',(#1199,#1200,#1201,#1202));
#700=AXIS2_PLACEMENT_3D('',#1203,#1204,#1205);
#701=SURFACE_SIDE_STYLE('',(#1206));
#702=EDGE_LOOP('',(#1207,#1208,#1209,#1210));
#703=AXIS2_PLACEMENT_3D('',#1211,#1212,#1213);
#704=SURFACE_SIDE_STYLE('',(#1214));
#705=EDGE_LOOP('',(#1215,#1216,#1217,#1218,#1219,#1220));
#706=AXIS2_PLACEMENT_3D('',#1221,#1222,#1223);
#707=SURFACE_SIDE_STYLE('',(#1224));
#708=EDGE_LOOP('',(#1225,#1226,#1227,#1228));
#709=AXIS2_PLACEMENT_3D('',#1229,#1230,#1231);
#710=SURFACE_SIDE_STYLE('',(#1232));
#711=EDGE_LOOP('',(#1233,#1234,#1235,#1236,#1237,#1238));
#712=AXIS2_PLACEMENT_3D('',#1239,#1240,#1241);
#713=SURFACE_SIDE_STYLE('',(#1242));
#714=EDGE_LOOP('',(#1243,#1244,#1245,#1246));
#715=AXIS2_PLACEMENT_3D('',#1247,#1248,#1249);
#716=SURFACE_SIDE_STYLE('',(#1250));
#717=EDGE_LOOP('',(#1251,#1252,#1253,#1254));
#718=AXIS2_PLACEMENT_3D('',#1255,#1256,#1257);
#719=SURFACE_SIDE_STYLE('',(#1258));
#720=EDGE_LOOP('',(#1259,#1260,#1261,#1262));
#721=AXIS2_PLACEMENT_3D('',#1263,#1264,#1265);
#722=SURFACE_SIDE_STYLE('',(#1266));
#723=EDGE_LOOP('',(#1267,#1268,#1269,#1270,#1271,#1272));
#724=AXIS2_PLACEMENT_3D('',#1273,#1274,#1275);
#725=SURFACE_SIDE_STYLE('',(#1276));
#726=EDGE_LOOP('',(#1277,#1278,#1279,#1280,#1281,#1282));
#727=AXIS2_PLACEMENT_3D('',#1283,#1284,#1285);
#728=SURFACE_SIDE_STYLE('',(#1286));
#729=EDGE_LOOP('',(#1287,#1288,#1289,#1290));
#730=AXIS2_PLACEMENT_3D('',#1291,#1292,#1293);
#731=SURFACE_SIDE_STYLE('',(#1294));
#732=EDGE_LOOP('',(#1295,#1296,#1297,#1298));
#733=AXIS2_PLACEMENT_3D('',#1299,#1300,#1301);
#734=SURFACE_SIDE_STYLE('',(#1302));
#735=SURFACE_SIDE_STYLE('',(#1303));
#736=EDGE_LOOP('',(#1304,#1305,#1306,#1307));
#737=AXIS2_PLACEMENT_3D('',#1308,#1309,#1310);
#738=SURFACE_SIDE_STYLE('',(#1311));
#739=EDGE_LOOP('',(#1312,#1313,#1314,#1315));
#740=AXIS2_PLACEMENT_3D('',#1316,#1317,#1318);
#741=SURFACE_SIDE_STYLE('',(#1319));
#742=EDGE_LOOP('',(#1320,#1321,#1322,#1323));
#743=AXIS2_PLACEMENT_3D('',#1324,#1325,#1326);
#744=SURFACE_SIDE_STYLE('',(#1327));
#745=EDGE_LOOP('',(#1328,#1329,#1330,#1331));
#746=AXIS2_PLACEMENT_3D('',#1332,#1333,#1334);
#747=SURFACE_SIDE_STYLE('',(#1335));
#748=EDGE_LOOP('',(#1336,#1337,#1338,#1339));
#749=AXIS2_PLACEMENT_3D('',#1340,#1341,#1342);
#750=SURFACE_SIDE_STYLE('',(#1343));
#751=EDGE_LOOP('',(#1344,#1345,#1346,#1347));
#752=AXIS2_PLACEMENT_3D('',#1348,#1349,#1350);
#753=SURFACE_SIDE_STYLE('',(#1351));
#754=EDGE_LOOP('',(#1352,#1353,#1354,#1355));
#755=AXIS2_PLACEMENT_3D('',#1356,#1357,#1358);
#756=SURFACE_SIDE_STYLE('',(#1359));
#757=EDGE_LOOP('',(#1360,#1361,#1362,#1363));
#758=AXIS2_PLACEMENT_3D('',#1364,#1365,#1366);
#759=SURFACE_SIDE_STYLE('',(#1367));
#760=EDGE_LOOP('',(#1368,#1369,#1370,#1371));
#761=AXIS2_PLACEMENT_3D('',#1372,#1373,#1374);
#762=SURFACE_SIDE_STYLE('',(#1375));
#763=EDGE_LOOP('',(#1376,#1377,#1378,#1379));
#764=AXIS2_PLACEMENT_3D('',#1380,#1381,#1382);
#765=SURFACE_SIDE_STYLE('',(#1383));
#766=EDGE_LOOP('',(#1384,#1385,#1386,#1387));
#767=AXIS2_PLACEMENT_3D('',#1388,#1389,#1390);
#768=SURFACE_SIDE_STYLE('',(#1391));
#769=EDGE_LOOP('',(#1392,#1393,#1394,#1395));
#770=AXIS2_PLACEMENT_3D('',#1396,#1397,#1398);
#771=SURFACE_SIDE_STYLE('',(#1399));
#772=EDGE_LOOP('',(#1400,#1401,#1402,#1403));
#773=AXIS2_PLACEMENT_3D('',#1404,#1405,#1406);
#774=SURFACE_SIDE_STYLE('',(#1407));
#775=EDGE_LOOP('',(#1408,#1409,#1410,#1411));
#776=AXIS2_PLACEMENT_3D('',#1412,#1413,#1414);
#777=SURFACE_SIDE_STYLE('',(#1415));
#778=SURFACE_SIDE_STYLE('',(#1416));
#779=EDGE_LOOP('',(#1417,#1418,#1419,#1420));
#780=AXIS2_PLACEMENT_3D('',#1421,#1422,#1423);
#781=SURFACE_SIDE_STYLE('',(#1424));
#782=EDGE_LOOP('',(#1425,#1426,#1427,#1428));
#783=AXIS2_PLACEMENT_3D('',#1429,#1430,#1431);
#784=SURFACE_SIDE_STYLE('',(#1432));
#785=EDGE_LOOP('',(#1433,#1434,#1435,#1436));
#786=AXIS2_PLACEMENT_3D('',#1437,#1438,#1439);
#787=SURFACE_SIDE_STYLE('',(#1440));
#788=EDGE_LOOP('',(#1441,#1442,#1443,#1444));
#789=AXIS2_PLACEMENT_3D('',#1445,#1446,#1447);
#790=SURFACE_SIDE_STYLE('',(#1448));
#791=EDGE_LOOP('',(#1449,#1450,#1451,#1452));
#792=AXIS2_PLACEMENT_3D('',#1453,#1454,#1455);
#793=SURFACE_SIDE_STYLE('',(#1456));
#794=EDGE_LOOP('',(#1457,#1458,#1459,#1460));
#795=AXIS2_PLACEMENT_3D('',#1461,#1462,#1463);
#796=SURFACE_SIDE_STYLE('',(#1464));
#797=EDGE_LOOP('',(#1465,#1466,#1467,#1468));
#798=AXIS2_PLACEMENT_3D('',#1469,#1470,#1471);
#799=SURFACE_SIDE_STYLE('',(#1472));
#800=EDGE_LOOP('',(#1473,#1474,#1475,#1476));
#801=AXIS2_PLACEMENT_3D('',#1477,#1478,#1479);
#802=SURFACE_SIDE_STYLE('',(#1480));
#803=EDGE_LOOP('',(#1481,#1482,#1483,#1484));
#804=AXIS2_PLACEMENT_3D('',#1485,#1486,#1487);
#805=SURFACE_SIDE_STYLE('',(#1488));
#806=EDGE_LOOP('',(#1489,#1490,#1491,#1492));
#807=AXIS2_PLACEMENT_3D('',#1493,#1494,#1495);
#808=SURFACE_SIDE_STYLE('',(#1496));
#809=EDGE_LOOP('',(#1497,#1498,#1499,#1500));
#810=AXIS2_PLACEMENT_3D('',#1501,#1502,#1503);
#811=SURFACE_SIDE_STYLE('',(#1504));
#812=EDGE_LOOP('',(#1505,#1506,#1507,#1508));
#813=AXIS2_PLACEMENT_3D('',#1509,#1510,#1511);
#814=SURFACE_SIDE_STYLE('',(#1512));
#815=EDGE_LOOP('',(#1513,#1514,#1515,#1516));
#816=AXIS2_PLACEMENT_3D('',#1517,#1518,#1519);
#817=SURFACE_SIDE_STYLE('',(#1520));
#818=EDGE_LOOP('',(#1521,#1522,#1523,#1524));
#819=AXIS2_PLACEMENT_3D('',#1525,#1526,#1527);
#820=SURFACE_SIDE_STYLE('',(#1528));
#822=SURFACE_STYLE_FILL_AREA(#1529);
#823=ORIENTED_EDGE('',*,*,#1530,.F.);
#824=ORIENTED_EDGE('',*,*,#1531,.T.);
#825=ORIENTED_EDGE('',*,*,#1532,.T.);
#826=ORIENTED_EDGE('',*,*,#1533,.T.);
#827=ORIENTED_EDGE('',*,*,#1534,.T.);
#828=ORIENTED_EDGE('',*,*,#1535,.T.);
#829=ORIENTED_EDGE('',*,*,#1536,.T.);
#830=ORIENTED_EDGE('',*,*,#1537,.T.);
#831=ORIENTED_EDGE('',*,*,#1538,.T.);
#832=ORIENTED_EDGE('',*,*,#1539,.T.);
#833=ORIENTED_EDGE('',*,*,#1540,.T.);
#834=ORIENTED_EDGE('',*,*,#1541,.T.);
#835=ORIENTED_EDGE('',*,*,#1542,.T.);
#836=ORIENTED_EDGE('',*,*,#1543,.T.);
#837=ORIENTED_EDGE('',*,*,#1544,.T.);
#838=ORIENTED_EDGE('',*,*,#1545,.T.);
#839=ORIENTED_EDGE('',*,*,#1546,.T.);
#840=ORIENTED_EDGE('',*,*,#1547,.T.);
#841=ORIENTED_EDGE('',*,*,#1548,.T.);
#842=ORIENTED_EDGE('',*,*,#1549,.T.);
#843=CARTESIAN_POINT('',(-2.204580177402,0.0,0.0196850393700773));
#844=DIRECTION('',(1.22460635382238E-016,0.0,-1.0));
#845=DIRECTION('',(0.0,-1.0,0.0));
#846=SURFACE_STYLE_FILL_AREA(#1550);
#847=ORIENTED_EDGE('',*,*,#1551,.T.);
#848=ORIENTED_EDGE('',*,*,#1552,.T.);
#849=ORIENTED_EDGE('',*,*,#1553,.T.);
#850=ORIENTED_EDGE('',*,*,#1543,.F.);
#851=CARTESIAN_POINT('',(0.164120609999581,0.0137795275590515,0.023622047244094));
#852=DIRECTION('',(8.6592745707191E-017,0.707106781186568,-0.707106781186527));
#853=DIRECTION('',(-1.0,0.0,-1.22460635382238E-016));
#854=SURFACE_STYLE_FILL_AREA(#1554);
#855=ORIENTED_EDGE('',*,*,#1555,.T.);
#856=ORIENTED_EDGE('',*,*,#1556,.T.);
#857=ORIENTED_EDGE('',*,*,#1551,.F.);
#858=ORIENTED_EDGE('',*,*,#1542,.F.);
#859=CARTESIAN_POINT('',(0.128884389527136,0.0210629921259852,0.023622047244094));
#860=DIRECTION('',(0.707106781186568,0.0,-0.707106781186527));
#861=DIRECTION('',(0.0,-1.0,0.0));
#862=SURFACE_STYLE_FILL_AREA(#1557);
#863=ORIENTED_EDGE('',*,*,#1558,.T.);
#864=ORIENTED_EDGE('',*,*,#1559,.T.);
#865=ORIENTED_EDGE('',*,*,#1555,.F.);
#866=ORIENTED_EDGE('',*,*,#1545,.F.);
#867=CARTESIAN_POINT('',(0.176719035196436,0.0468503937007851,0.023622047244094));
#868=DIRECTION('',(8.6592745707191E-017,-0.707106781186568,-0.707106781186527));
#869=DIRECTION('',(0.0,0.707106781186527,-0.707106781186568));
#870=SURFACE_STYLE_FILL_AREA(#1560);
#871=ORIENTED_EDGE('',*,*,#1558,.F.);
#872=ORIENTED_EDGE('',*,*,#1544,.F.);
#873=ORIENTED_EDGE('',*,*,#1553,.F.);
#874=ORIENTED_EDGE('',*,*,#1561,.T.);
#875=CARTESIAN_POINT('',(0.161955255668868,0.00846456692913064,0.023622047244094));
#876=DIRECTION('',(-0.707106781186568,-2.46519032881566E-032,-0.707106781186527));
#877=DIRECTION('',(-0.707106781186527,0.0,0.707106781186568));
#878=SURFACE_STYLE_FILL_AREA(#1562);
#879=ORIENTED_EDGE('',*,*,#1563,.T.);
#880=ORIENTED_EDGE('',*,*,#1564,.T.);
#881=ORIENTED_EDGE('',*,*,#1540,.F.);
#882=ORIENTED_EDGE('',*,*,#1565,.T.);
#883=CARTESIAN_POINT('',(0.0954198225980082,0.0,-1.43367382707501E-015));
#884=DIRECTION('',(-5.75998535925821E-159,1.0,5.06021013129621E-064));
#885=DIRECTION('',(1.0,-1.27344082266211E-174,1.13828975671071E-095));
#886=SURFACE_STYLE_FILL_AREA(#1566);
#887=ORIENTED_EDGE('',*,*,#1567,.T.);
#888=ORIENTED_EDGE('',*,*,#1568,.T.);
#889=ORIENTED_EDGE('',*,*,#1538,.F.);
#890=ORIENTED_EDGE('',*,*,#1569,.T.);
#891=CARTESIAN_POINT('',(0.195419822598009,0.0,-1.43367382707501E-015));
#892=DIRECTION('',(-5.75998535925821E-159,1.0,5.06021013129621E-064));
#893=DIRECTION('',(1.0,-1.27344082266211E-174,1.13828975671071E-095));
#894=SURFACE_STYLE_FILL_AREA(#1570);
#895=ORIENTED_EDGE('',*,*,#1571,.T.);
#896=ORIENTED_EDGE('',*,*,#1572,.T.);
#897=ORIENTED_EDGE('',*,*,#1534,.F.);
#898=ORIENTED_EDGE('',*,*,#1573,.T.);
#899=CARTESIAN_POINT('',(0.195419822598009,0.0606299212598388,0.0196850393700773));
#900=DIRECTION('',(2.24949108273321E-032,-1.0,0.0));
#901=DIRECTION('',(0.0,0.0,-1.0));
#902=SURFACE_STYLE_FILL_AREA(#1574);
#903=ORIENTED_EDGE('',*,*,#1575,.T.);
#904=ORIENTED_EDGE('',*,*,#1576,.T.);
#905=ORIENTED_EDGE('',*,*,#1532,.F.);
#906=ORIENTED_EDGE('',*,*,#1577,.T.);
#907=CARTESIAN_POINT('',(0.0954198225980082,0.0606299212598388,0.0196850393700773));
#908=DIRECTION('',(2.24949108273321E-032,-1.0,0.0));
#909=DIRECTION('',(0.0,0.0,-1.0));
#910=SURFACE_STYLE_FILL_AREA(#1578);
#911=ORIENTED_EDGE('',*,*,#1579,.T.);
#912=ORIENTED_EDGE('',*,*,#1580,.T.);
#913=ORIENTED_EDGE('',*,*,#1581,.T.);
#914=ORIENTED_EDGE('',*,*,#1547,.F.);
#915=CARTESIAN_POINT('',(0.076719035196428,0.0468503937007851,0.023622047244094));
#916=DIRECTION('',(8.6592745707191E-017,-0.707106781186568,-0.707106781186527));
#917=DIRECTION('',(0.0,0.707106781186527,-0.707106781186568));
#918=SURFACE_STYLE_FILL_AREA(#1582);
#919=ORIENTED_EDGE('',*,*,#1579,.F.);
#920=ORIENTED_EDGE('',*,*,#1546,.F.);
#921=ORIENTED_EDGE('',*,*,#1583,.T.);
#922=ORIENTED_EDGE('',*,*,#1584,.T.);
#923=CARTESIAN_POINT('',(0.061955255668869,0.00846456692913064,0.023622047244094));
#924=DIRECTION('',(-0.707106781186568,-2.46519032881566E-032,-0.707106781186527));
#925=DIRECTION('',(-0.707106781186527,0.0,0.707106781186568));
#926=SURFACE_STYLE_FILL_AREA(#1585);
#927=ORIENTED_EDGE('',*,*,#1586,.T.);
#928=ORIENTED_EDGE('',*,*,#1587,.T.);
#929=ORIENTED_EDGE('',*,*,#1583,.F.);
#930=ORIENTED_EDGE('',*,*,#1549,.F.);
#931=CARTESIAN_POINT('',(0.0641206099995802,0.0137795275590515,0.023622047244094));
#932=DIRECTION('',(8.6592745707191E-017,0.707106781186568,-0.707106781186527));
#933=DIRECTION('',(-1.0,0.0,-1.22460635382238E-016));
#934=SURFACE_STYLE_FILL_AREA(#1588);
#935=ORIENTED_EDGE('',*,*,#1581,.F.);
#936=ORIENTED_EDGE('',*,*,#1589,.T.);
#937=ORIENTED_EDGE('',*,*,#1586,.F.);
#938=ORIENTED_EDGE('',*,*,#1548,.F.);
#939=CARTESIAN_POINT('',(0.0288843895271399,0.0210629921259852,0.023622047244094));
#940=DIRECTION('',(0.707106781186568,0.0,-0.707106781186527));
#941=DIRECTION('',(0.0,-1.0,0.0));
#942=SURFACE_STYLE_FILL_AREA(#1590);
#943=ORIENTED_EDGE('',*,*,#1591,.F.);
#944=ORIENTED_EDGE('',*,*,#1592,.F.);
#945=ORIENTED_EDGE('',*,*,#1593,.F.);
#946=ORIENTED_EDGE('',*,*,#1552,.F.);
#947=CARTESIAN_POINT('',(0.13282139740116,0.0177165354330682,0.0984251968503923));
#948=DIRECTION('',(2.24949108273321E-032,-1.0,0.0));
#949=DIRECTION('',(0.0,0.0,-1.0));
#950=SURFACE_STYLE_FILL_AREA(#1594);
#951=ORIENTED_EDGE('',*,*,#1595,.T.);
#952=ORIENTED_EDGE('',*,*,#1563,.F.);
#953=ORIENTED_EDGE('',*,*,#1596,.T.);
#954=ORIENTED_EDGE('',*,*,#1597,.F.);
#955=CARTESIAN_POINT('',(0.0954198225980082,-0.019685039370081,-1.43367382707501E-015));
#956=DIRECTION('',(1.22460635382238E-016,0.0,-1.0));
#957=DIRECTION('',(0.0,-1.0,0.0));
#958=SURFACE_STYLE_FILL_AREA(#1598);
#959=ORIENTED_EDGE('',*,*,#1599,.T.);
#960=ORIENTED_EDGE('',*,*,#1567,.F.);
#961=ORIENTED_EDGE('',*,*,#1600,.T.);
#962=ORIENTED_EDGE('',*,*,#1601,.F.);
#963=CARTESIAN_POINT('',(0.195419822598009,-0.019685039370081,-1.43367382707501E-015));
#964=DIRECTION('',(1.22460635382238E-016,0.0,-1.0));
#965=DIRECTION('',(0.0,-1.0,0.0));
#966=SURFACE_STYLE_FILL_AREA(#1602);
#967=ORIENTED_EDGE('',*,*,#1603,.T.);
#968=ORIENTED_EDGE('',*,*,#1571,.F.);
#969=ORIENTED_EDGE('',*,*,#1604,.T.);
#970=ORIENTED_EDGE('',*,*,#1605,.F.);
#971=CARTESIAN_POINT('',(0.195419822598009,0.0606299212598388,-1.43367382707501E-015));
#972=DIRECTION('',(1.22460635382238E-016,0.0,-1.0));
#973=DIRECTION('',(0.0,-1.0,0.0));
#974=SURFACE_STYLE_FILL_AREA(#1606);
#975=ORIENTED_EDGE('',*,*,#1607,.T.);
#976=ORIENTED_EDGE('',*,*,#1575,.F.);
#977=ORIENTED_EDGE('',*,*,#1608,.T.);
#978=ORIENTED_EDGE('',*,*,#1609,.F.);
#979=CARTESIAN_POINT('',(0.0954198225980082,0.0606299212598388,-1.43367382707501E-015));
#980=DIRECTION('',(1.22460635382238E-016,0.0,-1.0));
#981=DIRECTION('',(0.0,-1.0,0.0));
#982=SURFACE_STYLE_FILL_AREA(#1610);
#983=ORIENTED_EDGE('',*,*,#1611,.F.);
#984=ORIENTED_EDGE('',*,*,#1612,.F.);
#985=ORIENTED_EDGE('',*,*,#1613,.F.);
#986=ORIENTED_EDGE('',*,*,#1580,.F.);
#987=CARTESIAN_POINT('',(0.0580182477948546,0.0429133858267684,0.0984251968503923));
#988=DIRECTION('',(-5.75998535925821E-159,1.0,5.06021013129621E-064));
#989=DIRECTION('',(1.0,-1.27344082266211E-174,1.13828975671071E-095));
#990=SURFACE_STYLE_FILL_AREA(#1614);
#991=ORIENTED_EDGE('',*,*,#1556,.F.);
#992=ORIENTED_EDGE('',*,*,#1615,.F.);
#993=ORIENTED_EDGE('',*,*,#1616,.F.);
#994=ORIENTED_EDGE('',*,*,#1591,.T.);
#995=CARTESIAN_POINT('',(0.13282139740116,0.0421259842519682,0.0984251968503923));
#996=DIRECTION('',(-1.0,-2.24949108273321E-032,-1.22460635382238E-016));
#997=DIRECTION('',(-1.22460635382238E-016,0.0,1.0));
#998=SURFACE_STYLE_FILL_AREA(#1617);
#999=ORIENTED_EDGE('',*,*,#1618,.T.);
#1000=ORIENTED_EDGE('',*,*,#1619,.T.);
#1001=ORIENTED_EDGE('',*,*,#1620,.T.);
#1002=ORIENTED_EDGE('',*,*,#1621,.T.);
#1003=ORIENTED_EDGE('',*,*,#1622,.F.);
#1004=ORIENTED_EDGE('',*,*,#1623,.T.);
#1005=ORIENTED_EDGE('',*,*,#1624,.T.);
#1006=ORIENTED_EDGE('',*,*,#1625,.T.);
#1007=ORIENTED_EDGE('',*,*,#1616,.T.);
#1008=ORIENTED_EDGE('',*,*,#1626,.T.);
#1009=ORIENTED_EDGE('',*,*,#1627,.T.);
#1010=ORIENTED_EDGE('',*,*,#1592,.T.);
#1011=CARTESIAN_POINT('',(0.195419822598009,0.078740157480315,0.0984251968503923));
#1012=DIRECTION('',(-2.75411799042742E-080,1.49966072182214E-032,1.0));
#1013=DIRECTION('',(1.0,1.83649404852124E-048,0.0));
#1014=SURFACE_STYLE_FILL_AREA(#1628);
#1015=ORIENTED_EDGE('',*,*,#1627,.F.);
#1016=ORIENTED_EDGE('',*,*,#1629,.F.);
#1017=ORIENTED_EDGE('',*,*,#1561,.F.);
#1018=ORIENTED_EDGE('',*,*,#1593,.T.);
#1019=CARTESIAN_POINT('',(0.158018247794855,0.016929133858268,0.0984251968503923));
#1020=DIRECTION('',(1.0,1.72132374401714E-079,4.5912351213031E-048));
#1021=DIRECTION('',(3.77483195842899E-095,1.0,-3.74915180455534E-032));
#1022=SURFACE_STYLE_FILL_AREA(#1630);
#1023=ORIENTED_EDGE('',*,*,#1631,.F.);
#1024=ORIENTED_EDGE('',*,*,#1611,.T.);
#1025=ORIENTED_EDGE('',*,*,#1584,.F.);
#1026=ORIENTED_EDGE('',*,*,#1632,.F.);
#1027=CARTESIAN_POINT('',(0.0580182477948546,0.016929133858268,0.0984251968503923));
#1028=DIRECTION('',(1.0,1.72132374401714E-079,4.5912351213031E-048));
#1029=DIRECTION('',(3.77483195842899E-095,1.0,-3.74915180455534E-032));
#1030=SURFACE_STYLE_FILL_AREA(#1633);
#1031=ORIENTED_EDGE('',*,*,#1634,.T.);
#1032=ORIENTED_EDGE('',*,*,#1635,.T.);
#1033=ORIENTED_EDGE('',*,*,#1636,.T.);
#1034=ORIENTED_EDGE('',*,*,#1637,.T.);
#1035=ORIENTED_EDGE('',*,*,#1638,.F.);
#1036=ORIENTED_EDGE('',*,*,#1639,.T.);
#1037=ORIENTED_EDGE('',*,*,#1640,.T.);
#1038=ORIENTED_EDGE('',*,*,#1641,.T.);
#1039=ORIENTED_EDGE('',*,*,#1631,.T.);
#1040=ORIENTED_EDGE('',*,*,#1642,.T.);
#1041=ORIENTED_EDGE('',*,*,#1643,.T.);
#1042=ORIENTED_EDGE('',*,*,#1612,.T.);
#1043=CARTESIAN_POINT('',(0.0954198225980082,0.078740157480315,0.0984251968503923));
#1044=DIRECTION('',(-2.75411799042742E-080,1.49966072182214E-032,1.0));
#1045=DIRECTION('',(1.0,1.83649404852124E-048,0.0));
#1046=SURFACE_STYLE_FILL_AREA(#1644);
#1047=ORIENTED_EDGE('',*,*,#1589,.F.);
#1048=ORIENTED_EDGE('',*,*,#1613,.T.);
#1049=ORIENTED_EDGE('',*,*,#1643,.F.);
#1050=ORIENTED_EDGE('',*,*,#1645,.F.);
#1051=CARTESIAN_POINT('',(0.0328213974011521,0.0421259842519682,0.0984251968503923));
#1052=DIRECTION('',(-1.0,-2.24949108273321E-032,-1.22460635382238E-016));
#1053=DIRECTION('',(-1.22460635382238E-016,0.0,1.0));
#1054=SURFACE_STYLE_FILL_AREA(#1646);
#1055=ORIENTED_EDGE('',*,*,#1629,.T.);
#1056=ORIENTED_EDGE('',*,*,#1626,.F.);
#1057=ORIENTED_EDGE('',*,*,#1615,.T.);
#1058=ORIENTED_EDGE('',*,*,#1559,.F.);
#1059=CARTESIAN_POINT('',(0.158018247794855,0.0429133858267684,0.0984251968503923));
#1060=DIRECTION('',(-5.75998535925821E-159,1.0,5.06021013129621E-064));
#1061=DIRECTION('',(1.0,-1.27344082266211E-174,1.13828975671071E-095));
#1062=SURFACE_STYLE_FILL_AREA(#1647);
#1063=ORIENTED_EDGE('',*,*,#1648,.T.);
#1064=ORIENTED_EDGE('',*,*,#1601,.T.);
#1065=ORIENTED_EDGE('',*,*,#1649,.T.);
#1066=ORIENTED_EDGE('',*,*,#1618,.F.);
#1067=CARTESIAN_POINT('',(0.195419822598009,-0.019685039370081,0.0984251968503923));
#1068=DIRECTION('',(2.24949108273321E-032,-1.0,0.0));
#1069=DIRECTION('',(0.0,0.0,-1.0));
#1070=SURFACE_STYLE_FILL_AREA(#1650);
#1071=ORIENTED_EDGE('',*,*,#1651,.F.);
#1072=ORIENTED_EDGE('',*,*,#1624,.F.);
#1073=ORIENTED_EDGE('',*,*,#1652,.T.);
#1074=ORIENTED_EDGE('',*,*,#1653,.F.);
#1075=CARTESIAN_POINT('',(0.0999999999999986,0.0,0.0984251968503923));
#1076=DIRECTION('',(1.0,1.72132374401714E-079,4.5912351213031E-048));
#1077=DIRECTION('',(3.77483195842899E-095,1.0,-3.74915180455534E-032));
#1078=SURFACE_STYLE_FILL_AREA(#1654);
#1079=ORIENTED_EDGE('',*,*,#1655,.F.);
#1080=ORIENTED_EDGE('',*,*,#1656,.F.);
#1081=ORIENTED_EDGE('',*,*,#1657,.T.);
#1082=ORIENTED_EDGE('',*,*,#1620,.F.);
#1083=CARTESIAN_POINT('',(0.190839645196014,0.0590551181102362,0.0984251968503923));
#1084=DIRECTION('',(-1.0,-2.24949108273321E-032,-1.22460635382238E-016));
#1085=DIRECTION('',(-1.22460635382238E-016,0.0,1.0));
#1086=SURFACE_STYLE_FILL_AREA(#1658);
#1087=ORIENTED_EDGE('',*,*,#1645,.T.);
#1088=ORIENTED_EDGE('',*,*,#1642,.F.);
#1089=ORIENTED_EDGE('',*,*,#1632,.T.);
#1090=ORIENTED_EDGE('',*,*,#1587,.F.);
#1091=CARTESIAN_POINT('',(0.0328213974011521,0.0177165354330682,0.0984251968503923));
#1092=DIRECTION('',(2.24949108273321E-032,-1.0,0.0));
#1093=DIRECTION('',(0.0,0.0,-1.0));
#1094=SURFACE_STYLE_FILL_AREA(#1659);
#1095=ORIENTED_EDGE('',*,*,#1660,.T.);
#1096=ORIENTED_EDGE('',*,*,#1609,.T.);
#1097=ORIENTED_EDGE('',*,*,#1661,.T.);
#1098=ORIENTED_EDGE('',*,*,#1634,.F.);
#1099=CARTESIAN_POINT('',(0.0954198225980082,0.0803149606299198,-1.43367382707501E-015));
#1100=DIRECTION('',(-5.75998535925821E-159,1.0,5.06021013129621E-064));
#1101=DIRECTION('',(1.0,-1.27344082266211E-174,1.13828975671071E-095));
#1102=SURFACE_STYLE_FILL_AREA(#1662);
#1103=ORIENTED_EDGE('',*,*,#1663,.T.);
#1104=ORIENTED_EDGE('',*,*,#1664,.F.);
#1105=ORIENTED_EDGE('',*,*,#1665,.F.);
#1106=ORIENTED_EDGE('',*,*,#1640,.F.);
#1107=CARTESIAN_POINT('',(0.0908396451960156,0.0590551181102362,0.0984251968503923));
#1108=DIRECTION('',(-1.0,-2.24949108273321E-032,-1.22460635382238E-016));
#1109=DIRECTION('',(-1.22460635382238E-016,0.0,1.0));
#1110=SURFACE_STYLE_FILL_AREA(#1666);
#1111=ORIENTED_EDGE('',*,*,#1667,.T.);
#1112=ORIENTED_EDGE('',*,*,#1636,.F.);
#1113=ORIENTED_EDGE('',*,*,#1668,.F.);
#1114=ORIENTED_EDGE('',*,*,#1669,.F.);
#1115=CARTESIAN_POINT('',(-4.47585975281953E-015,0.0,0.0984251968503923));
#1116=DIRECTION('',(1.0,1.72132374401714E-079,4.5912351213031E-048));
#1117=DIRECTION('',(3.77483195842899E-095,1.0,-3.74915180455534E-032));
#1118=SURFACE_STYLE_FILL_AREA(#1670);
#1119=ORIENTED_EDGE('',*,*,#1648,.F.);
#1120=ORIENTED_EDGE('',*,*,#1625,.F.);
#1121=ORIENTED_EDGE('',*,*,#1651,.T.);
#1122=ORIENTED_EDGE('',*,*,#1671,.F.);
#1123=ORIENTED_EDGE('',*,*,#1568,.F.);
#1124=ORIENTED_EDGE('',*,*,#1599,.F.);
#1125=CARTESIAN_POINT('',(0.115104861968089,-0.019685039370081,0.0984251968503923));
#1126=DIRECTION('',(0.793353340291262,0.608761429008686,9.71545541346886E-017));
#1127=DIRECTION('',(-1.23197920114622E-032,1.59593807204402E-016,-1.0));
#1128=SURFACE_STYLE_FILL_AREA(#1672);
#1129=ORIENTED_EDGE('',*,*,#1569,.F.);
#1130=ORIENTED_EDGE('',*,*,#1673,.F.);
#1131=ORIENTED_EDGE('',*,*,#1655,.T.);
#1132=ORIENTED_EDGE('',*,*,#1619,.F.);
#1133=ORIENTED_EDGE('',*,*,#1649,.F.);
#1134=ORIENTED_EDGE('',*,*,#1600,.F.);
#1135=CARTESIAN_POINT('',(0.175734783227928,-0.019685039370081,0.0984251968503923));
#1136=DIRECTION('',(-0.793353340291262,0.608761429008686,-9.71545541346886E-017));
#1137=DIRECTION('',(-1.22460635382238E-016,0.0,1.0));
#1138=SURFACE_STYLE_FILL_AREA(#1674);
#1139=ORIENTED_EDGE('',*,*,#1653,.T.);
#1140=ORIENTED_EDGE('',*,*,#1675,.T.);
#1141=ORIENTED_EDGE('',*,*,#1664,.T.);
#1142=ORIENTED_EDGE('',*,*,#1676,.T.);
#1143=CARTESIAN_POINT('',(0.0954198225980082,0.0295275590551181,0.0905511811023634));
#1144=DIRECTION('',(-2.7541179880405E-080,1.49966072130225E-032,1.0));
#1145=DIRECTION('',(1.0,1.83649404756625E-048,-4.71853994803623E-096));
#1146=SURFACE_STYLE_FILL_AREA(#1677);
#1147=ORIENTED_EDGE('',*,*,#1678,.T.);
#1148=ORIENTED_EDGE('',*,*,#1679,.T.);
#1149=ORIENTED_EDGE('',*,*,#1656,.T.);
#1150=ORIENTED_EDGE('',*,*,#1680,.T.);
#1151=CARTESIAN_POINT('',(0.195419822598009,0.0295275590551181,0.0905511811023634));
#1152=DIRECTION('',(-2.7541179880405E-080,1.49966072130225E-032,1.0));
#1153=DIRECTION('',(1.0,1.83649404756625E-048,-4.71853994803623E-096));
#1154=SURFACE_STYLE_FILL_AREA(#1681);
#1155=ORIENTED_EDGE('',*,*,#1660,.F.);
#1156=ORIENTED_EDGE('',*,*,#1641,.F.);
#1157=ORIENTED_EDGE('',*,*,#1665,.T.);
#1158=ORIENTED_EDGE('',*,*,#1682,.F.);
#1159=ORIENTED_EDGE('',*,*,#1576,.F.);
#1160=ORIENTED_EDGE('',*,*,#1607,.F.);
#1161=CARTESIAN_POINT('',(0.0757347832279272,0.0803149606299198,0.0984251968503923));
#1162=DIRECTION('',(-0.793353340291262,-0.608761429008686,-9.71545541346886E-017));
#1163=DIRECTION('',(-0.608761429008686,0.793353340291262,0.0));
#1164=SURFACE_STYLE_FILL_AREA(#1683);
#1165=ORIENTED_EDGE('',*,*,#1577,.F.);
#1166=ORIENTED_EDGE('',*,*,#1684,.F.);
#1167=ORIENTED_EDGE('',*,*,#1668,.T.);
#1168=ORIENTED_EDGE('',*,*,#1635,.F.);
#1169=ORIENTED_EDGE('',*,*,#1661,.F.);
#1170=ORIENTED_EDGE('',*,*,#1608,.F.);
#1171=CARTESIAN_POINT('',(0.0151048619680862,0.0803149606299198,0.0984251968503923));
#1172=DIRECTION('',(0.793353340291262,-0.608761429008686,9.71545541346886E-017));
#1173=DIRECTION('',(-1.23197920114622E-032,-1.59593807204402E-016,-1.0));
#1174=SURFACE_STYLE_FILL_AREA(#1685);
#1175=ORIENTED_EDGE('',*,*,#1686,.F.);
#1176=ORIENTED_EDGE('',*,*,#1687,.T.);
#1177=ORIENTED_EDGE('',*,*,#1669,.T.);
#1178=ORIENTED_EDGE('',*,*,#1688,.T.);
#1179=CARTESIAN_POINT('',(-0.00458017740199258,0.0295275590551181,0.0905511811023634));
#1180=DIRECTION('',(-2.7541179880405E-080,1.49966072130225E-032,1.0));
#1181=DIRECTION('',(1.0,1.83649404756625E-048,-4.71853994803623E-096));
#1182=SURFACE_STYLE_FILL_AREA(#1689);
#1183=ORIENTED_EDGE('',*,*,#1676,.F.);
#1184=ORIENTED_EDGE('',*,*,#1690,.F.);
#1185=ORIENTED_EDGE('',*,*,#1539,.F.);
#1186=ORIENTED_EDGE('',*,*,#1671,.T.);
#1187=CARTESIAN_POINT('',(0.190839645196014,0.0,0.0984251968503923));
#1188=DIRECTION('',(-5.75998535925821E-159,1.0,5.06021013129621E-064));
#1189=DIRECTION('',(1.0,-1.27344082266211E-174,1.13828975671071E-095));
#1190=SURFACE_STYLE_FILL_AREA(#1691);
#1191=ORIENTED_EDGE('',*,*,#1537,.F.);
#1192=ORIENTED_EDGE('',*,*,#1692,.F.);
#1193=ORIENTED_EDGE('',*,*,#1680,.F.);
#1194=ORIENTED_EDGE('',*,*,#1673,.T.);
#1195=CARTESIAN_POINT('',(0.190839645196014,0.0,0.0984251968503923));
#1196=DIRECTION('',(-5.75998535925821E-159,1.0,5.06021013129621E-064));
#1197=DIRECTION('',(1.0,-1.27344082266211E-174,1.13828975671071E-095));
#1198=SURFACE_STYLE_FILL_AREA(#1693);
#1199=ORIENTED_EDGE('',*,*,#1533,.F.);
#1200=ORIENTED_EDGE('',*,*,#1682,.T.);
#1201=ORIENTED_EDGE('',*,*,#1675,.F.);
#1202=ORIENTED_EDGE('',*,*,#1694,.F.);
#1203=CARTESIAN_POINT('',(0.190839645196014,0.0606299212598388,0.0984251968503923));
#1204=DIRECTION('',(2.24949108273321E-032,-1.0,0.0));
#1205=DIRECTION('',(0.0,0.0,-1.0));
#1206=SURFACE_STYLE_FILL_AREA(#1695);
#1207=ORIENTED_EDGE('',*,*,#1531,.F.);
#1208=ORIENTED_EDGE('',*,*,#1696,.T.);
#1209=ORIENTED_EDGE('',*,*,#1688,.F.);
#1210=ORIENTED_EDGE('',*,*,#1684,.T.);
#1211=CARTESIAN_POINT('',(0.190839645196014,0.0606299212598388,0.0984251968503923));
#1212=DIRECTION('',(2.24949108273321E-032,-1.0,0.0));
#1213=DIRECTION('',(0.0,0.0,-1.0));
#1214=SURFACE_STYLE_FILL_AREA(#1697);
#1215=ORIENTED_EDGE('',*,*,#1565,.F.);
#1216=ORIENTED_EDGE('',*,*,#1690,.T.);
#1217=ORIENTED_EDGE('',*,*,#1663,.F.);
#1218=ORIENTED_EDGE('',*,*,#1639,.F.);
#1219=ORIENTED_EDGE('',*,*,#1698,.F.);
#1220=ORIENTED_EDGE('',*,*,#1596,.F.);
#1221=CARTESIAN_POINT('',(0.0757347832279272,-0.019685039370081,0.0984251968503923));
#1222=DIRECTION('',(-0.793353340291262,0.608761429008686,-9.71545541346886E-017));
#1223=DIRECTION('',(-1.22460635382238E-016,0.0,1.0));
#1224=SURFACE_STYLE_FILL_AREA(#1699);
#1225=ORIENTED_EDGE('',*,*,#1692,.T.);
#1226=ORIENTED_EDGE('',*,*,#1536,.F.);
#1227=ORIENTED_EDGE('',*,*,#1700,.F.);
#1228=ORIENTED_EDGE('',*,*,#1678,.F.);
#1229=CARTESIAN_POINT('',(0.195419822598009,0.0295275590551136,0.0483178239083745));
#1230=DIRECTION('',(-1.0,-2.24949108273321E-032,-1.22460635382238E-016));
#1231=DIRECTION('',(-1.22460635382238E-016,0.0,1.0));
#1232=SURFACE_STYLE_FILL_AREA(#1701);
#1233=ORIENTED_EDGE('',*,*,#1573,.F.);
#1234=ORIENTED_EDGE('',*,*,#1694,.T.);
#1235=ORIENTED_EDGE('',*,*,#1652,.F.);
#1236=ORIENTED_EDGE('',*,*,#1623,.F.);
#1237=ORIENTED_EDGE('',*,*,#1702,.F.);
#1238=ORIENTED_EDGE('',*,*,#1604,.F.);
#1239=CARTESIAN_POINT('',(0.115104861968089,0.0803149606299198,0.0984251968503923));
#1240=DIRECTION('',(0.793353340291262,-0.608761429008686,9.71545541346886E-017));
#1241=DIRECTION('',(-1.23197920114622E-032,-1.59593807204402E-016,-1.0));
#1242=SURFACE_STYLE_FILL_AREA(#1703);
#1243=ORIENTED_EDGE('',*,*,#1704,.T.);
#1244=ORIENTED_EDGE('',*,*,#1597,.T.);
#1245=ORIENTED_EDGE('',*,*,#1698,.T.);
#1246=ORIENTED_EDGE('',*,*,#1638,.T.);
#1247=CARTESIAN_POINT('',(0.0954198225980082,-0.019685039370081,0.0984251968503923));
#1248=DIRECTION('',(2.24949108273321E-032,-1.0,0.0));
#1249=DIRECTION('',(0.0,0.0,-1.0));
#1250=SURFACE_STYLE_FILL_AREA(#1705);
#1251=ORIENTED_EDGE('',*,*,#1679,.F.);
#1252=ORIENTED_EDGE('',*,*,#1700,.T.);
#1253=ORIENTED_EDGE('',*,*,#1535,.F.);
#1254=ORIENTED_EDGE('',*,*,#1706,.F.);
#1255=CARTESIAN_POINT('',(0.190839645196014,0.0606299212598388,0.0984251968503923));
#1256=DIRECTION('',(2.24949108273321E-032,-1.0,0.0));
#1257=DIRECTION('',(0.0,0.0,-1.0));
#1258=SURFACE_STYLE_FILL_AREA(#1707);
#1259=ORIENTED_EDGE('',*,*,#1708,.T.);
#1260=ORIENTED_EDGE('',*,*,#1605,.T.);
#1261=ORIENTED_EDGE('',*,*,#1702,.T.);
#1262=ORIENTED_EDGE('',*,*,#1622,.T.);
#1263=CARTESIAN_POINT('',(0.195419822598009,0.0803149606299198,-1.43367382707501E-015));
#1264=DIRECTION('',(-5.75998535925821E-159,1.0,5.06021013129621E-064));
#1265=DIRECTION('',(1.0,-1.27344082266211E-174,1.13828975671071E-095));
#1266=SURFACE_STYLE_FILL_AREA(#1709);
#1267=ORIENTED_EDGE('',*,*,#1704,.F.);
#1268=ORIENTED_EDGE('',*,*,#1637,.F.);
#1269=ORIENTED_EDGE('',*,*,#1667,.F.);
#1270=ORIENTED_EDGE('',*,*,#1710,.F.);
#1271=ORIENTED_EDGE('',*,*,#1564,.F.);
#1272=ORIENTED_EDGE('',*,*,#1595,.F.);
#1273=CARTESIAN_POINT('',(0.0151048619680862,-0.019685039370081,0.0984251968503923));
#1274=DIRECTION('',(0.793353340291262,0.608761429008686,9.71545541346886E-017));
#1275=DIRECTION('',(-1.23197920114622E-032,1.59593807204402E-016,-1.0));
#1276=SURFACE_STYLE_FILL_AREA(#1711);
#1277=ORIENTED_EDGE('',*,*,#1708,.F.);
#1278=ORIENTED_EDGE('',*,*,#1621,.F.);
#1279=ORIENTED_EDGE('',*,*,#1657,.F.);
#1280=ORIENTED_EDGE('',*,*,#1706,.T.);
#1281=ORIENTED_EDGE('',*,*,#1572,.F.);
#1282=ORIENTED_EDGE('',*,*,#1603,.F.);
#1283=CARTESIAN_POINT('',(0.175734783227928,0.0803149606299198,0.0984251968503923));
#1284=DIRECTION('',(-0.793353340291262,-0.608761429008686,-9.71545541346886E-017));
#1285=DIRECTION('',(-0.608761429008686,0.793353340291262,0.0));
#1286=SURFACE_STYLE_FILL_AREA(#1712);
#1287=ORIENTED_EDGE('',*,*,#1687,.F.);
#1288=ORIENTED_EDGE('',*,*,#1713,.T.);
#1289=ORIENTED_EDGE('',*,*,#1541,.F.);
#1290=ORIENTED_EDGE('',*,*,#1710,.T.);
#1291=CARTESIAN_POINT('',(0.190839645196014,0.0,0.0984251968503923));
#1292=DIRECTION('',(-5.75998535925821E-159,1.0,5.06021013129621E-064));
#1293=DIRECTION('',(1.0,-1.27344082266211E-174,1.13828975671071E-095));
#1294=SURFACE_STYLE_FILL_AREA(#1714);
#1295=ORIENTED_EDGE('',*,*,#1686,.T.);
#1296=ORIENTED_EDGE('',*,*,#1696,.F.);
#1297=ORIENTED_EDGE('',*,*,#1530,.T.);
#1298=ORIENTED_EDGE('',*,*,#1713,.F.);
#1299=CARTESIAN_POINT('',(-0.00458017740199482,0.0970236309484652,-0.120079400200932));
#1300=DIRECTION('',(1.0,0.0,0.0));
#1301=DIRECTION('',(0.0,1.0,0.0));
#1302=SURFACE_STYLE_FILL_AREA(#1715);
#1303=SURFACE_STYLE_FILL_AREA(#1716);
#1304=ORIENTED_EDGE('',*,*,#1717,.T.);
#1305=ORIENTED_EDGE('',*,*,#1718,.F.);
#1306=ORIENTED_EDGE('',*,*,#1719,.T.);
#1307=ORIENTED_EDGE('',*,*,#1720,.F.);
#1308=CARTESIAN_POINT('',(0.158018247794849,0.0429133858267796,0.0983733557045802));
#1309=DIRECTION('',(1.0,-7.34763812293426E-016,-4.85780172604436E-062));
#1310=DIRECTION('',(-5.44010617643745E-078,-6.61137857467647E-047,1.0));
#1311=SURFACE_STYLE_FILL_AREA(#1721);
#1312=ORIENTED_EDGE('',*,*,#1722,.T.);
#1313=ORIENTED_EDGE('',*,*,#1723,.F.);
#1314=ORIENTED_EDGE('',*,*,#1724,.T.);
#1315=ORIENTED_EDGE('',*,*,#1718,.T.);
#1316=CARTESIAN_POINT('',(0.132821397401148,0.0429133858267796,0.0983733557045802));
#1317=DIRECTION('',(1.10189642911274E-047,1.0,-1.22460635382237E-016));
#1318=DIRECTION('',(1.0,-3.06250751863245E-063,8.99796433093278E-032));
#1319=SURFACE_STYLE_FILL_AREA(#1725);
#1320=ORIENTED_EDGE('',*,*,#1720,.T.);
#1321=ORIENTED_EDGE('',*,*,#1726,.T.);
#1322=ORIENTED_EDGE('',*,*,#1727,.F.);
#1323=ORIENTED_EDGE('',*,*,#1728,.T.);
#1324=CARTESIAN_POINT('',(0.158018247794849,0.0177165354330727,0.0983733557045802));
#1325=DIRECTION('',(-7.34763812293426E-016,-1.0,1.22460635382238E-016));
#1326=DIRECTION('',(-1.0,7.34763812293426E-016,0.0));
#1327=SURFACE_STYLE_FILL_AREA(#1729);
#1328=ORIENTED_EDGE('',*,*,#1727,.T.);
#1329=ORIENTED_EDGE('',*,*,#1730,.T.);
#1330=ORIENTED_EDGE('',*,*,#1723,.T.);
#1331=ORIENTED_EDGE('',*,*,#1731,.T.);
#1332=CARTESIAN_POINT('',(0.132821397401148,0.0177165354330727,0.0983733557045802));
#1333=DIRECTION('',(-1.0,7.34763812293426E-016,8.99796433093283E-032));
#1334=DIRECTION('',(8.99796433093283E-032,0.0,1.0));
#1335=SURFACE_STYLE_FILL_AREA(#1732);
#1336=ORIENTED_EDGE('',*,*,#1730,.F.);
#1337=ORIENTED_EDGE('',*,*,#1733,.T.);
#1338=ORIENTED_EDGE('',*,*,#1734,.T.);
#1339=ORIENTED_EDGE('',*,*,#1735,.T.);
#1340=CARTESIAN_POINT('',(0.135774153306658,0.0240157480315011,0.322440944881888));
#1341=DIRECTION('',(-0.894427190999943,6.02426671621525E-016,0.447213595499904));
#1342=DIRECTION('',(6.73533494602317E-016,1.0,5.55573735075902E-032));
#1343=SURFACE_STYLE_FILL_AREA(#1736);
#1344=ORIENTED_EDGE('',*,*,#1737,.T.);
#1345=ORIENTED_EDGE('',*,*,#1738,.T.);
#1346=ORIENTED_EDGE('',*,*,#1733,.F.);
#1347=ORIENTED_EDGE('',*,*,#1726,.F.);
#1348=CARTESIAN_POINT('',(0.151719035196422,0.0206692913385885,0.322440944881888));
#1349=DIRECTION('',(-6.57192732677994E-016,-0.894427190999909,0.447213595499971));
#1350=DIRECTION('',(-1.0,7.34763812293426E-016,-5.55573735075986E-032));
#1351=SURFACE_STYLE_FILL_AREA(#1739);
#1352=ORIENTED_EDGE('',*,*,#1740,.T.);
#1353=ORIENTED_EDGE('',*,*,#1724,.F.);
#1354=ORIENTED_EDGE('',*,*,#1735,.F.);
#1355=ORIENTED_EDGE('',*,*,#1741,.T.);
#1356=CARTESIAN_POINT('',(0.139120609999572,0.039960629921266,0.322440944881888));
#1357=DIRECTION('',(6.57192732677994E-016,0.894427190999909,0.447213595499972));
#1358=DIRECTION('',(1.0,0.0,-1.4695276245868E-015));
#1359=SURFACE_STYLE_FILL_AREA(#1742);
#1360=ORIENTED_EDGE('',*,*,#1738,.F.);
#1361=ORIENTED_EDGE('',*,*,#1743,.F.);
#1362=ORIENTED_EDGE('',*,*,#1741,.F.);
#1363=ORIENTED_EDGE('',*,*,#1734,.F.);
#1364=CARTESIAN_POINT('',(0.145419822597996,0.030314960629925,0.32834645669291));
#1365=DIRECTION('',(1.82218619087032E-031,1.22460635382238E-016,-1.0));
#1366=DIRECTION('',(-1.0,0.0,-1.82218619087032E-031));
#1367=SURFACE_STYLE_FILL_AREA(#1744);
#1368=ORIENTED_EDGE('',*,*,#1737,.F.);
#1369=ORIENTED_EDGE('',*,*,#1719,.F.);
#1370=ORIENTED_EDGE('',*,*,#1740,.F.);
#1371=ORIENTED_EDGE('',*,*,#1743,.T.);
#1372=CARTESIAN_POINT('',(0.155065491889335,0.0366141732283534,0.322440944881888));
#1373=DIRECTION('',(0.894427190999943,-7.11958793734512E-016,0.447213595499904));
#1374=DIRECTION('',(0.0,-1.0,-1.59198825996931E-015));
#1375=SURFACE_STYLE_FILL_AREA(#1745);
#1376=ORIENTED_EDGE('',*,*,#1746,.F.);
#1377=ORIENTED_EDGE('',*,*,#1747,.F.);
#1378=ORIENTED_EDGE('',*,*,#1748,.F.);
#1379=ORIENTED_EDGE('',*,*,#1749,.F.);
#1380=CARTESIAN_POINT('',(0.145419822597996,0.030314960629925,-0.120079400200932));
#1381=DIRECTION('',(2.73266105829491E-063,1.22460635382238E-016,1.0));
#1382=DIRECTION('',(1.0,-2.23146078718718E-047,0.0));
#1383=SURFACE_STYLE_FILL_AREA(#1750);
#1384=ORIENTED_EDGE('',*,*,#1751,.F.);
#1385=ORIENTED_EDGE('',*,*,#1747,.T.);
#1386=ORIENTED_EDGE('',*,*,#1752,.F.);
#1387=ORIENTED_EDGE('',*,*,#1717,.F.);
#1388=CARTESIAN_POINT('',(0.155065491889335,0.0366141732283534,-0.114173888389909));
#1389=DIRECTION('',(0.894427190999943,-7.11958793734512E-016,-0.447213595499904));
#1390=DIRECTION('',(0.0,-1.0,1.59198825996931E-015));
#1391=SURFACE_STYLE_FILL_AREA(#1753);
#1392=ORIENTED_EDGE('',*,*,#1752,.T.);
#1393=ORIENTED_EDGE('',*,*,#1746,.T.);
#1394=ORIENTED_EDGE('',*,*,#1754,.F.);
#1395=ORIENTED_EDGE('',*,*,#1722,.F.);
#1396=CARTESIAN_POINT('',(0.139120609999572,0.039960629921266,-0.114173888389909));
#1397=DIRECTION('',(6.57192732677994E-016,0.894427190999909,-0.447213595499972));
#1398=DIRECTION('',(-1.0,0.0,-1.4695276245868E-015));
#1399=SURFACE_STYLE_FILL_AREA(#1755);
#1400=ORIENTED_EDGE('',*,*,#1751,.T.);
#1401=ORIENTED_EDGE('',*,*,#1728,.F.);
#1402=ORIENTED_EDGE('',*,*,#1756,.F.);
#1403=ORIENTED_EDGE('',*,*,#1748,.T.);
#1404=CARTESIAN_POINT('',(0.151719035196422,0.0206692913385885,-0.114173888389909));
#1405=DIRECTION('',(-6.57192732677994E-016,-0.894427190999909,-0.447213595499971));
#1406=DIRECTION('',(0.0,0.447213595499971,-0.894427190999909));
#1407=SURFACE_STYLE_FILL_AREA(#1757);
#1408=ORIENTED_EDGE('',*,*,#1731,.F.);
#1409=ORIENTED_EDGE('',*,*,#1754,.T.);
#1410=ORIENTED_EDGE('',*,*,#1749,.T.);
#1411=ORIENTED_EDGE('',*,*,#1756,.T.);
#1412=CARTESIAN_POINT('',(0.135774153306658,0.0240157480315011,-0.114173888389909));
#1413=DIRECTION('',(-0.894427190999943,6.02426671621525E-016,-0.447213595499904));
#1414=DIRECTION('',(-0.447213595499904,-4.21308952114971E-032,0.894427190999943));
#1415=SURFACE_STYLE_FILL_AREA(#1758);
#1416=SURFACE_STYLE_FILL_AREA(#1759);
#1417=ORIENTED_EDGE('',*,*,#1760,.T.);
#1418=ORIENTED_EDGE('',*,*,#1761,.F.);
#1419=ORIENTED_EDGE('',*,*,#1762,.T.);
#1420=ORIENTED_EDGE('',*,*,#1763,.F.);
#1421=CARTESIAN_POINT('',(0.0580182477948501,0.0429133858267796,0.0983733557045802));
#1422=DIRECTION('',(1.0,-7.34763812293426E-016,-4.85780172604436E-062));
#1423=DIRECTION('',(-5.44010617643745E-078,-6.61137857467647E-047,1.0));
#1424=SURFACE_STYLE_FILL_AREA(#1764);
#1425=ORIENTED_EDGE('',*,*,#1765,.T.);
#1426=ORIENTED_EDGE('',*,*,#1766,.F.);
#1427=ORIENTED_EDGE('',*,*,#1767,.T.);
#1428=ORIENTED_EDGE('',*,*,#1761,.T.);
#1429=CARTESIAN_POINT('',(0.0328213974011499,0.0429133858267796,0.0983733557045802));
#1430=DIRECTION('',(1.10189642911274E-047,1.0,-1.22460635382237E-016));
#1431=DIRECTION('',(1.0,-3.06250751863245E-063,8.99796433093278E-032));
#1432=SURFACE_STYLE_FILL_AREA(#1768);
#1433=ORIENTED_EDGE('',*,*,#1763,.T.);
#1434=ORIENTED_EDGE('',*,*,#1769,.T.);
#1435=ORIENTED_EDGE('',*,*,#1770,.F.);
#1436=ORIENTED_EDGE('',*,*,#1771,.T.);
#1437=CARTESIAN_POINT('',(0.0580182477948501,0.0177165354330727,0.0983733557045802));
#1438=DIRECTION('',(-7.34763812293426E-016,-1.0,1.22460635382238E-016));
#1439=DIRECTION('',(-1.0,7.34763812293426E-016,0.0));
#1440=SURFACE_STYLE_FILL_AREA(#1772);
#1441=ORIENTED_EDGE('',*,*,#1770,.T.);
#1442=ORIENTED_EDGE('',*,*,#1773,.T.);
#1443=ORIENTED_EDGE('',*,*,#1766,.T.);
#1444=ORIENTED_EDGE('',*,*,#1774,.T.);
#1445=CARTESIAN_POINT('',(0.0328213974011499,0.0177165354330727,0.0983733557045802));
#1446=DIRECTION('',(-1.0,7.34763812293426E-016,8.99796433093283E-032));
#1447=DIRECTION('',(8.99796433093283E-032,0.0,1.0));
#1448=SURFACE_STYLE_FILL_AREA(#1775);
#1449=ORIENTED_EDGE('',*,*,#1773,.F.);
#1450=ORIENTED_EDGE('',*,*,#1776,.T.);
#1451=ORIENTED_EDGE('',*,*,#1777,.T.);
#1452=ORIENTED_EDGE('',*,*,#1778,.T.);
#1453=CARTESIAN_POINT('',(0.0357741533066612,0.0240157480315011,0.322440944881888));
#1454=DIRECTION('',(-0.894427190999943,6.02426671621525E-016,0.447213595499904));
#1455=DIRECTION('',(6.73533494602317E-016,1.0,5.55573735075902E-032));
#1456=SURFACE_STYLE_FILL_AREA(#1779);
#1457=ORIENTED_EDGE('',*,*,#1780,.T.);
#1458=ORIENTED_EDGE('',*,*,#1781,.T.);
#1459=ORIENTED_EDGE('',*,*,#1776,.F.);
#1460=ORIENTED_EDGE('',*,*,#1769,.F.);
#1461=CARTESIAN_POINT('',(0.0517190351964284,0.0206692913385885,0.322440944881888));
#1462=DIRECTION('',(-6.57192732677994E-016,-0.894427190999909,0.447213595499971));
#1463=DIRECTION('',(-1.0,7.34763812293426E-016,-5.55573735075986E-032));
#1464=SURFACE_STYLE_FILL_AREA(#1782);
#1465=ORIENTED_EDGE('',*,*,#1783,.T.);
#1466=ORIENTED_EDGE('',*,*,#1767,.F.);
#1467=ORIENTED_EDGE('',*,*,#1778,.F.);
#1468=ORIENTED_EDGE('',*,*,#1784,.T.);
#1469=CARTESIAN_POINT('',(0.0391206099995738,0.039960629921266,0.322440944881888));
#1470=DIRECTION('',(6.57192732677994E-016,0.894427190999909,0.447213595499972));
#1471=DIRECTION('',(1.0,0.0,-1.4695276245868E-015));
#1472=SURFACE_STYLE_FILL_AREA(#1785);
#1473=ORIENTED_EDGE('',*,*,#1781,.F.);
#1474=ORIENTED_EDGE('',*,*,#1786,.F.);
#1475=ORIENTED_EDGE('',*,*,#1784,.F.);
#1476=ORIENTED_EDGE('',*,*,#1777,.F.);
#1477=CARTESIAN_POINT('',(0.0454198225979977,0.030314960629925,0.32834645669291));
#1478=DIRECTION('',(1.82218619087032E-031,1.22460635382238E-016,-1.0));
#1479=DIRECTION('',(-1.0,0.0,-1.82218619087032E-031));
#1480=SURFACE_STYLE_FILL_AREA(#1787);
#1481=ORIENTED_EDGE('',*,*,#1780,.F.);
#1482=ORIENTED_EDGE('',*,*,#1762,.F.);
#1483=ORIENTED_EDGE('',*,*,#1783,.F.);
#1484=ORIENTED_EDGE('',*,*,#1786,.T.);
#1485=CARTESIAN_POINT('',(0.0550654918893365,0.0366141732283534,0.322440944881888));
#1486=DIRECTION('',(0.894427190999943,-7.11958793734512E-016,0.447213595499904));
#1487=DIRECTION('',(0.0,-1.0,-1.59198825996931E-015));
#1488=SURFACE_STYLE_FILL_AREA(#1788);
#1489=ORIENTED_EDGE('',*,*,#1789,.F.);
#1490=ORIENTED_EDGE('',*,*,#1790,.F.);
#1491=ORIENTED_EDGE('',*,*,#1791,.F.);
#1492=ORIENTED_EDGE('',*,*,#1792,.F.);
#1493=CARTESIAN_POINT('',(0.0454198225979977,0.030314960629925,-0.120079400200932));
#1494=DIRECTION('',(2.73266105829491E-063,1.22460635382238E-016,1.0));
#1495=DIRECTION('',(1.0,-2.23146078718718E-047,0.0));
#1496=SURFACE_STYLE_FILL_AREA(#1793);
#1497=ORIENTED_EDGE('',*,*,#1794,.F.);
#1498=ORIENTED_EDGE('',*,*,#1790,.T.);
#1499=ORIENTED_EDGE('',*,*,#1795,.F.);
#1500=ORIENTED_EDGE('',*,*,#1760,.F.);
#1501=CARTESIAN_POINT('',(0.0550654918893365,0.0366141732283534,-0.114173888389909));
#1502=DIRECTION('',(0.894427190999943,-7.11958793734512E-016,-0.447213595499904));
#1503=DIRECTION('',(0.0,-1.0,1.59198825996931E-015));
#1504=SURFACE_STYLE_FILL_AREA(#1796);
#1505=ORIENTED_EDGE('',*,*,#1795,.T.);
#1506=ORIENTED_EDGE('',*,*,#1789,.T.);
#1507=ORIENTED_EDGE('',*,*,#1797,.F.);
#1508=ORIENTED_EDGE('',*,*,#1765,.F.);
#1509=CARTESIAN_POINT('',(0.0391206099995738,0.039960629921266,-0.114173888389909));
#1510=DIRECTION('',(6.57192732677994E-016,0.894427190999909,-0.447213595499972));
#1511=DIRECTION('',(-1.0,0.0,-1.4695276245868E-015));
#1512=SURFACE_STYLE_FILL_AREA(#1798);
#1513=ORIENTED_EDGE('',*,*,#1794,.T.);
#1514=ORIENTED_EDGE('',*,*,#1771,.F.);
#1515=ORIENTED_EDGE('',*,*,#1799,.F.);
#1516=ORIENTED_EDGE('',*,*,#1791,.T.);
#1517=CARTESIAN_POINT('',(0.0517190351964284,0.0206692913385885,-0.114173888389909));
#1518=DIRECTION('',(-6.57192732677994E-016,-0.894427190999909,-0.447213595499971));
#1519=DIRECTION('',(0.0,0.447213595499971,-0.894427190999909));
#1520=SURFACE_STYLE_FILL_AREA(#1800);
#1521=ORIENTED_EDGE('',*,*,#1774,.F.);
#1522=ORIENTED_EDGE('',*,*,#1797,.T.);
#1523=ORIENTED_EDGE('',*,*,#1792,.T.);
#1524=ORIENTED_EDGE('',*,*,#1799,.T.);
#1525=CARTESIAN_POINT('',(0.0357741533066612,0.0240157480315011,-0.114173888389909));
#1526=DIRECTION('',(-0.894427190999943,6.02426671621525E-016,-0.447213595499904));
#1527=DIRECTION('',(-0.447213595499904,-4.21308952114971E-032,0.894427190999943));
#1528=SURFACE_STYLE_FILL_AREA(#1801);
#1529=FILL_AREA_STYLE('',(#1802));
#1530=EDGE_CURVE('NONE',#1803,#1804,#1805,.T.);
#1531=EDGE_CURVE('NONE',#1803,#1806,#1807,.T.);
#1532=EDGE_CURVE('NONE',#1806,#1808,#1809,.T.);
#1533=EDGE_CURVE('NONE',#1808,#1810,#1811,.T.);
#1534=EDGE_CURVE('NONE',#1810,#1812,#1813,.T.);
#1535=EDGE_CURVE('NONE',#1812,#1814,#1815,.T.);
#1536=EDGE_CURVE('NONE',#1814,#1816,#1817,.T.);
#1537=EDGE_CURVE('NONE',#1816,#1818,#1819,.T.);
#1538=EDGE_CURVE('NONE',#1818,#1820,#1821,.T.);
#1539=EDGE_CURVE('NONE',#1820,#1822,#1823,.T.);
#1540=EDGE_CURVE('NONE',#1822,#1824,#1825,.T.);
#1541=EDGE_CURVE('NONE',#1824,#1804,#1826,.T.);
#1542=EDGE_CURVE('NONE',#1827,#1828,#1829,.T.);
#1543=EDGE_CURVE('NONE',#1828,#1830,#1831,.T.);
#1544=EDGE_CURVE('NONE',#1830,#1832,#1833,.T.);
#1545=EDGE_CURVE('NONE',#1832,#1827,#1834,.T.);
#1546=EDGE_CURVE('NONE',#1835,#1836,#1837,.T.);
#1547=EDGE_CURVE('NONE',#1836,#1838,#1839,.T.);
#1548=EDGE_CURVE('NONE',#1838,#1840,#1841,.T.);
#1549=EDGE_CURVE('NONE',#1840,#1835,#1842,.T.);
#1550=FILL_AREA_STYLE('',(#1843));
#1551=EDGE_CURVE('NONE',#1828,#1844,#1845,.T.);
#1552=EDGE_CURVE('NONE',#1844,#1846,#1847,.T.);
#1553=EDGE_CURVE('NONE',#1846,#1830,#1848,.T.);
#1554=FILL_AREA_STYLE('',(#1849));
#1555=EDGE_CURVE('NONE',#1827,#1850,#1851,.T.);
#1556=EDGE_CURVE('NONE',#1850,#1844,#1852,.T.);
#1557=FILL_AREA_STYLE('',(#1853));
#1558=EDGE_CURVE('NONE',#1832,#1854,#1855,.T.);
#1559=EDGE_CURVE('NONE',#1854,#1850,#1856,.T.);
#1560=FILL_AREA_STYLE('',(#1857));
#1561=EDGE_CURVE('NONE',#1846,#1854,#1858,.T.);
#1562=FILL_AREA_STYLE('',(#1859));
#1563=EDGE_CURVE('NONE',#1860,#1861,#1862,.T.);
#1564=EDGE_CURVE('NONE',#1861,#1824,#1863,.T.);
#1565=EDGE_CURVE('NONE',#1822,#1860,#1864,.T.);
#1566=FILL_AREA_STYLE('',(#1865));
#1567=EDGE_CURVE('NONE',#1866,#1867,#1868,.T.);
#1568=EDGE_CURVE('NONE',#1867,#1820,#1869,.T.);
#1569=EDGE_CURVE('NONE',#1818,#1866,#1870,.T.);
#1570=FILL_AREA_STYLE('',(#1871));
#1571=EDGE_CURVE('NONE',#1872,#1873,#1874,.T.);
#1572=EDGE_CURVE('NONE',#1873,#1812,#1875,.T.);
#1573=EDGE_CURVE('NONE',#1810,#1872,#1876,.T.);
#1574=FILL_AREA_STYLE('',(#1877));
#1575=EDGE_CURVE('NONE',#1878,#1879,#1880,.T.);
#1576=EDGE_CURVE('NONE',#1879,#1808,#1881,.T.);
#1577=EDGE_CURVE('NONE',#1806,#1878,#1882,.T.);
#1578=FILL_AREA_STYLE('',(#1883));
#1579=EDGE_CURVE('NONE',#1836,#1884,#1885,.T.);
#1580=EDGE_CURVE('NONE',#1884,#1886,#1887,.T.);
#1581=EDGE_CURVE('NONE',#1886,#1838,#1888,.T.);
#1582=FILL_AREA_STYLE('',(#1889));
#1583=EDGE_CURVE('NONE',#1835,#1890,#1891,.T.);
#1584=EDGE_CURVE('NONE',#1890,#1884,#1892,.T.);
#1585=FILL_AREA_STYLE('',(#1893));
#1586=EDGE_CURVE('NONE',#1840,#1894,#1895,.T.);
#1587=EDGE_CURVE('NONE',#1894,#1890,#1896,.T.);
#1588=FILL_AREA_STYLE('',(#1897));
#1589=EDGE_CURVE('NONE',#1886,#1894,#1898,.T.);
#1590=FILL_AREA_STYLE('',(#1899));
#1591=EDGE_CURVE('NONE',#1900,#1844,#1901,.T.);
#1592=EDGE_CURVE('NONE',#1902,#1900,#1903,.T.);
#1593=EDGE_CURVE('NONE',#1846,#1902,#1904,.T.);
#1594=FILL_AREA_STYLE('',(#1905));
#1595=EDGE_CURVE('NONE',#1906,#1861,#1907,.T.);
#1596=EDGE_CURVE('NONE',#1860,#1908,#1909,.T.);
#1597=EDGE_CURVE('NONE',#1906,#1908,#1910,.T.);
#1598=FILL_AREA_STYLE('',(#1911));
#1599=EDGE_CURVE('NONE',#1912,#1867,#1913,.T.);
#1600=EDGE_CURVE('NONE',#1866,#1914,#1915,.T.);
#1601=EDGE_CURVE('NONE',#1912,#1914,#1916,.T.);
#1602=FILL_AREA_STYLE('',(#1917));
#1603=EDGE_CURVE('NONE',#1918,#1873,#1919,.T.);
#1604=EDGE_CURVE('NONE',#1872,#1920,#1921,.T.);
#1605=EDGE_CURVE('NONE',#1918,#1920,#1922,.T.);
#1606=FILL_AREA_STYLE('',(#1923));
#1607=EDGE_CURVE('NONE',#1924,#1879,#1925,.T.);
#1608=EDGE_CURVE('NONE',#1878,#1926,#1927,.T.);
#1609=EDGE_CURVE('NONE',#1924,#1926,#1928,.T.);
#1610=FILL_AREA_STYLE('',(#1929));
#1611=EDGE_CURVE('NONE',#1930,#1884,#1931,.T.);
#1612=EDGE_CURVE('NONE',#1932,#1930,#1933,.T.);
#1613=EDGE_CURVE('NONE',#1886,#1932,#1934,.T.);
#1614=FILL_AREA_STYLE('',(#1935));
#1615=EDGE_CURVE('NONE',#1936,#1850,#1937,.T.);
#1616=EDGE_CURVE('NONE',#1900,#1936,#1938,.T.);
#1617=FILL_AREA_STYLE('',(#1939));
#1618=EDGE_CURVE('NONE',#1940,#1941,#1942,.T.);
#1619=EDGE_CURVE('NONE',#1941,#1943,#1944,.T.);
#1620=EDGE_CURVE('NONE',#1943,#1945,#1946,.T.);
#1621=EDGE_CURVE('NONE',#1945,#1947,#1948,.T.);
#1622=EDGE_CURVE('NONE',#1949,#1947,#1950,.T.);
#1623=EDGE_CURVE('NONE',#1949,#1951,#1952,.T.);
#1624=EDGE_CURVE('NONE',#1951,#1953,#1954,.T.);
#1625=EDGE_CURVE('NONE',#1953,#1940,#1955,.T.);
#1626=EDGE_CURVE('NONE',#1936,#1956,#1957,.T.);
#1627=EDGE_CURVE('NONE',#1956,#1902,#1958,.T.);
#1628=FILL_AREA_STYLE('',(#1959));
#1629=EDGE_CURVE('NONE',#1854,#1956,#1960,.T.);
#1630=FILL_AREA_STYLE('',(#1961));
#1631=EDGE_CURVE('NONE',#1930,#1962,#1963,.T.);
#1632=EDGE_CURVE('NONE',#1962,#1890,#1964,.T.);
#1633=FILL_AREA_STYLE('',(#1965));
#1634=EDGE_CURVE('NONE',#1966,#1967,#1968,.T.);
#1635=EDGE_CURVE('NONE',#1967,#1969,#1970,.T.);
#1636=EDGE_CURVE('NONE',#1969,#1971,#1972,.T.);
#1637=EDGE_CURVE('NONE',#1971,#1973,#1974,.T.);
#1638=EDGE_CURVE('NONE',#1975,#1973,#1976,.T.);
#1639=EDGE_CURVE('NONE',#1975,#1977,#1978,.T.);
#1640=EDGE_CURVE('NONE',#1977,#1979,#1980,.T.);
#1641=EDGE_CURVE('NONE',#1979,#1966,#1981,.T.);
#1642=EDGE_CURVE('NONE',#1962,#1982,#1983,.T.);
#1643=EDGE_CURVE('NONE',#1982,#1932,#1984,.T.);
#1644=FILL_AREA_STYLE('',(#1985));
#1645=EDGE_CURVE('NONE',#1894,#1982,#1986,.T.);
#1646=FILL_AREA_STYLE('',(#1987));
#1647=FILL_AREA_STYLE('',(#1988));
#1648=EDGE_CURVE('NONE',#1940,#1912,#1989,.T.);
#1649=EDGE_CURVE('NONE',#1914,#1941,#1990,.T.);
#1650=FILL_AREA_STYLE('',(#1991));
#1651=EDGE_CURVE('NONE',#1953,#1992,#1993,.T.);
#1652=EDGE_CURVE('NONE',#1951,#1994,#1995,.T.);
#1653=EDGE_CURVE('NONE',#1992,#1994,#1996,.T.);
#1654=FILL_AREA_STYLE('',(#1997));
#1655=EDGE_CURVE('NONE',#1998,#1943,#1999,.T.);
#1656=EDGE_CURVE('NONE',#2000,#1998,#2001,.T.);
#1657=EDGE_CURVE('NONE',#2000,#1945,#2002,.T.);
#1658=FILL_AREA_STYLE('',(#2003));
#1659=FILL_AREA_STYLE('',(#2004));
#1660=EDGE_CURVE('NONE',#1966,#1924,#2005,.T.);
#1661=EDGE_CURVE('NONE',#1926,#1967,#2006,.T.);
#1662=FILL_AREA_STYLE('',(#2007));
#1663=EDGE_CURVE('NONE',#1977,#2008,#2009,.T.);
#1664=EDGE_CURVE('NONE',#2010,#2008,#2011,.T.);
#1665=EDGE_CURVE('NONE',#1979,#2010,#2012,.T.);
#1666=FILL_AREA_STYLE('',(#2013));
#1667=EDGE_CURVE('NONE',#2014,#1971,#2015,.T.);
#1668=EDGE_CURVE('NONE',#2016,#1969,#2017,.T.);
#1669=EDGE_CURVE('NONE',#2014,#2016,#2018,.T.);
#1670=FILL_AREA_STYLE('',(#2019));
#1671=EDGE_CURVE('NONE',#1820,#1992,#2020,.T.);
#1672=FILL_AREA_STYLE('',(#2021));
#1673=EDGE_CURVE('NONE',#1998,#1818,#2022,.T.);
#1674=FILL_AREA_STYLE('',(#2023));
#1675=EDGE_CURVE('NONE',#1994,#2010,#2024,.T.);
#1676=EDGE_CURVE('NONE',#2008,#1992,#2025,.T.);
#1677=FILL_AREA_STYLE('',(#2026));
#1678=EDGE_CURVE('NONE',#2027,#2028,#2029,.T.);
#1679=EDGE_CURVE('NONE',#2028,#2000,#2030,.T.);
#1680=EDGE_CURVE('NONE',#1998,#2027,#2031,.T.);
#1681=FILL_AREA_STYLE('',(#2032));
#1682=EDGE_CURVE('NONE',#1808,#2010,#2033,.T.);
#1683=FILL_AREA_STYLE('',(#2034));
#1684=EDGE_CURVE('NONE',#2016,#1806,#2035,.T.);
#1685=FILL_AREA_STYLE('',(#2036));
#1686=EDGE_CURVE('NONE',#2037,#2038,#2039,.T.);
#1687=EDGE_CURVE('NONE',#2037,#2014,#2040,.T.);
#1688=EDGE_CURVE('NONE',#2016,#2038,#2041,.T.);
#1689=FILL_AREA_STYLE('',(#2042));
#1690=EDGE_CURVE('NONE',#1822,#2008,#2043,.T.);
#1691=FILL_AREA_STYLE('',(#2044));
#1692=EDGE_CURVE('NONE',#2027,#1816,#2045,.T.);
#1693=FILL_AREA_STYLE('',(#2046));
#1694=EDGE_CURVE('NONE',#1810,#1994,#2047,.T.);
#1695=FILL_AREA_STYLE('',(#2048));
#1696=EDGE_CURVE('NONE',#1803,#2038,#2049,.T.);
#1697=FILL_AREA_STYLE('',(#2050));
#1698=EDGE_CURVE('NONE',#1908,#1975,#2051,.T.);
#1699=FILL_AREA_STYLE('',(#2052));
#1700=EDGE_CURVE('NONE',#2028,#1814,#2053,.T.);
#1701=FILL_AREA_STYLE('',(#2054));
#1702=EDGE_CURVE('NONE',#1920,#1949,#2055,.T.);
#1703=FILL_AREA_STYLE('',(#2056));
#1704=EDGE_CURVE('NONE',#1973,#1906,#2057,.T.);
#1705=FILL_AREA_STYLE('',(#2058));
#1706=EDGE_CURVE('NONE',#2000,#1812,#2059,.T.);
#1707=FILL_AREA_STYLE('',(#2060));
#1708=EDGE_CURVE('NONE',#1947,#1918,#2061,.T.);
#1709=FILL_AREA_STYLE('',(#2062));
#1710=EDGE_CURVE('NONE',#1824,#2014,#2063,.T.);
#1711=FILL_AREA_STYLE('',(#2064));
#1712=FILL_AREA_STYLE('',(#2065));
#1713=EDGE_CURVE('NONE',#2037,#1804,#2066,.T.);
#1714=FILL_AREA_STYLE('',(#2067));
#1715=FILL_AREA_STYLE('',(#2068));
#1716=FILL_AREA_STYLE('',(#2069));
#1717=EDGE_CURVE('NONE',#2070,#2071,#2072,.T.);
#1718=EDGE_CURVE('NONE',#2073,#2071,#2074,.T.);
#1719=EDGE_CURVE('NONE',#2073,#2075,#2076,.T.);
#1720=EDGE_CURVE('NONE',#2070,#2075,#2077,.T.);
#1721=FILL_AREA_STYLE('',(#2078));
#1722=EDGE_CURVE('NONE',#2071,#2079,#2080,.T.);
#1723=EDGE_CURVE('NONE',#2081,#2079,#2082,.T.);
#1724=EDGE_CURVE('NONE',#2081,#2073,#2083,.T.);
#1725=FILL_AREA_STYLE('',(#2084));
#1726=EDGE_CURVE('NONE',#2075,#2085,#2086,.T.);
#1727=EDGE_CURVE('NONE',#2087,#2085,#2088,.T.);
#1728=EDGE_CURVE('NONE',#2087,#2070,#2089,.T.);
#1729=FILL_AREA_STYLE('',(#2090));
#1730=EDGE_CURVE('NONE',#2085,#2081,#2091,.T.);
#1731=EDGE_CURVE('NONE',#2079,#2087,#2092,.T.);
#1732=FILL_AREA_STYLE('',(#2093));
#1733=EDGE_CURVE('NONE',#2085,#2094,#2095,.T.);
#1734=EDGE_CURVE('NONE',#2094,#2096,#2097,.T.);
#1735=EDGE_CURVE('NONE',#2096,#2081,#2098,.T.);
#1736=FILL_AREA_STYLE('',(#2099));
#1737=EDGE_CURVE('NONE',#2075,#2100,#2101,.T.);
#1738=EDGE_CURVE('NONE',#2100,#2094,#2102,.T.);
#1739=FILL_AREA_STYLE('',(#2103));
#1740=EDGE_CURVE('NONE',#2104,#2073,#2105,.T.);
#1741=EDGE_CURVE('NONE',#2096,#2104,#2106,.T.);
#1742=FILL_AREA_STYLE('',(#2107));
#1743=EDGE_CURVE('NONE',#2104,#2100,#2108,.T.);
#1744=FILL_AREA_STYLE('',(#2109));
#1745=FILL_AREA_STYLE('',(#2110));
#1746=EDGE_CURVE('NONE',#2111,#2112,#2113,.T.);
#1747=EDGE_CURVE('NONE',#2114,#2111,#2115,.T.);
#1748=EDGE_CURVE('NONE',#2116,#2114,#2117,.T.);
#1749=EDGE_CURVE('NONE',#2112,#2116,#2118,.T.);
#1750=FILL_AREA_STYLE('',(#2119));
#1751=EDGE_CURVE('NONE',#2114,#2070,#2120,.T.);
#1752=EDGE_CURVE('NONE',#2071,#2111,#2121,.T.);
#1753=FILL_AREA_STYLE('',(#2122));
#1754=EDGE_CURVE('NONE',#2079,#2112,#2123,.T.);
#1755=FILL_AREA_STYLE('',(#2124));
#1756=EDGE_CURVE('NONE',#2116,#2087,#2125,.T.);
#1757=FILL_AREA_STYLE('',(#2126));
#1758=FILL_AREA_STYLE('',(#2127));
#1759=FILL_AREA_STYLE('',(#2128));
#1760=EDGE_CURVE('NONE',#2129,#2130,#2131,.T.);
#1761=EDGE_CURVE('NONE',#2132,#2130,#2133,.T.);
#1762=EDGE_CURVE('NONE',#2132,#2134,#2135,.T.);
#1763=EDGE_CURVE('NONE',#2129,#2134,#2136,.T.);
#1764=FILL_AREA_STYLE('',(#2137));
#1765=EDGE_CURVE('NONE',#2130,#2138,#2139,.T.);
#1766=EDGE_CURVE('NONE',#2140,#2138,#2141,.T.);
#1767=EDGE_CURVE('NONE',#2140,#2132,#2142,.T.);
#1768=FILL_AREA_STYLE('',(#2143));
#1769=EDGE_CURVE('NONE',#2134,#2144,#2145,.T.);
#1770=EDGE_CURVE('NONE',#2146,#2144,#2147,.T.);
#1771=EDGE_CURVE('NONE',#2146,#2129,#2148,.T.);
#1772=FILL_AREA_STYLE('',(#2149));
#1773=EDGE_CURVE('NONE',#2144,#2140,#2150,.T.);
#1774=EDGE_CURVE('NONE',#2138,#2146,#2151,.T.);
#1775=FILL_AREA_STYLE('',(#2152));
#1776=EDGE_CURVE('NONE',#2144,#2153,#2154,.T.);
#1777=EDGE_CURVE('NONE',#2153,#2155,#2156,.T.);
#1778=EDGE_CURVE('NONE',#2155,#2140,#2157,.T.);
#1779=FILL_AREA_STYLE('',(#2158));
#1780=EDGE_CURVE('NONE',#2134,#2159,#2160,.T.);
#1781=EDGE_CURVE('NONE',#2159,#2153,#2161,.T.);
#1782=FILL_AREA_STYLE('',(#2162));
#1783=EDGE_CURVE('NONE',#2163,#2132,#2164,.T.);
#1784=EDGE_CURVE('NONE',#2155,#2163,#2165,.T.);
#1785=FILL_AREA_STYLE('',(#2166));
#1786=EDGE_CURVE('NONE',#2163,#2159,#2167,.T.);
#1787=FILL_AREA_STYLE('',(#2168));
#1788=FILL_AREA_STYLE('',(#2169));
#1789=EDGE_CURVE('NONE',#2170,#2171,#2172,.T.);
#1790=EDGE_CURVE('NONE',#2173,#2170,#2174,.T.);
#1791=EDGE_CURVE('NONE',#2175,#2173,#2176,.T.);
#1792=EDGE_CURVE('NONE',#2171,#2175,#2177,.T.);
#1793=FILL_AREA_STYLE('',(#2178));
#1794=EDGE_CURVE('NONE',#2173,#2129,#2179,.T.);
#1795=EDGE_CURVE('NONE',#2130,#2170,#2180,.T.);
#1796=FILL_AREA_STYLE('',(#2181));
#1797=EDGE_CURVE('NONE',#2138,#2171,#2182,.T.);
#1798=FILL_AREA_STYLE('',(#2183));
#1799=EDGE_CURVE('NONE',#2175,#2146,#2184,.T.);
#1800=FILL_AREA_STYLE('',(#2185));
#1801=FILL_AREA_STYLE('',(#2186));
#1802=FILL_AREA_STYLE_COLOUR('',#2187);
#1803=VERTEX_POINT('NONE',#2188);
#1804=VERTEX_POINT('NONE',#2189);
#1805=LINE('',#2190,#2191);
#1806=VERTEX_POINT('NONE',#2192);
#1807=LINE('',#2193,#2194);
#1808=VERTEX_POINT('NONE',#2195);
#1809=LINE('',#2196,#2197);
#1810=VERTEX_POINT('NONE',#2198);
#1811=LINE('',#2199,#2200);
#1812=VERTEX_POINT('NONE',#2201);
#1813=LINE('',#2202,#2203);
#1814=VERTEX_POINT('NONE',#2204);
#1815=LINE('',#2205,#2206);
#1816=VERTEX_POINT('NONE',#2207);
#1817=LINE('',#2208,#2209);
#1818=VERTEX_POINT('NONE',#2210);
#1819=LINE('',#2211,#2212);
#1820=VERTEX_POINT('NONE',#2213);
#1821=LINE('',#2214,#2215);
#1822=VERTEX_POINT('NONE',#2216);
#1823=LINE('',#2217,#2218);
#1824=VERTEX_POINT('NONE',#2219);
#1825=LINE('',#2220,#2221);
#1826=LINE('',#2222,#2223);
#1827=VERTEX_POINT('NONE',#2224);
#1828=VERTEX_POINT('NONE',#2225);
#1829=LINE('',#2226,#2227);
#1830=VERTEX_POINT('NONE',#2228);
#1831=LINE('',#2229,#2230);
#1832=VERTEX_POINT('NONE',#2231);
#1833=LINE('',#2232,#2233);
#1834=LINE('',#2234,#2235);
#1835=VERTEX_POINT('NONE',#2236);
#1836=VERTEX_POINT('NONE',#2237);
#1837=LINE('',#2238,#2239);
#1838=VERTEX_POINT('NONE',#2240);
#1839=LINE('',#2241,#2242);
#1840=VERTEX_POINT('NONE',#2243);
#1841=LINE('',#2244,#2245);
#1842=LINE('',#2246,#2247);
#1843=FILL_AREA_STYLE_COLOUR('',#2248);
#1844=VERTEX_POINT('NONE',#2249);
#1845=LINE('',#2250,#2251);
#1846=VERTEX_POINT('NONE',#2252);
#1847=LINE('',#2253,#2254);
#1848=LINE('',#2255,#2256);
#1849=FILL_AREA_STYLE_COLOUR('',#2257);
#1850=VERTEX_POINT('NONE',#2258);
#1851=LINE('',#2259,#2260);
#1852=LINE('',#2261,#2262);
#1853=FILL_AREA_STYLE_COLOUR('',#2263);
#1854=VERTEX_POINT('NONE',#2264);
#1855=LINE('',#2265,#2266);
#1856=LINE('',#2267,#2268);
#1857=FILL_AREA_STYLE_COLOUR('',#2269);
#1858=LINE('',#2270,#2271);
#1859=FILL_AREA_STYLE_COLOUR('',#2272);
#1860=VERTEX_POINT('NONE',#2273);
#1861=VERTEX_POINT('NONE',#2274);
#1862=LINE('',#2275,#2276);
#1863=LINE('',#2277,#2278);
#1864=LINE('',#2279,#2280);
#1865=FILL_AREA_STYLE_COLOUR('',#2281);
#1866=VERTEX_POINT('NONE',#2282);
#1867=VERTEX_POINT('NONE',#2283);
#1868=LINE('',#2284,#2285);
#1869=LINE('',#2286,#2287);
#1870=LINE('',#2288,#2289);
#1871=FILL_AREA_STYLE_COLOUR('',#2290);
#1872=VERTEX_POINT('NONE',#2291);
#1873=VERTEX_POINT('NONE',#2292);
#1874=LINE('',#2293,#2294);
#1875=LINE('',#2295,#2296);
#1876=LINE('',#2297,#2298);
#1877=FILL_AREA_STYLE_COLOUR('',#2299);
#1878=VERTEX_POINT('NONE',#2300);
#1879=VERTEX_POINT('NONE',#2301);
#1880=LINE('',#2302,#2303);
#1881=LINE('',#2304,#2305);
#1882=LINE('',#2306,#2307);
#1883=FILL_AREA_STYLE_COLOUR('',#2308);
#1884=VERTEX_POINT('NONE',#2309);
#1885=LINE('',#2310,#2311);
#1886=VERTEX_POINT('NONE',#2312);
#1887=LINE('',#2313,#2314);
#1888=LINE('',#2315,#2316);
#1889=FILL_AREA_STYLE_COLOUR('',#2317);
#1890=VERTEX_POINT('NONE',#2318);
#1891=LINE('',#2319,#2320);
#1892=LINE('',#2321,#2322);
#1893=FILL_AREA_STYLE_COLOUR('',#2323);
#1894=VERTEX_POINT('NONE',#2324);
#1895=LINE('',#2325,#2326);
#1896=LINE('',#2327,#2328);
#1897=FILL_AREA_STYLE_COLOUR('',#2329);
#1898=LINE('',#2330,#2331);
#1899=FILL_AREA_STYLE_COLOUR('',#2332);
#1900=VERTEX_POINT('NONE',#2333);
#1901=LINE('',#2334,#2335);
#1902=VERTEX_POINT('NONE',#2336);
#1903=LINE('',#2337,#2338);
#1904=LINE('',#2339,#2340);
#1905=FILL_AREA_STYLE_COLOUR('',#2341);
#1906=VERTEX_POINT('NONE',#2342);
#1907=LINE('',#2343,#2344);
#1908=VERTEX_POINT('NONE',#2345);
#1909=LINE('',#2346,#2347);
#1910=LINE('',#2348,#2349);
#1911=FILL_AREA_STYLE_COLOUR('',#2350);
#1912=VERTEX_POINT('NONE',#2351);
#1913=LINE('',#2352,#2353);
#1914=VERTEX_POINT('NONE',#2354);
#1915=LINE('',#2355,#2356);
#1916=LINE('',#2357,#2358);
#1917=FILL_AREA_STYLE_COLOUR('',#2359);
#1918=VERTEX_POINT('NONE',#2360);
#1919=LINE('',#2361,#2362);
#1920=VERTEX_POINT('NONE',#2363);
#1921=LINE('',#2364,#2365);
#1922=LINE('',#2366,#2367);
#1923=FILL_AREA_STYLE_COLOUR('',#2368);
#1924=VERTEX_POINT('NONE',#2369);
#1925=LINE('',#2370,#2371);
#1926=VERTEX_POINT('NONE',#2372);
#1927=LINE('',#2373,#2374);
#1928=LINE('',#2375,#2376);
#1929=FILL_AREA_STYLE_COLOUR('',#2377);
#1930=VERTEX_POINT('NONE',#2378);
#1931=LINE('',#2379,#2380);
#1932=VERTEX_POINT('NONE',#2381);
#1933=LINE('',#2382,#2383);
#1934=LINE('',#2384,#2385);
#1935=FILL_AREA_STYLE_COLOUR('',#2386);
#1936=VERTEX_POINT('NONE',#2387);
#1937=LINE('',#2388,#2389);
#1938=LINE('',#2390,#2391);
#1939=FILL_AREA_STYLE_COLOUR('',#2392);
#1940=VERTEX_POINT('NONE',#2393);
#1941=VERTEX_POINT('NONE',#2394);
#1942=LINE('',#2395,#2396);
#1943=VERTEX_POINT('NONE',#2397);
#1944=LINE('',#2398,#2399);
#1945=VERTEX_POINT('NONE',#2400);
#1946=LINE('',#2401,#2402);
#1947=VERTEX_POINT('NONE',#2403);
#1948=LINE('',#2404,#2405);
#1949=VERTEX_POINT('NONE',#2406);
#1950=LINE('',#2407,#2408);
#1951=VERTEX_POINT('NONE',#2409);
#1952=LINE('',#2410,#2411);
#1953=VERTEX_POINT('NONE',#2412);
#1954=LINE('',#2413,#2414);
#1955=LINE('',#2415,#2416);
#1956=VERTEX_POINT('NONE',#2417);
#1957=LINE('',#2418,#2419);
#1958=LINE('',#2420,#2421);
#1959=FILL_AREA_STYLE_COLOUR('',#2422);
#1960=LINE('',#2423,#2424);
#1961=FILL_AREA_STYLE_COLOUR('',#2425);
#1962=VERTEX_POINT('NONE',#2426);
#1963=LINE('',#2427,#2428);
#1964=LINE('',#2429,#2430);
#1965=FILL_AREA_STYLE_COLOUR('',#2431);
#1966=VERTEX_POINT('NONE',#2432);
#1967=VERTEX_POINT('NONE',#2433);
#1968=LINE('',#2434,#2435);
#1969=VERTEX_POINT('NONE',#2436);
#1970=LINE('',#2437,#2438);
#1971=VERTEX_POINT('NONE',#2439);
#1972=LINE('',#2440,#2441);
#1973=VERTEX_POINT('NONE',#2442);
#1974=LINE('',#2443,#2444);
#1975=VERTEX_POINT('NONE',#2445);
#1976=LINE('',#2446,#2447);
#1977=VERTEX_POINT('NONE',#2448);
#1978=LINE('',#2449,#2450);
#1979=VERTEX_POINT('NONE',#2451);
#1980=LINE('',#2452,#2453);
#1981=LINE('',#2454,#2455);
#1982=VERTEX_POINT('NONE',#2456);
#1983=LINE('',#2457,#2458);
#1984=LINE('',#2459,#2460);
#1985=FILL_AREA_STYLE_COLOUR('',#2461);
#1986=LINE('',#2462,#2463);
#1987=FILL_AREA_STYLE_COLOUR('',#2464);
#1988=FILL_AREA_STYLE_COLOUR('',#2465);
#1989=LINE('',#2466,#2467);
#1990=LINE('',#2468,#2469);
#1991=FILL_AREA_STYLE_COLOUR('',#2470);
#1992=VERTEX_POINT('NONE',#2471);
#1993=LINE('',#2472,#2473);
#1994=VERTEX_POINT('NONE',#2474);
#1995=LINE('',#2475,#2476);
#1996=LINE('',#2477,#2478);
#1997=FILL_AREA_STYLE_COLOUR('',#2479);
#1998=VERTEX_POINT('NONE',#2480);
#1999=LINE('',#2481,#2482);
#2000=VERTEX_POINT('NONE',#2483);
#2001=LINE('',#2484,#2485);
#2002=LINE('',#2486,#2487);
#2003=FILL_AREA_STYLE_COLOUR('',#2488);
#2004=FILL_AREA_STYLE_COLOUR('',#2489);
#2005=LINE('',#2490,#2491);
#2006=LINE('',#2492,#2493);
#2007=FILL_AREA_STYLE_COLOUR('',#2494);
#2008=VERTEX_POINT('NONE',#2495);
#2009=LINE('',#2496,#2497);
#2010=VERTEX_POINT('NONE',#2498);
#2011=LINE('',#2499,#2500);
#2012=LINE('',#2501,#2502);
#2013=FILL_AREA_STYLE_COLOUR('',#2503);
#2014=VERTEX_POINT('NONE',#2504);
#2015=LINE('',#2505,#2506);
#2016=VERTEX_POINT('NONE',#2507);
#2017=LINE('',#2508,#2509);
#2018=LINE('',#2510,#2511);
#2019=FILL_AREA_STYLE_COLOUR('',#2512);
#2020=LINE('',#2513,#2514);
#2021=FILL_AREA_STYLE_COLOUR('',#2515);
#2022=LINE('',#2516,#2517);
#2023=FILL_AREA_STYLE_COLOUR('',#2518);
#2024=LINE('',#2519,#2520);
#2025=LINE('',#2521,#2522);
#2026=FILL_AREA_STYLE_COLOUR('',#2523);
#2027=VERTEX_POINT('NONE',#2524);
#2028=VERTEX_POINT('NONE',#2525);
#2029=LINE('',#2526,#2527);
#2030=LINE('',#2528,#2529);
#2031=LINE('',#2530,#2531);
#2032=FILL_AREA_STYLE_COLOUR('',#2532);
#2033=LINE('',#2533,#2534);
#2034=FILL_AREA_STYLE_COLOUR('',#2535);
#2035=LINE('',#2536,#2537);
#2036=FILL_AREA_STYLE_COLOUR('',#2538);
#2037=VERTEX_POINT('NONE',#2539);
#2038=VERTEX_POINT('NONE',#2540);
#2039=LINE('',#2541,#2542);
#2040=LINE('',#2543,#2544);
#2041=LINE('',#2545,#2546);
#2042=FILL_AREA_STYLE_COLOUR('',#2547);
#2043=LINE('',#2548,#2549);
#2044=FILL_AREA_STYLE_COLOUR('',#2550);
#2045=LINE('',#2551,#2552);
#2046=FILL_AREA_STYLE_COLOUR('',#2553);
#2047=LINE('',#2554,#2555);
#2048=FILL_AREA_STYLE_COLOUR('',#2556);
#2049=LINE('',#2557,#2558);
#2050=FILL_AREA_STYLE_COLOUR('',#2559);
#2051=LINE('',#2560,#2561);
#2052=FILL_AREA_STYLE_COLOUR('',#2562);
#2053=LINE('',#2563,#2564);
#2054=FILL_AREA_STYLE_COLOUR('',#2565);
#2055=LINE('',#2566,#2567);
#2056=FILL_AREA_STYLE_COLOUR('',#2568);
#2057=LINE('',#2569,#2570);
#2058=FILL_AREA_STYLE_COLOUR('',#2571);
#2059=LINE('',#2572,#2573);
#2060=FILL_AREA_STYLE_COLOUR('',#2574);
#2061=LINE('',#2575,#2576);
#2062=FILL_AREA_STYLE_COLOUR('',#2577);
#2063=LINE('',#2578,#2579);
#2064=FILL_AREA_STYLE_COLOUR('',#2580);
#2065=FILL_AREA_STYLE_COLOUR('',#2581);
#2066=LINE('',#2582,#2583);
#2067=FILL_AREA_STYLE_COLOUR('',#2584);
#2068=FILL_AREA_STYLE_COLOUR('',#2585);
#2069=FILL_AREA_STYLE_COLOUR('',#2586);
#2070=VERTEX_POINT('NONE',#2587);
#2071=VERTEX_POINT('NONE',#2588);
#2072=LINE('',#2589,#2590);
#2073=VERTEX_POINT('NONE',#2591);
#2074=LINE('',#2592,#2593);
#2075=VERTEX_POINT('NONE',#2594);
#2076=LINE('',#2595,#2596);
#2077=LINE('',#2597,#2598);
#2078=FILL_AREA_STYLE_COLOUR('',#2599);
#2079=VERTEX_POINT('NONE',#2600);
#2080=LINE('',#2601,#2602);
#2081=VERTEX_POINT('NONE',#2603);
#2082=LINE('',#2604,#2605);
#2083=LINE('',#2606,#2607);
#2084=FILL_AREA_STYLE_COLOUR('',#2608);
#2085=VERTEX_POINT('NONE',#2609);
#2086=LINE('',#2610,#2611);
#2087=VERTEX_POINT('NONE',#2612);
#2088=LINE('',#2613,#2614);
#2089=LINE('',#2615,#2616);
#2090=FILL_AREA_STYLE_COLOUR('',#2617);
#2091=LINE('',#2618,#2619);
#2092=LINE('',#2620,#2621);
#2093=FILL_AREA_STYLE_COLOUR('',#2622);
#2094=VERTEX_POINT('NONE',#2623);
#2095=LINE('',#2624,#2625);
#2096=VERTEX_POINT('NONE',#2626);
#2097=LINE('',#2627,#2628);
#2098=LINE('',#2629,#2630);
#2099=FILL_AREA_STYLE_COLOUR('',#2631);
#2100=VERTEX_POINT('NONE',#2632);
#2101=LINE('',#2633,#2634);
#2102=LINE('',#2635,#2636);
#2103=FILL_AREA_STYLE_COLOUR('',#2637);
#2104=VERTEX_POINT('NONE',#2638);
#2105=LINE('',#2639,#2640);
#2106=LINE('',#2641,#2642);
#2107=FILL_AREA_STYLE_COLOUR('',#2643);
#2108=LINE('',#2644,#2645);
#2109=FILL_AREA_STYLE_COLOUR('',#2646);
#2110=FILL_AREA_STYLE_COLOUR('',#2647);
#2111=VERTEX_POINT('NONE',#2648);
#2112=VERTEX_POINT('NONE',#2649);
#2113=LINE('',#2650,#2651);
#2114=VERTEX_POINT('NONE',#2652);
#2115=LINE('',#2653,#2654);
#2116=VERTEX_POINT('NONE',#2655);
#2117=LINE('',#2656,#2657);
#2118=LINE('',#2658,#2659);
#2119=FILL_AREA_STYLE_COLOUR('',#2660);
#2120=LINE('',#2661,#2662);
#2121=LINE('',#2663,#2664);
#2122=FILL_AREA_STYLE_COLOUR('',#2665);
#2123=LINE('',#2666,#2667);
#2124=FILL_AREA_STYLE_COLOUR('',#2668);
#2125=LINE('',#2669,#2670);
#2126=FILL_AREA_STYLE_COLOUR('',#2671);
#2127=FILL_AREA_STYLE_COLOUR('',#2672);
#2128=FILL_AREA_STYLE_COLOUR('',#2673);
#2129=VERTEX_POINT('NONE',#2674);
#2130=VERTEX_POINT('NONE',#2675);
#2131=LINE('',#2676,#2677);
#2132=VERTEX_POINT('NONE',#2678);
#2133=LINE('',#2679,#2680);
#2134=VERTEX_POINT('NONE',#2681);
#2135=LINE('',#2682,#2683);
#2136=LINE('',#2684,#2685);
#2137=FILL_AREA_STYLE_COLOUR('',#2686);
#2138=VERTEX_POINT('NONE',#2687);
#2139=LINE('',#2688,#2689);
#2140=VERTEX_POINT('NONE',#2690);
#2141=LINE('',#2691,#2692);
#2142=LINE('',#2693,#2694);
#2143=FILL_AREA_STYLE_COLOUR('',#2695);
#2144=VERTEX_POINT('NONE',#2696);
#2145=LINE('',#2697,#2698);
#2146=VERTEX_POINT('NONE',#2699);
#2147=LINE('',#2700,#2701);
#2148=LINE('',#2702,#2703);
#2149=FILL_AREA_STYLE_COLOUR('',#2704);
#2150=LINE('',#2705,#2706);
#2151=LINE('',#2707,#2708);
#2152=FILL_AREA_STYLE_COLOUR('',#2709);
#2153=VERTEX_POINT('NONE',#2710);
#2154=LINE('',#2711,#2712);
#2155=VERTEX_POINT('NONE',#2713);
#2156=LINE('',#2714,#2715);
#2157=LINE('',#2716,#2717);
#2158=FILL_AREA_STYLE_COLOUR('',#2718);
#2159=VERTEX_POINT('NONE',#2719);
#2160=LINE('',#2720,#2721);
#2161=LINE('',#2722,#2723);
#2162=FILL_AREA_STYLE_COLOUR('',#2724);
#2163=VERTEX_POINT('NONE',#2725);
#2164=LINE('',#2726,#2727);
#2165=LINE('',#2728,#2729);
#2166=FILL_AREA_STYLE_COLOUR('',#2730);
#2167=LINE('',#2731,#2732);
#2168=FILL_AREA_STYLE_COLOUR('',#2733);
#2169=FILL_AREA_STYLE_COLOUR('',#2734);
#2170=VERTEX_POINT('NONE',#2735);
#2171=VERTEX_POINT('NONE',#2736);
#2172=LINE('',#2737,#2738);
#2173=VERTEX_POINT('NONE',#2739);
#2174=LINE('',#2740,#2741);
#2175=VERTEX_POINT('NONE',#2742);
#2176=LINE('',#2743,#2744);
#2177=LINE('',#2745,#2746);
#2178=FILL_AREA_STYLE_COLOUR('',#2747);
#2179=LINE('',#2748,#2749);
#2180=LINE('',#2750,#2751);
#2181=FILL_AREA_STYLE_COLOUR('',#2752);
#2182=LINE('',#2753,#2754);
#2183=FILL_AREA_STYLE_COLOUR('',#2755);
#2184=LINE('',#2756,#2757);
#2185=FILL_AREA_STYLE_COLOUR('',#2758);
#2186=FILL_AREA_STYLE_COLOUR('',#2759);
#2187=COLOUR_RGB('',0.0,0.0,0.0);
#2188=CARTESIAN_POINT('',(-0.00458017740199482,0.0606299212598388,0.0196850393700774));
#2189=CARTESIAN_POINT('',(-0.00458017740199482,-4.47585975281953E-015,0.0196850393700776));
#2190=CARTESIAN_POINT('',(-0.00458017740199482,0.0,0.0196850393700776));
#2191=VECTOR('',#2760,1000.0);
#2192=CARTESIAN_POINT('',(0.0,0.0606299212598388,0.0196850393700775));
#2193=CARTESIAN_POINT('',(0.190839645196014,0.0606299212598388,0.0196850393700774));
#2194=VECTOR('',#2761,1000.0);
#2195=CARTESIAN_POINT('',(0.0908396451960156,0.0606299212598388,0.0196850393700775));
#2196=CARTESIAN_POINT('',(-2.204580177402,0.0606299212598388,0.0196850393700773));
#2197=VECTOR('',#2762,1000.0);
#2198=CARTESIAN_POINT('',(0.0999999999999986,0.0606299212598388,0.0196850393700775));
#2199=CARTESIAN_POINT('',(0.190839645196014,0.0606299212598388,0.0196850393700774));
#2200=VECTOR('',#2763,1000.0);
#2201=CARTESIAN_POINT('',(0.190839645196016,0.0606299212598388,0.0196850393700775));
#2202=CARTESIAN_POINT('',(-2.204580177402,0.0606299212598388,0.0196850393700773));
#2203=VECTOR('',#2764,1000.0);
#2204=CARTESIAN_POINT('',(0.195419822598009,0.0606299212598388,0.0196850393700775));
#2205=CARTESIAN_POINT('',(0.190839645196014,0.0606299212598388,0.0196850393700774));
#2206=VECTOR('',#2765,1000.0);
#2207=CARTESIAN_POINT('',(0.195419822598009,0.0,0.0196850393700774));
#2208=CARTESIAN_POINT('',(0.195419822598009,0.0295275590551136,0.0196850393700773));
#2209=VECTOR('',#2766,1000.0);
#2210=CARTESIAN_POINT('',(0.190839645196016,-4.47585975281953E-015,0.0196850393700775));
#2211=CARTESIAN_POINT('',(0.190839645196014,0.0,0.0196850393700773));
#2212=VECTOR('',#2767,1000.0);
#2213=CARTESIAN_POINT('',(0.0999999999999986,0.0,0.0196850393700776));
#2214=CARTESIAN_POINT('',(-2.204580177402,0.0,0.0196850393700773));
#2215=VECTOR('',#2768,1000.0);
#2216=CARTESIAN_POINT('',(0.0908396451960156,0.0,0.0196850393700776));
#2217=CARTESIAN_POINT('',(0.190839645196014,0.0,0.0196850393700776));
#2218=VECTOR('',#2769,1000.0);
#2219=CARTESIAN_POINT('',(-4.47585975281953E-015,0.0,0.0196850393700776));
#2220=CARTESIAN_POINT('',(-2.204580177402,0.0,0.0196850393700773));
#2221=VECTOR('',#2770,1000.0);
#2222=CARTESIAN_POINT('',(0.190839645196014,0.0,0.0196850393700776));
#2223=VECTOR('',#2771,1000.0);
#2224=CARTESIAN_POINT('',(0.124947381653124,0.0507874015748017,0.0196850393700785));
#2225=CARTESIAN_POINT('',(0.124947381653126,0.00984251968503713,0.0196850393700796));
#2226=CARTESIAN_POINT('',(0.124947381653126,0.0,0.0196850393700776));
#2227=VECTOR('',#2772,1000.0);
#2228=CARTESIAN_POINT('',(0.165892263542891,0.00984251968503713,0.0196850393700767));
#2229=CARTESIAN_POINT('',(-2.204580177402,0.00984251968503713,0.0196850393700773));
#2230=VECTOR('',#2773,1000.0);
#2231=CARTESIAN_POINT('',(0.165892263542891,0.0507874015748017,0.0196850393700761));
#2232=CARTESIAN_POINT('',(0.165892263542891,0.0,0.0196850393700776));
#2233=VECTOR('',#2774,1000.0);
#2234=CARTESIAN_POINT('',(-2.204580177402,0.0507874015748017,0.0196850393700773));
#2235=VECTOR('',#2775,1000.0);
#2236=CARTESIAN_POINT('',(0.0658922635428923,0.00984251968503713,0.0196850393700781));
#2237=CARTESIAN_POINT('',(0.0658922635428923,0.0507874015748017,0.019685039370076));
#2238=CARTESIAN_POINT('',(0.0658922635428923,0.0,0.0196850393700776));
#2239=VECTOR('',#2776,1000.0);
#2240=CARTESIAN_POINT('',(0.0249473816531233,0.0507874015748017,0.0196850393700783));
#2241=CARTESIAN_POINT('',(-2.204580177402,0.0507874015748017,0.0196850393700773));
#2242=VECTOR('',#2777,1000.0);
#2243=CARTESIAN_POINT('',(0.0249473816531278,0.00984251968503713,0.0196850393700788));
#2244=CARTESIAN_POINT('',(0.0249473816531278,0.0,0.0196850393700776));
#2245=VECTOR('',#2778,1000.0);
#2246=CARTESIAN_POINT('',(-2.204580177402,0.00984251968503713,0.0196850393700773));
#2247=VECTOR('',#2779,1000.0);
#2248=COLOUR_RGB('',0.0,0.0,0.0);
#2249=CARTESIAN_POINT('',(0.13282139740116,0.0177165354330682,0.0275590551181115));
#2250=CARTESIAN_POINT('',(0.124947381653126,0.00984251968503713,0.0196850393700781));
#2251=VECTOR('',#2780,1000.0);
#2252=CARTESIAN_POINT('',(0.158018247794855,0.0177165354330682,0.0275590551181104));
#2253=CARTESIAN_POINT('',(0.164120609999581,0.0177165354330682,0.0275590551181114));
#2254=VECTOR('',#2781,1000.0);
#2255=CARTESIAN_POINT('',(0.158018247794855,0.0177165354330682,0.0275590551181114));
#2256=VECTOR('',#2782,1000.0);
#2257=COLOUR_RGB('',0.0,0.0,0.0);
#2258=CARTESIAN_POINT('',(0.13282139740116,0.0429133858267684,0.027559055118111));
#2259=CARTESIAN_POINT('',(0.124947381653124,0.0507874015748017,0.0196850393700803));
#2260=VECTOR('',#2783,1000.0);
#2261=CARTESIAN_POINT('',(0.13282139740116,0.0421259842519682,0.0275590551181106));
#2262=VECTOR('',#2784,1000.0);
#2263=COLOUR_RGB('',0.0,0.0,0.0);
#2264=CARTESIAN_POINT('',(0.158018247794855,0.0429133858267684,0.0275590551181105));
#2265=CARTESIAN_POINT('',(0.165892263542891,0.0507874015748017,0.0196850393700781));
#2266=VECTOR('',#2785,1000.0);
#2267=CARTESIAN_POINT('',(0.158018247794855,0.0429133858267684,0.0275590551181106));
#2268=VECTOR('',#2786,1000.0);
#2269=COLOUR_RGB('',0.0,0.0,0.0);
#2270=CARTESIAN_POINT('',(0.158018247794855,0.016929133858268,0.0275590551181106));
#2271=VECTOR('',#2787,1000.0);
#2272=COLOUR_RGB('',0.0,0.0,0.0);
#2273=CARTESIAN_POINT('',(0.0908396451960156,0.0,-1.43367382707501E-015));
#2274=CARTESIAN_POINT('',(-4.47585975281953E-015,0.0,-1.43367382707501E-015));
#2275=CARTESIAN_POINT('',(0.0954198225980082,0.0,-1.43367382707501E-015));
#2276=VECTOR('',#2788,1000.0);
#2277=CARTESIAN_POINT('',(-2.23792987640976E-015,0.0,0.0984251968503923));
#2278=VECTOR('',#2789,1000.0);
#2279=CARTESIAN_POINT('',(0.0908396451960156,0.0,0.0984251968503923));
#2280=VECTOR('',#2790,1000.0);
#2281=COLOUR_RGB('',0.0,0.0,0.0);
#2282=CARTESIAN_POINT('',(0.190839645196016,-4.47585975281953E-015,-1.43367382707501E-015));
#2283=CARTESIAN_POINT('',(0.0999999999999986,-4.47585975281953E-015,-1.43367382707501E-015));
#2284=CARTESIAN_POINT('',(0.195419822598009,0.0,-1.43367382707501E-015));
#2285=VECTOR('',#2791,1000.0);
#2286=CARTESIAN_POINT('',(0.0999999999999986,-4.47585975281953E-015,0.0984251968503923));
#2287=VECTOR('',#2792,1000.0);
#2288=CARTESIAN_POINT('',(0.190839645196016,-4.47585975281953E-015,0.0984251968503923));
#2289=VECTOR('',#2793,1000.0);
#2290=COLOUR_RGB('',0.0,0.0,0.0);
#2291=CARTESIAN_POINT('',(0.0999999999999986,0.0606299212598388,-1.43367382707501E-015));
#2292=CARTESIAN_POINT('',(0.190839645196016,0.0606299212598433,-1.43367382707501E-015));
#2293=CARTESIAN_POINT('',(0.195419822598009,0.0606299212598388,-1.43367382707501E-015));
#2294=VECTOR('',#2794,1000.0);
#2295=CARTESIAN_POINT('',(0.190839645196016,0.0606299212598433,0.0984251968503923));
#2296=VECTOR('',#2795,1000.0);
#2297=CARTESIAN_POINT('',(0.0999999999999986,0.0606299212598388,0.0984251968503923));
#2298=VECTOR('',#2796,1000.0);
#2299=COLOUR_RGB('',0.0,0.0,0.0);
#2300=CARTESIAN_POINT('',(-2.23792987640976E-015,0.0606299212598388,-1.43367382707501E-015));
#2301=CARTESIAN_POINT('',(0.0908396451960156,0.0606299212598388,-1.43367382707501E-015));
#2302=CARTESIAN_POINT('',(0.0954198225980082,0.0606299212598388,-1.43367382707501E-015));
#2303=VECTOR('',#2797,1000.0);
#2304=CARTESIAN_POINT('',(0.0908396451960156,0.0606299212598388,0.0984251968503923));
#2305=VECTOR('',#2798,1000.0);
#2306=CARTESIAN_POINT('',(0.0,0.0606299212598388,0.0984251968503923));
#2307=VECTOR('',#2799,1000.0);
#2308=COLOUR_RGB('',0.0,0.0,0.0);
#2309=CARTESIAN_POINT('',(0.0580182477948546,0.0429133858267684,0.0275590551181099));
#2310=CARTESIAN_POINT('',(0.0658922635428923,0.0507874015748017,0.0196850393700781));
#2311=VECTOR('',#2800,1000.0);
#2312=CARTESIAN_POINT('',(0.0328213974011521,0.0429133858267684,0.0275590551181099));
#2313=CARTESIAN_POINT('',(0.076719035196428,0.0429133858267684,0.0275590551181114));
#2314=VECTOR('',#2801,1000.0);
#2315=CARTESIAN_POINT('',(0.0328213974011521,0.0429133858267684,0.0275590551181114));
#2316=VECTOR('',#2802,1000.0);
#2317=COLOUR_RGB('',0.0,0.0,0.0);
#2318=CARTESIAN_POINT('',(0.0580182477948546,0.0177165354330682,0.0275590551181101));
#2319=CARTESIAN_POINT('',(0.0658922635428879,0.00984251968503937,0.0196850393700743));
#2320=VECTOR('',#2803,1000.0);
#2321=CARTESIAN_POINT('',(0.0580182477948546,0.016929133858268,0.0275590551181106));
#2322=VECTOR('',#2804,1000.0);
#2323=COLOUR_RGB('',0.0,0.0,0.0);
#2324=CARTESIAN_POINT('',(0.0328213974011521,0.0177165354330682,0.0275590551181101));
#2325=CARTESIAN_POINT('',(0.0249473816531278,0.00984251968503713,0.0196850393700781));
#2326=VECTOR('',#2805,1000.0);
#2327=CARTESIAN_POINT('',(0.0328213974011521,0.0177165354330682,0.0275590551181106));
#2328=VECTOR('',#2806,1000.0);
#2329=COLOUR_RGB('',0.0,0.0,0.0);
#2330=CARTESIAN_POINT('',(0.0328213974011521,0.0421259842519682,0.0275590551181106));
#2331=VECTOR('',#2807,1000.0);
#2332=COLOUR_RGB('',0.0,0.0,0.0);
#2333=CARTESIAN_POINT('',(0.13282139740116,0.0177165354330682,0.0984251968503923));
#2334=CARTESIAN_POINT('',(0.13282139740116,0.0177165354330682,0.0984251968503923));
#2335=VECTOR('',#2808,1000.0);
#2336=CARTESIAN_POINT('',(0.158018247794855,0.0177165354330682,0.0984251968503923));
#2337=CARTESIAN_POINT('',(0.13282139740116,0.0177165354330682,0.0984251968503923));
#2338=VECTOR('',#2809,1000.0);
#2339=CARTESIAN_POINT('',(0.158018247794855,0.0177165354330682,0.0984251968503923));
#2340=VECTOR('',#2810,1000.0);
#2341=COLOUR_RGB('',0.0,0.0,0.0);
#2342=CARTESIAN_POINT('',(0.0151048619680862,-0.019685039370081,-1.43367382707501E-015));
#2343=CARTESIAN_POINT('',(0.0151048619680862,-0.019685039370081,-1.43367382707501E-015));
#2344=VECTOR('',#2811,1000.0);
#2345=CARTESIAN_POINT('',(0.0757347832279272,-0.019685039370081,-1.43367382707501E-015));
#2346=CARTESIAN_POINT('',(0.0757347832279272,-0.019685039370081,-1.43367382707501E-015));
#2347=VECTOR('',#2812,1000.0);
#2348=CARTESIAN_POINT('',(0.0954198225980082,-0.019685039370081,-1.43367382707501E-015));
#2349=VECTOR('',#2813,1000.0);
#2350=COLOUR_RGB('',0.0,0.0,0.0);
#2351=CARTESIAN_POINT('',(0.115104861968089,-0.019685039370081,-1.43367382707501E-015));
#2352=CARTESIAN_POINT('',(0.115104861968089,-0.019685039370081,-1.43367382707501E-015));
#2353=VECTOR('',#2814,1000.0);
#2354=CARTESIAN_POINT('',(0.175734783227928,-0.019685039370081,-1.43367382707501E-015));
#2355=CARTESIAN_POINT('',(0.175734783227928,-0.019685039370081,-1.43367382707501E-015));
#2356=VECTOR('',#2815,1000.0);
#2357=CARTESIAN_POINT('',(0.195419822598009,-0.019685039370081,-1.43367382707501E-015));
#2358=VECTOR('',#2816,1000.0);
#2359=COLOUR_RGB('',0.0,0.0,0.0);
#2360=CARTESIAN_POINT('',(0.175734783227928,0.0803149606299198,-1.43367382707501E-015));
#2361=CARTESIAN_POINT('',(0.175734783227928,0.0803149606299198,-1.43367382707501E-015));
#2362=VECTOR('',#2817,1000.0);
#2363=CARTESIAN_POINT('',(0.115104861968089,0.0803149606299198,-1.43367382707501E-015));
#2364=CARTESIAN_POINT('',(0.115104861968089,0.0803149606299198,-1.43367382707501E-015));
#2365=VECTOR('',#2818,1000.0);
#2366=CARTESIAN_POINT('',(0.195419822598009,0.0803149606299198,-1.43367382707501E-015));
#2367=VECTOR('',#2819,1000.0);
#2368=COLOUR_RGB('',0.0,0.0,0.0);
#2369=CARTESIAN_POINT('',(0.0757347832279272,0.0803149606299198,-1.43367382707501E-015));
#2370=CARTESIAN_POINT('',(0.0757347832279272,0.0803149606299198,-1.43367382707501E-015));
#2371=VECTOR('',#2820,1000.0);
#2372=CARTESIAN_POINT('',(0.0151048619680862,0.0803149606299198,-1.43367382707501E-015));
#2373=CARTESIAN_POINT('',(0.0151048619680862,0.0803149606299198,-1.43367382707501E-015));
#2374=VECTOR('',#2821,1000.0);
#2375=CARTESIAN_POINT('',(0.0954198225980082,0.0803149606299198,-1.43367382707501E-015));
#2376=VECTOR('',#2822,1000.0);
#2377=COLOUR_RGB('',0.0,0.0,0.0);
#2378=CARTESIAN_POINT('',(0.0580182477948546,0.0429133858267684,0.0984251968503923));
#2379=CARTESIAN_POINT('',(0.0580182477948546,0.0429133858267684,0.0984251968503923));
#2380=VECTOR('',#2823,1000.0);
#2381=CARTESIAN_POINT('',(0.0328213974011521,0.0429133858267684,0.0984251968503923));
#2382=CARTESIAN_POINT('',(0.0580182477948546,0.0429133858267684,0.0984251968503923));
#2383=VECTOR('',#2824,1000.0);
#2384=CARTESIAN_POINT('',(0.0328213974011521,0.0429133858267684,0.0984251968503923));
#2385=VECTOR('',#2825,1000.0);
#2386=COLOUR_RGB('',0.0,0.0,0.0);
#2387=CARTESIAN_POINT('',(0.13282139740116,0.0429133858267684,0.0984251968503923));
#2388=CARTESIAN_POINT('',(0.13282139740116,0.0429133858267684,0.0984251968503923));
#2389=VECTOR('',#2826,1000.0);
#2390=CARTESIAN_POINT('',(0.13282139740116,0.0421259842519682,0.0984251968503923));
#2391=VECTOR('',#2827,1000.0);
#2392=COLOUR_RGB('',0.0,0.0,0.0);
#2393=CARTESIAN_POINT('',(0.115104861968089,-0.019685039370081,0.0984251968503923));
#2394=CARTESIAN_POINT('',(0.175734783227928,-0.019685039370081,0.0984251968503923));
#2395=CARTESIAN_POINT('',(0.195419822598009,-0.019685039370081,0.0984251968503923));
#2396=VECTOR('',#2828,1000.0);
#2397=CARTESIAN_POINT('',(0.190839645196016,-4.47585975281953E-015,0.0984251968503923));
#2398=CARTESIAN_POINT('',(0.175734783227928,-0.019685039370081,0.0984251968503923));
#2399=VECTOR('',#2829,1000.0);
#2400=CARTESIAN_POINT('',(0.190839645196016,0.0606299212598433,0.0984251968503923));
#2401=CARTESIAN_POINT('',(0.190839645196014,0.078740157480315,0.0984251968503923));
#2402=VECTOR('',#2830,1000.0);
#2403=CARTESIAN_POINT('',(0.175734783227928,0.0803149606299198,0.0984251968503923));
#2404=CARTESIAN_POINT('',(0.175734783227928,0.0803149606299198,0.0984251968503923));
#2405=VECTOR('',#2831,1000.0);
#2406=CARTESIAN_POINT('',(0.115104861968089,0.0803149606299198,0.0984251968503923));
#2407=CARTESIAN_POINT('',(0.195419822598009,0.0803149606299198,0.0984251968503923));
#2408=VECTOR('',#2832,1000.0);
#2409=CARTESIAN_POINT('',(0.0999999999999986,0.0606299212598433,0.0984251968503923));
#2410=CARTESIAN_POINT('',(0.115104861968089,0.0803149606299198,0.0984251968503923));
#2411=VECTOR('',#2833,1000.0);
#2412=CARTESIAN_POINT('',(0.0999999999999986,-4.47585975281953E-015,0.0984251968503923));
#2413=CARTESIAN_POINT('',(0.0999999999999986,0.078740157480315,0.0984251968503923));
#2414=VECTOR('',#2834,1000.0);
#2415=CARTESIAN_POINT('',(0.115104861968089,-0.019685039370081,0.0984251968503923));
#2416=VECTOR('',#2835,1000.0);
#2417=CARTESIAN_POINT('',(0.158018247794855,0.0429133858267684,0.0984251968503923));
#2418=CARTESIAN_POINT('',(0.195419822598009,0.0429133858267684,0.0984251968503923));
#2419=VECTOR('',#2836,1000.0);
#2420=CARTESIAN_POINT('',(0.158018247794855,0.078740157480315,0.0984251968503923));
#2421=VECTOR('',#2837,1000.0);
#2422=COLOUR_RGB('',0.0,0.0,0.0);
#2423=CARTESIAN_POINT('',(0.158018247794855,0.0429133858267684,0.0984251968503923));
#2424=VECTOR('',#2838,1000.0);
#2425=COLOUR_RGB('',0.0,0.0,0.0);
#2426=CARTESIAN_POINT('',(0.0580182477948546,0.0177165354330682,0.0984251968503923));
#2427=CARTESIAN_POINT('',(0.0580182477948546,0.016929133858268,0.0984251968503923));
#2428=VECTOR('',#2839,1000.0);
#2429=CARTESIAN_POINT('',(0.0580182477948546,0.0177165354330682,0.0984251968503923));
#2430=VECTOR('',#2840,1000.0);
#2431=COLOUR_RGB('',0.0,0.0,0.0);
#2432=CARTESIAN_POINT('',(0.0757347832279272,0.0803149606299198,0.0984251968503923));
#2433=CARTESIAN_POINT('',(0.0151048619680862,0.0803149606299198,0.0984251968503923));
#2434=CARTESIAN_POINT('',(0.0954198225980082,0.0803149606299198,0.0984251968503923));
#2435=VECTOR('',#2841,1000.0);
#2436=CARTESIAN_POINT('',(-4.47585975281953E-015,0.0606299212598388,0.0984251968503923));
#2437=CARTESIAN_POINT('',(0.0151048619680862,0.0803149606299198,0.0984251968503923));
#2438=VECTOR('',#2842,1000.0);
#2439=CARTESIAN_POINT('',(-4.47585975281953E-015,0.0,0.0984251968503923));
#2440=CARTESIAN_POINT('',(-4.47585975281953E-015,0.078740157480315,0.0984251968503923));
#2441=VECTOR('',#2843,1000.0);
#2442=CARTESIAN_POINT('',(0.0151048619680862,-0.019685039370081,0.0984251968503923));
#2443=CARTESIAN_POINT('',(0.0151048619680862,-0.019685039370081,0.0984251968503923));
#2444=VECTOR('',#2844,1000.0);
#2445=CARTESIAN_POINT('',(0.0757347832279272,-0.019685039370081,0.0984251968503923));
#2446=CARTESIAN_POINT('',(0.0954198225980082,-0.019685039370081,0.0984251968503923));
#2447=VECTOR('',#2845,1000.0);
#2448=CARTESIAN_POINT('',(0.0908396451960156,0.0,0.0984251968503923));
#2449=CARTESIAN_POINT('',(0.0757347832279272,-0.019685039370081,0.0984251968503923));
#2450=VECTOR('',#2846,1000.0);
#2451=CARTESIAN_POINT('',(0.0908396451960156,0.0606299212598388,0.0984251968503923));
#2452=CARTESIAN_POINT('',(0.0908396451960156,0.078740157480315,0.0984251968503923));
#2453=VECTOR('',#2847,1000.0);
#2454=CARTESIAN_POINT('',(0.0757347832279272,0.0803149606299198,0.0984251968503923));
#2455=VECTOR('',#2848,1000.0);
#2456=CARTESIAN_POINT('',(0.0328213974011521,0.0177165354330682,0.0984251968503923));
#2457=CARTESIAN_POINT('',(0.0954198225980082,0.0177165354330682,0.0984251968503923));
#2458=VECTOR('',#2849,1000.0);
#2459=CARTESIAN_POINT('',(0.0328213974011521,0.078740157480315,0.0984251968503923));
#2460=VECTOR('',#2850,1000.0);
#2461=COLOUR_RGB('',0.0,0.0,0.0);
#2462=CARTESIAN_POINT('',(0.0328213974011521,0.0177165354330682,0.0984251968503923));
#2463=VECTOR('',#2851,1000.0);
#2464=COLOUR_RGB('',0.0,0.0,0.0);
#2465=COLOUR_RGB('',0.0,0.0,0.0);
#2466=CARTESIAN_POINT('',(0.115104861968089,-0.019685039370081,0.0984251968503923));
#2467=VECTOR('',#2852,1000.0);
#2468=CARTESIAN_POINT('',(0.175734783227928,-0.019685039370081,0.0984251968503923));
#2469=VECTOR('',#2853,1000.0);
#2470=COLOUR_RGB('',0.0,0.0,0.0);
#2471=CARTESIAN_POINT('',(0.0999999999999986,-4.47585975281953E-015,0.0905511811023634));
#2472=CARTESIAN_POINT('',(0.0999999999999986,0.0,0.0984251968503923));
#2473=VECTOR('',#2854,1000.0);
#2474=CARTESIAN_POINT('',(0.0999999999999986,0.0606299212598433,0.0905511811023634));
#2475=CARTESIAN_POINT('',(0.0999999999999986,0.0606299212598433,0.0984251968503923));
#2476=VECTOR('',#2855,1000.0);
#2477=CARTESIAN_POINT('',(0.0999999999999986,0.0,0.0905511811023634));
#2478=VECTOR('',#2856,1000.0);
#2479=COLOUR_RGB('',0.0,0.0,0.0);
#2480=CARTESIAN_POINT('',(0.190839645196016,-4.47585975281953E-015,0.0905511811023634));
#2481=CARTESIAN_POINT('',(0.190839645196014,0.0,0.0984251968503923));
#2482=VECTOR('',#2857,1000.0);
#2483=CARTESIAN_POINT('',(0.190839645196016,0.0606299212598433,0.0905511811023634));
#2484=CARTESIAN_POINT('',(0.190839645196014,0.0590551181102362,0.0905511811023634));
#2485=VECTOR('',#2858,1000.0);
#2486=CARTESIAN_POINT('',(0.190839645196016,0.0606299212598433,0.0984251968503923));
#2487=VECTOR('',#2859,1000.0);
#2488=COLOUR_RGB('',0.0,0.0,0.0);
#2489=COLOUR_RGB('',0.0,0.0,0.0);
#2490=CARTESIAN_POINT('',(0.0757347832279272,0.0803149606299198,-1.43367382707501E-015));
#2491=VECTOR('',#2860,1000.0);
#2492=CARTESIAN_POINT('',(0.0151048619680862,0.0803149606299198,-1.43367382707501E-015));
#2493=VECTOR('',#2861,1000.0);
#2494=COLOUR_RGB('',0.0,0.0,0.0);
#2495=CARTESIAN_POINT('',(0.0908396451960156,0.0,0.0905511811023634));
#2496=CARTESIAN_POINT('',(0.0908396451960156,0.0,0.0984251968503923));
#2497=VECTOR('',#2862,1000.0);
#2498=CARTESIAN_POINT('',(0.0908396451960156,0.0606299212598388,0.0905511811023634));
#2499=CARTESIAN_POINT('',(0.0908396451960156,0.0590551181102362,0.0905511811023634));
#2500=VECTOR('',#2863,1000.0);
#2501=CARTESIAN_POINT('',(0.0908396451960156,0.0606299212598388,0.0984251968503923));
#2502=VECTOR('',#2864,1000.0);
#2503=COLOUR_RGB('',0.0,0.0,0.0);
#2504=CARTESIAN_POINT('',(-4.47585975281953E-015,0.0,0.0905511811023634));
#2505=CARTESIAN_POINT('',(-2.23792987640976E-015,0.0,0.0984251968503923));
#2506=VECTOR('',#2865,1000.0);
#2507=CARTESIAN_POINT('',(-2.23792987640976E-015,0.0606299212598388,0.0905511811023634));
#2508=CARTESIAN_POINT('',(-4.47585975281953E-015,0.0606299212598388,0.0984251968503923));
#2509=VECTOR('',#2866,1000.0);
#2510=CARTESIAN_POINT('',(-4.47585975281953E-015,0.0,0.0905511811023634));
#2511=VECTOR('',#2867,1000.0);
#2512=COLOUR_RGB('',0.0,0.0,0.0);
#2513=CARTESIAN_POINT('',(0.0999999999999963,0.0,0.0984251968503923));
#2514=VECTOR('',#2868,1000.0);
#2515=COLOUR_RGB('',0.0,0.0,0.0);
#2516=CARTESIAN_POINT('',(0.190839645196016,-4.47585975281953E-015,0.0984251968503923));
#2517=VECTOR('',#2869,1000.0);
#2518=COLOUR_RGB('',0.0,0.0,0.0);
#2519=CARTESIAN_POINT('',(0.190839645196014,0.0606299212598388,0.0905511811023634));
#2520=VECTOR('',#2870,1000.0);
#2521=CARTESIAN_POINT('',(0.0954198225980082,0.0,0.0905511811023634));
#2522=VECTOR('',#2871,1000.0);
#2523=COLOUR_RGB('',0.0,0.0,0.0);
#2524=CARTESIAN_POINT('',(0.195419822598009,0.0,0.0905511811023634));
#2525=CARTESIAN_POINT('',(0.195419822598009,0.0606299212598388,0.0905511811023634));
#2526=CARTESIAN_POINT('',(0.195419822598009,0.0295275590551136,0.0905511811023634));
#2527=VECTOR('',#2872,1000.0);
#2528=CARTESIAN_POINT('',(0.190839645196014,0.0606299212598388,0.0905511811023634));
#2529=VECTOR('',#2873,1000.0);
#2530=CARTESIAN_POINT('',(0.195419822598009,0.0,0.0905511811023634));
#2531=VECTOR('',#2874,1000.0);
#2532=COLOUR_RGB('',0.0,0.0,0.0);
#2533=CARTESIAN_POINT('',(0.0908396451960156,0.0606299212598388,0.0984251968503923));
#2534=VECTOR('',#2875,1000.0);
#2535=COLOUR_RGB('',0.0,0.0,0.0);
#2536=CARTESIAN_POINT('',(-2.23792987640976E-015,0.0606299212598388,0.0984251968503923));
#2537=VECTOR('',#2876,1000.0);
#2538=COLOUR_RGB('',0.0,0.0,0.0);
#2539=CARTESIAN_POINT('',(-0.00458017740199482,0.0,0.0905511811023634));
#2540=CARTESIAN_POINT('',(-0.00458017740199482,0.0606299212598388,0.0905511811023634));
#2541=CARTESIAN_POINT('',(-0.00458017740199482,0.0295275590551181,0.0905511811023634));
#2542=VECTOR('',#2877,1000.0);
#2543=CARTESIAN_POINT('',(0.190839645196014,0.0,0.0905511811023634));
#2544=VECTOR('',#2878,1000.0);
#2545=CARTESIAN_POINT('',(-0.00458017740199258,0.0606299212598388,0.0905511811023634));
#2546=VECTOR('',#2879,1000.0);
#2547=COLOUR_RGB('',0.0,0.0,0.0);
#2548=CARTESIAN_POINT('',(0.0908396451960156,0.0,0.0984251968503923));
#2549=VECTOR('',#2880,1000.0);
#2550=COLOUR_RGB('',0.0,0.0,0.0);
#2551=CARTESIAN_POINT('',(0.195419822598009,0.0,0.0984251968503923));
#2552=VECTOR('',#2881,1000.0);
#2553=COLOUR_RGB('',0.0,0.0,0.0);
#2554=CARTESIAN_POINT('',(0.0999999999999986,0.0606299212598388,0.0984251968503923));
#2555=VECTOR('',#2882,1000.0);
#2556=COLOUR_RGB('',0.0,0.0,0.0);
#2557=CARTESIAN_POINT('',(-0.00458017740199482,0.0606299212598388,0.0984251968503923));
#2558=VECTOR('',#2883,1000.0);
#2559=COLOUR_RGB('',0.0,0.0,0.0);
#2560=CARTESIAN_POINT('',(0.0757347832279272,-0.019685039370081,0.0984251968503923));
#2561=VECTOR('',#2884,1000.0);
#2562=COLOUR_RGB('',0.0,0.0,0.0);
#2563=CARTESIAN_POINT('',(0.195419822598009,0.0606299212598388,0.0483178239083745));
#2564=VECTOR('',#2885,1000.0);
#2565=COLOUR_RGB('',0.0,0.0,0.0);
#2566=CARTESIAN_POINT('',(0.115104861968089,0.0803149606299198,0.0984251968503923));
#2567=VECTOR('',#2886,1000.0);
#2568=COLOUR_RGB('',0.0,0.0,0.0);
#2569=CARTESIAN_POINT('',(0.0151048619680862,-0.019685039370081,0.0984251968503923));
#2570=VECTOR('',#2887,1000.0);
#2571=COLOUR_RGB('',0.0,0.0,0.0);
#2572=CARTESIAN_POINT('',(0.190839645196014,0.0606299212598388,0.0984251968503923));
#2573=VECTOR('',#2888,1000.0);
#2574=COLOUR_RGB('',0.0,0.0,0.0);
#2575=CARTESIAN_POINT('',(0.175734783227928,0.0803149606299198,-1.43367382707501E-015));
#2576=VECTOR('',#2889,1000.0);
#2577=COLOUR_RGB('',0.0,0.0,0.0);
#2578=CARTESIAN_POINT('',(-2.23792987640976E-015,0.0,0.0984251968503923));
#2579=VECTOR('',#2890,1000.0);
#2580=COLOUR_RGB('',0.0,0.0,0.0);
#2581=COLOUR_RGB('',0.0,0.0,0.0);
#2582=CARTESIAN_POINT('',(-0.00458017740199482,0.0,0.0984251968503923));
#2583=VECTOR('',#2891,1000.0);
#2584=COLOUR_RGB('',0.0,0.0,0.0);
#2585=COLOUR_RGB('',0.0,0.0,0.0);
#2586=COLOUR_RGB('',0.0,0.0,0.0);
#2587=CARTESIAN_POINT('',(0.158018247794846,0.0177165354330727,-0.108268376578884));
#2588=CARTESIAN_POINT('',(0.158018247794846,0.0429133858267796,-0.108268376578884));
#2589=CARTESIAN_POINT('',(0.158018247794849,0.0429133858267796,-0.108268376578884));
#2590=VECTOR('',#2892,1000.0);
#2591=CARTESIAN_POINT('',(0.158018247794846,0.0429133858267796,0.316535433070862));
#2592=CARTESIAN_POINT('',(0.158018247794849,0.0429133858267796,0.0983733557045802));
#2593=VECTOR('',#2893,1000.0);
#2594=CARTESIAN_POINT('',(0.158018247794846,0.0177165354330727,0.316535433070862));
#2595=CARTESIAN_POINT('',(0.158018247794849,0.0429133858267796,0.316535433070863));
#2596=VECTOR('',#2894,1000.0);
#2597=CARTESIAN_POINT('',(0.158018247794849,0.0177165354330727,0.0983733557045802));
#2598=VECTOR('',#2895,1000.0);
#2599=COLOUR_RGB('',0.0,0.0,0.0);
#2600=CARTESIAN_POINT('',(0.132821397401148,0.0429133858267796,-0.108268376578884));
#2601=CARTESIAN_POINT('',(0.132821397401148,0.0429133858267796,-0.108268376578884));
#2602=VECTOR('',#2896,1000.0);
#2603=CARTESIAN_POINT('',(0.132821397401148,0.0429133858267796,0.316535433070862));
#2604=CARTESIAN_POINT('',(0.132821397401148,0.0429133858267796,0.0983733557045802));
#2605=VECTOR('',#2897,1000.0);
#2606=CARTESIAN_POINT('',(0.132821397401148,0.0429133858267796,0.316535433070863));
#2607=VECTOR('',#2898,1000.0);
#2608=COLOUR_RGB('',0.0,0.0,0.0);
#2609=CARTESIAN_POINT('',(0.132821397401148,0.0177165354330727,0.316535433070862));
#2610=CARTESIAN_POINT('',(0.158018247794849,0.0177165354330727,0.316535433070863));
#2611=VECTOR('',#2899,1000.0);
#2612=CARTESIAN_POINT('',(0.132821397401148,0.0177165354330727,-0.108268376578884));
#2613=CARTESIAN_POINT('',(0.132821397401148,0.0177165354330727,0.0983733557045802));
#2614=VECTOR('',#2900,1000.0);
#2615=CARTESIAN_POINT('',(0.158018247794849,0.0177165354330727,-0.108268376578884));
#2616=VECTOR('',#2901,1000.0);
#2617=COLOUR_RGB('',0.0,0.0,0.0);
#2618=CARTESIAN_POINT('',(0.132821397401148,0.0177165354330727,0.316535433070863));
#2619=VECTOR('',#2902,1000.0);
#2620=CARTESIAN_POINT('',(0.132821397401148,0.0177165354330727,-0.108268376578884));
#2621=VECTOR('',#2903,1000.0);
#2622=COLOUR_RGB('',0.0,0.0,0.0);
#2623=CARTESIAN_POINT('',(0.138726909212169,0.0236220472440976,0.328346456692911));
#2624=CARTESIAN_POINT('',(0.132821397401148,0.0177165354330727,0.316535433070864));
#2625=VECTOR('',#2904,1000.0);
#2626=CARTESIAN_POINT('',(0.138726909212169,0.0370078740157547,0.328346456692911));
#2627=CARTESIAN_POINT('',(0.138726909212169,0.0240157480315011,0.328346456692912));
#2628=VECTOR('',#2905,1000.0);
#2629=CARTESIAN_POINT('',(0.138726909212169,0.0370078740157502,0.328346456692912));
#2630=VECTOR('',#2906,1000.0);
#2631=COLOUR_RGB('',0.0,0.0,0.0);
#2632=CARTESIAN_POINT('',(0.152112735983821,0.0236220472440976,0.32834645669291));
#2633=CARTESIAN_POINT('',(0.158018247794849,0.0177165354330727,0.316535433070862));
#2634=VECTOR('',#2907,1000.0);
#2635=CARTESIAN_POINT('',(0.151719035196422,0.0236220472440976,0.328346456692911));
#2636=VECTOR('',#2908,1000.0);
#2637=COLOUR_RGB('',0.0,0.0,0.0);
#2638=CARTESIAN_POINT('',(0.152112735983821,0.0370078740157547,0.32834645669291));
#2639=CARTESIAN_POINT('',(0.152112735983826,0.0370078740157547,0.328346456692911));
#2640=VECTOR('',#2909,1000.0);
#2641=CARTESIAN_POINT('',(0.139120609999572,0.0370078740157547,0.328346456692911));
#2642=VECTOR('',#2910,1000.0);
#2643=COLOUR_RGB('',0.0,0.0,0.0);
#2644=CARTESIAN_POINT('',(0.152112735983826,0.030314960629925,0.32834645669291));
#2645=VECTOR('',#2911,1000.0);
#2646=COLOUR_RGB('',0.0,0.0,0.0);
#2647=COLOUR_RGB('',0.0,0.0,0.0);
#2648=CARTESIAN_POINT('',(0.152112735983821,0.0370078740157547,-0.120079400200932));
#2649=CARTESIAN_POINT('',(0.138726909212169,0.0370078740157547,-0.120079400200932));
#2650=CARTESIAN_POINT('',(0.139120609999572,0.0370078740157547,-0.120079400200933));
#2651=VECTOR('',#2912,1000.0);
#2652=CARTESIAN_POINT('',(0.152112735983821,0.0236220472440976,-0.120079400200932));
#2653=CARTESIAN_POINT('',(0.152112735983826,0.030314960629925,-0.120079400200932));
#2654=VECTOR('',#2913,1000.0);
#2655=CARTESIAN_POINT('',(0.138726909212169,0.0236220472440976,-0.120079400200932));
#2656=CARTESIAN_POINT('',(0.151719035196422,0.0236220472440976,-0.120079400200933));
#2657=VECTOR('',#2914,1000.0);
#2658=CARTESIAN_POINT('',(0.138726909212169,0.0240157480315011,-0.120079400200933));
#2659=VECTOR('',#2915,1000.0);
#2660=COLOUR_RGB('',0.0,0.0,0.0);
#2661=CARTESIAN_POINT('',(0.152112735983826,0.0236220472440976,-0.120079400200933));
#2662=VECTOR('',#2916,1000.0);
#2663=CARTESIAN_POINT('',(0.158018247794849,0.0429133858267796,-0.108268376578883));
#2664=VECTOR('',#2917,1000.0);
#2665=COLOUR_RGB('',0.0,0.0,0.0);
#2666=CARTESIAN_POINT('',(0.132821397401148,0.0429133858267796,-0.108268376578885));
#2667=VECTOR('',#2918,1000.0);
#2668=COLOUR_RGB('',0.0,0.0,0.0);
#2669=CARTESIAN_POINT('',(0.138726909212169,0.0236220472441021,-0.120079400200933));
#2670=VECTOR('',#2919,1000.0);
#2671=COLOUR_RGB('',0.0,0.0,0.0);
#2672=COLOUR_RGB('',0.0,0.0,0.0);
#2673=COLOUR_RGB('',0.0,0.0,0.0);
#2674=CARTESIAN_POINT('',(0.0580182477948501,0.0177165354330727,-0.108268376578884));
#2675=CARTESIAN_POINT('',(0.0580182477948501,0.0429133858267796,-0.108268376578884));
#2676=CARTESIAN_POINT('',(0.0580182477948501,0.0429133858267796,-0.108268376578884));
#2677=VECTOR('',#2920,1000.0);
#2678=CARTESIAN_POINT('',(0.0580182477948501,0.0429133858267796,0.316535433070862));
#2679=CARTESIAN_POINT('',(0.0580182477948501,0.0429133858267796,0.0983733557045802));
#2680=VECTOR('',#2921,1000.0);
#2681=CARTESIAN_POINT('',(0.0580182477948501,0.0177165354330727,0.316535433070862));
#2682=CARTESIAN_POINT('',(0.0580182477948501,0.0429133858267796,0.316535433070863));
#2683=VECTOR('',#2922,1000.0);
#2684=CARTESIAN_POINT('',(0.0580182477948501,0.0177165354330727,0.0983733557045802));
#2685=VECTOR('',#2923,1000.0);
#2686=COLOUR_RGB('',0.0,0.0,0.0);
#2687=CARTESIAN_POINT('',(0.0328213974011499,0.0429133858267796,-0.108268376578884));
#2688=CARTESIAN_POINT('',(0.0328213974011499,0.0429133858267796,-0.108268376578884));
#2689=VECTOR('',#2924,1000.0);
#2690=CARTESIAN_POINT('',(0.0328213974011499,0.0429133858267796,0.316535433070862));
#2691=CARTESIAN_POINT('',(0.0328213974011499,0.0429133858267796,0.0983733557045802));
#2692=VECTOR('',#2925,1000.0);
#2693=CARTESIAN_POINT('',(0.0328213974011499,0.0429133858267796,0.316535433070863));
#2694=VECTOR('',#2926,1000.0);
#2695=COLOUR_RGB('',0.0,0.0,0.0);
#2696=CARTESIAN_POINT('',(0.0328213974011499,0.0177165354330727,0.316535433070862));
#2697=CARTESIAN_POINT('',(0.0580182477948501,0.0177165354330727,0.316535433070863));
#2698=VECTOR('',#2927,1000.0);
#2699=CARTESIAN_POINT('',(0.0328213974011499,0.0177165354330727,-0.108268376578884));
#2700=CARTESIAN_POINT('',(0.0328213974011499,0.0177165354330727,0.0983733557045802));
#2701=VECTOR('',#2928,1000.0);
#2702=CARTESIAN_POINT('',(0.0580182477948501,0.0177165354330727,-0.108268376578884));
#2703=VECTOR('',#2929,1000.0);
#2704=COLOUR_RGB('',0.0,0.0,0.0);
#2705=CARTESIAN_POINT('',(0.0328213974011499,0.0177165354330727,0.316535433070863));
#2706=VECTOR('',#2930,1000.0);
#2707=CARTESIAN_POINT('',(0.0328213974011499,0.0177165354330727,-0.108268376578884));
#2708=VECTOR('',#2931,1000.0);
#2709=COLOUR_RGB('',0.0,0.0,0.0);
#2710=CARTESIAN_POINT('',(0.0387269092121703,0.0236220472440976,0.328346456692911));
#2711=CARTESIAN_POINT('',(0.0328213974011499,0.0177165354330727,0.316535433070864));
#2712=VECTOR('',#2932,1000.0);
#2713=CARTESIAN_POINT('',(0.0387269092121703,0.0370078740157547,0.328346456692911));
#2714=CARTESIAN_POINT('',(0.0387269092121703,0.0240157480315011,0.328346456692912));
#2715=VECTOR('',#2933,1000.0);
#2716=CARTESIAN_POINT('',(0.0387269092121703,0.0370078740157502,0.328346456692912));
#2717=VECTOR('',#2934,1000.0);
#2718=COLOUR_RGB('',0.0,0.0,0.0);
#2719=CARTESIAN_POINT('',(0.0521127359838274,0.0236220472440976,0.32834645669291));
#2720=CARTESIAN_POINT('',(0.0580182477948501,0.0177165354330727,0.316535433070862));
#2721=VECTOR('',#2935,1000.0);
#2722=CARTESIAN_POINT('',(0.0517190351964284,0.0236220472440976,0.328346456692911));
#2723=VECTOR('',#2936,1000.0);
#2724=COLOUR_RGB('',0.0,0.0,0.0);
#2725=CARTESIAN_POINT('',(0.0521127359838274,0.0370078740157547,0.32834645669291));
#2726=CARTESIAN_POINT('',(0.0521127359838274,0.0370078740157547,0.328346456692911));
#2727=VECTOR('',#2937,1000.0);
#2728=CARTESIAN_POINT('',(0.0391206099995738,0.0370078740157547,0.328346456692911));
#2729=VECTOR('',#2938,1000.0);
#2730=COLOUR_RGB('',0.0,0.0,0.0);
#2731=CARTESIAN_POINT('',(0.0521127359838274,0.030314960629925,0.32834645669291));
#2732=VECTOR('',#2939,1000.0);
#2733=COLOUR_RGB('',0.0,0.0,0.0);
#2734=COLOUR_RGB('',0.0,0.0,0.0);
#2735=CARTESIAN_POINT('',(0.0521127359838274,0.0370078740157547,-0.120079400200932));
#2736=CARTESIAN_POINT('',(0.0387269092121703,0.0370078740157547,-0.120079400200932));
#2737=CARTESIAN_POINT('',(0.0391206099995738,0.0370078740157547,-0.120079400200933));
#2738=VECTOR('',#2940,1000.0);
#2739=CARTESIAN_POINT('',(0.0521127359838274,0.0236220472440976,-0.120079400200932));
#2740=CARTESIAN_POINT('',(0.0521127359838274,0.030314960629925,-0.120079400200932));
#2741=VECTOR('',#2941,1000.0);
#2742=CARTESIAN_POINT('',(0.0387269092121703,0.0236220472440976,-0.120079400200932));
#2743=CARTESIAN_POINT('',(0.0517190351964284,0.0236220472440976,-0.120079400200933));
#2744=VECTOR('',#2942,1000.0);
#2745=CARTESIAN_POINT('',(0.0387269092121703,0.0240157480315011,-0.120079400200933));
#2746=VECTOR('',#2943,1000.0);
#2747=COLOUR_RGB('',0.0,0.0,0.0);
#2748=CARTESIAN_POINT('',(0.0521127359838274,0.0236220472440976,-0.120079400200933));
#2749=VECTOR('',#2944,1000.0);
#2750=CARTESIAN_POINT('',(0.0580182477948501,0.0429133858267796,-0.108268376578883));
#2751=VECTOR('',#2945,1000.0);
#2752=COLOUR_RGB('',0.0,0.0,0.0);
#2753=CARTESIAN_POINT('',(0.0328213974011499,0.0429133858267796,-0.108268376578885));
#2754=VECTOR('',#2946,1000.0);
#2755=COLOUR_RGB('',0.0,0.0,0.0);
#2756=CARTESIAN_POINT('',(0.0387269092121703,0.0236220472441021,-0.120079400200933));
#2757=VECTOR('',#2947,1000.0);
#2758=COLOUR_RGB('',0.0,0.0,0.0);
#2759=COLOUR_RGB('',0.0,0.0,0.0);
#2760=DIRECTION('',(0.0,-1.0,0.0));
#2761=DIRECTION('',(1.0,2.24949108273321E-032,0.0));
#2762=DIRECTION('',(1.0,0.0,1.22460635382238E-016));
#2763=DIRECTION('',(1.0,2.24949108273321E-032,0.0));
#2764=DIRECTION('',(1.0,0.0,1.22460635382238E-016));
#2765=DIRECTION('',(1.0,2.24949108273321E-032,0.0));
#2766=DIRECTION('',(2.24949108273321E-032,-1.0,2.75474107278186E-048));
#2767=DIRECTION('',(-1.0,-1.13828975671071E-095,-5.75998535925821E-159));
#2768=DIRECTION('',(-1.0,0.0,-1.22460635382238E-016));
#2769=DIRECTION('',(-1.0,-1.13828975671071E-095,-5.75998535925821E-159));
#2770=DIRECTION('',(-1.0,0.0,-1.22460635382238E-016));
#2771=DIRECTION('',(-1.0,-1.13828975671071E-095,-5.75998535925821E-159));
#2772=DIRECTION('',(-0.0,-1.0,-0.0));
#2773=DIRECTION('',(1.0,0.0,1.22460635382238E-016));
#2774=DIRECTION('',(0.0,1.0,0.0));
#2775=DIRECTION('',(-1.0,0.0,-1.22460635382238E-016));
#2776=DIRECTION('',(0.0,1.0,0.0));
#2777=DIRECTION('',(-1.0,0.0,-1.22460635382238E-016));
#2778=DIRECTION('',(-0.0,-1.0,-0.0));
#2779=DIRECTION('',(1.0,0.0,1.22460635382238E-016));
#2780=DIRECTION('',(0.577350269189614,0.577350269189614,0.577350269189649));
#2781=DIRECTION('',(1.0,-6.12303176911188E-017,6.12303176911153E-017));
#2782=DIRECTION('',(0.577350269189828,-0.577350269189507,-0.577350269189542));
#2783=DIRECTION('',(0.577350269189614,-0.577350269189614,0.577350269189649));
#2784=DIRECTION('',(2.24949108273321E-032,-1.0,2.75474107278186E-048));
#2785=DIRECTION('',(-0.577350269189721,-0.577350269189561,0.577350269189596));
#2786=DIRECTION('',(-1.0,-1.13828975671071E-095,-5.75998535925821E-159));
#2787=DIRECTION('',(-3.74915180455534E-032,1.0,0.0));
#2788=DIRECTION('',(-1.0,-1.13828975671071E-095,-5.75998535925821E-159));
#2789=DIRECTION('',(-7.70778900472634E-017,-5.91439452097347E-017,1.0));
#2790=DIRECTION('',(7.70778900472634E-017,-5.91439452097347E-017,-1.0));
#2791=DIRECTION('',(-1.0,-1.13828975671071E-095,-5.75998535925821E-159));
#2792=DIRECTION('',(-7.70778900472634E-017,-5.91439452097347E-017,1.0));
#2793=DIRECTION('',(7.70778900472634E-017,-5.91439452097347E-017,-1.0));
#2794=DIRECTION('',(1.0,2.24949108273321E-032,0.0));
#2795=DIRECTION('',(-7.70778900472634E-017,-5.91439452097347E-017,1.0));
#2796=DIRECTION('',(7.70778900472634E-017,-5.91439452097347E-017,-1.0));
#2797=DIRECTION('',(1.0,2.24949108273321E-032,0.0));
#2798=DIRECTION('',(-7.70778900472634E-017,-5.91439452097347E-017,1.0));
#2799=DIRECTION('',(7.70778900472634E-017,-5.91439452097347E-017,-1.0));
#2800=DIRECTION('',(-0.577350269189614,-0.577350269189614,0.577350269189649));
#2801=DIRECTION('',(-1.0,-6.12303176911188E-017,-6.12303176911153E-017));
#2802=DIRECTION('',(-0.577350269189187,0.577350269189828,-0.577350269189863));
#2803=DIRECTION('',(-0.577350269189721,0.5773502691894,0.577350269189756));
#2804=DIRECTION('',(-3.74915180455534E-032,1.0,0.0));
#2805=DIRECTION('',(0.577350269189187,0.577350269189828,0.577350269189863));
#2806=DIRECTION('',(1.0,2.24949108273321E-032,0.0));
#2807=DIRECTION('',(2.24949108273321E-032,-1.0,2.75474107278186E-048));
#2808=DIRECTION('',(0.0,0.0,-1.0));
#2809=DIRECTION('',(-1.0,-2.24949108273321E-032,-0.0));
#2810=DIRECTION('',(0.0,0.0,1.0));
#2811=DIRECTION('',(-0.608761429008686,0.793353340291262,0.0));
#2812=DIRECTION('',(-0.608761429008686,-0.793353340291262,0.0));
#2813=DIRECTION('',(1.0,2.24949108273321E-032,0.0));
#2814=DIRECTION('',(-0.608761429008686,0.793353340291262,0.0));
#2815=DIRECTION('',(-0.608761429008686,-0.793353340291262,0.0));
#2816=DIRECTION('',(1.0,2.24949108273321E-032,0.0));
#2817=DIRECTION('',(0.608761429008686,-0.793353340291262,0.0));
#2818=DIRECTION('',(0.608761429008686,0.793353340291262,0.0));
#2819=DIRECTION('',(-1.0,-1.13828975671071E-095,-5.75998535925821E-159));
#2820=DIRECTION('',(0.608761429008686,-0.793353340291262,0.0));
#2821=DIRECTION('',(0.608761429008686,0.793353340291262,0.0));
#2822=DIRECTION('',(-1.0,-1.13828975671071E-095,-5.75998535925821E-159));
#2823=DIRECTION('',(0.0,5.06021013129621E-064,-1.0));
#2824=DIRECTION('',(1.0,1.13828975671071E-095,5.75998535925821E-159));
#2825=DIRECTION('',(0.0,-5.06021013129621E-064,1.0));
#2826=DIRECTION('',(1.22460635382238E-016,0.0,-1.0));
#2827=DIRECTION('',(-2.24949108273321E-032,1.0,-2.75474107278186E-048));
#2828=DIRECTION('',(1.0,2.75411799042742E-080,1.83649404852124E-048));
#2829=DIRECTION('',(0.608761429008686,0.793353340291262,0.0));
#2830=DIRECTION('',(0.0,1.0,-1.49966072182214E-032));
#2831=DIRECTION('',(-0.608761429008686,0.793353340291262,0.0));
#2832=DIRECTION('',(1.0,1.13828975671071E-095,5.75998535925821E-159));
#2833=DIRECTION('',(-0.608761429008686,-0.793353340291262,-0.0));
#2834=DIRECTION('',(0.0,-1.0,1.49966072182214E-032));
#2835=DIRECTION('',(0.608761429008686,-0.793353340291262,0.0));
#2836=DIRECTION('',(1.0,2.75411799042742E-080,1.83649404852124E-048));
#2837=DIRECTION('',(0.0,-1.0,1.49966072182214E-032));
#2838=DIRECTION('',(-4.5912351213031E-048,-1.72132374401714E-079,1.0));
#2839=DIRECTION('',(3.74915180455534E-032,-1.0,0.0));
#2840=DIRECTION('',(4.5912351213031E-048,1.72132374401714E-079,-1.0));
#2841=DIRECTION('',(-1.0,-2.75411799042742E-080,-1.83649404852124E-048));
#2842=DIRECTION('',(-0.608761429008686,-0.793353340291262,-0.0));
#2843=DIRECTION('',(0.0,-1.0,1.49966072182214E-032));
#2844=DIRECTION('',(0.608761429008686,-0.793353340291262,0.0));
#2845=DIRECTION('',(-1.0,-2.24949108273321E-032,-0.0));
#2846=DIRECTION('',(0.608761429008686,0.793353340291262,0.0));
#2847=DIRECTION('',(0.0,1.0,-1.49966072182214E-032));
#2848=DIRECTION('',(-0.608761429008686,0.793353340291262,0.0));
#2849=DIRECTION('',(-1.0,-2.75411799042742E-080,-1.83649404852124E-048));
#2850=DIRECTION('',(0.0,1.0,-1.49966072182214E-032));
#2851=DIRECTION('',(-1.22460635382238E-016,0.0,1.0));
#2852=DIRECTION('',(0.0,0.0,-1.0));
#2853=DIRECTION('',(0.0,0.0,1.0));
#2854=DIRECTION('',(4.5912351213031E-048,1.72132374401714E-079,-1.0));
#2855=DIRECTION('',(7.70778900472634E-017,-5.91439452097347E-017,-1.0));
#2856=DIRECTION('',(-3.74915180455534E-032,1.0,0.0));
#2857=DIRECTION('',(-1.22460635382238E-016,0.0,1.0));
#2858=DIRECTION('',(2.24949108273321E-032,-1.0,2.75474107278186E-048));
#2859=DIRECTION('',(-7.70778900472634E-017,-5.91439452097347E-017,1.0));
#2860=DIRECTION('',(0.0,5.06021013129621E-064,-1.0));
#2861=DIRECTION('',(0.0,-5.06021013129621E-064,1.0));
#2862=DIRECTION('',(7.70778900472634E-017,-5.91439452097347E-017,-1.0));
#2863=DIRECTION('',(2.24949108273321E-032,-1.0,2.75474107278186E-048));
#2864=DIRECTION('',(1.22460635382238E-016,0.0,-1.0));
#2865=DIRECTION('',(-7.70778900472634E-017,-5.91439452097347E-017,1.0));
#2866=DIRECTION('',(-4.5912351213031E-048,-1.72132374401714E-079,1.0));
#2867=DIRECTION('',(-3.74915180455534E-032,1.0,0.0));
#2868=DIRECTION('',(-7.70778900472634E-017,-5.91439452097347E-017,1.0));
#2869=DIRECTION('',(7.70778900472634E-017,-5.91439452097347E-017,-1.0));
#2870=DIRECTION('',(-1.0,-2.24949108273321E-032,-0.0));
#2871=DIRECTION('',(1.0,2.7541179880405E-080,1.83649404756625E-048));
#2872=DIRECTION('',(-2.24949108273321E-032,1.0,-2.75474107278186E-048));
#2873=DIRECTION('',(-1.0,-2.24949108273321E-032,-0.0));
#2874=DIRECTION('',(1.0,2.7541179880405E-080,1.83649404756625E-048));
#2875=DIRECTION('',(-7.70778900472634E-017,-5.91439452097347E-017,1.0));
#2876=DIRECTION('',(7.70778900472634E-017,-5.91439452097347E-017,-1.0));
#2877=DIRECTION('',(0.0,1.0,-1.49966072130225E-032));
#2878=DIRECTION('',(1.0,1.13828975671071E-095,5.75998535925821E-159));
#2879=DIRECTION('',(-1.0,-2.7541179880405E-080,-1.83649404756625E-048));
#2880=DIRECTION('',(0.0,-5.06021013129621E-064,1.0));
#2881=DIRECTION('',(0.0,5.06021013129621E-064,-1.0));
#2882=DIRECTION('',(0.0,0.0,1.0));
#2883=DIRECTION('',(0.0,0.0,1.0));
#2884=DIRECTION('',(-7.70778900472634E-017,5.91439452097347E-017,1.0));
#2885=DIRECTION('',(1.22460635382238E-016,0.0,-1.0));
#2886=DIRECTION('',(-7.70778900472634E-017,5.91439452097347E-017,1.0));
#2887=DIRECTION('',(0.0,0.0,-1.0));
#2888=DIRECTION('',(0.0,0.0,-1.0));
#2889=DIRECTION('',(0.0,5.06021013129621E-064,-1.0));
#2890=DIRECTION('',(-7.70778900472634E-017,-5.91439452097347E-017,1.0));
#2891=DIRECTION('',(0.0,5.06021013129621E-064,-1.0));
#2892=DIRECTION('',(7.34763812293426E-016,1.0,0.0));
#2893=DIRECTION('',(-0.0,-1.22460635382237E-016,-1.0));
#2894=DIRECTION('',(-7.34763812293426E-016,-1.0,-0.0));
#2895=DIRECTION('',(8.99796433093282E-032,1.22460635382238E-016,1.0));
#2896=DIRECTION('',(-1.0,-8.99796433093278E-032,1.10189642911274E-047));
#2897=DIRECTION('',(-8.99796433093282E-032,6.61137857467647E-047,-1.0));
#2898=DIRECTION('',(1.0,8.99796433093278E-032,-1.10189642911274E-047));
#2899=DIRECTION('',(-1.0,7.34763812293426E-016,0.0));
#2900=DIRECTION('',(8.99796433093282E-032,-6.61137857467647E-047,1.0));
#2901=DIRECTION('',(1.0,-7.34763812293426E-016,0.0));
#2902=DIRECTION('',(7.34763812293426E-016,1.0,0.0));
#2903=DIRECTION('',(-7.34763812293426E-016,-1.0,0.0));
#2904=DIRECTION('',(0.408248290463773,0.408248290464075,0.816496580927665));
#2905=DIRECTION('',(5.38826795681886E-016,1.0,-2.69413397840902E-016));
#2906=DIRECTION('',(-0.408248290463773,0.408248290464075,-0.816496580927665));
#2907=DIRECTION('',(-0.408248290463764,0.408248290463915,0.81649658092775));
#2908=DIRECTION('',(-1.0,5.87811049834732E-016,-2.93905524917377E-016));
#2909=DIRECTION('',(0.408248290463764,0.408248290463915,-0.81649658092775));
#2910=DIRECTION('',(1.0,-5.87811049834732E-016,-2.93905524917377E-016));
#2911=DIRECTION('',(-0.0,-1.0,-1.22460635382238E-016));
#2912=DIRECTION('',(-1.0,5.87811049834732E-016,-2.93905524917377E-016));
#2913=DIRECTION('',(0.0,1.0,-1.22460635382238E-016));
#2914=DIRECTION('',(1.0,-5.87811049834732E-016,-2.93905524917377E-016));
#2915=DIRECTION('',(-5.38826795681886E-016,-1.0,-2.69413397840902E-016));
#2916=DIRECTION('',(0.408248290463763,-0.408248290463914,0.81649658092775));
#2917=DIRECTION('',(-0.408248290463763,-0.408248290463914,-0.81649658092775));
#2918=DIRECTION('',(0.408248290463773,-0.408248290464075,-0.816496580927666));
#2919=DIRECTION('',(-0.408248290463773,-0.408248290464075,0.816496580927666));
#2920=DIRECTION('',(7.34763812293426E-016,1.0,0.0));
#2921=DIRECTION('',(-0.0,-1.22460635382237E-016,-1.0));
#2922=DIRECTION('',(-7.34763812293426E-016,-1.0,-0.0));
#2923=DIRECTION('',(8.99796433093282E-032,1.22460635382238E-016,1.0));
#2924=DIRECTION('',(-1.0,-8.99796433093278E-032,1.10189642911274E-047));
#2925=DIRECTION('',(-8.99796433093282E-032,6.61137857467647E-047,-1.0));
#2926=DIRECTION('',(1.0,8.99796433093278E-032,-1.10189642911274E-047));
#2927=DIRECTION('',(-1.0,7.34763812293426E-016,0.0));
#2928=DIRECTION('',(8.99796433093282E-032,-6.61137857467647E-047,1.0));
#2929=DIRECTION('',(1.0,-7.34763812293426E-016,0.0));
#2930=DIRECTION('',(7.34763812293426E-016,1.0,0.0));
#2931=DIRECTION('',(-7.34763812293426E-016,-1.0,0.0));
#2932=DIRECTION('',(0.408248290463773,0.408248290464075,0.816496580927665));
#2933=DIRECTION('',(5.38826795681886E-016,1.0,-2.69413397840902E-016));
#2934=DIRECTION('',(-0.408248290463773,0.408248290464075,-0.816496580927665));
#2935=DIRECTION('',(-0.408248290463764,0.408248290463915,0.81649658092775));
#2936=DIRECTION('',(-1.0,5.87811049834732E-016,-2.93905524917377E-016));
#2937=DIRECTION('',(0.408248290463764,0.408248290463915,-0.81649658092775));
#2938=DIRECTION('',(1.0,-5.87811049834732E-016,-2.93905524917377E-016));
#2939=DIRECTION('',(-0.0,-1.0,-1.22460635382238E-016));
#2940=DIRECTION('',(-1.0,5.87811049834732E-016,-2.93905524917377E-016));
#2941=DIRECTION('',(0.0,1.0,-1.22460635382238E-016));
#2942=DIRECTION('',(1.0,-5.87811049834732E-016,-2.93905524917377E-016));
#2943=DIRECTION('',(-5.38826795681886E-016,-1.0,-2.69413397840902E-016));
#2944=DIRECTION('',(0.408248290463763,-0.408248290463914,0.81649658092775));
#2945=DIRECTION('',(-0.408248290463763,-0.408248290463914,-0.81649658092775));
#2946=DIRECTION('',(0.408248290463773,-0.408248290464075,-0.816496580927666));
#2947=DIRECTION('',(-0.408248290463773,-0.408248290464075,0.816496580927666));
#2948=PRESENTATION_LAYER_ASSIGNMENT('0','0',(#221,#251,#281));
ENDSEC;
END-ISO-10303-21;
