ISO-10303-21;
HEADER;
/* Generated by software containing ST-Developer
 * from STEP Tools, Inc. (www.steptools.com) 
 */

FILE_DESCRIPTION(
/* description */ (''),
/* implementation_level */ '2;1');

FILE_NAME(
/* name */ 'C:\\Users\\Karem\\Desktop\\Cap 1.6x0.8x0.95x0.375\\1.stp',
/* time_stamp */ '2019-10-07T15:15:40+02:00',
/* author */ ('Karem'),
/* organization */ (''),
/* preprocessor_version */ 'ST-DEVELOPER v15.6',
/* originating_system */ 'Autodesk Inventor 2015',
/* authorisation */ '');

FILE_SCHEMA (('AUTOMOTIVE_DESIGN { 1 0 10303 214 3 1 1 }'));
ENDSEC;

DATA;
#10=MECHANICAL_DESIGN_GEOMETRIC_PRESENTATION_REPRESENTATION('',(#43,#41,
#42,#44),#7117);
#11=ITEM_DEFINED_TRANSFORMATION($,$,#4140,#4593);
#12=ITEM_DEFINED_TRANSFORMATION($,$,#4209,#4594);
#13=ITEM_DEFINED_TRANSFORMATION($,$,#4260,#4595);
#14=(
REPRESENTATION_RELATIONSHIP($,$,#7136,#7139)
REPRESENTATION_RELATIONSHIP_WITH_TRANSFORMATION(#11)
SHAPE_REPRESENTATION_RELATIONSHIP()
);
#15=(
REPRESENTATION_RELATIONSHIP($,$,#7137,#7139)
REPRESENTATION_RELATIONSHIP_WITH_TRANSFORMATION(#12)
SHAPE_REPRESENTATION_RELATIONSHIP()
);
#16=(
REPRESENTATION_RELATIONSHIP($,$,#7138,#7139)
REPRESENTATION_RELATIONSHIP_WITH_TRANSFORMATION(#13)
SHAPE_REPRESENTATION_RELATIONSHIP()
);
#17=CONTEXT_DEPENDENT_SHAPE_REPRESENTATION(#14,#7133);
#18=CONTEXT_DEPENDENT_SHAPE_REPRESENTATION(#15,#7134);
#19=CONTEXT_DEPENDENT_SHAPE_REPRESENTATION(#16,#7135);
#20=NEXT_ASSEMBLY_USAGE_OCCURRENCE('1:1',$,$,#7144,#7141,$);
#21=NEXT_ASSEMBLY_USAGE_OCCURRENCE('2:1',$,$,#7144,#7142,$);
#22=NEXT_ASSEMBLY_USAGE_OCCURRENCE('Murata Logo 3:1',$,$,#7144,#7143,$);
#23=FACE_BOUND('',#611,.T.);
#24=FACE_BOUND('',#612,.T.);
#25=FACE_BOUND('',#613,.T.);
#26=FACE_BOUND('',#614,.T.);
#27=FACE_BOUND('',#615,.T.);
#28=FACE_BOUND('',#617,.T.);
#29=FACE_BOUND('',#618,.T.);
#30=FACE_BOUND('',#619,.T.);
#31=FACE_BOUND('',#620,.T.);
#32=FACE_BOUND('',#621,.T.);
#33=(
CONVERSION_BASED_UNIT('__CONSTANT UNIT inch',#34)
LENGTH_UNIT()
NAMED_UNIT(#7121)
);
#34=LENGTH_MEASURE_WITH_UNIT(LENGTH_MEASURE(25.4),#7118);
#35=SHAPE_REPRESENTATION_RELATIONSHIP('SRR','None',#7136,#38);
#36=SHAPE_REPRESENTATION_RELATIONSHIP('SRR','None',#7137,#39);
#37=SHAPE_REPRESENTATION_RELATIONSHIP('SRR','None',#7138,#40);
#38=ADVANCED_BREP_SHAPE_REPRESENTATION($,(#45,#46),#7113);
#39=ADVANCED_BREP_SHAPE_REPRESENTATION($,(#47),#7114);
#40=ADVANCED_BREP_SHAPE_REPRESENTATION($,(#48),#7115);
#41=STYLED_ITEM('',(#7160),#45);
#42=STYLED_ITEM('',(#7160),#46);
#43=STYLED_ITEM('',(#7161),#47);
#44=STYLED_ITEM('',(#7162),#48);
#45=MANIFOLD_SOLID_BREP('Solid1',#4136);
#46=MANIFOLD_SOLID_BREP('Solid1',#4137);
#47=MANIFOLD_SOLID_BREP('Solid1',#4138);
#48=MANIFOLD_SOLID_BREP('Solid1',#4139);
#49=PLANE('',#4163);
#50=PLANE('',#4166);
#51=PLANE('',#4167);
#52=PLANE('',#4170);
#53=PLANE('',#4171);
#54=PLANE('',#4174);
#55=PLANE('',#4197);
#56=PLANE('',#4200);
#57=PLANE('',#4201);
#58=PLANE('',#4204);
#59=PLANE('',#4207);
#60=PLANE('',#4208);
#61=PLANE('',#4232);
#62=PLANE('',#4235);
#63=PLANE('',#4236);
#64=PLANE('',#4255);
#65=PLANE('',#4256);
#66=PLANE('',#4258);
#67=PLANE('',#4264);
#68=PLANE('',#4268);
#69=PLANE('',#4272);
#70=PLANE('',#4279);
#71=PLANE('',#4283);
#72=PLANE('',#4287);
#73=PLANE('',#4291);
#74=PLANE('',#4295);
#75=PLANE('',#4296);
#76=PLANE('',#4300);
#77=PLANE('',#4304);
#78=PLANE('',#4308);
#79=PLANE('',#4312);
#80=PLANE('',#4316);
#81=PLANE('',#4320);
#82=PLANE('',#4324);
#83=PLANE('',#4331);
#84=PLANE('',#4335);
#85=PLANE('',#4339);
#86=PLANE('',#4343);
#87=PLANE('',#4344);
#88=PLANE('',#4348);
#89=PLANE('',#4355);
#90=PLANE('',#4359);
#91=PLANE('',#4363);
#92=PLANE('',#4367);
#93=PLANE('',#4371);
#94=PLANE('',#4378);
#95=PLANE('',#4382);
#96=PLANE('',#4386);
#97=PLANE('',#4390);
#98=PLANE('',#4394);
#99=PLANE('',#4398);
#100=PLANE('',#4402);
#101=PLANE('',#4406);
#102=PLANE('',#4410);
#103=PLANE('',#4414);
#104=PLANE('',#4418);
#105=PLANE('',#4422);
#106=PLANE('',#4426);
#107=PLANE('',#4430);
#108=PLANE('',#4434);
#109=PLANE('',#4438);
#110=PLANE('',#4442);
#111=PLANE('',#4449);
#112=PLANE('',#4453);
#113=PLANE('',#4457);
#114=PLANE('',#4461);
#115=PLANE('',#4465);
#116=PLANE('',#4469);
#117=PLANE('',#4473);
#118=PLANE('',#4477);
#119=PLANE('',#4481);
#120=PLANE('',#4485);
#121=PLANE('',#4489);
#122=PLANE('',#4493);
#123=PLANE('',#4497);
#124=PLANE('',#4501);
#125=PLANE('',#4505);
#126=PLANE('',#4518);
#127=PLANE('',#4522);
#128=PLANE('',#4526);
#129=PLANE('',#4530);
#130=PLANE('',#4534);
#131=PLANE('',#4538);
#132=PLANE('',#4542);
#133=PLANE('',#4546);
#134=PLANE('',#4550);
#135=PLANE('',#4554);
#136=PLANE('',#4558);
#137=PLANE('',#4562);
#138=PLANE('',#4566);
#139=PLANE('',#4570);
#140=PLANE('',#4574);
#141=PLANE('',#4578);
#142=PLANE('',#4582);
#143=PLANE('',#4586);
#144=PLANE('',#4590);
#145=PLANE('',#4591);
#146=SPHERICAL_SURFACE('',#4153,0.1);
#147=SPHERICAL_SURFACE('',#4155,0.1);
#148=SPHERICAL_SURFACE('',#4157,0.1);
#149=SPHERICAL_SURFACE('',#4159,0.1);
#150=SPHERICAL_SURFACE('',#4181,0.1);
#151=SPHERICAL_SURFACE('',#4186,0.1);
#152=SPHERICAL_SURFACE('',#4191,0.1);
#153=SPHERICAL_SURFACE('',#4193,0.1);
#154=SPHERICAL_SURFACE('',#4216,0.1);
#155=SPHERICAL_SURFACE('',#4221,0.1);
#156=SPHERICAL_SURFACE('',#4226,0.1);
#157=SPHERICAL_SURFACE('',#4228,0.1);
#158=SPHERICAL_SURFACE('',#4243,0.1);
#159=SPHERICAL_SURFACE('',#4248,0.1);
#160=SPHERICAL_SURFACE('',#4252,0.1);
#161=SPHERICAL_SURFACE('',#4253,0.1);
#162=FACE_OUTER_BOUND('',#387,.T.);
#163=FACE_OUTER_BOUND('',#388,.T.);
#164=FACE_OUTER_BOUND('',#389,.T.);
#165=FACE_OUTER_BOUND('',#390,.T.);
#166=FACE_OUTER_BOUND('',#391,.T.);
#167=FACE_OUTER_BOUND('',#392,.T.);
#168=FACE_OUTER_BOUND('',#393,.T.);
#169=FACE_OUTER_BOUND('',#394,.T.);
#170=FACE_OUTER_BOUND('',#395,.T.);
#171=FACE_OUTER_BOUND('',#396,.T.);
#172=FACE_OUTER_BOUND('',#397,.T.);
#173=FACE_OUTER_BOUND('',#398,.T.);
#174=FACE_OUTER_BOUND('',#399,.T.);
#175=FACE_OUTER_BOUND('',#400,.T.);
#176=FACE_OUTER_BOUND('',#401,.T.);
#177=FACE_OUTER_BOUND('',#402,.T.);
#178=FACE_OUTER_BOUND('',#403,.T.);
#179=FACE_OUTER_BOUND('',#404,.T.);
#180=FACE_OUTER_BOUND('',#405,.T.);
#181=FACE_OUTER_BOUND('',#406,.T.);
#182=FACE_OUTER_BOUND('',#407,.T.);
#183=FACE_OUTER_BOUND('',#408,.T.);
#184=FACE_OUTER_BOUND('',#409,.T.);
#185=FACE_OUTER_BOUND('',#410,.T.);
#186=FACE_OUTER_BOUND('',#411,.T.);
#187=FACE_OUTER_BOUND('',#412,.T.);
#188=FACE_OUTER_BOUND('',#413,.T.);
#189=FACE_OUTER_BOUND('',#414,.T.);
#190=FACE_OUTER_BOUND('',#415,.T.);
#191=FACE_OUTER_BOUND('',#416,.T.);
#192=FACE_OUTER_BOUND('',#417,.T.);
#193=FACE_OUTER_BOUND('',#418,.T.);
#194=FACE_OUTER_BOUND('',#419,.T.);
#195=FACE_OUTER_BOUND('',#420,.T.);
#196=FACE_OUTER_BOUND('',#421,.T.);
#197=FACE_OUTER_BOUND('',#422,.T.);
#198=FACE_OUTER_BOUND('',#423,.T.);
#199=FACE_OUTER_BOUND('',#424,.T.);
#200=FACE_OUTER_BOUND('',#425,.T.);
#201=FACE_OUTER_BOUND('',#426,.T.);
#202=FACE_OUTER_BOUND('',#427,.T.);
#203=FACE_OUTER_BOUND('',#428,.T.);
#204=FACE_OUTER_BOUND('',#429,.T.);
#205=FACE_OUTER_BOUND('',#430,.T.);
#206=FACE_OUTER_BOUND('',#431,.T.);
#207=FACE_OUTER_BOUND('',#432,.T.);
#208=FACE_OUTER_BOUND('',#433,.T.);
#209=FACE_OUTER_BOUND('',#434,.T.);
#210=FACE_OUTER_BOUND('',#435,.T.);
#211=FACE_OUTER_BOUND('',#436,.T.);
#212=FACE_OUTER_BOUND('',#437,.T.);
#213=FACE_OUTER_BOUND('',#438,.T.);
#214=FACE_OUTER_BOUND('',#439,.T.);
#215=FACE_OUTER_BOUND('',#440,.T.);
#216=FACE_OUTER_BOUND('',#441,.T.);
#217=FACE_OUTER_BOUND('',#442,.T.);
#218=FACE_OUTER_BOUND('',#443,.T.);
#219=FACE_OUTER_BOUND('',#444,.T.);
#220=FACE_OUTER_BOUND('',#445,.T.);
#221=FACE_OUTER_BOUND('',#446,.T.);
#222=FACE_OUTER_BOUND('',#447,.T.);
#223=FACE_OUTER_BOUND('',#448,.T.);
#224=FACE_OUTER_BOUND('',#449,.T.);
#225=FACE_OUTER_BOUND('',#450,.T.);
#226=FACE_OUTER_BOUND('',#451,.T.);
#227=FACE_OUTER_BOUND('',#452,.T.);
#228=FACE_OUTER_BOUND('',#453,.T.);
#229=FACE_OUTER_BOUND('',#454,.T.);
#230=FACE_OUTER_BOUND('',#455,.T.);
#231=FACE_OUTER_BOUND('',#456,.T.);
#232=FACE_OUTER_BOUND('',#457,.T.);
#233=FACE_OUTER_BOUND('',#458,.T.);
#234=FACE_OUTER_BOUND('',#459,.T.);
#235=FACE_OUTER_BOUND('',#460,.T.);
#236=FACE_OUTER_BOUND('',#461,.T.);
#237=FACE_OUTER_BOUND('',#462,.T.);
#238=FACE_OUTER_BOUND('',#463,.T.);
#239=FACE_OUTER_BOUND('',#464,.T.);
#240=FACE_OUTER_BOUND('',#465,.T.);
#241=FACE_OUTER_BOUND('',#466,.T.);
#242=FACE_OUTER_BOUND('',#467,.T.);
#243=FACE_OUTER_BOUND('',#468,.T.);
#244=FACE_OUTER_BOUND('',#469,.T.);
#245=FACE_OUTER_BOUND('',#470,.T.);
#246=FACE_OUTER_BOUND('',#471,.T.);
#247=FACE_OUTER_BOUND('',#472,.T.);
#248=FACE_OUTER_BOUND('',#473,.T.);
#249=FACE_OUTER_BOUND('',#474,.T.);
#250=FACE_OUTER_BOUND('',#475,.T.);
#251=FACE_OUTER_BOUND('',#476,.T.);
#252=FACE_OUTER_BOUND('',#477,.T.);
#253=FACE_OUTER_BOUND('',#478,.T.);
#254=FACE_OUTER_BOUND('',#479,.T.);
#255=FACE_OUTER_BOUND('',#480,.T.);
#256=FACE_OUTER_BOUND('',#481,.T.);
#257=FACE_OUTER_BOUND('',#482,.T.);
#258=FACE_OUTER_BOUND('',#483,.T.);
#259=FACE_OUTER_BOUND('',#484,.T.);
#260=FACE_OUTER_BOUND('',#485,.T.);
#261=FACE_OUTER_BOUND('',#486,.T.);
#262=FACE_OUTER_BOUND('',#487,.T.);
#263=FACE_OUTER_BOUND('',#488,.T.);
#264=FACE_OUTER_BOUND('',#489,.T.);
#265=FACE_OUTER_BOUND('',#490,.T.);
#266=FACE_OUTER_BOUND('',#491,.T.);
#267=FACE_OUTER_BOUND('',#492,.T.);
#268=FACE_OUTER_BOUND('',#493,.T.);
#269=FACE_OUTER_BOUND('',#494,.T.);
#270=FACE_OUTER_BOUND('',#495,.T.);
#271=FACE_OUTER_BOUND('',#496,.T.);
#272=FACE_OUTER_BOUND('',#497,.T.);
#273=FACE_OUTER_BOUND('',#498,.T.);
#274=FACE_OUTER_BOUND('',#499,.T.);
#275=FACE_OUTER_BOUND('',#500,.T.);
#276=FACE_OUTER_BOUND('',#501,.T.);
#277=FACE_OUTER_BOUND('',#502,.T.);
#278=FACE_OUTER_BOUND('',#503,.T.);
#279=FACE_OUTER_BOUND('',#504,.T.);
#280=FACE_OUTER_BOUND('',#505,.T.);
#281=FACE_OUTER_BOUND('',#506,.T.);
#282=FACE_OUTER_BOUND('',#507,.T.);
#283=FACE_OUTER_BOUND('',#508,.T.);
#284=FACE_OUTER_BOUND('',#509,.T.);
#285=FACE_OUTER_BOUND('',#510,.T.);
#286=FACE_OUTER_BOUND('',#511,.T.);
#287=FACE_OUTER_BOUND('',#512,.T.);
#288=FACE_OUTER_BOUND('',#513,.T.);
#289=FACE_OUTER_BOUND('',#514,.T.);
#290=FACE_OUTER_BOUND('',#515,.T.);
#291=FACE_OUTER_BOUND('',#516,.T.);
#292=FACE_OUTER_BOUND('',#517,.T.);
#293=FACE_OUTER_BOUND('',#518,.T.);
#294=FACE_OUTER_BOUND('',#519,.T.);
#295=FACE_OUTER_BOUND('',#520,.T.);
#296=FACE_OUTER_BOUND('',#521,.T.);
#297=FACE_OUTER_BOUND('',#522,.T.);
#298=FACE_OUTER_BOUND('',#523,.T.);
#299=FACE_OUTER_BOUND('',#524,.T.);
#300=FACE_OUTER_BOUND('',#525,.T.);
#301=FACE_OUTER_BOUND('',#526,.T.);
#302=FACE_OUTER_BOUND('',#527,.T.);
#303=FACE_OUTER_BOUND('',#528,.T.);
#304=FACE_OUTER_BOUND('',#529,.T.);
#305=FACE_OUTER_BOUND('',#530,.T.);
#306=FACE_OUTER_BOUND('',#531,.T.);
#307=FACE_OUTER_BOUND('',#532,.T.);
#308=FACE_OUTER_BOUND('',#533,.T.);
#309=FACE_OUTER_BOUND('',#534,.T.);
#310=FACE_OUTER_BOUND('',#535,.T.);
#311=FACE_OUTER_BOUND('',#536,.T.);
#312=FACE_OUTER_BOUND('',#537,.T.);
#313=FACE_OUTER_BOUND('',#538,.T.);
#314=FACE_OUTER_BOUND('',#539,.T.);
#315=FACE_OUTER_BOUND('',#540,.T.);
#316=FACE_OUTER_BOUND('',#541,.T.);
#317=FACE_OUTER_BOUND('',#542,.T.);
#318=FACE_OUTER_BOUND('',#543,.T.);
#319=FACE_OUTER_BOUND('',#544,.T.);
#320=FACE_OUTER_BOUND('',#545,.T.);
#321=FACE_OUTER_BOUND('',#546,.T.);
#322=FACE_OUTER_BOUND('',#547,.T.);
#323=FACE_OUTER_BOUND('',#548,.T.);
#324=FACE_OUTER_BOUND('',#549,.T.);
#325=FACE_OUTER_BOUND('',#550,.T.);
#326=FACE_OUTER_BOUND('',#551,.T.);
#327=FACE_OUTER_BOUND('',#552,.T.);
#328=FACE_OUTER_BOUND('',#553,.T.);
#329=FACE_OUTER_BOUND('',#554,.T.);
#330=FACE_OUTER_BOUND('',#555,.T.);
#331=FACE_OUTER_BOUND('',#556,.T.);
#332=FACE_OUTER_BOUND('',#557,.T.);
#333=FACE_OUTER_BOUND('',#558,.T.);
#334=FACE_OUTER_BOUND('',#559,.T.);
#335=FACE_OUTER_BOUND('',#560,.T.);
#336=FACE_OUTER_BOUND('',#561,.T.);
#337=FACE_OUTER_BOUND('',#562,.T.);
#338=FACE_OUTER_BOUND('',#563,.T.);
#339=FACE_OUTER_BOUND('',#564,.T.);
#340=FACE_OUTER_BOUND('',#565,.T.);
#341=FACE_OUTER_BOUND('',#566,.T.);
#342=FACE_OUTER_BOUND('',#567,.T.);
#343=FACE_OUTER_BOUND('',#568,.T.);
#344=FACE_OUTER_BOUND('',#569,.T.);
#345=FACE_OUTER_BOUND('',#570,.T.);
#346=FACE_OUTER_BOUND('',#571,.T.);
#347=FACE_OUTER_BOUND('',#572,.T.);
#348=FACE_OUTER_BOUND('',#573,.T.);
#349=FACE_OUTER_BOUND('',#574,.T.);
#350=FACE_OUTER_BOUND('',#575,.T.);
#351=FACE_OUTER_BOUND('',#576,.T.);
#352=FACE_OUTER_BOUND('',#577,.T.);
#353=FACE_OUTER_BOUND('',#578,.T.);
#354=FACE_OUTER_BOUND('',#579,.T.);
#355=FACE_OUTER_BOUND('',#580,.T.);
#356=FACE_OUTER_BOUND('',#581,.T.);
#357=FACE_OUTER_BOUND('',#582,.T.);
#358=FACE_OUTER_BOUND('',#583,.T.);
#359=FACE_OUTER_BOUND('',#584,.T.);
#360=FACE_OUTER_BOUND('',#585,.T.);
#361=FACE_OUTER_BOUND('',#586,.T.);
#362=FACE_OUTER_BOUND('',#587,.T.);
#363=FACE_OUTER_BOUND('',#588,.T.);
#364=FACE_OUTER_BOUND('',#589,.T.);
#365=FACE_OUTER_BOUND('',#590,.T.);
#366=FACE_OUTER_BOUND('',#591,.T.);
#367=FACE_OUTER_BOUND('',#592,.T.);
#368=FACE_OUTER_BOUND('',#593,.T.);
#369=FACE_OUTER_BOUND('',#594,.T.);
#370=FACE_OUTER_BOUND('',#595,.T.);
#371=FACE_OUTER_BOUND('',#596,.T.);
#372=FACE_OUTER_BOUND('',#597,.T.);
#373=FACE_OUTER_BOUND('',#598,.T.);
#374=FACE_OUTER_BOUND('',#599,.T.);
#375=FACE_OUTER_BOUND('',#600,.T.);
#376=FACE_OUTER_BOUND('',#601,.T.);
#377=FACE_OUTER_BOUND('',#602,.T.);
#378=FACE_OUTER_BOUND('',#603,.T.);
#379=FACE_OUTER_BOUND('',#604,.T.);
#380=FACE_OUTER_BOUND('',#605,.T.);
#381=FACE_OUTER_BOUND('',#606,.T.);
#382=FACE_OUTER_BOUND('',#607,.T.);
#383=FACE_OUTER_BOUND('',#608,.T.);
#384=FACE_OUTER_BOUND('',#609,.T.);
#385=FACE_OUTER_BOUND('',#610,.T.);
#386=FACE_OUTER_BOUND('',#616,.T.);
#387=EDGE_LOOP('',(#2593,#2594,#2595,#2596));
#388=EDGE_LOOP('',(#2597,#2598,#2599,#2600));
#389=EDGE_LOOP('',(#2601,#2602,#2603,#2604));
#390=EDGE_LOOP('',(#2605,#2606,#2607,#2608));
#391=EDGE_LOOP('',(#2609,#2610,#2611));
#392=EDGE_LOOP('',(#2612,#2613,#2614));
#393=EDGE_LOOP('',(#2615,#2616,#2617));
#394=EDGE_LOOP('',(#2618,#2619,#2620));
#395=EDGE_LOOP('',(#2621,#2622,#2623,#2624));
#396=EDGE_LOOP('',(#2625,#2626,#2627,#2628));
#397=EDGE_LOOP('',(#2629,#2630,#2631,#2632));
#398=EDGE_LOOP('',(#2633,#2634,#2635,#2636));
#399=EDGE_LOOP('',(#2637,#2638,#2639,#2640));
#400=EDGE_LOOP('',(#2641,#2642,#2643,#2644));
#401=EDGE_LOOP('',(#2645,#2646,#2647,#2648));
#402=EDGE_LOOP('',(#2649,#2650,#2651,#2652,#2653,#2654,#2655,#2656));
#403=EDGE_LOOP('',(#2657,#2658,#2659,#2660));
#404=EDGE_LOOP('',(#2661,#2662,#2663,#2664));
#405=EDGE_LOOP('',(#2665,#2666,#2667,#2668));
#406=EDGE_LOOP('',(#2669,#2670,#2671,#2672));
#407=EDGE_LOOP('',(#2673,#2674,#2675));
#408=EDGE_LOOP('',(#2676,#2677,#2678,#2679));
#409=EDGE_LOOP('',(#2680,#2681,#2682));
#410=EDGE_LOOP('',(#2683,#2684,#2685,#2686));
#411=EDGE_LOOP('',(#2687,#2688,#2689));
#412=EDGE_LOOP('',(#2690,#2691,#2692));
#413=EDGE_LOOP('',(#2693,#2694,#2695,#2696));
#414=EDGE_LOOP('',(#2697,#2698,#2699,#2700));
#415=EDGE_LOOP('',(#2701,#2702,#2703,#2704));
#416=EDGE_LOOP('',(#2705,#2706,#2707,#2708));
#417=EDGE_LOOP('',(#2709,#2710,#2711,#2712));
#418=EDGE_LOOP('',(#2713,#2714,#2715,#2716));
#419=EDGE_LOOP('',(#2717,#2718,#2719,#2720));
#420=EDGE_LOOP('',(#2721,#2722,#2723,#2724));
#421=EDGE_LOOP('',(#2725,#2726,#2727,#2728));
#422=EDGE_LOOP('',(#2729,#2730,#2731,#2732,#2733,#2734,#2735,#2736));
#423=EDGE_LOOP('',(#2737,#2738,#2739,#2740));
#424=EDGE_LOOP('',(#2741,#2742,#2743,#2744));
#425=EDGE_LOOP('',(#2745,#2746,#2747));
#426=EDGE_LOOP('',(#2748,#2749,#2750,#2751));
#427=EDGE_LOOP('',(#2752,#2753,#2754));
#428=EDGE_LOOP('',(#2755,#2756,#2757,#2758));
#429=EDGE_LOOP('',(#2759,#2760,#2761));
#430=EDGE_LOOP('',(#2762,#2763,#2764));
#431=EDGE_LOOP('',(#2765,#2766,#2767,#2768));
#432=EDGE_LOOP('',(#2769,#2770,#2771,#2772));
#433=EDGE_LOOP('',(#2773,#2774,#2775,#2776));
#434=EDGE_LOOP('',(#2777,#2778,#2779,#2780));
#435=EDGE_LOOP('',(#2781,#2782,#2783,#2784));
#436=EDGE_LOOP('',(#2785,#2786,#2787,#2788));
#437=EDGE_LOOP('',(#2789,#2790,#2791,#2792));
#438=EDGE_LOOP('',(#2793,#2794,#2795));
#439=EDGE_LOOP('',(#2796,#2797,#2798,#2799));
#440=EDGE_LOOP('',(#2800,#2801,#2802));
#441=EDGE_LOOP('',(#2803,#2804,#2805,#2806));
#442=EDGE_LOOP('',(#2807,#2808,#2809));
#443=EDGE_LOOP('',(#2810,#2811,#2812));
#444=EDGE_LOOP('',(#2813,#2814,#2815,#2816));
#445=EDGE_LOOP('',(#2817,#2818,#2819,#2820));
#446=EDGE_LOOP('',(#2821,#2822,#2823,#2824));
#447=EDGE_LOOP('',(#2825,#2826,#2827,#2828));
#448=EDGE_LOOP('',(#2829,#2830,#2831,#2832));
#449=EDGE_LOOP('',(#2833,#2834,#2835,#2836));
#450=EDGE_LOOP('',(#2837,#2838,#2839,#2840));
#451=EDGE_LOOP('',(#2841,#2842,#2843,#2844));
#452=EDGE_LOOP('',(#2845,#2846,#2847,#2848));
#453=EDGE_LOOP('',(#2849,#2850,#2851,#2852));
#454=EDGE_LOOP('',(#2853,#2854,#2855,#2856));
#455=EDGE_LOOP('',(#2857,#2858,#2859,#2860));
#456=EDGE_LOOP('',(#2861,#2862,#2863,#2864));
#457=EDGE_LOOP('',(#2865,#2866,#2867,#2868));
#458=EDGE_LOOP('',(#2869,#2870,#2871,#2872));
#459=EDGE_LOOP('',(#2873,#2874,#2875,#2876));
#460=EDGE_LOOP('',(#2877,#2878,#2879,#2880));
#461=EDGE_LOOP('',(#2881,#2882,#2883,#2884));
#462=EDGE_LOOP('',(#2885,#2886,#2887,#2888));
#463=EDGE_LOOP('',(#2889,#2890,#2891,#2892));
#464=EDGE_LOOP('',(#2893,#2894,#2895,#2896));
#465=EDGE_LOOP('',(#2897,#2898,#2899,#2900));
#466=EDGE_LOOP('',(#2901,#2902,#2903,#2904));
#467=EDGE_LOOP('',(#2905,#2906,#2907,#2908));
#468=EDGE_LOOP('',(#2909,#2910,#2911,#2912));
#469=EDGE_LOOP('',(#2913,#2914,#2915,#2916));
#470=EDGE_LOOP('',(#2917,#2918,#2919,#2920));
#471=EDGE_LOOP('',(#2921,#2922,#2923,#2924));
#472=EDGE_LOOP('',(#2925,#2926,#2927,#2928));
#473=EDGE_LOOP('',(#2929,#2930,#2931,#2932));
#474=EDGE_LOOP('',(#2933,#2934,#2935,#2936));
#475=EDGE_LOOP('',(#2937,#2938,#2939,#2940));
#476=EDGE_LOOP('',(#2941,#2942,#2943,#2944));
#477=EDGE_LOOP('',(#2945,#2946,#2947,#2948));
#478=EDGE_LOOP('',(#2949,#2950,#2951,#2952));
#479=EDGE_LOOP('',(#2953,#2954,#2955,#2956));
#480=EDGE_LOOP('',(#2957,#2958,#2959,#2960));
#481=EDGE_LOOP('',(#2961,#2962,#2963,#2964));
#482=EDGE_LOOP('',(#2965,#2966,#2967,#2968));
#483=EDGE_LOOP('',(#2969,#2970,#2971,#2972));
#484=EDGE_LOOP('',(#2973,#2974,#2975,#2976));
#485=EDGE_LOOP('',(#2977,#2978,#2979,#2980));
#486=EDGE_LOOP('',(#2981,#2982,#2983,#2984));
#487=EDGE_LOOP('',(#2985,#2986,#2987,#2988));
#488=EDGE_LOOP('',(#2989,#2990,#2991,#2992));
#489=EDGE_LOOP('',(#2993,#2994,#2995,#2996));
#490=EDGE_LOOP('',(#2997,#2998,#2999,#3000));
#491=EDGE_LOOP('',(#3001,#3002,#3003,#3004));
#492=EDGE_LOOP('',(#3005,#3006,#3007,#3008));
#493=EDGE_LOOP('',(#3009,#3010,#3011,#3012));
#494=EDGE_LOOP('',(#3013,#3014,#3015,#3016));
#495=EDGE_LOOP('',(#3017,#3018,#3019,#3020));
#496=EDGE_LOOP('',(#3021,#3022,#3023,#3024));
#497=EDGE_LOOP('',(#3025,#3026,#3027,#3028));
#498=EDGE_LOOP('',(#3029,#3030,#3031,#3032));
#499=EDGE_LOOP('',(#3033,#3034,#3035,#3036));
#500=EDGE_LOOP('',(#3037,#3038,#3039,#3040));
#501=EDGE_LOOP('',(#3041,#3042,#3043,#3044));
#502=EDGE_LOOP('',(#3045,#3046,#3047,#3048));
#503=EDGE_LOOP('',(#3049,#3050,#3051,#3052));
#504=EDGE_LOOP('',(#3053,#3054,#3055,#3056));
#505=EDGE_LOOP('',(#3057,#3058,#3059,#3060));
#506=EDGE_LOOP('',(#3061,#3062,#3063,#3064));
#507=EDGE_LOOP('',(#3065,#3066,#3067,#3068));
#508=EDGE_LOOP('',(#3069,#3070,#3071,#3072));
#509=EDGE_LOOP('',(#3073,#3074,#3075,#3076));
#510=EDGE_LOOP('',(#3077,#3078,#3079,#3080));
#511=EDGE_LOOP('',(#3081,#3082,#3083,#3084));
#512=EDGE_LOOP('',(#3085,#3086,#3087,#3088));
#513=EDGE_LOOP('',(#3089,#3090,#3091,#3092));
#514=EDGE_LOOP('',(#3093,#3094,#3095,#3096));
#515=EDGE_LOOP('',(#3097,#3098,#3099,#3100));
#516=EDGE_LOOP('',(#3101,#3102,#3103,#3104));
#517=EDGE_LOOP('',(#3105,#3106,#3107,#3108));
#518=EDGE_LOOP('',(#3109,#3110,#3111,#3112));
#519=EDGE_LOOP('',(#3113,#3114,#3115,#3116));
#520=EDGE_LOOP('',(#3117,#3118,#3119,#3120));
#521=EDGE_LOOP('',(#3121,#3122,#3123,#3124));
#522=EDGE_LOOP('',(#3125,#3126,#3127,#3128));
#523=EDGE_LOOP('',(#3129,#3130,#3131,#3132));
#524=EDGE_LOOP('',(#3133,#3134,#3135,#3136));
#525=EDGE_LOOP('',(#3137,#3138,#3139,#3140));
#526=EDGE_LOOP('',(#3141,#3142,#3143,#3144));
#527=EDGE_LOOP('',(#3145,#3146,#3147,#3148));
#528=EDGE_LOOP('',(#3149,#3150,#3151,#3152));
#529=EDGE_LOOP('',(#3153,#3154,#3155,#3156));
#530=EDGE_LOOP('',(#3157,#3158,#3159,#3160));
#531=EDGE_LOOP('',(#3161,#3162,#3163,#3164));
#532=EDGE_LOOP('',(#3165,#3166,#3167,#3168));
#533=EDGE_LOOP('',(#3169,#3170,#3171,#3172));
#534=EDGE_LOOP('',(#3173,#3174,#3175,#3176));
#535=EDGE_LOOP('',(#3177,#3178,#3179,#3180));
#536=EDGE_LOOP('',(#3181,#3182,#3183,#3184));
#537=EDGE_LOOP('',(#3185,#3186,#3187,#3188));
#538=EDGE_LOOP('',(#3189,#3190,#3191,#3192));
#539=EDGE_LOOP('',(#3193,#3194,#3195,#3196));
#540=EDGE_LOOP('',(#3197,#3198,#3199,#3200));
#541=EDGE_LOOP('',(#3201,#3202,#3203,#3204));
#542=EDGE_LOOP('',(#3205,#3206,#3207,#3208));
#543=EDGE_LOOP('',(#3209,#3210,#3211,#3212));
#544=EDGE_LOOP('',(#3213,#3214,#3215,#3216));
#545=EDGE_LOOP('',(#3217,#3218,#3219,#3220));
#546=EDGE_LOOP('',(#3221,#3222,#3223,#3224));
#547=EDGE_LOOP('',(#3225,#3226,#3227,#3228));
#548=EDGE_LOOP('',(#3229,#3230,#3231,#3232));
#549=EDGE_LOOP('',(#3233,#3234,#3235,#3236));
#550=EDGE_LOOP('',(#3237,#3238,#3239,#3240));
#551=EDGE_LOOP('',(#3241,#3242,#3243,#3244));
#552=EDGE_LOOP('',(#3245,#3246,#3247,#3248));
#553=EDGE_LOOP('',(#3249,#3250,#3251,#3252));
#554=EDGE_LOOP('',(#3253,#3254,#3255,#3256));
#555=EDGE_LOOP('',(#3257,#3258,#3259,#3260));
#556=EDGE_LOOP('',(#3261,#3262,#3263,#3264));
#557=EDGE_LOOP('',(#3265,#3266,#3267,#3268));
#558=EDGE_LOOP('',(#3269,#3270,#3271,#3272));
#559=EDGE_LOOP('',(#3273,#3274,#3275,#3276));
#560=EDGE_LOOP('',(#3277,#3278,#3279,#3280));
#561=EDGE_LOOP('',(#3281,#3282,#3283,#3284));
#562=EDGE_LOOP('',(#3285,#3286,#3287,#3288));
#563=EDGE_LOOP('',(#3289,#3290,#3291,#3292));
#564=EDGE_LOOP('',(#3293,#3294,#3295,#3296));
#565=EDGE_LOOP('',(#3297,#3298,#3299,#3300));
#566=EDGE_LOOP('',(#3301,#3302,#3303,#3304));
#567=EDGE_LOOP('',(#3305,#3306,#3307,#3308));
#568=EDGE_LOOP('',(#3309,#3310,#3311,#3312));
#569=EDGE_LOOP('',(#3313,#3314,#3315,#3316));
#570=EDGE_LOOP('',(#3317,#3318,#3319,#3320));
#571=EDGE_LOOP('',(#3321,#3322,#3323,#3324));
#572=EDGE_LOOP('',(#3325,#3326,#3327,#3328));
#573=EDGE_LOOP('',(#3329,#3330,#3331,#3332));
#574=EDGE_LOOP('',(#3333,#3334,#3335,#3336));
#575=EDGE_LOOP('',(#3337,#3338,#3339,#3340));
#576=EDGE_LOOP('',(#3341,#3342,#3343,#3344));
#577=EDGE_LOOP('',(#3345,#3346,#3347,#3348));
#578=EDGE_LOOP('',(#3349,#3350,#3351,#3352));
#579=EDGE_LOOP('',(#3353,#3354,#3355,#3356));
#580=EDGE_LOOP('',(#3357,#3358,#3359,#3360));
#581=EDGE_LOOP('',(#3361,#3362,#3363,#3364));
#582=EDGE_LOOP('',(#3365,#3366,#3367,#3368));
#583=EDGE_LOOP('',(#3369,#3370,#3371,#3372));
#584=EDGE_LOOP('',(#3373,#3374,#3375,#3376));
#585=EDGE_LOOP('',(#3377,#3378,#3379,#3380));
#586=EDGE_LOOP('',(#3381,#3382,#3383,#3384));
#587=EDGE_LOOP('',(#3385,#3386,#3387,#3388));
#588=EDGE_LOOP('',(#3389,#3390,#3391,#3392));
#589=EDGE_LOOP('',(#3393,#3394,#3395,#3396));
#590=EDGE_LOOP('',(#3397,#3398,#3399,#3400));
#591=EDGE_LOOP('',(#3401,#3402,#3403,#3404));
#592=EDGE_LOOP('',(#3405,#3406,#3407,#3408));
#593=EDGE_LOOP('',(#3409,#3410,#3411,#3412));
#594=EDGE_LOOP('',(#3413,#3414,#3415,#3416));
#595=EDGE_LOOP('',(#3417,#3418,#3419,#3420));
#596=EDGE_LOOP('',(#3421,#3422,#3423,#3424));
#597=EDGE_LOOP('',(#3425,#3426,#3427,#3428));
#598=EDGE_LOOP('',(#3429,#3430,#3431,#3432));
#599=EDGE_LOOP('',(#3433,#3434,#3435,#3436));
#600=EDGE_LOOP('',(#3437,#3438,#3439,#3440));
#601=EDGE_LOOP('',(#3441,#3442,#3443,#3444));
#602=EDGE_LOOP('',(#3445,#3446,#3447,#3448));
#603=EDGE_LOOP('',(#3449,#3450,#3451,#3452));
#604=EDGE_LOOP('',(#3453,#3454,#3455,#3456));
#605=EDGE_LOOP('',(#3457,#3458,#3459,#3460));
#606=EDGE_LOOP('',(#3461,#3462,#3463,#3464));
#607=EDGE_LOOP('',(#3465,#3466,#3467,#3468));
#608=EDGE_LOOP('',(#3469,#3470,#3471,#3472));
#609=EDGE_LOOP('',(#3473,#3474,#3475,#3476));
#610=EDGE_LOOP('',(#3477,#3478,#3479,#3480,#3481,#3482,#3483,#3484,#3485,
#3486,#3487,#3488,#3489,#3490,#3491,#3492,#3493,#3494,#3495,#3496,#3497,
#3498,#3499,#3500,#3501,#3502,#3503,#3504,#3505,#3506,#3507,#3508,#3509,
#3510,#3511,#3512,#3513,#3514,#3515,#3516,#3517,#3518,#3519,#3520,#3521,
#3522,#3523,#3524,#3525,#3526,#3527,#3528,#3529,#3530,#3531,#3532,#3533,
#3534,#3535,#3536,#3537,#3538,#3539,#3540,#3541,#3542,#3543,#3544,#3545,
#3546,#3547,#3548,#3549,#3550,#3551,#3552,#3553,#3554,#3555,#3556,#3557,
#3558,#3559,#3560,#3561,#3562,#3563,#3564,#3565,#3566,#3567,#3568,#3569,
#3570,#3571,#3572,#3573,#3574,#3575,#3576,#3577,#3578,#3579,#3580,#3581,
#3582,#3583,#3584,#3585,#3586,#3587,#3588,#3589,#3590,#3591,#3592,#3593,
#3594,#3595,#3596));
#611=EDGE_LOOP('',(#3597,#3598,#3599,#3600,#3601,#3602,#3603,#3604,#3605));
#612=EDGE_LOOP('',(#3606,#3607,#3608,#3609,#3610,#3611,#3612,#3613));
#613=EDGE_LOOP('',(#3614,#3615,#3616,#3617,#3618,#3619,#3620,#3621));
#614=EDGE_LOOP('',(#3622,#3623,#3624,#3625,#3626,#3627,#3628,#3629));
#615=EDGE_LOOP('',(#3630,#3631,#3632,#3633,#3634,#3635,#3636,#3637));
#616=EDGE_LOOP('',(#3638,#3639,#3640,#3641,#3642,#3643,#3644,#3645,#3646,
#3647,#3648,#3649,#3650,#3651,#3652,#3653,#3654,#3655,#3656,#3657,#3658,
#3659,#3660,#3661,#3662,#3663,#3664,#3665,#3666,#3667,#3668,#3669,#3670,
#3671,#3672,#3673,#3674,#3675,#3676,#3677,#3678,#3679,#3680,#3681,#3682,
#3683,#3684,#3685,#3686,#3687,#3688,#3689,#3690,#3691,#3692,#3693,#3694,
#3695,#3696,#3697,#3698,#3699,#3700,#3701,#3702,#3703,#3704,#3705,#3706,
#3707,#3708,#3709,#3710,#3711,#3712,#3713,#3714,#3715,#3716,#3717,#3718,
#3719,#3720,#3721,#3722,#3723,#3724,#3725,#3726,#3727,#3728,#3729,#3730,
#3731,#3732,#3733,#3734,#3735,#3736,#3737,#3738,#3739,#3740,#3741,#3742,
#3743,#3744,#3745,#3746,#3747,#3748,#3749,#3750,#3751,#3752,#3753,#3754,
#3755,#3756,#3757));
#617=EDGE_LOOP('',(#3758,#3759,#3760,#3761,#3762,#3763,#3764,#3765,#3766));
#618=EDGE_LOOP('',(#3767,#3768,#3769,#3770,#3771,#3772,#3773,#3774));
#619=EDGE_LOOP('',(#3775,#3776,#3777,#3778,#3779,#3780,#3781,#3782));
#620=EDGE_LOOP('',(#3783,#3784,#3785,#3786,#3787,#3788,#3789,#3790));
#621=EDGE_LOOP('',(#3791,#3792,#3793,#3794,#3795,#3796,#3797,#3798));
#622=LINE('',#5893,#1001);
#623=LINE('',#5896,#1002);
#624=LINE('',#5901,#1003);
#625=LINE('',#5904,#1004);
#626=LINE('',#5909,#1005);
#627=LINE('',#5912,#1006);
#628=LINE('',#5917,#1007);
#629=LINE('',#5919,#1008);
#630=LINE('',#5930,#1009);
#631=LINE('',#5933,#1010);
#632=LINE('',#5936,#1011);
#633=LINE('',#5937,#1012);
#634=LINE('',#5940,#1013);
#635=LINE('',#5944,#1014);
#636=LINE('',#5945,#1015);
#637=LINE('',#5949,#1016);
#638=LINE('',#5952,#1017);
#639=LINE('',#5955,#1018);
#640=LINE('',#5956,#1019);
#641=LINE('',#5958,#1020);
#642=LINE('',#5967,#1021);
#643=LINE('',#5970,#1022);
#644=LINE('',#5976,#1023);
#645=LINE('',#5978,#1024);
#646=LINE('',#5986,#1025);
#647=LINE('',#5988,#1026);
#648=LINE('',#5994,#1027);
#649=LINE('',#5997,#1028);
#650=LINE('',#6004,#1029);
#651=LINE('',#6007,#1030);
#652=LINE('',#6010,#1031);
#653=LINE('',#6011,#1032);
#654=LINE('',#6014,#1033);
#655=LINE('',#6018,#1034);
#656=LINE('',#6019,#1035);
#657=LINE('',#6023,#1036);
#658=LINE('',#6026,#1037);
#659=LINE('',#6029,#1038);
#660=LINE('',#6030,#1039);
#661=LINE('',#6034,#1040);
#662=LINE('',#6042,#1041);
#663=LINE('',#6045,#1042);
#664=LINE('',#6051,#1043);
#665=LINE('',#6053,#1044);
#666=LINE('',#6061,#1045);
#667=LINE('',#6063,#1046);
#668=LINE('',#6069,#1047);
#669=LINE('',#6072,#1048);
#670=LINE('',#6079,#1049);
#671=LINE('',#6082,#1050);
#672=LINE('',#6085,#1051);
#673=LINE('',#6086,#1052);
#674=LINE('',#6089,#1053);
#675=LINE('',#6093,#1054);
#676=LINE('',#6094,#1055);
#677=LINE('',#6101,#1056);
#678=LINE('',#6104,#1057);
#679=LINE('',#6109,#1058);
#680=LINE('',#6116,#1059);
#681=LINE('',#6120,#1060);
#682=LINE('',#6123,#1061);
#683=LINE('',#6128,#1062);
#684=LINE('',#6131,#1063);
#685=LINE('',#6133,#1064);
#686=LINE('',#6141,#1065);
#687=LINE('',#6144,#1066);
#688=LINE('',#6147,#1067);
#689=LINE('',#6149,#1068);
#690=LINE('',#6150,#1069);
#691=LINE('',#6155,#1070);
#692=LINE('',#6159,#1071);
#693=LINE('',#6161,#1072);
#694=LINE('',#6162,#1073);
#695=LINE('',#6167,#1074);
#696=LINE('',#6171,#1075);
#697=LINE('',#6173,#1076);
#698=LINE('',#6174,#1077);
#699=LINE('',#6179,#1078);
#700=LINE('',#6185,#1079);
#701=LINE('',#6188,#1080);
#702=LINE('',#6189,#1081);
#703=LINE('',#6195,#1082);
#704=LINE('',#6198,#1083);
#705=LINE('',#6201,#1084);
#706=LINE('',#6203,#1085);
#707=LINE('',#6204,#1086);
#708=LINE('',#6209,#1087);
#709=LINE('',#6213,#1088);
#710=LINE('',#6215,#1089);
#711=LINE('',#6216,#1090);
#712=LINE('',#6221,#1091);
#713=LINE('',#6225,#1092);
#714=LINE('',#6227,#1093);
#715=LINE('',#6228,#1094);
#716=LINE('',#6233,#1095);
#717=LINE('',#6236,#1096);
#718=LINE('',#6237,#1097);
#719=LINE('',#6241,#1098);
#720=LINE('',#6243,#1099);
#721=LINE('',#6245,#1100);
#722=LINE('',#6246,#1101);
#723=LINE('',#6251,#1102);
#724=LINE('',#6255,#1103);
#725=LINE('',#6257,#1104);
#726=LINE('',#6258,#1105);
#727=LINE('',#6263,#1106);
#728=LINE('',#6267,#1107);
#729=LINE('',#6269,#1108);
#730=LINE('',#6270,#1109);
#731=LINE('',#6275,#1110);
#732=LINE('',#6279,#1111);
#733=LINE('',#6281,#1112);
#734=LINE('',#6282,#1113);
#735=LINE('',#6289,#1114);
#736=LINE('',#6291,#1115);
#737=LINE('',#6293,#1116);
#738=LINE('',#6294,#1117);
#739=LINE('',#6299,#1118);
#740=LINE('',#6303,#1119);
#741=LINE('',#6305,#1120);
#742=LINE('',#6306,#1121);
#743=LINE('',#6311,#1122);
#744=LINE('',#6315,#1123);
#745=LINE('',#6317,#1124);
#746=LINE('',#6318,#1125);
#747=LINE('',#6323,#1126);
#748=LINE('',#6327,#1127);
#749=LINE('',#6329,#1128);
#750=LINE('',#6330,#1129);
#751=LINE('',#6339,#1130);
#752=LINE('',#6342,#1131);
#753=LINE('',#6345,#1132);
#754=LINE('',#6347,#1133);
#755=LINE('',#6348,#1134);
#756=LINE('',#6353,#1135);
#757=LINE('',#6357,#1136);
#758=LINE('',#6359,#1137);
#759=LINE('',#6360,#1138);
#760=LINE('',#6365,#1139);
#761=LINE('',#6369,#1140);
#762=LINE('',#6371,#1141);
#763=LINE('',#6372,#1142);
#764=LINE('',#6377,#1143);
#765=LINE('',#6380,#1144);
#766=LINE('',#6381,#1145);
#767=LINE('',#6385,#1146);
#768=LINE('',#6387,#1147);
#769=LINE('',#6389,#1148);
#770=LINE('',#6390,#1149);
#771=LINE('',#6396,#1150);
#772=LINE('',#6399,#1151);
#773=LINE('',#6401,#1152);
#774=LINE('',#6402,#1153);
#775=LINE('',#6408,#1154);
#776=LINE('',#6414,#1155);
#777=LINE('',#6417,#1156);
#778=LINE('',#6419,#1157);
#779=LINE('',#6420,#1158);
#780=LINE('',#6426,#1159);
#781=LINE('',#6429,#1160);
#782=LINE('',#6431,#1161);
#783=LINE('',#6432,#1162);
#784=LINE('',#6438,#1163);
#785=LINE('',#6441,#1164);
#786=LINE('',#6443,#1165);
#787=LINE('',#6444,#1166);
#788=LINE('',#6450,#1167);
#789=LINE('',#6453,#1168);
#790=LINE('',#6455,#1169);
#791=LINE('',#6456,#1170);
#792=LINE('',#6462,#1171);
#793=LINE('',#6465,#1172);
#794=LINE('',#6467,#1173);
#795=LINE('',#6468,#1174);
#796=LINE('',#6474,#1175);
#797=LINE('',#6480,#1176);
#798=LINE('',#6483,#1177);
#799=LINE('',#6485,#1178);
#800=LINE('',#6486,#1179);
#801=LINE('',#6492,#1180);
#802=LINE('',#6495,#1181);
#803=LINE('',#6497,#1182);
#804=LINE('',#6498,#1183);
#805=LINE('',#6504,#1184);
#806=LINE('',#6507,#1185);
#807=LINE('',#6509,#1186);
#808=LINE('',#6510,#1187);
#809=LINE('',#6516,#1188);
#810=LINE('',#6519,#1189);
#811=LINE('',#6521,#1190);
#812=LINE('',#6522,#1191);
#813=LINE('',#6528,#1192);
#814=LINE('',#6531,#1193);
#815=LINE('',#6533,#1194);
#816=LINE('',#6534,#1195);
#817=LINE('',#6540,#1196);
#818=LINE('',#6543,#1197);
#819=LINE('',#6545,#1198);
#820=LINE('',#6546,#1199);
#821=LINE('',#6552,#1200);
#822=LINE('',#6555,#1201);
#823=LINE('',#6557,#1202);
#824=LINE('',#6558,#1203);
#825=LINE('',#6564,#1204);
#826=LINE('',#6567,#1205);
#827=LINE('',#6569,#1206);
#828=LINE('',#6570,#1207);
#829=LINE('',#6576,#1208);
#830=LINE('',#6579,#1209);
#831=LINE('',#6581,#1210);
#832=LINE('',#6582,#1211);
#833=LINE('',#6588,#1212);
#834=LINE('',#6591,#1213);
#835=LINE('',#6593,#1214);
#836=LINE('',#6594,#1215);
#837=LINE('',#6600,#1216);
#838=LINE('',#6603,#1217);
#839=LINE('',#6605,#1218);
#840=LINE('',#6606,#1219);
#841=LINE('',#6612,#1220);
#842=LINE('',#6615,#1221);
#843=LINE('',#6617,#1222);
#844=LINE('',#6618,#1223);
#845=LINE('',#6624,#1224);
#846=LINE('',#6627,#1225);
#847=LINE('',#6629,#1226);
#848=LINE('',#6630,#1227);
#849=LINE('',#6636,#1228);
#850=LINE('',#6639,#1229);
#851=LINE('',#6641,#1230);
#852=LINE('',#6642,#1231);
#853=LINE('',#6648,#1232);
#854=LINE('',#6651,#1233);
#855=LINE('',#6653,#1234);
#856=LINE('',#6654,#1235);
#857=LINE('',#6660,#1236);
#858=LINE('',#6663,#1237);
#859=LINE('',#6665,#1238);
#860=LINE('',#6666,#1239);
#861=LINE('',#6672,#1240);
#862=LINE('',#6675,#1241);
#863=LINE('',#6677,#1242);
#864=LINE('',#6678,#1243);
#865=LINE('',#6684,#1244);
#866=LINE('',#6690,#1245);
#867=LINE('',#6693,#1246);
#868=LINE('',#6695,#1247);
#869=LINE('',#6696,#1248);
#870=LINE('',#6702,#1249);
#871=LINE('',#6705,#1250);
#872=LINE('',#6707,#1251);
#873=LINE('',#6708,#1252);
#874=LINE('',#6714,#1253);
#875=LINE('',#6717,#1254);
#876=LINE('',#6719,#1255);
#877=LINE('',#6720,#1256);
#878=LINE('',#6726,#1257);
#879=LINE('',#6729,#1258);
#880=LINE('',#6731,#1259);
#881=LINE('',#6732,#1260);
#882=LINE('',#6738,#1261);
#883=LINE('',#6741,#1262);
#884=LINE('',#6743,#1263);
#885=LINE('',#6744,#1264);
#886=LINE('',#6750,#1265);
#887=LINE('',#6753,#1266);
#888=LINE('',#6755,#1267);
#889=LINE('',#6756,#1268);
#890=LINE('',#6762,#1269);
#891=LINE('',#6765,#1270);
#892=LINE('',#6767,#1271);
#893=LINE('',#6768,#1272);
#894=LINE('',#6774,#1273);
#895=LINE('',#6777,#1274);
#896=LINE('',#6779,#1275);
#897=LINE('',#6780,#1276);
#898=LINE('',#6786,#1277);
#899=LINE('',#6789,#1278);
#900=LINE('',#6791,#1279);
#901=LINE('',#6792,#1280);
#902=LINE('',#6798,#1281);
#903=LINE('',#6801,#1282);
#904=LINE('',#6803,#1283);
#905=LINE('',#6804,#1284);
#906=LINE('',#6810,#1285);
#907=LINE('',#6813,#1286);
#908=LINE('',#6815,#1287);
#909=LINE('',#6816,#1288);
#910=LINE('',#6822,#1289);
#911=LINE('',#6825,#1290);
#912=LINE('',#6827,#1291);
#913=LINE('',#6828,#1292);
#914=LINE('',#6834,#1293);
#915=LINE('',#6837,#1294);
#916=LINE('',#6839,#1295);
#917=LINE('',#6840,#1296);
#918=LINE('',#6846,#1297);
#919=LINE('',#6849,#1298);
#920=LINE('',#6851,#1299);
#921=LINE('',#6852,#1300);
#922=LINE('',#6858,#1301);
#923=LINE('',#6861,#1302);
#924=LINE('',#6863,#1303);
#925=LINE('',#6864,#1304);
#926=LINE('',#6870,#1305);
#927=LINE('',#6876,#1306);
#928=LINE('',#6882,#1307);
#929=LINE('',#6888,#1308);
#930=LINE('',#6891,#1309);
#931=LINE('',#6893,#1310);
#932=LINE('',#6894,#1311);
#933=LINE('',#6900,#1312);
#934=LINE('',#6903,#1313);
#935=LINE('',#6905,#1314);
#936=LINE('',#6906,#1315);
#937=LINE('',#6912,#1316);
#938=LINE('',#6915,#1317);
#939=LINE('',#6917,#1318);
#940=LINE('',#6918,#1319);
#941=LINE('',#6924,#1320);
#942=LINE('',#6927,#1321);
#943=LINE('',#6929,#1322);
#944=LINE('',#6930,#1323);
#945=LINE('',#6936,#1324);
#946=LINE('',#6939,#1325);
#947=LINE('',#6941,#1326);
#948=LINE('',#6942,#1327);
#949=LINE('',#6948,#1328);
#950=LINE('',#6951,#1329);
#951=LINE('',#6953,#1330);
#952=LINE('',#6954,#1331);
#953=LINE('',#6960,#1332);
#954=LINE('',#6963,#1333);
#955=LINE('',#6965,#1334);
#956=LINE('',#6966,#1335);
#957=LINE('',#6972,#1336);
#958=LINE('',#6975,#1337);
#959=LINE('',#6977,#1338);
#960=LINE('',#6978,#1339);
#961=LINE('',#6984,#1340);
#962=LINE('',#6987,#1341);
#963=LINE('',#6989,#1342);
#964=LINE('',#6990,#1343);
#965=LINE('',#6996,#1344);
#966=LINE('',#6999,#1345);
#967=LINE('',#7001,#1346);
#968=LINE('',#7002,#1347);
#969=LINE('',#7008,#1348);
#970=LINE('',#7011,#1349);
#971=LINE('',#7013,#1350);
#972=LINE('',#7014,#1351);
#973=LINE('',#7020,#1352);
#974=LINE('',#7023,#1353);
#975=LINE('',#7025,#1354);
#976=LINE('',#7026,#1355);
#977=LINE('',#7032,#1356);
#978=LINE('',#7035,#1357);
#979=LINE('',#7037,#1358);
#980=LINE('',#7038,#1359);
#981=LINE('',#7044,#1360);
#982=LINE('',#7047,#1361);
#983=LINE('',#7049,#1362);
#984=LINE('',#7050,#1363);
#985=LINE('',#7056,#1364);
#986=LINE('',#7059,#1365);
#987=LINE('',#7061,#1366);
#988=LINE('',#7062,#1367);
#989=LINE('',#7068,#1368);
#990=LINE('',#7071,#1369);
#991=LINE('',#7073,#1370);
#992=LINE('',#7074,#1371);
#993=LINE('',#7080,#1372);
#994=LINE('',#7083,#1373);
#995=LINE('',#7085,#1374);
#996=LINE('',#7086,#1375);
#997=LINE('',#7092,#1376);
#998=LINE('',#7095,#1377);
#999=LINE('',#7097,#1378);
#1000=LINE('',#7098,#1379);
#1001=VECTOR('',#4602,0.600000000000001);
#1002=VECTOR('',#4605,0.600000000000001);
#1003=VECTOR('',#4610,0.75);
#1004=VECTOR('',#4613,0.75);
#1005=VECTOR('',#4618,0.600000000000001);
#1006=VECTOR('',#4621,0.600000000000001);
#1007=VECTOR('',#4626,0.75);
#1008=VECTOR('',#4629,0.75);
#1009=VECTOR('',#4648,0.274999999999997);
#1010=VECTOR('',#4651,0.274999999999997);
#1011=VECTOR('',#4654,0.274999999999997);
#1012=VECTOR('',#4655,0.600000000000001);
#1013=VECTOR('',#4658,0.274999999999997);
#1014=VECTOR('',#4663,0.274999999999997);
#1015=VECTOR('',#4664,0.75);
#1016=VECTOR('',#4669,0.274999999999997);
#1017=VECTOR('',#4672,0.274999999999997);
#1018=VECTOR('',#4675,0.600000000000001);
#1019=VECTOR('',#4676,0.274999999999997);
#1020=VECTOR('',#4679,0.75);
#1021=VECTOR('',#4690,0.600000000000001);
#1022=VECTOR('',#4693,0.600000000000001);
#1023=VECTOR('',#4698,0.75);
#1024=VECTOR('',#4701,0.75);
#1025=VECTOR('',#4710,0.600000000000001);
#1026=VECTOR('',#4713,0.600000000000001);
#1027=VECTOR('',#4722,0.75);
#1028=VECTOR('',#4725,0.75);
#1029=VECTOR('',#4736,0.275000000000001);
#1030=VECTOR('',#4739,0.275000000000001);
#1031=VECTOR('',#4742,0.274999999999999);
#1032=VECTOR('',#4743,0.600000000000001);
#1033=VECTOR('',#4746,0.274999999999999);
#1034=VECTOR('',#4751,0.274999999999999);
#1035=VECTOR('',#4752,0.75);
#1036=VECTOR('',#4757,0.275000000000001);
#1037=VECTOR('',#4760,0.275000000000001);
#1038=VECTOR('',#4763,0.600000000000001);
#1039=VECTOR('',#4764,0.274999999999999);
#1040=VECTOR('',#4771,0.75);
#1041=VECTOR('',#4780,0.58);
#1042=VECTOR('',#4783,0.58);
#1043=VECTOR('',#4788,0.73);
#1044=VECTOR('',#4791,0.73);
#1045=VECTOR('',#4800,0.58);
#1046=VECTOR('',#4803,0.58);
#1047=VECTOR('',#4812,0.73);
#1048=VECTOR('',#4815,0.73);
#1049=VECTOR('',#4826,1.38);
#1050=VECTOR('',#4829,1.38);
#1051=VECTOR('',#4832,1.38);
#1052=VECTOR('',#4833,0.58);
#1053=VECTOR('',#4836,1.38);
#1054=VECTOR('',#4841,1.38);
#1055=VECTOR('',#4842,0.73);
#1056=VECTOR('',#4849,0.58);
#1057=VECTOR('',#4852,0.58);
#1058=VECTOR('',#4859,0.73);
#1059=VECTOR('',#4870,0.58);
#1060=VECTOR('',#4877,0.73);
#1061=VECTOR('',#4880,0.73);
#1062=VECTOR('',#4889,1.38);
#1063=VECTOR('',#4894,1.38);
#1064=VECTOR('',#4897,1.38);
#1065=VECTOR('',#4906,0.00393700787401575);
#1066=VECTOR('',#4909,0.00393700787401575);
#1067=VECTOR('',#4912,0.00114467753793521);
#1068=VECTOR('',#4913,0.00393700787401575);
#1069=VECTOR('',#4914,0.00114467753793521);
#1070=VECTOR('',#4919,0.00393700787401575);
#1071=VECTOR('',#4924,0.000391787856261116);
#1072=VECTOR('',#4925,0.00393700787401575);
#1073=VECTOR('',#4926,0.000391787856261116);
#1074=VECTOR('',#4931,0.00393700787401575);
#1075=VECTOR('',#4936,0.00020942109701617);
#1076=VECTOR('',#4937,0.00393700787401575);
#1077=VECTOR('',#4938,0.00020942109701617);
#1078=VECTOR('',#4943,0.00393700787401575);
#1079=VECTOR('',#4950,0.00393700787401575);
#1080=VECTOR('',#4955,0.00032817661213138);
#1081=VECTOR('',#4956,0.00032817661213138);
#1082=VECTOR('',#4961,0.00393700787401575);
#1083=VECTOR('',#4964,0.00393700787401575);
#1084=VECTOR('',#4967,0.000104629277681532);
#1085=VECTOR('',#4968,0.00393700787401575);
#1086=VECTOR('',#4969,0.000104629277681532);
#1087=VECTOR('',#4974,0.00393700787401575);
#1088=VECTOR('',#4979,0.000840749315455039);
#1089=VECTOR('',#4980,0.00393700787401575);
#1090=VECTOR('',#4981,0.000840749315455039);
#1091=VECTOR('',#4986,0.00393700787401575);
#1092=VECTOR('',#4991,0.000144476411641986);
#1093=VECTOR('',#4992,0.00393700787401575);
#1094=VECTOR('',#4993,0.000144476411641986);
#1095=VECTOR('',#4998,0.00393700787401575);
#1096=VECTOR('',#5003,0.000985466150535245);
#1097=VECTOR('',#5004,0.000985466150535245);
#1098=VECTOR('',#5007,0.00098546615053525);
#1099=VECTOR('',#5008,0.00393700787401575);
#1100=VECTOR('',#5009,0.00098546615053525);
#1101=VECTOR('',#5010,0.00393700787401575);
#1102=VECTOR('',#5015,0.00393700787401575);
#1103=VECTOR('',#5020,0.000104629277681532);
#1104=VECTOR('',#5021,0.00393700787401575);
#1105=VECTOR('',#5022,0.000104629277681532);
#1106=VECTOR('',#5027,0.00393700787401575);
#1107=VECTOR('',#5032,0.000840749315454472);
#1108=VECTOR('',#5033,0.00393700787401575);
#1109=VECTOR('',#5034,0.000840749315454472);
#1110=VECTOR('',#5039,0.00393700787401575);
#1111=VECTOR('',#5044,0.000144476411641986);
#1112=VECTOR('',#5045,0.00393700787401575);
#1113=VECTOR('',#5046,0.000144476411641986);
#1114=VECTOR('',#5055,0.000255735416206016);
#1115=VECTOR('',#5056,0.00393700787401575);
#1116=VECTOR('',#5057,0.000255735416206016);
#1117=VECTOR('',#5058,0.00393700787401575);
#1118=VECTOR('',#5063,0.00393700787401575);
#1119=VECTOR('',#5068,0.000792490433216871);
#1120=VECTOR('',#5069,0.00393700787401575);
#1121=VECTOR('',#5070,0.000792490433216871);
#1122=VECTOR('',#5075,0.00393700787401575);
#1123=VECTOR('',#5080,5.65659027017127E-5);
#1124=VECTOR('',#5081,0.00393700787401575);
#1125=VECTOR('',#5082,5.65659027017127E-5);
#1126=VECTOR('',#5087,0.00393700787401575);
#1127=VECTOR('',#5092,0.000656594754934883);
#1128=VECTOR('',#5093,0.00393700787401575);
#1129=VECTOR('',#5094,0.000656594754934883);
#1130=VECTOR('',#5105,0.00393700787401575);
#1131=VECTOR('',#5108,0.00393700787401575);
#1132=VECTOR('',#5111,0.00079249043321688);
#1133=VECTOR('',#5112,0.00393700787401575);
#1134=VECTOR('',#5113,0.00079249043321688);
#1135=VECTOR('',#5118,0.00393700787401575);
#1136=VECTOR('',#5123,5.65659027017943E-5);
#1137=VECTOR('',#5124,0.00393700787401575);
#1138=VECTOR('',#5125,5.65659027017943E-5);
#1139=VECTOR('',#5130,0.00393700787401575);
#1140=VECTOR('',#5135,0.000656594754934885);
#1141=VECTOR('',#5136,0.00393700787401575);
#1142=VECTOR('',#5137,0.000656594754934885);
#1143=VECTOR('',#5142,0.00393700787401575);
#1144=VECTOR('',#5147,0.000255735416206011);
#1145=VECTOR('',#5148,0.000255735416206011);
#1146=VECTOR('',#5151,0.000555067661398775);
#1147=VECTOR('',#5152,0.00393700787401575);
#1148=VECTOR('',#5153,0.000555067661398775);
#1149=VECTOR('',#5154,0.00393700787401575);
#1150=VECTOR('',#5161,0.00393700787401575);
#1151=VECTOR('',#5164,0.000144346833757134);
#1152=VECTOR('',#5165,0.000144346833757134);
#1153=VECTOR('',#5166,0.00393700787401575);
#1154=VECTOR('',#5173,0.00393700787401575);
#1155=VECTOR('',#5180,0.00393700787401575);
#1156=VECTOR('',#5183,0.00106421476479102);
#1157=VECTOR('',#5184,0.00106421476479102);
#1158=VECTOR('',#5185,0.00393700787401575);
#1159=VECTOR('',#5192,0.00393700787401575);
#1160=VECTOR('',#5195,0.00114560502584808);
#1161=VECTOR('',#5196,0.00114560502584808);
#1162=VECTOR('',#5197,0.00393700787401575);
#1163=VECTOR('',#5204,0.00393700787401575);
#1164=VECTOR('',#5207,0.000149301698351814);
#1165=VECTOR('',#5208,0.000149301698351814);
#1166=VECTOR('',#5209,0.00393700787401575);
#1167=VECTOR('',#5216,0.00393700787401575);
#1168=VECTOR('',#5219,9.11251961468875E-5);
#1169=VECTOR('',#5220,9.11251961468875E-5);
#1170=VECTOR('',#5221,0.00393700787401575);
#1171=VECTOR('',#5228,0.00393700787401575);
#1172=VECTOR('',#5231,0.0062657464513488);
#1173=VECTOR('',#5232,0.0062657464513488);
#1174=VECTOR('',#5233,0.00393700787401575);
#1175=VECTOR('',#5240,0.00393700787401575);
#1176=VECTOR('',#5247,0.00393700787401575);
#1177=VECTOR('',#5250,0.000699822387705542);
#1178=VECTOR('',#5251,0.000699822387705542);
#1179=VECTOR('',#5252,0.00393700787401575);
#1180=VECTOR('',#5259,0.00393700787401575);
#1181=VECTOR('',#5262,0.000502523786185208);
#1182=VECTOR('',#5263,0.000502523786185208);
#1183=VECTOR('',#5264,0.00393700787401575);
#1184=VECTOR('',#5271,0.00393700787401575);
#1185=VECTOR('',#5274,0.00101872679727779);
#1186=VECTOR('',#5275,0.00101872679727779);
#1187=VECTOR('',#5276,0.00393700787401575);
#1188=VECTOR('',#5283,0.00393700787401575);
#1189=VECTOR('',#5286,0.00583320272620655);
#1190=VECTOR('',#5287,0.00583320272620655);
#1191=VECTOR('',#5288,0.00393700787401575);
#1192=VECTOR('',#5295,0.00393700787401575);
#1193=VECTOR('',#5298,0.000112927618149074);
#1194=VECTOR('',#5299,0.000112927618149074);
#1195=VECTOR('',#5300,0.00393700787401575);
#1196=VECTOR('',#5307,0.00393700787401575);
#1197=VECTOR('',#5310,9.80329628588617E-5);
#1198=VECTOR('',#5311,9.80329628588617E-5);
#1199=VECTOR('',#5312,0.00393700787401575);
#1200=VECTOR('',#5319,0.00393700787401575);
#1201=VECTOR('',#5322,0.000749738844807723);
#1202=VECTOR('',#5323,0.000749738844807723);
#1203=VECTOR('',#5324,0.00393700787401575);
#1204=VECTOR('',#5331,0.00393700787401575);
#1205=VECTOR('',#5334,0.000156456542721366);
#1206=VECTOR('',#5335,0.000156456542721366);
#1207=VECTOR('',#5336,0.00393700787401575);
#1208=VECTOR('',#5343,0.00393700787401575);
#1209=VECTOR('',#5346,4.72480861481068E-5);
#1210=VECTOR('',#5347,4.72480861481068E-5);
#1211=VECTOR('',#5348,0.00393700787401575);
#1212=VECTOR('',#5355,0.00393700787401575);
#1213=VECTOR('',#5358,0.000714008323830403);
#1214=VECTOR('',#5359,0.000714008323830403);
#1215=VECTOR('',#5360,0.00393700787401575);
#1216=VECTOR('',#5367,0.00393700787401575);
#1217=VECTOR('',#5370,8.27759536835891E-5);
#1218=VECTOR('',#5371,8.27759536835891E-5);
#1219=VECTOR('',#5372,0.00393700787401575);
#1220=VECTOR('',#5379,0.00393700787401575);
#1221=VECTOR('',#5382,0.000512166813080751);
#1222=VECTOR('',#5383,0.000512166813080751);
#1223=VECTOR('',#5384,0.00393700787401575);
#1224=VECTOR('',#5391,0.00393700787401575);
#1225=VECTOR('',#5394,6.70458127670148E-5);
#1226=VECTOR('',#5395,6.70458127670148E-5);
#1227=VECTOR('',#5396,0.00393700787401575);
#1228=VECTOR('',#5403,0.00393700787401575);
#1229=VECTOR('',#5406,0.000517414843194981);
#1230=VECTOR('',#5407,0.000517414843194981);
#1231=VECTOR('',#5408,0.00393700787401575);
#1232=VECTOR('',#5415,0.00393700787401575);
#1233=VECTOR('',#5418,0.000264431364334628);
#1234=VECTOR('',#5419,0.000264431364334628);
#1235=VECTOR('',#5420,0.00393700787401575);
#1236=VECTOR('',#5427,0.00393700787401575);
#1237=VECTOR('',#5430,0.000901973757572488);
#1238=VECTOR('',#5431,0.000901973757572488);
#1239=VECTOR('',#5432,0.00393700787401575);
#1240=VECTOR('',#5439,0.00393700787401575);
#1241=VECTOR('',#5442,0.000423925136502365);
#1242=VECTOR('',#5443,0.000423925136502365);
#1243=VECTOR('',#5444,0.00393700787401575);
#1244=VECTOR('',#5451,0.00393700787401575);
#1245=VECTOR('',#5458,0.00393700787401575);
#1246=VECTOR('',#5461,0.000526368847209299);
#1247=VECTOR('',#5462,0.000526368847209299);
#1248=VECTOR('',#5463,0.00393700787401575);
#1249=VECTOR('',#5470,0.00393700787401575);
#1250=VECTOR('',#5473,0.000112660134259383);
#1251=VECTOR('',#5474,0.000112660134259383);
#1252=VECTOR('',#5475,0.00393700787401575);
#1253=VECTOR('',#5482,0.00393700787401575);
#1254=VECTOR('',#5485,8.98423148335123E-5);
#1255=VECTOR('',#5486,8.98423148335123E-5);
#1256=VECTOR('',#5487,0.00393700787401575);
#1257=VECTOR('',#5494,0.00393700787401575);
#1258=VECTOR('',#5497,0.000674998999717292);
#1259=VECTOR('',#5498,0.000674998999717292);
#1260=VECTOR('',#5499,0.00393700787401575);
#1261=VECTOR('',#5506,0.00393700787401575);
#1262=VECTOR('',#5509,0.000264323342647825);
#1263=VECTOR('',#5510,0.000264323342647825);
#1264=VECTOR('',#5511,0.00393700787401575);
#1265=VECTOR('',#5518,0.00393700787401575);
#1266=VECTOR('',#5521,0.000894922478805987);
#1267=VECTOR('',#5522,0.000894922478805987);
#1268=VECTOR('',#5523,0.00393700787401575);
#1269=VECTOR('',#5530,0.00393700787401575);
#1270=VECTOR('',#5533,9.18222064916557E-5);
#1271=VECTOR('',#5534,9.18222064916557E-5);
#1272=VECTOR('',#5535,0.00393700787401575);
#1273=VECTOR('',#5542,0.00393700787401575);
#1274=VECTOR('',#5545,0.00112962497361595);
#1275=VECTOR('',#5546,0.00112962497361595);
#1276=VECTOR('',#5547,0.00393700787401575);
#1277=VECTOR('',#5554,0.00393700787401575);
#1278=VECTOR('',#5557,0.000527202296478477);
#1279=VECTOR('',#5558,0.000527202296478477);
#1280=VECTOR('',#5559,0.00393700787401575);
#1281=VECTOR('',#5566,0.00393700787401575);
#1282=VECTOR('',#5569,0.0011188428705066);
#1283=VECTOR('',#5570,0.0011188428705066);
#1284=VECTOR('',#5571,0.00393700787401575);
#1285=VECTOR('',#5578,0.00393700787401575);
#1286=VECTOR('',#5581,0.000184992308082882);
#1287=VECTOR('',#5582,0.000184992308082882);
#1288=VECTOR('',#5583,0.00393700787401575);
#1289=VECTOR('',#5590,0.00393700787401575);
#1290=VECTOR('',#5593,0.00251238881298746);
#1291=VECTOR('',#5594,0.00251238881298746);
#1292=VECTOR('',#5595,0.00393700787401575);
#1293=VECTOR('',#5602,0.00393700787401575);
#1294=VECTOR('',#5605,7.73591253280213E-5);
#1295=VECTOR('',#5606,7.73591253280213E-5);
#1296=VECTOR('',#5607,0.00393700787401575);
#1297=VECTOR('',#5614,0.00393700787401575);
#1298=VECTOR('',#5617,0.000137099067605048);
#1299=VECTOR('',#5618,0.000137099067605048);
#1300=VECTOR('',#5619,0.00393700787401575);
#1301=VECTOR('',#5626,0.00393700787401575);
#1302=VECTOR('',#5629,0.00150295103290644);
#1303=VECTOR('',#5630,0.00150295103290644);
#1304=VECTOR('',#5631,0.00393700787401575);
#1305=VECTOR('',#5638,0.00393700787401575);
#1306=VECTOR('',#5645,0.00393700787401575);
#1307=VECTOR('',#5652,0.00393700787401575);
#1308=VECTOR('',#5659,0.00393700787401575);
#1309=VECTOR('',#5662,0.0001205695279553);
#1310=VECTOR('',#5663,0.0001205695279553);
#1311=VECTOR('',#5664,0.00393700787401575);
#1312=VECTOR('',#5671,0.00393700787401575);
#1313=VECTOR('',#5674,0.000693587307418938);
#1314=VECTOR('',#5675,0.000693587307418938);
#1315=VECTOR('',#5676,0.00393700787401575);
#1316=VECTOR('',#5683,0.00393700787401575);
#1317=VECTOR('',#5686,0.000498825079586085);
#1318=VECTOR('',#5687,0.000498825079586085);
#1319=VECTOR('',#5688,0.00393700787401575);
#1320=VECTOR('',#5695,0.00393700787401575);
#1321=VECTOR('',#5698,0.000265786996337226);
#1322=VECTOR('',#5699,0.000265786996337226);
#1323=VECTOR('',#5700,0.00393700787401575);
#1324=VECTOR('',#5707,0.00393700787401575);
#1325=VECTOR('',#5710,0.00111560924603844);
#1326=VECTOR('',#5711,0.00111560924603844);
#1327=VECTOR('',#5712,0.00393700787401575);
#1328=VECTOR('',#5719,0.00393700787401575);
#1329=VECTOR('',#5722,0.00114874682412359);
#1330=VECTOR('',#5723,0.00114874682412359);
#1331=VECTOR('',#5724,0.00393700787401575);
#1332=VECTOR('',#5731,0.00393700787401575);
#1333=VECTOR('',#5734,0.000348885475767037);
#1334=VECTOR('',#5735,0.000348885475767037);
#1335=VECTOR('',#5736,0.00393700787401575);
#1336=VECTOR('',#5743,0.00393700787401575);
#1337=VECTOR('',#5746,0.00120535789942458);
#1338=VECTOR('',#5747,0.00120535789942458);
#1339=VECTOR('',#5748,0.00393700787401575);
#1340=VECTOR('',#5755,0.00393700787401575);
#1341=VECTOR('',#5758,0.000219056930178571);
#1342=VECTOR('',#5759,0.000219056930178571);
#1343=VECTOR('',#5760,0.00393700787401575);
#1344=VECTOR('',#5767,0.00393700787401575);
#1345=VECTOR('',#5770,0.000101636717163132);
#1346=VECTOR('',#5771,0.000101636717163132);
#1347=VECTOR('',#5772,0.00393700787401575);
#1348=VECTOR('',#5779,0.00393700787401575);
#1349=VECTOR('',#5782,0.000254751982725648);
#1350=VECTOR('',#5783,0.000254751982725648);
#1351=VECTOR('',#5784,0.00393700787401575);
#1352=VECTOR('',#5791,0.00393700787401575);
#1353=VECTOR('',#5794,0.000605024312803525);
#1354=VECTOR('',#5795,0.000605024312803525);
#1355=VECTOR('',#5796,0.00393700787401575);
#1356=VECTOR('',#5803,0.00393700787401575);
#1357=VECTOR('',#5806,0.000514998747384519);
#1358=VECTOR('',#5807,0.000514998747384519);
#1359=VECTOR('',#5808,0.00393700787401575);
#1360=VECTOR('',#5815,0.00393700787401575);
#1361=VECTOR('',#5818,0.000570307490882032);
#1362=VECTOR('',#5819,0.000570307490882032);
#1363=VECTOR('',#5820,0.00393700787401575);
#1364=VECTOR('',#5827,0.00393700787401575);
#1365=VECTOR('',#5830,0.000222639925416474);
#1366=VECTOR('',#5831,0.000222639925416474);
#1367=VECTOR('',#5832,0.00393700787401575);
#1368=VECTOR('',#5839,0.00393700787401575);
#1369=VECTOR('',#5842,9.56910740167314E-5);
#1370=VECTOR('',#5843,9.56910740167314E-5);
#1371=VECTOR('',#5844,0.00393700787401575);
#1372=VECTOR('',#5851,0.00393700787401575);
#1373=VECTOR('',#5854,0.000300119218854044);
#1374=VECTOR('',#5855,0.000300119218854044);
#1375=VECTOR('',#5856,0.00393700787401575);
#1376=VECTOR('',#5863,0.00393700787401575);
#1377=VECTOR('',#5866,0.00119480779584899);
#1378=VECTOR('',#5867,0.00119480779584899);
#1379=VECTOR('',#5868,0.00393700787401575);
#1380=CIRCLE('',#4142,0.1);
#1381=CIRCLE('',#4143,0.1);
#1382=CIRCLE('',#4145,0.1);
#1383=CIRCLE('',#4146,0.1);
#1384=CIRCLE('',#4148,0.1);
#1385=CIRCLE('',#4149,0.1);
#1386=CIRCLE('',#4151,0.1);
#1387=CIRCLE('',#4152,0.1);
#1388=CIRCLE('',#4154,0.1);
#1389=CIRCLE('',#4156,0.1);
#1390=CIRCLE('',#4158,0.1);
#1391=CIRCLE('',#4160,0.1);
#1392=CIRCLE('',#4162,0.1);
#1393=CIRCLE('',#4165,0.1);
#1394=CIRCLE('',#4169,0.1);
#1395=CIRCLE('',#4172,0.1);
#1396=CIRCLE('',#4176,0.1);
#1397=CIRCLE('',#4177,0.1);
#1398=CIRCLE('',#4179,0.1);
#1399=CIRCLE('',#4180,0.1);
#1400=CIRCLE('',#4182,0.1);
#1401=CIRCLE('',#4184,0.1);
#1402=CIRCLE('',#4185,0.1);
#1403=CIRCLE('',#4187,0.1);
#1404=CIRCLE('',#4189,0.1);
#1405=CIRCLE('',#4190,0.1);
#1406=CIRCLE('',#4192,0.1);
#1407=CIRCLE('',#4194,0.1);
#1408=CIRCLE('',#4196,0.1);
#1409=CIRCLE('',#4199,0.1);
#1410=CIRCLE('',#4203,0.1);
#1411=CIRCLE('',#4206,0.1);
#1412=CIRCLE('',#4211,0.1);
#1413=CIRCLE('',#4212,0.1);
#1414=CIRCLE('',#4214,0.1);
#1415=CIRCLE('',#4215,0.1);
#1416=CIRCLE('',#4217,0.1);
#1417=CIRCLE('',#4219,0.1);
#1418=CIRCLE('',#4220,0.1);
#1419=CIRCLE('',#4222,0.1);
#1420=CIRCLE('',#4224,0.1);
#1421=CIRCLE('',#4225,0.1);
#1422=CIRCLE('',#4227,0.1);
#1423=CIRCLE('',#4229,0.1);
#1424=CIRCLE('',#4231,0.1);
#1425=CIRCLE('',#4234,0.1);
#1426=CIRCLE('',#4238,0.1);
#1427=CIRCLE('',#4239,0.1);
#1428=CIRCLE('',#4241,0.1);
#1429=CIRCLE('',#4242,0.1);
#1430=CIRCLE('',#4244,0.1);
#1431=CIRCLE('',#4246,0.1);
#1432=CIRCLE('',#4247,0.1);
#1433=CIRCLE('',#4250,0.1);
#1434=CIRCLE('',#4251,0.1);
#1435=CIRCLE('',#4254,0.1);
#1436=CIRCLE('',#4262,3.86915030852896E-5);
#1437=CIRCLE('',#4263,3.86915030852896E-5);
#1438=CIRCLE('',#4266,3.86915030853818E-5);
#1439=CIRCLE('',#4267,3.86915030853818E-5);
#1440=CIRCLE('',#4270,0.000296111035635183);
#1441=CIRCLE('',#4271,0.000296111035635183);
#1442=CIRCLE('',#4274,0.00102501491921821);
#1443=CIRCLE('',#4275,0.00102501491921821);
#1444=CIRCLE('',#4277,0.000658439001235686);
#1445=CIRCLE('',#4278,0.000658439001235686);
#1446=CIRCLE('',#4281,0.000122850847232285);
#1447=CIRCLE('',#4282,0.000122850847232285);
#1448=CIRCLE('',#4285,8.99830766163617E-5);
#1449=CIRCLE('',#4286,8.99830766163617E-5);
#1450=CIRCLE('',#4289,0.000197169572499472);
#1451=CIRCLE('',#4290,0.000197169572499472);
#1452=CIRCLE('',#4293,1.37795275590552E-5);
#1453=CIRCLE('',#4294,1.37795275590552E-5);
#1454=CIRCLE('',#4298,0.000122850847232266);
#1455=CIRCLE('',#4299,0.000122850847232266);
#1456=CIRCLE('',#4302,8.99830766163567E-5);
#1457=CIRCLE('',#4303,8.99830766163567E-5);
#1458=CIRCLE('',#4306,0.000197169572499465);
#1459=CIRCLE('',#4307,0.000197169572499465);
#1460=CIRCLE('',#4310,1.37795275590552E-5);
#1461=CIRCLE('',#4311,1.37795275590552E-5);
#1462=CIRCLE('',#4314,2.15070423696214E-5);
#1463=CIRCLE('',#4315,2.15070423696214E-5);
#1464=CIRCLE('',#4318,0.000132665232245657);
#1465=CIRCLE('',#4319,0.000132665232245657);
#1466=CIRCLE('',#4322,0.00010251615134251);
#1467=CIRCLE('',#4323,0.00010251615134251);
#1468=CIRCLE('',#4326,2.95835383304625E-5);
#1469=CIRCLE('',#4327,2.95835383304625E-5);
#1470=CIRCLE('',#4329,2.15070423696351E-5);
#1471=CIRCLE('',#4330,2.15070423696351E-5);
#1472=CIRCLE('',#4333,0.000132665232245614);
#1473=CIRCLE('',#4334,0.000132665232245614);
#1474=CIRCLE('',#4337,0.00010251615134251);
#1475=CIRCLE('',#4338,0.00010251615134251);
#1476=CIRCLE('',#4341,2.95835383304608E-5);
#1477=CIRCLE('',#4342,2.95835383304608E-5);
#1478=CIRCLE('',#4346,3.44193988441418E-5);
#1479=CIRCLE('',#4347,3.44193988441418E-5);
#1480=CIRCLE('',#4350,0.00119269248506936);
#1481=CIRCLE('',#4351,0.00119269248506936);
#1482=CIRCLE('',#4353,0.000827292460585229);
#1483=CIRCLE('',#4354,0.000827292460585229);
#1484=CIRCLE('',#4357,9.40596888169835E-5);
#1485=CIRCLE('',#4358,9.40596888169835E-5);
#1486=CIRCLE('',#4361,8.67075925089772E-5);
#1487=CIRCLE('',#4362,8.67075925089772E-5);
#1488=CIRCLE('',#4365,8.63376384877169E-5);
#1489=CIRCLE('',#4366,8.63376384877169E-5);
#1490=CIRCLE('',#4369,8.81565360506072E-5);
#1491=CIRCLE('',#4370,8.81565360506072E-5);
#1492=CIRCLE('',#4373,0.000611207188647915);
#1493=CIRCLE('',#4374,0.000611207188647915);
#1494=CIRCLE('',#4376,0.000250067475120598);
#1495=CIRCLE('',#4377,0.000250067475120598);
#1496=CIRCLE('',#4380,8.54383438466349E-5);
#1497=CIRCLE('',#4381,8.54383438466349E-5);
#1498=CIRCLE('',#4384,2.9207365246179E-5);
#1499=CIRCLE('',#4385,2.9207365246179E-5);
#1500=CIRCLE('',#4388,0.000345056392117393);
#1501=CIRCLE('',#4389,0.000345056392117393);
#1502=CIRCLE('',#4392,8.66455821217187E-5);
#1503=CIRCLE('',#4393,8.66455821217187E-5);
#1504=CIRCLE('',#4396,0.000161981524791629);
#1505=CIRCLE('',#4397,0.000161981524791629);
#1506=CIRCLE('',#4400,0.000169160364460079);
#1507=CIRCLE('',#4401,0.000169160364460079);
#1508=CIRCLE('',#4404,3.19035555035472E-5);
#1509=CIRCLE('',#4405,3.19035555035472E-5);
#1510=CIRCLE('',#4408,8.73665332902366E-5);
#1511=CIRCLE('',#4409,8.73665332902366E-5);
#1512=CIRCLE('',#4412,8.65594575891965E-5);
#1513=CIRCLE('',#4413,8.65594575891965E-5);
#1514=CIRCLE('',#4416,0.000262064737093039);
#1515=CIRCLE('',#4417,0.000262064737093039);
#1516=CIRCLE('',#4420,4.5158378451521E-5);
#1517=CIRCLE('',#4421,4.5158378451521E-5);
#1518=CIRCLE('',#4424,0.00027879464715673);
#1519=CIRCLE('',#4425,0.00027879464715673);
#1520=CIRCLE('',#4428,5.54537447751432E-5);
#1521=CIRCLE('',#4429,5.54537447751432E-5);
#1522=CIRCLE('',#4432,0.000122857703420382);
#1523=CIRCLE('',#4433,0.000122857703420382);
#1524=CIRCLE('',#4436,0.000232226578973292);
#1525=CIRCLE('',#4437,0.000232226578973292);
#1526=CIRCLE('',#4440,8.53055366078206E-5);
#1527=CIRCLE('',#4441,8.53055366078206E-5);
#1528=CIRCLE('',#4444,3.4764459126873E-5);
#1529=CIRCLE('',#4445,3.4764459126873E-5);
#1530=CIRCLE('',#4447,0.000318549079013382);
#1531=CIRCLE('',#4448,0.000318549079013382);
#1532=CIRCLE('',#4451,3.97700668441255E-5);
#1533=CIRCLE('',#4452,3.97700668441255E-5);
#1534=CIRCLE('',#4455,6.47553105461643E-5);
#1535=CIRCLE('',#4456,6.47553105461643E-5);
#1536=CIRCLE('',#4459,9.85616735974144E-5);
#1537=CIRCLE('',#4460,9.85616735974144E-5);
#1538=CIRCLE('',#4463,0.000139134798934411);
#1539=CIRCLE('',#4464,0.000139134798934411);
#1540=CIRCLE('',#4467,0.000225276477255775);
#1541=CIRCLE('',#4468,0.000225276477255775);
#1542=CIRCLE('',#4471,7.03323767570443E-5);
#1543=CIRCLE('',#4472,7.03323767570443E-5);
#1544=CIRCLE('',#4475,0.00028095637304397);
#1545=CIRCLE('',#4476,0.00028095637304397);
#1546=CIRCLE('',#4479,9.51568631286106E-5);
#1547=CIRCLE('',#4480,9.51568631286106E-5);
#1548=CIRCLE('',#4483,0.000126687404313512);
#1549=CIRCLE('',#4484,0.000126687404313512);
#1550=CIRCLE('',#4487,7.21437841213484E-5);
#1551=CIRCLE('',#4488,7.21437841213484E-5);
#1552=CIRCLE('',#4491,0.000120737795684085);
#1553=CIRCLE('',#4492,0.000120737795684085);
#1554=CIRCLE('',#4495,3.31216433461656E-5);
#1555=CIRCLE('',#4496,3.31216433461656E-5);
#1556=CIRCLE('',#4499,8.55180855782972E-5);
#1557=CIRCLE('',#4500,8.55180855782972E-5);
#1558=CIRCLE('',#4503,0.000121306489988052);
#1559=CIRCLE('',#4504,0.000121306489988052);
#1560=CIRCLE('',#4507,0.000773523588820748);
#1561=CIRCLE('',#4508,0.000773523588820748);
#1562=CIRCLE('',#4510,0.00104318773247986);
#1563=CIRCLE('',#4511,0.00104318773247986);
#1564=CIRCLE('',#4513,0.000809867767177677);
#1565=CIRCLE('',#4514,0.000809867767177677);
#1566=CIRCLE('',#4516,3.80962784424965E-5);
#1567=CIRCLE('',#4517,3.80962784424965E-5);
#1568=CIRCLE('',#4520,0.000348314148553115);
#1569=CIRCLE('',#4521,0.000348314148553115);
#1570=CIRCLE('',#4524,8.63379062723136E-5);
#1571=CIRCLE('',#4525,8.63379062723136E-5);
#1572=CIRCLE('',#4528,3.40548374614724E-5);
#1573=CIRCLE('',#4529,3.40548374614724E-5);
#1574=CIRCLE('',#4532,0.000796572677874249);
#1575=CIRCLE('',#4533,0.000796572677874249);
#1576=CIRCLE('',#4536,9.97453482452409E-5);
#1577=CIRCLE('',#4537,9.97453482452409E-5);
#1578=CIRCLE('',#4540,8.94652456586478E-5);
#1579=CIRCLE('',#4541,8.94652456586478E-5);
#1580=CIRCLE('',#4544,0.000127015578639805);
#1581=CIRCLE('',#4545,0.000127015578639805);
#1582=CIRCLE('',#4548,2.4064257500146E-5);
#1583=CIRCLE('',#4549,2.4064257500146E-5);
#1584=CIRCLE('',#4552,9.13374097702192E-5);
#1585=CIRCLE('',#4553,9.13374097702192E-5);
#1586=CIRCLE('',#4556,0.000103511460420739);
#1587=CIRCLE('',#4557,0.000103511460420739);
#1588=CIRCLE('',#4560,4.70325090799932E-5);
#1589=CIRCLE('',#4561,4.70325090799932E-5);
#1590=CIRCLE('',#4564,9.09056017061593E-5);
#1591=CIRCLE('',#4565,9.09056017061593E-5);
#1592=CIRCLE('',#4568,8.58858651445483E-5);
#1593=CIRCLE('',#4569,8.58858651445483E-5);
#1594=CIRCLE('',#4572,2.57380490462635E-5);
#1595=CIRCLE('',#4573,2.57380490462635E-5);
#1596=CIRCLE('',#4576,8.37167549539093E-5);
#1597=CIRCLE('',#4577,8.37167549539093E-5);
#1598=CIRCLE('',#4580,9.38571030390649E-5);
#1599=CIRCLE('',#4581,9.38571030390649E-5);
#1600=CIRCLE('',#4584,3.24845542508306E-5);
#1601=CIRCLE('',#4585,3.24845542508306E-5);
#1602=CIRCLE('',#4588,8.39390873594643E-5);
#1603=CIRCLE('',#4589,8.39390873594643E-5);
#1604=VERTEX_POINT('',#5889);
#1605=VERTEX_POINT('',#5890);
#1606=VERTEX_POINT('',#5892);
#1607=VERTEX_POINT('',#5894);
#1608=VERTEX_POINT('',#5898);
#1609=VERTEX_POINT('',#5900);
#1610=VERTEX_POINT('',#5902);
#1611=VERTEX_POINT('',#5906);
#1612=VERTEX_POINT('',#5908);
#1613=VERTEX_POINT('',#5910);
#1614=VERTEX_POINT('',#5914);
#1615=VERTEX_POINT('',#5916);
#1616=VERTEX_POINT('',#5929);
#1617=VERTEX_POINT('',#5931);
#1618=VERTEX_POINT('',#5935);
#1619=VERTEX_POINT('',#5939);
#1620=VERTEX_POINT('',#5943);
#1621=VERTEX_POINT('',#5948);
#1622=VERTEX_POINT('',#5950);
#1623=VERTEX_POINT('',#5954);
#1624=VERTEX_POINT('',#5963);
#1625=VERTEX_POINT('',#5964);
#1626=VERTEX_POINT('',#5966);
#1627=VERTEX_POINT('',#5968);
#1628=VERTEX_POINT('',#5972);
#1629=VERTEX_POINT('',#5973);
#1630=VERTEX_POINT('',#5975);
#1631=VERTEX_POINT('',#5982);
#1632=VERTEX_POINT('',#5983);
#1633=VERTEX_POINT('',#5985);
#1634=VERTEX_POINT('',#5992);
#1635=VERTEX_POINT('',#5995);
#1636=VERTEX_POINT('',#6003);
#1637=VERTEX_POINT('',#6005);
#1638=VERTEX_POINT('',#6009);
#1639=VERTEX_POINT('',#6013);
#1640=VERTEX_POINT('',#6017);
#1641=VERTEX_POINT('',#6022);
#1642=VERTEX_POINT('',#6024);
#1643=VERTEX_POINT('',#6028);
#1644=VERTEX_POINT('',#6038);
#1645=VERTEX_POINT('',#6039);
#1646=VERTEX_POINT('',#6041);
#1647=VERTEX_POINT('',#6043);
#1648=VERTEX_POINT('',#6047);
#1649=VERTEX_POINT('',#6048);
#1650=VERTEX_POINT('',#6050);
#1651=VERTEX_POINT('',#6057);
#1652=VERTEX_POINT('',#6058);
#1653=VERTEX_POINT('',#6060);
#1654=VERTEX_POINT('',#6067);
#1655=VERTEX_POINT('',#6070);
#1656=VERTEX_POINT('',#6078);
#1657=VERTEX_POINT('',#6080);
#1658=VERTEX_POINT('',#6084);
#1659=VERTEX_POINT('',#6088);
#1660=VERTEX_POINT('',#6092);
#1661=VERTEX_POINT('',#6097);
#1662=VERTEX_POINT('',#6098);
#1663=VERTEX_POINT('',#6100);
#1664=VERTEX_POINT('',#6102);
#1665=VERTEX_POINT('',#6106);
#1666=VERTEX_POINT('',#6113);
#1667=VERTEX_POINT('',#6121);
#1668=VERTEX_POINT('',#6137);
#1669=VERTEX_POINT('',#6138);
#1670=VERTEX_POINT('',#6140);
#1671=VERTEX_POINT('',#6142);
#1672=VERTEX_POINT('',#6146);
#1673=VERTEX_POINT('',#6148);
#1674=VERTEX_POINT('',#6152);
#1675=VERTEX_POINT('',#6154);
#1676=VERTEX_POINT('',#6158);
#1677=VERTEX_POINT('',#6160);
#1678=VERTEX_POINT('',#6164);
#1679=VERTEX_POINT('',#6166);
#1680=VERTEX_POINT('',#6170);
#1681=VERTEX_POINT('',#6172);
#1682=VERTEX_POINT('',#6176);
#1683=VERTEX_POINT('',#6178);
#1684=VERTEX_POINT('',#6182);
#1685=VERTEX_POINT('',#6184);
#1686=VERTEX_POINT('',#6191);
#1687=VERTEX_POINT('',#6192);
#1688=VERTEX_POINT('',#6194);
#1689=VERTEX_POINT('',#6196);
#1690=VERTEX_POINT('',#6200);
#1691=VERTEX_POINT('',#6202);
#1692=VERTEX_POINT('',#6206);
#1693=VERTEX_POINT('',#6208);
#1694=VERTEX_POINT('',#6212);
#1695=VERTEX_POINT('',#6214);
#1696=VERTEX_POINT('',#6218);
#1697=VERTEX_POINT('',#6220);
#1698=VERTEX_POINT('',#6224);
#1699=VERTEX_POINT('',#6226);
#1700=VERTEX_POINT('',#6230);
#1701=VERTEX_POINT('',#6232);
#1702=VERTEX_POINT('',#6239);
#1703=VERTEX_POINT('',#6240);
#1704=VERTEX_POINT('',#6242);
#1705=VERTEX_POINT('',#6244);
#1706=VERTEX_POINT('',#6248);
#1707=VERTEX_POINT('',#6250);
#1708=VERTEX_POINT('',#6254);
#1709=VERTEX_POINT('',#6256);
#1710=VERTEX_POINT('',#6260);
#1711=VERTEX_POINT('',#6262);
#1712=VERTEX_POINT('',#6266);
#1713=VERTEX_POINT('',#6268);
#1714=VERTEX_POINT('',#6272);
#1715=VERTEX_POINT('',#6274);
#1716=VERTEX_POINT('',#6278);
#1717=VERTEX_POINT('',#6280);
#1718=VERTEX_POINT('',#6287);
#1719=VERTEX_POINT('',#6288);
#1720=VERTEX_POINT('',#6290);
#1721=VERTEX_POINT('',#6292);
#1722=VERTEX_POINT('',#6296);
#1723=VERTEX_POINT('',#6298);
#1724=VERTEX_POINT('',#6302);
#1725=VERTEX_POINT('',#6304);
#1726=VERTEX_POINT('',#6308);
#1727=VERTEX_POINT('',#6310);
#1728=VERTEX_POINT('',#6314);
#1729=VERTEX_POINT('',#6316);
#1730=VERTEX_POINT('',#6320);
#1731=VERTEX_POINT('',#6322);
#1732=VERTEX_POINT('',#6326);
#1733=VERTEX_POINT('',#6328);
#1734=VERTEX_POINT('',#6335);
#1735=VERTEX_POINT('',#6336);
#1736=VERTEX_POINT('',#6338);
#1737=VERTEX_POINT('',#6340);
#1738=VERTEX_POINT('',#6344);
#1739=VERTEX_POINT('',#6346);
#1740=VERTEX_POINT('',#6350);
#1741=VERTEX_POINT('',#6352);
#1742=VERTEX_POINT('',#6356);
#1743=VERTEX_POINT('',#6358);
#1744=VERTEX_POINT('',#6362);
#1745=VERTEX_POINT('',#6364);
#1746=VERTEX_POINT('',#6368);
#1747=VERTEX_POINT('',#6370);
#1748=VERTEX_POINT('',#6374);
#1749=VERTEX_POINT('',#6376);
#1750=VERTEX_POINT('',#6383);
#1751=VERTEX_POINT('',#6384);
#1752=VERTEX_POINT('',#6386);
#1753=VERTEX_POINT('',#6388);
#1754=VERTEX_POINT('',#6392);
#1755=VERTEX_POINT('',#6394);
#1756=VERTEX_POINT('',#6398);
#1757=VERTEX_POINT('',#6400);
#1758=VERTEX_POINT('',#6404);
#1759=VERTEX_POINT('',#6406);
#1760=VERTEX_POINT('',#6410);
#1761=VERTEX_POINT('',#6412);
#1762=VERTEX_POINT('',#6416);
#1763=VERTEX_POINT('',#6418);
#1764=VERTEX_POINT('',#6422);
#1765=VERTEX_POINT('',#6424);
#1766=VERTEX_POINT('',#6428);
#1767=VERTEX_POINT('',#6430);
#1768=VERTEX_POINT('',#6434);
#1769=VERTEX_POINT('',#6436);
#1770=VERTEX_POINT('',#6440);
#1771=VERTEX_POINT('',#6442);
#1772=VERTEX_POINT('',#6446);
#1773=VERTEX_POINT('',#6448);
#1774=VERTEX_POINT('',#6452);
#1775=VERTEX_POINT('',#6454);
#1776=VERTEX_POINT('',#6458);
#1777=VERTEX_POINT('',#6460);
#1778=VERTEX_POINT('',#6464);
#1779=VERTEX_POINT('',#6466);
#1780=VERTEX_POINT('',#6470);
#1781=VERTEX_POINT('',#6472);
#1782=VERTEX_POINT('',#6476);
#1783=VERTEX_POINT('',#6478);
#1784=VERTEX_POINT('',#6482);
#1785=VERTEX_POINT('',#6484);
#1786=VERTEX_POINT('',#6488);
#1787=VERTEX_POINT('',#6490);
#1788=VERTEX_POINT('',#6494);
#1789=VERTEX_POINT('',#6496);
#1790=VERTEX_POINT('',#6500);
#1791=VERTEX_POINT('',#6502);
#1792=VERTEX_POINT('',#6506);
#1793=VERTEX_POINT('',#6508);
#1794=VERTEX_POINT('',#6512);
#1795=VERTEX_POINT('',#6514);
#1796=VERTEX_POINT('',#6518);
#1797=VERTEX_POINT('',#6520);
#1798=VERTEX_POINT('',#6524);
#1799=VERTEX_POINT('',#6526);
#1800=VERTEX_POINT('',#6530);
#1801=VERTEX_POINT('',#6532);
#1802=VERTEX_POINT('',#6536);
#1803=VERTEX_POINT('',#6538);
#1804=VERTEX_POINT('',#6542);
#1805=VERTEX_POINT('',#6544);
#1806=VERTEX_POINT('',#6548);
#1807=VERTEX_POINT('',#6550);
#1808=VERTEX_POINT('',#6554);
#1809=VERTEX_POINT('',#6556);
#1810=VERTEX_POINT('',#6560);
#1811=VERTEX_POINT('',#6562);
#1812=VERTEX_POINT('',#6566);
#1813=VERTEX_POINT('',#6568);
#1814=VERTEX_POINT('',#6572);
#1815=VERTEX_POINT('',#6574);
#1816=VERTEX_POINT('',#6578);
#1817=VERTEX_POINT('',#6580);
#1818=VERTEX_POINT('',#6584);
#1819=VERTEX_POINT('',#6586);
#1820=VERTEX_POINT('',#6590);
#1821=VERTEX_POINT('',#6592);
#1822=VERTEX_POINT('',#6596);
#1823=VERTEX_POINT('',#6598);
#1824=VERTEX_POINT('',#6602);
#1825=VERTEX_POINT('',#6604);
#1826=VERTEX_POINT('',#6608);
#1827=VERTEX_POINT('',#6610);
#1828=VERTEX_POINT('',#6614);
#1829=VERTEX_POINT('',#6616);
#1830=VERTEX_POINT('',#6620);
#1831=VERTEX_POINT('',#6622);
#1832=VERTEX_POINT('',#6626);
#1833=VERTEX_POINT('',#6628);
#1834=VERTEX_POINT('',#6632);
#1835=VERTEX_POINT('',#6634);
#1836=VERTEX_POINT('',#6638);
#1837=VERTEX_POINT('',#6640);
#1838=VERTEX_POINT('',#6644);
#1839=VERTEX_POINT('',#6646);
#1840=VERTEX_POINT('',#6650);
#1841=VERTEX_POINT('',#6652);
#1842=VERTEX_POINT('',#6656);
#1843=VERTEX_POINT('',#6658);
#1844=VERTEX_POINT('',#6662);
#1845=VERTEX_POINT('',#6664);
#1846=VERTEX_POINT('',#6668);
#1847=VERTEX_POINT('',#6670);
#1848=VERTEX_POINT('',#6674);
#1849=VERTEX_POINT('',#6676);
#1850=VERTEX_POINT('',#6680);
#1851=VERTEX_POINT('',#6682);
#1852=VERTEX_POINT('',#6686);
#1853=VERTEX_POINT('',#6688);
#1854=VERTEX_POINT('',#6692);
#1855=VERTEX_POINT('',#6694);
#1856=VERTEX_POINT('',#6698);
#1857=VERTEX_POINT('',#6700);
#1858=VERTEX_POINT('',#6704);
#1859=VERTEX_POINT('',#6706);
#1860=VERTEX_POINT('',#6710);
#1861=VERTEX_POINT('',#6712);
#1862=VERTEX_POINT('',#6716);
#1863=VERTEX_POINT('',#6718);
#1864=VERTEX_POINT('',#6722);
#1865=VERTEX_POINT('',#6724);
#1866=VERTEX_POINT('',#6728);
#1867=VERTEX_POINT('',#6730);
#1868=VERTEX_POINT('',#6734);
#1869=VERTEX_POINT('',#6736);
#1870=VERTEX_POINT('',#6740);
#1871=VERTEX_POINT('',#6742);
#1872=VERTEX_POINT('',#6746);
#1873=VERTEX_POINT('',#6748);
#1874=VERTEX_POINT('',#6752);
#1875=VERTEX_POINT('',#6754);
#1876=VERTEX_POINT('',#6758);
#1877=VERTEX_POINT('',#6760);
#1878=VERTEX_POINT('',#6764);
#1879=VERTEX_POINT('',#6766);
#1880=VERTEX_POINT('',#6770);
#1881=VERTEX_POINT('',#6772);
#1882=VERTEX_POINT('',#6776);
#1883=VERTEX_POINT('',#6778);
#1884=VERTEX_POINT('',#6782);
#1885=VERTEX_POINT('',#6784);
#1886=VERTEX_POINT('',#6788);
#1887=VERTEX_POINT('',#6790);
#1888=VERTEX_POINT('',#6794);
#1889=VERTEX_POINT('',#6796);
#1890=VERTEX_POINT('',#6800);
#1891=VERTEX_POINT('',#6802);
#1892=VERTEX_POINT('',#6806);
#1893=VERTEX_POINT('',#6808);
#1894=VERTEX_POINT('',#6812);
#1895=VERTEX_POINT('',#6814);
#1896=VERTEX_POINT('',#6818);
#1897=VERTEX_POINT('',#6820);
#1898=VERTEX_POINT('',#6824);
#1899=VERTEX_POINT('',#6826);
#1900=VERTEX_POINT('',#6830);
#1901=VERTEX_POINT('',#6832);
#1902=VERTEX_POINT('',#6836);
#1903=VERTEX_POINT('',#6838);
#1904=VERTEX_POINT('',#6842);
#1905=VERTEX_POINT('',#6844);
#1906=VERTEX_POINT('',#6848);
#1907=VERTEX_POINT('',#6850);
#1908=VERTEX_POINT('',#6854);
#1909=VERTEX_POINT('',#6856);
#1910=VERTEX_POINT('',#6860);
#1911=VERTEX_POINT('',#6862);
#1912=VERTEX_POINT('',#6866);
#1913=VERTEX_POINT('',#6868);
#1914=VERTEX_POINT('',#6872);
#1915=VERTEX_POINT('',#6874);
#1916=VERTEX_POINT('',#6878);
#1917=VERTEX_POINT('',#6880);
#1918=VERTEX_POINT('',#6884);
#1919=VERTEX_POINT('',#6886);
#1920=VERTEX_POINT('',#6890);
#1921=VERTEX_POINT('',#6892);
#1922=VERTEX_POINT('',#6896);
#1923=VERTEX_POINT('',#6898);
#1924=VERTEX_POINT('',#6902);
#1925=VERTEX_POINT('',#6904);
#1926=VERTEX_POINT('',#6908);
#1927=VERTEX_POINT('',#6910);
#1928=VERTEX_POINT('',#6914);
#1929=VERTEX_POINT('',#6916);
#1930=VERTEX_POINT('',#6920);
#1931=VERTEX_POINT('',#6922);
#1932=VERTEX_POINT('',#6926);
#1933=VERTEX_POINT('',#6928);
#1934=VERTEX_POINT('',#6932);
#1935=VERTEX_POINT('',#6934);
#1936=VERTEX_POINT('',#6938);
#1937=VERTEX_POINT('',#6940);
#1938=VERTEX_POINT('',#6944);
#1939=VERTEX_POINT('',#6946);
#1940=VERTEX_POINT('',#6950);
#1941=VERTEX_POINT('',#6952);
#1942=VERTEX_POINT('',#6956);
#1943=VERTEX_POINT('',#6958);
#1944=VERTEX_POINT('',#6962);
#1945=VERTEX_POINT('',#6964);
#1946=VERTEX_POINT('',#6968);
#1947=VERTEX_POINT('',#6970);
#1948=VERTEX_POINT('',#6974);
#1949=VERTEX_POINT('',#6976);
#1950=VERTEX_POINT('',#6980);
#1951=VERTEX_POINT('',#6982);
#1952=VERTEX_POINT('',#6986);
#1953=VERTEX_POINT('',#6988);
#1954=VERTEX_POINT('',#6992);
#1955=VERTEX_POINT('',#6994);
#1956=VERTEX_POINT('',#6998);
#1957=VERTEX_POINT('',#7000);
#1958=VERTEX_POINT('',#7004);
#1959=VERTEX_POINT('',#7006);
#1960=VERTEX_POINT('',#7010);
#1961=VERTEX_POINT('',#7012);
#1962=VERTEX_POINT('',#7016);
#1963=VERTEX_POINT('',#7018);
#1964=VERTEX_POINT('',#7022);
#1965=VERTEX_POINT('',#7024);
#1966=VERTEX_POINT('',#7028);
#1967=VERTEX_POINT('',#7030);
#1968=VERTEX_POINT('',#7034);
#1969=VERTEX_POINT('',#7036);
#1970=VERTEX_POINT('',#7040);
#1971=VERTEX_POINT('',#7042);
#1972=VERTEX_POINT('',#7046);
#1973=VERTEX_POINT('',#7048);
#1974=VERTEX_POINT('',#7052);
#1975=VERTEX_POINT('',#7054);
#1976=VERTEX_POINT('',#7058);
#1977=VERTEX_POINT('',#7060);
#1978=VERTEX_POINT('',#7064);
#1979=VERTEX_POINT('',#7066);
#1980=VERTEX_POINT('',#7070);
#1981=VERTEX_POINT('',#7072);
#1982=VERTEX_POINT('',#7076);
#1983=VERTEX_POINT('',#7078);
#1984=VERTEX_POINT('',#7082);
#1985=VERTEX_POINT('',#7084);
#1986=VERTEX_POINT('',#7088);
#1987=VERTEX_POINT('',#7090);
#1988=VERTEX_POINT('',#7094);
#1989=VERTEX_POINT('',#7096);
#1990=EDGE_CURVE('',#1604,#1605,#1380,.T.);
#1991=EDGE_CURVE('',#1605,#1606,#622,.T.);
#1992=EDGE_CURVE('',#1606,#1607,#1381,.T.);
#1993=EDGE_CURVE('',#1607,#1604,#623,.T.);
#1994=EDGE_CURVE('',#1608,#1604,#1382,.T.);
#1995=EDGE_CURVE('',#1604,#1609,#624,.T.);
#1996=EDGE_CURVE('',#1609,#1610,#1383,.T.);
#1997=EDGE_CURVE('',#1610,#1608,#625,.T.);
#1998=EDGE_CURVE('',#1611,#1609,#1384,.T.);
#1999=EDGE_CURVE('',#1609,#1612,#626,.T.);
#2000=EDGE_CURVE('',#1612,#1613,#1385,.T.);
#2001=EDGE_CURVE('',#1613,#1611,#627,.T.);
#2002=EDGE_CURVE('',#1607,#1614,#1386,.T.);
#2003=EDGE_CURVE('',#1614,#1615,#628,.T.);
#2004=EDGE_CURVE('',#1615,#1612,#1387,.T.);
#2005=EDGE_CURVE('',#1612,#1607,#629,.T.);
#2006=EDGE_CURVE('',#1615,#1613,#1388,.T.);
#2007=EDGE_CURVE('',#1611,#1610,#1389,.T.);
#2008=EDGE_CURVE('',#1608,#1605,#1390,.T.);
#2009=EDGE_CURVE('',#1606,#1614,#1391,.T.);
#2010=EDGE_CURVE('',#1611,#1616,#630,.T.);
#2011=EDGE_CURVE('',#1616,#1617,#1392,.T.);
#2012=EDGE_CURVE('',#1617,#1610,#631,.T.);
#2013=EDGE_CURVE('',#1618,#1613,#632,.T.);
#2014=EDGE_CURVE('',#1618,#1616,#633,.T.);
#2015=EDGE_CURVE('',#1615,#1619,#634,.T.);
#2016=EDGE_CURVE('',#1619,#1618,#1393,.T.);
#2017=EDGE_CURVE('',#1620,#1614,#635,.T.);
#2018=EDGE_CURVE('',#1620,#1619,#636,.T.);
#2019=EDGE_CURVE('',#1608,#1621,#637,.T.);
#2020=EDGE_CURVE('',#1621,#1622,#1394,.T.);
#2021=EDGE_CURVE('',#1622,#1605,#638,.T.);
#2022=EDGE_CURVE('',#1622,#1623,#639,.T.);
#2023=EDGE_CURVE('',#1606,#1623,#640,.T.);
#2024=EDGE_CURVE('',#1617,#1621,#641,.T.);
#2025=EDGE_CURVE('',#1623,#1620,#1395,.T.);
#2026=EDGE_CURVE('',#1624,#1625,#1396,.T.);
#2027=EDGE_CURVE('',#1625,#1626,#642,.T.);
#2028=EDGE_CURVE('',#1626,#1627,#1397,.T.);
#2029=EDGE_CURVE('',#1627,#1624,#643,.T.);
#2030=EDGE_CURVE('',#1628,#1629,#1398,.T.);
#2031=EDGE_CURVE('',#1629,#1630,#644,.T.);
#2032=EDGE_CURVE('',#1630,#1626,#1399,.T.);
#2033=EDGE_CURVE('',#1626,#1628,#645,.T.);
#2034=EDGE_CURVE('',#1630,#1627,#1400,.T.);
#2035=EDGE_CURVE('',#1631,#1632,#1401,.T.);
#2036=EDGE_CURVE('',#1632,#1633,#646,.T.);
#2037=EDGE_CURVE('',#1633,#1628,#1402,.T.);
#2038=EDGE_CURVE('',#1628,#1631,#647,.T.);
#2039=EDGE_CURVE('',#1633,#1629,#1403,.T.);
#2040=EDGE_CURVE('',#1634,#1631,#1404,.T.);
#2041=EDGE_CURVE('',#1631,#1625,#648,.T.);
#2042=EDGE_CURVE('',#1625,#1635,#1405,.T.);
#2043=EDGE_CURVE('',#1635,#1634,#649,.T.);
#2044=EDGE_CURVE('',#1634,#1632,#1406,.T.);
#2045=EDGE_CURVE('',#1624,#1635,#1407,.T.);
#2046=EDGE_CURVE('',#1633,#1636,#650,.T.);
#2047=EDGE_CURVE('',#1636,#1637,#1408,.T.);
#2048=EDGE_CURVE('',#1637,#1629,#651,.T.);
#2049=EDGE_CURVE('',#1638,#1632,#652,.T.);
#2050=EDGE_CURVE('',#1638,#1636,#653,.T.);
#2051=EDGE_CURVE('',#1634,#1639,#654,.T.);
#2052=EDGE_CURVE('',#1639,#1638,#1409,.T.);
#2053=EDGE_CURVE('',#1640,#1635,#655,.T.);
#2054=EDGE_CURVE('',#1640,#1639,#656,.T.);
#2055=EDGE_CURVE('',#1630,#1641,#657,.T.);
#2056=EDGE_CURVE('',#1641,#1642,#1410,.T.);
#2057=EDGE_CURVE('',#1642,#1627,#658,.T.);
#2058=EDGE_CURVE('',#1642,#1643,#659,.T.);
#2059=EDGE_CURVE('',#1624,#1643,#660,.T.);
#2060=EDGE_CURVE('',#1643,#1640,#1411,.T.);
#2061=EDGE_CURVE('',#1637,#1641,#661,.T.);
#2062=EDGE_CURVE('',#1644,#1645,#1412,.T.);
#2063=EDGE_CURVE('',#1645,#1646,#662,.T.);
#2064=EDGE_CURVE('',#1646,#1647,#1413,.T.);
#2065=EDGE_CURVE('',#1647,#1644,#663,.T.);
#2066=EDGE_CURVE('',#1648,#1649,#1414,.T.);
#2067=EDGE_CURVE('',#1649,#1650,#664,.T.);
#2068=EDGE_CURVE('',#1650,#1646,#1415,.T.);
#2069=EDGE_CURVE('',#1646,#1648,#665,.T.);
#2070=EDGE_CURVE('',#1650,#1647,#1416,.T.);
#2071=EDGE_CURVE('',#1651,#1652,#1417,.T.);
#2072=EDGE_CURVE('',#1652,#1653,#666,.T.);
#2073=EDGE_CURVE('',#1653,#1648,#1418,.T.);
#2074=EDGE_CURVE('',#1648,#1651,#667,.T.);
#2075=EDGE_CURVE('',#1653,#1649,#1419,.T.);
#2076=EDGE_CURVE('',#1654,#1651,#1420,.T.);
#2077=EDGE_CURVE('',#1651,#1645,#668,.T.);
#2078=EDGE_CURVE('',#1645,#1655,#1421,.T.);
#2079=EDGE_CURVE('',#1655,#1654,#669,.T.);
#2080=EDGE_CURVE('',#1654,#1652,#1422,.T.);
#2081=EDGE_CURVE('',#1644,#1655,#1423,.T.);
#2082=EDGE_CURVE('',#1653,#1656,#670,.T.);
#2083=EDGE_CURVE('',#1657,#1656,#1424,.T.);
#2084=EDGE_CURVE('',#1657,#1649,#671,.T.);
#2085=EDGE_CURVE('',#1658,#1652,#672,.T.);
#2086=EDGE_CURVE('',#1656,#1658,#673,.T.);
#2087=EDGE_CURVE('',#1654,#1659,#674,.T.);
#2088=EDGE_CURVE('',#1658,#1659,#1425,.T.);
#2089=EDGE_CURVE('',#1660,#1655,#675,.T.);
#2090=EDGE_CURVE('',#1659,#1660,#676,.T.);
#2091=EDGE_CURVE('',#1661,#1662,#1426,.T.);
#2092=EDGE_CURVE('',#1662,#1663,#677,.T.);
#2093=EDGE_CURVE('',#1663,#1664,#1427,.T.);
#2094=EDGE_CURVE('',#1664,#1661,#678,.T.);
#2095=EDGE_CURVE('',#1665,#1659,#1428,.T.);
#2096=EDGE_CURVE('',#1660,#1663,#1429,.T.);
#2097=EDGE_CURVE('',#1663,#1665,#679,.T.);
#2098=EDGE_CURVE('',#1660,#1664,#1430,.T.);
#2099=EDGE_CURVE('',#1666,#1656,#1431,.T.);
#2100=EDGE_CURVE('',#1658,#1665,#1432,.T.);
#2101=EDGE_CURVE('',#1665,#1666,#680,.T.);
#2102=EDGE_CURVE('',#1657,#1666,#1433,.T.);
#2103=EDGE_CURVE('',#1666,#1662,#681,.T.);
#2104=EDGE_CURVE('',#1662,#1667,#1434,.T.);
#2105=EDGE_CURVE('',#1667,#1657,#682,.T.);
#2106=EDGE_CURVE('',#1661,#1667,#1435,.T.);
#2107=EDGE_CURVE('',#1650,#1667,#683,.T.);
#2108=EDGE_CURVE('',#1661,#1647,#684,.T.);
#2109=EDGE_CURVE('',#1644,#1664,#685,.T.);
#2110=EDGE_CURVE('',#1668,#1669,#1436,.T.);
#2111=EDGE_CURVE('',#1668,#1670,#686,.T.);
#2112=EDGE_CURVE('',#1671,#1670,#1437,.T.);
#2113=EDGE_CURVE('',#1669,#1671,#687,.T.);
#2114=EDGE_CURVE('',#1672,#1668,#688,.T.);
#2115=EDGE_CURVE('',#1672,#1673,#689,.T.);
#2116=EDGE_CURVE('',#1670,#1673,#690,.T.);
#2117=EDGE_CURVE('',#1674,#1672,#1438,.T.);
#2118=EDGE_CURVE('',#1674,#1675,#691,.T.);
#2119=EDGE_CURVE('',#1673,#1675,#1439,.T.);
#2120=EDGE_CURVE('',#1676,#1674,#692,.T.);
#2121=EDGE_CURVE('',#1676,#1677,#693,.T.);
#2122=EDGE_CURVE('',#1675,#1677,#694,.T.);
#2123=EDGE_CURVE('',#1678,#1676,#1440,.T.);
#2124=EDGE_CURVE('',#1678,#1679,#695,.T.);
#2125=EDGE_CURVE('',#1677,#1679,#1441,.T.);
#2126=EDGE_CURVE('',#1680,#1678,#696,.T.);
#2127=EDGE_CURVE('',#1680,#1681,#697,.T.);
#2128=EDGE_CURVE('',#1679,#1681,#698,.T.);
#2129=EDGE_CURVE('',#1682,#1680,#1442,.T.);
#2130=EDGE_CURVE('',#1682,#1683,#699,.T.);
#2131=EDGE_CURVE('',#1681,#1683,#1443,.T.);
#2132=EDGE_CURVE('',#1684,#1682,#1444,.T.);
#2133=EDGE_CURVE('',#1684,#1685,#700,.T.);
#2134=EDGE_CURVE('',#1683,#1685,#1445,.T.);
#2135=EDGE_CURVE('',#1669,#1684,#701,.T.);
#2136=EDGE_CURVE('',#1685,#1671,#702,.T.);
#2137=EDGE_CURVE('',#1686,#1687,#1446,.T.);
#2138=EDGE_CURVE('',#1686,#1688,#703,.T.);
#2139=EDGE_CURVE('',#1689,#1688,#1447,.T.);
#2140=EDGE_CURVE('',#1687,#1689,#704,.T.);
#2141=EDGE_CURVE('',#1690,#1686,#705,.T.);
#2142=EDGE_CURVE('',#1690,#1691,#706,.T.);
#2143=EDGE_CURVE('',#1688,#1691,#707,.T.);
#2144=EDGE_CURVE('',#1692,#1690,#1448,.T.);
#2145=EDGE_CURVE('',#1692,#1693,#708,.T.);
#2146=EDGE_CURVE('',#1691,#1693,#1449,.T.);
#2147=EDGE_CURVE('',#1694,#1692,#709,.T.);
#2148=EDGE_CURVE('',#1694,#1695,#710,.T.);
#2149=EDGE_CURVE('',#1693,#1695,#711,.T.);
#2150=EDGE_CURVE('',#1696,#1694,#1450,.T.);
#2151=EDGE_CURVE('',#1696,#1697,#712,.T.);
#2152=EDGE_CURVE('',#1695,#1697,#1451,.T.);
#2153=EDGE_CURVE('',#1698,#1696,#713,.T.);
#2154=EDGE_CURVE('',#1698,#1699,#714,.T.);
#2155=EDGE_CURVE('',#1697,#1699,#715,.T.);
#2156=EDGE_CURVE('',#1700,#1698,#1452,.T.);
#2157=EDGE_CURVE('',#1700,#1701,#716,.T.);
#2158=EDGE_CURVE('',#1699,#1701,#1453,.T.);
#2159=EDGE_CURVE('',#1687,#1700,#717,.T.);
#2160=EDGE_CURVE('',#1701,#1689,#718,.T.);
#2161=EDGE_CURVE('',#1702,#1703,#719,.T.);
#2162=EDGE_CURVE('',#1702,#1704,#720,.T.);
#2163=EDGE_CURVE('',#1705,#1704,#721,.T.);
#2164=EDGE_CURVE('',#1703,#1705,#722,.T.);
#2165=EDGE_CURVE('',#1706,#1702,#1454,.T.);
#2166=EDGE_CURVE('',#1706,#1707,#723,.T.);
#2167=EDGE_CURVE('',#1704,#1707,#1455,.T.);
#2168=EDGE_CURVE('',#1708,#1706,#724,.T.);
#2169=EDGE_CURVE('',#1708,#1709,#725,.T.);
#2170=EDGE_CURVE('',#1707,#1709,#726,.T.);
#2171=EDGE_CURVE('',#1710,#1708,#1456,.T.);
#2172=EDGE_CURVE('',#1710,#1711,#727,.T.);
#2173=EDGE_CURVE('',#1709,#1711,#1457,.T.);
#2174=EDGE_CURVE('',#1712,#1710,#728,.T.);
#2175=EDGE_CURVE('',#1712,#1713,#729,.T.);
#2176=EDGE_CURVE('',#1711,#1713,#730,.T.);
#2177=EDGE_CURVE('',#1714,#1712,#1458,.T.);
#2178=EDGE_CURVE('',#1714,#1715,#731,.T.);
#2179=EDGE_CURVE('',#1713,#1715,#1459,.T.);
#2180=EDGE_CURVE('',#1716,#1714,#732,.T.);
#2181=EDGE_CURVE('',#1716,#1717,#733,.T.);
#2182=EDGE_CURVE('',#1715,#1717,#734,.T.);
#2183=EDGE_CURVE('',#1703,#1716,#1460,.T.);
#2184=EDGE_CURVE('',#1717,#1705,#1461,.T.);
#2185=EDGE_CURVE('',#1718,#1719,#735,.T.);
#2186=EDGE_CURVE('',#1718,#1720,#736,.T.);
#2187=EDGE_CURVE('',#1721,#1720,#737,.T.);
#2188=EDGE_CURVE('',#1719,#1721,#738,.T.);
#2189=EDGE_CURVE('',#1722,#1718,#1462,.T.);
#2190=EDGE_CURVE('',#1722,#1723,#739,.T.);
#2191=EDGE_CURVE('',#1720,#1723,#1463,.T.);
#2192=EDGE_CURVE('',#1724,#1722,#740,.T.);
#2193=EDGE_CURVE('',#1724,#1725,#741,.T.);
#2194=EDGE_CURVE('',#1723,#1725,#742,.T.);
#2195=EDGE_CURVE('',#1726,#1724,#1464,.T.);
#2196=EDGE_CURVE('',#1726,#1727,#743,.T.);
#2197=EDGE_CURVE('',#1725,#1727,#1465,.T.);
#2198=EDGE_CURVE('',#1728,#1726,#744,.T.);
#2199=EDGE_CURVE('',#1728,#1729,#745,.T.);
#2200=EDGE_CURVE('',#1727,#1729,#746,.T.);
#2201=EDGE_CURVE('',#1730,#1728,#1466,.T.);
#2202=EDGE_CURVE('',#1730,#1731,#747,.T.);
#2203=EDGE_CURVE('',#1729,#1731,#1467,.T.);
#2204=EDGE_CURVE('',#1732,#1730,#748,.T.);
#2205=EDGE_CURVE('',#1732,#1733,#749,.T.);
#2206=EDGE_CURVE('',#1731,#1733,#750,.T.);
#2207=EDGE_CURVE('',#1719,#1732,#1468,.T.);
#2208=EDGE_CURVE('',#1733,#1721,#1469,.T.);
#2209=EDGE_CURVE('',#1734,#1735,#1470,.T.);
#2210=EDGE_CURVE('',#1734,#1736,#751,.T.);
#2211=EDGE_CURVE('',#1737,#1736,#1471,.T.);
#2212=EDGE_CURVE('',#1735,#1737,#752,.T.);
#2213=EDGE_CURVE('',#1738,#1734,#753,.T.);
#2214=EDGE_CURVE('',#1738,#1739,#754,.T.);
#2215=EDGE_CURVE('',#1736,#1739,#755,.T.);
#2216=EDGE_CURVE('',#1740,#1738,#1472,.T.);
#2217=EDGE_CURVE('',#1740,#1741,#756,.T.);
#2218=EDGE_CURVE('',#1739,#1741,#1473,.T.);
#2219=EDGE_CURVE('',#1742,#1740,#757,.T.);
#2220=EDGE_CURVE('',#1742,#1743,#758,.T.);
#2221=EDGE_CURVE('',#1741,#1743,#759,.T.);
#2222=EDGE_CURVE('',#1744,#1742,#1474,.T.);
#2223=EDGE_CURVE('',#1744,#1745,#760,.T.);
#2224=EDGE_CURVE('',#1743,#1745,#1475,.T.);
#2225=EDGE_CURVE('',#1746,#1744,#761,.T.);
#2226=EDGE_CURVE('',#1746,#1747,#762,.T.);
#2227=EDGE_CURVE('',#1745,#1747,#763,.T.);
#2228=EDGE_CURVE('',#1748,#1746,#1476,.T.);
#2229=EDGE_CURVE('',#1748,#1749,#764,.T.);
#2230=EDGE_CURVE('',#1747,#1749,#1477,.T.);
#2231=EDGE_CURVE('',#1735,#1748,#765,.T.);
#2232=EDGE_CURVE('',#1749,#1737,#766,.T.);
#2233=EDGE_CURVE('',#1750,#1751,#767,.T.);
#2234=EDGE_CURVE('',#1750,#1752,#768,.T.);
#2235=EDGE_CURVE('',#1753,#1752,#769,.T.);
#2236=EDGE_CURVE('',#1751,#1753,#770,.T.);
#2237=EDGE_CURVE('',#1751,#1754,#1478,.T.);
#2238=EDGE_CURVE('',#1755,#1753,#1479,.T.);
#2239=EDGE_CURVE('',#1754,#1755,#771,.T.);
#2240=EDGE_CURVE('',#1754,#1756,#772,.T.);
#2241=EDGE_CURVE('',#1757,#1755,#773,.T.);
#2242=EDGE_CURVE('',#1756,#1757,#774,.T.);
#2243=EDGE_CURVE('',#1756,#1758,#1480,.T.);
#2244=EDGE_CURVE('',#1759,#1757,#1481,.T.);
#2245=EDGE_CURVE('',#1758,#1759,#775,.T.);
#2246=EDGE_CURVE('',#1758,#1760,#1482,.T.);
#2247=EDGE_CURVE('',#1761,#1759,#1483,.T.);
#2248=EDGE_CURVE('',#1760,#1761,#776,.T.);
#2249=EDGE_CURVE('',#1760,#1762,#777,.T.);
#2250=EDGE_CURVE('',#1763,#1761,#778,.T.);
#2251=EDGE_CURVE('',#1762,#1763,#779,.T.);
#2252=EDGE_CURVE('',#1762,#1764,#1484,.T.);
#2253=EDGE_CURVE('',#1765,#1763,#1485,.T.);
#2254=EDGE_CURVE('',#1764,#1765,#780,.T.);
#2255=EDGE_CURVE('',#1764,#1766,#781,.T.);
#2256=EDGE_CURVE('',#1767,#1765,#782,.T.);
#2257=EDGE_CURVE('',#1766,#1767,#783,.T.);
#2258=EDGE_CURVE('',#1766,#1768,#1486,.T.);
#2259=EDGE_CURVE('',#1769,#1767,#1487,.T.);
#2260=EDGE_CURVE('',#1768,#1769,#784,.T.);
#2261=EDGE_CURVE('',#1768,#1770,#785,.T.);
#2262=EDGE_CURVE('',#1771,#1769,#786,.T.);
#2263=EDGE_CURVE('',#1770,#1771,#787,.T.);
#2264=EDGE_CURVE('',#1770,#1772,#1488,.T.);
#2265=EDGE_CURVE('',#1773,#1771,#1489,.T.);
#2266=EDGE_CURVE('',#1772,#1773,#788,.T.);
#2267=EDGE_CURVE('',#1772,#1774,#789,.T.);
#2268=EDGE_CURVE('',#1775,#1773,#790,.T.);
#2269=EDGE_CURVE('',#1774,#1775,#791,.T.);
#2270=EDGE_CURVE('',#1774,#1776,#1490,.T.);
#2271=EDGE_CURVE('',#1777,#1775,#1491,.T.);
#2272=EDGE_CURVE('',#1776,#1777,#792,.T.);
#2273=EDGE_CURVE('',#1776,#1778,#793,.T.);
#2274=EDGE_CURVE('',#1779,#1777,#794,.T.);
#2275=EDGE_CURVE('',#1778,#1779,#795,.T.);
#2276=EDGE_CURVE('',#1778,#1780,#1492,.T.);
#2277=EDGE_CURVE('',#1781,#1779,#1493,.T.);
#2278=EDGE_CURVE('',#1780,#1781,#796,.T.);
#2279=EDGE_CURVE('',#1780,#1782,#1494,.T.);
#2280=EDGE_CURVE('',#1783,#1781,#1495,.T.);
#2281=EDGE_CURVE('',#1782,#1783,#797,.T.);
#2282=EDGE_CURVE('',#1782,#1784,#798,.T.);
#2283=EDGE_CURVE('',#1785,#1783,#799,.T.);
#2284=EDGE_CURVE('',#1784,#1785,#800,.T.);
#2285=EDGE_CURVE('',#1784,#1786,#1496,.T.);
#2286=EDGE_CURVE('',#1787,#1785,#1497,.T.);
#2287=EDGE_CURVE('',#1786,#1787,#801,.T.);
#2288=EDGE_CURVE('',#1786,#1788,#802,.T.);
#2289=EDGE_CURVE('',#1789,#1787,#803,.T.);
#2290=EDGE_CURVE('',#1788,#1789,#804,.T.);
#2291=EDGE_CURVE('',#1788,#1790,#1498,.T.);
#2292=EDGE_CURVE('',#1791,#1789,#1499,.T.);
#2293=EDGE_CURVE('',#1790,#1791,#805,.T.);
#2294=EDGE_CURVE('',#1790,#1792,#806,.T.);
#2295=EDGE_CURVE('',#1793,#1791,#807,.T.);
#2296=EDGE_CURVE('',#1792,#1793,#808,.T.);
#2297=EDGE_CURVE('',#1792,#1794,#1500,.T.);
#2298=EDGE_CURVE('',#1795,#1793,#1501,.T.);
#2299=EDGE_CURVE('',#1794,#1795,#809,.T.);
#2300=EDGE_CURVE('',#1794,#1796,#810,.T.);
#2301=EDGE_CURVE('',#1797,#1795,#811,.T.);
#2302=EDGE_CURVE('',#1796,#1797,#812,.T.);
#2303=EDGE_CURVE('',#1796,#1798,#1502,.T.);
#2304=EDGE_CURVE('',#1799,#1797,#1503,.T.);
#2305=EDGE_CURVE('',#1798,#1799,#813,.T.);
#2306=EDGE_CURVE('',#1798,#1800,#814,.T.);
#2307=EDGE_CURVE('',#1801,#1799,#815,.T.);
#2308=EDGE_CURVE('',#1800,#1801,#816,.T.);
#2309=EDGE_CURVE('',#1800,#1802,#1504,.T.);
#2310=EDGE_CURVE('',#1803,#1801,#1505,.T.);
#2311=EDGE_CURVE('',#1802,#1803,#817,.T.);
#2312=EDGE_CURVE('',#1802,#1804,#818,.T.);
#2313=EDGE_CURVE('',#1805,#1803,#819,.T.);
#2314=EDGE_CURVE('',#1804,#1805,#820,.T.);
#2315=EDGE_CURVE('',#1804,#1806,#1506,.T.);
#2316=EDGE_CURVE('',#1807,#1805,#1507,.T.);
#2317=EDGE_CURVE('',#1806,#1807,#821,.T.);
#2318=EDGE_CURVE('',#1806,#1808,#822,.T.);
#2319=EDGE_CURVE('',#1809,#1807,#823,.T.);
#2320=EDGE_CURVE('',#1808,#1809,#824,.T.);
#2321=EDGE_CURVE('',#1808,#1810,#1508,.T.);
#2322=EDGE_CURVE('',#1811,#1809,#1509,.T.);
#2323=EDGE_CURVE('',#1810,#1811,#825,.T.);
#2324=EDGE_CURVE('',#1810,#1812,#826,.T.);
#2325=EDGE_CURVE('',#1813,#1811,#827,.T.);
#2326=EDGE_CURVE('',#1812,#1813,#828,.T.);
#2327=EDGE_CURVE('',#1812,#1814,#1510,.T.);
#2328=EDGE_CURVE('',#1815,#1813,#1511,.T.);
#2329=EDGE_CURVE('',#1814,#1815,#829,.T.);
#2330=EDGE_CURVE('',#1814,#1816,#830,.T.);
#2331=EDGE_CURVE('',#1817,#1815,#831,.T.);
#2332=EDGE_CURVE('',#1816,#1817,#832,.T.);
#2333=EDGE_CURVE('',#1816,#1818,#1512,.T.);
#2334=EDGE_CURVE('',#1819,#1817,#1513,.T.);
#2335=EDGE_CURVE('',#1818,#1819,#833,.T.);
#2336=EDGE_CURVE('',#1818,#1820,#834,.T.);
#2337=EDGE_CURVE('',#1821,#1819,#835,.T.);
#2338=EDGE_CURVE('',#1820,#1821,#836,.T.);
#2339=EDGE_CURVE('',#1820,#1822,#1514,.T.);
#2340=EDGE_CURVE('',#1823,#1821,#1515,.T.);
#2341=EDGE_CURVE('',#1822,#1823,#837,.T.);
#2342=EDGE_CURVE('',#1822,#1824,#838,.T.);
#2343=EDGE_CURVE('',#1825,#1823,#839,.T.);
#2344=EDGE_CURVE('',#1824,#1825,#840,.T.);
#2345=EDGE_CURVE('',#1824,#1826,#1516,.T.);
#2346=EDGE_CURVE('',#1827,#1825,#1517,.T.);
#2347=EDGE_CURVE('',#1826,#1827,#841,.T.);
#2348=EDGE_CURVE('',#1826,#1828,#842,.T.);
#2349=EDGE_CURVE('',#1829,#1827,#843,.T.);
#2350=EDGE_CURVE('',#1828,#1829,#844,.T.);
#2351=EDGE_CURVE('',#1828,#1830,#1518,.T.);
#2352=EDGE_CURVE('',#1831,#1829,#1519,.T.);
#2353=EDGE_CURVE('',#1830,#1831,#845,.T.);
#2354=EDGE_CURVE('',#1830,#1832,#846,.T.);
#2355=EDGE_CURVE('',#1833,#1831,#847,.T.);
#2356=EDGE_CURVE('',#1832,#1833,#848,.T.);
#2357=EDGE_CURVE('',#1832,#1834,#1520,.T.);
#2358=EDGE_CURVE('',#1835,#1833,#1521,.T.);
#2359=EDGE_CURVE('',#1834,#1835,#849,.T.);
#2360=EDGE_CURVE('',#1834,#1836,#850,.T.);
#2361=EDGE_CURVE('',#1837,#1835,#851,.T.);
#2362=EDGE_CURVE('',#1836,#1837,#852,.T.);
#2363=EDGE_CURVE('',#1836,#1838,#1522,.T.);
#2364=EDGE_CURVE('',#1839,#1837,#1523,.T.);
#2365=EDGE_CURVE('',#1838,#1839,#853,.T.);
#2366=EDGE_CURVE('',#1838,#1840,#854,.T.);
#2367=EDGE_CURVE('',#1841,#1839,#855,.T.);
#2368=EDGE_CURVE('',#1840,#1841,#856,.T.);
#2369=EDGE_CURVE('',#1840,#1842,#1524,.T.);
#2370=EDGE_CURVE('',#1843,#1841,#1525,.T.);
#2371=EDGE_CURVE('',#1842,#1843,#857,.T.);
#2372=EDGE_CURVE('',#1842,#1844,#858,.T.);
#2373=EDGE_CURVE('',#1845,#1843,#859,.T.);
#2374=EDGE_CURVE('',#1844,#1845,#860,.T.);
#2375=EDGE_CURVE('',#1844,#1846,#1526,.T.);
#2376=EDGE_CURVE('',#1847,#1845,#1527,.T.);
#2377=EDGE_CURVE('',#1846,#1847,#861,.T.);
#2378=EDGE_CURVE('',#1846,#1848,#862,.T.);
#2379=EDGE_CURVE('',#1849,#1847,#863,.T.);
#2380=EDGE_CURVE('',#1848,#1849,#864,.T.);
#2381=EDGE_CURVE('',#1848,#1850,#1528,.T.);
#2382=EDGE_CURVE('',#1851,#1849,#1529,.T.);
#2383=EDGE_CURVE('',#1850,#1851,#865,.T.);
#2384=EDGE_CURVE('',#1850,#1852,#1530,.T.);
#2385=EDGE_CURVE('',#1853,#1851,#1531,.T.);
#2386=EDGE_CURVE('',#1852,#1853,#866,.T.);
#2387=EDGE_CURVE('',#1852,#1854,#867,.T.);
#2388=EDGE_CURVE('',#1855,#1853,#868,.T.);
#2389=EDGE_CURVE('',#1854,#1855,#869,.T.);
#2390=EDGE_CURVE('',#1854,#1856,#1532,.T.);
#2391=EDGE_CURVE('',#1857,#1855,#1533,.T.);
#2392=EDGE_CURVE('',#1856,#1857,#870,.T.);
#2393=EDGE_CURVE('',#1856,#1858,#871,.T.);
#2394=EDGE_CURVE('',#1859,#1857,#872,.T.);
#2395=EDGE_CURVE('',#1858,#1859,#873,.T.);
#2396=EDGE_CURVE('',#1858,#1860,#1534,.T.);
#2397=EDGE_CURVE('',#1861,#1859,#1535,.T.);
#2398=EDGE_CURVE('',#1860,#1861,#874,.T.);
#2399=EDGE_CURVE('',#1860,#1862,#875,.T.);
#2400=EDGE_CURVE('',#1863,#1861,#876,.T.);
#2401=EDGE_CURVE('',#1862,#1863,#877,.T.);
#2402=EDGE_CURVE('',#1862,#1864,#1536,.T.);
#2403=EDGE_CURVE('',#1865,#1863,#1537,.T.);
#2404=EDGE_CURVE('',#1864,#1865,#878,.T.);
#2405=EDGE_CURVE('',#1864,#1866,#879,.T.);
#2406=EDGE_CURVE('',#1867,#1865,#880,.T.);
#2407=EDGE_CURVE('',#1866,#1867,#881,.T.);
#2408=EDGE_CURVE('',#1866,#1868,#1538,.T.);
#2409=EDGE_CURVE('',#1869,#1867,#1539,.T.);
#2410=EDGE_CURVE('',#1868,#1869,#882,.T.);
#2411=EDGE_CURVE('',#1868,#1870,#883,.T.);
#2412=EDGE_CURVE('',#1871,#1869,#884,.T.);
#2413=EDGE_CURVE('',#1870,#1871,#885,.T.);
#2414=EDGE_CURVE('',#1870,#1872,#1540,.T.);
#2415=EDGE_CURVE('',#1873,#1871,#1541,.T.);
#2416=EDGE_CURVE('',#1872,#1873,#886,.T.);
#2417=EDGE_CURVE('',#1872,#1874,#887,.T.);
#2418=EDGE_CURVE('',#1875,#1873,#888,.T.);
#2419=EDGE_CURVE('',#1874,#1875,#889,.T.);
#2420=EDGE_CURVE('',#1874,#1876,#1542,.T.);
#2421=EDGE_CURVE('',#1877,#1875,#1543,.T.);
#2422=EDGE_CURVE('',#1876,#1877,#890,.T.);
#2423=EDGE_CURVE('',#1876,#1878,#891,.T.);
#2424=EDGE_CURVE('',#1879,#1877,#892,.T.);
#2425=EDGE_CURVE('',#1878,#1879,#893,.T.);
#2426=EDGE_CURVE('',#1878,#1880,#1544,.T.);
#2427=EDGE_CURVE('',#1881,#1879,#1545,.T.);
#2428=EDGE_CURVE('',#1880,#1881,#894,.T.);
#2429=EDGE_CURVE('',#1880,#1882,#895,.T.);
#2430=EDGE_CURVE('',#1883,#1881,#896,.T.);
#2431=EDGE_CURVE('',#1882,#1883,#897,.T.);
#2432=EDGE_CURVE('',#1882,#1884,#1546,.T.);
#2433=EDGE_CURVE('',#1885,#1883,#1547,.T.);
#2434=EDGE_CURVE('',#1884,#1885,#898,.T.);
#2435=EDGE_CURVE('',#1884,#1886,#899,.T.);
#2436=EDGE_CURVE('',#1887,#1885,#900,.T.);
#2437=EDGE_CURVE('',#1886,#1887,#901,.T.);
#2438=EDGE_CURVE('',#1886,#1888,#1548,.T.);
#2439=EDGE_CURVE('',#1889,#1887,#1549,.T.);
#2440=EDGE_CURVE('',#1888,#1889,#902,.T.);
#2441=EDGE_CURVE('',#1888,#1890,#903,.T.);
#2442=EDGE_CURVE('',#1891,#1889,#904,.T.);
#2443=EDGE_CURVE('',#1890,#1891,#905,.T.);
#2444=EDGE_CURVE('',#1890,#1892,#1550,.T.);
#2445=EDGE_CURVE('',#1893,#1891,#1551,.T.);
#2446=EDGE_CURVE('',#1892,#1893,#906,.T.);
#2447=EDGE_CURVE('',#1892,#1894,#907,.T.);
#2448=EDGE_CURVE('',#1895,#1893,#908,.T.);
#2449=EDGE_CURVE('',#1894,#1895,#909,.T.);
#2450=EDGE_CURVE('',#1894,#1896,#1552,.T.);
#2451=EDGE_CURVE('',#1897,#1895,#1553,.T.);
#2452=EDGE_CURVE('',#1896,#1897,#910,.T.);
#2453=EDGE_CURVE('',#1896,#1898,#911,.T.);
#2454=EDGE_CURVE('',#1899,#1897,#912,.T.);
#2455=EDGE_CURVE('',#1898,#1899,#913,.T.);
#2456=EDGE_CURVE('',#1898,#1900,#1554,.T.);
#2457=EDGE_CURVE('',#1901,#1899,#1555,.T.);
#2458=EDGE_CURVE('',#1900,#1901,#914,.T.);
#2459=EDGE_CURVE('',#1900,#1902,#915,.T.);
#2460=EDGE_CURVE('',#1903,#1901,#916,.T.);
#2461=EDGE_CURVE('',#1902,#1903,#917,.T.);
#2462=EDGE_CURVE('',#1902,#1904,#1556,.T.);
#2463=EDGE_CURVE('',#1905,#1903,#1557,.T.);
#2464=EDGE_CURVE('',#1904,#1905,#918,.T.);
#2465=EDGE_CURVE('',#1904,#1906,#919,.T.);
#2466=EDGE_CURVE('',#1907,#1905,#920,.T.);
#2467=EDGE_CURVE('',#1906,#1907,#921,.T.);
#2468=EDGE_CURVE('',#1906,#1908,#1558,.T.);
#2469=EDGE_CURVE('',#1909,#1907,#1559,.T.);
#2470=EDGE_CURVE('',#1908,#1909,#922,.T.);
#2471=EDGE_CURVE('',#1908,#1910,#923,.T.);
#2472=EDGE_CURVE('',#1911,#1909,#924,.T.);
#2473=EDGE_CURVE('',#1910,#1911,#925,.T.);
#2474=EDGE_CURVE('',#1910,#1912,#1560,.T.);
#2475=EDGE_CURVE('',#1913,#1911,#1561,.T.);
#2476=EDGE_CURVE('',#1912,#1913,#926,.T.);
#2477=EDGE_CURVE('',#1912,#1914,#1562,.T.);
#2478=EDGE_CURVE('',#1915,#1913,#1563,.T.);
#2479=EDGE_CURVE('',#1914,#1915,#927,.T.);
#2480=EDGE_CURVE('',#1914,#1916,#1564,.T.);
#2481=EDGE_CURVE('',#1917,#1915,#1565,.T.);
#2482=EDGE_CURVE('',#1916,#1917,#928,.T.);
#2483=EDGE_CURVE('',#1916,#1918,#1566,.T.);
#2484=EDGE_CURVE('',#1919,#1917,#1567,.T.);
#2485=EDGE_CURVE('',#1918,#1919,#929,.T.);
#2486=EDGE_CURVE('',#1918,#1920,#930,.T.);
#2487=EDGE_CURVE('',#1921,#1919,#931,.T.);
#2488=EDGE_CURVE('',#1920,#1921,#932,.T.);
#2489=EDGE_CURVE('',#1920,#1922,#1568,.T.);
#2490=EDGE_CURVE('',#1923,#1921,#1569,.T.);
#2491=EDGE_CURVE('',#1922,#1923,#933,.T.);
#2492=EDGE_CURVE('',#1922,#1924,#934,.T.);
#2493=EDGE_CURVE('',#1925,#1923,#935,.T.);
#2494=EDGE_CURVE('',#1924,#1925,#936,.T.);
#2495=EDGE_CURVE('',#1924,#1926,#1570,.T.);
#2496=EDGE_CURVE('',#1927,#1925,#1571,.T.);
#2497=EDGE_CURVE('',#1926,#1927,#937,.T.);
#2498=EDGE_CURVE('',#1926,#1928,#938,.T.);
#2499=EDGE_CURVE('',#1929,#1927,#939,.T.);
#2500=EDGE_CURVE('',#1928,#1929,#940,.T.);
#2501=EDGE_CURVE('',#1928,#1930,#1572,.T.);
#2502=EDGE_CURVE('',#1931,#1929,#1573,.T.);
#2503=EDGE_CURVE('',#1930,#1931,#941,.T.);
#2504=EDGE_CURVE('',#1930,#1932,#942,.T.);
#2505=EDGE_CURVE('',#1933,#1931,#943,.T.);
#2506=EDGE_CURVE('',#1932,#1933,#944,.T.);
#2507=EDGE_CURVE('',#1932,#1934,#1574,.T.);
#2508=EDGE_CURVE('',#1935,#1933,#1575,.T.);
#2509=EDGE_CURVE('',#1934,#1935,#945,.T.);
#2510=EDGE_CURVE('',#1934,#1936,#946,.T.);
#2511=EDGE_CURVE('',#1937,#1935,#947,.T.);
#2512=EDGE_CURVE('',#1936,#1937,#948,.T.);
#2513=EDGE_CURVE('',#1936,#1938,#1576,.T.);
#2514=EDGE_CURVE('',#1939,#1937,#1577,.T.);
#2515=EDGE_CURVE('',#1938,#1939,#949,.T.);
#2516=EDGE_CURVE('',#1938,#1940,#950,.T.);
#2517=EDGE_CURVE('',#1941,#1939,#951,.T.);
#2518=EDGE_CURVE('',#1940,#1941,#952,.T.);
#2519=EDGE_CURVE('',#1940,#1942,#1578,.T.);
#2520=EDGE_CURVE('',#1943,#1941,#1579,.T.);
#2521=EDGE_CURVE('',#1942,#1943,#953,.T.);
#2522=EDGE_CURVE('',#1942,#1944,#954,.T.);
#2523=EDGE_CURVE('',#1945,#1943,#955,.T.);
#2524=EDGE_CURVE('',#1944,#1945,#956,.T.);
#2525=EDGE_CURVE('',#1944,#1946,#1580,.T.);
#2526=EDGE_CURVE('',#1947,#1945,#1581,.T.);
#2527=EDGE_CURVE('',#1946,#1947,#957,.T.);
#2528=EDGE_CURVE('',#1946,#1948,#958,.T.);
#2529=EDGE_CURVE('',#1949,#1947,#959,.T.);
#2530=EDGE_CURVE('',#1948,#1949,#960,.T.);
#2531=EDGE_CURVE('',#1948,#1950,#1582,.T.);
#2532=EDGE_CURVE('',#1951,#1949,#1583,.T.);
#2533=EDGE_CURVE('',#1950,#1951,#961,.T.);
#2534=EDGE_CURVE('',#1950,#1952,#962,.T.);
#2535=EDGE_CURVE('',#1953,#1951,#963,.T.);
#2536=EDGE_CURVE('',#1952,#1953,#964,.T.);
#2537=EDGE_CURVE('',#1952,#1954,#1584,.T.);
#2538=EDGE_CURVE('',#1955,#1953,#1585,.T.);
#2539=EDGE_CURVE('',#1954,#1955,#965,.T.);
#2540=EDGE_CURVE('',#1954,#1956,#966,.T.);
#2541=EDGE_CURVE('',#1957,#1955,#967,.T.);
#2542=EDGE_CURVE('',#1956,#1957,#968,.T.);
#2543=EDGE_CURVE('',#1956,#1958,#1586,.T.);
#2544=EDGE_CURVE('',#1959,#1957,#1587,.T.);
#2545=EDGE_CURVE('',#1958,#1959,#969,.T.);
#2546=EDGE_CURVE('',#1958,#1960,#970,.T.);
#2547=EDGE_CURVE('',#1961,#1959,#971,.T.);
#2548=EDGE_CURVE('',#1960,#1961,#972,.T.);
#2549=EDGE_CURVE('',#1960,#1962,#1588,.T.);
#2550=EDGE_CURVE('',#1963,#1961,#1589,.T.);
#2551=EDGE_CURVE('',#1962,#1963,#973,.T.);
#2552=EDGE_CURVE('',#1962,#1964,#974,.T.);
#2553=EDGE_CURVE('',#1965,#1963,#975,.T.);
#2554=EDGE_CURVE('',#1964,#1965,#976,.T.);
#2555=EDGE_CURVE('',#1964,#1966,#1590,.T.);
#2556=EDGE_CURVE('',#1967,#1965,#1591,.T.);
#2557=EDGE_CURVE('',#1966,#1967,#977,.T.);
#2558=EDGE_CURVE('',#1966,#1968,#978,.T.);
#2559=EDGE_CURVE('',#1969,#1967,#979,.T.);
#2560=EDGE_CURVE('',#1968,#1969,#980,.T.);
#2561=EDGE_CURVE('',#1968,#1970,#1592,.T.);
#2562=EDGE_CURVE('',#1971,#1969,#1593,.T.);
#2563=EDGE_CURVE('',#1970,#1971,#981,.T.);
#2564=EDGE_CURVE('',#1970,#1972,#982,.T.);
#2565=EDGE_CURVE('',#1973,#1971,#983,.T.);
#2566=EDGE_CURVE('',#1972,#1973,#984,.T.);
#2567=EDGE_CURVE('',#1972,#1974,#1594,.T.);
#2568=EDGE_CURVE('',#1975,#1973,#1595,.T.);
#2569=EDGE_CURVE('',#1974,#1975,#985,.T.);
#2570=EDGE_CURVE('',#1974,#1976,#986,.T.);
#2571=EDGE_CURVE('',#1977,#1975,#987,.T.);
#2572=EDGE_CURVE('',#1976,#1977,#988,.T.);
#2573=EDGE_CURVE('',#1976,#1978,#1596,.T.);
#2574=EDGE_CURVE('',#1979,#1977,#1597,.T.);
#2575=EDGE_CURVE('',#1978,#1979,#989,.T.);
#2576=EDGE_CURVE('',#1978,#1980,#990,.T.);
#2577=EDGE_CURVE('',#1981,#1979,#991,.T.);
#2578=EDGE_CURVE('',#1980,#1981,#992,.T.);
#2579=EDGE_CURVE('',#1980,#1982,#1598,.T.);
#2580=EDGE_CURVE('',#1983,#1981,#1599,.T.);
#2581=EDGE_CURVE('',#1982,#1983,#993,.T.);
#2582=EDGE_CURVE('',#1982,#1984,#994,.T.);
#2583=EDGE_CURVE('',#1985,#1983,#995,.T.);
#2584=EDGE_CURVE('',#1984,#1985,#996,.T.);
#2585=EDGE_CURVE('',#1984,#1986,#1600,.T.);
#2586=EDGE_CURVE('',#1987,#1985,#1601,.T.);
#2587=EDGE_CURVE('',#1986,#1987,#997,.T.);
#2588=EDGE_CURVE('',#1986,#1988,#998,.T.);
#2589=EDGE_CURVE('',#1989,#1987,#999,.T.);
#2590=EDGE_CURVE('',#1988,#1989,#1000,.T.);
#2591=EDGE_CURVE('',#1988,#1750,#1602,.T.);
#2592=EDGE_CURVE('',#1752,#1989,#1603,.T.);
#2593=ORIENTED_EDGE('',*,*,#1990,.T.);
#2594=ORIENTED_EDGE('',*,*,#1991,.T.);
#2595=ORIENTED_EDGE('',*,*,#1992,.T.);
#2596=ORIENTED_EDGE('',*,*,#1993,.T.);
#2597=ORIENTED_EDGE('',*,*,#1994,.T.);
#2598=ORIENTED_EDGE('',*,*,#1995,.T.);
#2599=ORIENTED_EDGE('',*,*,#1996,.T.);
#2600=ORIENTED_EDGE('',*,*,#1997,.T.);
#2601=ORIENTED_EDGE('',*,*,#1998,.T.);
#2602=ORIENTED_EDGE('',*,*,#1999,.T.);
#2603=ORIENTED_EDGE('',*,*,#2000,.T.);
#2604=ORIENTED_EDGE('',*,*,#2001,.T.);
#2605=ORIENTED_EDGE('',*,*,#2002,.T.);
#2606=ORIENTED_EDGE('',*,*,#2003,.T.);
#2607=ORIENTED_EDGE('',*,*,#2004,.T.);
#2608=ORIENTED_EDGE('',*,*,#2005,.T.);
#2609=ORIENTED_EDGE('',*,*,#2004,.F.);
#2610=ORIENTED_EDGE('',*,*,#2006,.T.);
#2611=ORIENTED_EDGE('',*,*,#2000,.F.);
#2612=ORIENTED_EDGE('',*,*,#1998,.F.);
#2613=ORIENTED_EDGE('',*,*,#2007,.T.);
#2614=ORIENTED_EDGE('',*,*,#1996,.F.);
#2615=ORIENTED_EDGE('',*,*,#1994,.F.);
#2616=ORIENTED_EDGE('',*,*,#2008,.T.);
#2617=ORIENTED_EDGE('',*,*,#1990,.F.);
#2618=ORIENTED_EDGE('',*,*,#1992,.F.);
#2619=ORIENTED_EDGE('',*,*,#2009,.T.);
#2620=ORIENTED_EDGE('',*,*,#2002,.F.);
#2621=ORIENTED_EDGE('',*,*,#2007,.F.);
#2622=ORIENTED_EDGE('',*,*,#2010,.T.);
#2623=ORIENTED_EDGE('',*,*,#2011,.T.);
#2624=ORIENTED_EDGE('',*,*,#2012,.T.);
#2625=ORIENTED_EDGE('',*,*,#2001,.F.);
#2626=ORIENTED_EDGE('',*,*,#2013,.F.);
#2627=ORIENTED_EDGE('',*,*,#2014,.T.);
#2628=ORIENTED_EDGE('',*,*,#2010,.F.);
#2629=ORIENTED_EDGE('',*,*,#2006,.F.);
#2630=ORIENTED_EDGE('',*,*,#2015,.T.);
#2631=ORIENTED_EDGE('',*,*,#2016,.T.);
#2632=ORIENTED_EDGE('',*,*,#2013,.T.);
#2633=ORIENTED_EDGE('',*,*,#2003,.F.);
#2634=ORIENTED_EDGE('',*,*,#2017,.F.);
#2635=ORIENTED_EDGE('',*,*,#2018,.T.);
#2636=ORIENTED_EDGE('',*,*,#2015,.F.);
#2637=ORIENTED_EDGE('',*,*,#1993,.F.);
#2638=ORIENTED_EDGE('',*,*,#2005,.F.);
#2639=ORIENTED_EDGE('',*,*,#1999,.F.);
#2640=ORIENTED_EDGE('',*,*,#1995,.F.);
#2641=ORIENTED_EDGE('',*,*,#2008,.F.);
#2642=ORIENTED_EDGE('',*,*,#2019,.T.);
#2643=ORIENTED_EDGE('',*,*,#2020,.T.);
#2644=ORIENTED_EDGE('',*,*,#2021,.T.);
#2645=ORIENTED_EDGE('',*,*,#1991,.F.);
#2646=ORIENTED_EDGE('',*,*,#2021,.F.);
#2647=ORIENTED_EDGE('',*,*,#2022,.T.);
#2648=ORIENTED_EDGE('',*,*,#2023,.F.);
#2649=ORIENTED_EDGE('',*,*,#2020,.F.);
#2650=ORIENTED_EDGE('',*,*,#2024,.F.);
#2651=ORIENTED_EDGE('',*,*,#2011,.F.);
#2652=ORIENTED_EDGE('',*,*,#2014,.F.);
#2653=ORIENTED_EDGE('',*,*,#2016,.F.);
#2654=ORIENTED_EDGE('',*,*,#2018,.F.);
#2655=ORIENTED_EDGE('',*,*,#2025,.F.);
#2656=ORIENTED_EDGE('',*,*,#2022,.F.);
#2657=ORIENTED_EDGE('',*,*,#2009,.F.);
#2658=ORIENTED_EDGE('',*,*,#2023,.T.);
#2659=ORIENTED_EDGE('',*,*,#2025,.T.);
#2660=ORIENTED_EDGE('',*,*,#2017,.T.);
#2661=ORIENTED_EDGE('',*,*,#1997,.F.);
#2662=ORIENTED_EDGE('',*,*,#2012,.F.);
#2663=ORIENTED_EDGE('',*,*,#2024,.T.);
#2664=ORIENTED_EDGE('',*,*,#2019,.F.);
#2665=ORIENTED_EDGE('',*,*,#2026,.T.);
#2666=ORIENTED_EDGE('',*,*,#2027,.T.);
#2667=ORIENTED_EDGE('',*,*,#2028,.T.);
#2668=ORIENTED_EDGE('',*,*,#2029,.T.);
#2669=ORIENTED_EDGE('',*,*,#2030,.T.);
#2670=ORIENTED_EDGE('',*,*,#2031,.T.);
#2671=ORIENTED_EDGE('',*,*,#2032,.T.);
#2672=ORIENTED_EDGE('',*,*,#2033,.T.);
#2673=ORIENTED_EDGE('',*,*,#2032,.F.);
#2674=ORIENTED_EDGE('',*,*,#2034,.T.);
#2675=ORIENTED_EDGE('',*,*,#2028,.F.);
#2676=ORIENTED_EDGE('',*,*,#2035,.T.);
#2677=ORIENTED_EDGE('',*,*,#2036,.T.);
#2678=ORIENTED_EDGE('',*,*,#2037,.T.);
#2679=ORIENTED_EDGE('',*,*,#2038,.T.);
#2680=ORIENTED_EDGE('',*,*,#2037,.F.);
#2681=ORIENTED_EDGE('',*,*,#2039,.T.);
#2682=ORIENTED_EDGE('',*,*,#2030,.F.);
#2683=ORIENTED_EDGE('',*,*,#2040,.T.);
#2684=ORIENTED_EDGE('',*,*,#2041,.T.);
#2685=ORIENTED_EDGE('',*,*,#2042,.T.);
#2686=ORIENTED_EDGE('',*,*,#2043,.T.);
#2687=ORIENTED_EDGE('',*,*,#2040,.F.);
#2688=ORIENTED_EDGE('',*,*,#2044,.T.);
#2689=ORIENTED_EDGE('',*,*,#2035,.F.);
#2690=ORIENTED_EDGE('',*,*,#2026,.F.);
#2691=ORIENTED_EDGE('',*,*,#2045,.T.);
#2692=ORIENTED_EDGE('',*,*,#2042,.F.);
#2693=ORIENTED_EDGE('',*,*,#2039,.F.);
#2694=ORIENTED_EDGE('',*,*,#2046,.T.);
#2695=ORIENTED_EDGE('',*,*,#2047,.T.);
#2696=ORIENTED_EDGE('',*,*,#2048,.T.);
#2697=ORIENTED_EDGE('',*,*,#2036,.F.);
#2698=ORIENTED_EDGE('',*,*,#2049,.F.);
#2699=ORIENTED_EDGE('',*,*,#2050,.T.);
#2700=ORIENTED_EDGE('',*,*,#2046,.F.);
#2701=ORIENTED_EDGE('',*,*,#2044,.F.);
#2702=ORIENTED_EDGE('',*,*,#2051,.T.);
#2703=ORIENTED_EDGE('',*,*,#2052,.T.);
#2704=ORIENTED_EDGE('',*,*,#2049,.T.);
#2705=ORIENTED_EDGE('',*,*,#2043,.F.);
#2706=ORIENTED_EDGE('',*,*,#2053,.F.);
#2707=ORIENTED_EDGE('',*,*,#2054,.T.);
#2708=ORIENTED_EDGE('',*,*,#2051,.F.);
#2709=ORIENTED_EDGE('',*,*,#2027,.F.);
#2710=ORIENTED_EDGE('',*,*,#2041,.F.);
#2711=ORIENTED_EDGE('',*,*,#2038,.F.);
#2712=ORIENTED_EDGE('',*,*,#2033,.F.);
#2713=ORIENTED_EDGE('',*,*,#2034,.F.);
#2714=ORIENTED_EDGE('',*,*,#2055,.T.);
#2715=ORIENTED_EDGE('',*,*,#2056,.T.);
#2716=ORIENTED_EDGE('',*,*,#2057,.T.);
#2717=ORIENTED_EDGE('',*,*,#2029,.F.);
#2718=ORIENTED_EDGE('',*,*,#2057,.F.);
#2719=ORIENTED_EDGE('',*,*,#2058,.T.);
#2720=ORIENTED_EDGE('',*,*,#2059,.F.);
#2721=ORIENTED_EDGE('',*,*,#2045,.F.);
#2722=ORIENTED_EDGE('',*,*,#2059,.T.);
#2723=ORIENTED_EDGE('',*,*,#2060,.T.);
#2724=ORIENTED_EDGE('',*,*,#2053,.T.);
#2725=ORIENTED_EDGE('',*,*,#2031,.F.);
#2726=ORIENTED_EDGE('',*,*,#2048,.F.);
#2727=ORIENTED_EDGE('',*,*,#2061,.T.);
#2728=ORIENTED_EDGE('',*,*,#2055,.F.);
#2729=ORIENTED_EDGE('',*,*,#2047,.F.);
#2730=ORIENTED_EDGE('',*,*,#2050,.F.);
#2731=ORIENTED_EDGE('',*,*,#2052,.F.);
#2732=ORIENTED_EDGE('',*,*,#2054,.F.);
#2733=ORIENTED_EDGE('',*,*,#2060,.F.);
#2734=ORIENTED_EDGE('',*,*,#2058,.F.);
#2735=ORIENTED_EDGE('',*,*,#2056,.F.);
#2736=ORIENTED_EDGE('',*,*,#2061,.F.);
#2737=ORIENTED_EDGE('',*,*,#2062,.T.);
#2738=ORIENTED_EDGE('',*,*,#2063,.T.);
#2739=ORIENTED_EDGE('',*,*,#2064,.T.);
#2740=ORIENTED_EDGE('',*,*,#2065,.T.);
#2741=ORIENTED_EDGE('',*,*,#2066,.T.);
#2742=ORIENTED_EDGE('',*,*,#2067,.T.);
#2743=ORIENTED_EDGE('',*,*,#2068,.T.);
#2744=ORIENTED_EDGE('',*,*,#2069,.T.);
#2745=ORIENTED_EDGE('',*,*,#2068,.F.);
#2746=ORIENTED_EDGE('',*,*,#2070,.T.);
#2747=ORIENTED_EDGE('',*,*,#2064,.F.);
#2748=ORIENTED_EDGE('',*,*,#2071,.T.);
#2749=ORIENTED_EDGE('',*,*,#2072,.T.);
#2750=ORIENTED_EDGE('',*,*,#2073,.T.);
#2751=ORIENTED_EDGE('',*,*,#2074,.T.);
#2752=ORIENTED_EDGE('',*,*,#2073,.F.);
#2753=ORIENTED_EDGE('',*,*,#2075,.T.);
#2754=ORIENTED_EDGE('',*,*,#2066,.F.);
#2755=ORIENTED_EDGE('',*,*,#2076,.T.);
#2756=ORIENTED_EDGE('',*,*,#2077,.T.);
#2757=ORIENTED_EDGE('',*,*,#2078,.T.);
#2758=ORIENTED_EDGE('',*,*,#2079,.T.);
#2759=ORIENTED_EDGE('',*,*,#2076,.F.);
#2760=ORIENTED_EDGE('',*,*,#2080,.T.);
#2761=ORIENTED_EDGE('',*,*,#2071,.F.);
#2762=ORIENTED_EDGE('',*,*,#2062,.F.);
#2763=ORIENTED_EDGE('',*,*,#2081,.T.);
#2764=ORIENTED_EDGE('',*,*,#2078,.F.);
#2765=ORIENTED_EDGE('',*,*,#2075,.F.);
#2766=ORIENTED_EDGE('',*,*,#2082,.T.);
#2767=ORIENTED_EDGE('',*,*,#2083,.F.);
#2768=ORIENTED_EDGE('',*,*,#2084,.T.);
#2769=ORIENTED_EDGE('',*,*,#2072,.F.);
#2770=ORIENTED_EDGE('',*,*,#2085,.F.);
#2771=ORIENTED_EDGE('',*,*,#2086,.F.);
#2772=ORIENTED_EDGE('',*,*,#2082,.F.);
#2773=ORIENTED_EDGE('',*,*,#2080,.F.);
#2774=ORIENTED_EDGE('',*,*,#2087,.T.);
#2775=ORIENTED_EDGE('',*,*,#2088,.F.);
#2776=ORIENTED_EDGE('',*,*,#2085,.T.);
#2777=ORIENTED_EDGE('',*,*,#2079,.F.);
#2778=ORIENTED_EDGE('',*,*,#2089,.F.);
#2779=ORIENTED_EDGE('',*,*,#2090,.F.);
#2780=ORIENTED_EDGE('',*,*,#2087,.F.);
#2781=ORIENTED_EDGE('',*,*,#2063,.F.);
#2782=ORIENTED_EDGE('',*,*,#2077,.F.);
#2783=ORIENTED_EDGE('',*,*,#2074,.F.);
#2784=ORIENTED_EDGE('',*,*,#2069,.F.);
#2785=ORIENTED_EDGE('',*,*,#2091,.T.);
#2786=ORIENTED_EDGE('',*,*,#2092,.T.);
#2787=ORIENTED_EDGE('',*,*,#2093,.T.);
#2788=ORIENTED_EDGE('',*,*,#2094,.T.);
#2789=ORIENTED_EDGE('',*,*,#2095,.T.);
#2790=ORIENTED_EDGE('',*,*,#2090,.T.);
#2791=ORIENTED_EDGE('',*,*,#2096,.T.);
#2792=ORIENTED_EDGE('',*,*,#2097,.T.);
#2793=ORIENTED_EDGE('',*,*,#2096,.F.);
#2794=ORIENTED_EDGE('',*,*,#2098,.T.);
#2795=ORIENTED_EDGE('',*,*,#2093,.F.);
#2796=ORIENTED_EDGE('',*,*,#2099,.T.);
#2797=ORIENTED_EDGE('',*,*,#2086,.T.);
#2798=ORIENTED_EDGE('',*,*,#2100,.T.);
#2799=ORIENTED_EDGE('',*,*,#2101,.T.);
#2800=ORIENTED_EDGE('',*,*,#2100,.F.);
#2801=ORIENTED_EDGE('',*,*,#2088,.T.);
#2802=ORIENTED_EDGE('',*,*,#2095,.F.);
#2803=ORIENTED_EDGE('',*,*,#2102,.T.);
#2804=ORIENTED_EDGE('',*,*,#2103,.T.);
#2805=ORIENTED_EDGE('',*,*,#2104,.T.);
#2806=ORIENTED_EDGE('',*,*,#2105,.T.);
#2807=ORIENTED_EDGE('',*,*,#2102,.F.);
#2808=ORIENTED_EDGE('',*,*,#2083,.T.);
#2809=ORIENTED_EDGE('',*,*,#2099,.F.);
#2810=ORIENTED_EDGE('',*,*,#2091,.F.);
#2811=ORIENTED_EDGE('',*,*,#2106,.T.);
#2812=ORIENTED_EDGE('',*,*,#2104,.F.);
#2813=ORIENTED_EDGE('',*,*,#2067,.F.);
#2814=ORIENTED_EDGE('',*,*,#2084,.F.);
#2815=ORIENTED_EDGE('',*,*,#2105,.F.);
#2816=ORIENTED_EDGE('',*,*,#2107,.F.);
#2817=ORIENTED_EDGE('',*,*,#2092,.F.);
#2818=ORIENTED_EDGE('',*,*,#2103,.F.);
#2819=ORIENTED_EDGE('',*,*,#2101,.F.);
#2820=ORIENTED_EDGE('',*,*,#2097,.F.);
#2821=ORIENTED_EDGE('',*,*,#2070,.F.);
#2822=ORIENTED_EDGE('',*,*,#2107,.T.);
#2823=ORIENTED_EDGE('',*,*,#2106,.F.);
#2824=ORIENTED_EDGE('',*,*,#2108,.T.);
#2825=ORIENTED_EDGE('',*,*,#2065,.F.);
#2826=ORIENTED_EDGE('',*,*,#2108,.F.);
#2827=ORIENTED_EDGE('',*,*,#2094,.F.);
#2828=ORIENTED_EDGE('',*,*,#2109,.F.);
#2829=ORIENTED_EDGE('',*,*,#2081,.F.);
#2830=ORIENTED_EDGE('',*,*,#2109,.T.);
#2831=ORIENTED_EDGE('',*,*,#2098,.F.);
#2832=ORIENTED_EDGE('',*,*,#2089,.T.);
#2833=ORIENTED_EDGE('',*,*,#2110,.F.);
#2834=ORIENTED_EDGE('',*,*,#2111,.T.);
#2835=ORIENTED_EDGE('',*,*,#2112,.F.);
#2836=ORIENTED_EDGE('',*,*,#2113,.F.);
#2837=ORIENTED_EDGE('',*,*,#2114,.F.);
#2838=ORIENTED_EDGE('',*,*,#2115,.T.);
#2839=ORIENTED_EDGE('',*,*,#2116,.F.);
#2840=ORIENTED_EDGE('',*,*,#2111,.F.);
#2841=ORIENTED_EDGE('',*,*,#2117,.F.);
#2842=ORIENTED_EDGE('',*,*,#2118,.T.);
#2843=ORIENTED_EDGE('',*,*,#2119,.F.);
#2844=ORIENTED_EDGE('',*,*,#2115,.F.);
#2845=ORIENTED_EDGE('',*,*,#2120,.F.);
#2846=ORIENTED_EDGE('',*,*,#2121,.T.);
#2847=ORIENTED_EDGE('',*,*,#2122,.F.);
#2848=ORIENTED_EDGE('',*,*,#2118,.F.);
#2849=ORIENTED_EDGE('',*,*,#2123,.F.);
#2850=ORIENTED_EDGE('',*,*,#2124,.T.);
#2851=ORIENTED_EDGE('',*,*,#2125,.F.);
#2852=ORIENTED_EDGE('',*,*,#2121,.F.);
#2853=ORIENTED_EDGE('',*,*,#2126,.F.);
#2854=ORIENTED_EDGE('',*,*,#2127,.T.);
#2855=ORIENTED_EDGE('',*,*,#2128,.F.);
#2856=ORIENTED_EDGE('',*,*,#2124,.F.);
#2857=ORIENTED_EDGE('',*,*,#2129,.F.);
#2858=ORIENTED_EDGE('',*,*,#2130,.T.);
#2859=ORIENTED_EDGE('',*,*,#2131,.F.);
#2860=ORIENTED_EDGE('',*,*,#2127,.F.);
#2861=ORIENTED_EDGE('',*,*,#2132,.F.);
#2862=ORIENTED_EDGE('',*,*,#2133,.T.);
#2863=ORIENTED_EDGE('',*,*,#2134,.F.);
#2864=ORIENTED_EDGE('',*,*,#2130,.F.);
#2865=ORIENTED_EDGE('',*,*,#2135,.F.);
#2866=ORIENTED_EDGE('',*,*,#2113,.T.);
#2867=ORIENTED_EDGE('',*,*,#2136,.F.);
#2868=ORIENTED_EDGE('',*,*,#2133,.F.);
#2869=ORIENTED_EDGE('',*,*,#2137,.F.);
#2870=ORIENTED_EDGE('',*,*,#2138,.T.);
#2871=ORIENTED_EDGE('',*,*,#2139,.F.);
#2872=ORIENTED_EDGE('',*,*,#2140,.F.);
#2873=ORIENTED_EDGE('',*,*,#2141,.F.);
#2874=ORIENTED_EDGE('',*,*,#2142,.T.);
#2875=ORIENTED_EDGE('',*,*,#2143,.F.);
#2876=ORIENTED_EDGE('',*,*,#2138,.F.);
#2877=ORIENTED_EDGE('',*,*,#2144,.F.);
#2878=ORIENTED_EDGE('',*,*,#2145,.T.);
#2879=ORIENTED_EDGE('',*,*,#2146,.F.);
#2880=ORIENTED_EDGE('',*,*,#2142,.F.);
#2881=ORIENTED_EDGE('',*,*,#2147,.F.);
#2882=ORIENTED_EDGE('',*,*,#2148,.T.);
#2883=ORIENTED_EDGE('',*,*,#2149,.F.);
#2884=ORIENTED_EDGE('',*,*,#2145,.F.);
#2885=ORIENTED_EDGE('',*,*,#2150,.F.);
#2886=ORIENTED_EDGE('',*,*,#2151,.T.);
#2887=ORIENTED_EDGE('',*,*,#2152,.F.);
#2888=ORIENTED_EDGE('',*,*,#2148,.F.);
#2889=ORIENTED_EDGE('',*,*,#2153,.F.);
#2890=ORIENTED_EDGE('',*,*,#2154,.T.);
#2891=ORIENTED_EDGE('',*,*,#2155,.F.);
#2892=ORIENTED_EDGE('',*,*,#2151,.F.);
#2893=ORIENTED_EDGE('',*,*,#2156,.F.);
#2894=ORIENTED_EDGE('',*,*,#2157,.T.);
#2895=ORIENTED_EDGE('',*,*,#2158,.F.);
#2896=ORIENTED_EDGE('',*,*,#2154,.F.);
#2897=ORIENTED_EDGE('',*,*,#2159,.F.);
#2898=ORIENTED_EDGE('',*,*,#2140,.T.);
#2899=ORIENTED_EDGE('',*,*,#2160,.F.);
#2900=ORIENTED_EDGE('',*,*,#2157,.F.);
#2901=ORIENTED_EDGE('',*,*,#2161,.F.);
#2902=ORIENTED_EDGE('',*,*,#2162,.T.);
#2903=ORIENTED_EDGE('',*,*,#2163,.F.);
#2904=ORIENTED_EDGE('',*,*,#2164,.F.);
#2905=ORIENTED_EDGE('',*,*,#2165,.F.);
#2906=ORIENTED_EDGE('',*,*,#2166,.T.);
#2907=ORIENTED_EDGE('',*,*,#2167,.F.);
#2908=ORIENTED_EDGE('',*,*,#2162,.F.);
#2909=ORIENTED_EDGE('',*,*,#2168,.F.);
#2910=ORIENTED_EDGE('',*,*,#2169,.T.);
#2911=ORIENTED_EDGE('',*,*,#2170,.F.);
#2912=ORIENTED_EDGE('',*,*,#2166,.F.);
#2913=ORIENTED_EDGE('',*,*,#2171,.F.);
#2914=ORIENTED_EDGE('',*,*,#2172,.T.);
#2915=ORIENTED_EDGE('',*,*,#2173,.F.);
#2916=ORIENTED_EDGE('',*,*,#2169,.F.);
#2917=ORIENTED_EDGE('',*,*,#2174,.F.);
#2918=ORIENTED_EDGE('',*,*,#2175,.T.);
#2919=ORIENTED_EDGE('',*,*,#2176,.F.);
#2920=ORIENTED_EDGE('',*,*,#2172,.F.);
#2921=ORIENTED_EDGE('',*,*,#2177,.F.);
#2922=ORIENTED_EDGE('',*,*,#2178,.T.);
#2923=ORIENTED_EDGE('',*,*,#2179,.F.);
#2924=ORIENTED_EDGE('',*,*,#2175,.F.);
#2925=ORIENTED_EDGE('',*,*,#2180,.F.);
#2926=ORIENTED_EDGE('',*,*,#2181,.T.);
#2927=ORIENTED_EDGE('',*,*,#2182,.F.);
#2928=ORIENTED_EDGE('',*,*,#2178,.F.);
#2929=ORIENTED_EDGE('',*,*,#2183,.F.);
#2930=ORIENTED_EDGE('',*,*,#2164,.T.);
#2931=ORIENTED_EDGE('',*,*,#2184,.F.);
#2932=ORIENTED_EDGE('',*,*,#2181,.F.);
#2933=ORIENTED_EDGE('',*,*,#2185,.F.);
#2934=ORIENTED_EDGE('',*,*,#2186,.T.);
#2935=ORIENTED_EDGE('',*,*,#2187,.F.);
#2936=ORIENTED_EDGE('',*,*,#2188,.F.);
#2937=ORIENTED_EDGE('',*,*,#2189,.F.);
#2938=ORIENTED_EDGE('',*,*,#2190,.T.);
#2939=ORIENTED_EDGE('',*,*,#2191,.F.);
#2940=ORIENTED_EDGE('',*,*,#2186,.F.);
#2941=ORIENTED_EDGE('',*,*,#2192,.F.);
#2942=ORIENTED_EDGE('',*,*,#2193,.T.);
#2943=ORIENTED_EDGE('',*,*,#2194,.F.);
#2944=ORIENTED_EDGE('',*,*,#2190,.F.);
#2945=ORIENTED_EDGE('',*,*,#2195,.F.);
#2946=ORIENTED_EDGE('',*,*,#2196,.T.);
#2947=ORIENTED_EDGE('',*,*,#2197,.F.);
#2948=ORIENTED_EDGE('',*,*,#2193,.F.);
#2949=ORIENTED_EDGE('',*,*,#2198,.F.);
#2950=ORIENTED_EDGE('',*,*,#2199,.T.);
#2951=ORIENTED_EDGE('',*,*,#2200,.F.);
#2952=ORIENTED_EDGE('',*,*,#2196,.F.);
#2953=ORIENTED_EDGE('',*,*,#2201,.F.);
#2954=ORIENTED_EDGE('',*,*,#2202,.T.);
#2955=ORIENTED_EDGE('',*,*,#2203,.F.);
#2956=ORIENTED_EDGE('',*,*,#2199,.F.);
#2957=ORIENTED_EDGE('',*,*,#2204,.F.);
#2958=ORIENTED_EDGE('',*,*,#2205,.T.);
#2959=ORIENTED_EDGE('',*,*,#2206,.F.);
#2960=ORIENTED_EDGE('',*,*,#2202,.F.);
#2961=ORIENTED_EDGE('',*,*,#2207,.F.);
#2962=ORIENTED_EDGE('',*,*,#2188,.T.);
#2963=ORIENTED_EDGE('',*,*,#2208,.F.);
#2964=ORIENTED_EDGE('',*,*,#2205,.F.);
#2965=ORIENTED_EDGE('',*,*,#2209,.F.);
#2966=ORIENTED_EDGE('',*,*,#2210,.T.);
#2967=ORIENTED_EDGE('',*,*,#2211,.F.);
#2968=ORIENTED_EDGE('',*,*,#2212,.F.);
#2969=ORIENTED_EDGE('',*,*,#2213,.F.);
#2970=ORIENTED_EDGE('',*,*,#2214,.T.);
#2971=ORIENTED_EDGE('',*,*,#2215,.F.);
#2972=ORIENTED_EDGE('',*,*,#2210,.F.);
#2973=ORIENTED_EDGE('',*,*,#2216,.F.);
#2974=ORIENTED_EDGE('',*,*,#2217,.T.);
#2975=ORIENTED_EDGE('',*,*,#2218,.F.);
#2976=ORIENTED_EDGE('',*,*,#2214,.F.);
#2977=ORIENTED_EDGE('',*,*,#2219,.F.);
#2978=ORIENTED_EDGE('',*,*,#2220,.T.);
#2979=ORIENTED_EDGE('',*,*,#2221,.F.);
#2980=ORIENTED_EDGE('',*,*,#2217,.F.);
#2981=ORIENTED_EDGE('',*,*,#2222,.F.);
#2982=ORIENTED_EDGE('',*,*,#2223,.T.);
#2983=ORIENTED_EDGE('',*,*,#2224,.F.);
#2984=ORIENTED_EDGE('',*,*,#2220,.F.);
#2985=ORIENTED_EDGE('',*,*,#2225,.F.);
#2986=ORIENTED_EDGE('',*,*,#2226,.T.);
#2987=ORIENTED_EDGE('',*,*,#2227,.F.);
#2988=ORIENTED_EDGE('',*,*,#2223,.F.);
#2989=ORIENTED_EDGE('',*,*,#2228,.F.);
#2990=ORIENTED_EDGE('',*,*,#2229,.T.);
#2991=ORIENTED_EDGE('',*,*,#2230,.F.);
#2992=ORIENTED_EDGE('',*,*,#2226,.F.);
#2993=ORIENTED_EDGE('',*,*,#2231,.F.);
#2994=ORIENTED_EDGE('',*,*,#2212,.T.);
#2995=ORIENTED_EDGE('',*,*,#2232,.F.);
#2996=ORIENTED_EDGE('',*,*,#2229,.F.);
#2997=ORIENTED_EDGE('',*,*,#2233,.F.);
#2998=ORIENTED_EDGE('',*,*,#2234,.T.);
#2999=ORIENTED_EDGE('',*,*,#2235,.F.);
#3000=ORIENTED_EDGE('',*,*,#2236,.F.);
#3001=ORIENTED_EDGE('',*,*,#2237,.F.);
#3002=ORIENTED_EDGE('',*,*,#2236,.T.);
#3003=ORIENTED_EDGE('',*,*,#2238,.F.);
#3004=ORIENTED_EDGE('',*,*,#2239,.F.);
#3005=ORIENTED_EDGE('',*,*,#2240,.F.);
#3006=ORIENTED_EDGE('',*,*,#2239,.T.);
#3007=ORIENTED_EDGE('',*,*,#2241,.F.);
#3008=ORIENTED_EDGE('',*,*,#2242,.F.);
#3009=ORIENTED_EDGE('',*,*,#2243,.F.);
#3010=ORIENTED_EDGE('',*,*,#2242,.T.);
#3011=ORIENTED_EDGE('',*,*,#2244,.F.);
#3012=ORIENTED_EDGE('',*,*,#2245,.F.);
#3013=ORIENTED_EDGE('',*,*,#2246,.F.);
#3014=ORIENTED_EDGE('',*,*,#2245,.T.);
#3015=ORIENTED_EDGE('',*,*,#2247,.F.);
#3016=ORIENTED_EDGE('',*,*,#2248,.F.);
#3017=ORIENTED_EDGE('',*,*,#2249,.F.);
#3018=ORIENTED_EDGE('',*,*,#2248,.T.);
#3019=ORIENTED_EDGE('',*,*,#2250,.F.);
#3020=ORIENTED_EDGE('',*,*,#2251,.F.);
#3021=ORIENTED_EDGE('',*,*,#2252,.F.);
#3022=ORIENTED_EDGE('',*,*,#2251,.T.);
#3023=ORIENTED_EDGE('',*,*,#2253,.F.);
#3024=ORIENTED_EDGE('',*,*,#2254,.F.);
#3025=ORIENTED_EDGE('',*,*,#2255,.F.);
#3026=ORIENTED_EDGE('',*,*,#2254,.T.);
#3027=ORIENTED_EDGE('',*,*,#2256,.F.);
#3028=ORIENTED_EDGE('',*,*,#2257,.F.);
#3029=ORIENTED_EDGE('',*,*,#2258,.F.);
#3030=ORIENTED_EDGE('',*,*,#2257,.T.);
#3031=ORIENTED_EDGE('',*,*,#2259,.F.);
#3032=ORIENTED_EDGE('',*,*,#2260,.F.);
#3033=ORIENTED_EDGE('',*,*,#2261,.F.);
#3034=ORIENTED_EDGE('',*,*,#2260,.T.);
#3035=ORIENTED_EDGE('',*,*,#2262,.F.);
#3036=ORIENTED_EDGE('',*,*,#2263,.F.);
#3037=ORIENTED_EDGE('',*,*,#2264,.F.);
#3038=ORIENTED_EDGE('',*,*,#2263,.T.);
#3039=ORIENTED_EDGE('',*,*,#2265,.F.);
#3040=ORIENTED_EDGE('',*,*,#2266,.F.);
#3041=ORIENTED_EDGE('',*,*,#2267,.F.);
#3042=ORIENTED_EDGE('',*,*,#2266,.T.);
#3043=ORIENTED_EDGE('',*,*,#2268,.F.);
#3044=ORIENTED_EDGE('',*,*,#2269,.F.);
#3045=ORIENTED_EDGE('',*,*,#2270,.F.);
#3046=ORIENTED_EDGE('',*,*,#2269,.T.);
#3047=ORIENTED_EDGE('',*,*,#2271,.F.);
#3048=ORIENTED_EDGE('',*,*,#2272,.F.);
#3049=ORIENTED_EDGE('',*,*,#2273,.F.);
#3050=ORIENTED_EDGE('',*,*,#2272,.T.);
#3051=ORIENTED_EDGE('',*,*,#2274,.F.);
#3052=ORIENTED_EDGE('',*,*,#2275,.F.);
#3053=ORIENTED_EDGE('',*,*,#2276,.F.);
#3054=ORIENTED_EDGE('',*,*,#2275,.T.);
#3055=ORIENTED_EDGE('',*,*,#2277,.F.);
#3056=ORIENTED_EDGE('',*,*,#2278,.F.);
#3057=ORIENTED_EDGE('',*,*,#2279,.F.);
#3058=ORIENTED_EDGE('',*,*,#2278,.T.);
#3059=ORIENTED_EDGE('',*,*,#2280,.F.);
#3060=ORIENTED_EDGE('',*,*,#2281,.F.);
#3061=ORIENTED_EDGE('',*,*,#2282,.F.);
#3062=ORIENTED_EDGE('',*,*,#2281,.T.);
#3063=ORIENTED_EDGE('',*,*,#2283,.F.);
#3064=ORIENTED_EDGE('',*,*,#2284,.F.);
#3065=ORIENTED_EDGE('',*,*,#2285,.F.);
#3066=ORIENTED_EDGE('',*,*,#2284,.T.);
#3067=ORIENTED_EDGE('',*,*,#2286,.F.);
#3068=ORIENTED_EDGE('',*,*,#2287,.F.);
#3069=ORIENTED_EDGE('',*,*,#2288,.F.);
#3070=ORIENTED_EDGE('',*,*,#2287,.T.);
#3071=ORIENTED_EDGE('',*,*,#2289,.F.);
#3072=ORIENTED_EDGE('',*,*,#2290,.F.);
#3073=ORIENTED_EDGE('',*,*,#2291,.F.);
#3074=ORIENTED_EDGE('',*,*,#2290,.T.);
#3075=ORIENTED_EDGE('',*,*,#2292,.F.);
#3076=ORIENTED_EDGE('',*,*,#2293,.F.);
#3077=ORIENTED_EDGE('',*,*,#2294,.F.);
#3078=ORIENTED_EDGE('',*,*,#2293,.T.);
#3079=ORIENTED_EDGE('',*,*,#2295,.F.);
#3080=ORIENTED_EDGE('',*,*,#2296,.F.);
#3081=ORIENTED_EDGE('',*,*,#2297,.F.);
#3082=ORIENTED_EDGE('',*,*,#2296,.T.);
#3083=ORIENTED_EDGE('',*,*,#2298,.F.);
#3084=ORIENTED_EDGE('',*,*,#2299,.F.);
#3085=ORIENTED_EDGE('',*,*,#2300,.F.);
#3086=ORIENTED_EDGE('',*,*,#2299,.T.);
#3087=ORIENTED_EDGE('',*,*,#2301,.F.);
#3088=ORIENTED_EDGE('',*,*,#2302,.F.);
#3089=ORIENTED_EDGE('',*,*,#2303,.F.);
#3090=ORIENTED_EDGE('',*,*,#2302,.T.);
#3091=ORIENTED_EDGE('',*,*,#2304,.F.);
#3092=ORIENTED_EDGE('',*,*,#2305,.F.);
#3093=ORIENTED_EDGE('',*,*,#2306,.F.);
#3094=ORIENTED_EDGE('',*,*,#2305,.T.);
#3095=ORIENTED_EDGE('',*,*,#2307,.F.);
#3096=ORIENTED_EDGE('',*,*,#2308,.F.);
#3097=ORIENTED_EDGE('',*,*,#2309,.F.);
#3098=ORIENTED_EDGE('',*,*,#2308,.T.);
#3099=ORIENTED_EDGE('',*,*,#2310,.F.);
#3100=ORIENTED_EDGE('',*,*,#2311,.F.);
#3101=ORIENTED_EDGE('',*,*,#2312,.F.);
#3102=ORIENTED_EDGE('',*,*,#2311,.T.);
#3103=ORIENTED_EDGE('',*,*,#2313,.F.);
#3104=ORIENTED_EDGE('',*,*,#2314,.F.);
#3105=ORIENTED_EDGE('',*,*,#2315,.F.);
#3106=ORIENTED_EDGE('',*,*,#2314,.T.);
#3107=ORIENTED_EDGE('',*,*,#2316,.F.);
#3108=ORIENTED_EDGE('',*,*,#2317,.F.);
#3109=ORIENTED_EDGE('',*,*,#2318,.F.);
#3110=ORIENTED_EDGE('',*,*,#2317,.T.);
#3111=ORIENTED_EDGE('',*,*,#2319,.F.);
#3112=ORIENTED_EDGE('',*,*,#2320,.F.);
#3113=ORIENTED_EDGE('',*,*,#2321,.F.);
#3114=ORIENTED_EDGE('',*,*,#2320,.T.);
#3115=ORIENTED_EDGE('',*,*,#2322,.F.);
#3116=ORIENTED_EDGE('',*,*,#2323,.F.);
#3117=ORIENTED_EDGE('',*,*,#2324,.F.);
#3118=ORIENTED_EDGE('',*,*,#2323,.T.);
#3119=ORIENTED_EDGE('',*,*,#2325,.F.);
#3120=ORIENTED_EDGE('',*,*,#2326,.F.);
#3121=ORIENTED_EDGE('',*,*,#2327,.F.);
#3122=ORIENTED_EDGE('',*,*,#2326,.T.);
#3123=ORIENTED_EDGE('',*,*,#2328,.F.);
#3124=ORIENTED_EDGE('',*,*,#2329,.F.);
#3125=ORIENTED_EDGE('',*,*,#2330,.F.);
#3126=ORIENTED_EDGE('',*,*,#2329,.T.);
#3127=ORIENTED_EDGE('',*,*,#2331,.F.);
#3128=ORIENTED_EDGE('',*,*,#2332,.F.);
#3129=ORIENTED_EDGE('',*,*,#2333,.F.);
#3130=ORIENTED_EDGE('',*,*,#2332,.T.);
#3131=ORIENTED_EDGE('',*,*,#2334,.F.);
#3132=ORIENTED_EDGE('',*,*,#2335,.F.);
#3133=ORIENTED_EDGE('',*,*,#2336,.F.);
#3134=ORIENTED_EDGE('',*,*,#2335,.T.);
#3135=ORIENTED_EDGE('',*,*,#2337,.F.);
#3136=ORIENTED_EDGE('',*,*,#2338,.F.);
#3137=ORIENTED_EDGE('',*,*,#2339,.F.);
#3138=ORIENTED_EDGE('',*,*,#2338,.T.);
#3139=ORIENTED_EDGE('',*,*,#2340,.F.);
#3140=ORIENTED_EDGE('',*,*,#2341,.F.);
#3141=ORIENTED_EDGE('',*,*,#2342,.F.);
#3142=ORIENTED_EDGE('',*,*,#2341,.T.);
#3143=ORIENTED_EDGE('',*,*,#2343,.F.);
#3144=ORIENTED_EDGE('',*,*,#2344,.F.);
#3145=ORIENTED_EDGE('',*,*,#2345,.F.);
#3146=ORIENTED_EDGE('',*,*,#2344,.T.);
#3147=ORIENTED_EDGE('',*,*,#2346,.F.);
#3148=ORIENTED_EDGE('',*,*,#2347,.F.);
#3149=ORIENTED_EDGE('',*,*,#2348,.F.);
#3150=ORIENTED_EDGE('',*,*,#2347,.T.);
#3151=ORIENTED_EDGE('',*,*,#2349,.F.);
#3152=ORIENTED_EDGE('',*,*,#2350,.F.);
#3153=ORIENTED_EDGE('',*,*,#2351,.F.);
#3154=ORIENTED_EDGE('',*,*,#2350,.T.);
#3155=ORIENTED_EDGE('',*,*,#2352,.F.);
#3156=ORIENTED_EDGE('',*,*,#2353,.F.);
#3157=ORIENTED_EDGE('',*,*,#2354,.F.);
#3158=ORIENTED_EDGE('',*,*,#2353,.T.);
#3159=ORIENTED_EDGE('',*,*,#2355,.F.);
#3160=ORIENTED_EDGE('',*,*,#2356,.F.);
#3161=ORIENTED_EDGE('',*,*,#2357,.F.);
#3162=ORIENTED_EDGE('',*,*,#2356,.T.);
#3163=ORIENTED_EDGE('',*,*,#2358,.F.);
#3164=ORIENTED_EDGE('',*,*,#2359,.F.);
#3165=ORIENTED_EDGE('',*,*,#2360,.F.);
#3166=ORIENTED_EDGE('',*,*,#2359,.T.);
#3167=ORIENTED_EDGE('',*,*,#2361,.F.);
#3168=ORIENTED_EDGE('',*,*,#2362,.F.);
#3169=ORIENTED_EDGE('',*,*,#2363,.F.);
#3170=ORIENTED_EDGE('',*,*,#2362,.T.);
#3171=ORIENTED_EDGE('',*,*,#2364,.F.);
#3172=ORIENTED_EDGE('',*,*,#2365,.F.);
#3173=ORIENTED_EDGE('',*,*,#2366,.F.);
#3174=ORIENTED_EDGE('',*,*,#2365,.T.);
#3175=ORIENTED_EDGE('',*,*,#2367,.F.);
#3176=ORIENTED_EDGE('',*,*,#2368,.F.);
#3177=ORIENTED_EDGE('',*,*,#2369,.F.);
#3178=ORIENTED_EDGE('',*,*,#2368,.T.);
#3179=ORIENTED_EDGE('',*,*,#2370,.F.);
#3180=ORIENTED_EDGE('',*,*,#2371,.F.);
#3181=ORIENTED_EDGE('',*,*,#2372,.F.);
#3182=ORIENTED_EDGE('',*,*,#2371,.T.);
#3183=ORIENTED_EDGE('',*,*,#2373,.F.);
#3184=ORIENTED_EDGE('',*,*,#2374,.F.);
#3185=ORIENTED_EDGE('',*,*,#2375,.F.);
#3186=ORIENTED_EDGE('',*,*,#2374,.T.);
#3187=ORIENTED_EDGE('',*,*,#2376,.F.);
#3188=ORIENTED_EDGE('',*,*,#2377,.F.);
#3189=ORIENTED_EDGE('',*,*,#2378,.F.);
#3190=ORIENTED_EDGE('',*,*,#2377,.T.);
#3191=ORIENTED_EDGE('',*,*,#2379,.F.);
#3192=ORIENTED_EDGE('',*,*,#2380,.F.);
#3193=ORIENTED_EDGE('',*,*,#2381,.F.);
#3194=ORIENTED_EDGE('',*,*,#2380,.T.);
#3195=ORIENTED_EDGE('',*,*,#2382,.F.);
#3196=ORIENTED_EDGE('',*,*,#2383,.F.);
#3197=ORIENTED_EDGE('',*,*,#2384,.F.);
#3198=ORIENTED_EDGE('',*,*,#2383,.T.);
#3199=ORIENTED_EDGE('',*,*,#2385,.F.);
#3200=ORIENTED_EDGE('',*,*,#2386,.F.);
#3201=ORIENTED_EDGE('',*,*,#2387,.F.);
#3202=ORIENTED_EDGE('',*,*,#2386,.T.);
#3203=ORIENTED_EDGE('',*,*,#2388,.F.);
#3204=ORIENTED_EDGE('',*,*,#2389,.F.);
#3205=ORIENTED_EDGE('',*,*,#2390,.F.);
#3206=ORIENTED_EDGE('',*,*,#2389,.T.);
#3207=ORIENTED_EDGE('',*,*,#2391,.F.);
#3208=ORIENTED_EDGE('',*,*,#2392,.F.);
#3209=ORIENTED_EDGE('',*,*,#2393,.F.);
#3210=ORIENTED_EDGE('',*,*,#2392,.T.);
#3211=ORIENTED_EDGE('',*,*,#2394,.F.);
#3212=ORIENTED_EDGE('',*,*,#2395,.F.);
#3213=ORIENTED_EDGE('',*,*,#2396,.F.);
#3214=ORIENTED_EDGE('',*,*,#2395,.T.);
#3215=ORIENTED_EDGE('',*,*,#2397,.F.);
#3216=ORIENTED_EDGE('',*,*,#2398,.F.);
#3217=ORIENTED_EDGE('',*,*,#2399,.F.);
#3218=ORIENTED_EDGE('',*,*,#2398,.T.);
#3219=ORIENTED_EDGE('',*,*,#2400,.F.);
#3220=ORIENTED_EDGE('',*,*,#2401,.F.);
#3221=ORIENTED_EDGE('',*,*,#2402,.F.);
#3222=ORIENTED_EDGE('',*,*,#2401,.T.);
#3223=ORIENTED_EDGE('',*,*,#2403,.F.);
#3224=ORIENTED_EDGE('',*,*,#2404,.F.);
#3225=ORIENTED_EDGE('',*,*,#2405,.F.);
#3226=ORIENTED_EDGE('',*,*,#2404,.T.);
#3227=ORIENTED_EDGE('',*,*,#2406,.F.);
#3228=ORIENTED_EDGE('',*,*,#2407,.F.);
#3229=ORIENTED_EDGE('',*,*,#2408,.F.);
#3230=ORIENTED_EDGE('',*,*,#2407,.T.);
#3231=ORIENTED_EDGE('',*,*,#2409,.F.);
#3232=ORIENTED_EDGE('',*,*,#2410,.F.);
#3233=ORIENTED_EDGE('',*,*,#2411,.F.);
#3234=ORIENTED_EDGE('',*,*,#2410,.T.);
#3235=ORIENTED_EDGE('',*,*,#2412,.F.);
#3236=ORIENTED_EDGE('',*,*,#2413,.F.);
#3237=ORIENTED_EDGE('',*,*,#2414,.F.);
#3238=ORIENTED_EDGE('',*,*,#2413,.T.);
#3239=ORIENTED_EDGE('',*,*,#2415,.F.);
#3240=ORIENTED_EDGE('',*,*,#2416,.F.);
#3241=ORIENTED_EDGE('',*,*,#2417,.F.);
#3242=ORIENTED_EDGE('',*,*,#2416,.T.);
#3243=ORIENTED_EDGE('',*,*,#2418,.F.);
#3244=ORIENTED_EDGE('',*,*,#2419,.F.);
#3245=ORIENTED_EDGE('',*,*,#2420,.F.);
#3246=ORIENTED_EDGE('',*,*,#2419,.T.);
#3247=ORIENTED_EDGE('',*,*,#2421,.F.);
#3248=ORIENTED_EDGE('',*,*,#2422,.F.);
#3249=ORIENTED_EDGE('',*,*,#2423,.F.);
#3250=ORIENTED_EDGE('',*,*,#2422,.T.);
#3251=ORIENTED_EDGE('',*,*,#2424,.F.);
#3252=ORIENTED_EDGE('',*,*,#2425,.F.);
#3253=ORIENTED_EDGE('',*,*,#2426,.F.);
#3254=ORIENTED_EDGE('',*,*,#2425,.T.);
#3255=ORIENTED_EDGE('',*,*,#2427,.F.);
#3256=ORIENTED_EDGE('',*,*,#2428,.F.);
#3257=ORIENTED_EDGE('',*,*,#2429,.F.);
#3258=ORIENTED_EDGE('',*,*,#2428,.T.);
#3259=ORIENTED_EDGE('',*,*,#2430,.F.);
#3260=ORIENTED_EDGE('',*,*,#2431,.F.);
#3261=ORIENTED_EDGE('',*,*,#2432,.F.);
#3262=ORIENTED_EDGE('',*,*,#2431,.T.);
#3263=ORIENTED_EDGE('',*,*,#2433,.F.);
#3264=ORIENTED_EDGE('',*,*,#2434,.F.);
#3265=ORIENTED_EDGE('',*,*,#2435,.F.);
#3266=ORIENTED_EDGE('',*,*,#2434,.T.);
#3267=ORIENTED_EDGE('',*,*,#2436,.F.);
#3268=ORIENTED_EDGE('',*,*,#2437,.F.);
#3269=ORIENTED_EDGE('',*,*,#2438,.F.);
#3270=ORIENTED_EDGE('',*,*,#2437,.T.);
#3271=ORIENTED_EDGE('',*,*,#2439,.F.);
#3272=ORIENTED_EDGE('',*,*,#2440,.F.);
#3273=ORIENTED_EDGE('',*,*,#2441,.F.);
#3274=ORIENTED_EDGE('',*,*,#2440,.T.);
#3275=ORIENTED_EDGE('',*,*,#2442,.F.);
#3276=ORIENTED_EDGE('',*,*,#2443,.F.);
#3277=ORIENTED_EDGE('',*,*,#2444,.F.);
#3278=ORIENTED_EDGE('',*,*,#2443,.T.);
#3279=ORIENTED_EDGE('',*,*,#2445,.F.);
#3280=ORIENTED_EDGE('',*,*,#2446,.F.);
#3281=ORIENTED_EDGE('',*,*,#2447,.F.);
#3282=ORIENTED_EDGE('',*,*,#2446,.T.);
#3283=ORIENTED_EDGE('',*,*,#2448,.F.);
#3284=ORIENTED_EDGE('',*,*,#2449,.F.);
#3285=ORIENTED_EDGE('',*,*,#2450,.F.);
#3286=ORIENTED_EDGE('',*,*,#2449,.T.);
#3287=ORIENTED_EDGE('',*,*,#2451,.F.);
#3288=ORIENTED_EDGE('',*,*,#2452,.F.);
#3289=ORIENTED_EDGE('',*,*,#2453,.F.);
#3290=ORIENTED_EDGE('',*,*,#2452,.T.);
#3291=ORIENTED_EDGE('',*,*,#2454,.F.);
#3292=ORIENTED_EDGE('',*,*,#2455,.F.);
#3293=ORIENTED_EDGE('',*,*,#2456,.F.);
#3294=ORIENTED_EDGE('',*,*,#2455,.T.);
#3295=ORIENTED_EDGE('',*,*,#2457,.F.);
#3296=ORIENTED_EDGE('',*,*,#2458,.F.);
#3297=ORIENTED_EDGE('',*,*,#2459,.F.);
#3298=ORIENTED_EDGE('',*,*,#2458,.T.);
#3299=ORIENTED_EDGE('',*,*,#2460,.F.);
#3300=ORIENTED_EDGE('',*,*,#2461,.F.);
#3301=ORIENTED_EDGE('',*,*,#2462,.F.);
#3302=ORIENTED_EDGE('',*,*,#2461,.T.);
#3303=ORIENTED_EDGE('',*,*,#2463,.F.);
#3304=ORIENTED_EDGE('',*,*,#2464,.F.);
#3305=ORIENTED_EDGE('',*,*,#2465,.F.);
#3306=ORIENTED_EDGE('',*,*,#2464,.T.);
#3307=ORIENTED_EDGE('',*,*,#2466,.F.);
#3308=ORIENTED_EDGE('',*,*,#2467,.F.);
#3309=ORIENTED_EDGE('',*,*,#2468,.F.);
#3310=ORIENTED_EDGE('',*,*,#2467,.T.);
#3311=ORIENTED_EDGE('',*,*,#2469,.F.);
#3312=ORIENTED_EDGE('',*,*,#2470,.F.);
#3313=ORIENTED_EDGE('',*,*,#2471,.F.);
#3314=ORIENTED_EDGE('',*,*,#2470,.T.);
#3315=ORIENTED_EDGE('',*,*,#2472,.F.);
#3316=ORIENTED_EDGE('',*,*,#2473,.F.);
#3317=ORIENTED_EDGE('',*,*,#2474,.F.);
#3318=ORIENTED_EDGE('',*,*,#2473,.T.);
#3319=ORIENTED_EDGE('',*,*,#2475,.F.);
#3320=ORIENTED_EDGE('',*,*,#2476,.F.);
#3321=ORIENTED_EDGE('',*,*,#2477,.F.);
#3322=ORIENTED_EDGE('',*,*,#2476,.T.);
#3323=ORIENTED_EDGE('',*,*,#2478,.F.);
#3324=ORIENTED_EDGE('',*,*,#2479,.F.);
#3325=ORIENTED_EDGE('',*,*,#2480,.F.);
#3326=ORIENTED_EDGE('',*,*,#2479,.T.);
#3327=ORIENTED_EDGE('',*,*,#2481,.F.);
#3328=ORIENTED_EDGE('',*,*,#2482,.F.);
#3329=ORIENTED_EDGE('',*,*,#2483,.F.);
#3330=ORIENTED_EDGE('',*,*,#2482,.T.);
#3331=ORIENTED_EDGE('',*,*,#2484,.F.);
#3332=ORIENTED_EDGE('',*,*,#2485,.F.);
#3333=ORIENTED_EDGE('',*,*,#2486,.F.);
#3334=ORIENTED_EDGE('',*,*,#2485,.T.);
#3335=ORIENTED_EDGE('',*,*,#2487,.F.);
#3336=ORIENTED_EDGE('',*,*,#2488,.F.);
#3337=ORIENTED_EDGE('',*,*,#2489,.F.);
#3338=ORIENTED_EDGE('',*,*,#2488,.T.);
#3339=ORIENTED_EDGE('',*,*,#2490,.F.);
#3340=ORIENTED_EDGE('',*,*,#2491,.F.);
#3341=ORIENTED_EDGE('',*,*,#2492,.F.);
#3342=ORIENTED_EDGE('',*,*,#2491,.T.);
#3343=ORIENTED_EDGE('',*,*,#2493,.F.);
#3344=ORIENTED_EDGE('',*,*,#2494,.F.);
#3345=ORIENTED_EDGE('',*,*,#2495,.F.);
#3346=ORIENTED_EDGE('',*,*,#2494,.T.);
#3347=ORIENTED_EDGE('',*,*,#2496,.F.);
#3348=ORIENTED_EDGE('',*,*,#2497,.F.);
#3349=ORIENTED_EDGE('',*,*,#2498,.F.);
#3350=ORIENTED_EDGE('',*,*,#2497,.T.);
#3351=ORIENTED_EDGE('',*,*,#2499,.F.);
#3352=ORIENTED_EDGE('',*,*,#2500,.F.);
#3353=ORIENTED_EDGE('',*,*,#2501,.F.);
#3354=ORIENTED_EDGE('',*,*,#2500,.T.);
#3355=ORIENTED_EDGE('',*,*,#2502,.F.);
#3356=ORIENTED_EDGE('',*,*,#2503,.F.);
#3357=ORIENTED_EDGE('',*,*,#2504,.F.);
#3358=ORIENTED_EDGE('',*,*,#2503,.T.);
#3359=ORIENTED_EDGE('',*,*,#2505,.F.);
#3360=ORIENTED_EDGE('',*,*,#2506,.F.);
#3361=ORIENTED_EDGE('',*,*,#2507,.F.);
#3362=ORIENTED_EDGE('',*,*,#2506,.T.);
#3363=ORIENTED_EDGE('',*,*,#2508,.F.);
#3364=ORIENTED_EDGE('',*,*,#2509,.F.);
#3365=ORIENTED_EDGE('',*,*,#2510,.F.);
#3366=ORIENTED_EDGE('',*,*,#2509,.T.);
#3367=ORIENTED_EDGE('',*,*,#2511,.F.);
#3368=ORIENTED_EDGE('',*,*,#2512,.F.);
#3369=ORIENTED_EDGE('',*,*,#2513,.F.);
#3370=ORIENTED_EDGE('',*,*,#2512,.T.);
#3371=ORIENTED_EDGE('',*,*,#2514,.F.);
#3372=ORIENTED_EDGE('',*,*,#2515,.F.);
#3373=ORIENTED_EDGE('',*,*,#2516,.F.);
#3374=ORIENTED_EDGE('',*,*,#2515,.T.);
#3375=ORIENTED_EDGE('',*,*,#2517,.F.);
#3376=ORIENTED_EDGE('',*,*,#2518,.F.);
#3377=ORIENTED_EDGE('',*,*,#2519,.F.);
#3378=ORIENTED_EDGE('',*,*,#2518,.T.);
#3379=ORIENTED_EDGE('',*,*,#2520,.F.);
#3380=ORIENTED_EDGE('',*,*,#2521,.F.);
#3381=ORIENTED_EDGE('',*,*,#2522,.F.);
#3382=ORIENTED_EDGE('',*,*,#2521,.T.);
#3383=ORIENTED_EDGE('',*,*,#2523,.F.);
#3384=ORIENTED_EDGE('',*,*,#2524,.F.);
#3385=ORIENTED_EDGE('',*,*,#2525,.F.);
#3386=ORIENTED_EDGE('',*,*,#2524,.T.);
#3387=ORIENTED_EDGE('',*,*,#2526,.F.);
#3388=ORIENTED_EDGE('',*,*,#2527,.F.);
#3389=ORIENTED_EDGE('',*,*,#2528,.F.);
#3390=ORIENTED_EDGE('',*,*,#2527,.T.);
#3391=ORIENTED_EDGE('',*,*,#2529,.F.);
#3392=ORIENTED_EDGE('',*,*,#2530,.F.);
#3393=ORIENTED_EDGE('',*,*,#2531,.F.);
#3394=ORIENTED_EDGE('',*,*,#2530,.T.);
#3395=ORIENTED_EDGE('',*,*,#2532,.F.);
#3396=ORIENTED_EDGE('',*,*,#2533,.F.);
#3397=ORIENTED_EDGE('',*,*,#2534,.F.);
#3398=ORIENTED_EDGE('',*,*,#2533,.T.);
#3399=ORIENTED_EDGE('',*,*,#2535,.F.);
#3400=ORIENTED_EDGE('',*,*,#2536,.F.);
#3401=ORIENTED_EDGE('',*,*,#2537,.F.);
#3402=ORIENTED_EDGE('',*,*,#2536,.T.);
#3403=ORIENTED_EDGE('',*,*,#2538,.F.);
#3404=ORIENTED_EDGE('',*,*,#2539,.F.);
#3405=ORIENTED_EDGE('',*,*,#2540,.F.);
#3406=ORIENTED_EDGE('',*,*,#2539,.T.);
#3407=ORIENTED_EDGE('',*,*,#2541,.F.);
#3408=ORIENTED_EDGE('',*,*,#2542,.F.);
#3409=ORIENTED_EDGE('',*,*,#2543,.F.);
#3410=ORIENTED_EDGE('',*,*,#2542,.T.);
#3411=ORIENTED_EDGE('',*,*,#2544,.F.);
#3412=ORIENTED_EDGE('',*,*,#2545,.F.);
#3413=ORIENTED_EDGE('',*,*,#2546,.F.);
#3414=ORIENTED_EDGE('',*,*,#2545,.T.);
#3415=ORIENTED_EDGE('',*,*,#2547,.F.);
#3416=ORIENTED_EDGE('',*,*,#2548,.F.);
#3417=ORIENTED_EDGE('',*,*,#2549,.F.);
#3418=ORIENTED_EDGE('',*,*,#2548,.T.);
#3419=ORIENTED_EDGE('',*,*,#2550,.F.);
#3420=ORIENTED_EDGE('',*,*,#2551,.F.);
#3421=ORIENTED_EDGE('',*,*,#2552,.F.);
#3422=ORIENTED_EDGE('',*,*,#2551,.T.);
#3423=ORIENTED_EDGE('',*,*,#2553,.F.);
#3424=ORIENTED_EDGE('',*,*,#2554,.F.);
#3425=ORIENTED_EDGE('',*,*,#2555,.F.);
#3426=ORIENTED_EDGE('',*,*,#2554,.T.);
#3427=ORIENTED_EDGE('',*,*,#2556,.F.);
#3428=ORIENTED_EDGE('',*,*,#2557,.F.);
#3429=ORIENTED_EDGE('',*,*,#2558,.F.);
#3430=ORIENTED_EDGE('',*,*,#2557,.T.);
#3431=ORIENTED_EDGE('',*,*,#2559,.F.);
#3432=ORIENTED_EDGE('',*,*,#2560,.F.);
#3433=ORIENTED_EDGE('',*,*,#2561,.F.);
#3434=ORIENTED_EDGE('',*,*,#2560,.T.);
#3435=ORIENTED_EDGE('',*,*,#2562,.F.);
#3436=ORIENTED_EDGE('',*,*,#2563,.F.);
#3437=ORIENTED_EDGE('',*,*,#2564,.F.);
#3438=ORIENTED_EDGE('',*,*,#2563,.T.);
#3439=ORIENTED_EDGE('',*,*,#2565,.F.);
#3440=ORIENTED_EDGE('',*,*,#2566,.F.);
#3441=ORIENTED_EDGE('',*,*,#2567,.F.);
#3442=ORIENTED_EDGE('',*,*,#2566,.T.);
#3443=ORIENTED_EDGE('',*,*,#2568,.F.);
#3444=ORIENTED_EDGE('',*,*,#2569,.F.);
#3445=ORIENTED_EDGE('',*,*,#2570,.F.);
#3446=ORIENTED_EDGE('',*,*,#2569,.T.);
#3447=ORIENTED_EDGE('',*,*,#2571,.F.);
#3448=ORIENTED_EDGE('',*,*,#2572,.F.);
#3449=ORIENTED_EDGE('',*,*,#2573,.F.);
#3450=ORIENTED_EDGE('',*,*,#2572,.T.);
#3451=ORIENTED_EDGE('',*,*,#2574,.F.);
#3452=ORIENTED_EDGE('',*,*,#2575,.F.);
#3453=ORIENTED_EDGE('',*,*,#2576,.F.);
#3454=ORIENTED_EDGE('',*,*,#2575,.T.);
#3455=ORIENTED_EDGE('',*,*,#2577,.F.);
#3456=ORIENTED_EDGE('',*,*,#2578,.F.);
#3457=ORIENTED_EDGE('',*,*,#2579,.F.);
#3458=ORIENTED_EDGE('',*,*,#2578,.T.);
#3459=ORIENTED_EDGE('',*,*,#2580,.F.);
#3460=ORIENTED_EDGE('',*,*,#2581,.F.);
#3461=ORIENTED_EDGE('',*,*,#2582,.F.);
#3462=ORIENTED_EDGE('',*,*,#2581,.T.);
#3463=ORIENTED_EDGE('',*,*,#2583,.F.);
#3464=ORIENTED_EDGE('',*,*,#2584,.F.);
#3465=ORIENTED_EDGE('',*,*,#2585,.F.);
#3466=ORIENTED_EDGE('',*,*,#2584,.T.);
#3467=ORIENTED_EDGE('',*,*,#2586,.F.);
#3468=ORIENTED_EDGE('',*,*,#2587,.F.);
#3469=ORIENTED_EDGE('',*,*,#2588,.F.);
#3470=ORIENTED_EDGE('',*,*,#2587,.T.);
#3471=ORIENTED_EDGE('',*,*,#2589,.F.);
#3472=ORIENTED_EDGE('',*,*,#2590,.F.);
#3473=ORIENTED_EDGE('',*,*,#2591,.F.);
#3474=ORIENTED_EDGE('',*,*,#2590,.T.);
#3475=ORIENTED_EDGE('',*,*,#2592,.F.);
#3476=ORIENTED_EDGE('',*,*,#2234,.F.);
#3477=ORIENTED_EDGE('',*,*,#2591,.T.);
#3478=ORIENTED_EDGE('',*,*,#2233,.T.);
#3479=ORIENTED_EDGE('',*,*,#2237,.T.);
#3480=ORIENTED_EDGE('',*,*,#2240,.T.);
#3481=ORIENTED_EDGE('',*,*,#2243,.T.);
#3482=ORIENTED_EDGE('',*,*,#2246,.T.);
#3483=ORIENTED_EDGE('',*,*,#2249,.T.);
#3484=ORIENTED_EDGE('',*,*,#2252,.T.);
#3485=ORIENTED_EDGE('',*,*,#2255,.T.);
#3486=ORIENTED_EDGE('',*,*,#2258,.T.);
#3487=ORIENTED_EDGE('',*,*,#2261,.T.);
#3488=ORIENTED_EDGE('',*,*,#2264,.T.);
#3489=ORIENTED_EDGE('',*,*,#2267,.T.);
#3490=ORIENTED_EDGE('',*,*,#2270,.T.);
#3491=ORIENTED_EDGE('',*,*,#2273,.T.);
#3492=ORIENTED_EDGE('',*,*,#2276,.T.);
#3493=ORIENTED_EDGE('',*,*,#2279,.T.);
#3494=ORIENTED_EDGE('',*,*,#2282,.T.);
#3495=ORIENTED_EDGE('',*,*,#2285,.T.);
#3496=ORIENTED_EDGE('',*,*,#2288,.T.);
#3497=ORIENTED_EDGE('',*,*,#2291,.T.);
#3498=ORIENTED_EDGE('',*,*,#2294,.T.);
#3499=ORIENTED_EDGE('',*,*,#2297,.T.);
#3500=ORIENTED_EDGE('',*,*,#2300,.T.);
#3501=ORIENTED_EDGE('',*,*,#2303,.T.);
#3502=ORIENTED_EDGE('',*,*,#2306,.T.);
#3503=ORIENTED_EDGE('',*,*,#2309,.T.);
#3504=ORIENTED_EDGE('',*,*,#2312,.T.);
#3505=ORIENTED_EDGE('',*,*,#2315,.T.);
#3506=ORIENTED_EDGE('',*,*,#2318,.T.);
#3507=ORIENTED_EDGE('',*,*,#2321,.T.);
#3508=ORIENTED_EDGE('',*,*,#2324,.T.);
#3509=ORIENTED_EDGE('',*,*,#2327,.T.);
#3510=ORIENTED_EDGE('',*,*,#2330,.T.);
#3511=ORIENTED_EDGE('',*,*,#2333,.T.);
#3512=ORIENTED_EDGE('',*,*,#2336,.T.);
#3513=ORIENTED_EDGE('',*,*,#2339,.T.);
#3514=ORIENTED_EDGE('',*,*,#2342,.T.);
#3515=ORIENTED_EDGE('',*,*,#2345,.T.);
#3516=ORIENTED_EDGE('',*,*,#2348,.T.);
#3517=ORIENTED_EDGE('',*,*,#2351,.T.);
#3518=ORIENTED_EDGE('',*,*,#2354,.T.);
#3519=ORIENTED_EDGE('',*,*,#2357,.T.);
#3520=ORIENTED_EDGE('',*,*,#2360,.T.);
#3521=ORIENTED_EDGE('',*,*,#2363,.T.);
#3522=ORIENTED_EDGE('',*,*,#2366,.T.);
#3523=ORIENTED_EDGE('',*,*,#2369,.T.);
#3524=ORIENTED_EDGE('',*,*,#2372,.T.);
#3525=ORIENTED_EDGE('',*,*,#2375,.T.);
#3526=ORIENTED_EDGE('',*,*,#2378,.T.);
#3527=ORIENTED_EDGE('',*,*,#2381,.T.);
#3528=ORIENTED_EDGE('',*,*,#2384,.T.);
#3529=ORIENTED_EDGE('',*,*,#2387,.T.);
#3530=ORIENTED_EDGE('',*,*,#2390,.T.);
#3531=ORIENTED_EDGE('',*,*,#2393,.T.);
#3532=ORIENTED_EDGE('',*,*,#2396,.T.);
#3533=ORIENTED_EDGE('',*,*,#2399,.T.);
#3534=ORIENTED_EDGE('',*,*,#2402,.T.);
#3535=ORIENTED_EDGE('',*,*,#2405,.T.);
#3536=ORIENTED_EDGE('',*,*,#2408,.T.);
#3537=ORIENTED_EDGE('',*,*,#2411,.T.);
#3538=ORIENTED_EDGE('',*,*,#2414,.T.);
#3539=ORIENTED_EDGE('',*,*,#2417,.T.);
#3540=ORIENTED_EDGE('',*,*,#2420,.T.);
#3541=ORIENTED_EDGE('',*,*,#2423,.T.);
#3542=ORIENTED_EDGE('',*,*,#2426,.T.);
#3543=ORIENTED_EDGE('',*,*,#2429,.T.);
#3544=ORIENTED_EDGE('',*,*,#2432,.T.);
#3545=ORIENTED_EDGE('',*,*,#2435,.T.);
#3546=ORIENTED_EDGE('',*,*,#2438,.T.);
#3547=ORIENTED_EDGE('',*,*,#2441,.T.);
#3548=ORIENTED_EDGE('',*,*,#2444,.T.);
#3549=ORIENTED_EDGE('',*,*,#2447,.T.);
#3550=ORIENTED_EDGE('',*,*,#2450,.T.);
#3551=ORIENTED_EDGE('',*,*,#2453,.T.);
#3552=ORIENTED_EDGE('',*,*,#2456,.T.);
#3553=ORIENTED_EDGE('',*,*,#2459,.T.);
#3554=ORIENTED_EDGE('',*,*,#2462,.T.);
#3555=ORIENTED_EDGE('',*,*,#2465,.T.);
#3556=ORIENTED_EDGE('',*,*,#2468,.T.);
#3557=ORIENTED_EDGE('',*,*,#2471,.T.);
#3558=ORIENTED_EDGE('',*,*,#2474,.T.);
#3559=ORIENTED_EDGE('',*,*,#2477,.T.);
#3560=ORIENTED_EDGE('',*,*,#2480,.T.);
#3561=ORIENTED_EDGE('',*,*,#2483,.T.);
#3562=ORIENTED_EDGE('',*,*,#2486,.T.);
#3563=ORIENTED_EDGE('',*,*,#2489,.T.);
#3564=ORIENTED_EDGE('',*,*,#2492,.T.);
#3565=ORIENTED_EDGE('',*,*,#2495,.T.);
#3566=ORIENTED_EDGE('',*,*,#2498,.T.);
#3567=ORIENTED_EDGE('',*,*,#2501,.T.);
#3568=ORIENTED_EDGE('',*,*,#2504,.T.);
#3569=ORIENTED_EDGE('',*,*,#2507,.T.);
#3570=ORIENTED_EDGE('',*,*,#2510,.T.);
#3571=ORIENTED_EDGE('',*,*,#2513,.T.);
#3572=ORIENTED_EDGE('',*,*,#2516,.T.);
#3573=ORIENTED_EDGE('',*,*,#2519,.T.);
#3574=ORIENTED_EDGE('',*,*,#2522,.T.);
#3575=ORIENTED_EDGE('',*,*,#2525,.T.);
#3576=ORIENTED_EDGE('',*,*,#2528,.T.);
#3577=ORIENTED_EDGE('',*,*,#2531,.T.);
#3578=ORIENTED_EDGE('',*,*,#2534,.T.);
#3579=ORIENTED_EDGE('',*,*,#2537,.T.);
#3580=ORIENTED_EDGE('',*,*,#2540,.T.);
#3581=ORIENTED_EDGE('',*,*,#2543,.T.);
#3582=ORIENTED_EDGE('',*,*,#2546,.T.);
#3583=ORIENTED_EDGE('',*,*,#2549,.T.);
#3584=ORIENTED_EDGE('',*,*,#2552,.T.);
#3585=ORIENTED_EDGE('',*,*,#2555,.T.);
#3586=ORIENTED_EDGE('',*,*,#2558,.T.);
#3587=ORIENTED_EDGE('',*,*,#2561,.T.);
#3588=ORIENTED_EDGE('',*,*,#2564,.T.);
#3589=ORIENTED_EDGE('',*,*,#2567,.T.);
#3590=ORIENTED_EDGE('',*,*,#2570,.T.);
#3591=ORIENTED_EDGE('',*,*,#2573,.T.);
#3592=ORIENTED_EDGE('',*,*,#2576,.T.);
#3593=ORIENTED_EDGE('',*,*,#2579,.T.);
#3594=ORIENTED_EDGE('',*,*,#2582,.T.);
#3595=ORIENTED_EDGE('',*,*,#2585,.T.);
#3596=ORIENTED_EDGE('',*,*,#2588,.T.);
#3597=ORIENTED_EDGE('',*,*,#2110,.T.);
#3598=ORIENTED_EDGE('',*,*,#2135,.T.);
#3599=ORIENTED_EDGE('',*,*,#2132,.T.);
#3600=ORIENTED_EDGE('',*,*,#2129,.T.);
#3601=ORIENTED_EDGE('',*,*,#2126,.T.);
#3602=ORIENTED_EDGE('',*,*,#2123,.T.);
#3603=ORIENTED_EDGE('',*,*,#2120,.T.);
#3604=ORIENTED_EDGE('',*,*,#2117,.T.);
#3605=ORIENTED_EDGE('',*,*,#2114,.T.);
#3606=ORIENTED_EDGE('',*,*,#2137,.T.);
#3607=ORIENTED_EDGE('',*,*,#2159,.T.);
#3608=ORIENTED_EDGE('',*,*,#2156,.T.);
#3609=ORIENTED_EDGE('',*,*,#2153,.T.);
#3610=ORIENTED_EDGE('',*,*,#2150,.T.);
#3611=ORIENTED_EDGE('',*,*,#2147,.T.);
#3612=ORIENTED_EDGE('',*,*,#2144,.T.);
#3613=ORIENTED_EDGE('',*,*,#2141,.T.);
#3614=ORIENTED_EDGE('',*,*,#2161,.T.);
#3615=ORIENTED_EDGE('',*,*,#2183,.T.);
#3616=ORIENTED_EDGE('',*,*,#2180,.T.);
#3617=ORIENTED_EDGE('',*,*,#2177,.T.);
#3618=ORIENTED_EDGE('',*,*,#2174,.T.);
#3619=ORIENTED_EDGE('',*,*,#2171,.T.);
#3620=ORIENTED_EDGE('',*,*,#2168,.T.);
#3621=ORIENTED_EDGE('',*,*,#2165,.T.);
#3622=ORIENTED_EDGE('',*,*,#2185,.T.);
#3623=ORIENTED_EDGE('',*,*,#2207,.T.);
#3624=ORIENTED_EDGE('',*,*,#2204,.T.);
#3625=ORIENTED_EDGE('',*,*,#2201,.T.);
#3626=ORIENTED_EDGE('',*,*,#2198,.T.);
#3627=ORIENTED_EDGE('',*,*,#2195,.T.);
#3628=ORIENTED_EDGE('',*,*,#2192,.T.);
#3629=ORIENTED_EDGE('',*,*,#2189,.T.);
#3630=ORIENTED_EDGE('',*,*,#2209,.T.);
#3631=ORIENTED_EDGE('',*,*,#2231,.T.);
#3632=ORIENTED_EDGE('',*,*,#2228,.T.);
#3633=ORIENTED_EDGE('',*,*,#2225,.T.);
#3634=ORIENTED_EDGE('',*,*,#2222,.T.);
#3635=ORIENTED_EDGE('',*,*,#2219,.T.);
#3636=ORIENTED_EDGE('',*,*,#2216,.T.);
#3637=ORIENTED_EDGE('',*,*,#2213,.T.);
#3638=ORIENTED_EDGE('',*,*,#2592,.T.);
#3639=ORIENTED_EDGE('',*,*,#2589,.T.);
#3640=ORIENTED_EDGE('',*,*,#2586,.T.);
#3641=ORIENTED_EDGE('',*,*,#2583,.T.);
#3642=ORIENTED_EDGE('',*,*,#2580,.T.);
#3643=ORIENTED_EDGE('',*,*,#2577,.T.);
#3644=ORIENTED_EDGE('',*,*,#2574,.T.);
#3645=ORIENTED_EDGE('',*,*,#2571,.T.);
#3646=ORIENTED_EDGE('',*,*,#2568,.T.);
#3647=ORIENTED_EDGE('',*,*,#2565,.T.);
#3648=ORIENTED_EDGE('',*,*,#2562,.T.);
#3649=ORIENTED_EDGE('',*,*,#2559,.T.);
#3650=ORIENTED_EDGE('',*,*,#2556,.T.);
#3651=ORIENTED_EDGE('',*,*,#2553,.T.);
#3652=ORIENTED_EDGE('',*,*,#2550,.T.);
#3653=ORIENTED_EDGE('',*,*,#2547,.T.);
#3654=ORIENTED_EDGE('',*,*,#2544,.T.);
#3655=ORIENTED_EDGE('',*,*,#2541,.T.);
#3656=ORIENTED_EDGE('',*,*,#2538,.T.);
#3657=ORIENTED_EDGE('',*,*,#2535,.T.);
#3658=ORIENTED_EDGE('',*,*,#2532,.T.);
#3659=ORIENTED_EDGE('',*,*,#2529,.T.);
#3660=ORIENTED_EDGE('',*,*,#2526,.T.);
#3661=ORIENTED_EDGE('',*,*,#2523,.T.);
#3662=ORIENTED_EDGE('',*,*,#2520,.T.);
#3663=ORIENTED_EDGE('',*,*,#2517,.T.);
#3664=ORIENTED_EDGE('',*,*,#2514,.T.);
#3665=ORIENTED_EDGE('',*,*,#2511,.T.);
#3666=ORIENTED_EDGE('',*,*,#2508,.T.);
#3667=ORIENTED_EDGE('',*,*,#2505,.T.);
#3668=ORIENTED_EDGE('',*,*,#2502,.T.);
#3669=ORIENTED_EDGE('',*,*,#2499,.T.);
#3670=ORIENTED_EDGE('',*,*,#2496,.T.);
#3671=ORIENTED_EDGE('',*,*,#2493,.T.);
#3672=ORIENTED_EDGE('',*,*,#2490,.T.);
#3673=ORIENTED_EDGE('',*,*,#2487,.T.);
#3674=ORIENTED_EDGE('',*,*,#2484,.T.);
#3675=ORIENTED_EDGE('',*,*,#2481,.T.);
#3676=ORIENTED_EDGE('',*,*,#2478,.T.);
#3677=ORIENTED_EDGE('',*,*,#2475,.T.);
#3678=ORIENTED_EDGE('',*,*,#2472,.T.);
#3679=ORIENTED_EDGE('',*,*,#2469,.T.);
#3680=ORIENTED_EDGE('',*,*,#2466,.T.);
#3681=ORIENTED_EDGE('',*,*,#2463,.T.);
#3682=ORIENTED_EDGE('',*,*,#2460,.T.);
#3683=ORIENTED_EDGE('',*,*,#2457,.T.);
#3684=ORIENTED_EDGE('',*,*,#2454,.T.);
#3685=ORIENTED_EDGE('',*,*,#2451,.T.);
#3686=ORIENTED_EDGE('',*,*,#2448,.T.);
#3687=ORIENTED_EDGE('',*,*,#2445,.T.);
#3688=ORIENTED_EDGE('',*,*,#2442,.T.);
#3689=ORIENTED_EDGE('',*,*,#2439,.T.);
#3690=ORIENTED_EDGE('',*,*,#2436,.T.);
#3691=ORIENTED_EDGE('',*,*,#2433,.T.);
#3692=ORIENTED_EDGE('',*,*,#2430,.T.);
#3693=ORIENTED_EDGE('',*,*,#2427,.T.);
#3694=ORIENTED_EDGE('',*,*,#2424,.T.);
#3695=ORIENTED_EDGE('',*,*,#2421,.T.);
#3696=ORIENTED_EDGE('',*,*,#2418,.T.);
#3697=ORIENTED_EDGE('',*,*,#2415,.T.);
#3698=ORIENTED_EDGE('',*,*,#2412,.T.);
#3699=ORIENTED_EDGE('',*,*,#2409,.T.);
#3700=ORIENTED_EDGE('',*,*,#2406,.T.);
#3701=ORIENTED_EDGE('',*,*,#2403,.T.);
#3702=ORIENTED_EDGE('',*,*,#2400,.T.);
#3703=ORIENTED_EDGE('',*,*,#2397,.T.);
#3704=ORIENTED_EDGE('',*,*,#2394,.T.);
#3705=ORIENTED_EDGE('',*,*,#2391,.T.);
#3706=ORIENTED_EDGE('',*,*,#2388,.T.);
#3707=ORIENTED_EDGE('',*,*,#2385,.T.);
#3708=ORIENTED_EDGE('',*,*,#2382,.T.);
#3709=ORIENTED_EDGE('',*,*,#2379,.T.);
#3710=ORIENTED_EDGE('',*,*,#2376,.T.);
#3711=ORIENTED_EDGE('',*,*,#2373,.T.);
#3712=ORIENTED_EDGE('',*,*,#2370,.T.);
#3713=ORIENTED_EDGE('',*,*,#2367,.T.);
#3714=ORIENTED_EDGE('',*,*,#2364,.T.);
#3715=ORIENTED_EDGE('',*,*,#2361,.T.);
#3716=ORIENTED_EDGE('',*,*,#2358,.T.);
#3717=ORIENTED_EDGE('',*,*,#2355,.T.);
#3718=ORIENTED_EDGE('',*,*,#2352,.T.);
#3719=ORIENTED_EDGE('',*,*,#2349,.T.);
#3720=ORIENTED_EDGE('',*,*,#2346,.T.);
#3721=ORIENTED_EDGE('',*,*,#2343,.T.);
#3722=ORIENTED_EDGE('',*,*,#2340,.T.);
#3723=ORIENTED_EDGE('',*,*,#2337,.T.);
#3724=ORIENTED_EDGE('',*,*,#2334,.T.);
#3725=ORIENTED_EDGE('',*,*,#2331,.T.);
#3726=ORIENTED_EDGE('',*,*,#2328,.T.);
#3727=ORIENTED_EDGE('',*,*,#2325,.T.);
#3728=ORIENTED_EDGE('',*,*,#2322,.T.);
#3729=ORIENTED_EDGE('',*,*,#2319,.T.);
#3730=ORIENTED_EDGE('',*,*,#2316,.T.);
#3731=ORIENTED_EDGE('',*,*,#2313,.T.);
#3732=ORIENTED_EDGE('',*,*,#2310,.T.);
#3733=ORIENTED_EDGE('',*,*,#2307,.T.);
#3734=ORIENTED_EDGE('',*,*,#2304,.T.);
#3735=ORIENTED_EDGE('',*,*,#2301,.T.);
#3736=ORIENTED_EDGE('',*,*,#2298,.T.);
#3737=ORIENTED_EDGE('',*,*,#2295,.T.);
#3738=ORIENTED_EDGE('',*,*,#2292,.T.);
#3739=ORIENTED_EDGE('',*,*,#2289,.T.);
#3740=ORIENTED_EDGE('',*,*,#2286,.T.);
#3741=ORIENTED_EDGE('',*,*,#2283,.T.);
#3742=ORIENTED_EDGE('',*,*,#2280,.T.);
#3743=ORIENTED_EDGE('',*,*,#2277,.T.);
#3744=ORIENTED_EDGE('',*,*,#2274,.T.);
#3745=ORIENTED_EDGE('',*,*,#2271,.T.);
#3746=ORIENTED_EDGE('',*,*,#2268,.T.);
#3747=ORIENTED_EDGE('',*,*,#2265,.T.);
#3748=ORIENTED_EDGE('',*,*,#2262,.T.);
#3749=ORIENTED_EDGE('',*,*,#2259,.T.);
#3750=ORIENTED_EDGE('',*,*,#2256,.T.);
#3751=ORIENTED_EDGE('',*,*,#2253,.T.);
#3752=ORIENTED_EDGE('',*,*,#2250,.T.);
#3753=ORIENTED_EDGE('',*,*,#2247,.T.);
#3754=ORIENTED_EDGE('',*,*,#2244,.T.);
#3755=ORIENTED_EDGE('',*,*,#2241,.T.);
#3756=ORIENTED_EDGE('',*,*,#2238,.T.);
#3757=ORIENTED_EDGE('',*,*,#2235,.T.);
#3758=ORIENTED_EDGE('',*,*,#2112,.T.);
#3759=ORIENTED_EDGE('',*,*,#2116,.T.);
#3760=ORIENTED_EDGE('',*,*,#2119,.T.);
#3761=ORIENTED_EDGE('',*,*,#2122,.T.);
#3762=ORIENTED_EDGE('',*,*,#2125,.T.);
#3763=ORIENTED_EDGE('',*,*,#2128,.T.);
#3764=ORIENTED_EDGE('',*,*,#2131,.T.);
#3765=ORIENTED_EDGE('',*,*,#2134,.T.);
#3766=ORIENTED_EDGE('',*,*,#2136,.T.);
#3767=ORIENTED_EDGE('',*,*,#2139,.T.);
#3768=ORIENTED_EDGE('',*,*,#2143,.T.);
#3769=ORIENTED_EDGE('',*,*,#2146,.T.);
#3770=ORIENTED_EDGE('',*,*,#2149,.T.);
#3771=ORIENTED_EDGE('',*,*,#2152,.T.);
#3772=ORIENTED_EDGE('',*,*,#2155,.T.);
#3773=ORIENTED_EDGE('',*,*,#2158,.T.);
#3774=ORIENTED_EDGE('',*,*,#2160,.T.);
#3775=ORIENTED_EDGE('',*,*,#2163,.T.);
#3776=ORIENTED_EDGE('',*,*,#2167,.T.);
#3777=ORIENTED_EDGE('',*,*,#2170,.T.);
#3778=ORIENTED_EDGE('',*,*,#2173,.T.);
#3779=ORIENTED_EDGE('',*,*,#2176,.T.);
#3780=ORIENTED_EDGE('',*,*,#2179,.T.);
#3781=ORIENTED_EDGE('',*,*,#2182,.T.);
#3782=ORIENTED_EDGE('',*,*,#2184,.T.);
#3783=ORIENTED_EDGE('',*,*,#2187,.T.);
#3784=ORIENTED_EDGE('',*,*,#2191,.T.);
#3785=ORIENTED_EDGE('',*,*,#2194,.T.);
#3786=ORIENTED_EDGE('',*,*,#2197,.T.);
#3787=ORIENTED_EDGE('',*,*,#2200,.T.);
#3788=ORIENTED_EDGE('',*,*,#2203,.T.);
#3789=ORIENTED_EDGE('',*,*,#2206,.T.);
#3790=ORIENTED_EDGE('',*,*,#2208,.T.);
#3791=ORIENTED_EDGE('',*,*,#2211,.T.);
#3792=ORIENTED_EDGE('',*,*,#2215,.T.);
#3793=ORIENTED_EDGE('',*,*,#2218,.T.);
#3794=ORIENTED_EDGE('',*,*,#2221,.T.);
#3795=ORIENTED_EDGE('',*,*,#2224,.T.);
#3796=ORIENTED_EDGE('',*,*,#2227,.T.);
#3797=ORIENTED_EDGE('',*,*,#2230,.T.);
#3798=ORIENTED_EDGE('',*,*,#2232,.T.);
#3799=CYLINDRICAL_SURFACE('',#4141,0.1);
#3800=CYLINDRICAL_SURFACE('',#4144,0.1);
#3801=CYLINDRICAL_SURFACE('',#4147,0.1);
#3802=CYLINDRICAL_SURFACE('',#4150,0.1);
#3803=CYLINDRICAL_SURFACE('',#4161,0.1);
#3804=CYLINDRICAL_SURFACE('',#4164,0.1);
#3805=CYLINDRICAL_SURFACE('',#4168,0.1);
#3806=CYLINDRICAL_SURFACE('',#4173,0.1);
#3807=CYLINDRICAL_SURFACE('',#4175,0.1);
#3808=CYLINDRICAL_SURFACE('',#4178,0.1);
#3809=CYLINDRICAL_SURFACE('',#4183,0.1);
#3810=CYLINDRICAL_SURFACE('',#4188,0.1);
#3811=CYLINDRICAL_SURFACE('',#4195,0.1);
#3812=CYLINDRICAL_SURFACE('',#4198,0.1);
#3813=CYLINDRICAL_SURFACE('',#4202,0.1);
#3814=CYLINDRICAL_SURFACE('',#4205,0.1);
#3815=CYLINDRICAL_SURFACE('',#4210,0.1);
#3816=CYLINDRICAL_SURFACE('',#4213,0.1);
#3817=CYLINDRICAL_SURFACE('',#4218,0.1);
#3818=CYLINDRICAL_SURFACE('',#4223,0.1);
#3819=CYLINDRICAL_SURFACE('',#4230,0.1);
#3820=CYLINDRICAL_SURFACE('',#4233,0.1);
#3821=CYLINDRICAL_SURFACE('',#4237,0.1);
#3822=CYLINDRICAL_SURFACE('',#4240,0.1);
#3823=CYLINDRICAL_SURFACE('',#4245,0.1);
#3824=CYLINDRICAL_SURFACE('',#4249,0.1);
#3825=CYLINDRICAL_SURFACE('',#4257,0.1);
#3826=CYLINDRICAL_SURFACE('',#4259,0.1);
#3827=CYLINDRICAL_SURFACE('',#4261,3.86915030852896E-5);
#3828=CYLINDRICAL_SURFACE('',#4265,3.86915030853818E-5);
#3829=CYLINDRICAL_SURFACE('',#4269,0.000296111035635183);
#3830=CYLINDRICAL_SURFACE('',#4273,0.00102501491921821);
#3831=CYLINDRICAL_SURFACE('',#4276,0.000658439001235686);
#3832=CYLINDRICAL_SURFACE('',#4280,0.000122850847232285);
#3833=CYLINDRICAL_SURFACE('',#4284,8.99830766163617E-5);
#3834=CYLINDRICAL_SURFACE('',#4288,0.000197169572499472);
#3835=CYLINDRICAL_SURFACE('',#4292,1.37795275590552E-5);
#3836=CYLINDRICAL_SURFACE('',#4297,0.000122850847232266);
#3837=CYLINDRICAL_SURFACE('',#4301,8.99830766163567E-5);
#3838=CYLINDRICAL_SURFACE('',#4305,0.000197169572499465);
#3839=CYLINDRICAL_SURFACE('',#4309,1.37795275590552E-5);
#3840=CYLINDRICAL_SURFACE('',#4313,2.15070423696214E-5);
#3841=CYLINDRICAL_SURFACE('',#4317,0.000132665232245657);
#3842=CYLINDRICAL_SURFACE('',#4321,0.00010251615134251);
#3843=CYLINDRICAL_SURFACE('',#4325,2.95835383304625E-5);
#3844=CYLINDRICAL_SURFACE('',#4328,2.15070423696351E-5);
#3845=CYLINDRICAL_SURFACE('',#4332,0.000132665232245614);
#3846=CYLINDRICAL_SURFACE('',#4336,0.00010251615134251);
#3847=CYLINDRICAL_SURFACE('',#4340,2.95835383304608E-5);
#3848=CYLINDRICAL_SURFACE('',#4345,3.44193988441418E-5);
#3849=CYLINDRICAL_SURFACE('',#4349,0.00119269248506936);
#3850=CYLINDRICAL_SURFACE('',#4352,0.000827292460585229);
#3851=CYLINDRICAL_SURFACE('',#4356,9.40596888169835E-5);
#3852=CYLINDRICAL_SURFACE('',#4360,8.67075925089772E-5);
#3853=CYLINDRICAL_SURFACE('',#4364,8.63376384877169E-5);
#3854=CYLINDRICAL_SURFACE('',#4368,8.81565360506072E-5);
#3855=CYLINDRICAL_SURFACE('',#4372,0.000611207188647915);
#3856=CYLINDRICAL_SURFACE('',#4375,0.000250067475120598);
#3857=CYLINDRICAL_SURFACE('',#4379,8.54383438466349E-5);
#3858=CYLINDRICAL_SURFACE('',#4383,2.9207365246179E-5);
#3859=CYLINDRICAL_SURFACE('',#4387,0.000345056392117393);
#3860=CYLINDRICAL_SURFACE('',#4391,8.66455821217187E-5);
#3861=CYLINDRICAL_SURFACE('',#4395,0.000161981524791629);
#3862=CYLINDRICAL_SURFACE('',#4399,0.000169160364460079);
#3863=CYLINDRICAL_SURFACE('',#4403,3.19035555035472E-5);
#3864=CYLINDRICAL_SURFACE('',#4407,8.73665332902366E-5);
#3865=CYLINDRICAL_SURFACE('',#4411,8.65594575891965E-5);
#3866=CYLINDRICAL_SURFACE('',#4415,0.000262064737093039);
#3867=CYLINDRICAL_SURFACE('',#4419,4.5158378451521E-5);
#3868=CYLINDRICAL_SURFACE('',#4423,0.00027879464715673);
#3869=CYLINDRICAL_SURFACE('',#4427,5.54537447751432E-5);
#3870=CYLINDRICAL_SURFACE('',#4431,0.000122857703420382);
#3871=CYLINDRICAL_SURFACE('',#4435,0.000232226578973292);
#3872=CYLINDRICAL_SURFACE('',#4439,8.53055366078206E-5);
#3873=CYLINDRICAL_SURFACE('',#4443,3.4764459126873E-5);
#3874=CYLINDRICAL_SURFACE('',#4446,0.000318549079013382);
#3875=CYLINDRICAL_SURFACE('',#4450,3.97700668441255E-5);
#3876=CYLINDRICAL_SURFACE('',#4454,6.47553105461643E-5);
#3877=CYLINDRICAL_SURFACE('',#4458,9.85616735974144E-5);
#3878=CYLINDRICAL_SURFACE('',#4462,0.000139134798934411);
#3879=CYLINDRICAL_SURFACE('',#4466,0.000225276477255775);
#3880=CYLINDRICAL_SURFACE('',#4470,7.03323767570443E-5);
#3881=CYLINDRICAL_SURFACE('',#4474,0.00028095637304397);
#3882=CYLINDRICAL_SURFACE('',#4478,9.51568631286106E-5);
#3883=CYLINDRICAL_SURFACE('',#4482,0.000126687404313512);
#3884=CYLINDRICAL_SURFACE('',#4486,7.21437841213484E-5);
#3885=CYLINDRICAL_SURFACE('',#4490,0.000120737795684085);
#3886=CYLINDRICAL_SURFACE('',#4494,3.31216433461656E-5);
#3887=CYLINDRICAL_SURFACE('',#4498,8.55180855782972E-5);
#3888=CYLINDRICAL_SURFACE('',#4502,0.000121306489988052);
#3889=CYLINDRICAL_SURFACE('',#4506,0.000773523588820748);
#3890=CYLINDRICAL_SURFACE('',#4509,0.00104318773247986);
#3891=CYLINDRICAL_SURFACE('',#4512,0.000809867767177677);
#3892=CYLINDRICAL_SURFACE('',#4515,3.80962784424965E-5);
#3893=CYLINDRICAL_SURFACE('',#4519,0.000348314148553115);
#3894=CYLINDRICAL_SURFACE('',#4523,8.63379062723136E-5);
#3895=CYLINDRICAL_SURFACE('',#4527,3.40548374614724E-5);
#3896=CYLINDRICAL_SURFACE('',#4531,0.000796572677874249);
#3897=CYLINDRICAL_SURFACE('',#4535,9.97453482452409E-5);
#3898=CYLINDRICAL_SURFACE('',#4539,8.94652456586478E-5);
#3899=CYLINDRICAL_SURFACE('',#4543,0.000127015578639805);
#3900=CYLINDRICAL_SURFACE('',#4547,2.4064257500146E-5);
#3901=CYLINDRICAL_SURFACE('',#4551,9.13374097702192E-5);
#3902=CYLINDRICAL_SURFACE('',#4555,0.000103511460420739);
#3903=CYLINDRICAL_SURFACE('',#4559,4.70325090799932E-5);
#3904=CYLINDRICAL_SURFACE('',#4563,9.09056017061593E-5);
#3905=CYLINDRICAL_SURFACE('',#4567,8.58858651445483E-5);
#3906=CYLINDRICAL_SURFACE('',#4571,2.57380490462635E-5);
#3907=CYLINDRICAL_SURFACE('',#4575,8.37167549539093E-5);
#3908=CYLINDRICAL_SURFACE('',#4579,9.38571030390649E-5);
#3909=CYLINDRICAL_SURFACE('',#4583,3.24845542508306E-5);
#3910=CYLINDRICAL_SURFACE('',#4587,8.39390873594643E-5);
#3911=ADVANCED_FACE('',(#162),#3799,.T.);
#3912=ADVANCED_FACE('',(#163),#3800,.T.);
#3913=ADVANCED_FACE('',(#164),#3801,.T.);
#3914=ADVANCED_FACE('',(#165),#3802,.T.);
#3915=ADVANCED_FACE('',(#166),#146,.T.);
#3916=ADVANCED_FACE('',(#167),#147,.T.);
#3917=ADVANCED_FACE('',(#168),#148,.T.);
#3918=ADVANCED_FACE('',(#169),#149,.T.);
#3919=ADVANCED_FACE('',(#170),#3803,.T.);
#3920=ADVANCED_FACE('',(#171),#49,.T.);
#3921=ADVANCED_FACE('',(#172),#3804,.T.);
#3922=ADVANCED_FACE('',(#173),#50,.T.);
#3923=ADVANCED_FACE('',(#174),#51,.T.);
#3924=ADVANCED_FACE('',(#175),#3805,.T.);
#3925=ADVANCED_FACE('',(#176),#52,.F.);
#3926=ADVANCED_FACE('',(#177),#53,.F.);
#3927=ADVANCED_FACE('',(#178),#3806,.T.);
#3928=ADVANCED_FACE('',(#179),#54,.T.);
#3929=ADVANCED_FACE('',(#180),#3807,.T.);
#3930=ADVANCED_FACE('',(#181),#3808,.T.);
#3931=ADVANCED_FACE('',(#182),#150,.T.);
#3932=ADVANCED_FACE('',(#183),#3809,.T.);
#3933=ADVANCED_FACE('',(#184),#151,.T.);
#3934=ADVANCED_FACE('',(#185),#3810,.T.);
#3935=ADVANCED_FACE('',(#186),#152,.T.);
#3936=ADVANCED_FACE('',(#187),#153,.T.);
#3937=ADVANCED_FACE('',(#188),#3811,.T.);
#3938=ADVANCED_FACE('',(#189),#55,.F.);
#3939=ADVANCED_FACE('',(#190),#3812,.T.);
#3940=ADVANCED_FACE('',(#191),#56,.T.);
#3941=ADVANCED_FACE('',(#192),#57,.T.);
#3942=ADVANCED_FACE('',(#193),#3813,.T.);
#3943=ADVANCED_FACE('',(#194),#58,.T.);
#3944=ADVANCED_FACE('',(#195),#3814,.T.);
#3945=ADVANCED_FACE('',(#196),#59,.T.);
#3946=ADVANCED_FACE('',(#197),#60,.F.);
#3947=ADVANCED_FACE('',(#198),#3815,.T.);
#3948=ADVANCED_FACE('',(#199),#3816,.T.);
#3949=ADVANCED_FACE('',(#200),#154,.T.);
#3950=ADVANCED_FACE('',(#201),#3817,.T.);
#3951=ADVANCED_FACE('',(#202),#155,.T.);
#3952=ADVANCED_FACE('',(#203),#3818,.T.);
#3953=ADVANCED_FACE('',(#204),#156,.T.);
#3954=ADVANCED_FACE('',(#205),#157,.T.);
#3955=ADVANCED_FACE('',(#206),#3819,.T.);
#3956=ADVANCED_FACE('',(#207),#61,.F.);
#3957=ADVANCED_FACE('',(#208),#3820,.T.);
#3958=ADVANCED_FACE('',(#209),#62,.T.);
#3959=ADVANCED_FACE('',(#210),#63,.T.);
#3960=ADVANCED_FACE('',(#211),#3821,.T.);
#3961=ADVANCED_FACE('',(#212),#3822,.T.);
#3962=ADVANCED_FACE('',(#213),#158,.T.);
#3963=ADVANCED_FACE('',(#214),#3823,.T.);
#3964=ADVANCED_FACE('',(#215),#159,.T.);
#3965=ADVANCED_FACE('',(#216),#3824,.T.);
#3966=ADVANCED_FACE('',(#217),#160,.T.);
#3967=ADVANCED_FACE('',(#218),#161,.T.);
#3968=ADVANCED_FACE('',(#219),#64,.T.);
#3969=ADVANCED_FACE('',(#220),#65,.T.);
#3970=ADVANCED_FACE('',(#221),#3825,.T.);
#3971=ADVANCED_FACE('',(#222),#66,.T.);
#3972=ADVANCED_FACE('',(#223),#3826,.T.);
#3973=ADVANCED_FACE('',(#224),#3827,.F.);
#3974=ADVANCED_FACE('',(#225),#67,.F.);
#3975=ADVANCED_FACE('',(#226),#3828,.F.);
#3976=ADVANCED_FACE('',(#227),#68,.F.);
#3977=ADVANCED_FACE('',(#228),#3829,.F.);
#3978=ADVANCED_FACE('',(#229),#69,.F.);
#3979=ADVANCED_FACE('',(#230),#3830,.F.);
#3980=ADVANCED_FACE('',(#231),#3831,.F.);
#3981=ADVANCED_FACE('',(#232),#70,.F.);
#3982=ADVANCED_FACE('',(#233),#3832,.F.);
#3983=ADVANCED_FACE('',(#234),#71,.F.);
#3984=ADVANCED_FACE('',(#235),#3833,.F.);
#3985=ADVANCED_FACE('',(#236),#72,.F.);
#3986=ADVANCED_FACE('',(#237),#3834,.F.);
#3987=ADVANCED_FACE('',(#238),#73,.F.);
#3988=ADVANCED_FACE('',(#239),#3835,.F.);
#3989=ADVANCED_FACE('',(#240),#74,.F.);
#3990=ADVANCED_FACE('',(#241),#75,.F.);
#3991=ADVANCED_FACE('',(#242),#3836,.F.);
#3992=ADVANCED_FACE('',(#243),#76,.F.);
#3993=ADVANCED_FACE('',(#244),#3837,.F.);
#3994=ADVANCED_FACE('',(#245),#77,.F.);
#3995=ADVANCED_FACE('',(#246),#3838,.F.);
#3996=ADVANCED_FACE('',(#247),#78,.F.);
#3997=ADVANCED_FACE('',(#248),#3839,.F.);
#3998=ADVANCED_FACE('',(#249),#79,.F.);
#3999=ADVANCED_FACE('',(#250),#3840,.F.);
#4000=ADVANCED_FACE('',(#251),#80,.F.);
#4001=ADVANCED_FACE('',(#252),#3841,.F.);
#4002=ADVANCED_FACE('',(#253),#81,.F.);
#4003=ADVANCED_FACE('',(#254),#3842,.F.);
#4004=ADVANCED_FACE('',(#255),#82,.F.);
#4005=ADVANCED_FACE('',(#256),#3843,.F.);
#4006=ADVANCED_FACE('',(#257),#3844,.F.);
#4007=ADVANCED_FACE('',(#258),#83,.F.);
#4008=ADVANCED_FACE('',(#259),#3845,.F.);
#4009=ADVANCED_FACE('',(#260),#84,.F.);
#4010=ADVANCED_FACE('',(#261),#3846,.F.);
#4011=ADVANCED_FACE('',(#262),#85,.F.);
#4012=ADVANCED_FACE('',(#263),#3847,.F.);
#4013=ADVANCED_FACE('',(#264),#86,.F.);
#4014=ADVANCED_FACE('',(#265),#87,.T.);
#4015=ADVANCED_FACE('',(#266),#3848,.F.);
#4016=ADVANCED_FACE('',(#267),#88,.T.);
#4017=ADVANCED_FACE('',(#268),#3849,.T.);
#4018=ADVANCED_FACE('',(#269),#3850,.T.);
#4019=ADVANCED_FACE('',(#270),#89,.T.);
#4020=ADVANCED_FACE('',(#271),#3851,.T.);
#4021=ADVANCED_FACE('',(#272),#90,.T.);
#4022=ADVANCED_FACE('',(#273),#3852,.F.);
#4023=ADVANCED_FACE('',(#274),#91,.T.);
#4024=ADVANCED_FACE('',(#275),#3853,.T.);
#4025=ADVANCED_FACE('',(#276),#92,.T.);
#4026=ADVANCED_FACE('',(#277),#3854,.T.);
#4027=ADVANCED_FACE('',(#278),#93,.T.);
#4028=ADVANCED_FACE('',(#279),#3855,.T.);
#4029=ADVANCED_FACE('',(#280),#3856,.T.);
#4030=ADVANCED_FACE('',(#281),#94,.T.);
#4031=ADVANCED_FACE('',(#282),#3857,.F.);
#4032=ADVANCED_FACE('',(#283),#95,.T.);
#4033=ADVANCED_FACE('',(#284),#3858,.F.);
#4034=ADVANCED_FACE('',(#285),#96,.T.);
#4035=ADVANCED_FACE('',(#286),#3859,.T.);
#4036=ADVANCED_FACE('',(#287),#97,.T.);
#4037=ADVANCED_FACE('',(#288),#3860,.T.);
#4038=ADVANCED_FACE('',(#289),#98,.T.);
#4039=ADVANCED_FACE('',(#290),#3861,.T.);
#4040=ADVANCED_FACE('',(#291),#99,.T.);
#4041=ADVANCED_FACE('',(#292),#3862,.F.);
#4042=ADVANCED_FACE('',(#293),#100,.T.);
#4043=ADVANCED_FACE('',(#294),#3863,.F.);
#4044=ADVANCED_FACE('',(#295),#101,.T.);
#4045=ADVANCED_FACE('',(#296),#3864,.T.);
#4046=ADVANCED_FACE('',(#297),#102,.T.);
#4047=ADVANCED_FACE('',(#298),#3865,.T.);
#4048=ADVANCED_FACE('',(#299),#103,.T.);
#4049=ADVANCED_FACE('',(#300),#3866,.T.);
#4050=ADVANCED_FACE('',(#301),#104,.T.);
#4051=ADVANCED_FACE('',(#302),#3867,.F.);
#4052=ADVANCED_FACE('',(#303),#105,.T.);
#4053=ADVANCED_FACE('',(#304),#3868,.T.);
#4054=ADVANCED_FACE('',(#305),#106,.T.);
#4055=ADVANCED_FACE('',(#306),#3869,.F.);
#4056=ADVANCED_FACE('',(#307),#107,.T.);
#4057=ADVANCED_FACE('',(#308),#3870,.T.);
#4058=ADVANCED_FACE('',(#309),#108,.T.);
#4059=ADVANCED_FACE('',(#310),#3871,.T.);
#4060=ADVANCED_FACE('',(#311),#109,.T.);
#4061=ADVANCED_FACE('',(#312),#3872,.F.);
#4062=ADVANCED_FACE('',(#313),#110,.T.);
#4063=ADVANCED_FACE('',(#314),#3873,.F.);
#4064=ADVANCED_FACE('',(#315),#3874,.T.);
#4065=ADVANCED_FACE('',(#316),#111,.T.);
#4066=ADVANCED_FACE('',(#317),#3875,.F.);
#4067=ADVANCED_FACE('',(#318),#112,.T.);
#4068=ADVANCED_FACE('',(#319),#3876,.T.);
#4069=ADVANCED_FACE('',(#320),#113,.T.);
#4070=ADVANCED_FACE('',(#321),#3877,.T.);
#4071=ADVANCED_FACE('',(#322),#114,.T.);
#4072=ADVANCED_FACE('',(#323),#3878,.T.);
#4073=ADVANCED_FACE('',(#324),#115,.T.);
#4074=ADVANCED_FACE('',(#325),#3879,.T.);
#4075=ADVANCED_FACE('',(#326),#116,.T.);
#4076=ADVANCED_FACE('',(#327),#3880,.F.);
#4077=ADVANCED_FACE('',(#328),#117,.T.);
#4078=ADVANCED_FACE('',(#329),#3881,.F.);
#4079=ADVANCED_FACE('',(#330),#118,.T.);
#4080=ADVANCED_FACE('',(#331),#3882,.T.);
#4081=ADVANCED_FACE('',(#332),#119,.T.);
#4082=ADVANCED_FACE('',(#333),#3883,.T.);
#4083=ADVANCED_FACE('',(#334),#120,.T.);
#4084=ADVANCED_FACE('',(#335),#3884,.F.);
#4085=ADVANCED_FACE('',(#336),#121,.T.);
#4086=ADVANCED_FACE('',(#337),#3885,.F.);
#4087=ADVANCED_FACE('',(#338),#122,.T.);
#4088=ADVANCED_FACE('',(#339),#3886,.F.);
#4089=ADVANCED_FACE('',(#340),#123,.T.);
#4090=ADVANCED_FACE('',(#341),#3887,.T.);
#4091=ADVANCED_FACE('',(#342),#124,.T.);
#4092=ADVANCED_FACE('',(#343),#3888,.T.);
#4093=ADVANCED_FACE('',(#344),#125,.T.);
#4094=ADVANCED_FACE('',(#345),#3889,.T.);
#4095=ADVANCED_FACE('',(#346),#3890,.T.);
#4096=ADVANCED_FACE('',(#347),#3891,.T.);
#4097=ADVANCED_FACE('',(#348),#3892,.F.);
#4098=ADVANCED_FACE('',(#349),#126,.T.);
#4099=ADVANCED_FACE('',(#350),#3893,.T.);
#4100=ADVANCED_FACE('',(#351),#127,.T.);
#4101=ADVANCED_FACE('',(#352),#3894,.F.);
#4102=ADVANCED_FACE('',(#353),#128,.T.);
#4103=ADVANCED_FACE('',(#354),#3895,.F.);
#4104=ADVANCED_FACE('',(#355),#129,.T.);
#4105=ADVANCED_FACE('',(#356),#3896,.T.);
#4106=ADVANCED_FACE('',(#357),#130,.T.);
#4107=ADVANCED_FACE('',(#358),#3897,.T.);
#4108=ADVANCED_FACE('',(#359),#131,.T.);
#4109=ADVANCED_FACE('',(#360),#3898,.F.);
#4110=ADVANCED_FACE('',(#361),#132,.T.);
#4111=ADVANCED_FACE('',(#362),#3899,.F.);
#4112=ADVANCED_FACE('',(#363),#133,.T.);
#4113=ADVANCED_FACE('',(#364),#3900,.F.);
#4114=ADVANCED_FACE('',(#365),#134,.T.);
#4115=ADVANCED_FACE('',(#366),#3901,.T.);
#4116=ADVANCED_FACE('',(#367),#135,.T.);
#4117=ADVANCED_FACE('',(#368),#3902,.T.);
#4118=ADVANCED_FACE('',(#369),#136,.T.);
#4119=ADVANCED_FACE('',(#370),#3903,.F.);
#4120=ADVANCED_FACE('',(#371),#137,.T.);
#4121=ADVANCED_FACE('',(#372),#3904,.T.);
#4122=ADVANCED_FACE('',(#373),#138,.T.);
#4123=ADVANCED_FACE('',(#374),#3905,.T.);
#4124=ADVANCED_FACE('',(#375),#139,.T.);
#4125=ADVANCED_FACE('',(#376),#3906,.F.);
#4126=ADVANCED_FACE('',(#377),#140,.T.);
#4127=ADVANCED_FACE('',(#378),#3907,.T.);
#4128=ADVANCED_FACE('',(#379),#141,.T.);
#4129=ADVANCED_FACE('',(#380),#3908,.T.);
#4130=ADVANCED_FACE('',(#381),#142,.T.);
#4131=ADVANCED_FACE('',(#382),#3909,.F.);
#4132=ADVANCED_FACE('',(#383),#143,.T.);
#4133=ADVANCED_FACE('',(#384),#3910,.F.);
#4134=ADVANCED_FACE('',(#385,#23,#24,#25,#26,#27),#144,.F.);
#4135=ADVANCED_FACE('',(#386,#28,#29,#30,#31,#32),#145,.T.);
#4136=CLOSED_SHELL('',(#3911,#3912,#3913,#3914,#3915,#3916,#3917,#3918,
#3919,#3920,#3921,#3922,#3923,#3924,#3925,#3926,#3927,#3928));
#4137=CLOSED_SHELL('',(#3929,#3930,#3931,#3932,#3933,#3934,#3935,#3936,
#3937,#3938,#3939,#3940,#3941,#3942,#3943,#3944,#3945,#3946));
#4138=CLOSED_SHELL('',(#3947,#3948,#3949,#3950,#3951,#3952,#3953,#3954,
#3955,#3956,#3957,#3958,#3959,#3960,#3961,#3962,#3963,#3964,#3965,#3966,
#3967,#3968,#3969,#3970,#3971,#3972));
#4139=CLOSED_SHELL('',(#3973,#3974,#3975,#3976,#3977,#3978,#3979,#3980,
#3981,#3982,#3983,#3984,#3985,#3986,#3987,#3988,#3989,#3990,#3991,#3992,
#3993,#3994,#3995,#3996,#3997,#3998,#3999,#4000,#4001,#4002,#4003,#4004,
#4005,#4006,#4007,#4008,#4009,#4010,#4011,#4012,#4013,#4014,#4015,#4016,
#4017,#4018,#4019,#4020,#4021,#4022,#4023,#4024,#4025,#4026,#4027,#4028,
#4029,#4030,#4031,#4032,#4033,#4034,#4035,#4036,#4037,#4038,#4039,#4040,
#4041,#4042,#4043,#4044,#4045,#4046,#4047,#4048,#4049,#4050,#4051,#4052,
#4053,#4054,#4055,#4056,#4057,#4058,#4059,#4060,#4061,#4062,#4063,#4064,
#4065,#4066,#4067,#4068,#4069,#4070,#4071,#4072,#4073,#4074,#4075,#4076,
#4077,#4078,#4079,#4080,#4081,#4082,#4083,#4084,#4085,#4086,#4087,#4088,
#4089,#4090,#4091,#4092,#4093,#4094,#4095,#4096,#4097,#4098,#4099,#4100,
#4101,#4102,#4103,#4104,#4105,#4106,#4107,#4108,#4109,#4110,#4111,#4112,
#4113,#4114,#4115,#4116,#4117,#4118,#4119,#4120,#4121,#4122,#4123,#4124,
#4125,#4126,#4127,#4128,#4129,#4130,#4131,#4132,#4133,#4134,#4135));
#4140=AXIS2_PLACEMENT_3D('placement',#5887,#4596,#4597);
#4141=AXIS2_PLACEMENT_3D('',#5888,#4598,#4599);
#4142=AXIS2_PLACEMENT_3D('',#5891,#4600,#4601);
#4143=AXIS2_PLACEMENT_3D('',#5895,#4603,#4604);
#4144=AXIS2_PLACEMENT_3D('',#5897,#4606,#4607);
#4145=AXIS2_PLACEMENT_3D('',#5899,#4608,#4609);
#4146=AXIS2_PLACEMENT_3D('',#5903,#4611,#4612);
#4147=AXIS2_PLACEMENT_3D('',#5905,#4614,#4615);
#4148=AXIS2_PLACEMENT_3D('',#5907,#4616,#4617);
#4149=AXIS2_PLACEMENT_3D('',#5911,#4619,#4620);
#4150=AXIS2_PLACEMENT_3D('',#5913,#4622,#4623);
#4151=AXIS2_PLACEMENT_3D('',#5915,#4624,#4625);
#4152=AXIS2_PLACEMENT_3D('',#5918,#4627,#4628);
#4153=AXIS2_PLACEMENT_3D('',#5920,#4630,#4631);
#4154=AXIS2_PLACEMENT_3D('',#5921,#4632,#4633);
#4155=AXIS2_PLACEMENT_3D('',#5922,#4634,#4635);
#4156=AXIS2_PLACEMENT_3D('',#5923,#4636,#4637);
#4157=AXIS2_PLACEMENT_3D('',#5924,#4638,#4639);
#4158=AXIS2_PLACEMENT_3D('',#5925,#4640,#4641);
#4159=AXIS2_PLACEMENT_3D('',#5926,#4642,#4643);
#4160=AXIS2_PLACEMENT_3D('',#5927,#4644,#4645);
#4161=AXIS2_PLACEMENT_3D('',#5928,#4646,#4647);
#4162=AXIS2_PLACEMENT_3D('',#5932,#4649,#4650);
#4163=AXIS2_PLACEMENT_3D('',#5934,#4652,#4653);
#4164=AXIS2_PLACEMENT_3D('',#5938,#4656,#4657);
#4165=AXIS2_PLACEMENT_3D('',#5941,#4659,#4660);
#4166=AXIS2_PLACEMENT_3D('',#5942,#4661,#4662);
#4167=AXIS2_PLACEMENT_3D('',#5946,#4665,#4666);
#4168=AXIS2_PLACEMENT_3D('',#5947,#4667,#4668);
#4169=AXIS2_PLACEMENT_3D('',#5951,#4670,#4671);
#4170=AXIS2_PLACEMENT_3D('',#5953,#4673,#4674);
#4171=AXIS2_PLACEMENT_3D('',#5957,#4677,#4678);
#4172=AXIS2_PLACEMENT_3D('',#5959,#4680,#4681);
#4173=AXIS2_PLACEMENT_3D('',#5960,#4682,#4683);
#4174=AXIS2_PLACEMENT_3D('',#5961,#4684,#4685);
#4175=AXIS2_PLACEMENT_3D('',#5962,#4686,#4687);
#4176=AXIS2_PLACEMENT_3D('',#5965,#4688,#4689);
#4177=AXIS2_PLACEMENT_3D('',#5969,#4691,#4692);
#4178=AXIS2_PLACEMENT_3D('',#5971,#4694,#4695);
#4179=AXIS2_PLACEMENT_3D('',#5974,#4696,#4697);
#4180=AXIS2_PLACEMENT_3D('',#5977,#4699,#4700);
#4181=AXIS2_PLACEMENT_3D('',#5979,#4702,#4703);
#4182=AXIS2_PLACEMENT_3D('',#5980,#4704,#4705);
#4183=AXIS2_PLACEMENT_3D('',#5981,#4706,#4707);
#4184=AXIS2_PLACEMENT_3D('',#5984,#4708,#4709);
#4185=AXIS2_PLACEMENT_3D('',#5987,#4711,#4712);
#4186=AXIS2_PLACEMENT_3D('',#5989,#4714,#4715);
#4187=AXIS2_PLACEMENT_3D('',#5990,#4716,#4717);
#4188=AXIS2_PLACEMENT_3D('',#5991,#4718,#4719);
#4189=AXIS2_PLACEMENT_3D('',#5993,#4720,#4721);
#4190=AXIS2_PLACEMENT_3D('',#5996,#4723,#4724);
#4191=AXIS2_PLACEMENT_3D('',#5998,#4726,#4727);
#4192=AXIS2_PLACEMENT_3D('',#5999,#4728,#4729);
#4193=AXIS2_PLACEMENT_3D('',#6000,#4730,#4731);
#4194=AXIS2_PLACEMENT_3D('',#6001,#4732,#4733);
#4195=AXIS2_PLACEMENT_3D('',#6002,#4734,#4735);
#4196=AXIS2_PLACEMENT_3D('',#6006,#4737,#4738);
#4197=AXIS2_PLACEMENT_3D('',#6008,#4740,#4741);
#4198=AXIS2_PLACEMENT_3D('',#6012,#4744,#4745);
#4199=AXIS2_PLACEMENT_3D('',#6015,#4747,#4748);
#4200=AXIS2_PLACEMENT_3D('',#6016,#4749,#4750);
#4201=AXIS2_PLACEMENT_3D('',#6020,#4753,#4754);
#4202=AXIS2_PLACEMENT_3D('',#6021,#4755,#4756);
#4203=AXIS2_PLACEMENT_3D('',#6025,#4758,#4759);
#4204=AXIS2_PLACEMENT_3D('',#6027,#4761,#4762);
#4205=AXIS2_PLACEMENT_3D('',#6031,#4765,#4766);
#4206=AXIS2_PLACEMENT_3D('',#6032,#4767,#4768);
#4207=AXIS2_PLACEMENT_3D('',#6033,#4769,#4770);
#4208=AXIS2_PLACEMENT_3D('',#6035,#4772,#4773);
#4209=AXIS2_PLACEMENT_3D('placement',#6036,#4774,#4775);
#4210=AXIS2_PLACEMENT_3D('',#6037,#4776,#4777);
#4211=AXIS2_PLACEMENT_3D('',#6040,#4778,#4779);
#4212=AXIS2_PLACEMENT_3D('',#6044,#4781,#4782);
#4213=AXIS2_PLACEMENT_3D('',#6046,#4784,#4785);
#4214=AXIS2_PLACEMENT_3D('',#6049,#4786,#4787);
#4215=AXIS2_PLACEMENT_3D('',#6052,#4789,#4790);
#4216=AXIS2_PLACEMENT_3D('',#6054,#4792,#4793);
#4217=AXIS2_PLACEMENT_3D('',#6055,#4794,#4795);
#4218=AXIS2_PLACEMENT_3D('',#6056,#4796,#4797);
#4219=AXIS2_PLACEMENT_3D('',#6059,#4798,#4799);
#4220=AXIS2_PLACEMENT_3D('',#6062,#4801,#4802);
#4221=AXIS2_PLACEMENT_3D('',#6064,#4804,#4805);
#4222=AXIS2_PLACEMENT_3D('',#6065,#4806,#4807);
#4223=AXIS2_PLACEMENT_3D('',#6066,#4808,#4809);
#4224=AXIS2_PLACEMENT_3D('',#6068,#4810,#4811);
#4225=AXIS2_PLACEMENT_3D('',#6071,#4813,#4814);
#4226=AXIS2_PLACEMENT_3D('',#6073,#4816,#4817);
#4227=AXIS2_PLACEMENT_3D('',#6074,#4818,#4819);
#4228=AXIS2_PLACEMENT_3D('',#6075,#4820,#4821);
#4229=AXIS2_PLACEMENT_3D('',#6076,#4822,#4823);
#4230=AXIS2_PLACEMENT_3D('',#6077,#4824,#4825);
#4231=AXIS2_PLACEMENT_3D('',#6081,#4827,#4828);
#4232=AXIS2_PLACEMENT_3D('',#6083,#4830,#4831);
#4233=AXIS2_PLACEMENT_3D('',#6087,#4834,#4835);
#4234=AXIS2_PLACEMENT_3D('',#6090,#4837,#4838);
#4235=AXIS2_PLACEMENT_3D('',#6091,#4839,#4840);
#4236=AXIS2_PLACEMENT_3D('',#6095,#4843,#4844);
#4237=AXIS2_PLACEMENT_3D('',#6096,#4845,#4846);
#4238=AXIS2_PLACEMENT_3D('',#6099,#4847,#4848);
#4239=AXIS2_PLACEMENT_3D('',#6103,#4850,#4851);
#4240=AXIS2_PLACEMENT_3D('',#6105,#4853,#4854);
#4241=AXIS2_PLACEMENT_3D('',#6107,#4855,#4856);
#4242=AXIS2_PLACEMENT_3D('',#6108,#4857,#4858);
#4243=AXIS2_PLACEMENT_3D('',#6110,#4860,#4861);
#4244=AXIS2_PLACEMENT_3D('',#6111,#4862,#4863);
#4245=AXIS2_PLACEMENT_3D('',#6112,#4864,#4865);
#4246=AXIS2_PLACEMENT_3D('',#6114,#4866,#4867);
#4247=AXIS2_PLACEMENT_3D('',#6115,#4868,#4869);
#4248=AXIS2_PLACEMENT_3D('',#6117,#4871,#4872);
#4249=AXIS2_PLACEMENT_3D('',#6118,#4873,#4874);
#4250=AXIS2_PLACEMENT_3D('',#6119,#4875,#4876);
#4251=AXIS2_PLACEMENT_3D('',#6122,#4878,#4879);
#4252=AXIS2_PLACEMENT_3D('',#6124,#4881,#4882);
#4253=AXIS2_PLACEMENT_3D('',#6125,#4883,#4884);
#4254=AXIS2_PLACEMENT_3D('',#6126,#4885,#4886);
#4255=AXIS2_PLACEMENT_3D('',#6127,#4887,#4888);
#4256=AXIS2_PLACEMENT_3D('',#6129,#4890,#4891);
#4257=AXIS2_PLACEMENT_3D('',#6130,#4892,#4893);
#4258=AXIS2_PLACEMENT_3D('',#6132,#4895,#4896);
#4259=AXIS2_PLACEMENT_3D('',#6134,#4898,#4899);
#4260=AXIS2_PLACEMENT_3D('placement',#6135,#4900,#4901);
#4261=AXIS2_PLACEMENT_3D('',#6136,#4902,#4903);
#4262=AXIS2_PLACEMENT_3D('',#6139,#4904,#4905);
#4263=AXIS2_PLACEMENT_3D('',#6143,#4907,#4908);
#4264=AXIS2_PLACEMENT_3D('',#6145,#4910,#4911);
#4265=AXIS2_PLACEMENT_3D('',#6151,#4915,#4916);
#4266=AXIS2_PLACEMENT_3D('',#6153,#4917,#4918);
#4267=AXIS2_PLACEMENT_3D('',#6156,#4920,#4921);
#4268=AXIS2_PLACEMENT_3D('',#6157,#4922,#4923);
#4269=AXIS2_PLACEMENT_3D('',#6163,#4927,#4928);
#4270=AXIS2_PLACEMENT_3D('',#6165,#4929,#4930);
#4271=AXIS2_PLACEMENT_3D('',#6168,#4932,#4933);
#4272=AXIS2_PLACEMENT_3D('',#6169,#4934,#4935);
#4273=AXIS2_PLACEMENT_3D('',#6175,#4939,#4940);
#4274=AXIS2_PLACEMENT_3D('',#6177,#4941,#4942);
#4275=AXIS2_PLACEMENT_3D('',#6180,#4944,#4945);
#4276=AXIS2_PLACEMENT_3D('',#6181,#4946,#4947);
#4277=AXIS2_PLACEMENT_3D('',#6183,#4948,#4949);
#4278=AXIS2_PLACEMENT_3D('',#6186,#4951,#4952);
#4279=AXIS2_PLACEMENT_3D('',#6187,#4953,#4954);
#4280=AXIS2_PLACEMENT_3D('',#6190,#4957,#4958);
#4281=AXIS2_PLACEMENT_3D('',#6193,#4959,#4960);
#4282=AXIS2_PLACEMENT_3D('',#6197,#4962,#4963);
#4283=AXIS2_PLACEMENT_3D('',#6199,#4965,#4966);
#4284=AXIS2_PLACEMENT_3D('',#6205,#4970,#4971);
#4285=AXIS2_PLACEMENT_3D('',#6207,#4972,#4973);
#4286=AXIS2_PLACEMENT_3D('',#6210,#4975,#4976);
#4287=AXIS2_PLACEMENT_3D('',#6211,#4977,#4978);
#4288=AXIS2_PLACEMENT_3D('',#6217,#4982,#4983);
#4289=AXIS2_PLACEMENT_3D('',#6219,#4984,#4985);
#4290=AXIS2_PLACEMENT_3D('',#6222,#4987,#4988);
#4291=AXIS2_PLACEMENT_3D('',#6223,#4989,#4990);
#4292=AXIS2_PLACEMENT_3D('',#6229,#4994,#4995);
#4293=AXIS2_PLACEMENT_3D('',#6231,#4996,#4997);
#4294=AXIS2_PLACEMENT_3D('',#6234,#4999,#5000);
#4295=AXIS2_PLACEMENT_3D('',#6235,#5001,#5002);
#4296=AXIS2_PLACEMENT_3D('',#6238,#5005,#5006);
#4297=AXIS2_PLACEMENT_3D('',#6247,#5011,#5012);
#4298=AXIS2_PLACEMENT_3D('',#6249,#5013,#5014);
#4299=AXIS2_PLACEMENT_3D('',#6252,#5016,#5017);
#4300=AXIS2_PLACEMENT_3D('',#6253,#5018,#5019);
#4301=AXIS2_PLACEMENT_3D('',#6259,#5023,#5024);
#4302=AXIS2_PLACEMENT_3D('',#6261,#5025,#5026);
#4303=AXIS2_PLACEMENT_3D('',#6264,#5028,#5029);
#4304=AXIS2_PLACEMENT_3D('',#6265,#5030,#5031);
#4305=AXIS2_PLACEMENT_3D('',#6271,#5035,#5036);
#4306=AXIS2_PLACEMENT_3D('',#6273,#5037,#5038);
#4307=AXIS2_PLACEMENT_3D('',#6276,#5040,#5041);
#4308=AXIS2_PLACEMENT_3D('',#6277,#5042,#5043);
#4309=AXIS2_PLACEMENT_3D('',#6283,#5047,#5048);
#4310=AXIS2_PLACEMENT_3D('',#6284,#5049,#5050);
#4311=AXIS2_PLACEMENT_3D('',#6285,#5051,#5052);
#4312=AXIS2_PLACEMENT_3D('',#6286,#5053,#5054);
#4313=AXIS2_PLACEMENT_3D('',#6295,#5059,#5060);
#4314=AXIS2_PLACEMENT_3D('',#6297,#5061,#5062);
#4315=AXIS2_PLACEMENT_3D('',#6300,#5064,#5065);
#4316=AXIS2_PLACEMENT_3D('',#6301,#5066,#5067);
#4317=AXIS2_PLACEMENT_3D('',#6307,#5071,#5072);
#4318=AXIS2_PLACEMENT_3D('',#6309,#5073,#5074);
#4319=AXIS2_PLACEMENT_3D('',#6312,#5076,#5077);
#4320=AXIS2_PLACEMENT_3D('',#6313,#5078,#5079);
#4321=AXIS2_PLACEMENT_3D('',#6319,#5083,#5084);
#4322=AXIS2_PLACEMENT_3D('',#6321,#5085,#5086);
#4323=AXIS2_PLACEMENT_3D('',#6324,#5088,#5089);
#4324=AXIS2_PLACEMENT_3D('',#6325,#5090,#5091);
#4325=AXIS2_PLACEMENT_3D('',#6331,#5095,#5096);
#4326=AXIS2_PLACEMENT_3D('',#6332,#5097,#5098);
#4327=AXIS2_PLACEMENT_3D('',#6333,#5099,#5100);
#4328=AXIS2_PLACEMENT_3D('',#6334,#5101,#5102);
#4329=AXIS2_PLACEMENT_3D('',#6337,#5103,#5104);
#4330=AXIS2_PLACEMENT_3D('',#6341,#5106,#5107);
#4331=AXIS2_PLACEMENT_3D('',#6343,#5109,#5110);
#4332=AXIS2_PLACEMENT_3D('',#6349,#5114,#5115);
#4333=AXIS2_PLACEMENT_3D('',#6351,#5116,#5117);
#4334=AXIS2_PLACEMENT_3D('',#6354,#5119,#5120);
#4335=AXIS2_PLACEMENT_3D('',#6355,#5121,#5122);
#4336=AXIS2_PLACEMENT_3D('',#6361,#5126,#5127);
#4337=AXIS2_PLACEMENT_3D('',#6363,#5128,#5129);
#4338=AXIS2_PLACEMENT_3D('',#6366,#5131,#5132);
#4339=AXIS2_PLACEMENT_3D('',#6367,#5133,#5134);
#4340=AXIS2_PLACEMENT_3D('',#6373,#5138,#5139);
#4341=AXIS2_PLACEMENT_3D('',#6375,#5140,#5141);
#4342=AXIS2_PLACEMENT_3D('',#6378,#5143,#5144);
#4343=AXIS2_PLACEMENT_3D('',#6379,#5145,#5146);
#4344=AXIS2_PLACEMENT_3D('',#6382,#5149,#5150);
#4345=AXIS2_PLACEMENT_3D('',#6391,#5155,#5156);
#4346=AXIS2_PLACEMENT_3D('',#6393,#5157,#5158);
#4347=AXIS2_PLACEMENT_3D('',#6395,#5159,#5160);
#4348=AXIS2_PLACEMENT_3D('',#6397,#5162,#5163);
#4349=AXIS2_PLACEMENT_3D('',#6403,#5167,#5168);
#4350=AXIS2_PLACEMENT_3D('',#6405,#5169,#5170);
#4351=AXIS2_PLACEMENT_3D('',#6407,#5171,#5172);
#4352=AXIS2_PLACEMENT_3D('',#6409,#5174,#5175);
#4353=AXIS2_PLACEMENT_3D('',#6411,#5176,#5177);
#4354=AXIS2_PLACEMENT_3D('',#6413,#5178,#5179);
#4355=AXIS2_PLACEMENT_3D('',#6415,#5181,#5182);
#4356=AXIS2_PLACEMENT_3D('',#6421,#5186,#5187);
#4357=AXIS2_PLACEMENT_3D('',#6423,#5188,#5189);
#4358=AXIS2_PLACEMENT_3D('',#6425,#5190,#5191);
#4359=AXIS2_PLACEMENT_3D('',#6427,#5193,#5194);
#4360=AXIS2_PLACEMENT_3D('',#6433,#5198,#5199);
#4361=AXIS2_PLACEMENT_3D('',#6435,#5200,#5201);
#4362=AXIS2_PLACEMENT_3D('',#6437,#5202,#5203);
#4363=AXIS2_PLACEMENT_3D('',#6439,#5205,#5206);
#4364=AXIS2_PLACEMENT_3D('',#6445,#5210,#5211);
#4365=AXIS2_PLACEMENT_3D('',#6447,#5212,#5213);
#4366=AXIS2_PLACEMENT_3D('',#6449,#5214,#5215);
#4367=AXIS2_PLACEMENT_3D('',#6451,#5217,#5218);
#4368=AXIS2_PLACEMENT_3D('',#6457,#5222,#5223);
#4369=AXIS2_PLACEMENT_3D('',#6459,#5224,#5225);
#4370=AXIS2_PLACEMENT_3D('',#6461,#5226,#5227);
#4371=AXIS2_PLACEMENT_3D('',#6463,#5229,#5230);
#4372=AXIS2_PLACEMENT_3D('',#6469,#5234,#5235);
#4373=AXIS2_PLACEMENT_3D('',#6471,#5236,#5237);
#4374=AXIS2_PLACEMENT_3D('',#6473,#5238,#5239);
#4375=AXIS2_PLACEMENT_3D('',#6475,#5241,#5242);
#4376=AXIS2_PLACEMENT_3D('',#6477,#5243,#5244);
#4377=AXIS2_PLACEMENT_3D('',#6479,#5245,#5246);
#4378=AXIS2_PLACEMENT_3D('',#6481,#5248,#5249);
#4379=AXIS2_PLACEMENT_3D('',#6487,#5253,#5254);
#4380=AXIS2_PLACEMENT_3D('',#6489,#5255,#5256);
#4381=AXIS2_PLACEMENT_3D('',#6491,#5257,#5258);
#4382=AXIS2_PLACEMENT_3D('',#6493,#5260,#5261);
#4383=AXIS2_PLACEMENT_3D('',#6499,#5265,#5266);
#4384=AXIS2_PLACEMENT_3D('',#6501,#5267,#5268);
#4385=AXIS2_PLACEMENT_3D('',#6503,#5269,#5270);
#4386=AXIS2_PLACEMENT_3D('',#6505,#5272,#5273);
#4387=AXIS2_PLACEMENT_3D('',#6511,#5277,#5278);
#4388=AXIS2_PLACEMENT_3D('',#6513,#5279,#5280);
#4389=AXIS2_PLACEMENT_3D('',#6515,#5281,#5282);
#4390=AXIS2_PLACEMENT_3D('',#6517,#5284,#5285);
#4391=AXIS2_PLACEMENT_3D('',#6523,#5289,#5290);
#4392=AXIS2_PLACEMENT_3D('',#6525,#5291,#5292);
#4393=AXIS2_PLACEMENT_3D('',#6527,#5293,#5294);
#4394=AXIS2_PLACEMENT_3D('',#6529,#5296,#5297);
#4395=AXIS2_PLACEMENT_3D('',#6535,#5301,#5302);
#4396=AXIS2_PLACEMENT_3D('',#6537,#5303,#5304);
#4397=AXIS2_PLACEMENT_3D('',#6539,#5305,#5306);
#4398=AXIS2_PLACEMENT_3D('',#6541,#5308,#5309);
#4399=AXIS2_PLACEMENT_3D('',#6547,#5313,#5314);
#4400=AXIS2_PLACEMENT_3D('',#6549,#5315,#5316);
#4401=AXIS2_PLACEMENT_3D('',#6551,#5317,#5318);
#4402=AXIS2_PLACEMENT_3D('',#6553,#5320,#5321);
#4403=AXIS2_PLACEMENT_3D('',#6559,#5325,#5326);
#4404=AXIS2_PLACEMENT_3D('',#6561,#5327,#5328);
#4405=AXIS2_PLACEMENT_3D('',#6563,#5329,#5330);
#4406=AXIS2_PLACEMENT_3D('',#6565,#5332,#5333);
#4407=AXIS2_PLACEMENT_3D('',#6571,#5337,#5338);
#4408=AXIS2_PLACEMENT_3D('',#6573,#5339,#5340);
#4409=AXIS2_PLACEMENT_3D('',#6575,#5341,#5342);
#4410=AXIS2_PLACEMENT_3D('',#6577,#5344,#5345);
#4411=AXIS2_PLACEMENT_3D('',#6583,#5349,#5350);
#4412=AXIS2_PLACEMENT_3D('',#6585,#5351,#5352);
#4413=AXIS2_PLACEMENT_3D('',#6587,#5353,#5354);
#4414=AXIS2_PLACEMENT_3D('',#6589,#5356,#5357);
#4415=AXIS2_PLACEMENT_3D('',#6595,#5361,#5362);
#4416=AXIS2_PLACEMENT_3D('',#6597,#5363,#5364);
#4417=AXIS2_PLACEMENT_3D('',#6599,#5365,#5366);
#4418=AXIS2_PLACEMENT_3D('',#6601,#5368,#5369);
#4419=AXIS2_PLACEMENT_3D('',#6607,#5373,#5374);
#4420=AXIS2_PLACEMENT_3D('',#6609,#5375,#5376);
#4421=AXIS2_PLACEMENT_3D('',#6611,#5377,#5378);
#4422=AXIS2_PLACEMENT_3D('',#6613,#5380,#5381);
#4423=AXIS2_PLACEMENT_3D('',#6619,#5385,#5386);
#4424=AXIS2_PLACEMENT_3D('',#6621,#5387,#5388);
#4425=AXIS2_PLACEMENT_3D('',#6623,#5389,#5390);
#4426=AXIS2_PLACEMENT_3D('',#6625,#5392,#5393);
#4427=AXIS2_PLACEMENT_3D('',#6631,#5397,#5398);
#4428=AXIS2_PLACEMENT_3D('',#6633,#5399,#5400);
#4429=AXIS2_PLACEMENT_3D('',#6635,#5401,#5402);
#4430=AXIS2_PLACEMENT_3D('',#6637,#5404,#5405);
#4431=AXIS2_PLACEMENT_3D('',#6643,#5409,#5410);
#4432=AXIS2_PLACEMENT_3D('',#6645,#5411,#5412);
#4433=AXIS2_PLACEMENT_3D('',#6647,#5413,#5414);
#4434=AXIS2_PLACEMENT_3D('',#6649,#5416,#5417);
#4435=AXIS2_PLACEMENT_3D('',#6655,#5421,#5422);
#4436=AXIS2_PLACEMENT_3D('',#6657,#5423,#5424);
#4437=AXIS2_PLACEMENT_3D('',#6659,#5425,#5426);
#4438=AXIS2_PLACEMENT_3D('',#6661,#5428,#5429);
#4439=AXIS2_PLACEMENT_3D('',#6667,#5433,#5434);
#4440=AXIS2_PLACEMENT_3D('',#6669,#5435,#5436);
#4441=AXIS2_PLACEMENT_3D('',#6671,#5437,#5438);
#4442=AXIS2_PLACEMENT_3D('',#6673,#5440,#5441);
#4443=AXIS2_PLACEMENT_3D('',#6679,#5445,#5446);
#4444=AXIS2_PLACEMENT_3D('',#6681,#5447,#5448);
#4445=AXIS2_PLACEMENT_3D('',#6683,#5449,#5450);
#4446=AXIS2_PLACEMENT_3D('',#6685,#5452,#5453);
#4447=AXIS2_PLACEMENT_3D('',#6687,#5454,#5455);
#4448=AXIS2_PLACEMENT_3D('',#6689,#5456,#5457);
#4449=AXIS2_PLACEMENT_3D('',#6691,#5459,#5460);
#4450=AXIS2_PLACEMENT_3D('',#6697,#5464,#5465);
#4451=AXIS2_PLACEMENT_3D('',#6699,#5466,#5467);
#4452=AXIS2_PLACEMENT_3D('',#6701,#5468,#5469);
#4453=AXIS2_PLACEMENT_3D('',#6703,#5471,#5472);
#4454=AXIS2_PLACEMENT_3D('',#6709,#5476,#5477);
#4455=AXIS2_PLACEMENT_3D('',#6711,#5478,#5479);
#4456=AXIS2_PLACEMENT_3D('',#6713,#5480,#5481);
#4457=AXIS2_PLACEMENT_3D('',#6715,#5483,#5484);
#4458=AXIS2_PLACEMENT_3D('',#6721,#5488,#5489);
#4459=AXIS2_PLACEMENT_3D('',#6723,#5490,#5491);
#4460=AXIS2_PLACEMENT_3D('',#6725,#5492,#5493);
#4461=AXIS2_PLACEMENT_3D('',#6727,#5495,#5496);
#4462=AXIS2_PLACEMENT_3D('',#6733,#5500,#5501);
#4463=AXIS2_PLACEMENT_3D('',#6735,#5502,#5503);
#4464=AXIS2_PLACEMENT_3D('',#6737,#5504,#5505);
#4465=AXIS2_PLACEMENT_3D('',#6739,#5507,#5508);
#4466=AXIS2_PLACEMENT_3D('',#6745,#5512,#5513);
#4467=AXIS2_PLACEMENT_3D('',#6747,#5514,#5515);
#4468=AXIS2_PLACEMENT_3D('',#6749,#5516,#5517);
#4469=AXIS2_PLACEMENT_3D('',#6751,#5519,#5520);
#4470=AXIS2_PLACEMENT_3D('',#6757,#5524,#5525);
#4471=AXIS2_PLACEMENT_3D('',#6759,#5526,#5527);
#4472=AXIS2_PLACEMENT_3D('',#6761,#5528,#5529);
#4473=AXIS2_PLACEMENT_3D('',#6763,#5531,#5532);
#4474=AXIS2_PLACEMENT_3D('',#6769,#5536,#5537);
#4475=AXIS2_PLACEMENT_3D('',#6771,#5538,#5539);
#4476=AXIS2_PLACEMENT_3D('',#6773,#5540,#5541);
#4477=AXIS2_PLACEMENT_3D('',#6775,#5543,#5544);
#4478=AXIS2_PLACEMENT_3D('',#6781,#5548,#5549);
#4479=AXIS2_PLACEMENT_3D('',#6783,#5550,#5551);
#4480=AXIS2_PLACEMENT_3D('',#6785,#5552,#5553);
#4481=AXIS2_PLACEMENT_3D('',#6787,#5555,#5556);
#4482=AXIS2_PLACEMENT_3D('',#6793,#5560,#5561);
#4483=AXIS2_PLACEMENT_3D('',#6795,#5562,#5563);
#4484=AXIS2_PLACEMENT_3D('',#6797,#5564,#5565);
#4485=AXIS2_PLACEMENT_3D('',#6799,#5567,#5568);
#4486=AXIS2_PLACEMENT_3D('',#6805,#5572,#5573);
#4487=AXIS2_PLACEMENT_3D('',#6807,#5574,#5575);
#4488=AXIS2_PLACEMENT_3D('',#6809,#5576,#5577);
#4489=AXIS2_PLACEMENT_3D('',#6811,#5579,#5580);
#4490=AXIS2_PLACEMENT_3D('',#6817,#5584,#5585);
#4491=AXIS2_PLACEMENT_3D('',#6819,#5586,#5587);
#4492=AXIS2_PLACEMENT_3D('',#6821,#5588,#5589);
#4493=AXIS2_PLACEMENT_3D('',#6823,#5591,#5592);
#4494=AXIS2_PLACEMENT_3D('',#6829,#5596,#5597);
#4495=AXIS2_PLACEMENT_3D('',#6831,#5598,#5599);
#4496=AXIS2_PLACEMENT_3D('',#6833,#5600,#5601);
#4497=AXIS2_PLACEMENT_3D('',#6835,#5603,#5604);
#4498=AXIS2_PLACEMENT_3D('',#6841,#5608,#5609);
#4499=AXIS2_PLACEMENT_3D('',#6843,#5610,#5611);
#4500=AXIS2_PLACEMENT_3D('',#6845,#5612,#5613);
#4501=AXIS2_PLACEMENT_3D('',#6847,#5615,#5616);
#4502=AXIS2_PLACEMENT_3D('',#6853,#5620,#5621);
#4503=AXIS2_PLACEMENT_3D('',#6855,#5622,#5623);
#4504=AXIS2_PLACEMENT_3D('',#6857,#5624,#5625);
#4505=AXIS2_PLACEMENT_3D('',#6859,#5627,#5628);
#4506=AXIS2_PLACEMENT_3D('',#6865,#5632,#5633);
#4507=AXIS2_PLACEMENT_3D('',#6867,#5634,#5635);
#4508=AXIS2_PLACEMENT_3D('',#6869,#5636,#5637);
#4509=AXIS2_PLACEMENT_3D('',#6871,#5639,#5640);
#4510=AXIS2_PLACEMENT_3D('',#6873,#5641,#5642);
#4511=AXIS2_PLACEMENT_3D('',#6875,#5643,#5644);
#4512=AXIS2_PLACEMENT_3D('',#6877,#5646,#5647);
#4513=AXIS2_PLACEMENT_3D('',#6879,#5648,#5649);
#4514=AXIS2_PLACEMENT_3D('',#6881,#5650,#5651);
#4515=AXIS2_PLACEMENT_3D('',#6883,#5653,#5654);
#4516=AXIS2_PLACEMENT_3D('',#6885,#5655,#5656);
#4517=AXIS2_PLACEMENT_3D('',#6887,#5657,#5658);
#4518=AXIS2_PLACEMENT_3D('',#6889,#5660,#5661);
#4519=AXIS2_PLACEMENT_3D('',#6895,#5665,#5666);
#4520=AXIS2_PLACEMENT_3D('',#6897,#5667,#5668);
#4521=AXIS2_PLACEMENT_3D('',#6899,#5669,#5670);
#4522=AXIS2_PLACEMENT_3D('',#6901,#5672,#5673);
#4523=AXIS2_PLACEMENT_3D('',#6907,#5677,#5678);
#4524=AXIS2_PLACEMENT_3D('',#6909,#5679,#5680);
#4525=AXIS2_PLACEMENT_3D('',#6911,#5681,#5682);
#4526=AXIS2_PLACEMENT_3D('',#6913,#5684,#5685);
#4527=AXIS2_PLACEMENT_3D('',#6919,#5689,#5690);
#4528=AXIS2_PLACEMENT_3D('',#6921,#5691,#5692);
#4529=AXIS2_PLACEMENT_3D('',#6923,#5693,#5694);
#4530=AXIS2_PLACEMENT_3D('',#6925,#5696,#5697);
#4531=AXIS2_PLACEMENT_3D('',#6931,#5701,#5702);
#4532=AXIS2_PLACEMENT_3D('',#6933,#5703,#5704);
#4533=AXIS2_PLACEMENT_3D('',#6935,#5705,#5706);
#4534=AXIS2_PLACEMENT_3D('',#6937,#5708,#5709);
#4535=AXIS2_PLACEMENT_3D('',#6943,#5713,#5714);
#4536=AXIS2_PLACEMENT_3D('',#6945,#5715,#5716);
#4537=AXIS2_PLACEMENT_3D('',#6947,#5717,#5718);
#4538=AXIS2_PLACEMENT_3D('',#6949,#5720,#5721);
#4539=AXIS2_PLACEMENT_3D('',#6955,#5725,#5726);
#4540=AXIS2_PLACEMENT_3D('',#6957,#5727,#5728);
#4541=AXIS2_PLACEMENT_3D('',#6959,#5729,#5730);
#4542=AXIS2_PLACEMENT_3D('',#6961,#5732,#5733);
#4543=AXIS2_PLACEMENT_3D('',#6967,#5737,#5738);
#4544=AXIS2_PLACEMENT_3D('',#6969,#5739,#5740);
#4545=AXIS2_PLACEMENT_3D('',#6971,#5741,#5742);
#4546=AXIS2_PLACEMENT_3D('',#6973,#5744,#5745);
#4547=AXIS2_PLACEMENT_3D('',#6979,#5749,#5750);
#4548=AXIS2_PLACEMENT_3D('',#6981,#5751,#5752);
#4549=AXIS2_PLACEMENT_3D('',#6983,#5753,#5754);
#4550=AXIS2_PLACEMENT_3D('',#6985,#5756,#5757);
#4551=AXIS2_PLACEMENT_3D('',#6991,#5761,#5762);
#4552=AXIS2_PLACEMENT_3D('',#6993,#5763,#5764);
#4553=AXIS2_PLACEMENT_3D('',#6995,#5765,#5766);
#4554=AXIS2_PLACEMENT_3D('',#6997,#5768,#5769);
#4555=AXIS2_PLACEMENT_3D('',#7003,#5773,#5774);
#4556=AXIS2_PLACEMENT_3D('',#7005,#5775,#5776);
#4557=AXIS2_PLACEMENT_3D('',#7007,#5777,#5778);
#4558=AXIS2_PLACEMENT_3D('',#7009,#5780,#5781);
#4559=AXIS2_PLACEMENT_3D('',#7015,#5785,#5786);
#4560=AXIS2_PLACEMENT_3D('',#7017,#5787,#5788);
#4561=AXIS2_PLACEMENT_3D('',#7019,#5789,#5790);
#4562=AXIS2_PLACEMENT_3D('',#7021,#5792,#5793);
#4563=AXIS2_PLACEMENT_3D('',#7027,#5797,#5798);
#4564=AXIS2_PLACEMENT_3D('',#7029,#5799,#5800);
#4565=AXIS2_PLACEMENT_3D('',#7031,#5801,#5802);
#4566=AXIS2_PLACEMENT_3D('',#7033,#5804,#5805);
#4567=AXIS2_PLACEMENT_3D('',#7039,#5809,#5810);
#4568=AXIS2_PLACEMENT_3D('',#7041,#5811,#5812);
#4569=AXIS2_PLACEMENT_3D('',#7043,#5813,#5814);
#4570=AXIS2_PLACEMENT_3D('',#7045,#5816,#5817);
#4571=AXIS2_PLACEMENT_3D('',#7051,#5821,#5822);
#4572=AXIS2_PLACEMENT_3D('',#7053,#5823,#5824);
#4573=AXIS2_PLACEMENT_3D('',#7055,#5825,#5826);
#4574=AXIS2_PLACEMENT_3D('',#7057,#5828,#5829);
#4575=AXIS2_PLACEMENT_3D('',#7063,#5833,#5834);
#4576=AXIS2_PLACEMENT_3D('',#7065,#5835,#5836);
#4577=AXIS2_PLACEMENT_3D('',#7067,#5837,#5838);
#4578=AXIS2_PLACEMENT_3D('',#7069,#5840,#5841);
#4579=AXIS2_PLACEMENT_3D('',#7075,#5845,#5846);
#4580=AXIS2_PLACEMENT_3D('',#7077,#5847,#5848);
#4581=AXIS2_PLACEMENT_3D('',#7079,#5849,#5850);
#4582=AXIS2_PLACEMENT_3D('',#7081,#5852,#5853);
#4583=AXIS2_PLACEMENT_3D('',#7087,#5857,#5858);
#4584=AXIS2_PLACEMENT_3D('',#7089,#5859,#5860);
#4585=AXIS2_PLACEMENT_3D('',#7091,#5861,#5862);
#4586=AXIS2_PLACEMENT_3D('',#7093,#5864,#5865);
#4587=AXIS2_PLACEMENT_3D('',#7099,#5869,#5870);
#4588=AXIS2_PLACEMENT_3D('',#7100,#5871,#5872);
#4589=AXIS2_PLACEMENT_3D('',#7101,#5873,#5874);
#4590=AXIS2_PLACEMENT_3D('',#7102,#5875,#5876);
#4591=AXIS2_PLACEMENT_3D('',#7103,#5877,#5878);
#4592=AXIS2_PLACEMENT_3D('placement',#7104,#5879,#5880);
#4593=AXIS2_PLACEMENT_3D('',#7105,#5881,#5882);
#4594=AXIS2_PLACEMENT_3D('',#7106,#5883,#5884);
#4595=AXIS2_PLACEMENT_3D('',#7107,#5885,#5886);
#4596=DIRECTION('axis',(0.,0.,1.));
#4597=DIRECTION('refdir',(1.,0.,0.));
#4598=DIRECTION('center_axis',(3.46944695195361E-16,1.,0.));
#4599=DIRECTION('ref_axis',(0.707106781186548,0.,-0.707106781186547));
#4600=DIRECTION('center_axis',(3.46944695195361E-16,1.,0.));
#4601=DIRECTION('ref_axis',(1.,-3.46944695195361E-16,0.));
#4602=DIRECTION('',(3.46944695195361E-16,1.,0.));
#4603=DIRECTION('center_axis',(-3.46944695195361E-16,-1.,0.));
#4604=DIRECTION('ref_axis',(0.,0.,-1.));
#4605=DIRECTION('',(-3.46944695195361E-16,-1.,0.));
#4606=DIRECTION('center_axis',(0.,0.,1.));
#4607=DIRECTION('ref_axis',(0.707106781186548,-0.707106781186547,0.));
#4608=DIRECTION('center_axis',(0.,0.,1.));
#4609=DIRECTION('ref_axis',(0.,-1.,0.));
#4610=DIRECTION('',(0.,0.,1.));
#4611=DIRECTION('center_axis',(0.,0.,-1.));
#4612=DIRECTION('ref_axis',(1.,-3.46944695195361E-16,0.));
#4613=DIRECTION('',(0.,0.,-1.));
#4614=DIRECTION('center_axis',(3.46944695195361E-16,1.,0.));
#4615=DIRECTION('ref_axis',(0.707106781186548,0.,0.707106781186548));
#4616=DIRECTION('center_axis',(3.46944695195361E-16,1.,0.));
#4617=DIRECTION('ref_axis',(0.,0.,1.));
#4618=DIRECTION('',(3.46944695195361E-16,1.,0.));
#4619=DIRECTION('center_axis',(-3.46944695195361E-16,-1.,0.));
#4620=DIRECTION('ref_axis',(1.,-3.46944695195361E-16,0.));
#4621=DIRECTION('',(-3.46944695195361E-16,-1.,0.));
#4622=DIRECTION('center_axis',(0.,0.,1.));
#4623=DIRECTION('ref_axis',(0.707106781186548,0.707106781186547,0.));
#4624=DIRECTION('center_axis',(0.,0.,1.));
#4625=DIRECTION('ref_axis',(1.,-3.46944695195361E-16,0.));
#4626=DIRECTION('',(0.,0.,1.));
#4627=DIRECTION('center_axis',(0.,0.,-1.));
#4628=DIRECTION('ref_axis',(0.,1.,0.));
#4629=DIRECTION('',(0.,0.,-1.));
#4630=DIRECTION('center_axis',(0.408248290463863,-0.816496580927726,0.408248290463864));
#4631=DIRECTION('ref_axis',(0.577350269189625,0.577350269189626,0.577350269189627));
#4632=DIRECTION('center_axis',(1.,0.,0.));
#4633=DIRECTION('ref_axis',(0.,0.707106781186547,0.707106781186548));
#4634=DIRECTION('center_axis',(-0.408248290463863,-0.816496580927726,-0.408248290463863));
#4635=DIRECTION('ref_axis',(0.577350269189626,-0.577350269189625,0.577350269189626));
#4636=DIRECTION('center_axis',(1.,0.,0.));
#4637=DIRECTION('ref_axis',(0.,-0.707106781186547,0.707106781186548));
#4638=DIRECTION('center_axis',(-0.408248290463863,0.408248290463863,-0.816496580927726));
#4639=DIRECTION('ref_axis',(0.577350269189626,-0.577350269189626,-0.577350269189626));
#4640=DIRECTION('center_axis',(1.,0.,0.));
#4641=DIRECTION('ref_axis',(0.,-0.707106781186547,-0.707106781186548));
#4642=DIRECTION('center_axis',(0.408248290463863,-0.816496580927726,-0.408248290463863));
#4643=DIRECTION('ref_axis',(0.577350269189626,0.577350269189626,-0.577350269189626));
#4644=DIRECTION('center_axis',(1.,0.,0.));
#4645=DIRECTION('ref_axis',(0.,0.707106781186547,-0.707106781186548));
#4646=DIRECTION('center_axis',(1.,0.,0.));
#4647=DIRECTION('ref_axis',(0.,-0.707106781186547,0.707106781186548));
#4648=DIRECTION('',(-1.,0.,0.));
#4649=DIRECTION('center_axis',(1.,0.,0.));
#4650=DIRECTION('ref_axis',(0.,-0.707106781186547,0.707106781186548));
#4651=DIRECTION('',(1.,0.,0.));
#4652=DIRECTION('center_axis',(0.,0.,1.));
#4653=DIRECTION('ref_axis',(1.,0.,0.));
#4654=DIRECTION('',(1.,0.,0.));
#4655=DIRECTION('',(0.,-1.,0.));
#4656=DIRECTION('center_axis',(-1.,0.,0.));
#4657=DIRECTION('ref_axis',(0.,0.707106781186547,0.707106781186548));
#4658=DIRECTION('',(-1.,0.,0.));
#4659=DIRECTION('center_axis',(1.,0.,0.));
#4660=DIRECTION('ref_axis',(0.,0.707106781186547,0.707106781186548));
#4661=DIRECTION('center_axis',(0.,1.,0.));
#4662=DIRECTION('ref_axis',(-1.,0.,0.));
#4663=DIRECTION('',(1.,0.,0.));
#4664=DIRECTION('',(0.,0.,1.));
#4665=DIRECTION('center_axis',(1.,-3.46944695195361E-16,0.));
#4666=DIRECTION('ref_axis',(3.44169137633799E-16,1.,0.));
#4667=DIRECTION('center_axis',(1.,0.,0.));
#4668=DIRECTION('ref_axis',(0.,-0.707106781186547,-0.707106781186548));
#4669=DIRECTION('',(-1.,0.,0.));
#4670=DIRECTION('center_axis',(1.,0.,0.));
#4671=DIRECTION('ref_axis',(0.,-0.707106781186547,-0.707106781186548));
#4672=DIRECTION('',(1.,0.,0.));
#4673=DIRECTION('center_axis',(0.,0.,1.));
#4674=DIRECTION('ref_axis',(1.,0.,0.));
#4675=DIRECTION('',(0.,1.,0.));
#4676=DIRECTION('',(-1.,0.,0.));
#4677=DIRECTION('center_axis',(1.,0.,0.));
#4678=DIRECTION('ref_axis',(0.,1.,0.));
#4679=DIRECTION('',(0.,0.,-1.));
#4680=DIRECTION('center_axis',(1.,0.,0.));
#4681=DIRECTION('ref_axis',(0.,0.707106781186547,-0.707106781186548));
#4682=DIRECTION('center_axis',(-1.,0.,0.));
#4683=DIRECTION('ref_axis',(0.,0.707106781186547,-0.707106781186548));
#4684=DIRECTION('center_axis',(0.,-1.,0.));
#4685=DIRECTION('ref_axis',(1.,0.,0.));
#4686=DIRECTION('center_axis',(-2.77555756156289E-15,-1.,0.));
#4687=DIRECTION('ref_axis',(-0.707106781186548,1.96261557335472E-15,0.707106781186548));
#4688=DIRECTION('center_axis',(-2.77555756156289E-15,-1.,0.));
#4689=DIRECTION('ref_axis',(0.,0.,1.));
#4690=DIRECTION('',(-2.77555756156289E-15,-1.,0.));
#4691=DIRECTION('center_axis',(2.77555756156289E-15,1.,-3.46944695195361E-16));
#4692=DIRECTION('ref_axis',(-1.,2.77555756156289E-15,0.));
#4693=DIRECTION('',(2.77555756156289E-15,1.,0.));
#4694=DIRECTION('center_axis',(0.,0.,1.));
#4695=DIRECTION('ref_axis',(-0.707106781186549,-0.707106781186546,0.));
#4696=DIRECTION('center_axis',(0.,0.,1.));
#4697=DIRECTION('ref_axis',(-1.,2.77555756156289E-15,0.));
#4698=DIRECTION('',(0.,0.,1.));
#4699=DIRECTION('center_axis',(0.,0.,-1.));
#4700=DIRECTION('ref_axis',(0.,-1.,0.));
#4701=DIRECTION('',(0.,0.,-1.));
#4702=DIRECTION('center_axis',(0.408248290463862,-0.816496580927727,-0.408248290463862));
#4703=DIRECTION('ref_axis',(-0.577350269189627,-0.577350269189624,0.577350269189627));
#4704=DIRECTION('center_axis',(-1.,0.,0.));
#4705=DIRECTION('ref_axis',(0.,-0.707106781186547,0.707106781186548));
#4706=DIRECTION('center_axis',(-2.77555756156289E-15,-1.,0.));
#4707=DIRECTION('ref_axis',(-0.707106781186548,1.96261557335472E-15,-0.707106781186547));
#4708=DIRECTION('center_axis',(-2.77555756156289E-15,-1.,0.));
#4709=DIRECTION('ref_axis',(-1.,2.77555756156289E-15,0.));
#4710=DIRECTION('',(-2.77555756156289E-15,-1.,0.));
#4711=DIRECTION('center_axis',(2.77555756156289E-15,1.,3.46944695195361E-16));
#4712=DIRECTION('ref_axis',(0.,3.46944695195361E-16,-1.));
#4713=DIRECTION('',(2.77555756156289E-15,1.,0.));
#4714=DIRECTION('center_axis',(0.408248290463864,0.408248290463862,-0.816496580927726));
#4715=DIRECTION('ref_axis',(-0.577350269189627,-0.577350269189624,-0.577350269189626));
#4716=DIRECTION('center_axis',(-1.,0.,0.));
#4717=DIRECTION('ref_axis',(0.,-0.707106781186547,-0.707106781186548));
#4718=DIRECTION('center_axis',(0.,0.,1.));
#4719=DIRECTION('ref_axis',(-0.707106781186547,0.707106781186548,0.));
#4720=DIRECTION('center_axis',(0.,0.,1.));
#4721=DIRECTION('ref_axis',(0.,1.,0.));
#4722=DIRECTION('',(0.,0.,1.));
#4723=DIRECTION('center_axis',(0.,0.,-1.));
#4724=DIRECTION('ref_axis',(-1.,2.77555756156289E-15,0.));
#4725=DIRECTION('',(0.,0.,-1.));
#4726=DIRECTION('center_axis',(-0.816496580927726,-0.408248290463864,0.408248290463863));
#4727=DIRECTION('ref_axis',(-0.577350269189626,0.577350269189626,-0.577350269189625));
#4728=DIRECTION('center_axis',(-1.,0.,0.));
#4729=DIRECTION('ref_axis',(0.,0.707106781186547,-0.707106781186548));
#4730=DIRECTION('center_axis',(-0.816496580927726,-0.408248290463863,-0.408248290463863));
#4731=DIRECTION('ref_axis',(-0.577350269189626,0.577350269189626,0.577350269189626));
#4732=DIRECTION('center_axis',(-1.,0.,0.));
#4733=DIRECTION('ref_axis',(0.,0.707106781186547,0.707106781186548));
#4734=DIRECTION('center_axis',(1.,0.,0.));
#4735=DIRECTION('ref_axis',(0.,-0.707106781186547,-0.707106781186548));
#4736=DIRECTION('',(1.,0.,0.));
#4737=DIRECTION('center_axis',(-1.,0.,0.));
#4738=DIRECTION('ref_axis',(0.,-0.707106781186547,-0.707106781186548));
#4739=DIRECTION('',(-1.,0.,0.));
#4740=DIRECTION('center_axis',(0.,0.,1.));
#4741=DIRECTION('ref_axis',(1.,0.,0.));
#4742=DIRECTION('',(-1.,0.,0.));
#4743=DIRECTION('',(0.,-1.,0.));
#4744=DIRECTION('center_axis',(-1.,0.,0.));
#4745=DIRECTION('ref_axis',(0.,0.707106781186547,-0.707106781186548));
#4746=DIRECTION('',(1.,0.,0.));
#4747=DIRECTION('center_axis',(-1.,0.,0.));
#4748=DIRECTION('ref_axis',(0.,0.707106781186547,-0.707106781186548));
#4749=DIRECTION('center_axis',(0.,1.,0.));
#4750=DIRECTION('ref_axis',(-1.,0.,0.));
#4751=DIRECTION('',(-1.,0.,0.));
#4752=DIRECTION('',(0.,0.,-1.));
#4753=DIRECTION('center_axis',(-1.,2.77555756156289E-15,0.));
#4754=DIRECTION('ref_axis',(-2.77555756156289E-15,-1.,0.));
#4755=DIRECTION('center_axis',(1.,0.,0.));
#4756=DIRECTION('ref_axis',(0.,-0.707106781186547,0.707106781186548));
#4757=DIRECTION('',(1.,0.,0.));
#4758=DIRECTION('center_axis',(-1.,0.,0.));
#4759=DIRECTION('ref_axis',(0.,-0.707106781186547,0.707106781186548));
#4760=DIRECTION('',(-1.,0.,0.));
#4761=DIRECTION('center_axis',(0.,0.,1.));
#4762=DIRECTION('ref_axis',(1.,0.,0.));
#4763=DIRECTION('',(0.,1.,0.));
#4764=DIRECTION('',(1.,0.,0.));
#4765=DIRECTION('center_axis',(-1.,0.,0.));
#4766=DIRECTION('ref_axis',(0.,0.707106781186547,0.707106781186548));
#4767=DIRECTION('center_axis',(-1.,0.,0.));
#4768=DIRECTION('ref_axis',(0.,0.707106781186547,0.707106781186548));
#4769=DIRECTION('center_axis',(0.,-1.,0.));
#4770=DIRECTION('ref_axis',(1.,0.,0.));
#4771=DIRECTION('',(0.,0.,1.));
#4772=DIRECTION('center_axis',(-1.,0.,0.));
#4773=DIRECTION('ref_axis',(0.,-1.,0.));
#4774=DIRECTION('axis',(0.,0.,1.));
#4775=DIRECTION('refdir',(1.,0.,0.));
#4776=DIRECTION('center_axis',(0.,-1.,0.));
#4777=DIRECTION('ref_axis',(-0.707106781186548,0.,0.707106781186548));
#4778=DIRECTION('center_axis',(0.,-1.,0.));
#4779=DIRECTION('ref_axis',(0.,0.,1.));
#4780=DIRECTION('',(0.,-1.,0.));
#4781=DIRECTION('center_axis',(0.,1.,0.));
#4782=DIRECTION('ref_axis',(-1.,0.,0.));
#4783=DIRECTION('',(0.,1.,0.));
#4784=DIRECTION('center_axis',(0.,0.,1.));
#4785=DIRECTION('ref_axis',(-0.707106781186548,-0.707106781186547,0.));
#4786=DIRECTION('center_axis',(0.,0.,1.));
#4787=DIRECTION('ref_axis',(-1.,0.,0.));
#4788=DIRECTION('',(0.,0.,1.));
#4789=DIRECTION('center_axis',(0.,0.,-1.));
#4790=DIRECTION('ref_axis',(0.,-1.,0.));
#4791=DIRECTION('',(0.,0.,-1.));
#4792=DIRECTION('center_axis',(0.408248290463863,-0.816496580927726,-0.408248290463863));
#4793=DIRECTION('ref_axis',(-0.577350269189626,-0.577350269189625,0.577350269189626));
#4794=DIRECTION('center_axis',(-1.,-2.19585250123646E-16,0.));
#4795=DIRECTION('ref_axis',(0.,-0.707106781186547,0.707106781186548));
#4796=DIRECTION('center_axis',(0.,-1.,0.));
#4797=DIRECTION('ref_axis',(-0.707106781186548,0.,-0.707106781186547));
#4798=DIRECTION('center_axis',(0.,-1.,0.));
#4799=DIRECTION('ref_axis',(-1.,0.,0.));
#4800=DIRECTION('',(0.,-1.,0.));
#4801=DIRECTION('center_axis',(0.,1.,0.));
#4802=DIRECTION('ref_axis',(0.,0.,-1.));
#4803=DIRECTION('',(0.,1.,0.));
#4804=DIRECTION('center_axis',(0.408248290463863,0.408248290463863,-0.816496580927726));
#4805=DIRECTION('ref_axis',(-0.577350269189626,-0.577350269189625,-0.577350269189626));
#4806=DIRECTION('center_axis',(-1.,-2.19585250123646E-16,0.));
#4807=DIRECTION('ref_axis',(0.,-0.707106781186547,-0.707106781186548));
#4808=DIRECTION('center_axis',(0.,0.,1.));
#4809=DIRECTION('ref_axis',(-0.707106781186548,0.707106781186547,0.));
#4810=DIRECTION('center_axis',(0.,0.,1.));
#4811=DIRECTION('ref_axis',(0.,1.,0.));
#4812=DIRECTION('',(0.,0.,1.));
#4813=DIRECTION('center_axis',(0.,0.,-1.));
#4814=DIRECTION('ref_axis',(-1.,0.,0.));
#4815=DIRECTION('',(0.,0.,-1.));
#4816=DIRECTION('center_axis',(0.408248290463863,-0.408248290463863,-0.816496580927726));
#4817=DIRECTION('ref_axis',(-0.577350269189626,0.577350269189626,-0.577350269189626));
#4818=DIRECTION('center_axis',(-1.,-3.51336400197834E-16,0.));
#4819=DIRECTION('ref_axis',(0.,0.707106781186548,-0.707106781186547));
#4820=DIRECTION('center_axis',(-0.816496580927726,-0.408248290463863,-0.408248290463863));
#4821=DIRECTION('ref_axis',(-0.577350269189626,0.577350269189626,0.577350269189626));
#4822=DIRECTION('center_axis',(-1.,-3.51336400197834E-16,0.));
#4823=DIRECTION('ref_axis',(0.,0.707106781186548,0.707106781186547));
#4824=DIRECTION('center_axis',(1.,2.19585250123646E-16,0.));
#4825=DIRECTION('ref_axis',(0.,-0.707106781186547,-0.707106781186548));
#4826=DIRECTION('',(1.,2.19585250123646E-16,0.));
#4827=DIRECTION('center_axis',(1.,2.19585250123646E-16,0.));
#4828=DIRECTION('ref_axis',(0.,-0.707106781186547,-0.707106781186548));
#4829=DIRECTION('',(-1.,-2.19585250123646E-16,0.));
#4830=DIRECTION('center_axis',(0.,0.,1.));
#4831=DIRECTION('ref_axis',(1.,0.,0.));
#4832=DIRECTION('',(-1.,-3.51336400197834E-16,0.));
#4833=DIRECTION('',(-1.77920356510442E-16,1.,0.));
#4834=DIRECTION('center_axis',(-1.,-3.51336400197834E-16,0.));
#4835=DIRECTION('ref_axis',(0.,0.707106781186548,-0.707106781186547));
#4836=DIRECTION('',(1.,3.51336400197834E-16,0.));
#4837=DIRECTION('center_axis',(1.,3.51336400197834E-16,0.));
#4838=DIRECTION('ref_axis',(0.,0.707106781186547,-0.707106781186547));
#4839=DIRECTION('center_axis',(-3.51336400197834E-16,1.,0.));
#4840=DIRECTION('ref_axis',(-1.,-3.49720252756924E-16,0.));
#4841=DIRECTION('',(-1.,-3.51336400197834E-16,0.));
#4842=DIRECTION('',(0.,0.,1.));
#4843=DIRECTION('center_axis',(-1.,0.,0.));
#4844=DIRECTION('ref_axis',(0.,-1.,0.));
#4845=DIRECTION('center_axis',(-1.77920356510442E-16,1.,0.));
#4846=DIRECTION('ref_axis',(0.707106781186548,4.90653893338679E-16,0.707106781186548));
#4847=DIRECTION('center_axis',(-3.46944695195361E-16,1.,0.));
#4848=DIRECTION('ref_axis',(0.,0.,1.));
#4849=DIRECTION('',(-1.77920356510442E-16,1.,0.));
#4850=DIRECTION('center_axis',(3.46944695195361E-16,-1.,-4.81482486096808E-31));
#4851=DIRECTION('ref_axis',(1.,3.46944695195361E-16,0.));
#4852=DIRECTION('',(1.77920356510442E-16,-1.,0.));
#4853=DIRECTION('center_axis',(0.,0.,1.));
#4854=DIRECTION('ref_axis',(0.707106781186548,0.707106781186548,0.));
#4855=DIRECTION('center_axis',(0.,0.,1.));
#4856=DIRECTION('ref_axis',(1.,3.46944695195362E-16,0.));
#4857=DIRECTION('center_axis',(0.,0.,-1.));
#4858=DIRECTION('ref_axis',(0.,1.,0.));
#4859=DIRECTION('',(0.,0.,-1.));
#4860=DIRECTION('center_axis',(0.408248290463864,0.408248290463862,-0.816496580927726));
#4861=DIRECTION('ref_axis',(0.577350269189627,0.577350269189625,0.577350269189626));
#4862=DIRECTION('center_axis',(1.,3.51336400197834E-16,0.));
#4863=DIRECTION('ref_axis',(0.,0.707106781186547,0.707106781186548));
#4864=DIRECTION('center_axis',(-1.77920356510442E-16,1.,0.));
#4865=DIRECTION('ref_axis',(0.707106781186548,4.90653893338679E-16,-0.707106781186547));
#4866=DIRECTION('center_axis',(-3.46944695195361E-16,1.,0.));
#4867=DIRECTION('ref_axis',(1.,3.46944695195361E-16,0.));
#4868=DIRECTION('center_axis',(3.46944695195361E-16,-1.,4.81482486096808E-31));
#4869=DIRECTION('ref_axis',(1.38777878078145E-15,0.,-1.));
#4870=DIRECTION('',(1.77920356510442E-16,-1.,0.));
#4871=DIRECTION('center_axis',(0.408248290463863,-0.816496580927726,-0.408248290463863));
#4872=DIRECTION('ref_axis',(0.577350269189626,0.577350269189626,-0.577350269189626));
#4873=DIRECTION('center_axis',(0.,0.,1.));
#4874=DIRECTION('ref_axis',(0.707106781186548,-0.707106781186547,0.));
#4875=DIRECTION('center_axis',(0.,0.,1.));
#4876=DIRECTION('ref_axis',(0.,-1.,0.));
#4877=DIRECTION('',(0.,0.,1.));
#4878=DIRECTION('center_axis',(0.,0.,-1.));
#4879=DIRECTION('ref_axis',(1.,3.46944695195361E-16,0.));
#4880=DIRECTION('',(0.,0.,-1.));
#4881=DIRECTION('center_axis',(-0.408248290463863,0.408248290463863,-0.816496580927726));
#4882=DIRECTION('ref_axis',(0.577350269189626,-0.577350269189626,-0.577350269189626));
#4883=DIRECTION('center_axis',(-0.408248290463863,-0.816496580927726,-0.408248290463863));
#4884=DIRECTION('ref_axis',(0.577350269189626,-0.577350269189625,0.577350269189626));
#4885=DIRECTION('center_axis',(1.,2.19585250123646E-16,0.));
#4886=DIRECTION('ref_axis',(0.,-0.707106781186547,0.707106781186548));
#4887=DIRECTION('center_axis',(2.19585250123646E-16,-1.,0.));
#4888=DIRECTION('ref_axis',(1.,2.22044604925031E-16,0.));
#4889=DIRECTION('',(1.,2.19585250123646E-16,0.));
#4890=DIRECTION('center_axis',(1.,1.77920356510442E-16,0.));
#4891=DIRECTION('ref_axis',(-1.77635683940025E-16,1.,0.));
#4892=DIRECTION('center_axis',(1.,2.19585250123646E-16,0.));
#4893=DIRECTION('ref_axis',(0.,-0.707106781186547,0.707106781186548));
#4894=DIRECTION('',(-1.,-2.19585250123646E-16,0.));
#4895=DIRECTION('center_axis',(0.,0.,1.));
#4896=DIRECTION('ref_axis',(1.,0.,0.));
#4897=DIRECTION('',(1.,3.51336400197834E-16,0.));
#4898=DIRECTION('center_axis',(-1.,-3.51336400197834E-16,0.));
#4899=DIRECTION('ref_axis',(0.,0.707106781186548,0.707106781186548));
#4900=DIRECTION('axis',(0.,0.,1.));
#4901=DIRECTION('refdir',(1.,0.,0.));
#4902=DIRECTION('center_axis',(0.,0.,1.));
#4903=DIRECTION('ref_axis',(0.961557023269527,-0.274605336803651,0.));
#4904=DIRECTION('center_axis',(0.,0.,1.));
#4905=DIRECTION('ref_axis',(0.961557023269527,-0.274605336803651,0.));
#4906=DIRECTION('',(0.,0.,1.));
#4907=DIRECTION('center_axis',(0.,0.,-1.));
#4908=DIRECTION('ref_axis',(0.961557023269527,-0.274605336803651,0.));
#4909=DIRECTION('',(0.,0.,1.));
#4910=DIRECTION('center_axis',(-0.961557023267776,0.274605336809783,0.));
#4911=DIRECTION('ref_axis',(-0.274605336809783,-0.961557023267776,0.));
#4912=DIRECTION('',(-0.274605336809783,-0.961557023267776,0.));
#4913=DIRECTION('',(0.,0.,1.));
#4914=DIRECTION('',(0.274605336809783,0.961557023267776,0.));
#4915=DIRECTION('center_axis',(0.,0.,1.));
#4916=DIRECTION('ref_axis',(-3.9539298152265E-12,-1.,0.));
#4917=DIRECTION('center_axis',(0.,0.,1.));
#4918=DIRECTION('ref_axis',(-3.9539298152265E-12,-1.,0.));
#4919=DIRECTION('',(0.,0.,1.));
#4920=DIRECTION('center_axis',(0.,0.,-1.));
#4921=DIRECTION('ref_axis',(-3.9539298152265E-12,-1.,0.));
#4922=DIRECTION('center_axis',(0.,1.,0.));
#4923=DIRECTION('ref_axis',(-1.,0.,0.));
#4924=DIRECTION('',(-1.,0.,0.));
#4925=DIRECTION('',(0.,0.,1.));
#4926=DIRECTION('',(1.,0.,0.));
#4927=DIRECTION('center_axis',(0.,0.,1.));
#4928=DIRECTION('ref_axis',(-1.,-4.43758835983176E-12,0.));
#4929=DIRECTION('center_axis',(0.,0.,1.));
#4930=DIRECTION('ref_axis',(-1.,-4.43758835983176E-12,0.));
#4931=DIRECTION('',(0.,0.,1.));
#4932=DIRECTION('center_axis',(0.,0.,-1.));
#4933=DIRECTION('ref_axis',(-1.,-4.43758835983176E-12,0.));
#4934=DIRECTION('center_axis',(1.,0.,0.));
#4935=DIRECTION('ref_axis',(0.,1.,0.));
#4936=DIRECTION('',(0.,1.,0.));
#4937=DIRECTION('',(0.,0.,1.));
#4938=DIRECTION('',(0.,-1.,0.));
#4939=DIRECTION('center_axis',(0.,0.,1.));
#4940=DIRECTION('ref_axis',(-0.87866988831863,0.477429814069174,0.));
#4941=DIRECTION('center_axis',(0.,0.,1.));
#4942=DIRECTION('ref_axis',(-0.87866988831863,0.477429814069174,0.));
#4943=DIRECTION('',(0.,0.,1.));
#4944=DIRECTION('center_axis',(0.,0.,-1.));
#4945=DIRECTION('ref_axis',(-0.87866988831863,0.477429814069174,0.));
#4946=DIRECTION('center_axis',(0.,0.,1.));
#4947=DIRECTION('ref_axis',(3.86684616998217E-12,1.,0.));
#4948=DIRECTION('center_axis',(0.,0.,1.));
#4949=DIRECTION('ref_axis',(3.86684616998217E-12,1.,0.));
#4950=DIRECTION('',(0.,0.,1.));
#4951=DIRECTION('center_axis',(0.,0.,-1.));
#4952=DIRECTION('ref_axis',(3.86684616998217E-12,1.,0.));
#4953=DIRECTION('center_axis',(0.,-1.,0.));
#4954=DIRECTION('ref_axis',(1.,0.,0.));
#4955=DIRECTION('',(1.,0.,0.));
#4956=DIRECTION('',(-1.,0.,0.));
#4957=DIRECTION('center_axis',(0.,0.,1.));
#4958=DIRECTION('ref_axis',(-4.35847386339783E-12,-1.,0.));
#4959=DIRECTION('center_axis',(0.,0.,1.));
#4960=DIRECTION('ref_axis',(-4.35847386339783E-12,-1.,0.));
#4961=DIRECTION('',(0.,0.,1.));
#4962=DIRECTION('center_axis',(0.,0.,-1.));
#4963=DIRECTION('ref_axis',(-4.35847386339783E-12,-1.,0.));
#4964=DIRECTION('',(0.,0.,1.));
#4965=DIRECTION('center_axis',(0.,-1.,0.));
#4966=DIRECTION('ref_axis',(1.,0.,0.));
#4967=DIRECTION('',(1.,0.,0.));
#4968=DIRECTION('',(0.,0.,1.));
#4969=DIRECTION('',(-1.,0.,0.));
#4970=DIRECTION('center_axis',(0.,0.,1.));
#4971=DIRECTION('ref_axis',(-0.96161241323277,0.274411309381826,0.));
#4972=DIRECTION('center_axis',(0.,0.,1.));
#4973=DIRECTION('ref_axis',(-0.96161241323277,0.274411309381826,0.));
#4974=DIRECTION('',(0.,0.,1.));
#4975=DIRECTION('center_axis',(0.,0.,-1.));
#4976=DIRECTION('ref_axis',(-0.96161241323277,0.274411309381826,0.));
#4977=DIRECTION('center_axis',(-0.96161241323101,0.274411309387995,0.));
#4978=DIRECTION('ref_axis',(-0.274411309387995,-0.96161241323101,0.));
#4979=DIRECTION('',(-0.274411309387995,-0.96161241323101,0.));
#4980=DIRECTION('',(0.,0.,1.));
#4981=DIRECTION('',(0.274411309387995,0.96161241323101,0.));
#4982=DIRECTION('center_axis',(0.,0.,1.));
#4983=DIRECTION('ref_axis',(0.000110364229261144,0.999999993909868,0.));
#4984=DIRECTION('center_axis',(0.,0.,1.));
#4985=DIRECTION('ref_axis',(0.000110364229261144,0.999999993909868,0.));
#4986=DIRECTION('',(0.,0.,1.));
#4987=DIRECTION('center_axis',(0.,0.,-1.));
#4988=DIRECTION('ref_axis',(0.000110364229261144,0.999999993909868,0.));
#4989=DIRECTION('center_axis',(0.00011036422492697,0.999999993909869,0.));
#4990=DIRECTION('ref_axis',(-0.999999993909869,0.00011036422492697,0.));
#4991=DIRECTION('',(-0.999999993909869,0.00011036422492697,0.));
#4992=DIRECTION('',(0.,0.,1.));
#4993=DIRECTION('',(0.999999993909869,-0.00011036422492697,0.));
#4994=DIRECTION('center_axis',(0.,0.,1.));
#4995=DIRECTION('ref_axis',(0.961802592417396,-0.273743992115219,0.));
#4996=DIRECTION('center_axis',(0.,0.,1.));
#4997=DIRECTION('ref_axis',(0.961802592417396,-0.273743992115219,0.));
#4998=DIRECTION('',(0.,0.,1.));
#4999=DIRECTION('center_axis',(0.,0.,-1.));
#5000=DIRECTION('ref_axis',(0.961802592417396,-0.273743992115219,0.));
#5001=DIRECTION('center_axis',(0.961802592417339,-0.273743992115418,0.));
#5002=DIRECTION('ref_axis',(0.273743992115418,0.961802592417339,0.));
#5003=DIRECTION('',(0.273743992115418,0.961802592417339,0.));
#5004=DIRECTION('',(-0.273743992115418,-0.961802592417339,0.));
#5005=DIRECTION('center_axis',(0.96180259241734,-0.273743992115416,0.));
#5006=DIRECTION('ref_axis',(0.273743992115416,0.96180259241734,0.));
#5007=DIRECTION('',(0.273743992115416,0.961802592417339,0.));
#5008=DIRECTION('',(0.,0.,1.));
#5009=DIRECTION('',(-0.273743992115416,-0.961802592417339,0.));
#5010=DIRECTION('',(0.,0.,1.));
#5011=DIRECTION('center_axis',(0.,0.,1.));
#5012=DIRECTION('ref_axis',(-4.26952541720679E-12,-1.,0.));
#5013=DIRECTION('center_axis',(0.,0.,1.));
#5014=DIRECTION('ref_axis',(-4.26952541720679E-12,-1.,0.));
#5015=DIRECTION('',(0.,0.,1.));
#5016=DIRECTION('center_axis',(0.,0.,-1.));
#5017=DIRECTION('ref_axis',(-4.26952541720679E-12,-1.,0.));
#5018=DIRECTION('center_axis',(0.,-1.,0.));
#5019=DIRECTION('ref_axis',(1.,0.,0.));
#5020=DIRECTION('',(1.,0.,0.));
#5021=DIRECTION('',(0.,0.,1.));
#5022=DIRECTION('',(-1.,0.,0.));
#5023=DIRECTION('center_axis',(0.,0.,1.));
#5024=DIRECTION('ref_axis',(-0.961612413232753,0.274411309381886,0.));
#5025=DIRECTION('center_axis',(0.,0.,1.));
#5026=DIRECTION('ref_axis',(-0.961612413232753,0.274411309381886,0.));
#5027=DIRECTION('',(0.,0.,1.));
#5028=DIRECTION('center_axis',(0.,0.,-1.));
#5029=DIRECTION('ref_axis',(-0.961612413232753,0.274411309381886,0.));
#5030=DIRECTION('center_axis',(-0.961612413231005,0.274411309388012,0.));
#5031=DIRECTION('ref_axis',(-0.274411309388012,-0.961612413231005,0.));
#5032=DIRECTION('',(-0.274411309388012,-0.961612413231005,0.));
#5033=DIRECTION('',(0.,0.,1.));
#5034=DIRECTION('',(0.274411309388012,0.961612413231005,0.));
#5035=DIRECTION('center_axis',(0.,0.,1.));
#5036=DIRECTION('ref_axis',(0.000110364229205723,0.999999993909868,0.));
#5037=DIRECTION('center_axis',(0.,0.,1.));
#5038=DIRECTION('ref_axis',(0.000110364229205723,0.999999993909868,0.));
#5039=DIRECTION('',(0.,0.,1.));
#5040=DIRECTION('center_axis',(0.,0.,-1.));
#5041=DIRECTION('ref_axis',(0.000110364229205723,0.999999993909868,0.));
#5042=DIRECTION('center_axis',(0.000110364225040422,0.999999993909869,0.));
#5043=DIRECTION('ref_axis',(-0.999999993909869,0.000110364225040422,0.));
#5044=DIRECTION('',(-0.999999993909869,0.000110364225040422,0.));
#5045=DIRECTION('',(0.,0.,1.));
#5046=DIRECTION('',(0.999999993909869,-0.000110364225040422,0.));
#5047=DIRECTION('center_axis',(0.,0.,1.));
#5048=DIRECTION('ref_axis',(0.961802592417396,-0.273743992115219,0.));
#5049=DIRECTION('center_axis',(0.,0.,1.));
#5050=DIRECTION('ref_axis',(0.961802592417396,-0.273743992115219,0.));
#5051=DIRECTION('center_axis',(0.,0.,-1.));
#5052=DIRECTION('ref_axis',(0.961802592417396,-0.273743992115219,0.));
#5053=DIRECTION('center_axis',(-0.418762389543184,0.908095843567232,0.));
#5054=DIRECTION('ref_axis',(-0.908095843567232,-0.418762389543184,0.));
#5055=DIRECTION('',(-0.908095843567232,-0.418762389543184,0.));
#5056=DIRECTION('',(0.,0.,1.));
#5057=DIRECTION('',(0.908095843567232,0.418762389543184,0.));
#5058=DIRECTION('',(0.,0.,1.));
#5059=DIRECTION('center_axis',(0.,0.,1.));
#5060=DIRECTION('ref_axis',(0.963136685560406,-0.269012499575234,0.));
#5061=DIRECTION('center_axis',(0.,0.,1.));
#5062=DIRECTION('ref_axis',(0.963136685560406,-0.269012499575234,0.));
#5063=DIRECTION('',(0.,0.,1.));
#5064=DIRECTION('center_axis',(0.,0.,-1.));
#5065=DIRECTION('ref_axis',(0.963136685560406,-0.269012499575234,0.));
#5066=DIRECTION('center_axis',(0.963136685558726,-0.269012499581249,0.));
#5067=DIRECTION('ref_axis',(0.269012499581249,0.963136685558726,0.));
#5068=DIRECTION('',(0.269012499581249,0.963136685558726,0.));
#5069=DIRECTION('',(0.,0.,1.));
#5070=DIRECTION('',(-0.269012499581249,-0.963136685558726,0.));
#5071=DIRECTION('center_axis',(0.,0.,1.));
#5072=DIRECTION('ref_axis',(0.0711865301074269,-0.997463020833988,0.));
#5073=DIRECTION('center_axis',(0.,0.,1.));
#5074=DIRECTION('ref_axis',(0.0711865301074269,-0.997463020833988,0.));
#5075=DIRECTION('',(0.,0.,1.));
#5076=DIRECTION('center_axis',(0.,0.,-1.));
#5077=DIRECTION('ref_axis',(0.0711865301074269,-0.997463020833988,0.));
#5078=DIRECTION('center_axis',(0.0711865301113627,-0.997463020833707,0.));
#5079=DIRECTION('ref_axis',(0.997463020833707,0.0711865301113627,0.));
#5080=DIRECTION('',(0.997463020833707,0.0711865301113627,0.));
#5081=DIRECTION('',(0.,0.,1.));
#5082=DIRECTION('',(-0.997463020833707,-0.0711865301113627,0.));
#5083=DIRECTION('center_axis',(0.,0.,1.));
#5084=DIRECTION('ref_axis',(-0.962500176707521,0.271281053223388,0.));
#5085=DIRECTION('center_axis',(0.,0.,1.));
#5086=DIRECTION('ref_axis',(-0.962500176707521,0.271281053223388,0.));
#5087=DIRECTION('',(0.,0.,1.));
#5088=DIRECTION('center_axis',(0.,0.,-1.));
#5089=DIRECTION('ref_axis',(-0.962500176707521,0.271281053223388,0.));
#5090=DIRECTION('center_axis',(-0.962353637470058,0.271800434966813,0.));
#5091=DIRECTION('ref_axis',(-0.271800434966813,-0.962353637470058,0.));
#5092=DIRECTION('',(-0.271800434966813,-0.962353637470058,0.));
#5093=DIRECTION('',(0.,0.,1.));
#5094=DIRECTION('',(0.271800434966813,0.962353637470058,0.));
#5095=DIRECTION('center_axis',(0.,0.,1.));
#5096=DIRECTION('ref_axis',(-0.418762389542229,0.908095843567672,0.));
#5097=DIRECTION('center_axis',(0.,0.,1.));
#5098=DIRECTION('ref_axis',(-0.418762389542229,0.908095843567672,0.));
#5099=DIRECTION('center_axis',(0.,0.,-1.));
#5100=DIRECTION('ref_axis',(-0.418762389542229,0.908095843567672,0.));
#5101=DIRECTION('center_axis',(0.,0.,1.));
#5102=DIRECTION('ref_axis',(0.963136685560593,-0.269012499574566,0.));
#5103=DIRECTION('center_axis',(0.,0.,1.));
#5104=DIRECTION('ref_axis',(0.963136685560593,-0.269012499574566,0.));
#5105=DIRECTION('',(0.,0.,1.));
#5106=DIRECTION('center_axis',(0.,0.,-1.));
#5107=DIRECTION('ref_axis',(0.963136685560593,-0.269012499574566,0.));
#5108=DIRECTION('',(0.,0.,1.));
#5109=DIRECTION('center_axis',(0.963136685558715,-0.269012499581288,0.));
#5110=DIRECTION('ref_axis',(0.269012499581288,0.963136685558715,0.));
#5111=DIRECTION('',(0.269012499581288,0.963136685558715,0.));
#5112=DIRECTION('',(0.,0.,1.));
#5113=DIRECTION('',(-0.269012499581288,-0.963136685558715,0.));
#5114=DIRECTION('center_axis',(0.,0.,1.));
#5115=DIRECTION('ref_axis',(0.0711865301077781,-0.997463020833963,0.));
#5116=DIRECTION('center_axis',(0.,0.,1.));
#5117=DIRECTION('ref_axis',(0.0711865301077781,-0.997463020833963,0.));
#5118=DIRECTION('',(0.,0.,1.));
#5119=DIRECTION('center_axis',(0.,0.,-1.));
#5120=DIRECTION('ref_axis',(0.0711865301077781,-0.997463020833963,0.));
#5121=DIRECTION('center_axis',(0.0711865301112599,-0.997463020833714,0.));
#5122=DIRECTION('ref_axis',(0.997463020833714,0.0711865301112599,0.));
#5123=DIRECTION('',(0.997463020833714,0.0711865301112599,0.));
#5124=DIRECTION('',(0.,0.,1.));
#5125=DIRECTION('',(-0.997463020833714,-0.0711865301112599,0.));
#5126=DIRECTION('center_axis',(0.,0.,1.));
#5127=DIRECTION('ref_axis',(-0.962500176707521,0.271281053223388,0.));
#5128=DIRECTION('center_axis',(0.,0.,1.));
#5129=DIRECTION('ref_axis',(-0.962500176707521,0.271281053223388,0.));
#5130=DIRECTION('',(0.,0.,1.));
#5131=DIRECTION('center_axis',(0.,0.,-1.));
#5132=DIRECTION('ref_axis',(-0.962500176707521,0.271281053223388,0.));
#5133=DIRECTION('center_axis',(-0.962353637470056,0.271800434966821,0.));
#5134=DIRECTION('ref_axis',(-0.271800434966821,-0.962353637470056,0.));
#5135=DIRECTION('',(-0.271800434966821,-0.962353637470055,0.));
#5136=DIRECTION('',(0.,0.,1.));
#5137=DIRECTION('',(0.271800434966821,0.962353637470055,0.));
#5138=DIRECTION('center_axis',(0.,0.,1.));
#5139=DIRECTION('ref_axis',(-0.41876238954237,0.908095843567607,0.));
#5140=DIRECTION('center_axis',(0.,0.,1.));
#5141=DIRECTION('ref_axis',(-0.41876238954237,0.908095843567607,0.));
#5142=DIRECTION('',(0.,0.,1.));
#5143=DIRECTION('center_axis',(0.,0.,-1.));
#5144=DIRECTION('ref_axis',(-0.41876238954237,0.908095843567607,0.));
#5145=DIRECTION('center_axis',(-0.418762389543192,0.908095843567228,0.));
#5146=DIRECTION('ref_axis',(-0.908095843567228,-0.418762389543192,0.));
#5147=DIRECTION('',(-0.908095843567228,-0.418762389543192,0.));
#5148=DIRECTION('',(0.908095843567228,0.418762389543192,0.));
#5149=DIRECTION('center_axis',(0.000601008953978772,0.999999819394102,0.));
#5150=DIRECTION('ref_axis',(-0.999999819394102,0.000601008953978772,0.));
#5151=DIRECTION('',(0.999999819394102,-0.000601008953978772,0.));
#5152=DIRECTION('',(0.,0.,1.));
#5153=DIRECTION('',(-0.999999819394102,0.000601008953978772,0.));
#5154=DIRECTION('',(0.,0.,1.));
#5155=DIRECTION('center_axis',(0.,0.,1.));
#5156=DIRECTION('ref_axis',(-0.407196633157352,-0.913340518068326,0.));
#5157=DIRECTION('center_axis',(0.,0.,1.));
#5158=DIRECTION('ref_axis',(-0.407196633157352,-0.913340518068326,0.));
#5159=DIRECTION('center_axis',(0.,0.,-1.));
#5160=DIRECTION('ref_axis',(-0.407196633157352,-0.913340518068326,0.));
#5161=DIRECTION('',(0.,0.,1.));
#5162=DIRECTION('center_axis',(-0.904446067809742,-0.426587986731337,0.));
#5163=DIRECTION('ref_axis',(0.426587986731337,-0.904446067809742,0.));
#5164=DIRECTION('',(-0.426587986731337,0.904446067809742,0.));
#5165=DIRECTION('',(0.426587986731337,-0.904446067809742,0.));
#5166=DIRECTION('',(0.,0.,1.));
#5167=DIRECTION('center_axis',(0.,0.,1.));
#5168=DIRECTION('ref_axis',(0.998812706984565,0.0487152580426864,0.));
#5169=DIRECTION('center_axis',(0.,0.,-1.));
#5170=DIRECTION('ref_axis',(0.998812706984565,0.0487152580426864,0.));
#5171=DIRECTION('center_axis',(0.,0.,1.));
#5172=DIRECTION('ref_axis',(0.998812706984565,0.0487152580426864,0.));
#5173=DIRECTION('',(0.,0.,1.));
#5174=DIRECTION('center_axis',(0.,0.,1.));
#5175=DIRECTION('ref_axis',(-0.000309791858426065,-0.999999952014501,0.));
#5176=DIRECTION('center_axis',(0.,0.,-1.));
#5177=DIRECTION('ref_axis',(-0.000309791858426065,-0.999999952014501,0.));
#5178=DIRECTION('center_axis',(0.,0.,1.));
#5179=DIRECTION('ref_axis',(-0.000309791858426065,-0.999999952014501,0.));
#5180=DIRECTION('',(0.,0.,1.));
#5181=DIRECTION('center_axis',(0.000309791854038973,0.999999952014503,0.));
#5182=DIRECTION('ref_axis',(-0.999999952014502,0.000309791854038973,0.));
#5183=DIRECTION('',(0.999999952014502,-0.000309791854038973,0.));
#5184=DIRECTION('',(-0.999999952014502,0.000309791854038973,0.));
#5185=DIRECTION('',(0.,0.,1.));
#5186=DIRECTION('center_axis',(0.,0.,1.));
#5187=DIRECTION('ref_axis',(-0.962039506893542,0.272910218159801,0.));
#5188=DIRECTION('center_axis',(0.,0.,-1.));
#5189=DIRECTION('ref_axis',(-0.962039506893542,0.272910218159801,0.));
#5190=DIRECTION('center_axis',(0.,0.,1.));
#5191=DIRECTION('ref_axis',(-0.962039506893542,0.272910218159801,0.));
#5192=DIRECTION('',(0.,0.,1.));
#5193=DIRECTION('center_axis',(0.962039506891753,-0.272910218166107,0.));
#5194=DIRECTION('ref_axis',(0.272910218166107,0.962039506891753,0.));
#5195=DIRECTION('',(-0.272910218166107,-0.962039506891753,0.));
#5196=DIRECTION('',(0.272910218166107,0.962039506891753,0.));
#5197=DIRECTION('',(0.,0.,1.));
#5198=DIRECTION('center_axis',(0.,0.,1.));
#5199=DIRECTION('ref_axis',(-0.943832318966024,0.330424807899191,0.));
#5200=DIRECTION('center_axis',(0.,0.,1.));
#5201=DIRECTION('ref_axis',(-0.943832318966024,0.330424807899191,0.));
#5202=DIRECTION('center_axis',(0.,0.,-1.));
#5203=DIRECTION('ref_axis',(-0.943832318966024,0.330424807899191,0.));
#5204=DIRECTION('',(0.,0.,1.));
#5205=DIRECTION('center_axis',(-0.00218723395510939,0.999997608000952,0.));
#5206=DIRECTION('ref_axis',(-0.999997608000952,-0.00218723395510939,0.));
#5207=DIRECTION('',(0.999997608000952,0.00218723395510939,0.));
#5208=DIRECTION('',(-0.999997608000952,-0.00218723395510939,0.));
#5209=DIRECTION('',(0.,0.,1.));
#5210=DIRECTION('center_axis',(0.,0.,1.));
#5211=DIRECTION('ref_axis',(-0.956049850624175,0.293204166275809,0.));
#5212=DIRECTION('center_axis',(0.,0.,-1.));
#5213=DIRECTION('ref_axis',(-0.956049850624175,0.293204166275809,0.));
#5214=DIRECTION('center_axis',(0.,0.,1.));
#5215=DIRECTION('ref_axis',(-0.956049850624175,0.293204166275809,0.));
#5216=DIRECTION('',(0.,0.,1.));
#5217=DIRECTION('center_axis',(0.956049850622298,-0.293204166281931,0.));
#5218=DIRECTION('ref_axis',(0.293204166281931,0.956049850622298,0.));
#5219=DIRECTION('',(-0.293204166281931,-0.956049850622298,0.));
#5220=DIRECTION('',(0.293204166281931,0.956049850622298,0.));
#5221=DIRECTION('',(0.,0.,1.));
#5222=DIRECTION('center_axis',(0.,0.,1.));
#5223=DIRECTION('ref_axis',(0.000132478629315958,0.999999991224706,0.));
#5224=DIRECTION('center_axis',(0.,0.,-1.));
#5225=DIRECTION('ref_axis',(0.000132478629315958,0.999999991224706,0.));
#5226=DIRECTION('center_axis',(0.,0.,1.));
#5227=DIRECTION('ref_axis',(0.000132478629315958,0.999999991224706,0.));
#5228=DIRECTION('',(0.,0.,1.));
#5229=DIRECTION('center_axis',(-0.000132478625372261,-0.999999991224707,
0.));
#5230=DIRECTION('ref_axis',(0.999999991224707,-0.000132478625372262,0.));
#5231=DIRECTION('',(-0.999999991224707,0.000132478625372261,0.));
#5232=DIRECTION('',(0.999999991224707,-0.000132478625372261,0.));
#5233=DIRECTION('',(0.,0.,1.));
#5234=DIRECTION('center_axis',(0.,0.,1.));
#5235=DIRECTION('ref_axis',(0.806584981944497,0.59111814969733,0.));
#5236=DIRECTION('center_axis',(0.,0.,-1.));
#5237=DIRECTION('ref_axis',(0.806584981944497,0.59111814969733,0.));
#5238=DIRECTION('center_axis',(0.,0.,1.));
#5239=DIRECTION('ref_axis',(0.806584981944497,0.59111814969733,0.));
#5240=DIRECTION('',(0.,0.,1.));
#5241=DIRECTION('center_axis',(0.,0.,1.));
#5242=DIRECTION('ref_axis',(0.960865821499344,-0.277014210961082,0.));
#5243=DIRECTION('center_axis',(0.,0.,-1.));
#5244=DIRECTION('ref_axis',(0.960865821499344,-0.277014210961082,0.));
#5245=DIRECTION('center_axis',(0.,0.,1.));
#5246=DIRECTION('ref_axis',(0.960865821499344,-0.277014210961082,0.));
#5247=DIRECTION('',(0.,0.,1.));
#5248=DIRECTION('center_axis',(-0.96086582149825,0.277014210964877,0.));
#5249=DIRECTION('ref_axis',(-0.277014210964877,-0.96086582149825,0.));
#5250=DIRECTION('',(0.277014210964877,0.96086582149825,0.));
#5251=DIRECTION('',(-0.277014210964877,-0.96086582149825,0.));
#5252=DIRECTION('',(0.,0.,1.));
#5253=DIRECTION('center_axis',(0.,0.,1.));
#5254=DIRECTION('ref_axis',(0.958804502631226,-0.284066762811293,0.));
#5255=DIRECTION('center_axis',(0.,0.,1.));
#5256=DIRECTION('ref_axis',(0.958804502631226,-0.284066762811293,0.));
#5257=DIRECTION('center_axis',(0.,0.,-1.));
#5258=DIRECTION('ref_axis',(0.958804502631226,-0.284066762811293,0.));
#5259=DIRECTION('',(0.,0.,1.));
#5260=DIRECTION('center_axis',(0.,-1.,0.));
#5261=DIRECTION('ref_axis',(1.,0.,0.));
#5262=DIRECTION('',(-1.,0.,0.));
#5263=DIRECTION('',(1.,0.,0.));
#5264=DIRECTION('',(0.,0.,1.));
#5265=DIRECTION('center_axis',(0.,0.,1.));
#5266=DIRECTION('ref_axis',(-0.0531798863195967,0.998584948660371,0.));
#5267=DIRECTION('center_axis',(0.,0.,1.));
#5268=DIRECTION('ref_axis',(-0.0531798863195967,0.998584948660371,0.));
#5269=DIRECTION('center_axis',(0.,0.,-1.));
#5270=DIRECTION('ref_axis',(-0.0531798863195967,0.998584948660371,0.));
#5271=DIRECTION('',(0.,0.,1.));
#5272=DIRECTION('center_axis',(0.961101836579894,-0.27619424274006,0.));
#5273=DIRECTION('ref_axis',(0.27619424274006,0.961101836579894,0.));
#5274=DIRECTION('',(-0.27619424274006,-0.961101836579894,0.));
#5275=DIRECTION('',(0.27619424274006,0.961101836579894,0.));
#5276=DIRECTION('',(0.,0.,1.));
#5277=DIRECTION('center_axis',(0.,0.,1.));
#5278=DIRECTION('ref_axis',(-0.000340139574817166,0.999999942152533,0.));
#5279=DIRECTION('center_axis',(0.,0.,-1.));
#5280=DIRECTION('ref_axis',(-0.000340139574817166,0.999999942152533,0.));
#5281=DIRECTION('center_axis',(0.,0.,1.));
#5282=DIRECTION('ref_axis',(-0.000340139574817166,0.999999942152533,0.));
#5283=DIRECTION('',(0.,0.,1.));
#5284=DIRECTION('center_axis',(0.000340139578966425,-0.999999942152532,
0.));
#5285=DIRECTION('ref_axis',(0.999999942152532,0.000340139578966425,0.));
#5286=DIRECTION('',(-0.999999942152532,-0.000340139578966425,0.));
#5287=DIRECTION('',(0.999999942152532,0.000340139578966425,0.));
#5288=DIRECTION('',(0.,0.,1.));
#5289=DIRECTION('center_axis',(0.,0.,1.));
#5290=DIRECTION('ref_axis',(0.974826277307522,-0.22296575761932,0.));
#5291=DIRECTION('center_axis',(0.,0.,-1.));
#5292=DIRECTION('ref_axis',(0.974826277307522,-0.22296575761932,0.));
#5293=DIRECTION('center_axis',(0.,0.,1.));
#5294=DIRECTION('ref_axis',(0.974826277307522,-0.22296575761932,0.));
#5295=DIRECTION('',(0.,0.,1.));
#5296=DIRECTION('center_axis',(-0.974826277306113,0.222965757625482,0.));
#5297=DIRECTION('ref_axis',(-0.222965757625482,-0.974826277306113,0.));
#5298=DIRECTION('',(0.222965757625482,0.974826277306113,0.));
#5299=DIRECTION('',(-0.222965757625482,-0.974826277306113,0.));
#5300=DIRECTION('',(0.,0.,1.));
#5301=DIRECTION('center_axis',(0.,0.,1.));
#5302=DIRECTION('ref_axis',(-0.0083345060934096,-0.999965267400913,0.));
#5303=DIRECTION('center_axis',(0.,0.,-1.));
#5304=DIRECTION('ref_axis',(-0.0083345060934096,-0.999965267400913,0.));
#5305=DIRECTION('center_axis',(0.,0.,1.));
#5306=DIRECTION('ref_axis',(-0.0083345060934096,-0.999965267400913,0.));
#5307=DIRECTION('',(0.,0.,1.));
#5308=DIRECTION('center_axis',(0.00833450608997196,0.999965267400941,0.));
#5309=DIRECTION('ref_axis',(-0.999965267400941,0.00833450608997196,0.));
#5310=DIRECTION('',(0.999965267400941,-0.00833450608997196,0.));
#5311=DIRECTION('',(-0.999965267400941,0.00833450608997196,0.));
#5312=DIRECTION('',(0.,0.,1.));
#5313=DIRECTION('center_axis',(0.,0.,1.));
#5314=DIRECTION('ref_axis',(0.0538313606355087,-0.998550041115682,0.));
#5315=DIRECTION('center_axis',(0.,0.,1.));
#5316=DIRECTION('ref_axis',(0.0538313606355087,-0.998550041115682,0.));
#5317=DIRECTION('center_axis',(0.,0.,-1.));
#5318=DIRECTION('ref_axis',(0.0538313606355087,-0.998550041115682,0.));
#5319=DIRECTION('',(0.,0.,1.));
#5320=DIRECTION('center_axis',(-0.961286606068221,0.275550469050303,0.));
#5321=DIRECTION('ref_axis',(-0.275550469050303,-0.96128660606822,0.));
#5322=DIRECTION('',(0.275550469050303,0.961286606068221,0.));
#5323=DIRECTION('',(-0.275550469050303,-0.961286606068221,0.));
#5324=DIRECTION('',(0.,0.,1.));
#5325=DIRECTION('center_axis',(0.,0.,1.));
#5326=DIRECTION('ref_axis',(0.907864790437104,-0.419263070499411,0.));
#5327=DIRECTION('center_axis',(0.,0.,1.));
#5328=DIRECTION('ref_axis',(0.907864790437104,-0.419263070499411,0.));
#5329=DIRECTION('center_axis',(0.,0.,-1.));
#5330=DIRECTION('ref_axis',(0.907864790437104,-0.419263070499411,0.));
#5331=DIRECTION('',(0.,0.,1.));
#5332=DIRECTION('center_axis',(0.411294151771829,-0.911502671810835,0.));
#5333=DIRECTION('ref_axis',(0.911502671810835,0.411294151771829,0.));
#5334=DIRECTION('',(-0.911502671810835,-0.411294151771829,0.));
#5335=DIRECTION('',(0.911502671810835,0.411294151771829,0.));
#5336=DIRECTION('',(0.,0.,1.));
#5337=DIRECTION('center_axis',(0.,0.,1.));
#5338=DIRECTION('ref_axis',(0.873980523885919,0.485960948912663,0.));
#5339=DIRECTION('center_axis',(0.,0.,-1.));
#5340=DIRECTION('ref_axis',(0.873980523885919,0.485960948912663,0.));
#5341=DIRECTION('center_axis',(0.,0.,1.));
#5342=DIRECTION('ref_axis',(0.873980523885919,0.485960948912663,0.));
#5343=DIRECTION('',(0.,0.,1.));
#5344=DIRECTION('center_axis',(-0.873980523884507,-0.485960948915202,0.));
#5345=DIRECTION('ref_axis',(0.485960948915202,-0.873980523884507,0.));
#5346=DIRECTION('',(-0.485960948915202,0.873980523884507,0.));
#5347=DIRECTION('',(0.485960948915202,-0.873980523884507,0.));
#5348=DIRECTION('',(0.,0.,1.));
#5349=DIRECTION('center_axis',(0.,0.,1.));
#5350=DIRECTION('ref_axis',(0.417474097883241,-0.908688823303431,0.));
#5351=DIRECTION('center_axis',(0.,0.,-1.));
#5352=DIRECTION('ref_axis',(0.417474097883241,-0.908688823303431,0.));
#5353=DIRECTION('center_axis',(0.,0.,1.));
#5354=DIRECTION('ref_axis',(0.417474097883241,-0.908688823303431,0.));
#5355=DIRECTION('',(0.,0.,1.));
#5356=DIRECTION('center_axis',(-0.41747409788216,0.908688823303928,0.));
#5357=DIRECTION('ref_axis',(-0.908688823303928,-0.41747409788216,0.));
#5358=DIRECTION('',(0.908688823303928,0.41747409788216,0.));
#5359=DIRECTION('',(-0.908688823303928,-0.41747409788216,0.));
#5360=DIRECTION('',(0.,0.,1.));
#5361=DIRECTION('center_axis',(0.,0.,1.));
#5362=DIRECTION('ref_axis',(-0.936554160780539,-0.350522900713576,0.));
#5363=DIRECTION('center_axis',(0.,0.,-1.));
#5364=DIRECTION('ref_axis',(-0.936554160780539,-0.350522900713576,0.));
#5365=DIRECTION('center_axis',(0.,0.,1.));
#5366=DIRECTION('ref_axis',(-0.936554160780539,-0.350522900713576,0.));
#5367=DIRECTION('',(0.,0.,1.));
#5368=DIRECTION('center_axis',(0.93655416078056,0.35052290071352,0.));
#5369=DIRECTION('ref_axis',(-0.35052290071352,0.93655416078056,0.));
#5370=DIRECTION('',(0.35052290071352,-0.93655416078056,0.));
#5371=DIRECTION('',(-0.35052290071352,0.93655416078056,0.));
#5372=DIRECTION('',(0.,0.,1.));
#5373=DIRECTION('center_axis',(0.,0.,1.));
#5374=DIRECTION('ref_axis',(-0.818944378196414,-0.573872900057573,0.));
#5375=DIRECTION('center_axis',(0.,0.,1.));
#5376=DIRECTION('ref_axis',(-0.818944378196414,-0.573872900057573,0.));
#5377=DIRECTION('center_axis',(0.,0.,-1.));
#5378=DIRECTION('ref_axis',(-0.818944378196414,-0.573872900057573,0.));
#5379=DIRECTION('',(0.,0.,1.));
#5380=DIRECTION('center_axis',(-0.412224678719834,0.91108222145662,0.));
#5381=DIRECTION('ref_axis',(-0.91108222145662,-0.412224678719834,0.));
#5382=DIRECTION('',(0.91108222145662,0.412224678719834,0.));
#5383=DIRECTION('',(-0.91108222145662,-0.412224678719834,0.));
#5384=DIRECTION('',(0.,0.,1.));
#5385=DIRECTION('center_axis',(0.,0.,1.));
#5386=DIRECTION('ref_axis',(-0.933851616202805,-0.357660675662574,0.));
#5387=DIRECTION('center_axis',(0.,0.,-1.));
#5388=DIRECTION('ref_axis',(-0.933851616202805,-0.357660675662574,0.));
#5389=DIRECTION('center_axis',(0.,0.,1.));
#5390=DIRECTION('ref_axis',(-0.933851616202805,-0.357660675662574,0.));
#5391=DIRECTION('',(0.,0.,1.));
#5392=DIRECTION('center_axis',(0.933851616202629,0.357660675663033,0.));
#5393=DIRECTION('ref_axis',(-0.357660675663033,0.933851616202629,0.));
#5394=DIRECTION('',(0.357660675663033,-0.933851616202629,0.));
#5395=DIRECTION('',(-0.357660675663033,0.933851616202629,0.));
#5396=DIRECTION('',(0.,0.,1.));
#5397=DIRECTION('center_axis',(0.,0.,1.));
#5398=DIRECTION('ref_axis',(-0.849461192563993,-0.527651099049134,0.));
#5399=DIRECTION('center_axis',(0.,0.,1.));
#5400=DIRECTION('ref_axis',(-0.849461192563993,-0.527651099049134,0.));
#5401=DIRECTION('center_axis',(0.,0.,-1.));
#5402=DIRECTION('ref_axis',(-0.849461192563993,-0.527651099049134,0.));
#5403=DIRECTION('',(0.,0.,1.));
#5404=DIRECTION('center_axis',(-0.431092528621056,0.902307725649683,0.));
#5405=DIRECTION('ref_axis',(-0.902307725649683,-0.431092528621056,0.));
#5406=DIRECTION('',(0.902307725649683,0.431092528621056,0.));
#5407=DIRECTION('',(-0.902307725649683,-0.431092528621056,0.));
#5408=DIRECTION('',(0.,0.,1.));
#5409=DIRECTION('center_axis',(0.,0.,1.));
#5410=DIRECTION('ref_axis',(-0.514396725191604,-0.857552336077602,0.));
#5411=DIRECTION('center_axis',(0.,0.,-1.));
#5412=DIRECTION('ref_axis',(-0.514396725191604,-0.857552336077602,0.));
#5413=DIRECTION('center_axis',(0.,0.,1.));
#5414=DIRECTION('ref_axis',(-0.514396725191604,-0.857552336077602,0.));
#5415=DIRECTION('',(0.,0.,1.));
#5416=DIRECTION('center_axis',(0.514396725187022,0.857552336080351,0.));
#5417=DIRECTION('ref_axis',(-0.857552336080351,0.514396725187022,0.));
#5418=DIRECTION('',(0.857552336080351,-0.514396725187022,0.));
#5419=DIRECTION('',(-0.857552336080351,0.514396725187022,0.));
#5420=DIRECTION('',(0.,0.,1.));
#5421=DIRECTION('center_axis',(0.,0.,1.));
#5422=DIRECTION('ref_axis',(-0.961101347962076,0.276195943028643,0.));
#5423=DIRECTION('center_axis',(0.,0.,-1.));
#5424=DIRECTION('ref_axis',(-0.961101347962076,0.276195943028643,0.));
#5425=DIRECTION('center_axis',(0.,0.,1.));
#5426=DIRECTION('ref_axis',(-0.961101347962076,0.276195943028643,0.));
#5427=DIRECTION('',(0.,0.,1.));
#5428=DIRECTION('center_axis',(0.961101347961019,-0.276195943032321,0.));
#5429=DIRECTION('ref_axis',(0.276195943032321,0.961101347961019,0.));
#5430=DIRECTION('',(-0.276195943032321,-0.961101347961019,0.));
#5431=DIRECTION('',(0.276195943032321,0.961101347961019,0.));
#5432=DIRECTION('',(0.,0.,1.));
#5433=DIRECTION('center_axis',(0.,0.,1.));
#5434=DIRECTION('ref_axis',(-0.90434064727413,0.426811426379153,0.));
#5435=DIRECTION('center_axis',(0.,0.,1.));
#5436=DIRECTION('ref_axis',(-0.90434064727413,0.426811426379153,0.));
#5437=DIRECTION('center_axis',(0.,0.,-1.));
#5438=DIRECTION('ref_axis',(-0.90434064727413,0.426811426379153,0.));
#5439=DIRECTION('',(0.,0.,1.));
#5440=DIRECTION('center_axis',(0.,1.,0.));
#5441=DIRECTION('ref_axis',(-1.,0.,0.));
#5442=DIRECTION('',(1.,0.,0.));
#5443=DIRECTION('',(-1.,0.,0.));
#5444=DIRECTION('',(0.,0.,1.));
#5445=DIRECTION('center_axis',(0.,0.,1.));
#5446=DIRECTION('ref_axis',(-0.202119972442903,-0.979360769451013,0.));
#5447=DIRECTION('center_axis',(0.,0.,1.));
#5448=DIRECTION('ref_axis',(-0.202119972442903,-0.979360769451013,0.));
#5449=DIRECTION('center_axis',(0.,0.,-1.));
#5450=DIRECTION('ref_axis',(-0.202119972442903,-0.979360769451013,0.));
#5451=DIRECTION('',(0.,0.,1.));
#5452=DIRECTION('center_axis',(0.,0.,1.));
#5453=DIRECTION('ref_axis',(0.961639675254077,-0.274315757799717,0.));
#5454=DIRECTION('center_axis',(0.,0.,-1.));
#5455=DIRECTION('ref_axis',(0.961639675254077,-0.274315757799717,0.));
#5456=DIRECTION('center_axis',(0.,0.,1.));
#5457=DIRECTION('ref_axis',(0.961639675254077,-0.274315757799717,0.));
#5458=DIRECTION('',(0.,0.,1.));
#5459=DIRECTION('center_axis',(-0.96163967525308,0.274315757803211,0.));
#5460=DIRECTION('ref_axis',(-0.274315757803211,-0.96163967525308,0.));
#5461=DIRECTION('',(0.274315757803211,0.96163967525308,0.));
#5462=DIRECTION('',(-0.274315757803211,-0.96163967525308,0.));
#5463=DIRECTION('',(0.,0.,1.));
#5464=DIRECTION('center_axis',(0.,0.,1.));
#5465=DIRECTION('ref_axis',(0.121474532048829,-0.992594548677111,0.));
#5466=DIRECTION('center_axis',(0.,0.,1.));
#5467=DIRECTION('ref_axis',(0.121474532048829,-0.992594548677111,0.));
#5468=DIRECTION('center_axis',(0.,0.,-1.));
#5469=DIRECTION('ref_axis',(0.121474532048829,-0.992594548677111,0.));
#5470=DIRECTION('',(0.,0.,1.));
#5471=DIRECTION('center_axis',(0.350860237389086,-0.936427836952359,0.));
#5472=DIRECTION('ref_axis',(0.936427836952359,0.350860237389086,0.));
#5473=DIRECTION('',(-0.936427836952359,-0.350860237389086,0.));
#5474=DIRECTION('',(0.936427836952359,0.350860237389086,0.));
#5475=DIRECTION('',(0.,0.,1.));
#5476=DIRECTION('center_axis',(0.,0.,1.));
#5477=DIRECTION('ref_axis',(0.916031129200668,0.401107180608063,0.));
#5478=DIRECTION('center_axis',(0.,0.,-1.));
#5479=DIRECTION('ref_axis',(0.916031129200668,0.401107180608063,0.));
#5480=DIRECTION('center_axis',(0.,0.,1.));
#5481=DIRECTION('ref_axis',(0.916031129200668,0.401107180608063,0.));
#5482=DIRECTION('',(0.,0.,1.));
#5483=DIRECTION('center_axis',(-0.916031129199815,-0.401107180610012,0.));
#5484=DIRECTION('ref_axis',(0.401107180610012,-0.916031129199815,0.));
#5485=DIRECTION('',(-0.401107180610012,0.916031129199815,0.));
#5486=DIRECTION('',(0.401107180610012,-0.916031129199815,0.));
#5487=DIRECTION('',(0.,0.,1.));
#5488=DIRECTION('center_axis',(0.,0.,1.));
#5489=DIRECTION('ref_axis',(0.408285880532549,-0.91285411745676,0.));
#5490=DIRECTION('center_axis',(0.,0.,-1.));
#5491=DIRECTION('ref_axis',(0.408285880532549,-0.91285411745676,0.));
#5492=DIRECTION('center_axis',(0.,0.,1.));
#5493=DIRECTION('ref_axis',(0.408285880532549,-0.91285411745676,0.));
#5494=DIRECTION('',(0.,0.,1.));
#5495=DIRECTION('center_axis',(-0.408285880532831,0.912854117456634,0.));
#5496=DIRECTION('ref_axis',(-0.912854117456634,-0.408285880532831,0.));
#5497=DIRECTION('',(0.912854117456634,0.408285880532831,0.));
#5498=DIRECTION('',(-0.912854117456634,-0.408285880532831,0.));
#5499=DIRECTION('',(0.,0.,1.));
#5500=DIRECTION('center_axis',(0.,0.,1.));
#5501=DIRECTION('ref_axis',(-0.79821492182105,-0.602372757171351,0.));
#5502=DIRECTION('center_axis',(0.,0.,-1.));
#5503=DIRECTION('ref_axis',(-0.79821492182105,-0.602372757171351,0.));
#5504=DIRECTION('center_axis',(0.,0.,1.));
#5505=DIRECTION('ref_axis',(-0.79821492182105,-0.602372757171351,0.));
#5506=DIRECTION('',(0.,0.,1.));
#5507=DIRECTION('center_axis',(0.798214921819176,0.602372757173834,0.));
#5508=DIRECTION('ref_axis',(-0.602372757173834,0.798214921819176,0.));
#5509=DIRECTION('',(0.602372757173834,-0.798214921819176,0.));
#5510=DIRECTION('',(-0.602372757173834,0.798214921819176,0.));
#5511=DIRECTION('',(0.,0.,1.));
#5512=DIRECTION('center_axis',(0.,0.,1.));
#5513=DIRECTION('ref_axis',(-0.960843832468496,0.277090471881033,0.));
#5514=DIRECTION('center_axis',(0.,0.,-1.));
#5515=DIRECTION('ref_axis',(-0.960843832468496,0.277090471881033,0.));
#5516=DIRECTION('center_axis',(0.,0.,1.));
#5517=DIRECTION('ref_axis',(-0.960843832468496,0.277090471881033,0.));
#5518=DIRECTION('',(0.,0.,1.));
#5519=DIRECTION('center_axis',(0.960843832467895,-0.277090471883115,0.));
#5520=DIRECTION('ref_axis',(0.277090471883115,0.960843832467895,0.));
#5521=DIRECTION('',(-0.277090471883115,-0.960843832467895,0.));
#5522=DIRECTION('',(0.277090471883115,0.960843832467895,0.));
#5523=DIRECTION('',(0.,0.,1.));
#5524=DIRECTION('center_axis',(0.,0.,1.));
#5525=DIRECTION('ref_axis',(-0.80579412719487,0.592195765417363,0.));
#5526=DIRECTION('center_axis',(0.,0.,1.));
#5527=DIRECTION('ref_axis',(-0.80579412719487,0.592195765417363,0.));
#5528=DIRECTION('center_axis',(0.,0.,-1.));
#5529=DIRECTION('ref_axis',(-0.80579412719487,0.592195765417363,0.));
#5530=DIRECTION('',(0.,0.,1.));
#5531=DIRECTION('center_axis',(0.,1.,0.));
#5532=DIRECTION('ref_axis',(-1.,0.,0.));
#5533=DIRECTION('',(1.,0.,0.));
#5534=DIRECTION('',(-1.,0.,0.));
#5535=DIRECTION('',(0.,0.,1.));
#5536=DIRECTION('center_axis',(0.,0.,1.));
#5537=DIRECTION('ref_axis',(0.552778830697063,-0.833328005249546,0.));
#5538=DIRECTION('center_axis',(0.,0.,1.));
#5539=DIRECTION('ref_axis',(0.552778830697063,-0.833328005249546,0.));
#5540=DIRECTION('center_axis',(0.,0.,-1.));
#5541=DIRECTION('ref_axis',(0.552778830697063,-0.833328005249546,0.));
#5542=DIRECTION('',(0.,0.,1.));
#5543=DIRECTION('center_axis',(-0.961212250858688,0.275809732966724,0.));
#5544=DIRECTION('ref_axis',(-0.275809732966724,-0.961212250858688,0.));
#5545=DIRECTION('',(0.275809732966724,0.961212250858687,0.));
#5546=DIRECTION('',(-0.275809732966724,-0.961212250858687,0.));
#5547=DIRECTION('',(0.,0.,1.));
#5548=DIRECTION('center_axis',(0.,0.,1.));
#5549=DIRECTION('ref_axis',(-4.36375140357197E-12,-1.,0.));
#5550=DIRECTION('center_axis',(0.,0.,-1.));
#5551=DIRECTION('ref_axis',(-4.36375140357197E-12,-1.,0.));
#5552=DIRECTION('center_axis',(0.,0.,1.));
#5553=DIRECTION('ref_axis',(-4.36375140357197E-12,-1.,0.));
#5554=DIRECTION('',(0.,0.,1.));
#5555=DIRECTION('center_axis',(0.,1.,0.));
#5556=DIRECTION('ref_axis',(-1.,0.,0.));
#5557=DIRECTION('',(1.,0.,0.));
#5558=DIRECTION('',(-1.,0.,0.));
#5559=DIRECTION('',(0.,0.,1.));
#5560=DIRECTION('center_axis',(0.,0.,1.));
#5561=DIRECTION('ref_axis',(-0.962148317571486,0.272526356513199,0.));
#5562=DIRECTION('center_axis',(0.,0.,-1.));
#5563=DIRECTION('ref_axis',(-0.962148317571486,0.272526356513199,0.));
#5564=DIRECTION('center_axis',(0.,0.,1.));
#5565=DIRECTION('ref_axis',(-0.962148317571486,0.272526356513199,0.));
#5566=DIRECTION('',(0.,0.,1.));
#5567=DIRECTION('center_axis',(0.962148317569953,-0.272526356518612,0.));
#5568=DIRECTION('ref_axis',(0.272526356518612,0.962148317569953,0.));
#5569=DIRECTION('',(-0.272526356518612,-0.962148317569953,0.));
#5570=DIRECTION('',(0.272526356518612,0.962148317569953,0.));
#5571=DIRECTION('',(0.,0.,1.));
#5572=DIRECTION('center_axis',(0.,0.,1.));
#5573=DIRECTION('ref_axis',(-0.857861663865672,0.513880692057622,0.));
#5574=DIRECTION('center_axis',(0.,0.,1.));
#5575=DIRECTION('ref_axis',(-0.857861663865672,0.513880692057622,0.));
#5576=DIRECTION('center_axis',(0.,0.,-1.));
#5577=DIRECTION('ref_axis',(-0.857861663865672,0.513880692057622,0.));
#5578=DIRECTION('',(0.,0.,1.));
#5579=DIRECTION('center_axis',(0.,1.,0.));
#5580=DIRECTION('ref_axis',(-1.,0.,0.));
#5581=DIRECTION('',(1.,0.,0.));
#5582=DIRECTION('',(-1.,0.,0.));
#5583=DIRECTION('',(0.,0.,1.));
#5584=DIRECTION('center_axis',(0.,0.,1.));
#5585=DIRECTION('ref_axis',(-0.0851158711360742,-0.996371059636292,0.));
#5586=DIRECTION('center_axis',(0.,0.,1.));
#5587=DIRECTION('ref_axis',(-0.0851158711360742,-0.996371059636292,0.));
#5588=DIRECTION('center_axis',(0.,0.,-1.));
#5589=DIRECTION('ref_axis',(-0.0851158711360742,-0.996371059636292,0.));
#5590=DIRECTION('',(0.,0.,1.));
#5591=DIRECTION('center_axis',(-0.961406083162159,0.275133319063315,0.));
#5592=DIRECTION('ref_axis',(-0.275133319063315,-0.961406083162159,0.));
#5593=DIRECTION('',(0.275133319063315,0.961406083162159,0.));
#5594=DIRECTION('',(-0.275133319063315,-0.961406083162159,0.));
#5595=DIRECTION('',(0.,0.,1.));
#5596=DIRECTION('center_axis',(0.,0.,1.));
#5597=DIRECTION('ref_axis',(0.646773050274366,-0.762682516804202,0.));
#5598=DIRECTION('center_axis',(0.,0.,1.));
#5599=DIRECTION('ref_axis',(0.646773050274366,-0.762682516804202,0.));
#5600=DIRECTION('center_axis',(0.,0.,-1.));
#5601=DIRECTION('ref_axis',(0.646773050274366,-0.762682516804202,0.));
#5602=DIRECTION('',(0.,0.,1.));
#5603=DIRECTION('center_axis',(0.,-1.,0.));
#5604=DIRECTION('ref_axis',(1.,0.,0.));
#5605=DIRECTION('',(-1.,0.,0.));
#5606=DIRECTION('',(1.,0.,0.));
#5607=DIRECTION('',(0.,0.,1.));
#5608=DIRECTION('center_axis',(0.,0.,1.));
#5609=DIRECTION('ref_axis',(0.967944724951587,-0.251163312285844,0.));
#5610=DIRECTION('center_axis',(0.,0.,-1.));
#5611=DIRECTION('ref_axis',(0.967944724951587,-0.251163312285844,0.));
#5612=DIRECTION('center_axis',(0.,0.,1.));
#5613=DIRECTION('ref_axis',(0.967944724951587,-0.251163312285844,0.));
#5614=DIRECTION('',(0.,0.,1.));
#5615=DIRECTION('center_axis',(-0.967944724949834,0.251163312292601,0.));
#5616=DIRECTION('ref_axis',(-0.251163312292601,-0.967944724949834,0.));
#5617=DIRECTION('',(0.251163312292601,0.967944724949834,0.));
#5618=DIRECTION('',(-0.251163312292601,-0.967944724949834,0.));
#5619=DIRECTION('',(0.,0.,1.));
#5620=DIRECTION('center_axis',(0.,0.,1.));
#5621=DIRECTION('ref_axis',(-0.000661440471121174,-0.999999781248228,0.));
#5622=DIRECTION('center_axis',(0.,0.,-1.));
#5623=DIRECTION('ref_axis',(-0.000661440471121174,-0.999999781248228,0.));
#5624=DIRECTION('center_axis',(0.,0.,1.));
#5625=DIRECTION('ref_axis',(-0.000661440471121174,-0.999999781248228,0.));
#5626=DIRECTION('',(0.,0.,1.));
#5627=DIRECTION('center_axis',(0.000661440467216215,0.99999978124823,0.));
#5628=DIRECTION('ref_axis',(-0.99999978124823,0.000661440467216215,0.));
#5629=DIRECTION('',(0.99999978124823,-0.000661440467216215,0.));
#5630=DIRECTION('',(-0.99999978124823,0.000661440467216215,0.));
#5631=DIRECTION('',(0.,0.,1.));
#5632=DIRECTION('center_axis',(0.,0.,1.));
#5633=DIRECTION('ref_axis',(-0.962177829299014,-0.272422144484322,0.));
#5634=DIRECTION('center_axis',(0.,0.,-1.));
#5635=DIRECTION('ref_axis',(-0.962177829299014,-0.272422144484322,0.));
#5636=DIRECTION('center_axis',(0.,0.,1.));
#5637=DIRECTION('ref_axis',(-0.962177829299014,-0.272422144484322,0.));
#5638=DIRECTION('',(0.,0.,1.));
#5639=DIRECTION('center_axis',(0.,0.,1.));
#5640=DIRECTION('ref_axis',(-0.931699945580762,0.363228869178657,0.));
#5641=DIRECTION('center_axis',(0.,0.,-1.));
#5642=DIRECTION('ref_axis',(-0.931699945580762,0.363228869178657,0.));
#5643=DIRECTION('center_axis',(0.,0.,1.));
#5644=DIRECTION('ref_axis',(-0.931699945580762,0.363228869178657,0.));
#5645=DIRECTION('',(0.,0.,1.));
#5646=DIRECTION('center_axis',(0.,0.,1.));
#5647=DIRECTION('ref_axis',(-0.25720578519457,0.966356654689377,0.));
#5648=DIRECTION('center_axis',(0.,0.,-1.));
#5649=DIRECTION('ref_axis',(-0.25720578519457,0.966356654689377,0.));
#5650=DIRECTION('center_axis',(0.,0.,1.));
#5651=DIRECTION('ref_axis',(-0.25720578519457,0.966356654689377,0.));
#5652=DIRECTION('',(0.,0.,1.));
#5653=DIRECTION('center_axis',(0.,0.,1.));
#5654=DIRECTION('ref_axis',(-0.257205785195925,0.966356654689017,0.));
#5655=DIRECTION('center_axis',(0.,0.,1.));
#5656=DIRECTION('ref_axis',(-0.257205785195925,0.966356654689017,0.));
#5657=DIRECTION('center_axis',(0.,0.,-1.));
#5658=DIRECTION('ref_axis',(-0.257205785195925,0.966356654689017,0.));
#5659=DIRECTION('',(0.,0.,1.));
#5660=DIRECTION('center_axis',(0.867201936614888,0.497956625753076,0.));
#5661=DIRECTION('ref_axis',(-0.497956625753075,0.867201936614888,0.));
#5662=DIRECTION('',(0.497956625753075,-0.867201936614888,0.));
#5663=DIRECTION('',(-0.497956625753075,0.867201936614888,0.));
#5664=DIRECTION('',(0.,0.,1.));
#5665=DIRECTION('center_axis',(0.,0.,1.));
#5666=DIRECTION('ref_axis',(-0.960402598078611,0.278615953606132,0.));
#5667=DIRECTION('center_axis',(0.,0.,-1.));
#5668=DIRECTION('ref_axis',(-0.960402598078611,0.278615953606132,0.));
#5669=DIRECTION('center_axis',(0.,0.,1.));
#5670=DIRECTION('ref_axis',(-0.960402598078611,0.278615953606132,0.));
#5671=DIRECTION('',(0.,0.,1.));
#5672=DIRECTION('center_axis',(0.960402598077862,-0.278615953608712,0.));
#5673=DIRECTION('ref_axis',(0.278615953608712,0.960402598077862,0.));
#5674=DIRECTION('',(-0.278615953608712,-0.960402598077862,0.));
#5675=DIRECTION('',(0.278615953608712,0.960402598077862,0.));
#5676=DIRECTION('',(0.,0.,1.));
#5677=DIRECTION('center_axis',(0.,0.,1.));
#5678=DIRECTION('ref_axis',(-0.966032020252865,0.258422398112409,0.));
#5679=DIRECTION('center_axis',(0.,0.,1.));
#5680=DIRECTION('ref_axis',(-0.966032020252865,0.258422398112409,0.));
#5681=DIRECTION('center_axis',(0.,0.,-1.));
#5682=DIRECTION('ref_axis',(-0.966032020252865,0.258422398112409,0.));
#5683=DIRECTION('',(0.,0.,1.));
#5684=DIRECTION('center_axis',(-0.00166118536983617,0.999998620230632,0.));
#5685=DIRECTION('ref_axis',(-0.999998620230632,-0.00166118536983617,0.));
#5686=DIRECTION('',(0.999998620230632,0.00166118536983617,0.));
#5687=DIRECTION('',(-0.999998620230632,-0.00166118536983617,0.));
#5688=DIRECTION('',(0.,0.,1.));
#5689=DIRECTION('center_axis',(0.,0.,1.));
#5690=DIRECTION('ref_axis',(-0.145795603034156,-0.98931473360903,0.));
#5691=DIRECTION('center_axis',(0.,0.,1.));
#5692=DIRECTION('ref_axis',(-0.145795603034156,-0.98931473360903,0.));
#5693=DIRECTION('center_axis',(0.,0.,-1.));
#5694=DIRECTION('ref_axis',(-0.145795603034156,-0.98931473360903,0.));
#5695=DIRECTION('',(0.,0.,1.));
#5696=DIRECTION('center_axis',(-0.927549867862628,-0.373699401428503,0.));
#5697=DIRECTION('ref_axis',(0.373699401428503,-0.927549867862628,0.));
#5698=DIRECTION('',(-0.373699401428503,0.927549867862628,0.));
#5699=DIRECTION('',(0.373699401428503,-0.927549867862628,0.));
#5700=DIRECTION('',(0.,0.,1.));
#5701=DIRECTION('center_axis',(0.,0.,1.));
#5702=DIRECTION('ref_axis',(0.00326717920201687,-0.999994662755788,0.));
#5703=DIRECTION('center_axis',(0.,0.,-1.));
#5704=DIRECTION('ref_axis',(0.00326717920201687,-0.999994662755788,0.));
#5705=DIRECTION('center_axis',(0.,0.,1.));
#5706=DIRECTION('ref_axis',(0.00326717920201687,-0.999994662755788,0.));
#5707=DIRECTION('',(0.,0.,1.));
#5708=DIRECTION('center_axis',(-0.00326717920617725,0.999994662755774,0.));
#5709=DIRECTION('ref_axis',(-0.999994662755774,-0.00326717920617725,0.));
#5710=DIRECTION('',(0.999994662755774,0.00326717920617725,0.));
#5711=DIRECTION('',(-0.999994662755774,-0.00326717920617725,0.));
#5712=DIRECTION('',(0.,0.,1.));
#5713=DIRECTION('center_axis',(0.,0.,1.));
#5714=DIRECTION('ref_axis',(-0.963802386570378,0.266617628151712,0.));
#5715=DIRECTION('center_axis',(0.,0.,-1.));
#5716=DIRECTION('ref_axis',(-0.963802386570378,0.266617628151712,0.));
#5717=DIRECTION('center_axis',(0.,0.,1.));
#5718=DIRECTION('ref_axis',(-0.963802386570378,0.266617628151712,0.));
#5719=DIRECTION('',(0.,0.,1.));
#5720=DIRECTION('center_axis',(0.963802386568697,-0.266617628157786,0.));
#5721=DIRECTION('ref_axis',(0.266617628157786,0.963802386568697,0.));
#5722=DIRECTION('',(-0.266617628157786,-0.963802386568697,0.));
#5723=DIRECTION('',(0.266617628157786,0.963802386568697,0.));
#5724=DIRECTION('',(0.,0.,1.));
#5725=DIRECTION('center_axis',(0.,0.,1.));
#5726=DIRECTION('ref_axis',(-0.986792504922288,0.161989358382568,0.));
#5727=DIRECTION('center_axis',(0.,0.,1.));
#5728=DIRECTION('ref_axis',(-0.986792504922288,0.161989358382568,0.));
#5729=DIRECTION('center_axis',(0.,0.,-1.));
#5730=DIRECTION('ref_axis',(-0.986792504922288,0.161989358382568,0.));
#5731=DIRECTION('',(0.,0.,1.));
#5732=DIRECTION('center_axis',(-0.00285937872331826,0.999995911968302,0.));
#5733=DIRECTION('ref_axis',(-0.999995911968302,-0.00285937872331826,0.));
#5734=DIRECTION('',(0.999995911968302,0.00285937872331825,0.));
#5735=DIRECTION('',(-0.999995911968302,-0.00285937872331825,0.));
#5736=DIRECTION('',(0.,0.,1.));
#5737=DIRECTION('center_axis',(0.,0.,1.));
#5738=DIRECTION('ref_axis',(-0.0632068348646825,-0.998000448910915,0.));
#5739=DIRECTION('center_axis',(0.,0.,1.));
#5740=DIRECTION('ref_axis',(-0.0632068348646825,-0.998000448910915,0.));
#5741=DIRECTION('center_axis',(0.,0.,-1.));
#5742=DIRECTION('ref_axis',(-0.0632068348646825,-0.998000448910915,0.));
#5743=DIRECTION('',(0.,0.,1.));
#5744=DIRECTION('center_axis',(-0.962047584585991,0.272881741771523,0.));
#5745=DIRECTION('ref_axis',(-0.272881741771523,-0.962047584585991,0.));
#5746=DIRECTION('',(0.272881741771523,0.962047584585991,0.));
#5747=DIRECTION('',(-0.272881741771523,-0.962047584585991,0.));
#5748=DIRECTION('',(0.,0.,1.));
#5749=DIRECTION('center_axis',(0.,0.,1.));
#5750=DIRECTION('ref_axis',(0.979437416801214,0.201748225691738,0.));
#5751=DIRECTION('center_axis',(0.,0.,1.));
#5752=DIRECTION('ref_axis',(0.979437416801214,0.201748225691738,0.));
#5753=DIRECTION('center_axis',(0.,0.,-1.));
#5754=DIRECTION('ref_axis',(0.979437416801214,0.201748225691738,0.));
#5755=DIRECTION('',(0.,0.,1.));
#5756=DIRECTION('center_axis',(0.00226435318413158,-0.999997436349043,0.));
#5757=DIRECTION('ref_axis',(0.999997436349043,0.00226435318413158,0.));
#5758=DIRECTION('',(-0.999997436349043,-0.00226435318413158,0.));
#5759=DIRECTION('',(0.999997436349043,0.00226435318413158,0.));
#5760=DIRECTION('',(0.,0.,1.));
#5761=DIRECTION('center_axis',(0.,0.,1.));
#5762=DIRECTION('ref_axis',(0.962021304822785,-0.272974374378009,0.));
#5763=DIRECTION('center_axis',(0.,0.,-1.));
#5764=DIRECTION('ref_axis',(0.962021304822785,-0.272974374378009,0.));
#5765=DIRECTION('center_axis',(0.,0.,1.));
#5766=DIRECTION('ref_axis',(0.962021304822785,-0.272974374378009,0.));
#5767=DIRECTION('',(0.,0.,1.));
#5768=DIRECTION('center_axis',(-0.962021304821085,0.272974374384003,0.));
#5769=DIRECTION('ref_axis',(-0.272974374384003,-0.962021304821085,0.));
#5770=DIRECTION('',(0.272974374384003,0.962021304821085,0.));
#5771=DIRECTION('',(-0.272974374384003,-0.962021304821085,0.));
#5772=DIRECTION('',(0.,0.,1.));
#5773=DIRECTION('center_axis',(0.,0.,1.));
#5774=DIRECTION('ref_axis',(-0.00329167843435448,-0.999994582411867,0.));
#5775=DIRECTION('center_axis',(0.,0.,-1.));
#5776=DIRECTION('ref_axis',(-0.00329167843435448,-0.999994582411867,0.));
#5777=DIRECTION('center_axis',(0.,0.,1.));
#5778=DIRECTION('ref_axis',(-0.00329167843435448,-0.999994582411867,0.));
#5779=DIRECTION('',(0.,0.,1.));
#5780=DIRECTION('center_axis',(0.00329167843038579,0.99999458241188,0.));
#5781=DIRECTION('ref_axis',(-0.99999458241188,0.0032916784303858,0.));
#5782=DIRECTION('',(0.99999458241188,-0.00329167843038579,0.));
#5783=DIRECTION('',(-0.99999458241188,0.00329167843038579,0.));
#5784=DIRECTION('',(0.,0.,1.));
#5785=DIRECTION('center_axis',(0.,0.,1.));
#5786=DIRECTION('ref_axis',(-0.279904124765608,-0.960027958415378,0.));
#5787=DIRECTION('center_axis',(0.,0.,1.));
#5788=DIRECTION('ref_axis',(-0.279904124765608,-0.960027958415378,0.));
#5789=DIRECTION('center_axis',(0.,0.,-1.));
#5790=DIRECTION('ref_axis',(-0.279904124765608,-0.960027958415378,0.));
#5791=DIRECTION('',(0.,0.,1.));
#5792=DIRECTION('center_axis',(-0.961068779568143,0.276309248740248,0.));
#5793=DIRECTION('ref_axis',(-0.276309248740248,-0.961068779568143,0.));
#5794=DIRECTION('',(0.276309248740248,0.961068779568143,0.));
#5795=DIRECTION('',(-0.276309248740248,-0.961068779568143,0.));
#5796=DIRECTION('',(0.,0.,1.));
#5797=DIRECTION('center_axis',(0.,0.,1.));
#5798=DIRECTION('ref_axis',(0.0025583945083651,-0.999996727303414,0.));
#5799=DIRECTION('center_axis',(0.,0.,-1.));
#5800=DIRECTION('ref_axis',(0.0025583945083651,-0.999996727303414,0.));
#5801=DIRECTION('center_axis',(0.,0.,1.));
#5802=DIRECTION('ref_axis',(0.0025583945083651,-0.999996727303414,0.));
#5803=DIRECTION('',(0.,0.,1.));
#5804=DIRECTION('center_axis',(-0.0025583945126971,0.999996727303404,0.));
#5805=DIRECTION('ref_axis',(-0.999996727303404,-0.0025583945126971,0.));
#5806=DIRECTION('',(0.999996727303403,0.0025583945126971,0.));
#5807=DIRECTION('',(-0.999996727303403,-0.0025583945126971,0.));
#5808=DIRECTION('',(0.,0.,1.));
#5809=DIRECTION('center_axis',(0.,0.,1.));
#5810=DIRECTION('ref_axis',(-0.962921906978465,0.269780282935867,0.));
#5811=DIRECTION('center_axis',(0.,0.,-1.));
#5812=DIRECTION('ref_axis',(-0.962921906978465,0.269780282935867,0.));
#5813=DIRECTION('center_axis',(0.,0.,1.));
#5814=DIRECTION('ref_axis',(-0.962921906978465,0.269780282935867,0.));
#5815=DIRECTION('',(0.,0.,1.));
#5816=DIRECTION('center_axis',(0.962921906976657,-0.26978028294232,0.));
#5817=DIRECTION('ref_axis',(0.26978028294232,0.962921906976657,0.));
#5818=DIRECTION('',(-0.26978028294232,-0.962921906976657,0.));
#5819=DIRECTION('',(0.26978028294232,0.962921906976657,0.));
#5820=DIRECTION('',(0.,0.,1.));
#5821=DIRECTION('center_axis',(0.,0.,1.));
#5822=DIRECTION('ref_axis',(-0.99402030445973,-0.109195395149182,0.));
#5823=DIRECTION('center_axis',(0.,0.,1.));
#5824=DIRECTION('ref_axis',(-0.99402030445973,-0.109195395149182,0.));
#5825=DIRECTION('center_axis',(0.,0.,-1.));
#5826=DIRECTION('ref_axis',(-0.99402030445973,-0.109195395149182,0.));
#5827=DIRECTION('',(0.,0.,1.));
#5828=DIRECTION('center_axis',(-0.0043744784822762,0.99999043192323,0.));
#5829=DIRECTION('ref_axis',(-0.99999043192323,-0.0043744784822762,0.));
#5830=DIRECTION('',(0.99999043192323,0.0043744784822762,0.));
#5831=DIRECTION('',(-0.99999043192323,-0.0043744784822762,0.));
#5832=DIRECTION('',(0.,0.,1.));
#5833=DIRECTION('center_axis',(0.,0.,1.));
#5834=DIRECTION('ref_axis',(-0.963805235161795,0.266607330496962,0.));
#5835=DIRECTION('center_axis',(0.,0.,-1.));
#5836=DIRECTION('ref_axis',(-0.963805235161795,0.266607330496962,0.));
#5837=DIRECTION('center_axis',(0.,0.,1.));
#5838=DIRECTION('ref_axis',(-0.963805235161795,0.266607330496962,0.));
#5839=DIRECTION('',(0.,0.,1.));
#5840=DIRECTION('center_axis',(0.963805235160035,-0.266607330503326,0.));
#5841=DIRECTION('ref_axis',(0.266607330503326,0.963805235160035,0.));
#5842=DIRECTION('',(-0.266607330503326,-0.963805235160035,0.));
#5843=DIRECTION('',(0.266607330503326,0.963805235160035,0.));
#5844=DIRECTION('',(0.,0.,1.));
#5845=DIRECTION('center_axis',(0.,0.,1.));
#5846=DIRECTION('ref_axis',(-0.00108647417218801,0.999999409786762,0.));
#5847=DIRECTION('center_axis',(0.,0.,-1.));
#5848=DIRECTION('ref_axis',(-0.00108647417218801,0.999999409786762,0.));
#5849=DIRECTION('center_axis',(0.,0.,1.));
#5850=DIRECTION('ref_axis',(-0.00108647417218801,0.999999409786762,0.));
#5851=DIRECTION('',(0.,0.,1.));
#5852=DIRECTION('center_axis',(0.00108647417674017,-0.999999409786758,0.));
#5853=DIRECTION('ref_axis',(0.999999409786758,0.00108647417674017,0.));
#5854=DIRECTION('',(-0.999999409786758,-0.00108647417674017,0.));
#5855=DIRECTION('',(0.999999409786758,0.00108647417674017,0.));
#5856=DIRECTION('',(0.,0.,1.));
#5857=DIRECTION('center_axis',(0.,0.,1.));
#5858=DIRECTION('ref_axis',(-0.268130864199222,0.96338249914755,0.));
#5859=DIRECTION('center_axis',(0.,0.,1.));
#5860=DIRECTION('ref_axis',(-0.268130864199222,0.96338249914755,0.));
#5861=DIRECTION('center_axis',(0.,0.,-1.));
#5862=DIRECTION('ref_axis',(-0.268130864199222,0.96338249914755,0.));
#5863=DIRECTION('',(0.,0.,1.));
#5864=DIRECTION('center_axis',(0.962085901396949,-0.272746619288345,0.));
#5865=DIRECTION('ref_axis',(0.272746619288345,0.962085901396949,0.));
#5866=DIRECTION('',(-0.272746619288345,-0.962085901396949,0.));
#5867=DIRECTION('',(0.272746619288345,0.962085901396949,0.));
#5868=DIRECTION('',(0.,0.,1.));
#5869=DIRECTION('center_axis',(0.,0.,1.));
#5870=DIRECTION('ref_axis',(-0.986218461039253,0.165448321555001,0.));
#5871=DIRECTION('center_axis',(0.,0.,1.));
#5872=DIRECTION('ref_axis',(-0.986218461039253,0.165448321555001,0.));
#5873=DIRECTION('center_axis',(0.,0.,-1.));
#5874=DIRECTION('ref_axis',(-0.986218461039253,0.165448321555001,0.));
#5875=DIRECTION('center_axis',(0.,0.,1.));
#5876=DIRECTION('ref_axis',(1.,0.,0.));
#5877=DIRECTION('center_axis',(0.,0.,1.));
#5878=DIRECTION('ref_axis',(1.,0.,0.));
#5879=DIRECTION('axis',(0.,0.,1.));
#5880=DIRECTION('refdir',(1.,0.,0.));
#5881=DIRECTION('',(0.,0.,-1.));
#5882=DIRECTION('',(1.,-3.46944695195361E-16,0.));
#5883=DIRECTION('',(0.,0.,-1.));
#5884=DIRECTION('',(1.,0.,0.));
#5885=DIRECTION('',(0.,0.,1.));
#5886=DIRECTION('',(1.,2.22044604925031E-16,0.));
#5887=CARTESIAN_POINT('',(0.,0.,0.));
#5888=CARTESIAN_POINT('Origin',(0.699999999999998,-0.200000000000003,0.1));
#5889=CARTESIAN_POINT('',(0.799999999999998,-0.300000000000003,0.1));
#5890=CARTESIAN_POINT('',(0.699999999999998,-0.300000000000003,0.));
#5891=CARTESIAN_POINT('Origin',(0.699999999999998,-0.300000000000003,0.1));
#5892=CARTESIAN_POINT('',(0.699999999999999,0.299999999999998,0.));
#5893=CARTESIAN_POINT('',(0.699999999999998,-0.200000000000003,0.));
#5894=CARTESIAN_POINT('',(0.799999999999999,0.299999999999998,0.1));
#5895=CARTESIAN_POINT('Origin',(0.699999999999999,0.299999999999998,0.1));
#5896=CARTESIAN_POINT('',(0.799999999999998,-0.200000000000003,0.1));
#5897=CARTESIAN_POINT('Origin',(0.699999999999998,-0.300000000000003,0.));
#5898=CARTESIAN_POINT('',(0.699999999999998,-0.400000000000003,0.1));
#5899=CARTESIAN_POINT('Origin',(0.699999999999998,-0.300000000000003,0.1));
#5900=CARTESIAN_POINT('',(0.799999999999998,-0.300000000000003,0.85));
#5901=CARTESIAN_POINT('',(0.799999999999998,-0.300000000000003,0.));
#5902=CARTESIAN_POINT('',(0.699999999999998,-0.400000000000003,0.85));
#5903=CARTESIAN_POINT('Origin',(0.699999999999998,-0.300000000000003,0.85));
#5904=CARTESIAN_POINT('',(0.699999999999998,-0.400000000000003,0.));
#5905=CARTESIAN_POINT('Origin',(0.699999999999998,-0.200000000000003,0.85));
#5906=CARTESIAN_POINT('',(0.699999999999998,-0.300000000000003,0.95));
#5907=CARTESIAN_POINT('Origin',(0.699999999999998,-0.300000000000003,0.85));
#5908=CARTESIAN_POINT('',(0.799999999999999,0.299999999999998,0.85));
#5909=CARTESIAN_POINT('',(0.799999999999998,-0.200000000000003,0.85));
#5910=CARTESIAN_POINT('',(0.699999999999999,0.299999999999998,0.95));
#5911=CARTESIAN_POINT('Origin',(0.699999999999999,0.299999999999998,0.85));
#5912=CARTESIAN_POINT('',(0.699999999999998,-0.200000000000003,0.95));
#5913=CARTESIAN_POINT('Origin',(0.699999999999999,0.299999999999998,0.));
#5914=CARTESIAN_POINT('',(0.699999999999999,0.399999999999998,0.1));
#5915=CARTESIAN_POINT('Origin',(0.699999999999999,0.299999999999998,0.1));
#5916=CARTESIAN_POINT('',(0.699999999999999,0.399999999999998,0.85));
#5917=CARTESIAN_POINT('',(0.699999999999999,0.399999999999998,0.));
#5918=CARTESIAN_POINT('Origin',(0.699999999999999,0.299999999999998,0.85));
#5919=CARTESIAN_POINT('',(0.799999999999999,0.299999999999998,0.));
#5920=CARTESIAN_POINT('Origin',(0.699999999999999,0.299999999999998,0.85));
#5921=CARTESIAN_POINT('Origin',(0.699999999999999,0.299999999999998,0.85));
#5922=CARTESIAN_POINT('Origin',(0.699999999999998,-0.300000000000003,0.85));
#5923=CARTESIAN_POINT('Origin',(0.699999999999998,-0.300000000000003,0.85));
#5924=CARTESIAN_POINT('Origin',(0.699999999999998,-0.300000000000003,0.1));
#5925=CARTESIAN_POINT('Origin',(0.699999999999998,-0.300000000000003,0.1));
#5926=CARTESIAN_POINT('Origin',(0.699999999999999,0.299999999999998,0.1));
#5927=CARTESIAN_POINT('Origin',(0.699999999999999,0.299999999999998,0.1));
#5928=CARTESIAN_POINT('Origin',(-0.400000000000002,-0.300000000000003,0.85));
#5929=CARTESIAN_POINT('',(0.425000000000002,-0.300000000000003,0.95));
#5930=CARTESIAN_POINT('',(-0.400000000000002,-0.300000000000003,0.95));
#5931=CARTESIAN_POINT('',(0.425000000000002,-0.400000000000003,0.85));
#5932=CARTESIAN_POINT('Origin',(0.425000000000002,-0.300000000000003,0.85));
#5933=CARTESIAN_POINT('',(-0.400000000000002,-0.400000000000003,0.85));
#5934=CARTESIAN_POINT('Origin',(-1.52655665885959E-15,-2.42861286636753E-15,
0.95));
#5935=CARTESIAN_POINT('',(0.425000000000002,0.299999999999998,0.95));
#5936=CARTESIAN_POINT('',(0.399999999999999,0.299999999999998,0.95));
#5937=CARTESIAN_POINT('',(0.425000000000002,-0.200000000000003,0.95));
#5938=CARTESIAN_POINT('Origin',(0.399999999999999,0.299999999999998,0.85));
#5939=CARTESIAN_POINT('',(0.425000000000002,0.399999999999998,0.85));
#5940=CARTESIAN_POINT('',(0.399999999999999,0.399999999999998,0.85));
#5941=CARTESIAN_POINT('Origin',(0.425000000000002,0.299999999999998,0.85));
#5942=CARTESIAN_POINT('Origin',(0.799999999999999,0.399999999999998,0.));
#5943=CARTESIAN_POINT('',(0.425000000000002,0.399999999999998,0.1));
#5944=CARTESIAN_POINT('',(0.399999999999999,0.399999999999998,0.1));
#5945=CARTESIAN_POINT('',(0.425000000000002,0.399999999999998,0.475));
#5946=CARTESIAN_POINT('Origin',(0.799999999999998,-0.400000000000003,0.));
#5947=CARTESIAN_POINT('Origin',(-0.400000000000002,-0.300000000000003,0.1));
#5948=CARTESIAN_POINT('',(0.425000000000002,-0.400000000000003,0.1));
#5949=CARTESIAN_POINT('',(-0.400000000000002,-0.400000000000003,0.1));
#5950=CARTESIAN_POINT('',(0.425000000000002,-0.300000000000003,0.));
#5951=CARTESIAN_POINT('Origin',(0.425000000000002,-0.300000000000003,0.1));
#5952=CARTESIAN_POINT('',(-0.400000000000002,-0.300000000000003,0.));
#5953=CARTESIAN_POINT('Origin',(-1.57209315010398E-15,-2.40295341495204E-15,
0.));
#5954=CARTESIAN_POINT('',(0.425000000000002,0.299999999999998,0.));
#5955=CARTESIAN_POINT('',(0.425000000000002,-0.200000000000003,0.));
#5956=CARTESIAN_POINT('',(0.399999999999999,0.299999999999998,0.));
#5957=CARTESIAN_POINT('Origin',(0.425000000000002,-0.400000000000003,0.95));
#5958=CARTESIAN_POINT('',(0.425000000000002,-0.400000000000003,0.475));
#5959=CARTESIAN_POINT('Origin',(0.425000000000002,0.299999999999998,0.1));
#5960=CARTESIAN_POINT('Origin',(0.399999999999999,0.299999999999998,0.1));
#5961=CARTESIAN_POINT('Origin',(-0.800000000000003,-0.400000000000003,0.));
#5962=CARTESIAN_POINT('Origin',(-0.700000000000001,0.199999999999999,0.85));
#5963=CARTESIAN_POINT('',(-0.700000000000001,0.299999999999998,0.95));
#5964=CARTESIAN_POINT('',(-0.800000000000001,0.299999999999998,0.85));
#5965=CARTESIAN_POINT('Origin',(-0.700000000000001,0.299999999999998,0.85));
#5966=CARTESIAN_POINT('',(-0.800000000000003,-0.300000000000002,0.85));
#5967=CARTESIAN_POINT('',(-0.800000000000001,0.199999999999999,0.85));
#5968=CARTESIAN_POINT('',(-0.700000000000003,-0.300000000000003,0.95));
#5969=CARTESIAN_POINT('Origin',(-0.700000000000003,-0.300000000000003,0.85));
#5970=CARTESIAN_POINT('',(-0.700000000000001,0.199999999999999,0.95));
#5971=CARTESIAN_POINT('Origin',(-0.700000000000003,-0.300000000000003,0.));
#5972=CARTESIAN_POINT('',(-0.800000000000003,-0.300000000000002,0.1));
#5973=CARTESIAN_POINT('',(-0.700000000000003,-0.400000000000003,0.1));
#5974=CARTESIAN_POINT('Origin',(-0.700000000000003,-0.300000000000003,0.1));
#5975=CARTESIAN_POINT('',(-0.700000000000003,-0.400000000000003,0.85));
#5976=CARTESIAN_POINT('',(-0.700000000000003,-0.400000000000003,0.));
#5977=CARTESIAN_POINT('Origin',(-0.700000000000003,-0.300000000000003,0.85));
#5978=CARTESIAN_POINT('',(-0.800000000000003,-0.300000000000002,0.));
#5979=CARTESIAN_POINT('Origin',(-0.700000000000003,-0.300000000000003,0.85));
#5980=CARTESIAN_POINT('Origin',(-0.700000000000003,-0.300000000000003,0.85));
#5981=CARTESIAN_POINT('Origin',(-0.700000000000001,0.199999999999999,0.1));
#5982=CARTESIAN_POINT('',(-0.800000000000001,0.299999999999998,0.1));
#5983=CARTESIAN_POINT('',(-0.700000000000001,0.299999999999998,0.));
#5984=CARTESIAN_POINT('Origin',(-0.700000000000001,0.299999999999998,0.1));
#5985=CARTESIAN_POINT('',(-0.700000000000003,-0.300000000000003,0.));
#5986=CARTESIAN_POINT('',(-0.700000000000001,0.199999999999999,0.));
#5987=CARTESIAN_POINT('Origin',(-0.700000000000003,-0.300000000000003,0.1));
#5988=CARTESIAN_POINT('',(-0.800000000000001,0.199999999999999,0.1));
#5989=CARTESIAN_POINT('Origin',(-0.700000000000003,-0.300000000000003,0.1));
#5990=CARTESIAN_POINT('Origin',(-0.700000000000003,-0.300000000000003,0.1));
#5991=CARTESIAN_POINT('Origin',(-0.700000000000001,0.299999999999998,0.));
#5992=CARTESIAN_POINT('',(-0.700000000000001,0.399999999999998,0.1));
#5993=CARTESIAN_POINT('Origin',(-0.700000000000001,0.299999999999998,0.1));
#5994=CARTESIAN_POINT('',(-0.800000000000001,0.299999999999998,0.));
#5995=CARTESIAN_POINT('',(-0.700000000000001,0.399999999999998,0.85));
#5996=CARTESIAN_POINT('Origin',(-0.700000000000001,0.299999999999998,0.85));
#5997=CARTESIAN_POINT('',(-0.700000000000001,0.399999999999998,0.));
#5998=CARTESIAN_POINT('Origin',(-0.700000000000001,0.299999999999998,0.1));
#5999=CARTESIAN_POINT('Origin',(-0.700000000000001,0.299999999999998,0.1));
#6000=CARTESIAN_POINT('Origin',(-0.700000000000001,0.299999999999998,0.85));
#6001=CARTESIAN_POINT('Origin',(-0.700000000000001,0.299999999999998,0.85));
#6002=CARTESIAN_POINT('Origin',(-0.400000000000002,-0.300000000000003,0.1));
#6003=CARTESIAN_POINT('',(-0.425000000000002,-0.300000000000003,0.));
#6004=CARTESIAN_POINT('',(-0.400000000000002,-0.300000000000003,0.));
#6005=CARTESIAN_POINT('',(-0.425000000000002,-0.400000000000003,0.1));
#6006=CARTESIAN_POINT('Origin',(-0.425000000000002,-0.300000000000003,0.1));
#6007=CARTESIAN_POINT('',(-0.400000000000002,-0.400000000000003,0.1));
#6008=CARTESIAN_POINT('Origin',(-1.57209315010398E-15,-2.40295341495204E-15,
0.));
#6009=CARTESIAN_POINT('',(-0.425000000000002,0.299999999999998,0.));
#6010=CARTESIAN_POINT('',(0.399999999999999,0.299999999999998,0.));
#6011=CARTESIAN_POINT('',(-0.425000000000002,0.2,0.));
#6012=CARTESIAN_POINT('Origin',(0.399999999999999,0.299999999999998,0.1));
#6013=CARTESIAN_POINT('',(-0.425000000000002,0.399999999999998,0.1));
#6014=CARTESIAN_POINT('',(0.399999999999999,0.399999999999998,0.1));
#6015=CARTESIAN_POINT('Origin',(-0.425000000000002,0.299999999999998,0.1));
#6016=CARTESIAN_POINT('Origin',(0.799999999999999,0.399999999999998,0.));
#6017=CARTESIAN_POINT('',(-0.425000000000002,0.399999999999998,0.85));
#6018=CARTESIAN_POINT('',(0.399999999999999,0.399999999999998,0.85));
#6019=CARTESIAN_POINT('',(-0.425000000000002,0.399999999999998,0.475));
#6020=CARTESIAN_POINT('Origin',(-0.800000000000001,0.399999999999998,0.));
#6021=CARTESIAN_POINT('Origin',(-0.400000000000002,-0.300000000000003,0.85));
#6022=CARTESIAN_POINT('',(-0.425000000000002,-0.400000000000003,0.85));
#6023=CARTESIAN_POINT('',(-0.400000000000002,-0.400000000000003,0.85));
#6024=CARTESIAN_POINT('',(-0.425000000000002,-0.300000000000003,0.95));
#6025=CARTESIAN_POINT('Origin',(-0.425000000000002,-0.300000000000003,0.85));
#6026=CARTESIAN_POINT('',(-0.400000000000002,-0.300000000000003,0.95));
#6027=CARTESIAN_POINT('Origin',(-1.52655665885959E-15,-2.42861286636753E-15,
0.95));
#6028=CARTESIAN_POINT('',(-0.425000000000002,0.299999999999998,0.95));
#6029=CARTESIAN_POINT('',(-0.425000000000002,0.2,0.95));
#6030=CARTESIAN_POINT('',(0.399999999999999,0.299999999999998,0.95));
#6031=CARTESIAN_POINT('Origin',(0.399999999999999,0.299999999999998,0.85));
#6032=CARTESIAN_POINT('Origin',(-0.425000000000002,0.299999999999998,0.85));
#6033=CARTESIAN_POINT('Origin',(-0.800000000000003,-0.400000000000003,0.));
#6034=CARTESIAN_POINT('',(-0.425000000000002,-0.400000000000003,0.475));
#6035=CARTESIAN_POINT('Origin',(-0.425000000000002,0.400000000000003,0.95));
#6036=CARTESIAN_POINT('',(0.,0.,0.));
#6037=CARTESIAN_POINT('Origin',(-0.690000000000004,0.195000000000002,0.83));
#6038=CARTESIAN_POINT('',(-0.690000000000004,0.290000000000002,0.93));
#6039=CARTESIAN_POINT('',(-0.790000000000004,0.290000000000002,0.83));
#6040=CARTESIAN_POINT('Origin',(-0.690000000000004,0.290000000000002,0.83));
#6041=CARTESIAN_POINT('',(-0.790000000000004,-0.289999999999998,0.83));
#6042=CARTESIAN_POINT('',(-0.790000000000004,0.195000000000002,0.83));
#6043=CARTESIAN_POINT('',(-0.690000000000004,-0.289999999999998,0.93));
#6044=CARTESIAN_POINT('Origin',(-0.690000000000004,-0.289999999999998,0.83));
#6045=CARTESIAN_POINT('',(-0.690000000000004,0.195000000000002,0.93));
#6046=CARTESIAN_POINT('Origin',(-0.690000000000004,-0.289999999999998,0.));
#6047=CARTESIAN_POINT('',(-0.790000000000004,-0.289999999999998,0.1));
#6048=CARTESIAN_POINT('',(-0.690000000000004,-0.389999999999998,0.1));
#6049=CARTESIAN_POINT('Origin',(-0.690000000000004,-0.289999999999998,0.1));
#6050=CARTESIAN_POINT('',(-0.690000000000004,-0.389999999999998,0.83));
#6051=CARTESIAN_POINT('',(-0.690000000000004,-0.389999999999998,0.));
#6052=CARTESIAN_POINT('Origin',(-0.690000000000004,-0.289999999999998,0.83));
#6053=CARTESIAN_POINT('',(-0.790000000000004,-0.289999999999998,0.));
#6054=CARTESIAN_POINT('Origin',(-0.690000000000004,-0.289999999999998,0.83));
#6055=CARTESIAN_POINT('Origin',(-0.690000000000004,-0.289999999999998,0.83));
#6056=CARTESIAN_POINT('Origin',(-0.690000000000004,0.195000000000002,0.1));
#6057=CARTESIAN_POINT('',(-0.790000000000004,0.290000000000002,0.1));
#6058=CARTESIAN_POINT('',(-0.690000000000004,0.290000000000002,0.));
#6059=CARTESIAN_POINT('Origin',(-0.690000000000004,0.290000000000002,0.1));
#6060=CARTESIAN_POINT('',(-0.690000000000004,-0.289999999999998,0.));
#6061=CARTESIAN_POINT('',(-0.690000000000004,0.195000000000002,0.));
#6062=CARTESIAN_POINT('Origin',(-0.690000000000004,-0.289999999999998,0.1));
#6063=CARTESIAN_POINT('',(-0.790000000000004,0.195000000000002,0.1));
#6064=CARTESIAN_POINT('Origin',(-0.690000000000004,-0.289999999999998,0.1));
#6065=CARTESIAN_POINT('Origin',(-0.690000000000004,-0.289999999999998,0.1));
#6066=CARTESIAN_POINT('Origin',(-0.690000000000004,0.290000000000002,0.));
#6067=CARTESIAN_POINT('',(-0.690000000000004,0.390000000000002,0.1));
#6068=CARTESIAN_POINT('Origin',(-0.690000000000004,0.290000000000002,0.1));
#6069=CARTESIAN_POINT('',(-0.790000000000004,0.290000000000002,0.));
#6070=CARTESIAN_POINT('',(-0.690000000000004,0.390000000000002,0.83));
#6071=CARTESIAN_POINT('Origin',(-0.690000000000004,0.290000000000002,0.83));
#6072=CARTESIAN_POINT('',(-0.690000000000004,0.390000000000002,0.));
#6073=CARTESIAN_POINT('Origin',(-0.690000000000004,0.290000000000002,0.1));
#6074=CARTESIAN_POINT('Origin',(-0.690000000000004,0.290000000000002,0.1));
#6075=CARTESIAN_POINT('Origin',(-0.690000000000004,0.290000000000002,0.83));
#6076=CARTESIAN_POINT('Origin',(-0.690000000000004,0.290000000000002,0.83));
#6077=CARTESIAN_POINT('Origin',(-0.395000000000004,-0.289999999999998,0.1));
#6078=CARTESIAN_POINT('',(0.689999999999996,-0.289999999999998,0.));
#6079=CARTESIAN_POINT('',(-0.395000000000004,-0.289999999999998,0.));
#6080=CARTESIAN_POINT('',(0.689999999999996,-0.389999999999998,0.1));
#6081=CARTESIAN_POINT('Origin',(0.689999999999996,-0.289999999999998,0.1));
#6082=CARTESIAN_POINT('',(-0.395000000000004,-0.389999999999998,0.1));
#6083=CARTESIAN_POINT('Origin',(-3.63850898562932E-15,1.86004989659293E-15,
0.));
#6084=CARTESIAN_POINT('',(0.689999999999996,0.290000000000002,0.));
#6085=CARTESIAN_POINT('',(0.394999999999996,0.290000000000002,0.));
#6086=CARTESIAN_POINT('',(0.689999999999996,-0.194999999999998,0.));
#6087=CARTESIAN_POINT('Origin',(0.394999999999996,0.290000000000002,0.1));
#6088=CARTESIAN_POINT('',(0.689999999999996,0.390000000000002,0.1));
#6089=CARTESIAN_POINT('',(0.394999999999996,0.390000000000002,0.1));
#6090=CARTESIAN_POINT('Origin',(0.689999999999996,0.290000000000002,0.1));
#6091=CARTESIAN_POINT('Origin',(0.789999999999996,0.390000000000002,0.));
#6092=CARTESIAN_POINT('',(0.689999999999996,0.390000000000002,0.83));
#6093=CARTESIAN_POINT('',(0.394999999999996,0.390000000000002,0.83));
#6094=CARTESIAN_POINT('',(0.689999999999996,0.390000000000002,0.));
#6095=CARTESIAN_POINT('Origin',(-0.790000000000004,0.390000000000002,0.));
#6096=CARTESIAN_POINT('Origin',(0.689999999999996,-0.194999999999998,0.83));
#6097=CARTESIAN_POINT('',(0.689999999999996,-0.289999999999998,0.93));
#6098=CARTESIAN_POINT('',(0.789999999999996,-0.289999999999998,0.83));
#6099=CARTESIAN_POINT('Origin',(0.689999999999996,-0.289999999999998,0.83));
#6100=CARTESIAN_POINT('',(0.789999999999996,0.290000000000002,0.83));
#6101=CARTESIAN_POINT('',(0.789999999999996,-0.194999999999998,0.83));
#6102=CARTESIAN_POINT('',(0.689999999999996,0.290000000000002,0.93));
#6103=CARTESIAN_POINT('Origin',(0.689999999999996,0.290000000000002,0.83));
#6104=CARTESIAN_POINT('',(0.689999999999996,-0.194999999999998,0.93));
#6105=CARTESIAN_POINT('Origin',(0.689999999999996,0.290000000000002,0.));
#6106=CARTESIAN_POINT('',(0.789999999999996,0.290000000000002,0.1));
#6107=CARTESIAN_POINT('Origin',(0.689999999999996,0.290000000000002,0.1));
#6108=CARTESIAN_POINT('Origin',(0.689999999999996,0.290000000000002,0.83));
#6109=CARTESIAN_POINT('',(0.789999999999996,0.290000000000002,0.));
#6110=CARTESIAN_POINT('Origin',(0.689999999999996,0.290000000000002,0.83));
#6111=CARTESIAN_POINT('Origin',(0.689999999999996,0.290000000000002,0.83));
#6112=CARTESIAN_POINT('Origin',(0.689999999999996,-0.194999999999998,0.1));
#6113=CARTESIAN_POINT('',(0.789999999999996,-0.289999999999998,0.1));
#6114=CARTESIAN_POINT('Origin',(0.689999999999996,-0.289999999999998,0.1));
#6115=CARTESIAN_POINT('Origin',(0.689999999999996,0.290000000000002,0.1));
#6116=CARTESIAN_POINT('',(0.789999999999996,-0.194999999999998,0.1));
#6117=CARTESIAN_POINT('Origin',(0.689999999999996,0.290000000000002,0.1));
#6118=CARTESIAN_POINT('Origin',(0.689999999999996,-0.289999999999998,0.));
#6119=CARTESIAN_POINT('Origin',(0.689999999999996,-0.289999999999998,0.1));
#6120=CARTESIAN_POINT('',(0.789999999999996,-0.289999999999998,0.));
#6121=CARTESIAN_POINT('',(0.689999999999996,-0.389999999999998,0.83));
#6122=CARTESIAN_POINT('Origin',(0.689999999999996,-0.289999999999998,0.83));
#6123=CARTESIAN_POINT('',(0.689999999999996,-0.389999999999998,0.));
#6124=CARTESIAN_POINT('Origin',(0.689999999999996,-0.289999999999998,0.1));
#6125=CARTESIAN_POINT('Origin',(0.689999999999996,-0.289999999999998,0.83));
#6126=CARTESIAN_POINT('Origin',(0.689999999999996,-0.289999999999998,0.83));
#6127=CARTESIAN_POINT('Origin',(-0.790000000000004,-0.389999999999998,0.));
#6128=CARTESIAN_POINT('',(-0.395000000000004,-0.389999999999998,0.83));
#6129=CARTESIAN_POINT('Origin',(0.789999999999996,-0.389999999999998,0.));
#6130=CARTESIAN_POINT('Origin',(-0.395000000000004,-0.289999999999998,0.83));
#6131=CARTESIAN_POINT('',(-0.395000000000004,-0.289999999999998,0.93));
#6132=CARTESIAN_POINT('Origin',(-3.60822483003176E-15,1.87350135405495E-15,
0.93));
#6133=CARTESIAN_POINT('',(0.394999999999996,0.290000000000002,0.93));
#6134=CARTESIAN_POINT('Origin',(0.394999999999996,0.290000000000002,0.83));
#6135=CARTESIAN_POINT('',(0.,0.,0.));
#6136=CARTESIAN_POINT('Origin',(0.0355855600138895,-0.00039242599825565,
0.));
#6137=CARTESIAN_POINT('',(0.035548355927357,-0.000381801105019472,0.));
#6138=CARTESIAN_POINT('',(0.0355855600138897,-0.000431117501340945,0.));
#6139=CARTESIAN_POINT('Origin',(0.0355855600138895,-0.00039242599825565,
0.));
#6140=CARTESIAN_POINT('',(0.035548355927357,-0.000381801105019472,0.00393700787401575));
#6141=CARTESIAN_POINT('',(0.035548355927357,-0.000381801105019472,0.));
#6142=CARTESIAN_POINT('',(0.0355855600138897,-0.000431117501340945,0.00393700787401575));
#6143=CARTESIAN_POINT('Origin',(0.0355855600138895,-0.00039242599825565,
0.00393700787401575));
#6144=CARTESIAN_POINT('',(0.0355855600138897,-0.000431117501340945,0.));
#6145=CARTESIAN_POINT('Origin',(0.0358626904882003,0.000718871620958994,
0.));
#6146=CARTESIAN_POINT('',(0.0358626904882003,0.000718871620958994,0.));
#6147=CARTESIAN_POINT('',(0.0356282105991321,-0.000102182284139622,0.));
#6148=CARTESIAN_POINT('',(0.0358626904882003,0.000718871620958994,0.00393700787401575));
#6149=CARTESIAN_POINT('',(0.0358626904882003,0.000718871620958994,0.));
#6150=CARTESIAN_POINT('',(0.0356282105991321,-0.000102182284139622,0.00393700787401575));
#6151=CARTESIAN_POINT('Origin',(0.0358998945747328,0.000708246727722485,
0.));
#6152=CARTESIAN_POINT('',(0.035899894574733,0.000746938230807862,0.));
#6153=CARTESIAN_POINT('Origin',(0.0358998945747328,0.000708246727722485,
0.));
#6154=CARTESIAN_POINT('',(0.035899894574733,0.000746938230807862,0.00393700787401575));
#6155=CARTESIAN_POINT('',(0.035899894574733,0.000746938230807862,0.));
#6156=CARTESIAN_POINT('Origin',(0.0358998945747328,0.000708246727722485,
0.00393700787401575));
#6157=CARTESIAN_POINT('Origin',(0.0362916824309941,0.000746938230807862,
0.));
#6158=CARTESIAN_POINT('',(0.0362916824309941,0.000746938230807862,0.));
#6159=CARTESIAN_POINT('',(0.0361736927693407,0.000746938230807862,0.));
#6160=CARTESIAN_POINT('',(0.0362916824309941,0.000746938230807862,0.00393700787401575));
#6161=CARTESIAN_POINT('',(0.0362916824309941,0.000746938230807862,0.));
#6162=CARTESIAN_POINT('',(0.0361736927693407,0.000746938230807862,0.00393700787401575));
#6163=CARTESIAN_POINT('Origin',(0.0363078998537291,0.000451271626970419,
0.));
#6164=CARTESIAN_POINT('',(0.0366040108893644,0.000451271626971733,0.));
#6165=CARTESIAN_POINT('Origin',(0.0363078998537291,0.000451271626970419,
0.));
#6166=CARTESIAN_POINT('',(0.0366040108893644,0.000451271626971733,0.00393700787401575));
#6167=CARTESIAN_POINT('',(0.0366040108893644,0.000451271626971733,0.));
#6168=CARTESIAN_POINT('Origin',(0.0363078998537291,0.000451271626970419,
0.00393700787401575));
#6169=CARTESIAN_POINT('Origin',(0.0366040108893644,0.000241850529955563,
0.));
#6170=CARTESIAN_POINT('',(0.0366040108893644,0.000241850529955563,0.));
#6171=CARTESIAN_POINT('',(0.0366040108893644,-0.000435217204592284,0.));
#6172=CARTESIAN_POINT('',(0.0366040108893644,0.000241850529955563,0.00393700787401575));
#6173=CARTESIAN_POINT('',(0.0366040108893644,0.000241850529955563,0.));
#6174=CARTESIAN_POINT('',(0.0366040108893644,-0.000435217204592284,0.00393700787401575));
#6175=CARTESIAN_POINT('Origin',(0.0355916374051092,0.000402335772258704,
0.));
#6176=CARTESIAN_POINT('',(0.0364922871497036,-8.70369100417754E-5,0.));
#6177=CARTESIAN_POINT('Origin',(0.0355916374051092,0.000402335772258704,
0.));
#6178=CARTESIAN_POINT('',(0.0364922871497036,-8.70369100417754E-5,0.00393700787401575));
#6179=CARTESIAN_POINT('',(0.0364922871497036,-8.70369100417754E-5,0.));
#6180=CARTESIAN_POINT('Origin',(0.0355916374051092,0.000402335772258704,
0.00393700787401575));
#6181=CARTESIAN_POINT('Origin',(0.0359137366260236,0.00022732149989474,
0.));
#6182=CARTESIAN_POINT('',(0.0359137366260211,-0.000431117501340945,0.));
#6183=CARTESIAN_POINT('Origin',(0.0359137366260236,0.00022732149989474,
0.));
#6184=CARTESIAN_POINT('',(0.0359137366260211,-0.000431117501340945,0.00393700787401575));
#6185=CARTESIAN_POINT('',(0.0359137366260211,-0.000431117501340945,0.));
#6186=CARTESIAN_POINT('Origin',(0.0359137366260236,0.00022732149989474,
0.00393700787401575));
#6187=CARTESIAN_POINT('Origin',(0.0355855600138897,-0.000431117501340945,
0.));
#6188=CARTESIAN_POINT('',(0.0358206315607885,-0.000431117501340945,0.));
#6189=CARTESIAN_POINT('',(0.0358206315607885,-0.000431117501340945,0.00393700787401575));
#6190=CARTESIAN_POINT('Origin',(0.0415317590029852,-0.00169108958954518,
0.));
#6191=CARTESIAN_POINT('',(0.0415317590029846,-0.00181394043677747,0.));
#6192=CARTESIAN_POINT('',(0.041652779536899,-0.00171221684769453,0.));
#6193=CARTESIAN_POINT('Origin',(0.0415317590029852,-0.00169108958954518,
0.));
#6194=CARTESIAN_POINT('',(0.0415317590029846,-0.00181394043677747,0.00393700787401575));
#6195=CARTESIAN_POINT('',(0.0415317590029846,-0.00181394043677747,0.));
#6196=CARTESIAN_POINT('',(0.041652779536899,-0.00171221684769453,0.00393700787401575));
#6197=CARTESIAN_POINT('Origin',(0.0415317590029852,-0.00169108958954518,
0.00393700787401575));
#6198=CARTESIAN_POINT('',(0.041652779536899,-0.00171221684769453,0.));
#6199=CARTESIAN_POINT('Origin',(0.0414271297253031,-0.00181394043677747,
0.));
#6200=CARTESIAN_POINT('',(0.0414271297253031,-0.00181394043677747,0.));
#6201=CARTESIAN_POINT('',(0.0387414164164952,-0.00181394043677747,0.));
#6202=CARTESIAN_POINT('',(0.0414271297253031,-0.00181394043677747,0.00393700787401575));
#6203=CARTESIAN_POINT('',(0.0414271297253031,-0.00181394043677747,0.));
#6204=CARTESIAN_POINT('',(0.0387414164164952,-0.00181394043677747,0.00393700787401575));
#6205=CARTESIAN_POINT('Origin',(0.041430737209612,-0.00172402970252228,
0.));
#6206=CARTESIAN_POINT('',(0.0413442083661569,-0.00169933732864578,0.));
#6207=CARTESIAN_POINT('Origin',(0.041430737209612,-0.00172402970252228,
0.));
#6208=CARTESIAN_POINT('',(0.0413442083661569,-0.00169933732864578,0.00393700787401575));
#6209=CARTESIAN_POINT('',(0.0413442083661569,-0.00169933732864578,0.));
#6210=CARTESIAN_POINT('Origin',(0.041430737209612,-0.00172402970252228,
0.00393700787401575));
#6211=CARTESIAN_POINT('Origin',(0.0415749194866779,-0.00089086235048874,
0.));
#6212=CARTESIAN_POINT('',(0.0415749194866779,-0.00089086235048874,0.));
#6213=CARTESIAN_POINT('',(0.0413379024666759,-0.00172143492816181,0.));
#6214=CARTESIAN_POINT('',(0.0415749194866779,-0.00089086235048874,0.00393700787401575));
#6215=CARTESIAN_POINT('',(0.0415749194866779,-0.00089086235048874,0.));
#6216=CARTESIAN_POINT('',(0.0413379024666759,-0.00172143492816181,0.00393700787401575));
#6217=CARTESIAN_POINT('Origin',(0.0417647951392494,-0.000943994985283069,
0.));
#6218=CARTESIAN_POINT('',(0.0417648168997173,-0.000746825413984391,0.));
#6219=CARTESIAN_POINT('Origin',(0.0417647951392494,-0.000943994985283069,
0.));
#6220=CARTESIAN_POINT('',(0.0417648168997173,-0.000746825413984391,0.00393700787401575));
#6221=CARTESIAN_POINT('',(0.0417648168997173,-0.000746825413984391,0.));
#6222=CARTESIAN_POINT('Origin',(0.0417647951392494,-0.000943994985283069,
0.00393700787401575));
#6223=CARTESIAN_POINT('Origin',(0.0419092933104794,-0.000746841359011582,
0.));
#6224=CARTESIAN_POINT('',(0.0419092933104794,-0.000746841359011582,0.));
#6225=CARTESIAN_POINT('',(0.0389825184106811,-0.000746518347766262,0.));
#6226=CARTESIAN_POINT('',(0.0419092933104794,-0.000746841359011582,0.00393700787401575));
#6227=CARTESIAN_POINT('',(0.0419092933104794,-0.000746841359011582,0.));
#6228=CARTESIAN_POINT('',(0.0389825184106811,-0.000746518347766262,0.00393700787401575));
#6229=CARTESIAN_POINT('Origin',(0.0419092917897125,-0.000760620886486717,
0.));
#6230=CARTESIAN_POINT('',(0.0419225449750411,-0.000764392949370194,0.));
#6231=CARTESIAN_POINT('Origin',(0.0419092917897125,-0.000760620886486717,
0.));
#6232=CARTESIAN_POINT('',(0.0419225449750411,-0.000764392949370194,0.00393700787401575));
#6233=CARTESIAN_POINT('',(0.0419225449750411,-0.000764392949370194,0.));
#6234=CARTESIAN_POINT('Origin',(0.0419092917897125,-0.000760620886486717,
0.00393700787401575));
#6235=CARTESIAN_POINT('Origin',(0.041652779536899,-0.00171221684769453,
0.));
#6236=CARTESIAN_POINT('',(0.041522046252467,-0.00217154971162439,0.));
#6237=CARTESIAN_POINT('',(0.041522046252467,-0.00217154971162439,0.00393700787401575));
#6238=CARTESIAN_POINT('Origin',(0.0381234789989506,-0.00172777504657829,
0.));
#6239=CARTESIAN_POINT('',(0.0381234789989506,-0.00172777504657829,0.));
#6240=CARTESIAN_POINT('',(0.0383932444370928,-0.000779951148253946,0.));
#6241=CARTESIAN_POINT('',(0.0381270292879403,-0.00171530106631788,0.));
#6242=CARTESIAN_POINT('',(0.0381234789989506,-0.00172777504657829,0.00393700787401575));
#6243=CARTESIAN_POINT('',(0.0381234789989506,-0.00172777504657829,0.));
#6244=CARTESIAN_POINT('',(0.0383932444370928,-0.000779951148253946,0.00393700787401575));
#6245=CARTESIAN_POINT('',(0.0381270292879403,-0.00171530106631788,0.00393700787401575));
#6246=CARTESIAN_POINT('',(0.0383932444370928,-0.000779951148253946,0.));
#6247=CARTESIAN_POINT('Origin',(0.0380024584650369,-0.00170664778842894,
0.));
#6248=CARTESIAN_POINT('',(0.0380024584650363,-0.00182949863566121,0.));
#6249=CARTESIAN_POINT('Origin',(0.0380024584650369,-0.00170664778842894,
0.));
#6250=CARTESIAN_POINT('',(0.0380024584650363,-0.00182949863566121,0.00393700787401575));
#6251=CARTESIAN_POINT('',(0.0380024584650363,-0.00182949863566121,0.));
#6252=CARTESIAN_POINT('Origin',(0.0380024584650369,-0.00170664778842894,
0.00393700787401575));
#6253=CARTESIAN_POINT('Origin',(0.0378978291873548,-0.00182949863566121,
0.));
#6254=CARTESIAN_POINT('',(0.0378978291873548,-0.00182949863566121,0.));
#6255=CARTESIAN_POINT('',(0.036976766147521,-0.00182949863566121,0.));
#6256=CARTESIAN_POINT('',(0.0378978291873548,-0.00182949863566121,0.00393700787401575));
#6257=CARTESIAN_POINT('',(0.0378978291873548,-0.00182949863566121,0.));
#6258=CARTESIAN_POINT('',(0.036976766147521,-0.00182949863566121,0.00393700787401575));
#6259=CARTESIAN_POINT('Origin',(0.0379014366716637,-0.00173958790140603,
0.));
#6260=CARTESIAN_POINT('',(0.0378149078282085,-0.00171489552752952,0.));
#6261=CARTESIAN_POINT('Origin',(0.0379014366716637,-0.00173958790140603,
0.));
#6262=CARTESIAN_POINT('',(0.0378149078282085,-0.00171489552752952,0.00393700787401575));
#6263=CARTESIAN_POINT('',(0.0378149078282085,-0.00171489552752952,0.));
#6264=CARTESIAN_POINT('Origin',(0.0379014366716637,-0.00173958790140603,
0.00393700787401575));
#6265=CARTESIAN_POINT('Origin',(0.0380456189487295,-0.000906420549373034,
0.));
#6266=CARTESIAN_POINT('',(0.0380456189487295,-0.000906420549373034,0.));
#6267=CARTESIAN_POINT('',(0.037943535586618,-0.00126414861972703,0.));
#6268=CARTESIAN_POINT('',(0.0380456189487295,-0.000906420549373034,0.00393700787401575));
#6269=CARTESIAN_POINT('',(0.0380456189487295,-0.000906420549373034,0.));
#6270=CARTESIAN_POINT('',(0.037943535586618,-0.00126414861972703,0.00393700787401575));
#6271=CARTESIAN_POINT('Origin',(0.0382354946013011,-0.000959553184166805,
0.));
#6272=CARTESIAN_POINT('',(0.038235516361769,-0.000762383612868127,0.));
#6273=CARTESIAN_POINT('Origin',(0.0382354946013011,-0.000959553184166805,
0.));
#6274=CARTESIAN_POINT('',(0.038235516361769,-0.000762383612868127,0.00393700787401575));
#6275=CARTESIAN_POINT('',(0.038235516361769,-0.000762383612868127,0.));
#6276=CARTESIAN_POINT('Origin',(0.0382354946013011,-0.000959553184166805,
0.00393700787401575));
#6277=CARTESIAN_POINT('Origin',(0.0383799927725311,-0.000762399557895334,
0.));
#6278=CARTESIAN_POINT('',(0.0383799927725311,-0.000762399557895334,0.));
#6279=CARTESIAN_POINT('',(0.0372178672616788,-0.000762271300813148,0.));
#6280=CARTESIAN_POINT('',(0.0383799927725311,-0.000762399557895334,0.00393700787401575));
#6281=CARTESIAN_POINT('',(0.0383799927725311,-0.000762399557895334,0.));
#6282=CARTESIAN_POINT('',(0.0372178672616788,-0.000762271300813148,0.00393700787401575));
#6283=CARTESIAN_POINT('Origin',(0.0383799912517642,-0.00077617908537047,
0.));
#6284=CARTESIAN_POINT('Origin',(0.0383799912517642,-0.00077617908537047,
0.));
#6285=CARTESIAN_POINT('Origin',(0.0383799912517642,-0.00077617908537047,
0.00393700787401575));
#6286=CARTESIAN_POINT('Origin',(0.0305885089081882,-0.000914717609729571,
0.));
#6287=CARTESIAN_POINT('',(0.0305885089081882,-0.000914717609729571,0.));
#6288=CARTESIAN_POINT('',(0.0303562766396786,-0.00102180998371082,0.));
#6289=CARTESIAN_POINT('',(0.0328051720254161,0.000107481919492098,0.));
#6290=CARTESIAN_POINT('',(0.0305885089081882,-0.000914717609729571,0.00393700787401575));
#6291=CARTESIAN_POINT('',(0.0305885089081882,-0.000914717609729571,0.));
#6292=CARTESIAN_POINT('',(0.0303562766396786,-0.00102180998371082,0.00393700787401575));
#6293=CARTESIAN_POINT('',(0.0328051720254161,0.000107481919492098,0.00393700787401575));
#6294=CARTESIAN_POINT('',(0.0303562766396786,-0.00102180998371082,0.));
#6295=CARTESIAN_POINT('Origin',(0.0306002102934022,-0.000932762843326346,
0.));
#6296=CARTESIAN_POINT('',(0.0306209245149063,-0.000938548506552672,0.));
#6297=CARTESIAN_POINT('Origin',(0.0306002102934022,-0.000932762843326346,
0.));
#6298=CARTESIAN_POINT('',(0.0306209245149063,-0.000938548506552672,0.00393700787401575));
#6299=CARTESIAN_POINT('',(0.0306209245149063,-0.000938548506552672,0.));
#6300=CARTESIAN_POINT('Origin',(0.0306002102934022,-0.000932762843326346,
0.00393700787401575));
#6301=CARTESIAN_POINT('Origin',(0.0304077346825724,-0.00170182511573817,
0.));
#6302=CARTESIAN_POINT('',(0.0304077346825724,-0.00170182511573817,0.));
#6303=CARTESIAN_POINT('',(0.0306884736892484,-0.000696704398976378,0.));
#6304=CARTESIAN_POINT('',(0.0304077346825724,-0.00170182511573817,0.00393700787401575));
#6305=CARTESIAN_POINT('',(0.0304077346825724,-0.00170182511573817,0.));
#6306=CARTESIAN_POINT('',(0.0306884736892484,-0.000696704398976378,0.00393700787401575));
#6307=CARTESIAN_POINT('Origin',(0.0302774080660013,-0.00167702517904624,
0.));
#6308=CARTESIAN_POINT('',(0.0302868520435507,-0.00180935384236164,0.));
#6309=CARTESIAN_POINT('Origin',(0.0302774080660013,-0.00167702517904624,
0.));
#6310=CARTESIAN_POINT('',(0.0302868520435507,-0.00180935384236164,0.00393700787401575));
#6311=CARTESIAN_POINT('',(0.0302868520435507,-0.00180935384236164,0.));
#6312=CARTESIAN_POINT('Origin',(0.0302774080660013,-0.00167702517904624,
0.00393700787401575));
#6313=CARTESIAN_POINT('Origin',(0.0302304296473657,-0.00181338057269759,
0.));
#6314=CARTESIAN_POINT('',(0.0302304296473657,-0.00181338057269759,0.));
#6315=CARTESIAN_POINT('',(0.0331531975008358,-0.00160478968013932,0.));
#6316=CARTESIAN_POINT('',(0.0302304296473657,-0.00181338057269759,0.00393700787401575));
#6317=CARTESIAN_POINT('',(0.0302304296473657,-0.00181338057269759,0.));
#6318=CARTESIAN_POINT('',(0.0331531975008358,-0.00160478968013932,0.00393700787401575));
#6319=CARTESIAN_POINT('Origin',(0.0302601045547151,-0.00171525330248238,
0.));
#6320=CARTESIAN_POINT('',(0.0301614327409325,-0.00168744261297378,0.));
#6321=CARTESIAN_POINT('Origin',(0.0302601045547151,-0.00171525330248238,
0.));
#6322=CARTESIAN_POINT('',(0.0301614327409325,-0.00168744261297378,0.00393700787401575));
#6323=CARTESIAN_POINT('',(0.0301614327409325,-0.00168744261297378,0.));
#6324=CARTESIAN_POINT('Origin',(0.0302601045547151,-0.00171525330248238,
0.00393700787401575));
#6325=CARTESIAN_POINT('Origin',(0.0303398954809208,-0.00105556626221843,
0.));
#6326=CARTESIAN_POINT('',(0.0303398954809208,-0.00105556626221843,0.));
#6327=CARTESIAN_POINT('',(0.0305436065874424,-0.000334293964114519,0.));
#6328=CARTESIAN_POINT('',(0.0303398954809208,-0.00105556626221843,0.00393700787401575));
#6329=CARTESIAN_POINT('',(0.0303398954809208,-0.00105556626221843,0.));
#6330=CARTESIAN_POINT('',(0.0305436065874424,-0.000334293964114519,0.00393700787401575));
#6331=CARTESIAN_POINT('Origin',(0.030368665112881,-0.00104867467190675,
0.));
#6332=CARTESIAN_POINT('Origin',(0.030368665112881,-0.00104867467190675,
0.));
#6333=CARTESIAN_POINT('Origin',(0.030368665112881,-0.00104867467190675,
0.00393700787401575));
#6334=CARTESIAN_POINT('Origin',(0.031472484403005,-0.000932762843326357,
0.));
#6335=CARTESIAN_POINT('',(0.0314931986245091,-0.000938548506552672,0.));
#6336=CARTESIAN_POINT('',(0.0314607830177909,-0.000914717609729571,0.));
#6337=CARTESIAN_POINT('Origin',(0.031472484403005,-0.000932762843326357,
0.));
#6338=CARTESIAN_POINT('',(0.0314931986245091,-0.000938548506552672,0.00393700787401575));
#6339=CARTESIAN_POINT('',(0.0314931986245091,-0.000938548506552672,0.));
#6340=CARTESIAN_POINT('',(0.0314607830177909,-0.000914717609729571,0.00393700787401575));
#6341=CARTESIAN_POINT('Origin',(0.031472484403005,-0.000932762843326357,
0.00393700787401575));
#6342=CARTESIAN_POINT('',(0.0314607830177909,-0.000914717609729571,0.));
#6343=CARTESIAN_POINT('Origin',(0.0312800087921751,-0.00170182511573817,
0.));
#6344=CARTESIAN_POINT('',(0.0312800087921751,-0.00170182511573817,0.));
#6345=CARTESIAN_POINT('',(0.0315291855524371,-0.000809705681248857,0.));
#6346=CARTESIAN_POINT('',(0.0312800087921751,-0.00170182511573817,0.00393700787401575));
#6347=CARTESIAN_POINT('',(0.0312800087921751,-0.00170182511573817,0.));
#6348=CARTESIAN_POINT('',(0.0315291855524371,-0.000809705681248857,0.00393700787401575));
#6349=CARTESIAN_POINT('Origin',(0.0311496821756041,-0.00167702517904629,
0.));
#6350=CARTESIAN_POINT('',(0.0311591261531536,-0.00180935384236164,0.));
#6351=CARTESIAN_POINT('Origin',(0.0311496821756041,-0.00167702517904629,
0.));
#6352=CARTESIAN_POINT('',(0.0311591261531536,-0.00180935384236164,0.00393700787401575));
#6353=CARTESIAN_POINT('',(0.0311591261531536,-0.00180935384236164,0.));
#6354=CARTESIAN_POINT('Origin',(0.0311496821756041,-0.00167702517904629,
0.00393700787401575));
#6355=CARTESIAN_POINT('Origin',(0.0311027037569684,-0.00181338057269759,
0.));
#6356=CARTESIAN_POINT('',(0.0311027037569684,-0.00181338057269759,0.));
#6357=CARTESIAN_POINT('',(0.0335915446897876,-0.00163575799791965,0.));
#6358=CARTESIAN_POINT('',(0.0311027037569684,-0.00181338057269759,0.00393700787401575));
#6359=CARTESIAN_POINT('',(0.0311027037569684,-0.00181338057269759,0.));
#6360=CARTESIAN_POINT('',(0.0335915446897876,-0.00163575799791965,0.00393700787401575));
#6361=CARTESIAN_POINT('Origin',(0.0311323786643178,-0.00171525330248238,
0.));
#6362=CARTESIAN_POINT('',(0.0310337068505353,-0.00168744261297378,0.));
#6363=CARTESIAN_POINT('Origin',(0.0311323786643178,-0.00171525330248238,
0.));
#6364=CARTESIAN_POINT('',(0.0310337068505353,-0.00168744261297378,0.00393700787401575));
#6365=CARTESIAN_POINT('',(0.0310337068505353,-0.00168744261297378,0.));
#6366=CARTESIAN_POINT('Origin',(0.0311323786643178,-0.00171525330248238,
0.00393700787401575));
#6367=CARTESIAN_POINT('Origin',(0.0312121695905235,-0.00105556626221843,
0.));
#6368=CARTESIAN_POINT('',(0.0312121695905235,-0.00105556626221843,0.));
#6369=CARTESIAN_POINT('',(0.031383660864325,-0.000448373521127327,0.));
#6370=CARTESIAN_POINT('',(0.0312121695905235,-0.00105556626221843,0.00393700787401575));
#6371=CARTESIAN_POINT('',(0.0312121695905235,-0.00105556626221843,0.));
#6372=CARTESIAN_POINT('',(0.031383660864325,-0.000448373521127327,0.00393700787401575));
#6373=CARTESIAN_POINT('Origin',(0.0312409392224837,-0.00104867467190674,
0.));
#6374=CARTESIAN_POINT('',(0.0312285507492813,-0.00102180998371082,0.));
#6375=CARTESIAN_POINT('Origin',(0.0312409392224837,-0.00104867467190674,
0.));
#6376=CARTESIAN_POINT('',(0.0312285507492813,-0.00102180998371082,0.00393700787401575));
#6377=CARTESIAN_POINT('',(0.0312285507492813,-0.00102180998371082,0.));
#6378=CARTESIAN_POINT('Origin',(0.0312409392224837,-0.00104867467190674,
0.00393700787401575));
#6379=CARTESIAN_POINT('Origin',(0.0314607830177909,-0.000914717609729571,
0.));
#6380=CARTESIAN_POINT('',(0.0333177909197717,-5.83707032408441E-5,0.));
#6381=CARTESIAN_POINT('',(0.0333177909197717,-5.83707032408441E-5,0.00393700787401575));
#6382=CARTESIAN_POINT('Origin',(0.0406753795396335,-0.00181443909407563,
0.));
#6383=CARTESIAN_POINT('',(0.0401203119784833,-0.00181410549344106,0.));
#6384=CARTESIAN_POINT('',(0.0406753795396335,-0.00181443909407563,0.));
#6385=CARTESIAN_POINT('',(0.0401203119784833,-0.00181410549344106,0.));
#6386=CARTESIAN_POINT('',(0.0401203119784833,-0.00181410549344106,0.00393700787401575));
#6387=CARTESIAN_POINT('',(0.0401203119784833,-0.00181410549344106,0.));
#6388=CARTESIAN_POINT('',(0.0406753795396335,-0.00181443909407563,0.00393700787401575));
#6389=CARTESIAN_POINT('',(0.0401203119784833,-0.00181410549344106,0.00393700787401575));
#6390=CARTESIAN_POINT('',(0.0406753795396335,-0.00181443909407563,0.));
#6391=CARTESIAN_POINT('Origin',(0.0406893950029582,-0.00178300246250372,
0.));
#6392=CARTESIAN_POINT('',(0.0407205254928993,-0.00176831956044653,0.));
#6393=CARTESIAN_POINT('Origin',(0.0406893950029582,-0.00178300246250372,
0.));
#6394=CARTESIAN_POINT('',(0.0407205254928993,-0.00176831956044653,0.00393700787401575));
#6395=CARTESIAN_POINT('Origin',(0.0406893950029582,-0.00178300246250372,
0.00393700787401575));
#6396=CARTESIAN_POINT('',(0.0407205254928993,-0.00176831956044653,0.));
#6397=CARTESIAN_POINT('Origin',(0.0406589488676958,-0.0016377656342541,
0.));
#6398=CARTESIAN_POINT('',(0.0406589488676958,-0.0016377656342541,0.));
#6399=CARTESIAN_POINT('',(0.0407205254928993,-0.00176831956044653,0.));
#6400=CARTESIAN_POINT('',(0.0406589488676958,-0.0016377656342541,0.00393700787401575));
#6401=CARTESIAN_POINT('',(0.0407205254928993,-0.00176831956044653,0.00393700787401575));
#6402=CARTESIAN_POINT('',(0.0406589488676958,-0.0016377656342541,0.));
#6403=CARTESIAN_POINT('Origin',(0.0417986332760548,-0.00128614820965152,
0.));
#6404=CARTESIAN_POINT('',(0.0406073568664425,-0.00134425053182725,0.));
#6405=CARTESIAN_POINT('Origin',(0.0417986332760548,-0.00128614820965152,
0.));
#6406=CARTESIAN_POINT('',(0.0406073568664425,-0.00134425053182725,0.00393700787401575));
#6407=CARTESIAN_POINT('Origin',(0.0417986332760548,-0.00128614820965152,
0.00393700787401575));
#6408=CARTESIAN_POINT('',(0.0406073568664425,-0.00134425053182725,0.));
#6409=CARTESIAN_POINT('Origin',(0.0414336670884678,-0.00130394876613798,
0.));
#6410=CARTESIAN_POINT('',(0.0414339233769367,-0.000476656345250793,0.));
#6411=CARTESIAN_POINT('Origin',(0.0414336670884678,-0.00130394876613798,
0.));
#6412=CARTESIAN_POINT('',(0.0414339233769367,-0.000476656345250793,0.00393700787401575));
#6413=CARTESIAN_POINT('Origin',(0.0414336670884678,-0.00130394876613798,
0.00393700787401575));
#6414=CARTESIAN_POINT('',(0.0414339233769367,-0.000476656345250793,0.));
#6415=CARTESIAN_POINT('Origin',(0.0424981380906608,-0.000476986030315873,
0.));
#6416=CARTESIAN_POINT('',(0.0424981380906608,-0.000476986030315873,0.));
#6417=CARTESIAN_POINT('',(0.0414339233769367,-0.000476656345250793,0.));
#6418=CARTESIAN_POINT('',(0.0424981380906608,-0.000476986030315873,0.00393700787401575));
#6419=CARTESIAN_POINT('',(0.0414339233769367,-0.000476656345250793,0.00393700787401575));
#6420=CARTESIAN_POINT('',(0.0424981380906608,-0.000476986030315873,0.));
#6421=CARTESIAN_POINT('Origin',(0.0425049923520301,-0.00057079564688811,
0.));
#6422=CARTESIAN_POINT('',(0.0425954814886781,-0.000596465497083195,0.));
#6423=CARTESIAN_POINT('Origin',(0.0425049923520301,-0.00057079564688811,
0.));
#6424=CARTESIAN_POINT('',(0.0425954814886781,-0.000596465497083195,0.00393700787401575));
#6425=CARTESIAN_POINT('Origin',(0.0425049923520301,-0.00057079564688811,
0.00393700787401575));
#6426=CARTESIAN_POINT('',(0.0425954814886781,-0.000596465497083195,0.));
#6427=CARTESIAN_POINT('Origin',(0.0422828341711418,-0.0016985827912428,
0.));
#6428=CARTESIAN_POINT('',(0.0422828341711418,-0.0016985827912428,0.));
#6429=CARTESIAN_POINT('',(0.0425954814886781,-0.000596465497083195,0.));
#6430=CARTESIAN_POINT('',(0.0422828341711418,-0.0016985827912428,0.00393700787401575));
#6431=CARTESIAN_POINT('',(0.0425954814886781,-0.000596465497083195,0.00393700787401575));
#6432=CARTESIAN_POINT('',(0.0422828341711418,-0.0016985827912428,0.));
#6433=CARTESIAN_POINT('Origin',(0.0423646715992514,-0.00172723313084097,
0.));
#6434=CARTESIAN_POINT('',(0.0423648612490423,-0.00181394051594547,0.));
#6435=CARTESIAN_POINT('Origin',(0.0423646715992514,-0.00172723313084097,
0.));
#6436=CARTESIAN_POINT('',(0.0423648612490423,-0.00181394051594547,0.00393700787401575));
#6437=CARTESIAN_POINT('Origin',(0.0423646715992514,-0.00172723313084097,
0.00393700787401575));
#6438=CARTESIAN_POINT('',(0.0423648612490423,-0.00181394051594547,0.));
#6439=CARTESIAN_POINT('Origin',(0.0425141625902646,-0.00181361395820128,
0.));
#6440=CARTESIAN_POINT('',(0.0425141625902646,-0.00181361395820128,0.));
#6441=CARTESIAN_POINT('',(0.0423648612490423,-0.00181394051594547,0.));
#6442=CARTESIAN_POINT('',(0.0425141625902646,-0.00181361395820128,0.00393700787401575));
#6443=CARTESIAN_POINT('',(0.0423648612490423,-0.00181394051594547,0.00393700787401575));
#6444=CARTESIAN_POINT('',(0.0425141625902646,-0.00181361395820128,0.));
#6445=CARTESIAN_POINT('Origin',(0.0425218795328243,-0.00189960603119157,
0.));
#6446=CARTESIAN_POINT('',(0.0426044226192037,-0.00192492058650258,0.));
#6447=CARTESIAN_POINT('Origin',(0.0425218795328243,-0.00189960603119157,
0.));
#6448=CARTESIAN_POINT('',(0.0426044226192037,-0.00192492058650258,0.00393700787401575));
#6449=CARTESIAN_POINT('Origin',(0.0425218795328243,-0.00189960603119157,
0.00393700787401575));
#6450=CARTESIAN_POINT('',(0.0426044226192037,-0.00192492058650258,0.));
#6451=CARTESIAN_POINT('Origin',(0.0425777043320401,-0.00201204081666674,
0.));
#6452=CARTESIAN_POINT('',(0.0425777043320401,-0.00201204081666674,0.));
#6453=CARTESIAN_POINT('',(0.0426044226192037,-0.00192492058650258,0.));
#6454=CARTESIAN_POINT('',(0.0425777043320401,-0.00201204081666674,0.00393700787401575));
#6455=CARTESIAN_POINT('',(0.0426044226192037,-0.00192492058650258,0.00393700787401575));
#6456=CARTESIAN_POINT('',(0.0425777043320401,-0.00201204081666674,0.));
#6457=CARTESIAN_POINT('Origin',(0.0424912047090109,-0.0019950293480574,
0.));
#6458=CARTESIAN_POINT('',(0.0424911930301539,-0.0020831858833344,0.));
#6459=CARTESIAN_POINT('Origin',(0.0424912047090109,-0.0019950293480574,
0.));
#6460=CARTESIAN_POINT('',(0.0424911930301539,-0.0020831858833344,0.00393700787401575));
#6461=CARTESIAN_POINT('Origin',(0.0424912047090109,-0.0019950293480574,
0.00393700787401575));
#6462=CARTESIAN_POINT('',(0.0424911930301539,-0.0020831858833344,0.));
#6463=CARTESIAN_POINT('Origin',(0.0362254466337888,-0.00208235580585759,
0.));
#6464=CARTESIAN_POINT('',(0.0362254466337888,-0.00208235580585759,0.));
#6465=CARTESIAN_POINT('',(0.0424911930301539,-0.0020831858833344,0.));
#6466=CARTESIAN_POINT('',(0.0362254466337888,-0.00208235580585759,0.00393700787401575));
#6467=CARTESIAN_POINT('',(0.0424911930301539,-0.0020831858833344,0.00393700787401575));
#6468=CARTESIAN_POINT('',(0.0362254466337888,-0.00208235580585759,0.));
#6469=CARTESIAN_POINT('Origin',(0.0363561295084464,-0.0014852827670038,
0.));
#6470=CARTESIAN_POINT('',(0.0358631389692265,-0.00184657842943905,0.));
#6471=CARTESIAN_POINT('Origin',(0.0363561295084464,-0.0014852827670038,
0.));
#6472=CARTESIAN_POINT('',(0.0358631389692265,-0.00184657842943905,0.00393700787401575));
#6473=CARTESIAN_POINT('Origin',(0.0363561295084464,-0.0014852827670038,
0.00393700787401575));
#6474=CARTESIAN_POINT('',(0.0358631389692265,-0.00184657842943905,0.));
#6475=CARTESIAN_POINT('Origin',(0.0360648396391319,-0.00169875900624676,
0.));
#6476=CARTESIAN_POINT('',(0.0358245583492199,-0.0016294867619392,0.));
#6477=CARTESIAN_POINT('Origin',(0.0360648396391319,-0.00169875900624676,
0.));
#6478=CARTESIAN_POINT('',(0.0358245583492199,-0.0016294867619392,0.00393700787401575));
#6479=CARTESIAN_POINT('Origin',(0.0360648396391319,-0.00169875900624676,
0.00393700787401575));
#6480=CARTESIAN_POINT('',(0.0358245583492199,-0.0016294867619392,0.));
#6481=CARTESIAN_POINT('Origin',(0.0360184190957657,-0.00095705134847365,
0.));
#6482=CARTESIAN_POINT('',(0.0360184190957657,-0.00095705134847365,0.));
#6483=CARTESIAN_POINT('',(0.0358245583492199,-0.0016294867619392,0.));
#6484=CARTESIAN_POINT('',(0.0360184190957657,-0.00095705134847365,0.00393700787401575));
#6485=CARTESIAN_POINT('',(0.0358245583492199,-0.0016294867619392,0.00393700787401575));
#6486=CARTESIAN_POINT('',(0.0360184190957657,-0.00095705134847365,0.));
#6487=CARTESIAN_POINT('Origin',(0.0359365004269882,-0.000932781154717179,
0.));
#6488=CARTESIAN_POINT('',(0.0359365004269878,-0.000847342810870543,0.));
#6489=CARTESIAN_POINT('Origin',(0.0359365004269882,-0.000932781154717179,
0.));
#6490=CARTESIAN_POINT('',(0.0359365004269878,-0.000847342810870543,0.00393700787401575));
#6491=CARTESIAN_POINT('Origin',(0.0359365004269882,-0.000932781154717179,
0.00393700787401575));
#6492=CARTESIAN_POINT('',(0.0359365004269878,-0.000847342810870543,0.));
#6493=CARTESIAN_POINT('Origin',(0.0354339766408026,-0.000847342810870543,
0.));
#6494=CARTESIAN_POINT('',(0.0354339766408026,-0.000847342810870543,0.));
#6495=CARTESIAN_POINT('',(0.0359365004269878,-0.000847342810870543,0.));
#6496=CARTESIAN_POINT('',(0.0354339766408026,-0.000847342810870543,0.00393700787401575));
#6497=CARTESIAN_POINT('',(0.0359365004269878,-0.000847342810870543,0.00393700787401575));
#6498=CARTESIAN_POINT('',(0.0354339766408026,-0.000847342810870543,0.));
#6499=CARTESIAN_POINT('Origin',(0.0354355298851661,-0.000876508846195403,
0.));
#6500=CARTESIAN_POINT('',(0.0354074586327864,-0.000868441940068741,0.));
#6501=CARTESIAN_POINT('Origin',(0.0354355298851661,-0.000876508846195403,
0.));
#6502=CARTESIAN_POINT('',(0.0354074586327864,-0.000868441940068741,0.00393700787401575));
#6503=CARTESIAN_POINT('Origin',(0.0354355298851661,-0.000876508846195403,
0.00393700787401575));
#6504=CARTESIAN_POINT('',(0.0354074586327864,-0.000868441940068741,0.));
#6505=CARTESIAN_POINT('Origin',(0.0351260921564532,-0.00184754213590558,
0.));
#6506=CARTESIAN_POINT('',(0.0351260921564532,-0.00184754213590558,0.));
#6507=CARTESIAN_POINT('',(0.0354074586327864,-0.000868441940068741,0.));
#6508=CARTESIAN_POINT('',(0.0351260921564532,-0.00184754213590558,0.00393700787401575));
#6509=CARTESIAN_POINT('',(0.0354074586327864,-0.000868441940068741,0.00393700787401575));
#6510=CARTESIAN_POINT('',(0.0351260921564532,-0.00184754213590558,0.));
#6511=CARTESIAN_POINT('Origin',(0.0347995121611207,-0.00173614455788131,
0.));
#6512=CARTESIAN_POINT('',(0.0347996295284552,-0.00208120093003807,0.));
#6513=CARTESIAN_POINT('Origin',(0.0347995121611207,-0.00173614455788131,
0.));
#6514=CARTESIAN_POINT('',(0.0347996295284552,-0.00208120093003807,0.00393700787401575));
#6515=CARTESIAN_POINT('Origin',(0.0347995121611207,-0.00173614455788131,
0.00393700787401575));
#6516=CARTESIAN_POINT('',(0.0347996295284552,-0.00208120093003807,0.));
#6517=CARTESIAN_POINT('Origin',(0.0289664271396847,-0.00208318503315739,
0.));
#6518=CARTESIAN_POINT('',(0.0289664271396847,-0.00208318503315739,0.));
#6519=CARTESIAN_POINT('',(0.0347996295284552,-0.00208120093003807,0.));
#6520=CARTESIAN_POINT('',(0.0289664271396847,-0.00208318503315739,0.00393700787401575));
#6521=CARTESIAN_POINT('',(0.0347996295284552,-0.00208120093003807,0.00393700787401575));
#6522=CARTESIAN_POINT('',(0.0289664271396847,-0.00208318503315739,0.));
#6523=CARTESIAN_POINT('Origin',(0.0289547923615337,-0.00199732416408077,
0.));
#6524=CARTESIAN_POINT('',(0.0288703279712689,-0.00197800516621864,0.));
#6525=CARTESIAN_POINT('Origin',(0.0289547923615337,-0.00199732416408077,
0.));
#6526=CARTESIAN_POINT('',(0.0288703279712689,-0.00197800516621864,0.00393700787401575));
#6527=CARTESIAN_POINT('Origin',(0.0289547923615337,-0.00199732416408077,
0.00393700787401575));
#6528=CARTESIAN_POINT('',(0.0288703279712689,-0.00197800516621864,0.));
#6529=CARTESIAN_POINT('Origin',(0.0288955069632063,-0.00186792035661333,
0.));
#6530=CARTESIAN_POINT('',(0.0288955069632063,-0.00186792035661333,0.));
#6531=CARTESIAN_POINT('',(0.0288703279712689,-0.00197800516621864,0.));
#6532=CARTESIAN_POINT('',(0.0288955069632063,-0.00186792035661333,0.00393700787401575));
#6533=CARTESIAN_POINT('',(0.0288703279712689,-0.00197800516621864,0.00393700787401575));
#6534=CARTESIAN_POINT('',(0.0288955069632063,-0.00186792035661333,0.));
#6535=CARTESIAN_POINT('Origin',(0.0290163798608158,-0.00197575243438854,
0.));
#6536=CARTESIAN_POINT('',(0.0290177298968212,-0.00181377653563626,0.));
#6537=CARTESIAN_POINT('Origin',(0.0290163798608158,-0.00197575243438854,
0.));
#6538=CARTESIAN_POINT('',(0.0290177298968212,-0.00181377653563626,0.00393700787401575));
#6539=CARTESIAN_POINT('Origin',(0.0290163798608158,-0.00197575243438854,
0.00393700787401575));
#6540=CARTESIAN_POINT('',(0.0290177298968212,-0.00181377653563626,0.));
#6541=CARTESIAN_POINT('Origin',(0.0291157594547404,-0.00181459359196223,
0.));
#6542=CARTESIAN_POINT('',(0.0291157594547404,-0.00181459359196223,0.));
#6543=CARTESIAN_POINT('',(0.0290177298968212,-0.00181377653563626,0.));
#6544=CARTESIAN_POINT('',(0.0291157594547404,-0.00181459359196223,0.00393700787401575));
#6545=CARTESIAN_POINT('',(0.0290177298968212,-0.00181377653563626,0.00393700787401575));
#6546=CARTESIAN_POINT('',(0.0291157594547404,-0.00181459359196223,0.));
#6547=CARTESIAN_POINT('Origin',(0.0291066533221559,-0.00164567850307547,
0.));
#6548=CARTESIAN_POINT('',(0.029269264914789,-0.00169229072084747,0.));
#6549=CARTESIAN_POINT('Origin',(0.0291066533221559,-0.00164567850307547,
0.));
#6550=CARTESIAN_POINT('',(0.029269264914789,-0.00169229072084747,0.00393700787401575));
#6551=CARTESIAN_POINT('Origin',(0.0291066533221559,-0.00164567850307547,
0.00393700787401575));
#6552=CARTESIAN_POINT('',(0.029269264914789,-0.00169229072084747,0.));
#6553=CARTESIAN_POINT('Origin',(0.029475855805141,-0.00097157681128475,
0.));
#6554=CARTESIAN_POINT('',(0.029475855805141,-0.00097157681128475,0.));
#6555=CARTESIAN_POINT('',(0.029269264914789,-0.00169229072084747,0.));
#6556=CARTESIAN_POINT('',(0.029475855805141,-0.00097157681128475,0.00393700787401575));
#6557=CARTESIAN_POINT('',(0.029269264914789,-0.00169229072084747,0.00393700787401575));
#6558=CARTESIAN_POINT('',(0.029475855805141,-0.00097157681128475,0.));
#6559=CARTESIAN_POINT('Origin',(0.0294468916904095,-0.000958200828644483,
0.));
#6560=CARTESIAN_POINT('',(0.02943376994461,-0.000929120652562828,0.));
#6561=CARTESIAN_POINT('Origin',(0.0294468916904095,-0.000958200828644483,
0.));
#6562=CARTESIAN_POINT('',(0.02943376994461,-0.000929120652562828,0.00393700787401575));
#6563=CARTESIAN_POINT('Origin',(0.0294468916904095,-0.000958200828644483,
0.00393700787401575));
#6564=CARTESIAN_POINT('',(0.02943376994461,-0.000929120652562828,0.));
#6565=CARTESIAN_POINT('Origin',(0.0292911593878972,-0.000993470313590565,
0.));
#6566=CARTESIAN_POINT('',(0.0292911593878972,-0.000993470313590565,0.));
#6567=CARTESIAN_POINT('',(0.02943376994461,-0.000929120652562828,0.));
#6568=CARTESIAN_POINT('',(0.0292911593878972,-0.000993470313590565,0.00393700787401575));
#6569=CARTESIAN_POINT('',(0.02943376994461,-0.000929120652562828,0.00393700787401575));
#6570=CARTESIAN_POINT('',(0.0292911593878972,-0.000993470313590565,0.));
#6571=CARTESIAN_POINT('Origin',(0.0292259211614051,-0.000935359342652896,
0.));
#6572=CARTESIAN_POINT('',(0.02914956451287,-0.000977816066073828,0.));
#6573=CARTESIAN_POINT('Origin',(0.0292259211614051,-0.000935359342652896,
0.));
#6574=CARTESIAN_POINT('',(0.02914956451287,-0.000977816066073828,0.00393700787401575));
#6575=CARTESIAN_POINT('Origin',(0.0292259211614051,-0.000935359342652896,
0.00393700787401575));
#6576=CARTESIAN_POINT('',(0.02914956451287,-0.000977816066073828,0.));
#6577=CARTESIAN_POINT('Origin',(0.029126603788091,-0.000936522158989565,
0.));
#6578=CARTESIAN_POINT('',(0.029126603788091,-0.000936522158989565,0.));
#6579=CARTESIAN_POINT('',(0.02914956451287,-0.000977816066073828,0.));
#6580=CARTESIAN_POINT('',(0.029126603788091,-0.000936522158989565,0.00393700787401575));
#6581=CARTESIAN_POINT('',(0.02914956451287,-0.000977816066073828,0.00393700787401575));
#6582=CARTESIAN_POINT('',(0.029126603788091,-0.000936522158989565,0.));
#6583=CARTESIAN_POINT('Origin',(0.0291959765292453,-0.000884753804921881,
0.));
#6584=CARTESIAN_POINT('',(0.029159840197775,-0.000806098193259368,0.));
#6585=CARTESIAN_POINT('Origin',(0.0291959765292453,-0.000884753804921881,
0.));
#6586=CARTESIAN_POINT('',(0.029159840197775,-0.000806098193259368,0.00393700787401575));
#6587=CARTESIAN_POINT('Origin',(0.0291959765292453,-0.000884753804921881,
0.00393700787401575));
#6588=CARTESIAN_POINT('',(0.029159840197775,-0.000806098193259368,0.));
#6589=CARTESIAN_POINT('Origin',(0.0298086515813856,-0.000508018212387918,
0.));
#6590=CARTESIAN_POINT('',(0.0298086515813856,-0.000508018212387918,0.));
#6591=CARTESIAN_POINT('',(0.029159840197775,-0.000806098193259368,0.));
#6592=CARTESIAN_POINT('',(0.0298086515813856,-0.000508018212387918,0.00393700787401575));
#6593=CARTESIAN_POINT('',(0.029159840197775,-0.000806098193259368,0.00393700787401575));
#6594=CARTESIAN_POINT('',(0.0298086515813856,-0.000508018212387918,0.));
#6595=CARTESIAN_POINT('Origin',(0.0299512970521765,-0.000727859509897035,
0.));
#6596=CARTESIAN_POINT('',(0.0301967348720949,-0.000635999818076439,0.));
#6597=CARTESIAN_POINT('Origin',(0.0299512970521765,-0.000727859509897035,
0.));
#6598=CARTESIAN_POINT('',(0.0301967348720949,-0.000635999818076439,0.00393700787401575));
#6599=CARTESIAN_POINT('Origin',(0.0299512970521765,-0.000727859509897035,
0.00393700787401575));
#6600=CARTESIAN_POINT('',(0.0301967348720949,-0.000635999818076439,0.));
#6601=CARTESIAN_POINT('Origin',(0.0302257497394894,-0.000713523981911383,
0.));
#6602=CARTESIAN_POINT('',(0.0302257497394894,-0.000713523981911383,0.));
#6603=CARTESIAN_POINT('',(0.0301967348720949,-0.000635999818076439,0.));
#6604=CARTESIAN_POINT('',(0.0302257497394894,-0.000713523981911383,0.00393700787401575));
#6605=CARTESIAN_POINT('',(0.0301967348720949,-0.000635999818076439,0.00393700787401575));
#6606=CARTESIAN_POINT('',(0.0302257497394894,-0.000713523981911383,0.));
#6607=CARTESIAN_POINT('Origin',(0.0302627319396507,-0.000687608812307504,
0.));
#6608=CARTESIAN_POINT('',(0.0302813473376996,-0.000728751808064391,0.));
#6609=CARTESIAN_POINT('Origin',(0.0302627319396507,-0.000687608812307504,
0.));
#6610=CARTESIAN_POINT('',(0.0302813473376996,-0.000728751808064391,0.00393700787401575));
#6611=CARTESIAN_POINT('Origin',(0.0302627319396507,-0.000687608812307504,
0.00393700787401575));
#6612=CARTESIAN_POINT('',(0.0302813473376996,-0.000728751808064391,0.));
#6613=CARTESIAN_POINT('Origin',(0.0307479734155176,-0.000517624008091217,
0.));
#6614=CARTESIAN_POINT('',(0.0307479734155176,-0.000517624008091217,0.));
#6615=CARTESIAN_POINT('',(0.0302813473376996,-0.000728751808064391,0.));
#6616=CARTESIAN_POINT('',(0.0307479734155176,-0.000517624008091217,0.00393700787401575));
#6617=CARTESIAN_POINT('',(0.0302813473376996,-0.000728751808064391,0.00393700787401575));
#6618=CARTESIAN_POINT('',(0.0307479734155176,-0.000517624008091217,0.));
#6619=CARTESIAN_POINT('Origin',(0.0309017122609804,-0.00075019834605439,
0.));
#6620=CARTESIAN_POINT('',(0.0311620650928164,-0.000650484464181206,0.));
#6621=CARTESIAN_POINT('Origin',(0.0309017122609804,-0.00075019834605439,
0.));
#6622=CARTESIAN_POINT('',(0.0311620650928164,-0.000650484464181206,0.00393700787401575));
#6623=CARTESIAN_POINT('Origin',(0.0309017122609804,-0.00075019834605439,
0.00393700787401575));
#6624=CARTESIAN_POINT('',(0.0311620650928164,-0.000650484464181206,0.));
#6625=CARTESIAN_POINT('Origin',(0.031186044743511,-0.000713095304793302,
0.));
#6626=CARTESIAN_POINT('',(0.031186044743511,-0.000713095304793302,0.));
#6627=CARTESIAN_POINT('',(0.0311620650928164,-0.000650484464181206,0.));
#6628=CARTESIAN_POINT('',(0.031186044743511,-0.000713095304793302,0.00393700787401575));
#6629=CARTESIAN_POINT('',(0.0311620650928164,-0.000650484464181206,0.00393700787401575));
#6630=CARTESIAN_POINT('',(0.031186044743511,-0.000713095304793302,0.));
#6631=CARTESIAN_POINT('Origin',(0.0312331505476798,-0.00068383507541631,
0.));
#6632=CARTESIAN_POINT('',(0.0312570562427368,-0.000733871417742987,0.));
#6633=CARTESIAN_POINT('Origin',(0.0312331505476798,-0.00068383507541631,
0.));
#6634=CARTESIAN_POINT('',(0.0312570562427368,-0.000733871417742987,0.00393700787401575));
#6635=CARTESIAN_POINT('Origin',(0.0312331505476798,-0.00068383507541631,
0.00393700787401575));
#6636=CARTESIAN_POINT('',(0.0312570562427368,-0.000733871417742987,0.));
#6637=CARTESIAN_POINT('Origin',(0.0317239236531174,-0.000510817744643996,
0.));
#6638=CARTESIAN_POINT('',(0.0317239236531174,-0.000510817744643996,0.));
#6639=CARTESIAN_POINT('',(0.0312570562427368,-0.000733871417742987,0.));
#6640=CARTESIAN_POINT('',(0.0317239236531174,-0.000510817744643996,0.00393700787401575));
#6641=CARTESIAN_POINT('',(0.0312570562427368,-0.000733871417742987,0.00393700787401575));
#6642=CARTESIAN_POINT('',(0.0317239236531174,-0.000510817744643996,0.));
#6643=CARTESIAN_POINT('Origin',(0.0318190659786893,-0.00058854774640978,
0.));
#6644=CARTESIAN_POINT('',(0.0318822635789933,-0.000483190835836505,0.));
#6645=CARTESIAN_POINT('Origin',(0.0318190659786893,-0.00058854774640978,
0.));
#6646=CARTESIAN_POINT('',(0.0318822635789933,-0.000483190835836505,0.00393700787401575));
#6647=CARTESIAN_POINT('Origin',(0.0318190659786893,-0.00058854774640978,
0.00393700787401575));
#6648=CARTESIAN_POINT('',(0.0318822635789933,-0.000483190835836505,0.));
#6649=CARTESIAN_POINT('Origin',(0.0321090273132114,-0.000619213463686974,
0.));
#6650=CARTESIAN_POINT('',(0.0321090273132114,-0.000619213463686974,0.));
#6651=CARTESIAN_POINT('',(0.0318822635789933,-0.000483190835836505,0.));
#6652=CARTESIAN_POINT('',(0.0321090273132114,-0.000619213463686974,0.00393700787401575));
#6653=CARTESIAN_POINT('',(0.0318822635789933,-0.000483190835836505,0.00393700787401575));
#6654=CARTESIAN_POINT('',(0.0321090273132114,-0.000619213463686974,0.));
#6655=CARTESIAN_POINT('Origin',(0.0319257737588613,-0.000761857491952108,
0.));
#6656=CARTESIAN_POINT('',(0.0321489670369451,-0.000825997530927949,0.));
#6657=CARTESIAN_POINT('Origin',(0.0319257737588613,-0.000761857491952108,
0.));
#6658=CARTESIAN_POINT('',(0.0321489670369451,-0.000825997530927949,0.00393700787401575));
#6659=CARTESIAN_POINT('Origin',(0.0319257737588613,-0.000761857491952108,
0.00393700787401575));
#6660=CARTESIAN_POINT('',(0.0321489670369451,-0.000825997530927949,0.));
#6661=CARTESIAN_POINT('Origin',(0.031899845544382,-0.00169288572515633,
0.));
#6662=CARTESIAN_POINT('',(0.031899845544382,-0.00169288572515633,0.));
#6663=CARTESIAN_POINT('',(0.0321489670369451,-0.000825997530927949,0.));
#6664=CARTESIAN_POINT('',(0.031899845544382,-0.00169288572515633,0.00393700787401575));
#6665=CARTESIAN_POINT('',(0.0321489670369451,-0.000825997530927949,0.00393700787401575));
#6666=CARTESIAN_POINT('',(0.031899845544382,-0.00169288572515633,0.));
#6667=CARTESIAN_POINT('Origin',(0.031976990808574,-0.00172929510291396,
0.));
#6668=CARTESIAN_POINT('',(0.0319769908085743,-0.00181460063952178,0.));
#6669=CARTESIAN_POINT('Origin',(0.031976990808574,-0.00172929510291396,
0.));
#6670=CARTESIAN_POINT('',(0.0319769908085743,-0.00181460063952178,0.00393700787401575));
#6671=CARTESIAN_POINT('Origin',(0.031976990808574,-0.00172929510291396,
0.00393700787401575));
#6672=CARTESIAN_POINT('',(0.0319769908085743,-0.00181460063952178,0.));
#6673=CARTESIAN_POINT('Origin',(0.0324009159450767,-0.00181460063952178,
0.));
#6674=CARTESIAN_POINT('',(0.0324009159450767,-0.00181460063952178,0.));
#6675=CARTESIAN_POINT('',(0.0319769908085743,-0.00181460063952178,0.));
#6676=CARTESIAN_POINT('',(0.0324009159450767,-0.00181460063952178,0.00393700787401575));
#6677=CARTESIAN_POINT('',(0.0319769908085743,-0.00181460063952178,0.00393700787401575));
#6678=CARTESIAN_POINT('',(0.0324009159450767,-0.00181460063952178,0.));
#6679=CARTESIAN_POINT('Origin',(0.0324079425365974,-0.00178055369208174,
0.));
#6680=CARTESIAN_POINT('',(0.0324372529428144,-0.00176185963672245,0.));
#6681=CARTESIAN_POINT('Origin',(0.0324079425365974,-0.00178055369208174,
0.));
#6682=CARTESIAN_POINT('',(0.0324372529428144,-0.00176185963672245,0.00393700787401575));
#6683=CARTESIAN_POINT('Origin',(0.0324079425365974,-0.00178055369208174,
0.00393700787401575));
#6684=CARTESIAN_POINT('',(0.0324372529428144,-0.00176185963672245,0.));
#6685=CARTESIAN_POINT('Origin',(0.0327058261678958,-0.00159056474914653,
0.));
#6686=CARTESIAN_POINT('',(0.0323994967350009,-0.00150318171714058,0.));
#6687=CARTESIAN_POINT('Origin',(0.0327058261678958,-0.00159056474914653,
0.));
#6688=CARTESIAN_POINT('',(0.0323994967350009,-0.00150318171714058,0.00393700787401575));
#6689=CARTESIAN_POINT('Origin',(0.0327058261678958,-0.00159056474914653,
0.00393700787401575));
#6690=CARTESIAN_POINT('',(0.0323994967350009,-0.00150318171714058,0.));
#6691=CARTESIAN_POINT('Origin',(0.0325438880042072,-0.000997004549846892,
0.));
#6692=CARTESIAN_POINT('',(0.0325438880042072,-0.000997004549846892,0.));
#6693=CARTESIAN_POINT('',(0.0323994967350009,-0.00150318171714058,0.));
#6694=CARTESIAN_POINT('',(0.0325438880042072,-0.000997004549846892,0.00393700787401575));
#6695=CARTESIAN_POINT('',(0.0323994967350009,-0.00150318171714058,0.00393700787401575));
#6696=CARTESIAN_POINT('',(0.0325438880042072,-0.000997004549846892,0.));
#6697=CARTESIAN_POINT('Origin',(0.0325390569539477,-0.000957528998296884,
0.));
#6698=CARTESIAN_POINT('',(0.0325251032188536,-0.000920287200626658,0.));
#6699=CARTESIAN_POINT('Origin',(0.0325390569539477,-0.000957528998296884,
0.));
#6700=CARTESIAN_POINT('',(0.0325251032188536,-0.000920287200626658,0.00393700787401575));
#6701=CARTESIAN_POINT('Origin',(0.0325390569539477,-0.000957528998296884,
0.00393700787401575));
#6702=CARTESIAN_POINT('',(0.0325251032188536,-0.000920287200626658,0.));
#6703=CARTESIAN_POINT('Origin',(0.0324196051330183,-0.000959815162077192,
0.));
#6704=CARTESIAN_POINT('',(0.0324196051330183,-0.000959815162077192,0.));
#6705=CARTESIAN_POINT('',(0.0325251032188536,-0.000920287200626658,0.));
#6706=CARTESIAN_POINT('',(0.0324196051330183,-0.000959815162077192,0.00393700787401575));
#6707=CARTESIAN_POINT('',(0.0325251032188536,-0.000920287200626658,0.00393700787401575));
#6708=CARTESIAN_POINT('',(0.0324196051330183,-0.000959815162077192,0.));
#6709=CARTESIAN_POINT('Origin',(0.0323684908331655,-0.000920058670852732,
0.));
#6710=CARTESIAN_POINT('',(0.0323091729529241,-0.000946032490895299,0.));
#6711=CARTESIAN_POINT('Origin',(0.0323684908331655,-0.000920058670852732,
0.));
#6712=CARTESIAN_POINT('',(0.0323091729529241,-0.000946032490895299,0.00393700787401575));
#6713=CARTESIAN_POINT('Origin',(0.0323684908331655,-0.000920058670852732,
0.00393700787401575));
#6714=CARTESIAN_POINT('',(0.0323091729529241,-0.000946032490895299,0.));
#6715=CARTESIAN_POINT('Origin',(0.0322731365553218,-0.000863734133788432,
0.));
#6716=CARTESIAN_POINT('',(0.0322731365553218,-0.000863734133788432,0.));
#6717=CARTESIAN_POINT('',(0.0323091729529241,-0.000946032490895299,0.));
#6718=CARTESIAN_POINT('',(0.0322731365553218,-0.000863734133788432,0.00393700787401575));
#6719=CARTESIAN_POINT('',(0.0323091729529241,-0.000946032490895299,0.00393700787401575));
#6720=CARTESIAN_POINT('',(0.0322731365553218,-0.000863734133788432,0.));
#6721=CARTESIAN_POINT('Origin',(0.0323710524511735,-0.000852469994146215,
0.));
#6722=CARTESIAN_POINT('',(0.032330811111482,-0.000762497564579388,0.));
#6723=CARTESIAN_POINT('Origin',(0.0323710524511735,-0.000852469994146215,
0.));
#6724=CARTESIAN_POINT('',(0.032330811111482,-0.000762497564579388,0.00393700787401575));
#6725=CARTESIAN_POINT('Origin',(0.0323710524511735,-0.000852469994146215,
0.00393700787401575));
#6726=CARTESIAN_POINT('',(0.032330811111482,-0.000762497564579388,0.));
#6727=CARTESIAN_POINT('Origin',(0.0329469867276531,-0.000486905003621033,
0.));
#6728=CARTESIAN_POINT('',(0.0329469867276531,-0.000486905003621033,0.));
#6729=CARTESIAN_POINT('',(0.032330811111482,-0.000762497564579388,0.));
#6730=CARTESIAN_POINT('',(0.0329469867276531,-0.000486905003621033,0.00393700787401575));
#6731=CARTESIAN_POINT('',(0.032330811111482,-0.000762497564579388,0.00393700787401575));
#6732=CARTESIAN_POINT('',(0.0329469867276531,-0.000486905003621033,0.));
#6733=CARTESIAN_POINT('Origin',(0.0330323246684785,-0.000596795531557688,
0.));
#6734=CARTESIAN_POINT('',(0.0331433841411325,-0.000512984519105088,0.));
#6735=CARTESIAN_POINT('Origin',(0.0330323246684785,-0.000596795531557688,
0.));
#6736=CARTESIAN_POINT('',(0.0331433841411325,-0.000512984519105088,0.00393700787401575));
#6737=CARTESIAN_POINT('Origin',(0.0330323246684785,-0.000596795531557688,
0.00393700787401575));
#6738=CARTESIAN_POINT('',(0.0331433841411325,-0.000512984519105088,0.));
#6739=CARTESIAN_POINT('Origin',(0.0333026053218287,-0.000723971355391705,
0.));
#6740=CARTESIAN_POINT('',(0.0333026053218287,-0.000723971355391705,0.));
#6741=CARTESIAN_POINT('',(0.0331433841411325,-0.000512984519105088,0.));
#6742=CARTESIAN_POINT('',(0.0333026053218287,-0.000723971355391705,0.00393700787401575));
#6743=CARTESIAN_POINT('',(0.0331433841411325,-0.000512984519105088,0.00393700787401575));
#6744=CARTESIAN_POINT('',(0.0333026053218287,-0.000723971355391705,0.));
#6745=CARTESIAN_POINT('Origin',(0.0330827877415895,-0.000773263572044636,
0.));
#6746=CARTESIAN_POINT('',(0.0332992432553609,-0.000835685537431132,0.));
#6747=CARTESIAN_POINT('Origin',(0.0330827877415895,-0.000773263572044636,
0.));
#6748=CARTESIAN_POINT('',(0.0332992432553609,-0.000835685537431132,0.00393700787401575));
#6749=CARTESIAN_POINT('Origin',(0.0330827877415895,-0.000773263572044636,
0.00393700787401575));
#6750=CARTESIAN_POINT('',(0.0332992432553609,-0.000835685537431132,0.));
#6751=CARTESIAN_POINT('Origin',(0.0330512687634097,-0.00169556628172874,
0.));
#6752=CARTESIAN_POINT('',(0.0330512687634097,-0.00169556628172874,0.));
#6753=CARTESIAN_POINT('',(0.0332992432553609,-0.000835685537431132,0.));
#6754=CARTESIAN_POINT('',(0.0330512687634097,-0.00169556628172874,0.00393700787401575));
#6755=CARTESIAN_POINT('',(0.0332992432553609,-0.000835685537431132,0.00393700787401575));
#6756=CARTESIAN_POINT('',(0.0330512687634097,-0.00169556628172874,0.));
#6757=CARTESIAN_POINT('Origin',(0.0331079421795522,-0.00173721681741601,
0.));
#6758=CARTESIAN_POINT('',(0.0331079421795525,-0.00180754919417305,0.));
#6759=CARTESIAN_POINT('Origin',(0.0331079421795522,-0.00173721681741601,
0.));
#6760=CARTESIAN_POINT('',(0.0331079421795525,-0.00180754919417305,0.00393700787401575));
#6761=CARTESIAN_POINT('Origin',(0.0331079421795522,-0.00173721681741601,
0.00393700787401575));
#6762=CARTESIAN_POINT('',(0.0331079421795525,-0.00180754919417305,0.));
#6763=CARTESIAN_POINT('Origin',(0.0331997643860441,-0.00180754919417305,
0.));
#6764=CARTESIAN_POINT('',(0.0331997643860441,-0.00180754919417305,0.));
#6765=CARTESIAN_POINT('',(0.0331079421795525,-0.00180754919417305,0.));
#6766=CARTESIAN_POINT('',(0.0331997643860441,-0.00180754919417305,0.00393700787401575));
#6767=CARTESIAN_POINT('',(0.0331079421795525,-0.00180754919417305,0.00393700787401575));
#6768=CARTESIAN_POINT('',(0.0331997643860441,-0.00180754919417305,0.));
#6769=CARTESIAN_POINT('Origin',(0.033044457650676,-0.00157342038026218,
0.));
#6770=CARTESIAN_POINT('',(0.0333145163584025,-0.0016509108824872,0.));
#6771=CARTESIAN_POINT('Origin',(0.033044457650676,-0.00157342038026218,
0.));
#6772=CARTESIAN_POINT('',(0.0333145163584025,-0.0016509108824872,0.00393700787401575));
#6773=CARTESIAN_POINT('Origin',(0.033044457650676,-0.00157342038026218,
0.00393700787401575));
#6774=CARTESIAN_POINT('',(0.0333145163584025,-0.0016509108824872,0.));
#6775=CARTESIAN_POINT('Origin',(0.0336260779207281,-0.000565101518971628,
0.));
#6776=CARTESIAN_POINT('',(0.0336260779207281,-0.000565101518971628,0.));
#6777=CARTESIAN_POINT('',(0.0333145163584025,-0.0016509108824872,0.));
#6778=CARTESIAN_POINT('',(0.0336260779207281,-0.000565101518971628,0.00393700787401575));
#6779=CARTESIAN_POINT('',(0.0333145163584025,-0.0016509108824872,0.00393700787401575));
#6780=CARTESIAN_POINT('',(0.0336260779207281,-0.000565101518971628,0.));
#6781=CARTESIAN_POINT('Origin',(0.0337209859765927,-0.000571978257477472,
0.));
#6782=CARTESIAN_POINT('',(0.0337209859765931,-0.000476821394348864,0.));
#6783=CARTESIAN_POINT('Origin',(0.0337209859765927,-0.000571978257477472,
0.));
#6784=CARTESIAN_POINT('',(0.0337209859765931,-0.000476821394348864,0.00393700787401575));
#6785=CARTESIAN_POINT('Origin',(0.0337209859765927,-0.000571978257477472,
0.00393700787401575));
#6786=CARTESIAN_POINT('',(0.0337209859765931,-0.000476821394348864,0.));
#6787=CARTESIAN_POINT('Origin',(0.0342481882730716,-0.000476821394348864,
0.));
#6788=CARTESIAN_POINT('',(0.0342481882730716,-0.000476821394348864,0.));
#6789=CARTESIAN_POINT('',(0.0337209859765931,-0.000476821394348864,0.));
#6790=CARTESIAN_POINT('',(0.0342481882730716,-0.000476821394348864,0.00393700787401575));
#6791=CARTESIAN_POINT('',(0.0337209859765931,-0.000476821394348864,0.00393700787401575));
#6792=CARTESIAN_POINT('',(0.0342481882730716,-0.000476821394348864,0.));
#6793=CARTESIAN_POINT('Origin',(0.0341957415801304,-0.000592142870281252,
0.));
#6794=CARTESIAN_POINT('',(0.0343176336530481,-0.000626668526994926,0.));
#6795=CARTESIAN_POINT('Origin',(0.0341957415801304,-0.000592142870281252,
0.));
#6796=CARTESIAN_POINT('',(0.0343176336530481,-0.000626668526994926,0.00393700787401575));
#6797=CARTESIAN_POINT('Origin',(0.0341957415801304,-0.000592142870281252,
0.00393700787401575));
#6798=CARTESIAN_POINT('',(0.0343176336530481,-0.000626668526994926,0.));
#6799=CARTESIAN_POINT('Origin',(0.0340127194820321,-0.00170316131247799,
0.));
#6800=CARTESIAN_POINT('',(0.0340127194820321,-0.00170316131247799,0.));
#6801=CARTESIAN_POINT('',(0.0343176336530481,-0.000626668526994926,0.));
#6802=CARTESIAN_POINT('',(0.0340127194820321,-0.00170316131247799,0.00393700787401575));
#6803=CARTESIAN_POINT('',(0.0343176336530481,-0.000626668526994926,0.00393700787401575));
#6804=CARTESIAN_POINT('',(0.0340127194820321,-0.00170316131247799,0.));
#6805=CARTESIAN_POINT('Origin',(0.034074608868716,-0.00174023461018993,
0.));
#6806=CARTESIAN_POINT('',(0.0340746088687163,-0.00181237839431127,0.));
#6807=CARTESIAN_POINT('Origin',(0.034074608868716,-0.00174023461018993,
0.));
#6808=CARTESIAN_POINT('',(0.0340746088687163,-0.00181237839431127,0.00393700787401575));
#6809=CARTESIAN_POINT('Origin',(0.034074608868716,-0.00174023461018993,
0.00393700787401575));
#6810=CARTESIAN_POINT('',(0.0340746088687163,-0.00181237839431127,0.));
#6811=CARTESIAN_POINT('Origin',(0.0342596011767992,-0.00181237839431127,
0.));
#6812=CARTESIAN_POINT('',(0.0342596011767992,-0.00181237839431127,0.));
#6813=CARTESIAN_POINT('',(0.0340746088687163,-0.00181237839431127,0.));
#6814=CARTESIAN_POINT('',(0.0342596011767992,-0.00181237839431127,0.00393700787401575));
#6815=CARTESIAN_POINT('',(0.0340746088687163,-0.00181237839431127,0.00393700787401575));
#6816=CARTESIAN_POINT('',(0.0342596011767992,-0.00181237839431127,0.));
#6817=CARTESIAN_POINT('Origin',(0.0342698778794579,-0.00169207874888737,
0.));
#6818=CARTESIAN_POINT('',(0.0343859559306961,-0.00172529773935053,0.));
#6819=CARTESIAN_POINT('Origin',(0.0342698778794579,-0.00169207874888737,
0.));
#6820=CARTESIAN_POINT('',(0.0343859559306961,-0.00172529773935053,0.00393700787401575));
#6821=CARTESIAN_POINT('Origin',(0.0342698778794579,-0.00169207874888737,
0.00393700787401575));
#6822=CARTESIAN_POINT('',(0.0343859559306961,-0.00172529773935053,0.));
#6823=CARTESIAN_POINT('Origin',(0.0350771978035909,0.000690128148724175,
0.));
#6824=CARTESIAN_POINT('',(0.0350771978035909,0.000690128148724175,0.));
#6825=CARTESIAN_POINT('',(0.0343859559306961,-0.00172529773935053,0.));
#6826=CARTESIAN_POINT('',(0.0350771978035909,0.000690128148724175,0.00393700787401575));
#6827=CARTESIAN_POINT('',(0.0343859559306961,-0.00172529773935053,0.00393700787401575));
#6828=CARTESIAN_POINT('',(0.0350771978035909,0.000690128148724175,0.));
#6829=CARTESIAN_POINT('Origin',(0.0350557756172938,0.000715389447032126,
0.));
#6830=CARTESIAN_POINT('',(0.0350557756172937,0.000748511090378289,0.));
#6831=CARTESIAN_POINT('Origin',(0.0350557756172938,0.000715389447032126,
0.));
#6832=CARTESIAN_POINT('',(0.0350557756172937,0.000748511090378289,0.00393700787401575));
#6833=CARTESIAN_POINT('Origin',(0.0350557756172938,0.000715389447032126,
0.00393700787401575));
#6834=CARTESIAN_POINT('',(0.0350557756172937,0.000748511090378289,0.));
#6835=CARTESIAN_POINT('Origin',(0.0349784164919657,0.000748511090378289,
0.));
#6836=CARTESIAN_POINT('',(0.0349784164919657,0.000748511090378289,0.));
#6837=CARTESIAN_POINT('',(0.0350557756172937,0.000748511090378289,0.));
#6838=CARTESIAN_POINT('',(0.0349784164919657,0.000748511090378289,0.00393700787401575));
#6839=CARTESIAN_POINT('',(0.0350557756172937,0.000748511090378289,0.00393700787401575));
#6840=CARTESIAN_POINT('',(0.0349784164919657,0.000748511090378289,0.));
#6841=CARTESIAN_POINT('Origin',(0.0349566829882423,0.000831221414866136,
0.));
#6842=CARTESIAN_POINT('',(0.0348739062084189,0.000852700420500322,0.));
#6843=CARTESIAN_POINT('Origin',(0.0349566829882423,0.000831221414866136,
0.));
#6844=CARTESIAN_POINT('',(0.0348739062084189,0.000852700420500322,0.00393700787401575));
#6845=CARTESIAN_POINT('Origin',(0.0349566829882423,0.000831221414866136,
0.00393700787401575));
#6846=CARTESIAN_POINT('',(0.0348739062084189,0.000852700420500322,0.));
#6847=CARTESIAN_POINT('Origin',(0.0349083404643508,0.00098540473978417,
0.));
#6848=CARTESIAN_POINT('',(0.0349083404643508,0.00098540473978417,0.));
#6849=CARTESIAN_POINT('',(0.0348739062084189,0.000852700420500322,0.));
#6850=CARTESIAN_POINT('',(0.0349083404643508,0.00098540473978417,0.00393700787401575));
#6851=CARTESIAN_POINT('',(0.0348739062084189,0.000852700420500322,0.00393700787401575));
#6852=CARTESIAN_POINT('',(0.0349083404643508,0.00098540473978417,0.));
#6853=CARTESIAN_POINT('Origin',(0.0350206496629931,0.000939558165064286,
0.));
#6854=CARTESIAN_POINT('',(0.035020729900015,0.00106086462851633,0.));
#6855=CARTESIAN_POINT('Origin',(0.0350206496629931,0.000939558165064286,
0.));
#6856=CARTESIAN_POINT('',(0.035020729900015,0.00106086462851633,0.00393700787401575));
#6857=CARTESIAN_POINT('Origin',(0.0350206496629931,0.000939558165064286,
0.00393700787401575));
#6858=CARTESIAN_POINT('',(0.035020729900015,0.00106086462851633,0.));
#6859=CARTESIAN_POINT('Origin',(0.0365236806041482,0.00105987051588292,
0.));
#6860=CARTESIAN_POINT('',(0.0365236806041482,0.00105987051588292,0.));
#6861=CARTESIAN_POINT('',(0.035020729900015,0.00106086462851633,0.));
#6862=CARTESIAN_POINT('',(0.0365236806041482,0.00105987051588292,0.00393700787401575));
#6863=CARTESIAN_POINT('',(0.035020729900015,0.00106086462851633,0.00393700787401575));
#6864=CARTESIAN_POINT('',(0.0365236806041482,0.00105987051588292,0.));
#6865=CARTESIAN_POINT('Origin',(0.0365605406992223,0.000287225658362164,
0.));
#6866=CARTESIAN_POINT('',(0.0373048079468254,0.000497950613237922,0.));
#6867=CARTESIAN_POINT('Origin',(0.0365605406992223,0.000287225658362164,
0.));
#6868=CARTESIAN_POINT('',(0.0373048079468254,0.000497950613237922,0.00393700787401575));
#6869=CARTESIAN_POINT('Origin',(0.0365605406992223,0.000287225658362164,
0.00393700787401575));
#6870=CARTESIAN_POINT('',(0.0373048079468254,0.000497950613237922,0.));
#6871=CARTESIAN_POINT('Origin',(0.0363010758388353,0.00021376317406065,
0.));
#6872=CARTESIAN_POINT('',(0.0372730137924173,-0.000165152726349059,0.));
#6873=CARTESIAN_POINT('Origin',(0.0363010758388353,0.00021376317406065,
0.));
#6874=CARTESIAN_POINT('',(0.0372730137924173,-0.000165152726349059,0.00393700787401575));
#6875=CARTESIAN_POINT('Origin',(0.0363010758388353,0.00021376317406065,
0.00393700787401575));
#6876=CARTESIAN_POINT('',(0.0372730137924173,-0.000165152726349059,0.));
#6877=CARTESIAN_POINT('Origin',(0.0365184600378114,0.000129014626910119,
0.));
#6878=CARTESIAN_POINT('',(0.0367267627127721,-0.000653606479320455,0.));
#6879=CARTESIAN_POINT('Origin',(0.0365184600378114,0.000129014626910119,
0.));
#6880=CARTESIAN_POINT('',(0.0367267627127721,-0.000653606479320455,0.00393700787401575));
#6881=CARTESIAN_POINT('Origin',(0.0365184600378114,0.000129014626910119,
0.00393700787401575));
#6882=CARTESIAN_POINT('',(0.0367267627127721,-0.000653606479320455,0.));
#6883=CARTESIAN_POINT('Origin',(0.036736561295982,-0.000690421071512249,
0.));
#6884=CARTESIAN_POINT('',(0.0367035241295387,-0.000709391365779002,0.));
#6885=CARTESIAN_POINT('Origin',(0.036736561295982,-0.000690421071512249,
0.));
#6886=CARTESIAN_POINT('',(0.0367035241295387,-0.000709391365779002,0.00393700787401575));
#6887=CARTESIAN_POINT('Origin',(0.036736561295982,-0.000690421071512249,
0.00393700787401575));
#6888=CARTESIAN_POINT('',(0.0367035241295387,-0.000709391365779002,0.));
#6889=CARTESIAN_POINT('Origin',(0.0367635625248479,-0.000813949493918581,
0.));
#6890=CARTESIAN_POINT('',(0.0367635625248479,-0.000813949493918581,0.));
#6891=CARTESIAN_POINT('',(0.0367035241295387,-0.000709391365779002,0.));
#6892=CARTESIAN_POINT('',(0.0367635625248479,-0.000813949493918581,0.00393700787401575));
#6893=CARTESIAN_POINT('',(0.0367035241295387,-0.000709391365779002,0.00393700787401575));
#6894=CARTESIAN_POINT('',(0.0367635625248479,-0.000813949493918581,0.));
#6895=CARTESIAN_POINT('Origin',(0.0364397536493094,-0.000942287166504353,
0.));
#6896=CARTESIAN_POINT('',(0.0367742754625273,-0.00103933304515799,0.));
#6897=CARTESIAN_POINT('Origin',(0.0364397536493094,-0.000942287166504353,
0.));
#6898=CARTESIAN_POINT('',(0.0367742754625273,-0.00103933304515799,0.00393700787401575));
#6899=CARTESIAN_POINT('Origin',(0.0364397536493094,-0.000942287166504353,
0.00393700787401575));
#6900=CARTESIAN_POINT('',(0.0367742754625273,-0.00103933304515799,0.));
#6901=CARTESIAN_POINT('Origin',(0.0365810309734599,-0.00170545609719696,
0.));
#6902=CARTESIAN_POINT('',(0.0365810309734599,-0.00170545609719696,0.));
#6903=CARTESIAN_POINT('',(0.0367742754625273,-0.00103933304515799,0.));
#6904=CARTESIAN_POINT('',(0.0365810309734599,-0.00170545609719696,0.00393700787401575));
#6905=CARTESIAN_POINT('',(0.0367742754625273,-0.00103933304515799,0.00393700787401575));
#6906=CARTESIAN_POINT('',(0.0365810309734599,-0.00170545609719696,0.));
#6907=CARTESIAN_POINT('Origin',(0.0366644361554805,-0.00172776774598386,
0.));
#6908=CARTESIAN_POINT('',(0.0366645795787477,-0.00181410553312977,0.));
#6909=CARTESIAN_POINT('Origin',(0.0366644361554805,-0.00172776774598386,
0.));
#6910=CARTESIAN_POINT('',(0.0366645795787477,-0.00181410553312977,0.00393700787401575));
#6911=CARTESIAN_POINT('Origin',(0.0366644361554805,-0.00172776774598386,
0.00393700787401575));
#6912=CARTESIAN_POINT('',(0.0366645795787477,-0.00181410553312977,0.));
#6913=CARTESIAN_POINT('Origin',(0.0371634039700702,-0.00181327689220545,
0.));
#6914=CARTESIAN_POINT('',(0.0371634039700702,-0.00181327689220545,0.));
#6915=CARTESIAN_POINT('',(0.0366645795787477,-0.00181410553312977,0.));
#6916=CARTESIAN_POINT('',(0.0371634039700702,-0.00181327689220545,0.00393700787401575));
#6917=CARTESIAN_POINT('',(0.0366645795787477,-0.00181410553312977,0.00393700787401575));
#6918=CARTESIAN_POINT('',(0.0371634039700702,-0.00181327689220545,0.));
#6919=CARTESIAN_POINT('Origin',(0.0371683690156341,-0.00177958593975416,
0.));
#6920=CARTESIAN_POINT('',(0.0371999565756217,-0.00176685966737929,0.));
#6921=CARTESIAN_POINT('Origin',(0.0371683690156341,-0.00177958593975416,
0.));
#6922=CARTESIAN_POINT('',(0.0371999565756217,-0.00176685966737929,0.00393700787401575));
#6923=CARTESIAN_POINT('Origin',(0.0371683690156341,-0.00177958593975416,
0.00393700787401575));
#6924=CARTESIAN_POINT('',(0.0371999565756217,-0.00176685966737929,0.));
#6925=CARTESIAN_POINT('Origin',(0.037100632134183,-0.00152032897404709,
0.));
#6926=CARTESIAN_POINT('',(0.037100632134183,-0.00152032897404709,0.));
#6927=CARTESIAN_POINT('',(0.0371999565756217,-0.00176685966737929,0.));
#6928=CARTESIAN_POINT('',(0.037100632134183,-0.00152032897404709,0.00393700787401575));
#6929=CARTESIAN_POINT('',(0.0371999565756217,-0.00176685966737929,0.00393700787401575));
#6930=CARTESIAN_POINT('',(0.037100632134183,-0.00152032897404709,0.));
#6931=CARTESIAN_POINT('Origin',(0.0378596158344378,-0.00127851959895318,
0.));
#6932=CARTESIAN_POINT('',(0.0378570132887517,-0.000481951172581845,0.));
#6933=CARTESIAN_POINT('Origin',(0.0378596158344378,-0.00127851959895318,
0.));
#6934=CARTESIAN_POINT('',(0.0378570132887517,-0.000481951172581845,0.00393700787401575));
#6935=CARTESIAN_POINT('Origin',(0.0378596158344378,-0.00127851959895318,
0.00393700787401575));
#6936=CARTESIAN_POINT('',(0.0378570132887517,-0.000481951172581845,0.));
#6937=CARTESIAN_POINT('Origin',(0.0389726165805112,-0.000478306277250969,
0.));
#6938=CARTESIAN_POINT('',(0.0389726165805112,-0.000478306277250969,0.));
#6939=CARTESIAN_POINT('',(0.0378570132887517,-0.000481951172581845,0.));
#6940=CARTESIAN_POINT('',(0.0389726165805112,-0.000478306277250969,0.00393700787401575));
#6941=CARTESIAN_POINT('',(0.0378570132887517,-0.000481951172581845,0.00393700787401575));
#6942=CARTESIAN_POINT('',(0.0389726165805112,-0.000478306277250969,0.));
#6943=CARTESIAN_POINT('Origin',(0.0389644199690854,-0.000577714275207368,
0.));
#6944=CARTESIAN_POINT('',(0.0390605547737734,-0.00060430814337568,0.));
#6945=CARTESIAN_POINT('Origin',(0.0389644199690854,-0.000577714275207368,
0.));
#6946=CARTESIAN_POINT('',(0.0390605547737734,-0.00060430814337568,0.00393700787401575));
#6947=CARTESIAN_POINT('Origin',(0.0389644199690854,-0.000577714275207368,
0.00393700787401575));
#6948=CARTESIAN_POINT('',(0.0390605547737734,-0.00060430814337568,0.));
#6949=CARTESIAN_POINT('Origin',(0.0387542786201718,-0.00171147307402921,
0.));
#6950=CARTESIAN_POINT('',(0.0387542786201718,-0.00171147307402921,0.));
#6951=CARTESIAN_POINT('',(0.0390605547737734,-0.00060430814337568,0.));
#6952=CARTESIAN_POINT('',(0.0387542786201718,-0.00171147307402921,0.00393700787401575));
#6953=CARTESIAN_POINT('',(0.0390605547737734,-0.00060430814337568,0.00393700787401575));
#6954=CARTESIAN_POINT('',(0.0387542786201718,-0.00171147307402921,0.));
#6955=CARTESIAN_POINT('Origin',(0.0388425622540388,-0.00172596549177099,
0.));
#6956=CARTESIAN_POINT('',(0.0388428180690591,-0.00181543037169287,0.));
#6957=CARTESIAN_POINT('Origin',(0.0388425622540388,-0.00172596549177099,
0.));
#6958=CARTESIAN_POINT('',(0.0388428180690591,-0.00181543037169287,0.00393700787401575));
#6959=CARTESIAN_POINT('Origin',(0.0388425622540388,-0.00172596549177099,
0.00393700787401575));
#6960=CARTESIAN_POINT('',(0.0388428180690591,-0.00181543037169287,0.));
#6961=CARTESIAN_POINT('Origin',(0.0391917021185712,-0.00181443277598659,
0.));
#6962=CARTESIAN_POINT('',(0.0391917021185712,-0.00181443277598659,0.));
#6963=CARTESIAN_POINT('',(0.0388428180690591,-0.00181543037169287,0.));
#6964=CARTESIAN_POINT('',(0.0391917021185712,-0.00181443277598659,0.00393700787401575));
#6965=CARTESIAN_POINT('',(0.0388428180690591,-0.00181543037169287,0.00393700787401575));
#6966=CARTESIAN_POINT('',(0.0391917021185712,-0.00181443277598659,0.));
#6967=CARTESIAN_POINT('Origin',(0.0391997303712755,-0.00168767117148539,
0.));
#6968=CARTESIAN_POINT('',(0.0393219254019107,-0.00172233140381696,0.));
#6969=CARTESIAN_POINT('Origin',(0.0391997303712755,-0.00168767117148539,
0.));
#6970=CARTESIAN_POINT('',(0.0393219254019107,-0.00172233140381696,0.00393700787401575));
#6971=CARTESIAN_POINT('Origin',(0.0391997303712755,-0.00168767117148539,
0.00393700787401575));
#6972=CARTESIAN_POINT('',(0.0393219254019107,-0.00172233140381696,0.));
#6973=CARTESIAN_POINT('Origin',(0.0396508455649637,-0.00056271974811389,
0.));
#6974=CARTESIAN_POINT('',(0.0396508455649637,-0.00056271974811389,0.));
#6975=CARTESIAN_POINT('',(0.0393219254019107,-0.00172233140381696,0.));
#6976=CARTESIAN_POINT('',(0.0396508455649637,-0.00056271974811389,0.00393700787401575));
#6977=CARTESIAN_POINT('',(0.0393219254019107,-0.00172233140381696,0.00393700787401575));
#6978=CARTESIAN_POINT('',(0.0396508455649637,-0.00056271974811389,0.));
#6979=CARTESIAN_POINT('Origin',(0.0396272761307606,-0.000567574669367131,
0.));
#6980=CARTESIAN_POINT('',(0.0396272216407824,-0.000543510473559341,0.));
#6981=CARTESIAN_POINT('Origin',(0.0396272761307606,-0.000567574669367131,
0.));
#6982=CARTESIAN_POINT('',(0.0396272216407824,-0.000543510473559341,0.00393700787401575));
#6983=CARTESIAN_POINT('Origin',(0.0396272761307606,-0.000567574669367131,
0.00393700787401575));
#6984=CARTESIAN_POINT('',(0.0396272216407824,-0.000543510473559341,0.));
#6985=CARTESIAN_POINT('Origin',(0.0394081652721893,-0.000544006495816697,
0.));
#6986=CARTESIAN_POINT('',(0.0394081652721893,-0.000544006495816697,0.));
#6987=CARTESIAN_POINT('',(0.0396272216407824,-0.000543510473559341,0.));
#6988=CARTESIAN_POINT('',(0.0394081652721893,-0.000544006495816697,0.00393700787401575));
#6989=CARTESIAN_POINT('',(0.0396272216407824,-0.000543510473559341,0.00393700787401575));
#6990=CARTESIAN_POINT('',(0.0394081652721893,-0.000544006495816697,0.));
#6991=CARTESIAN_POINT('Origin',(0.0394003608560765,-0.000453003124930385,
0.));
#6992=CARTESIAN_POINT('',(0.0393124923219502,-0.000428070352641051,0.));
#6993=CARTESIAN_POINT('Origin',(0.0394003608560765,-0.000453003124930385,
0.));
#6994=CARTESIAN_POINT('',(0.0393124923219502,-0.000428070352641051,0.00393700787401575));
#6995=CARTESIAN_POINT('Origin',(0.0394003608560765,-0.000453003124930385,
0.00393700787401575));
#6996=CARTESIAN_POINT('',(0.0393124923219502,-0.000428070352641051,0.));
#6997=CARTESIAN_POINT('Origin',(0.0393402365412323,-0.000330293665378043,
0.));
#6998=CARTESIAN_POINT('',(0.0393402365412323,-0.000330293665378043,0.));
#6999=CARTESIAN_POINT('',(0.0393124923219502,-0.000428070352641051,0.));
#7000=CARTESIAN_POINT('',(0.0393402365412323,-0.000330293665378043,0.00393700787401575));
#7001=CARTESIAN_POINT('',(0.0393124923219502,-0.000428070352641051,0.00393700787401575));
#7002=CARTESIAN_POINT('',(0.0393402365412323,-0.000330293665378043,0.));
#7003=CARTESIAN_POINT('Origin',(0.0394328022785662,-0.00037662083570249,
0.));
#7004=CARTESIAN_POINT('',(0.0394331430050081,-0.000273109936064206,0.));
#7005=CARTESIAN_POINT('Origin',(0.0394328022785662,-0.00037662083570249,
0.));
#7006=CARTESIAN_POINT('',(0.0394331430050081,-0.000273109936064206,0.00393700787401575));
#7007=CARTESIAN_POINT('Origin',(0.0394328022785662,-0.00037662083570249,
0.00393700787401575));
#7008=CARTESIAN_POINT('',(0.0394331430050081,-0.000273109936064206,0.));
#7009=CARTESIAN_POINT('Origin',(0.0396878936075925,-0.000273948497670842,
0.));
#7010=CARTESIAN_POINT('',(0.0396878936075925,-0.000273948497670842,0.));
#7011=CARTESIAN_POINT('',(0.0394331430050081,-0.000273109936064206,0.));
#7012=CARTESIAN_POINT('',(0.0396878936075925,-0.000273948497670842,0.00393700787401575));
#7013=CARTESIAN_POINT('',(0.0394331430050081,-0.000273109936064206,0.00393700787401575));
#7014=CARTESIAN_POINT('',(0.0396878936075925,-0.000273948497670842,0.));
#7015=CARTESIAN_POINT('Origin',(0.039701058200882,-0.000228795973999629,
0.));
#7016=CARTESIAN_POINT('',(0.0397462596769836,-0.000241791491249946,0.));
#7017=CARTESIAN_POINT('Origin',(0.039701058200882,-0.000228795973999629,
0.));
#7018=CARTESIAN_POINT('',(0.0397462596769836,-0.000241791491249946,0.00393700787401575));
#7019=CARTESIAN_POINT('Origin',(0.039701058200882,-0.000228795973999629,
0.00393700787401575));
#7020=CARTESIAN_POINT('',(0.0397462596769836,-0.000241791491249946,0.));
#7021=CARTESIAN_POINT('Origin',(0.0399134334903239,0.000339678486665193,
0.));
#7022=CARTESIAN_POINT('',(0.0399134334903239,0.000339678486665193,0.));
#7023=CARTESIAN_POINT('',(0.0397462596769836,-0.000241791491249946,0.));
#7024=CARTESIAN_POINT('',(0.0399134334903239,0.000339678486665193,0.00393700787401575));
#7025=CARTESIAN_POINT('',(0.0397462596769836,-0.000241791491249946,0.00393700787401575));
#7026=CARTESIAN_POINT('',(0.0399134334903239,0.000339678486665193,0.));
#7027=CARTESIAN_POINT('Origin',(0.040000630559732,0.000313978301681684,
0.));
#7028=CARTESIAN_POINT('',(0.0400003979873399,0.000404883605881392,0.));
#7029=CARTESIAN_POINT('Origin',(0.040000630559732,0.000313978301681684,
0.));
#7030=CARTESIAN_POINT('',(0.0400003979873399,0.000404883605881392,0.00393700787401575));
#7031=CARTESIAN_POINT('Origin',(0.040000630559732,0.000313978301681684,
0.00393700787401575));
#7032=CARTESIAN_POINT('',(0.0400003979873399,0.000404883605881392,0.));
#7033=CARTESIAN_POINT('Origin',(0.0405153950492897,0.000406201175850747,
0.));
#7034=CARTESIAN_POINT('',(0.0405153950492897,0.000406201175850747,0.));
#7035=CARTESIAN_POINT('',(0.0400003979873399,0.000404883605881392,0.));
#7036=CARTESIAN_POINT('',(0.0405153950492897,0.000406201175850747,0.00393700787401575));
#7037=CARTESIAN_POINT('',(0.0400003979873399,0.000404883605881392,0.00393700787401575));
#7038=CARTESIAN_POINT('',(0.0405153950492897,0.000406201175850747,0.));
#7039=CARTESIAN_POINT('Origin',(0.04052851861727,0.000321323889165233,0.));
#7040=CARTESIAN_POINT('',(0.0406112199983174,0.000298153576166346,0.));
#7041=CARTESIAN_POINT('Origin',(0.04052851861727,0.000321323889165233,0.));
#7042=CARTESIAN_POINT('',(0.0406112199983174,0.000298153576166346,0.00393700787401575));
#7043=CARTESIAN_POINT('Origin',(0.04052851861727,0.000321323889165233,0.00393700787401575));
#7044=CARTESIAN_POINT('',(0.0406112199983174,0.000298153576166346,0.));
#7045=CARTESIAN_POINT('Origin',(0.0404573622820632,-0.000251008000516852,
0.));
#7046=CARTESIAN_POINT('',(0.0404573622820632,-0.000251008000516852,0.));
#7047=CARTESIAN_POINT('',(0.0406112199983174,0.000298153576166346,0.));
#7048=CARTESIAN_POINT('',(0.0404573622820632,-0.000251008000516852,0.00393700787401575));
#7049=CARTESIAN_POINT('',(0.0406112199983174,0.000298153576166346,0.00393700787401575));
#7050=CARTESIAN_POINT('',(0.0404573622820632,-0.000251008000516852,0.));
#7051=CARTESIAN_POINT('Origin',(0.0404829464254123,-0.000248197524080876,
0.));
#7052=CARTESIAN_POINT('',(0.0404830590159542,-0.000273935326863516,0.));
#7053=CARTESIAN_POINT('Origin',(0.0404829464254123,-0.000248197524080876,
0.));
#7054=CARTESIAN_POINT('',(0.0404830590159542,-0.000273935326863516,0.00393700787401575));
#7055=CARTESIAN_POINT('Origin',(0.0404829464254123,-0.000248197524080876,
0.00393700787401575));
#7056=CARTESIAN_POINT('',(0.0404830590159542,-0.000273935326863516,0.));
#7057=CARTESIAN_POINT('Origin',(0.0407056968111347,-0.000272961393300486,
0.));
#7058=CARTESIAN_POINT('',(0.0407056968111347,-0.000272961393300486,0.));
#7059=CARTESIAN_POINT('',(0.0404830590159542,-0.000273935326863516,0.));
#7060=CARTESIAN_POINT('',(0.0407056968111347,-0.000272961393300486,0.00393700787401575));
#7061=CARTESIAN_POINT('',(0.0404830590159542,-0.000273935326863516,0.00393700787401575));
#7062=CARTESIAN_POINT('',(0.0407056968111347,-0.000272961393300486,0.));
#7063=CARTESIAN_POINT('Origin',(0.0407226902726322,-0.0003549352752773,
0.));
#7064=CARTESIAN_POINT('',(0.0408033769193275,-0.000377254775833427,0.));
#7065=CARTESIAN_POINT('Origin',(0.0407226902726322,-0.0003549352752773,
0.));
#7066=CARTESIAN_POINT('',(0.0408033769193275,-0.000377254775833427,0.00393700787401575));
#7067=CARTESIAN_POINT('Origin',(0.0407226902726322,-0.0003549352752773,
0.00393700787401575));
#7068=CARTESIAN_POINT('',(0.0408033769193275,-0.000377254775833427,0.));
#7069=CARTESIAN_POINT('Origin',(0.0407778649775309,-0.000469482333928839,
0.));
#7070=CARTESIAN_POINT('',(0.0407778649775309,-0.000469482333928839,0.));
#7071=CARTESIAN_POINT('',(0.0408033769193275,-0.000377254775833427,0.));
#7072=CARTESIAN_POINT('',(0.0407778649775309,-0.000469482333928839,0.00393700787401575));
#7073=CARTESIAN_POINT('',(0.0408033769193275,-0.000377254775833427,0.00393700787401575));
#7074=CARTESIAN_POINT('',(0.0407778649775309,-0.000469482333928839,0.));
#7075=CARTESIAN_POINT('Origin',(0.0406860198245413,-0.000450152986728182,
0.));
#7076=CARTESIAN_POINT('',(0.0406861217978597,-0.000544010034371538,0.));
#7077=CARTESIAN_POINT('Origin',(0.0406860198245413,-0.000450152986728182,
0.));
#7078=CARTESIAN_POINT('',(0.0406861217978597,-0.000544010034371538,0.00393700787401575));
#7079=CARTESIAN_POINT('Origin',(0.0406860198245413,-0.000450152986728182,
0.00393700787401575));
#7080=CARTESIAN_POINT('',(0.0406861217978597,-0.000544010034371538,0.));
#7081=CARTESIAN_POINT('Origin',(0.04038600275614,-0.000544336106152767,
0.));
#7082=CARTESIAN_POINT('',(0.04038600275614,-0.000544336106152767,0.));
#7083=CARTESIAN_POINT('',(0.0406861217978597,-0.000544010034371538,0.));
#7084=CARTESIAN_POINT('',(0.04038600275614,-0.000544336106152767,0.00393700787401575));
#7085=CARTESIAN_POINT('',(0.0406861217978597,-0.000544010034371538,0.00393700787401575));
#7086=CARTESIAN_POINT('',(0.04038600275614,-0.000544336106152767,0.));
#7087=CARTESIAN_POINT('Origin',(0.0403947128677444,-0.000575631157210623,
0.));
#7088=CARTESIAN_POINT('',(0.0403634599360865,-0.000566771104859538,0.));
#7089=CARTESIAN_POINT('Origin',(0.0403947128677444,-0.000575631157210623,
0.));
#7090=CARTESIAN_POINT('',(0.0403634599360865,-0.000566771104859538,0.00393700787401575));
#7091=CARTESIAN_POINT('Origin',(0.0403947128677444,-0.000575631157210623,
0.00393700787401575));
#7092=CARTESIAN_POINT('',(0.0403634599360865,-0.000566771104859538,0.));
#7093=CARTESIAN_POINT('Origin',(0.0400375801490693,-0.00171627884012501,
0.));
#7094=CARTESIAN_POINT('',(0.0400375801490693,-0.00171627884012501,0.));
#7095=CARTESIAN_POINT('',(0.0403634599360865,-0.000566771104859538,0.));
#7096=CARTESIAN_POINT('',(0.0400375801490693,-0.00171627884012501,0.00393700787401575));
#7097=CARTESIAN_POINT('',(0.0403634599360865,-0.000566771104859538,0.00393700787401575));
#7098=CARTESIAN_POINT('',(0.0400375801490693,-0.00171627884012501,0.));
#7099=CARTESIAN_POINT('Origin',(0.040120362426626,-0.00173016642124149,
0.));
#7100=CARTESIAN_POINT('Origin',(0.040120362426626,-0.00173016642124149,
0.));
#7101=CARTESIAN_POINT('Origin',(0.040120362426626,-0.00173016642124149,
0.00393700787401575));
#7102=CARTESIAN_POINT('Origin',(0.0360557031076873,-0.00111228493914013,
0.));
#7103=CARTESIAN_POINT('Origin',(0.0360557031076873,-0.00111228493914013,
0.00393700787401575));
#7104=CARTESIAN_POINT('',(0.,0.,0.));
#7105=CARTESIAN_POINT('',(1.52655665885959E-15,-1.94289029309402E-15,0.95));
#7106=CARTESIAN_POINT('',(1.52655665885959E-15,1.87350135405495E-15,0.94));
#7107=CARTESIAN_POINT('',(-0.70722803408555,0.223856703986955,0.841));
#7108=UNCERTAINTY_MEASURE_WITH_UNIT(LENGTH_MEASURE(0.01),#7118,
'DISTANCE_ACCURACY_VALUE',
'Maximum model space distance between geometric entities at asserted c
onnectivities');
#7109=UNCERTAINTY_MEASURE_WITH_UNIT(LENGTH_MEASURE(0.01),#7118,
'DISTANCE_ACCURACY_VALUE',
'Maximum model space distance between geometric entities at asserted c
onnectivities');
#7110=UNCERTAINTY_MEASURE_WITH_UNIT(LENGTH_MEASURE(0.000393700787401575),
#33,'DISTANCE_ACCURACY_VALUE',
'Maximum model space distance between geometric entities at asserted c
onnectivities');
#7111=UNCERTAINTY_MEASURE_WITH_UNIT(LENGTH_MEASURE(0.01),#7118,
'DISTANCE_ACCURACY_VALUE',
'Maximum model space distance between geometric entities at asserted c
onnectivities');
#7112=UNCERTAINTY_MEASURE_WITH_UNIT(LENGTH_MEASURE(1.E-6),#7118,
'DISTANCE_ACCURACY_VALUE',
'Maximum model space distance between geometric entities at asserted c
onnectivities');
#7113=(
GEOMETRIC_REPRESENTATION_CONTEXT(3)
GLOBAL_UNCERTAINTY_ASSIGNED_CONTEXT((#7108))
GLOBAL_UNIT_ASSIGNED_CONTEXT((#7118,#7122,#7119))
REPRESENTATION_CONTEXT('','3D')
);
#7114=(
GEOMETRIC_REPRESENTATION_CONTEXT(3)
GLOBAL_UNCERTAINTY_ASSIGNED_CONTEXT((#7109))
GLOBAL_UNIT_ASSIGNED_CONTEXT((#7118,#7122,#7119))
REPRESENTATION_CONTEXT('','3D')
);
#7115=(
GEOMETRIC_REPRESENTATION_CONTEXT(3)
GLOBAL_UNCERTAINTY_ASSIGNED_CONTEXT((#7110))
GLOBAL_UNIT_ASSIGNED_CONTEXT((#33,#7122,#7119))
REPRESENTATION_CONTEXT('','3D')
);
#7116=(
GEOMETRIC_REPRESENTATION_CONTEXT(3)
GLOBAL_UNCERTAINTY_ASSIGNED_CONTEXT((#7111))
GLOBAL_UNIT_ASSIGNED_CONTEXT((#7118,#7122,#7119))
REPRESENTATION_CONTEXT('','3D')
);
#7117=(
GEOMETRIC_REPRESENTATION_CONTEXT(3)
GLOBAL_UNCERTAINTY_ASSIGNED_CONTEXT((#7112))
GLOBAL_UNIT_ASSIGNED_CONTEXT((#7118,#7122,#7119))
REPRESENTATION_CONTEXT('','3D')
);
#7118=(
LENGTH_UNIT()
NAMED_UNIT(*)
SI_UNIT(.MILLI.,.METRE.)
);
#7119=(
NAMED_UNIT(*)
SI_UNIT($,.STERADIAN.)
SOLID_ANGLE_UNIT()
);
#7120=DIMENSIONAL_EXPONENTS(0.,0.,0.,0.,0.,0.,0.);
#7121=DIMENSIONAL_EXPONENTS(1.,0.,0.,0.,0.,0.,0.);
#7122=(
CONVERSION_BASED_UNIT('degree',#7124)
NAMED_UNIT(#7120)
PLANE_ANGLE_UNIT()
);
#7123=(
NAMED_UNIT(*)
PLANE_ANGLE_UNIT()
SI_UNIT($,.RADIAN.)
);
#7124=PLANE_ANGLE_MEASURE_WITH_UNIT(PLANE_ANGLE_MEASURE(0.01745329252),
#7123);
#7125=SHAPE_DEFINITION_REPRESENTATION(#7129,#7136);
#7126=SHAPE_DEFINITION_REPRESENTATION(#7130,#7137);
#7127=SHAPE_DEFINITION_REPRESENTATION(#7131,#7138);
#7128=SHAPE_DEFINITION_REPRESENTATION(#7132,#7139);
#7129=PRODUCT_DEFINITION_SHAPE('',$,#7141);
#7130=PRODUCT_DEFINITION_SHAPE('',$,#7142);
#7131=PRODUCT_DEFINITION_SHAPE('',$,#7143);
#7132=PRODUCT_DEFINITION_SHAPE('',$,#7144);
#7133=PRODUCT_DEFINITION_SHAPE($,$,#20);
#7134=PRODUCT_DEFINITION_SHAPE($,$,#21);
#7135=PRODUCT_DEFINITION_SHAPE($,$,#22);
#7136=SHAPE_REPRESENTATION('',(#4140),#7113);
#7137=SHAPE_REPRESENTATION('',(#4209),#7114);
#7138=SHAPE_REPRESENTATION('',(#4260),#7115);
#7139=SHAPE_REPRESENTATION('',(#4592,#4593,#4594,#4595),#7116);
#7140=PRODUCT_DEFINITION_CONTEXT('part definition',#7154,'design');
#7141=PRODUCT_DEFINITION('1','1',#7145,#7140);
#7142=PRODUCT_DEFINITION('2','2',#7146,#7140);
#7143=PRODUCT_DEFINITION('Murata Logo 3','Murata Logo 3',#7147,#7140);
#7144=PRODUCT_DEFINITION('1','1',#7148,#7140);
#7145=PRODUCT_DEFINITION_FORMATION('',$,#7156);
#7146=PRODUCT_DEFINITION_FORMATION('',$,#7157);
#7147=PRODUCT_DEFINITION_FORMATION('',$,#7158);
#7148=PRODUCT_DEFINITION_FORMATION('',$,#7159);
#7149=PRODUCT_RELATED_PRODUCT_CATEGORY('1','1',(#7156));
#7150=PRODUCT_RELATED_PRODUCT_CATEGORY('2','2',(#7157));
#7151=PRODUCT_RELATED_PRODUCT_CATEGORY('Murata Logo 3','Murata Logo 3',
(#7158));
#7152=PRODUCT_RELATED_PRODUCT_CATEGORY('1','1',(#7159));
#7153=APPLICATION_PROTOCOL_DEFINITION('international standard',
'automotive_design',2009,#7154);
#7154=APPLICATION_CONTEXT(
'Core Data for Automotive Mechanical Design Process');
#7155=PRODUCT_CONTEXT('part definition',#7154,'mechanical');
#7156=PRODUCT('1','1',$,(#7155));
#7157=PRODUCT('2','2',$,(#7155));
#7158=PRODUCT('Murata Logo 3','Murata Logo 3',$,(#7155));
#7159=PRODUCT('1','1',$,(#7155));
#7160=PRESENTATION_STYLE_ASSIGNMENT((#7163));
#7161=PRESENTATION_STYLE_ASSIGNMENT((#7164));
#7162=PRESENTATION_STYLE_ASSIGNMENT((#7165));
#7163=SURFACE_STYLE_USAGE(.BOTH.,#7166);
#7164=SURFACE_STYLE_USAGE(.BOTH.,#7167);
#7165=SURFACE_STYLE_USAGE(.BOTH.,#7168);
#7166=SURFACE_SIDE_STYLE($,(#7169));
#7167=SURFACE_SIDE_STYLE($,(#7170));
#7168=SURFACE_SIDE_STYLE($,(#7171));
#7169=SURFACE_STYLE_FILL_AREA(#7172);
#7170=SURFACE_STYLE_FILL_AREA(#7173);
#7171=SURFACE_STYLE_FILL_AREA(#7174);
#7172=FILL_AREA_STYLE($,(#7175));
#7173=FILL_AREA_STYLE($,(#7176));
#7174=FILL_AREA_STYLE($,(#7177));
#7175=FILL_AREA_STYLE_COLOUR($,#7178);
#7176=FILL_AREA_STYLE_COLOUR($,#7179);
#7177=FILL_AREA_STYLE_COLOUR($,#7180);
#7178=COLOUR_RGB('',0.831372549019608,0.831372549019608,0.831372549019608);
#7179=COLOUR_RGB('',0.556862745098039,0.419607843137255,0.215686274509804);
#7180=COLOUR_RGB('',1.,1.,1.);
ENDSEC;
END-ISO-10303-21;
