ISO-10303-21;
HEADER;
/* Generated by software containing ST-Developer
 * from STEP Tools, Inc. (www.steptools.com) 
 */

FILE_DESCRIPTION(
/* description */ (''),
/* implementation_level */ '2;1');

FILE_NAME(
/* name */ 'D:\\Upverter\\3D\\AVX\\06036C105JAT2A\\06036C105JAT2A.stp',

/* time_stamp */ '2021-03-19T16:58:49+02:00',
/* author */ ('AbuBakr'),
/* organization */ (''),
/* preprocessor_version */ 'ST-DEVELOPER v17',
/* originating_system */ 'Autodesk Inventor 2019',
/* authorisation */ '');

FILE_SCHEMA (('AUTOMOTIVE_DESIGN { 1 0 10303 214 3 1 1 }'));
ENDSEC;

DATA;
#10=MECHANICAL_DESIGN_GEOMETRIC_PRESENTATION_REPRESENTATION('',(#37,#38,
#39,#40,#41,#42,#43,#44,#45,#46,#47,#48,#49,#50,#51,#52,#53,#54,#55,#56,
#57,#58,#59,#60,#61,#62,#63,#64,#65,#66,#67,#68,#69,#70,#71,#72,#73,#74,
#75,#76,#77,#78,#79,#80,#81,#82,#83,#84,#85,#86,#87,#88,#89,#90,#91,#92,
#93,#94,#95,#96,#97,#98,#99,#100,#101,#102,#103,#104,#105,#106,#107,#108,
#109,#110,#111,#112),#3113);
#11=ITEM_DEFINED_TRANSFORMATION($,$,#1941,#2094);
#12=ITEM_DEFINED_TRANSFORMATION($,$,#1960,#2095);
#13=ITEM_DEFINED_TRANSFORMATION($,$,#2029,#2096);
#14=(
REPRESENTATION_RELATIONSHIP($,$,#3130,#3129)
REPRESENTATION_RELATIONSHIP_WITH_TRANSFORMATION(#11)
SHAPE_REPRESENTATION_RELATIONSHIP()
);
#15=(
REPRESENTATION_RELATIONSHIP($,$,#3131,#3129)
REPRESENTATION_RELATIONSHIP_WITH_TRANSFORMATION(#12)
SHAPE_REPRESENTATION_RELATIONSHIP()
);
#16=(
REPRESENTATION_RELATIONSHIP($,$,#3132,#3129)
REPRESENTATION_RELATIONSHIP_WITH_TRANSFORMATION(#13)
SHAPE_REPRESENTATION_RELATIONSHIP()
);
#17=CONTEXT_DEPENDENT_SHAPE_REPRESENTATION(#14,#3126);
#18=CONTEXT_DEPENDENT_SHAPE_REPRESENTATION(#15,#3127);
#19=CONTEXT_DEPENDENT_SHAPE_REPRESENTATION(#16,#3128);
#20=NEXT_ASSEMBLY_USAGE_OCCURRENCE('Body:1','Body:1','Body:1',#3134,#3135,
'Body:1');
#21=NEXT_ASSEMBLY_USAGE_OCCURRENCE('Terminals:1','Terminals:1',
'Terminals:1',#3134,#3136,'Terminals:1');
#22=NEXT_ASSEMBLY_USAGE_OCCURRENCE('AVX:1','AVX:1','AVX:1',#3134,#3137,
'AVX:1');
#23=SPHERICAL_SURFACE('',#1961,0.02);
#24=SPHERICAL_SURFACE('',#1965,0.02);
#25=SPHERICAL_SURFACE('',#1972,0.02);
#26=SPHERICAL_SURFACE('',#1979,0.02);
#27=SPHERICAL_SURFACE('',#1995,0.02);
#28=SPHERICAL_SURFACE('',#1999,0.02);
#29=SPHERICAL_SURFACE('',#2005,0.02);
#30=SPHERICAL_SURFACE('',#2010,0.02);
#31=SHAPE_REPRESENTATION_RELATIONSHIP('SRR','None',#3130,#34);
#32=SHAPE_REPRESENTATION_RELATIONSHIP('SRR','None',#3131,#35);
#33=SHAPE_REPRESENTATION_RELATIONSHIP('SRR','None',#3132,#36);
#34=ADVANCED_BREP_SHAPE_REPRESENTATION('',(#113),#3110);
#35=ADVANCED_BREP_SHAPE_REPRESENTATION('',(#114,#115),#3111);
#36=ADVANCED_BREP_SHAPE_REPRESENTATION('',(#116,#117,#118,#119,#120,#121,
#122,#123,#124),#3112);
#37=STYLED_ITEM('',(#1881),#113);
#38=STYLED_ITEM('',(#1882),#114);
#39=STYLED_ITEM('',(#1882),#115);
#40=STYLED_ITEM('',(#1885),#1771);
#41=STYLED_ITEM('',(#1885),#1772);
#42=STYLED_ITEM('',(#1885),#1773);
#43=STYLED_ITEM('',(#1885),#1774);
#44=STYLED_ITEM('',(#1885),#1775);
#45=STYLED_ITEM('',(#1884),#116);
#46=STYLED_ITEM('',(#1885),#1776);
#47=STYLED_ITEM('',(#1885),#1777);
#48=STYLED_ITEM('',(#1885),#1778);
#49=STYLED_ITEM('',(#1885),#1779);
#50=STYLED_ITEM('',(#1885),#1780);
#51=STYLED_ITEM('',(#1885),#1781);
#52=STYLED_ITEM('',(#1885),#1782);
#53=STYLED_ITEM('',(#1885),#1783);
#54=STYLED_ITEM('',(#1884),#117);
#55=STYLED_ITEM('',(#1885),#1784);
#56=STYLED_ITEM('',(#1885),#1785);
#57=STYLED_ITEM('',(#1885),#1786);
#58=STYLED_ITEM('',(#1885),#1787);
#59=STYLED_ITEM('',(#1885),#1788);
#60=STYLED_ITEM('',(#1884),#118);
#61=STYLED_ITEM('',(#1885),#1789);
#62=STYLED_ITEM('',(#1885),#1790);
#63=STYLED_ITEM('',(#1885),#1791);
#64=STYLED_ITEM('',(#1885),#1792);
#65=STYLED_ITEM('',(#1885),#1793);
#66=STYLED_ITEM('',(#1884),#119);
#67=STYLED_ITEM('',(#1885),#1794);
#68=STYLED_ITEM('',(#1885),#1795);
#69=STYLED_ITEM('',(#1885),#1796);
#70=STYLED_ITEM('',(#1885),#1797);
#71=STYLED_ITEM('',(#1885),#1798);
#72=STYLED_ITEM('',(#1885),#1799);
#73=STYLED_ITEM('',(#1885),#1800);
#74=STYLED_ITEM('',(#1885),#1801);
#75=STYLED_ITEM('',(#1885),#1802);
#76=STYLED_ITEM('',(#1885),#1803);
#77=STYLED_ITEM('',(#1885),#1804);
#78=STYLED_ITEM('',(#1884),#120);
#79=STYLED_ITEM('',(#1885),#1805);
#80=STYLED_ITEM('',(#1885),#1806);
#81=STYLED_ITEM('',(#1885),#1807);
#82=STYLED_ITEM('',(#1885),#1808);
#83=STYLED_ITEM('',(#1885),#1809);
#84=STYLED_ITEM('',(#1885),#1810);
#85=STYLED_ITEM('',(#1884),#121);
#86=STYLED_ITEM('',(#1885),#1811);
#87=STYLED_ITEM('',(#1885),#1812);
#88=STYLED_ITEM('',(#1885),#1813);
#89=STYLED_ITEM('',(#1885),#1814);
#90=STYLED_ITEM('',(#1885),#1815);
#91=STYLED_ITEM('',(#1885),#1816);
#92=STYLED_ITEM('',(#1884),#122);
#93=STYLED_ITEM('',(#1885),#1817);
#94=STYLED_ITEM('',(#1885),#1818);
#95=STYLED_ITEM('',(#1885),#1819);
#96=STYLED_ITEM('',(#1885),#1820);
#97=STYLED_ITEM('',(#1885),#1821);
#98=STYLED_ITEM('',(#1885),#1822);
#99=STYLED_ITEM('',(#1885),#1823);
#100=STYLED_ITEM('',(#1885),#1824);
#101=STYLED_ITEM('',(#1884),#123);
#102=STYLED_ITEM('',(#1885),#1825);
#103=STYLED_ITEM('',(#1885),#1826);
#104=STYLED_ITEM('',(#1885),#1827);
#105=STYLED_ITEM('',(#1885),#1828);
#106=STYLED_ITEM('',(#1885),#1829);
#107=STYLED_ITEM('',(#1885),#1830);
#108=STYLED_ITEM('',(#1885),#1831);
#109=STYLED_ITEM('',(#1885),#1832);
#110=STYLED_ITEM('',(#1885),#1833);
#111=STYLED_ITEM('',(#1885),#1834);
#112=STYLED_ITEM('',(#1884),#124);
#113=MANIFOLD_SOLID_BREP('Solid1',#1835);
#114=MANIFOLD_SOLID_BREP('Solid1',#1836);
#115=MANIFOLD_SOLID_BREP('Solid1',#1837);
#116=MANIFOLD_SOLID_BREP('Solid1',#1838);
#117=MANIFOLD_SOLID_BREP('Solid2',#1839);
#118=MANIFOLD_SOLID_BREP('Solid3',#1840);
#119=MANIFOLD_SOLID_BREP('Solid4',#1841);
#120=MANIFOLD_SOLID_BREP('Solid5',#1842);
#121=MANIFOLD_SOLID_BREP('Solid6',#1843);
#122=MANIFOLD_SOLID_BREP('Solid7',#1844);
#123=MANIFOLD_SOLID_BREP('Solid8',#1845);
#124=MANIFOLD_SOLID_BREP('Solid9',#1846);
#125=PLANE('',#1945);
#126=PLANE('',#1949);
#127=PLANE('',#1954);
#128=PLANE('',#1956);
#129=PLANE('',#1958);
#130=PLANE('',#1959);
#131=PLANE('',#1989);
#132=PLANE('',#1990);
#133=PLANE('',#1991);
#134=PLANE('',#1992);
#135=PLANE('',#1993);
#136=PLANE('',#1994);
#137=PLANE('',#2023);
#138=PLANE('',#2024);
#139=PLANE('',#2025);
#140=PLANE('',#2026);
#141=PLANE('',#2027);
#142=PLANE('',#2028);
#143=PLANE('',#2030);
#144=PLANE('',#2031);
#145=PLANE('',#2032);
#146=PLANE('',#2033);
#147=PLANE('',#2034);
#148=PLANE('',#2035);
#149=PLANE('',#2036);
#150=PLANE('',#2037);
#151=PLANE('',#2038);
#152=PLANE('',#2039);
#153=PLANE('',#2040);
#154=PLANE('',#2041);
#155=PLANE('',#2042);
#156=PLANE('',#2043);
#157=PLANE('',#2044);
#158=PLANE('',#2045);
#159=PLANE('',#2046);
#160=PLANE('',#2047);
#161=PLANE('',#2048);
#162=PLANE('',#2049);
#163=PLANE('',#2050);
#164=PLANE('',#2051);
#165=PLANE('',#2052);
#166=PLANE('',#2053);
#167=PLANE('',#2054);
#168=PLANE('',#2055);
#169=PLANE('',#2056);
#170=PLANE('',#2057);
#171=PLANE('',#2058);
#172=PLANE('',#2059);
#173=PLANE('',#2060);
#174=PLANE('',#2061);
#175=PLANE('',#2062);
#176=PLANE('',#2063);
#177=PLANE('',#2064);
#178=PLANE('',#2065);
#179=PLANE('',#2066);
#180=PLANE('',#2067);
#181=PLANE('',#2068);
#182=PLANE('',#2069);
#183=PLANE('',#2070);
#184=PLANE('',#2071);
#185=PLANE('',#2072);
#186=PLANE('',#2073);
#187=PLANE('',#2074);
#188=PLANE('',#2075);
#189=PLANE('',#2076);
#190=PLANE('',#2077);
#191=PLANE('',#2078);
#192=PLANE('',#2079);
#193=PLANE('',#2080);
#194=PLANE('',#2081);
#195=PLANE('',#2082);
#196=PLANE('',#2083);
#197=PLANE('',#2084);
#198=PLANE('',#2085);
#199=PLANE('',#2086);
#200=PLANE('',#2087);
#201=PLANE('',#2088);
#202=PLANE('',#2089);
#203=PLANE('',#2090);
#204=PLANE('',#2091);
#205=PLANE('',#2092);
#206=PLANE('',#2093);
#207=FACE_OUTER_BOUND('',#317,.T.);
#208=FACE_OUTER_BOUND('',#318,.T.);
#209=FACE_OUTER_BOUND('',#319,.T.);
#210=FACE_OUTER_BOUND('',#320,.T.);
#211=FACE_OUTER_BOUND('',#321,.T.);
#212=FACE_OUTER_BOUND('',#322,.T.);
#213=FACE_OUTER_BOUND('',#323,.T.);
#214=FACE_OUTER_BOUND('',#324,.T.);
#215=FACE_OUTER_BOUND('',#325,.T.);
#216=FACE_OUTER_BOUND('',#326,.T.);
#217=FACE_OUTER_BOUND('',#327,.T.);
#218=FACE_OUTER_BOUND('',#328,.T.);
#219=FACE_OUTER_BOUND('',#329,.T.);
#220=FACE_OUTER_BOUND('',#330,.T.);
#221=FACE_OUTER_BOUND('',#331,.T.);
#222=FACE_OUTER_BOUND('',#332,.T.);
#223=FACE_OUTER_BOUND('',#333,.T.);
#224=FACE_OUTER_BOUND('',#334,.T.);
#225=FACE_OUTER_BOUND('',#335,.T.);
#226=FACE_OUTER_BOUND('',#336,.T.);
#227=FACE_OUTER_BOUND('',#337,.T.);
#228=FACE_OUTER_BOUND('',#338,.T.);
#229=FACE_OUTER_BOUND('',#339,.T.);
#230=FACE_OUTER_BOUND('',#340,.T.);
#231=FACE_OUTER_BOUND('',#341,.T.);
#232=FACE_OUTER_BOUND('',#342,.T.);
#233=FACE_OUTER_BOUND('',#343,.T.);
#234=FACE_OUTER_BOUND('',#344,.T.);
#235=FACE_OUTER_BOUND('',#345,.T.);
#236=FACE_OUTER_BOUND('',#346,.T.);
#237=FACE_OUTER_BOUND('',#347,.T.);
#238=FACE_OUTER_BOUND('',#348,.T.);
#239=FACE_OUTER_BOUND('',#349,.T.);
#240=FACE_OUTER_BOUND('',#350,.T.);
#241=FACE_OUTER_BOUND('',#351,.T.);
#242=FACE_OUTER_BOUND('',#352,.T.);
#243=FACE_OUTER_BOUND('',#353,.T.);
#244=FACE_OUTER_BOUND('',#354,.T.);
#245=FACE_OUTER_BOUND('',#355,.T.);
#246=FACE_OUTER_BOUND('',#356,.T.);
#247=FACE_OUTER_BOUND('',#357,.T.);
#248=FACE_OUTER_BOUND('',#358,.T.);
#249=FACE_OUTER_BOUND('',#359,.T.);
#250=FACE_OUTER_BOUND('',#360,.T.);
#251=FACE_OUTER_BOUND('',#361,.T.);
#252=FACE_OUTER_BOUND('',#362,.T.);
#253=FACE_OUTER_BOUND('',#363,.T.);
#254=FACE_OUTER_BOUND('',#364,.T.);
#255=FACE_OUTER_BOUND('',#365,.T.);
#256=FACE_OUTER_BOUND('',#366,.T.);
#257=FACE_OUTER_BOUND('',#367,.T.);
#258=FACE_OUTER_BOUND('',#368,.T.);
#259=FACE_OUTER_BOUND('',#369,.T.);
#260=FACE_OUTER_BOUND('',#370,.T.);
#261=FACE_OUTER_BOUND('',#371,.T.);
#262=FACE_OUTER_BOUND('',#372,.T.);
#263=FACE_OUTER_BOUND('',#373,.T.);
#264=FACE_OUTER_BOUND('',#374,.T.);
#265=FACE_OUTER_BOUND('',#375,.T.);
#266=FACE_OUTER_BOUND('',#376,.T.);
#267=FACE_OUTER_BOUND('',#377,.T.);
#268=FACE_OUTER_BOUND('',#378,.T.);
#269=FACE_OUTER_BOUND('',#379,.T.);
#270=FACE_OUTER_BOUND('',#380,.T.);
#271=FACE_OUTER_BOUND('',#381,.T.);
#272=FACE_OUTER_BOUND('',#382,.T.);
#273=FACE_OUTER_BOUND('',#383,.T.);
#274=FACE_OUTER_BOUND('',#384,.T.);
#275=FACE_OUTER_BOUND('',#385,.T.);
#276=FACE_OUTER_BOUND('',#386,.T.);
#277=FACE_OUTER_BOUND('',#387,.T.);
#278=FACE_OUTER_BOUND('',#388,.T.);
#279=FACE_OUTER_BOUND('',#389,.T.);
#280=FACE_OUTER_BOUND('',#390,.T.);
#281=FACE_OUTER_BOUND('',#391,.T.);
#282=FACE_OUTER_BOUND('',#392,.T.);
#283=FACE_OUTER_BOUND('',#393,.T.);
#284=FACE_OUTER_BOUND('',#394,.T.);
#285=FACE_OUTER_BOUND('',#395,.T.);
#286=FACE_OUTER_BOUND('',#396,.T.);
#287=FACE_OUTER_BOUND('',#397,.T.);
#288=FACE_OUTER_BOUND('',#398,.T.);
#289=FACE_OUTER_BOUND('',#399,.T.);
#290=FACE_OUTER_BOUND('',#400,.T.);
#291=FACE_OUTER_BOUND('',#401,.T.);
#292=FACE_OUTER_BOUND('',#402,.T.);
#293=FACE_OUTER_BOUND('',#403,.T.);
#294=FACE_OUTER_BOUND('',#404,.T.);
#295=FACE_OUTER_BOUND('',#405,.T.);
#296=FACE_OUTER_BOUND('',#406,.T.);
#297=FACE_OUTER_BOUND('',#407,.T.);
#298=FACE_OUTER_BOUND('',#408,.T.);
#299=FACE_OUTER_BOUND('',#409,.T.);
#300=FACE_OUTER_BOUND('',#410,.T.);
#301=FACE_OUTER_BOUND('',#411,.T.);
#302=FACE_OUTER_BOUND('',#412,.T.);
#303=FACE_OUTER_BOUND('',#413,.T.);
#304=FACE_OUTER_BOUND('',#414,.T.);
#305=FACE_OUTER_BOUND('',#415,.T.);
#306=FACE_OUTER_BOUND('',#416,.T.);
#307=FACE_OUTER_BOUND('',#417,.T.);
#308=FACE_OUTER_BOUND('',#418,.T.);
#309=FACE_OUTER_BOUND('',#419,.T.);
#310=FACE_OUTER_BOUND('',#420,.T.);
#311=FACE_OUTER_BOUND('',#421,.T.);
#312=FACE_OUTER_BOUND('',#422,.T.);
#313=FACE_OUTER_BOUND('',#423,.T.);
#314=FACE_OUTER_BOUND('',#424,.T.);
#315=FACE_OUTER_BOUND('',#425,.T.);
#316=FACE_OUTER_BOUND('',#426,.T.);
#317=EDGE_LOOP('',(#1237,#1238,#1239,#1240));
#318=EDGE_LOOP('',(#1241,#1242,#1243,#1244,#1245,#1246,#1247,#1248));
#319=EDGE_LOOP('',(#1249,#1250,#1251,#1252));
#320=EDGE_LOOP('',(#1253,#1254,#1255,#1256));
#321=EDGE_LOOP('',(#1257,#1258,#1259,#1260));
#322=EDGE_LOOP('',(#1261,#1262,#1263,#1264,#1265,#1266,#1267,#1268));
#323=EDGE_LOOP('',(#1269,#1270,#1271,#1272));
#324=EDGE_LOOP('',(#1273,#1274,#1275,#1276));
#325=EDGE_LOOP('',(#1277,#1278,#1279,#1280));
#326=EDGE_LOOP('',(#1281,#1282,#1283,#1284));
#327=EDGE_LOOP('',(#1285,#1286,#1287));
#328=EDGE_LOOP('',(#1288,#1289,#1290));
#329=EDGE_LOOP('',(#1291,#1292,#1293,#1294));
#330=EDGE_LOOP('',(#1295,#1296,#1297,#1298));
#331=EDGE_LOOP('',(#1299,#1300,#1301));
#332=EDGE_LOOP('',(#1302,#1303,#1304,#1305));
#333=EDGE_LOOP('',(#1306,#1307,#1308,#1309));
#334=EDGE_LOOP('',(#1310,#1311,#1312));
#335=EDGE_LOOP('',(#1313,#1314,#1315,#1316));
#336=EDGE_LOOP('',(#1317,#1318,#1319,#1320));
#337=EDGE_LOOP('',(#1321,#1322,#1323,#1324));
#338=EDGE_LOOP('',(#1325,#1326,#1327,#1328));
#339=EDGE_LOOP('',(#1329,#1330,#1331,#1332));
#340=EDGE_LOOP('',(#1333,#1334,#1335,#1336));
#341=EDGE_LOOP('',(#1337,#1338,#1339,#1340));
#342=EDGE_LOOP('',(#1341,#1342,#1343,#1344,#1345,#1346,#1347,#1348));
#343=EDGE_LOOP('',(#1349,#1350,#1351,#1352));
#344=EDGE_LOOP('',(#1353,#1354,#1355,#1356));
#345=EDGE_LOOP('',(#1357,#1358,#1359));
#346=EDGE_LOOP('',(#1360,#1361,#1362));
#347=EDGE_LOOP('',(#1363,#1364,#1365,#1366));
#348=EDGE_LOOP('',(#1367,#1368,#1369));
#349=EDGE_LOOP('',(#1370,#1371,#1372,#1373));
#350=EDGE_LOOP('',(#1374,#1375,#1376));
#351=EDGE_LOOP('',(#1377,#1378,#1379,#1380));
#352=EDGE_LOOP('',(#1381,#1382,#1383,#1384));
#353=EDGE_LOOP('',(#1385,#1386,#1387,#1388));
#354=EDGE_LOOP('',(#1389,#1390,#1391,#1392));
#355=EDGE_LOOP('',(#1393,#1394,#1395,#1396));
#356=EDGE_LOOP('',(#1397,#1398,#1399,#1400));
#357=EDGE_LOOP('',(#1401,#1402,#1403,#1404));
#358=EDGE_LOOP('',(#1405,#1406,#1407,#1408));
#359=EDGE_LOOP('',(#1409,#1410,#1411,#1412));
#360=EDGE_LOOP('',(#1413,#1414,#1415,#1416,#1417,#1418,#1419,#1420));
#361=EDGE_LOOP('',(#1421,#1422,#1423,#1424));
#362=EDGE_LOOP('',(#1425,#1426,#1427,#1428));
#363=EDGE_LOOP('',(#1429,#1430,#1431));
#364=EDGE_LOOP('',(#1432,#1433,#1434,#1435));
#365=EDGE_LOOP('',(#1436,#1437,#1438,#1439));
#366=EDGE_LOOP('',(#1440,#1441,#1442,#1443));
#367=EDGE_LOOP('',(#1444,#1445,#1446));
#368=EDGE_LOOP('',(#1447,#1448,#1449,#1450,#1451,#1452));
#369=EDGE_LOOP('',(#1453,#1454,#1455,#1456));
#370=EDGE_LOOP('',(#1457,#1458,#1459,#1460));
#371=EDGE_LOOP('',(#1461,#1462,#1463,#1464));
#372=EDGE_LOOP('',(#1465,#1466,#1467,#1468));
#373=EDGE_LOOP('',(#1469,#1470,#1471,#1472));
#374=EDGE_LOOP('',(#1473,#1474,#1475,#1476));
#375=EDGE_LOOP('',(#1477,#1478,#1479,#1480,#1481,#1482));
#376=EDGE_LOOP('',(#1483,#1484,#1485));
#377=EDGE_LOOP('',(#1486,#1487,#1488,#1489));
#378=EDGE_LOOP('',(#1490,#1491,#1492,#1493));
#379=EDGE_LOOP('',(#1494,#1495,#1496,#1497));
#380=EDGE_LOOP('',(#1498,#1499,#1500));
#381=EDGE_LOOP('',(#1501,#1502,#1503));
#382=EDGE_LOOP('',(#1504,#1505,#1506,#1507));
#383=EDGE_LOOP('',(#1508,#1509,#1510,#1511));
#384=EDGE_LOOP('',(#1512,#1513,#1514,#1515));
#385=EDGE_LOOP('',(#1516,#1517,#1518));
#386=EDGE_LOOP('',(#1519,#1520,#1521,#1522,#1523,#1524,#1525,#1526,#1527));
#387=EDGE_LOOP('',(#1528,#1529,#1530,#1531));
#388=EDGE_LOOP('',(#1532,#1533,#1534,#1535));
#389=EDGE_LOOP('',(#1536,#1537,#1538,#1539));
#390=EDGE_LOOP('',(#1540,#1541,#1542,#1543));
#391=EDGE_LOOP('',(#1544,#1545,#1546,#1547));
#392=EDGE_LOOP('',(#1548,#1549,#1550,#1551));
#393=EDGE_LOOP('',(#1552,#1553,#1554,#1555));
#394=EDGE_LOOP('',(#1556,#1557,#1558,#1559));
#395=EDGE_LOOP('',(#1560,#1561,#1562,#1563));
#396=EDGE_LOOP('',(#1564,#1565,#1566,#1567,#1568,#1569,#1570,#1571,#1572));
#397=EDGE_LOOP('',(#1573,#1574,#1575,#1576));
#398=EDGE_LOOP('',(#1577,#1578,#1579,#1580));
#399=EDGE_LOOP('',(#1581,#1582,#1583,#1584));
#400=EDGE_LOOP('',(#1585,#1586,#1587,#1588));
#401=EDGE_LOOP('',(#1589,#1590,#1591,#1592));
#402=EDGE_LOOP('',(#1593,#1594,#1595,#1596));
#403=EDGE_LOOP('',(#1597,#1598,#1599,#1600));
#404=EDGE_LOOP('',(#1601,#1602,#1603,#1604));
#405=EDGE_LOOP('',(#1605,#1606,#1607,#1608));
#406=EDGE_LOOP('',(#1609,#1610,#1611,#1612));
#407=EDGE_LOOP('',(#1613,#1614,#1615,#1616));
#408=EDGE_LOOP('',(#1617,#1618,#1619,#1620));
#409=EDGE_LOOP('',(#1621,#1622,#1623,#1624,#1625,#1626));
#410=EDGE_LOOP('',(#1627,#1628,#1629,#1630));
#411=EDGE_LOOP('',(#1631,#1632,#1633,#1634));
#412=EDGE_LOOP('',(#1635,#1636,#1637,#1638));
#413=EDGE_LOOP('',(#1639,#1640,#1641,#1642));
#414=EDGE_LOOP('',(#1643,#1644,#1645,#1646));
#415=EDGE_LOOP('',(#1647,#1648,#1649,#1650));
#416=EDGE_LOOP('',(#1651,#1652,#1653,#1654,#1655,#1656));
#417=EDGE_LOOP('',(#1657,#1658,#1659,#1660,#1661,#1662,#1663,#1664));
#418=EDGE_LOOP('',(#1665,#1666,#1667,#1668));
#419=EDGE_LOOP('',(#1669,#1670,#1671,#1672));
#420=EDGE_LOOP('',(#1673,#1674,#1675,#1676));
#421=EDGE_LOOP('',(#1677,#1678,#1679,#1680));
#422=EDGE_LOOP('',(#1681,#1682,#1683,#1684));
#423=EDGE_LOOP('',(#1685,#1686,#1687,#1688));
#424=EDGE_LOOP('',(#1689,#1690,#1691,#1692));
#425=EDGE_LOOP('',(#1693,#1694,#1695,#1696));
#426=EDGE_LOOP('',(#1697,#1698,#1699,#1700,#1701,#1702,#1703,#1704));
#427=LINE('',#2612,#621);
#428=LINE('',#2615,#622);
#429=LINE('',#2618,#623);
#430=LINE('',#2622,#624);
#431=LINE('',#2626,#625);
#432=LINE('',#2629,#626);
#433=LINE('',#2632,#627);
#434=LINE('',#2633,#628);
#435=LINE('',#2637,#629);
#436=LINE('',#2640,#630);
#437=LINE('',#2643,#631);
#438=LINE('',#2645,#632);
#439=LINE('',#2647,#633);
#440=LINE('',#2650,#634);
#441=LINE('',#2652,#635);
#442=LINE('',#2654,#636);
#443=LINE('',#2676,#637);
#444=LINE('',#2677,#638);
#445=LINE('',#2679,#639);
#446=LINE('',#2680,#640);
#447=LINE('',#2689,#641);
#448=LINE('',#2690,#642);
#449=LINE('',#2695,#643);
#450=LINE('',#2696,#644);
#451=LINE('',#2705,#645);
#452=LINE('',#2706,#646);
#453=LINE('',#2708,#647);
#454=LINE('',#2709,#648);
#455=LINE('',#2714,#649);
#456=LINE('',#2715,#650);
#457=LINE('',#2720,#651);
#458=LINE('',#2721,#652);
#459=LINE('',#2723,#653);
#460=LINE('',#2725,#654);
#461=LINE('',#2728,#655);
#462=LINE('',#2729,#656);
#463=LINE('',#2750,#657);
#464=LINE('',#2751,#658);
#465=LINE('',#2760,#659);
#466=LINE('',#2761,#660);
#467=LINE('',#2770,#661);
#468=LINE('',#2771,#662);
#469=LINE('',#2776,#663);
#470=LINE('',#2777,#664);
#471=LINE('',#2779,#665);
#472=LINE('',#2780,#666);
#473=LINE('',#2785,#667);
#474=LINE('',#2786,#668);
#475=LINE('',#2788,#669);
#476=LINE('',#2789,#670);
#477=LINE('',#2794,#671);
#478=LINE('',#2795,#672);
#479=LINE('',#2797,#673);
#480=LINE('',#2799,#674);
#481=LINE('',#2802,#675);
#482=LINE('',#2803,#676);
#483=LINE('',#2810,#677);
#484=LINE('',#2812,#678);
#485=LINE('',#2813,#679);
#486=LINE('',#2817,#680);
#487=LINE('',#2818,#681);
#488=LINE('',#2819,#682);
#489=LINE('',#2822,#683);
#490=LINE('',#2823,#684);
#491=LINE('',#2825,#685);
#492=LINE('',#2830,#686);
#493=LINE('',#2832,#687);
#494=LINE('',#2834,#688);
#495=LINE('',#2836,#689);
#496=LINE('',#2838,#690);
#497=LINE('',#2839,#691);
#498=LINE('',#2843,#692);
#499=LINE('',#2844,#693);
#500=LINE('',#2845,#694);
#501=LINE('',#2848,#695);
#502=LINE('',#2849,#696);
#503=LINE('',#2852,#697);
#504=LINE('',#2853,#698);
#505=LINE('',#2856,#699);
#506=LINE('',#2857,#700);
#507=LINE('',#2860,#701);
#508=LINE('',#2861,#702);
#509=LINE('',#2863,#703);
#510=LINE('',#2868,#704);
#511=LINE('',#2870,#705);
#512=LINE('',#2871,#706);
#513=LINE('',#2875,#707);
#514=LINE('',#2876,#708);
#515=LINE('',#2877,#709);
#516=LINE('',#2880,#710);
#517=LINE('',#2881,#711);
#518=LINE('',#2883,#712);
#519=LINE('',#2888,#713);
#520=LINE('',#2890,#714);
#521=LINE('',#2891,#715);
#522=LINE('',#2895,#716);
#523=LINE('',#2896,#717);
#524=LINE('',#2897,#718);
#525=LINE('',#2900,#719);
#526=LINE('',#2901,#720);
#527=LINE('',#2903,#721);
#528=LINE('',#2908,#722);
#529=LINE('',#2910,#723);
#530=LINE('',#2912,#724);
#531=LINE('',#2914,#725);
#532=LINE('',#2916,#726);
#533=LINE('',#2918,#727);
#534=LINE('',#2920,#728);
#535=LINE('',#2922,#729);
#536=LINE('',#2923,#730);
#537=LINE('',#2927,#731);
#538=LINE('',#2928,#732);
#539=LINE('',#2929,#733);
#540=LINE('',#2932,#734);
#541=LINE('',#2933,#735);
#542=LINE('',#2936,#736);
#543=LINE('',#2937,#737);
#544=LINE('',#2940,#738);
#545=LINE('',#2941,#739);
#546=LINE('',#2944,#740);
#547=LINE('',#2945,#741);
#548=LINE('',#2948,#742);
#549=LINE('',#2949,#743);
#550=LINE('',#2952,#744);
#551=LINE('',#2953,#745);
#552=LINE('',#2956,#746);
#553=LINE('',#2957,#747);
#554=LINE('',#2959,#748);
#555=LINE('',#2964,#749);
#556=LINE('',#2966,#750);
#557=LINE('',#2968,#751);
#558=LINE('',#2969,#752);
#559=LINE('',#2973,#753);
#560=LINE('',#2974,#754);
#561=LINE('',#2975,#755);
#562=LINE('',#2978,#756);
#563=LINE('',#2979,#757);
#564=LINE('',#2982,#758);
#565=LINE('',#2983,#759);
#566=LINE('',#2985,#760);
#567=LINE('',#2990,#761);
#568=LINE('',#2992,#762);
#569=LINE('',#2994,#763);
#570=LINE('',#2995,#764);
#571=LINE('',#2999,#765);
#572=LINE('',#3000,#766);
#573=LINE('',#3001,#767);
#574=LINE('',#3004,#768);
#575=LINE('',#3005,#769);
#576=LINE('',#3008,#770);
#577=LINE('',#3009,#771);
#578=LINE('',#3011,#772);
#579=LINE('',#3016,#773);
#580=LINE('',#3018,#774);
#581=LINE('',#3020,#775);
#582=LINE('',#3022,#776);
#583=LINE('',#3024,#777);
#584=LINE('',#3025,#778);
#585=LINE('',#3029,#779);
#586=LINE('',#3030,#780);
#587=LINE('',#3031,#781);
#588=LINE('',#3034,#782);
#589=LINE('',#3035,#783);
#590=LINE('',#3038,#784);
#591=LINE('',#3039,#785);
#592=LINE('',#3042,#786);
#593=LINE('',#3043,#787);
#594=LINE('',#3046,#788);
#595=LINE('',#3047,#789);
#596=LINE('',#3049,#790);
#597=LINE('',#3054,#791);
#598=LINE('',#3056,#792);
#599=LINE('',#3058,#793);
#600=LINE('',#3060,#794);
#601=LINE('',#3062,#795);
#602=LINE('',#3064,#796);
#603=LINE('',#3066,#797);
#604=LINE('',#3067,#798);
#605=LINE('',#3071,#799);
#606=LINE('',#3072,#800);
#607=LINE('',#3073,#801);
#608=LINE('',#3076,#802);
#609=LINE('',#3077,#803);
#610=LINE('',#3080,#804);
#611=LINE('',#3081,#805);
#612=LINE('',#3084,#806);
#613=LINE('',#3085,#807);
#614=LINE('',#3088,#808);
#615=LINE('',#3089,#809);
#616=LINE('',#3092,#810);
#617=LINE('',#3093,#811);
#618=LINE('',#3096,#812);
#619=LINE('',#3097,#813);
#620=LINE('',#3099,#814);
#621=VECTOR('',#2105,10.);
#622=VECTOR('',#2108,10.);
#623=VECTOR('',#2111,10.);
#624=VECTOR('',#2114,10.);
#625=VECTOR('',#2117,10.);
#626=VECTOR('',#2120,10.);
#627=VECTOR('',#2123,10.);
#628=VECTOR('',#2124,10.);
#629=VECTOR('',#2129,10.);
#630=VECTOR('',#2132,10.);
#631=VECTOR('',#2135,10.);
#632=VECTOR('',#2138,10.);
#633=VECTOR('',#2139,10.);
#634=VECTOR('',#2142,10.);
#635=VECTOR('',#2145,10.);
#636=VECTOR('',#2148,10.);
#637=VECTOR('',#2175,10.);
#638=VECTOR('',#2176,10.);
#639=VECTOR('',#2179,10.);
#640=VECTOR('',#2180,10.);
#641=VECTOR('',#2191,10.);
#642=VECTOR('',#2192,10.);
#643=VECTOR('',#2197,10.);
#644=VECTOR('',#2198,10.);
#645=VECTOR('',#2209,10.);
#646=VECTOR('',#2210,10.);
#647=VECTOR('',#2213,10.);
#648=VECTOR('',#2214,10.);
#649=VECTOR('',#2219,10.);
#650=VECTOR('',#2220,10.);
#651=VECTOR('',#2225,10.);
#652=VECTOR('',#2226,10.);
#653=VECTOR('',#2229,10.);
#654=VECTOR('',#2232,10.);
#655=VECTOR('',#2237,10.);
#656=VECTOR('',#2238,10.);
#657=VECTOR('',#2263,10.);
#658=VECTOR('',#2264,10.);
#659=VECTOR('',#2275,10.);
#660=VECTOR('',#2276,10.);
#661=VECTOR('',#2287,10.);
#662=VECTOR('',#2288,10.);
#663=VECTOR('',#2293,10.);
#664=VECTOR('',#2294,10.);
#665=VECTOR('',#2297,10.);
#666=VECTOR('',#2298,10.);
#667=VECTOR('',#2303,10.);
#668=VECTOR('',#2304,10.);
#669=VECTOR('',#2307,10.);
#670=VECTOR('',#2308,10.);
#671=VECTOR('',#2313,10.);
#672=VECTOR('',#2314,10.);
#673=VECTOR('',#2317,10.);
#674=VECTOR('',#2320,10.);
#675=VECTOR('',#2325,10.);
#676=VECTOR('',#2326,10.);
#677=VECTOR('',#2335,1.);
#678=VECTOR('',#2336,1.);
#679=VECTOR('',#2337,1.);
#680=VECTOR('',#2340,1.);
#681=VECTOR('',#2341,1.);
#682=VECTOR('',#2342,1.);
#683=VECTOR('',#2345,1.);
#684=VECTOR('',#2346,1.);
#685=VECTOR('',#2349,1.);
#686=VECTOR('',#2354,1.);
#687=VECTOR('',#2355,1.);
#688=VECTOR('',#2356,1.);
#689=VECTOR('',#2357,1.);
#690=VECTOR('',#2358,1.);
#691=VECTOR('',#2359,1.);
#692=VECTOR('',#2362,1.);
#693=VECTOR('',#2363,1.);
#694=VECTOR('',#2364,1.);
#695=VECTOR('',#2367,1.);
#696=VECTOR('',#2368,1.);
#697=VECTOR('',#2371,1.);
#698=VECTOR('',#2372,1.);
#699=VECTOR('',#2375,1.);
#700=VECTOR('',#2376,1.);
#701=VECTOR('',#2379,1.);
#702=VECTOR('',#2380,1.);
#703=VECTOR('',#2383,1.);
#704=VECTOR('',#2388,1.);
#705=VECTOR('',#2389,1.);
#706=VECTOR('',#2390,1.);
#707=VECTOR('',#2393,1.);
#708=VECTOR('',#2394,1.);
#709=VECTOR('',#2395,1.);
#710=VECTOR('',#2398,1.);
#711=VECTOR('',#2399,1.);
#712=VECTOR('',#2402,1.);
#713=VECTOR('',#2407,1.);
#714=VECTOR('',#2408,1.);
#715=VECTOR('',#2409,1.);
#716=VECTOR('',#2412,1.);
#717=VECTOR('',#2413,1.);
#718=VECTOR('',#2414,1.);
#719=VECTOR('',#2417,1.);
#720=VECTOR('',#2418,1.);
#721=VECTOR('',#2421,1.);
#722=VECTOR('',#2426,1.);
#723=VECTOR('',#2427,1.);
#724=VECTOR('',#2428,1.);
#725=VECTOR('',#2429,1.);
#726=VECTOR('',#2430,1.);
#727=VECTOR('',#2431,1.);
#728=VECTOR('',#2432,1.);
#729=VECTOR('',#2433,1.);
#730=VECTOR('',#2434,1.);
#731=VECTOR('',#2437,1.);
#732=VECTOR('',#2438,1.);
#733=VECTOR('',#2439,1.);
#734=VECTOR('',#2442,1.);
#735=VECTOR('',#2443,1.);
#736=VECTOR('',#2446,1.);
#737=VECTOR('',#2447,1.);
#738=VECTOR('',#2450,1.);
#739=VECTOR('',#2451,1.);
#740=VECTOR('',#2454,1.);
#741=VECTOR('',#2455,1.);
#742=VECTOR('',#2458,1.);
#743=VECTOR('',#2459,1.);
#744=VECTOR('',#2462,1.);
#745=VECTOR('',#2463,1.);
#746=VECTOR('',#2466,1.);
#747=VECTOR('',#2467,1.);
#748=VECTOR('',#2470,1.);
#749=VECTOR('',#2475,1.);
#750=VECTOR('',#2476,1.);
#751=VECTOR('',#2477,1.);
#752=VECTOR('',#2478,1.);
#753=VECTOR('',#2481,1.);
#754=VECTOR('',#2482,1.);
#755=VECTOR('',#2483,1.);
#756=VECTOR('',#2486,1.);
#757=VECTOR('',#2487,1.);
#758=VECTOR('',#2490,1.);
#759=VECTOR('',#2491,1.);
#760=VECTOR('',#2494,1.);
#761=VECTOR('',#2499,1.);
#762=VECTOR('',#2500,1.);
#763=VECTOR('',#2501,1.);
#764=VECTOR('',#2502,1.);
#765=VECTOR('',#2505,1.);
#766=VECTOR('',#2506,1.);
#767=VECTOR('',#2507,1.);
#768=VECTOR('',#2510,1.);
#769=VECTOR('',#2511,1.);
#770=VECTOR('',#2514,1.);
#771=VECTOR('',#2515,1.);
#772=VECTOR('',#2518,1.);
#773=VECTOR('',#2523,1.);
#774=VECTOR('',#2524,1.);
#775=VECTOR('',#2525,1.);
#776=VECTOR('',#2526,1.);
#777=VECTOR('',#2527,1.);
#778=VECTOR('',#2528,1.);
#779=VECTOR('',#2531,1.);
#780=VECTOR('',#2532,1.);
#781=VECTOR('',#2533,1.);
#782=VECTOR('',#2536,1.);
#783=VECTOR('',#2537,1.);
#784=VECTOR('',#2540,1.);
#785=VECTOR('',#2541,1.);
#786=VECTOR('',#2544,1.);
#787=VECTOR('',#2545,1.);
#788=VECTOR('',#2548,1.);
#789=VECTOR('',#2549,1.);
#790=VECTOR('',#2552,1.);
#791=VECTOR('',#2557,1.);
#792=VECTOR('',#2558,1.);
#793=VECTOR('',#2559,1.);
#794=VECTOR('',#2560,1.);
#795=VECTOR('',#2561,1.);
#796=VECTOR('',#2562,1.);
#797=VECTOR('',#2563,1.);
#798=VECTOR('',#2564,1.);
#799=VECTOR('',#2567,1.);
#800=VECTOR('',#2568,1.);
#801=VECTOR('',#2569,1.);
#802=VECTOR('',#2572,1.);
#803=VECTOR('',#2573,1.);
#804=VECTOR('',#2576,1.);
#805=VECTOR('',#2577,1.);
#806=VECTOR('',#2580,1.);
#807=VECTOR('',#2581,1.);
#808=VECTOR('',#2584,1.);
#809=VECTOR('',#2585,1.);
#810=VECTOR('',#2588,1.);
#811=VECTOR('',#2589,1.);
#812=VECTOR('',#2592,1.);
#813=VECTOR('',#2593,1.);
#814=VECTOR('',#2596,1.);
#815=CIRCLE('',#1943,0.02);
#816=CIRCLE('',#1944,0.02);
#817=CIRCLE('',#1946,0.02);
#818=CIRCLE('',#1947,0.02);
#819=CIRCLE('',#1948,0.02);
#820=CIRCLE('',#1951,0.02);
#821=CIRCLE('',#1953,0.02);
#822=CIRCLE('',#1955,0.02);
#823=CIRCLE('',#1962,0.02);
#824=CIRCLE('',#1963,0.02);
#825=CIRCLE('',#1964,0.02);
#826=CIRCLE('',#1966,0.02);
#827=CIRCLE('',#1967,0.02);
#828=CIRCLE('',#1968,0.02);
#829=CIRCLE('',#1970,0.02);
#830=CIRCLE('',#1973,0.02);
#831=CIRCLE('',#1974,0.02);
#832=CIRCLE('',#1975,0.02);
#833=CIRCLE('',#1978,0.02);
#834=CIRCLE('',#1980,0.02);
#835=CIRCLE('',#1981,0.02);
#836=CIRCLE('',#1982,0.02);
#837=CIRCLE('',#1986,0.02);
#838=CIRCLE('',#1988,0.02);
#839=CIRCLE('',#1996,0.02);
#840=CIRCLE('',#1997,0.02);
#841=CIRCLE('',#1998,0.02);
#842=CIRCLE('',#2000,0.02);
#843=CIRCLE('',#2001,0.02);
#844=CIRCLE('',#2002,0.02);
#845=CIRCLE('',#2004,0.02);
#846=CIRCLE('',#2006,0.02);
#847=CIRCLE('',#2007,0.02);
#848=CIRCLE('',#2008,0.02);
#849=CIRCLE('',#2011,0.02);
#850=CIRCLE('',#2012,0.02);
#851=CIRCLE('',#2013,0.02);
#852=CIRCLE('',#2016,0.02);
#853=CIRCLE('',#2019,0.02);
#854=CIRCLE('',#2022,0.02);
#855=VERTEX_POINT('',#2608);
#856=VERTEX_POINT('',#2609);
#857=VERTEX_POINT('',#2611);
#858=VERTEX_POINT('',#2613);
#859=VERTEX_POINT('',#2617);
#860=VERTEX_POINT('',#2619);
#861=VERTEX_POINT('',#2621);
#862=VERTEX_POINT('',#2623);
#863=VERTEX_POINT('',#2625);
#864=VERTEX_POINT('',#2627);
#865=VERTEX_POINT('',#2631);
#866=VERTEX_POINT('',#2635);
#867=VERTEX_POINT('',#2639);
#868=VERTEX_POINT('',#2641);
#869=VERTEX_POINT('',#2646);
#870=VERTEX_POINT('',#2648);
#871=VERTEX_POINT('',#2659);
#872=VERTEX_POINT('',#2660);
#873=VERTEX_POINT('',#2662);
#874=VERTEX_POINT('',#2666);
#875=VERTEX_POINT('',#2667);
#876=VERTEX_POINT('',#2669);
#877=VERTEX_POINT('',#2673);
#878=VERTEX_POINT('',#2674);
#879=VERTEX_POINT('',#2682);
#880=VERTEX_POINT('',#2683);
#881=VERTEX_POINT('',#2685);
#882=VERTEX_POINT('',#2692);
#883=VERTEX_POINT('',#2693);
#884=VERTEX_POINT('',#2698);
#885=VERTEX_POINT('',#2699);
#886=VERTEX_POINT('',#2701);
#887=VERTEX_POINT('',#2711);
#888=VERTEX_POINT('',#2712);
#889=VERTEX_POINT('',#2717);
#890=VERTEX_POINT('',#2718);
#891=VERTEX_POINT('',#2733);
#892=VERTEX_POINT('',#2734);
#893=VERTEX_POINT('',#2736);
#894=VERTEX_POINT('',#2740);
#895=VERTEX_POINT('',#2741);
#896=VERTEX_POINT('',#2743);
#897=VERTEX_POINT('',#2747);
#898=VERTEX_POINT('',#2748);
#899=VERTEX_POINT('',#2753);
#900=VERTEX_POINT('',#2754);
#901=VERTEX_POINT('',#2756);
#902=VERTEX_POINT('',#2763);
#903=VERTEX_POINT('',#2764);
#904=VERTEX_POINT('',#2766);
#905=VERTEX_POINT('',#2773);
#906=VERTEX_POINT('',#2774);
#907=VERTEX_POINT('',#2782);
#908=VERTEX_POINT('',#2783);
#909=VERTEX_POINT('',#2791);
#910=VERTEX_POINT('',#2792);
#911=VERTEX_POINT('',#2808);
#912=VERTEX_POINT('',#2809);
#913=VERTEX_POINT('',#2811);
#914=VERTEX_POINT('',#2815);
#915=VERTEX_POINT('',#2816);
#916=VERTEX_POINT('',#2821);
#917=VERTEX_POINT('',#2828);
#918=VERTEX_POINT('',#2829);
#919=VERTEX_POINT('',#2831);
#920=VERTEX_POINT('',#2833);
#921=VERTEX_POINT('',#2835);
#922=VERTEX_POINT('',#2837);
#923=VERTEX_POINT('',#2841);
#924=VERTEX_POINT('',#2842);
#925=VERTEX_POINT('',#2847);
#926=VERTEX_POINT('',#2851);
#927=VERTEX_POINT('',#2855);
#928=VERTEX_POINT('',#2859);
#929=VERTEX_POINT('',#2866);
#930=VERTEX_POINT('',#2867);
#931=VERTEX_POINT('',#2869);
#932=VERTEX_POINT('',#2873);
#933=VERTEX_POINT('',#2874);
#934=VERTEX_POINT('',#2879);
#935=VERTEX_POINT('',#2886);
#936=VERTEX_POINT('',#2887);
#937=VERTEX_POINT('',#2889);
#938=VERTEX_POINT('',#2893);
#939=VERTEX_POINT('',#2894);
#940=VERTEX_POINT('',#2899);
#941=VERTEX_POINT('',#2906);
#942=VERTEX_POINT('',#2907);
#943=VERTEX_POINT('',#2909);
#944=VERTEX_POINT('',#2911);
#945=VERTEX_POINT('',#2913);
#946=VERTEX_POINT('',#2915);
#947=VERTEX_POINT('',#2917);
#948=VERTEX_POINT('',#2919);
#949=VERTEX_POINT('',#2921);
#950=VERTEX_POINT('',#2925);
#951=VERTEX_POINT('',#2926);
#952=VERTEX_POINT('',#2931);
#953=VERTEX_POINT('',#2935);
#954=VERTEX_POINT('',#2939);
#955=VERTEX_POINT('',#2943);
#956=VERTEX_POINT('',#2947);
#957=VERTEX_POINT('',#2951);
#958=VERTEX_POINT('',#2955);
#959=VERTEX_POINT('',#2962);
#960=VERTEX_POINT('',#2963);
#961=VERTEX_POINT('',#2965);
#962=VERTEX_POINT('',#2967);
#963=VERTEX_POINT('',#2971);
#964=VERTEX_POINT('',#2972);
#965=VERTEX_POINT('',#2977);
#966=VERTEX_POINT('',#2981);
#967=VERTEX_POINT('',#2988);
#968=VERTEX_POINT('',#2989);
#969=VERTEX_POINT('',#2991);
#970=VERTEX_POINT('',#2993);
#971=VERTEX_POINT('',#2997);
#972=VERTEX_POINT('',#2998);
#973=VERTEX_POINT('',#3003);
#974=VERTEX_POINT('',#3007);
#975=VERTEX_POINT('',#3014);
#976=VERTEX_POINT('',#3015);
#977=VERTEX_POINT('',#3017);
#978=VERTEX_POINT('',#3019);
#979=VERTEX_POINT('',#3021);
#980=VERTEX_POINT('',#3023);
#981=VERTEX_POINT('',#3027);
#982=VERTEX_POINT('',#3028);
#983=VERTEX_POINT('',#3033);
#984=VERTEX_POINT('',#3037);
#985=VERTEX_POINT('',#3041);
#986=VERTEX_POINT('',#3045);
#987=VERTEX_POINT('',#3052);
#988=VERTEX_POINT('',#3053);
#989=VERTEX_POINT('',#3055);
#990=VERTEX_POINT('',#3057);
#991=VERTEX_POINT('',#3059);
#992=VERTEX_POINT('',#3061);
#993=VERTEX_POINT('',#3063);
#994=VERTEX_POINT('',#3065);
#995=VERTEX_POINT('',#3069);
#996=VERTEX_POINT('',#3070);
#997=VERTEX_POINT('',#3075);
#998=VERTEX_POINT('',#3079);
#999=VERTEX_POINT('',#3083);
#1000=VERTEX_POINT('',#3087);
#1001=VERTEX_POINT('',#3091);
#1002=VERTEX_POINT('',#3095);
#1003=EDGE_CURVE('',#855,#856,#815,.T.);
#1004=EDGE_CURVE('',#856,#857,#427,.T.);
#1005=EDGE_CURVE('',#857,#858,#816,.T.);
#1006=EDGE_CURVE('',#858,#855,#428,.T.);
#1007=EDGE_CURVE('',#859,#855,#429,.T.);
#1008=EDGE_CURVE('',#860,#859,#817,.T.);
#1009=EDGE_CURVE('',#861,#860,#430,.T.);
#1010=EDGE_CURVE('',#862,#861,#818,.T.);
#1011=EDGE_CURVE('',#863,#862,#431,.T.);
#1012=EDGE_CURVE('',#864,#863,#819,.T.);
#1013=EDGE_CURVE('',#856,#864,#432,.T.);
#1014=EDGE_CURVE('',#858,#865,#433,.T.);
#1015=EDGE_CURVE('',#859,#865,#434,.T.);
#1016=EDGE_CURVE('',#865,#866,#820,.T.);
#1017=EDGE_CURVE('',#866,#860,#435,.T.);
#1018=EDGE_CURVE('',#863,#867,#436,.T.);
#1019=EDGE_CURVE('',#867,#868,#821,.T.);
#1020=EDGE_CURVE('',#868,#864,#437,.T.);
#1021=EDGE_CURVE('',#868,#857,#438,.T.);
#1022=EDGE_CURVE('',#869,#867,#439,.T.);
#1023=EDGE_CURVE('',#870,#869,#822,.T.);
#1024=EDGE_CURVE('',#866,#870,#440,.T.);
#1025=EDGE_CURVE('',#869,#862,#441,.T.);
#1026=EDGE_CURVE('',#861,#870,#442,.T.);
#1027=EDGE_CURVE('',#871,#872,#823,.F.);
#1028=EDGE_CURVE('',#873,#871,#824,.F.);
#1029=EDGE_CURVE('',#872,#873,#825,.F.);
#1030=EDGE_CURVE('',#874,#875,#826,.F.);
#1031=EDGE_CURVE('',#876,#874,#827,.F.);
#1032=EDGE_CURVE('',#875,#876,#828,.F.);
#1033=EDGE_CURVE('',#877,#878,#829,.T.);
#1034=EDGE_CURVE('',#878,#876,#443,.T.);
#1035=EDGE_CURVE('',#874,#877,#444,.T.);
#1036=EDGE_CURVE('',#871,#875,#445,.T.);
#1037=EDGE_CURVE('',#876,#873,#446,.T.);
#1038=EDGE_CURVE('',#879,#880,#830,.F.);
#1039=EDGE_CURVE('',#881,#879,#831,.F.);
#1040=EDGE_CURVE('',#880,#881,#832,.F.);
#1041=EDGE_CURVE('',#879,#871,#447,.T.);
#1042=EDGE_CURVE('',#872,#881,#448,.T.);
#1043=EDGE_CURVE('',#882,#883,#833,.T.);
#1044=EDGE_CURVE('',#883,#880,#449,.T.);
#1045=EDGE_CURVE('',#881,#882,#450,.T.);
#1046=EDGE_CURVE('',#884,#885,#834,.F.);
#1047=EDGE_CURVE('',#886,#884,#835,.F.);
#1048=EDGE_CURVE('',#885,#886,#836,.F.);
#1049=EDGE_CURVE('',#884,#874,#451,.T.);
#1050=EDGE_CURVE('',#875,#886,#452,.T.);
#1051=EDGE_CURVE('',#880,#885,#453,.T.);
#1052=EDGE_CURVE('',#886,#879,#454,.T.);
#1053=EDGE_CURVE('',#887,#888,#837,.T.);
#1054=EDGE_CURVE('',#888,#884,#455,.T.);
#1055=EDGE_CURVE('',#885,#887,#456,.T.);
#1056=EDGE_CURVE('',#889,#890,#838,.T.);
#1057=EDGE_CURVE('',#890,#872,#457,.T.);
#1058=EDGE_CURVE('',#873,#889,#458,.T.);
#1059=EDGE_CURVE('',#887,#883,#459,.T.);
#1060=EDGE_CURVE('',#882,#890,#460,.T.);
#1061=EDGE_CURVE('',#889,#878,#461,.T.);
#1062=EDGE_CURVE('',#877,#888,#462,.T.);
#1063=EDGE_CURVE('',#891,#892,#839,.F.);
#1064=EDGE_CURVE('',#893,#891,#840,.F.);
#1065=EDGE_CURVE('',#892,#893,#841,.F.);
#1066=EDGE_CURVE('',#894,#895,#842,.F.);
#1067=EDGE_CURVE('',#896,#894,#843,.F.);
#1068=EDGE_CURVE('',#895,#896,#844,.F.);
#1069=EDGE_CURVE('',#897,#898,#845,.T.);
#1070=EDGE_CURVE('',#898,#896,#463,.T.);
#1071=EDGE_CURVE('',#894,#897,#464,.T.);
#1072=EDGE_CURVE('',#899,#900,#846,.F.);
#1073=EDGE_CURVE('',#901,#899,#847,.F.);
#1074=EDGE_CURVE('',#900,#901,#848,.F.);
#1075=EDGE_CURVE('',#899,#892,#465,.T.);
#1076=EDGE_CURVE('',#893,#901,#466,.T.);
#1077=EDGE_CURVE('',#902,#903,#849,.F.);
#1078=EDGE_CURVE('',#904,#902,#850,.F.);
#1079=EDGE_CURVE('',#903,#904,#851,.F.);
#1080=EDGE_CURVE('',#902,#895,#467,.T.);
#1081=EDGE_CURVE('',#896,#904,#468,.T.);
#1082=EDGE_CURVE('',#905,#906,#852,.T.);
#1083=EDGE_CURVE('',#906,#903,#469,.T.);
#1084=EDGE_CURVE('',#904,#905,#470,.T.);
#1085=EDGE_CURVE('',#901,#902,#471,.T.);
#1086=EDGE_CURVE('',#903,#900,#472,.T.);
#1087=EDGE_CURVE('',#907,#908,#853,.T.);
#1088=EDGE_CURVE('',#908,#899,#473,.T.);
#1089=EDGE_CURVE('',#900,#907,#474,.T.);
#1090=EDGE_CURVE('',#891,#894,#475,.T.);
#1091=EDGE_CURVE('',#895,#893,#476,.T.);
#1092=EDGE_CURVE('',#909,#910,#854,.T.);
#1093=EDGE_CURVE('',#910,#891,#477,.T.);
#1094=EDGE_CURVE('',#892,#909,#478,.T.);
#1095=EDGE_CURVE('',#898,#905,#479,.T.);
#1096=EDGE_CURVE('',#910,#897,#480,.T.);
#1097=EDGE_CURVE('',#908,#909,#481,.T.);
#1098=EDGE_CURVE('',#906,#907,#482,.T.);
#1099=EDGE_CURVE('',#911,#912,#483,.T.);
#1100=EDGE_CURVE('',#912,#913,#484,.T.);
#1101=EDGE_CURVE('',#913,#911,#485,.T.);
#1102=EDGE_CURVE('',#914,#915,#486,.T.);
#1103=EDGE_CURVE('',#914,#912,#487,.T.);
#1104=EDGE_CURVE('',#915,#911,#488,.T.);
#1105=EDGE_CURVE('',#915,#916,#489,.T.);
#1106=EDGE_CURVE('',#916,#913,#490,.T.);
#1107=EDGE_CURVE('',#916,#914,#491,.T.);
#1108=EDGE_CURVE('',#917,#918,#492,.T.);
#1109=EDGE_CURVE('',#918,#919,#493,.T.);
#1110=EDGE_CURVE('',#919,#920,#494,.T.);
#1111=EDGE_CURVE('',#920,#921,#495,.T.);
#1112=EDGE_CURVE('',#921,#922,#496,.T.);
#1113=EDGE_CURVE('',#922,#917,#497,.T.);
#1114=EDGE_CURVE('',#923,#924,#498,.T.);
#1115=EDGE_CURVE('',#923,#918,#499,.T.);
#1116=EDGE_CURVE('',#924,#917,#500,.T.);
#1117=EDGE_CURVE('',#924,#925,#501,.T.);
#1118=EDGE_CURVE('',#925,#922,#502,.T.);
#1119=EDGE_CURVE('',#925,#926,#503,.T.);
#1120=EDGE_CURVE('',#926,#921,#504,.T.);
#1121=EDGE_CURVE('',#926,#927,#505,.T.);
#1122=EDGE_CURVE('',#927,#920,#506,.T.);
#1123=EDGE_CURVE('',#927,#928,#507,.T.);
#1124=EDGE_CURVE('',#928,#919,#508,.T.);
#1125=EDGE_CURVE('',#928,#923,#509,.T.);
#1126=EDGE_CURVE('',#929,#930,#510,.T.);
#1127=EDGE_CURVE('',#930,#931,#511,.T.);
#1128=EDGE_CURVE('',#931,#929,#512,.T.);
#1129=EDGE_CURVE('',#932,#933,#513,.T.);
#1130=EDGE_CURVE('',#932,#930,#514,.T.);
#1131=EDGE_CURVE('',#933,#929,#515,.T.);
#1132=EDGE_CURVE('',#933,#934,#516,.T.);
#1133=EDGE_CURVE('',#934,#931,#517,.T.);
#1134=EDGE_CURVE('',#934,#932,#518,.T.);
#1135=EDGE_CURVE('',#935,#936,#519,.T.);
#1136=EDGE_CURVE('',#936,#937,#520,.T.);
#1137=EDGE_CURVE('',#937,#935,#521,.T.);
#1138=EDGE_CURVE('',#938,#939,#522,.T.);
#1139=EDGE_CURVE('',#938,#936,#523,.T.);
#1140=EDGE_CURVE('',#939,#935,#524,.T.);
#1141=EDGE_CURVE('',#939,#940,#525,.T.);
#1142=EDGE_CURVE('',#940,#937,#526,.T.);
#1143=EDGE_CURVE('',#940,#938,#527,.T.);
#1144=EDGE_CURVE('',#941,#942,#528,.T.);
#1145=EDGE_CURVE('',#942,#943,#529,.T.);
#1146=EDGE_CURVE('',#943,#944,#530,.T.);
#1147=EDGE_CURVE('',#944,#945,#531,.T.);
#1148=EDGE_CURVE('',#945,#946,#532,.T.);
#1149=EDGE_CURVE('',#946,#947,#533,.T.);
#1150=EDGE_CURVE('',#947,#948,#534,.T.);
#1151=EDGE_CURVE('',#948,#949,#535,.T.);
#1152=EDGE_CURVE('',#949,#941,#536,.T.);
#1153=EDGE_CURVE('',#950,#951,#537,.T.);
#1154=EDGE_CURVE('',#950,#942,#538,.T.);
#1155=EDGE_CURVE('',#951,#941,#539,.T.);
#1156=EDGE_CURVE('',#951,#952,#540,.T.);
#1157=EDGE_CURVE('',#952,#949,#541,.T.);
#1158=EDGE_CURVE('',#952,#953,#542,.T.);
#1159=EDGE_CURVE('',#953,#948,#543,.T.);
#1160=EDGE_CURVE('',#953,#954,#544,.T.);
#1161=EDGE_CURVE('',#954,#947,#545,.T.);
#1162=EDGE_CURVE('',#954,#955,#546,.T.);
#1163=EDGE_CURVE('',#955,#946,#547,.T.);
#1164=EDGE_CURVE('',#955,#956,#548,.T.);
#1165=EDGE_CURVE('',#956,#945,#549,.T.);
#1166=EDGE_CURVE('',#956,#957,#550,.T.);
#1167=EDGE_CURVE('',#957,#944,#551,.T.);
#1168=EDGE_CURVE('',#957,#958,#552,.T.);
#1169=EDGE_CURVE('',#958,#943,#553,.T.);
#1170=EDGE_CURVE('',#958,#950,#554,.T.);
#1171=EDGE_CURVE('',#959,#960,#555,.T.);
#1172=EDGE_CURVE('',#960,#961,#556,.T.);
#1173=EDGE_CURVE('',#961,#962,#557,.T.);
#1174=EDGE_CURVE('',#962,#959,#558,.T.);
#1175=EDGE_CURVE('',#963,#964,#559,.T.);
#1176=EDGE_CURVE('',#963,#960,#560,.T.);
#1177=EDGE_CURVE('',#964,#959,#561,.T.);
#1178=EDGE_CURVE('',#964,#965,#562,.T.);
#1179=EDGE_CURVE('',#965,#962,#563,.T.);
#1180=EDGE_CURVE('',#965,#966,#564,.T.);
#1181=EDGE_CURVE('',#966,#961,#565,.T.);
#1182=EDGE_CURVE('',#966,#963,#566,.T.);
#1183=EDGE_CURVE('',#967,#968,#567,.T.);
#1184=EDGE_CURVE('',#969,#967,#568,.T.);
#1185=EDGE_CURVE('',#970,#969,#569,.T.);
#1186=EDGE_CURVE('',#968,#970,#570,.T.);
#1187=EDGE_CURVE('',#971,#972,#571,.T.);
#1188=EDGE_CURVE('',#972,#967,#572,.T.);
#1189=EDGE_CURVE('',#971,#968,#573,.T.);
#1190=EDGE_CURVE('',#973,#971,#574,.T.);
#1191=EDGE_CURVE('',#973,#970,#575,.T.);
#1192=EDGE_CURVE('',#974,#973,#576,.T.);
#1193=EDGE_CURVE('',#974,#969,#577,.T.);
#1194=EDGE_CURVE('',#972,#974,#578,.T.);
#1195=EDGE_CURVE('',#975,#976,#579,.T.);
#1196=EDGE_CURVE('',#976,#977,#580,.T.);
#1197=EDGE_CURVE('',#977,#978,#581,.T.);
#1198=EDGE_CURVE('',#978,#979,#582,.T.);
#1199=EDGE_CURVE('',#979,#980,#583,.T.);
#1200=EDGE_CURVE('',#980,#975,#584,.T.);
#1201=EDGE_CURVE('',#981,#982,#585,.T.);
#1202=EDGE_CURVE('',#981,#976,#586,.T.);
#1203=EDGE_CURVE('',#982,#975,#587,.T.);
#1204=EDGE_CURVE('',#982,#983,#588,.T.);
#1205=EDGE_CURVE('',#983,#980,#589,.T.);
#1206=EDGE_CURVE('',#983,#984,#590,.T.);
#1207=EDGE_CURVE('',#984,#979,#591,.T.);
#1208=EDGE_CURVE('',#984,#985,#592,.T.);
#1209=EDGE_CURVE('',#985,#978,#593,.T.);
#1210=EDGE_CURVE('',#985,#986,#594,.T.);
#1211=EDGE_CURVE('',#986,#977,#595,.T.);
#1212=EDGE_CURVE('',#986,#981,#596,.T.);
#1213=EDGE_CURVE('',#987,#988,#597,.T.);
#1214=EDGE_CURVE('',#988,#989,#598,.T.);
#1215=EDGE_CURVE('',#989,#990,#599,.T.);
#1216=EDGE_CURVE('',#990,#991,#600,.T.);
#1217=EDGE_CURVE('',#991,#992,#601,.T.);
#1218=EDGE_CURVE('',#992,#993,#602,.T.);
#1219=EDGE_CURVE('',#993,#994,#603,.T.);
#1220=EDGE_CURVE('',#994,#987,#604,.T.);
#1221=EDGE_CURVE('',#995,#996,#605,.T.);
#1222=EDGE_CURVE('',#995,#988,#606,.T.);
#1223=EDGE_CURVE('',#996,#987,#607,.T.);
#1224=EDGE_CURVE('',#996,#997,#608,.T.);
#1225=EDGE_CURVE('',#997,#994,#609,.T.);
#1226=EDGE_CURVE('',#997,#998,#610,.T.);
#1227=EDGE_CURVE('',#998,#993,#611,.T.);
#1228=EDGE_CURVE('',#998,#999,#612,.T.);
#1229=EDGE_CURVE('',#999,#992,#613,.T.);
#1230=EDGE_CURVE('',#999,#1000,#614,.T.);
#1231=EDGE_CURVE('',#1000,#991,#615,.T.);
#1232=EDGE_CURVE('',#1000,#1001,#616,.T.);
#1233=EDGE_CURVE('',#1001,#990,#617,.T.);
#1234=EDGE_CURVE('',#1001,#1002,#618,.T.);
#1235=EDGE_CURVE('',#1002,#989,#619,.T.);
#1236=EDGE_CURVE('',#1002,#995,#620,.T.);
#1237=ORIENTED_EDGE('',*,*,#1003,.T.);
#1238=ORIENTED_EDGE('',*,*,#1004,.T.);
#1239=ORIENTED_EDGE('',*,*,#1005,.T.);
#1240=ORIENTED_EDGE('',*,*,#1006,.T.);
#1241=ORIENTED_EDGE('',*,*,#1003,.F.);
#1242=ORIENTED_EDGE('',*,*,#1007,.F.);
#1243=ORIENTED_EDGE('',*,*,#1008,.F.);
#1244=ORIENTED_EDGE('',*,*,#1009,.F.);
#1245=ORIENTED_EDGE('',*,*,#1010,.F.);
#1246=ORIENTED_EDGE('',*,*,#1011,.F.);
#1247=ORIENTED_EDGE('',*,*,#1012,.F.);
#1248=ORIENTED_EDGE('',*,*,#1013,.F.);
#1249=ORIENTED_EDGE('',*,*,#1006,.F.);
#1250=ORIENTED_EDGE('',*,*,#1014,.T.);
#1251=ORIENTED_EDGE('',*,*,#1015,.F.);
#1252=ORIENTED_EDGE('',*,*,#1007,.T.);
#1253=ORIENTED_EDGE('',*,*,#1016,.T.);
#1254=ORIENTED_EDGE('',*,*,#1017,.T.);
#1255=ORIENTED_EDGE('',*,*,#1008,.T.);
#1256=ORIENTED_EDGE('',*,*,#1015,.T.);
#1257=ORIENTED_EDGE('',*,*,#1012,.T.);
#1258=ORIENTED_EDGE('',*,*,#1018,.T.);
#1259=ORIENTED_EDGE('',*,*,#1019,.T.);
#1260=ORIENTED_EDGE('',*,*,#1020,.T.);
#1261=ORIENTED_EDGE('',*,*,#1005,.F.);
#1262=ORIENTED_EDGE('',*,*,#1021,.F.);
#1263=ORIENTED_EDGE('',*,*,#1019,.F.);
#1264=ORIENTED_EDGE('',*,*,#1022,.F.);
#1265=ORIENTED_EDGE('',*,*,#1023,.F.);
#1266=ORIENTED_EDGE('',*,*,#1024,.F.);
#1267=ORIENTED_EDGE('',*,*,#1016,.F.);
#1268=ORIENTED_EDGE('',*,*,#1014,.F.);
#1269=ORIENTED_EDGE('',*,*,#1018,.F.);
#1270=ORIENTED_EDGE('',*,*,#1011,.T.);
#1271=ORIENTED_EDGE('',*,*,#1025,.F.);
#1272=ORIENTED_EDGE('',*,*,#1022,.T.);
#1273=ORIENTED_EDGE('',*,*,#1023,.T.);
#1274=ORIENTED_EDGE('',*,*,#1025,.T.);
#1275=ORIENTED_EDGE('',*,*,#1010,.T.);
#1276=ORIENTED_EDGE('',*,*,#1026,.T.);
#1277=ORIENTED_EDGE('',*,*,#1004,.F.);
#1278=ORIENTED_EDGE('',*,*,#1013,.T.);
#1279=ORIENTED_EDGE('',*,*,#1020,.F.);
#1280=ORIENTED_EDGE('',*,*,#1021,.T.);
#1281=ORIENTED_EDGE('',*,*,#1017,.F.);
#1282=ORIENTED_EDGE('',*,*,#1024,.T.);
#1283=ORIENTED_EDGE('',*,*,#1026,.F.);
#1284=ORIENTED_EDGE('',*,*,#1009,.T.);
#1285=ORIENTED_EDGE('',*,*,#1027,.F.);
#1286=ORIENTED_EDGE('',*,*,#1028,.F.);
#1287=ORIENTED_EDGE('',*,*,#1029,.F.);
#1288=ORIENTED_EDGE('',*,*,#1030,.F.);
#1289=ORIENTED_EDGE('',*,*,#1031,.F.);
#1290=ORIENTED_EDGE('',*,*,#1032,.F.);
#1291=ORIENTED_EDGE('',*,*,#1033,.T.);
#1292=ORIENTED_EDGE('',*,*,#1034,.T.);
#1293=ORIENTED_EDGE('',*,*,#1031,.T.);
#1294=ORIENTED_EDGE('',*,*,#1035,.T.);
#1295=ORIENTED_EDGE('',*,*,#1028,.T.);
#1296=ORIENTED_EDGE('',*,*,#1036,.T.);
#1297=ORIENTED_EDGE('',*,*,#1032,.T.);
#1298=ORIENTED_EDGE('',*,*,#1037,.T.);
#1299=ORIENTED_EDGE('',*,*,#1038,.F.);
#1300=ORIENTED_EDGE('',*,*,#1039,.F.);
#1301=ORIENTED_EDGE('',*,*,#1040,.F.);
#1302=ORIENTED_EDGE('',*,*,#1039,.T.);
#1303=ORIENTED_EDGE('',*,*,#1041,.T.);
#1304=ORIENTED_EDGE('',*,*,#1027,.T.);
#1305=ORIENTED_EDGE('',*,*,#1042,.T.);
#1306=ORIENTED_EDGE('',*,*,#1043,.T.);
#1307=ORIENTED_EDGE('',*,*,#1044,.T.);
#1308=ORIENTED_EDGE('',*,*,#1040,.T.);
#1309=ORIENTED_EDGE('',*,*,#1045,.T.);
#1310=ORIENTED_EDGE('',*,*,#1046,.F.);
#1311=ORIENTED_EDGE('',*,*,#1047,.F.);
#1312=ORIENTED_EDGE('',*,*,#1048,.F.);
#1313=ORIENTED_EDGE('',*,*,#1047,.T.);
#1314=ORIENTED_EDGE('',*,*,#1049,.T.);
#1315=ORIENTED_EDGE('',*,*,#1030,.T.);
#1316=ORIENTED_EDGE('',*,*,#1050,.T.);
#1317=ORIENTED_EDGE('',*,*,#1038,.T.);
#1318=ORIENTED_EDGE('',*,*,#1051,.T.);
#1319=ORIENTED_EDGE('',*,*,#1048,.T.);
#1320=ORIENTED_EDGE('',*,*,#1052,.T.);
#1321=ORIENTED_EDGE('',*,*,#1053,.T.);
#1322=ORIENTED_EDGE('',*,*,#1054,.T.);
#1323=ORIENTED_EDGE('',*,*,#1046,.T.);
#1324=ORIENTED_EDGE('',*,*,#1055,.T.);
#1325=ORIENTED_EDGE('',*,*,#1056,.T.);
#1326=ORIENTED_EDGE('',*,*,#1057,.T.);
#1327=ORIENTED_EDGE('',*,*,#1029,.T.);
#1328=ORIENTED_EDGE('',*,*,#1058,.T.);
#1329=ORIENTED_EDGE('',*,*,#1055,.F.);
#1330=ORIENTED_EDGE('',*,*,#1051,.F.);
#1331=ORIENTED_EDGE('',*,*,#1044,.F.);
#1332=ORIENTED_EDGE('',*,*,#1059,.F.);
#1333=ORIENTED_EDGE('',*,*,#1045,.F.);
#1334=ORIENTED_EDGE('',*,*,#1042,.F.);
#1335=ORIENTED_EDGE('',*,*,#1057,.F.);
#1336=ORIENTED_EDGE('',*,*,#1060,.F.);
#1337=ORIENTED_EDGE('',*,*,#1036,.F.);
#1338=ORIENTED_EDGE('',*,*,#1041,.F.);
#1339=ORIENTED_EDGE('',*,*,#1052,.F.);
#1340=ORIENTED_EDGE('',*,*,#1050,.F.);
#1341=ORIENTED_EDGE('',*,*,#1053,.F.);
#1342=ORIENTED_EDGE('',*,*,#1059,.T.);
#1343=ORIENTED_EDGE('',*,*,#1043,.F.);
#1344=ORIENTED_EDGE('',*,*,#1060,.T.);
#1345=ORIENTED_EDGE('',*,*,#1056,.F.);
#1346=ORIENTED_EDGE('',*,*,#1061,.T.);
#1347=ORIENTED_EDGE('',*,*,#1033,.F.);
#1348=ORIENTED_EDGE('',*,*,#1062,.T.);
#1349=ORIENTED_EDGE('',*,*,#1054,.F.);
#1350=ORIENTED_EDGE('',*,*,#1062,.F.);
#1351=ORIENTED_EDGE('',*,*,#1035,.F.);
#1352=ORIENTED_EDGE('',*,*,#1049,.F.);
#1353=ORIENTED_EDGE('',*,*,#1034,.F.);
#1354=ORIENTED_EDGE('',*,*,#1061,.F.);
#1355=ORIENTED_EDGE('',*,*,#1058,.F.);
#1356=ORIENTED_EDGE('',*,*,#1037,.F.);
#1357=ORIENTED_EDGE('',*,*,#1063,.F.);
#1358=ORIENTED_EDGE('',*,*,#1064,.F.);
#1359=ORIENTED_EDGE('',*,*,#1065,.F.);
#1360=ORIENTED_EDGE('',*,*,#1066,.F.);
#1361=ORIENTED_EDGE('',*,*,#1067,.F.);
#1362=ORIENTED_EDGE('',*,*,#1068,.F.);
#1363=ORIENTED_EDGE('',*,*,#1069,.T.);
#1364=ORIENTED_EDGE('',*,*,#1070,.T.);
#1365=ORIENTED_EDGE('',*,*,#1067,.T.);
#1366=ORIENTED_EDGE('',*,*,#1071,.T.);
#1367=ORIENTED_EDGE('',*,*,#1072,.F.);
#1368=ORIENTED_EDGE('',*,*,#1073,.F.);
#1369=ORIENTED_EDGE('',*,*,#1074,.F.);
#1370=ORIENTED_EDGE('',*,*,#1073,.T.);
#1371=ORIENTED_EDGE('',*,*,#1075,.T.);
#1372=ORIENTED_EDGE('',*,*,#1065,.T.);
#1373=ORIENTED_EDGE('',*,*,#1076,.T.);
#1374=ORIENTED_EDGE('',*,*,#1077,.F.);
#1375=ORIENTED_EDGE('',*,*,#1078,.F.);
#1376=ORIENTED_EDGE('',*,*,#1079,.F.);
#1377=ORIENTED_EDGE('',*,*,#1078,.T.);
#1378=ORIENTED_EDGE('',*,*,#1080,.T.);
#1379=ORIENTED_EDGE('',*,*,#1068,.T.);
#1380=ORIENTED_EDGE('',*,*,#1081,.T.);
#1381=ORIENTED_EDGE('',*,*,#1082,.T.);
#1382=ORIENTED_EDGE('',*,*,#1083,.T.);
#1383=ORIENTED_EDGE('',*,*,#1079,.T.);
#1384=ORIENTED_EDGE('',*,*,#1084,.T.);
#1385=ORIENTED_EDGE('',*,*,#1074,.T.);
#1386=ORIENTED_EDGE('',*,*,#1085,.T.);
#1387=ORIENTED_EDGE('',*,*,#1077,.T.);
#1388=ORIENTED_EDGE('',*,*,#1086,.T.);
#1389=ORIENTED_EDGE('',*,*,#1087,.T.);
#1390=ORIENTED_EDGE('',*,*,#1088,.T.);
#1391=ORIENTED_EDGE('',*,*,#1072,.T.);
#1392=ORIENTED_EDGE('',*,*,#1089,.T.);
#1393=ORIENTED_EDGE('',*,*,#1064,.T.);
#1394=ORIENTED_EDGE('',*,*,#1090,.T.);
#1395=ORIENTED_EDGE('',*,*,#1066,.T.);
#1396=ORIENTED_EDGE('',*,*,#1091,.T.);
#1397=ORIENTED_EDGE('',*,*,#1092,.T.);
#1398=ORIENTED_EDGE('',*,*,#1093,.T.);
#1399=ORIENTED_EDGE('',*,*,#1063,.T.);
#1400=ORIENTED_EDGE('',*,*,#1094,.T.);
#1401=ORIENTED_EDGE('',*,*,#1084,.F.);
#1402=ORIENTED_EDGE('',*,*,#1081,.F.);
#1403=ORIENTED_EDGE('',*,*,#1070,.F.);
#1404=ORIENTED_EDGE('',*,*,#1095,.T.);
#1405=ORIENTED_EDGE('',*,*,#1071,.F.);
#1406=ORIENTED_EDGE('',*,*,#1090,.F.);
#1407=ORIENTED_EDGE('',*,*,#1093,.F.);
#1408=ORIENTED_EDGE('',*,*,#1096,.T.);
#1409=ORIENTED_EDGE('',*,*,#1080,.F.);
#1410=ORIENTED_EDGE('',*,*,#1085,.F.);
#1411=ORIENTED_EDGE('',*,*,#1076,.F.);
#1412=ORIENTED_EDGE('',*,*,#1091,.F.);
#1413=ORIENTED_EDGE('',*,*,#1082,.F.);
#1414=ORIENTED_EDGE('',*,*,#1095,.F.);
#1415=ORIENTED_EDGE('',*,*,#1069,.F.);
#1416=ORIENTED_EDGE('',*,*,#1096,.F.);
#1417=ORIENTED_EDGE('',*,*,#1092,.F.);
#1418=ORIENTED_EDGE('',*,*,#1097,.F.);
#1419=ORIENTED_EDGE('',*,*,#1087,.F.);
#1420=ORIENTED_EDGE('',*,*,#1098,.F.);
#1421=ORIENTED_EDGE('',*,*,#1088,.F.);
#1422=ORIENTED_EDGE('',*,*,#1097,.T.);
#1423=ORIENTED_EDGE('',*,*,#1094,.F.);
#1424=ORIENTED_EDGE('',*,*,#1075,.F.);
#1425=ORIENTED_EDGE('',*,*,#1083,.F.);
#1426=ORIENTED_EDGE('',*,*,#1098,.T.);
#1427=ORIENTED_EDGE('',*,*,#1089,.F.);
#1428=ORIENTED_EDGE('',*,*,#1086,.F.);
#1429=ORIENTED_EDGE('',*,*,#1099,.T.);
#1430=ORIENTED_EDGE('',*,*,#1100,.T.);
#1431=ORIENTED_EDGE('',*,*,#1101,.T.);
#1432=ORIENTED_EDGE('',*,*,#1102,.F.);
#1433=ORIENTED_EDGE('',*,*,#1103,.T.);
#1434=ORIENTED_EDGE('',*,*,#1099,.F.);
#1435=ORIENTED_EDGE('',*,*,#1104,.F.);
#1436=ORIENTED_EDGE('',*,*,#1105,.F.);
#1437=ORIENTED_EDGE('',*,*,#1104,.T.);
#1438=ORIENTED_EDGE('',*,*,#1101,.F.);
#1439=ORIENTED_EDGE('',*,*,#1106,.F.);
#1440=ORIENTED_EDGE('',*,*,#1107,.F.);
#1441=ORIENTED_EDGE('',*,*,#1106,.T.);
#1442=ORIENTED_EDGE('',*,*,#1100,.F.);
#1443=ORIENTED_EDGE('',*,*,#1103,.F.);
#1444=ORIENTED_EDGE('',*,*,#1105,.T.);
#1445=ORIENTED_EDGE('',*,*,#1107,.T.);
#1446=ORIENTED_EDGE('',*,*,#1102,.T.);
#1447=ORIENTED_EDGE('',*,*,#1108,.T.);
#1448=ORIENTED_EDGE('',*,*,#1109,.T.);
#1449=ORIENTED_EDGE('',*,*,#1110,.T.);
#1450=ORIENTED_EDGE('',*,*,#1111,.T.);
#1451=ORIENTED_EDGE('',*,*,#1112,.T.);
#1452=ORIENTED_EDGE('',*,*,#1113,.T.);
#1453=ORIENTED_EDGE('',*,*,#1114,.F.);
#1454=ORIENTED_EDGE('',*,*,#1115,.T.);
#1455=ORIENTED_EDGE('',*,*,#1108,.F.);
#1456=ORIENTED_EDGE('',*,*,#1116,.F.);
#1457=ORIENTED_EDGE('',*,*,#1117,.F.);
#1458=ORIENTED_EDGE('',*,*,#1116,.T.);
#1459=ORIENTED_EDGE('',*,*,#1113,.F.);
#1460=ORIENTED_EDGE('',*,*,#1118,.F.);
#1461=ORIENTED_EDGE('',*,*,#1119,.F.);
#1462=ORIENTED_EDGE('',*,*,#1118,.T.);
#1463=ORIENTED_EDGE('',*,*,#1112,.F.);
#1464=ORIENTED_EDGE('',*,*,#1120,.F.);
#1465=ORIENTED_EDGE('',*,*,#1121,.F.);
#1466=ORIENTED_EDGE('',*,*,#1120,.T.);
#1467=ORIENTED_EDGE('',*,*,#1111,.F.);
#1468=ORIENTED_EDGE('',*,*,#1122,.F.);
#1469=ORIENTED_EDGE('',*,*,#1123,.F.);
#1470=ORIENTED_EDGE('',*,*,#1122,.T.);
#1471=ORIENTED_EDGE('',*,*,#1110,.F.);
#1472=ORIENTED_EDGE('',*,*,#1124,.F.);
#1473=ORIENTED_EDGE('',*,*,#1125,.F.);
#1474=ORIENTED_EDGE('',*,*,#1124,.T.);
#1475=ORIENTED_EDGE('',*,*,#1109,.F.);
#1476=ORIENTED_EDGE('',*,*,#1115,.F.);
#1477=ORIENTED_EDGE('',*,*,#1123,.T.);
#1478=ORIENTED_EDGE('',*,*,#1125,.T.);
#1479=ORIENTED_EDGE('',*,*,#1114,.T.);
#1480=ORIENTED_EDGE('',*,*,#1117,.T.);
#1481=ORIENTED_EDGE('',*,*,#1119,.T.);
#1482=ORIENTED_EDGE('',*,*,#1121,.T.);
#1483=ORIENTED_EDGE('',*,*,#1126,.T.);
#1484=ORIENTED_EDGE('',*,*,#1127,.T.);
#1485=ORIENTED_EDGE('',*,*,#1128,.T.);
#1486=ORIENTED_EDGE('',*,*,#1129,.F.);
#1487=ORIENTED_EDGE('',*,*,#1130,.T.);
#1488=ORIENTED_EDGE('',*,*,#1126,.F.);
#1489=ORIENTED_EDGE('',*,*,#1131,.F.);
#1490=ORIENTED_EDGE('',*,*,#1132,.F.);
#1491=ORIENTED_EDGE('',*,*,#1131,.T.);
#1492=ORIENTED_EDGE('',*,*,#1128,.F.);
#1493=ORIENTED_EDGE('',*,*,#1133,.F.);
#1494=ORIENTED_EDGE('',*,*,#1134,.F.);
#1495=ORIENTED_EDGE('',*,*,#1133,.T.);
#1496=ORIENTED_EDGE('',*,*,#1127,.F.);
#1497=ORIENTED_EDGE('',*,*,#1130,.F.);
#1498=ORIENTED_EDGE('',*,*,#1132,.T.);
#1499=ORIENTED_EDGE('',*,*,#1134,.T.);
#1500=ORIENTED_EDGE('',*,*,#1129,.T.);
#1501=ORIENTED_EDGE('',*,*,#1135,.T.);
#1502=ORIENTED_EDGE('',*,*,#1136,.T.);
#1503=ORIENTED_EDGE('',*,*,#1137,.T.);
#1504=ORIENTED_EDGE('',*,*,#1138,.F.);
#1505=ORIENTED_EDGE('',*,*,#1139,.T.);
#1506=ORIENTED_EDGE('',*,*,#1135,.F.);
#1507=ORIENTED_EDGE('',*,*,#1140,.F.);
#1508=ORIENTED_EDGE('',*,*,#1141,.F.);
#1509=ORIENTED_EDGE('',*,*,#1140,.T.);
#1510=ORIENTED_EDGE('',*,*,#1137,.F.);
#1511=ORIENTED_EDGE('',*,*,#1142,.F.);
#1512=ORIENTED_EDGE('',*,*,#1143,.F.);
#1513=ORIENTED_EDGE('',*,*,#1142,.T.);
#1514=ORIENTED_EDGE('',*,*,#1136,.F.);
#1515=ORIENTED_EDGE('',*,*,#1139,.F.);
#1516=ORIENTED_EDGE('',*,*,#1141,.T.);
#1517=ORIENTED_EDGE('',*,*,#1143,.T.);
#1518=ORIENTED_EDGE('',*,*,#1138,.T.);
#1519=ORIENTED_EDGE('',*,*,#1144,.T.);
#1520=ORIENTED_EDGE('',*,*,#1145,.T.);
#1521=ORIENTED_EDGE('',*,*,#1146,.T.);
#1522=ORIENTED_EDGE('',*,*,#1147,.T.);
#1523=ORIENTED_EDGE('',*,*,#1148,.T.);
#1524=ORIENTED_EDGE('',*,*,#1149,.T.);
#1525=ORIENTED_EDGE('',*,*,#1150,.T.);
#1526=ORIENTED_EDGE('',*,*,#1151,.T.);
#1527=ORIENTED_EDGE('',*,*,#1152,.T.);
#1528=ORIENTED_EDGE('',*,*,#1153,.F.);
#1529=ORIENTED_EDGE('',*,*,#1154,.T.);
#1530=ORIENTED_EDGE('',*,*,#1144,.F.);
#1531=ORIENTED_EDGE('',*,*,#1155,.F.);
#1532=ORIENTED_EDGE('',*,*,#1156,.F.);
#1533=ORIENTED_EDGE('',*,*,#1155,.T.);
#1534=ORIENTED_EDGE('',*,*,#1152,.F.);
#1535=ORIENTED_EDGE('',*,*,#1157,.F.);
#1536=ORIENTED_EDGE('',*,*,#1158,.F.);
#1537=ORIENTED_EDGE('',*,*,#1157,.T.);
#1538=ORIENTED_EDGE('',*,*,#1151,.F.);
#1539=ORIENTED_EDGE('',*,*,#1159,.F.);
#1540=ORIENTED_EDGE('',*,*,#1160,.F.);
#1541=ORIENTED_EDGE('',*,*,#1159,.T.);
#1542=ORIENTED_EDGE('',*,*,#1150,.F.);
#1543=ORIENTED_EDGE('',*,*,#1161,.F.);
#1544=ORIENTED_EDGE('',*,*,#1162,.F.);
#1545=ORIENTED_EDGE('',*,*,#1161,.T.);
#1546=ORIENTED_EDGE('',*,*,#1149,.F.);
#1547=ORIENTED_EDGE('',*,*,#1163,.F.);
#1548=ORIENTED_EDGE('',*,*,#1164,.F.);
#1549=ORIENTED_EDGE('',*,*,#1163,.T.);
#1550=ORIENTED_EDGE('',*,*,#1148,.F.);
#1551=ORIENTED_EDGE('',*,*,#1165,.F.);
#1552=ORIENTED_EDGE('',*,*,#1166,.F.);
#1553=ORIENTED_EDGE('',*,*,#1165,.T.);
#1554=ORIENTED_EDGE('',*,*,#1147,.F.);
#1555=ORIENTED_EDGE('',*,*,#1167,.F.);
#1556=ORIENTED_EDGE('',*,*,#1168,.F.);
#1557=ORIENTED_EDGE('',*,*,#1167,.T.);
#1558=ORIENTED_EDGE('',*,*,#1146,.F.);
#1559=ORIENTED_EDGE('',*,*,#1169,.F.);
#1560=ORIENTED_EDGE('',*,*,#1170,.F.);
#1561=ORIENTED_EDGE('',*,*,#1169,.T.);
#1562=ORIENTED_EDGE('',*,*,#1145,.F.);
#1563=ORIENTED_EDGE('',*,*,#1154,.F.);
#1564=ORIENTED_EDGE('',*,*,#1168,.T.);
#1565=ORIENTED_EDGE('',*,*,#1170,.T.);
#1566=ORIENTED_EDGE('',*,*,#1153,.T.);
#1567=ORIENTED_EDGE('',*,*,#1156,.T.);
#1568=ORIENTED_EDGE('',*,*,#1158,.T.);
#1569=ORIENTED_EDGE('',*,*,#1160,.T.);
#1570=ORIENTED_EDGE('',*,*,#1162,.T.);
#1571=ORIENTED_EDGE('',*,*,#1164,.T.);
#1572=ORIENTED_EDGE('',*,*,#1166,.T.);
#1573=ORIENTED_EDGE('',*,*,#1171,.T.);
#1574=ORIENTED_EDGE('',*,*,#1172,.T.);
#1575=ORIENTED_EDGE('',*,*,#1173,.T.);
#1576=ORIENTED_EDGE('',*,*,#1174,.T.);
#1577=ORIENTED_EDGE('',*,*,#1175,.F.);
#1578=ORIENTED_EDGE('',*,*,#1176,.T.);
#1579=ORIENTED_EDGE('',*,*,#1171,.F.);
#1580=ORIENTED_EDGE('',*,*,#1177,.F.);
#1581=ORIENTED_EDGE('',*,*,#1178,.F.);
#1582=ORIENTED_EDGE('',*,*,#1177,.T.);
#1583=ORIENTED_EDGE('',*,*,#1174,.F.);
#1584=ORIENTED_EDGE('',*,*,#1179,.F.);
#1585=ORIENTED_EDGE('',*,*,#1180,.F.);
#1586=ORIENTED_EDGE('',*,*,#1179,.T.);
#1587=ORIENTED_EDGE('',*,*,#1173,.F.);
#1588=ORIENTED_EDGE('',*,*,#1181,.F.);
#1589=ORIENTED_EDGE('',*,*,#1182,.F.);
#1590=ORIENTED_EDGE('',*,*,#1181,.T.);
#1591=ORIENTED_EDGE('',*,*,#1172,.F.);
#1592=ORIENTED_EDGE('',*,*,#1176,.F.);
#1593=ORIENTED_EDGE('',*,*,#1180,.T.);
#1594=ORIENTED_EDGE('',*,*,#1182,.T.);
#1595=ORIENTED_EDGE('',*,*,#1175,.T.);
#1596=ORIENTED_EDGE('',*,*,#1178,.T.);
#1597=ORIENTED_EDGE('',*,*,#1183,.F.);
#1598=ORIENTED_EDGE('',*,*,#1184,.F.);
#1599=ORIENTED_EDGE('',*,*,#1185,.F.);
#1600=ORIENTED_EDGE('',*,*,#1186,.F.);
#1601=ORIENTED_EDGE('',*,*,#1187,.T.);
#1602=ORIENTED_EDGE('',*,*,#1188,.T.);
#1603=ORIENTED_EDGE('',*,*,#1183,.T.);
#1604=ORIENTED_EDGE('',*,*,#1189,.F.);
#1605=ORIENTED_EDGE('',*,*,#1190,.T.);
#1606=ORIENTED_EDGE('',*,*,#1189,.T.);
#1607=ORIENTED_EDGE('',*,*,#1186,.T.);
#1608=ORIENTED_EDGE('',*,*,#1191,.F.);
#1609=ORIENTED_EDGE('',*,*,#1192,.T.);
#1610=ORIENTED_EDGE('',*,*,#1191,.T.);
#1611=ORIENTED_EDGE('',*,*,#1185,.T.);
#1612=ORIENTED_EDGE('',*,*,#1193,.F.);
#1613=ORIENTED_EDGE('',*,*,#1194,.T.);
#1614=ORIENTED_EDGE('',*,*,#1193,.T.);
#1615=ORIENTED_EDGE('',*,*,#1184,.T.);
#1616=ORIENTED_EDGE('',*,*,#1188,.F.);
#1617=ORIENTED_EDGE('',*,*,#1192,.F.);
#1618=ORIENTED_EDGE('',*,*,#1194,.F.);
#1619=ORIENTED_EDGE('',*,*,#1187,.F.);
#1620=ORIENTED_EDGE('',*,*,#1190,.F.);
#1621=ORIENTED_EDGE('',*,*,#1195,.T.);
#1622=ORIENTED_EDGE('',*,*,#1196,.T.);
#1623=ORIENTED_EDGE('',*,*,#1197,.T.);
#1624=ORIENTED_EDGE('',*,*,#1198,.T.);
#1625=ORIENTED_EDGE('',*,*,#1199,.T.);
#1626=ORIENTED_EDGE('',*,*,#1200,.T.);
#1627=ORIENTED_EDGE('',*,*,#1201,.F.);
#1628=ORIENTED_EDGE('',*,*,#1202,.T.);
#1629=ORIENTED_EDGE('',*,*,#1195,.F.);
#1630=ORIENTED_EDGE('',*,*,#1203,.F.);
#1631=ORIENTED_EDGE('',*,*,#1204,.F.);
#1632=ORIENTED_EDGE('',*,*,#1203,.T.);
#1633=ORIENTED_EDGE('',*,*,#1200,.F.);
#1634=ORIENTED_EDGE('',*,*,#1205,.F.);
#1635=ORIENTED_EDGE('',*,*,#1206,.F.);
#1636=ORIENTED_EDGE('',*,*,#1205,.T.);
#1637=ORIENTED_EDGE('',*,*,#1199,.F.);
#1638=ORIENTED_EDGE('',*,*,#1207,.F.);
#1639=ORIENTED_EDGE('',*,*,#1208,.F.);
#1640=ORIENTED_EDGE('',*,*,#1207,.T.);
#1641=ORIENTED_EDGE('',*,*,#1198,.F.);
#1642=ORIENTED_EDGE('',*,*,#1209,.F.);
#1643=ORIENTED_EDGE('',*,*,#1210,.F.);
#1644=ORIENTED_EDGE('',*,*,#1209,.T.);
#1645=ORIENTED_EDGE('',*,*,#1197,.F.);
#1646=ORIENTED_EDGE('',*,*,#1211,.F.);
#1647=ORIENTED_EDGE('',*,*,#1212,.F.);
#1648=ORIENTED_EDGE('',*,*,#1211,.T.);
#1649=ORIENTED_EDGE('',*,*,#1196,.F.);
#1650=ORIENTED_EDGE('',*,*,#1202,.F.);
#1651=ORIENTED_EDGE('',*,*,#1210,.T.);
#1652=ORIENTED_EDGE('',*,*,#1212,.T.);
#1653=ORIENTED_EDGE('',*,*,#1201,.T.);
#1654=ORIENTED_EDGE('',*,*,#1204,.T.);
#1655=ORIENTED_EDGE('',*,*,#1206,.T.);
#1656=ORIENTED_EDGE('',*,*,#1208,.T.);
#1657=ORIENTED_EDGE('',*,*,#1213,.T.);
#1658=ORIENTED_EDGE('',*,*,#1214,.T.);
#1659=ORIENTED_EDGE('',*,*,#1215,.T.);
#1660=ORIENTED_EDGE('',*,*,#1216,.T.);
#1661=ORIENTED_EDGE('',*,*,#1217,.T.);
#1662=ORIENTED_EDGE('',*,*,#1218,.T.);
#1663=ORIENTED_EDGE('',*,*,#1219,.T.);
#1664=ORIENTED_EDGE('',*,*,#1220,.T.);
#1665=ORIENTED_EDGE('',*,*,#1221,.F.);
#1666=ORIENTED_EDGE('',*,*,#1222,.T.);
#1667=ORIENTED_EDGE('',*,*,#1213,.F.);
#1668=ORIENTED_EDGE('',*,*,#1223,.F.);
#1669=ORIENTED_EDGE('',*,*,#1224,.F.);
#1670=ORIENTED_EDGE('',*,*,#1223,.T.);
#1671=ORIENTED_EDGE('',*,*,#1220,.F.);
#1672=ORIENTED_EDGE('',*,*,#1225,.F.);
#1673=ORIENTED_EDGE('',*,*,#1226,.F.);
#1674=ORIENTED_EDGE('',*,*,#1225,.T.);
#1675=ORIENTED_EDGE('',*,*,#1219,.F.);
#1676=ORIENTED_EDGE('',*,*,#1227,.F.);
#1677=ORIENTED_EDGE('',*,*,#1228,.F.);
#1678=ORIENTED_EDGE('',*,*,#1227,.T.);
#1679=ORIENTED_EDGE('',*,*,#1218,.F.);
#1680=ORIENTED_EDGE('',*,*,#1229,.F.);
#1681=ORIENTED_EDGE('',*,*,#1230,.F.);
#1682=ORIENTED_EDGE('',*,*,#1229,.T.);
#1683=ORIENTED_EDGE('',*,*,#1217,.F.);
#1684=ORIENTED_EDGE('',*,*,#1231,.F.);
#1685=ORIENTED_EDGE('',*,*,#1232,.F.);
#1686=ORIENTED_EDGE('',*,*,#1231,.T.);
#1687=ORIENTED_EDGE('',*,*,#1216,.F.);
#1688=ORIENTED_EDGE('',*,*,#1233,.F.);
#1689=ORIENTED_EDGE('',*,*,#1234,.F.);
#1690=ORIENTED_EDGE('',*,*,#1233,.T.);
#1691=ORIENTED_EDGE('',*,*,#1215,.F.);
#1692=ORIENTED_EDGE('',*,*,#1235,.F.);
#1693=ORIENTED_EDGE('',*,*,#1236,.F.);
#1694=ORIENTED_EDGE('',*,*,#1235,.T.);
#1695=ORIENTED_EDGE('',*,*,#1214,.F.);
#1696=ORIENTED_EDGE('',*,*,#1222,.F.);
#1697=ORIENTED_EDGE('',*,*,#1234,.T.);
#1698=ORIENTED_EDGE('',*,*,#1236,.T.);
#1699=ORIENTED_EDGE('',*,*,#1221,.T.);
#1700=ORIENTED_EDGE('',*,*,#1224,.T.);
#1701=ORIENTED_EDGE('',*,*,#1226,.T.);
#1702=ORIENTED_EDGE('',*,*,#1228,.T.);
#1703=ORIENTED_EDGE('',*,*,#1230,.T.);
#1704=ORIENTED_EDGE('',*,*,#1232,.T.);
#1705=CYLINDRICAL_SURFACE('',#1942,0.02);
#1706=CYLINDRICAL_SURFACE('',#1950,0.02);
#1707=CYLINDRICAL_SURFACE('',#1952,0.02);
#1708=CYLINDRICAL_SURFACE('',#1957,0.02);
#1709=CYLINDRICAL_SURFACE('',#1969,0.02);
#1710=CYLINDRICAL_SURFACE('',#1971,0.02);
#1711=CYLINDRICAL_SURFACE('',#1976,0.02);
#1712=CYLINDRICAL_SURFACE('',#1977,0.02);
#1713=CYLINDRICAL_SURFACE('',#1983,0.02);
#1714=CYLINDRICAL_SURFACE('',#1984,0.02);
#1715=CYLINDRICAL_SURFACE('',#1985,0.02);
#1716=CYLINDRICAL_SURFACE('',#1987,0.02);
#1717=CYLINDRICAL_SURFACE('',#2003,0.02);
#1718=CYLINDRICAL_SURFACE('',#2009,0.02);
#1719=CYLINDRICAL_SURFACE('',#2014,0.02);
#1720=CYLINDRICAL_SURFACE('',#2015,0.02);
#1721=CYLINDRICAL_SURFACE('',#2017,0.02);
#1722=CYLINDRICAL_SURFACE('',#2018,0.02);
#1723=CYLINDRICAL_SURFACE('',#2020,0.02);
#1724=CYLINDRICAL_SURFACE('',#2021,0.02);
#1725=ADVANCED_FACE('',(#207),#1705,.T.);
#1726=ADVANCED_FACE('',(#208),#125,.T.);
#1727=ADVANCED_FACE('',(#209),#126,.F.);
#1728=ADVANCED_FACE('',(#210),#1706,.T.);
#1729=ADVANCED_FACE('',(#211),#1707,.T.);
#1730=ADVANCED_FACE('',(#212),#127,.F.);
#1731=ADVANCED_FACE('',(#213),#128,.T.);
#1732=ADVANCED_FACE('',(#214),#1708,.T.);
#1733=ADVANCED_FACE('',(#215),#129,.T.);
#1734=ADVANCED_FACE('',(#216),#130,.T.);
#1735=ADVANCED_FACE('',(#217),#23,.T.);
#1736=ADVANCED_FACE('',(#218),#24,.T.);
#1737=ADVANCED_FACE('',(#219),#1709,.T.);
#1738=ADVANCED_FACE('',(#220),#1710,.T.);
#1739=ADVANCED_FACE('',(#221),#25,.T.);
#1740=ADVANCED_FACE('',(#222),#1711,.T.);
#1741=ADVANCED_FACE('',(#223),#1712,.T.);
#1742=ADVANCED_FACE('',(#224),#26,.T.);
#1743=ADVANCED_FACE('',(#225),#1713,.T.);
#1744=ADVANCED_FACE('',(#226),#1714,.T.);
#1745=ADVANCED_FACE('',(#227),#1715,.T.);
#1746=ADVANCED_FACE('',(#228),#1716,.T.);
#1747=ADVANCED_FACE('',(#229),#131,.T.);
#1748=ADVANCED_FACE('',(#230),#132,.T.);
#1749=ADVANCED_FACE('',(#231),#133,.T.);
#1750=ADVANCED_FACE('',(#232),#134,.T.);
#1751=ADVANCED_FACE('',(#233),#135,.T.);
#1752=ADVANCED_FACE('',(#234),#136,.F.);
#1753=ADVANCED_FACE('',(#235),#27,.T.);
#1754=ADVANCED_FACE('',(#236),#28,.T.);
#1755=ADVANCED_FACE('',(#237),#1717,.T.);
#1756=ADVANCED_FACE('',(#238),#29,.T.);
#1757=ADVANCED_FACE('',(#239),#1718,.T.);
#1758=ADVANCED_FACE('',(#240),#30,.T.);
#1759=ADVANCED_FACE('',(#241),#1719,.T.);
#1760=ADVANCED_FACE('',(#242),#1720,.T.);
#1761=ADVANCED_FACE('',(#243),#1721,.T.);
#1762=ADVANCED_FACE('',(#244),#1722,.T.);
#1763=ADVANCED_FACE('',(#245),#1723,.T.);
#1764=ADVANCED_FACE('',(#246),#1724,.T.);
#1765=ADVANCED_FACE('',(#247),#137,.F.);
#1766=ADVANCED_FACE('',(#248),#138,.T.);
#1767=ADVANCED_FACE('',(#249),#139,.F.);
#1768=ADVANCED_FACE('',(#250),#140,.F.);
#1769=ADVANCED_FACE('',(#251),#141,.F.);
#1770=ADVANCED_FACE('',(#252),#142,.F.);
#1771=ADVANCED_FACE('',(#253),#143,.T.);
#1772=ADVANCED_FACE('',(#254),#144,.T.);
#1773=ADVANCED_FACE('',(#255),#145,.T.);
#1774=ADVANCED_FACE('',(#256),#146,.T.);
#1775=ADVANCED_FACE('',(#257),#147,.F.);
#1776=ADVANCED_FACE('',(#258),#148,.T.);
#1777=ADVANCED_FACE('',(#259),#149,.T.);
#1778=ADVANCED_FACE('',(#260),#150,.T.);
#1779=ADVANCED_FACE('',(#261),#151,.T.);
#1780=ADVANCED_FACE('',(#262),#152,.T.);
#1781=ADVANCED_FACE('',(#263),#153,.T.);
#1782=ADVANCED_FACE('',(#264),#154,.T.);
#1783=ADVANCED_FACE('',(#265),#155,.F.);
#1784=ADVANCED_FACE('',(#266),#156,.T.);
#1785=ADVANCED_FACE('',(#267),#157,.T.);
#1786=ADVANCED_FACE('',(#268),#158,.T.);
#1787=ADVANCED_FACE('',(#269),#159,.T.);
#1788=ADVANCED_FACE('',(#270),#160,.F.);
#1789=ADVANCED_FACE('',(#271),#161,.T.);
#1790=ADVANCED_FACE('',(#272),#162,.T.);
#1791=ADVANCED_FACE('',(#273),#163,.T.);
#1792=ADVANCED_FACE('',(#274),#164,.T.);
#1793=ADVANCED_FACE('',(#275),#165,.F.);
#1794=ADVANCED_FACE('',(#276),#166,.T.);
#1795=ADVANCED_FACE('',(#277),#167,.T.);
#1796=ADVANCED_FACE('',(#278),#168,.T.);
#1797=ADVANCED_FACE('',(#279),#169,.T.);
#1798=ADVANCED_FACE('',(#280),#170,.T.);
#1799=ADVANCED_FACE('',(#281),#171,.T.);
#1800=ADVANCED_FACE('',(#282),#172,.T.);
#1801=ADVANCED_FACE('',(#283),#173,.T.);
#1802=ADVANCED_FACE('',(#284),#174,.T.);
#1803=ADVANCED_FACE('',(#285),#175,.T.);
#1804=ADVANCED_FACE('',(#286),#176,.F.);
#1805=ADVANCED_FACE('',(#287),#177,.T.);
#1806=ADVANCED_FACE('',(#288),#178,.T.);
#1807=ADVANCED_FACE('',(#289),#179,.T.);
#1808=ADVANCED_FACE('',(#290),#180,.T.);
#1809=ADVANCED_FACE('',(#291),#181,.T.);
#1810=ADVANCED_FACE('',(#292),#182,.F.);
#1811=ADVANCED_FACE('',(#293),#183,.T.);
#1812=ADVANCED_FACE('',(#294),#184,.F.);
#1813=ADVANCED_FACE('',(#295),#185,.F.);
#1814=ADVANCED_FACE('',(#296),#186,.F.);
#1815=ADVANCED_FACE('',(#297),#187,.F.);
#1816=ADVANCED_FACE('',(#298),#188,.F.);
#1817=ADVANCED_FACE('',(#299),#189,.T.);
#1818=ADVANCED_FACE('',(#300),#190,.T.);
#1819=ADVANCED_FACE('',(#301),#191,.T.);
#1820=ADVANCED_FACE('',(#302),#192,.T.);
#1821=ADVANCED_FACE('',(#303),#193,.T.);
#1822=ADVANCED_FACE('',(#304),#194,.T.);
#1823=ADVANCED_FACE('',(#305),#195,.T.);
#1824=ADVANCED_FACE('',(#306),#196,.F.);
#1825=ADVANCED_FACE('',(#307),#197,.T.);
#1826=ADVANCED_FACE('',(#308),#198,.T.);
#1827=ADVANCED_FACE('',(#309),#199,.T.);
#1828=ADVANCED_FACE('',(#310),#200,.T.);
#1829=ADVANCED_FACE('',(#311),#201,.T.);
#1830=ADVANCED_FACE('',(#312),#202,.T.);
#1831=ADVANCED_FACE('',(#313),#203,.T.);
#1832=ADVANCED_FACE('',(#314),#204,.T.);
#1833=ADVANCED_FACE('',(#315),#205,.T.);
#1834=ADVANCED_FACE('',(#316),#206,.F.);
#1835=CLOSED_SHELL('',(#1725,#1726,#1727,#1728,#1729,#1730,#1731,#1732,
#1733,#1734));
#1836=CLOSED_SHELL('',(#1735,#1736,#1737,#1738,#1739,#1740,#1741,#1742,
#1743,#1744,#1745,#1746,#1747,#1748,#1749,#1750,#1751,#1752));
#1837=CLOSED_SHELL('',(#1753,#1754,#1755,#1756,#1757,#1758,#1759,#1760,
#1761,#1762,#1763,#1764,#1765,#1766,#1767,#1768,#1769,#1770));
#1838=CLOSED_SHELL('',(#1771,#1772,#1773,#1774,#1775));
#1839=CLOSED_SHELL('',(#1776,#1777,#1778,#1779,#1780,#1781,#1782,#1783));
#1840=CLOSED_SHELL('',(#1784,#1785,#1786,#1787,#1788));
#1841=CLOSED_SHELL('',(#1789,#1790,#1791,#1792,#1793));
#1842=CLOSED_SHELL('',(#1794,#1795,#1796,#1797,#1798,#1799,#1800,#1801,
#1802,#1803,#1804));
#1843=CLOSED_SHELL('',(#1805,#1806,#1807,#1808,#1809,#1810));
#1844=CLOSED_SHELL('',(#1811,#1812,#1813,#1814,#1815,#1816));
#1845=CLOSED_SHELL('',(#1817,#1818,#1819,#1820,#1821,#1822,#1823,#1824));
#1846=CLOSED_SHELL('',(#1825,#1826,#1827,#1828,#1829,#1830,#1831,#1832,
#1833,#1834));
#1847=DERIVED_UNIT_ELEMENT(#1853,1.);
#1848=DERIVED_UNIT_ELEMENT(#3115,3.);
#1849=DERIVED_UNIT_ELEMENT(#1853,1.);
#1850=DERIVED_UNIT_ELEMENT(#3115,3.);
#1851=DERIVED_UNIT_ELEMENT(#1853,1.);
#1852=DERIVED_UNIT_ELEMENT(#3115,3.);
#1853=(
MASS_UNIT()
NAMED_UNIT(*)
SI_UNIT($,.GRAM.)
);
#1854=DERIVED_UNIT((#1847,#1848));
#1855=DERIVED_UNIT((#1849,#1850));
#1856=DERIVED_UNIT((#1851,#1852));
#1857=MEASURE_REPRESENTATION_ITEM('density measure',
POSITIVE_RATIO_MEASURE(1.),#1854);
#1858=MEASURE_REPRESENTATION_ITEM('density measure',
POSITIVE_RATIO_MEASURE(1.),#1855);
#1859=MEASURE_REPRESENTATION_ITEM('density measure',
POSITIVE_RATIO_MEASURE(1.),#1856);
#1860=PROPERTY_DEFINITION_REPRESENTATION(#1875,#1866);
#1861=PROPERTY_DEFINITION_REPRESENTATION(#1876,#1867);
#1862=PROPERTY_DEFINITION_REPRESENTATION(#1877,#1868);
#1863=PROPERTY_DEFINITION_REPRESENTATION(#1878,#1869);
#1864=PROPERTY_DEFINITION_REPRESENTATION(#1879,#1870);
#1865=PROPERTY_DEFINITION_REPRESENTATION(#1880,#1871);
#1866=REPRESENTATION('material name',(#1872),#3110);
#1867=REPRESENTATION('density',(#1857),#3110);
#1868=REPRESENTATION('material name',(#1873),#3111);
#1869=REPRESENTATION('density',(#1858),#3111);
#1870=REPRESENTATION('material name',(#1874),#3112);
#1871=REPRESENTATION('density',(#1859),#3112);
#1872=DESCRIPTIVE_REPRESENTATION_ITEM('Generic','Generic');
#1873=DESCRIPTIVE_REPRESENTATION_ITEM('Generic','Generic');
#1874=DESCRIPTIVE_REPRESENTATION_ITEM('Generic','Generic');
#1875=PROPERTY_DEFINITION('material property','material name',#3135);
#1876=PROPERTY_DEFINITION('material property','density of part',#3135);
#1877=PROPERTY_DEFINITION('material property','material name',#3136);
#1878=PROPERTY_DEFINITION('material property','density of part',#3136);
#1879=PROPERTY_DEFINITION('material property','material name',#3137);
#1880=PROPERTY_DEFINITION('material property','density of part',#3137);
#1881=PRESENTATION_STYLE_ASSIGNMENT((#1886));
#1882=PRESENTATION_STYLE_ASSIGNMENT((#1887));
#1883=PRESENTATION_STYLE_ASSIGNMENT((#1888));
#1884=PRESENTATION_STYLE_ASSIGNMENT((#1889));
#1885=PRESENTATION_STYLE_ASSIGNMENT((#1890));
#1886=SURFACE_STYLE_USAGE(.BOTH.,#1891);
#1887=SURFACE_STYLE_USAGE(.BOTH.,#1892);
#1888=SURFACE_STYLE_USAGE(.BOTH.,#1893);
#1889=SURFACE_STYLE_USAGE(.BOTH.,#1894);
#1890=SURFACE_STYLE_USAGE(.BOTH.,#1895);
#1891=SURFACE_SIDE_STYLE('',(#1896));
#1892=SURFACE_SIDE_STYLE('',(#1897));
#1893=SURFACE_SIDE_STYLE('',(#1898));
#1894=SURFACE_SIDE_STYLE('',(#1899));
#1895=SURFACE_SIDE_STYLE('',(#1900));
#1896=SURFACE_STYLE_FILL_AREA(#1901);
#1897=SURFACE_STYLE_FILL_AREA(#1902);
#1898=SURFACE_STYLE_FILL_AREA(#1903);
#1899=SURFACE_STYLE_FILL_AREA(#1904);
#1900=SURFACE_STYLE_FILL_AREA(#1905);
#1901=FILL_AREA_STYLE('',(#1906));
#1902=FILL_AREA_STYLE('',(#1907));
#1903=FILL_AREA_STYLE('',(#1908));
#1904=FILL_AREA_STYLE('',(#1909));
#1905=FILL_AREA_STYLE('',(#1910));
#1906=FILL_AREA_STYLE_COLOUR('',#1911);
#1907=FILL_AREA_STYLE_COLOUR('',#1912);
#1908=FILL_AREA_STYLE_COLOUR('',#1913);
#1909=FILL_AREA_STYLE_COLOUR('',#1914);
#1910=FILL_AREA_STYLE_COLOUR('',#1915);
#1911=COLOUR_RGB('',0.627450980392157,0.313725490196078,0.);
#1912=COLOUR_RGB('',0.831372549019608,0.831372549019608,0.831372549019608);
#1913=COLOUR_RGB('',0.749019607843137,0.749019607843137,0.749019607843137);
#1914=COLOUR_RGB('',0.8,0.8,0.8);
#1915=COLOUR_RGB('',0.96078431372549,0.96078431372549,0.96078431372549);
#1916=DATE_TIME_ROLE('creation_date');
#1917=DATE_TIME_ROLE('creation_date');
#1918=DATE_TIME_ROLE('creation_date');
#1919=DATE_TIME_ROLE('creation_date');
#1920=APPLIED_DATE_AND_TIME_ASSIGNMENT(#1924,#1916,(#3134));
#1921=APPLIED_DATE_AND_TIME_ASSIGNMENT(#1925,#1917,(#3135));
#1922=APPLIED_DATE_AND_TIME_ASSIGNMENT(#1926,#1918,(#3136));
#1923=APPLIED_DATE_AND_TIME_ASSIGNMENT(#1927,#1919,(#3137));
#1924=DATE_AND_TIME(#1928,#1932);
#1925=DATE_AND_TIME(#1929,#1933);
#1926=DATE_AND_TIME(#1930,#1934);
#1927=DATE_AND_TIME(#1931,#1935);
#1928=CALENDAR_DATE(2021,19,3);
#1929=CALENDAR_DATE(2021,19,3);
#1930=CALENDAR_DATE(2021,19,3);
#1931=CALENDAR_DATE(2019,7,7);
#1932=LOCAL_TIME(16,56,28.,#1936);
#1933=LOCAL_TIME(16,54,3.,#1937);
#1934=LOCAL_TIME(16,54,3.,#1938);
#1935=LOCAL_TIME(12,35,7.,#1939);
#1936=COORDINATED_UNIVERSAL_TIME_OFFSET(0,0,.BEHIND.);
#1937=COORDINATED_UNIVERSAL_TIME_OFFSET(0,0,.BEHIND.);
#1938=COORDINATED_UNIVERSAL_TIME_OFFSET(0,0,.BEHIND.);
#1939=COORDINATED_UNIVERSAL_TIME_OFFSET(0,0,.BEHIND.);
#1940=AXIS2_PLACEMENT_3D('placement',#2605,#2097,#2098);
#1941=AXIS2_PLACEMENT_3D('placement',#2606,#2099,#2100);
#1942=AXIS2_PLACEMENT_3D('',#2607,#2101,#2102);
#1943=AXIS2_PLACEMENT_3D('',#2610,#2103,#2104);
#1944=AXIS2_PLACEMENT_3D('',#2614,#2106,#2107);
#1945=AXIS2_PLACEMENT_3D('',#2616,#2109,#2110);
#1946=AXIS2_PLACEMENT_3D('',#2620,#2112,#2113);
#1947=AXIS2_PLACEMENT_3D('',#2624,#2115,#2116);
#1948=AXIS2_PLACEMENT_3D('',#2628,#2118,#2119);
#1949=AXIS2_PLACEMENT_3D('',#2630,#2121,#2122);
#1950=AXIS2_PLACEMENT_3D('',#2634,#2125,#2126);
#1951=AXIS2_PLACEMENT_3D('',#2636,#2127,#2128);
#1952=AXIS2_PLACEMENT_3D('',#2638,#2130,#2131);
#1953=AXIS2_PLACEMENT_3D('',#2642,#2133,#2134);
#1954=AXIS2_PLACEMENT_3D('',#2644,#2136,#2137);
#1955=AXIS2_PLACEMENT_3D('',#2649,#2140,#2141);
#1956=AXIS2_PLACEMENT_3D('',#2651,#2143,#2144);
#1957=AXIS2_PLACEMENT_3D('',#2653,#2146,#2147);
#1958=AXIS2_PLACEMENT_3D('',#2655,#2149,#2150);
#1959=AXIS2_PLACEMENT_3D('',#2656,#2151,#2152);
#1960=AXIS2_PLACEMENT_3D('placement',#2657,#2153,#2154);
#1961=AXIS2_PLACEMENT_3D('',#2658,#2155,#2156);
#1962=AXIS2_PLACEMENT_3D('',#2661,#2157,#2158);
#1963=AXIS2_PLACEMENT_3D('',#2663,#2159,#2160);
#1964=AXIS2_PLACEMENT_3D('',#2664,#2161,#2162);
#1965=AXIS2_PLACEMENT_3D('',#2665,#2163,#2164);
#1966=AXIS2_PLACEMENT_3D('',#2668,#2165,#2166);
#1967=AXIS2_PLACEMENT_3D('',#2670,#2167,#2168);
#1968=AXIS2_PLACEMENT_3D('',#2671,#2169,#2170);
#1969=AXIS2_PLACEMENT_3D('',#2672,#2171,#2172);
#1970=AXIS2_PLACEMENT_3D('',#2675,#2173,#2174);
#1971=AXIS2_PLACEMENT_3D('',#2678,#2177,#2178);
#1972=AXIS2_PLACEMENT_3D('',#2681,#2181,#2182);
#1973=AXIS2_PLACEMENT_3D('',#2684,#2183,#2184);
#1974=AXIS2_PLACEMENT_3D('',#2686,#2185,#2186);
#1975=AXIS2_PLACEMENT_3D('',#2687,#2187,#2188);
#1976=AXIS2_PLACEMENT_3D('',#2688,#2189,#2190);
#1977=AXIS2_PLACEMENT_3D('',#2691,#2193,#2194);
#1978=AXIS2_PLACEMENT_3D('',#2694,#2195,#2196);
#1979=AXIS2_PLACEMENT_3D('',#2697,#2199,#2200);
#1980=AXIS2_PLACEMENT_3D('',#2700,#2201,#2202);
#1981=AXIS2_PLACEMENT_3D('',#2702,#2203,#2204);
#1982=AXIS2_PLACEMENT_3D('',#2703,#2205,#2206);
#1983=AXIS2_PLACEMENT_3D('',#2704,#2207,#2208);
#1984=AXIS2_PLACEMENT_3D('',#2707,#2211,#2212);
#1985=AXIS2_PLACEMENT_3D('',#2710,#2215,#2216);
#1986=AXIS2_PLACEMENT_3D('',#2713,#2217,#2218);
#1987=AXIS2_PLACEMENT_3D('',#2716,#2221,#2222);
#1988=AXIS2_PLACEMENT_3D('',#2719,#2223,#2224);
#1989=AXIS2_PLACEMENT_3D('',#2722,#2227,#2228);
#1990=AXIS2_PLACEMENT_3D('',#2724,#2230,#2231);
#1991=AXIS2_PLACEMENT_3D('',#2726,#2233,#2234);
#1992=AXIS2_PLACEMENT_3D('',#2727,#2235,#2236);
#1993=AXIS2_PLACEMENT_3D('',#2730,#2239,#2240);
#1994=AXIS2_PLACEMENT_3D('',#2731,#2241,#2242);
#1995=AXIS2_PLACEMENT_3D('',#2732,#2243,#2244);
#1996=AXIS2_PLACEMENT_3D('',#2735,#2245,#2246);
#1997=AXIS2_PLACEMENT_3D('',#2737,#2247,#2248);
#1998=AXIS2_PLACEMENT_3D('',#2738,#2249,#2250);
#1999=AXIS2_PLACEMENT_3D('',#2739,#2251,#2252);
#2000=AXIS2_PLACEMENT_3D('',#2742,#2253,#2254);
#2001=AXIS2_PLACEMENT_3D('',#2744,#2255,#2256);
#2002=AXIS2_PLACEMENT_3D('',#2745,#2257,#2258);
#2003=AXIS2_PLACEMENT_3D('',#2746,#2259,#2260);
#2004=AXIS2_PLACEMENT_3D('',#2749,#2261,#2262);
#2005=AXIS2_PLACEMENT_3D('',#2752,#2265,#2266);
#2006=AXIS2_PLACEMENT_3D('',#2755,#2267,#2268);
#2007=AXIS2_PLACEMENT_3D('',#2757,#2269,#2270);
#2008=AXIS2_PLACEMENT_3D('',#2758,#2271,#2272);
#2009=AXIS2_PLACEMENT_3D('',#2759,#2273,#2274);
#2010=AXIS2_PLACEMENT_3D('',#2762,#2277,#2278);
#2011=AXIS2_PLACEMENT_3D('',#2765,#2279,#2280);
#2012=AXIS2_PLACEMENT_3D('',#2767,#2281,#2282);
#2013=AXIS2_PLACEMENT_3D('',#2768,#2283,#2284);
#2014=AXIS2_PLACEMENT_3D('',#2769,#2285,#2286);
#2015=AXIS2_PLACEMENT_3D('',#2772,#2289,#2290);
#2016=AXIS2_PLACEMENT_3D('',#2775,#2291,#2292);
#2017=AXIS2_PLACEMENT_3D('',#2778,#2295,#2296);
#2018=AXIS2_PLACEMENT_3D('',#2781,#2299,#2300);
#2019=AXIS2_PLACEMENT_3D('',#2784,#2301,#2302);
#2020=AXIS2_PLACEMENT_3D('',#2787,#2305,#2306);
#2021=AXIS2_PLACEMENT_3D('',#2790,#2309,#2310);
#2022=AXIS2_PLACEMENT_3D('',#2793,#2311,#2312);
#2023=AXIS2_PLACEMENT_3D('',#2796,#2315,#2316);
#2024=AXIS2_PLACEMENT_3D('',#2798,#2318,#2319);
#2025=AXIS2_PLACEMENT_3D('',#2800,#2321,#2322);
#2026=AXIS2_PLACEMENT_3D('',#2801,#2323,#2324);
#2027=AXIS2_PLACEMENT_3D('',#2804,#2327,#2328);
#2028=AXIS2_PLACEMENT_3D('',#2805,#2329,#2330);
#2029=AXIS2_PLACEMENT_3D('placement',#2806,#2331,#2332);
#2030=AXIS2_PLACEMENT_3D('',#2807,#2333,#2334);
#2031=AXIS2_PLACEMENT_3D('',#2814,#2338,#2339);
#2032=AXIS2_PLACEMENT_3D('',#2820,#2343,#2344);
#2033=AXIS2_PLACEMENT_3D('',#2824,#2347,#2348);
#2034=AXIS2_PLACEMENT_3D('',#2826,#2350,#2351);
#2035=AXIS2_PLACEMENT_3D('',#2827,#2352,#2353);
#2036=AXIS2_PLACEMENT_3D('',#2840,#2360,#2361);
#2037=AXIS2_PLACEMENT_3D('',#2846,#2365,#2366);
#2038=AXIS2_PLACEMENT_3D('',#2850,#2369,#2370);
#2039=AXIS2_PLACEMENT_3D('',#2854,#2373,#2374);
#2040=AXIS2_PLACEMENT_3D('',#2858,#2377,#2378);
#2041=AXIS2_PLACEMENT_3D('',#2862,#2381,#2382);
#2042=AXIS2_PLACEMENT_3D('',#2864,#2384,#2385);
#2043=AXIS2_PLACEMENT_3D('',#2865,#2386,#2387);
#2044=AXIS2_PLACEMENT_3D('',#2872,#2391,#2392);
#2045=AXIS2_PLACEMENT_3D('',#2878,#2396,#2397);
#2046=AXIS2_PLACEMENT_3D('',#2882,#2400,#2401);
#2047=AXIS2_PLACEMENT_3D('',#2884,#2403,#2404);
#2048=AXIS2_PLACEMENT_3D('',#2885,#2405,#2406);
#2049=AXIS2_PLACEMENT_3D('',#2892,#2410,#2411);
#2050=AXIS2_PLACEMENT_3D('',#2898,#2415,#2416);
#2051=AXIS2_PLACEMENT_3D('',#2902,#2419,#2420);
#2052=AXIS2_PLACEMENT_3D('',#2904,#2422,#2423);
#2053=AXIS2_PLACEMENT_3D('',#2905,#2424,#2425);
#2054=AXIS2_PLACEMENT_3D('',#2924,#2435,#2436);
#2055=AXIS2_PLACEMENT_3D('',#2930,#2440,#2441);
#2056=AXIS2_PLACEMENT_3D('',#2934,#2444,#2445);
#2057=AXIS2_PLACEMENT_3D('',#2938,#2448,#2449);
#2058=AXIS2_PLACEMENT_3D('',#2942,#2452,#2453);
#2059=AXIS2_PLACEMENT_3D('',#2946,#2456,#2457);
#2060=AXIS2_PLACEMENT_3D('',#2950,#2460,#2461);
#2061=AXIS2_PLACEMENT_3D('',#2954,#2464,#2465);
#2062=AXIS2_PLACEMENT_3D('',#2958,#2468,#2469);
#2063=AXIS2_PLACEMENT_3D('',#2960,#2471,#2472);
#2064=AXIS2_PLACEMENT_3D('',#2961,#2473,#2474);
#2065=AXIS2_PLACEMENT_3D('',#2970,#2479,#2480);
#2066=AXIS2_PLACEMENT_3D('',#2976,#2484,#2485);
#2067=AXIS2_PLACEMENT_3D('',#2980,#2488,#2489);
#2068=AXIS2_PLACEMENT_3D('',#2984,#2492,#2493);
#2069=AXIS2_PLACEMENT_3D('',#2986,#2495,#2496);
#2070=AXIS2_PLACEMENT_3D('',#2987,#2497,#2498);
#2071=AXIS2_PLACEMENT_3D('',#2996,#2503,#2504);
#2072=AXIS2_PLACEMENT_3D('',#3002,#2508,#2509);
#2073=AXIS2_PLACEMENT_3D('',#3006,#2512,#2513);
#2074=AXIS2_PLACEMENT_3D('',#3010,#2516,#2517);
#2075=AXIS2_PLACEMENT_3D('',#3012,#2519,#2520);
#2076=AXIS2_PLACEMENT_3D('',#3013,#2521,#2522);
#2077=AXIS2_PLACEMENT_3D('',#3026,#2529,#2530);
#2078=AXIS2_PLACEMENT_3D('',#3032,#2534,#2535);
#2079=AXIS2_PLACEMENT_3D('',#3036,#2538,#2539);
#2080=AXIS2_PLACEMENT_3D('',#3040,#2542,#2543);
#2081=AXIS2_PLACEMENT_3D('',#3044,#2546,#2547);
#2082=AXIS2_PLACEMENT_3D('',#3048,#2550,#2551);
#2083=AXIS2_PLACEMENT_3D('',#3050,#2553,#2554);
#2084=AXIS2_PLACEMENT_3D('',#3051,#2555,#2556);
#2085=AXIS2_PLACEMENT_3D('',#3068,#2565,#2566);
#2086=AXIS2_PLACEMENT_3D('',#3074,#2570,#2571);
#2087=AXIS2_PLACEMENT_3D('',#3078,#2574,#2575);
#2088=AXIS2_PLACEMENT_3D('',#3082,#2578,#2579);
#2089=AXIS2_PLACEMENT_3D('',#3086,#2582,#2583);
#2090=AXIS2_PLACEMENT_3D('',#3090,#2586,#2587);
#2091=AXIS2_PLACEMENT_3D('',#3094,#2590,#2591);
#2092=AXIS2_PLACEMENT_3D('',#3098,#2594,#2595);
#2093=AXIS2_PLACEMENT_3D('',#3100,#2597,#2598);
#2094=AXIS2_PLACEMENT_3D('',#3101,#2599,#2600);
#2095=AXIS2_PLACEMENT_3D('',#3102,#2601,#2602);
#2096=AXIS2_PLACEMENT_3D('',#3103,#2603,#2604);
#2097=DIRECTION('axis',(0.,0.,1.));
#2098=DIRECTION('refdir',(1.,0.,0.));
#2099=DIRECTION('axis',(0.,0.,1.));
#2100=DIRECTION('refdir',(1.,0.,0.));
#2101=DIRECTION('center_axis',(-1.,0.,0.));
#2102=DIRECTION('ref_axis',(0.,0.707106781186548,-0.707106781186547));
#2103=DIRECTION('center_axis',(1.,0.,0.));
#2104=DIRECTION('ref_axis',(0.,0.707106781186548,-0.707106781186547));
#2105=DIRECTION('',(1.,0.,0.));
#2106=DIRECTION('center_axis',(-1.,0.,0.));
#2107=DIRECTION('ref_axis',(0.,0.707106781186548,-0.707106781186547));
#2108=DIRECTION('',(-1.,0.,0.));
#2109=DIRECTION('center_axis',(-1.,0.,0.));
#2110=DIRECTION('ref_axis',(0.,0.,1.));
#2111=DIRECTION('',(0.,1.,0.));
#2112=DIRECTION('center_axis',(1.,0.,0.));
#2113=DIRECTION('ref_axis',(0.,-0.707106781186548,-0.707106781186547));
#2114=DIRECTION('',(0.,0.,-1.));
#2115=DIRECTION('center_axis',(1.,0.,0.));
#2116=DIRECTION('ref_axis',(0.,-0.707106781186548,0.707106781186548));
#2117=DIRECTION('',(0.,-1.,0.));
#2118=DIRECTION('center_axis',(1.,0.,0.));
#2119=DIRECTION('ref_axis',(0.,0.707106781186548,0.707106781186548));
#2120=DIRECTION('',(0.,0.,1.));
#2121=DIRECTION('center_axis',(0.,0.,1.));
#2122=DIRECTION('ref_axis',(1.,0.,0.));
#2123=DIRECTION('',(0.,-1.,0.));
#2124=DIRECTION('',(1.,0.,0.));
#2125=DIRECTION('center_axis',(1.,0.,0.));
#2126=DIRECTION('ref_axis',(0.,-0.707106781186548,-0.707106781186547));
#2127=DIRECTION('center_axis',(-1.,0.,0.));
#2128=DIRECTION('ref_axis',(0.,-0.707106781186548,-0.707106781186547));
#2129=DIRECTION('',(-1.,0.,0.));
#2130=DIRECTION('center_axis',(-1.,0.,0.));
#2131=DIRECTION('ref_axis',(0.,0.707106781186548,0.707106781186548));
#2132=DIRECTION('',(1.,0.,0.));
#2133=DIRECTION('center_axis',(-1.,0.,0.));
#2134=DIRECTION('ref_axis',(0.,0.707106781186548,0.707106781186548));
#2135=DIRECTION('',(-1.,0.,0.));
#2136=DIRECTION('center_axis',(-1.,0.,0.));
#2137=DIRECTION('ref_axis',(0.,0.,1.));
#2138=DIRECTION('',(0.,0.,-1.));
#2139=DIRECTION('',(0.,1.,0.));
#2140=DIRECTION('center_axis',(-1.,0.,0.));
#2141=DIRECTION('ref_axis',(0.,-0.707106781186548,0.707106781186548));
#2142=DIRECTION('',(0.,0.,1.));
#2143=DIRECTION('center_axis',(0.,0.,1.));
#2144=DIRECTION('ref_axis',(1.,0.,0.));
#2145=DIRECTION('',(-1.,0.,0.));
#2146=DIRECTION('center_axis',(1.,0.,0.));
#2147=DIRECTION('ref_axis',(0.,-0.707106781186548,0.707106781186548));
#2148=DIRECTION('',(1.,0.,0.));
#2149=DIRECTION('center_axis',(0.,1.,0.));
#2150=DIRECTION('ref_axis',(-1.,0.,0.));
#2151=DIRECTION('center_axis',(0.,-1.,0.));
#2152=DIRECTION('ref_axis',(1.,0.,0.));
#2153=DIRECTION('axis',(0.,0.,1.));
#2154=DIRECTION('refdir',(1.,0.,0.));
#2155=DIRECTION('center_axis',(-0.816496580927726,0.408248290463863,-0.408248290463862));
#2156=DIRECTION('ref_axis',(0.577350269189626,0.577350269189626,-0.577350269189626));
#2157=DIRECTION('center_axis',(0.,0.,-1.));
#2158=DIRECTION('ref_axis',(1.,0.,0.));
#2159=DIRECTION('center_axis',(0.,1.,0.));
#2160=DIRECTION('ref_axis',(0.,0.,-1.));
#2161=DIRECTION('center_axis',(1.,0.,0.));
#2162=DIRECTION('ref_axis',(0.,1.,0.));
#2163=DIRECTION('center_axis',(-0.816496580927726,-0.408248290463863,-0.408248290463862));
#2164=DIRECTION('ref_axis',(0.577350269189626,-0.577350269189626,-0.577350269189626));
#2165=DIRECTION('center_axis',(0.,0.,-1.));
#2166=DIRECTION('ref_axis',(0.,-1.,0.));
#2167=DIRECTION('center_axis',(1.,0.,0.));
#2168=DIRECTION('ref_axis',(0.,0.,-1.));
#2169=DIRECTION('center_axis',(0.,-1.,0.));
#2170=DIRECTION('ref_axis',(1.,0.,0.));
#2171=DIRECTION('center_axis',(1.,0.,0.));
#2172=DIRECTION('ref_axis',(0.,-0.707106781186548,-0.707106781186547));
#2173=DIRECTION('center_axis',(1.,0.,0.));
#2174=DIRECTION('ref_axis',(0.,-0.707106781186548,-0.707106781186547));
#2175=DIRECTION('',(1.,0.,0.));
#2176=DIRECTION('',(-1.,0.,0.));
#2177=DIRECTION('center_axis',(0.,1.,0.));
#2178=DIRECTION('ref_axis',(0.707106781186548,0.,-0.707106781186547));
#2179=DIRECTION('',(0.,-1.,0.));
#2180=DIRECTION('',(0.,1.,0.));
#2181=DIRECTION('center_axis',(0.408248290463863,-0.816496580927726,0.408248290463863));
#2182=DIRECTION('ref_axis',(0.577350269189625,0.577350269189628,0.577350269189625));
#2183=DIRECTION('center_axis',(0.,1.,0.));
#2184=DIRECTION('ref_axis',(1.,0.,0.));
#2185=DIRECTION('center_axis',(0.,0.,1.));
#2186=DIRECTION('ref_axis',(0.,1.,0.));
#2187=DIRECTION('center_axis',(1.,0.,0.));
#2188=DIRECTION('ref_axis',(0.,0.,1.));
#2189=DIRECTION('center_axis',(0.,0.,1.));
#2190=DIRECTION('ref_axis',(0.707106781186548,0.707106781186548,0.));
#2191=DIRECTION('',(0.,0.,-1.));
#2192=DIRECTION('',(0.,0.,1.));
#2193=DIRECTION('center_axis',(-1.,0.,0.));
#2194=DIRECTION('ref_axis',(0.,0.707106781186548,0.707106781186548));
#2195=DIRECTION('center_axis',(1.,0.,0.));
#2196=DIRECTION('ref_axis',(0.,0.707106781186548,0.707106781186548));
#2197=DIRECTION('',(1.,0.,0.));
#2198=DIRECTION('',(-1.,0.,0.));
#2199=DIRECTION('center_axis',(-0.408248290463863,-0.816496580927726,-0.408248290463863));
#2200=DIRECTION('ref_axis',(0.577350269189625,-0.577350269189628,0.577350269189625));
#2201=DIRECTION('center_axis',(1.,0.,0.));
#2202=DIRECTION('ref_axis',(0.,-1.,0.));
#2203=DIRECTION('center_axis',(0.,0.,1.));
#2204=DIRECTION('ref_axis',(1.,0.,0.));
#2205=DIRECTION('center_axis',(0.,-1.,0.));
#2206=DIRECTION('ref_axis',(0.,0.,1.));
#2207=DIRECTION('center_axis',(0.,0.,1.));
#2208=DIRECTION('ref_axis',(0.707106781186548,-0.707106781186548,0.));
#2209=DIRECTION('',(0.,0.,-1.));
#2210=DIRECTION('',(0.,0.,1.));
#2211=DIRECTION('center_axis',(0.,1.,0.));
#2212=DIRECTION('ref_axis',(0.707106781186548,0.,0.707106781186548));
#2213=DIRECTION('',(0.,-1.,0.));
#2214=DIRECTION('',(0.,1.,0.));
#2215=DIRECTION('center_axis',(1.,0.,0.));
#2216=DIRECTION('ref_axis',(0.,-0.707106781186548,0.707106781186548));
#2217=DIRECTION('center_axis',(1.,0.,0.));
#2218=DIRECTION('ref_axis',(0.,-0.707106781186548,0.707106781186548));
#2219=DIRECTION('',(1.,0.,0.));
#2220=DIRECTION('',(-1.,0.,0.));
#2221=DIRECTION('center_axis',(-1.,0.,0.));
#2222=DIRECTION('ref_axis',(0.,0.707106781186548,-0.707106781186547));
#2223=DIRECTION('center_axis',(1.,0.,0.));
#2224=DIRECTION('ref_axis',(0.,0.707106781186548,-0.707106781186547));
#2225=DIRECTION('',(1.,0.,0.));
#2226=DIRECTION('',(-1.,0.,0.));
#2227=DIRECTION('center_axis',(0.,0.,1.));
#2228=DIRECTION('ref_axis',(1.,0.,0.));
#2229=DIRECTION('',(0.,1.,0.));
#2230=DIRECTION('center_axis',(0.,1.,0.));
#2231=DIRECTION('ref_axis',(-1.,0.,0.));
#2232=DIRECTION('',(0.,0.,-1.));
#2233=DIRECTION('center_axis',(1.,0.,0.));
#2234=DIRECTION('ref_axis',(0.,1.,0.));
#2235=DIRECTION('center_axis',(-1.,0.,0.));
#2236=DIRECTION('ref_axis',(0.,0.,1.));
#2237=DIRECTION('',(0.,-1.,0.));
#2238=DIRECTION('',(0.,0.,1.));
#2239=DIRECTION('center_axis',(0.,-1.,0.));
#2240=DIRECTION('ref_axis',(1.,0.,0.));
#2241=DIRECTION('center_axis',(0.,0.,1.));
#2242=DIRECTION('ref_axis',(1.,0.,0.));
#2243=DIRECTION('center_axis',(-0.816496580927726,-0.408248290463863,0.408248290463862));
#2244=DIRECTION('ref_axis',(-0.577350269189625,0.577350269189627,-0.577350269189626));
#2245=DIRECTION('center_axis',(-1.,0.,0.));
#2246=DIRECTION('ref_axis',(0.,0.,-1.));
#2247=DIRECTION('center_axis',(0.,1.,0.));
#2248=DIRECTION('ref_axis',(-1.,0.,0.));
#2249=DIRECTION('center_axis',(0.,0.,-1.));
#2250=DIRECTION('ref_axis',(0.,1.,0.));
#2251=DIRECTION('center_axis',(-0.816496580927726,0.408248290463863,0.408248290463862));
#2252=DIRECTION('ref_axis',(-0.577350269189625,-0.577350269189627,-0.577350269189626));
#2253=DIRECTION('center_axis',(0.,-1.,0.));
#2254=DIRECTION('ref_axis',(0.,0.,-1.));
#2255=DIRECTION('center_axis',(-1.,0.,0.));
#2256=DIRECTION('ref_axis',(0.,-1.,0.));
#2257=DIRECTION('center_axis',(0.,0.,-1.));
#2258=DIRECTION('ref_axis',(-1.,0.,0.));
#2259=DIRECTION('center_axis',(-1.,0.,0.));
#2260=DIRECTION('ref_axis',(0.,-0.707106781186548,-0.707106781186547));
#2261=DIRECTION('center_axis',(-1.,0.,0.));
#2262=DIRECTION('ref_axis',(0.,-0.707106781186548,-0.707106781186547));
#2263=DIRECTION('',(-1.,0.,0.));
#2264=DIRECTION('',(1.,0.,0.));
#2265=DIRECTION('center_axis',(-0.408248290463863,-0.816496580927726,0.408248290463863));
#2266=DIRECTION('ref_axis',(-0.577350269189625,0.577350269189628,0.577350269189625));
#2267=DIRECTION('center_axis',(-1.,0.,0.));
#2268=DIRECTION('ref_axis',(0.,1.,0.));
#2269=DIRECTION('center_axis',(0.,0.,1.));
#2270=DIRECTION('ref_axis',(-1.,0.,0.));
#2271=DIRECTION('center_axis',(0.,1.,0.));
#2272=DIRECTION('ref_axis',(0.,0.,1.));
#2273=DIRECTION('center_axis',(0.,0.,1.));
#2274=DIRECTION('ref_axis',(-0.707106781186548,0.707106781186548,0.));
#2275=DIRECTION('',(0.,0.,-1.));
#2276=DIRECTION('',(0.,0.,1.));
#2277=DIRECTION('center_axis',(0.408248290463863,-0.816496580927726,-0.408248290463863));
#2278=DIRECTION('ref_axis',(-0.577350269189625,-0.577350269189628,0.577350269189625));
#2279=DIRECTION('center_axis',(0.,-1.,0.));
#2280=DIRECTION('ref_axis',(-1.,0.,0.));
#2281=DIRECTION('center_axis',(0.,0.,1.));
#2282=DIRECTION('ref_axis',(0.,-1.,0.));
#2283=DIRECTION('center_axis',(-1.,0.,0.));
#2284=DIRECTION('ref_axis',(0.,0.,1.));
#2285=DIRECTION('center_axis',(0.,0.,1.));
#2286=DIRECTION('ref_axis',(-0.707106781186548,-0.707106781186548,0.));
#2287=DIRECTION('',(0.,0.,-1.));
#2288=DIRECTION('',(0.,0.,1.));
#2289=DIRECTION('center_axis',(-1.,0.,0.));
#2290=DIRECTION('ref_axis',(0.,-0.707106781186548,0.707106781186548));
#2291=DIRECTION('center_axis',(-1.,0.,0.));
#2292=DIRECTION('ref_axis',(0.,-0.707106781186548,0.707106781186548));
#2293=DIRECTION('',(-1.,0.,0.));
#2294=DIRECTION('',(1.,0.,0.));
#2295=DIRECTION('center_axis',(0.,1.,0.));
#2296=DIRECTION('ref_axis',(-0.707106781186548,0.,0.707106781186548));
#2297=DIRECTION('',(0.,-1.,0.));
#2298=DIRECTION('',(0.,1.,0.));
#2299=DIRECTION('center_axis',(1.,0.,0.));
#2300=DIRECTION('ref_axis',(0.,0.707106781186548,0.707106781186548));
#2301=DIRECTION('center_axis',(-1.,0.,0.));
#2302=DIRECTION('ref_axis',(0.,0.707106781186548,0.707106781186548));
#2303=DIRECTION('',(-1.,0.,0.));
#2304=DIRECTION('',(1.,0.,0.));
#2305=DIRECTION('center_axis',(0.,1.,0.));
#2306=DIRECTION('ref_axis',(-0.707106781186548,0.,-0.707106781186547));
#2307=DIRECTION('',(0.,-1.,0.));
#2308=DIRECTION('',(0.,1.,0.));
#2309=DIRECTION('center_axis',(1.,0.,0.));
#2310=DIRECTION('ref_axis',(0.,0.707106781186548,-0.707106781186547));
#2311=DIRECTION('center_axis',(-1.,0.,0.));
#2312=DIRECTION('ref_axis',(0.,0.707106781186548,-0.707106781186547));
#2313=DIRECTION('',(-1.,0.,0.));
#2314=DIRECTION('',(1.,0.,0.));
#2315=DIRECTION('center_axis',(0.,1.,0.));
#2316=DIRECTION('ref_axis',(-1.,0.,0.));
#2317=DIRECTION('',(0.,0.,1.));
#2318=DIRECTION('center_axis',(0.,0.,-1.));
#2319=DIRECTION('ref_axis',(-1.,0.,0.));
#2320=DIRECTION('',(0.,-1.,0.));
#2321=DIRECTION('center_axis',(1.,0.,0.));
#2322=DIRECTION('ref_axis',(0.,1.,0.));
#2323=DIRECTION('center_axis',(-1.,0.,0.));
#2324=DIRECTION('ref_axis',(0.,0.,1.));
#2325=DIRECTION('',(0.,0.,-1.));
#2326=DIRECTION('',(0.,1.,0.));
#2327=DIRECTION('center_axis',(0.,-1.,0.));
#2328=DIRECTION('ref_axis',(1.,0.,0.));
#2329=DIRECTION('center_axis',(0.,0.,-1.));
#2330=DIRECTION('ref_axis',(-1.,0.,0.));
#2331=DIRECTION('axis',(0.,0.,1.));
#2332=DIRECTION('refdir',(1.,0.,0.));
#2333=DIRECTION('center_axis',(0.,0.,-1.));
#2334=DIRECTION('ref_axis',(-1.,0.,0.));
#2335=DIRECTION('',(-0.374606593415143,-0.927183854567098,0.));
#2336=DIRECTION('',(-0.374606593415144,0.927183854567098,0.));
#2337=DIRECTION('',(1.,0.,0.));
#2338=DIRECTION('center_axis',(0.927183854567098,-0.374606593415143,0.));
#2339=DIRECTION('ref_axis',(0.,0.,-1.));
#2340=DIRECTION('',(0.374606593415143,0.927183854567098,0.));
#2341=DIRECTION('',(0.,0.,-1.));
#2342=DIRECTION('',(0.,0.,-1.));
#2343=DIRECTION('center_axis',(0.,1.,0.));
#2344=DIRECTION('ref_axis',(0.,0.,1.));
#2345=DIRECTION('',(-1.,0.,0.));
#2346=DIRECTION('',(0.,0.,-1.));
#2347=DIRECTION('center_axis',(-0.927183854567098,-0.374606593415144,0.));
#2348=DIRECTION('ref_axis',(0.,0.,1.));
#2349=DIRECTION('',(0.374606593415144,-0.927183854567098,0.));
#2350=DIRECTION('center_axis',(0.,0.,-1.));
#2351=DIRECTION('ref_axis',(-1.,0.,0.));
#2352=DIRECTION('center_axis',(0.,0.,-1.));
#2353=DIRECTION('ref_axis',(-1.,0.,0.));
#2354=DIRECTION('',(-0.37460659341609,-0.927183854566715,0.));
#2355=DIRECTION('',(-0.37460659341609,0.927183854566715,0.));
#2356=DIRECTION('',(1.,0.,0.));
#2357=DIRECTION('',(0.374606593416082,-0.927183854566719,0.));
#2358=DIRECTION('',(0.374606593415597,0.927183854566915,0.));
#2359=DIRECTION('',(1.,0.,0.));
#2360=DIRECTION('center_axis',(0.927183854566715,-0.37460659341609,0.));
#2361=DIRECTION('ref_axis',(0.,0.,-1.));
#2362=DIRECTION('',(0.37460659341609,0.927183854566715,0.));
#2363=DIRECTION('',(0.,0.,-1.));
#2364=DIRECTION('',(0.,0.,-1.));
#2365=DIRECTION('center_axis',(0.,1.,0.));
#2366=DIRECTION('ref_axis',(0.,0.,1.));
#2367=DIRECTION('',(-1.,0.,0.));
#2368=DIRECTION('',(0.,0.,-1.));
#2369=DIRECTION('center_axis',(-0.927183854566915,0.374606593415597,0.));
#2370=DIRECTION('ref_axis',(0.,0.,1.));
#2371=DIRECTION('',(-0.374606593415597,-0.927183854566915,0.));
#2372=DIRECTION('',(0.,0.,-1.));
#2373=DIRECTION('center_axis',(0.927183854566719,0.374606593416082,0.));
#2374=DIRECTION('ref_axis',(0.,0.,-1.));
#2375=DIRECTION('',(-0.374606593416082,0.927183854566719,0.));
#2376=DIRECTION('',(0.,0.,-1.));
#2377=DIRECTION('center_axis',(0.,1.,0.));
#2378=DIRECTION('ref_axis',(0.,0.,1.));
#2379=DIRECTION('',(-1.,0.,0.));
#2380=DIRECTION('',(0.,0.,-1.));
#2381=DIRECTION('center_axis',(-0.927183854566715,-0.37460659341609,0.));
#2382=DIRECTION('ref_axis',(0.,0.,1.));
#2383=DIRECTION('',(0.37460659341609,-0.927183854566715,0.));
#2384=DIRECTION('center_axis',(0.,0.,-1.));
#2385=DIRECTION('ref_axis',(-1.,0.,0.));
#2386=DIRECTION('center_axis',(0.,0.,-1.));
#2387=DIRECTION('ref_axis',(-1.,0.,0.));
#2388=DIRECTION('',(-1.,0.,0.));
#2389=DIRECTION('',(0.374606593417049,0.927183854566328,0.));
#2390=DIRECTION('',(0.374606593417036,-0.927183854566333,0.));
#2391=DIRECTION('center_axis',(0.,-1.,0.));
#2392=DIRECTION('ref_axis',(0.,0.,-1.));
#2393=DIRECTION('',(1.,0.,0.));
#2394=DIRECTION('',(0.,0.,-1.));
#2395=DIRECTION('',(0.,0.,-1.));
#2396=DIRECTION('center_axis',(0.927183854567568,0.37460659341398,0.));
#2397=DIRECTION('ref_axis',(0.,0.,-1.));
#2398=DIRECTION('',(-0.37460659341398,0.927183854567568,0.));
#2399=DIRECTION('',(0.,0.,-1.));
#2400=DIRECTION('center_axis',(-0.92718385456626,0.374606593417217,0.));
#2401=DIRECTION('ref_axis',(0.,0.,1.));
#2402=DIRECTION('',(-0.374606593417217,-0.92718385456626,0.));
#2403=DIRECTION('center_axis',(0.,0.,-1.));
#2404=DIRECTION('ref_axis',(-1.,0.,0.));
#2405=DIRECTION('center_axis',(0.,0.,-1.));
#2406=DIRECTION('ref_axis',(-1.,0.,0.));
#2407=DIRECTION('',(-1.,0.,0.));
#2408=DIRECTION('',(0.374606593413568,0.927183854567735,0.));
#2409=DIRECTION('',(0.374606593416596,-0.927183854566511,0.));
#2410=DIRECTION('center_axis',(0.,-1.,0.));
#2411=DIRECTION('ref_axis',(0.,0.,-1.));
#2412=DIRECTION('',(1.,0.,0.));
#2413=DIRECTION('',(0.,0.,-1.));
#2414=DIRECTION('',(0.,0.,-1.));
#2415=DIRECTION('center_axis',(0.927183854566511,0.374606593416596,0.));
#2416=DIRECTION('ref_axis',(0.,0.,-1.));
#2417=DIRECTION('',(-0.374606593416596,0.927183854566511,0.));
#2418=DIRECTION('',(0.,0.,-1.));
#2419=DIRECTION('center_axis',(-0.927183854567735,0.374606593413568,0.));
#2420=DIRECTION('ref_axis',(0.,0.,1.));
#2421=DIRECTION('',(-0.374606593413568,-0.927183854567735,0.));
#2422=DIRECTION('center_axis',(0.,0.,-1.));
#2423=DIRECTION('ref_axis',(-1.,0.,0.));
#2424=DIRECTION('center_axis',(0.,0.,-1.));
#2425=DIRECTION('ref_axis',(-1.,0.,0.));
#2426=DIRECTION('',(-1.,0.,0.));
#2427=DIRECTION('',(0.374606593416091,0.927183854566715,0.));
#2428=DIRECTION('',(1.,0.,0.));
#2429=DIRECTION('',(0.374606593415527,-0.927183854566943,0.));
#2430=DIRECTION('',(-0.37460659341618,-0.927183854566679,0.));
#2431=DIRECTION('',(-1.,0.,0.));
#2432=DIRECTION('',(0.374606593416377,0.9271838545666,0.));
#2433=DIRECTION('',(-0.374606593415085,0.927183854567122,0.));
#2434=DIRECTION('',(-0.374606593415872,-0.927183854566804,0.));
#2435=DIRECTION('center_axis',(0.,-1.,0.));
#2436=DIRECTION('ref_axis',(0.,0.,-1.));
#2437=DIRECTION('',(1.,0.,0.));
#2438=DIRECTION('',(0.,0.,-1.));
#2439=DIRECTION('',(0.,0.,-1.));
#2440=DIRECTION('center_axis',(0.927183854566804,-0.374606593415872,0.));
#2441=DIRECTION('ref_axis',(0.,0.,-1.));
#2442=DIRECTION('',(0.374606593415872,0.927183854566804,0.));
#2443=DIRECTION('',(0.,0.,-1.));
#2444=DIRECTION('center_axis',(-0.927183854567122,-0.374606593415085,0.));
#2445=DIRECTION('ref_axis',(0.,0.,1.));
#2446=DIRECTION('',(0.374606593415085,-0.927183854567122,0.));
#2447=DIRECTION('',(0.,0.,-1.));
#2448=DIRECTION('center_axis',(-0.9271838545666,0.374606593416377,0.));
#2449=DIRECTION('ref_axis',(0.,0.,1.));
#2450=DIRECTION('',(-0.374606593416377,-0.9271838545666,0.));
#2451=DIRECTION('',(0.,0.,-1.));
#2452=DIRECTION('center_axis',(0.,-1.,0.));
#2453=DIRECTION('ref_axis',(0.,0.,-1.));
#2454=DIRECTION('',(1.,0.,0.));
#2455=DIRECTION('',(0.,0.,-1.));
#2456=DIRECTION('center_axis',(0.927183854566677,-0.374606593416185,0.));
#2457=DIRECTION('ref_axis',(0.,0.,-1.));
#2458=DIRECTION('',(0.374606593416186,0.927183854566677,0.));
#2459=DIRECTION('',(0.,0.,-1.));
#2460=DIRECTION('center_axis',(0.927183854566945,0.374606593415521,0.));
#2461=DIRECTION('ref_axis',(0.,0.,-1.));
#2462=DIRECTION('',(-0.374606593415521,0.927183854566945,0.));
#2463=DIRECTION('',(0.,0.,-1.));
#2464=DIRECTION('center_axis',(0.,1.,0.));
#2465=DIRECTION('ref_axis',(0.,0.,1.));
#2466=DIRECTION('',(-1.,0.,0.));
#2467=DIRECTION('',(0.,0.,-1.));
#2468=DIRECTION('center_axis',(-0.927183854566987,0.374606593415418,0.));
#2469=DIRECTION('ref_axis',(0.,0.,1.));
#2470=DIRECTION('',(-0.374606593415419,-0.927183854566987,0.));
#2471=DIRECTION('center_axis',(0.,0.,-1.));
#2472=DIRECTION('ref_axis',(-1.,0.,0.));
#2473=DIRECTION('center_axis',(0.,0.,-1.));
#2474=DIRECTION('ref_axis',(-1.,0.,0.));
#2475=DIRECTION('',(-1.,0.,0.));
#2476=DIRECTION('',(0.37460659341586,0.927183854566808,0.));
#2477=DIRECTION('',(1.,0.,0.));
#2478=DIRECTION('',(-0.374606593415159,-0.927183854567092,0.));
#2479=DIRECTION('center_axis',(0.,-1.,0.));
#2480=DIRECTION('ref_axis',(0.,0.,-1.));
#2481=DIRECTION('',(1.,0.,0.));
#2482=DIRECTION('',(0.,0.,-1.));
#2483=DIRECTION('',(0.,0.,-1.));
#2484=DIRECTION('center_axis',(0.927183854566809,-0.37460659341586,0.));
#2485=DIRECTION('ref_axis',(0.,0.,-1.));
#2486=DIRECTION('',(0.37460659341586,0.927183854566809,0.));
#2487=DIRECTION('',(0.,0.,-1.));
#2488=DIRECTION('center_axis',(0.,1.,0.));
#2489=DIRECTION('ref_axis',(0.,0.,1.));
#2490=DIRECTION('',(-1.,0.,0.));
#2491=DIRECTION('',(0.,0.,-1.));
#2492=DIRECTION('center_axis',(-0.927183854566808,0.37460659341586,0.));
#2493=DIRECTION('ref_axis',(0.,0.,1.));
#2494=DIRECTION('',(-0.37460659341586,-0.927183854566808,0.));
#2495=DIRECTION('center_axis',(0.,0.,-1.));
#2496=DIRECTION('ref_axis',(-1.,0.,0.));
#2497=DIRECTION('center_axis',(0.,0.,-1.));
#2498=DIRECTION('ref_axis',(-1.,0.,0.));
#2499=DIRECTION('',(-0.37460659341586,0.927183854566809,0.));
#2500=DIRECTION('',(1.,0.,0.));
#2501=DIRECTION('',(0.37460659341586,-0.927183854566809,0.));
#2502=DIRECTION('',(-1.,0.,0.));
#2503=DIRECTION('center_axis',(-0.927183854566809,-0.37460659341586,0.));
#2504=DIRECTION('ref_axis',(0.,0.,1.));
#2505=DIRECTION('',(0.37460659341586,-0.927183854566809,0.));
#2506=DIRECTION('',(0.,0.,-1.));
#2507=DIRECTION('',(0.,0.,-1.));
#2508=DIRECTION('center_axis',(0.,-1.,0.));
#2509=DIRECTION('ref_axis',(0.,0.,-1.));
#2510=DIRECTION('',(1.,0.,0.));
#2511=DIRECTION('',(0.,0.,-1.));
#2512=DIRECTION('center_axis',(0.927183854566809,0.37460659341586,0.));
#2513=DIRECTION('ref_axis',(0.,0.,-1.));
#2514=DIRECTION('',(-0.37460659341586,0.927183854566809,0.));
#2515=DIRECTION('',(0.,0.,-1.));
#2516=DIRECTION('center_axis',(0.,1.,0.));
#2517=DIRECTION('ref_axis',(0.,0.,1.));
#2518=DIRECTION('',(-1.,0.,0.));
#2519=DIRECTION('center_axis',(0.,0.,-1.));
#2520=DIRECTION('ref_axis',(-1.,0.,0.));
#2521=DIRECTION('center_axis',(0.,0.,-1.));
#2522=DIRECTION('ref_axis',(-1.,0.,0.));
#2523=DIRECTION('',(-0.374606593416197,0.927183854566672,0.));
#2524=DIRECTION('',(0.374606593415521,0.927183854566945,0.));
#2525=DIRECTION('',(1.,0.,0.));
#2526=DIRECTION('',(-0.374606593415527,-0.927183854566943,0.));
#2527=DIRECTION('',(0.374606593416192,-0.927183854566675,0.));
#2528=DIRECTION('',(-1.,0.,0.));
#2529=DIRECTION('center_axis',(-0.927183854566675,-0.374606593416191,0.));
#2530=DIRECTION('ref_axis',(0.,0.,1.));
#2531=DIRECTION('',(0.374606593416191,-0.927183854566675,0.));
#2532=DIRECTION('',(0.,0.,-1.));
#2533=DIRECTION('',(0.,0.,-1.));
#2534=DIRECTION('center_axis',(0.,-1.,0.));
#2535=DIRECTION('ref_axis',(0.,0.,-1.));
#2536=DIRECTION('',(1.,0.,0.));
#2537=DIRECTION('',(0.,0.,-1.));
#2538=DIRECTION('center_axis',(0.927183854566677,0.374606593416186,0.));
#2539=DIRECTION('ref_axis',(0.,0.,-1.));
#2540=DIRECTION('',(-0.374606593416186,0.927183854566677,0.));
#2541=DIRECTION('',(0.,0.,-1.));
#2542=DIRECTION('center_axis',(0.927183854566945,-0.374606593415521,0.));
#2543=DIRECTION('ref_axis',(0.,0.,-1.));
#2544=DIRECTION('',(0.374606593415521,0.927183854566945,0.));
#2545=DIRECTION('',(0.,0.,-1.));
#2546=DIRECTION('center_axis',(0.,1.,0.));
#2547=DIRECTION('ref_axis',(0.,0.,1.));
#2548=DIRECTION('',(-1.,0.,0.));
#2549=DIRECTION('',(0.,0.,-1.));
#2550=DIRECTION('center_axis',(-0.927183854566948,0.374606593415515,0.));
#2551=DIRECTION('ref_axis',(0.,0.,1.));
#2552=DIRECTION('',(-0.374606593415516,-0.927183854566948,0.));
#2553=DIRECTION('center_axis',(0.,0.,-1.));
#2554=DIRECTION('ref_axis',(-1.,0.,0.));
#2555=DIRECTION('center_axis',(0.,0.,-1.));
#2556=DIRECTION('ref_axis',(-1.,0.,0.));
#2557=DIRECTION('',(-1.,0.,0.));
#2558=DIRECTION('',(0.374606593414237,0.927183854567464,0.));
#2559=DIRECTION('',(1.,0.,0.));
#2560=DIRECTION('',(0.374606593414238,-0.927183854567464,0.));
#2561=DIRECTION('',(-1.,0.,0.));
#2562=DIRECTION('',(-0.374606593419784,0.927183854565223,0.));
#2563=DIRECTION('',(-1.,0.,0.));
#2564=DIRECTION('',(-0.374606593414859,-0.927183854567213,0.));
#2565=DIRECTION('center_axis',(0.,-1.,0.));
#2566=DIRECTION('ref_axis',(0.,0.,-1.));
#2567=DIRECTION('',(1.,0.,0.));
#2568=DIRECTION('',(0.,0.,-1.));
#2569=DIRECTION('',(0.,0.,-1.));
#2570=DIRECTION('center_axis',(0.927183854567213,-0.374606593414859,0.));
#2571=DIRECTION('ref_axis',(0.,0.,-1.));
#2572=DIRECTION('',(0.374606593414859,0.927183854567213,0.));
#2573=DIRECTION('',(0.,0.,-1.));
#2574=DIRECTION('center_axis',(0.,-1.,0.));
#2575=DIRECTION('ref_axis',(0.,0.,-1.));
#2576=DIRECTION('',(1.,0.,0.));
#2577=DIRECTION('',(0.,0.,-1.));
#2578=DIRECTION('center_axis',(-0.927183854565223,-0.374606593419784,0.));
#2579=DIRECTION('ref_axis',(0.,0.,1.));
#2580=DIRECTION('',(0.374606593419784,-0.927183854565223,0.));
#2581=DIRECTION('',(0.,0.,-1.));
#2582=DIRECTION('center_axis',(0.,-1.,0.));
#2583=DIRECTION('ref_axis',(0.,0.,-1.));
#2584=DIRECTION('',(1.,0.,0.));
#2585=DIRECTION('',(0.,0.,-1.));
#2586=DIRECTION('center_axis',(0.927183854567464,0.374606593414238,0.));
#2587=DIRECTION('ref_axis',(0.,0.,-1.));
#2588=DIRECTION('',(-0.374606593414238,0.927183854567464,0.));
#2589=DIRECTION('',(0.,0.,-1.));
#2590=DIRECTION('center_axis',(0.,1.,0.));
#2591=DIRECTION('ref_axis',(0.,0.,1.));
#2592=DIRECTION('',(-1.,0.,0.));
#2593=DIRECTION('',(0.,0.,-1.));
#2594=DIRECTION('center_axis',(-0.927183854567464,0.374606593414237,0.));
#2595=DIRECTION('ref_axis',(0.,0.,1.));
#2596=DIRECTION('',(-0.374606593414237,-0.927183854567464,0.));
#2597=DIRECTION('center_axis',(0.,0.,-1.));
#2598=DIRECTION('ref_axis',(-1.,0.,0.));
#2599=DIRECTION('',(0.,0.,1.));
#2600=DIRECTION('',(1.,0.,0.));
#2601=DIRECTION('',(0.,0.,1.));
#2602=DIRECTION('',(1.,0.,0.));
#2603=DIRECTION('',(0.,0.,1.));
#2604=DIRECTION('',(1.,5.55111512312578E-17,0.));
#2605=CARTESIAN_POINT('',(0.,0.,0.));
#2606=CARTESIAN_POINT('',(0.,0.,0.));
#2607=CARTESIAN_POINT('Origin',(0.4,0.385,0.02));
#2608=CARTESIAN_POINT('',(-0.45,0.385,0.));
#2609=CARTESIAN_POINT('',(-0.45,0.405,0.02));
#2610=CARTESIAN_POINT('Origin',(-0.45,0.385,0.02));
#2611=CARTESIAN_POINT('',(0.45,0.405,0.02));
#2612=CARTESIAN_POINT('',(0.4,0.405,0.02));
#2613=CARTESIAN_POINT('',(0.45,0.385,0.));
#2614=CARTESIAN_POINT('Origin',(0.45,0.385,0.02));
#2615=CARTESIAN_POINT('',(0.4,0.385,0.));
#2616=CARTESIAN_POINT('Origin',(-0.45,0.,0.47));
#2617=CARTESIAN_POINT('',(-0.45,-0.385,0.));
#2618=CARTESIAN_POINT('',(-0.45,0.,0.));
#2619=CARTESIAN_POINT('',(-0.45,-0.405,0.02));
#2620=CARTESIAN_POINT('Origin',(-0.45,-0.385,0.02));
#2621=CARTESIAN_POINT('',(-0.45,-0.405,0.92));
#2622=CARTESIAN_POINT('',(-0.45,-0.405,0.235));
#2623=CARTESIAN_POINT('',(-0.45,-0.385,0.94));
#2624=CARTESIAN_POINT('Origin',(-0.45,-0.385,0.92));
#2625=CARTESIAN_POINT('',(-0.45,0.385,0.94));
#2626=CARTESIAN_POINT('',(-0.45,0.,0.94));
#2627=CARTESIAN_POINT('',(-0.45,0.405,0.92));
#2628=CARTESIAN_POINT('Origin',(-0.45,0.385,0.92));
#2629=CARTESIAN_POINT('',(-0.45,0.405,0.235));
#2630=CARTESIAN_POINT('Origin',(0.,0.,0.));
#2631=CARTESIAN_POINT('',(0.45,-0.385,0.));
#2632=CARTESIAN_POINT('',(0.45,0.,0.));
#2633=CARTESIAN_POINT('',(-0.4,-0.385,0.));
#2634=CARTESIAN_POINT('Origin',(-0.4,-0.385,0.02));
#2635=CARTESIAN_POINT('',(0.45,-0.405,0.02));
#2636=CARTESIAN_POINT('Origin',(0.45,-0.385,0.02));
#2637=CARTESIAN_POINT('',(-0.4,-0.405,0.02));
#2638=CARTESIAN_POINT('Origin',(0.4,0.385,0.92));
#2639=CARTESIAN_POINT('',(0.45,0.385,0.94));
#2640=CARTESIAN_POINT('',(0.4,0.385,0.94));
#2641=CARTESIAN_POINT('',(0.45,0.405,0.92));
#2642=CARTESIAN_POINT('Origin',(0.45,0.385,0.92));
#2643=CARTESIAN_POINT('',(0.4,0.405,0.92));
#2644=CARTESIAN_POINT('Origin',(0.45,0.,0.47));
#2645=CARTESIAN_POINT('',(0.45,0.405,0.235));
#2646=CARTESIAN_POINT('',(0.45,-0.385,0.94));
#2647=CARTESIAN_POINT('',(0.45,0.,0.94));
#2648=CARTESIAN_POINT('',(0.45,-0.405,0.92));
#2649=CARTESIAN_POINT('Origin',(0.45,-0.385,0.92));
#2650=CARTESIAN_POINT('',(0.45,-0.405,0.235));
#2651=CARTESIAN_POINT('Origin',(0.,0.,0.94));
#2652=CARTESIAN_POINT('',(-0.4,-0.385,0.94));
#2653=CARTESIAN_POINT('Origin',(-0.4,-0.385,0.92));
#2654=CARTESIAN_POINT('',(-0.4,-0.405,0.92));
#2655=CARTESIAN_POINT('Origin',(0.8,0.405,0.));
#2656=CARTESIAN_POINT('Origin',(-0.8,-0.405,0.));
#2657=CARTESIAN_POINT('',(0.,0.,0.));
#2658=CARTESIAN_POINT('Origin',(0.78,0.385,0.02));
#2659=CARTESIAN_POINT('',(0.8,0.385,0.02));
#2660=CARTESIAN_POINT('',(0.78,0.405,0.02));
#2661=CARTESIAN_POINT('Origin',(0.78,0.385,0.02));
#2662=CARTESIAN_POINT('',(0.78,0.385,0.));
#2663=CARTESIAN_POINT('Origin',(0.78,0.385,0.02));
#2664=CARTESIAN_POINT('Origin',(0.78,0.385,0.02));
#2665=CARTESIAN_POINT('Origin',(0.78,-0.385,0.02));
#2666=CARTESIAN_POINT('',(0.78,-0.405,0.02));
#2667=CARTESIAN_POINT('',(0.8,-0.385,0.02));
#2668=CARTESIAN_POINT('Origin',(0.78,-0.385,0.02));
#2669=CARTESIAN_POINT('',(0.78,-0.385,0.));
#2670=CARTESIAN_POINT('Origin',(0.78,-0.385,0.02));
#2671=CARTESIAN_POINT('Origin',(0.78,-0.385,0.02));
#2672=CARTESIAN_POINT('Origin',(-0.4,-0.385,0.02));
#2673=CARTESIAN_POINT('',(0.45,-0.405,0.02));
#2674=CARTESIAN_POINT('',(0.45,-0.385,0.));
#2675=CARTESIAN_POINT('Origin',(0.45,-0.385,0.02));
#2676=CARTESIAN_POINT('',(-0.4,-0.385,0.));
#2677=CARTESIAN_POINT('',(-0.4,-0.405,0.02));
#2678=CARTESIAN_POINT('Origin',(0.78,-0.2025,0.02));
#2679=CARTESIAN_POINT('',(0.8,-0.2025,0.02));
#2680=CARTESIAN_POINT('',(0.78,-0.2025,0.));
#2681=CARTESIAN_POINT('Origin',(0.78,0.385,0.92));
#2682=CARTESIAN_POINT('',(0.8,0.385,0.92));
#2683=CARTESIAN_POINT('',(0.78,0.385,0.94));
#2684=CARTESIAN_POINT('Origin',(0.78,0.385,0.92));
#2685=CARTESIAN_POINT('',(0.78,0.405,0.92));
#2686=CARTESIAN_POINT('Origin',(0.78,0.385,0.92));
#2687=CARTESIAN_POINT('Origin',(0.78,0.385,0.92));
#2688=CARTESIAN_POINT('Origin',(0.78,0.385,0.));
#2689=CARTESIAN_POINT('',(0.8,0.385,0.));
#2690=CARTESIAN_POINT('',(0.78,0.405,0.));
#2691=CARTESIAN_POINT('Origin',(0.4,0.385,0.92));
#2692=CARTESIAN_POINT('',(0.45,0.405,0.92));
#2693=CARTESIAN_POINT('',(0.45,0.385,0.94));
#2694=CARTESIAN_POINT('Origin',(0.45,0.385,0.92));
#2695=CARTESIAN_POINT('',(0.4,0.385,0.94));
#2696=CARTESIAN_POINT('',(0.4,0.405,0.92));
#2697=CARTESIAN_POINT('Origin',(0.78,-0.385,0.92));
#2698=CARTESIAN_POINT('',(0.78,-0.405,0.92));
#2699=CARTESIAN_POINT('',(0.78,-0.385,0.94));
#2700=CARTESIAN_POINT('Origin',(0.78,-0.385,0.92));
#2701=CARTESIAN_POINT('',(0.8,-0.385,0.92));
#2702=CARTESIAN_POINT('Origin',(0.78,-0.385,0.92));
#2703=CARTESIAN_POINT('Origin',(0.78,-0.385,0.92));
#2704=CARTESIAN_POINT('Origin',(0.78,-0.385,0.));
#2705=CARTESIAN_POINT('',(0.78,-0.405,0.));
#2706=CARTESIAN_POINT('',(0.8,-0.385,0.));
#2707=CARTESIAN_POINT('Origin',(0.78,-0.2025,0.92));
#2708=CARTESIAN_POINT('',(0.78,-0.2025,0.94));
#2709=CARTESIAN_POINT('',(0.8,-0.2025,0.92));
#2710=CARTESIAN_POINT('Origin',(-0.4,-0.385,0.92));
#2711=CARTESIAN_POINT('',(0.45,-0.385,0.94));
#2712=CARTESIAN_POINT('',(0.45,-0.405,0.92));
#2713=CARTESIAN_POINT('Origin',(0.45,-0.385,0.92));
#2714=CARTESIAN_POINT('',(-0.4,-0.405,0.92));
#2715=CARTESIAN_POINT('',(-0.4,-0.385,0.94));
#2716=CARTESIAN_POINT('Origin',(0.4,0.385,0.02));
#2717=CARTESIAN_POINT('',(0.45,0.385,0.));
#2718=CARTESIAN_POINT('',(0.45,0.405,0.02));
#2719=CARTESIAN_POINT('Origin',(0.45,0.385,0.02));
#2720=CARTESIAN_POINT('',(0.4,0.405,0.02));
#2721=CARTESIAN_POINT('',(0.4,0.385,0.));
#2722=CARTESIAN_POINT('Origin',(0.,0.,0.94));
#2723=CARTESIAN_POINT('',(0.45,0.,0.94));
#2724=CARTESIAN_POINT('Origin',(0.8,0.405,0.));
#2725=CARTESIAN_POINT('',(0.45,0.405,0.235));
#2726=CARTESIAN_POINT('Origin',(0.8,-0.405,0.));
#2727=CARTESIAN_POINT('Origin',(0.45,0.,0.47));
#2728=CARTESIAN_POINT('',(0.45,0.,0.));
#2729=CARTESIAN_POINT('',(0.45,-0.405,0.235));
#2730=CARTESIAN_POINT('Origin',(-0.8,-0.405,0.));
#2731=CARTESIAN_POINT('Origin',(0.,0.,0.));
#2732=CARTESIAN_POINT('Origin',(-0.78,0.385,0.02));
#2733=CARTESIAN_POINT('',(-0.78,0.385,0.));
#2734=CARTESIAN_POINT('',(-0.78,0.405,0.02));
#2735=CARTESIAN_POINT('Origin',(-0.78,0.385,0.02));
#2736=CARTESIAN_POINT('',(-0.8,0.385,0.02));
#2737=CARTESIAN_POINT('Origin',(-0.78,0.385,0.02));
#2738=CARTESIAN_POINT('Origin',(-0.78,0.385,0.02));
#2739=CARTESIAN_POINT('Origin',(-0.78,-0.385,0.02));
#2740=CARTESIAN_POINT('',(-0.78,-0.385,0.));
#2741=CARTESIAN_POINT('',(-0.8,-0.385,0.02));
#2742=CARTESIAN_POINT('Origin',(-0.78,-0.385,0.02));
#2743=CARTESIAN_POINT('',(-0.78,-0.405,0.02));
#2744=CARTESIAN_POINT('Origin',(-0.78,-0.385,0.02));
#2745=CARTESIAN_POINT('Origin',(-0.78,-0.385,0.02));
#2746=CARTESIAN_POINT('Origin',(0.4,-0.385,0.02));
#2747=CARTESIAN_POINT('',(-0.45,-0.385,0.));
#2748=CARTESIAN_POINT('',(-0.45,-0.405,0.02));
#2749=CARTESIAN_POINT('Origin',(-0.45,-0.385,0.02));
#2750=CARTESIAN_POINT('',(0.4,-0.405,0.02));
#2751=CARTESIAN_POINT('',(0.4,-0.385,0.));
#2752=CARTESIAN_POINT('Origin',(-0.78,0.385,0.92));
#2753=CARTESIAN_POINT('',(-0.78,0.405,0.92));
#2754=CARTESIAN_POINT('',(-0.78,0.385,0.94));
#2755=CARTESIAN_POINT('Origin',(-0.78,0.385,0.92));
#2756=CARTESIAN_POINT('',(-0.8,0.385,0.92));
#2757=CARTESIAN_POINT('Origin',(-0.78,0.385,0.92));
#2758=CARTESIAN_POINT('Origin',(-0.78,0.385,0.92));
#2759=CARTESIAN_POINT('Origin',(-0.78,0.385,0.));
#2760=CARTESIAN_POINT('',(-0.78,0.405,0.));
#2761=CARTESIAN_POINT('',(-0.8,0.385,0.));
#2762=CARTESIAN_POINT('Origin',(-0.78,-0.385,0.92));
#2763=CARTESIAN_POINT('',(-0.8,-0.385,0.92));
#2764=CARTESIAN_POINT('',(-0.78,-0.385,0.94));
#2765=CARTESIAN_POINT('Origin',(-0.78,-0.385,0.92));
#2766=CARTESIAN_POINT('',(-0.78,-0.405,0.92));
#2767=CARTESIAN_POINT('Origin',(-0.78,-0.385,0.92));
#2768=CARTESIAN_POINT('Origin',(-0.78,-0.385,0.92));
#2769=CARTESIAN_POINT('Origin',(-0.78,-0.385,0.));
#2770=CARTESIAN_POINT('',(-0.8,-0.385,0.));
#2771=CARTESIAN_POINT('',(-0.78,-0.405,0.));
#2772=CARTESIAN_POINT('Origin',(0.4,-0.385,0.92));
#2773=CARTESIAN_POINT('',(-0.45,-0.405,0.92));
#2774=CARTESIAN_POINT('',(-0.45,-0.385,0.94));
#2775=CARTESIAN_POINT('Origin',(-0.45,-0.385,0.92));
#2776=CARTESIAN_POINT('',(0.4,-0.385,0.94));
#2777=CARTESIAN_POINT('',(0.4,-0.405,0.92));
#2778=CARTESIAN_POINT('Origin',(-0.78,-0.2025,0.92));
#2779=CARTESIAN_POINT('',(-0.8,-0.2025,0.92));
#2780=CARTESIAN_POINT('',(-0.78,-0.2025,0.94));
#2781=CARTESIAN_POINT('Origin',(-0.4,0.385,0.92));
#2782=CARTESIAN_POINT('',(-0.45,0.385,0.94));
#2783=CARTESIAN_POINT('',(-0.45,0.405,0.92));
#2784=CARTESIAN_POINT('Origin',(-0.45,0.385,0.92));
#2785=CARTESIAN_POINT('',(-0.4,0.405,0.92));
#2786=CARTESIAN_POINT('',(-0.4,0.385,0.94));
#2787=CARTESIAN_POINT('Origin',(-0.78,-0.2025,0.02));
#2788=CARTESIAN_POINT('',(-0.78,-0.2025,0.));
#2789=CARTESIAN_POINT('',(-0.8,-0.2025,0.02));
#2790=CARTESIAN_POINT('Origin',(-0.4,0.385,0.02));
#2791=CARTESIAN_POINT('',(-0.45,0.405,0.02));
#2792=CARTESIAN_POINT('',(-0.45,0.385,0.));
#2793=CARTESIAN_POINT('Origin',(-0.45,0.385,0.02));
#2794=CARTESIAN_POINT('',(-0.4,0.385,0.));
#2795=CARTESIAN_POINT('',(-0.4,0.405,0.02));
#2796=CARTESIAN_POINT('Origin',(0.8,-0.405,0.));
#2797=CARTESIAN_POINT('',(-0.45,-0.405,0.235));
#2798=CARTESIAN_POINT('Origin',(0.,0.,0.));
#2799=CARTESIAN_POINT('',(-0.45,0.,0.));
#2800=CARTESIAN_POINT('Origin',(-0.8,-0.405,0.));
#2801=CARTESIAN_POINT('Origin',(-0.45,0.,0.47));
#2802=CARTESIAN_POINT('',(-0.45,0.405,0.235));
#2803=CARTESIAN_POINT('',(-0.45,0.,0.94));
#2804=CARTESIAN_POINT('Origin',(-0.8,0.405,0.));
#2805=CARTESIAN_POINT('Origin',(0.,0.,0.94));
#2806=CARTESIAN_POINT('',(0.,0.,0.));
#2807=CARTESIAN_POINT('Origin',(0.599482734472,-0.1065503398114,0.0009));
#2808=CARTESIAN_POINT('',(0.6106864504891,-0.078820169588,0.0009));
#2809=CARTESIAN_POINT('',(0.599482734472,-0.1065503398114,0.0009));
#2810=CARTESIAN_POINT('',(0.6106864504891,-0.078820169588,0.0009));
#2811=CARTESIAN_POINT('',(0.5882790184549,-0.078820169588,0.0009));
#2812=CARTESIAN_POINT('',(0.599482734472,-0.1065503398114,0.0009));
#2813=CARTESIAN_POINT('',(0.5882790184549,-0.078820169588,0.0009));
#2814=CARTESIAN_POINT('Origin',(0.60508459248055,-0.0926852546997,0.0009));
#2815=CARTESIAN_POINT('',(0.599482734472,-0.1065503398114,0.001));
#2816=CARTESIAN_POINT('',(0.6106864504891,-0.078820169588,0.001));
#2817=CARTESIAN_POINT('',(0.599482734472,-0.1065503398114,0.001));
#2818=CARTESIAN_POINT('',(0.599482734472,-0.1065503398114,0.001));
#2819=CARTESIAN_POINT('',(0.6106864504891,-0.078820169588,0.001));
#2820=CARTESIAN_POINT('Origin',(0.599482734472,-0.078820169588,0.0009));
#2821=CARTESIAN_POINT('',(0.5882790184549,-0.078820169588,0.001));
#2822=CARTESIAN_POINT('',(0.6106864504891,-0.078820169588,0.001));
#2823=CARTESIAN_POINT('',(0.5882790184549,-0.078820169588,0.001));
#2824=CARTESIAN_POINT('Origin',(0.59388087646345,-0.0926852546997,0.0009));
#2825=CARTESIAN_POINT('',(0.5882790184549,-0.078820169588,0.001));
#2826=CARTESIAN_POINT('Origin',(0.599482734472,-0.1065503398114,0.001));
#2827=CARTESIAN_POINT('Origin',(0.4894260138488,-0.160259075652,0.0009));
#2828=CARTESIAN_POINT('',(0.522329467702,-0.078820169588,0.0009));
#2829=CARTESIAN_POINT('',(0.4894260138488,-0.160259075652,0.0009));
#2830=CARTESIAN_POINT('',(0.522329467702,-0.078820169588,0.0009));
#2831=CARTESIAN_POINT('',(0.4565225599956,-0.078820169588,0.0009));
#2832=CARTESIAN_POINT('',(0.4894260138488,-0.160259075652,0.0009));
#2833=CARTESIAN_POINT('',(0.4761425599956,-0.078820169588,0.0009));
#2834=CARTESIAN_POINT('',(0.4565225599956,-0.078820169588,0.0009));
#2835=CARTESIAN_POINT('',(0.4894260138488,-0.111697871588,0.0009));
#2836=CARTESIAN_POINT('',(0.4761425599956,-0.078820169588,0.0009));
#2837=CARTESIAN_POINT('',(0.50270946770198,-0.078820169588,0.0009));
#2838=CARTESIAN_POINT('',(0.4894260138488,-0.111697871588,0.0009));
#2839=CARTESIAN_POINT('',(0.50270946770198,-0.078820169588,0.0009));
#2840=CARTESIAN_POINT('Origin',(0.5058777407754,-0.11953962262,0.0009));
#2841=CARTESIAN_POINT('',(0.4894260138488,-0.160259075652,0.001));
#2842=CARTESIAN_POINT('',(0.522329467702,-0.078820169588,0.001));
#2843=CARTESIAN_POINT('',(0.4894260138488,-0.160259075652,0.001));
#2844=CARTESIAN_POINT('',(0.4894260138488,-0.160259075652,0.001));
#2845=CARTESIAN_POINT('',(0.522329467702,-0.078820169588,0.001));
#2846=CARTESIAN_POINT('Origin',(0.51251946770199,-0.078820169588,0.0009));
#2847=CARTESIAN_POINT('',(0.50270946770198,-0.078820169588,0.001));
#2848=CARTESIAN_POINT('',(0.522329467702,-0.078820169588,0.001));
#2849=CARTESIAN_POINT('',(0.50270946770198,-0.078820169588,0.001));
#2850=CARTESIAN_POINT('Origin',(0.49606774077539,-0.095259020588,0.0009));
#2851=CARTESIAN_POINT('',(0.4894260138488,-0.111697871588,0.001));
#2852=CARTESIAN_POINT('',(0.50270946770198,-0.078820169588,0.001));
#2853=CARTESIAN_POINT('',(0.4894260138488,-0.111697871588,0.001));
#2854=CARTESIAN_POINT('Origin',(0.4827842869222,-0.095259020588,0.0009));
#2855=CARTESIAN_POINT('',(0.4761425599956,-0.078820169588,0.001));
#2856=CARTESIAN_POINT('',(0.4894260138488,-0.111697871588,0.001));
#2857=CARTESIAN_POINT('',(0.4761425599956,-0.078820169588,0.001));
#2858=CARTESIAN_POINT('Origin',(0.4663325599956,-0.078820169588,0.0009));
#2859=CARTESIAN_POINT('',(0.4565225599956,-0.078820169588,0.001));
#2860=CARTESIAN_POINT('',(0.4761425599956,-0.078820169588,0.001));
#2861=CARTESIAN_POINT('',(0.4565225599956,-0.078820169588,0.001));
#2862=CARTESIAN_POINT('Origin',(0.4729742869222,-0.11953962262,0.0009));
#2863=CARTESIAN_POINT('',(0.4565225599956,-0.078820169588,0.001));
#2864=CARTESIAN_POINT('Origin',(0.4894260138488,-0.160259075652,0.001));
#2865=CARTESIAN_POINT('Origin',(0.40203667506545,-0.133284989218475,0.0009));
#2866=CARTESIAN_POINT('',(0.4120667058204,-0.133284989218463,0.0009));
#2867=CARTESIAN_POINT('',(0.3920066443105,-0.133284989218463,0.0009));
#2868=CARTESIAN_POINT('',(0.4120667058204,-0.133284989218463,0.0009));
#2869=CARTESIAN_POINT('',(0.4020366750655,-0.1084597919575,0.0009));
#2870=CARTESIAN_POINT('',(0.3920066443105,-0.133284989218474,0.0009));
#2871=CARTESIAN_POINT('',(0.4020366750654,-0.1084597919575,0.0009));
#2872=CARTESIAN_POINT('Origin',(0.40203667506545,-0.133284989218463,0.0009));
#2873=CARTESIAN_POINT('',(0.3920066443105,-0.133284989218463,0.001));
#2874=CARTESIAN_POINT('',(0.4120667058204,-0.133284989218463,0.001));
#2875=CARTESIAN_POINT('',(0.3920066443105,-0.133284989218463,0.001));
#2876=CARTESIAN_POINT('',(0.3920066443105,-0.133284989218463,0.001));
#2877=CARTESIAN_POINT('',(0.4120667058204,-0.133284989218463,0.001));
#2878=CARTESIAN_POINT('Origin',(0.40705169044295,-0.120872390587982,0.0009));
#2879=CARTESIAN_POINT('',(0.4020366750655,-0.1084597919575,0.001));
#2880=CARTESIAN_POINT('',(0.4120667058204,-0.133284989218463,0.001));
#2881=CARTESIAN_POINT('',(0.4020366750655,-0.1084597919575,0.001));
#2882=CARTESIAN_POINT('Origin',(0.397021659688,-0.120872390587981,0.0009));
#2883=CARTESIAN_POINT('',(0.4020366750655,-0.1084597919575,0.001));
#2884=CARTESIAN_POINT('Origin',(0.40203667506545,-0.133284989218463,0.001));
#2885=CARTESIAN_POINT('Origin',(0.59948273447205,-0.192580169588,0.0009));
#2886=CARTESIAN_POINT('',(0.6101150617055,-0.192580169588,0.0009));
#2887=CARTESIAN_POINT('',(0.5888504072386,-0.192580169588,0.0009));
#2888=CARTESIAN_POINT('',(0.6101150617055,-0.192580169588,0.0009));
#2889=CARTESIAN_POINT('',(0.599482734472,-0.1662642362312,0.0009));
#2890=CARTESIAN_POINT('',(0.5888504072386,-0.192580169588,0.0009));
#2891=CARTESIAN_POINT('',(0.599482734472,-0.1662642362312,0.0009));
#2892=CARTESIAN_POINT('Origin',(0.59948273447205,-0.192580169588,0.0009));
#2893=CARTESIAN_POINT('',(0.5888504072386,-0.192580169588,0.001));
#2894=CARTESIAN_POINT('',(0.6101150617055,-0.192580169588,0.001));
#2895=CARTESIAN_POINT('',(0.5888504072386,-0.192580169588,0.001));
#2896=CARTESIAN_POINT('',(0.5888504072386,-0.192580169588,0.001));
#2897=CARTESIAN_POINT('',(0.6101150617055,-0.192580169588,0.001));
#2898=CARTESIAN_POINT('Origin',(0.60479889808875,-0.1794222029096,0.0009));
#2899=CARTESIAN_POINT('',(0.599482734472,-0.1662642362312,0.001));
#2900=CARTESIAN_POINT('',(0.6101150617055,-0.192580169588,0.001));
#2901=CARTESIAN_POINT('',(0.599482734472,-0.1662642362312,0.001));
#2902=CARTESIAN_POINT('Origin',(0.5941665708553,-0.1794222029096,0.0009));
#2903=CARTESIAN_POINT('',(0.599482734472,-0.1662642362312,0.001));
#2904=CARTESIAN_POINT('Origin',(0.59948273447205,-0.192580169588,0.001));
#2905=CARTESIAN_POINT('Origin',(0.542118532521683,-0.192580169588,0.0009));
#2906=CARTESIAN_POINT('',(0.5175842831946,-0.192580169588,0.0009));
#2907=CARTESIAN_POINT('',(0.497964283194566,-0.192580169588,0.0009));
#2908=CARTESIAN_POINT('',(0.5175842831946,-0.192580169588,0.0009));
#2909=CARTESIAN_POINT('',(0.5439263066455,-0.078820169588,0.0009));
#2910=CARTESIAN_POINT('',(0.497964283194567,-0.192580169588,0.0009));
#2911=CARTESIAN_POINT('',(0.5635463066455,-0.078820169588,0.0009));
#2912=CARTESIAN_POINT('',(0.5439263066455,-0.078820169588,0.0009));
#2913=CARTESIAN_POINT('',(0.5862727818488,-0.135070169588,0.0009));
#2914=CARTESIAN_POINT('',(0.5635463066456,-0.078820169588,0.0009));
#2915=CARTESIAN_POINT('',(0.563037233601,-0.192580169588,0.0009));
#2916=CARTESIAN_POINT('',(0.5862727818488,-0.135070169587998,0.0009));
#2917=CARTESIAN_POINT('',(0.543417233601,-0.192580169588,0.0009));
#2918=CARTESIAN_POINT('',(0.563037233601,-0.192580169588,0.0009));
#2919=CARTESIAN_POINT('',(0.563563297758,-0.142716911045,0.0009));
#2920=CARTESIAN_POINT('',(0.543417233601,-0.192580169588,0.0009));
#2921=CARTESIAN_POINT('',(0.5506468225548,-0.110747513077,0.0009));
#2922=CARTESIAN_POINT('',(0.563563297758,-0.142716911045,0.0009));
#2923=CARTESIAN_POINT('',(0.5506468225548,-0.110747513077,0.0009));
#2924=CARTESIAN_POINT('Origin',(0.507774283194583,-0.192580169588,0.0009));
#2925=CARTESIAN_POINT('',(0.497964283194566,-0.192580169588,0.001));
#2926=CARTESIAN_POINT('',(0.5175842831946,-0.192580169588,0.001));
#2927=CARTESIAN_POINT('',(0.497964283194566,-0.192580169588,0.001));
#2928=CARTESIAN_POINT('',(0.497964283194566,-0.192580169588,0.001));
#2929=CARTESIAN_POINT('',(0.5175842831946,-0.192580169588,0.001));
#2930=CARTESIAN_POINT('Origin',(0.5341155528747,-0.1516638413325,0.0009));
#2931=CARTESIAN_POINT('',(0.5506468225548,-0.110747513077,0.001));
#2932=CARTESIAN_POINT('',(0.5175842831946,-0.192580169588,0.001));
#2933=CARTESIAN_POINT('',(0.5506468225548,-0.110747513077,0.001));
#2934=CARTESIAN_POINT('Origin',(0.5571050601564,-0.126732212061,0.0009));
#2935=CARTESIAN_POINT('',(0.563563297758,-0.142716911045,0.001));
#2936=CARTESIAN_POINT('',(0.5506468225548,-0.110747513077,0.001));
#2937=CARTESIAN_POINT('',(0.563563297758,-0.142716911045,0.001));
#2938=CARTESIAN_POINT('Origin',(0.5534902656795,-0.1676485403165,0.0009));
#2939=CARTESIAN_POINT('',(0.543417233601,-0.192580169588,0.001));
#2940=CARTESIAN_POINT('',(0.563563297758,-0.142716911045,0.001));
#2941=CARTESIAN_POINT('',(0.543417233601,-0.192580169588,0.001));
#2942=CARTESIAN_POINT('Origin',(0.553227233601,-0.192580169588,0.0009));
#2943=CARTESIAN_POINT('',(0.563037233601,-0.192580169588,0.001));
#2944=CARTESIAN_POINT('',(0.543417233601,-0.192580169588,0.001));
#2945=CARTESIAN_POINT('',(0.563037233601,-0.192580169588,0.001));
#2946=CARTESIAN_POINT('Origin',(0.5746550077249,-0.163825169588,0.0009));
#2947=CARTESIAN_POINT('',(0.5862727818488,-0.135070169588,0.001));
#2948=CARTESIAN_POINT('',(0.563037233601,-0.192580169588,0.001));
#2949=CARTESIAN_POINT('',(0.5862727818488,-0.135070169588,0.001));
#2950=CARTESIAN_POINT('Origin',(0.5749095442472,-0.106945169588,0.0009));
#2951=CARTESIAN_POINT('',(0.5635463066455,-0.078820169588,0.001));
#2952=CARTESIAN_POINT('',(0.5862727818488,-0.135070169588,0.001));
#2953=CARTESIAN_POINT('',(0.5635463066455,-0.078820169588,0.001));
#2954=CARTESIAN_POINT('Origin',(0.5537363066455,-0.078820169588,0.0009));
#2955=CARTESIAN_POINT('',(0.5439263066455,-0.078820169588,0.001));
#2956=CARTESIAN_POINT('',(0.5635463066455,-0.078820169588,0.001));
#2957=CARTESIAN_POINT('',(0.5439263066455,-0.078820169588,0.001));
#2958=CARTESIAN_POINT('Origin',(0.520945294920031,-0.135700169588,0.0009));
#2959=CARTESIAN_POINT('',(0.5439263066455,-0.078820169588,0.001));
#2960=CARTESIAN_POINT('Origin',(0.542118532521682,-0.192580169588,0.001));
#2961=CARTESIAN_POINT('Origin',(0.3590009185743,-0.192580169588,0.0009));
#2962=CARTESIAN_POINT('',(0.3458299068488,-0.192580169588,0.0009));
#2963=CARTESIAN_POINT('',(0.3262099068488,-0.192580169588,0.0009));
#2964=CARTESIAN_POINT('',(0.3458299068488,-0.192580169588,0.0009));
#2965=CARTESIAN_POINT('',(0.3721719302998,-0.078820169588,0.0009));
#2966=CARTESIAN_POINT('',(0.3262099068488,-0.192580169588,0.0009));
#2967=CARTESIAN_POINT('',(0.3917919302998,-0.078820169588,0.0009));
#2968=CARTESIAN_POINT('',(0.3721719302998,-0.078820169588,0.0009));
#2969=CARTESIAN_POINT('',(0.3917919302998,-0.078820169588,0.0009));
#2970=CARTESIAN_POINT('Origin',(0.3360199068488,-0.192580169588,0.0009));
#2971=CARTESIAN_POINT('',(0.3262099068488,-0.192580169588,0.001));
#2972=CARTESIAN_POINT('',(0.3458299068488,-0.192580169588,0.001));
#2973=CARTESIAN_POINT('',(0.3262099068488,-0.192580169588,0.001));
#2974=CARTESIAN_POINT('',(0.3262099068488,-0.192580169588,0.001));
#2975=CARTESIAN_POINT('',(0.3458299068488,-0.192580169588,0.001));
#2976=CARTESIAN_POINT('Origin',(0.3688109185743,-0.135700169588,0.0009));
#2977=CARTESIAN_POINT('',(0.3917919302998,-0.078820169588,0.001));
#2978=CARTESIAN_POINT('',(0.3458299068488,-0.192580169588,0.001));
#2979=CARTESIAN_POINT('',(0.3917919302998,-0.078820169588,0.001));
#2980=CARTESIAN_POINT('Origin',(0.3819819302998,-0.078820169588,0.0009));
#2981=CARTESIAN_POINT('',(0.3721719302998,-0.078820169588,0.001));
#2982=CARTESIAN_POINT('',(0.3917919302998,-0.078820169588,0.001));
#2983=CARTESIAN_POINT('',(0.3721719302998,-0.078820169588,0.001));
#2984=CARTESIAN_POINT('Origin',(0.3491909185743,-0.135700169588,0.0009));
#2985=CARTESIAN_POINT('',(0.3721719302998,-0.078820169588,0.001));
#2986=CARTESIAN_POINT('Origin',(0.3590009185743,-0.192580169588,0.001));
#2987=CARTESIAN_POINT('Origin',(0.446343713083,-0.192580169588,0.0009));
#2988=CARTESIAN_POINT('',(0.4791347248085,-0.192580169588,0.0009));
#2989=CARTESIAN_POINT('',(0.4331727013575,-0.078820169588,0.0009));
#2990=CARTESIAN_POINT('',(0.4791347248085,-0.192580169588,0.0009));
#2991=CARTESIAN_POINT('',(0.4595147248085,-0.192580169588,0.0009));
#2992=CARTESIAN_POINT('',(0.4595147248085,-0.192580169588,0.0009));
#2993=CARTESIAN_POINT('',(0.4135527013576,-0.078820169588,0.0009));
#2994=CARTESIAN_POINT('',(0.4135527013575,-0.078820169588,0.0009));
#2995=CARTESIAN_POINT('',(0.4331727013575,-0.078820169588,0.0009));
#2996=CARTESIAN_POINT('Origin',(0.456153713083,-0.135700169588,0.0009));
#2997=CARTESIAN_POINT('',(0.4331727013575,-0.078820169588,0.001));
#2998=CARTESIAN_POINT('',(0.4791347248085,-0.192580169588,0.001));
#2999=CARTESIAN_POINT('',(0.4331727013575,-0.078820169588,0.001));
#3000=CARTESIAN_POINT('',(0.4791347248085,-0.192580169588,0.001));
#3001=CARTESIAN_POINT('',(0.4331727013575,-0.078820169588,0.001));
#3002=CARTESIAN_POINT('Origin',(0.42336270135755,-0.078820169588,0.0009));
#3003=CARTESIAN_POINT('',(0.4135527013576,-0.078820169588,0.001));
#3004=CARTESIAN_POINT('',(0.4135527013576,-0.078820169588,0.001));
#3005=CARTESIAN_POINT('',(0.4135527013576,-0.078820169588,0.001));
#3006=CARTESIAN_POINT('Origin',(0.436533713083,-0.135700169588,0.0009));
#3007=CARTESIAN_POINT('',(0.4595147248085,-0.192580169588,0.001));
#3008=CARTESIAN_POINT('',(0.4595147248085,-0.192580169588,0.001));
#3009=CARTESIAN_POINT('',(0.4595147248085,-0.192580169588,0.001));
#3010=CARTESIAN_POINT('Origin',(0.4693247248085,-0.192580169588,0.0009));
#3011=CARTESIAN_POINT('',(0.4791347248085,-0.192580169588,0.001));
#3012=CARTESIAN_POINT('Origin',(0.446343713083,-0.192580169588,0.001));
#3013=CARTESIAN_POINT('Origin',(0.6339191788637,-0.192580169588,0.0009));
#3014=CARTESIAN_POINT('',(0.6357269529876,-0.192580169588,0.0009));
#3015=CARTESIAN_POINT('',(0.6124914047398,-0.135070169588,0.0009));
#3016=CARTESIAN_POINT('',(0.6357269529876,-0.192580169588,0.0009));
#3017=CARTESIAN_POINT('',(0.635217879943,-0.078820169588,0.0009));
#3018=CARTESIAN_POINT('',(0.6124914047398,-0.135070169588,0.0009));
#3019=CARTESIAN_POINT('',(0.654837879943,-0.078820169588,0.0009));
#3020=CARTESIAN_POINT('',(0.635217879943,-0.078820169588,0.0009));
#3021=CARTESIAN_POINT('',(0.6321114047398,-0.135070169588,0.0009));
#3022=CARTESIAN_POINT('',(0.654837879943,-0.078820169588,0.0009));
#3023=CARTESIAN_POINT('',(0.6553469529876,-0.192580169588,0.0009));
#3024=CARTESIAN_POINT('',(0.6321114047398,-0.135070169588,0.0009));
#3025=CARTESIAN_POINT('',(0.6553469529876,-0.192580169588,0.0009));
#3026=CARTESIAN_POINT('Origin',(0.6241091788637,-0.163825169588,0.0009));
#3027=CARTESIAN_POINT('',(0.6124914047398,-0.135070169588,0.001));
#3028=CARTESIAN_POINT('',(0.6357269529876,-0.192580169588,0.001));
#3029=CARTESIAN_POINT('',(0.6124914047398,-0.135070169588,0.001));
#3030=CARTESIAN_POINT('',(0.6124914047398,-0.135070169588,0.001));
#3031=CARTESIAN_POINT('',(0.6357269529876,-0.192580169588,0.001));
#3032=CARTESIAN_POINT('Origin',(0.6455369529876,-0.192580169588,0.0009));
#3033=CARTESIAN_POINT('',(0.6553469529876,-0.192580169588,0.001));
#3034=CARTESIAN_POINT('',(0.6357269529876,-0.192580169588,0.001));
#3035=CARTESIAN_POINT('',(0.6553469529876,-0.192580169588,0.001));
#3036=CARTESIAN_POINT('Origin',(0.6437291788637,-0.163825169588,0.0009));
#3037=CARTESIAN_POINT('',(0.6321114047398,-0.135070169588,0.001));
#3038=CARTESIAN_POINT('',(0.6553469529876,-0.192580169588,0.001));
#3039=CARTESIAN_POINT('',(0.6321114047398,-0.135070169588,0.001));
#3040=CARTESIAN_POINT('Origin',(0.6434746423414,-0.106945169588,0.0009));
#3041=CARTESIAN_POINT('',(0.654837879943,-0.078820169588,0.001));
#3042=CARTESIAN_POINT('',(0.6321114047398,-0.135070169588,0.001));
#3043=CARTESIAN_POINT('',(0.654837879943,-0.078820169588,0.001));
#3044=CARTESIAN_POINT('Origin',(0.645027879943,-0.078820169588,0.0009));
#3045=CARTESIAN_POINT('',(0.635217879943,-0.078820169588,0.001));
#3046=CARTESIAN_POINT('',(0.654837879943,-0.078820169588,0.001));
#3047=CARTESIAN_POINT('',(0.635217879943,-0.078820169588,0.001));
#3048=CARTESIAN_POINT('Origin',(0.6238546423414,-0.106945169588001,0.0009));
#3049=CARTESIAN_POINT('',(0.635217879943,-0.078820169588,0.001));
#3050=CARTESIAN_POINT('Origin',(0.6339191788637,-0.192580169588,0.001));
#3051=CARTESIAN_POINT('Origin',(0.40256545132415,-0.192580169588,0.0009));
#3052=CARTESIAN_POINT('',(0.3888735877747,-0.192580169588,0.0009));
#3053=CARTESIAN_POINT('',(0.3692535877747,-0.192580169588,0.0009));
#3054=CARTESIAN_POINT('',(0.3888735877747,-0.192580169588,0.0009));
#3055=CARTESIAN_POINT('',(0.3831340270567,-0.1582248768013,0.0009));
#3056=CARTESIAN_POINT('',(0.3692535877747,-0.192580169588,0.0009));
#3057=CARTESIAN_POINT('',(0.4219968755916,-0.1582248768013,0.0009));
#3058=CARTESIAN_POINT('',(0.3831340270567,-0.1582248768013,0.0009));
#3059=CARTESIAN_POINT('',(0.4358773148736,-0.192580169588,0.0009));
#3060=CARTESIAN_POINT('',(0.4219968755916,-0.1582248768013,0.0009));
#3061=CARTESIAN_POINT('',(0.4162573148736,-0.192580169588,0.0009));
#3062=CARTESIAN_POINT('',(0.4358773148736,-0.192580169588,0.0009));
#3063=CARTESIAN_POINT('',(0.4097162071795,-0.1763903599275,0.0009));
#3064=CARTESIAN_POINT('',(0.4162573148737,-0.192580169588,0.0009));
#3065=CARTESIAN_POINT('',(0.3954146954688,-0.1763903599275,0.0009));
#3066=CARTESIAN_POINT('',(0.4097162071795,-0.1763903599275,0.0009));
#3067=CARTESIAN_POINT('',(0.3954146954688,-0.1763903599275,0.0009));
#3068=CARTESIAN_POINT('Origin',(0.3790635877747,-0.192580169588,0.0009));
#3069=CARTESIAN_POINT('',(0.3692535877747,-0.192580169588,0.001));
#3070=CARTESIAN_POINT('',(0.3888735877747,-0.192580169588,0.001));
#3071=CARTESIAN_POINT('',(0.3692535877747,-0.192580169588,0.001));
#3072=CARTESIAN_POINT('',(0.3692535877747,-0.192580169588,0.001));
#3073=CARTESIAN_POINT('',(0.3888735877747,-0.192580169588,0.001));
#3074=CARTESIAN_POINT('Origin',(0.39214414162175,-0.18448526475775,0.0009));
#3075=CARTESIAN_POINT('',(0.3954146954688,-0.1763903599275,0.001));
#3076=CARTESIAN_POINT('',(0.3888735877747,-0.192580169588,0.001));
#3077=CARTESIAN_POINT('',(0.3954146954688,-0.1763903599275,0.001));
#3078=CARTESIAN_POINT('Origin',(0.40256545132415,-0.1763903599275,0.0009));
#3079=CARTESIAN_POINT('',(0.4097162071795,-0.1763903599275,0.001));
#3080=CARTESIAN_POINT('',(0.3954146954688,-0.1763903599275,0.001));
#3081=CARTESIAN_POINT('',(0.4097162071795,-0.1763903599275,0.001));
#3082=CARTESIAN_POINT('Origin',(0.4129867610266,-0.18448526475775,0.0009));
#3083=CARTESIAN_POINT('',(0.4162573148736,-0.192580169588,0.001));
#3084=CARTESIAN_POINT('',(0.4097162071795,-0.1763903599275,0.001));
#3085=CARTESIAN_POINT('',(0.4162573148736,-0.192580169588,0.001));
#3086=CARTESIAN_POINT('Origin',(0.4260673148736,-0.192580169588,0.0009));
#3087=CARTESIAN_POINT('',(0.4358773148736,-0.192580169588,0.001));
#3088=CARTESIAN_POINT('',(0.4162573148736,-0.192580169588,0.001));
#3089=CARTESIAN_POINT('',(0.4358773148736,-0.192580169588,0.001));
#3090=CARTESIAN_POINT('Origin',(0.4289370952326,-0.17540252319465,0.0009));
#3091=CARTESIAN_POINT('',(0.4219968755916,-0.1582248768013,0.001));
#3092=CARTESIAN_POINT('',(0.4358773148736,-0.192580169588,0.001));
#3093=CARTESIAN_POINT('',(0.4219968755916,-0.1582248768013,0.001));
#3094=CARTESIAN_POINT('Origin',(0.40256545132415,-0.1582248768013,0.0009));
#3095=CARTESIAN_POINT('',(0.3831340270567,-0.1582248768013,0.001));
#3096=CARTESIAN_POINT('',(0.4219968755916,-0.1582248768013,0.001));
#3097=CARTESIAN_POINT('',(0.3831340270567,-0.1582248768013,0.001));
#3098=CARTESIAN_POINT('Origin',(0.3761938074157,-0.17540252319465,0.0009));
#3099=CARTESIAN_POINT('',(0.3831340270567,-0.1582248768013,0.001));
#3100=CARTESIAN_POINT('Origin',(0.40256545132415,-0.192580169588,0.001));
#3101=CARTESIAN_POINT('',(0.,0.,0.));
#3102=CARTESIAN_POINT('',(0.,0.,0.));
#3103=CARTESIAN_POINT('',(-0.26908117995444,-0.12705647330512,0.94));
#3104=UNCERTAINTY_MEASURE_WITH_UNIT(LENGTH_MEASURE(0.01),#3114,
'DISTANCE_ACCURACY_VALUE',
'Maximum model space distance between geometric entities at asserted c
onnectivities');
#3105=UNCERTAINTY_MEASURE_WITH_UNIT(LENGTH_MEASURE(0.01),#3114,
'DISTANCE_ACCURACY_VALUE',
'Maximum model space distance between geometric entities at asserted c
onnectivities');
#3106=UNCERTAINTY_MEASURE_WITH_UNIT(LENGTH_MEASURE(0.01),#3114,
'DISTANCE_ACCURACY_VALUE',
'Maximum model space distance between geometric entities at asserted c
onnectivities');
#3107=UNCERTAINTY_MEASURE_WITH_UNIT(LENGTH_MEASURE(0.01),#3114,
'DISTANCE_ACCURACY_VALUE',
'Maximum model space distance between geometric entities at asserted c
onnectivities');
#3108=UNCERTAINTY_MEASURE_WITH_UNIT(LENGTH_MEASURE(0.01),#3114,
'DISTANCE_ACCURACY_VALUE',
'Maximum model space distance between geometric entities at asserted c
onnectivities');
#3109=(
GEOMETRIC_REPRESENTATION_CONTEXT(3)
GLOBAL_UNCERTAINTY_ASSIGNED_CONTEXT((#3104))
GLOBAL_UNIT_ASSIGNED_CONTEXT((#3114,#3117,#3116))
REPRESENTATION_CONTEXT('','3D')
);
#3110=(
GEOMETRIC_REPRESENTATION_CONTEXT(3)
GLOBAL_UNCERTAINTY_ASSIGNED_CONTEXT((#3105))
GLOBAL_UNIT_ASSIGNED_CONTEXT((#3114,#3117,#3116))
REPRESENTATION_CONTEXT('','3D')
);
#3111=(
GEOMETRIC_REPRESENTATION_CONTEXT(3)
GLOBAL_UNCERTAINTY_ASSIGNED_CONTEXT((#3106))
GLOBAL_UNIT_ASSIGNED_CONTEXT((#3114,#3117,#3116))
REPRESENTATION_CONTEXT('','3D')
);
#3112=(
GEOMETRIC_REPRESENTATION_CONTEXT(3)
GLOBAL_UNCERTAINTY_ASSIGNED_CONTEXT((#3107))
GLOBAL_UNIT_ASSIGNED_CONTEXT((#3114,#3117,#3116))
REPRESENTATION_CONTEXT('','3D')
);
#3113=(
GEOMETRIC_REPRESENTATION_CONTEXT(3)
GLOBAL_UNCERTAINTY_ASSIGNED_CONTEXT((#3108))
GLOBAL_UNIT_ASSIGNED_CONTEXT((#3114,#3117,#3116))
REPRESENTATION_CONTEXT('','3D')
);
#3114=(
LENGTH_UNIT()
NAMED_UNIT(*)
SI_UNIT(.MILLI.,.METRE.)
);
#3115=(
LENGTH_UNIT()
NAMED_UNIT(*)
SI_UNIT(.CENTI.,.METRE.)
);
#3116=(
NAMED_UNIT(*)
SI_UNIT($,.STERADIAN.)
SOLID_ANGLE_UNIT()
);
#3117=(
NAMED_UNIT(*)
PLANE_ANGLE_UNIT()
SI_UNIT($,.RADIAN.)
);
#3118=SHAPE_DEFINITION_REPRESENTATION(#3122,#3129);
#3119=SHAPE_DEFINITION_REPRESENTATION(#3123,#3130);
#3120=SHAPE_DEFINITION_REPRESENTATION(#3124,#3131);
#3121=SHAPE_DEFINITION_REPRESENTATION(#3125,#3132);
#3122=PRODUCT_DEFINITION_SHAPE('',$,#3134);
#3123=PRODUCT_DEFINITION_SHAPE('',$,#3135);
#3124=PRODUCT_DEFINITION_SHAPE('',$,#3136);
#3125=PRODUCT_DEFINITION_SHAPE('',$,#3137);
#3126=PRODUCT_DEFINITION_SHAPE($,$,#20);
#3127=PRODUCT_DEFINITION_SHAPE($,$,#21);
#3128=PRODUCT_DEFINITION_SHAPE($,$,#22);
#3129=SHAPE_REPRESENTATION('',(#1940,#2094,#2095,#2096),#3109);
#3130=SHAPE_REPRESENTATION('',(#1941),#3110);
#3131=SHAPE_REPRESENTATION('',(#1960),#3111);
#3132=SHAPE_REPRESENTATION('',(#2029),#3112);
#3133=PRODUCT_DEFINITION_CONTEXT('part definition',#3147,'design');
#3134=PRODUCT_DEFINITION('06036C105JAT2A','06036C105JAT2A',#3138,#3133);
#3135=PRODUCT_DEFINITION('Body','Body',#3139,#3133);
#3136=PRODUCT_DEFINITION('Terminals','Terminals',#3140,#3133);
#3137=PRODUCT_DEFINITION('AVX','AVX',#3141,#3133);
#3138=PRODUCT_DEFINITION_FORMATION('',$,#3149);
#3139=PRODUCT_DEFINITION_FORMATION('',$,#3150);
#3140=PRODUCT_DEFINITION_FORMATION('',$,#3151);
#3141=PRODUCT_DEFINITION_FORMATION('',$,#3152);
#3142=PRODUCT_RELATED_PRODUCT_CATEGORY('06036C105JAT2A',
'06036C105JAT2A',(#3149));
#3143=PRODUCT_RELATED_PRODUCT_CATEGORY('Body','Body',(#3150));
#3144=PRODUCT_RELATED_PRODUCT_CATEGORY('Terminals','Terminals',(#3151));
#3145=PRODUCT_RELATED_PRODUCT_CATEGORY('AVX','AVX',(#3152));
#3146=APPLICATION_PROTOCOL_DEFINITION('international standard',
'automotive_design',2009,#3147);
#3147=APPLICATION_CONTEXT(
'Core Data for Automotive Mechanical Design Process');
#3148=PRODUCT_CONTEXT('part definition',#3147,'mechanical');
#3149=PRODUCT('06036C105JAT2A','06036C105JAT2A',$,(#3148));
#3150=PRODUCT('Body','Body',$,(#3148));
#3151=PRODUCT('Terminals','Terminals',$,(#3148));
#3152=PRODUCT('AVX','AVX','FreeCAD Model',(#3148));
ENDSEC;
END-ISO-10303-21;
