ISO-10303-21;
HEADER;
/* Generated by software containing ST-Developer
 * from STEP Tools, Inc. (www.steptools.com) 
 */

FILE_DESCRIPTION(
/* description */ (''),
/* implementation_level */ '2;1');

FILE_NAME(
/* name */ 'C:\\Users\\BMT\\Desktop\\STMicroelectronics STM32L433CCT6.
stp',
/* time_stamp */ '2019-10-13T00:10:08+02:00',
/* author */ ('BMT'),
/* organization */ (''),
/* preprocessor_version */ 'ST-DEVELOPER v16.5',
/* originating_system */ 'Autodesk Inventor 2017',
/* authorisation */ '');

FILE_SCHEMA (('AUTOMOTIVE_DESIGN { 1 0 10303 214 3 1 1 }'));
ENDSEC;

DATA;
#10=MECHANICAL_DESIGN_GEOMETRIC_PRESENTATION_REPRESENTATION('',(#2163,#2162,
#2164,#2165,#2159,#2160,#2161),#3990);
#11=ITEM_DEFINED_TRANSFORMATION($,$,#2350,#2553);
#12=ITEM_DEFINED_TRANSFORMATION($,$,#2461,#2554);
#13=ITEM_DEFINED_TRANSFORMATION($,$,#2461,#2555);
#14=ITEM_DEFINED_TRANSFORMATION($,$,#2461,#2556);
#15=ITEM_DEFINED_TRANSFORMATION($,$,#2461,#2557);
#16=ITEM_DEFINED_TRANSFORMATION($,$,#2461,#2558);
#17=ITEM_DEFINED_TRANSFORMATION($,$,#2461,#2559);
#18=ITEM_DEFINED_TRANSFORMATION($,$,#2461,#2560);
#19=ITEM_DEFINED_TRANSFORMATION($,$,#2461,#2561);
#20=ITEM_DEFINED_TRANSFORMATION($,$,#2461,#2562);
#21=ITEM_DEFINED_TRANSFORMATION($,$,#2461,#2563);
#22=ITEM_DEFINED_TRANSFORMATION($,$,#2461,#2564);
#23=ITEM_DEFINED_TRANSFORMATION($,$,#2461,#2565);
#24=ITEM_DEFINED_TRANSFORMATION($,$,#2461,#2566);
#25=ITEM_DEFINED_TRANSFORMATION($,$,#2461,#2567);
#26=ITEM_DEFINED_TRANSFORMATION($,$,#2461,#2568);
#27=ITEM_DEFINED_TRANSFORMATION($,$,#2461,#2569);
#28=ITEM_DEFINED_TRANSFORMATION($,$,#2461,#2570);
#29=ITEM_DEFINED_TRANSFORMATION($,$,#2461,#2571);
#30=ITEM_DEFINED_TRANSFORMATION($,$,#2461,#2572);
#31=ITEM_DEFINED_TRANSFORMATION($,$,#2461,#2573);
#32=ITEM_DEFINED_TRANSFORMATION($,$,#2461,#2574);
#33=ITEM_DEFINED_TRANSFORMATION($,$,#2461,#2575);
#34=ITEM_DEFINED_TRANSFORMATION($,$,#2461,#2576);
#35=ITEM_DEFINED_TRANSFORMATION($,$,#2461,#2577);
#36=ITEM_DEFINED_TRANSFORMATION($,$,#2484,#2578);
#37=ITEM_DEFINED_TRANSFORMATION($,$,#2484,#2579);
#38=ITEM_DEFINED_TRANSFORMATION($,$,#2484,#2580);
#39=ITEM_DEFINED_TRANSFORMATION($,$,#2484,#2581);
#40=ITEM_DEFINED_TRANSFORMATION($,$,#2484,#2582);
#41=ITEM_DEFINED_TRANSFORMATION($,$,#2484,#2583);
#42=ITEM_DEFINED_TRANSFORMATION($,$,#2484,#2584);
#43=ITEM_DEFINED_TRANSFORMATION($,$,#2484,#2585);
#44=ITEM_DEFINED_TRANSFORMATION($,$,#2484,#2586);
#45=ITEM_DEFINED_TRANSFORMATION($,$,#2484,#2587);
#46=ITEM_DEFINED_TRANSFORMATION($,$,#2484,#2588);
#47=ITEM_DEFINED_TRANSFORMATION($,$,#2484,#2589);
#48=ITEM_DEFINED_TRANSFORMATION($,$,#2484,#2590);
#49=ITEM_DEFINED_TRANSFORMATION($,$,#2484,#2591);
#50=ITEM_DEFINED_TRANSFORMATION($,$,#2484,#2592);
#51=ITEM_DEFINED_TRANSFORMATION($,$,#2484,#2593);
#52=ITEM_DEFINED_TRANSFORMATION($,$,#2484,#2594);
#53=ITEM_DEFINED_TRANSFORMATION($,$,#2484,#2595);
#54=ITEM_DEFINED_TRANSFORMATION($,$,#2484,#2596);
#55=ITEM_DEFINED_TRANSFORMATION($,$,#2484,#2597);
#56=ITEM_DEFINED_TRANSFORMATION($,$,#2484,#2598);
#57=ITEM_DEFINED_TRANSFORMATION($,$,#2484,#2599);
#58=ITEM_DEFINED_TRANSFORMATION($,$,#2484,#2600);
#59=ITEM_DEFINED_TRANSFORMATION($,$,#2484,#2601);
#60=ITEM_DEFINED_TRANSFORMATION($,$,#2507,#2602);
#61=(
REPRESENTATION_RELATIONSHIP($,$,#4058,#4057)
REPRESENTATION_RELATIONSHIP_WITH_TRANSFORMATION(#11)
SHAPE_REPRESENTATION_RELATIONSHIP()
);
#62=(
REPRESENTATION_RELATIONSHIP($,$,#4059,#4057)
REPRESENTATION_RELATIONSHIP_WITH_TRANSFORMATION(#12)
SHAPE_REPRESENTATION_RELATIONSHIP()
);
#63=(
REPRESENTATION_RELATIONSHIP($,$,#4059,#4057)
REPRESENTATION_RELATIONSHIP_WITH_TRANSFORMATION(#13)
SHAPE_REPRESENTATION_RELATIONSHIP()
);
#64=(
REPRESENTATION_RELATIONSHIP($,$,#4059,#4057)
REPRESENTATION_RELATIONSHIP_WITH_TRANSFORMATION(#14)
SHAPE_REPRESENTATION_RELATIONSHIP()
);
#65=(
REPRESENTATION_RELATIONSHIP($,$,#4059,#4057)
REPRESENTATION_RELATIONSHIP_WITH_TRANSFORMATION(#15)
SHAPE_REPRESENTATION_RELATIONSHIP()
);
#66=(
REPRESENTATION_RELATIONSHIP($,$,#4059,#4057)
REPRESENTATION_RELATIONSHIP_WITH_TRANSFORMATION(#16)
SHAPE_REPRESENTATION_RELATIONSHIP()
);
#67=(
REPRESENTATION_RELATIONSHIP($,$,#4059,#4057)
REPRESENTATION_RELATIONSHIP_WITH_TRANSFORMATION(#17)
SHAPE_REPRESENTATION_RELATIONSHIP()
);
#68=(
REPRESENTATION_RELATIONSHIP($,$,#4059,#4057)
REPRESENTATION_RELATIONSHIP_WITH_TRANSFORMATION(#18)
SHAPE_REPRESENTATION_RELATIONSHIP()
);
#69=(
REPRESENTATION_RELATIONSHIP($,$,#4059,#4057)
REPRESENTATION_RELATIONSHIP_WITH_TRANSFORMATION(#19)
SHAPE_REPRESENTATION_RELATIONSHIP()
);
#70=(
REPRESENTATION_RELATIONSHIP($,$,#4059,#4057)
REPRESENTATION_RELATIONSHIP_WITH_TRANSFORMATION(#20)
SHAPE_REPRESENTATION_RELATIONSHIP()
);
#71=(
REPRESENTATION_RELATIONSHIP($,$,#4059,#4057)
REPRESENTATION_RELATIONSHIP_WITH_TRANSFORMATION(#21)
SHAPE_REPRESENTATION_RELATIONSHIP()
);
#72=(
REPRESENTATION_RELATIONSHIP($,$,#4059,#4057)
REPRESENTATION_RELATIONSHIP_WITH_TRANSFORMATION(#22)
SHAPE_REPRESENTATION_RELATIONSHIP()
);
#73=(
REPRESENTATION_RELATIONSHIP($,$,#4059,#4057)
REPRESENTATION_RELATIONSHIP_WITH_TRANSFORMATION(#23)
SHAPE_REPRESENTATION_RELATIONSHIP()
);
#74=(
REPRESENTATION_RELATIONSHIP($,$,#4059,#4057)
REPRESENTATION_RELATIONSHIP_WITH_TRANSFORMATION(#24)
SHAPE_REPRESENTATION_RELATIONSHIP()
);
#75=(
REPRESENTATION_RELATIONSHIP($,$,#4059,#4057)
REPRESENTATION_RELATIONSHIP_WITH_TRANSFORMATION(#25)
SHAPE_REPRESENTATION_RELATIONSHIP()
);
#76=(
REPRESENTATION_RELATIONSHIP($,$,#4059,#4057)
REPRESENTATION_RELATIONSHIP_WITH_TRANSFORMATION(#26)
SHAPE_REPRESENTATION_RELATIONSHIP()
);
#77=(
REPRESENTATION_RELATIONSHIP($,$,#4059,#4057)
REPRESENTATION_RELATIONSHIP_WITH_TRANSFORMATION(#27)
SHAPE_REPRESENTATION_RELATIONSHIP()
);
#78=(
REPRESENTATION_RELATIONSHIP($,$,#4059,#4057)
REPRESENTATION_RELATIONSHIP_WITH_TRANSFORMATION(#28)
SHAPE_REPRESENTATION_RELATIONSHIP()
);
#79=(
REPRESENTATION_RELATIONSHIP($,$,#4059,#4057)
REPRESENTATION_RELATIONSHIP_WITH_TRANSFORMATION(#29)
SHAPE_REPRESENTATION_RELATIONSHIP()
);
#80=(
REPRESENTATION_RELATIONSHIP($,$,#4059,#4057)
REPRESENTATION_RELATIONSHIP_WITH_TRANSFORMATION(#30)
SHAPE_REPRESENTATION_RELATIONSHIP()
);
#81=(
REPRESENTATION_RELATIONSHIP($,$,#4059,#4057)
REPRESENTATION_RELATIONSHIP_WITH_TRANSFORMATION(#31)
SHAPE_REPRESENTATION_RELATIONSHIP()
);
#82=(
REPRESENTATION_RELATIONSHIP($,$,#4059,#4057)
REPRESENTATION_RELATIONSHIP_WITH_TRANSFORMATION(#32)
SHAPE_REPRESENTATION_RELATIONSHIP()
);
#83=(
REPRESENTATION_RELATIONSHIP($,$,#4059,#4057)
REPRESENTATION_RELATIONSHIP_WITH_TRANSFORMATION(#33)
SHAPE_REPRESENTATION_RELATIONSHIP()
);
#84=(
REPRESENTATION_RELATIONSHIP($,$,#4059,#4057)
REPRESENTATION_RELATIONSHIP_WITH_TRANSFORMATION(#34)
SHAPE_REPRESENTATION_RELATIONSHIP()
);
#85=(
REPRESENTATION_RELATIONSHIP($,$,#4059,#4057)
REPRESENTATION_RELATIONSHIP_WITH_TRANSFORMATION(#35)
SHAPE_REPRESENTATION_RELATIONSHIP()
);
#86=(
REPRESENTATION_RELATIONSHIP($,$,#4060,#4057)
REPRESENTATION_RELATIONSHIP_WITH_TRANSFORMATION(#36)
SHAPE_REPRESENTATION_RELATIONSHIP()
);
#87=(
REPRESENTATION_RELATIONSHIP($,$,#4060,#4057)
REPRESENTATION_RELATIONSHIP_WITH_TRANSFORMATION(#37)
SHAPE_REPRESENTATION_RELATIONSHIP()
);
#88=(
REPRESENTATION_RELATIONSHIP($,$,#4060,#4057)
REPRESENTATION_RELATIONSHIP_WITH_TRANSFORMATION(#38)
SHAPE_REPRESENTATION_RELATIONSHIP()
);
#89=(
REPRESENTATION_RELATIONSHIP($,$,#4060,#4057)
REPRESENTATION_RELATIONSHIP_WITH_TRANSFORMATION(#39)
SHAPE_REPRESENTATION_RELATIONSHIP()
);
#90=(
REPRESENTATION_RELATIONSHIP($,$,#4060,#4057)
REPRESENTATION_RELATIONSHIP_WITH_TRANSFORMATION(#40)
SHAPE_REPRESENTATION_RELATIONSHIP()
);
#91=(
REPRESENTATION_RELATIONSHIP($,$,#4060,#4057)
REPRESENTATION_RELATIONSHIP_WITH_TRANSFORMATION(#41)
SHAPE_REPRESENTATION_RELATIONSHIP()
);
#92=(
REPRESENTATION_RELATIONSHIP($,$,#4060,#4057)
REPRESENTATION_RELATIONSHIP_WITH_TRANSFORMATION(#42)
SHAPE_REPRESENTATION_RELATIONSHIP()
);
#93=(
REPRESENTATION_RELATIONSHIP($,$,#4060,#4057)
REPRESENTATION_RELATIONSHIP_WITH_TRANSFORMATION(#43)
SHAPE_REPRESENTATION_RELATIONSHIP()
);
#94=(
REPRESENTATION_RELATIONSHIP($,$,#4060,#4057)
REPRESENTATION_RELATIONSHIP_WITH_TRANSFORMATION(#44)
SHAPE_REPRESENTATION_RELATIONSHIP()
);
#95=(
REPRESENTATION_RELATIONSHIP($,$,#4060,#4057)
REPRESENTATION_RELATIONSHIP_WITH_TRANSFORMATION(#45)
SHAPE_REPRESENTATION_RELATIONSHIP()
);
#96=(
REPRESENTATION_RELATIONSHIP($,$,#4060,#4057)
REPRESENTATION_RELATIONSHIP_WITH_TRANSFORMATION(#46)
SHAPE_REPRESENTATION_RELATIONSHIP()
);
#97=(
REPRESENTATION_RELATIONSHIP($,$,#4060,#4057)
REPRESENTATION_RELATIONSHIP_WITH_TRANSFORMATION(#47)
SHAPE_REPRESENTATION_RELATIONSHIP()
);
#98=(
REPRESENTATION_RELATIONSHIP($,$,#4060,#4057)
REPRESENTATION_RELATIONSHIP_WITH_TRANSFORMATION(#48)
SHAPE_REPRESENTATION_RELATIONSHIP()
);
#99=(
REPRESENTATION_RELATIONSHIP($,$,#4060,#4057)
REPRESENTATION_RELATIONSHIP_WITH_TRANSFORMATION(#49)
SHAPE_REPRESENTATION_RELATIONSHIP()
);
#100=(
REPRESENTATION_RELATIONSHIP($,$,#4060,#4057)
REPRESENTATION_RELATIONSHIP_WITH_TRANSFORMATION(#50)
SHAPE_REPRESENTATION_RELATIONSHIP()
);
#101=(
REPRESENTATION_RELATIONSHIP($,$,#4060,#4057)
REPRESENTATION_RELATIONSHIP_WITH_TRANSFORMATION(#51)
SHAPE_REPRESENTATION_RELATIONSHIP()
);
#102=(
REPRESENTATION_RELATIONSHIP($,$,#4060,#4057)
REPRESENTATION_RELATIONSHIP_WITH_TRANSFORMATION(#52)
SHAPE_REPRESENTATION_RELATIONSHIP()
);
#103=(
REPRESENTATION_RELATIONSHIP($,$,#4060,#4057)
REPRESENTATION_RELATIONSHIP_WITH_TRANSFORMATION(#53)
SHAPE_REPRESENTATION_RELATIONSHIP()
);
#104=(
REPRESENTATION_RELATIONSHIP($,$,#4060,#4057)
REPRESENTATION_RELATIONSHIP_WITH_TRANSFORMATION(#54)
SHAPE_REPRESENTATION_RELATIONSHIP()
);
#105=(
REPRESENTATION_RELATIONSHIP($,$,#4060,#4057)
REPRESENTATION_RELATIONSHIP_WITH_TRANSFORMATION(#55)
SHAPE_REPRESENTATION_RELATIONSHIP()
);
#106=(
REPRESENTATION_RELATIONSHIP($,$,#4060,#4057)
REPRESENTATION_RELATIONSHIP_WITH_TRANSFORMATION(#56)
SHAPE_REPRESENTATION_RELATIONSHIP()
);
#107=(
REPRESENTATION_RELATIONSHIP($,$,#4060,#4057)
REPRESENTATION_RELATIONSHIP_WITH_TRANSFORMATION(#57)
SHAPE_REPRESENTATION_RELATIONSHIP()
);
#108=(
REPRESENTATION_RELATIONSHIP($,$,#4060,#4057)
REPRESENTATION_RELATIONSHIP_WITH_TRANSFORMATION(#58)
SHAPE_REPRESENTATION_RELATIONSHIP()
);
#109=(
REPRESENTATION_RELATIONSHIP($,$,#4060,#4057)
REPRESENTATION_RELATIONSHIP_WITH_TRANSFORMATION(#59)
SHAPE_REPRESENTATION_RELATIONSHIP()
);
#110=(
REPRESENTATION_RELATIONSHIP($,$,#4061,#4057)
REPRESENTATION_RELATIONSHIP_WITH_TRANSFORMATION(#60)
SHAPE_REPRESENTATION_RELATIONSHIP()
);
#111=CONTEXT_DEPENDENT_SHAPE_REPRESENTATION(#61,#4007);
#112=CONTEXT_DEPENDENT_SHAPE_REPRESENTATION(#62,#4008);
#113=CONTEXT_DEPENDENT_SHAPE_REPRESENTATION(#63,#4009);
#114=CONTEXT_DEPENDENT_SHAPE_REPRESENTATION(#64,#4010);
#115=CONTEXT_DEPENDENT_SHAPE_REPRESENTATION(#65,#4011);
#116=CONTEXT_DEPENDENT_SHAPE_REPRESENTATION(#66,#4012);
#117=CONTEXT_DEPENDENT_SHAPE_REPRESENTATION(#67,#4013);
#118=CONTEXT_DEPENDENT_SHAPE_REPRESENTATION(#68,#4014);
#119=CONTEXT_DEPENDENT_SHAPE_REPRESENTATION(#69,#4015);
#120=CONTEXT_DEPENDENT_SHAPE_REPRESENTATION(#70,#4016);
#121=CONTEXT_DEPENDENT_SHAPE_REPRESENTATION(#71,#4017);
#122=CONTEXT_DEPENDENT_SHAPE_REPRESENTATION(#72,#4018);
#123=CONTEXT_DEPENDENT_SHAPE_REPRESENTATION(#73,#4019);
#124=CONTEXT_DEPENDENT_SHAPE_REPRESENTATION(#74,#4020);
#125=CONTEXT_DEPENDENT_SHAPE_REPRESENTATION(#75,#4021);
#126=CONTEXT_DEPENDENT_SHAPE_REPRESENTATION(#76,#4022);
#127=CONTEXT_DEPENDENT_SHAPE_REPRESENTATION(#77,#4023);
#128=CONTEXT_DEPENDENT_SHAPE_REPRESENTATION(#78,#4024);
#129=CONTEXT_DEPENDENT_SHAPE_REPRESENTATION(#79,#4025);
#130=CONTEXT_DEPENDENT_SHAPE_REPRESENTATION(#80,#4026);
#131=CONTEXT_DEPENDENT_SHAPE_REPRESENTATION(#81,#4027);
#132=CONTEXT_DEPENDENT_SHAPE_REPRESENTATION(#82,#4028);
#133=CONTEXT_DEPENDENT_SHAPE_REPRESENTATION(#83,#4029);
#134=CONTEXT_DEPENDENT_SHAPE_REPRESENTATION(#84,#4030);
#135=CONTEXT_DEPENDENT_SHAPE_REPRESENTATION(#85,#4031);
#136=CONTEXT_DEPENDENT_SHAPE_REPRESENTATION(#86,#4032);
#137=CONTEXT_DEPENDENT_SHAPE_REPRESENTATION(#87,#4033);
#138=CONTEXT_DEPENDENT_SHAPE_REPRESENTATION(#88,#4034);
#139=CONTEXT_DEPENDENT_SHAPE_REPRESENTATION(#89,#4035);
#140=CONTEXT_DEPENDENT_SHAPE_REPRESENTATION(#90,#4036);
#141=CONTEXT_DEPENDENT_SHAPE_REPRESENTATION(#91,#4037);
#142=CONTEXT_DEPENDENT_SHAPE_REPRESENTATION(#92,#4038);
#143=CONTEXT_DEPENDENT_SHAPE_REPRESENTATION(#93,#4039);
#144=CONTEXT_DEPENDENT_SHAPE_REPRESENTATION(#94,#4040);
#145=CONTEXT_DEPENDENT_SHAPE_REPRESENTATION(#95,#4041);
#146=CONTEXT_DEPENDENT_SHAPE_REPRESENTATION(#96,#4042);
#147=CONTEXT_DEPENDENT_SHAPE_REPRESENTATION(#97,#4043);
#148=CONTEXT_DEPENDENT_SHAPE_REPRESENTATION(#98,#4044);
#149=CONTEXT_DEPENDENT_SHAPE_REPRESENTATION(#99,#4045);
#150=CONTEXT_DEPENDENT_SHAPE_REPRESENTATION(#100,#4046);
#151=CONTEXT_DEPENDENT_SHAPE_REPRESENTATION(#101,#4047);
#152=CONTEXT_DEPENDENT_SHAPE_REPRESENTATION(#102,#4048);
#153=CONTEXT_DEPENDENT_SHAPE_REPRESENTATION(#103,#4049);
#154=CONTEXT_DEPENDENT_SHAPE_REPRESENTATION(#104,#4050);
#155=CONTEXT_DEPENDENT_SHAPE_REPRESENTATION(#105,#4051);
#156=CONTEXT_DEPENDENT_SHAPE_REPRESENTATION(#106,#4052);
#157=CONTEXT_DEPENDENT_SHAPE_REPRESENTATION(#107,#4053);
#158=CONTEXT_DEPENDENT_SHAPE_REPRESENTATION(#108,#4054);
#159=CONTEXT_DEPENDENT_SHAPE_REPRESENTATION(#109,#4055);
#160=CONTEXT_DEPENDENT_SHAPE_REPRESENTATION(#110,#4056);
#161=NEXT_ASSEMBLY_USAGE_OCCURRENCE(
'STMicroelectronics STM32L433CCT6 1 :1',
'STMicroelectronics STM32L433CCT6 1 :1',
'STMicroelectronics STM32L433CCT6 1 :1',#4063,#4064,
'STMicroelectronics STM32L433CCT6 1 :1');
#162=NEXT_ASSEMBLY_USAGE_OCCURRENCE(
'STMicroelectronics STM32L433CCT6 2_MIR:1',
'STMicroelectronics STM32L433CCT6 2_MIR:1',
'STMicroelectronics STM32L433CCT6 2_MIR:1',#4063,#4065,
'STMicroelectronics STM32L433CCT6 2_MIR:1');
#163=NEXT_ASSEMBLY_USAGE_OCCURRENCE(
'STMicroelectronics STM32L433CCT6 2_MIR:2',
'STMicroelectronics STM32L433CCT6 2_MIR:2',
'STMicroelectronics STM32L433CCT6 2_MIR:2',#4063,#4065,
'STMicroelectronics STM32L433CCT6 2_MIR:2');
#164=NEXT_ASSEMBLY_USAGE_OCCURRENCE(
'STMicroelectronics STM32L433CCT6 2_MIR:3',
'STMicroelectronics STM32L433CCT6 2_MIR:3',
'STMicroelectronics STM32L433CCT6 2_MIR:3',#4063,#4065,
'STMicroelectronics STM32L433CCT6 2_MIR:3');
#165=NEXT_ASSEMBLY_USAGE_OCCURRENCE(
'STMicroelectronics STM32L433CCT6 2_MIR:4',
'STMicroelectronics STM32L433CCT6 2_MIR:4',
'STMicroelectronics STM32L433CCT6 2_MIR:4',#4063,#4065,
'STMicroelectronics STM32L433CCT6 2_MIR:4');
#166=NEXT_ASSEMBLY_USAGE_OCCURRENCE(
'STMicroelectronics STM32L433CCT6 2_MIR:5',
'STMicroelectronics STM32L433CCT6 2_MIR:5',
'STMicroelectronics STM32L433CCT6 2_MIR:5',#4063,#4065,
'STMicroelectronics STM32L433CCT6 2_MIR:5');
#167=NEXT_ASSEMBLY_USAGE_OCCURRENCE(
'STMicroelectronics STM32L433CCT6 2_MIR:6',
'STMicroelectronics STM32L433CCT6 2_MIR:6',
'STMicroelectronics STM32L433CCT6 2_MIR:6',#4063,#4065,
'STMicroelectronics STM32L433CCT6 2_MIR:6');
#168=NEXT_ASSEMBLY_USAGE_OCCURRENCE(
'STMicroelectronics STM32L433CCT6 2_MIR:7',
'STMicroelectronics STM32L433CCT6 2_MIR:7',
'STMicroelectronics STM32L433CCT6 2_MIR:7',#4063,#4065,
'STMicroelectronics STM32L433CCT6 2_MIR:7');
#169=NEXT_ASSEMBLY_USAGE_OCCURRENCE(
'STMicroelectronics STM32L433CCT6 2_MIR:8',
'STMicroelectronics STM32L433CCT6 2_MIR:8',
'STMicroelectronics STM32L433CCT6 2_MIR:8',#4063,#4065,
'STMicroelectronics STM32L433CCT6 2_MIR:8');
#170=NEXT_ASSEMBLY_USAGE_OCCURRENCE(
'STMicroelectronics STM32L433CCT6 2_MIR:9',
'STMicroelectronics STM32L433CCT6 2_MIR:9',
'STMicroelectronics STM32L433CCT6 2_MIR:9',#4063,#4065,
'STMicroelectronics STM32L433CCT6 2_MIR:9');
#171=NEXT_ASSEMBLY_USAGE_OCCURRENCE(
'STMicroelectronics STM32L433CCT6 2_MIR:10',
'STMicroelectronics STM32L433CCT6 2_MIR:10',
'STMicroelectronics STM32L433CCT6 2_MIR:10',#4063,#4065,
'STMicroelectronics STM32L433CCT6 2_MIR:10');
#172=NEXT_ASSEMBLY_USAGE_OCCURRENCE(
'STMicroelectronics STM32L433CCT6 2_MIR:11',
'STMicroelectronics STM32L433CCT6 2_MIR:11',
'STMicroelectronics STM32L433CCT6 2_MIR:11',#4063,#4065,
'STMicroelectronics STM32L433CCT6 2_MIR:11');
#173=NEXT_ASSEMBLY_USAGE_OCCURRENCE(
'STMicroelectronics STM32L433CCT6 2_MIR:12',
'STMicroelectronics STM32L433CCT6 2_MIR:12',
'STMicroelectronics STM32L433CCT6 2_MIR:12',#4063,#4065,
'STMicroelectronics STM32L433CCT6 2_MIR:12');
#174=NEXT_ASSEMBLY_USAGE_OCCURRENCE(
'STMicroelectronics STM32L433CCT6 2_MIR:13',
'STMicroelectronics STM32L433CCT6 2_MIR:13',
'STMicroelectronics STM32L433CCT6 2_MIR:13',#4063,#4065,
'STMicroelectronics STM32L433CCT6 2_MIR:13');
#175=NEXT_ASSEMBLY_USAGE_OCCURRENCE(
'STMicroelectronics STM32L433CCT6 2_MIR:14',
'STMicroelectronics STM32L433CCT6 2_MIR:14',
'STMicroelectronics STM32L433CCT6 2_MIR:14',#4063,#4065,
'STMicroelectronics STM32L433CCT6 2_MIR:14');
#176=NEXT_ASSEMBLY_USAGE_OCCURRENCE(
'STMicroelectronics STM32L433CCT6 2_MIR:15',
'STMicroelectronics STM32L433CCT6 2_MIR:15',
'STMicroelectronics STM32L433CCT6 2_MIR:15',#4063,#4065,
'STMicroelectronics STM32L433CCT6 2_MIR:15');
#177=NEXT_ASSEMBLY_USAGE_OCCURRENCE(
'STMicroelectronics STM32L433CCT6 2_MIR:16',
'STMicroelectronics STM32L433CCT6 2_MIR:16',
'STMicroelectronics STM32L433CCT6 2_MIR:16',#4063,#4065,
'STMicroelectronics STM32L433CCT6 2_MIR:16');
#178=NEXT_ASSEMBLY_USAGE_OCCURRENCE(
'STMicroelectronics STM32L433CCT6 2_MIR:17',
'STMicroelectronics STM32L433CCT6 2_MIR:17',
'STMicroelectronics STM32L433CCT6 2_MIR:17',#4063,#4065,
'STMicroelectronics STM32L433CCT6 2_MIR:17');
#179=NEXT_ASSEMBLY_USAGE_OCCURRENCE(
'STMicroelectronics STM32L433CCT6 2_MIR:18',
'STMicroelectronics STM32L433CCT6 2_MIR:18',
'STMicroelectronics STM32L433CCT6 2_MIR:18',#4063,#4065,
'STMicroelectronics STM32L433CCT6 2_MIR:18');
#180=NEXT_ASSEMBLY_USAGE_OCCURRENCE(
'STMicroelectronics STM32L433CCT6 2_MIR:19',
'STMicroelectronics STM32L433CCT6 2_MIR:19',
'STMicroelectronics STM32L433CCT6 2_MIR:19',#4063,#4065,
'STMicroelectronics STM32L433CCT6 2_MIR:19');
#181=NEXT_ASSEMBLY_USAGE_OCCURRENCE(
'STMicroelectronics STM32L433CCT6 2_MIR:20',
'STMicroelectronics STM32L433CCT6 2_MIR:20',
'STMicroelectronics STM32L433CCT6 2_MIR:20',#4063,#4065,
'STMicroelectronics STM32L433CCT6 2_MIR:20');
#182=NEXT_ASSEMBLY_USAGE_OCCURRENCE(
'STMicroelectronics STM32L433CCT6 2_MIR:21',
'STMicroelectronics STM32L433CCT6 2_MIR:21',
'STMicroelectronics STM32L433CCT6 2_MIR:21',#4063,#4065,
'STMicroelectronics STM32L433CCT6 2_MIR:21');
#183=NEXT_ASSEMBLY_USAGE_OCCURRENCE(
'STMicroelectronics STM32L433CCT6 2_MIR:22',
'STMicroelectronics STM32L433CCT6 2_MIR:22',
'STMicroelectronics STM32L433CCT6 2_MIR:22',#4063,#4065,
'STMicroelectronics STM32L433CCT6 2_MIR:22');
#184=NEXT_ASSEMBLY_USAGE_OCCURRENCE(
'STMicroelectronics STM32L433CCT6 2_MIR:23',
'STMicroelectronics STM32L433CCT6 2_MIR:23',
'STMicroelectronics STM32L433CCT6 2_MIR:23',#4063,#4065,
'STMicroelectronics STM32L433CCT6 2_MIR:23');
#185=NEXT_ASSEMBLY_USAGE_OCCURRENCE(
'STMicroelectronics STM32L433CCT6 2_MIR:24',
'STMicroelectronics STM32L433CCT6 2_MIR:24',
'STMicroelectronics STM32L433CCT6 2_MIR:24',#4063,#4065,
'STMicroelectronics STM32L433CCT6 2_MIR:24');
#186=NEXT_ASSEMBLY_USAGE_OCCURRENCE(
'STMicroelectronics STM32L433CCT6 2:1',
'STMicroelectronics STM32L433CCT6 2:1',
'STMicroelectronics STM32L433CCT6 2:1',#4063,#4066,
'STMicroelectronics STM32L433CCT6 2:1');
#187=NEXT_ASSEMBLY_USAGE_OCCURRENCE(
'STMicroelectronics STM32L433CCT6 2:2',
'STMicroelectronics STM32L433CCT6 2:2',
'STMicroelectronics STM32L433CCT6 2:2',#4063,#4066,
'STMicroelectronics STM32L433CCT6 2:2');
#188=NEXT_ASSEMBLY_USAGE_OCCURRENCE(
'STMicroelectronics STM32L433CCT6 2:3',
'STMicroelectronics STM32L433CCT6 2:3',
'STMicroelectronics STM32L433CCT6 2:3',#4063,#4066,
'STMicroelectronics STM32L433CCT6 2:3');
#189=NEXT_ASSEMBLY_USAGE_OCCURRENCE(
'STMicroelectronics STM32L433CCT6 2:4',
'STMicroelectronics STM32L433CCT6 2:4',
'STMicroelectronics STM32L433CCT6 2:4',#4063,#4066,
'STMicroelectronics STM32L433CCT6 2:4');
#190=NEXT_ASSEMBLY_USAGE_OCCURRENCE(
'STMicroelectronics STM32L433CCT6 2:5',
'STMicroelectronics STM32L433CCT6 2:5',
'STMicroelectronics STM32L433CCT6 2:5',#4063,#4066,
'STMicroelectronics STM32L433CCT6 2:5');
#191=NEXT_ASSEMBLY_USAGE_OCCURRENCE(
'STMicroelectronics STM32L433CCT6 2:6',
'STMicroelectronics STM32L433CCT6 2:6',
'STMicroelectronics STM32L433CCT6 2:6',#4063,#4066,
'STMicroelectronics STM32L433CCT6 2:6');
#192=NEXT_ASSEMBLY_USAGE_OCCURRENCE(
'STMicroelectronics STM32L433CCT6 2:7',
'STMicroelectronics STM32L433CCT6 2:7',
'STMicroelectronics STM32L433CCT6 2:7',#4063,#4066,
'STMicroelectronics STM32L433CCT6 2:7');
#193=NEXT_ASSEMBLY_USAGE_OCCURRENCE(
'STMicroelectronics STM32L433CCT6 2:8',
'STMicroelectronics STM32L433CCT6 2:8',
'STMicroelectronics STM32L433CCT6 2:8',#4063,#4066,
'STMicroelectronics STM32L433CCT6 2:8');
#194=NEXT_ASSEMBLY_USAGE_OCCURRENCE(
'STMicroelectronics STM32L433CCT6 2:9',
'STMicroelectronics STM32L433CCT6 2:9',
'STMicroelectronics STM32L433CCT6 2:9',#4063,#4066,
'STMicroelectronics STM32L433CCT6 2:9');
#195=NEXT_ASSEMBLY_USAGE_OCCURRENCE(
'STMicroelectronics STM32L433CCT6 2:10',
'STMicroelectronics STM32L433CCT6 2:10',
'STMicroelectronics STM32L433CCT6 2:10',#4063,#4066,
'STMicroelectronics STM32L433CCT6 2:10');
#196=NEXT_ASSEMBLY_USAGE_OCCURRENCE(
'STMicroelectronics STM32L433CCT6 2:11',
'STMicroelectronics STM32L433CCT6 2:11',
'STMicroelectronics STM32L433CCT6 2:11',#4063,#4066,
'STMicroelectronics STM32L433CCT6 2:11');
#197=NEXT_ASSEMBLY_USAGE_OCCURRENCE(
'STMicroelectronics STM32L433CCT6 2:12',
'STMicroelectronics STM32L433CCT6 2:12',
'STMicroelectronics STM32L433CCT6 2:12',#4063,#4066,
'STMicroelectronics STM32L433CCT6 2:12');
#198=NEXT_ASSEMBLY_USAGE_OCCURRENCE(
'STMicroelectronics STM32L433CCT6 2:13',
'STMicroelectronics STM32L433CCT6 2:13',
'STMicroelectronics STM32L433CCT6 2:13',#4063,#4066,
'STMicroelectronics STM32L433CCT6 2:13');
#199=NEXT_ASSEMBLY_USAGE_OCCURRENCE(
'STMicroelectronics STM32L433CCT6 2:14',
'STMicroelectronics STM32L433CCT6 2:14',
'STMicroelectronics STM32L433CCT6 2:14',#4063,#4066,
'STMicroelectronics STM32L433CCT6 2:14');
#200=NEXT_ASSEMBLY_USAGE_OCCURRENCE(
'STMicroelectronics STM32L433CCT6 2:15',
'STMicroelectronics STM32L433CCT6 2:15',
'STMicroelectronics STM32L433CCT6 2:15',#4063,#4066,
'STMicroelectronics STM32L433CCT6 2:15');
#201=NEXT_ASSEMBLY_USAGE_OCCURRENCE(
'STMicroelectronics STM32L433CCT6 2:16',
'STMicroelectronics STM32L433CCT6 2:16',
'STMicroelectronics STM32L433CCT6 2:16',#4063,#4066,
'STMicroelectronics STM32L433CCT6 2:16');
#202=NEXT_ASSEMBLY_USAGE_OCCURRENCE(
'STMicroelectronics STM32L433CCT6 2:17',
'STMicroelectronics STM32L433CCT6 2:17',
'STMicroelectronics STM32L433CCT6 2:17',#4063,#4066,
'STMicroelectronics STM32L433CCT6 2:17');
#203=NEXT_ASSEMBLY_USAGE_OCCURRENCE(
'STMicroelectronics STM32L433CCT6 2:18',
'STMicroelectronics STM32L433CCT6 2:18',
'STMicroelectronics STM32L433CCT6 2:18',#4063,#4066,
'STMicroelectronics STM32L433CCT6 2:18');
#204=NEXT_ASSEMBLY_USAGE_OCCURRENCE(
'STMicroelectronics STM32L433CCT6 2:19',
'STMicroelectronics STM32L433CCT6 2:19',
'STMicroelectronics STM32L433CCT6 2:19',#4063,#4066,
'STMicroelectronics STM32L433CCT6 2:19');
#205=NEXT_ASSEMBLY_USAGE_OCCURRENCE(
'STMicroelectronics STM32L433CCT6 2:20',
'STMicroelectronics STM32L433CCT6 2:20',
'STMicroelectronics STM32L433CCT6 2:20',#4063,#4066,
'STMicroelectronics STM32L433CCT6 2:20');
#206=NEXT_ASSEMBLY_USAGE_OCCURRENCE(
'STMicroelectronics STM32L433CCT6 2:21',
'STMicroelectronics STM32L433CCT6 2:21',
'STMicroelectronics STM32L433CCT6 2:21',#4063,#4066,
'STMicroelectronics STM32L433CCT6 2:21');
#207=NEXT_ASSEMBLY_USAGE_OCCURRENCE(
'STMicroelectronics STM32L433CCT6 2:22',
'STMicroelectronics STM32L433CCT6 2:22',
'STMicroelectronics STM32L433CCT6 2:22',#4063,#4066,
'STMicroelectronics STM32L433CCT6 2:22');
#208=NEXT_ASSEMBLY_USAGE_OCCURRENCE(
'STMicroelectronics STM32L433CCT6 2:23',
'STMicroelectronics STM32L433CCT6 2:23',
'STMicroelectronics STM32L433CCT6 2:23',#4063,#4066,
'STMicroelectronics STM32L433CCT6 2:23');
#209=NEXT_ASSEMBLY_USAGE_OCCURRENCE(
'STMicroelectronics STM32L433CCT6 2:24',
'STMicroelectronics STM32L433CCT6 2:24',
'STMicroelectronics STM32L433CCT6 2:24',#4063,#4066,
'STMicroelectronics STM32L433CCT6 2:24');
#210=NEXT_ASSEMBLY_USAGE_OCCURRENCE('STMicroelectronics:1',
'STMicroelectronics:1','STMicroelectronics:1',#4063,#4067,
'STMicroelectronics:1');
#211=SHAPE_REPRESENTATION_RELATIONSHIP('SRR','None',#4058,#215);
#212=SHAPE_REPRESENTATION_RELATIONSHIP('SRR','None',#4059,#216);
#213=SHAPE_REPRESENTATION_RELATIONSHIP('SRR','None',#4060,#217);
#214=SHAPE_REPRESENTATION_RELATIONSHIP('SRR','None',#4061,#218);
#215=ADVANCED_BREP_SHAPE_REPRESENTATION('',(#219),#3986);
#216=ADVANCED_BREP_SHAPE_REPRESENTATION('',(#220),#3987);
#217=ADVANCED_BREP_SHAPE_REPRESENTATION('',(#221),#3988);
#218=ADVANCED_BREP_SHAPE_REPRESENTATION('',(#222,#223,#224),#3989);
#219=MANIFOLD_SOLID_BREP('Solid1',#2285);
#220=MANIFOLD_SOLID_BREP('Solid1',#2286);
#221=MANIFOLD_SOLID_BREP('Solid1',#2287);
#222=MANIFOLD_SOLID_BREP('Solid1',#2288);
#223=MANIFOLD_SOLID_BREP('Solid2',#2289);
#224=MANIFOLD_SOLID_BREP('Solid3',#2290);
#225=SPHERICAL_SURFACE('',#2368,0.05);
#226=SPHERICAL_SURFACE('',#2378,0.0500000000000002);
#227=SPHERICAL_SURFACE('',#2383,0.0499999999999994);
#228=SPHERICAL_SURFACE('',#2391,0.05);
#229=SPHERICAL_SURFACE('',#2398,0.05);
#230=SPHERICAL_SURFACE('',#2403,0.0500000000000002);
#231=SPHERICAL_SURFACE('',#2411,0.0500000000000002);
#232=SPHERICAL_SURFACE('',#2417,0.05);
#233=ELLIPSE('',#2356,0.0502438931129238,0.05);
#234=ELLIPSE('',#2357,0.0500607879786317,0.05);
#235=ELLIPSE('',#2359,0.0502438931129238,0.05);
#236=ELLIPSE('',#2360,0.0500607879786315,0.05);
#237=ELLIPSE('',#2362,0.0500607879786314,0.05);
#238=ELLIPSE('',#2363,0.0500607879786316,0.05);
#239=ELLIPSE('',#2365,0.0500607879786308,0.05);
#240=ELLIPSE('',#2367,0.0500607879786314,0.05);
#241=ELLIPSE('',#2373,0.0502438931129238,0.05);
#242=ELLIPSE('',#2374,0.0500607879786311,0.05);
#243=ELLIPSE('',#2376,0.0500607879786321,0.05);
#244=ELLIPSE('',#2377,0.0500607879786318,0.05);
#245=ELLIPSE('',#2390,0.0500607879786312,0.05);
#246=ELLIPSE('',#2396,0.0500607879786312,0.05);
#247=ELLIPSE('',#2397,0.0500607879786313,0.05);
#248=ELLIPSE('',#2409,0.0500607879786317,0.05);
#249=ELLIPSE('',#2410,0.0500607879786314,0.05);
#250=ELLIPSE('',#2426,0.050060787978631,0.05);
#251=ELLIPSE('',#2428,0.0502438931129238,0.05);
#252=ELLIPSE('',#2432,0.0500607879786317,0.05);
#253=ELLIPSE('',#2434,0.0502438931129238,0.05);
#254=ELLIPSE('',#2438,0.0502438931129238,0.05);
#255=ELLIPSE('',#2440,0.0502438931129239,0.05);
#256=ELLIPSE('',#2442,0.0502438931129239,0.05);
#257=LINE('',#3335,#470);
#258=LINE('',#3339,#471);
#259=LINE('',#3342,#472);
#260=LINE('',#3346,#473);
#261=LINE('',#3350,#474);
#262=LINE('',#3353,#475);
#263=LINE('',#3357,#476);
#264=LINE('',#3361,#477);
#265=LINE('',#3365,#478);
#266=LINE('',#3368,#479);
#267=LINE('',#3371,#480);
#268=LINE('',#3374,#481);
#269=LINE('',#3385,#482);
#270=LINE('',#3389,#483);
#271=LINE('',#3392,#484);
#272=LINE('',#3396,#485);
#273=LINE('',#3400,#486);
#274=LINE('',#3410,#487);
#275=LINE('',#3412,#488);
#276=LINE('',#3413,#489);
#277=LINE('',#3422,#490);
#278=LINE('',#3424,#491);
#279=LINE('',#3425,#492);
#280=LINE('',#3427,#493);
#281=LINE('',#3428,#494);
#282=LINE('',#3431,#495);
#283=LINE('',#3434,#496);
#284=LINE('',#3445,#497);
#285=LINE('',#3449,#498);
#286=LINE('',#3459,#499);
#287=LINE('',#3460,#500);
#288=LINE('',#3469,#501);
#289=LINE('',#3471,#502);
#290=LINE('',#3472,#503);
#291=LINE('',#3476,#504);
#292=LINE('',#3480,#505);
#293=LINE('',#3490,#506);
#294=LINE('',#3492,#507);
#295=LINE('',#3493,#508);
#296=LINE('',#3495,#509);
#297=LINE('',#3496,#510);
#298=LINE('',#3505,#511);
#299=LINE('',#3506,#512);
#300=LINE('',#3508,#513);
#301=LINE('',#3509,#514);
#302=LINE('',#3512,#515);
#303=LINE('',#3513,#516);
#304=LINE('',#3514,#517);
#305=LINE('',#3516,#518);
#306=LINE('',#3517,#519);
#307=LINE('',#3520,#520);
#308=LINE('',#3522,#521);
#309=LINE('',#3525,#522);
#310=LINE('',#3528,#523);
#311=LINE('',#3532,#524);
#312=LINE('',#3533,#525);
#313=LINE('',#3535,#526);
#314=LINE('',#3536,#527);
#315=LINE('',#3539,#528);
#316=LINE('',#3540,#529);
#317=LINE('',#3541,#530);
#318=LINE('',#3544,#531);
#319=LINE('',#3546,#532);
#320=LINE('',#3551,#533);
#321=LINE('',#3554,#534);
#322=LINE('',#3555,#535);
#323=LINE('',#3557,#536);
#324=LINE('',#3558,#537);
#325=LINE('',#3561,#538);
#326=LINE('',#3562,#539);
#327=LINE('',#3563,#540);
#328=LINE('',#3566,#541);
#329=LINE('',#3570,#542);
#330=LINE('',#3571,#543);
#331=LINE('',#3574,#544);
#332=LINE('',#3578,#545);
#333=LINE('',#3579,#546);
#334=LINE('',#3582,#547);
#335=LINE('',#3586,#548);
#336=LINE('',#3587,#549);
#337=LINE('',#3589,#550);
#338=LINE('',#3591,#551);
#339=LINE('',#3593,#552);
#340=LINE('',#3595,#553);
#341=LINE('',#3597,#554);
#342=LINE('',#3599,#555);
#343=LINE('',#3601,#556);
#344=LINE('',#3603,#557);
#345=LINE('',#3606,#558);
#346=LINE('',#3608,#559);
#347=LINE('',#3609,#560);
#348=LINE('',#3611,#561);
#349=LINE('',#3612,#562);
#350=LINE('',#3614,#563);
#351=LINE('',#3616,#564);
#352=LINE('',#3619,#565);
#353=LINE('',#3626,#566);
#354=LINE('',#3628,#567);
#355=LINE('',#3630,#568);
#356=LINE('',#3631,#569);
#357=LINE('',#3636,#570);
#358=LINE('',#3640,#571);
#359=LINE('',#3642,#572);
#360=LINE('',#3643,#573);
#361=LINE('',#3648,#574);
#362=LINE('',#3655,#575);
#363=LINE('',#3658,#576);
#364=LINE('',#3661,#577);
#365=LINE('',#3663,#578);
#366=LINE('',#3664,#579);
#367=LINE('',#3669,#580);
#368=LINE('',#3673,#581);
#369=LINE('',#3675,#582);
#370=LINE('',#3676,#583);
#371=LINE('',#3678,#584);
#372=LINE('',#3679,#585);
#373=LINE('',#3683,#586);
#374=LINE('',#3685,#587);
#375=LINE('',#3687,#588);
#376=LINE('',#3688,#589);
#377=LINE('',#3690,#590);
#378=LINE('',#3691,#591);
#379=LINE('',#3693,#592);
#380=LINE('',#3694,#593);
#381=LINE('',#3701,#594);
#382=LINE('',#3703,#595);
#383=LINE('',#3705,#596);
#384=LINE('',#3706,#597);
#385=LINE('',#3712,#598);
#386=LINE('',#3715,#599);
#387=LINE('',#3717,#600);
#388=LINE('',#3718,#601);
#389=LINE('',#3724,#602);
#390=LINE('',#3730,#603);
#391=LINE('',#3733,#604);
#392=LINE('',#3736,#605);
#393=LINE('',#3738,#606);
#394=LINE('',#3739,#607);
#395=LINE('',#3745,#608);
#396=LINE('',#3748,#609);
#397=LINE('',#3750,#610);
#398=LINE('',#3751,#611);
#399=LINE('',#3753,#612);
#400=LINE('',#3754,#613);
#401=LINE('',#3758,#614);
#402=LINE('',#3760,#615);
#403=LINE('',#3762,#616);
#404=LINE('',#3763,#617);
#405=LINE('',#3765,#618);
#406=LINE('',#3766,#619);
#407=LINE('',#3768,#620);
#408=LINE('',#3769,#621);
#409=LINE('',#3776,#622);
#410=LINE('',#3778,#623);
#411=LINE('',#3780,#624);
#412=LINE('',#3781,#625);
#413=LINE('',#3784,#626);
#414=LINE('',#3786,#627);
#415=LINE('',#3787,#628);
#416=LINE('',#3790,#629);
#417=LINE('',#3792,#630);
#418=LINE('',#3793,#631);
#419=LINE('',#3795,#632);
#420=LINE('',#3796,#633);
#421=LINE('',#3802,#634);
#422=LINE('',#3804,#635);
#423=LINE('',#3806,#636);
#424=LINE('',#3807,#637);
#425=LINE('',#3810,#638);
#426=LINE('',#3812,#639);
#427=LINE('',#3813,#640);
#428=LINE('',#3819,#641);
#429=LINE('',#3822,#642);
#430=LINE('',#3824,#643);
#431=LINE('',#3825,#644);
#432=LINE('',#3828,#645);
#433=LINE('',#3830,#646);
#434=LINE('',#3831,#647);
#435=LINE('',#3834,#648);
#436=LINE('',#3836,#649);
#437=LINE('',#3837,#650);
#438=LINE('',#3843,#651);
#439=LINE('',#3846,#652);
#440=LINE('',#3848,#653);
#441=LINE('',#3849,#654);
#442=LINE('',#3855,#655);
#443=LINE('',#3858,#656);
#444=LINE('',#3860,#657);
#445=LINE('',#3861,#658);
#446=LINE('',#3867,#659);
#447=LINE('',#3870,#660);
#448=LINE('',#3872,#661);
#449=LINE('',#3873,#662);
#450=LINE('',#3882,#663);
#451=LINE('',#3884,#664);
#452=LINE('',#3886,#665);
#453=LINE('',#3887,#666);
#454=LINE('',#3890,#667);
#455=LINE('',#3892,#668);
#456=LINE('',#3893,#669);
#457=LINE('',#3896,#670);
#458=LINE('',#3898,#671);
#459=LINE('',#3899,#672);
#460=LINE('',#3902,#673);
#461=LINE('',#3904,#674);
#462=LINE('',#3905,#675);
#463=LINE('',#3908,#676);
#464=LINE('',#3910,#677);
#465=LINE('',#3911,#678);
#466=LINE('',#3917,#679);
#467=LINE('',#3920,#680);
#468=LINE('',#3922,#681);
#469=LINE('',#3923,#682);
#470=VECTOR('',#2617,10.);
#471=VECTOR('',#2620,10.);
#472=VECTOR('',#2623,10.);
#473=VECTOR('',#2626,10.);
#474=VECTOR('',#2629,10.);
#475=VECTOR('',#2632,10.);
#476=VECTOR('',#2635,10.);
#477=VECTOR('',#2638,10.);
#478=VECTOR('',#2643,10.);
#479=VECTOR('',#2646,10.);
#480=VECTOR('',#2649,10.);
#481=VECTOR('',#2652,10.);
#482=VECTOR('',#2663,10.);
#483=VECTOR('',#2666,10.);
#484=VECTOR('',#2669,10.);
#485=VECTOR('',#2672,10.);
#486=VECTOR('',#2675,10.);
#487=VECTOR('',#2688,10.);
#488=VECTOR('',#2689,10.);
#489=VECTOR('',#2690,10.);
#490=VECTOR('',#2701,10.);
#491=VECTOR('',#2702,10.);
#492=VECTOR('',#2703,10.);
#493=VECTOR('',#2706,10.);
#494=VECTOR('',#2707,10.);
#495=VECTOR('',#2710,10.);
#496=VECTOR('',#2713,10.);
#497=VECTOR('',#2724,10.);
#498=VECTOR('',#2727,10.);
#499=VECTOR('',#2740,10.);
#500=VECTOR('',#2741,10.);
#501=VECTOR('',#2752,10.);
#502=VECTOR('',#2753,10.);
#503=VECTOR('',#2754,10.);
#504=VECTOR('',#2757,10.);
#505=VECTOR('',#2760,10.);
#506=VECTOR('',#2773,10.);
#507=VECTOR('',#2774,10.);
#508=VECTOR('',#2775,10.);
#509=VECTOR('',#2778,10.);
#510=VECTOR('',#2779,10.);
#511=VECTOR('',#2790,10.);
#512=VECTOR('',#2791,10.);
#513=VECTOR('',#2794,10.);
#514=VECTOR('',#2795,10.);
#515=VECTOR('',#2798,10.);
#516=VECTOR('',#2799,10.);
#517=VECTOR('',#2800,10.);
#518=VECTOR('',#2803,10.);
#519=VECTOR('',#2804,10.);
#520=VECTOR('',#2807,10.);
#521=VECTOR('',#2808,10.);
#522=VECTOR('',#2811,10.);
#523=VECTOR('',#2814,10.);
#524=VECTOR('',#2817,10.);
#525=VECTOR('',#2818,10.);
#526=VECTOR('',#2821,10.);
#527=VECTOR('',#2822,10.);
#528=VECTOR('',#2825,10.);
#529=VECTOR('',#2826,10.);
#530=VECTOR('',#2827,10.);
#531=VECTOR('',#2830,10.);
#532=VECTOR('',#2831,10.);
#533=VECTOR('',#2836,10.);
#534=VECTOR('',#2839,10.);
#535=VECTOR('',#2840,10.);
#536=VECTOR('',#2843,10.);
#537=VECTOR('',#2844,10.);
#538=VECTOR('',#2847,10.);
#539=VECTOR('',#2848,10.);
#540=VECTOR('',#2849,10.);
#541=VECTOR('',#2852,10.);
#542=VECTOR('',#2855,10.);
#543=VECTOR('',#2856,10.);
#544=VECTOR('',#2859,10.);
#545=VECTOR('',#2862,10.);
#546=VECTOR('',#2863,10.);
#547=VECTOR('',#2866,10.);
#548=VECTOR('',#2869,10.);
#549=VECTOR('',#2870,10.);
#550=VECTOR('',#2873,10.);
#551=VECTOR('',#2876,10.);
#552=VECTOR('',#2879,10.);
#553=VECTOR('',#2882,10.);
#554=VECTOR('',#2885,10.);
#555=VECTOR('',#2888,10.);
#556=VECTOR('',#2891,10.);
#557=VECTOR('',#2894,10.);
#558=VECTOR('',#2899,10.);
#559=VECTOR('',#2902,10.);
#560=VECTOR('',#2903,10.);
#561=VECTOR('',#2906,10.);
#562=VECTOR('',#2907,10.);
#563=VECTOR('',#2910,10.);
#564=VECTOR('',#2913,10.);
#565=VECTOR('',#2918,10.);
#566=VECTOR('',#2927,10.);
#567=VECTOR('',#2928,10.);
#568=VECTOR('',#2929,10.);
#569=VECTOR('',#2930,10.);
#570=VECTOR('',#2935,10.);
#571=VECTOR('',#2940,10.);
#572=VECTOR('',#2941,10.);
#573=VECTOR('',#2942,10.);
#574=VECTOR('',#2947,10.);
#575=VECTOR('',#2954,10.);
#576=VECTOR('',#2957,10.);
#577=VECTOR('',#2960,10.);
#578=VECTOR('',#2961,10.);
#579=VECTOR('',#2962,10.);
#580=VECTOR('',#2967,10.);
#581=VECTOR('',#2972,10.);
#582=VECTOR('',#2973,10.);
#583=VECTOR('',#2974,10.);
#584=VECTOR('',#2977,10.);
#585=VECTOR('',#2978,10.);
#586=VECTOR('',#2981,10.);
#587=VECTOR('',#2982,10.);
#588=VECTOR('',#2983,10.);
#589=VECTOR('',#2984,10.);
#590=VECTOR('',#2987,10.);
#591=VECTOR('',#2988,10.);
#592=VECTOR('',#2991,10.);
#593=VECTOR('',#2992,10.);
#594=VECTOR('',#3001,10.);
#595=VECTOR('',#3002,10.);
#596=VECTOR('',#3003,10.);
#597=VECTOR('',#3004,10.);
#598=VECTOR('',#3011,10.);
#599=VECTOR('',#3014,10.);
#600=VECTOR('',#3015,10.);
#601=VECTOR('',#3016,10.);
#602=VECTOR('',#3023,10.);
#603=VECTOR('',#3028,10.);
#604=VECTOR('',#3031,10.);
#605=VECTOR('',#3034,10.);
#606=VECTOR('',#3035,10.);
#607=VECTOR('',#3036,10.);
#608=VECTOR('',#3043,10.);
#609=VECTOR('',#3046,10.);
#610=VECTOR('',#3047,10.);
#611=VECTOR('',#3048,10.);
#612=VECTOR('',#3051,10.);
#613=VECTOR('',#3052,10.);
#614=VECTOR('',#3055,10.);
#615=VECTOR('',#3056,10.);
#616=VECTOR('',#3057,10.);
#617=VECTOR('',#3058,10.);
#618=VECTOR('',#3061,10.);
#619=VECTOR('',#3062,10.);
#620=VECTOR('',#3065,10.);
#621=VECTOR('',#3066,10.);
#622=VECTOR('',#3075,10.);
#623=VECTOR('',#3076,10.);
#624=VECTOR('',#3077,10.);
#625=VECTOR('',#3078,10.);
#626=VECTOR('',#3081,10.);
#627=VECTOR('',#3082,10.);
#628=VECTOR('',#3083,10.);
#629=VECTOR('',#3086,10.);
#630=VECTOR('',#3087,10.);
#631=VECTOR('',#3088,10.);
#632=VECTOR('',#3091,10.);
#633=VECTOR('',#3092,10.);
#634=VECTOR('',#3099,10.);
#635=VECTOR('',#3100,10.);
#636=VECTOR('',#3101,10.);
#637=VECTOR('',#3102,10.);
#638=VECTOR('',#3105,10.);
#639=VECTOR('',#3106,10.);
#640=VECTOR('',#3107,10.);
#641=VECTOR('',#3114,10.);
#642=VECTOR('',#3117,10.);
#643=VECTOR('',#3118,10.);
#644=VECTOR('',#3119,10.);
#645=VECTOR('',#3122,10.);
#646=VECTOR('',#3123,10.);
#647=VECTOR('',#3124,10.);
#648=VECTOR('',#3127,10.);
#649=VECTOR('',#3128,10.);
#650=VECTOR('',#3129,10.);
#651=VECTOR('',#3136,10.);
#652=VECTOR('',#3139,10.);
#653=VECTOR('',#3140,10.);
#654=VECTOR('',#3141,10.);
#655=VECTOR('',#3148,10.);
#656=VECTOR('',#3151,10.);
#657=VECTOR('',#3152,10.);
#658=VECTOR('',#3153,10.);
#659=VECTOR('',#3160,10.);
#660=VECTOR('',#3163,10.);
#661=VECTOR('',#3164,10.);
#662=VECTOR('',#3165,10.);
#663=VECTOR('',#3178,10.);
#664=VECTOR('',#3179,10.);
#665=VECTOR('',#3180,10.);
#666=VECTOR('',#3181,10.);
#667=VECTOR('',#3184,10.);
#668=VECTOR('',#3185,10.);
#669=VECTOR('',#3186,10.);
#670=VECTOR('',#3189,10.);
#671=VECTOR('',#3190,10.);
#672=VECTOR('',#3191,10.);
#673=VECTOR('',#3194,10.);
#674=VECTOR('',#3195,10.);
#675=VECTOR('',#3196,10.);
#676=VECTOR('',#3199,10.);
#677=VECTOR('',#3200,10.);
#678=VECTOR('',#3201,10.);
#679=VECTOR('',#3208,10.);
#680=VECTOR('',#3211,10.);
#681=VECTOR('',#3212,10.);
#682=VECTOR('',#3213,10.);
#683=FACE_BOUND('',#854,.T.);
#684=FACE_BOUND('',#904,.T.);
#685=CYLINDRICAL_SURFACE('',#2353,0.293959985407093);
#686=CYLINDRICAL_SURFACE('',#2355,0.05);
#687=CYLINDRICAL_SURFACE('',#2358,0.05);
#688=CYLINDRICAL_SURFACE('',#2361,0.05);
#689=CYLINDRICAL_SURFACE('',#2364,0.05);
#690=CYLINDRICAL_SURFACE('',#2366,0.05);
#691=CYLINDRICAL_SURFACE('',#2372,0.05);
#692=CYLINDRICAL_SURFACE('',#2375,0.05);
#693=CYLINDRICAL_SURFACE('',#2382,0.05);
#694=CYLINDRICAL_SURFACE('',#2387,0.05);
#695=CYLINDRICAL_SURFACE('',#2388,0.05);
#696=CYLINDRICAL_SURFACE('',#2389,0.05);
#697=CYLINDRICAL_SURFACE('',#2395,0.05);
#698=CYLINDRICAL_SURFACE('',#2402,0.05);
#699=CYLINDRICAL_SURFACE('',#2407,0.05);
#700=CYLINDRICAL_SURFACE('',#2408,0.05);
#701=CYLINDRICAL_SURFACE('',#2415,0.05);
#702=CYLINDRICAL_SURFACE('',#2416,0.05);
#703=CYLINDRICAL_SURFACE('',#2421,0.05);
#704=CYLINDRICAL_SURFACE('',#2422,0.05);
#705=CYLINDRICAL_SURFACE('',#2423,0.05);
#706=CYLINDRICAL_SURFACE('',#2424,0.05);
#707=CYLINDRICAL_SURFACE('',#2425,0.05);
#708=CYLINDRICAL_SURFACE('',#2427,0.05);
#709=CYLINDRICAL_SURFACE('',#2429,0.05);
#710=CYLINDRICAL_SURFACE('',#2430,0.05);
#711=CYLINDRICAL_SURFACE('',#2431,0.05);
#712=CYLINDRICAL_SURFACE('',#2433,0.05);
#713=CYLINDRICAL_SURFACE('',#2435,0.05);
#714=CYLINDRICAL_SURFACE('',#2436,0.05);
#715=CYLINDRICAL_SURFACE('',#2437,0.05);
#716=CYLINDRICAL_SURFACE('',#2439,0.05);
#717=CYLINDRICAL_SURFACE('',#2441,0.05);
#718=CYLINDRICAL_SURFACE('',#2463,0.178884481623914);
#719=CYLINDRICAL_SURFACE('',#2467,0.446274376612297);
#720=CYLINDRICAL_SURFACE('',#2470,0.246274376612297);
#721=CYLINDRICAL_SURFACE('',#2474,0.378884481623914);
#722=CYLINDRICAL_SURFACE('',#2486,0.178884481623914);
#723=CYLINDRICAL_SURFACE('',#2490,0.446274376612297);
#724=CYLINDRICAL_SURFACE('',#2493,0.246274376612297);
#725=CYLINDRICAL_SURFACE('',#2497,0.378884481623914);
#726=CYLINDRICAL_SURFACE('',#2516,0.14149902500713);
#727=CYLINDRICAL_SURFACE('',#2522,0.168482766165377);
#728=CYLINDRICAL_SURFACE('',#2526,0.232658424717872);
#729=CYLINDRICAL_SURFACE('',#2530,0.133891707570921);
#730=CYLINDRICAL_SURFACE('',#2534,0.0488970420536636);
#731=CYLINDRICAL_SURFACE('',#2544,0.198476046946916);
#732=CYLINDRICAL_SURFACE('',#2548,0.0329458089038175);
#733=FACE_OUTER_BOUND('',#852,.T.);
#734=FACE_OUTER_BOUND('',#853,.T.);
#735=FACE_OUTER_BOUND('',#855,.T.);
#736=FACE_OUTER_BOUND('',#856,.T.);
#737=FACE_OUTER_BOUND('',#857,.T.);
#738=FACE_OUTER_BOUND('',#858,.T.);
#739=FACE_OUTER_BOUND('',#859,.T.);
#740=FACE_OUTER_BOUND('',#860,.T.);
#741=FACE_OUTER_BOUND('',#861,.T.);
#742=FACE_OUTER_BOUND('',#862,.T.);
#743=FACE_OUTER_BOUND('',#863,.T.);
#744=FACE_OUTER_BOUND('',#864,.T.);
#745=FACE_OUTER_BOUND('',#865,.T.);
#746=FACE_OUTER_BOUND('',#866,.T.);
#747=FACE_OUTER_BOUND('',#867,.T.);
#748=FACE_OUTER_BOUND('',#868,.T.);
#749=FACE_OUTER_BOUND('',#869,.T.);
#750=FACE_OUTER_BOUND('',#870,.T.);
#751=FACE_OUTER_BOUND('',#871,.T.);
#752=FACE_OUTER_BOUND('',#872,.T.);
#753=FACE_OUTER_BOUND('',#873,.T.);
#754=FACE_OUTER_BOUND('',#874,.T.);
#755=FACE_OUTER_BOUND('',#875,.T.);
#756=FACE_OUTER_BOUND('',#876,.T.);
#757=FACE_OUTER_BOUND('',#877,.T.);
#758=FACE_OUTER_BOUND('',#878,.T.);
#759=FACE_OUTER_BOUND('',#879,.T.);
#760=FACE_OUTER_BOUND('',#880,.T.);
#761=FACE_OUTER_BOUND('',#881,.T.);
#762=FACE_OUTER_BOUND('',#882,.T.);
#763=FACE_OUTER_BOUND('',#883,.T.);
#764=FACE_OUTER_BOUND('',#884,.T.);
#765=FACE_OUTER_BOUND('',#885,.T.);
#766=FACE_OUTER_BOUND('',#886,.T.);
#767=FACE_OUTER_BOUND('',#887,.T.);
#768=FACE_OUTER_BOUND('',#888,.T.);
#769=FACE_OUTER_BOUND('',#889,.T.);
#770=FACE_OUTER_BOUND('',#890,.T.);
#771=FACE_OUTER_BOUND('',#891,.T.);
#772=FACE_OUTER_BOUND('',#892,.T.);
#773=FACE_OUTER_BOUND('',#893,.T.);
#774=FACE_OUTER_BOUND('',#894,.T.);
#775=FACE_OUTER_BOUND('',#895,.T.);
#776=FACE_OUTER_BOUND('',#896,.T.);
#777=FACE_OUTER_BOUND('',#897,.T.);
#778=FACE_OUTER_BOUND('',#898,.T.);
#779=FACE_OUTER_BOUND('',#899,.T.);
#780=FACE_OUTER_BOUND('',#900,.T.);
#781=FACE_OUTER_BOUND('',#901,.T.);
#782=FACE_OUTER_BOUND('',#902,.T.);
#783=FACE_OUTER_BOUND('',#903,.T.);
#784=FACE_OUTER_BOUND('',#905,.T.);
#785=FACE_OUTER_BOUND('',#906,.T.);
#786=FACE_OUTER_BOUND('',#907,.T.);
#787=FACE_OUTER_BOUND('',#908,.T.);
#788=FACE_OUTER_BOUND('',#909,.T.);
#789=FACE_OUTER_BOUND('',#910,.T.);
#790=FACE_OUTER_BOUND('',#911,.T.);
#791=FACE_OUTER_BOUND('',#912,.T.);
#792=FACE_OUTER_BOUND('',#913,.T.);
#793=FACE_OUTER_BOUND('',#914,.T.);
#794=FACE_OUTER_BOUND('',#915,.T.);
#795=FACE_OUTER_BOUND('',#916,.T.);
#796=FACE_OUTER_BOUND('',#917,.T.);
#797=FACE_OUTER_BOUND('',#918,.T.);
#798=FACE_OUTER_BOUND('',#919,.T.);
#799=FACE_OUTER_BOUND('',#920,.T.);
#800=FACE_OUTER_BOUND('',#921,.T.);
#801=FACE_OUTER_BOUND('',#922,.T.);
#802=FACE_OUTER_BOUND('',#923,.T.);
#803=FACE_OUTER_BOUND('',#924,.T.);
#804=FACE_OUTER_BOUND('',#925,.T.);
#805=FACE_OUTER_BOUND('',#926,.T.);
#806=FACE_OUTER_BOUND('',#927,.T.);
#807=FACE_OUTER_BOUND('',#928,.T.);
#808=FACE_OUTER_BOUND('',#929,.T.);
#809=FACE_OUTER_BOUND('',#930,.T.);
#810=FACE_OUTER_BOUND('',#931,.T.);
#811=FACE_OUTER_BOUND('',#932,.T.);
#812=FACE_OUTER_BOUND('',#933,.T.);
#813=FACE_OUTER_BOUND('',#934,.T.);
#814=FACE_OUTER_BOUND('',#935,.T.);
#815=FACE_OUTER_BOUND('',#936,.T.);
#816=FACE_OUTER_BOUND('',#937,.T.);
#817=FACE_OUTER_BOUND('',#938,.T.);
#818=FACE_OUTER_BOUND('',#939,.T.);
#819=FACE_OUTER_BOUND('',#940,.T.);
#820=FACE_OUTER_BOUND('',#941,.T.);
#821=FACE_OUTER_BOUND('',#942,.T.);
#822=FACE_OUTER_BOUND('',#943,.T.);
#823=FACE_OUTER_BOUND('',#944,.T.);
#824=FACE_OUTER_BOUND('',#945,.T.);
#825=FACE_OUTER_BOUND('',#946,.T.);
#826=FACE_OUTER_BOUND('',#947,.T.);
#827=FACE_OUTER_BOUND('',#948,.T.);
#828=FACE_OUTER_BOUND('',#949,.T.);
#829=FACE_OUTER_BOUND('',#950,.T.);
#830=FACE_OUTER_BOUND('',#951,.T.);
#831=FACE_OUTER_BOUND('',#952,.T.);
#832=FACE_OUTER_BOUND('',#953,.T.);
#833=FACE_OUTER_BOUND('',#954,.T.);
#834=FACE_OUTER_BOUND('',#955,.T.);
#835=FACE_OUTER_BOUND('',#956,.T.);
#836=FACE_OUTER_BOUND('',#957,.T.);
#837=FACE_OUTER_BOUND('',#958,.T.);
#838=FACE_OUTER_BOUND('',#959,.T.);
#839=FACE_OUTER_BOUND('',#960,.T.);
#840=FACE_OUTER_BOUND('',#961,.T.);
#841=FACE_OUTER_BOUND('',#962,.T.);
#842=FACE_OUTER_BOUND('',#963,.T.);
#843=FACE_OUTER_BOUND('',#964,.T.);
#844=FACE_OUTER_BOUND('',#965,.T.);
#845=FACE_OUTER_BOUND('',#966,.T.);
#846=FACE_OUTER_BOUND('',#967,.T.);
#847=FACE_OUTER_BOUND('',#968,.T.);
#848=FACE_OUTER_BOUND('',#969,.T.);
#849=FACE_OUTER_BOUND('',#970,.T.);
#850=FACE_OUTER_BOUND('',#971,.T.);
#851=FACE_OUTER_BOUND('',#972,.T.);
#852=EDGE_LOOP('',(#1510));
#853=EDGE_LOOP('',(#1511));
#854=EDGE_LOOP('',(#1512));
#855=EDGE_LOOP('',(#1513,#1514,#1515,#1516,#1517));
#856=EDGE_LOOP('',(#1518,#1519,#1520,#1521,#1522));
#857=EDGE_LOOP('',(#1523,#1524,#1525,#1526));
#858=EDGE_LOOP('',(#1527,#1528,#1529,#1530));
#859=EDGE_LOOP('',(#1531,#1532,#1533,#1534));
#860=EDGE_LOOP('',(#1535,#1536,#1537));
#861=EDGE_LOOP('',(#1538,#1539,#1540,#1541,#1542));
#862=EDGE_LOOP('',(#1543,#1544,#1545,#1546));
#863=EDGE_LOOP('',(#1547,#1548,#1549));
#864=EDGE_LOOP('',(#1550,#1551,#1552,#1553,#1554));
#865=EDGE_LOOP('',(#1555,#1556,#1557));
#866=EDGE_LOOP('',(#1558,#1559,#1560,#1561,#1562));
#867=EDGE_LOOP('',(#1563,#1564,#1565,#1566));
#868=EDGE_LOOP('',(#1567,#1568,#1569,#1570));
#869=EDGE_LOOP('',(#1571,#1572,#1573));
#870=EDGE_LOOP('',(#1574,#1575,#1576,#1577));
#871=EDGE_LOOP('',(#1578,#1579,#1580));
#872=EDGE_LOOP('',(#1581,#1582,#1583,#1584));
#873=EDGE_LOOP('',(#1585,#1586,#1587));
#874=EDGE_LOOP('',(#1588,#1589,#1590,#1591,#1592));
#875=EDGE_LOOP('',(#1593,#1594,#1595,#1596));
#876=EDGE_LOOP('',(#1597,#1598,#1599));
#877=EDGE_LOOP('',(#1600,#1601,#1602,#1603,#1604));
#878=EDGE_LOOP('',(#1605,#1606,#1607,#1608));
#879=EDGE_LOOP('',(#1609,#1610,#1611));
#880=EDGE_LOOP('',(#1612,#1613,#1614,#1615));
#881=EDGE_LOOP('',(#1616,#1617,#1618,#1619));
#882=EDGE_LOOP('',(#1620,#1621,#1622,#1623,#1624));
#883=EDGE_LOOP('',(#1625,#1626,#1627,#1628));
#884=EDGE_LOOP('',(#1629,#1630,#1631,#1632,#1633));
#885=EDGE_LOOP('',(#1634,#1635,#1636,#1637,#1638));
#886=EDGE_LOOP('',(#1639,#1640,#1641,#1642));
#887=EDGE_LOOP('',(#1643,#1644,#1645,#1646,#1647));
#888=EDGE_LOOP('',(#1648,#1649,#1650,#1651));
#889=EDGE_LOOP('',(#1652,#1653,#1654,#1655,#1656));
#890=EDGE_LOOP('',(#1657,#1658,#1659,#1660));
#891=EDGE_LOOP('',(#1661,#1662,#1663,#1664,#1665));
#892=EDGE_LOOP('',(#1666,#1667,#1668,#1669,#1670));
#893=EDGE_LOOP('',(#1671,#1672,#1673,#1674,#1675));
#894=EDGE_LOOP('',(#1676,#1677,#1678,#1679,#1680));
#895=EDGE_LOOP('',(#1681,#1682,#1683,#1684,#1685,#1686,#1687,#1688));
#896=EDGE_LOOP('',(#1689,#1690,#1691,#1692));
#897=EDGE_LOOP('',(#1693,#1694,#1695,#1696,#1697,#1698,#1699,#1700));
#898=EDGE_LOOP('',(#1701,#1702,#1703,#1704));
#899=EDGE_LOOP('',(#1705,#1706,#1707,#1708,#1709,#1710,#1711,#1712));
#900=EDGE_LOOP('',(#1713,#1714,#1715,#1716));
#901=EDGE_LOOP('',(#1717,#1718,#1719,#1720,#1721,#1722,#1723,#1724));
#902=EDGE_LOOP('',(#1725,#1726,#1727,#1728));
#903=EDGE_LOOP('',(#1729,#1730,#1731,#1732,#1733,#1734,#1735,#1736));
#904=EDGE_LOOP('',(#1737));
#905=EDGE_LOOP('',(#1738,#1739,#1740,#1741,#1742,#1743,#1744,#1745));
#906=EDGE_LOOP('',(#1746,#1747,#1748,#1749));
#907=EDGE_LOOP('',(#1750,#1751,#1752,#1753,#1754,#1755,#1756,#1757,#1758,
#1759,#1760,#1761,#1762,#1763,#1764,#1765));
#908=EDGE_LOOP('',(#1766,#1767,#1768,#1769));
#909=EDGE_LOOP('',(#1770,#1771,#1772,#1773,#1774,#1775,#1776,#1777));
#910=EDGE_LOOP('',(#1778,#1779,#1780,#1781,#1782,#1783,#1784,#1785));
#911=EDGE_LOOP('',(#1786,#1787,#1788,#1789,#1790,#1791,#1792,#1793));
#912=EDGE_LOOP('',(#1794,#1795,#1796,#1797));
#913=EDGE_LOOP('',(#1798,#1799,#1800,#1801));
#914=EDGE_LOOP('',(#1802,#1803,#1804,#1805));
#915=EDGE_LOOP('',(#1806,#1807,#1808,#1809));
#916=EDGE_LOOP('',(#1810,#1811,#1812,#1813));
#917=EDGE_LOOP('',(#1814,#1815,#1816,#1817));
#918=EDGE_LOOP('',(#1818,#1819,#1820,#1821));
#919=EDGE_LOOP('',(#1822,#1823,#1824,#1825));
#920=EDGE_LOOP('',(#1826,#1827,#1828,#1829));
#921=EDGE_LOOP('',(#1830,#1831,#1832,#1833));
#922=EDGE_LOOP('',(#1834,#1835,#1836,#1837));
#923=EDGE_LOOP('',(#1838,#1839,#1840,#1841));
#924=EDGE_LOOP('',(#1842,#1843,#1844,#1845));
#925=EDGE_LOOP('',(#1846,#1847,#1848,#1849));
#926=EDGE_LOOP('',(#1850,#1851,#1852,#1853,#1854,#1855,#1856,#1857,#1858,
#1859,#1860,#1861));
#927=EDGE_LOOP('',(#1862,#1863,#1864,#1865,#1866,#1867,#1868,#1869,#1870,
#1871,#1872,#1873));
#928=EDGE_LOOP('',(#1874,#1875,#1876,#1877));
#929=EDGE_LOOP('',(#1878,#1879,#1880,#1881));
#930=EDGE_LOOP('',(#1882,#1883,#1884,#1885));
#931=EDGE_LOOP('',(#1886,#1887,#1888,#1889));
#932=EDGE_LOOP('',(#1890,#1891,#1892,#1893));
#933=EDGE_LOOP('',(#1894,#1895,#1896,#1897));
#934=EDGE_LOOP('',(#1898,#1899,#1900,#1901));
#935=EDGE_LOOP('',(#1902,#1903,#1904,#1905));
#936=EDGE_LOOP('',(#1906,#1907,#1908,#1909));
#937=EDGE_LOOP('',(#1910,#1911,#1912,#1913));
#938=EDGE_LOOP('',(#1914,#1915,#1916,#1917));
#939=EDGE_LOOP('',(#1918,#1919,#1920,#1921));
#940=EDGE_LOOP('',(#1922,#1923,#1924,#1925,#1926,#1927,#1928,#1929,#1930,
#1931,#1932,#1933));
#941=EDGE_LOOP('',(#1934,#1935,#1936,#1937,#1938,#1939,#1940,#1941,#1942,
#1943,#1944,#1945));
#942=EDGE_LOOP('',(#1946,#1947,#1948,#1949));
#943=EDGE_LOOP('',(#1950,#1951,#1952,#1953));
#944=EDGE_LOOP('',(#1954,#1955,#1956,#1957));
#945=EDGE_LOOP('',(#1958,#1959,#1960,#1961));
#946=EDGE_LOOP('',(#1962,#1963,#1964,#1965));
#947=EDGE_LOOP('',(#1966,#1967,#1968,#1969));
#948=EDGE_LOOP('',(#1970,#1971,#1972,#1973));
#949=EDGE_LOOP('',(#1974,#1975,#1976,#1977));
#950=EDGE_LOOP('',(#1978,#1979,#1980,#1981));
#951=EDGE_LOOP('',(#1982,#1983,#1984,#1985));
#952=EDGE_LOOP('',(#1986,#1987,#1988,#1989));
#953=EDGE_LOOP('',(#1990,#1991,#1992,#1993));
#954=EDGE_LOOP('',(#1994,#1995,#1996,#1997));
#955=EDGE_LOOP('',(#1998,#1999,#2000,#2001));
#956=EDGE_LOOP('',(#2002,#2003,#2004,#2005));
#957=EDGE_LOOP('',(#2006,#2007,#2008,#2009));
#958=EDGE_LOOP('',(#2010,#2011,#2012,#2013));
#959=EDGE_LOOP('',(#2014,#2015,#2016,#2017));
#960=EDGE_LOOP('',(#2018,#2019,#2020,#2021));
#961=EDGE_LOOP('',(#2022,#2023,#2024,#2025,#2026,#2027,#2028,#2029,#2030,
#2031,#2032,#2033,#2034));
#962=EDGE_LOOP('',(#2035,#2036,#2037,#2038,#2039,#2040,#2041,#2042,#2043,
#2044,#2045,#2046,#2047));
#963=EDGE_LOOP('',(#2048,#2049,#2050,#2051));
#964=EDGE_LOOP('',(#2052,#2053,#2054,#2055));
#965=EDGE_LOOP('',(#2056,#2057,#2058,#2059));
#966=EDGE_LOOP('',(#2060,#2061,#2062,#2063));
#967=EDGE_LOOP('',(#2064,#2065,#2066,#2067));
#968=EDGE_LOOP('',(#2068,#2069,#2070,#2071));
#969=EDGE_LOOP('',(#2072,#2073,#2074,#2075));
#970=EDGE_LOOP('',(#2076,#2077,#2078,#2079));
#971=EDGE_LOOP('',(#2080,#2081,#2082,#2083,#2084,#2085,#2086,#2087));
#972=EDGE_LOOP('',(#2088,#2089,#2090,#2091,#2092,#2093,#2094,#2095));
#973=CIRCLE('',#2352,0.293959985407093);
#974=CIRCLE('',#2354,0.293959985407093);
#975=CIRCLE('',#2369,0.05);
#976=CIRCLE('',#2370,0.05);
#977=CIRCLE('',#2371,0.0499999999999994);
#978=CIRCLE('',#2379,0.05);
#979=CIRCLE('',#2380,0.0500000000000002);
#980=CIRCLE('',#2381,0.05);
#981=CIRCLE('',#2384,0.05);
#982=CIRCLE('',#2385,0.0499999999999994);
#983=CIRCLE('',#2386,0.05);
#984=CIRCLE('',#2392,0.05);
#985=CIRCLE('',#2393,0.05);
#986=CIRCLE('',#2394,0.0499999999999994);
#987=CIRCLE('',#2399,0.05);
#988=CIRCLE('',#2400,0.05);
#989=CIRCLE('',#2401,0.0500000000000002);
#990=CIRCLE('',#2404,0.05);
#991=CIRCLE('',#2405,0.0500000000000002);
#992=CIRCLE('',#2406,0.05);
#993=CIRCLE('',#2412,0.05);
#994=CIRCLE('',#2413,0.0500000000000002);
#995=CIRCLE('',#2414,0.05);
#996=CIRCLE('',#2418,0.05);
#997=CIRCLE('',#2419,0.05);
#998=CIRCLE('',#2420,0.0500000000000002);
#999=CIRCLE('',#2464,0.178884481623914);
#1000=CIRCLE('',#2465,0.178884481623914);
#1001=CIRCLE('',#2468,0.446274376612297);
#1002=CIRCLE('',#2469,0.446274376612297);
#1003=CIRCLE('',#2471,0.246274376612297);
#1004=CIRCLE('',#2472,0.246274376612297);
#1005=CIRCLE('',#2475,0.378884481623914);
#1006=CIRCLE('',#2476,0.378884481623914);
#1007=CIRCLE('',#2487,0.178884481623914);
#1008=CIRCLE('',#2488,0.178884481623914);
#1009=CIRCLE('',#2491,0.446274376612297);
#1010=CIRCLE('',#2492,0.446274376612297);
#1011=CIRCLE('',#2494,0.246274376612297);
#1012=CIRCLE('',#2495,0.246274376612297);
#1013=CIRCLE('',#2498,0.378884481623914);
#1014=CIRCLE('',#2499,0.378884481623914);
#1015=CIRCLE('',#2517,0.141499025007244);
#1016=CIRCLE('',#2518,0.141499025007244);
#1017=CIRCLE('',#2523,0.168482766166131);
#1018=CIRCLE('',#2524,0.168482766166131);
#1019=CIRCLE('',#2527,0.232658424717867);
#1020=CIRCLE('',#2528,0.232658424717867);
#1021=CIRCLE('',#2531,0.133891707571208);
#1022=CIRCLE('',#2532,0.133891707571208);
#1023=CIRCLE('',#2535,0.0488970420536712);
#1024=CIRCLE('',#2536,0.0488970420536712);
#1025=CIRCLE('',#2545,0.198476046946528);
#1026=CIRCLE('',#2546,0.198476046946528);
#1027=CIRCLE('',#2549,0.0329458089039654);
#1028=CIRCLE('',#2550,0.0329458089039654);
#1029=VERTEX_POINT('',#3327);
#1030=VERTEX_POINT('',#3330);
#1031=VERTEX_POINT('',#3333);
#1032=VERTEX_POINT('',#3334);
#1033=VERTEX_POINT('',#3336);
#1034=VERTEX_POINT('',#3338);
#1035=VERTEX_POINT('',#3340);
#1036=VERTEX_POINT('',#3344);
#1037=VERTEX_POINT('',#3345);
#1038=VERTEX_POINT('',#3347);
#1039=VERTEX_POINT('',#3349);
#1040=VERTEX_POINT('',#3351);
#1041=VERTEX_POINT('',#3355);
#1042=VERTEX_POINT('',#3356);
#1043=VERTEX_POINT('',#3358);
#1044=VERTEX_POINT('',#3360);
#1045=VERTEX_POINT('',#3364);
#1046=VERTEX_POINT('',#3366);
#1047=VERTEX_POINT('',#3370);
#1048=VERTEX_POINT('',#3372);
#1049=VERTEX_POINT('',#3376);
#1050=VERTEX_POINT('',#3377);
#1051=VERTEX_POINT('',#3379);
#1052=VERTEX_POINT('',#3383);
#1053=VERTEX_POINT('',#3384);
#1054=VERTEX_POINT('',#3386);
#1055=VERTEX_POINT('',#3388);
#1056=VERTEX_POINT('',#3390);
#1057=VERTEX_POINT('',#3394);
#1058=VERTEX_POINT('',#3395);
#1059=VERTEX_POINT('',#3397);
#1060=VERTEX_POINT('',#3399);
#1061=VERTEX_POINT('',#3403);
#1062=VERTEX_POINT('',#3404);
#1063=VERTEX_POINT('',#3406);
#1064=VERTEX_POINT('',#3411);
#1065=VERTEX_POINT('',#3415);
#1066=VERTEX_POINT('',#3416);
#1067=VERTEX_POINT('',#3418);
#1068=VERTEX_POINT('',#3423);
#1069=VERTEX_POINT('',#3430);
#1070=VERTEX_POINT('',#3432);
#1071=VERTEX_POINT('',#3436);
#1072=VERTEX_POINT('',#3437);
#1073=VERTEX_POINT('',#3439);
#1074=VERTEX_POINT('',#3443);
#1075=VERTEX_POINT('',#3444);
#1076=VERTEX_POINT('',#3446);
#1077=VERTEX_POINT('',#3448);
#1078=VERTEX_POINT('',#3452);
#1079=VERTEX_POINT('',#3453);
#1080=VERTEX_POINT('',#3455);
#1081=VERTEX_POINT('',#3462);
#1082=VERTEX_POINT('',#3463);
#1083=VERTEX_POINT('',#3465);
#1084=VERTEX_POINT('',#3470);
#1085=VERTEX_POINT('',#3474);
#1086=VERTEX_POINT('',#3475);
#1087=VERTEX_POINT('',#3477);
#1088=VERTEX_POINT('',#3479);
#1089=VERTEX_POINT('',#3483);
#1090=VERTEX_POINT('',#3484);
#1091=VERTEX_POINT('',#3486);
#1092=VERTEX_POINT('',#3491);
#1093=VERTEX_POINT('',#3498);
#1094=VERTEX_POINT('',#3499);
#1095=VERTEX_POINT('',#3501);
#1096=VERTEX_POINT('',#3511);
#1097=VERTEX_POINT('',#3519);
#1098=VERTEX_POINT('',#3521);
#1099=VERTEX_POINT('',#3523);
#1100=VERTEX_POINT('',#3527);
#1101=VERTEX_POINT('',#3529);
#1102=VERTEX_POINT('',#3531);
#1103=VERTEX_POINT('',#3538);
#1104=VERTEX_POINT('',#3543);
#1105=VERTEX_POINT('',#3545);
#1106=VERTEX_POINT('',#3549);
#1107=VERTEX_POINT('',#3550);
#1108=VERTEX_POINT('',#3552);
#1109=VERTEX_POINT('',#3560);
#1110=VERTEX_POINT('',#3565);
#1111=VERTEX_POINT('',#3567);
#1112=VERTEX_POINT('',#3569);
#1113=VERTEX_POINT('',#3573);
#1114=VERTEX_POINT('',#3575);
#1115=VERTEX_POINT('',#3577);
#1116=VERTEX_POINT('',#3581);
#1117=VERTEX_POINT('',#3583);
#1118=VERTEX_POINT('',#3585);
#1119=VERTEX_POINT('',#3624);
#1120=VERTEX_POINT('',#3625);
#1121=VERTEX_POINT('',#3627);
#1122=VERTEX_POINT('',#3629);
#1123=VERTEX_POINT('',#3633);
#1124=VERTEX_POINT('',#3635);
#1125=VERTEX_POINT('',#3639);
#1126=VERTEX_POINT('',#3641);
#1127=VERTEX_POINT('',#3645);
#1128=VERTEX_POINT('',#3647);
#1129=VERTEX_POINT('',#3651);
#1130=VERTEX_POINT('',#3652);
#1131=VERTEX_POINT('',#3654);
#1132=VERTEX_POINT('',#3656);
#1133=VERTEX_POINT('',#3660);
#1134=VERTEX_POINT('',#3662);
#1135=VERTEX_POINT('',#3666);
#1136=VERTEX_POINT('',#3668);
#1137=VERTEX_POINT('',#3672);
#1138=VERTEX_POINT('',#3674);
#1139=VERTEX_POINT('',#3681);
#1140=VERTEX_POINT('',#3682);
#1141=VERTEX_POINT('',#3684);
#1142=VERTEX_POINT('',#3686);
#1143=VERTEX_POINT('',#3699);
#1144=VERTEX_POINT('',#3700);
#1145=VERTEX_POINT('',#3702);
#1146=VERTEX_POINT('',#3704);
#1147=VERTEX_POINT('',#3708);
#1148=VERTEX_POINT('',#3710);
#1149=VERTEX_POINT('',#3714);
#1150=VERTEX_POINT('',#3716);
#1151=VERTEX_POINT('',#3720);
#1152=VERTEX_POINT('',#3722);
#1153=VERTEX_POINT('',#3726);
#1154=VERTEX_POINT('',#3727);
#1155=VERTEX_POINT('',#3729);
#1156=VERTEX_POINT('',#3731);
#1157=VERTEX_POINT('',#3735);
#1158=VERTEX_POINT('',#3737);
#1159=VERTEX_POINT('',#3741);
#1160=VERTEX_POINT('',#3743);
#1161=VERTEX_POINT('',#3747);
#1162=VERTEX_POINT('',#3749);
#1163=VERTEX_POINT('',#3756);
#1164=VERTEX_POINT('',#3757);
#1165=VERTEX_POINT('',#3759);
#1166=VERTEX_POINT('',#3761);
#1167=VERTEX_POINT('',#3774);
#1168=VERTEX_POINT('',#3775);
#1169=VERTEX_POINT('',#3777);
#1170=VERTEX_POINT('',#3779);
#1171=VERTEX_POINT('',#3783);
#1172=VERTEX_POINT('',#3785);
#1173=VERTEX_POINT('',#3789);
#1174=VERTEX_POINT('',#3791);
#1175=VERTEX_POINT('',#3800);
#1176=VERTEX_POINT('',#3801);
#1177=VERTEX_POINT('',#3803);
#1178=VERTEX_POINT('',#3805);
#1179=VERTEX_POINT('',#3809);
#1180=VERTEX_POINT('',#3811);
#1181=VERTEX_POINT('',#3815);
#1182=VERTEX_POINT('',#3817);
#1183=VERTEX_POINT('',#3821);
#1184=VERTEX_POINT('',#3823);
#1185=VERTEX_POINT('',#3827);
#1186=VERTEX_POINT('',#3829);
#1187=VERTEX_POINT('',#3833);
#1188=VERTEX_POINT('',#3835);
#1189=VERTEX_POINT('',#3839);
#1190=VERTEX_POINT('',#3841);
#1191=VERTEX_POINT('',#3845);
#1192=VERTEX_POINT('',#3847);
#1193=VERTEX_POINT('',#3851);
#1194=VERTEX_POINT('',#3853);
#1195=VERTEX_POINT('',#3857);
#1196=VERTEX_POINT('',#3859);
#1197=VERTEX_POINT('',#3863);
#1198=VERTEX_POINT('',#3865);
#1199=VERTEX_POINT('',#3869);
#1200=VERTEX_POINT('',#3871);
#1201=VERTEX_POINT('',#3880);
#1202=VERTEX_POINT('',#3881);
#1203=VERTEX_POINT('',#3883);
#1204=VERTEX_POINT('',#3885);
#1205=VERTEX_POINT('',#3889);
#1206=VERTEX_POINT('',#3891);
#1207=VERTEX_POINT('',#3895);
#1208=VERTEX_POINT('',#3897);
#1209=VERTEX_POINT('',#3901);
#1210=VERTEX_POINT('',#3903);
#1211=VERTEX_POINT('',#3907);
#1212=VERTEX_POINT('',#3909);
#1213=VERTEX_POINT('',#3913);
#1214=VERTEX_POINT('',#3915);
#1215=VERTEX_POINT('',#3919);
#1216=VERTEX_POINT('',#3921);
#1217=EDGE_CURVE('',#1029,#1029,#973,.T.);
#1218=EDGE_CURVE('',#1030,#1030,#974,.T.);
#1219=EDGE_CURVE('',#1031,#1032,#257,.T.);
#1220=EDGE_CURVE('',#1032,#1033,#233,.T.);
#1221=EDGE_CURVE('',#1033,#1034,#258,.T.);
#1222=EDGE_CURVE('',#1034,#1035,#234,.T.);
#1223=EDGE_CURVE('',#1031,#1035,#259,.T.);
#1224=EDGE_CURVE('',#1036,#1037,#260,.T.);
#1225=EDGE_CURVE('',#1037,#1038,#235,.T.);
#1226=EDGE_CURVE('',#1038,#1039,#261,.T.);
#1227=EDGE_CURVE('',#1039,#1040,#236,.T.);
#1228=EDGE_CURVE('',#1036,#1040,#262,.T.);
#1229=EDGE_CURVE('',#1041,#1042,#263,.T.);
#1230=EDGE_CURVE('',#1042,#1043,#237,.T.);
#1231=EDGE_CURVE('',#1043,#1044,#264,.T.);
#1232=EDGE_CURVE('',#1044,#1041,#238,.T.);
#1233=EDGE_CURVE('',#1034,#1045,#265,.T.);
#1234=EDGE_CURVE('',#1045,#1046,#239,.T.);
#1235=EDGE_CURVE('',#1046,#1035,#266,.T.);
#1236=EDGE_CURVE('',#1039,#1047,#267,.T.);
#1237=EDGE_CURVE('',#1047,#1048,#240,.T.);
#1238=EDGE_CURVE('',#1048,#1040,#268,.T.);
#1239=EDGE_CURVE('',#1049,#1050,#975,.F.);
#1240=EDGE_CURVE('',#1051,#1049,#976,.F.);
#1241=EDGE_CURVE('',#1050,#1051,#977,.F.);
#1242=EDGE_CURVE('',#1052,#1053,#269,.T.);
#1243=EDGE_CURVE('',#1053,#1054,#241,.T.);
#1244=EDGE_CURVE('',#1054,#1055,#270,.T.);
#1245=EDGE_CURVE('',#1055,#1056,#242,.T.);
#1246=EDGE_CURVE('',#1052,#1056,#271,.T.);
#1247=EDGE_CURVE('',#1057,#1058,#272,.T.);
#1248=EDGE_CURVE('',#1058,#1059,#243,.T.);
#1249=EDGE_CURVE('',#1059,#1060,#273,.T.);
#1250=EDGE_CURVE('',#1060,#1057,#244,.T.);
#1251=EDGE_CURVE('',#1061,#1062,#978,.F.);
#1252=EDGE_CURVE('',#1063,#1061,#979,.F.);
#1253=EDGE_CURVE('',#1062,#1063,#980,.F.);
#1254=EDGE_CURVE('',#1045,#1063,#274,.T.);
#1255=EDGE_CURVE('',#1061,#1064,#275,.T.);
#1256=EDGE_CURVE('',#1046,#1064,#276,.T.);
#1257=EDGE_CURVE('',#1065,#1066,#981,.F.);
#1258=EDGE_CURVE('',#1067,#1065,#982,.F.);
#1259=EDGE_CURVE('',#1066,#1067,#983,.F.);
#1260=EDGE_CURVE('',#1047,#1067,#277,.T.);
#1261=EDGE_CURVE('',#1065,#1068,#278,.T.);
#1262=EDGE_CURVE('',#1048,#1068,#279,.T.);
#1263=EDGE_CURVE('',#1067,#1050,#280,.T.);
#1264=EDGE_CURVE('',#1051,#1066,#281,.T.);
#1265=EDGE_CURVE('',#1055,#1069,#282,.T.);
#1266=EDGE_CURVE('',#1069,#1070,#245,.T.);
#1267=EDGE_CURVE('',#1070,#1056,#283,.T.);
#1268=EDGE_CURVE('',#1071,#1072,#984,.F.);
#1269=EDGE_CURVE('',#1073,#1071,#985,.F.);
#1270=EDGE_CURVE('',#1072,#1073,#986,.F.);
#1271=EDGE_CURVE('',#1074,#1075,#284,.T.);
#1272=EDGE_CURVE('',#1075,#1076,#246,.T.);
#1273=EDGE_CURVE('',#1076,#1077,#285,.T.);
#1274=EDGE_CURVE('',#1077,#1074,#247,.T.);
#1275=EDGE_CURVE('',#1078,#1079,#987,.F.);
#1276=EDGE_CURVE('',#1080,#1078,#988,.F.);
#1277=EDGE_CURVE('',#1079,#1080,#989,.F.);
#1278=EDGE_CURVE('',#1066,#1080,#286,.T.);
#1279=EDGE_CURVE('',#1078,#1065,#287,.T.);
#1280=EDGE_CURVE('',#1081,#1082,#990,.F.);
#1281=EDGE_CURVE('',#1083,#1081,#991,.F.);
#1282=EDGE_CURVE('',#1082,#1083,#992,.F.);
#1283=EDGE_CURVE('',#1069,#1083,#288,.T.);
#1284=EDGE_CURVE('',#1081,#1084,#289,.T.);
#1285=EDGE_CURVE('',#1070,#1084,#290,.T.);
#1286=EDGE_CURVE('',#1085,#1086,#291,.T.);
#1287=EDGE_CURVE('',#1086,#1087,#248,.T.);
#1288=EDGE_CURVE('',#1087,#1088,#292,.T.);
#1289=EDGE_CURVE('',#1088,#1085,#249,.T.);
#1290=EDGE_CURVE('',#1089,#1090,#993,.F.);
#1291=EDGE_CURVE('',#1091,#1089,#994,.F.);
#1292=EDGE_CURVE('',#1090,#1091,#995,.F.);
#1293=EDGE_CURVE('',#1075,#1091,#293,.T.);
#1294=EDGE_CURVE('',#1089,#1092,#294,.T.);
#1295=EDGE_CURVE('',#1076,#1092,#295,.T.);
#1296=EDGE_CURVE('',#1091,#1079,#296,.T.);
#1297=EDGE_CURVE('',#1080,#1090,#297,.T.);
#1298=EDGE_CURVE('',#1093,#1094,#996,.F.);
#1299=EDGE_CURVE('',#1095,#1093,#997,.F.);
#1300=EDGE_CURVE('',#1094,#1095,#998,.F.);
#1301=EDGE_CURVE('',#1090,#1095,#298,.T.);
#1302=EDGE_CURVE('',#1093,#1089,#299,.T.);
#1303=EDGE_CURVE('',#1083,#1094,#300,.T.);
#1304=EDGE_CURVE('',#1095,#1082,#301,.T.);
#1305=EDGE_CURVE('',#1096,#1093,#302,.T.);
#1306=EDGE_CURVE('',#1094,#1087,#303,.T.);
#1307=EDGE_CURVE('',#1096,#1086,#304,.T.);
#1308=EDGE_CURVE('',#1082,#1073,#305,.T.);
#1309=EDGE_CURVE('',#1071,#1081,#306,.T.);
#1310=EDGE_CURVE('',#1097,#1078,#307,.T.);
#1311=EDGE_CURVE('',#1079,#1098,#308,.T.);
#1312=EDGE_CURVE('',#1098,#1099,#250,.T.);
#1313=EDGE_CURVE('',#1097,#1099,#309,.T.);
#1314=EDGE_CURVE('',#1088,#1100,#310,.T.);
#1315=EDGE_CURVE('',#1100,#1101,#251,.T.);
#1316=EDGE_CURVE('',#1101,#1102,#311,.T.);
#1317=EDGE_CURVE('',#1085,#1102,#312,.T.);
#1318=EDGE_CURVE('',#1063,#1072,#313,.T.);
#1319=EDGE_CURVE('',#1073,#1062,#314,.T.);
#1320=EDGE_CURVE('',#1103,#1071,#315,.T.);
#1321=EDGE_CURVE('',#1072,#1059,#316,.T.);
#1322=EDGE_CURVE('',#1103,#1058,#317,.T.);
#1323=EDGE_CURVE('',#1104,#1099,#318,.T.);
#1324=EDGE_CURVE('',#1098,#1105,#319,.T.);
#1325=EDGE_CURVE('',#1105,#1104,#252,.T.);
#1326=EDGE_CURVE('',#1106,#1107,#320,.T.);
#1327=EDGE_CURVE('',#1107,#1108,#253,.T.);
#1328=EDGE_CURVE('',#1108,#1074,#321,.T.);
#1329=EDGE_CURVE('',#1106,#1077,#322,.T.);
#1330=EDGE_CURVE('',#1062,#1051,#323,.T.);
#1331=EDGE_CURVE('',#1049,#1061,#324,.T.);
#1332=EDGE_CURVE('',#1109,#1049,#325,.T.);
#1333=EDGE_CURVE('',#1050,#1043,#326,.T.);
#1334=EDGE_CURVE('',#1109,#1042,#327,.T.);
#1335=EDGE_CURVE('',#1105,#1110,#328,.T.);
#1336=EDGE_CURVE('',#1110,#1111,#254,.T.);
#1337=EDGE_CURVE('',#1111,#1112,#329,.T.);
#1338=EDGE_CURVE('',#1104,#1112,#330,.T.);
#1339=EDGE_CURVE('',#1060,#1113,#331,.T.);
#1340=EDGE_CURVE('',#1113,#1114,#255,.T.);
#1341=EDGE_CURVE('',#1114,#1115,#332,.T.);
#1342=EDGE_CURVE('',#1057,#1115,#333,.T.);
#1343=EDGE_CURVE('',#1044,#1116,#334,.T.);
#1344=EDGE_CURVE('',#1116,#1117,#256,.T.);
#1345=EDGE_CURVE('',#1117,#1118,#335,.T.);
#1346=EDGE_CURVE('',#1041,#1118,#336,.T.);
#1347=EDGE_CURVE('',#1054,#1100,#337,.T.);
#1348=EDGE_CURVE('',#1084,#1103,#338,.T.);
#1349=EDGE_CURVE('',#1115,#1052,#339,.T.);
#1350=EDGE_CURVE('',#1053,#1114,#340,.T.);
#1351=EDGE_CURVE('',#1033,#1113,#341,.T.);
#1352=EDGE_CURVE('',#1064,#1109,#342,.T.);
#1353=EDGE_CURVE('',#1118,#1031,#343,.T.);
#1354=EDGE_CURVE('',#1032,#1117,#344,.T.);
#1355=EDGE_CURVE('',#1108,#1110,#345,.T.);
#1356=EDGE_CURVE('',#1037,#1111,#346,.T.);
#1357=EDGE_CURVE('',#1112,#1036,#347,.T.);
#1358=EDGE_CURVE('',#1038,#1116,#348,.T.);
#1359=EDGE_CURVE('',#1107,#1101,#349,.T.);
#1360=EDGE_CURVE('',#1102,#1106,#350,.T.);
#1361=EDGE_CURVE('',#1092,#1096,#351,.T.);
#1362=EDGE_CURVE('',#1068,#1097,#352,.T.);
#1363=EDGE_CURVE('',#1119,#1120,#353,.T.);
#1364=EDGE_CURVE('',#1119,#1121,#354,.T.);
#1365=EDGE_CURVE('',#1121,#1122,#355,.T.);
#1366=EDGE_CURVE('',#1120,#1122,#356,.T.);
#1367=EDGE_CURVE('',#1123,#1119,#999,.T.);
#1368=EDGE_CURVE('',#1123,#1124,#357,.T.);
#1369=EDGE_CURVE('',#1124,#1121,#1000,.T.);
#1370=EDGE_CURVE('',#1125,#1123,#358,.T.);
#1371=EDGE_CURVE('',#1125,#1126,#359,.T.);
#1372=EDGE_CURVE('',#1126,#1124,#360,.T.);
#1373=EDGE_CURVE('',#1127,#1125,#1001,.T.);
#1374=EDGE_CURVE('',#1127,#1128,#361,.T.);
#1375=EDGE_CURVE('',#1128,#1126,#1002,.T.);
#1376=EDGE_CURVE('',#1129,#1130,#1003,.T.);
#1377=EDGE_CURVE('',#1129,#1131,#362,.T.);
#1378=EDGE_CURVE('',#1131,#1132,#1004,.T.);
#1379=EDGE_CURVE('',#1130,#1132,#363,.T.);
#1380=EDGE_CURVE('',#1133,#1129,#364,.T.);
#1381=EDGE_CURVE('',#1133,#1134,#365,.T.);
#1382=EDGE_CURVE('',#1134,#1131,#366,.T.);
#1383=EDGE_CURVE('',#1135,#1133,#1005,.T.);
#1384=EDGE_CURVE('',#1135,#1136,#367,.T.);
#1385=EDGE_CURVE('',#1136,#1134,#1006,.T.);
#1386=EDGE_CURVE('',#1137,#1135,#368,.T.);
#1387=EDGE_CURVE('',#1137,#1138,#369,.T.);
#1388=EDGE_CURVE('',#1138,#1136,#370,.T.);
#1389=EDGE_CURVE('',#1120,#1137,#371,.T.);
#1390=EDGE_CURVE('',#1122,#1138,#372,.T.);
#1391=EDGE_CURVE('',#1139,#1140,#373,.T.);
#1392=EDGE_CURVE('',#1139,#1141,#374,.T.);
#1393=EDGE_CURVE('',#1141,#1142,#375,.T.);
#1394=EDGE_CURVE('',#1140,#1142,#376,.T.);
#1395=EDGE_CURVE('',#1130,#1139,#377,.T.);
#1396=EDGE_CURVE('',#1132,#1141,#378,.T.);
#1397=EDGE_CURVE('',#1140,#1127,#379,.T.);
#1398=EDGE_CURVE('',#1142,#1128,#380,.T.);
#1399=EDGE_CURVE('',#1143,#1144,#381,.T.);
#1400=EDGE_CURVE('',#1144,#1145,#382,.T.);
#1401=EDGE_CURVE('',#1146,#1145,#383,.T.);
#1402=EDGE_CURVE('',#1143,#1146,#384,.T.);
#1403=EDGE_CURVE('',#1147,#1143,#1007,.T.);
#1404=EDGE_CURVE('',#1148,#1146,#1008,.T.);
#1405=EDGE_CURVE('',#1147,#1148,#385,.T.);
#1406=EDGE_CURVE('',#1149,#1147,#386,.T.);
#1407=EDGE_CURVE('',#1150,#1148,#387,.T.);
#1408=EDGE_CURVE('',#1149,#1150,#388,.T.);
#1409=EDGE_CURVE('',#1151,#1149,#1009,.T.);
#1410=EDGE_CURVE('',#1152,#1150,#1010,.T.);
#1411=EDGE_CURVE('',#1151,#1152,#389,.T.);
#1412=EDGE_CURVE('',#1153,#1154,#1011,.T.);
#1413=EDGE_CURVE('',#1154,#1155,#390,.T.);
#1414=EDGE_CURVE('',#1156,#1155,#1012,.T.);
#1415=EDGE_CURVE('',#1153,#1156,#391,.T.);
#1416=EDGE_CURVE('',#1157,#1153,#392,.T.);
#1417=EDGE_CURVE('',#1158,#1156,#393,.T.);
#1418=EDGE_CURVE('',#1157,#1158,#394,.T.);
#1419=EDGE_CURVE('',#1159,#1157,#1013,.T.);
#1420=EDGE_CURVE('',#1160,#1158,#1014,.T.);
#1421=EDGE_CURVE('',#1159,#1160,#395,.T.);
#1422=EDGE_CURVE('',#1161,#1159,#396,.T.);
#1423=EDGE_CURVE('',#1162,#1160,#397,.T.);
#1424=EDGE_CURVE('',#1161,#1162,#398,.T.);
#1425=EDGE_CURVE('',#1144,#1161,#399,.T.);
#1426=EDGE_CURVE('',#1145,#1162,#400,.T.);
#1427=EDGE_CURVE('',#1163,#1164,#401,.T.);
#1428=EDGE_CURVE('',#1164,#1165,#402,.T.);
#1429=EDGE_CURVE('',#1166,#1165,#403,.T.);
#1430=EDGE_CURVE('',#1163,#1166,#404,.T.);
#1431=EDGE_CURVE('',#1154,#1163,#405,.T.);
#1432=EDGE_CURVE('',#1155,#1166,#406,.T.);
#1433=EDGE_CURVE('',#1164,#1151,#407,.T.);
#1434=EDGE_CURVE('',#1165,#1152,#408,.T.);
#1435=EDGE_CURVE('',#1167,#1168,#409,.T.);
#1436=EDGE_CURVE('',#1168,#1169,#410,.T.);
#1437=EDGE_CURVE('',#1170,#1169,#411,.T.);
#1438=EDGE_CURVE('',#1167,#1170,#412,.T.);
#1439=EDGE_CURVE('',#1169,#1171,#413,.T.);
#1440=EDGE_CURVE('',#1172,#1171,#414,.T.);
#1441=EDGE_CURVE('',#1170,#1172,#415,.T.);
#1442=EDGE_CURVE('',#1171,#1173,#416,.T.);
#1443=EDGE_CURVE('',#1174,#1173,#417,.T.);
#1444=EDGE_CURVE('',#1172,#1174,#418,.T.);
#1445=EDGE_CURVE('',#1173,#1168,#419,.T.);
#1446=EDGE_CURVE('',#1174,#1167,#420,.T.);
#1447=EDGE_CURVE('',#1175,#1176,#421,.T.);
#1448=EDGE_CURVE('',#1176,#1177,#422,.T.);
#1449=EDGE_CURVE('',#1178,#1177,#423,.T.);
#1450=EDGE_CURVE('',#1175,#1178,#424,.T.);
#1451=EDGE_CURVE('',#1177,#1179,#425,.T.);
#1452=EDGE_CURVE('',#1180,#1179,#426,.T.);
#1453=EDGE_CURVE('',#1178,#1180,#427,.T.);
#1454=EDGE_CURVE('',#1181,#1180,#1015,.T.);
#1455=EDGE_CURVE('',#1182,#1179,#1016,.T.);
#1456=EDGE_CURVE('',#1181,#1182,#428,.T.);
#1457=EDGE_CURVE('',#1182,#1183,#429,.T.);
#1458=EDGE_CURVE('',#1184,#1183,#430,.T.);
#1459=EDGE_CURVE('',#1181,#1184,#431,.T.);
#1460=EDGE_CURVE('',#1183,#1185,#432,.T.);
#1461=EDGE_CURVE('',#1186,#1185,#433,.T.);
#1462=EDGE_CURVE('',#1184,#1186,#434,.T.);
#1463=EDGE_CURVE('',#1185,#1187,#435,.T.);
#1464=EDGE_CURVE('',#1188,#1187,#436,.T.);
#1465=EDGE_CURVE('',#1186,#1188,#437,.T.);
#1466=EDGE_CURVE('',#1188,#1189,#1017,.T.);
#1467=EDGE_CURVE('',#1187,#1190,#1018,.T.);
#1468=EDGE_CURVE('',#1189,#1190,#438,.T.);
#1469=EDGE_CURVE('',#1190,#1191,#439,.T.);
#1470=EDGE_CURVE('',#1192,#1191,#440,.T.);
#1471=EDGE_CURVE('',#1189,#1192,#441,.T.);
#1472=EDGE_CURVE('',#1192,#1193,#1019,.T.);
#1473=EDGE_CURVE('',#1191,#1194,#1020,.T.);
#1474=EDGE_CURVE('',#1193,#1194,#442,.T.);
#1475=EDGE_CURVE('',#1194,#1195,#443,.T.);
#1476=EDGE_CURVE('',#1196,#1195,#444,.T.);
#1477=EDGE_CURVE('',#1193,#1196,#445,.T.);
#1478=EDGE_CURVE('',#1196,#1197,#1021,.T.);
#1479=EDGE_CURVE('',#1195,#1198,#1022,.T.);
#1480=EDGE_CURVE('',#1197,#1198,#446,.T.);
#1481=EDGE_CURVE('',#1198,#1199,#447,.T.);
#1482=EDGE_CURVE('',#1200,#1199,#448,.T.);
#1483=EDGE_CURVE('',#1197,#1200,#449,.T.);
#1484=EDGE_CURVE('',#1175,#1200,#1023,.T.);
#1485=EDGE_CURVE('',#1176,#1199,#1024,.T.);
#1486=EDGE_CURVE('',#1201,#1202,#450,.T.);
#1487=EDGE_CURVE('',#1202,#1203,#451,.T.);
#1488=EDGE_CURVE('',#1204,#1203,#452,.T.);
#1489=EDGE_CURVE('',#1201,#1204,#453,.T.);
#1490=EDGE_CURVE('',#1203,#1205,#454,.T.);
#1491=EDGE_CURVE('',#1206,#1205,#455,.T.);
#1492=EDGE_CURVE('',#1204,#1206,#456,.T.);
#1493=EDGE_CURVE('',#1205,#1207,#457,.T.);
#1494=EDGE_CURVE('',#1208,#1207,#458,.T.);
#1495=EDGE_CURVE('',#1206,#1208,#459,.T.);
#1496=EDGE_CURVE('',#1207,#1209,#460,.T.);
#1497=EDGE_CURVE('',#1210,#1209,#461,.T.);
#1498=EDGE_CURVE('',#1208,#1210,#462,.T.);
#1499=EDGE_CURVE('',#1209,#1211,#463,.T.);
#1500=EDGE_CURVE('',#1212,#1211,#464,.T.);
#1501=EDGE_CURVE('',#1210,#1212,#465,.T.);
#1502=EDGE_CURVE('',#1212,#1213,#1025,.T.);
#1503=EDGE_CURVE('',#1211,#1214,#1026,.T.);
#1504=EDGE_CURVE('',#1213,#1214,#466,.T.);
#1505=EDGE_CURVE('',#1214,#1215,#467,.T.);
#1506=EDGE_CURVE('',#1216,#1215,#468,.T.);
#1507=EDGE_CURVE('',#1213,#1216,#469,.T.);
#1508=EDGE_CURVE('',#1201,#1216,#1027,.T.);
#1509=EDGE_CURVE('',#1202,#1215,#1028,.T.);
#1510=ORIENTED_EDGE('',*,*,#1217,.F.);
#1511=ORIENTED_EDGE('',*,*,#1218,.F.);
#1512=ORIENTED_EDGE('',*,*,#1217,.T.);
#1513=ORIENTED_EDGE('',*,*,#1219,.T.);
#1514=ORIENTED_EDGE('',*,*,#1220,.T.);
#1515=ORIENTED_EDGE('',*,*,#1221,.T.);
#1516=ORIENTED_EDGE('',*,*,#1222,.T.);
#1517=ORIENTED_EDGE('',*,*,#1223,.F.);
#1518=ORIENTED_EDGE('',*,*,#1224,.T.);
#1519=ORIENTED_EDGE('',*,*,#1225,.T.);
#1520=ORIENTED_EDGE('',*,*,#1226,.T.);
#1521=ORIENTED_EDGE('',*,*,#1227,.T.);
#1522=ORIENTED_EDGE('',*,*,#1228,.F.);
#1523=ORIENTED_EDGE('',*,*,#1229,.T.);
#1524=ORIENTED_EDGE('',*,*,#1230,.T.);
#1525=ORIENTED_EDGE('',*,*,#1231,.T.);
#1526=ORIENTED_EDGE('',*,*,#1232,.T.);
#1527=ORIENTED_EDGE('',*,*,#1233,.T.);
#1528=ORIENTED_EDGE('',*,*,#1234,.T.);
#1529=ORIENTED_EDGE('',*,*,#1235,.T.);
#1530=ORIENTED_EDGE('',*,*,#1222,.F.);
#1531=ORIENTED_EDGE('',*,*,#1236,.T.);
#1532=ORIENTED_EDGE('',*,*,#1237,.T.);
#1533=ORIENTED_EDGE('',*,*,#1238,.T.);
#1534=ORIENTED_EDGE('',*,*,#1227,.F.);
#1535=ORIENTED_EDGE('',*,*,#1239,.F.);
#1536=ORIENTED_EDGE('',*,*,#1240,.F.);
#1537=ORIENTED_EDGE('',*,*,#1241,.F.);
#1538=ORIENTED_EDGE('',*,*,#1242,.T.);
#1539=ORIENTED_EDGE('',*,*,#1243,.T.);
#1540=ORIENTED_EDGE('',*,*,#1244,.T.);
#1541=ORIENTED_EDGE('',*,*,#1245,.T.);
#1542=ORIENTED_EDGE('',*,*,#1246,.F.);
#1543=ORIENTED_EDGE('',*,*,#1247,.T.);
#1544=ORIENTED_EDGE('',*,*,#1248,.T.);
#1545=ORIENTED_EDGE('',*,*,#1249,.T.);
#1546=ORIENTED_EDGE('',*,*,#1250,.T.);
#1547=ORIENTED_EDGE('',*,*,#1251,.F.);
#1548=ORIENTED_EDGE('',*,*,#1252,.F.);
#1549=ORIENTED_EDGE('',*,*,#1253,.F.);
#1550=ORIENTED_EDGE('',*,*,#1254,.T.);
#1551=ORIENTED_EDGE('',*,*,#1252,.T.);
#1552=ORIENTED_EDGE('',*,*,#1255,.T.);
#1553=ORIENTED_EDGE('',*,*,#1256,.F.);
#1554=ORIENTED_EDGE('',*,*,#1234,.F.);
#1555=ORIENTED_EDGE('',*,*,#1257,.F.);
#1556=ORIENTED_EDGE('',*,*,#1258,.F.);
#1557=ORIENTED_EDGE('',*,*,#1259,.F.);
#1558=ORIENTED_EDGE('',*,*,#1260,.T.);
#1559=ORIENTED_EDGE('',*,*,#1258,.T.);
#1560=ORIENTED_EDGE('',*,*,#1261,.T.);
#1561=ORIENTED_EDGE('',*,*,#1262,.F.);
#1562=ORIENTED_EDGE('',*,*,#1237,.F.);
#1563=ORIENTED_EDGE('',*,*,#1259,.T.);
#1564=ORIENTED_EDGE('',*,*,#1263,.T.);
#1565=ORIENTED_EDGE('',*,*,#1241,.T.);
#1566=ORIENTED_EDGE('',*,*,#1264,.T.);
#1567=ORIENTED_EDGE('',*,*,#1265,.T.);
#1568=ORIENTED_EDGE('',*,*,#1266,.T.);
#1569=ORIENTED_EDGE('',*,*,#1267,.T.);
#1570=ORIENTED_EDGE('',*,*,#1245,.F.);
#1571=ORIENTED_EDGE('',*,*,#1268,.F.);
#1572=ORIENTED_EDGE('',*,*,#1269,.F.);
#1573=ORIENTED_EDGE('',*,*,#1270,.F.);
#1574=ORIENTED_EDGE('',*,*,#1271,.T.);
#1575=ORIENTED_EDGE('',*,*,#1272,.T.);
#1576=ORIENTED_EDGE('',*,*,#1273,.T.);
#1577=ORIENTED_EDGE('',*,*,#1274,.T.);
#1578=ORIENTED_EDGE('',*,*,#1275,.F.);
#1579=ORIENTED_EDGE('',*,*,#1276,.F.);
#1580=ORIENTED_EDGE('',*,*,#1277,.F.);
#1581=ORIENTED_EDGE('',*,*,#1257,.T.);
#1582=ORIENTED_EDGE('',*,*,#1278,.T.);
#1583=ORIENTED_EDGE('',*,*,#1276,.T.);
#1584=ORIENTED_EDGE('',*,*,#1279,.T.);
#1585=ORIENTED_EDGE('',*,*,#1280,.F.);
#1586=ORIENTED_EDGE('',*,*,#1281,.F.);
#1587=ORIENTED_EDGE('',*,*,#1282,.F.);
#1588=ORIENTED_EDGE('',*,*,#1283,.T.);
#1589=ORIENTED_EDGE('',*,*,#1281,.T.);
#1590=ORIENTED_EDGE('',*,*,#1284,.T.);
#1591=ORIENTED_EDGE('',*,*,#1285,.F.);
#1592=ORIENTED_EDGE('',*,*,#1266,.F.);
#1593=ORIENTED_EDGE('',*,*,#1286,.T.);
#1594=ORIENTED_EDGE('',*,*,#1287,.T.);
#1595=ORIENTED_EDGE('',*,*,#1288,.T.);
#1596=ORIENTED_EDGE('',*,*,#1289,.T.);
#1597=ORIENTED_EDGE('',*,*,#1290,.F.);
#1598=ORIENTED_EDGE('',*,*,#1291,.F.);
#1599=ORIENTED_EDGE('',*,*,#1292,.F.);
#1600=ORIENTED_EDGE('',*,*,#1293,.T.);
#1601=ORIENTED_EDGE('',*,*,#1291,.T.);
#1602=ORIENTED_EDGE('',*,*,#1294,.T.);
#1603=ORIENTED_EDGE('',*,*,#1295,.F.);
#1604=ORIENTED_EDGE('',*,*,#1272,.F.);
#1605=ORIENTED_EDGE('',*,*,#1292,.T.);
#1606=ORIENTED_EDGE('',*,*,#1296,.T.);
#1607=ORIENTED_EDGE('',*,*,#1277,.T.);
#1608=ORIENTED_EDGE('',*,*,#1297,.T.);
#1609=ORIENTED_EDGE('',*,*,#1298,.F.);
#1610=ORIENTED_EDGE('',*,*,#1299,.F.);
#1611=ORIENTED_EDGE('',*,*,#1300,.F.);
#1612=ORIENTED_EDGE('',*,*,#1290,.T.);
#1613=ORIENTED_EDGE('',*,*,#1301,.T.);
#1614=ORIENTED_EDGE('',*,*,#1299,.T.);
#1615=ORIENTED_EDGE('',*,*,#1302,.T.);
#1616=ORIENTED_EDGE('',*,*,#1282,.T.);
#1617=ORIENTED_EDGE('',*,*,#1303,.T.);
#1618=ORIENTED_EDGE('',*,*,#1300,.T.);
#1619=ORIENTED_EDGE('',*,*,#1304,.T.);
#1620=ORIENTED_EDGE('',*,*,#1305,.T.);
#1621=ORIENTED_EDGE('',*,*,#1298,.T.);
#1622=ORIENTED_EDGE('',*,*,#1306,.T.);
#1623=ORIENTED_EDGE('',*,*,#1287,.F.);
#1624=ORIENTED_EDGE('',*,*,#1307,.F.);
#1625=ORIENTED_EDGE('',*,*,#1280,.T.);
#1626=ORIENTED_EDGE('',*,*,#1308,.T.);
#1627=ORIENTED_EDGE('',*,*,#1269,.T.);
#1628=ORIENTED_EDGE('',*,*,#1309,.T.);
#1629=ORIENTED_EDGE('',*,*,#1310,.T.);
#1630=ORIENTED_EDGE('',*,*,#1275,.T.);
#1631=ORIENTED_EDGE('',*,*,#1311,.T.);
#1632=ORIENTED_EDGE('',*,*,#1312,.T.);
#1633=ORIENTED_EDGE('',*,*,#1313,.F.);
#1634=ORIENTED_EDGE('',*,*,#1314,.T.);
#1635=ORIENTED_EDGE('',*,*,#1315,.T.);
#1636=ORIENTED_EDGE('',*,*,#1316,.T.);
#1637=ORIENTED_EDGE('',*,*,#1317,.F.);
#1638=ORIENTED_EDGE('',*,*,#1289,.F.);
#1639=ORIENTED_EDGE('',*,*,#1253,.T.);
#1640=ORIENTED_EDGE('',*,*,#1318,.T.);
#1641=ORIENTED_EDGE('',*,*,#1270,.T.);
#1642=ORIENTED_EDGE('',*,*,#1319,.T.);
#1643=ORIENTED_EDGE('',*,*,#1320,.T.);
#1644=ORIENTED_EDGE('',*,*,#1268,.T.);
#1645=ORIENTED_EDGE('',*,*,#1321,.T.);
#1646=ORIENTED_EDGE('',*,*,#1248,.F.);
#1647=ORIENTED_EDGE('',*,*,#1322,.F.);
#1648=ORIENTED_EDGE('',*,*,#1323,.T.);
#1649=ORIENTED_EDGE('',*,*,#1312,.F.);
#1650=ORIENTED_EDGE('',*,*,#1324,.T.);
#1651=ORIENTED_EDGE('',*,*,#1325,.T.);
#1652=ORIENTED_EDGE('',*,*,#1326,.T.);
#1653=ORIENTED_EDGE('',*,*,#1327,.T.);
#1654=ORIENTED_EDGE('',*,*,#1328,.T.);
#1655=ORIENTED_EDGE('',*,*,#1274,.F.);
#1656=ORIENTED_EDGE('',*,*,#1329,.F.);
#1657=ORIENTED_EDGE('',*,*,#1251,.T.);
#1658=ORIENTED_EDGE('',*,*,#1330,.T.);
#1659=ORIENTED_EDGE('',*,*,#1240,.T.);
#1660=ORIENTED_EDGE('',*,*,#1331,.T.);
#1661=ORIENTED_EDGE('',*,*,#1332,.T.);
#1662=ORIENTED_EDGE('',*,*,#1239,.T.);
#1663=ORIENTED_EDGE('',*,*,#1333,.T.);
#1664=ORIENTED_EDGE('',*,*,#1230,.F.);
#1665=ORIENTED_EDGE('',*,*,#1334,.F.);
#1666=ORIENTED_EDGE('',*,*,#1335,.T.);
#1667=ORIENTED_EDGE('',*,*,#1336,.T.);
#1668=ORIENTED_EDGE('',*,*,#1337,.T.);
#1669=ORIENTED_EDGE('',*,*,#1338,.F.);
#1670=ORIENTED_EDGE('',*,*,#1325,.F.);
#1671=ORIENTED_EDGE('',*,*,#1339,.T.);
#1672=ORIENTED_EDGE('',*,*,#1340,.T.);
#1673=ORIENTED_EDGE('',*,*,#1341,.T.);
#1674=ORIENTED_EDGE('',*,*,#1342,.F.);
#1675=ORIENTED_EDGE('',*,*,#1250,.F.);
#1676=ORIENTED_EDGE('',*,*,#1343,.T.);
#1677=ORIENTED_EDGE('',*,*,#1344,.T.);
#1678=ORIENTED_EDGE('',*,*,#1345,.T.);
#1679=ORIENTED_EDGE('',*,*,#1346,.F.);
#1680=ORIENTED_EDGE('',*,*,#1232,.F.);
#1681=ORIENTED_EDGE('',*,*,#1314,.F.);
#1682=ORIENTED_EDGE('',*,*,#1288,.F.);
#1683=ORIENTED_EDGE('',*,*,#1306,.F.);
#1684=ORIENTED_EDGE('',*,*,#1303,.F.);
#1685=ORIENTED_EDGE('',*,*,#1283,.F.);
#1686=ORIENTED_EDGE('',*,*,#1265,.F.);
#1687=ORIENTED_EDGE('',*,*,#1244,.F.);
#1688=ORIENTED_EDGE('',*,*,#1347,.T.);
#1689=ORIENTED_EDGE('',*,*,#1284,.F.);
#1690=ORIENTED_EDGE('',*,*,#1309,.F.);
#1691=ORIENTED_EDGE('',*,*,#1320,.F.);
#1692=ORIENTED_EDGE('',*,*,#1348,.F.);
#1693=ORIENTED_EDGE('',*,*,#1267,.F.);
#1694=ORIENTED_EDGE('',*,*,#1285,.T.);
#1695=ORIENTED_EDGE('',*,*,#1348,.T.);
#1696=ORIENTED_EDGE('',*,*,#1322,.T.);
#1697=ORIENTED_EDGE('',*,*,#1247,.F.);
#1698=ORIENTED_EDGE('',*,*,#1342,.T.);
#1699=ORIENTED_EDGE('',*,*,#1349,.T.);
#1700=ORIENTED_EDGE('',*,*,#1246,.T.);
#1701=ORIENTED_EDGE('',*,*,#1242,.F.);
#1702=ORIENTED_EDGE('',*,*,#1349,.F.);
#1703=ORIENTED_EDGE('',*,*,#1341,.F.);
#1704=ORIENTED_EDGE('',*,*,#1350,.F.);
#1705=ORIENTED_EDGE('',*,*,#1339,.F.);
#1706=ORIENTED_EDGE('',*,*,#1249,.F.);
#1707=ORIENTED_EDGE('',*,*,#1321,.F.);
#1708=ORIENTED_EDGE('',*,*,#1318,.F.);
#1709=ORIENTED_EDGE('',*,*,#1254,.F.);
#1710=ORIENTED_EDGE('',*,*,#1233,.F.);
#1711=ORIENTED_EDGE('',*,*,#1221,.F.);
#1712=ORIENTED_EDGE('',*,*,#1351,.T.);
#1713=ORIENTED_EDGE('',*,*,#1255,.F.);
#1714=ORIENTED_EDGE('',*,*,#1331,.F.);
#1715=ORIENTED_EDGE('',*,*,#1332,.F.);
#1716=ORIENTED_EDGE('',*,*,#1352,.F.);
#1717=ORIENTED_EDGE('',*,*,#1235,.F.);
#1718=ORIENTED_EDGE('',*,*,#1256,.T.);
#1719=ORIENTED_EDGE('',*,*,#1352,.T.);
#1720=ORIENTED_EDGE('',*,*,#1334,.T.);
#1721=ORIENTED_EDGE('',*,*,#1229,.F.);
#1722=ORIENTED_EDGE('',*,*,#1346,.T.);
#1723=ORIENTED_EDGE('',*,*,#1353,.T.);
#1724=ORIENTED_EDGE('',*,*,#1223,.T.);
#1725=ORIENTED_EDGE('',*,*,#1219,.F.);
#1726=ORIENTED_EDGE('',*,*,#1353,.F.);
#1727=ORIENTED_EDGE('',*,*,#1345,.F.);
#1728=ORIENTED_EDGE('',*,*,#1354,.F.);
#1729=ORIENTED_EDGE('',*,*,#1264,.F.);
#1730=ORIENTED_EDGE('',*,*,#1330,.F.);
#1731=ORIENTED_EDGE('',*,*,#1319,.F.);
#1732=ORIENTED_EDGE('',*,*,#1308,.F.);
#1733=ORIENTED_EDGE('',*,*,#1304,.F.);
#1734=ORIENTED_EDGE('',*,*,#1301,.F.);
#1735=ORIENTED_EDGE('',*,*,#1297,.F.);
#1736=ORIENTED_EDGE('',*,*,#1278,.F.);
#1737=ORIENTED_EDGE('',*,*,#1218,.T.);
#1738=ORIENTED_EDGE('',*,*,#1328,.F.);
#1739=ORIENTED_EDGE('',*,*,#1355,.T.);
#1740=ORIENTED_EDGE('',*,*,#1335,.F.);
#1741=ORIENTED_EDGE('',*,*,#1324,.F.);
#1742=ORIENTED_EDGE('',*,*,#1311,.F.);
#1743=ORIENTED_EDGE('',*,*,#1296,.F.);
#1744=ORIENTED_EDGE('',*,*,#1293,.F.);
#1745=ORIENTED_EDGE('',*,*,#1271,.F.);
#1746=ORIENTED_EDGE('',*,*,#1337,.F.);
#1747=ORIENTED_EDGE('',*,*,#1356,.F.);
#1748=ORIENTED_EDGE('',*,*,#1224,.F.);
#1749=ORIENTED_EDGE('',*,*,#1357,.F.);
#1750=ORIENTED_EDGE('',*,*,#1315,.F.);
#1751=ORIENTED_EDGE('',*,*,#1347,.F.);
#1752=ORIENTED_EDGE('',*,*,#1243,.F.);
#1753=ORIENTED_EDGE('',*,*,#1350,.T.);
#1754=ORIENTED_EDGE('',*,*,#1340,.F.);
#1755=ORIENTED_EDGE('',*,*,#1351,.F.);
#1756=ORIENTED_EDGE('',*,*,#1220,.F.);
#1757=ORIENTED_EDGE('',*,*,#1354,.T.);
#1758=ORIENTED_EDGE('',*,*,#1344,.F.);
#1759=ORIENTED_EDGE('',*,*,#1358,.F.);
#1760=ORIENTED_EDGE('',*,*,#1225,.F.);
#1761=ORIENTED_EDGE('',*,*,#1356,.T.);
#1762=ORIENTED_EDGE('',*,*,#1336,.F.);
#1763=ORIENTED_EDGE('',*,*,#1355,.F.);
#1764=ORIENTED_EDGE('',*,*,#1327,.F.);
#1765=ORIENTED_EDGE('',*,*,#1359,.T.);
#1766=ORIENTED_EDGE('',*,*,#1316,.F.);
#1767=ORIENTED_EDGE('',*,*,#1359,.F.);
#1768=ORIENTED_EDGE('',*,*,#1326,.F.);
#1769=ORIENTED_EDGE('',*,*,#1360,.F.);
#1770=ORIENTED_EDGE('',*,*,#1286,.F.);
#1771=ORIENTED_EDGE('',*,*,#1317,.T.);
#1772=ORIENTED_EDGE('',*,*,#1360,.T.);
#1773=ORIENTED_EDGE('',*,*,#1329,.T.);
#1774=ORIENTED_EDGE('',*,*,#1273,.F.);
#1775=ORIENTED_EDGE('',*,*,#1295,.T.);
#1776=ORIENTED_EDGE('',*,*,#1361,.T.);
#1777=ORIENTED_EDGE('',*,*,#1307,.T.);
#1778=ORIENTED_EDGE('',*,*,#1226,.F.);
#1779=ORIENTED_EDGE('',*,*,#1358,.T.);
#1780=ORIENTED_EDGE('',*,*,#1343,.F.);
#1781=ORIENTED_EDGE('',*,*,#1231,.F.);
#1782=ORIENTED_EDGE('',*,*,#1333,.F.);
#1783=ORIENTED_EDGE('',*,*,#1263,.F.);
#1784=ORIENTED_EDGE('',*,*,#1260,.F.);
#1785=ORIENTED_EDGE('',*,*,#1236,.F.);
#1786=ORIENTED_EDGE('',*,*,#1323,.F.);
#1787=ORIENTED_EDGE('',*,*,#1338,.T.);
#1788=ORIENTED_EDGE('',*,*,#1357,.T.);
#1789=ORIENTED_EDGE('',*,*,#1228,.T.);
#1790=ORIENTED_EDGE('',*,*,#1238,.F.);
#1791=ORIENTED_EDGE('',*,*,#1262,.T.);
#1792=ORIENTED_EDGE('',*,*,#1362,.T.);
#1793=ORIENTED_EDGE('',*,*,#1313,.T.);
#1794=ORIENTED_EDGE('',*,*,#1305,.F.);
#1795=ORIENTED_EDGE('',*,*,#1361,.F.);
#1796=ORIENTED_EDGE('',*,*,#1294,.F.);
#1797=ORIENTED_EDGE('',*,*,#1302,.F.);
#1798=ORIENTED_EDGE('',*,*,#1310,.F.);
#1799=ORIENTED_EDGE('',*,*,#1362,.F.);
#1800=ORIENTED_EDGE('',*,*,#1261,.F.);
#1801=ORIENTED_EDGE('',*,*,#1279,.F.);
#1802=ORIENTED_EDGE('',*,*,#1363,.F.);
#1803=ORIENTED_EDGE('',*,*,#1364,.T.);
#1804=ORIENTED_EDGE('',*,*,#1365,.T.);
#1805=ORIENTED_EDGE('',*,*,#1366,.F.);
#1806=ORIENTED_EDGE('',*,*,#1367,.F.);
#1807=ORIENTED_EDGE('',*,*,#1368,.T.);
#1808=ORIENTED_EDGE('',*,*,#1369,.T.);
#1809=ORIENTED_EDGE('',*,*,#1364,.F.);
#1810=ORIENTED_EDGE('',*,*,#1370,.F.);
#1811=ORIENTED_EDGE('',*,*,#1371,.T.);
#1812=ORIENTED_EDGE('',*,*,#1372,.T.);
#1813=ORIENTED_EDGE('',*,*,#1368,.F.);
#1814=ORIENTED_EDGE('',*,*,#1373,.F.);
#1815=ORIENTED_EDGE('',*,*,#1374,.T.);
#1816=ORIENTED_EDGE('',*,*,#1375,.T.);
#1817=ORIENTED_EDGE('',*,*,#1371,.F.);
#1818=ORIENTED_EDGE('',*,*,#1376,.F.);
#1819=ORIENTED_EDGE('',*,*,#1377,.T.);
#1820=ORIENTED_EDGE('',*,*,#1378,.T.);
#1821=ORIENTED_EDGE('',*,*,#1379,.F.);
#1822=ORIENTED_EDGE('',*,*,#1380,.F.);
#1823=ORIENTED_EDGE('',*,*,#1381,.T.);
#1824=ORIENTED_EDGE('',*,*,#1382,.T.);
#1825=ORIENTED_EDGE('',*,*,#1377,.F.);
#1826=ORIENTED_EDGE('',*,*,#1383,.F.);
#1827=ORIENTED_EDGE('',*,*,#1384,.T.);
#1828=ORIENTED_EDGE('',*,*,#1385,.T.);
#1829=ORIENTED_EDGE('',*,*,#1381,.F.);
#1830=ORIENTED_EDGE('',*,*,#1386,.F.);
#1831=ORIENTED_EDGE('',*,*,#1387,.T.);
#1832=ORIENTED_EDGE('',*,*,#1388,.T.);
#1833=ORIENTED_EDGE('',*,*,#1384,.F.);
#1834=ORIENTED_EDGE('',*,*,#1389,.F.);
#1835=ORIENTED_EDGE('',*,*,#1366,.T.);
#1836=ORIENTED_EDGE('',*,*,#1390,.T.);
#1837=ORIENTED_EDGE('',*,*,#1387,.F.);
#1838=ORIENTED_EDGE('',*,*,#1391,.F.);
#1839=ORIENTED_EDGE('',*,*,#1392,.T.);
#1840=ORIENTED_EDGE('',*,*,#1393,.T.);
#1841=ORIENTED_EDGE('',*,*,#1394,.F.);
#1842=ORIENTED_EDGE('',*,*,#1395,.F.);
#1843=ORIENTED_EDGE('',*,*,#1379,.T.);
#1844=ORIENTED_EDGE('',*,*,#1396,.T.);
#1845=ORIENTED_EDGE('',*,*,#1392,.F.);
#1846=ORIENTED_EDGE('',*,*,#1397,.F.);
#1847=ORIENTED_EDGE('',*,*,#1394,.T.);
#1848=ORIENTED_EDGE('',*,*,#1398,.T.);
#1849=ORIENTED_EDGE('',*,*,#1374,.F.);
#1850=ORIENTED_EDGE('',*,*,#1398,.F.);
#1851=ORIENTED_EDGE('',*,*,#1393,.F.);
#1852=ORIENTED_EDGE('',*,*,#1396,.F.);
#1853=ORIENTED_EDGE('',*,*,#1378,.F.);
#1854=ORIENTED_EDGE('',*,*,#1382,.F.);
#1855=ORIENTED_EDGE('',*,*,#1385,.F.);
#1856=ORIENTED_EDGE('',*,*,#1388,.F.);
#1857=ORIENTED_EDGE('',*,*,#1390,.F.);
#1858=ORIENTED_EDGE('',*,*,#1365,.F.);
#1859=ORIENTED_EDGE('',*,*,#1369,.F.);
#1860=ORIENTED_EDGE('',*,*,#1372,.F.);
#1861=ORIENTED_EDGE('',*,*,#1375,.F.);
#1862=ORIENTED_EDGE('',*,*,#1397,.T.);
#1863=ORIENTED_EDGE('',*,*,#1373,.T.);
#1864=ORIENTED_EDGE('',*,*,#1370,.T.);
#1865=ORIENTED_EDGE('',*,*,#1367,.T.);
#1866=ORIENTED_EDGE('',*,*,#1363,.T.);
#1867=ORIENTED_EDGE('',*,*,#1389,.T.);
#1868=ORIENTED_EDGE('',*,*,#1386,.T.);
#1869=ORIENTED_EDGE('',*,*,#1383,.T.);
#1870=ORIENTED_EDGE('',*,*,#1380,.T.);
#1871=ORIENTED_EDGE('',*,*,#1376,.T.);
#1872=ORIENTED_EDGE('',*,*,#1395,.T.);
#1873=ORIENTED_EDGE('',*,*,#1391,.T.);
#1874=ORIENTED_EDGE('',*,*,#1399,.T.);
#1875=ORIENTED_EDGE('',*,*,#1400,.T.);
#1876=ORIENTED_EDGE('',*,*,#1401,.F.);
#1877=ORIENTED_EDGE('',*,*,#1402,.F.);
#1878=ORIENTED_EDGE('',*,*,#1403,.T.);
#1879=ORIENTED_EDGE('',*,*,#1402,.T.);
#1880=ORIENTED_EDGE('',*,*,#1404,.F.);
#1881=ORIENTED_EDGE('',*,*,#1405,.F.);
#1882=ORIENTED_EDGE('',*,*,#1406,.T.);
#1883=ORIENTED_EDGE('',*,*,#1405,.T.);
#1884=ORIENTED_EDGE('',*,*,#1407,.F.);
#1885=ORIENTED_EDGE('',*,*,#1408,.F.);
#1886=ORIENTED_EDGE('',*,*,#1409,.T.);
#1887=ORIENTED_EDGE('',*,*,#1408,.T.);
#1888=ORIENTED_EDGE('',*,*,#1410,.F.);
#1889=ORIENTED_EDGE('',*,*,#1411,.F.);
#1890=ORIENTED_EDGE('',*,*,#1412,.T.);
#1891=ORIENTED_EDGE('',*,*,#1413,.T.);
#1892=ORIENTED_EDGE('',*,*,#1414,.F.);
#1893=ORIENTED_EDGE('',*,*,#1415,.F.);
#1894=ORIENTED_EDGE('',*,*,#1416,.T.);
#1895=ORIENTED_EDGE('',*,*,#1415,.T.);
#1896=ORIENTED_EDGE('',*,*,#1417,.F.);
#1897=ORIENTED_EDGE('',*,*,#1418,.F.);
#1898=ORIENTED_EDGE('',*,*,#1419,.T.);
#1899=ORIENTED_EDGE('',*,*,#1418,.T.);
#1900=ORIENTED_EDGE('',*,*,#1420,.F.);
#1901=ORIENTED_EDGE('',*,*,#1421,.F.);
#1902=ORIENTED_EDGE('',*,*,#1422,.T.);
#1903=ORIENTED_EDGE('',*,*,#1421,.T.);
#1904=ORIENTED_EDGE('',*,*,#1423,.F.);
#1905=ORIENTED_EDGE('',*,*,#1424,.F.);
#1906=ORIENTED_EDGE('',*,*,#1425,.T.);
#1907=ORIENTED_EDGE('',*,*,#1424,.T.);
#1908=ORIENTED_EDGE('',*,*,#1426,.F.);
#1909=ORIENTED_EDGE('',*,*,#1400,.F.);
#1910=ORIENTED_EDGE('',*,*,#1427,.T.);
#1911=ORIENTED_EDGE('',*,*,#1428,.T.);
#1912=ORIENTED_EDGE('',*,*,#1429,.F.);
#1913=ORIENTED_EDGE('',*,*,#1430,.F.);
#1914=ORIENTED_EDGE('',*,*,#1431,.T.);
#1915=ORIENTED_EDGE('',*,*,#1430,.T.);
#1916=ORIENTED_EDGE('',*,*,#1432,.F.);
#1917=ORIENTED_EDGE('',*,*,#1413,.F.);
#1918=ORIENTED_EDGE('',*,*,#1433,.T.);
#1919=ORIENTED_EDGE('',*,*,#1411,.T.);
#1920=ORIENTED_EDGE('',*,*,#1434,.F.);
#1921=ORIENTED_EDGE('',*,*,#1428,.F.);
#1922=ORIENTED_EDGE('',*,*,#1434,.T.);
#1923=ORIENTED_EDGE('',*,*,#1410,.T.);
#1924=ORIENTED_EDGE('',*,*,#1407,.T.);
#1925=ORIENTED_EDGE('',*,*,#1404,.T.);
#1926=ORIENTED_EDGE('',*,*,#1401,.T.);
#1927=ORIENTED_EDGE('',*,*,#1426,.T.);
#1928=ORIENTED_EDGE('',*,*,#1423,.T.);
#1929=ORIENTED_EDGE('',*,*,#1420,.T.);
#1930=ORIENTED_EDGE('',*,*,#1417,.T.);
#1931=ORIENTED_EDGE('',*,*,#1414,.T.);
#1932=ORIENTED_EDGE('',*,*,#1432,.T.);
#1933=ORIENTED_EDGE('',*,*,#1429,.T.);
#1934=ORIENTED_EDGE('',*,*,#1433,.F.);
#1935=ORIENTED_EDGE('',*,*,#1427,.F.);
#1936=ORIENTED_EDGE('',*,*,#1431,.F.);
#1937=ORIENTED_EDGE('',*,*,#1412,.F.);
#1938=ORIENTED_EDGE('',*,*,#1416,.F.);
#1939=ORIENTED_EDGE('',*,*,#1419,.F.);
#1940=ORIENTED_EDGE('',*,*,#1422,.F.);
#1941=ORIENTED_EDGE('',*,*,#1425,.F.);
#1942=ORIENTED_EDGE('',*,*,#1399,.F.);
#1943=ORIENTED_EDGE('',*,*,#1403,.F.);
#1944=ORIENTED_EDGE('',*,*,#1406,.F.);
#1945=ORIENTED_EDGE('',*,*,#1409,.F.);
#1946=ORIENTED_EDGE('',*,*,#1435,.T.);
#1947=ORIENTED_EDGE('',*,*,#1436,.T.);
#1948=ORIENTED_EDGE('',*,*,#1437,.F.);
#1949=ORIENTED_EDGE('',*,*,#1438,.F.);
#1950=ORIENTED_EDGE('',*,*,#1437,.T.);
#1951=ORIENTED_EDGE('',*,*,#1439,.T.);
#1952=ORIENTED_EDGE('',*,*,#1440,.F.);
#1953=ORIENTED_EDGE('',*,*,#1441,.F.);
#1954=ORIENTED_EDGE('',*,*,#1440,.T.);
#1955=ORIENTED_EDGE('',*,*,#1442,.T.);
#1956=ORIENTED_EDGE('',*,*,#1443,.F.);
#1957=ORIENTED_EDGE('',*,*,#1444,.F.);
#1958=ORIENTED_EDGE('',*,*,#1443,.T.);
#1959=ORIENTED_EDGE('',*,*,#1445,.T.);
#1960=ORIENTED_EDGE('',*,*,#1435,.F.);
#1961=ORIENTED_EDGE('',*,*,#1446,.F.);
#1962=ORIENTED_EDGE('',*,*,#1446,.T.);
#1963=ORIENTED_EDGE('',*,*,#1438,.T.);
#1964=ORIENTED_EDGE('',*,*,#1441,.T.);
#1965=ORIENTED_EDGE('',*,*,#1444,.T.);
#1966=ORIENTED_EDGE('',*,*,#1445,.F.);
#1967=ORIENTED_EDGE('',*,*,#1442,.F.);
#1968=ORIENTED_EDGE('',*,*,#1439,.F.);
#1969=ORIENTED_EDGE('',*,*,#1436,.F.);
#1970=ORIENTED_EDGE('',*,*,#1447,.T.);
#1971=ORIENTED_EDGE('',*,*,#1448,.T.);
#1972=ORIENTED_EDGE('',*,*,#1449,.F.);
#1973=ORIENTED_EDGE('',*,*,#1450,.F.);
#1974=ORIENTED_EDGE('',*,*,#1449,.T.);
#1975=ORIENTED_EDGE('',*,*,#1451,.T.);
#1976=ORIENTED_EDGE('',*,*,#1452,.F.);
#1977=ORIENTED_EDGE('',*,*,#1453,.F.);
#1978=ORIENTED_EDGE('',*,*,#1454,.T.);
#1979=ORIENTED_EDGE('',*,*,#1452,.T.);
#1980=ORIENTED_EDGE('',*,*,#1455,.F.);
#1981=ORIENTED_EDGE('',*,*,#1456,.F.);
#1982=ORIENTED_EDGE('',*,*,#1456,.T.);
#1983=ORIENTED_EDGE('',*,*,#1457,.T.);
#1984=ORIENTED_EDGE('',*,*,#1458,.F.);
#1985=ORIENTED_EDGE('',*,*,#1459,.F.);
#1986=ORIENTED_EDGE('',*,*,#1458,.T.);
#1987=ORIENTED_EDGE('',*,*,#1460,.T.);
#1988=ORIENTED_EDGE('',*,*,#1461,.F.);
#1989=ORIENTED_EDGE('',*,*,#1462,.F.);
#1990=ORIENTED_EDGE('',*,*,#1461,.T.);
#1991=ORIENTED_EDGE('',*,*,#1463,.T.);
#1992=ORIENTED_EDGE('',*,*,#1464,.F.);
#1993=ORIENTED_EDGE('',*,*,#1465,.F.);
#1994=ORIENTED_EDGE('',*,*,#1466,.F.);
#1995=ORIENTED_EDGE('',*,*,#1464,.T.);
#1996=ORIENTED_EDGE('',*,*,#1467,.T.);
#1997=ORIENTED_EDGE('',*,*,#1468,.F.);
#1998=ORIENTED_EDGE('',*,*,#1468,.T.);
#1999=ORIENTED_EDGE('',*,*,#1469,.T.);
#2000=ORIENTED_EDGE('',*,*,#1470,.F.);
#2001=ORIENTED_EDGE('',*,*,#1471,.F.);
#2002=ORIENTED_EDGE('',*,*,#1472,.F.);
#2003=ORIENTED_EDGE('',*,*,#1470,.T.);
#2004=ORIENTED_EDGE('',*,*,#1473,.T.);
#2005=ORIENTED_EDGE('',*,*,#1474,.F.);
#2006=ORIENTED_EDGE('',*,*,#1474,.T.);
#2007=ORIENTED_EDGE('',*,*,#1475,.T.);
#2008=ORIENTED_EDGE('',*,*,#1476,.F.);
#2009=ORIENTED_EDGE('',*,*,#1477,.F.);
#2010=ORIENTED_EDGE('',*,*,#1478,.F.);
#2011=ORIENTED_EDGE('',*,*,#1476,.T.);
#2012=ORIENTED_EDGE('',*,*,#1479,.T.);
#2013=ORIENTED_EDGE('',*,*,#1480,.F.);
#2014=ORIENTED_EDGE('',*,*,#1480,.T.);
#2015=ORIENTED_EDGE('',*,*,#1481,.T.);
#2016=ORIENTED_EDGE('',*,*,#1482,.F.);
#2017=ORIENTED_EDGE('',*,*,#1483,.F.);
#2018=ORIENTED_EDGE('',*,*,#1484,.T.);
#2019=ORIENTED_EDGE('',*,*,#1482,.T.);
#2020=ORIENTED_EDGE('',*,*,#1485,.F.);
#2021=ORIENTED_EDGE('',*,*,#1447,.F.);
#2022=ORIENTED_EDGE('',*,*,#1484,.F.);
#2023=ORIENTED_EDGE('',*,*,#1450,.T.);
#2024=ORIENTED_EDGE('',*,*,#1453,.T.);
#2025=ORIENTED_EDGE('',*,*,#1454,.F.);
#2026=ORIENTED_EDGE('',*,*,#1459,.T.);
#2027=ORIENTED_EDGE('',*,*,#1462,.T.);
#2028=ORIENTED_EDGE('',*,*,#1465,.T.);
#2029=ORIENTED_EDGE('',*,*,#1466,.T.);
#2030=ORIENTED_EDGE('',*,*,#1471,.T.);
#2031=ORIENTED_EDGE('',*,*,#1472,.T.);
#2032=ORIENTED_EDGE('',*,*,#1477,.T.);
#2033=ORIENTED_EDGE('',*,*,#1478,.T.);
#2034=ORIENTED_EDGE('',*,*,#1483,.T.);
#2035=ORIENTED_EDGE('',*,*,#1485,.T.);
#2036=ORIENTED_EDGE('',*,*,#1481,.F.);
#2037=ORIENTED_EDGE('',*,*,#1479,.F.);
#2038=ORIENTED_EDGE('',*,*,#1475,.F.);
#2039=ORIENTED_EDGE('',*,*,#1473,.F.);
#2040=ORIENTED_EDGE('',*,*,#1469,.F.);
#2041=ORIENTED_EDGE('',*,*,#1467,.F.);
#2042=ORIENTED_EDGE('',*,*,#1463,.F.);
#2043=ORIENTED_EDGE('',*,*,#1460,.F.);
#2044=ORIENTED_EDGE('',*,*,#1457,.F.);
#2045=ORIENTED_EDGE('',*,*,#1455,.T.);
#2046=ORIENTED_EDGE('',*,*,#1451,.F.);
#2047=ORIENTED_EDGE('',*,*,#1448,.F.);
#2048=ORIENTED_EDGE('',*,*,#1486,.T.);
#2049=ORIENTED_EDGE('',*,*,#1487,.T.);
#2050=ORIENTED_EDGE('',*,*,#1488,.F.);
#2051=ORIENTED_EDGE('',*,*,#1489,.F.);
#2052=ORIENTED_EDGE('',*,*,#1488,.T.);
#2053=ORIENTED_EDGE('',*,*,#1490,.T.);
#2054=ORIENTED_EDGE('',*,*,#1491,.F.);
#2055=ORIENTED_EDGE('',*,*,#1492,.F.);
#2056=ORIENTED_EDGE('',*,*,#1491,.T.);
#2057=ORIENTED_EDGE('',*,*,#1493,.T.);
#2058=ORIENTED_EDGE('',*,*,#1494,.F.);
#2059=ORIENTED_EDGE('',*,*,#1495,.F.);
#2060=ORIENTED_EDGE('',*,*,#1494,.T.);
#2061=ORIENTED_EDGE('',*,*,#1496,.T.);
#2062=ORIENTED_EDGE('',*,*,#1497,.F.);
#2063=ORIENTED_EDGE('',*,*,#1498,.F.);
#2064=ORIENTED_EDGE('',*,*,#1497,.T.);
#2065=ORIENTED_EDGE('',*,*,#1499,.T.);
#2066=ORIENTED_EDGE('',*,*,#1500,.F.);
#2067=ORIENTED_EDGE('',*,*,#1501,.F.);
#2068=ORIENTED_EDGE('',*,*,#1502,.F.);
#2069=ORIENTED_EDGE('',*,*,#1500,.T.);
#2070=ORIENTED_EDGE('',*,*,#1503,.T.);
#2071=ORIENTED_EDGE('',*,*,#1504,.F.);
#2072=ORIENTED_EDGE('',*,*,#1504,.T.);
#2073=ORIENTED_EDGE('',*,*,#1505,.T.);
#2074=ORIENTED_EDGE('',*,*,#1506,.F.);
#2075=ORIENTED_EDGE('',*,*,#1507,.F.);
#2076=ORIENTED_EDGE('',*,*,#1508,.T.);
#2077=ORIENTED_EDGE('',*,*,#1506,.T.);
#2078=ORIENTED_EDGE('',*,*,#1509,.F.);
#2079=ORIENTED_EDGE('',*,*,#1486,.F.);
#2080=ORIENTED_EDGE('',*,*,#1508,.F.);
#2081=ORIENTED_EDGE('',*,*,#1489,.T.);
#2082=ORIENTED_EDGE('',*,*,#1492,.T.);
#2083=ORIENTED_EDGE('',*,*,#1495,.T.);
#2084=ORIENTED_EDGE('',*,*,#1498,.T.);
#2085=ORIENTED_EDGE('',*,*,#1501,.T.);
#2086=ORIENTED_EDGE('',*,*,#1502,.T.);
#2087=ORIENTED_EDGE('',*,*,#1507,.T.);
#2088=ORIENTED_EDGE('',*,*,#1509,.T.);
#2089=ORIENTED_EDGE('',*,*,#1505,.F.);
#2090=ORIENTED_EDGE('',*,*,#1503,.F.);
#2091=ORIENTED_EDGE('',*,*,#1499,.F.);
#2092=ORIENTED_EDGE('',*,*,#1496,.F.);
#2093=ORIENTED_EDGE('',*,*,#1493,.F.);
#2094=ORIENTED_EDGE('',*,*,#1490,.F.);
#2095=ORIENTED_EDGE('',*,*,#1487,.F.);
#2096=PLANE('',#2351);
#2097=PLANE('',#2443);
#2098=PLANE('',#2444);
#2099=PLANE('',#2445);
#2100=PLANE('',#2446);
#2101=PLANE('',#2447);
#2102=PLANE('',#2448);
#2103=PLANE('',#2449);
#2104=PLANE('',#2450);
#2105=PLANE('',#2451);
#2106=PLANE('',#2452);
#2107=PLANE('',#2453);
#2108=PLANE('',#2454);
#2109=PLANE('',#2455);
#2110=PLANE('',#2456);
#2111=PLANE('',#2457);
#2112=PLANE('',#2458);
#2113=PLANE('',#2459);
#2114=PLANE('',#2460);
#2115=PLANE('',#2462);
#2116=PLANE('',#2466);
#2117=PLANE('',#2473);
#2118=PLANE('',#2477);
#2119=PLANE('',#2478);
#2120=PLANE('',#2479);
#2121=PLANE('',#2480);
#2122=PLANE('',#2481);
#2123=PLANE('',#2482);
#2124=PLANE('',#2483);
#2125=PLANE('',#2485);
#2126=PLANE('',#2489);
#2127=PLANE('',#2496);
#2128=PLANE('',#2500);
#2129=PLANE('',#2501);
#2130=PLANE('',#2502);
#2131=PLANE('',#2503);
#2132=PLANE('',#2504);
#2133=PLANE('',#2505);
#2134=PLANE('',#2506);
#2135=PLANE('',#2508);
#2136=PLANE('',#2509);
#2137=PLANE('',#2510);
#2138=PLANE('',#2511);
#2139=PLANE('',#2512);
#2140=PLANE('',#2513);
#2141=PLANE('',#2514);
#2142=PLANE('',#2515);
#2143=PLANE('',#2519);
#2144=PLANE('',#2520);
#2145=PLANE('',#2521);
#2146=PLANE('',#2525);
#2147=PLANE('',#2529);
#2148=PLANE('',#2533);
#2149=PLANE('',#2537);
#2150=PLANE('',#2538);
#2151=PLANE('',#2539);
#2152=PLANE('',#2540);
#2153=PLANE('',#2541);
#2154=PLANE('',#2542);
#2155=PLANE('',#2543);
#2156=PLANE('',#2547);
#2157=PLANE('',#2551);
#2158=PLANE('',#2552);
#2159=STYLED_ITEM('',(#2293),#2166);
#2160=STYLED_ITEM('',(#2292),#219);
#2161=STYLED_ITEM('',(#2291),#220);
#2162=STYLED_ITEM('',(#2291),#221);
#2163=STYLED_ITEM('',(#2294),#222);
#2164=STYLED_ITEM('',(#2294),#223);
#2165=STYLED_ITEM('',(#2294),#224);
#2166=ADVANCED_FACE('',(#733),#2096,.T.);
#2167=ADVANCED_FACE('',(#734,#683),#685,.F.);
#2168=ADVANCED_FACE('',(#735),#686,.T.);
#2169=ADVANCED_FACE('',(#736),#687,.T.);
#2170=ADVANCED_FACE('',(#737),#688,.T.);
#2171=ADVANCED_FACE('',(#738),#689,.T.);
#2172=ADVANCED_FACE('',(#739),#690,.T.);
#2173=ADVANCED_FACE('',(#740),#225,.T.);
#2174=ADVANCED_FACE('',(#741),#691,.T.);
#2175=ADVANCED_FACE('',(#742),#692,.T.);
#2176=ADVANCED_FACE('',(#743),#226,.T.);
#2177=ADVANCED_FACE('',(#744),#693,.T.);
#2178=ADVANCED_FACE('',(#745),#227,.T.);
#2179=ADVANCED_FACE('',(#746),#694,.T.);
#2180=ADVANCED_FACE('',(#747),#695,.T.);
#2181=ADVANCED_FACE('',(#748),#696,.T.);
#2182=ADVANCED_FACE('',(#749),#228,.T.);
#2183=ADVANCED_FACE('',(#750),#697,.T.);
#2184=ADVANCED_FACE('',(#751),#229,.T.);
#2185=ADVANCED_FACE('',(#752),#698,.T.);
#2186=ADVANCED_FACE('',(#753),#230,.T.);
#2187=ADVANCED_FACE('',(#754),#699,.T.);
#2188=ADVANCED_FACE('',(#755),#700,.T.);
#2189=ADVANCED_FACE('',(#756),#231,.T.);
#2190=ADVANCED_FACE('',(#757),#701,.T.);
#2191=ADVANCED_FACE('',(#758),#702,.T.);
#2192=ADVANCED_FACE('',(#759),#232,.T.);
#2193=ADVANCED_FACE('',(#760),#703,.T.);
#2194=ADVANCED_FACE('',(#761),#704,.T.);
#2195=ADVANCED_FACE('',(#762),#705,.T.);
#2196=ADVANCED_FACE('',(#763),#706,.T.);
#2197=ADVANCED_FACE('',(#764),#707,.T.);
#2198=ADVANCED_FACE('',(#765),#708,.T.);
#2199=ADVANCED_FACE('',(#766),#709,.T.);
#2200=ADVANCED_FACE('',(#767),#710,.T.);
#2201=ADVANCED_FACE('',(#768),#711,.T.);
#2202=ADVANCED_FACE('',(#769),#712,.T.);
#2203=ADVANCED_FACE('',(#770),#713,.T.);
#2204=ADVANCED_FACE('',(#771),#714,.T.);
#2205=ADVANCED_FACE('',(#772),#715,.T.);
#2206=ADVANCED_FACE('',(#773),#716,.T.);
#2207=ADVANCED_FACE('',(#774),#717,.T.);
#2208=ADVANCED_FACE('',(#775),#2097,.T.);
#2209=ADVANCED_FACE('',(#776),#2098,.F.);
#2210=ADVANCED_FACE('',(#777),#2099,.T.);
#2211=ADVANCED_FACE('',(#778),#2100,.T.);
#2212=ADVANCED_FACE('',(#779),#2101,.T.);
#2213=ADVANCED_FACE('',(#780),#2102,.F.);
#2214=ADVANCED_FACE('',(#781),#2103,.T.);
#2215=ADVANCED_FACE('',(#782),#2104,.T.);
#2216=ADVANCED_FACE('',(#783,#684),#2105,.T.);
#2217=ADVANCED_FACE('',(#784),#2106,.T.);
#2218=ADVANCED_FACE('',(#785),#2107,.T.);
#2219=ADVANCED_FACE('',(#786),#2108,.F.);
#2220=ADVANCED_FACE('',(#787),#2109,.T.);
#2221=ADVANCED_FACE('',(#788),#2110,.T.);
#2222=ADVANCED_FACE('',(#789),#2111,.T.);
#2223=ADVANCED_FACE('',(#790),#2112,.T.);
#2224=ADVANCED_FACE('',(#791),#2113,.F.);
#2225=ADVANCED_FACE('',(#792),#2114,.F.);
#2226=ADVANCED_FACE('',(#793),#2115,.F.);
#2227=ADVANCED_FACE('',(#794),#718,.F.);
#2228=ADVANCED_FACE('',(#795),#2116,.F.);
#2229=ADVANCED_FACE('',(#796),#719,.T.);
#2230=ADVANCED_FACE('',(#797),#720,.F.);
#2231=ADVANCED_FACE('',(#798),#2117,.F.);
#2232=ADVANCED_FACE('',(#799),#721,.T.);
#2233=ADVANCED_FACE('',(#800),#2118,.F.);
#2234=ADVANCED_FACE('',(#801),#2119,.F.);
#2235=ADVANCED_FACE('',(#802),#2120,.F.);
#2236=ADVANCED_FACE('',(#803),#2121,.F.);
#2237=ADVANCED_FACE('',(#804),#2122,.F.);
#2238=ADVANCED_FACE('',(#805),#2123,.F.);
#2239=ADVANCED_FACE('',(#806),#2124,.T.);
#2240=ADVANCED_FACE('',(#807),#2125,.T.);
#2241=ADVANCED_FACE('',(#808),#722,.F.);
#2242=ADVANCED_FACE('',(#809),#2126,.T.);
#2243=ADVANCED_FACE('',(#810),#723,.T.);
#2244=ADVANCED_FACE('',(#811),#724,.F.);
#2245=ADVANCED_FACE('',(#812),#2127,.T.);
#2246=ADVANCED_FACE('',(#813),#725,.T.);
#2247=ADVANCED_FACE('',(#814),#2128,.T.);
#2248=ADVANCED_FACE('',(#815),#2129,.T.);
#2249=ADVANCED_FACE('',(#816),#2130,.T.);
#2250=ADVANCED_FACE('',(#817),#2131,.T.);
#2251=ADVANCED_FACE('',(#818),#2132,.T.);
#2252=ADVANCED_FACE('',(#819),#2133,.T.);
#2253=ADVANCED_FACE('',(#820),#2134,.F.);
#2254=ADVANCED_FACE('',(#821),#2135,.T.);
#2255=ADVANCED_FACE('',(#822),#2136,.T.);
#2256=ADVANCED_FACE('',(#823),#2137,.T.);
#2257=ADVANCED_FACE('',(#824),#2138,.T.);
#2258=ADVANCED_FACE('',(#825),#2139,.F.);
#2259=ADVANCED_FACE('',(#826),#2140,.T.);
#2260=ADVANCED_FACE('',(#827),#2141,.T.);
#2261=ADVANCED_FACE('',(#828),#2142,.T.);
#2262=ADVANCED_FACE('',(#829),#726,.T.);
#2263=ADVANCED_FACE('',(#830),#2143,.T.);
#2264=ADVANCED_FACE('',(#831),#2144,.T.);
#2265=ADVANCED_FACE('',(#832),#2145,.T.);
#2266=ADVANCED_FACE('',(#833),#727,.F.);
#2267=ADVANCED_FACE('',(#834),#2146,.T.);
#2268=ADVANCED_FACE('',(#835),#728,.F.);
#2269=ADVANCED_FACE('',(#836),#2147,.T.);
#2270=ADVANCED_FACE('',(#837),#729,.F.);
#2271=ADVANCED_FACE('',(#838),#2148,.T.);
#2272=ADVANCED_FACE('',(#839),#730,.T.);
#2273=ADVANCED_FACE('',(#840),#2149,.F.);
#2274=ADVANCED_FACE('',(#841),#2150,.T.);
#2275=ADVANCED_FACE('',(#842),#2151,.T.);
#2276=ADVANCED_FACE('',(#843),#2152,.T.);
#2277=ADVANCED_FACE('',(#844),#2153,.T.);
#2278=ADVANCED_FACE('',(#845),#2154,.T.);
#2279=ADVANCED_FACE('',(#846),#2155,.T.);
#2280=ADVANCED_FACE('',(#847),#731,.F.);
#2281=ADVANCED_FACE('',(#848),#2156,.T.);
#2282=ADVANCED_FACE('',(#849),#732,.T.);
#2283=ADVANCED_FACE('',(#850),#2157,.F.);
#2284=ADVANCED_FACE('',(#851),#2158,.T.);
#2285=CLOSED_SHELL('',(#2166,#2167,#2168,#2169,#2170,#2171,#2172,#2173,
#2174,#2175,#2176,#2177,#2178,#2179,#2180,#2181,#2182,#2183,#2184,#2185,
#2186,#2187,#2188,#2189,#2190,#2191,#2192,#2193,#2194,#2195,#2196,#2197,
#2198,#2199,#2200,#2201,#2202,#2203,#2204,#2205,#2206,#2207,#2208,#2209,
#2210,#2211,#2212,#2213,#2214,#2215,#2216,#2217,#2218,#2219,#2220,#2221,
#2222,#2223,#2224,#2225));
#2286=CLOSED_SHELL('',(#2226,#2227,#2228,#2229,#2230,#2231,#2232,#2233,
#2234,#2235,#2236,#2237,#2238,#2239));
#2287=CLOSED_SHELL('',(#2240,#2241,#2242,#2243,#2244,#2245,#2246,#2247,
#2248,#2249,#2250,#2251,#2252,#2253));
#2288=CLOSED_SHELL('',(#2254,#2255,#2256,#2257,#2258,#2259));
#2289=CLOSED_SHELL('',(#2260,#2261,#2262,#2263,#2264,#2265,#2266,#2267,
#2268,#2269,#2270,#2271,#2272,#2273,#2274));
#2290=CLOSED_SHELL('',(#2275,#2276,#2277,#2278,#2279,#2280,#2281,#2282,
#2283,#2284));
#2291=PRESENTATION_STYLE_ASSIGNMENT((#2295));
#2292=PRESENTATION_STYLE_ASSIGNMENT((#2296));
#2293=PRESENTATION_STYLE_ASSIGNMENT((#2297));
#2294=PRESENTATION_STYLE_ASSIGNMENT((#2298));
#2295=SURFACE_STYLE_USAGE(.BOTH.,#2299);
#2296=SURFACE_STYLE_USAGE(.BOTH.,#2300);
#2297=SURFACE_STYLE_USAGE(.BOTH.,#2301);
#2298=SURFACE_STYLE_USAGE(.BOTH.,#2302);
#2299=SURFACE_SIDE_STYLE('',(#2303));
#2300=SURFACE_SIDE_STYLE('',(#2304));
#2301=SURFACE_SIDE_STYLE('',(#2305));
#2302=SURFACE_SIDE_STYLE('',(#2306));
#2303=SURFACE_STYLE_FILL_AREA(#2307);
#2304=SURFACE_STYLE_FILL_AREA(#2308);
#2305=SURFACE_STYLE_FILL_AREA(#2309);
#2306=SURFACE_STYLE_FILL_AREA(#2310);
#2307=FILL_AREA_STYLE('',(#2311));
#2308=FILL_AREA_STYLE('',(#2312));
#2309=FILL_AREA_STYLE('',(#2313));
#2310=FILL_AREA_STYLE('',(#2314));
#2311=FILL_AREA_STYLE_COLOUR('',#2315);
#2312=FILL_AREA_STYLE_COLOUR('',#2316);
#2313=FILL_AREA_STYLE_COLOUR('',#2317);
#2314=FILL_AREA_STYLE_COLOUR('',#2318);
#2315=COLOUR_RGB('',0.749019607843137,0.749019607843137,0.749019607843137);
#2316=COLOUR_RGB('',0.286274509803922,0.286274509803922,0.286274509803922);
#2317=COLOUR_RGB('',0.96078431372549,0.96078431372549,0.96078431372549);
#2318=COLOUR_RGB('',0.96078431372549,0.96078431372549,0.96078431372549);
#2319=DATE_TIME_ROLE('creation_date');
#2320=DATE_TIME_ROLE('creation_date');
#2321=DATE_TIME_ROLE('creation_date');
#2322=DATE_TIME_ROLE('creation_date');
#2323=DATE_TIME_ROLE('creation_date');
#2324=APPLIED_DATE_AND_TIME_ASSIGNMENT(#2329,#2319,(#4063));
#2325=APPLIED_DATE_AND_TIME_ASSIGNMENT(#2330,#2320,(#4064));
#2326=APPLIED_DATE_AND_TIME_ASSIGNMENT(#2331,#2321,(#4065));
#2327=APPLIED_DATE_AND_TIME_ASSIGNMENT(#2332,#2322,(#4066));
#2328=APPLIED_DATE_AND_TIME_ASSIGNMENT(#2333,#2323,(#4067));
#2329=DATE_AND_TIME(#2334,#2339);
#2330=DATE_AND_TIME(#2335,#2340);
#2331=DATE_AND_TIME(#2336,#2341);
#2332=DATE_AND_TIME(#2337,#2342);
#2333=DATE_AND_TIME(#2338,#2343);
#2334=CALENDAR_DATE(2019,12,10);
#2335=CALENDAR_DATE(2019,12,10);
#2336=CALENDAR_DATE(2019,12,10);
#2337=CALENDAR_DATE(2019,12,10);
#2338=CALENDAR_DATE(2019,6,7);
#2339=LOCAL_TIME(22,3,58.,#2344);
#2340=LOCAL_TIME(21,31,38.,#2345);
#2341=LOCAL_TIME(21,39,24.,#2346);
#2342=LOCAL_TIME(21,39,24.,#2347);
#2343=LOCAL_TIME(17,57,23.,#2348);
#2344=COORDINATED_UNIVERSAL_TIME_OFFSET(0,0,.BEHIND.);
#2345=COORDINATED_UNIVERSAL_TIME_OFFSET(0,0,.BEHIND.);
#2346=COORDINATED_UNIVERSAL_TIME_OFFSET(0,0,.BEHIND.);
#2347=COORDINATED_UNIVERSAL_TIME_OFFSET(0,0,.BEHIND.);
#2348=COORDINATED_UNIVERSAL_TIME_OFFSET(0,0,.BEHIND.);
#2349=AXIS2_PLACEMENT_3D('placement',#3324,#2603,#2604);
#2350=AXIS2_PLACEMENT_3D('placement',#3325,#2605,#2606);
#2351=AXIS2_PLACEMENT_3D('',#3326,#2607,#2608);
#2352=AXIS2_PLACEMENT_3D('',#3328,#2609,#2610);
#2353=AXIS2_PLACEMENT_3D('',#3329,#2611,#2612);
#2354=AXIS2_PLACEMENT_3D('',#3331,#2613,#2614);
#2355=AXIS2_PLACEMENT_3D('',#3332,#2615,#2616);
#2356=AXIS2_PLACEMENT_3D('',#3337,#2618,#2619);
#2357=AXIS2_PLACEMENT_3D('',#3341,#2621,#2622);
#2358=AXIS2_PLACEMENT_3D('',#3343,#2624,#2625);
#2359=AXIS2_PLACEMENT_3D('',#3348,#2627,#2628);
#2360=AXIS2_PLACEMENT_3D('',#3352,#2630,#2631);
#2361=AXIS2_PLACEMENT_3D('',#3354,#2633,#2634);
#2362=AXIS2_PLACEMENT_3D('',#3359,#2636,#2637);
#2363=AXIS2_PLACEMENT_3D('',#3362,#2639,#2640);
#2364=AXIS2_PLACEMENT_3D('',#3363,#2641,#2642);
#2365=AXIS2_PLACEMENT_3D('',#3367,#2644,#2645);
#2366=AXIS2_PLACEMENT_3D('',#3369,#2647,#2648);
#2367=AXIS2_PLACEMENT_3D('',#3373,#2650,#2651);
#2368=AXIS2_PLACEMENT_3D('',#3375,#2653,#2654);
#2369=AXIS2_PLACEMENT_3D('',#3378,#2655,#2656);
#2370=AXIS2_PLACEMENT_3D('',#3380,#2657,#2658);
#2371=AXIS2_PLACEMENT_3D('',#3381,#2659,#2660);
#2372=AXIS2_PLACEMENT_3D('',#3382,#2661,#2662);
#2373=AXIS2_PLACEMENT_3D('',#3387,#2664,#2665);
#2374=AXIS2_PLACEMENT_3D('',#3391,#2667,#2668);
#2375=AXIS2_PLACEMENT_3D('',#3393,#2670,#2671);
#2376=AXIS2_PLACEMENT_3D('',#3398,#2673,#2674);
#2377=AXIS2_PLACEMENT_3D('',#3401,#2676,#2677);
#2378=AXIS2_PLACEMENT_3D('',#3402,#2678,#2679);
#2379=AXIS2_PLACEMENT_3D('',#3405,#2680,#2681);
#2380=AXIS2_PLACEMENT_3D('',#3407,#2682,#2683);
#2381=AXIS2_PLACEMENT_3D('',#3408,#2684,#2685);
#2382=AXIS2_PLACEMENT_3D('',#3409,#2686,#2687);
#2383=AXIS2_PLACEMENT_3D('',#3414,#2691,#2692);
#2384=AXIS2_PLACEMENT_3D('',#3417,#2693,#2694);
#2385=AXIS2_PLACEMENT_3D('',#3419,#2695,#2696);
#2386=AXIS2_PLACEMENT_3D('',#3420,#2697,#2698);
#2387=AXIS2_PLACEMENT_3D('',#3421,#2699,#2700);
#2388=AXIS2_PLACEMENT_3D('',#3426,#2704,#2705);
#2389=AXIS2_PLACEMENT_3D('',#3429,#2708,#2709);
#2390=AXIS2_PLACEMENT_3D('',#3433,#2711,#2712);
#2391=AXIS2_PLACEMENT_3D('',#3435,#2714,#2715);
#2392=AXIS2_PLACEMENT_3D('',#3438,#2716,#2717);
#2393=AXIS2_PLACEMENT_3D('',#3440,#2718,#2719);
#2394=AXIS2_PLACEMENT_3D('',#3441,#2720,#2721);
#2395=AXIS2_PLACEMENT_3D('',#3442,#2722,#2723);
#2396=AXIS2_PLACEMENT_3D('',#3447,#2725,#2726);
#2397=AXIS2_PLACEMENT_3D('',#3450,#2728,#2729);
#2398=AXIS2_PLACEMENT_3D('',#3451,#2730,#2731);
#2399=AXIS2_PLACEMENT_3D('',#3454,#2732,#2733);
#2400=AXIS2_PLACEMENT_3D('',#3456,#2734,#2735);
#2401=AXIS2_PLACEMENT_3D('',#3457,#2736,#2737);
#2402=AXIS2_PLACEMENT_3D('',#3458,#2738,#2739);
#2403=AXIS2_PLACEMENT_3D('',#3461,#2742,#2743);
#2404=AXIS2_PLACEMENT_3D('',#3464,#2744,#2745);
#2405=AXIS2_PLACEMENT_3D('',#3466,#2746,#2747);
#2406=AXIS2_PLACEMENT_3D('',#3467,#2748,#2749);
#2407=AXIS2_PLACEMENT_3D('',#3468,#2750,#2751);
#2408=AXIS2_PLACEMENT_3D('',#3473,#2755,#2756);
#2409=AXIS2_PLACEMENT_3D('',#3478,#2758,#2759);
#2410=AXIS2_PLACEMENT_3D('',#3481,#2761,#2762);
#2411=AXIS2_PLACEMENT_3D('',#3482,#2763,#2764);
#2412=AXIS2_PLACEMENT_3D('',#3485,#2765,#2766);
#2413=AXIS2_PLACEMENT_3D('',#3487,#2767,#2768);
#2414=AXIS2_PLACEMENT_3D('',#3488,#2769,#2770);
#2415=AXIS2_PLACEMENT_3D('',#3489,#2771,#2772);
#2416=AXIS2_PLACEMENT_3D('',#3494,#2776,#2777);
#2417=AXIS2_PLACEMENT_3D('',#3497,#2780,#2781);
#2418=AXIS2_PLACEMENT_3D('',#3500,#2782,#2783);
#2419=AXIS2_PLACEMENT_3D('',#3502,#2784,#2785);
#2420=AXIS2_PLACEMENT_3D('',#3503,#2786,#2787);
#2421=AXIS2_PLACEMENT_3D('',#3504,#2788,#2789);
#2422=AXIS2_PLACEMENT_3D('',#3507,#2792,#2793);
#2423=AXIS2_PLACEMENT_3D('',#3510,#2796,#2797);
#2424=AXIS2_PLACEMENT_3D('',#3515,#2801,#2802);
#2425=AXIS2_PLACEMENT_3D('',#3518,#2805,#2806);
#2426=AXIS2_PLACEMENT_3D('',#3524,#2809,#2810);
#2427=AXIS2_PLACEMENT_3D('',#3526,#2812,#2813);
#2428=AXIS2_PLACEMENT_3D('',#3530,#2815,#2816);
#2429=AXIS2_PLACEMENT_3D('',#3534,#2819,#2820);
#2430=AXIS2_PLACEMENT_3D('',#3537,#2823,#2824);
#2431=AXIS2_PLACEMENT_3D('',#3542,#2828,#2829);
#2432=AXIS2_PLACEMENT_3D('',#3547,#2832,#2833);
#2433=AXIS2_PLACEMENT_3D('',#3548,#2834,#2835);
#2434=AXIS2_PLACEMENT_3D('',#3553,#2837,#2838);
#2435=AXIS2_PLACEMENT_3D('',#3556,#2841,#2842);
#2436=AXIS2_PLACEMENT_3D('',#3559,#2845,#2846);
#2437=AXIS2_PLACEMENT_3D('',#3564,#2850,#2851);
#2438=AXIS2_PLACEMENT_3D('',#3568,#2853,#2854);
#2439=AXIS2_PLACEMENT_3D('',#3572,#2857,#2858);
#2440=AXIS2_PLACEMENT_3D('',#3576,#2860,#2861);
#2441=AXIS2_PLACEMENT_3D('',#3580,#2864,#2865);
#2442=AXIS2_PLACEMENT_3D('',#3584,#2867,#2868);
#2443=AXIS2_PLACEMENT_3D('',#3588,#2871,#2872);
#2444=AXIS2_PLACEMENT_3D('',#3590,#2874,#2875);
#2445=AXIS2_PLACEMENT_3D('',#3592,#2877,#2878);
#2446=AXIS2_PLACEMENT_3D('',#3594,#2880,#2881);
#2447=AXIS2_PLACEMENT_3D('',#3596,#2883,#2884);
#2448=AXIS2_PLACEMENT_3D('',#3598,#2886,#2887);
#2449=AXIS2_PLACEMENT_3D('',#3600,#2889,#2890);
#2450=AXIS2_PLACEMENT_3D('',#3602,#2892,#2893);
#2451=AXIS2_PLACEMENT_3D('',#3604,#2895,#2896);
#2452=AXIS2_PLACEMENT_3D('',#3605,#2897,#2898);
#2453=AXIS2_PLACEMENT_3D('',#3607,#2900,#2901);
#2454=AXIS2_PLACEMENT_3D('',#3610,#2904,#2905);
#2455=AXIS2_PLACEMENT_3D('',#3613,#2908,#2909);
#2456=AXIS2_PLACEMENT_3D('',#3615,#2911,#2912);
#2457=AXIS2_PLACEMENT_3D('',#3617,#2914,#2915);
#2458=AXIS2_PLACEMENT_3D('',#3618,#2916,#2917);
#2459=AXIS2_PLACEMENT_3D('',#3620,#2919,#2920);
#2460=AXIS2_PLACEMENT_3D('',#3621,#2921,#2922);
#2461=AXIS2_PLACEMENT_3D('placement',#3622,#2923,#2924);
#2462=AXIS2_PLACEMENT_3D('',#3623,#2925,#2926);
#2463=AXIS2_PLACEMENT_3D('',#3632,#2931,#2932);
#2464=AXIS2_PLACEMENT_3D('',#3634,#2933,#2934);
#2465=AXIS2_PLACEMENT_3D('',#3637,#2936,#2937);
#2466=AXIS2_PLACEMENT_3D('',#3638,#2938,#2939);
#2467=AXIS2_PLACEMENT_3D('',#3644,#2943,#2944);
#2468=AXIS2_PLACEMENT_3D('',#3646,#2945,#2946);
#2469=AXIS2_PLACEMENT_3D('',#3649,#2948,#2949);
#2470=AXIS2_PLACEMENT_3D('',#3650,#2950,#2951);
#2471=AXIS2_PLACEMENT_3D('',#3653,#2952,#2953);
#2472=AXIS2_PLACEMENT_3D('',#3657,#2955,#2956);
#2473=AXIS2_PLACEMENT_3D('',#3659,#2958,#2959);
#2474=AXIS2_PLACEMENT_3D('',#3665,#2963,#2964);
#2475=AXIS2_PLACEMENT_3D('',#3667,#2965,#2966);
#2476=AXIS2_PLACEMENT_3D('',#3670,#2968,#2969);
#2477=AXIS2_PLACEMENT_3D('',#3671,#2970,#2971);
#2478=AXIS2_PLACEMENT_3D('',#3677,#2975,#2976);
#2479=AXIS2_PLACEMENT_3D('',#3680,#2979,#2980);
#2480=AXIS2_PLACEMENT_3D('',#3689,#2985,#2986);
#2481=AXIS2_PLACEMENT_3D('',#3692,#2989,#2990);
#2482=AXIS2_PLACEMENT_3D('',#3695,#2993,#2994);
#2483=AXIS2_PLACEMENT_3D('',#3696,#2995,#2996);
#2484=AXIS2_PLACEMENT_3D('placement',#3697,#2997,#2998);
#2485=AXIS2_PLACEMENT_3D('',#3698,#2999,#3000);
#2486=AXIS2_PLACEMENT_3D('',#3707,#3005,#3006);
#2487=AXIS2_PLACEMENT_3D('',#3709,#3007,#3008);
#2488=AXIS2_PLACEMENT_3D('',#3711,#3009,#3010);
#2489=AXIS2_PLACEMENT_3D('',#3713,#3012,#3013);
#2490=AXIS2_PLACEMENT_3D('',#3719,#3017,#3018);
#2491=AXIS2_PLACEMENT_3D('',#3721,#3019,#3020);
#2492=AXIS2_PLACEMENT_3D('',#3723,#3021,#3022);
#2493=AXIS2_PLACEMENT_3D('',#3725,#3024,#3025);
#2494=AXIS2_PLACEMENT_3D('',#3728,#3026,#3027);
#2495=AXIS2_PLACEMENT_3D('',#3732,#3029,#3030);
#2496=AXIS2_PLACEMENT_3D('',#3734,#3032,#3033);
#2497=AXIS2_PLACEMENT_3D('',#3740,#3037,#3038);
#2498=AXIS2_PLACEMENT_3D('',#3742,#3039,#3040);
#2499=AXIS2_PLACEMENT_3D('',#3744,#3041,#3042);
#2500=AXIS2_PLACEMENT_3D('',#3746,#3044,#3045);
#2501=AXIS2_PLACEMENT_3D('',#3752,#3049,#3050);
#2502=AXIS2_PLACEMENT_3D('',#3755,#3053,#3054);
#2503=AXIS2_PLACEMENT_3D('',#3764,#3059,#3060);
#2504=AXIS2_PLACEMENT_3D('',#3767,#3063,#3064);
#2505=AXIS2_PLACEMENT_3D('',#3770,#3067,#3068);
#2506=AXIS2_PLACEMENT_3D('',#3771,#3069,#3070);
#2507=AXIS2_PLACEMENT_3D('placement',#3772,#3071,#3072);
#2508=AXIS2_PLACEMENT_3D('',#3773,#3073,#3074);
#2509=AXIS2_PLACEMENT_3D('',#3782,#3079,#3080);
#2510=AXIS2_PLACEMENT_3D('',#3788,#3084,#3085);
#2511=AXIS2_PLACEMENT_3D('',#3794,#3089,#3090);
#2512=AXIS2_PLACEMENT_3D('',#3797,#3093,#3094);
#2513=AXIS2_PLACEMENT_3D('',#3798,#3095,#3096);
#2514=AXIS2_PLACEMENT_3D('',#3799,#3097,#3098);
#2515=AXIS2_PLACEMENT_3D('',#3808,#3103,#3104);
#2516=AXIS2_PLACEMENT_3D('',#3814,#3108,#3109);
#2517=AXIS2_PLACEMENT_3D('',#3816,#3110,#3111);
#2518=AXIS2_PLACEMENT_3D('',#3818,#3112,#3113);
#2519=AXIS2_PLACEMENT_3D('',#3820,#3115,#3116);
#2520=AXIS2_PLACEMENT_3D('',#3826,#3120,#3121);
#2521=AXIS2_PLACEMENT_3D('',#3832,#3125,#3126);
#2522=AXIS2_PLACEMENT_3D('',#3838,#3130,#3131);
#2523=AXIS2_PLACEMENT_3D('',#3840,#3132,#3133);
#2524=AXIS2_PLACEMENT_3D('',#3842,#3134,#3135);
#2525=AXIS2_PLACEMENT_3D('',#3844,#3137,#3138);
#2526=AXIS2_PLACEMENT_3D('',#3850,#3142,#3143);
#2527=AXIS2_PLACEMENT_3D('',#3852,#3144,#3145);
#2528=AXIS2_PLACEMENT_3D('',#3854,#3146,#3147);
#2529=AXIS2_PLACEMENT_3D('',#3856,#3149,#3150);
#2530=AXIS2_PLACEMENT_3D('',#3862,#3154,#3155);
#2531=AXIS2_PLACEMENT_3D('',#3864,#3156,#3157);
#2532=AXIS2_PLACEMENT_3D('',#3866,#3158,#3159);
#2533=AXIS2_PLACEMENT_3D('',#3868,#3161,#3162);
#2534=AXIS2_PLACEMENT_3D('',#3874,#3166,#3167);
#2535=AXIS2_PLACEMENT_3D('',#3875,#3168,#3169);
#2536=AXIS2_PLACEMENT_3D('',#3876,#3170,#3171);
#2537=AXIS2_PLACEMENT_3D('',#3877,#3172,#3173);
#2538=AXIS2_PLACEMENT_3D('',#3878,#3174,#3175);
#2539=AXIS2_PLACEMENT_3D('',#3879,#3176,#3177);
#2540=AXIS2_PLACEMENT_3D('',#3888,#3182,#3183);
#2541=AXIS2_PLACEMENT_3D('',#3894,#3187,#3188);
#2542=AXIS2_PLACEMENT_3D('',#3900,#3192,#3193);
#2543=AXIS2_PLACEMENT_3D('',#3906,#3197,#3198);
#2544=AXIS2_PLACEMENT_3D('',#3912,#3202,#3203);
#2545=AXIS2_PLACEMENT_3D('',#3914,#3204,#3205);
#2546=AXIS2_PLACEMENT_3D('',#3916,#3206,#3207);
#2547=AXIS2_PLACEMENT_3D('',#3918,#3209,#3210);
#2548=AXIS2_PLACEMENT_3D('',#3924,#3214,#3215);
#2549=AXIS2_PLACEMENT_3D('',#3925,#3216,#3217);
#2550=AXIS2_PLACEMENT_3D('',#3926,#3218,#3219);
#2551=AXIS2_PLACEMENT_3D('',#3927,#3220,#3221);
#2552=AXIS2_PLACEMENT_3D('',#3928,#3222,#3223);
#2553=AXIS2_PLACEMENT_3D('',#3929,#3224,#3225);
#2554=AXIS2_PLACEMENT_3D('',#3930,#3226,#3227);
#2555=AXIS2_PLACEMENT_3D('',#3931,#3228,#3229);
#2556=AXIS2_PLACEMENT_3D('',#3932,#3230,#3231);
#2557=AXIS2_PLACEMENT_3D('',#3933,#3232,#3233);
#2558=AXIS2_PLACEMENT_3D('',#3934,#3234,#3235);
#2559=AXIS2_PLACEMENT_3D('',#3935,#3236,#3237);
#2560=AXIS2_PLACEMENT_3D('',#3936,#3238,#3239);
#2561=AXIS2_PLACEMENT_3D('',#3937,#3240,#3241);
#2562=AXIS2_PLACEMENT_3D('',#3938,#3242,#3243);
#2563=AXIS2_PLACEMENT_3D('',#3939,#3244,#3245);
#2564=AXIS2_PLACEMENT_3D('',#3940,#3246,#3247);
#2565=AXIS2_PLACEMENT_3D('',#3941,#3248,#3249);
#2566=AXIS2_PLACEMENT_3D('',#3942,#3250,#3251);
#2567=AXIS2_PLACEMENT_3D('',#3943,#3252,#3253);
#2568=AXIS2_PLACEMENT_3D('',#3944,#3254,#3255);
#2569=AXIS2_PLACEMENT_3D('',#3945,#3256,#3257);
#2570=AXIS2_PLACEMENT_3D('',#3946,#3258,#3259);
#2571=AXIS2_PLACEMENT_3D('',#3947,#3260,#3261);
#2572=AXIS2_PLACEMENT_3D('',#3948,#3262,#3263);
#2573=AXIS2_PLACEMENT_3D('',#3949,#3264,#3265);
#2574=AXIS2_PLACEMENT_3D('',#3950,#3266,#3267);
#2575=AXIS2_PLACEMENT_3D('',#3951,#3268,#3269);
#2576=AXIS2_PLACEMENT_3D('',#3952,#3270,#3271);
#2577=AXIS2_PLACEMENT_3D('',#3953,#3272,#3273);
#2578=AXIS2_PLACEMENT_3D('',#3954,#3274,#3275);
#2579=AXIS2_PLACEMENT_3D('',#3955,#3276,#3277);
#2580=AXIS2_PLACEMENT_3D('',#3956,#3278,#3279);
#2581=AXIS2_PLACEMENT_3D('',#3957,#3280,#3281);
#2582=AXIS2_PLACEMENT_3D('',#3958,#3282,#3283);
#2583=AXIS2_PLACEMENT_3D('',#3959,#3284,#3285);
#2584=AXIS2_PLACEMENT_3D('',#3960,#3286,#3287);
#2585=AXIS2_PLACEMENT_3D('',#3961,#3288,#3289);
#2586=AXIS2_PLACEMENT_3D('',#3962,#3290,#3291);
#2587=AXIS2_PLACEMENT_3D('',#3963,#3292,#3293);
#2588=AXIS2_PLACEMENT_3D('',#3964,#3294,#3295);
#2589=AXIS2_PLACEMENT_3D('',#3965,#3296,#3297);
#2590=AXIS2_PLACEMENT_3D('',#3966,#3298,#3299);
#2591=AXIS2_PLACEMENT_3D('',#3967,#3300,#3301);
#2592=AXIS2_PLACEMENT_3D('',#3968,#3302,#3303);
#2593=AXIS2_PLACEMENT_3D('',#3969,#3304,#3305);
#2594=AXIS2_PLACEMENT_3D('',#3970,#3306,#3307);
#2595=AXIS2_PLACEMENT_3D('',#3971,#3308,#3309);
#2596=AXIS2_PLACEMENT_3D('',#3972,#3310,#3311);
#2597=AXIS2_PLACEMENT_3D('',#3973,#3312,#3313);
#2598=AXIS2_PLACEMENT_3D('',#3974,#3314,#3315);
#2599=AXIS2_PLACEMENT_3D('',#3975,#3316,#3317);
#2600=AXIS2_PLACEMENT_3D('',#3976,#3318,#3319);
#2601=AXIS2_PLACEMENT_3D('',#3977,#3320,#3321);
#2602=AXIS2_PLACEMENT_3D('',#3978,#3322,#3323);
#2603=DIRECTION('axis',(0.,0.,1.));
#2604=DIRECTION('refdir',(1.,0.,0.));
#2605=DIRECTION('axis',(0.,0.,1.));
#2606=DIRECTION('refdir',(1.,0.,0.));
#2607=DIRECTION('center_axis',(0.,0.,1.));
#2608=DIRECTION('ref_axis',(1.,0.,0.));
#2609=DIRECTION('center_axis',(0.,0.,-1.));
#2610=DIRECTION('ref_axis',(-1.,0.,0.));
#2611=DIRECTION('center_axis',(0.,0.,1.));
#2612=DIRECTION('ref_axis',(-1.,0.,0.));
#2613=DIRECTION('center_axis',(0.,0.,-1.));
#2614=DIRECTION('ref_axis',(-1.,0.,0.));
#2615=DIRECTION('center_axis',(-0.0695873743166645,-0.0695873743166646,
-0.995145815783509));
#2616=DIRECTION('ref_axis',(-0.382876643036012,0.923026992232167,-0.0377709918894614));
#2617=DIRECTION('',(-0.0695873743166645,-0.0695873743166646,-0.995145815783509));
#2618=DIRECTION('center_axis',(0.,0.,1.));
#2619=DIRECTION('ref_axis',(0.707106781186536,0.707106781186559,0.));
#2620=DIRECTION('',(0.0695873743166645,0.0695873743166646,0.995145815783509));
#2621=DIRECTION('center_axis',(-0.0348359879162734,-0.0348359879166044,
-0.998785716703924));
#2622=DIRECTION('ref_axis',(0.706248153236965,0.706248153230257,-0.0492655265700932));
#2623=DIRECTION('',(-1.,0.,-3.17538578913633E-15));
#2624=DIRECTION('center_axis',(-0.0695873743166646,0.0695873743166647,-0.995145815783509));
#2625=DIRECTION('ref_axis',(0.923026992232167,0.382876643036012,-0.0377709918894614));
#2626=DIRECTION('',(-0.0695873743166646,0.0695873743166647,-0.995145815783509));
#2627=DIRECTION('center_axis',(0.,0.,1.));
#2628=DIRECTION('ref_axis',(0.707106781186559,-0.707106781186536,0.));
#2629=DIRECTION('',(0.0695873743166646,-0.0695873743166647,0.995145815783509));
#2630=DIRECTION('center_axis',(-0.0348359879164419,0.0348359879165679,-0.99878571670392));
#2631=DIRECTION('ref_axis',(0.706248153234884,-0.706248153232331,-0.0492655265701865));
#2632=DIRECTION('',(0.,1.,-1.75132651569568E-15));
#2633=DIRECTION('center_axis',(0.,0.,1.));
#2634=DIRECTION('ref_axis',(0.38268343236509,0.923879532511287,0.));
#2635=DIRECTION('',(0.,0.,1.));
#2636=DIRECTION('center_axis',(-0.0348359879166406,0.0348359879165308,-0.998785716703914));
#2637=DIRECTION('ref_axis',(0.706248153234716,-0.706248153232491,-0.0492655265703007));
#2638=DIRECTION('',(0.,0.,-1.));
#2639=DIRECTION('center_axis',(-0.0348359879167254,0.0348359879165999,0.998785716703909));
#2640=DIRECTION('ref_axis',(-0.706248153234871,0.706248153232328,-0.0492655265704096));
#2641=DIRECTION('center_axis',(0.,0.,-1.));
#2642=DIRECTION('ref_axis',(-0.38268343236509,0.923879532511287,0.));
#2643=DIRECTION('',(0.,0.,1.));
#2644=DIRECTION('center_axis',(0.0348359879163011,0.0348359879165284,-0.998785716703926));
#2645=DIRECTION('ref_axis',(0.706248153231307,0.706248153235917,0.049265526570059));
#2646=DIRECTION('',(0.,0.,-1.));
#2647=DIRECTION('center_axis',(0.,0.,-1.));
#2648=DIRECTION('ref_axis',(0.923879532511289,0.382683432365084,0.));
#2649=DIRECTION('',(0.,0.,1.));
#2650=DIRECTION('center_axis',(0.0348359879166111,-0.0348359879166072,-0.998785716703912));
#2651=DIRECTION('ref_axis',(0.706248153233642,-0.706248153233563,0.049265526570334));
#2652=DIRECTION('',(0.,0.,-1.));
#2653=DIRECTION('center_axis',(-0.943459956624749,0.280778461403175,0.17620092467888));
#2654=DIRECTION('ref_axis',(0.331486515933345,0.799137286989591,0.501494054099635));
#2655=DIRECTION('center_axis',(0.0695873743166652,-0.0695873743166652,0.995145815783508));
#2656=DIRECTION('ref_axis',(0.,0.997564050259824,0.0697564737441258));
#2657=DIRECTION('center_axis',(1.,0.,0.));
#2658=DIRECTION('ref_axis',(0.,0.,1.));
#2659=DIRECTION('center_axis',(-0.707106781186548,0.707106781186548,0.));
#2660=DIRECTION('ref_axis',(0.707106781186547,0.707106781186547,0.));
#2661=DIRECTION('center_axis',(0.0695873743166646,-0.0695873743166647,-0.995145815783509));
#2662=DIRECTION('ref_axis',(-0.923026992232169,-0.382876643036007,-0.0377709918894609));
#2663=DIRECTION('',(0.0695873743166646,-0.0695873743166647,-0.995145815783509));
#2664=DIRECTION('center_axis',(0.,0.,1.));
#2665=DIRECTION('ref_axis',(-0.707106781186545,0.707106781186549,0.));
#2666=DIRECTION('',(-0.0695873743166646,0.0695873743166647,0.995145815783509));
#2667=DIRECTION('center_axis',(0.0348359879166001,-0.0348359879166079,-0.998785716703913));
#2668=DIRECTION('ref_axis',(-0.706248153233681,0.706248153233524,-0.0492655265703266));
#2669=DIRECTION('',(7.93016446160826E-17,-1.,-1.13406635326297E-15));
#2670=DIRECTION('center_axis',(0.,0.,1.));
#2671=DIRECTION('ref_axis',(-0.923879532511287,0.38268343236509,0.));
#2672=DIRECTION('',(0.,0.,1.));
#2673=DIRECTION('center_axis',(-0.0348359879168463,-0.0348359879167243,
-0.9987857167039));
#2674=DIRECTION('ref_axis',(0.706248153234831,0.706248153232356,-0.049265526570583));
#2675=DIRECTION('',(0.,0.,-1.));
#2676=DIRECTION('center_axis',(-0.0348359879167578,-0.0348359879166598,
0.998785716703905));
#2677=DIRECTION('ref_axis',(-0.706248153234591,-0.706248153232604,-0.0492655265704749));
#2678=DIRECTION('center_axis',(-0.943459956624746,-0.280778461403183,-0.176200924678884));
#2679=DIRECTION('ref_axis',(-0.331486515933354,0.799137286989591,0.50149405409963));
#2680=DIRECTION('center_axis',(-1.,1.55268713316638E-15,-2.22044604925031E-14));
#2681=DIRECTION('ref_axis',(0.,0.997564050259824,0.0697564737441258));
#2682=DIRECTION('center_axis',(-0.0695873743166652,-0.0695873743166652,
0.995145815783509));
#2683=DIRECTION('ref_axis',(-0.707106781186547,0.707106781186547,0.));
#2684=DIRECTION('center_axis',(0.707106781186553,0.707106781186542,0.));
#2685=DIRECTION('ref_axis',(0.,0.,1.));
#2686=DIRECTION('center_axis',(0.0695873743166645,0.0695873743166646,-0.995145815783509));
#2687=DIRECTION('ref_axis',(-0.382876643036012,0.923026992232167,0.0377709918894617));
#2688=DIRECTION('',(-0.0695873743166645,-0.0695873743166646,0.995145815783509));
#2689=DIRECTION('',(0.0695873743166645,0.0695873743166646,-0.995145815783509));
#2690=DIRECTION('',(1.,0.,-2.62698977354353E-15));
#2691=DIRECTION('center_axis',(0.46322309442402,0.192147472243385,-0.865161091186325));
#2692=DIRECTION('ref_axis',(0.799137286989592,0.331486515933349,0.501494054099632));
#2693=DIRECTION('center_axis',(1.55268713316638E-15,1.,-2.22044604925031E-14));
#2694=DIRECTION('ref_axis',(0.997564050259824,0.,0.0697564737441258));
#2695=DIRECTION('center_axis',(-0.0695873743166652,0.0695873743166652,0.995145815783508));
#2696=DIRECTION('ref_axis',(0.707106781186547,0.707106781186547,0.));
#2697=DIRECTION('center_axis',(0.707106781186542,-0.707106781186553,0.));
#2698=DIRECTION('ref_axis',(0.,0.,1.));
#2699=DIRECTION('center_axis',(0.0695873743166646,-0.0695873743166647,-0.995145815783509));
#2700=DIRECTION('ref_axis',(0.923026992232167,0.382876643036012,0.0377709918894617));
#2701=DIRECTION('',(-0.0695873743166646,0.0695873743166647,0.995145815783509));
#2702=DIRECTION('',(0.0695873743166646,-0.0695873743166647,-0.995145815783509));
#2703=DIRECTION('',(0.,-1.,-1.75132651569568E-15));
#2704=DIRECTION('center_axis',(0.707106781186547,-0.707106781186548,0.));
#2705=DIRECTION('ref_axis',(0.499999999999993,0.499999999999993,0.707106781186557));
#2706=DIRECTION('',(-0.707106781186547,0.707106781186548,0.));
#2707=DIRECTION('',(0.707106781186547,-0.707106781186548,0.));
#2708=DIRECTION('center_axis',(0.,0.,-1.));
#2709=DIRECTION('ref_axis',(-0.923879532511287,-0.38268343236509,0.));
#2710=DIRECTION('',(0.,0.,1.));
#2711=DIRECTION('center_axis',(-0.0348359879165309,0.0348359879165231,-0.998785716703918));
#2712=DIRECTION('ref_axis',(-0.706248153233686,0.706248153233527,0.0492655265702178));
#2713=DIRECTION('',(0.,0.,-1.));
#2714=DIRECTION('center_axis',(-0.463223094424024,0.192147472243374,-0.865161091186325));
#2715=DIRECTION('ref_axis',(-0.799137286989594,0.331486515933337,0.501494054099636));
#2716=DIRECTION('center_axis',(0.0695873743166651,0.069587374316673,0.995145815783508));
#2717=DIRECTION('ref_axis',(-0.997564050259824,0.,0.0697564737441258));
#2718=DIRECTION('center_axis',(-1.11293407609866E-14,1.,0.));
#2719=DIRECTION('ref_axis',(0.,0.,1.));
#2720=DIRECTION('center_axis',(-0.707106781186548,-0.707106781186548,1.57009245868377E-14));
#2721=DIRECTION('ref_axis',(-0.707106781186547,0.707106781186547,0.));
#2722=DIRECTION('center_axis',(0.,0.,-1.));
#2723=DIRECTION('ref_axis',(0.38268343236509,-0.923879532511287,0.));
#2724=DIRECTION('',(0.,0.,1.));
#2725=DIRECTION('center_axis',(-0.0348359879165254,-0.0348359879165254,
-0.998785716703918));
#2726=DIRECTION('ref_axis',(-0.706248153233606,-0.706248153233606,0.0492655265702155));
#2727=DIRECTION('',(0.,0.,-1.));
#2728=DIRECTION('center_axis',(-0.0348359879164937,-0.0348359879166113,
0.998785716703916));
#2729=DIRECTION('ref_axis',(0.706248153232413,0.706248153234797,0.0492655265702538));
#2730=DIRECTION('center_axis',(0.463223094424015,-0.192147472243383,-0.865161091186329));
#2731=DIRECTION('ref_axis',(0.799137286989593,-0.331486515933354,0.501494054099627));
#2732=DIRECTION('center_axis',(-0.0695873743166651,-0.069587374316673,0.995145815783508));
#2733=DIRECTION('ref_axis',(0.997564050259824,0.,0.0697564737441258));
#2734=DIRECTION('center_axis',(-1.11293407609866E-14,-1.,0.));
#2735=DIRECTION('ref_axis',(0.,0.,1.));
#2736=DIRECTION('center_axis',(0.707106781186548,0.707106781186548,0.));
#2737=DIRECTION('ref_axis',(0.707106781186547,-0.707106781186547,0.));
#2738=DIRECTION('center_axis',(1.22464679914735E-16,1.,0.));
#2739=DIRECTION('ref_axis',(0.6819983600625,-8.35207108674278E-17,0.731353701619169));
#2740=DIRECTION('',(-1.22464679914735E-16,-1.,0.));
#2741=DIRECTION('',(1.22464679914735E-16,1.,0.));
#2742=DIRECTION('center_axis',(-0.463223094424022,-0.192147472243382,-0.865161091186325));
#2743=DIRECTION('ref_axis',(-0.799137286989591,-0.331486515933345,0.501494054099635));
#2744=DIRECTION('center_axis',(-7.76343566583192E-16,-1.,-1.11022302462516E-14));
#2745=DIRECTION('ref_axis',(-0.997564050259824,0.,0.0697564737441258));
#2746=DIRECTION('center_axis',(0.0695873743166652,-0.0695873743166652,0.995145815783509));
#2747=DIRECTION('ref_axis',(-0.707106781186547,-0.707106781186547,0.));
#2748=DIRECTION('center_axis',(-0.707106781186548,0.707106781186548,0.));
#2749=DIRECTION('ref_axis',(0.,0.,1.));
#2750=DIRECTION('center_axis',(-0.0695873743166646,0.0695873743166647,-0.995145815783509));
#2751=DIRECTION('ref_axis',(-0.923026992232169,-0.382876643036007,0.0377709918894613));
#2752=DIRECTION('',(0.0695873743166646,-0.0695873743166647,0.995145815783509));
#2753=DIRECTION('',(-0.0695873743166646,0.0695873743166647,-0.995145815783509));
#2754=DIRECTION('',(-7.93016446160826E-17,1.,-1.13406635326297E-15));
#2755=DIRECTION('center_axis',(0.,0.,1.));
#2756=DIRECTION('ref_axis',(-0.38268343236509,-0.923879532511287,0.));
#2757=DIRECTION('',(0.,0.,1.));
#2758=DIRECTION('center_axis',(0.0348359879167213,-0.034835987916611,-0.998785716703908));
#2759=DIRECTION('ref_axis',(-0.706248153234718,0.706248153232481,-0.0492655265704145));
#2760=DIRECTION('',(0.,0.,-1.));
#2761=DIRECTION('center_axis',(0.0348359879166134,-0.0348359879166056,0.998785716703912));
#2762=DIRECTION('ref_axis',(0.706248153233682,-0.706248153233523,-0.0492655265703344));
#2763=DIRECTION('center_axis',(-0.94345995662475,-0.280778461403173,0.176200924678879));
#2764=DIRECTION('ref_axis',(0.331486515933345,-0.799137286989591,0.501494054099635));
#2765=DIRECTION('center_axis',(1.,0.,0.));
#2766=DIRECTION('ref_axis',(0.,-0.997564050259824,0.0697564737441258));
#2767=DIRECTION('center_axis',(0.0695873743166652,0.0695873743166652,0.995145815783509));
#2768=DIRECTION('ref_axis',(0.707106781186547,-0.707106781186547,0.));
#2769=DIRECTION('center_axis',(-0.707106781186542,-0.707106781186553,0.));
#2770=DIRECTION('ref_axis',(0.,0.,1.));
#2771=DIRECTION('center_axis',(-0.0695873743166647,-0.0695873743166646,
-0.995145815783509));
#2772=DIRECTION('ref_axis',(0.382876643036007,-0.923026992232169,0.0377709918894613));
#2773=DIRECTION('',(0.0695873743166647,0.0695873743166646,0.995145815783509));
#2774=DIRECTION('',(-0.0695873743166647,-0.0695873743166646,-0.995145815783509));
#2775=DIRECTION('',(-1.,-7.93016446160826E-17,-2.00972961111082E-15));
#2776=DIRECTION('center_axis',(-0.707106781186548,-0.707106781186547,0.));
#2777=DIRECTION('ref_axis',(0.500000000000001,-0.500000000000001,0.707106781186546));
#2778=DIRECTION('',(0.707106781186548,0.707106781186547,0.));
#2779=DIRECTION('',(-0.707106781186548,-0.707106781186547,0.));
#2780=DIRECTION('center_axis',(-0.943459956624747,0.280778461403183,-0.17620092467888));
#2781=DIRECTION('ref_axis',(-0.331486515933346,-0.799137286989593,0.501494054099632));
#2782=DIRECTION('center_axis',(-0.069587374316673,0.0695873743166651,0.995145815783508));
#2783=DIRECTION('ref_axis',(0.,-0.997564050259824,0.0697564737441258));
#2784=DIRECTION('center_axis',(-1.,0.,0.));
#2785=DIRECTION('ref_axis',(0.,0.,1.));
#2786=DIRECTION('center_axis',(0.707106781186548,-0.707106781186548,7.85046229341887E-15));
#2787=DIRECTION('ref_axis',(-0.707106781186547,-0.707106781186547,0.));
#2788=DIRECTION('center_axis',(1.,-6.12323399573677E-17,0.));
#2789=DIRECTION('ref_axis',(-4.17603554337139E-17,-0.6819983600625,0.731353701619169));
#2790=DIRECTION('',(-1.,6.12323399573677E-17,0.));
#2791=DIRECTION('',(1.,-6.12323399573677E-17,0.));
#2792=DIRECTION('center_axis',(-0.707106781186547,0.707106781186548,0.));
#2793=DIRECTION('ref_axis',(-0.500000000000001,-0.500000000000001,0.707106781186546));
#2794=DIRECTION('',(0.707106781186547,-0.707106781186548,0.));
#2795=DIRECTION('',(-0.707106781186547,0.707106781186548,0.));
#2796=DIRECTION('center_axis',(-0.0695873743166645,0.0695873743166646,0.995145815783509));
#2797=DIRECTION('ref_axis',(-0.382876643036007,-0.923026992232169,0.0377709918894613));
#2798=DIRECTION('',(-0.0695873743166645,0.0695873743166646,0.995145815783509));
#2799=DIRECTION('',(0.0695873743166645,-0.0695873743166646,-0.995145815783509));
#2800=DIRECTION('',(-1.,-7.93016446160826E-17,-2.00972961111082E-15));
#2801=DIRECTION('center_axis',(0.,-1.,0.));
#2802=DIRECTION('ref_axis',(-0.6819983600625,0.,0.731353701619169));
#2803=DIRECTION('',(0.,1.,0.));
#2804=DIRECTION('',(0.,-1.,0.));
#2805=DIRECTION('center_axis',(-0.0695873743166646,-0.0695873743166645,
0.995145815783509));
#2806=DIRECTION('ref_axis',(0.923026992232167,-0.382876643036012,0.0377709918894617));
#2807=DIRECTION('',(-0.0695873743166646,-0.0695873743166645,0.995145815783509));
#2808=DIRECTION('',(0.0695873743166646,0.0695873743166645,-0.995145815783509));
#2809=DIRECTION('center_axis',(-0.0348359879166836,-0.0348359879165772,
0.998785716703911));
#2810=DIRECTION('ref_axis',(0.706248153232524,0.706248153234679,0.0492655265703639));
#2811=DIRECTION('',(0.,-1.,-1.75132651569568E-15));
#2812=DIRECTION('center_axis',(0.0695873743166645,-0.0695873743166646,0.995145815783509));
#2813=DIRECTION('ref_axis',(-0.382876643036012,-0.923026992232167,-0.0377709918894614));
#2814=DIRECTION('',(-0.0695873743166645,0.0695873743166646,-0.995145815783509));
#2815=DIRECTION('center_axis',(0.,0.,1.));
#2816=DIRECTION('ref_axis',(0.707106781186536,-0.707106781186559,0.));
#2817=DIRECTION('',(0.0695873743166645,-0.0695873743166646,0.995145815783509));
#2818=DIRECTION('',(1.,7.93016446160826E-17,2.04131943587335E-15));
#2819=DIRECTION('center_axis',(0.707106781186547,0.707106781186548,0.));
#2820=DIRECTION('ref_axis',(-0.499999999999993,0.499999999999993,0.707106781186557));
#2821=DIRECTION('',(-0.707106781186547,-0.707106781186548,0.));
#2822=DIRECTION('',(0.707106781186547,0.707106781186548,0.));
#2823=DIRECTION('center_axis',(0.0695873743166646,0.0695873743166647,0.995145815783509));
#2824=DIRECTION('ref_axis',(-0.923026992232171,0.382876643036001,0.0377709918894619));
#2825=DIRECTION('',(0.0695873743166646,0.0695873743166647,0.995145815783509));
#2826=DIRECTION('',(-0.0695873743166646,-0.0695873743166647,-0.995145815783509));
#2827=DIRECTION('',(-7.93016446160826E-17,1.,-1.13406635326297E-15));
#2828=DIRECTION('center_axis',(0.,0.,1.));
#2829=DIRECTION('ref_axis',(0.923879532511287,-0.38268343236509,0.));
#2830=DIRECTION('',(0.,0.,1.));
#2831=DIRECTION('',(0.,0.,-1.));
#2832=DIRECTION('center_axis',(0.0348359879166913,0.0348359879166835,0.998785716703907));
#2833=DIRECTION('ref_axis',(0.706248153233678,0.706248153233519,-0.0492655265704446));
#2834=DIRECTION('center_axis',(0.0695873743166647,0.0695873743166646,-0.995145815783509));
#2835=DIRECTION('ref_axis',(0.382876643036012,-0.923026992232167,-0.0377709918894614));
#2836=DIRECTION('',(0.0695873743166647,0.0695873743166646,-0.995145815783509));
#2837=DIRECTION('center_axis',(0.,0.,1.));
#2838=DIRECTION('ref_axis',(-0.707106781186532,-0.707106781186563,0.));
#2839=DIRECTION('',(-0.0695873743166647,-0.0695873743166646,0.995145815783509));
#2840=DIRECTION('',(1.,7.93016446160826E-17,2.04131943587335E-15));
#2841=DIRECTION('center_axis',(-1.,1.83697019872103E-16,0.));
#2842=DIRECTION('ref_axis',(1.25281066301139E-16,0.6819983600625,0.731353701619169));
#2843=DIRECTION('',(1.,-1.83697019872103E-16,0.));
#2844=DIRECTION('',(-1.,1.83697019872103E-16,0.));
#2845=DIRECTION('center_axis',(0.0695873743166645,-0.0695873743166646,0.995145815783509));
#2846=DIRECTION('ref_axis',(0.382876643036001,0.923026992232171,0.0377709918894619));
#2847=DIRECTION('',(0.0695873743166645,-0.0695873743166646,0.995145815783509));
#2848=DIRECTION('',(-0.0695873743166645,0.0695873743166646,-0.995145815783509));
#2849=DIRECTION('',(1.,0.,-2.62698977354353E-15));
#2850=DIRECTION('center_axis',(0.0695873743166646,0.0695873743166645,0.995145815783509));
#2851=DIRECTION('ref_axis',(0.923026992232169,-0.382876643036007,-0.0377709918894613));
#2852=DIRECTION('',(-0.0695873743166646,-0.0695873743166645,-0.995145815783509));
#2853=DIRECTION('center_axis',(0.,0.,1.));
#2854=DIRECTION('ref_axis',(0.707106781186559,0.707106781186535,0.));
#2855=DIRECTION('',(0.0695873743166646,0.0695873743166645,0.995145815783509));
#2856=DIRECTION('',(0.,1.,-1.75132651569568E-15));
#2857=DIRECTION('center_axis',(-0.0695873743166646,-0.0695873743166647,
0.995145815783509));
#2858=DIRECTION('ref_axis',(-0.923026992232171,0.382876643036001,-0.0377709918894615));
#2859=DIRECTION('',(0.0695873743166646,0.0695873743166647,-0.995145815783509));
#2860=DIRECTION('center_axis',(0.,0.,1.));
#2861=DIRECTION('ref_axis',(-0.707106781186555,-0.70710678118654,0.));
#2862=DIRECTION('',(-0.0695873743166646,-0.0695873743166647,0.995145815783509));
#2863=DIRECTION('',(7.93016446160826E-17,-1.,-1.13406635326297E-15));
#2864=DIRECTION('center_axis',(-0.0695873743166645,0.0695873743166646,0.995145815783509));
#2865=DIRECTION('ref_axis',(0.382876643036001,0.923026992232171,-0.0377709918894615));
#2866=DIRECTION('',(0.0695873743166645,-0.0695873743166646,-0.995145815783509));
#2867=DIRECTION('center_axis',(0.,0.,1.));
#2868=DIRECTION('ref_axis',(-0.707106781186551,0.707106781186544,0.));
#2869=DIRECTION('',(-0.0695873743166645,0.0695873743166646,0.995145815783509));
#2870=DIRECTION('',(-1.,0.,-3.17538578913633E-15));
#2871=DIRECTION('center_axis',(-0.707106781186548,-0.707106781186547,0.));
#2872=DIRECTION('ref_axis',(0.,0.,1.));
#2873=DIRECTION('',(0.707106781186547,-0.707106781186548,0.));
#2874=DIRECTION('center_axis',(0.997564050259824,0.,-0.0697564737441253));
#2875=DIRECTION('ref_axis',(-0.0697564737441252,0.,-0.997564050259824));
#2876=DIRECTION('',(-7.93016446160826E-17,1.,-1.13406635326297E-15));
#2877=DIRECTION('center_axis',(-1.,-7.93016446160826E-17,0.));
#2878=DIRECTION('ref_axis',(8.88178419700125E-17,-1.,0.));
#2879=DIRECTION('',(7.93016446160826E-17,-1.,-1.13406635326297E-15));
#2880=DIRECTION('center_axis',(-0.997564050259824,0.,-0.0697564737441253));
#2881=DIRECTION('ref_axis',(-0.0697564737441252,0.,0.997564050259824));
#2882=DIRECTION('',(0.,1.,0.));
#2883=DIRECTION('center_axis',(-0.707106781186548,0.707106781186547,0.));
#2884=DIRECTION('ref_axis',(0.,0.,1.));
#2885=DIRECTION('',(-0.707106781186547,-0.707106781186548,0.));
#2886=DIRECTION('center_axis',(-1.83249543164274E-16,-0.997564050259824,
-0.0697564737441253));
#2887=DIRECTION('ref_axis',(1.28140563435824E-17,0.0697564737441252,-0.997564050259824));
#2888=DIRECTION('',(1.,0.,-2.62698977354353E-15));
#2889=DIRECTION('center_axis',(0.,1.,0.));
#2890=DIRECTION('ref_axis',(-1.,0.,0.));
#2891=DIRECTION('',(-1.,0.,-3.17538578913633E-15));
#2892=DIRECTION('center_axis',(2.21503715427357E-16,0.997564050259824,-0.0697564737441253));
#2893=DIRECTION('ref_axis',(1.54890486534776E-17,0.0697564737441252,0.997564050259824));
#2894=DIRECTION('',(1.,-2.22044604925031E-16,0.));
#2895=DIRECTION('center_axis',(0.,0.,1.));
#2896=DIRECTION('ref_axis',(1.,0.,0.));
#2897=DIRECTION('center_axis',(0.707106781186547,-0.707106781186548,0.));
#2898=DIRECTION('ref_axis',(0.,0.,-1.));
#2899=DIRECTION('',(0.707106781186548,0.707106781186547,0.));
#2900=DIRECTION('center_axis',(0.997564050259824,-1.22166362109516E-16,
-0.0697564737441253));
#2901=DIRECTION('ref_axis',(0.0697564737441252,-8.54270422905494E-18,0.997564050259824));
#2902=DIRECTION('',(-1.22464679914735E-16,-1.,0.));
#2903=DIRECTION('',(0.,1.,-1.75132651569568E-15));
#2904=DIRECTION('center_axis',(0.,0.,1.));
#2905=DIRECTION('ref_axis',(1.,0.,0.));
#2906=DIRECTION('',(-0.707106781186547,0.707106781186548,0.));
#2907=DIRECTION('',(-1.,-2.22044604925031E-16,0.));
#2908=DIRECTION('center_axis',(2.21503715427357E-16,-0.997564050259824,
-0.0697564737441253));
#2909=DIRECTION('ref_axis',(1.54890486534776E-17,-0.0697564737441252,0.997564050259824));
#2910=DIRECTION('',(1.,7.93016446160826E-17,2.04131943587335E-15));
#2911=DIRECTION('center_axis',(7.93016446160826E-17,-1.,0.));
#2912=DIRECTION('ref_axis',(1.,8.88178419700125E-17,0.));
#2913=DIRECTION('',(-1.,-7.93016446160826E-17,-2.00972961111082E-15));
#2914=DIRECTION('center_axis',(0.707106781186548,0.707106781186547,0.));
#2915=DIRECTION('ref_axis',(0.,0.,-1.));
#2916=DIRECTION('center_axis',(1.,0.,0.));
#2917=DIRECTION('ref_axis',(0.,1.,0.));
#2918=DIRECTION('',(0.,-1.,-1.75132651569568E-15));
#2919=DIRECTION('center_axis',(6.10831810547582E-17,0.997564050259824,-0.0697564737441253));
#2920=DIRECTION('ref_axis',(-4.27135211452747E-18,-0.0697564737441252,-0.997564050259824));
#2921=DIRECTION('center_axis',(-0.997564050259824,1.22166362109516E-16,
-0.0697564737441253));
#2922=DIRECTION('ref_axis',(0.0697564737441252,-8.54270422905494E-18,-0.997564050259824));
#2923=DIRECTION('axis',(0.,0.,1.));
#2924=DIRECTION('refdir',(1.,0.,0.));
#2925=DIRECTION('center_axis',(0.0490154944435162,-0.998798018272192,0.));
#2926=DIRECTION('ref_axis',(-0.998798018272192,-0.0490154944435162,0.));
#2927=DIRECTION('',(-0.998798018272192,-0.0490154944435162,0.));
#2928=DIRECTION('',(0.,0.,-1.));
#2929=DIRECTION('',(-0.998798018272192,-0.0490154944435162,0.));
#2930=DIRECTION('',(0.,0.,-1.));
#2931=DIRECTION('center_axis',(0.,0.,1.));
#2932=DIRECTION('ref_axis',(-0.0490154944435162,0.998798018272192,0.));
#2933=DIRECTION('center_axis',(0.,0.,-1.));
#2934=DIRECTION('ref_axis',(-0.0490154944435162,0.998798018272192,0.));
#2935=DIRECTION('',(0.,0.,-1.));
#2936=DIRECTION('center_axis',(0.,0.,-1.));
#2937=DIRECTION('ref_axis',(-0.0490154944435162,0.998798018272192,0.));
#2938=DIRECTION('center_axis',(0.971336289956248,-0.237709511408423,0.));
#2939=DIRECTION('ref_axis',(-0.237709511408423,-0.971336289956248,0.));
#2940=DIRECTION('',(-0.237709511408423,-0.971336289956248,0.));
#2941=DIRECTION('',(0.,0.,-1.));
#2942=DIRECTION('',(-0.237709511408423,-0.971336289956248,0.));
#2943=DIRECTION('center_axis',(0.,0.,1.));
#2944=DIRECTION('ref_axis',(-3.10969854759796E-16,1.,0.));
#2945=DIRECTION('center_axis',(0.,0.,1.));
#2946=DIRECTION('ref_axis',(-3.10969854759796E-16,1.,0.));
#2947=DIRECTION('',(0.,0.,-1.));
#2948=DIRECTION('center_axis',(0.,0.,1.));
#2949=DIRECTION('ref_axis',(-3.10969854759796E-16,1.,0.));
#2950=DIRECTION('center_axis',(0.,0.,1.));
#2951=DIRECTION('ref_axis',(2.81754602299976E-16,-1.,0.));
#2952=DIRECTION('center_axis',(0.,0.,-1.));
#2953=DIRECTION('ref_axis',(2.81754602299976E-16,-1.,0.));
#2954=DIRECTION('',(0.,0.,-1.));
#2955=DIRECTION('center_axis',(0.,0.,-1.));
#2956=DIRECTION('ref_axis',(2.81754602299976E-16,-1.,0.));
#2957=DIRECTION('',(0.,0.,-1.));
#2958=DIRECTION('center_axis',(-0.971336289956248,0.237709511408423,0.));
#2959=DIRECTION('ref_axis',(0.237709511408423,0.971336289956248,0.));
#2960=DIRECTION('',(0.237709511408423,0.971336289956248,0.));
#2961=DIRECTION('',(0.,0.,-1.));
#2962=DIRECTION('',(0.237709511408423,0.971336289956248,0.));
#2963=DIRECTION('center_axis',(0.,0.,1.));
#2964=DIRECTION('ref_axis',(0.0490154944435163,-0.998798018272192,0.));
#2965=DIRECTION('center_axis',(0.,0.,1.));
#2966=DIRECTION('ref_axis',(0.0490154944435163,-0.998798018272192,0.));
#2967=DIRECTION('',(0.,0.,-1.));
#2968=DIRECTION('center_axis',(0.,0.,1.));
#2969=DIRECTION('ref_axis',(0.0490154944435163,-0.998798018272192,0.));
#2970=DIRECTION('center_axis',(-0.0490154944435163,0.998798018272192,0.));
#2971=DIRECTION('ref_axis',(0.998798018272192,0.0490154944435163,0.));
#2972=DIRECTION('',(0.998798018272192,0.0490154944435163,0.));
#2973=DIRECTION('',(0.,0.,-1.));
#2974=DIRECTION('',(0.998798018272192,0.0490154944435163,0.));
#2975=DIRECTION('center_axis',(1.,2.84672570416707E-16,0.));
#2976=DIRECTION('ref_axis',(2.83106871279415E-16,-1.,0.));
#2977=DIRECTION('',(2.84672570416707E-16,-1.,0.));
#2978=DIRECTION('',(2.84672570416707E-16,-1.,0.));
#2979=DIRECTION('center_axis',(-1.,0.,0.));
#2980=DIRECTION('ref_axis',(0.,1.,0.));
#2981=DIRECTION('',(0.,1.,0.));
#2982=DIRECTION('',(0.,0.,-1.));
#2983=DIRECTION('',(0.,1.,0.));
#2984=DIRECTION('',(0.,0.,-1.));
#2985=DIRECTION('center_axis',(-6.78006546866658E-16,1.,0.));
#2986=DIRECTION('ref_axis',(1.,6.77236045021345E-16,0.));
#2987=DIRECTION('',(1.,6.78006546866658E-16,0.));
#2988=DIRECTION('',(1.,6.78006546866658E-16,0.));
#2989=DIRECTION('center_axis',(-9.04008729155543E-16,-1.,0.));
#2990=DIRECTION('ref_axis',(-1.,9.04831765069503E-16,0.));
#2991=DIRECTION('',(-1.,9.04008729155543E-16,0.));
#2992=DIRECTION('',(-1.,9.04008729155543E-16,0.));
#2993=DIRECTION('center_axis',(0.,0.,1.));
#2994=DIRECTION('ref_axis',(1.,0.,0.));
#2995=DIRECTION('center_axis',(0.,0.,1.));
#2996=DIRECTION('ref_axis',(1.,0.,0.));
#2997=DIRECTION('axis',(0.,0.,1.));
#2998=DIRECTION('refdir',(1.,0.,0.));
#2999=DIRECTION('center_axis',(-0.0490154944435162,0.998798018272192,0.));
#3000=DIRECTION('ref_axis',(-0.998798018272192,-0.0490154944435162,0.));
#3001=DIRECTION('',(-0.998798018272192,-0.0490154944435162,0.));
#3002=DIRECTION('',(0.,0.,1.));
#3003=DIRECTION('',(-0.998798018272192,-0.0490154944435162,0.));
#3004=DIRECTION('',(0.,0.,1.));
#3005=DIRECTION('center_axis',(0.,0.,1.));
#3006=DIRECTION('ref_axis',(-0.0490154944435162,0.998798018272192,0.));
#3007=DIRECTION('center_axis',(0.,0.,-1.));
#3008=DIRECTION('ref_axis',(-0.0490154944435162,0.998798018272192,0.));
#3009=DIRECTION('center_axis',(0.,0.,-1.));
#3010=DIRECTION('ref_axis',(-0.0490154944435162,0.998798018272192,0.));
#3011=DIRECTION('',(0.,0.,1.));
#3012=DIRECTION('center_axis',(-0.971336289956248,0.237709511408423,0.));
#3013=DIRECTION('ref_axis',(-0.237709511408423,-0.971336289956248,0.));
#3014=DIRECTION('',(-0.237709511408423,-0.971336289956248,0.));
#3015=DIRECTION('',(-0.237709511408423,-0.971336289956248,0.));
#3016=DIRECTION('',(0.,0.,1.));
#3017=DIRECTION('center_axis',(0.,0.,1.));
#3018=DIRECTION('ref_axis',(-3.10969854759796E-16,1.,0.));
#3019=DIRECTION('center_axis',(0.,0.,1.));
#3020=DIRECTION('ref_axis',(-3.10969854759796E-16,1.,0.));
#3021=DIRECTION('center_axis',(0.,0.,1.));
#3022=DIRECTION('ref_axis',(-3.10969854759796E-16,1.,0.));
#3023=DIRECTION('',(0.,0.,1.));
#3024=DIRECTION('center_axis',(0.,0.,1.));
#3025=DIRECTION('ref_axis',(2.81754602299976E-16,-1.,0.));
#3026=DIRECTION('center_axis',(0.,0.,-1.));
#3027=DIRECTION('ref_axis',(2.81754602299976E-16,-1.,0.));
#3028=DIRECTION('',(0.,0.,1.));
#3029=DIRECTION('center_axis',(0.,0.,-1.));
#3030=DIRECTION('ref_axis',(2.81754602299976E-16,-1.,0.));
#3031=DIRECTION('',(0.,0.,1.));
#3032=DIRECTION('center_axis',(0.971336289956248,-0.237709511408423,0.));
#3033=DIRECTION('ref_axis',(0.237709511408423,0.971336289956248,0.));
#3034=DIRECTION('',(0.237709511408423,0.971336289956248,0.));
#3035=DIRECTION('',(0.237709511408423,0.971336289956248,0.));
#3036=DIRECTION('',(0.,0.,1.));
#3037=DIRECTION('center_axis',(0.,0.,1.));
#3038=DIRECTION('ref_axis',(0.0490154944435163,-0.998798018272192,0.));
#3039=DIRECTION('center_axis',(0.,0.,1.));
#3040=DIRECTION('ref_axis',(0.0490154944435163,-0.998798018272192,0.));
#3041=DIRECTION('center_axis',(0.,0.,1.));
#3042=DIRECTION('ref_axis',(0.0490154944435163,-0.998798018272192,0.));
#3043=DIRECTION('',(0.,0.,1.));
#3044=DIRECTION('center_axis',(0.0490154944435163,-0.998798018272192,0.));
#3045=DIRECTION('ref_axis',(0.998798018272192,0.0490154944435163,0.));
#3046=DIRECTION('',(0.998798018272192,0.0490154944435163,0.));
#3047=DIRECTION('',(0.998798018272192,0.0490154944435163,0.));
#3048=DIRECTION('',(0.,0.,1.));
#3049=DIRECTION('center_axis',(-1.,-2.84672570416707E-16,0.));
#3050=DIRECTION('ref_axis',(2.83106871279415E-16,-1.,0.));
#3051=DIRECTION('',(2.84672570416707E-16,-1.,0.));
#3052=DIRECTION('',(2.84672570416707E-16,-1.,0.));
#3053=DIRECTION('center_axis',(1.,0.,0.));
#3054=DIRECTION('ref_axis',(0.,1.,0.));
#3055=DIRECTION('',(0.,1.,0.));
#3056=DIRECTION('',(0.,0.,1.));
#3057=DIRECTION('',(0.,1.,0.));
#3058=DIRECTION('',(0.,0.,1.));
#3059=DIRECTION('center_axis',(6.78006546866658E-16,-1.,0.));
#3060=DIRECTION('ref_axis',(1.,6.77236045021345E-16,0.));
#3061=DIRECTION('',(1.,6.78006546866658E-16,0.));
#3062=DIRECTION('',(1.,6.78006546866658E-16,0.));
#3063=DIRECTION('center_axis',(9.04008729155543E-16,1.,0.));
#3064=DIRECTION('ref_axis',(-1.,9.04831765069503E-16,0.));
#3065=DIRECTION('',(-1.,9.04008729155543E-16,0.));
#3066=DIRECTION('',(-1.,9.04008729155543E-16,0.));
#3067=DIRECTION('center_axis',(0.,0.,1.));
#3068=DIRECTION('ref_axis',(1.,0.,0.));
#3069=DIRECTION('center_axis',(0.,0.,1.));
#3070=DIRECTION('ref_axis',(1.,0.,0.));
#3071=DIRECTION('axis',(0.,0.,1.));
#3072=DIRECTION('refdir',(1.,0.,0.));
#3073=DIRECTION('center_axis',(0.929976632478583,-0.367618638052799,0.));
#3074=DIRECTION('ref_axis',(0.,0.,-1.));
#3075=DIRECTION('',(0.,0.,1.));
#3076=DIRECTION('',(-0.367618638052799,-0.929976632478583,0.));
#3077=DIRECTION('',(0.,0.,1.));
#3078=DIRECTION('',(-0.367618638052799,-0.929976632478583,0.));
#3079=DIRECTION('center_axis',(0.,-1.,0.));
#3080=DIRECTION('ref_axis',(0.,0.,-1.));
#3081=DIRECTION('',(-1.,0.,0.));
#3082=DIRECTION('',(0.,0.,1.));
#3083=DIRECTION('',(-1.,0.,0.));
#3084=DIRECTION('center_axis',(-0.924101685967607,0.382146665551102,0.));
#3085=DIRECTION('ref_axis',(0.,0.,1.));
#3086=DIRECTION('',(0.382146665551102,0.924101685967607,0.));
#3087=DIRECTION('',(0.,0.,1.));
#3088=DIRECTION('',(0.382146665551102,0.924101685967607,0.));
#3089=DIRECTION('center_axis',(0.,1.,0.));
#3090=DIRECTION('ref_axis',(0.,0.,1.));
#3091=DIRECTION('',(1.,0.,0.));
#3092=DIRECTION('',(1.,0.,0.));
#3093=DIRECTION('center_axis',(0.,0.,1.));
#3094=DIRECTION('ref_axis',(1.,0.,0.));
#3095=DIRECTION('center_axis',(0.,0.,1.));
#3096=DIRECTION('ref_axis',(1.,0.,0.));
#3097=DIRECTION('center_axis',(0.,-1.,0.));
#3098=DIRECTION('ref_axis',(0.,0.,-1.));
#3099=DIRECTION('',(0.,0.,1.));
#3100=DIRECTION('',(-1.,0.,0.));
#3101=DIRECTION('',(0.,0.,1.));
#3102=DIRECTION('',(-1.,0.,0.));
#3103=DIRECTION('center_axis',(-0.926498315632462,0.376298911943964,0.));
#3104=DIRECTION('ref_axis',(0.,0.,1.));
#3105=DIRECTION('',(0.376298911943964,0.926498315632462,0.));
#3106=DIRECTION('',(0.,0.,1.));
#3107=DIRECTION('',(0.376298911943964,0.926498315632462,0.));
#3108=DIRECTION('center_axis',(0.,0.,1.));
#3109=DIRECTION('ref_axis',(-0.558435801169723,0.829547741827997,0.));
#3110=DIRECTION('center_axis',(0.,0.,1.));
#3111=DIRECTION('ref_axis',(-0.926498315632789,0.376298911943158,0.));
#3112=DIRECTION('center_axis',(3.13788723608711E-18,-4.66128293593381E-18,
1.));
#3113=DIRECTION('ref_axis',(-0.926498315632789,0.376298911943158,4.78891185129192E-18));
#3114=DIRECTION('',(0.,0.,1.));
#3115=DIRECTION('center_axis',(0.,1.,0.));
#3116=DIRECTION('ref_axis',(0.,0.,1.));
#3117=DIRECTION('',(1.,0.,0.));
#3118=DIRECTION('',(0.,0.,1.));
#3119=DIRECTION('',(1.,0.,0.));
#3120=DIRECTION('center_axis',(0.901573796690781,-0.43262534498174,0.));
#3121=DIRECTION('ref_axis',(0.,0.,-1.));
#3122=DIRECTION('',(-0.43262534498174,-0.901573796690781,0.));
#3123=DIRECTION('',(0.,0.,1.));
#3124=DIRECTION('',(-0.43262534498174,-0.901573796690781,0.));
#3125=DIRECTION('center_axis',(0.,-1.,0.));
#3126=DIRECTION('ref_axis',(0.,0.,-1.));
#3127=DIRECTION('',(-1.,0.,0.));
#3128=DIRECTION('',(0.,0.,1.));
#3129=DIRECTION('',(-1.,0.,0.));
#3130=DIRECTION('center_axis',(0.,0.,1.));
#3131=DIRECTION('ref_axis',(-0.350630650589004,0.936513826308791,0.));
#3132=DIRECTION('center_axis',(0.,0.,1.));
#3133=DIRECTION('ref_axis',(-0.656740904410563,0.754116293733265,0.));
#3134=DIRECTION('center_axis',(-4.44258275610397E-18,1.18658770093925E-17,
1.));
#3135=DIRECTION('ref_axis',(-0.656740904410563,0.754116293733265,-1.20657982989537E-17));
#3136=DIRECTION('',(0.,0.,1.));
#3137=DIRECTION('center_axis',(0.656740904391861,-0.754116293749552,0.));
#3138=DIRECTION('ref_axis',(0.,0.,-1.));
#3139=DIRECTION('',(-0.754116293749552,-0.656740904391861,0.));
#3140=DIRECTION('',(0.,0.,1.));
#3141=DIRECTION('',(-0.754116293749552,-0.656740904391861,0.));
#3142=DIRECTION('center_axis',(0.,0.,1.));
#3143=DIRECTION('ref_axis',(-0.953605908734326,0.3010577533082,0.));
#3144=DIRECTION('center_axis',(0.,0.,1.));
#3145=DIRECTION('ref_axis',(-0.970691644094391,-0.240328383852861,0.));
#3146=DIRECTION('center_axis',(0.,0.,1.));
#3147=DIRECTION('ref_axis',(-0.970691644094391,-0.240328383852861,0.));
#3148=DIRECTION('',(0.,0.,1.));
#3149=DIRECTION('center_axis',(0.970691644106751,0.24032838380294,0.));
#3150=DIRECTION('ref_axis',(0.,0.,-1.));
#3151=DIRECTION('',(0.24032838380294,-0.970691644106751,0.));
#3152=DIRECTION('',(0.,0.,1.));
#3153=DIRECTION('',(0.24032838380294,-0.970691644106751,0.));
#3154=DIRECTION('center_axis',(0.,0.,1.));
#3155=DIRECTION('ref_axis',(-0.859376238292024,-0.511343799277012,0.));
#3156=DIRECTION('center_axis',(0.,0.,1.));
#3157=DIRECTION('ref_axis',(-0.674291568030291,-0.73846522009046,0.));
#3158=DIRECTION('center_axis',(-2.02669236254495E-17,-1.20591718324574E-17,
1.));
#3159=DIRECTION('ref_axis',(-0.674291568030291,-0.73846522009046,-2.22684139923262E-17));
#3160=DIRECTION('',(0.,0.,1.));
#3161=DIRECTION('center_axis',(0.674291568024343,0.738465220095891,0.));
#3162=DIRECTION('ref_axis',(0.,0.,-1.));
#3163=DIRECTION('',(0.738465220095892,-0.674291568024343,0.));
#3164=DIRECTION('',(0.,0.,1.));
#3165=DIRECTION('',(0.738465220095892,-0.674291568024343,0.));
#3166=DIRECTION('center_axis',(0.,0.,1.));
#3167=DIRECTION('ref_axis',(0.932326450364424,-0.361617740094252,0.));
#3168=DIRECTION('center_axis',(0.,0.,1.));
#3169=DIRECTION('ref_axis',(0.67429156802151,0.738465220098478,0.));
#3170=DIRECTION('center_axis',(0.,0.,1.));
#3171=DIRECTION('ref_axis',(0.67429156802151,0.738465220098478,0.));
#3172=DIRECTION('center_axis',(0.,0.,1.));
#3173=DIRECTION('ref_axis',(1.,0.,0.));
#3174=DIRECTION('center_axis',(0.,0.,1.));
#3175=DIRECTION('ref_axis',(1.,0.,0.));
#3176=DIRECTION('center_axis',(0.,1.,0.));
#3177=DIRECTION('ref_axis',(0.,0.,1.));
#3178=DIRECTION('',(0.,0.,1.));
#3179=DIRECTION('',(1.,0.,0.));
#3180=DIRECTION('',(0.,0.,1.));
#3181=DIRECTION('',(1.,0.,0.));
#3182=DIRECTION('center_axis',(0.926997672363299,-0.375067081244175,0.));
#3183=DIRECTION('ref_axis',(0.,0.,-1.));
#3184=DIRECTION('',(-0.375067081244175,-0.9269976723633,0.));
#3185=DIRECTION('',(0.,0.,1.));
#3186=DIRECTION('',(-0.375067081244175,-0.9269976723633,0.));
#3187=DIRECTION('center_axis',(0.,-1.,0.));
#3188=DIRECTION('ref_axis',(0.,0.,-1.));
#3189=DIRECTION('',(-1.,0.,0.));
#3190=DIRECTION('',(0.,0.,1.));
#3191=DIRECTION('',(-1.,0.,0.));
#3192=DIRECTION('center_axis',(-0.940534671967842,-0.339697705064875,0.));
#3193=DIRECTION('ref_axis',(0.,0.,1.));
#3194=DIRECTION('',(-0.339697705064875,0.940534671967842,0.));
#3195=DIRECTION('',(0.,0.,1.));
#3196=DIRECTION('',(-0.339697705064875,0.940534671967842,0.));
#3197=DIRECTION('center_axis',(-0.650682807321326,0.759349645589196,0.));
#3198=DIRECTION('ref_axis',(0.,0.,1.));
#3199=DIRECTION('',(0.759349645589196,0.650682807321326,0.));
#3200=DIRECTION('',(0.,0.,1.));
#3201=DIRECTION('',(0.759349645589196,0.650682807321326,0.));
#3202=DIRECTION('center_axis',(0.,0.,1.));
#3203=DIRECTION('ref_axis',(0.998029119064958,-0.0627525098974048,0.));
#3204=DIRECTION('center_axis',(0.,0.,1.));
#3205=DIRECTION('ref_axis',(0.740672551978027,0.671866185148767,0.));
#3206=DIRECTION('center_axis',(0.,0.,1.));
#3207=DIRECTION('ref_axis',(0.740672551978027,0.671866185148767,0.));
#3208=DIRECTION('',(0.,0.,1.));
#3209=DIRECTION('center_axis',(-0.740672551976425,-0.671866185150533,0.));
#3210=DIRECTION('ref_axis',(0.,0.,1.));
#3211=DIRECTION('',(-0.671866185150533,0.740672551976425,0.));
#3212=DIRECTION('',(0.,0.,1.));
#3213=DIRECTION('',(-0.671866185150533,0.740672551976425,0.));
#3214=DIRECTION('center_axis',(0.,0.,1.));
#3215=DIRECTION('ref_axis',(-0.914293767108512,0.405051734259374,0.));
#3216=DIRECTION('center_axis',(0.,0.,1.));
#3217=DIRECTION('ref_axis',(-0.740672551975629,-0.671866185151411,0.));
#3218=DIRECTION('center_axis',(0.,0.,1.));
#3219=DIRECTION('ref_axis',(-0.740672551975629,-0.671866185151411,0.));
#3220=DIRECTION('center_axis',(0.,0.,1.));
#3221=DIRECTION('ref_axis',(1.,0.,0.));
#3222=DIRECTION('center_axis',(0.,0.,1.));
#3223=DIRECTION('ref_axis',(1.,0.,0.));
#3224=DIRECTION('',(0.,0.,1.));
#3225=DIRECTION('',(1.,0.,0.));
#3226=DIRECTION('',(1.,4.93038065763132E-32,0.));
#3227=DIRECTION('',(-4.93038065763132E-32,1.,4.93038065763132E-32));
#3228=DIRECTION('',(1.,4.93038065763132E-32,0.));
#3229=DIRECTION('',(-4.93038065763132E-32,1.,4.93038065763132E-32));
#3230=DIRECTION('',(1.,4.93038065763132E-32,0.));
#3231=DIRECTION('',(-4.93038065763132E-32,1.,4.93038065763132E-32));
#3232=DIRECTION('',(1.,4.93038065763132E-32,0.));
#3233=DIRECTION('',(-4.93038065763132E-32,1.,4.93038065763132E-32));
#3234=DIRECTION('',(1.,4.93038065763132E-32,0.));
#3235=DIRECTION('',(-4.93038065763132E-32,1.,4.93038065763132E-32));
#3236=DIRECTION('',(1.,4.93038065763132E-32,0.));
#3237=DIRECTION('',(-4.93038065763132E-32,1.,4.93038065763132E-32));
#3238=DIRECTION('',(-2.22044604925031E-16,1.,0.));
#3239=DIRECTION('',(-1.,-2.22044604925031E-16,4.93038065763132E-32));
#3240=DIRECTION('',(-2.22044604925031E-16,1.,0.));
#3241=DIRECTION('',(-1.,-2.22044604925031E-16,4.93038065763132E-32));
#3242=DIRECTION('',(-2.22044604925031E-16,1.,0.));
#3243=DIRECTION('',(-1.,-2.22044604925031E-16,4.93038065763132E-32));
#3244=DIRECTION('',(-2.22044604925031E-16,1.,0.));
#3245=DIRECTION('',(-1.,-2.22044604925031E-16,4.93038065763132E-32));
#3246=DIRECTION('',(-2.22044604925031E-16,1.,0.));
#3247=DIRECTION('',(-1.,-2.22044604925031E-16,4.93038065763132E-32));
#3248=DIRECTION('',(-2.22044604925031E-16,1.,0.));
#3249=DIRECTION('',(-1.,-2.22044604925031E-16,4.93038065763132E-32));
#3250=DIRECTION('',(-1.,1.22464679914735E-16,0.));
#3251=DIRECTION('',(-1.22464679914735E-16,-1.,4.93038065763132E-32));
#3252=DIRECTION('',(-1.,1.22464679914735E-16,0.));
#3253=DIRECTION('',(-1.22464679914735E-16,-1.,4.93038065763132E-32));
#3254=DIRECTION('',(-1.,1.22464679914735E-16,0.));
#3255=DIRECTION('',(-1.22464679914735E-16,-1.,4.93038065763132E-32));
#3256=DIRECTION('',(-1.,1.22464679914735E-16,0.));
#3257=DIRECTION('',(-1.22464679914735E-16,-1.,4.93038065763132E-32));
#3258=DIRECTION('',(-1.,1.22464679914735E-16,0.));
#3259=DIRECTION('',(-1.22464679914735E-16,-1.,4.93038065763132E-32));
#3260=DIRECTION('',(-1.,1.22464679914735E-16,0.));
#3261=DIRECTION('',(-1.22464679914735E-16,-1.,4.93038065763132E-32));
#3262=DIRECTION('',(-2.22044604925031E-16,-1.,0.));
#3263=DIRECTION('',(1.,-2.22044604925031E-16,4.93038065763132E-32));
#3264=DIRECTION('',(-2.22044604925031E-16,-1.,0.));
#3265=DIRECTION('',(1.,-2.22044604925031E-16,4.93038065763132E-32));
#3266=DIRECTION('',(-2.22044604925031E-16,-1.,0.));
#3267=DIRECTION('',(1.,-2.22044604925031E-16,4.93038065763132E-32));
#3268=DIRECTION('',(-2.22044604925031E-16,-1.,0.));
#3269=DIRECTION('',(1.,-2.22044604925031E-16,4.93038065763132E-32));
#3270=DIRECTION('',(-2.22044604925031E-16,-1.,0.));
#3271=DIRECTION('',(1.,-2.22044604925031E-16,4.93038065763132E-32));
#3272=DIRECTION('',(-2.22044604925031E-16,-1.,0.));
#3273=DIRECTION('',(1.,-2.22044604925031E-16,4.93038065763132E-32));
#3274=DIRECTION('',(1.,-4.93038065763132E-32,0.));
#3275=DIRECTION('',(4.93038065763132E-32,1.,4.93038065763132E-32));
#3276=DIRECTION('',(1.,-4.93038065763132E-32,0.));
#3277=DIRECTION('',(4.93038065763132E-32,1.,4.93038065763132E-32));
#3278=DIRECTION('',(1.,-4.93038065763132E-32,0.));
#3279=DIRECTION('',(4.93038065763132E-32,1.,4.93038065763132E-32));
#3280=DIRECTION('',(1.,-4.93038065763132E-32,0.));
#3281=DIRECTION('',(4.93038065763132E-32,1.,4.93038065763132E-32));
#3282=DIRECTION('',(1.,-4.93038065763132E-32,0.));
#3283=DIRECTION('',(4.93038065763132E-32,1.,4.93038065763132E-32));
#3284=DIRECTION('',(1.,-4.93038065763132E-32,0.));
#3285=DIRECTION('',(4.93038065763132E-32,1.,4.93038065763132E-32));
#3286=DIRECTION('',(-2.22044604925031E-16,1.,0.));
#3287=DIRECTION('',(-1.,-2.22044604925031E-16,4.93038065763132E-32));
#3288=DIRECTION('',(-2.22044604925031E-16,1.,0.));
#3289=DIRECTION('',(-1.,-2.22044604925031E-16,4.93038065763132E-32));
#3290=DIRECTION('',(-2.22044604925031E-16,1.,0.));
#3291=DIRECTION('',(-1.,-2.22044604925031E-16,4.93038065763132E-32));
#3292=DIRECTION('',(-2.22044604925031E-16,1.,0.));
#3293=DIRECTION('',(-1.,-2.22044604925031E-16,4.93038065763132E-32));
#3294=DIRECTION('',(-2.22044604925031E-16,1.,0.));
#3295=DIRECTION('',(-1.,-2.22044604925031E-16,4.93038065763132E-32));
#3296=DIRECTION('',(-2.22044604925031E-16,1.,0.));
#3297=DIRECTION('',(-1.,-2.22044604925031E-16,4.93038065763132E-32));
#3298=DIRECTION('',(-1.,1.22464679914735E-16,0.));
#3299=DIRECTION('',(-1.22464679914735E-16,-1.,4.93038065763132E-32));
#3300=DIRECTION('',(-1.,1.22464679914735E-16,0.));
#3301=DIRECTION('',(-1.22464679914735E-16,-1.,4.93038065763132E-32));
#3302=DIRECTION('',(-1.,1.22464679914735E-16,0.));
#3303=DIRECTION('',(-1.22464679914735E-16,-1.,4.93038065763132E-32));
#3304=DIRECTION('',(-1.,1.22464679914735E-16,0.));
#3305=DIRECTION('',(-1.22464679914735E-16,-1.,4.93038065763132E-32));
#3306=DIRECTION('',(-1.,1.22464679914735E-16,0.));
#3307=DIRECTION('',(-1.22464679914735E-16,-1.,4.93038065763132E-32));
#3308=DIRECTION('',(-1.,1.22464679914735E-16,0.));
#3309=DIRECTION('',(-1.22464679914735E-16,-1.,4.93038065763132E-32));
#3310=DIRECTION('',(-2.22044604925031E-16,-1.,0.));
#3311=DIRECTION('',(1.,-2.22044604925031E-16,4.93038065763132E-32));
#3312=DIRECTION('',(-2.22044604925031E-16,-1.,0.));
#3313=DIRECTION('',(1.,-2.22044604925031E-16,4.93038065763132E-32));
#3314=DIRECTION('',(-2.22044604925031E-16,-1.,0.));
#3315=DIRECTION('',(1.,-2.22044604925031E-16,4.93038065763132E-32));
#3316=DIRECTION('',(-2.22044604925031E-16,-1.,0.));
#3317=DIRECTION('',(1.,-2.22044604925031E-16,4.93038065763132E-32));
#3318=DIRECTION('',(-2.22044604925031E-16,-1.,0.));
#3319=DIRECTION('',(1.,-2.22044604925031E-16,4.93038065763132E-32));
#3320=DIRECTION('',(-2.22044604925031E-16,-1.,0.));
#3321=DIRECTION('',(1.,-2.22044604925031E-16,4.93038065763132E-32));
#3322=DIRECTION('',(2.77555756156289E-16,2.08166817117217E-17,1.));
#3323=DIRECTION('',(1.,-2.4307812707125E-16,-2.77555756156289E-16));
#3324=CARTESIAN_POINT('',(0.,0.,0.));
#3325=CARTESIAN_POINT('',(0.,0.,0.));
#3326=CARTESIAN_POINT('Origin',(0.,0.,1.4499));
#3327=CARTESIAN_POINT('',(-2.26769115569877,-2.51965701777508,1.4499));
#3328=CARTESIAN_POINT('Origin',(-2.56165114110587,-2.51965701777508,1.4499));
#3329=CARTESIAN_POINT('Origin',(-2.56165114110587,-2.51965701777508,-8.55512368739138));
#3330=CARTESIAN_POINT('',(-2.26769115569877,-2.51965701777508,1.45));
#3331=CARTESIAN_POINT('Origin',(-2.56165114110587,-2.51965701777508,1.45));
#3332=CARTESIAN_POINT('Origin',(-3.01660220734487,3.41268711453648,0.0931469163858599));
#3333=CARTESIAN_POINT('',(-2.97916752439434,3.5,0.624999999999983));
#3334=CARTESIAN_POINT('',(-3.02287178185903,3.45629574253531,1.73472347597681E-17));
#3335=CARTESIAN_POINT('',(-3.01660220734487,3.46256531704947,0.0896590926986536));
#3336=CARTESIAN_POINT('',(-3.05847101330943,3.44152898669058,0.));
#3337=CARTESIAN_POINT('Origin',(-3.0231156742501,3.40617364763125,0.));
#3338=CARTESIAN_POINT('',(-3.01464466094067,3.48535533905933,0.626743911843586));
#3339=CARTESIAN_POINT('',(-3.05195754640419,3.44804245359581,0.0931469163858599));
#3340=CARTESIAN_POINT('',(-2.97928932188135,3.5,0.625002121469453));
#3341=CARTESIAN_POINT('Origin',(-2.97928932188135,3.45,0.626746038474573));
#3342=CARTESIAN_POINT('',(1.75,3.5,0.624999999999998));
#3343=CARTESIAN_POINT('Origin',(3.41268711453648,3.01660220734487,0.0931469163858602));
#3344=CARTESIAN_POINT('',(3.5,2.97916752439434,0.624999999999998));
#3345=CARTESIAN_POINT('',(3.45629574253531,3.02287178185903,1.73472347597681E-17));
#3346=CARTESIAN_POINT('',(3.46256531704947,3.01660220734487,0.0896590926986539));
#3347=CARTESIAN_POINT('',(3.44152898669058,3.05847101330943,0.));
#3348=CARTESIAN_POINT('Origin',(3.40617364763125,3.0231156742501,0.));
#3349=CARTESIAN_POINT('',(3.48535533905933,3.01464466094067,0.626743911843601));
#3350=CARTESIAN_POINT('',(3.44804245359581,3.05195754640419,0.0931469163858602));
#3351=CARTESIAN_POINT('',(3.5,2.97928932188135,0.625002121469461));
#3352=CARTESIAN_POINT('Origin',(3.45,2.97928932188135,0.626746038474572));
#3353=CARTESIAN_POINT('',(3.5,-1.75,0.625000000000006));
#3354=CARTESIAN_POINT('Origin',(2.97928932188135,3.45,0.));
#3355=CARTESIAN_POINT('',(2.97928932188135,3.5,0.625000000000002));
#3356=CARTESIAN_POINT('',(2.97928932188135,3.5,0.824997878530529));
#3357=CARTESIAN_POINT('',(2.97928932188135,3.5,0.));
#3358=CARTESIAN_POINT('',(3.01464466094067,3.48535533905933,0.823256088156393));
#3359=CARTESIAN_POINT('Origin',(2.97928932188135,3.45,0.823253961525414));
#3360=CARTESIAN_POINT('',(3.01464421841651,3.48535578158349,0.626752366864967));
#3361=CARTESIAN_POINT('',(3.01464466094067,3.48535533905933,0.));
#3362=CARTESIAN_POINT('Origin',(2.97928932188135,3.45,0.626746038474588));
#3363=CARTESIAN_POINT('Origin',(-2.97928932188135,3.45,0.));
#3364=CARTESIAN_POINT('',(-3.01464421841651,3.48535578158349,0.823247633135047));
#3365=CARTESIAN_POINT('',(-3.01464466094067,3.48535533905933,0.));
#3366=CARTESIAN_POINT('',(-2.97928932188135,3.5,0.825000000000012));
#3367=CARTESIAN_POINT('Origin',(-2.97928932188135,3.45,0.82325396152543));
#3368=CARTESIAN_POINT('',(-2.97928932188135,3.5,0.));
#3369=CARTESIAN_POINT('Origin',(3.45,2.97928932188135,0.));
#3370=CARTESIAN_POINT('',(3.48535578158349,3.01464421841651,0.823247633135043));
#3371=CARTESIAN_POINT('',(3.48535533905933,3.01464466094067,0.));
#3372=CARTESIAN_POINT('',(3.5,2.97928932188135,0.825000000000008));
#3373=CARTESIAN_POINT('Origin',(3.45,2.97928932188135,0.823253961525421));
#3374=CARTESIAN_POINT('',(3.5,2.97928932188135,0.));
#3375=CARTESIAN_POINT('Origin',(3.01961933365292,3.40966998822842,1.4));
#3376=CARTESIAN_POINT('',(3.01961933365292,3.45954819074141,1.40348782368721));
#3377=CARTESIAN_POINT('',(3.05497467271225,3.44502532728775,1.4));
#3378=CARTESIAN_POINT('Origin',(3.01961933365292,3.40966998822842,1.4));
#3379=CARTESIAN_POINT('',(3.01961933365292,3.40966998822842,1.45));
#3380=CARTESIAN_POINT('Origin',(3.01961933365292,3.40966998822842,1.4));
#3381=CARTESIAN_POINT('Origin',(3.01961933365292,3.40966998822842,1.4));
#3382=CARTESIAN_POINT('Origin',(-3.41268711453648,-3.01660220734487,0.0931469163858602));
#3383=CARTESIAN_POINT('',(-3.5,-2.97916752439434,0.624999999999991));
#3384=CARTESIAN_POINT('',(-3.45629574253531,-3.02287178185903,1.73472347597681E-17));
#3385=CARTESIAN_POINT('',(-3.46256531704947,-3.01660220734487,0.089659092698654));
#3386=CARTESIAN_POINT('',(-3.44152898669057,-3.05847101330943,0.));
#3387=CARTESIAN_POINT('Origin',(-3.40617364763125,-3.0231156742501,0.));
#3388=CARTESIAN_POINT('',(-3.48535533905933,-3.01464466094067,0.626743911843594));
#3389=CARTESIAN_POINT('',(-3.44804245359581,-3.05195754640419,0.0931469163858602));
#3390=CARTESIAN_POINT('',(-3.5,-2.97928932188135,0.625002121469461));
#3391=CARTESIAN_POINT('Origin',(-3.45,-2.97928932188135,0.62674603847458));
#3392=CARTESIAN_POINT('',(-3.5,1.75,0.624999999999996));
#3393=CARTESIAN_POINT('Origin',(-3.45,2.97928932188134,0.));
#3394=CARTESIAN_POINT('',(-3.5,2.97928932188134,0.624999999999998));
#3395=CARTESIAN_POINT('',(-3.5,2.97928932188134,0.824997878530537));
#3396=CARTESIAN_POINT('',(-3.5,2.97928932188134,0.));
#3397=CARTESIAN_POINT('',(-3.48535533905933,3.01464466094067,0.823256088156397));
#3398=CARTESIAN_POINT('Origin',(-3.45,2.97928932188134,0.823253961525405));
#3399=CARTESIAN_POINT('',(-3.48535578158349,3.01464421841651,0.626752366864962));
#3400=CARTESIAN_POINT('',(-3.48535533905933,3.01464466094067,0.));
#3401=CARTESIAN_POINT('Origin',(-3.45,2.97928932188134,0.626746038474596));
#3402=CARTESIAN_POINT('Origin',(-3.01961933365292,3.40966998822842,1.4));
#3403=CARTESIAN_POINT('',(-3.01961933365292,3.45954819074141,1.40348782368721));
#3404=CARTESIAN_POINT('',(-3.01961933365292,3.40966998822842,1.45));
#3405=CARTESIAN_POINT('Origin',(-3.01961933365292,3.40966998822842,1.4));
#3406=CARTESIAN_POINT('',(-3.05497467271225,3.44502532728775,1.4));
#3407=CARTESIAN_POINT('Origin',(-3.01961933365292,3.40966998822842,1.4));
#3408=CARTESIAN_POINT('Origin',(-3.01961933365292,3.40966998822842,1.4));
#3409=CARTESIAN_POINT('Origin',(-2.96639625866749,3.46289306321386,0.638874567477357));
#3410=CARTESIAN_POINT('',(-3.00175159772682,3.49824840227319,0.638874567477357));
#3411=CARTESIAN_POINT('',(-2.97916752439434,3.5,0.825000000000012));
#3412=CARTESIAN_POINT('',(-2.96639625866749,3.51277126572685,0.642362391164563));
#3413=CARTESIAN_POINT('',(1.75,3.5,0.824999999999999));
#3414=CARTESIAN_POINT('Origin',(3.40966998822842,3.01961933365292,1.4));
#3415=CARTESIAN_POINT('',(3.45954819074141,3.01961933365292,1.40348782368721));
#3416=CARTESIAN_POINT('',(3.40966998822842,3.01961933365292,1.45));
#3417=CARTESIAN_POINT('Origin',(3.40966998822842,3.01961933365292,1.4));
#3418=CARTESIAN_POINT('',(3.44502532728775,3.05497467271225,1.4));
#3419=CARTESIAN_POINT('Origin',(3.40966998822842,3.01961933365292,1.4));
#3420=CARTESIAN_POINT('Origin',(3.40966998822842,3.01961933365292,1.4));
#3421=CARTESIAN_POINT('Origin',(3.46289306321386,2.96639625866749,0.638874567477357));
#3422=CARTESIAN_POINT('',(3.49824840227318,3.00175159772682,0.638874567477357));
#3423=CARTESIAN_POINT('',(3.5,2.97916752439434,0.825000000000008));
#3424=CARTESIAN_POINT('',(3.51277126572685,2.96639625866749,0.642362391164563));
#3425=CARTESIAN_POINT('',(3.5,-1.75,0.824999999999999));
#3426=CARTESIAN_POINT('Origin',(3.21464466094067,3.21464466094067,1.4));
#3427=CARTESIAN_POINT('',(3.25,3.25,1.4));
#3428=CARTESIAN_POINT('',(3.21464466094067,3.21464466094067,1.45));
#3429=CARTESIAN_POINT('Origin',(-3.45,-2.97928932188135,0.));
#3430=CARTESIAN_POINT('',(-3.48535578158349,-3.01464421841651,0.823247633135042));
#3431=CARTESIAN_POINT('',(-3.48535533905933,-3.01464466094067,0.));
#3432=CARTESIAN_POINT('',(-3.5,-2.97928932188135,0.825000000000007));
#3433=CARTESIAN_POINT('Origin',(-3.45,-2.97928932188135,0.823253961525421));
#3434=CARTESIAN_POINT('',(-3.5,-2.97928932188135,0.));
#3435=CARTESIAN_POINT('Origin',(-3.40966998822842,3.01961933365292,1.4));
#3436=CARTESIAN_POINT('',(-3.45954819074141,3.01961933365292,1.40348782368721));
#3437=CARTESIAN_POINT('',(-3.44502532728775,3.05497467271225,1.4));
#3438=CARTESIAN_POINT('Origin',(-3.40966998822842,3.01961933365292,1.4));
#3439=CARTESIAN_POINT('',(-3.40966998822842,3.01961933365292,1.45));
#3440=CARTESIAN_POINT('Origin',(-3.40966998822842,3.01961933365292,1.4));
#3441=CARTESIAN_POINT('Origin',(-3.40966998822842,3.01961933365292,1.4));
#3442=CARTESIAN_POINT('Origin',(2.97928932188135,-3.45,0.));
#3443=CARTESIAN_POINT('',(3.01464466094067,-3.48535533905933,0.626743911843601));
#3444=CARTESIAN_POINT('',(3.01464421841651,-3.48535578158349,0.823247633135046));
#3445=CARTESIAN_POINT('',(3.01464466094067,-3.48535533905933,0.));
#3446=CARTESIAN_POINT('',(2.97928932188135,-3.5,0.825000000000011));
#3447=CARTESIAN_POINT('Origin',(2.97928932188135,-3.45,0.823253961525421));
#3448=CARTESIAN_POINT('',(2.97928932188135,-3.5,0.625002121469469));
#3449=CARTESIAN_POINT('',(2.97928932188135,-3.5,0.));
#3450=CARTESIAN_POINT('Origin',(2.97928932188135,-3.45,0.626746038474588));
#3451=CARTESIAN_POINT('Origin',(3.40966998822842,-3.01961933365292,1.4));
#3452=CARTESIAN_POINT('',(3.45954819074141,-3.01961933365292,1.40348782368721));
#3453=CARTESIAN_POINT('',(3.44502532728775,-3.05497467271225,1.4));
#3454=CARTESIAN_POINT('Origin',(3.40966998822842,-3.01961933365292,1.4));
#3455=CARTESIAN_POINT('',(3.40966998822842,-3.01961933365292,1.45));
#3456=CARTESIAN_POINT('Origin',(3.40966998822842,-3.01961933365292,1.4));
#3457=CARTESIAN_POINT('Origin',(3.40966998822842,-3.01961933365292,1.4));
#3458=CARTESIAN_POINT('Origin',(3.40966998822842,-4.17564143723273E-16,
1.4));
#3459=CARTESIAN_POINT('',(3.40966998822842,-4.17564143723273E-16,1.45));
#3460=CARTESIAN_POINT('',(3.45954819074141,-4.23672461828749E-16,1.40348782368721));
#3461=CARTESIAN_POINT('Origin',(-3.40966998822842,-3.01961933365292,1.4));
#3462=CARTESIAN_POINT('',(-3.45954819074141,-3.01961933365292,1.40348782368721));
#3463=CARTESIAN_POINT('',(-3.40966998822842,-3.01961933365292,1.45));
#3464=CARTESIAN_POINT('Origin',(-3.40966998822842,-3.01961933365292,1.4));
#3465=CARTESIAN_POINT('',(-3.44502532728775,-3.05497467271225,1.4));
#3466=CARTESIAN_POINT('Origin',(-3.40966998822842,-3.01961933365292,1.4));
#3467=CARTESIAN_POINT('Origin',(-3.40966998822842,-3.01961933365292,1.4));
#3468=CARTESIAN_POINT('Origin',(-3.46289306321386,-2.96639625866749,0.638874567477357));
#3469=CARTESIAN_POINT('',(-3.49824840227318,-3.00175159772682,0.638874567477357));
#3470=CARTESIAN_POINT('',(-3.5,-2.97916752439434,0.825000000000007));
#3471=CARTESIAN_POINT('',(-3.51277126572685,-2.96639625866749,0.642362391164563));
#3472=CARTESIAN_POINT('',(-3.5,1.75,0.825000000000001));
#3473=CARTESIAN_POINT('Origin',(-2.97928932188135,-3.45,0.));
#3474=CARTESIAN_POINT('',(-2.97928932188135,-3.5,0.624999999999986));
#3475=CARTESIAN_POINT('',(-2.97928932188134,-3.5,0.824997878530533));
#3476=CARTESIAN_POINT('',(-2.97928932188135,-3.5,0.));
#3477=CARTESIAN_POINT('',(-3.01464466094067,-3.48535533905933,0.823256088156396));
#3478=CARTESIAN_POINT('Origin',(-2.97928932188135,-3.45,0.823253961525414));
#3479=CARTESIAN_POINT('',(-3.01464421841651,-3.48535578158349,0.626752366864951));
#3480=CARTESIAN_POINT('',(-3.01464466094067,-3.48535533905933,0.));
#3481=CARTESIAN_POINT('Origin',(-2.97928932188135,-3.45,0.626746038474581));
#3482=CARTESIAN_POINT('Origin',(3.01961933365292,-3.40966998822842,1.4));
#3483=CARTESIAN_POINT('',(3.01961933365292,-3.45954819074141,1.40348782368721));
#3484=CARTESIAN_POINT('',(3.01961933365292,-3.40966998822842,1.45));
#3485=CARTESIAN_POINT('Origin',(3.01961933365292,-3.40966998822842,1.4));
#3486=CARTESIAN_POINT('',(3.05497467271225,-3.44502532728775,1.4));
#3487=CARTESIAN_POINT('Origin',(3.01961933365292,-3.40966998822842,1.4));
#3488=CARTESIAN_POINT('Origin',(3.01961933365292,-3.40966998822842,1.4));
#3489=CARTESIAN_POINT('Origin',(2.96639625866749,-3.46289306321386,0.638874567477357));
#3490=CARTESIAN_POINT('',(3.00175159772682,-3.49824840227318,0.638874567477357));
#3491=CARTESIAN_POINT('',(2.97916752439434,-3.5,0.825000000000011));
#3492=CARTESIAN_POINT('',(2.96639625866749,-3.51277126572685,0.642362391164563));
#3493=CARTESIAN_POINT('',(-1.75,-3.5,0.825000000000001));
#3494=CARTESIAN_POINT('Origin',(3.21464466094067,-3.21464466094067,1.4));
#3495=CARTESIAN_POINT('',(3.25,-3.25,1.4));
#3496=CARTESIAN_POINT('',(3.21464466094067,-3.21464466094067,1.45));
#3497=CARTESIAN_POINT('Origin',(-3.01961933365292,-3.40966998822842,1.4));
#3498=CARTESIAN_POINT('',(-3.01961933365292,-3.45954819074141,1.40348782368721));
#3499=CARTESIAN_POINT('',(-3.05497467271225,-3.44502532728775,1.4));
#3500=CARTESIAN_POINT('Origin',(-3.01961933365292,-3.40966998822842,1.4));
#3501=CARTESIAN_POINT('',(-3.01961933365292,-3.40966998822842,1.45));
#3502=CARTESIAN_POINT('Origin',(-3.01961933365292,-3.40966998822842,1.4));
#3503=CARTESIAN_POINT('Origin',(-3.01961933365292,-3.40966998822842,1.4));
#3504=CARTESIAN_POINT('Origin',(-2.08782071861637E-16,-3.40966998822842,
1.4));
#3505=CARTESIAN_POINT('',(-2.08782071861637E-16,-3.40966998822842,1.45));
#3506=CARTESIAN_POINT('',(-2.11836230914375E-16,-3.45954819074141,1.40348782368721));
#3507=CARTESIAN_POINT('Origin',(-3.21464466094067,-3.21464466094067,1.4));
#3508=CARTESIAN_POINT('',(-3.25,-3.25,1.4));
#3509=CARTESIAN_POINT('',(-3.21464466094067,-3.21464466094067,1.45));
#3510=CARTESIAN_POINT('Origin',(-2.96639625866749,-3.46289306321386,0.638874567477357));
#3511=CARTESIAN_POINT('',(-2.97916752439434,-3.5,0.824999999999999));
#3512=CARTESIAN_POINT('',(-2.96639625866749,-3.51277126572685,0.642362391164563));
#3513=CARTESIAN_POINT('',(-3.00175159772682,-3.49824840227318,0.638874567477357));
#3514=CARTESIAN_POINT('',(-1.75,-3.5,0.825000000000001));
#3515=CARTESIAN_POINT('Origin',(-3.40966998822842,0.,1.4));
#3516=CARTESIAN_POINT('',(-3.40966998822842,0.,1.45));
#3517=CARTESIAN_POINT('',(-3.45954819074141,0.,1.40348782368721));
#3518=CARTESIAN_POINT('Origin',(3.46289306321386,-2.96639625866749,0.638874567477357));
#3519=CARTESIAN_POINT('',(3.5,-2.97916752439434,0.824999999999997));
#3520=CARTESIAN_POINT('',(3.51277126572685,-2.96639625866749,0.642362391164563));
#3521=CARTESIAN_POINT('',(3.48535533905933,-3.01464466094067,0.823256088156394));
#3522=CARTESIAN_POINT('',(3.49824840227318,-3.00175159772682,0.638874567477357));
#3523=CARTESIAN_POINT('',(3.5,-2.97928932188135,0.824997878530521));
#3524=CARTESIAN_POINT('Origin',(3.45,-2.97928932188135,0.823253961525398));
#3525=CARTESIAN_POINT('',(3.5,-1.75,0.824999999999999));
#3526=CARTESIAN_POINT('Origin',(-3.01660220734487,-3.41268711453648,0.0931469163858599));
#3527=CARTESIAN_POINT('',(-3.05847101330943,-3.44152898669058,0.));
#3528=CARTESIAN_POINT('',(-3.05195754640419,-3.44804245359581,0.0931469163858599));
#3529=CARTESIAN_POINT('',(-3.02287178185903,-3.45629574253531,1.73472347597681E-17));
#3530=CARTESIAN_POINT('Origin',(-3.0231156742501,-3.40617364763125,0.));
#3531=CARTESIAN_POINT('',(-2.97916752439434,-3.5,0.624999999999986));
#3532=CARTESIAN_POINT('',(-3.01660220734487,-3.46256531704947,0.0896590926986537));
#3533=CARTESIAN_POINT('',(-1.75,-3.5,0.624999999999988));
#3534=CARTESIAN_POINT('Origin',(-3.21464466094067,3.21464466094067,1.4));
#3535=CARTESIAN_POINT('',(-3.25,3.25,1.4));
#3536=CARTESIAN_POINT('',(-3.21464466094067,3.21464466094067,1.45));
#3537=CARTESIAN_POINT('Origin',(-3.46289306321386,2.96639625866749,0.638874567477357));
#3538=CARTESIAN_POINT('',(-3.5,2.97916752439434,0.825));
#3539=CARTESIAN_POINT('',(-3.51277126572685,2.96639625866749,0.642362391164563));
#3540=CARTESIAN_POINT('',(-3.49824840227318,3.00175159772682,0.638874567477357));
#3541=CARTESIAN_POINT('',(-3.5,1.75,0.825000000000001));
#3542=CARTESIAN_POINT('Origin',(3.45,-2.97928932188135,0.));
#3543=CARTESIAN_POINT('',(3.5,-2.97928932188135,0.625000000000009));
#3544=CARTESIAN_POINT('',(3.5,-2.97928932188135,0.));
#3545=CARTESIAN_POINT('',(3.48535578158349,-3.01464421841651,0.626752366864973));
#3546=CARTESIAN_POINT('',(3.48535533905933,-3.01464466094067,0.));
#3547=CARTESIAN_POINT('Origin',(3.45,-2.97928932188135,0.626746038474597));
#3548=CARTESIAN_POINT('Origin',(3.01660220734487,-3.41268711453648,0.0931469163858603));
#3549=CARTESIAN_POINT('',(2.97916752439434,-3.5,0.624999999999998));
#3550=CARTESIAN_POINT('',(3.02287178185903,-3.45629574253531,1.73472347597681E-17));
#3551=CARTESIAN_POINT('',(3.01660220734487,-3.46256531704947,0.089659092698654));
#3552=CARTESIAN_POINT('',(3.05847101330943,-3.44152898669057,0.));
#3553=CARTESIAN_POINT('Origin',(3.0231156742501,-3.40617364763125,0.));
#3554=CARTESIAN_POINT('',(3.05195754640419,-3.44804245359581,0.0931469163858603));
#3555=CARTESIAN_POINT('',(-1.75,-3.5,0.624999999999988));
#3556=CARTESIAN_POINT('Origin',(6.2634621558491E-16,3.40966998822842,1.4));
#3557=CARTESIAN_POINT('',(6.2634621558491E-16,3.40966998822842,1.45));
#3558=CARTESIAN_POINT('',(6.35508692743124E-16,3.45954819074141,1.40348782368721));
#3559=CARTESIAN_POINT('Origin',(2.96639625866749,3.46289306321386,0.638874567477357));
#3560=CARTESIAN_POINT('',(2.97916752439434,3.5,0.824999999999996));
#3561=CARTESIAN_POINT('',(2.96639625866749,3.51277126572685,0.642362391164563));
#3562=CARTESIAN_POINT('',(3.00175159772682,3.49824840227318,0.638874567477357));
#3563=CARTESIAN_POINT('',(1.75,3.5,0.824999999999999));
#3564=CARTESIAN_POINT('Origin',(3.41268711453648,-3.01660220734487,0.0931469163858601));
#3565=CARTESIAN_POINT('',(3.44152898669057,-3.05847101330943,0.));
#3566=CARTESIAN_POINT('',(3.44804245359581,-3.05195754640419,0.0931469163858601));
#3567=CARTESIAN_POINT('',(3.45629574253531,-3.02287178185903,1.73472347597681E-17));
#3568=CARTESIAN_POINT('Origin',(3.40617364763125,-3.0231156742501,0.));
#3569=CARTESIAN_POINT('',(3.5,-2.97916752439434,0.625000000000009));
#3570=CARTESIAN_POINT('',(3.46256531704947,-3.01660220734487,0.0896590926986538));
#3571=CARTESIAN_POINT('',(3.5,-1.75,0.625000000000006));
#3572=CARTESIAN_POINT('Origin',(-3.41268711453648,3.01660220734487,0.0931469163858602));
#3573=CARTESIAN_POINT('',(-3.44152898669058,3.05847101330943,0.));
#3574=CARTESIAN_POINT('',(-3.44804245359581,3.05195754640419,0.0931469163858602));
#3575=CARTESIAN_POINT('',(-3.45629574253531,3.02287178185903,1.73472347597681E-17));
#3576=CARTESIAN_POINT('Origin',(-3.40617364763125,3.0231156742501,0.));
#3577=CARTESIAN_POINT('',(-3.5,2.97916752439434,0.624999999999998));
#3578=CARTESIAN_POINT('',(-3.46256531704947,3.01660220734487,0.089659092698654));
#3579=CARTESIAN_POINT('',(-3.5,1.75,0.624999999999996));
#3580=CARTESIAN_POINT('Origin',(3.01660220734487,3.41268711453648,0.0931469163858601));
#3581=CARTESIAN_POINT('',(3.05847101330943,3.44152898669057,0.));
#3582=CARTESIAN_POINT('',(3.05195754640419,3.44804245359581,0.0931469163858601));
#3583=CARTESIAN_POINT('',(3.02287178185903,3.45629574253531,1.73472347597681E-17));
#3584=CARTESIAN_POINT('Origin',(3.0231156742501,3.40617364763125,0.));
#3585=CARTESIAN_POINT('',(2.97916752439434,3.5,0.625000000000002));
#3586=CARTESIAN_POINT('',(3.01660220734487,3.46256531704947,0.0896590926986538));
#3587=CARTESIAN_POINT('',(1.75,3.5,0.624999999999998));
#3588=CARTESIAN_POINT('Origin',(-3.25,-3.25,0.));
#3589=CARTESIAN_POINT('',(-3.25,-3.25,0.));
#3590=CARTESIAN_POINT('Origin',(-3.45629574253531,0.,1.45));
#3591=CARTESIAN_POINT('',(-3.5,1.75,0.825000000000001));
#3592=CARTESIAN_POINT('Origin',(-3.5,3.5,0.));
#3593=CARTESIAN_POINT('',(-3.5,1.75,0.624999999999996));
#3594=CARTESIAN_POINT('Origin',(-3.45629574253531,0.,-2.77555756156289E-16));
#3595=CARTESIAN_POINT('',(-3.45629574253531,7.43452918275775E-17,1.73472347597681E-17));
#3596=CARTESIAN_POINT('Origin',(-3.25,3.25,0.));
#3597=CARTESIAN_POINT('',(-3.25,3.25,0.));
#3598=CARTESIAN_POINT('Origin',(6.34911227700373E-16,3.45629574253531,1.45));
#3599=CARTESIAN_POINT('',(1.75,3.5,0.824999999999999));
#3600=CARTESIAN_POINT('Origin',(3.5,3.5,0.));
#3601=CARTESIAN_POINT('',(1.75,3.5,0.624999999999998));
#3602=CARTESIAN_POINT('Origin',(7.6745182265532E-16,3.45629574253531,-2.77555756156289E-16));
#3603=CARTESIAN_POINT('',(8.41797114482897E-16,3.45629574253531,1.73472347597681E-17));
#3604=CARTESIAN_POINT('Origin',(0.,0.,1.45));
#3605=CARTESIAN_POINT('Origin',(3.25,-3.25,0.));
#3606=CARTESIAN_POINT('',(3.25,-3.25,0.));
#3607=CARTESIAN_POINT('Origin',(3.45629574253531,-4.23274151800249E-16,
-2.77555756156289E-16));
#3608=CARTESIAN_POINT('',(3.45629574253531,-3.48928859972671E-16,1.73472347597681E-17));
#3609=CARTESIAN_POINT('',(3.5,-1.75,0.625000000000006));
#3610=CARTESIAN_POINT('Origin',(1.48690583655155E-16,1.48690583655155E-16,
0.));
#3611=CARTESIAN_POINT('',(3.25,3.25,0.));
#3612=CARTESIAN_POINT('',(8.41797114482897E-16,-3.45629574253531,1.73472347597681E-17));
#3613=CARTESIAN_POINT('Origin',(7.6745182265532E-16,-3.45629574253531,-2.77555756156289E-16));
#3614=CARTESIAN_POINT('',(-1.75,-3.5,0.624999999999988));
#3615=CARTESIAN_POINT('Origin',(-3.5,-3.5,0.));
#3616=CARTESIAN_POINT('',(-1.75,-3.5,0.825000000000001));
#3617=CARTESIAN_POINT('Origin',(3.25,3.25,0.));
#3618=CARTESIAN_POINT('Origin',(3.5,-3.5,0.));
#3619=CARTESIAN_POINT('',(3.5,-1.75,0.824999999999999));
#3620=CARTESIAN_POINT('Origin',(-2.11637075900124E-16,-3.45629574253531,
1.45));
#3621=CARTESIAN_POINT('Origin',(3.45629574253531,-4.23274151800249E-16,
1.45));
#3622=CARTESIAN_POINT('',(0.,0.,0.));
#3623=CARTESIAN_POINT('Origin',(-0.322889205389766,-0.29452871088023,0.));
#3624=CARTESIAN_POINT('',(-0.322889205389766,-0.29452871088023,0.));
#3625=CARTESIAN_POINT('',(-0.5,-0.303220331218166,0.));
#3626=CARTESIAN_POINT('',(-0.322889205389766,-0.29452871088023,0.));
#3627=CARTESIAN_POINT('',(-0.322889205389766,-0.29452871088023,-0.22));
#3628=CARTESIAN_POINT('',(-0.322889205389766,-0.29452871088023,0.));
#3629=CARTESIAN_POINT('',(-0.5,-0.303220331218166,-0.22));
#3630=CARTESIAN_POINT('',(-0.322889205389766,-0.29452871088023,-0.22));
#3631=CARTESIAN_POINT('',(-0.5,-0.303220331218166,0.));
#3632=CARTESIAN_POINT('Origin',(-0.331657316704834,-0.115859245134616,0.));
#3633=CARTESIAN_POINT('',(-0.157900327993515,-0.158381787859986,0.));
#3634=CARTESIAN_POINT('Origin',(-0.331657316704834,-0.115859245134616,0.));
#3635=CARTESIAN_POINT('',(-0.157900327993515,-0.158381787859986,-0.22));
#3636=CARTESIAN_POINT('',(-0.157900327993515,-0.158381787859986,0.));
#3637=CARTESIAN_POINT('Origin',(-0.331657316704834,-0.115859245134616,-0.22));
#3638=CARTESIAN_POINT('Origin',(-0.0869963667852183,0.131348270542835,0.));
#3639=CARTESIAN_POINT('',(-0.0869963667852183,0.131348270542835,0.));
#3640=CARTESIAN_POINT('',(-0.0869963667852183,0.131348270542835,0.));
#3641=CARTESIAN_POINT('',(-0.0869963667852183,0.131348270542835,-0.22));
#3642=CARTESIAN_POINT('',(-0.0869963667852183,0.131348270542835,0.));
#3643=CARTESIAN_POINT('',(-0.0869963667852183,0.131348270542835,-0.22));
#3644=CARTESIAN_POINT('Origin',(0.346486130495908,0.0252646065242277,0.));
#3645=CARTESIAN_POINT('',(0.346486130495907,0.471538983136525,0.));
#3646=CARTESIAN_POINT('Origin',(0.346486130495908,0.0252646065242277,0.));
#3647=CARTESIAN_POINT('',(0.346486130495907,0.471538983136525,-0.22));
#3648=CARTESIAN_POINT('',(0.346486130495907,0.471538983136525,0.));
#3649=CARTESIAN_POINT('Origin',(0.346486130495908,0.0252646065242277,-0.22));
#3650=CARTESIAN_POINT('Origin',(0.346486130495908,0.0252646065242277,0.));
#3651=CARTESIAN_POINT('',(0.107270891206032,0.0838063682611507,0.));
#3652=CARTESIAN_POINT('',(0.346486130495908,0.271538983136524,0.));
#3653=CARTESIAN_POINT('Origin',(0.346486130495908,0.0252646065242277,0.));
#3654=CARTESIAN_POINT('',(0.107270891206032,0.0838063682611507,-0.22));
#3655=CARTESIAN_POINT('',(0.107270891206032,0.0838063682611507,0.));
#3656=CARTESIAN_POINT('',(0.346486130495908,0.271538983136524,-0.22));
#3657=CARTESIAN_POINT('Origin',(0.346486130495908,0.0252646065242277,-0.22));
#3658=CARTESIAN_POINT('',(0.346486130495908,0.271538983136524,0.));
#3659=CARTESIAN_POINT('Origin',(0.036366929997735,-0.205923690141671,0.));
#3660=CARTESIAN_POINT('',(0.036366929997735,-0.205923690141671,0.));
#3661=CARTESIAN_POINT('',(0.036366929997735,-0.205923690141671,0.));
#3662=CARTESIAN_POINT('',(0.036366929997735,-0.205923690141671,-0.22));
#3663=CARTESIAN_POINT('',(0.036366929997735,-0.205923690141671,0.));
#3664=CARTESIAN_POINT('',(0.036366929997735,-0.205923690141671,-0.22));
#3665=CARTESIAN_POINT('Origin',(-0.331657316704834,-0.115859245134616,0.));
#3666=CARTESIAN_POINT('',(-0.313086106501063,-0.494288314534669,0.));
#3667=CARTESIAN_POINT('Origin',(-0.331657316704834,-0.115859245134616,0.));
#3668=CARTESIAN_POINT('',(-0.313086106501063,-0.494288314534669,-0.22));
#3669=CARTESIAN_POINT('',(-0.313086106501063,-0.494288314534669,0.));
#3670=CARTESIAN_POINT('Origin',(-0.331657316704834,-0.115859245134616,-0.22));
#3671=CARTESIAN_POINT('Origin',(-0.5,-0.503461016863476,0.));
#3672=CARTESIAN_POINT('',(-0.5,-0.503461016863476,0.));
#3673=CARTESIAN_POINT('',(-0.5,-0.503461016863476,0.));
#3674=CARTESIAN_POINT('',(-0.5,-0.503461016863476,-0.22));
#3675=CARTESIAN_POINT('',(-0.5,-0.503461016863476,0.));
#3676=CARTESIAN_POINT('',(-0.5,-0.503461016863476,-0.22));
#3677=CARTESIAN_POINT('Origin',(-0.5,-0.303220331218166,0.));
#3678=CARTESIAN_POINT('',(-0.5,0.471538983136524,0.));
#3679=CARTESIAN_POINT('',(-0.5,0.471538983136524,-0.22));
#3680=CARTESIAN_POINT('Origin',(0.5,0.271538983136525,0.));
#3681=CARTESIAN_POINT('',(0.5,0.271538983136525,0.));
#3682=CARTESIAN_POINT('',(0.5,0.471538983136524,0.));
#3683=CARTESIAN_POINT('',(0.5,0.271538983136525,0.));
#3684=CARTESIAN_POINT('',(0.5,0.271538983136525,-0.22));
#3685=CARTESIAN_POINT('',(0.5,0.271538983136525,0.));
#3686=CARTESIAN_POINT('',(0.5,0.471538983136524,-0.22));
#3687=CARTESIAN_POINT('',(0.5,0.271538983136525,-0.22));
#3688=CARTESIAN_POINT('',(0.5,0.471538983136524,0.));
#3689=CARTESIAN_POINT('Origin',(0.346486130495908,0.271538983136524,0.));
#3690=CARTESIAN_POINT('',(0.346486130495908,0.271538983136524,0.));
#3691=CARTESIAN_POINT('',(0.346486130495908,0.271538983136524,-0.22));
#3692=CARTESIAN_POINT('Origin',(0.5,0.471538983136524,0.));
#3693=CARTESIAN_POINT('',(0.5,0.471538983136524,0.));
#3694=CARTESIAN_POINT('',(0.5,0.471538983136524,-0.22));
#3695=CARTESIAN_POINT('Origin',(0.423243065247954,0.371538983136525,-0.22));
#3696=CARTESIAN_POINT('Origin',(0.423243065247954,0.371538983136525,0.));
#3697=CARTESIAN_POINT('',(0.,0.,0.));
#3698=CARTESIAN_POINT('Origin',(-0.322889205389766,-0.29452871088023,0.));
#3699=CARTESIAN_POINT('',(-0.322889205389766,-0.29452871088023,0.));
#3700=CARTESIAN_POINT('',(-0.5,-0.303220331218166,0.));
#3701=CARTESIAN_POINT('',(-0.322889205389766,-0.29452871088023,0.));
#3702=CARTESIAN_POINT('',(-0.5,-0.303220331218166,0.22));
#3703=CARTESIAN_POINT('',(-0.5,-0.303220331218166,0.));
#3704=CARTESIAN_POINT('',(-0.322889205389766,-0.29452871088023,0.22));
#3705=CARTESIAN_POINT('',(-0.322889205389766,-0.29452871088023,0.22));
#3706=CARTESIAN_POINT('',(-0.322889205389766,-0.29452871088023,0.));
#3707=CARTESIAN_POINT('Origin',(-0.331657316704834,-0.115859245134616,0.));
#3708=CARTESIAN_POINT('',(-0.157900327993515,-0.158381787859986,0.));
#3709=CARTESIAN_POINT('Origin',(-0.331657316704834,-0.115859245134616,0.));
#3710=CARTESIAN_POINT('',(-0.157900327993515,-0.158381787859986,0.22));
#3711=CARTESIAN_POINT('Origin',(-0.331657316704834,-0.115859245134616,0.22));
#3712=CARTESIAN_POINT('',(-0.157900327993515,-0.158381787859986,0.));
#3713=CARTESIAN_POINT('Origin',(-0.0869963667852183,0.131348270542835,0.));
#3714=CARTESIAN_POINT('',(-0.0869963667852183,0.131348270542835,0.));
#3715=CARTESIAN_POINT('',(-0.0869963667852183,0.131348270542835,0.));
#3716=CARTESIAN_POINT('',(-0.0869963667852183,0.131348270542835,0.22));
#3717=CARTESIAN_POINT('',(-0.0869963667852183,0.131348270542835,0.22));
#3718=CARTESIAN_POINT('',(-0.0869963667852183,0.131348270542835,0.));
#3719=CARTESIAN_POINT('Origin',(0.346486130495908,0.0252646065242277,0.));
#3720=CARTESIAN_POINT('',(0.346486130495907,0.471538983136525,0.));
#3721=CARTESIAN_POINT('Origin',(0.346486130495908,0.0252646065242277,0.));
#3722=CARTESIAN_POINT('',(0.346486130495907,0.471538983136525,0.22));
#3723=CARTESIAN_POINT('Origin',(0.346486130495908,0.0252646065242277,0.22));
#3724=CARTESIAN_POINT('',(0.346486130495907,0.471538983136525,0.));
#3725=CARTESIAN_POINT('Origin',(0.346486130495908,0.0252646065242277,0.));
#3726=CARTESIAN_POINT('',(0.107270891206032,0.0838063682611507,0.));
#3727=CARTESIAN_POINT('',(0.346486130495908,0.271538983136524,0.));
#3728=CARTESIAN_POINT('Origin',(0.346486130495908,0.0252646065242277,0.));
#3729=CARTESIAN_POINT('',(0.346486130495908,0.271538983136524,0.22));
#3730=CARTESIAN_POINT('',(0.346486130495908,0.271538983136524,0.));
#3731=CARTESIAN_POINT('',(0.107270891206032,0.0838063682611507,0.22));
#3732=CARTESIAN_POINT('Origin',(0.346486130495908,0.0252646065242277,0.22));
#3733=CARTESIAN_POINT('',(0.107270891206032,0.0838063682611507,0.));
#3734=CARTESIAN_POINT('Origin',(0.036366929997735,-0.205923690141671,0.));
#3735=CARTESIAN_POINT('',(0.036366929997735,-0.205923690141671,0.));
#3736=CARTESIAN_POINT('',(0.036366929997735,-0.205923690141671,0.));
#3737=CARTESIAN_POINT('',(0.036366929997735,-0.205923690141671,0.22));
#3738=CARTESIAN_POINT('',(0.036366929997735,-0.205923690141671,0.22));
#3739=CARTESIAN_POINT('',(0.036366929997735,-0.205923690141671,0.));
#3740=CARTESIAN_POINT('Origin',(-0.331657316704834,-0.115859245134616,0.));
#3741=CARTESIAN_POINT('',(-0.313086106501063,-0.494288314534669,0.));
#3742=CARTESIAN_POINT('Origin',(-0.331657316704834,-0.115859245134616,0.));
#3743=CARTESIAN_POINT('',(-0.313086106501063,-0.494288314534669,0.22));
#3744=CARTESIAN_POINT('Origin',(-0.331657316704834,-0.115859245134616,0.22));
#3745=CARTESIAN_POINT('',(-0.313086106501063,-0.494288314534669,0.));
#3746=CARTESIAN_POINT('Origin',(-0.5,-0.503461016863476,0.));
#3747=CARTESIAN_POINT('',(-0.5,-0.503461016863476,0.));
#3748=CARTESIAN_POINT('',(-0.5,-0.503461016863476,0.));
#3749=CARTESIAN_POINT('',(-0.5,-0.503461016863476,0.22));
#3750=CARTESIAN_POINT('',(-0.5,-0.503461016863476,0.22));
#3751=CARTESIAN_POINT('',(-0.5,-0.503461016863476,0.));
#3752=CARTESIAN_POINT('Origin',(-0.5,-0.303220331218166,0.));
#3753=CARTESIAN_POINT('',(-0.5,0.471538983136524,0.));
#3754=CARTESIAN_POINT('',(-0.5,0.471538983136524,0.22));
#3755=CARTESIAN_POINT('Origin',(0.5,0.271538983136525,0.));
#3756=CARTESIAN_POINT('',(0.5,0.271538983136525,0.));
#3757=CARTESIAN_POINT('',(0.5,0.471538983136524,0.));
#3758=CARTESIAN_POINT('',(0.5,0.271538983136525,0.));
#3759=CARTESIAN_POINT('',(0.5,0.471538983136524,0.22));
#3760=CARTESIAN_POINT('',(0.5,0.471538983136524,0.));
#3761=CARTESIAN_POINT('',(0.5,0.271538983136525,0.22));
#3762=CARTESIAN_POINT('',(0.5,0.271538983136525,0.22));
#3763=CARTESIAN_POINT('',(0.5,0.271538983136525,0.));
#3764=CARTESIAN_POINT('Origin',(0.346486130495908,0.271538983136524,0.));
#3765=CARTESIAN_POINT('',(0.346486130495908,0.271538983136524,0.));
#3766=CARTESIAN_POINT('',(0.346486130495908,0.271538983136524,0.22));
#3767=CARTESIAN_POINT('Origin',(0.5,0.471538983136524,0.));
#3768=CARTESIAN_POINT('',(0.5,0.471538983136524,0.));
#3769=CARTESIAN_POINT('',(0.5,0.471538983136524,0.22));
#3770=CARTESIAN_POINT('Origin',(0.423243065247954,0.371538983136525,0.22));
#3771=CARTESIAN_POINT('Origin',(0.423243065247954,0.371538983136525,0.));
#3772=CARTESIAN_POINT('',(0.,0.,0.));
#3773=CARTESIAN_POINT('Origin',(0.645,-0.1206475,0.001));
#3774=CARTESIAN_POINT('',(0.77,0.195569,0.));
#3775=CARTESIAN_POINT('',(0.77,0.195569,0.001));
#3776=CARTESIAN_POINT('',(0.77,0.195569,0.));
#3777=CARTESIAN_POINT('',(0.52,-0.436864,0.001));
#3778=CARTESIAN_POINT('',(0.77,0.195569,0.001));
#3779=CARTESIAN_POINT('',(0.52,-0.436864,0.));
#3780=CARTESIAN_POINT('',(0.52,-0.436864,0.));
#3781=CARTESIAN_POINT('',(0.77,0.195569,0.));
#3782=CARTESIAN_POINT('Origin',(0.3866135,-0.436864,0.001));
#3783=CARTESIAN_POINT('',(0.253227,-0.436864,0.001));
#3784=CARTESIAN_POINT('',(0.52,-0.436864,0.001));
#3785=CARTESIAN_POINT('',(0.253227,-0.436864,0.));
#3786=CARTESIAN_POINT('',(0.253227,-0.436864,0.));
#3787=CARTESIAN_POINT('',(0.52,-0.436864,0.));
#3788=CARTESIAN_POINT('Origin',(0.383993,-0.1206475,0.001));
#3789=CARTESIAN_POINT('',(0.514759,0.195569,0.001));
#3790=CARTESIAN_POINT('',(0.253227,-0.436864,0.001));
#3791=CARTESIAN_POINT('',(0.514759,0.195569,0.));
#3792=CARTESIAN_POINT('',(0.514759,0.195569,0.));
#3793=CARTESIAN_POINT('',(0.253227,-0.436864,0.));
#3794=CARTESIAN_POINT('Origin',(0.6423795,0.195569,0.001));
#3795=CARTESIAN_POINT('',(0.514759,0.195569,0.001));
#3796=CARTESIAN_POINT('',(0.514759,0.195569,0.));
#3797=CARTESIAN_POINT('Origin',(0.5116135,-0.436864,0.));
#3798=CARTESIAN_POINT('Origin',(0.5116135,-0.436864,0.001));
#3799=CARTESIAN_POINT('Origin',(-0.5810405053955,-0.269948806976,0.001));
#3800=CARTESIAN_POINT('',(-0.282970863158,-0.269948806976,0.));
#3801=CARTESIAN_POINT('',(-0.282970863158,-0.269948806976,0.001));
#3802=CARTESIAN_POINT('',(-0.282970863158,-0.269948806976,0.));
#3803=CARTESIAN_POINT('',(-0.879110147633,-0.269948806976,0.001));
#3804=CARTESIAN_POINT('',(-0.282970863158,-0.269948806976,0.001));
#3805=CARTESIAN_POINT('',(-0.879110147633,-0.269948806976,0.));
#3806=CARTESIAN_POINT('',(-0.879110147633,-0.269948806976,0.));
#3807=CARTESIAN_POINT('',(-0.282970863158,-0.269948806976,0.));
#3808=CARTESIAN_POINT('Origin',(-0.7391894656455,0.074554650432,0.001));
#3809=CARTESIAN_POINT('',(-0.599268783658,0.41905810784,0.001));
#3810=CARTESIAN_POINT('',(-0.879110147633,-0.269948806976,0.001));
#3811=CARTESIAN_POINT('',(-0.599268783658,0.41905810784,0.));
#3812=CARTESIAN_POINT('',(-0.599268783658,0.41905810784,0.));
#3813=CARTESIAN_POINT('',(-0.879110147633,-0.269948806976,0.));
#3814=CARTESIAN_POINT('Origin',(-0.468170175324211,0.365812178688824,0.001));
#3815=CARTESIAN_POINT('',(-0.468170175324,0.507311203696,0.));
#3816=CARTESIAN_POINT('Origin',(-0.468170175324107,0.365812178688756,0.));
#3817=CARTESIAN_POINT('',(-0.468170175324,0.507311203696,0.001));
#3818=CARTESIAN_POINT('Origin',(-0.468170175324107,0.365812178688756,0.000999999999999999));
#3819=CARTESIAN_POINT('',(-0.468170175324,0.507311203696,0.));
#3820=CARTESIAN_POINT('Origin',(0.219808912338,0.507311203696,0.001));
#3821=CARTESIAN_POINT('',(0.907788,0.507311203696,0.001));
#3822=CARTESIAN_POINT('',(-0.468170175324,0.507311203696,0.001));
#3823=CARTESIAN_POINT('',(0.907788,0.507311203696,0.));
#3824=CARTESIAN_POINT('',(0.907788,0.507311203696,0.));
#3825=CARTESIAN_POINT('',(-0.468170175324,0.507311203696,0.));
#3826=CARTESIAN_POINT('Origin',(0.878894,0.447097271286,0.001));
#3827=CARTESIAN_POINT('',(0.85,0.386883338876,0.001));
#3828=CARTESIAN_POINT('',(0.907788,0.507311203696,0.001));
#3829=CARTESIAN_POINT('',(0.85,0.386883338876,0.));
#3830=CARTESIAN_POINT('',(0.85,0.386883338876,0.));
#3831=CARTESIAN_POINT('',(0.907788,0.507311203696,0.));
#3832=CARTESIAN_POINT('Origin',(0.2555548609725,0.386883338876,0.001));
#3833=CARTESIAN_POINT('',(-0.338890278055,0.386883338876,0.001));
#3834=CARTESIAN_POINT('',(0.85,0.386883338876,0.001));
#3835=CARTESIAN_POINT('',(-0.338890278055,0.386883338876,0.));
#3836=CARTESIAN_POINT('',(-0.338890278055,0.386883338876,0.));
#3837=CARTESIAN_POINT('',(0.85,0.386883338876,0.));
#3838=CARTESIAN_POINT('Origin',(-0.338890278055917,0.218400572710504,0.001));
#3839=CARTESIAN_POINT('',(-0.449539802285,0.345456171889,0.));
#3840=CARTESIAN_POINT('Origin',(-0.338890278055462,0.218400572709869,0.));
#3841=CARTESIAN_POINT('',(-0.449539802285,0.345456171889,0.001));
#3842=CARTESIAN_POINT('Origin',(-0.338890278055462,0.218400572709869,0.001));
#3843=CARTESIAN_POINT('',(-0.449539802285,0.345456171889,0.));
#3844=CARTESIAN_POINT('Origin',(-0.4535407708295,0.34197182906,0.001));
#3845=CARTESIAN_POINT('',(-0.457541739374,0.338487486231,0.001));
#3846=CARTESIAN_POINT('',(-0.449539802285,0.345456171889,0.001));
#3847=CARTESIAN_POINT('',(-0.457541739374,0.338487486231,0.));
#3848=CARTESIAN_POINT('',(-0.457541739374,0.338487486231,0.));
#3849=CARTESIAN_POINT('',(-0.449539802285,0.345456171889,0.));
#3850=CARTESIAN_POINT('Origin',(-0.304745435109204,0.163035977274176,0.001));
#3851=CARTESIAN_POINT('',(-0.53058502391,0.107121554072,0.));
#3852=CARTESIAN_POINT('Origin',(-0.304745435109202,0.163035977274197,0.));
#3853=CARTESIAN_POINT('',(-0.53058502391,0.107121554072,0.001));
#3854=CARTESIAN_POINT('Origin',(-0.304745435109202,0.163035977274197,0.001));
#3855=CARTESIAN_POINT('',(-0.53058502391,0.107121554072,0.));
#3856=CARTESIAN_POINT('Origin',(-0.5297207748805,0.1036308331755,0.001));
#3857=CARTESIAN_POINT('',(-0.52885652585,0.100140112279,0.001));
#3858=CARTESIAN_POINT('',(-0.53058502391,0.107121554072,0.001));
#3859=CARTESIAN_POINT('',(-0.52885652585,0.100140112279,0.));
#3860=CARTESIAN_POINT('',(-0.52885652585,0.100140112279,0.));
#3861=CARTESIAN_POINT('',(-0.53058502391,0.107121554072,0.));
#3862=CARTESIAN_POINT('Origin',(-0.39888896409875,0.132318089972502,0.001));
#3863=CARTESIAN_POINT('',(-0.489171013543,0.0334437206731,0.));
#3864=CARTESIAN_POINT('Origin',(-0.398888964098557,0.13231808997274,0.));
#3865=CARTESIAN_POINT('',(-0.489171013543,0.0334437206731,0.001));
#3866=CARTESIAN_POINT('Origin',(-0.398888964098557,0.13231808997274,0.001));
#3867=CARTESIAN_POINT('',(-0.489171013543,0.0334437206731,0.));
#3868=CARTESIAN_POINT('Origin',(-0.3695855067715,-0.07574963966345,0.001));
#3869=CARTESIAN_POINT('',(-0.25,-0.184943,0.001));
#3870=CARTESIAN_POINT('',(-0.489171013543,0.0334437206731,0.001));
#3871=CARTESIAN_POINT('',(-0.25,-0.184943,0.));
#3872=CARTESIAN_POINT('',(-0.25,-0.184943,0.));
#3873=CARTESIAN_POINT('',(-0.489171013543,0.0334437206731,0.));
#3874=CARTESIAN_POINT('Origin',(-0.282970863157991,-0.221051764922368,0.001));
#3875=CARTESIAN_POINT('Origin',(-0.282970863157984,-0.221051764922329,0.));
#3876=CARTESIAN_POINT('Origin',(-0.282970863157984,-0.221051764922329,0.001));
#3877=CARTESIAN_POINT('Origin',(0.0143389261835,-0.269948806976,0.));
#3878=CARTESIAN_POINT('Origin',(0.0143389261835,-0.269948806976,0.001));
#3879=CARTESIAN_POINT('Origin',(0.00612006081250005,0.195569,0.001));
#3880=CARTESIAN_POINT('',(-0.311421878375,0.195569,0.));
#3881=CARTESIAN_POINT('',(-0.311421878375,0.195569,0.001));
#3882=CARTESIAN_POINT('',(-0.311421878375,0.195569,0.));
#3883=CARTESIAN_POINT('',(0.323662,0.195569,0.001));
#3884=CARTESIAN_POINT('',(-0.311421878375,0.195569,0.001));
#3885=CARTESIAN_POINT('',(0.323662,0.195569,0.));
#3886=CARTESIAN_POINT('',(0.323662,0.195569,0.));
#3887=CARTESIAN_POINT('',(-0.311421878375,0.195569,0.));
#3888=CARTESIAN_POINT('Origin',(0.1957195000001,-0.1206475,0.001));
#3889=CARTESIAN_POINT('',(0.067777,-0.436864,0.001));
#3890=CARTESIAN_POINT('',(0.323662,0.195569,0.001));
#3891=CARTESIAN_POINT('',(0.067777,-0.436864,0.));
#3892=CARTESIAN_POINT('',(0.067777,-0.436864,0.));
#3893=CARTESIAN_POINT('',(0.323662,0.195569,0.));
#3894=CARTESIAN_POINT('Origin',(-0.0611115,-0.436864,0.001));
#3895=CARTESIAN_POINT('',(-0.19,-0.436864,0.001));
#3896=CARTESIAN_POINT('',(0.067777,-0.436864,0.001));
#3897=CARTESIAN_POINT('',(-0.19,-0.436864,0.));
#3898=CARTESIAN_POINT('',(-0.19,-0.436864,0.));
#3899=CARTESIAN_POINT('',(0.067777,-0.436864,0.));
#3900=CARTESIAN_POINT('Origin',(-0.1907821739325,-0.4346983636355,0.001));
#3901=CARTESIAN_POINT('',(-0.191564347865,-0.432532727271,0.001));
#3902=CARTESIAN_POINT('',(-0.19,-0.436864,0.001));
#3903=CARTESIAN_POINT('',(-0.191564347865,-0.432532727271,0.));
#3904=CARTESIAN_POINT('',(-0.191564347865,-0.432532727271,0.));
#3905=CARTESIAN_POINT('',(-0.19,-0.436864,0.));
#3906=CARTESIAN_POINT('Origin',(-0.1634331057785,-0.408427210556,0.001));
#3907=CARTESIAN_POINT('',(-0.135301863692,-0.384321693841,0.001));
#3908=CARTESIAN_POINT('',(-0.191564347865,-0.432532727271,0.001));
#3909=CARTESIAN_POINT('',(-0.135301863692,-0.384321693841,0.));
#3910=CARTESIAN_POINT('',(-0.135301863692,-0.384321693841,0.));
#3911=CARTESIAN_POINT('',(-0.191564347865,-0.432532727271,0.));
#3912=CARTESIAN_POINT('Origin',(-0.264446815105796,-0.233608977934562,0.001));
#3913=CARTESIAN_POINT('',(-0.117441054908,-0.10025963343,0.));
#3914=CARTESIAN_POINT('Origin',(-0.264446815105395,-0.233608977934371,0.));
#3915=CARTESIAN_POINT('',(-0.117441054908,-0.10025963343,0.001));
#3916=CARTESIAN_POINT('Origin',(-0.264446815105395,-0.233608977934371,0.001));
#3917=CARTESIAN_POINT('',(-0.117441054908,-0.10025963343,0.));
#3918=CARTESIAN_POINT('Origin',(-0.2266324948205,0.0201141913605,0.001));
#3919=CARTESIAN_POINT('',(-0.335823934733,0.140488016151,0.001));
#3920=CARTESIAN_POINT('',(-0.117441054908,-0.10025963343,0.001));
#3921=CARTESIAN_POINT('',(-0.335823934733,0.140488016151,0.));
#3922=CARTESIAN_POINT('',(-0.335823934733,0.140488016151,0.));
#3923=CARTESIAN_POINT('',(-0.117441054908,-0.10025963343,0.));
#3924=CARTESIAN_POINT('Origin',(-0.311421878375359,0.162623191096037,0.001));
#3925=CARTESIAN_POINT('Origin',(-0.311421878375199,0.162623191096035,0.));
#3926=CARTESIAN_POINT('Origin',(-0.311421878375199,0.162623191096035,0.001));
#3927=CARTESIAN_POINT('Origin',(-0.0103528436394999,-0.436864,0.));
#3928=CARTESIAN_POINT('Origin',(-0.0103528436394999,-0.436864,0.001));
#3929=CARTESIAN_POINT('',(-4.53703695691008,-0.370370364851422,-0.72500003397465));
#3930=CARTESIAN_POINT('',(-4.67703695691008,-4.37037036485143,-0.37153901711117));
#3931=CARTESIAN_POINT('',(-5.17703695691008,-4.37037036485143,-0.371539017111169));
#3932=CARTESIAN_POINT('',(-5.67703695691009,-4.37037036485143,-0.371539017111168));
#3933=CARTESIAN_POINT('',(-6.17703695691008,-4.37037036485143,-0.371539017111167));
#3934=CARTESIAN_POINT('',(-6.67703695691008,-4.37037036485143,-0.371539017111166));
#3935=CARTESIAN_POINT('',(-7.17703695691009,-4.37037036485143,-0.371539017111165));
#3936=CARTESIAN_POINT('',(-0.537036956910076,-0.510370364851418,-0.37153901711117));
#3937=CARTESIAN_POINT('',(-0.537036956910076,-1.01037036485142,-0.371539017111169));
#3938=CARTESIAN_POINT('',(-0.537036956910077,-1.51037036485143,-0.371539017111168));
#3939=CARTESIAN_POINT('',(-0.537036956910076,-2.01037036485142,-0.371539017111167));
#3940=CARTESIAN_POINT('',(-0.537036956910075,-2.51037036485142,-0.371539017111166));
#3941=CARTESIAN_POINT('',(-0.537036956910076,-3.01037036485143,-0.371539017111165));
#3942=CARTESIAN_POINT('',(-4.39703695691008,3.62962963514858,-0.37153901711117));
#3943=CARTESIAN_POINT('',(-3.89703695691008,3.62962963514858,-0.371539017111169));
#3944=CARTESIAN_POINT('',(-3.39703695691008,3.62962963514858,-0.371539017111168));
#3945=CARTESIAN_POINT('',(-2.89703695691008,3.62962963514858,-0.371539017111167));
#3946=CARTESIAN_POINT('',(-2.39703695691008,3.62962963514858,-0.371539017111166));
#3947=CARTESIAN_POINT('',(-1.89703695691008,3.62962963514858,-0.371539017111165));
#3948=CARTESIAN_POINT('',(-8.53703695691008,-0.230370364851424,-0.37153901711117));
#3949=CARTESIAN_POINT('',(-8.53703695691008,0.26962963514858,-0.371539017111169));
#3950=CARTESIAN_POINT('',(-8.53703695691008,0.769629635148586,-0.371539017111168));
#3951=CARTESIAN_POINT('',(-8.53703695691008,1.26962963514858,-0.371539017111167));
#3952=CARTESIAN_POINT('',(-8.53703695691008,1.76962963514858,-0.371539017111166));
#3953=CARTESIAN_POINT('',(-8.53703695691008,2.26962963514859,-0.371539017111165));
#3954=CARTESIAN_POINT('',(-4.39703695691008,-4.37037036485143,-0.37153901711117));
#3955=CARTESIAN_POINT('',(-3.89703695691008,-4.37037036485143,-0.371539017111169));
#3956=CARTESIAN_POINT('',(-3.39703695691008,-4.37037036485143,-0.371539017111168));
#3957=CARTESIAN_POINT('',(-2.89703695691008,-4.37037036485143,-0.371539017111167));
#3958=CARTESIAN_POINT('',(-2.39703695691008,-4.37037036485143,-0.371539017111166));
#3959=CARTESIAN_POINT('',(-1.89703695691008,-4.37037036485143,-0.371539017111165));
#3960=CARTESIAN_POINT('',(-0.537036956910073,-0.230370364851421,-0.37153901711117));
#3961=CARTESIAN_POINT('',(-0.537036956910073,0.269629635148579,-0.371539017111169));
#3962=CARTESIAN_POINT('',(-0.537036956910074,0.769629635148579,-0.371539017111168));
#3963=CARTESIAN_POINT('',(-0.537036956910074,1.26962963514858,-0.371539017111167));
#3964=CARTESIAN_POINT('',(-0.537036956910074,1.76962963514858,-0.371539017111166));
#3965=CARTESIAN_POINT('',(-0.537036956910074,2.26962963514858,-0.371539017111165));
#3966=CARTESIAN_POINT('',(-4.67703695691008,3.62962963514858,-0.37153901711117));
#3967=CARTESIAN_POINT('',(-5.17703695691008,3.62962963514858,-0.371539017111169));
#3968=CARTESIAN_POINT('',(-5.67703695691008,3.62962963514858,-0.371539017111168));
#3969=CARTESIAN_POINT('',(-6.17703695691008,3.62962963514858,-0.371539017111167));
#3970=CARTESIAN_POINT('',(-6.67703695691008,3.62962963514858,-0.371539017111166));
#3971=CARTESIAN_POINT('',(-7.17703695691008,3.62962963514859,-0.371539017111165));
#3972=CARTESIAN_POINT('',(-8.53703695691009,-0.510370364851421,-0.37153901711117));
#3973=CARTESIAN_POINT('',(-8.53703695691009,-1.01037036485142,-0.371539017111169));
#3974=CARTESIAN_POINT('',(-8.53703695691009,-1.51037036485142,-0.371539017111168));
#3975=CARTESIAN_POINT('',(-8.53703695691009,-2.01037036485142,-0.371539017111167));
#3976=CARTESIAN_POINT('',(-8.53703695691009,-2.51037036485142,-0.371539017111166));
#3977=CARTESIAN_POINT('',(-8.53703695691009,-3.01037036485142,-0.371539017111165));
#3978=CARTESIAN_POINT('',(-4.62463485610386,-0.103607983134589,0.724999966025349));
#3979=UNCERTAINTY_MEASURE_WITH_UNIT(LENGTH_MEASURE(0.01),#3991,
'DISTANCE_ACCURACY_VALUE',
'Maximum model space distance between geometric entities at asserted c
onnectivities');
#3980=UNCERTAINTY_MEASURE_WITH_UNIT(LENGTH_MEASURE(0.01),#3991,
'DISTANCE_ACCURACY_VALUE',
'Maximum model space distance between geometric entities at asserted c
onnectivities');
#3981=UNCERTAINTY_MEASURE_WITH_UNIT(LENGTH_MEASURE(0.01),#3991,
'DISTANCE_ACCURACY_VALUE',
'Maximum model space distance between geometric entities at asserted c
onnectivities');
#3982=UNCERTAINTY_MEASURE_WITH_UNIT(LENGTH_MEASURE(0.01),#3991,
'DISTANCE_ACCURACY_VALUE',
'Maximum model space distance between geometric entities at asserted c
onnectivities');
#3983=UNCERTAINTY_MEASURE_WITH_UNIT(LENGTH_MEASURE(0.01),#3991,
'DISTANCE_ACCURACY_VALUE',
'Maximum model space distance between geometric entities at asserted c
onnectivities');
#3984=UNCERTAINTY_MEASURE_WITH_UNIT(LENGTH_MEASURE(1.E-6),#3991,
'DISTANCE_ACCURACY_VALUE',
'Maximum model space distance between geometric entities at asserted c
onnectivities');
#3985=(
GEOMETRIC_REPRESENTATION_CONTEXT(3)
GLOBAL_UNCERTAINTY_ASSIGNED_CONTEXT((#3979))
GLOBAL_UNIT_ASSIGNED_CONTEXT((#3991,#3994,#3992))
REPRESENTATION_CONTEXT('','3D')
);
#3986=(
GEOMETRIC_REPRESENTATION_CONTEXT(3)
GLOBAL_UNCERTAINTY_ASSIGNED_CONTEXT((#3980))
GLOBAL_UNIT_ASSIGNED_CONTEXT((#3991,#3994,#3992))
REPRESENTATION_CONTEXT('','3D')
);
#3987=(
GEOMETRIC_REPRESENTATION_CONTEXT(3)
GLOBAL_UNCERTAINTY_ASSIGNED_CONTEXT((#3981))
GLOBAL_UNIT_ASSIGNED_CONTEXT((#3991,#3994,#3992))
REPRESENTATION_CONTEXT('','3D')
);
#3988=(
GEOMETRIC_REPRESENTATION_CONTEXT(3)
GLOBAL_UNCERTAINTY_ASSIGNED_CONTEXT((#3982))
GLOBAL_UNIT_ASSIGNED_CONTEXT((#3991,#3994,#3992))
REPRESENTATION_CONTEXT('','3D')
);
#3989=(
GEOMETRIC_REPRESENTATION_CONTEXT(3)
GLOBAL_UNCERTAINTY_ASSIGNED_CONTEXT((#3983))
GLOBAL_UNIT_ASSIGNED_CONTEXT((#3991,#3995,#3992))
REPRESENTATION_CONTEXT('','3D')
);
#3990=(
GEOMETRIC_REPRESENTATION_CONTEXT(3)
GLOBAL_UNCERTAINTY_ASSIGNED_CONTEXT((#3984))
GLOBAL_UNIT_ASSIGNED_CONTEXT((#3991,#3994,#3992))
REPRESENTATION_CONTEXT('','3D')
);
#3991=(
LENGTH_UNIT()
NAMED_UNIT(*)
SI_UNIT(.MILLI.,.METRE.)
);
#3992=(
NAMED_UNIT(*)
SI_UNIT($,.STERADIAN.)
SOLID_ANGLE_UNIT()
);
#3993=DIMENSIONAL_EXPONENTS(0.,0.,0.,0.,0.,0.,0.);
#3994=(
CONVERSION_BASED_UNIT('degree',#3996)
NAMED_UNIT(#3993)
PLANE_ANGLE_UNIT()
);
#3995=(
NAMED_UNIT(*)
PLANE_ANGLE_UNIT()
SI_UNIT($,.RADIAN.)
);
#3996=PLANE_ANGLE_MEASURE_WITH_UNIT(PLANE_ANGLE_MEASURE(0.01745329252),
#3995);
#3997=SHAPE_DEFINITION_REPRESENTATION(#4002,#4057);
#3998=SHAPE_DEFINITION_REPRESENTATION(#4003,#4058);
#3999=SHAPE_DEFINITION_REPRESENTATION(#4004,#4059);
#4000=SHAPE_DEFINITION_REPRESENTATION(#4005,#4060);
#4001=SHAPE_DEFINITION_REPRESENTATION(#4006,#4061);
#4002=PRODUCT_DEFINITION_SHAPE('',$,#4063);
#4003=PRODUCT_DEFINITION_SHAPE('',$,#4064);
#4004=PRODUCT_DEFINITION_SHAPE('',$,#4065);
#4005=PRODUCT_DEFINITION_SHAPE('',$,#4066);
#4006=PRODUCT_DEFINITION_SHAPE('',$,#4067);
#4007=PRODUCT_DEFINITION_SHAPE($,$,#161);
#4008=PRODUCT_DEFINITION_SHAPE($,$,#162);
#4009=PRODUCT_DEFINITION_SHAPE($,$,#163);
#4010=PRODUCT_DEFINITION_SHAPE($,$,#164);
#4011=PRODUCT_DEFINITION_SHAPE($,$,#165);
#4012=PRODUCT_DEFINITION_SHAPE($,$,#166);
#4013=PRODUCT_DEFINITION_SHAPE($,$,#167);
#4014=PRODUCT_DEFINITION_SHAPE($,$,#168);
#4015=PRODUCT_DEFINITION_SHAPE($,$,#169);
#4016=PRODUCT_DEFINITION_SHAPE($,$,#170);
#4017=PRODUCT_DEFINITION_SHAPE($,$,#171);
#4018=PRODUCT_DEFINITION_SHAPE($,$,#172);
#4019=PRODUCT_DEFINITION_SHAPE($,$,#173);
#4020=PRODUCT_DEFINITION_SHAPE($,$,#174);
#4021=PRODUCT_DEFINITION_SHAPE($,$,#175);
#4022=PRODUCT_DEFINITION_SHAPE($,$,#176);
#4023=PRODUCT_DEFINITION_SHAPE($,$,#177);
#4024=PRODUCT_DEFINITION_SHAPE($,$,#178);
#4025=PRODUCT_DEFINITION_SHAPE($,$,#179);
#4026=PRODUCT_DEFINITION_SHAPE($,$,#180);
#4027=PRODUCT_DEFINITION_SHAPE($,$,#181);
#4028=PRODUCT_DEFINITION_SHAPE($,$,#182);
#4029=PRODUCT_DEFINITION_SHAPE($,$,#183);
#4030=PRODUCT_DEFINITION_SHAPE($,$,#184);
#4031=PRODUCT_DEFINITION_SHAPE($,$,#185);
#4032=PRODUCT_DEFINITION_SHAPE($,$,#186);
#4033=PRODUCT_DEFINITION_SHAPE($,$,#187);
#4034=PRODUCT_DEFINITION_SHAPE($,$,#188);
#4035=PRODUCT_DEFINITION_SHAPE($,$,#189);
#4036=PRODUCT_DEFINITION_SHAPE($,$,#190);
#4037=PRODUCT_DEFINITION_SHAPE($,$,#191);
#4038=PRODUCT_DEFINITION_SHAPE($,$,#192);
#4039=PRODUCT_DEFINITION_SHAPE($,$,#193);
#4040=PRODUCT_DEFINITION_SHAPE($,$,#194);
#4041=PRODUCT_DEFINITION_SHAPE($,$,#195);
#4042=PRODUCT_DEFINITION_SHAPE($,$,#196);
#4043=PRODUCT_DEFINITION_SHAPE($,$,#197);
#4044=PRODUCT_DEFINITION_SHAPE($,$,#198);
#4045=PRODUCT_DEFINITION_SHAPE($,$,#199);
#4046=PRODUCT_DEFINITION_SHAPE($,$,#200);
#4047=PRODUCT_DEFINITION_SHAPE($,$,#201);
#4048=PRODUCT_DEFINITION_SHAPE($,$,#202);
#4049=PRODUCT_DEFINITION_SHAPE($,$,#203);
#4050=PRODUCT_DEFINITION_SHAPE($,$,#204);
#4051=PRODUCT_DEFINITION_SHAPE($,$,#205);
#4052=PRODUCT_DEFINITION_SHAPE($,$,#206);
#4053=PRODUCT_DEFINITION_SHAPE($,$,#207);
#4054=PRODUCT_DEFINITION_SHAPE($,$,#208);
#4055=PRODUCT_DEFINITION_SHAPE($,$,#209);
#4056=PRODUCT_DEFINITION_SHAPE($,$,#210);
#4057=SHAPE_REPRESENTATION('',(#2349,#2553,#2554,#2555,#2556,#2557,#2558,
#2559,#2560,#2561,#2562,#2563,#2564,#2565,#2566,#2567,#2568,#2569,#2570,
#2571,#2572,#2573,#2574,#2575,#2576,#2577,#2578,#2579,#2580,#2581,#2582,
#2583,#2584,#2585,#2586,#2587,#2588,#2589,#2590,#2591,#2592,#2593,#2594,
#2595,#2596,#2597,#2598,#2599,#2600,#2601,#2602),#3985);
#4058=SHAPE_REPRESENTATION('',(#2350),#3986);
#4059=SHAPE_REPRESENTATION('',(#2461),#3987);
#4060=SHAPE_REPRESENTATION('',(#2484),#3988);
#4061=SHAPE_REPRESENTATION('',(#2507),#3989);
#4062=PRODUCT_DEFINITION_CONTEXT('part definition',#4079,'design');
#4063=PRODUCT_DEFINITION('STMicroelectronics STM32L433CCT6',
'STMicroelectronics STM32L433CCT6',#4068,#4062);
#4064=PRODUCT_DEFINITION('STMicroelectronics STM32L433CCT6 1 ',
'STMicroelectronics STM32L433CCT6 1 ',#4069,#4062);
#4065=PRODUCT_DEFINITION('STMicroelectronics STM32L433CCT6 2_MIR',
'STMicroelectronics STM32L433CCT6 2_MIR',#4070,#4062);
#4066=PRODUCT_DEFINITION('STMicroelectronics STM32L433CCT6 2',
'STMicroelectronics STM32L433CCT6 2',#4071,#4062);
#4067=PRODUCT_DEFINITION('STMicroelectronics','STMicroelectronics',#4072,
#4062);
#4068=PRODUCT_DEFINITION_FORMATION('',$,#4081);
#4069=PRODUCT_DEFINITION_FORMATION('',$,#4082);
#4070=PRODUCT_DEFINITION_FORMATION('',$,#4083);
#4071=PRODUCT_DEFINITION_FORMATION('',$,#4084);
#4072=PRODUCT_DEFINITION_FORMATION('',$,#4085);
#4073=PRODUCT_RELATED_PRODUCT_CATEGORY(
'STMicroelectronics STM32L433CCT6','STMicroelectronics STM32L433CCT6',(#4081));
#4074=PRODUCT_RELATED_PRODUCT_CATEGORY(
'STMicroelectronics STM32L433CCT6 1 ',
'STMicroelectronics STM32L433CCT6 1 ',(#4082));
#4075=PRODUCT_RELATED_PRODUCT_CATEGORY(
'STMicroelectronics STM32L433CCT6 2_MIR',
'STMicroelectronics STM32L433CCT6 2_MIR',(#4083));
#4076=PRODUCT_RELATED_PRODUCT_CATEGORY(
'STMicroelectronics STM32L433CCT6 2',
'STMicroelectronics STM32L433CCT6 2',(#4084));
#4077=PRODUCT_RELATED_PRODUCT_CATEGORY('STMicroelectronics',
'STMicroelectronics',(#4085));
#4078=APPLICATION_PROTOCOL_DEFINITION('international standard',
'automotive_design',2009,#4079);
#4079=APPLICATION_CONTEXT(
'Core Data for Automotive Mechanical Design Process');
#4080=PRODUCT_CONTEXT('part definition',#4079,'mechanical');
#4081=PRODUCT('STMicroelectronics STM32L433CCT6',
'STMicroelectronics STM32L433CCT6',$,(#4080));
#4082=PRODUCT('STMicroelectronics STM32L433CCT6 1 ',
'STMicroelectronics STM32L433CCT6 1 ',$,(#4080));
#4083=PRODUCT('STMicroelectronics STM32L433CCT6 2_MIR',
'STMicroelectronics STM32L433CCT6 2_MIR',$,(#4080));
#4084=PRODUCT('STMicroelectronics STM32L433CCT6 2',
'STMicroelectronics STM32L433CCT6 2',$,(#4080));
#4085=PRODUCT('STMicroelectronics','STMicroelectronics','FreeCAD Model',
(#4080));
ENDSEC;
END-ISO-10303-21;
