ISO-10303-21;
HEADER;
FILE_DESCRIPTION (( 'STEP AP214' ),
    '1' );
FILE_NAME ('User Library-V0603HD.STEP',
    '2012-10-14T19:31:25',
    ( 'sysAdmin' ),
    ( 'SolidWorks' ),
    'SwSTEP 2.0',
    'SolidWorks 2012',
    '' );
FILE_SCHEMA (( 'AUTOMOTIVE_DESIGN' ));
ENDSEC;

DATA;
#1 = ORIENTED_EDGE ( 'NONE', *, *, #2619, .F. ) ;
#2 = SURFACE_STYLE_USAGE ( .BOTH. , #264 ) ;
#3 = ORIENTED_EDGE ( 'NONE', *, *, #2813, .F. ) ;
#4 = ORIENTED_EDGE ( 'NONE', *, *, #2553, .F. ) ;
#5 = ORIENTED_EDGE ( 'NONE', *, *, #2504, .T. ) ;
#6 = ORIENTED_EDGE ( 'NONE', *, *, #2531, .F. ) ;
#7 = ORIENTED_EDGE ( 'NONE', *, *, #2594, .T. ) ;
#8 = ORIENTED_EDGE ( 'NONE', *, *, #2758, .T. ) ;
#9 = ORIENTED_EDGE ( 'NONE', *, *, #2802, .F. ) ;
#10 = ORIENTED_EDGE ( 'NONE', *, *, #2590, .F. ) ;
#11 = FILL_AREA_STYLE ('',( #190 ) ) ;
#12 = ORIENTED_EDGE ( 'NONE', *, *, #2592, .F. ) ;
#13 = ORIENTED_EDGE ( 'NONE', *, *, #2796, .F. ) ;
#14 = ORIENTED_EDGE ( 'NONE', *, *, #2535, .F. ) ;
#15 = ORIENTED_EDGE ( 'NONE', *, *, #2817, .T. ) ;
#16 = ORIENTED_EDGE ( 'NONE', *, *, #2677, .T. ) ;
#17 = ORIENTED_EDGE ( 'NONE', *, *, #2582, .T. ) ;
#18 = ORIENTED_EDGE ( 'NONE', *, *, #2806, .F. ) ;
#19 = ORIENTED_EDGE ( 'NONE', *, *, #2542, .F. ) ;
#20 = ORIENTED_EDGE ( 'NONE', *, *, #2641, .T. ) ;
#21 = ORIENTED_EDGE ( 'NONE', *, *, #2608, .F. ) ;
#22 = ORIENTED_EDGE ( 'NONE', *, *, #2796, .T. ) ;
#23 = ORIENTED_EDGE ( 'NONE', *, *, #2535, .T. ) ;
#24 = ORIENTED_EDGE ( 'NONE', *, *, #2629, .T. ) ;
#25 = ORIENTED_EDGE ( 'NONE', *, *, #2819, .T. ) ;
#26 = ORIENTED_EDGE ( 'NONE', *, *, #2780, .T. ) ;
#27 = ORIENTED_EDGE ( 'NONE', *, *, #2540, .T. ) ;
#28 = ORIENTED_EDGE ( 'NONE', *, *, #2580, .F. ) ;
#29 = ORIENTED_EDGE ( 'NONE', *, *, #2753, .T. ) ;
#30 = ORIENTED_EDGE ( 'NONE', *, *, #2510, .F. ) ;
#31 = ORIENTED_EDGE ( 'NONE', *, *, #2533, .F. ) ;
#32 = ORIENTED_EDGE ( 'NONE', *, *, #2543, .F. ) ;
#33 = ORIENTED_EDGE ( 'NONE', *, *, #2782, .F. ) ;
#34 = ORIENTED_EDGE ( 'NONE', *, *, #2539, .T. ) ;
#35 = ORIENTED_EDGE ( 'NONE', *, *, #2781, .T. ) ;
#36 = ORIENTED_EDGE ( 'NONE', *, *, #2817, .F. ) ;
#37 = ORIENTED_EDGE ( 'NONE', *, *, #2557, .T. ) ;
#38 = ORIENTED_EDGE ( 'NONE', *, *, #2766, .T. ) ;
#39 = ORIENTED_EDGE ( 'NONE', *, *, #2783, .T. ) ;
#40 = ORIENTED_EDGE ( 'NONE', *, *, #2603, .T. ) ;
#41 = ORIENTED_EDGE ( 'NONE', *, *, #2537, .T. ) ;
#42 = ORIENTED_EDGE ( 'NONE', *, *, #2677, .F. ) ;
#43 = ORIENTED_EDGE ( 'NONE', *, *, #2543, .T. ) ;
#44 = ORIENTED_EDGE ( 'NONE', *, *, #2580, .T. ) ;
#45 = ORIENTED_EDGE ( 'NONE', *, *, #2814, .F. ) ;
#46 = ORIENTED_EDGE ( 'NONE', *, *, #2641, .F. ) ;
#47 = ORIENTED_EDGE ( 'NONE', *, *, #2763, .F. ) ;
#48 = ORIENTED_EDGE ( 'NONE', *, *, #2788, .T. ) ;
#49 = ORIENTED_EDGE ( 'NONE', *, *, #2607, .T. ) ;
#50 = ORIENTED_EDGE ( 'NONE', *, *, #2794, .T. ) ;
#51 = ORIENTED_EDGE ( 'NONE', *, *, #2516, .F. ) ;
#52 = ORIENTED_EDGE ( 'NONE', *, *, #2544, .T. ) ;
#53 = ORIENTED_EDGE ( 'NONE', *, *, #2790, .F. ) ;
#54 = ORIENTED_EDGE ( 'NONE', *, *, #2806, .T. ) ;
#55 = ORIENTED_EDGE ( 'NONE', *, *, #2539, .F. ) ;
#56 = ORIENTED_EDGE ( 'NONE', *, *, #2526, .T. ) ;
#57 = ORIENTED_EDGE ( 'NONE', *, *, #2507, .T. ) ;
#58 = ORIENTED_EDGE ( 'NONE', *, *, #2798, .T. ) ;
#59 = ORIENTED_EDGE ( 'NONE', *, *, #2536, .T. ) ;
#60 = ORIENTED_EDGE ( 'NONE', *, *, #2731, .T. ) ;
#61 = ORIENTED_EDGE ( 'NONE', *, *, #2763, .T. ) ;
#62 = ORIENTED_EDGE ( 'NONE', *, *, #2819, .F. ) ;
#63 = ORIENTED_EDGE ( 'NONE', *, *, #2707, .F. ) ;
#64 = ORIENTED_EDGE ( 'NONE', *, *, #2527, .T. ) ;
#65 = ORIENTED_EDGE ( 'NONE', *, *, #2766, .F. ) ;
#66 = ORIENTED_EDGE ( 'NONE', *, *, #2530, .F. ) ;
#67 = ORIENTED_EDGE ( 'NONE', *, *, #2519, .F. ) ;
#68 = ORIENTED_EDGE ( 'NONE', *, *, #2510, .T. ) ;
#69 = ORIENTED_EDGE ( 'NONE', *, *, #2603, .F. ) ;
#70 = ORIENTED_EDGE ( 'NONE', *, *, #2572, .F. ) ;
#71 = ORIENTED_EDGE ( 'NONE', *, *, #2814, .T. ) ;
#72 = ORIENTED_EDGE ( 'NONE', *, *, #2791, .T. ) ;
#73 = ORIENTED_EDGE ( 'NONE', *, *, #2620, .F. ) ;
#74 = ORIENTED_EDGE ( 'NONE', *, *, #2704, .F. ) ;
#75 = ORIENTED_EDGE ( 'NONE', *, *, #2750, .T. ) ;
#76 = ORIENTED_EDGE ( 'NONE', *, *, #2528, .F. ) ;
#77 = ORIENTED_EDGE ( 'NONE', *, *, #2607, .F. ) ;
#78 = ORIENTED_EDGE ( 'NONE', *, *, #2762, .T. ) ;
#79 = ORIENTED_EDGE ( 'NONE', *, *, #2811, .T. ) ;
#80 = ORIENTED_EDGE ( 'NONE', *, *, #2702, .F. ) ;
#81 = ORIENTED_EDGE ( 'NONE', *, *, #2820, .F. ) ;
#82 = ORIENTED_EDGE ( 'NONE', *, *, #2790, .T. ) ;
#83 = ORIENTED_EDGE ( 'NONE', *, *, #2774, .F. ) ;
#84 = ORIENTED_EDGE ( 'NONE', *, *, #2791, .F. ) ;
#85 = ORIENTED_EDGE ( 'NONE', *, *, #2533, .T. ) ;
#86 = ORIENTED_EDGE ( 'NONE', *, *, #2772, .T. ) ;
#87 = ORIENTED_EDGE ( 'NONE', *, *, #2578, .T. ) ;
#88 = ORIENTED_EDGE ( 'NONE', *, *, #2774, .T. ) ;
#89 = ORIENTED_EDGE ( 'NONE', *, *, #2619, .T. ) ;
#90 = ORIENTED_EDGE ( 'NONE', *, *, #2529, .T. ) ;
#91 = ORIENTED_EDGE ( 'NONE', *, *, #2564, .T. ) ;
#92 = ORIENTED_EDGE ( 'NONE', *, *, #2816, .T. ) ;
#93 = PRESENTATION_STYLE_ASSIGNMENT (( #2 ) ) ;
#94 = ORIENTED_EDGE ( 'NONE', *, *, #2813, .T. ) ;
#95 = ORIENTED_EDGE ( 'NONE', *, *, #2781, .F. ) ;
#96 = ORIENTED_EDGE ( 'NONE', *, *, #2760, .F. ) ;
#97 = ORIENTED_EDGE ( 'NONE', *, *, #2511, .T. ) ;
#98 = ORIENTED_EDGE ( 'NONE', *, *, #2545, .F. ) ;
#99 = ORIENTED_EDGE ( 'NONE', *, *, #2761, .F. ) ;
#100 = ORIENTED_EDGE ( 'NONE', *, *, #2506, .F. ) ;
#101 = ORIENTED_EDGE ( 'NONE', *, *, #2593, .F. ) ;
#102 = ORIENTED_EDGE ( 'NONE', *, *, #2515, .T. ) ;
#103 = ORIENTED_EDGE ( 'NONE', *, *, #2534, .F. ) ;
#104 = ORIENTED_EDGE ( 'NONE', *, *, #2513, .T. ) ;
#105 = ORIENTED_EDGE ( 'NONE', *, *, #2706, .T. ) ;
#106 = ORIENTED_EDGE ( 'NONE', *, *, #2802, .T. ) ;
#107 = ORIENTED_EDGE ( 'NONE', *, *, #2616, .F. ) ;
#108 = ORIENTED_EDGE ( 'NONE', *, *, #2786, .T. ) ;
#109 = ORIENTED_EDGE ( 'NONE', *, *, #2750, .F. ) ;
#110 = ORIENTED_EDGE ( 'NONE', *, *, #2592, .T. ) ;
#111 = ORIENTED_EDGE ( 'NONE', *, *, #2517, .F. ) ;
#112 = ORIENTED_EDGE ( 'NONE', *, *, #2530, .T. ) ;
#113 = ORIENTED_EDGE ( 'NONE', *, *, #2815, .F. ) ;
#114 = ORIENTED_EDGE ( 'NONE', *, *, #2773, .F. ) ;
#115 = ORIENTED_EDGE ( 'NONE', *, *, #2792, .T. ) ;
#116 = ORIENTED_EDGE ( 'NONE', *, *, #2581, .F. ) ;
#117 = ORIENTED_EDGE ( 'NONE', *, *, #2564, .F. ) ;
#118 = ORIENTED_EDGE ( 'NONE', *, *, #2788, .F. ) ;
#119 = ORIENTED_EDGE ( 'NONE', *, *, #2591, .T. ) ;
#120 = ORIENTED_EDGE ( 'NONE', *, *, #2754, .F. ) ;
#121 = ORIENTED_EDGE ( 'NONE', *, *, #2531, .T. ) ;
#122 = ORIENTED_EDGE ( 'NONE', *, *, #2705, .T. ) ;
#123 = ORIENTED_EDGE ( 'NONE', *, *, #2614, .T. ) ;
#124 = ORIENTED_EDGE ( 'NONE', *, *, #2777, .T. ) ;
#125 = ORIENTED_EDGE ( 'NONE', *, *, #2756, .F. ) ;
#126 = ORIENTED_EDGE ( 'NONE', *, *, #2705, .F. ) ;
#127 = ORIENTED_EDGE ( 'NONE', *, *, #2546, .T. ) ;
#128 = ORIENTED_EDGE ( 'NONE', *, *, #2772, .F. ) ;
#129 = ORIENTED_EDGE ( 'NONE', *, *, #2703, .F. ) ;
#130 = ORIENTED_EDGE ( 'NONE', *, *, #2816, .F. ) ;
#131 = ORIENTED_EDGE ( 'NONE', *, *, #2779, .T. ) ;
#132 = ORIENTED_EDGE ( 'NONE', *, *, #2550, .T. ) ;
#133 = ORIENTED_EDGE ( 'NONE', *, *, #2501, .F. ) ;
#134 = ORIENTED_EDGE ( 'NONE', *, *, #2762, .F. ) ;
#135 = ORIENTED_EDGE ( 'NONE', *, *, #2792, .F. ) ;
#136 = ORIENTED_EDGE ( 'NONE', *, *, #2537, .F. ) ;
#137 = ORIENTED_EDGE ( 'NONE', *, *, #2779, .F. ) ;
#138 = ORIENTED_EDGE ( 'NONE', *, *, #2557, .F. ) ;
#139 = ORIENTED_EDGE ( 'NONE', *, *, #2801, .T. ) ;
#140 = ORIENTED_EDGE ( 'NONE', *, *, #2706, .F. ) ;
#141 = ORIENTED_EDGE ( 'NONE', *, *, #2590, .T. ) ;
#142 = ORIENTED_EDGE ( 'NONE', *, *, #2731, .F. ) ;
#143 = ORIENTED_EDGE ( 'NONE', *, *, #2598, .T. ) ;
#144 = ORIENTED_EDGE ( 'NONE', *, *, #2528, .T. ) ;
#145 = ORIENTED_EDGE ( 'NONE', *, *, #2810, .T. ) ;
#146 = ORIENTED_EDGE ( 'NONE', *, *, #2536, .F. ) ;
#147 = ORIENTED_EDGE ( 'NONE', *, *, #2778, .F. ) ;
#148 = ORIENTED_EDGE ( 'NONE', *, *, #2818, .T. ) ;
#149 = ORIENTED_EDGE ( 'NONE', *, *, #2522, .T. ) ;
#150 = ORIENTED_EDGE ( 'NONE', *, *, #2810, .F. ) ;
#151 = ORIENTED_EDGE ( 'NONE', *, *, #2527, .F. ) ;
#152 = ORIENTED_EDGE ( 'NONE', *, *, #2524, .T. ) ;
#153 = ORIENTED_EDGE ( 'NONE', *, *, #2799, .F. ) ;
#154 = ORIENTED_EDGE ( 'NONE', *, *, #2765, .T. ) ;
#155 = ORIENTED_EDGE ( 'NONE', *, *, #2507, .F. ) ;
#156 = ORIENTED_EDGE ( 'NONE', *, *, #2776, .F. ) ;
#157 = ORIENTED_EDGE ( 'NONE', *, *, #2579, .T. ) ;
#158 = ORIENTED_EDGE ( 'NONE', *, *, #2621, .F. ) ;
#159 = ORIENTED_EDGE ( 'NONE', *, *, #2516, .T. ) ;
#160 = ORIENTED_EDGE ( 'NONE', *, *, #2606, .F. ) ;
#161 = ORIENTED_EDGE ( 'NONE', *, *, #2540, .F. ) ;
#162 = ORIENTED_EDGE ( 'NONE', *, *, #2786, .F. ) ;
#163 = ORIENTED_EDGE ( 'NONE', *, *, #2799, .T. ) ;
#164 = ORIENTED_EDGE ( 'NONE', *, *, #2511, .F. ) ;
#165 = ORIENTED_EDGE ( 'NONE', *, *, #2517, .T. ) ;
#166 = ORIENTED_EDGE ( 'NONE', *, *, #2534, .T. ) ;
#167 = ORIENTED_EDGE ( 'NONE', *, *, #2780, .F. ) ;
#168 = ORIENTED_EDGE ( 'NONE', *, *, #2795, .T. ) ;
#169 = ORIENTED_EDGE ( 'NONE', *, *, #2787, .F. ) ;
#170 = ORIENTED_EDGE ( 'NONE', *, *, #2811, .F. ) ;
#171 = ORIENTED_EDGE ( 'NONE', *, *, #2773, .T. ) ;
#172 = ORIENTED_EDGE ( 'NONE', *, *, #2553, .T. ) ;
#173 = ORIENTED_EDGE ( 'NONE', *, *, #2818, .F. ) ;
#174 = ORIENTED_EDGE ( 'NONE', *, *, #2707, .T. ) ;
#175 = ORIENTED_EDGE ( 'NONE', *, *, #2546, .F. ) ;
#176 = ORIENTED_EDGE ( 'NONE', *, *, #2617, .T. ) ;
#177 = ORIENTED_EDGE ( 'NONE', *, *, #2794, .F. ) ;
#178 = ORIENTED_EDGE ( 'NONE', *, *, #2795, .F. ) ;
#179 = ORIENTED_EDGE ( 'NONE', *, *, #2620, .T. ) ;
#180 = ORIENTED_EDGE ( 'NONE', *, *, #2524, .F. ) ;
#181 = ORIENTED_EDGE ( 'NONE', *, *, #2526, .F. ) ;
#182 = ORIENTED_EDGE ( 'NONE', *, *, #2785, .T. ) ;
#183 = ORIENTED_EDGE ( 'NONE', *, *, #2593, .T. ) ;
#184 = ORIENTED_EDGE ( 'NONE', *, *, #2798, .F. ) ;
#185 = ORIENTED_EDGE ( 'NONE', *, *, #2588, .T. ) ;
#186 = ORIENTED_EDGE ( 'NONE', *, *, #2513, .F. ) ;
#187 = ORIENTED_EDGE ( 'NONE', *, *, #2598, .F. ) ;
#188 = ORIENTED_EDGE ( 'NONE', *, *, #2800, .T. ) ;
#189 = ORIENTED_EDGE ( 'NONE', *, *, #2703, .T. ) ;
#190 = FILL_AREA_STYLE_COLOUR ( '', #2658 ) ;
#191 = ORIENTED_EDGE ( 'NONE', *, *, #2797, .T. ) ;
#192 = ORIENTED_EDGE ( 'NONE', *, *, #2544, .F. ) ;
#193 = ORIENTED_EDGE ( 'NONE', *, *, #2599, .T. ) ;
#194 = ORIENTED_EDGE ( 'NONE', *, *, #2550, .F. ) ;
#195 = ORIENTED_EDGE ( 'NONE', *, *, #2529, .F. ) ;
#196 = ORIENTED_EDGE ( 'NONE', *, *, #2565, .F. ) ;
#197 = ORIENTED_EDGE ( 'NONE', *, *, #2505, .F. ) ;
#198 = ORIENTED_EDGE ( 'NONE', *, *, #2579, .F. ) ;
#199 = ORIENTED_EDGE ( 'NONE', *, *, #2776, .T. ) ;
#200 = ORIENTED_EDGE ( 'NONE', *, *, #2809, .T. ) ;
#201 = ORIENTED_EDGE ( 'NONE', *, *, #2615, .T. ) ;
#202 = ORIENTED_EDGE ( 'NONE', *, *, #2778, .T. ) ;
#203 = ORIENTED_EDGE ( 'NONE', *, *, #2599, .F. ) ;
#204 = ORIENTED_EDGE ( 'NONE', *, *, #2617, .F. ) ;
#205 = ORIENTED_EDGE ( 'NONE', *, *, #2614, .F. ) ;
#206 = ORIENTED_EDGE ( 'NONE', *, *, #2759, .T. ) ;
#207 = ORIENTED_EDGE ( 'NONE', *, *, #2800, .F. ) ;
#208 = ORIENTED_EDGE ( 'NONE', *, *, #2820, .T. ) ;
#209 = ORIENTED_EDGE ( 'NONE', *, *, #2591, .F. ) ;
#210 = ORIENTED_EDGE ( 'NONE', *, *, #2785, .F. ) ;
#211 = ORIENTED_EDGE ( 'NONE', *, *, #2585, .T. ) ;
#212 = ORIENTED_EDGE ( 'NONE', *, *, #2578, .F. ) ;
#213 = ORIENTED_EDGE ( 'NONE', *, *, #2574, .T. ) ;
#214 = ORIENTED_EDGE ( 'NONE', *, *, #2565, .T. ) ;
#215 = ORIENTED_EDGE ( 'NONE', *, *, #2753, .F. ) ;
#216 = ORIENTED_EDGE ( 'NONE', *, *, #2582, .F. ) ;
#217 = ORIENTED_EDGE ( 'NONE', *, *, #2522, .F. ) ;
#218 = ORIENTED_EDGE ( 'NONE', *, *, #2797, .F. ) ;
#219 = ORIENTED_EDGE ( 'NONE', *, *, #2585, .F. ) ;
#220 = ORIENTED_EDGE ( 'NONE', *, *, #2575, .T. ) ;
#221 = ORIENTED_EDGE ( 'NONE', *, *, #2616, .T. ) ;
#222 = ORIENTED_EDGE ( 'NONE', *, *, #2581, .T. ) ;
#223 = ORIENTED_EDGE ( 'NONE', *, *, #2519, .T. ) ;
#224 = ORIENTED_EDGE ( 'NONE', *, *, #2784, .T. ) ;
#225 = ORIENTED_EDGE ( 'NONE', *, *, #2629, .F. ) ;
#226 = ORIENTED_EDGE ( 'NONE', *, *, #2501, .T. ) ;
#227 = ORIENTED_EDGE ( 'NONE', *, *, #2761, .T. ) ;
#228 = ORIENTED_EDGE ( 'NONE', *, *, #2809, .F. ) ;
#229 = ORIENTED_EDGE ( 'NONE', *, *, #2782, .T. ) ;
#230 = ORIENTED_EDGE ( 'NONE', *, *, #2573, .T. ) ;
#231 = ORIENTED_EDGE ( 'NONE', *, *, #2756, .T. ) ;
#232 = ORIENTED_EDGE ( 'NONE', *, *, #2755, .F. ) ;
#233 =( NAMED_UNIT ( * ) PLANE_ANGLE_UNIT ( ) SI_UNIT ( $, .RADIAN. ) );
#234 = ORIENTED_EDGE ( 'NONE', *, *, #2573, .F. ) ;
#235 = ORIENTED_EDGE ( 'NONE', *, *, #2793, .T. ) ;
#236 = ORIENTED_EDGE ( 'NONE', *, *, #2606, .T. ) ;
#237 = ORIENTED_EDGE ( 'NONE', *, *, #2793, .F. ) ;
#238 = ORIENTED_EDGE ( 'NONE', *, *, #2801, .F. ) ;
#239 = ORIENTED_EDGE ( 'NONE', *, *, #2575, .F. ) ;
#240 = ORIENTED_EDGE ( 'NONE', *, *, #2509, .T. ) ;
#241 = ORIENTED_EDGE ( 'NONE', *, *, #2504, .F. ) ;
#242 = ORIENTED_EDGE ( 'NONE', *, *, #2604, .T. ) ;
#243 = ORIENTED_EDGE ( 'NONE', *, *, #2704, .T. ) ;
#244 = ORIENTED_EDGE ( 'NONE', *, *, #2538, .F. ) ;
#245 = ORIENTED_EDGE ( 'NONE', *, *, #2621, .T. ) ;
#246 = ORIENTED_EDGE ( 'NONE', *, *, #2574, .F. ) ;
#247 = ORIENTED_EDGE ( 'NONE', *, *, #2760, .T. ) ;
#248 = ORIENTED_EDGE ( 'NONE', *, *, #2765, .F. ) ;
#249 = ORIENTED_EDGE ( 'NONE', *, *, #2588, .F. ) ;
#250 = ORIENTED_EDGE ( 'NONE', *, *, #2748, .F. ) ;
#251 = ORIENTED_EDGE ( 'NONE', *, *, #2815, .T. ) ;
#252 = ORIENTED_EDGE ( 'NONE', *, *, #2542, .T. ) ;
#253 = ORIENTED_EDGE ( 'NONE', *, *, #2783, .F. ) ;
#254 = ORIENTED_EDGE ( 'NONE', *, *, #2754, .T. ) ;
#255 = ORIENTED_EDGE ( 'NONE', *, *, #2506, .T. ) ;
#256 = ORIENTED_EDGE ( 'NONE', *, *, #2615, .F. ) ;
#257 = ORIENTED_EDGE ( 'NONE', *, *, #2787, .T. ) ;
#258 =( LENGTH_UNIT ( ) NAMED_UNIT ( * ) SI_UNIT ( .MILLI., .METRE. ) );
#259 = ORIENTED_EDGE ( 'NONE', *, *, #2777, .F. ) ;
#260 = ORIENTED_EDGE ( 'NONE', *, *, #2594, .F. ) ;
#261 = ORIENTED_EDGE ( 'NONE', *, *, #2572, .T. ) ;
#262 = ORIENTED_EDGE ( 'NONE', *, *, #2509, .F. ) ;
#263 = ORIENTED_EDGE ( 'NONE', *, *, #2759, .F. ) ;
#264 = SURFACE_SIDE_STYLE ('',( #271 ) ) ;
#265 = ORIENTED_EDGE ( 'NONE', *, *, #2608, .T. ) ;
#266 = ORIENTED_EDGE ( 'NONE', *, *, #2604, .F. ) ;
#267 = ORIENTED_EDGE ( 'NONE', *, *, #2545, .T. ) ;
#268 = ORIENTED_EDGE ( 'NONE', *, *, #2702, .T. ) ;
#269 = ORIENTED_EDGE ( 'NONE', *, *, #2758, .F. ) ;
#270 = ORIENTED_EDGE ( 'NONE', *, *, #2515, .F. ) ;
#271 = SURFACE_STYLE_FILL_AREA ( #11 ) ;
#272 = ORIENTED_EDGE ( 'NONE', *, *, #2755, .T. ) ;
#273 = ORIENTED_EDGE ( 'NONE', *, *, #2748, .T. ) ;
#274 = ORIENTED_EDGE ( 'NONE', *, *, #2505, .T. ) ;
#275 = ORIENTED_EDGE ( 'NONE', *, *, #2784, .F. ) ;
#276 = CARTESIAN_POINT ( 'NONE',  ( -0.7999999999999998200, 0.3792893218813453400, 0.03284271247461887500 ) ) ;
#277 = CARTESIAN_POINT ( 'NONE',  ( -0.5999999999999999800, 0.0000000000000000000, 0.4500000000000000100 ) ) ;
#278 = CARTESIAN_POINT ( 'NONE',  ( -0.7500000000000000000, 0.3499999999999999800, 0.8500000000000000900 ) ) ;
#279 = CARTESIAN_POINT ( 'NONE',  ( -0.7999999999999998200, 0.3671572875253809600, 0.02071067811865468600 ) ) ;
#280 = DIRECTION ( 'NONE',  ( 1.000000000000000000, 0.0000000000000000000, 0.0000000000000000000 ) ) ;
#281 = DIRECTION ( 'NONE',  ( 0.0000000000000000000, -1.224646799147353200E-016, -1.000000000000000000 ) ) ;
#282 = DIRECTION ( 'NONE',  ( 1.000000000000000000, 2.211785218056650000E-030, -0.0000000000000000000 ) ) ;
#283 = CARTESIAN_POINT ( 'NONE',  ( -0.7792893218813449200, 0.4000000000000000200, 0.02071067811865463800 ) ) ;
#284 = CARTESIAN_POINT ( 'NONE',  ( -0.8000000000000000400, 0.3499999999999999800, 0.02071067811865475600 ) ) ;
#285 = CARTESIAN_POINT ( 'NONE',  ( -0.7792893218813452500, 0.4000000000000000200, 0.04999999999999991300 ) ) ;
#286 = CARTESIAN_POINT ( 'NONE',  ( -0.6500000000000001300, -0.4000000000000000200, 0.8500000000000000900 ) ) ;
#287 = CARTESIAN_POINT ( 'NONE',  ( -0.4999999999999998900, -0.3499999999999999200, 0.8899999999999999000 ) ) ;
#288 = PRESENTATION_STYLE_ASSIGNMENT (( #414 ) ) ;
#289 = SURFACE_STYLE_FILL_AREA ( #290 ) ;
#290 = FILL_AREA_STYLE ('',( #302 ) ) ;
#291 = DIRECTION ( 'NONE',  ( -1.000000000000000000, 0.0000000000000000000, 1.224646799147350000E-016 ) ) ;
#292 = CARTESIAN_POINT ( 'NONE',  ( 0.5099999999999999000, -0.3792893218813454000, 0.9000000000000000200 ) ) ;
#293 = CARTESIAN_POINT ( 'NONE',  ( 0.5099999999999999000, -0.3500000000000000300, 0.9000000000000002400 ) ) ;
#294 = CARTESIAN_POINT ( 'NONE',  ( -0.6500000000000001300, -0.3500000000000000300, 1.836970198721029700E-017 ) ) ;
#295 =( NAMED_UNIT ( * ) PLANE_ANGLE_UNIT ( ) SI_UNIT ( $, .RADIAN. ) );
#296 = SURFACE_SIDE_STYLE ('',( #289 ) ) ;
#297 = DIRECTION ( 'NONE',  ( 1.000000000000000000, -0.0000000000000000000, -0.0000000000000000000 ) ) ;
#298 = DIRECTION ( 'NONE',  ( 0.0000000000000000000, 0.0000000000000000000, -1.000000000000000000 ) ) ;
#299 = DIRECTION ( 'NONE',  ( 0.0000000000000000000, 0.0000000000000000000, 1.000000000000000000 ) ) ;
#300 = CARTESIAN_POINT ( 'NONE',  ( -0.6500000000000001300, -0.4000000000000000200, 0.9000000000000000200 ) ) ;
#301 = DIRECTION ( 'NONE',  ( 1.000000000000000000, 0.0000000000000000000, 0.0000000000000000000 ) ) ;
#302 = FILL_AREA_STYLE_COLOUR ( '', #2771 ) ;
#303 = LINE ( 'NONE', #308, #2965 ) ;
#304 = DIRECTION ( 'NONE',  ( 1.541976423090500100E-016, -1.543724941603920000E-031, -1.000000000000000000 ) ) ;
#305 = SURFACE_STYLE_USAGE ( .BOTH. , #296 ) ;
#306 = PLANE ( 'NONE',  #2947 ) ;
#307 = DIRECTION ( 'NONE',  ( 1.000000000000000000, 0.0000000000000000000, -0.0000000000000000000 ) ) ;
#308 = CARTESIAN_POINT ( 'NONE',  ( -0.8000000000000000400, -0.3500000000000000300, 0.4500000000000000100 ) ) ;
#309 = CARTESIAN_POINT ( 'NONE',  ( -0.7500000000000000000, 0.3500000000000000300, 0.05000000000000002400 ) ) ;
#310 = DIRECTION ( 'NONE',  ( 1.000000000000000000, 0.0000000000000000000, 0.0000000000000000000 ) ) ;
#311 = DIRECTION ( 'NONE',  ( 0.0000000000000000000, 1.000000000000000000, -1.836970198721029700E-016 ) ) ;
#312 = CARTESIAN_POINT ( 'NONE',  ( -0.7500000000000000000, 0.3500000000000000300, 0.8500000000000000900 ) ) ;
#313 = LINE ( 'NONE', #286, #2974 ) ;
#314 = CARTESIAN_POINT ( 'NONE',  ( 0.5099999999999999000, -0.4000000000000001900, 0.8792893218813453400 ) ) ;
#315 = SURFACE_STYLE_USAGE ( .BOTH. , #418 ) ;
#316 =( NAMED_UNIT ( * ) PLANE_ANGLE_UNIT ( ) SI_UNIT ( $, .RADIAN. ) );
#317 = LINE ( 'NONE', #356, #2967 ) ;
#318 = PRESENTATION_STYLE_ASSIGNMENT (( #315 ) ) ;
#319 = DIRECTION ( 'NONE',  ( 1.000000000000000000, 4.455509572836029900E-032, -2.775557561562889900E-016 ) ) ;
#320 = DIRECTION ( 'NONE',  ( 0.0000000000000000000, 0.0000000000000000000, 1.000000000000000000 ) ) ;
#321 = DIRECTION ( 'NONE',  ( 1.000000000000000000, 0.0000000000000000000, 0.0000000000000000000 ) ) ;
#322 = CARTESIAN_POINT ( 'NONE',  ( 0.5099999999999999000, -0.3500000000000000300, 0.05000000000000000300 ) ) ;
#323 = LINE ( 'NONE', #324, #2969 ) ;
#324 = CARTESIAN_POINT ( 'NONE',  ( -0.6500000000000001300, -0.4000000000000000800, 0.05000000000000001000 ) ) ;
#325 = DIRECTION ( 'NONE',  ( -1.000000000000000000, -0.0000000000000000000, -0.0000000000000000000 ) ) ;
#326 = DIRECTION ( 'NONE',  ( 0.0000000000000000000, 1.000000000000000000, 0.0000000000000000000 ) ) ;
#327 = DIRECTION ( 'NONE',  ( -1.000000000000000000, -2.211785218056650000E-030, 1.224646799147350000E-016 ) ) ;
#328 = CARTESIAN_POINT ( 'NONE',  ( -0.7500000000000000000, 0.3500000000000000300, 2.032879073410320800E-017 ) ) ;
#329 = CARTESIAN_POINT ( 'NONE',  ( -0.7500000000000000000, -0.3500000000000000300, 0.05000000000000000300 ) ) ;
#330 = DIRECTION ( 'NONE',  ( 0.0000000000000000000, 1.000000000000000000, 0.0000000000000000000 ) ) ;
#331 = LINE ( 'NONE', #333, #2971 ) ;
#332 = CARTESIAN_POINT ( 'NONE',  ( -0.7500000000000000000, 0.3792893218813452900, 2.032879073410320800E-017 ) ) ;
#333 = CARTESIAN_POINT ( 'NONE',  ( -0.7500000000000000000, -0.4000000000000000200, 3.061616997868379300E-017 ) ) ;
#334 = DIRECTION ( 'NONE',  ( -0.0000000000000000000, 1.000000000000000000, 0.0000000000000000000 ) ) ;
#335 = CARTESIAN_POINT ( 'NONE',  ( -0.7500000000000000000, 0.4000000000000000800, 0.05000000000000002400 ) ) ;
#336 = CARTESIAN_POINT ( 'NONE',  ( -0.7500000000000000000, 0.4000000000000000800, 0.02071067811865474500 ) ) ;
#337 = CARTESIAN_POINT ( 'NONE',  ( -0.7792893218813452500, 0.3499999999999999800, 1.853533701954390800E-017 ) ) ;
#338 = DIRECTION ( 'NONE',  ( 0.0000000000000000000, 1.000000000000000000, 0.0000000000000000000 ) ) ;
#339 = LINE ( 'NONE', #294, #2972 ) ;
#340 = CARTESIAN_POINT ( 'NONE',  ( -0.7792893218813449200, 0.3792893218813451800, -4.497575580921961100E-017 ) ) ;
#341 = CARTESIAN_POINT ( 'NONE',  ( 0.4999999999999998300, -0.3958578643762692400, 0.8768629150101526800 ) ) ;
#342 = CARTESIAN_POINT ( 'NONE',  ( 0.4999999999999998300, -0.3768629150101525100, 0.8958578643762693500 ) ) ;
#343 =( NAMED_UNIT ( * ) SI_UNIT ( $, .STERADIAN. ) SOLID_ANGLE_UNIT ( ) );
#344 =( NAMED_UNIT ( * ) SI_UNIT ( $, .STERADIAN. ) SOLID_ANGLE_UNIT ( ) );
#345 =( NAMED_UNIT ( * ) PLANE_ANGLE_UNIT ( ) SI_UNIT ( $, .RADIAN. ) );
#346 = CARTESIAN_POINT ( 'NONE',  ( 0.4999999999999997800, -0.3500000000000000900, 0.8958578643762692400 ) ) ;
#347 = CARTESIAN_POINT ( 'NONE',  ( 0.5099999999999999000, -0.4000000000000001900, 0.8500000000000000900 ) ) ;
#348 =( LENGTH_UNIT ( ) NAMED_UNIT ( * ) SI_UNIT ( .MILLI., .METRE. ) );
#349 = DIRECTION ( 'NONE',  ( -1.541976423090500100E-016, 5.678068750727049700E-032, -1.000000000000000000 ) ) ;
#350 = CARTESIAN_POINT ( 'NONE',  ( 0.5041421356237307800, -0.3500000000000000900, 0.9000000000000002400 ) ) ;
#351 =( LENGTH_UNIT ( ) NAMED_UNIT ( * ) SI_UNIT ( .MILLI., .METRE. ) );
#352 = CARTESIAN_POINT ( 'NONE',  ( 0.5041421356237307800, -0.3792893218813453400, 0.9000000000000001300 ) ) ;
#353 = CARTESIAN_POINT ( 'NONE',  ( 0.5041421356237307800, -0.4000000000000001900, 0.8792893218813454500 ) ) ;
#354 =( NAMED_UNIT ( * ) SI_UNIT ( $, .STERADIAN. ) SOLID_ANGLE_UNIT ( ) );
#355 = CARTESIAN_POINT ( 'NONE',  ( 0.5041421356237307800, -0.4000000000000001900, 0.8500000000000000900 ) ) ;
#356 = CARTESIAN_POINT ( 'NONE',  ( 8.906675633431024900E-015, 0.3400000000000000200, 0.8899999999999920200 ) ) ;
#357 =( NAMED_UNIT ( * ) PLANE_ANGLE_UNIT ( ) SI_UNIT ( $, .RADIAN. ) );
#358 = DIRECTION ( 'NONE',  ( -0.0000000000000000000, 1.224646799147353200E-016, -1.000000000000000000 ) ) ;
#359 =( LENGTH_UNIT ( ) NAMED_UNIT ( * ) SI_UNIT ( .MILLI., .METRE. ) );
#360 = PRESENTATION_STYLE_ASSIGNMENT (( #305 ) ) ;
#361 = DIRECTION ( 'NONE',  ( 0.0000000000000000000, 1.000000000000000000, 0.0000000000000000000 ) ) ;
#362 = CARTESIAN_POINT ( 'NONE',  ( 0.7500000000000000000, 0.3500000000000000300, 0.8500000000000000900 ) ) ;
#363 = DIRECTION ( 'NONE',  ( -1.000000000000000000, -0.0000000000000000000, -0.0000000000000000000 ) ) ;
#364 = DIRECTION ( 'NONE',  ( 0.0000000000000000000, -1.000000000000000000, 0.0000000000000000000 ) ) ;
#365 = FILL_AREA_STYLE ('',( #367 ) ) ;
#366 = SURFACE_STYLE_USAGE ( .BOTH. , #420 ) ;
#367 = FILL_AREA_STYLE_COLOUR ( '', #2775 ) ;
#368 = DIRECTION ( 'NONE',  ( -1.000000000000000000, -5.238018422545719700E-030, 0.0000000000000000000 ) ) ;
#369 = DIRECTION ( 'NONE',  ( 0.0000000000000000000, -1.000000000000000000, 0.0000000000000000000 ) ) ;
#370 = CARTESIAN_POINT ( 'NONE',  ( 0.7500000000000000000, 0.3500000000000000300, 0.05000000000000001700 ) ) ;
#371 = DIRECTION ( 'NONE',  ( -1.000000000000000000, -5.238018422545719700E-030, -1.224646799147350000E-016 ) ) ;
#372 = DIRECTION ( 'NONE',  ( 0.0000000000000000000, 1.000000000000000000, 0.0000000000000000000 ) ) ;
#373 = CARTESIAN_POINT ( 'NONE',  ( -0.5000000000000000000, 0.0000000000000000000, 0.4500000000000000100 ) ) ;
#374 = CARTESIAN_POINT ( 'NONE',  ( -0.7500000000000000000, -0.4000000000000000200, 0.8500000000000000900 ) ) ;
#375 =( NAMED_UNIT ( * ) SI_UNIT ( $, .STERADIAN. ) SOLID_ANGLE_UNIT ( ) );
#376 = DIRECTION ( 'NONE',  ( 0.0000000000000000000, 0.0000000000000000000, 1.000000000000000000 ) ) ;
#377 =( LENGTH_UNIT ( ) NAMED_UNIT ( * ) SI_UNIT ( .MILLI., .METRE. ) );
#378 = CARTESIAN_POINT ( 'NONE',  ( 0.4999999999999998900, -0.3500000000000000300, 0.8899999999999999000 ) ) ;
#379 = DIRECTION ( 'NONE',  ( 0.0000000000000000000, 0.0000000000000000000, -1.000000000000000000 ) ) ;
#380 = CARTESIAN_POINT ( 'NONE',  ( 0.4999999999999999400, -0.3734314575050761700, 0.8900000000000000100 ) ) ;
#381 = SURFACE_STYLE_USAGE ( .BOTH. , #382 ) ;
#382 = SURFACE_SIDE_STYLE ('',( #387 ) ) ;
#383 =( NAMED_UNIT ( * ) SI_UNIT ( $, .STERADIAN. ) SOLID_ANGLE_UNIT ( ) );
#384 = CARTESIAN_POINT ( 'NONE',  ( 0.4999999999999997800, -0.3958578643762691900, 0.8500000000000000900 ) ) ;
#385 = DIRECTION ( 'NONE',  ( 0.0000000000000000000, 0.0000000000000000000, -1.000000000000000000 ) ) ;
#386 = DIRECTION ( 'NONE',  ( 1.000000000000000000, -0.0000000000000000000, -0.0000000000000000000 ) ) ;
#387 = SURFACE_STYLE_FILL_AREA ( #390 ) ;
#388 = CARTESIAN_POINT ( 'NONE',  ( 0.8000000000000000400, 0.3500000000000000300, 0.4500000000000000100 ) ) ;
#389 =( LENGTH_UNIT ( ) NAMED_UNIT ( * ) SI_UNIT ( .MILLI., .METRE. ) );
#390 = FILL_AREA_STYLE ('',( #392 ) ) ;
#391 = SURFACE_STYLE_FILL_AREA ( #417 ) ;
#392 = FILL_AREA_STYLE_COLOUR ( '', #2500 ) ;
#393 = DIRECTION ( 'NONE',  ( 1.000000000000000000, 2.211785218056650000E-030, -1.224646799147350000E-016 ) ) ;
#394 = LINE ( 'NONE', #406, #2305 ) ;
#395 = CARTESIAN_POINT ( 'NONE',  ( 0.5099999999999999000, -0.4000000000000000200, 0.4500000000000000100 ) ) ;
#396 = LINE ( 'NONE', #395, #2267 ) ;
#397 = DIRECTION ( 'NONE',  ( 0.0000000000000000000, 1.543724941603920000E-031, 1.000000000000000000 ) ) ;
#398 = DIRECTION ( 'NONE',  ( -1.000000000000000000, -4.455509572836029900E-032, 2.775557561562889900E-016 ) ) ;
#399 = DIRECTION ( 'NONE',  ( 2.775557561562892300E-016, 0.0000000000000000000, 1.000000000000000000 ) ) ;
#400 = CARTESIAN_POINT ( 'NONE',  ( 0.4999999999999999400, -0.3900000000000000100, 0.8734314575050761100 ) ) ;
#401 = SURFACE_STYLE_FILL_AREA ( #365 ) ;
#402 = DIRECTION ( 'NONE',  ( 1.000000000000000000, 4.455509572836029900E-032, -2.775557561562889900E-016 ) ) ;
#403 = CARTESIAN_POINT ( 'NONE',  ( -0.7500000000000000000, -0.3500000000000000300, 0.05000000000000001700 ) ) ;
#404 = CARTESIAN_POINT ( 'NONE',  ( 8.892797845623210400E-015, -0.3400000000000000200, 0.8399999999999919800 ) ) ;
#405 = CARTESIAN_POINT ( 'NONE',  ( -0.8000000000000000400, 0.3792893218813454000, 0.04999999999999991300 ) ) ;
#406 = CARTESIAN_POINT ( 'NONE',  ( -0.6500000000000001300, -0.3500000000000000300, 0.9000000000000000200 ) ) ;
#407 = CARTESIAN_POINT ( 'NONE',  ( 0.5000000000000000000, -0.4000000000000000200, 0.8899999999999999000 ) ) ;
#408 = DIRECTION ( 'NONE',  ( 1.000000000000000000, 0.0000000000000000000, -0.0000000000000000000 ) ) ;
#409 = LINE ( 'NONE', #407, #2976 ) ;
#410 = CARTESIAN_POINT ( 'NONE',  ( -0.8000000000000000400, 0.3500000000000000300, 0.04999999999999999600 ) ) ;
#411 = DIRECTION ( 'NONE',  ( -0.0000000000000000000, 1.000000000000000000, 0.0000000000000000000 ) ) ;
#412 = CARTESIAN_POINT ( 'NONE',  ( -0.5099999999999999000, -0.3900000000000000700, 0.05000000000000000300 ) ) ;
#413 = DIRECTION ( 'NONE',  ( 0.0000000000000000000, 1.000000000000000000, 0.0000000000000000000 ) ) ;
#414 = SURFACE_STYLE_USAGE ( .BOTH. , #415 ) ;
#415 = SURFACE_SIDE_STYLE ('',( #416 ) ) ;
#416 = SURFACE_STYLE_FILL_AREA ( #423 ) ;
#417 = FILL_AREA_STYLE ('',( #432 ) ) ;
#418 = SURFACE_SIDE_STYLE ('',( #401 ) ) ;
#419 = PRESENTATION_STYLE_ASSIGNMENT (( #381 ) ) ;
#420 = SURFACE_SIDE_STYLE ('',( #391 ) ) ;
#421 =( NAMED_UNIT ( * ) PLANE_ANGLE_UNIT ( ) SI_UNIT ( $, .RADIAN. ) );
#422 = DIRECTION ( 'NONE',  ( 0.0000000000000000000, 2.168404344971008500E-015, -1.000000000000000000 ) ) ;
#423 = FILL_AREA_STYLE ('',( #424 ) ) ;
#424 = FILL_AREA_STYLE_COLOUR ( '', #2764 ) ;
#425 = CARTESIAN_POINT ( 'NONE',  ( -0.4999999999999889500, 0.3400000000000000200, 0.8399999999999920900 ) ) ;
#426 = CARTESIAN_POINT ( 'NONE',  ( -0.5099999999999999000, 0.3500000000000000300, 0.8500000000000000900 ) ) ;
#427 = CARTESIAN_POINT ( 'NONE',  ( -0.5000000000000000000, -0.4000000000000000200, 0.01000000000000002600 ) ) ;
#428 = CARTESIAN_POINT ( 'NONE',  ( -0.8000000000000000400, 0.3500000000000000900, 0.04999999999999996800 ) ) ;
#429 = DIRECTION ( 'NONE',  ( -0.0000000000000000000, -1.000000000000000000, -0.0000000000000000000 ) ) ;
#430 = CARTESIAN_POINT ( 'NONE',  ( -0.8000000000000001600, 0.3500000000000001400, 0.04999999999999994000 ) ) ;
#431 = LINE ( 'NONE', #427, #2274 ) ;
#432 = FILL_AREA_STYLE_COLOUR ( '', #2493 ) ;
#433 = DIRECTION ( 'NONE',  ( 0.0000000000000000000, 0.0000000000000000000, 1.000000000000000000 ) ) ;
#434 = FILL_AREA_STYLE ('',( #438 ) ) ;
#435 = DIRECTION ( 'NONE',  ( 0.0000000000000000000, 1.000000000000000000, -0.0000000000000000000 ) ) ;
#436 = CARTESIAN_POINT ( 'NONE',  ( 0.4999999999999998900, -0.3899999999999999600, 0.8500000000000000900 ) ) ;
#437 = PRESENTATION_STYLE_ASSIGNMENT (( #366 ) ) ;
#438 = FILL_AREA_STYLE_COLOUR ( '', #2498 ) ;
#439 = CARTESIAN_POINT ( 'NONE',  ( 0.5099999999999999000, -0.4000000000000000200, 0.9000000000000000200 ) ) ;
#440 = DIRECTION ( 'NONE',  ( 0.0000000000000000000, 1.000000000000000000, 0.0000000000000000000 ) ) ;
#441 = FILL_AREA_STYLE_COLOUR ( '', #2499 ) ;
#442 = DIRECTION ( 'NONE',  ( 1.541976423090500100E-016, -5.678068750727049700E-032, 1.000000000000000000 ) ) ;
#443 = FILL_AREA_STYLE ('',( #441 ) ) ;
#444 = DIRECTION ( 'NONE',  ( -1.000000000000000000, 2.168404344971007700E-015, 1.355252715606879800E-016 ) ) ;
#445 = CARTESIAN_POINT ( 'NONE',  ( -0.7500000000000000000, 0.3500000000000000300, 0.05000000000000001700 ) ) ;
#446 = LINE ( 'NONE', #450, #2258 ) ;
#447 = SURFACE_SIDE_STYLE ('',( #471 ) ) ;
#448 = DIRECTION ( 'NONE',  ( -1.214306433183780000E-014, 0.0000000000000000000, -1.000000000000000000 ) ) ;
#449 = LINE ( 'NONE', #453, #2260 ) ;
#450 = CARTESIAN_POINT ( 'NONE',  ( 0.5000000000000050000, -0.3900000000000000100, 0.4499999999999960100 ) ) ;
#451 = PRESENTATION_STYLE_ASSIGNMENT (( #452 ) ) ;
#452 = SURFACE_STYLE_USAGE ( .BOTH. , #447 ) ;
#453 = CARTESIAN_POINT ( 'NONE',  ( -0.7500000000000000000, 0.4000000000000000200, 0.4500000000000000100 ) ) ;
#454 = DIRECTION ( 'NONE',  ( 1.255866852996754500E-061, -5.678068750727080400E-032, 1.000000000000000000 ) ) ;
#455 = DIRECTION ( 'NONE',  ( 1.541976423090500100E-016, -5.678068750727049700E-032, 1.000000000000000000 ) ) ;
#456 = LINE ( 'NONE', #458, #2262 ) ;
#457 =( LENGTH_UNIT ( ) NAMED_UNIT ( * ) SI_UNIT ( .MILLI., .METRE. ) );
#458 = CARTESIAN_POINT ( 'NONE',  ( -0.8000000000000000400, 0.3500000000000000300, 0.4500000000000000100 ) ) ;
#459 = DIRECTION ( 'NONE',  ( 1.000000000000000000, 2.211785218056650000E-030, -1.224646799147350000E-016 ) ) ;
#460 = DIRECTION ( 'NONE',  ( 0.0000000000000000000, 0.0000000000000000000, -1.000000000000000000 ) ) ;
#461 =( NAMED_UNIT ( * ) PLANE_ANGLE_UNIT ( ) SI_UNIT ( $, .RADIAN. ) );
#462 = LINE ( 'NONE', #465, #2265 ) ;
#463 = CARTESIAN_POINT ( 'NONE',  ( -0.7500000000000000000, -0.3500000000000000300, 0.05000000000000000300 ) ) ;
#464 = DIRECTION ( 'NONE',  ( -0.0000000000000000000, -1.000000000000000000, -0.0000000000000000000 ) ) ;
#465 = CARTESIAN_POINT ( 'NONE',  ( -0.8000000000000000400, -0.4000000000000000200, 0.8500000000000000900 ) ) ;
#466 = DIRECTION ( 'NONE',  ( 0.0000000000000000000, 1.000000000000000000, 0.0000000000000000000 ) ) ;
#467 =( NAMED_UNIT ( * ) SI_UNIT ( $, .STERADIAN. ) SOLID_ANGLE_UNIT ( ) );
#468 = DIRECTION ( 'NONE',  ( 0.0000000000000000000, 0.0000000000000000000, 1.000000000000000000 ) ) ;
#469 = DIRECTION ( 'NONE',  ( 0.0000000000000000000, 0.0000000000000000000, 1.000000000000000000 ) ) ;
#470 = CARTESIAN_POINT ( 'NONE',  ( 0.5000000000000000000, -0.3896639445358575600, 0.02718005887098876400 ) ) ;
#471 = SURFACE_STYLE_FILL_AREA ( #443 ) ;
#472 = CARTESIAN_POINT ( 'NONE',  ( -0.8000000000000001600, 0.3500000000000000900, 0.04999999999999999600 ) ) ;
#473 = CARTESIAN_POINT ( 'NONE',  ( -0.5099999999999999000, -0.3900000000000000100, 0.8500000000000000900 ) ) ;
#474 = SURFACE_STYLE_FILL_AREA ( #434 ) ;
#475 = DIRECTION ( 'NONE',  ( -0.0000000000000000000, 5.678068750727080400E-032, -1.000000000000000000 ) ) ;
#476 = DIRECTION ( 'NONE',  ( 0.0000000000000000000, -1.000000000000000000, 0.0000000000000000000 ) ) ;
#477 = SURFACE_SIDE_STYLE ('',( #474 ) ) ;
#478 = CARTESIAN_POINT ( 'NONE',  ( 0.5000000000000000000, -0.3500000000000000300, 0.01000000000000002600 ) ) ;
#479 = SURFACE_STYLE_USAGE ( .BOTH. , #477 ) ;
#480 = PRESENTATION_STYLE_ASSIGNMENT (( #479 ) ) ;
#481 = CARTESIAN_POINT ( 'NONE',  ( 0.5000000000000000000, -0.3720123998107980300, 0.01032416329181170900 ) ) ;
#482 = CARTESIAN_POINT ( 'NONE',  ( -0.7500000000000000000, -0.4000000000000000200, 0.05000000000000000300 ) ) ;
#483 = LINE ( 'NONE', #439, #2257 ) ;
#484 = DIRECTION ( 'NONE',  ( 0.0000000000000000000, 1.000000000000000000, 0.0000000000000000000 ) ) ;
#485 = LINE ( 'NONE', #388, #2269 ) ;
#486 = CARTESIAN_POINT ( 'NONE',  ( -0.5099999999999999000, -0.3500000000000000300, 0.8500000000000000900 ) ) ;
#487 =( NAMED_UNIT ( * ) SI_UNIT ( $, .STERADIAN. ) SOLID_ANGLE_UNIT ( ) );
#488 = CARTESIAN_POINT ( 'NONE',  ( -0.7500000000000001100, 0.3500000000000000300, 0.05000000000000002400 ) ) ;
#489 = DIRECTION ( 'NONE',  ( 0.0000000000000000000, 0.0000000000000000000, 1.000000000000000000 ) ) ;
#490 =( NAMED_UNIT ( * ) PLANE_ANGLE_UNIT ( ) SI_UNIT ( $, .RADIAN. ) );
#491 = DIRECTION ( 'NONE',  ( 0.0000000000000000000, 1.000000000000000000, 0.0000000000000000000 ) ) ;
#492 = LINE ( 'NONE', #493, #2255 ) ;
#493 = CARTESIAN_POINT ( 'NONE',  ( 0.7500000000000000000, -0.4000000000000000200, 0.9000000000000000200 ) ) ;
#494 = CARTESIAN_POINT ( 'NONE',  ( 0.4999999999999996700, -0.3900000000000000100, 0.009999999999999863200 ) ) ;
#495 =( LENGTH_UNIT ( ) NAMED_UNIT ( * ) SI_UNIT ( .MILLI., .METRE. ) );
#496 = LINE ( 'NONE', #494, #2254 ) ;
#497 = CARTESIAN_POINT ( 'NONE',  ( 0.7500000000000000000, -0.3500000000000000300, 0.8500000000000000900 ) ) ;
#498 = CARTESIAN_POINT ( 'NONE',  ( 0.5000000000000000000, -0.3900000000000000100, 0.05000000000000002400 ) ) ;
#499 = PRESENTATION_STYLE_ASSIGNMENT (( #970 ) ) ;
#500 =( LENGTH_UNIT ( ) NAMED_UNIT ( * ) SI_UNIT ( .MILLI., .METRE. ) );
#501 = DIRECTION ( 'NONE',  ( 0.0000000000000000000, 1.000000000000000000, 0.0000000000000000000 ) ) ;
#502 = SURFACE_SIDE_STYLE ('',( #524 ) ) ;
#503 = FILL_AREA_STYLE_COLOUR ( '', #2612 ) ;
#504 = FILL_AREA_STYLE ('',( #503 ) ) ;
#505 = SURFACE_STYLE_USAGE ( .BOTH. , #502 ) ;
#506 = FILL_AREA_STYLE ('',( #530 ) ) ;
#507 = PRESENTATION_STYLE_ASSIGNMENT (( #644 ) ) ;
#508 = PRESENTATION_STYLE_ASSIGNMENT (( #509 ) ) ;
#509 = SURFACE_STYLE_USAGE ( .BOTH. , #510 ) ;
#510 = SURFACE_SIDE_STYLE ('',( #514 ) ) ;
#511 = FILL_AREA_STYLE_COLOUR ( '', #2490 ) ;
#512 = FILL_AREA_STYLE_COLOUR ( '', #2495 ) ;
#513 = FILL_AREA_STYLE ('',( #511 ) ) ;
#514 = SURFACE_STYLE_FILL_AREA ( #516 ) ;
#515 = DIRECTION ( 'NONE',  ( 0.0000000000000000000, -1.000000000000000000, 0.0000000000000000000 ) ) ;
#516 = FILL_AREA_STYLE ('',( #512 ) ) ;
#517 = PLANE ( 'NONE',  #2900 ) ;
#518 = SURFACE_STYLE_FILL_AREA ( #504 ) ;
#519 = PRESENTATION_STYLE_ASSIGNMENT (( #505 ) ) ;
#520 = SURFACE_SIDE_STYLE ('',( #518 ) ) ;
#521 = CARTESIAN_POINT ( 'NONE',  ( -0.5099999999999999000, -0.3900000000000000100, 0.4500000000000000100 ) ) ;
#522 = SURFACE_STYLE_USAGE ( .BOTH. , #520 ) ;
#523 = DIRECTION ( 'NONE',  ( 0.0000000000000000000, -1.543724941603920000E-031, -1.000000000000000000 ) ) ;
#524 = SURFACE_STYLE_FILL_AREA ( #631 ) ;
#525 = DIRECTION ( 'NONE',  ( 1.000000000000000000, 0.0000000000000000000, -1.214306433183780000E-014 ) ) ;
#526 =( NAMED_UNIT ( * ) SI_UNIT ( $, .STERADIAN. ) SOLID_ANGLE_UNIT ( ) );
#527 = SURFACE_STYLE_FILL_AREA ( #506 ) ;
#528 = PRESENTATION_STYLE_ASSIGNMENT (( #522 ) ) ;
#529 =( LENGTH_UNIT ( ) NAMED_UNIT ( * ) SI_UNIT ( .MILLI., .METRE. ) );
#530 = FILL_AREA_STYLE_COLOUR ( '', #2489 ) ;
#531 = CARTESIAN_POINT ( 'NONE',  ( 0.5000000000000050000, -0.3900000000000000100, 0.4499999999999960100 ) ) ;
#532 = CARTESIAN_POINT ( 'NONE',  ( -0.6500000000000001300, -0.3500000000000000300, 0.8500000000000000900 ) ) ;
#533 =( LENGTH_UNIT ( ) NAMED_UNIT ( * ) SI_UNIT ( .MILLI., .METRE. ) );
#534 = FILL_AREA_STYLE_COLOUR ( '', #2613 ) ;
#535 =( NAMED_UNIT ( * ) PLANE_ANGLE_UNIT ( ) SI_UNIT ( $, .RADIAN. ) );
#536 = PRESENTATION_STYLE_ASSIGNMENT (( #541 ) ) ;
#537 = SURFACE_SIDE_STYLE ('',( #540 ) ) ;
#538 = SURFACE_STYLE_USAGE ( .BOTH. , #537 ) ;
#539 =( LENGTH_UNIT ( ) NAMED_UNIT ( * ) SI_UNIT ( .MILLI., .METRE. ) );
#540 = SURFACE_STYLE_FILL_AREA ( #544 ) ;
#541 = SURFACE_STYLE_USAGE ( .BOTH. , #543 ) ;
#542 = PRESENTATION_STYLE_ASSIGNMENT (( #538 ) ) ;
#543 = SURFACE_SIDE_STYLE ('',( #546 ) ) ;
#544 = FILL_AREA_STYLE ('',( #534 ) ) ;
#545 = DIRECTION ( 'NONE',  ( 0.0000000000000000000, 1.930206093270799800E-031, 1.000000000000000000 ) ) ;
#546 = SURFACE_STYLE_FILL_AREA ( #547 ) ;
#547 = FILL_AREA_STYLE ('',( #549 ) ) ;
#548 = CARTESIAN_POINT ( 'NONE',  ( 0.7500000000000000000, -0.4000000000000000800, 0.8500000000000000900 ) ) ;
#549 = FILL_AREA_STYLE_COLOUR ( '', #2622 ) ;
#550 = DIRECTION ( 'NONE',  ( 0.0000000000000000000, 0.0000000000000000000, -1.000000000000000000 ) ) ;
#551 =( NAMED_UNIT ( * ) SI_UNIT ( $, .STERADIAN. ) SOLID_ANGLE_UNIT ( ) );
#552 = DIRECTION ( 'NONE',  ( -0.0000000000000000000, 1.000000000000000000, 6.123233995736766000E-017 ) ) ;
#553 =( LENGTH_UNIT ( ) NAMED_UNIT ( * ) SI_UNIT ( .MILLI., .METRE. ) );
#554 = SURFACE_STYLE_USAGE ( .BOTH. , #557 ) ;
#555 = CARTESIAN_POINT ( 'NONE',  ( 0.7500000000000000000, -0.4000000000000000800, 0.8792893218813453400 ) ) ;
#556 =( LENGTH_UNIT ( ) NAMED_UNIT ( * ) SI_UNIT ( .MILLI., .METRE. ) );
#557 = SURFACE_SIDE_STYLE ('',( #527 ) ) ;
#558 =( LENGTH_UNIT ( ) NAMED_UNIT ( * ) SI_UNIT ( .MILLI., .METRE. ) );
#559 = PRESENTATION_STYLE_ASSIGNMENT (( #661 ) ) ;
#560 = SURFACE_SIDE_STYLE ('',( #576 ) ) ;
#561 = SURFACE_STYLE_USAGE ( .BOTH. , #587 ) ;
#562 =( NAMED_UNIT ( * ) SI_UNIT ( $, .STERADIAN. ) SOLID_ANGLE_UNIT ( ) );
#563 = PRESENTATION_STYLE_ASSIGNMENT (( #561 ) ) ;
#564 = CARTESIAN_POINT ( 'NONE',  ( 0.7792893218813449200, 0.3792893218813452900, 0.8999999999999999100 ) ) ;
#565 = CARTESIAN_POINT ( 'NONE',  ( 0.7792893218813451400, 0.3500000000000000300, 0.9000000000000000200 ) ) ;
#566 =( NAMED_UNIT ( * ) PLANE_ANGLE_UNIT ( ) SI_UNIT ( $, .RADIAN. ) );
#567 = CARTESIAN_POINT ( 'NONE',  ( 0.7500000000000000000, 0.3500000000000000300, 0.9000000000000000200 ) ) ;
#568 = CARTESIAN_POINT ( 'NONE',  ( 0.7500000000000000000, 0.3792893218813452300, 0.9000000000000000200 ) ) ;
#569 = FILL_AREA_STYLE_COLOUR ( '', #2610 ) ;
#570 = CARTESIAN_POINT ( 'NONE',  ( 0.7500000000000000000, 0.4000000000000000800, 0.8792893218813453400 ) ) ;
#571 = CARTESIAN_POINT ( 'NONE',  ( 0.7500000000000000000, 0.4000000000000000800, 0.8500000000000000900 ) ) ;
#572 = FILL_AREA_STYLE ('',( #569 ) ) ;
#573 = SURFACE_STYLE_FILL_AREA ( #513 ) ;
#574 = DIRECTION ( 'NONE',  ( -1.000000000000000000, 0.0000000000000000000, 0.0000000000000000000 ) ) ;
#575 =( NAMED_UNIT ( * ) SI_UNIT ( $, .STERADIAN. ) SOLID_ANGLE_UNIT ( ) );
#576 = SURFACE_STYLE_FILL_AREA ( #572 ) ;
#577 = CARTESIAN_POINT ( 'NONE',  ( 0.5000000000000000000, -0.4000000000000000200, 0.4500000000000000100 ) ) ;
#578 = CARTESIAN_POINT ( 'NONE',  ( -0.4999999999999997200, -0.3768629150101522300, 0.8958578643762690200 ) ) ;
#579 =( NAMED_UNIT ( * ) PLANE_ANGLE_UNIT ( ) SI_UNIT ( $, .RADIAN. ) );
#580 = DIRECTION ( 'NONE',  ( -5.238018422545719700E-030, 1.000000000000000000, -1.543724941603920000E-031 ) ) ;
#581 =( NAMED_UNIT ( * ) PLANE_ANGLE_UNIT ( ) SI_UNIT ( $, .RADIAN. ) );
#582 = DIRECTION ( 'NONE',  ( -1.000000000000000000, -5.238018422545719700E-030, 0.0000000000000000000 ) ) ;
#583 = CARTESIAN_POINT ( 'NONE',  ( 0.7500000000000000000, -0.3500000000000000300, 0.05000000000000002400 ) ) ;
#584 = DIRECTION ( 'NONE',  ( -0.0000000000000000000, -1.000000000000000000, 1.836970198721029700E-016 ) ) ;
#585 = DIRECTION ( 'NONE',  ( 1.000000000000000000, 0.0000000000000000000, -1.761828530288943900E-015 ) ) ;
#586 =( NAMED_UNIT ( * ) SI_UNIT ( $, .STERADIAN. ) SOLID_ANGLE_UNIT ( ) );
#587 = SURFACE_SIDE_STYLE ('',( #573 ) ) ;
#588 = CARTESIAN_POINT ( 'NONE',  ( 0.7499999999999998900, -0.3500000000000000300, 0.8500000000000000900 ) ) ;
#589 = LINE ( 'NONE', #590, #2890 ) ;
#590 = CARTESIAN_POINT ( 'NONE',  ( 0.7500000000000000000, -0.4000000000000000200, 0.4500000000000000100 ) ) ;
#591 = CARTESIAN_POINT ( 'NONE',  ( 0.8000000000000000400, -0.3500000000000000300, 0.8500000000000000900 ) ) ;
#592 = CARTESIAN_POINT ( 'NONE',  ( -0.5041421356237307800, -0.3792893218813451800, 0.9000000000000002400 ) ) ;
#593 = CARTESIAN_POINT ( 'NONE',  ( -0.4999999999999997800, -0.3958578643762690200, 0.8500000000000000900 ) ) ;
#594 = DIRECTION ( 'NONE',  ( 8.086059683464648800E-061, -1.543724941603920000E-031, -1.000000000000000000 ) ) ;
#595 = DIRECTION ( 'NONE',  ( -1.000000000000000000, 0.0000000000000000000, 0.0000000000000000000 ) ) ;
#596 = DIRECTION ( 'NONE',  ( 1.541976423090500100E-016, -1.543724941603920000E-031, -1.000000000000000000 ) ) ;
#597 = CARTESIAN_POINT ( 'NONE',  ( 0.8000000000000001600, -0.3500000000000000300, 0.8500000000000000900 ) ) ;
#598 = CARTESIAN_POINT ( 'NONE',  ( -0.5041421356237308900, -0.3499999999999998100, 0.9000000000000000200 ) ) ;
#599 = CARTESIAN_POINT ( 'NONE',  ( 0.7500000000000000000, -0.3500000000000000300, 0.05000000000000001700 ) ) ;
#600 = CARTESIAN_POINT ( 'NONE',  ( 0.8000000000000001600, -0.3500000000000000300, 0.8500000000000000900 ) ) ;
#601 = CARTESIAN_POINT ( 'NONE',  ( 0.8000000000000001600, -0.3500000000000000300, 0.8792893218813452300 ) ) ;
#602 = CARTESIAN_POINT ( 'NONE',  ( 0.8000000000000000400, -0.3500000000000000300, 0.8500000000000000900 ) ) ;
#603 = DIRECTION ( 'NONE',  ( -1.000000000000000000, -2.211785218056650000E-030, 0.0000000000000000000 ) ) ;
#604 = CARTESIAN_POINT ( 'NONE',  ( 0.8000000000000000400, -0.3671572875253809600, 0.8792893218813453400 ) ) ;
#605 = CARTESIAN_POINT ( 'NONE',  ( 0.8000000000000000400, -0.3792893218813451800, 0.8671572875253811300 ) ) ;
#606 = CARTESIAN_POINT ( 'NONE',  ( 0.8000000000000001600, -0.3792893218813452300, 0.8500000000000002000 ) ) ;
#607 = CARTESIAN_POINT ( 'NONE',  ( 0.7792893218813451400, -0.3500000000000000300, 0.9000000000000000200 ) ) ;
#608 = CARTESIAN_POINT ( 'NONE',  ( 0.7792893218813449200, -0.3792893218813451800, 0.8999999999999999100 ) ) ;
#609 =( NAMED_UNIT ( * ) SI_UNIT ( $, .STERADIAN. ) SOLID_ANGLE_UNIT ( ) );
#610 = CARTESIAN_POINT ( 'NONE',  ( 0.7792893218813449200, -0.3999999999999999100, 0.8792893218813453400 ) ) ;
#611 = CARTESIAN_POINT ( 'NONE',  ( 0.7792893218813451400, -0.4000000000000000200, 0.8500000000000002000 ) ) ;
#612 = CARTESIAN_POINT ( 'NONE',  ( -0.4999999999999999400, -0.3734314575050761100, 0.8900000000000000100 ) ) ;
#613 = FILL_AREA_STYLE ('',( #647 ) ) ;
#614 =( NAMED_UNIT ( * ) SI_UNIT ( $, .STERADIAN. ) SOLID_ANGLE_UNIT ( ) );
#615 =( LENGTH_UNIT ( ) NAMED_UNIT ( * ) SI_UNIT ( .MILLI., .METRE. ) );
#616 = CARTESIAN_POINT ( 'NONE',  ( 0.7792893218813451400, 0.4000000000000000800, 0.8500000000000000900 ) ) ;
#617 = DIRECTION ( 'NONE',  ( 0.0000000000000000000, 0.0000000000000000000, 1.000000000000000000 ) ) ;
#618 = CARTESIAN_POINT ( 'NONE',  ( 7.005330122136139600E-015, 0.3900000000000000100, 0.4499999999999960100 ) ) ;
#619 = DIRECTION ( 'NONE',  ( 0.0000000000000000000, 1.000000000000000000, 0.0000000000000000000 ) ) ;
#620 = LINE ( 'NONE', #664, #2901 ) ;
#621 = DIRECTION ( 'NONE',  ( -4.455509572836029900E-032, 1.000000000000000000, -1.930206093270799800E-031 ) ) ;
#622 = CARTESIAN_POINT ( 'NONE',  ( 0.8000000000000000400, 0.3671572875253809600, 0.8792893218813452300 ) ) ;
#623 = DIRECTION ( 'NONE',  ( 0.0000000000000000000, -5.678068750727080400E-032, 1.000000000000000000 ) ) ;
#624 = CARTESIAN_POINT ( 'NONE',  ( 0.8000000000000000400, 0.3792893218813451800, 0.8671572875253811300 ) ) ;
#625 = CARTESIAN_POINT ( 'NONE',  ( 0.8000000000000001600, 0.3792893218813452300, 0.8500000000000000900 ) ) ;
#626 = FILL_AREA_STYLE_COLOUR ( '', #2496 ) ;
#627 = CARTESIAN_POINT ( 'NONE',  ( 0.8000000000000000400, 0.3500000000000000300, 0.8500000000000000900 ) ) ;
#628 =( NAMED_UNIT ( * ) SI_UNIT ( $, .STERADIAN. ) SOLID_ANGLE_UNIT ( ) );
#629 = CARTESIAN_POINT ( 'NONE',  ( 0.8000000000000001600, 0.3500000000000000300, 0.8500000000000000900 ) ) ;
#630 = DIRECTION ( 'NONE',  ( 0.0000000000000000000, 0.0000000000000000000, 1.000000000000000000 ) ) ;
#631 = FILL_AREA_STYLE ('',( #626 ) ) ;
#632 =( NAMED_UNIT ( * ) PLANE_ANGLE_UNIT ( ) SI_UNIT ( $, .RADIAN. ) );
#633 = CARTESIAN_POINT ( 'NONE',  ( 0.8000000000000001600, 0.3500000000000000300, 0.8500000000000000900 ) ) ;
#634 = PLANE ( 'NONE',  #2879 ) ;
#635 =( NAMED_UNIT ( * ) PLANE_ANGLE_UNIT ( ) SI_UNIT ( $, .RADIAN. ) );
#636 =( LENGTH_UNIT ( ) NAMED_UNIT ( * ) SI_UNIT ( .MILLI., .METRE. ) );
#637 = CARTESIAN_POINT ( 'NONE',  ( 0.8000000000000000400, 0.3500000000000000300, 0.8500000000000000900 ) ) ;
#638 = CARTESIAN_POINT ( 'NONE',  ( 0.7500000000000000000, -0.3792893218813452300, 0.9000000000000000200 ) ) ;
#639 = PRESENTATION_STYLE_ASSIGNMENT (( #554 ) ) ;
#640 = CARTESIAN_POINT ( 'NONE',  ( 0.7500000000000000000, -0.3500000000000000300, 0.9000000000000001300 ) ) ;
#641 =( NAMED_UNIT ( * ) PLANE_ANGLE_UNIT ( ) SI_UNIT ( $, .RADIAN. ) );
#642 =( LENGTH_UNIT ( ) NAMED_UNIT ( * ) SI_UNIT ( .MILLI., .METRE. ) );
#643 = SURFACE_STYLE_FILL_AREA ( #613 ) ;
#644 = SURFACE_STYLE_USAGE ( .BOTH. , #645 ) ;
#645 = SURFACE_SIDE_STYLE ('',( #643 ) ) ;
#646 =( NAMED_UNIT ( * ) PLANE_ANGLE_UNIT ( ) SI_UNIT ( $, .RADIAN. ) );
#647 = FILL_AREA_STYLE_COLOUR ( '', #2494 ) ;
#648 =( NAMED_UNIT ( * ) SI_UNIT ( $, .STERADIAN. ) SOLID_ANGLE_UNIT ( ) );
#649 = CARTESIAN_POINT ( 'NONE',  ( 0.6500000000000001300, 0.4000000000000000200, 0.4500000000000000100 ) ) ;
#650 =( LENGTH_UNIT ( ) NAMED_UNIT ( * ) SI_UNIT ( .MILLI., .METRE. ) );
#651 = PLANE ( 'NONE',  #2883 ) ;
#652 = PRESENTATION_STYLE_ASSIGNMENT (( #654 ) ) ;
#653 =( NAMED_UNIT ( * ) SI_UNIT ( $, .STERADIAN. ) SOLID_ANGLE_UNIT ( ) );
#654 = SURFACE_STYLE_USAGE ( .BOTH. , #656 ) ;
#655 = SURFACE_STYLE_FILL_AREA ( #657 ) ;
#656 = SURFACE_SIDE_STYLE ('',( #655 ) ) ;
#657 = FILL_AREA_STYLE ('',( #658 ) ) ;
#658 = FILL_AREA_STYLE_COLOUR ( '', #2611 ) ;
#659 = DIRECTION ( 'NONE',  ( -1.214306433183780000E-014, 0.0000000000000000000, -1.000000000000000000 ) ) ;
#660 =( NAMED_UNIT ( * ) PLANE_ANGLE_UNIT ( ) SI_UNIT ( $, .RADIAN. ) );
#661 = SURFACE_STYLE_USAGE ( .BOTH. , #560 ) ;
#662 = PLANE ( 'NONE',  #2918 ) ;
#663 = DIRECTION ( 'NONE',  ( 0.0000000000000000000, 1.000000000000000000, 0.0000000000000000000 ) ) ;
#664 = CARTESIAN_POINT ( 'NONE',  ( -0.5099999999999999000, -0.4000000000000000200, 0.0000000000000000000 ) ) ;
#665 = DIRECTION ( 'NONE',  ( 0.0000000000000000000, -1.000000000000000000, 0.0000000000000000000 ) ) ;
#666 = CARTESIAN_POINT ( 'NONE',  ( 0.5099999999999999000, 0.3900000000000000100, 0.4500000000000000100 ) ) ;
#667 = CARTESIAN_POINT ( 'NONE',  ( 0.7792893218813449200, 0.4000000000000000200, 0.8792893218813453400 ) ) ;
#668 = CARTESIAN_POINT ( 'NONE',  ( -0.4999999999999997800, -0.3499999999999998100, 0.8958578643762691300 ) ) ;
#669 = CARTESIAN_POINT ( 'NONE',  ( -0.5041421356237307800, -0.4000000000000000800, 0.8792893218813452300 ) ) ;
#670 = DIRECTION ( 'NONE',  ( 0.0000000000000000000, 0.0000000000000000000, 1.000000000000000000 ) ) ;
#671 =( NAMED_UNIT ( * ) SI_UNIT ( $, .STERADIAN. ) SOLID_ANGLE_UNIT ( ) );
#672 = CARTESIAN_POINT ( 'NONE',  ( -0.5099999999999999000, -0.3499999999999998100, 0.9000000000000002400 ) ) ;
#673 =( NAMED_UNIT ( * ) PLANE_ANGLE_UNIT ( ) SI_UNIT ( $, .RADIAN. ) );
#674 = CARTESIAN_POINT ( 'NONE',  ( -0.4999999999999997200, -0.3958578643762689600, 0.8768629150101524500 ) ) ;
#675 = DIRECTION ( 'NONE',  ( -1.000000000000000000, -5.238018422545719700E-030, -1.224646799147350000E-016 ) ) ;
#676 = CARTESIAN_POINT ( 'NONE',  ( -0.5041421356237308900, -0.4000000000000000200, 0.8500000000000000900 ) ) ;
#677 = CARTESIAN_POINT ( 'NONE',  ( -0.5000000000000000000, -0.3500000000000000300, 0.01000000000000001400 ) ) ;
#678 = CARTESIAN_POINT ( 'NONE',  ( -0.4999999999999998900, -0.3899999999999999600, 0.8500000000000000900 ) ) ;
#679 = CARTESIAN_POINT ( 'NONE',  ( -0.5000000000000000000, -0.3728199411290133400, 0.01033605546414351700 ) ) ;
#680 = CARTESIAN_POINT ( 'NONE',  ( -0.5000000000000000000, -0.3896758367081892800, 0.02798760018920422700 ) ) ;
#681 = CARTESIAN_POINT ( 'NONE',  ( -0.5000000000000000000, -0.3900000000000000100, 0.05000000000000001000 ) ) ;
#682 = CARTESIAN_POINT ( 'NONE',  ( -0.5099999999999999000, -0.3792893218813452900, 0.9000000000000002400 ) ) ;
#683 = CARTESIAN_POINT ( 'NONE',  ( -0.5099999999999999000, -0.4000000000000000800, 0.8500000000000000900 ) ) ;
#684 = CARTESIAN_POINT ( 'NONE',  ( -0.5099999999999999000, -0.4000000000000000800, 0.8792893218813453400 ) ) ;
#685 = LINE ( 'NONE', #689, #2893 ) ;
#686 = CARTESIAN_POINT ( 'NONE',  ( -0.4999999999999999400, -0.3900000000000000100, 0.8734314575050762300 ) ) ;
#687 = CARTESIAN_POINT ( 'NONE',  ( -0.5099999999999999000, 0.3499999999999999800, 0.01000000000000002600 ) ) ;
#688 = CARTESIAN_POINT ( 'NONE',  ( 0.8000000000000001600, 0.3500000000000000300, 0.8792893218813451200 ) ) ;
#689 = CARTESIAN_POINT ( 'NONE',  ( -0.4999999999999889500, 0.3900000000000000100, 0.4499999999999960100 ) ) ;
#690 = DIRECTION ( 'NONE',  ( 0.0000000000000000000, 1.930206093270799800E-031, 1.000000000000000000 ) ) ;
#691 = PRESENTATION_STYLE_ASSIGNMENT (( #735 ) ) ;
#692 = CARTESIAN_POINT ( 'NONE',  ( -0.7500000000000000000, -0.3500000000000000300, 0.4500000000000000100 ) ) ;
#693 =( NAMED_UNIT ( * ) SI_UNIT ( $, .STERADIAN. ) SOLID_ANGLE_UNIT ( ) );
#694 = CARTESIAN_POINT ( 'NONE',  ( -0.5000000000000000000, 9.584017729891277100E-018, 0.5282594437560612600 ) ) ;
#695 = FILL_AREA_STYLE_COLOUR ( '', #2634 ) ;
#696 = CARTESIAN_POINT ( 'NONE',  ( -0.7500000000000000000, -0.3500000000000000300, 0.9000000000000000200 ) ) ;
#697 = CARTESIAN_POINT ( 'NONE',  ( 0.5000000000000000000, -0.3900000000000000100, 0.8500000000000000900 ) ) ;
#698 = CARTESIAN_POINT ( 'NONE',  ( 0.5099999999999999000, 0.4000000000000000200, 0.8500000000000000900 ) ) ;
#699 = CARTESIAN_POINT ( 'NONE',  ( -0.5000000000000000000, -0.3500000000000000300, 0.8899999999999999000 ) ) ;
#700 = CARTESIAN_POINT ( 'NONE',  ( 0.5000000000000054400, 0.3900000000000000100, 0.05999999999999981000 ) ) ;
#701 = CARTESIAN_POINT ( 'NONE',  ( 0.8000000000000001600, -0.3500000000000000300, 0.05000000000000001000 ) ) ;
#702 =( NAMED_UNIT ( * ) SI_UNIT ( $, .STERADIAN. ) SOLID_ANGLE_UNIT ( ) );
#703 = CARTESIAN_POINT ( 'NONE',  ( -0.4999999999999889500, -0.3900000000000000100, 0.05999999999999617400 ) ) ;
#704 = CARTESIAN_POINT ( 'NONE',  ( -0.7500000000000000000, -0.4000000000000000200, 0.8500000000000000900 ) ) ;
#705 = CARTESIAN_POINT ( 'NONE',  ( 0.5000000000000098800, -0.3900000000000000100, 0.8399999999999924200 ) ) ;
#706 = CARTESIAN_POINT ( 'NONE',  ( 0.5000000000000000000, 0.3500000000000000300, 0.8899999999999999000 ) ) ;
#707 = PRESENTATION_STYLE_ASSIGNMENT (( #788 ) ) ;
#708 = CARTESIAN_POINT ( 'NONE',  ( -0.4999999999999889500, -0.3900000000000000100, 0.8399999999999925300 ) ) ;
#709 = CARTESIAN_POINT ( 'NONE',  ( 0.4999999999999997800, -0.3400000000000000200, 0.009999999999999840600 ) ) ;
#710 = CARTESIAN_POINT ( 'NONE',  ( -0.7500000000000000000, 0.3500000000000000300, 0.8500000000000000900 ) ) ;
#711 = DIRECTION ( 'NONE',  ( -2.211785218056650000E-030, 1.000000000000000000, 5.678068750727080400E-032 ) ) ;
#712 = PRESENTATION_STYLE_ASSIGNMENT (( #778 ) ) ;
#713 = CARTESIAN_POINT ( 'NONE',  ( -0.5000000000000000000, 0.3499999999999999800, 0.01000000000000002600 ) ) ;
#714 = CARTESIAN_POINT ( 'NONE',  ( 0.5099999999999999000, 0.4000000000000000800, 0.05000000000000000300 ) ) ;
#715 = CARTESIAN_POINT ( 'NONE',  ( 0.5000000000000000000, -0.3900000000000000100, 0.05999999999999981000 ) ) ;
#716 = DIRECTION ( 'NONE',  ( 1.000000000000000000, 2.211785218056650000E-030, -0.0000000000000000000 ) ) ;
#717 = CARTESIAN_POINT ( 'NONE',  ( -0.5099999999999999000, 0.4000000000000000200, 0.05000000000000001700 ) ) ;
#718 = CARTESIAN_POINT ( 'NONE',  ( 0.7999999999999999300, -0.3500000000000000300, 0.8500000000000000900 ) ) ;
#719 = CARTESIAN_POINT ( 'NONE',  ( 0.5099999999999999000, -0.3500000000000000300, -4.709780270642880000E-018 ) ) ;
#720 = CARTESIAN_POINT ( 'NONE',  ( 0.5099999999999999000, -0.4000000000000000200, 0.0000000000000000000 ) ) ;
#721 = CARTESIAN_POINT ( 'NONE',  ( -0.7999999999999999300, -0.3500000000000000300, 0.8500000000000000900 ) ) ;
#722 = CARTESIAN_POINT ( 'NONE',  ( -0.5099999999999999000, -0.3500000000000000300, -4.776035983738957500E-018 ) ) ;
#723 = SURFACE_STYLE_FILL_AREA ( #726 ) ;
#724 = FILL_AREA_STYLE_COLOUR ( '', #2680 ) ;
#725 =( NAMED_UNIT ( * ) PLANE_ANGLE_UNIT ( ) SI_UNIT ( $, .RADIAN. ) );
#726 = FILL_AREA_STYLE ('',( #695 ) ) ;
#727 = CARTESIAN_POINT ( 'NONE',  ( 0.4999999999999998900, 9.584017729891277100E-018, 0.5282594437560612600 ) ) ;
#728 = PLANE ( 'NONE',  #1926 ) ;
#729 = CARTESIAN_POINT ( 'NONE',  ( 0.7500000000000000000, -0.4000000000000000200, 0.05000000000000002400 ) ) ;
#730 = CARTESIAN_POINT ( 'NONE',  ( -0.7500000000000000000, -0.4000000000000000800, 0.05000000000000002400 ) ) ;
#731 = CARTESIAN_POINT ( 'NONE',  ( -0.4999999999999889500, 0.3400000000000000200, 0.8899999999999925700 ) ) ;
#732 = CARTESIAN_POINT ( 'NONE',  ( 0.8000000000000000400, 0.3500000000000000300, 0.05000000000000000300 ) ) ;
#733 = FILL_AREA_STYLE ('',( #738 ) ) ;
#734 = CARTESIAN_POINT ( 'NONE',  ( -0.5000000000000000000, 0.3900000000000000100, 0.8500000000000000900 ) ) ;
#735 = SURFACE_STYLE_USAGE ( .BOTH. , #803 ) ;
#736 = CARTESIAN_POINT ( 'NONE',  ( 0.7500000000000000000, -0.4000000000000000200, 0.8500000000000000900 ) ) ;
#737 = CARTESIAN_POINT ( 'NONE',  ( -0.5000000000000000000, 0.3900000000000000100, 0.05000000000000001700 ) ) ;
#738 = FILL_AREA_STYLE_COLOUR ( '', #2678 ) ;
#739 = DIRECTION ( 'NONE',  ( -0.0000000000000000000, -1.000000000000000000, -0.0000000000000000000 ) ) ;
#740 = CARTESIAN_POINT ( 'NONE',  ( 0.7500000000000000000, -0.3500000000000000300, 1.579785717606512200E-017 ) ) ;
#741 = CARTESIAN_POINT ( 'NONE',  ( 0.5000000000000000000, -0.3500000000000000300, 0.8899999999999999000 ) ) ;
#742 = CARTESIAN_POINT ( 'NONE',  ( -0.5000000000000000000, -0.3900000000000000100, 0.05000000000000001000 ) ) ;
#743 = CARTESIAN_POINT ( 'NONE',  ( -0.5000000000000000000, -0.3500000000000000300, 0.01000000000000001400 ) ) ;
#744 =( NAMED_UNIT ( * ) PLANE_ANGLE_UNIT ( ) SI_UNIT ( $, .RADIAN. ) );
#745 = CARTESIAN_POINT ( 'NONE',  ( -0.5099999999999999000, 0.3500000000000000300, -4.709780270642880000E-018 ) ) ;
#746 = CARTESIAN_POINT ( 'NONE',  ( 0.5000000000000102100, -0.3400000000000000200, 0.8899999999999919100 ) ) ;
#747 = CARTESIAN_POINT ( 'NONE',  ( 0.8000000000000000400, 0.3500000000000000300, 0.8500000000000000900 ) ) ;
#748 = CARTESIAN_POINT ( 'NONE',  ( 0.5000000000000106600, 0.3400000000000000200, 0.8899999999999919100 ) ) ;
#749 = CARTESIAN_POINT ( 'NONE',  ( 0.5000000000000000000, 0.3499999999999999800, 0.01000000000000001400 ) ) ;
#750 = DIRECTION ( 'NONE',  ( -1.541976423090500100E-016, 5.678068750727049700E-032, -1.000000000000000000 ) ) ;
#751 = CARTESIAN_POINT ( 'NONE',  ( -0.7500000000000000000, 0.3500000000000000300, 0.9000000000000000200 ) ) ;
#752 = CARTESIAN_POINT ( 'NONE',  ( -0.5099999999999999000, -0.4000000000000000800, 0.05000000000000000300 ) ) ;
#753 = CARTESIAN_POINT ( 'NONE',  ( 0.5099999999999999000, 0.4000000000000000200, 0.4500000000000000100 ) ) ;
#754 = SURFACE_SIDE_STYLE ('',( #723 ) ) ;
#755 = CARTESIAN_POINT ( 'NONE',  ( -0.5099999999999999000, 0.3499999999999999800, 0.9000000000000000200 ) ) ;
#756 = CARTESIAN_POINT ( 'NONE',  ( -0.5099999999999999000, 0.4000000000000000800, 0.8500000000000000900 ) ) ;
#757 = CARTESIAN_POINT ( 'NONE',  ( -0.5099999999999999000, -0.4000000000000000200, 0.8500000000000000900 ) ) ;
#758 =( LENGTH_UNIT ( ) NAMED_UNIT ( * ) SI_UNIT ( .MILLI., .METRE. ) );
#759 = CARTESIAN_POINT ( 'NONE',  ( -0.6500000000000001300, 0.4000000000000000200, 0.4500000000000000100 ) ) ;
#760 =( NAMED_UNIT ( * ) SI_UNIT ( $, .STERADIAN. ) SOLID_ANGLE_UNIT ( ) );
#761 = CARTESIAN_POINT ( 'NONE',  ( 0.7500000000000000000, 0.4000000000000000200, 0.8500000000000000900 ) ) ;
#762 = CARTESIAN_POINT ( 'NONE',  ( -0.7999999999999999300, 0.3500000000000000300, 0.8500000000000000900 ) ) ;
#763 =( NAMED_UNIT ( * ) PLANE_ANGLE_UNIT ( ) SI_UNIT ( $, .RADIAN. ) );
#764 =( LENGTH_UNIT ( ) NAMED_UNIT ( * ) SI_UNIT ( .MILLI., .METRE. ) );
#765 = CARTESIAN_POINT ( 'NONE',  ( -0.4999999999999889500, 0.3400000000000000200, 0.009999999999992525300 ) ) ;
#766 = DIRECTION ( 'NONE',  ( -1.000000000000000000, 0.0000000000000000000, 0.0000000000000000000 ) ) ;
#767 = CARTESIAN_POINT ( 'NONE',  ( 0.7500000000000000000, 0.3500000000000000300, 1.361401909483329600E-017 ) ) ;
#768 = CARTESIAN_POINT ( 'NONE',  ( -0.8000000000000000400, -0.3500000000000000300, 0.05000000000000000300 ) ) ;
#769 = CARTESIAN_POINT ( 'NONE',  ( -0.7500000000000000000, 0.4000000000000000200, 0.05000000000000001700 ) ) ;
#770 = CARTESIAN_POINT ( 'NONE',  ( 0.5000000000000000000, 0.3900000000000000100, 0.05000000000000001000 ) ) ;
#771 = CARTESIAN_POINT ( 'NONE',  ( -0.4999999999999891800, 0.3900000000000000100, 0.05999999999999617400 ) ) ;
#772 = CARTESIAN_POINT ( 'NONE',  ( 0.5099999999999999000, -0.3500000000000000300, 0.9000000000000000200 ) ) ;
#773 =( LENGTH_UNIT ( ) NAMED_UNIT ( * ) SI_UNIT ( .MILLI., .METRE. ) );
#774 = CARTESIAN_POINT ( 'NONE',  ( 0.5000000000000104400, 0.3900000000000000100, 0.8399999999999924200 ) ) ;
#775 = CARTESIAN_POINT ( 'NONE',  ( 0.5000000000000000000, 0.3900000000000000100, 0.8500000000000000900 ) ) ;
#776 = CARTESIAN_POINT ( 'NONE',  ( 0.5099999999999999000, 0.3499999999999999800, -4.776035983738957500E-018 ) ) ;
#777 = CARTESIAN_POINT ( 'NONE',  ( -0.4999999999999889500, -0.3400000000000000200, 0.8899999999999925700 ) ) ;
#778 = SURFACE_STYLE_USAGE ( .BOTH. , #754 ) ;
#779 = DIRECTION ( 'NONE',  ( 0.0000000000000000000, -1.000000000000000000, 0.0000000000000000000 ) ) ;
#780 = CARTESIAN_POINT ( 'NONE',  ( -0.4999999999999889500, 0.3900000000000000100, 0.8399999999999925300 ) ) ;
#781 = CARTESIAN_POINT ( 'NONE',  ( 0.5000000000000000000, -0.3900000000000000100, 0.05000000000000002400 ) ) ;
#782 = SURFACE_STYLE_FILL_AREA ( #733 ) ;
#783 = DIRECTION ( 'NONE',  ( -1.000000000000000000, -2.211785218056650000E-030, 0.0000000000000000000 ) ) ;
#784 = CARTESIAN_POINT ( 'NONE',  ( -0.7500000000000000000, 0.3500000000000000300, 1.579785717606512200E-017 ) ) ;
#785 = CARTESIAN_POINT ( 'NONE',  ( -0.7500000000000000000, -0.3500000000000000300, 1.361401909483329600E-017 ) ) ;
#786 = CARTESIAN_POINT ( 'NONE',  ( 0.5000000000000000000, -0.3500000000000000300, 0.01000000000000002600 ) ) ;
#787 = CARTESIAN_POINT ( 'NONE',  ( 0.5000000000000004400, 0.3400000000000000200, 0.009999999999999844100 ) ) ;
#788 = SURFACE_STYLE_USAGE ( .BOTH. , #801 ) ;
#789 = CARTESIAN_POINT ( 'NONE',  ( -0.5000000000000000000, 0.0000000000000000000, 0.3717405562439386500 ) ) ;
#790 = LINE ( 'NONE', #753, #2008 ) ;
#791 = CARTESIAN_POINT ( 'NONE',  ( -0.5099999999999999000, -0.3500000000000000300, 0.9000000000000000200 ) ) ;
#792 = CARTESIAN_POINT ( 'NONE',  ( 0.7500000000000000000, 0.4000000000000000800, 0.05000000000000002400 ) ) ;
#793 = LINE ( 'NONE', #720, #2013 ) ;
#794 =( NAMED_UNIT ( * ) SI_UNIT ( $, .STERADIAN. ) SOLID_ANGLE_UNIT ( ) );
#795 = CARTESIAN_POINT ( 'NONE',  ( -0.7500000000000000000, -0.3500000000000000300, 0.8500000000000000900 ) ) ;
#796 = CARTESIAN_POINT ( 'NONE',  ( -0.7500000000000000000, 0.4000000000000000800, 0.8500000000000000900 ) ) ;
#797 = CARTESIAN_POINT ( 'NONE',  ( 0.5099999999999999000, -0.4000000000000000200, 0.05000000000000001700 ) ) ;
#798 = CARTESIAN_POINT ( 'NONE',  ( 0.5099999999999999000, 0.3500000000000000300, 0.9000000000000000200 ) ) ;
#799 = SURFACE_STYLE_FILL_AREA ( #804 ) ;
#800 = CARTESIAN_POINT ( 'NONE',  ( -0.5000000000000000000, 0.3499999999999999800, 0.8899999999999999000 ) ) ;
#801 = SURFACE_SIDE_STYLE ('',( #782 ) ) ;
#802 = CARTESIAN_POINT ( 'NONE',  ( -0.5000000000000000000, -0.3900000000000000100, 0.8500000000000000900 ) ) ;
#803 = SURFACE_SIDE_STYLE ('',( #799 ) ) ;
#804 = FILL_AREA_STYLE ('',( #724 ) ) ;
#805 = CARTESIAN_POINT ( 'NONE',  ( 0.7500000000000000000, 0.3500000000000000300, 0.9000000000000001300 ) ) ;
#806 = CARTESIAN_POINT ( 'NONE',  ( -0.4999999999999887300, -0.3400000000000000200, 0.009999999999992535700 ) ) ;
#807 = CARTESIAN_POINT ( 'NONE',  ( 0.7500000000000000000, -0.3500000000000000300, 0.9000000000000000200 ) ) ;
#808 = CARTESIAN_POINT ( 'NONE',  ( 0.5099999999999999000, -0.4000000000000000200, 0.8500000000000000900 ) ) ;
#809 = CARTESIAN_POINT ( 'NONE',  ( -0.8000000000000001600, 0.3500000000000000300, 0.05000000000000001000 ) ) ;
#810 = CARTESIAN_POINT ( 'NONE',  ( 0.4999999999999998900, 0.0000000000000000000, 0.3717405562439386500 ) ) ;
#811 = DIRECTION ( 'NONE',  ( 0.0000000000000000000, 1.000000000000000000, 0.0000000000000000000 ) ) ;
#812 = CARTESIAN_POINT ( 'NONE',  ( 0.7500000000000001100, -0.3500000000000000300, 0.05000000000000002400 ) ) ;
#813 = SURFACE_SIDE_STYLE ('',( #953 ) ) ;
#814 = SURFACE_STYLE_FILL_AREA ( #946 ) ;
#815 = DIRECTION ( 'NONE',  ( 0.0000000000000000000, 0.0000000000000000000, 1.000000000000000000 ) ) ;
#816 = SURFACE_STYLE_FILL_AREA ( #824 ) ;
#817 = LINE ( 'NONE', #884, #1107 ) ;
#818 = CARTESIAN_POINT ( 'NONE',  ( 0.5000000000000000000, 0.3896758367081892800, 0.02798760018920306800 ) ) ;
#819 = PRESENTATION_STYLE_ASSIGNMENT (( #820 ) ) ;
#820 = SURFACE_STYLE_USAGE ( .BOTH. , #921 ) ;
#821 = SURFACE_SIDE_STYLE ('',( #944 ) ) ;
#822 = SURFACE_SIDE_STYLE ('',( #954 ) ) ;
#823 = LINE ( 'NONE', #910, #1135 ) ;
#824 = FILL_AREA_STYLE ('',( #861 ) ) ;
#825 = PRESENTATION_STYLE_ASSIGNMENT (( #856 ) ) ;
#826 = CARTESIAN_POINT ( 'NONE',  ( 0.5099999999999999000, -0.3500000000000000300, 0.8899999999999999000 ) ) ;
#827 = DIRECTION ( 'NONE',  ( 1.541976423090500100E-016, -1.543724941603920000E-031, -1.000000000000000000 ) ) ;
#828 = PRESENTATION_STYLE_ASSIGNMENT (( #871 ) ) ;
#829 = DIRECTION ( 'NONE',  ( -1.000000000000000000, 0.0000000000000000000, 1.224646799147350000E-016 ) ) ;
#830 = FILL_AREA_STYLE_COLOUR ( '', #2715 ) ;
#831 =( NAMED_UNIT ( * ) PLANE_ANGLE_UNIT ( ) SI_UNIT ( $, .RADIAN. ) );
#832 = SURFACE_SIDE_STYLE ('',( #851 ) ) ;
#833 = DIRECTION ( 'NONE',  ( -1.000000000000000000, -4.455509572836029900E-032, 2.775557561562889900E-016 ) ) ;
#834 = DIRECTION ( 'NONE',  ( -2.211785218056650000E-030, 1.000000000000000000, 5.678068750727080400E-032 ) ) ;
#835 = DIRECTION ( 'NONE',  ( 0.0000000000000000000, 0.0000000000000000000, 1.000000000000000000 ) ) ;
#836 =( LENGTH_UNIT ( ) NAMED_UNIT ( * ) SI_UNIT ( .MILLI., .METRE. ) );
#837 = SURFACE_STYLE_USAGE ( .BOTH. , #913 ) ;
#838 =( LENGTH_UNIT ( ) NAMED_UNIT ( * ) SI_UNIT ( .MILLI., .METRE. ) );
#839 = SURFACE_STYLE_USAGE ( .BOTH. , #848 ) ;
#840 = FILL_AREA_STYLE_COLOUR ( '', #2642 ) ;
#841 =( NAMED_UNIT ( * ) SI_UNIT ( $, .STERADIAN. ) SOLID_ANGLE_UNIT ( ) );
#842 = DIRECTION ( 'NONE',  ( -1.000000000000000000, 1.084202172485503800E-015, -1.355252715606879800E-016 ) ) ;
#843 = DIRECTION ( 'NONE',  ( 2.775557561562892300E-016, 0.0000000000000000000, 1.000000000000000000 ) ) ;
#844 = DIRECTION ( 'NONE',  ( -1.000000000000000000, -2.211785218056650000E-030, 0.0000000000000000000 ) ) ;
#845 = CARTESIAN_POINT ( 'NONE',  ( 0.5000000000000103300, -0.3900000000000000100, 0.8899999999999920200 ) ) ;
#846 = PLANE ( 'NONE',  #1101 ) ;
#847 = CARTESIAN_POINT ( 'NONE',  ( -0.5000000000000000000, 0.3900000000000000100, 0.8500000000000000900 ) ) ;
#848 = SURFACE_SIDE_STYLE ('',( #814 ) ) ;
#849 = PRESENTATION_STYLE_ASSIGNMENT (( #839 ) ) ;
#850 = DIRECTION ( 'NONE',  ( -1.000000000000000000, 0.0000000000000000000, 0.0000000000000000000 ) ) ;
#851 = SURFACE_STYLE_FILL_AREA ( #937 ) ;
#852 = DIRECTION ( 'NONE',  ( 1.000000000000000000, 0.0000000000000000000, 0.0000000000000000000 ) ) ;
#853 = DIRECTION ( 'NONE',  ( 0.0000000000000000000, 0.0000000000000000000, 1.000000000000000000 ) ) ;
#854 =( LENGTH_UNIT ( ) NAMED_UNIT ( * ) SI_UNIT ( .MILLI., .METRE. ) );
#855 = CARTESIAN_POINT ( 'NONE',  ( 0.8000000000000000400, -0.4000000000000000200, 0.4500000000000000100 ) ) ;
#856 = SURFACE_STYLE_USAGE ( .BOTH. , #822 ) ;
#857 = DIRECTION ( 'NONE',  ( 0.0000000000000000000, 0.0000000000000000000, -1.000000000000000000 ) ) ;
#858 = CARTESIAN_POINT ( 'NONE',  ( 0.6500000000000001300, 0.3500000000000000300, 0.05000000000000000300 ) ) ;
#859 = SURFACE_STYLE_FILL_AREA ( #928 ) ;
#860 =( LENGTH_UNIT ( ) NAMED_UNIT ( * ) SI_UNIT ( .MILLI., .METRE. ) );
#861 = FILL_AREA_STYLE_COLOUR ( '', #2713 ) ;
#862 = PRESENTATION_STYLE_ASSIGNMENT (( #837 ) ) ;
#863 = DIRECTION ( 'NONE',  ( -0.0000000000000000000, -1.000000000000000000, -0.0000000000000000000 ) ) ;
#864 =( LENGTH_UNIT ( ) NAMED_UNIT ( * ) SI_UNIT ( .MILLI., .METRE. ) );
#865 = PLANE ( 'NONE',  #1097 ) ;
#866 =( NAMED_UNIT ( * ) PLANE_ANGLE_UNIT ( ) SI_UNIT ( $, .RADIAN. ) );
#867 =( NAMED_UNIT ( * ) PLANE_ANGLE_UNIT ( ) SI_UNIT ( $, .RADIAN. ) );
#868 = SURFACE_STYLE_FILL_AREA ( #926 ) ;
#869 =( LENGTH_UNIT ( ) NAMED_UNIT ( * ) SI_UNIT ( .MILLI., .METRE. ) );
#870 = DIRECTION ( 'NONE',  ( -1.541976423090500100E-016, 1.543724941603920000E-031, 1.000000000000000000 ) ) ;
#871 = SURFACE_STYLE_USAGE ( .BOTH. , #832 ) ;
#872 = CARTESIAN_POINT ( 'NONE',  ( 0.6500000000000001300, 0.4000000000000000800, 0.05000000000000002400 ) ) ;
#873 =( NAMED_UNIT ( * ) PLANE_ANGLE_UNIT ( ) SI_UNIT ( $, .RADIAN. ) );
#874 =( LENGTH_UNIT ( ) NAMED_UNIT ( * ) SI_UNIT ( .MILLI., .METRE. ) );
#875 = CARTESIAN_POINT ( 'NONE',  ( 0.7500000000000000000, -0.3500000000000000300, 0.4500000000000000100 ) ) ;
#876 =( NAMED_UNIT ( * ) SI_UNIT ( $, .STERADIAN. ) SOLID_ANGLE_UNIT ( ) );
#877 = FILL_AREA_STYLE ('',( #891 ) ) ;
#878 =( NAMED_UNIT ( * ) PLANE_ANGLE_UNIT ( ) SI_UNIT ( $, .RADIAN. ) );
#879 = CARTESIAN_POINT ( 'NONE',  ( -0.5000000000000000000, -0.3900000000000000100, 0.4500000000000000100 ) ) ;
#880 =( NAMED_UNIT ( * ) PLANE_ANGLE_UNIT ( ) SI_UNIT ( $, .RADIAN. ) );
#881 = PRESENTATION_STYLE_ASSIGNMENT (( #934 ) ) ;
#882 = PRESENTATION_STYLE_ASSIGNMENT (( #956 ) ) ;
#883 = DIRECTION ( 'NONE',  ( -1.224646799147350000E-016, 0.0000000000000000000, -1.000000000000000000 ) ) ;
#884 = CARTESIAN_POINT ( 'NONE',  ( -0.4999999999999889500, -0.3900000000000000100, 0.4499999999999930200 ) ) ;
#885 = CARTESIAN_POINT ( 'NONE',  ( 0.7500000000000000000, -0.4000000000000000200, 0.8500000000000000900 ) ) ;
#886 =( NAMED_UNIT ( * ) SI_UNIT ( $, .STERADIAN. ) SOLID_ANGLE_UNIT ( ) );
#887 =( NAMED_UNIT ( * ) SI_UNIT ( $, .STERADIAN. ) SOLID_ANGLE_UNIT ( ) );
#888 =( NAMED_UNIT ( * ) SI_UNIT ( $, .STERADIAN. ) SOLID_ANGLE_UNIT ( ) );
#889 = LINE ( 'NONE', #908, #1105 ) ;
#890 = DIRECTION ( 'NONE',  ( 1.000000000000000000, 0.0000000000000000000, -2.775557561562889900E-016 ) ) ;
#891 = FILL_AREA_STYLE_COLOUR ( '', #2647 ) ;
#892 = CARTESIAN_POINT ( 'NONE',  ( 1.068589661201710200E-014, -0.3900000000000000100, 0.8899999999999920200 ) ) ;
#893 = DIRECTION ( 'NONE',  ( 1.000000000000000000, -0.0000000000000000000, 1.541976423090500100E-016 ) ) ;
#894 = DIRECTION ( 'NONE',  ( 0.0000000000000000000, 0.0000000000000000000, 1.000000000000000000 ) ) ;
#895 = CARTESIAN_POINT ( 'NONE',  ( 0.5000000000000000000, 0.3900000000000000100, 0.05000000000000001000 ) ) ;
#896 = PRESENTATION_STYLE_ASSIGNMENT (( #2476 ) ) ;
#897 = LINE ( 'NONE', #845, #1096 ) ;
#898 = LINE ( 'NONE', #925, #1111 ) ;
#899 = PLANE ( 'NONE',  #1112 ) ;
#900 = CARTESIAN_POINT ( 'NONE',  ( -0.5099999999999999000, -0.3500000000000000300, 0.01000000000000000000 ) ) ;
#901 = FILL_AREA_STYLE_COLOUR ( '', #2732 ) ;
#902 = DIRECTION ( 'NONE',  ( 2.775557561562889900E-016, 0.0000000000000000000, 1.000000000000000000 ) ) ;
#903 = PLANE ( 'NONE',  #1117 ) ;
#904 = FILL_AREA_STYLE_COLOUR ( '', #2671 ) ;
#905 = DIRECTION ( 'NONE',  ( 1.541976423090500100E-016, 0.0000000000000000000, -1.000000000000000000 ) ) ;
#906 = DIRECTION ( 'NONE',  ( 0.0000000000000000000, 1.000000000000000000, 0.0000000000000000000 ) ) ;
#907 = DIRECTION ( 'NONE',  ( 0.0000000000000000000, 1.000000000000000000, 0.0000000000000000000 ) ) ;
#908 = CARTESIAN_POINT ( 'NONE',  ( -0.7500000000000000000, -0.4000000000000000200, 0.4500000000000000100 ) ) ;
#909 =( NAMED_UNIT ( * ) SI_UNIT ( $, .STERADIAN. ) SOLID_ANGLE_UNIT ( ) );
#910 = CARTESIAN_POINT ( 'NONE',  ( 0.5000000000000000000, -0.4000000000000000200, 0.01000000000000002600 ) ) ;
#911 = CARTESIAN_POINT ( 'NONE',  ( -0.6500000000000001300, -0.4000000000000000200, 0.4500000000000000100 ) ) ;
#912 =( NAMED_UNIT ( * ) PLANE_ANGLE_UNIT ( ) SI_UNIT ( $, .RADIAN. ) );
#913 = SURFACE_SIDE_STYLE ('',( #859 ) ) ;
#914 = SURFACE_SIDE_STYLE ('',( #868 ) ) ;
#915 = CARTESIAN_POINT ( 'NONE',  ( 0.5000000000000000000, 0.3499999999999999800, 0.01000000000000001400 ) ) ;
#916 = PRESENTATION_STYLE_ASSIGNMENT (( #924 ) ) ;
#917 =( LENGTH_UNIT ( ) NAMED_UNIT ( * ) SI_UNIT ( .MILLI., .METRE. ) );
#918 = CARTESIAN_POINT ( 'NONE',  ( -0.5999999999999999800, 0.0000000000000000000, 0.3717405562439386500 ) ) ;
#919 =( NAMED_UNIT ( * ) SI_UNIT ( $, .STERADIAN. ) SOLID_ANGLE_UNIT ( ) );
#920 = DIRECTION ( 'NONE',  ( -1.000000000000000000, -4.455509572836029900E-032, 2.775557561562889900E-016 ) ) ;
#921 = SURFACE_SIDE_STYLE ('',( #816 ) ) ;
#922 =( NAMED_UNIT ( * ) PLANE_ANGLE_UNIT ( ) SI_UNIT ( $, .RADIAN. ) );
#923 = CARTESIAN_POINT ( 'NONE',  ( -0.4999999999999889500, -0.3900000000000000100, 0.4499999999999930200 ) ) ;
#924 = SURFACE_STYLE_USAGE ( .BOTH. , #914 ) ;
#925 = CARTESIAN_POINT ( 'NONE',  ( 8.906675633431024900E-015, -0.3400000000000000200, 0.8899999999999920200 ) ) ;
#926 = FILL_AREA_STYLE ('',( #901 ) ) ;
#927 = FILL_AREA_STYLE ('',( #932 ) ) ;
#928 = FILL_AREA_STYLE ('',( #904 ) ) ;
#929 = DIRECTION ( 'NONE',  ( 0.0000000000000000000, 0.0000000000000000000, -1.000000000000000000 ) ) ;
#930 = DIRECTION ( 'NONE',  ( -0.0000000000000000000, -1.000000000000000000, 0.0000000000000000000 ) ) ;
#931 = PLANE ( 'NONE',  #1136 ) ;
#932 = FILL_AREA_STYLE_COLOUR ( '', #2648 ) ;
#933 = DIRECTION ( 'NONE',  ( -1.000000000000000000, 0.0000000000000000000, 0.0000000000000000000 ) ) ;
#934 = SURFACE_STYLE_USAGE ( .BOTH. , #821 ) ;
#935 = CARTESIAN_POINT ( 'NONE',  ( 0.5000000000000000000, 0.3728199411290121200, 0.01033605546414351700 ) ) ;
#936 = DIRECTION ( 'NONE',  ( 1.000000000000000000, 5.238018422545719700E-030, 1.224646799147350000E-016 ) ) ;
#937 = FILL_AREA_STYLE ('',( #938 ) ) ;
#938 = FILL_AREA_STYLE_COLOUR ( '', #2653 ) ;
#939 =( NAMED_UNIT ( * ) PLANE_ANGLE_UNIT ( ) SI_UNIT ( $, .RADIAN. ) );
#940 =( NAMED_UNIT ( * ) SI_UNIT ( $, .STERADIAN. ) SOLID_ANGLE_UNIT ( ) );
#941 = DIRECTION ( 'NONE',  ( 0.0000000000000000000, 0.0000000000000000000, 1.000000000000000000 ) ) ;
#942 = LINE ( 'NONE', #918, #1106 ) ;
#943 = FILL_AREA_STYLE ('',( #830 ) ) ;
#944 = SURFACE_STYLE_FILL_AREA ( #877 ) ;
#945 =( LENGTH_UNIT ( ) NAMED_UNIT ( * ) SI_UNIT ( .MILLI., .METRE. ) );
#946 = FILL_AREA_STYLE ('',( #840 ) ) ;
#947 = CARTESIAN_POINT ( 'NONE',  ( 8.892797845623210400E-015, 0.3400000000000000200, 0.8399999999999919800 ) ) ;
#948 = DIRECTION ( 'NONE',  ( 1.255866852996754500E-061, -5.678068750727080400E-032, 1.000000000000000000 ) ) ;
#949 = CARTESIAN_POINT ( 'NONE',  ( -0.6500000000000001300, -0.4000000000000000200, 1.836970198721029700E-017 ) ) ;
#950 =( NAMED_UNIT ( * ) SI_UNIT ( $, .STERADIAN. ) SOLID_ANGLE_UNIT ( ) );
#951 = LINE ( 'NONE', #879, #1122 ) ;
#952 = DIRECTION ( 'NONE',  ( 1.000000000000000000, 5.238018422545719700E-030, 1.224646799147350000E-016 ) ) ;
#953 = SURFACE_STYLE_FILL_AREA ( #927 ) ;
#954 = SURFACE_STYLE_FILL_AREA ( #943 ) ;
#955 = LINE ( 'NONE', #872, #1109 ) ;
#956 = SURFACE_STYLE_USAGE ( .BOTH. , #813 ) ;
#957 = PRESENTATION_STYLE_ASSIGNMENT (( #990 ) ) ;
#958 = CARTESIAN_POINT ( 'NONE',  ( 0.4999999999999997800, -0.3958578643762691300, 0.05000000000000003100 ) ) ;
#959 =( LENGTH_UNIT ( ) NAMED_UNIT ( * ) SI_UNIT ( .MILLI., .METRE. ) );
#960 = SURFACE_STYLE_FILL_AREA ( #979 ) ;
#961 = SURFACE_SIDE_STYLE ('',( #993 ) ) ;
#962 =( NAMED_UNIT ( * ) PLANE_ANGLE_UNIT ( ) SI_UNIT ( $, .RADIAN. ) );
#963 = CARTESIAN_POINT ( 'NONE',  ( 0.4999999999999999400, -0.3734314575050762300, 0.01000000000000008000 ) ) ;
#964 =( NAMED_UNIT ( * ) PLANE_ANGLE_UNIT ( ) SI_UNIT ( $, .RADIAN. ) );
#965 = FILL_AREA_STYLE ('',( #984 ) ) ;
#966 = CARTESIAN_POINT ( 'NONE',  ( 0.4999999999999997200, -0.3958578643762690800, 0.02313708498984764000 ) ) ;
#967 =( NAMED_UNIT ( * ) SI_UNIT ( $, .STERADIAN. ) SOLID_ANGLE_UNIT ( ) );
#968 =( LENGTH_UNIT ( ) NAMED_UNIT ( * ) SI_UNIT ( .MILLI., .METRE. ) );
#969 = CARTESIAN_POINT ( 'NONE',  ( 0.4999999999999998900, -0.3900000000000000100, 0.05000000000000003100 ) ) ;
#970 = SURFACE_STYLE_USAGE ( .BOTH. , #978 ) ;
#971 = DIRECTION ( 'NONE',  ( 0.0000000000000000000, -5.678068750727080400E-032, 1.000000000000000000 ) ) ;
#972 = DIRECTION ( 'NONE',  ( 0.0000000000000000000, 1.000000000000000000, 0.0000000000000000000 ) ) ;
#973 = CARTESIAN_POINT ( 'NONE',  ( -0.5099999999999999000, 0.3900000000000000100, 0.4500000000000000100 ) ) ;
#974 = CARTESIAN_POINT ( 'NONE',  ( 0.4999999999999999400, -0.3900000000000000100, 0.02656854249492385900 ) ) ;
#975 = FILL_AREA_STYLE_COLOUR ( '', #2685 ) ;
#976 = DIRECTION ( 'NONE',  ( 0.0000000000000000000, 0.0000000000000000000, 1.000000000000000000 ) ) ;
#977 = CARTESIAN_POINT ( 'NONE',  ( -0.5099999999999999000, -0.3500000000000000300, 0.8899999999999999000 ) ) ;
#978 = SURFACE_SIDE_STYLE ('',( #987 ) ) ;
#979 = FILL_AREA_STYLE ('',( #975 ) ) ;
#980 = PRESENTATION_STYLE_ASSIGNMENT (( #991 ) ) ;
#981 = CARTESIAN_POINT ( 'NONE',  ( 0.4999999999999997800, -0.3500000000000000300, 0.004142135623730997300 ) ) ;
#982 = CARTESIAN_POINT ( 'NONE',  ( 0.4999999999999997200, -0.3768629150101524000, 0.004142135623730998200 ) ) ;
#983 = FILL_AREA_STYLE_COLOUR ( '', #2623 ) ;
#984 = FILL_AREA_STYLE_COLOUR ( '', #2684 ) ;
#985 = DIRECTION ( 'NONE',  ( 0.0000000000000000000, -1.000000000000000000, 0.0000000000000000000 ) ) ;
#986 = CARTESIAN_POINT ( 'NONE',  ( 0.5099999999999999000, -0.4000000000000000200, 0.01000000000000000000 ) ) ;
#987 = SURFACE_STYLE_FILL_AREA ( #994 ) ;
#988 = DIRECTION ( 'NONE',  ( 0.0000000000000000000, 1.000000000000000000, 0.0000000000000000000 ) ) ;
#989 = DIRECTION ( 'NONE',  ( 0.0000000000000000000, 0.0000000000000000000, 1.000000000000000000 ) ) ;
#990 = SURFACE_STYLE_USAGE ( .BOTH. , #992 ) ;
#991 = SURFACE_STYLE_USAGE ( .BOTH. , #961 ) ;
#992 = SURFACE_SIDE_STYLE ('',( #960 ) ) ;
#993 = SURFACE_STYLE_FILL_AREA ( #965 ) ;
#994 = FILL_AREA_STYLE ('',( #983 ) ) ;
#995 = CARTESIAN_POINT ( 'NONE',  ( 0.4999999999999998900, -0.3500000000000000300, 0.01000000000000008000 ) ) ;
#996 =( NAMED_UNIT ( * ) SI_UNIT ( $, .STERADIAN. ) SOLID_ANGLE_UNIT ( ) );
#997 = STYLED_ITEM ( 'NONE', ( #980 ), #2554 ) ;
#998 = AXIS2_PLACEMENT_3D ( 'NONE', #1830, #1868, #1808 ) ;
#999 = STYLED_ITEM ( 'NONE', ( #1866 ), #2549 ) ;
#1000 = PRESENTATION_LAYER_ASSIGNMENT (  '', '', ( #999 ) ) ;
#1001 = MECHANICAL_DESIGN_GEOMETRIC_PRESENTATION_REPRESENTATION (  '', ( #999 ), #1241 ) ;
#1002 = FACE_OUTER_BOUND ( 'NONE', #1412, .T. ) ;
#1003 = STYLED_ITEM ( 'NONE', ( #1875 ), #2551 ) ;
#1004 = AXIS2_PLACEMENT_3D ( 'NONE', #977, #972, #989 ) ;
#1005 = PRESENTATION_LAYER_ASSIGNMENT (  '', '', ( #1003 ) ) ;
#1006 = MECHANICAL_DESIGN_GEOMETRIC_PRESENTATION_REPRESENTATION (  '', ( #1003 ), #1248 ) ;
#1007 = FACE_OUTER_BOUND ( 'NONE', #1435, .T. ) ;
#1008 = AXIS2_PLACEMENT_3D ( 'NONE', #973, #971, #985 ) ;
#1009 = CYLINDRICAL_SURFACE ( 'NONE', #1008, 0.01000000000000002600 ) ;
#1010 = STYLED_ITEM ( 'NONE', ( #957 ), #2552 ) ;
#1011 = PRESENTATION_LAYER_ASSIGNMENT (  '', '', ( #1010 ) ) ;
#1012 = MECHANICAL_DESIGN_GEOMETRIC_PRESENTATION_REPRESENTATION (  '', ( #1010 ), #1249 ) ;
#1013 = FACE_OUTER_BOUND ( 'NONE', #1470, .T. ) ;
#1014 = AXIS2_PLACEMENT_3D ( 'NONE', #986, #988, #976 ) ;
#1015 = FACE_OUTER_BOUND ( 'NONE', #1407, .T. ) ;
#1016 = CYLINDRICAL_SURFACE ( 'NONE', #1014, 0.01000000000000000000 ) ;
#1017 = PRESENTATION_LAYER_ASSIGNMENT (  '', '', ( #997 ) ) ;
#1018 = MECHANICAL_DESIGN_GEOMETRIC_PRESENTATION_REPRESENTATION (  '', ( #997 ), #1250 ) ;
#1019 = STYLED_ITEM ( 'NONE', ( #2396 ), #2558 ) ;
#1020 = AXIS2_PLACEMENT_3D ( 'NONE', #2394, #2404, #2387 ) ;
#1021 = CYLINDRICAL_SURFACE ( 'NONE', #1020, 0.05000000000000001000 ) ;
#1022 = STYLED_ITEM ( 'NONE', ( #499 ), #2556 ) ;
#1023 = PRESENTATION_LAYER_ASSIGNMENT (  '', '', ( #1022 ) ) ;
#1024 = MECHANICAL_DESIGN_GEOMETRIC_PRESENTATION_REPRESENTATION (  '', ( #1022 ), #1259 ) ;
#1025 = FACE_OUTER_BOUND ( 'NONE', #1397, .T. ) ;
#1026 = FACE_OUTER_BOUND ( 'NONE', #1387, .T. ) ;
#1027 = STYLED_ITEM ( 'NONE', ( #2463 ), #2561 ) ;
#1028 = PRESENTATION_LAYER_ASSIGNMENT (  '', '', ( #1019 ) ) ;
#1029 = MECHANICAL_DESIGN_GEOMETRIC_PRESENTATION_REPRESENTATION (  '', ( #1019 ), #1260 ) ;
#1030 = FACE_OUTER_BOUND ( 'NONE', #1516, .T. ) ;
#1031 = FACE_BOUND ( 'NONE', #1466, .T. ) ;
#1032 = AXIS2_PLACEMENT_3D ( 'NONE', #2482, #2451, #2406 ) ;
#1033 = STYLED_ITEM ( 'NONE', ( #2448 ), #2559 ) ;
#1034 = PRESENTATION_LAYER_ASSIGNMENT (  '', '', ( #1033 ) ) ;
#1035 = MECHANICAL_DESIGN_GEOMETRIC_PRESENTATION_REPRESENTATION (  '', ( #1033 ), #1274 ) ;
#1036 = FACE_OUTER_BOUND ( 'NONE', #1426, .T. ) ;
#1037 = AXIS2_PLACEMENT_3D ( 'NONE', #2450, #2434, #2403 ) ;
#1038 = STYLED_ITEM ( 'NONE', ( #2426 ), #2560 ) ;
#1039 = PRESENTATION_LAYER_ASSIGNMENT (  '', '', ( #1038 ) ) ;
#1040 = MECHANICAL_DESIGN_GEOMETRIC_PRESENTATION_REPRESENTATION (  '', ( #1038 ), #1275 ) ;
#1041 = AXIS2_PLACEMENT_3D ( 'NONE', #2307, #2411, #2397 ) ;
#1042 = FACE_OUTER_BOUND ( 'NONE', #1423, .T. ) ;
#1043 = AXIS2_PLACEMENT_3D ( 'NONE', #2383, #2386, #2382 ) ;
#1044 = AXIS2_PLACEMENT_3D ( 'NONE', #2486, #2460, #2457 ) ;
#1045 = PRESENTATION_LAYER_ASSIGNMENT (  '', '', ( #1027 ) ) ;
#1046 = MECHANICAL_DESIGN_GEOMETRIC_PRESENTATION_REPRESENTATION (  '', ( #1027 ), #1283 ) ;
#1047 = FACE_OUTER_BOUND ( 'NONE', #1389, .T. ) ;
#1048 = CYLINDRICAL_SURFACE ( 'NONE', #1041, 0.05000000000000001000 ) ;
#1049 = STYLED_ITEM ( 'NONE', ( #2461 ), #2562 ) ;
#1050 = PRESENTATION_LAYER_ASSIGNMENT (  '', '', ( #1049 ) ) ;
#1051 = MECHANICAL_DESIGN_GEOMETRIC_PRESENTATION_REPRESENTATION (  '', ( #1049 ), #1284 ) ;
#1052 = STYLED_ITEM ( 'NONE', ( #2329 ), #2566 ) ;
#1053 = AXIS2_PLACEMENT_3D ( 'NONE', #2390, #2380, #2389 ) ;
#1054 = CYLINDRICAL_SURFACE ( 'NONE', #1053, 0.05000000000000001000 ) ;
#1055 = STYLED_ITEM ( 'NONE', ( #2477 ), #2563 ) ;
#1056 = PRESENTATION_LAYER_ASSIGNMENT (  '', '', ( #1055 ) ) ;
#1057 = MECHANICAL_DESIGN_GEOMETRIC_PRESENTATION_REPRESENTATION (  '', ( #1055 ), #1291 ) ;
#1058 = FACE_OUTER_BOUND ( 'NONE', #1376, .T. ) ;
#1059 = FACE_OUTER_BOUND ( 'NONE', #1480, .T. ) ;
#1060 = FACE_OUTER_BOUND ( 'NONE', #1433, .T. ) ;
#1061 = VECTOR ( 'NONE', #2372, 1000.000000000000000 ) ;
#1062 = PRESENTATION_LAYER_ASSIGNMENT (  '', '', ( #1052 ) ) ;
#1063 = MECHANICAL_DESIGN_GEOMETRIC_PRESENTATION_REPRESENTATION (  '', ( #1052 ), #1285 ) ;
#1064 = FACE_OUTER_BOUND ( 'NONE', #1392, .T. ) ;
#1065 = AXIS2_PLACEMENT_3D ( 'NONE', #2440, #2309, #2447 ) ;
#1066 = CYLINDRICAL_SURFACE ( 'NONE', #1065, 0.05000000000000002400 ) ;
#1067 = STYLED_ITEM ( 'NONE', ( #2405 ), #2567 ) ;
#1068 = PRESENTATION_LAYER_ASSIGNMENT (  '', '', ( #1067 ) ) ;
#1069 = MECHANICAL_DESIGN_GEOMETRIC_PRESENTATION_REPRESENTATION (  '', ( #1067 ), #1257 ) ;
#1070 = FACE_OUTER_BOUND ( 'NONE', #1452, .T. ) ;
#1071 = AXIS2_PLACEMENT_3D ( 'NONE', #2357, #2339, #2398 ) ;
#1072 = CYLINDRICAL_SURFACE ( 'NONE', #1071, 0.05000000000000002400 ) ;
#1073 = STYLED_ITEM ( 'NONE', ( #2395 ), #2568 ) ;
#1074 = PRESENTATION_LAYER_ASSIGNMENT (  '', '', ( #1073 ) ) ;
#1075 = MECHANICAL_DESIGN_GEOMETRIC_PRESENTATION_REPRESENTATION (  '', ( #1073 ), #1237 ) ;
#1076 = FACE_OUTER_BOUND ( 'NONE', #1492, .T. ) ;
#1077 = AXIS2_PLACEMENT_3D ( 'NONE', #826, #907, #853 ) ;
#1078 = STYLED_ITEM ( 'NONE', ( #2325 ), #2569 ) ;
#1079 = PRESENTATION_LAYER_ASSIGNMENT (  '', '', ( #1078 ) ) ;
#1080 = MECHANICAL_DESIGN_GEOMETRIC_PRESENTATION_REPRESENTATION (  '', ( #1078 ), #1229 ) ;
#1081 = AXIS2_PLACEMENT_3D ( 'NONE', #885, #811, #815 ) ;
#1082 = CYLINDRICAL_SURFACE ( 'NONE', #1081, 0.05000000000000002400 ) ;
#1083 = STYLED_ITEM ( 'NONE', ( #896 ), #2570 ) ;
#1084 = PRESENTATION_LAYER_ASSIGNMENT (  '', '', ( #1083 ) ) ;
#1085 = MECHANICAL_DESIGN_GEOMETRIC_PRESENTATION_REPRESENTATION (  '', ( #1083 ), #1230 ) ;
#1086 = AXIS2_PLACEMENT_3D ( 'NONE', #812, #870, #842 ) ;
#1087 = AXIS2_PLACEMENT_3D ( 'NONE', #947, #833, #843 ) ;
#1088 = CYLINDRICAL_SURFACE ( 'NONE', #1087, 0.05000000000000002400 ) ;
#1089 = STYLED_ITEM ( 'NONE', ( #819 ), #2571 ) ;
#1090 = PRESENTATION_LAYER_ASSIGNMENT (  '', '', ( #1089 ) ) ;
#1091 = MECHANICAL_DESIGN_GEOMETRIC_PRESENTATION_REPRESENTATION (  '', ( #1089 ), #1236 ) ;
#1092 = FACE_OUTER_BOUND ( 'NONE', #1483, .T. ) ;
#1093 = AXIS2_PLACEMENT_3D ( 'NONE', #858, #936, #857 ) ;
#1094 = STYLED_ITEM ( 'NONE', ( #916 ), #2576 ) ;
#1095 = FACE_OUTER_BOUND ( 'NONE', #1513, .T. ) ;
#1096 = VECTOR ( 'NONE', #863, 1000.000000000000000 ) ;
#1097 = AXIS2_PLACEMENT_3D ( 'NONE', #949, #883, #829 ) ;
#1098 = PRESENTATION_LAYER_ASSIGNMENT (  '', '', ( #1094 ) ) ;
#1099 = MECHANICAL_DESIGN_GEOMETRIC_PRESENTATION_REPRESENTATION (  '', ( #1094 ), #1290 ) ;
#1100 = FACE_OUTER_BOUND ( 'NONE', #1499, .T. ) ;
#1101 = AXIS2_PLACEMENT_3D ( 'NONE', #892, #902, #890 ) ;
#1102 = STYLED_ITEM ( 'NONE', ( #862 ), #2577 ) ;
#1103 = PRESENTATION_LAYER_ASSIGNMENT (  '', '', ( #1102 ) ) ;
#1104 = MECHANICAL_DESIGN_GEOMETRIC_PRESENTATION_REPRESENTATION (  '', ( #1102 ), #1289 ) ;
#1105 = VECTOR ( 'NONE', #948, 1000.000000000000000 ) ;
#1106 = VECTOR ( 'NONE', #852, 1000.000000000000000 ) ;
#1107 = VECTOR ( 'NONE', #835, 1000.000000000000000 ) ;
#1108 = STYLED_ITEM ( 'NONE', ( #828 ), #2583 ) ;
#1109 = VECTOR ( 'NONE', #952, 1000.000000000000000 ) ;
#1110 = FACE_OUTER_BOUND ( 'NONE', #1510, .T. ) ;
#1111 = VECTOR ( 'NONE', #920, 1000.000000000000000 ) ;
#1112 = AXIS2_PLACEMENT_3D ( 'NONE', #911, #834, #844 ) ;
#1113 = PRESENTATION_LAYER_ASSIGNMENT (  '', '', ( #1108 ) ) ;
#1114 = MECHANICAL_DESIGN_GEOMETRIC_PRESENTATION_REPRESENTATION (  '', ( #1108 ), #1288 ) ;
#1115 = FACE_OUTER_BOUND ( 'NONE', #1404, .T. ) ;
#1116 = FACE_OUTER_BOUND ( 'NONE', #1517, .T. ) ;
#1117 = AXIS2_PLACEMENT_3D ( 'NONE', #855, #893, #905 ) ;
#1118 = STYLED_ITEM ( 'NONE', ( #849 ), #2584 ) ;
#1119 = PRESENTATION_LAYER_ASSIGNMENT (  '', '', ( #1118 ) ) ;
#1120 = MECHANICAL_DESIGN_GEOMETRIC_PRESENTATION_REPRESENTATION (  '', ( #1118 ), #1287 ) ;
#1121 = STYLED_ITEM ( 'NONE', ( #881 ), #2586 ) ;
#1122 = VECTOR ( 'NONE', #929, 1000.000000000000000 ) ;
#1123 = CYLINDRICAL_SURFACE ( 'NONE', #1093, 0.05000000000000001000 ) ;
#1124 = PRESENTATION_LAYER_ASSIGNMENT (  '', '', ( #1121 ) ) ;
#1125 = MECHANICAL_DESIGN_GEOMETRIC_PRESENTATION_REPRESENTATION (  '', ( #1121 ), #1286 ) ;
#1126 = FACE_OUTER_BOUND ( 'NONE', #1469, .T. ) ;
#1127 = FACE_OUTER_BOUND ( 'NONE', #1460, .T. ) ;
#1128 = AXIS2_PLACEMENT_3D ( 'NONE', #875, #827, #933 ) ;
#1129 = CYLINDRICAL_SURFACE ( 'NONE', #1128, 0.05000000000000002400 ) ;
#1130 = STYLED_ITEM ( 'NONE', ( #825 ), #2587 ) ;
#1131 = PRESENTATION_LAYER_ASSIGNMENT (  '', '', ( #1130 ) ) ;
#1132 = MECHANICAL_DESIGN_GEOMETRIC_PRESENTATION_REPRESENTATION (  '', ( #1130 ), #1282 ) ;
#1133 = AXIS2_PLACEMENT_3D ( 'NONE', #900, #906, #941 ) ;
#1134 = STYLED_ITEM ( 'NONE', ( #882 ), #2589 ) ;
#1135 = VECTOR ( 'NONE', #930, 1000.000000000000000 ) ;
#1136 = AXIS2_PLACEMENT_3D ( 'NONE', #923, #850, #894 ) ;
#1137 = PRESENTATION_LAYER_ASSIGNMENT (  '', '', ( #1134 ) ) ;
#1138 = MECHANICAL_DESIGN_GEOMETRIC_PRESENTATION_REPRESENTATION (  '', ( #1134 ), #1281 ) ;
#1139 = AXIS2_PLACEMENT_3D ( 'NONE', #1683, #1674, #1669 ) ;
#1140 = FACE_OUTER_BOUND ( 'NONE', #1402, .T. ) ;
#1141 = VECTOR ( 'NONE', #1688, 1000.000000000000000 ) ;
#1142 = AXIS2_PLACEMENT_3D ( 'NONE', #1693, #1694, #1560 ) ;
#1143 = STYLED_ITEM ( 'NONE', ( #1552 ), #2595 ) ;
#1144 = AXIS2_PLACEMENT_3D ( 'NONE', #1571, #1572, #1569 ) ;
#1145 = PRESENTATION_LAYER_ASSIGNMENT (  '', '', ( #1143 ) ) ;
#1146 = MECHANICAL_DESIGN_GEOMETRIC_PRESENTATION_REPRESENTATION (  '', ( #1143 ), #1280 ) ;
#1147 = FACE_OUTER_BOUND ( 'NONE', #1486, .T. ) ;
#1148 = AXIS2_PLACEMENT_3D ( 'NONE', #1676, #1678, #1680 ) ;
#1149 = STYLED_ITEM ( 'NONE', ( #1720 ), #2596 ) ;
#1150 = PRESENTATION_LAYER_ASSIGNMENT (  '', '', ( #1149 ) ) ;
#1151 = MECHANICAL_DESIGN_GEOMETRIC_PRESENTATION_REPRESENTATION (  '', ( #1149 ), #1279 ) ;
#1152 = FACE_OUTER_BOUND ( 'NONE', #1450, .T. ) ;
#1153 = STYLED_ITEM ( 'NONE', ( #1690 ), #2597 ) ;
#1154 =( REPRESENTATION_RELATIONSHIP ('NONE','NONE', #1727, #1726 ) REPRESENTATION_RELATIONSHIP_WITH_TRANSFORMATION ( #1172 )SHAPE_REPRESENTATION_RELATIONSHIP( ) );
#1155 = APPLICATION_CONTEXT ( 'automotive_design' ) ;
#1156 = APPLICATION_CONTEXT ( 'automotive_design' ) ;
#1157 = APPLICATION_CONTEXT ( 'automotive_design' ) ;
#1158 =( REPRESENTATION_RELATIONSHIP ('NONE','NONE', #1727, #1725 ) REPRESENTATION_RELATIONSHIP_WITH_TRANSFORMATION ( #1196 )SHAPE_REPRESENTATION_RELATIONSHIP( ) );
#1159 = APPLICATION_CONTEXT ( 'automotive_design' ) ;
#1160 = APPLICATION_CONTEXT ( 'automotive_design' ) ;
#1161 = APPLICATION_CONTEXT ( 'automotive_design' ) ;
#1162 = CARTESIAN_POINT ( 'NONE',  ( 0.0000000000000000000, 0.0000000000000000000, 0.0000000000000000000 ) ) ;
#1163 =( NAMED_UNIT ( * ) PLANE_ANGLE_UNIT ( ) SI_UNIT ( $, .RADIAN. ) );
#1164 =( LENGTH_UNIT ( ) NAMED_UNIT ( * ) SI_UNIT ( .MILLI., .METRE. ) );
#1165 = DIRECTION ( 'NONE',  ( 1.000000000000000000, 0.0000000000000000000, 0.0000000000000000000 ) ) ;
#1166 = DIRECTION ( 'NONE',  ( 0.0000000000000000000, 0.0000000000000000000, 1.000000000000000000 ) ) ;
#1167 = DIRECTION ( 'NONE',  ( 0.0000000000000000000, 0.0000000000000000000, 1.000000000000000000 ) ) ;
#1168 = FILL_AREA_STYLE ('',( #1185 ) ) ;
#1169 =( LENGTH_UNIT ( ) NAMED_UNIT ( * ) SI_UNIT ( .MILLI., .METRE. ) );
#1170 = SURFACE_STYLE_USAGE ( .BOTH. , #1175 ) ;
#1171 = PRESENTATION_STYLE_ASSIGNMENT (( #1170 ) ) ;
#1172 = ITEM_DEFINED_TRANSFORMATION ( 'NONE', 'NONE', #2299,  #2290 ) ;
#1173 = APPLICATION_PROTOCOL_DEFINITION ( 'draft international standard', 'automotive_design', 1998, #1157 ) ;
#1174 = DIRECTION ( 'NONE',  ( 1.000000000000000000, 0.0000000000000000000, 0.0000000000000000000 ) ) ;
#1175 = SURFACE_SIDE_STYLE ('',( #1178 ) ) ;
#1176 =( NAMED_UNIT ( * ) SI_UNIT ( $, .STERADIAN. ) SOLID_ANGLE_UNIT ( ) );
#1177 = CARTESIAN_POINT ( 'NONE',  ( 0.0000000000000000000, 0.0000000000000000000, 0.0000000000000000000 ) ) ;
#1178 = SURFACE_STYLE_FILL_AREA ( #1168 ) ;
#1179 = PRODUCT_CONTEXT ( 'NONE', #1159, 'mechanical' ) ;
#1180 =( NAMED_UNIT ( * ) SI_UNIT ( $, .STERADIAN. ) SOLID_ANGLE_UNIT ( ) );
#1181 = CONTEXT_DEPENDENT_SHAPE_REPRESENTATION ( #1158, #1227 ) ;
#1182 =( NAMED_UNIT ( * ) PLANE_ANGLE_UNIT ( ) SI_UNIT ( $, .RADIAN. ) );
#1183 = APPLICATION_PROTOCOL_DEFINITION ( 'draft international standard', 'automotive_design', 1998, #1156 ) ;
#1184 = APPLICATION_PROTOCOL_DEFINITION ( 'draft international standard', 'automotive_design', 1998, #1159 ) ;
#1185 = FILL_AREA_STYLE_COLOUR ( '', #2555 ) ;
#1186 = SHAPE_REPRESENTATION_RELATIONSHIP ( 'NONE' , 'NONE' ,  #1725, #1354 ) ;
#1187 = APPLICATION_PROTOCOL_DEFINITION ( 'draft international standard', 'automotive_design', 1998, #1161 ) ;
#1188 = CONTEXT_DEPENDENT_SHAPE_REPRESENTATION ( #1154, #1212 ) ;
#1189 = PRODUCT_CONTEXT ( 'NONE', #1161, 'mechanical' ) ;
#1190 = DIRECTION ( 'NONE',  ( 1.000000000000000000, 0.0000000000000000000, 0.0000000000000000000 ) ) ;
#1191 = DIRECTION ( 'NONE',  ( 0.0000000000000000000, 0.0000000000000000000, 1.000000000000000000 ) ) ;
#1192 = CARTESIAN_POINT ( 'NONE',  ( 0.0000000000000000000, 0.0000000000000000000, 0.0000000000000000000 ) ) ;
#1193 = DIRECTION ( 'NONE',  ( 0.0000000000000000000, 0.0000000000000000000, 1.000000000000000000 ) ) ;
#1194 = DIRECTION ( 'NONE',  ( 1.000000000000000000, 0.0000000000000000000, 0.0000000000000000000 ) ) ;
#1195 = CARTESIAN_POINT ( 'NONE',  ( 0.0000000000000000000, 0.0000000000000000000, 0.0000000000000000000 ) ) ;
#1196 = ITEM_DEFINED_TRANSFORMATION ( 'NONE', 'NONE', #2300,  #2290 ) ;
#1197 = SHAPE_DEFINITION_REPRESENTATION ( #1221, #1726 ) ;
#1198 = SHAPE_DEFINITION_REPRESENTATION ( #1223, #1727 ) ;
#1199 = APPLICATION_PROTOCOL_DEFINITION ( 'draft international standard', 'automotive_design', 1998, #1160 ) ;
#1200 = SHAPE_DEFINITION_REPRESENTATION ( #1222, #1725 ) ;
#1201 = APPLICATION_PROTOCOL_DEFINITION ( 'draft international standard', 'automotive_design', 1998, #1155 ) ;
#1202 = PRODUCT_CONTEXT ( 'NONE', #1155, 'mechanical' ) ;
#1203 =( BOUNDED_SURFACE ( )  B_SPLINE_SURFACE ( 3, 3, ( 
 ( #2078, #2120, #2117, #2113 ),
 ( #2216, #2047, #2161, #2054 ),
 ( #2153, #2040, #2109, #2219 ),
 ( #2223, #2224, #2128, #2107 ) ),
 .UNSPECIFIED., .F., .F., .F. ) 
 B_SPLINE_SURFACE_WITH_KNOTS ( ( 4, 4 ),
 ( 4, 4 ),
 ( 0.0000000000000000000, 1.000000000000000000 ),
 ( 0.0000000000000000000, 1.000000000000000000 ),
 .UNSPECIFIED. ) 
 GEOMETRIC_REPRESENTATION_ITEM ( )  RATIONAL_B_SPLINE_SURFACE ( (
 ( 1.000000000000000000, 0.8047378541243643800, 0.8047378541243643800, 1.000000000000000000),
 ( 0.8047378541243599400, 0.6476030138606832000, 0.6476030138606832000, 0.8047378541243599400),
 ( 0.8047378541243599400, 0.6476030138606832000, 0.6476030138606832000, 0.8047378541243599400),
 ( 1.000000000000000000, 0.8047378541243643800, 0.8047378541243643800, 1.000000000000000000) ) ) 
 REPRESENTATION_ITEM ( '' )  SURFACE ( )  );
#1204 =( BOUNDED_SURFACE ( )  B_SPLINE_SURFACE ( 3, 3, ( 
 ( #2351, #2352, #2354, #2475 ),
 ( #2425, #2478, #2462, #2430 ),
 ( #2487, #2439, #2442, #2314 ),
 ( #2312, #2441, #2409, #2346 ) ),
 .UNSPECIFIED., .F., .F., .F. ) 
 B_SPLINE_SURFACE_WITH_KNOTS ( ( 4, 4 ),
 ( 4, 4 ),
 ( 0.0000000000000000000, 1.000000000000000000 ),
 ( 0.0000000000000000000, 1.000000000000000000 ),
 .UNSPECIFIED. ) 
 GEOMETRIC_REPRESENTATION_ITEM ( )  RATIONAL_B_SPLINE_SURFACE ( (
 ( 1.000000000000000000, 0.8047378541243640500, 0.8047378541243640500, 1.000000000000000000),
 ( 0.8047378541243649400, 0.6476030138606869700, 0.6476030138606869700, 0.8047378541243649400),
 ( 0.8047378541243649400, 0.6476030138606869700, 0.6476030138606869700, 0.8047378541243649400),
 ( 1.000000000000000000, 0.8047378541243640500, 0.8047378541243640500, 1.000000000000000000) ) ) 
 REPRESENTATION_ITEM ( '' )  SURFACE ( )  );
#1205 =( BOUNDED_SURFACE ( )  B_SPLINE_SURFACE ( 3, 3, ( 
 ( #1527, #1638, #1519, #1563 ),
 ( #1570, #1535, #1536, #1565 ),
 ( #1578, #1533, #1671, #1672 ),
 ( #1670, #1568, #1677, #1679 ) ),
 .UNSPECIFIED., .F., .F., .F. ) 
 B_SPLINE_SURFACE_WITH_KNOTS ( ( 4, 4 ),
 ( 4, 4 ),
 ( 0.0000000000000000000, 1.000000000000000000 ),
 ( 0.0000000000000000000, 1.000000000000000000 ),
 .UNSPECIFIED. ) 
 GEOMETRIC_REPRESENTATION_ITEM ( )  RATIONAL_B_SPLINE_SURFACE ( (
 ( 1.000000000000000000, 0.8047378541243649400, 0.8047378541243649400, 1.000000000000000000),
 ( 0.8047378541243640500, 0.6476030138606869700, 0.6476030138606869700, 0.8047378541243640500),
 ( 0.8047378541243640500, 0.6476030138606869700, 0.6476030138606869700, 0.8047378541243640500),
 ( 1.000000000000000000, 0.8047378541243649400, 0.8047378541243649400, 1.000000000000000000) ) ) 
 REPRESENTATION_ITEM ( '' )  SURFACE ( )  );
#1206 =( BOUNDED_SURFACE ( )  B_SPLINE_SURFACE ( 3, 3, ( 
 ( #2108, #2187, #2239, #2179 ),
 ( #2080, #2159, #2141, #2042 ),
 ( #2236, #2229, #2058, #2053 ),
 ( #2142, #2091, #2104, #2218 ) ),
 .UNSPECIFIED., .F., .F., .F. ) 
 B_SPLINE_SURFACE_WITH_KNOTS ( ( 4, 4 ),
 ( 4, 4 ),
 ( 0.0000000000000000000, 1.000000000000000000 ),
 ( 0.0000000000000000000, 1.000000000000000000 ),
 .UNSPECIFIED. ) 
 GEOMETRIC_REPRESENTATION_ITEM ( )  RATIONAL_B_SPLINE_SURFACE ( (
 ( 1.000000000000000000, 0.8047378541243649400, 0.8047378541243649400, 1.000000000000000000),
 ( 0.8047378541243654900, 0.6476030138606880800, 0.6476030138606880800, 0.8047378541243654900),
 ( 0.8047378541243654900, 0.6476030138606880800, 0.6476030138606880800, 0.8047378541243654900),
 ( 1.000000000000000000, 0.8047378541243649400, 0.8047378541243649400, 1.000000000000000000) ) ) 
 REPRESENTATION_ITEM ( '' )  SURFACE ( )  );
#1207 =( BOUNDED_SURFACE ( )  B_SPLINE_SURFACE ( 3, 3, ( 
 ( #1598, #1705, #1618, #1621 ),
 ( #1620, #1624, #1613, #1626 ),
 ( #1614, #1616, #1645, #1643 ),
 ( #1649, #1708, #1711, #1713 ) ),
 .UNSPECIFIED., .F., .F., .F. ) 
 B_SPLINE_SURFACE_WITH_KNOTS ( ( 4, 4 ),
 ( 4, 4 ),
 ( 0.0000000000000000000, 1.000000000000000000 ),
 ( 0.0000000000000000000, 1.000000000000000000 ),
 .UNSPECIFIED. ) 
 GEOMETRIC_REPRESENTATION_ITEM ( )  RATIONAL_B_SPLINE_SURFACE ( (
 ( 1.000000000000000000, 0.8047378541243646000, 0.8047378541243646000, 1.000000000000000000),
 ( 0.8047378541243637200, 0.6476030138606864200, 0.6476030138606864200, 0.8047378541243637200),
 ( 0.8047378541243637200, 0.6476030138606864200, 0.6476030138606864200, 0.8047378541243637200),
 ( 1.000000000000000000, 0.8047378541243646000, 0.8047378541243646000, 1.000000000000000000) ) ) 
 REPRESENTATION_ITEM ( '' )  SURFACE ( )  );
#1208 =( BOUNDED_SURFACE ( )  B_SPLINE_SURFACE ( 3, 3, ( 
 ( #683, #684, #682, #672 ),
 ( #676, #669, #592, #598 ),
 ( #593, #674, #578, #668 ),
 ( #678, #686, #612, #287 ) ),
 .UNSPECIFIED., .F., .F., .F. ) 
 B_SPLINE_SURFACE_WITH_KNOTS ( ( 4, 4 ),
 ( 4, 4 ),
 ( 0.0000000000000000000, 1.000000000000000000 ),
 ( 0.0000000000000000000, 1.000000000000000000 ),
 .UNSPECIFIED. ) 
 GEOMETRIC_REPRESENTATION_ITEM ( )  RATIONAL_B_SPLINE_SURFACE ( (
 ( 1.000000000000000000, 0.8047378541243643800, 0.8047378541243643800, 1.000000000000000000),
 ( 0.8047378541243623800, 0.6476030138606851900, 0.6476030138606851900, 0.8047378541243623800),
 ( 0.8047378541243623800, 0.6476030138606851900, 0.6476030138606851900, 0.8047378541243623800),
 ( 1.000000000000000000, 0.8047378541243643800, 0.8047378541243643800, 1.000000000000000000) ) ) 
 REPRESENTATION_ITEM ( '' )  SURFACE ( )  );
#1209 =( BOUNDED_SURFACE ( )  B_SPLINE_SURFACE ( 3, 3, ( 
 ( #1839, #1883, #1850, #1885 ),
 ( #1913, #1881, #1853, #1879 ),
 ( #1844, #1846, #1811, #1829 ),
 ( #1806, #1805, #1848, #1867 ) ),
 .UNSPECIFIED., .F., .F., .F. ) 
 B_SPLINE_SURFACE_WITH_KNOTS ( ( 4, 4 ),
 ( 4, 4 ),
 ( 0.0000000000000000000, 1.000000000000000000 ),
 ( 0.0000000000000000000, 1.000000000000000000 ),
 .UNSPECIFIED. ) 
 GEOMETRIC_REPRESENTATION_ITEM ( )  RATIONAL_B_SPLINE_SURFACE ( (
 ( 1.000000000000000000, 0.8047378541243646000, 0.8047378541243646000, 1.000000000000000000),
 ( 0.8047378541243654900, 0.6476030138606878600, 0.6476030138606878600, 0.8047378541243654900),
 ( 0.8047378541243654900, 0.6476030138606878600, 0.6476030138606878600, 0.8047378541243654900),
 ( 1.000000000000000000, 0.8047378541243646000, 0.8047378541243646000, 1.000000000000000000) ) ) 
 REPRESENTATION_ITEM ( '' )  SURFACE ( )  );
#1210 = MANIFOLD_SOLID_BREP ( 'Imported1', #1924 ) ;
#1211 =( BOUNDED_SURFACE ( )  B_SPLINE_SURFACE ( 3, 3, ( 
 ( #328, #332, #336, #335 ),
 ( #337, #340, #283, #285 ),
 ( #284, #279, #276, #405 ),
 ( #410, #472, #430, #428 ) ),
 .UNSPECIFIED., .F., .F., .F. ) 
 B_SPLINE_SURFACE_WITH_KNOTS ( ( 4, 4 ),
 ( 4, 4 ),
 ( 0.0000000000000000000, 1.000000000000000000 ),
 ( 0.0000000000000000000, 1.000000000000000000 ),
 .UNSPECIFIED. ) 
 GEOMETRIC_REPRESENTATION_ITEM ( )  RATIONAL_B_SPLINE_SURFACE ( (
 ( 1.000000000000000000, 0.8047378541243648300, 0.8047378541243648300, 1.000000000000000000),
 ( 0.8047378541243650500, 0.6476030138606876400, 0.6476030138606876400, 0.8047378541243650500),
 ( 0.8047378541243650500, 0.6476030138606876400, 0.6476030138606876400, 0.8047378541243650500),
 ( 1.000000000000000000, 0.8047378541243648300, 0.8047378541243648300, 1.000000000000000000) ) ) 
 REPRESENTATION_ITEM ( '' )  SURFACE ( )  );
#1212 = PRODUCT_DEFINITION_SHAPE ( 'NONE', 'NONE',  #2977 ) ;
#1213 =( BOUNDED_SURFACE ( )  B_SPLINE_SURFACE ( 3, 3, ( 
 ( #591, #597, #600, #602 ),
 ( #601, #604, #605, #606 ),
 ( #607, #608, #610, #611 ),
 ( #640, #638, #555, #548 ) ),
 .UNSPECIFIED., .F., .F., .F. ) 
 B_SPLINE_SURFACE_WITH_KNOTS ( ( 4, 4 ),
 ( 4, 4 ),
 ( 0.0000000000000000000, 1.000000000000000000 ),
 ( 0.0000000000000000000, 1.000000000000000000 ),
 .UNSPECIFIED. ) 
 GEOMETRIC_REPRESENTATION_ITEM ( )  RATIONAL_B_SPLINE_SURFACE ( (
 ( 1.000000000000000000, 0.8047378541243649400, 0.8047378541243649400, 1.000000000000000000),
 ( 0.8047378541243649400, 0.6476030138606876400, 0.6476030138606876400, 0.8047378541243649400),
 ( 0.8047378541243649400, 0.6476030138606876400, 0.6476030138606876400, 0.8047378541243649400),
 ( 1.000000000000000000, 0.8047378541243649400, 0.8047378541243649400, 1.000000000000000000) ) ) 
 REPRESENTATION_ITEM ( '' )  SURFACE ( )  );
#1214 = MANIFOLD_SOLID_BREP ( 'Imported1', #1925 ) ;
#1215 =( BOUNDED_SURFACE ( )  B_SPLINE_SURFACE ( 3, 3, ( 
 ( #293, #292, #314, #347 ),
 ( #350, #352, #353, #355 ),
 ( #346, #342, #341, #384 ),
 ( #378, #380, #400, #436 ) ),
 .UNSPECIFIED., .F., .F., .F. ) 
 B_SPLINE_SURFACE_WITH_KNOTS ( ( 4, 4 ),
 ( 4, 4 ),
 ( 0.0000000000000000000, 1.000000000000000000 ),
 ( 0.0000000000000000000, 1.000000000000000000 ),
 .UNSPECIFIED. ) 
 GEOMETRIC_REPRESENTATION_ITEM ( )  RATIONAL_B_SPLINE_SURFACE ( (
 ( 1.000000000000000000, 0.8047378541243649400, 0.8047378541243649400, 1.000000000000000000),
 ( 0.8047378541243599400, 0.6476030138606836400, 0.6476030138606836400, 0.8047378541243599400),
 ( 0.8047378541243599400, 0.6476030138606836400, 0.6476030138606836400, 0.8047378541243599400),
 ( 1.000000000000000000, 0.8047378541243649400, 0.8047378541243649400, 1.000000000000000000) ) ) 
 REPRESENTATION_ITEM ( '' )  SURFACE ( )  );
#1216 =( BOUNDED_SURFACE ( )  B_SPLINE_SURFACE ( 3, 3, ( 
 ( #637, #633, #629, #627 ),
 ( #625, #624, #622, #688 ),
 ( #616, #667, #564, #565 ),
 ( #571, #570, #568, #567 ) ),
 .UNSPECIFIED., .F., .F., .F. ) 
 B_SPLINE_SURFACE_WITH_KNOTS ( ( 4, 4 ),
 ( 4, 4 ),
 ( 0.0000000000000000000, 1.000000000000000000 ),
 ( 0.0000000000000000000, 1.000000000000000000 ),
 .UNSPECIFIED. ) 
 GEOMETRIC_REPRESENTATION_ITEM ( )  RATIONAL_B_SPLINE_SURFACE ( (
 ( 1.000000000000000000, 0.8047378541243649400, 0.8047378541243649400, 1.000000000000000000),
 ( 0.8047378541243649400, 0.6476030138606876400, 0.6476030138606876400, 0.8047378541243649400),
 ( 0.8047378541243649400, 0.6476030138606876400, 0.6476030138606876400, 0.8047378541243649400),
 ( 1.000000000000000000, 0.8047378541243649400, 0.8047378541243649400, 1.000000000000000000) ) ) 
 REPRESENTATION_ITEM ( '' )  SURFACE ( )  );
#1217 =( BOUNDED_SURFACE ( )  B_SPLINE_SURFACE ( 3, 3, ( 
 ( #1605, #1604, #1597, #1586 ),
 ( #1593, #1594, #1582, #1589 ),
 ( #1588, #1583, #1595, #1647 ),
 ( #1526, #1546, #1522, #1579 ) ),
 .UNSPECIFIED., .F., .F., .F. ) 
 B_SPLINE_SURFACE_WITH_KNOTS ( ( 4, 4 ),
 ( 4, 4 ),
 ( 0.0000000000000000000, 1.000000000000000000 ),
 ( 0.0000000000000000000, 1.000000000000000000 ),
 .UNSPECIFIED. ) 
 GEOMETRIC_REPRESENTATION_ITEM ( )  RATIONAL_B_SPLINE_SURFACE ( (
 ( 1.000000000000000000, 0.8047378541243649400, 0.8047378541243649400, 1.000000000000000000),
 ( 0.8047378541243623800, 0.6476030138606856400, 0.6476030138606856400, 0.8047378541243623800),
 ( 0.8047378541243623800, 0.6476030138606856400, 0.6476030138606856400, 0.8047378541243623800),
 ( 1.000000000000000000, 0.8047378541243649400, 0.8047378541243649400, 1.000000000000000000) ) ) 
 REPRESENTATION_ITEM ( '' )  SURFACE ( )  );
#1218 =( BOUNDED_SURFACE ( )  B_SPLINE_SURFACE ( 3, 3, ( 
 ( #2393, #2376, #2335, #2338 ),
 ( #2459, #2437, #2480, #2327 ),
 ( #2370, #2432, #2466, #2341 ),
 ( #2344, #2355, #2343, #2385 ) ),
 .UNSPECIFIED., .F., .F., .F. ) 
 B_SPLINE_SURFACE_WITH_KNOTS ( ( 4, 4 ),
 ( 4, 4 ),
 ( 0.0000000000000000000, 1.000000000000000000 ),
 ( 0.0000000000000000000, 1.000000000000000000 ),
 .UNSPECIFIED. ) 
 GEOMETRIC_REPRESENTATION_ITEM ( )  RATIONAL_B_SPLINE_SURFACE ( (
 ( 1.000000000000000000, 0.8047378541243643800, 0.8047378541243643800, 1.000000000000000000),
 ( 0.8047378541243649400, 0.6476030138606871900, 0.6476030138606871900, 0.8047378541243649400),
 ( 0.8047378541243649400, 0.6476030138606871900, 0.6476030138606871900, 0.8047378541243649400),
 ( 1.000000000000000000, 0.8047378541243643800, 0.8047378541243643800, 1.000000000000000000) ) ) 
 REPRESENTATION_ITEM ( '' )  SURFACE ( )  );
#1219 =( BOUNDED_SURFACE ( )  B_SPLINE_SURFACE ( 3, 3, ( 
 ( #1821, #1872, #1831, #1826 ),
 ( #1828, #1905, #1877, #1801 ),
 ( #958, #966, #982, #981 ),
 ( #969, #974, #963, #995 ) ),
 .UNSPECIFIED., .F., .F., .F. ) 
 B_SPLINE_SURFACE_WITH_KNOTS ( ( 4, 4 ),
 ( 4, 4 ),
 ( 0.0000000000000000000, 1.000000000000000000 ),
 ( 0.0000000000000000000, 1.000000000000000000 ),
 .UNSPECIFIED. ) 
 GEOMETRIC_REPRESENTATION_ITEM ( )  RATIONAL_B_SPLINE_SURFACE ( (
 ( 1.000000000000000000, 0.8047378541243649400, 0.8047378541243649400, 1.000000000000000000),
 ( 0.8047378541243623800, 0.6476030138606856400, 0.6476030138606856400, 0.8047378541243623800),
 ( 0.8047378541243623800, 0.6476030138606856400, 0.6476030138606856400, 0.8047378541243623800),
 ( 1.000000000000000000, 0.8047378541243649400, 0.8047378541243649400, 1.000000000000000000) ) ) 
 REPRESENTATION_ITEM ( '' )  SURFACE ( )  );
#1220 =( BOUNDED_SURFACE ( )  B_SPLINE_SURFACE ( 3, 3, ( 
 ( #1907, #1891, #1922, #1861 ),
 ( #1884, #1843, #1882, #1832 ),
 ( #1842, #1862, #1860, #1916 ),
 ( #1893, #1825, #1914, #1800 ) ),
 .UNSPECIFIED., .F., .F., .F. ) 
 B_SPLINE_SURFACE_WITH_KNOTS ( ( 4, 4 ),
 ( 4, 4 ),
 ( 0.0000000000000000000, 1.000000000000000000 ),
 ( 0.0000000000000000000, 1.000000000000000000 ),
 .UNSPECIFIED. ) 
 GEOMETRIC_REPRESENTATION_ITEM ( )  RATIONAL_B_SPLINE_SURFACE ( (
 ( 1.000000000000000000, 0.8047378541243649400, 0.8047378541243649400, 1.000000000000000000),
 ( 0.8047378541243648300, 0.6476030138606875300, 0.6476030138606875300, 0.8047378541243648300),
 ( 0.8047378541243648300, 0.6476030138606875300, 0.6476030138606875300, 0.8047378541243648300),
 ( 1.000000000000000000, 0.8047378541243649400, 0.8047378541243649400, 1.000000000000000000) ) ) 
 REPRESENTATION_ITEM ( '' )  SURFACE ( )  );
#1221 = PRODUCT_DEFINITION_SHAPE ( 'NONE', 'NONE',  #2730 ) ;
#1222 = PRODUCT_DEFINITION_SHAPE ( 'NONE', 'NONE',  #2757 ) ;
#1223 = PRODUCT_DEFINITION_SHAPE ( 'NONE', 'NONE',  #2769 ) ;
#1224 =( BOUNDED_SURFACE ( )  B_SPLINE_SURFACE ( 3, 3, ( 
 ( #2469, #2381, #2465, #2350 ),
 ( #2333, #2471, #2353, #2359 ),
 ( #2340, #2470, #2468, #2328 ),
 ( #2418, #2429, #2417, #2345 ) ),
 .UNSPECIFIED., .F., .F., .F. ) 
 B_SPLINE_SURFACE_WITH_KNOTS ( ( 4, 4 ),
 ( 4, 4 ),
 ( 0.0000000000000000000, 1.000000000000000000 ),
 ( 0.0000000000000000000, 1.000000000000000000 ),
 .UNSPECIFIED. ) 
 GEOMETRIC_REPRESENTATION_ITEM ( )  RATIONAL_B_SPLINE_SURFACE ( (
 ( 1.000000000000000000, 0.8047378541243648300, 0.8047378541243648300, 1.000000000000000000),
 ( 0.8047378541243649400, 0.6476030138606875300, 0.6476030138606875300, 0.8047378541243649400),
 ( 0.8047378541243649400, 0.6476030138606875300, 0.6476030138606875300, 0.8047378541243649400),
 ( 1.000000000000000000, 0.8047378541243648300, 0.8047378541243648300, 1.000000000000000000) ) ) 
 REPRESENTATION_ITEM ( '' )  SURFACE ( )  );
#1225 = PRODUCT_DEFINITION_CONTEXT ( 'detailed design', #1156, 'design' ) ;
#1226 = PRODUCT_DEFINITION_CONTEXT ( 'detailed design', #1157, 'design' ) ;
#1227 = PRODUCT_DEFINITION_SHAPE ( 'NONE', 'NONE',  #2978 ) ;
#1228 = PRODUCT_DEFINITION_CONTEXT ( 'detailed design', #1160, 'design' ) ;
#1229 =( GEOMETRIC_REPRESENTATION_CONTEXT ( 3 ) GLOBAL_UNCERTAINTY_ASSIGNED_CONTEXT ( ( #1324 ) ) GLOBAL_UNIT_ASSIGNED_CONTEXT ( ( #2392, #2474, #2473 ) ) REPRESENTATION_CONTEXT ( 'NONE', 'WORKASPACE' ) );
#1230 =( GEOMETRIC_REPRESENTATION_CONTEXT ( 3 ) GLOBAL_UNCERTAINTY_ASSIGNED_CONTEXT ( ( #1333 ) ) GLOBAL_UNIT_ASSIGNED_CONTEXT ( ( #917, #831, #888 ) ) REPRESENTATION_CONTEXT ( 'NONE', 'WORKASPACE' ) );
#1231 =( GEOMETRIC_REPRESENTATION_CONTEXT ( 3 ) GLOBAL_UNCERTAINTY_ASSIGNED_CONTEXT ( ( #1306 ) ) GLOBAL_UNIT_ASSIGNED_CONTEXT ( ( #2184, #2076, #2073 ) ) REPRESENTATION_CONTEXT ( 'NONE', 'WORKASPACE' ) );
#1232 =( GEOMETRIC_REPRESENTATION_CONTEXT ( 3 ) GLOBAL_UNCERTAINTY_ASSIGNED_CONTEXT ( ( #1331 ) ) GLOBAL_UNIT_ASSIGNED_CONTEXT ( ( #2069, #2051, #2129 ) ) REPRESENTATION_CONTEXT ( 'NONE', 'WORKASPACE' ) );
#1233 =( GEOMETRIC_REPRESENTATION_CONTEXT ( 3 ) GLOBAL_UNCERTAINTY_ASSIGNED_CONTEXT ( ( #1307 ) ) GLOBAL_UNIT_ASSIGNED_CONTEXT ( ( #2151, #2145, #2052 ) ) REPRESENTATION_CONTEXT ( 'NONE', 'WORKASPACE' ) );
#1234 =( GEOMETRIC_REPRESENTATION_CONTEXT ( 3 ) GLOBAL_UNCERTAINTY_ASSIGNED_CONTEXT ( ( #1358 ) ) GLOBAL_UNIT_ASSIGNED_CONTEXT ( ( #2099, #2167, #2123 ) ) REPRESENTATION_CONTEXT ( 'NONE', 'WORKASPACE' ) );
#1235 =( GEOMETRIC_REPRESENTATION_CONTEXT ( 3 ) GLOBAL_UNCERTAINTY_ASSIGNED_CONTEXT ( ( #1304 ) ) GLOBAL_UNIT_ASSIGNED_CONTEXT ( ( #2105, #2152, #2217 ) ) REPRESENTATION_CONTEXT ( 'NONE', 'WORKASPACE' ) );
#1236 =( GEOMETRIC_REPRESENTATION_CONTEXT ( 3 ) GLOBAL_UNCERTAINTY_ASSIGNED_CONTEXT ( ( #1364 ) ) GLOBAL_UNIT_ASSIGNED_CONTEXT ( ( #860, #880, #919 ) ) REPRESENTATION_CONTEXT ( 'NONE', 'WORKASPACE' ) );
#1237 =( GEOMETRIC_REPRESENTATION_CONTEXT ( 3 ) GLOBAL_UNCERTAINTY_ASSIGNED_CONTEXT ( ( #1317 ) ) GLOBAL_UNIT_ASSIGNED_CONTEXT ( ( #2336, #2363, #2435 ) ) REPRESENTATION_CONTEXT ( 'NONE', 'WORKASPACE' ) );
#1238 =( GEOMETRIC_REPRESENTATION_CONTEXT ( 3 ) GLOBAL_UNCERTAINTY_ASSIGNED_CONTEXT ( ( #1360 ) ) GLOBAL_UNIT_ASSIGNED_CONTEXT ( ( #1841, #1856, #1836 ) ) REPRESENTATION_CONTEXT ( 'NONE', 'WORKASPACE' ) );
#1239 =( GEOMETRIC_REPRESENTATION_CONTEXT ( 3 ) GLOBAL_UNCERTAINTY_ASSIGNED_CONTEXT ( ( #1321 ) ) GLOBAL_UNIT_ASSIGNED_CONTEXT ( ( #1818, #1903, #1816 ) ) REPRESENTATION_CONTEXT ( 'NONE', 'WORKASPACE' ) );
#1240 =( GEOMETRIC_REPRESENTATION_CONTEXT ( 3 ) GLOBAL_UNCERTAINTY_ASSIGNED_CONTEXT ( ( #1336 ) ) GLOBAL_UNIT_ASSIGNED_CONTEXT ( ( #1802, #1810, #1921 ) ) REPRESENTATION_CONTEXT ( 'NONE', 'WORKASPACE' ) );
#1241 =( GEOMETRIC_REPRESENTATION_CONTEXT ( 3 ) GLOBAL_UNCERTAINTY_ASSIGNED_CONTEXT ( ( #1326 ) ) GLOBAL_UNIT_ASSIGNED_CONTEXT ( ( #1849, #1871, #1815 ) ) REPRESENTATION_CONTEXT ( 'NONE', 'WORKASPACE' ) );
#1242 =( GEOMETRIC_REPRESENTATION_CONTEXT ( 3 ) GLOBAL_UNCERTAINTY_ASSIGNED_CONTEXT ( ( #1353 ) ) GLOBAL_UNIT_ASSIGNED_CONTEXT ( ( #1164, #1163, #1176 ) ) REPRESENTATION_CONTEXT ( 'NONE', 'WORKASPACE' ) );
#1243 =( GEOMETRIC_REPRESENTATION_CONTEXT ( 3 ) GLOBAL_UNCERTAINTY_ASSIGNED_CONTEXT ( ( #1352 ) ) GLOBAL_UNIT_ASSIGNED_CONTEXT ( ( #1169, #1182, #1180 ) ) REPRESENTATION_CONTEXT ( 'NONE', 'WORKASPACE' ) );
#1244 =( GEOMETRIC_REPRESENTATION_CONTEXT ( 3 ) GLOBAL_UNCERTAINTY_ASSIGNED_CONTEXT ( ( #1355 ) ) GLOBAL_UNIT_ASSIGNED_CONTEXT ( ( #1798, #1799, #1744 ) ) REPRESENTATION_CONTEXT ( 'NONE', 'WORKASPACE' ) );
#1245 =( GEOMETRIC_REPRESENTATION_CONTEXT ( 3 ) GLOBAL_UNCERTAINTY_ASSIGNED_CONTEXT ( ( #1348 ) ) GLOBAL_UNIT_ASSIGNED_CONTEXT ( ( #1777, #1778, #1786 ) ) REPRESENTATION_CONTEXT ( 'NONE', 'WORKASPACE' ) );
#1246 =( GEOMETRIC_REPRESENTATION_CONTEXT ( 3 ) GLOBAL_UNCERTAINTY_ASSIGNED_CONTEXT ( ( #1350 ) ) GLOBAL_UNIT_ASSIGNED_CONTEXT ( ( #1750, #1752, #1755 ) ) REPRESENTATION_CONTEXT ( 'NONE', 'WORKASPACE' ) );
#1247 =( GEOMETRIC_REPRESENTATION_CONTEXT ( 3 ) GLOBAL_UNCERTAINTY_ASSIGNED_CONTEXT ( ( #1344 ) ) GLOBAL_UNIT_ASSIGNED_CONTEXT ( ( #359, #421, #375 ) ) REPRESENTATION_CONTEXT ( 'NONE', 'WORKASPACE' ) );
#1248 =( GEOMETRIC_REPRESENTATION_CONTEXT ( 3 ) GLOBAL_UNCERTAINTY_ASSIGNED_CONTEXT ( ( #1320 ) ) GLOBAL_UNIT_ASSIGNED_CONTEXT ( ( #1851, #1838, #1919 ) ) REPRESENTATION_CONTEXT ( 'NONE', 'WORKASPACE' ) );
#1249 =( GEOMETRIC_REPRESENTATION_CONTEXT ( 3 ) GLOBAL_UNCERTAINTY_ASSIGNED_CONTEXT ( ( #1351 ) ) GLOBAL_UNIT_ASSIGNED_CONTEXT ( ( #959, #962, #996 ) ) REPRESENTATION_CONTEXT ( 'NONE', 'WORKASPACE' ) );
#1250 =( GEOMETRIC_REPRESENTATION_CONTEXT ( 3 ) GLOBAL_UNCERTAINTY_ASSIGNED_CONTEXT ( ( #1312 ) ) GLOBAL_UNIT_ASSIGNED_CONTEXT ( ( #968, #964, #967 ) ) REPRESENTATION_CONTEXT ( 'NONE', 'WORKASPACE' ) );
#1251 =( GEOMETRIC_REPRESENTATION_CONTEXT ( 3 ) GLOBAL_UNCERTAINTY_ASSIGNED_CONTEXT ( ( #1295 ) ) GLOBAL_UNIT_ASSIGNED_CONTEXT ( ( #348, #357, #383 ) ) REPRESENTATION_CONTEXT ( 'NONE', 'WORKASPACE' ) );
#1252 =( GEOMETRIC_REPRESENTATION_CONTEXT ( 3 ) GLOBAL_UNCERTAINTY_ASSIGNED_CONTEXT ( ( #1370 ) ) GLOBAL_UNIT_ASSIGNED_CONTEXT ( ( #377, #295, #344 ) ) REPRESENTATION_CONTEXT ( 'NONE', 'WORKASPACE' ) );
#1253 =( GEOMETRIC_REPRESENTATION_CONTEXT ( 3 ) GLOBAL_UNCERTAINTY_ASSIGNED_CONTEXT ( ( #1296 ) ) GLOBAL_UNIT_ASSIGNED_CONTEXT ( ( #389, #345, #354 ) ) REPRESENTATION_CONTEXT ( 'NONE', 'WORKASPACE' ) );
#1254 =( GEOMETRIC_REPRESENTATION_CONTEXT ( 3 ) GLOBAL_UNCERTAINTY_ASSIGNED_CONTEXT ( ( #1374 ) ) GLOBAL_UNIT_ASSIGNED_CONTEXT ( ( #457, #461, #467 ) ) REPRESENTATION_CONTEXT ( 'NONE', 'WORKASPACE' ) );
#1255 =( GEOMETRIC_REPRESENTATION_CONTEXT ( 3 ) GLOBAL_UNCERTAINTY_ASSIGNED_CONTEXT ( ( #1373 ) ) GLOBAL_UNIT_ASSIGNED_CONTEXT ( ( #495, #490, #487 ) ) REPRESENTATION_CONTEXT ( 'NONE', 'WORKASPACE' ) );
#1256 =( GEOMETRIC_REPRESENTATION_CONTEXT ( 3 ) GLOBAL_UNCERTAINTY_ASSIGNED_CONTEXT ( ( #1372 ) ) GLOBAL_UNIT_ASSIGNED_CONTEXT ( ( #351, #316, #343 ) ) REPRESENTATION_CONTEXT ( 'NONE', 'WORKASPACE' ) );
#1257 =( GEOMETRIC_REPRESENTATION_CONTEXT ( 3 ) GLOBAL_UNCERTAINTY_ASSIGNED_CONTEXT ( ( #1332 ) ) GLOBAL_UNIT_ASSIGNED_CONTEXT ( ( #2360, #2322, #2320 ) ) REPRESENTATION_CONTEXT ( 'NONE', 'WORKASPACE' ) );
#1258 =( GEOMETRIC_REPRESENTATION_CONTEXT ( 3 ) GLOBAL_UNCERTAINTY_ASSIGNED_CONTEXT ( ( #1371 ) ) GLOBAL_UNIT_ASSIGNED_CONTEXT ( ( #539, #535, #551 ) ) REPRESENTATION_CONTEXT ( 'NONE', 'WORKASPACE' ) );
#1259 =( GEOMETRIC_REPRESENTATION_CONTEXT ( 3 ) GLOBAL_UNCERTAINTY_ASSIGNED_CONTEXT ( ( #1299 ) ) GLOBAL_UNIT_ASSIGNED_CONTEXT ( ( #500, #2484, #2391 ) ) REPRESENTATION_CONTEXT ( 'NONE', 'WORKASPACE' ) );
#1260 =( GEOMETRIC_REPRESENTATION_CONTEXT ( 3 ) GLOBAL_UNCERTAINTY_ASSIGNED_CONTEXT ( ( #1359 ) ) GLOBAL_UNIT_ASSIGNED_CONTEXT ( ( #2388, #2433, #2472 ) ) REPRESENTATION_CONTEXT ( 'NONE', 'WORKASPACE' ) );
#1261 =( GEOMETRIC_REPRESENTATION_CONTEXT ( 3 ) GLOBAL_UNCERTAINTY_ASSIGNED_CONTEXT ( ( #1346 ) ) GLOBAL_UNIT_ASSIGNED_CONTEXT ( ( #650, #581, #586 ) ) REPRESENTATION_CONTEXT ( 'NONE', 'WORKASPACE' ) );
#1262 =( GEOMETRIC_REPRESENTATION_CONTEXT ( 3 ) GLOBAL_UNCERTAINTY_ASSIGNED_CONTEXT ( ( #1369 ) ) GLOBAL_UNIT_ASSIGNED_CONTEXT ( ( #642, #646, #614 ) ) REPRESENTATION_CONTEXT ( 'NONE', 'WORKASPACE' ) );
#1263 =( GEOMETRIC_REPRESENTATION_CONTEXT ( 3 ) GLOBAL_UNCERTAINTY_ASSIGNED_CONTEXT ( ( #1368 ) ) GLOBAL_UNIT_ASSIGNED_CONTEXT ( ( #529, #635, #526 ) ) REPRESENTATION_CONTEXT ( 'NONE', 'WORKASPACE' ) );
#1264 =( GEOMETRIC_REPRESENTATION_CONTEXT ( 3 ) GLOBAL_UNCERTAINTY_ASSIGNED_CONTEXT ( ( #1345 ) ) GLOBAL_UNIT_ASSIGNED_CONTEXT ( ( #558, #579, #648 ) ) REPRESENTATION_CONTEXT ( 'NONE', 'WORKASPACE' ) );
#1265 =( GEOMETRIC_REPRESENTATION_CONTEXT ( 3 ) GLOBAL_UNCERTAINTY_ASSIGNED_CONTEXT ( ( #1347 ) ) GLOBAL_UNIT_ASSIGNED_CONTEXT ( ( #636, #632, #562 ) ) REPRESENTATION_CONTEXT ( 'NONE', 'WORKASPACE' ) );
#1266 =( GEOMETRIC_REPRESENTATION_CONTEXT ( 3 ) GLOBAL_UNCERTAINTY_ASSIGNED_CONTEXT ( ( #1339 ) ) GLOBAL_UNIT_ASSIGNED_CONTEXT ( ( #553, #641, #609 ) ) REPRESENTATION_CONTEXT ( 'NONE', 'WORKASPACE' ) );
#1267 =( GEOMETRIC_REPRESENTATION_CONTEXT ( 3 ) GLOBAL_UNCERTAINTY_ASSIGNED_CONTEXT ( ( #1342 ) ) GLOBAL_UNIT_ASSIGNED_CONTEXT ( ( #556, #660, #653 ) ) REPRESENTATION_CONTEXT ( 'NONE', 'WORKASPACE' ) );
#1268 =( GEOMETRIC_REPRESENTATION_CONTEXT ( 3 ) GLOBAL_UNCERTAINTY_ASSIGNED_CONTEXT ( ( #1343 ) ) GLOBAL_UNIT_ASSIGNED_CONTEXT ( ( #533, #566, #575 ) ) REPRESENTATION_CONTEXT ( 'NONE', 'WORKASPACE' ) );
#1269 =( GEOMETRIC_REPRESENTATION_CONTEXT ( 3 ) GLOBAL_UNCERTAINTY_ASSIGNED_CONTEXT ( ( #1341 ) ) GLOBAL_UNIT_ASSIGNED_CONTEXT ( ( #615, #673, #671 ) ) REPRESENTATION_CONTEXT ( 'NONE', 'WORKASPACE' ) );
#1270 =( GEOMETRIC_REPRESENTATION_CONTEXT ( 3 ) GLOBAL_UNCERTAINTY_ASSIGNED_CONTEXT ( ( #1338 ) ) GLOBAL_UNIT_ASSIGNED_CONTEXT ( ( #1555, #1557, #628 ) ) REPRESENTATION_CONTEXT ( 'NONE', 'WORKASPACE' ) );
#1271 =( GEOMETRIC_REPRESENTATION_CONTEXT ( 3 ) GLOBAL_UNCERTAINTY_ASSIGNED_CONTEXT ( ( #1340 ) ) GLOBAL_UNIT_ASSIGNED_CONTEXT ( ( #1603, #1600, #1599 ) ) REPRESENTATION_CONTEXT ( 'NONE', 'WORKASPACE' ) );
#1272 =( GEOMETRIC_REPRESENTATION_CONTEXT ( 3 ) GLOBAL_UNCERTAINTY_ASSIGNED_CONTEXT ( ( #1313 ) ) GLOBAL_UNIT_ASSIGNED_CONTEXT ( ( #1629, #1611, #1652 ) ) REPRESENTATION_CONTEXT ( 'NONE', 'WORKASPACE' ) );
#1273 =( GEOMETRIC_REPRESENTATION_CONTEXT ( 3 ) GLOBAL_UNCERTAINTY_ASSIGNED_CONTEXT ( ( #1315 ) ) GLOBAL_UNIT_ASSIGNED_CONTEXT ( ( #1633, #1564, #1573 ) ) REPRESENTATION_CONTEXT ( 'NONE', 'WORKASPACE' ) );
#1274 =( GEOMETRIC_REPRESENTATION_CONTEXT ( 3 ) GLOBAL_UNCERTAINTY_ASSIGNED_CONTEXT ( ( #1328 ) ) GLOBAL_UNIT_ASSIGNED_CONTEXT ( ( #2384, #2424, #2453 ) ) REPRESENTATION_CONTEXT ( 'NONE', 'WORKASPACE' ) );
#1275 =( GEOMETRIC_REPRESENTATION_CONTEXT ( 3 ) GLOBAL_UNCERTAINTY_ASSIGNED_CONTEXT ( ( #1335 ) ) GLOBAL_UNIT_ASSIGNED_CONTEXT ( ( #2455, #2412, #2422 ) ) REPRESENTATION_CONTEXT ( 'NONE', 'WORKASPACE' ) );
#1276 =( GEOMETRIC_REPRESENTATION_CONTEXT ( 3 ) GLOBAL_UNCERTAINTY_ASSIGNED_CONTEXT ( ( #1316 ) ) GLOBAL_UNIT_ASSIGNED_CONTEXT ( ( #1610, #1648, #1523 ) ) REPRESENTATION_CONTEXT ( 'NONE', 'WORKASPACE' ) );
#1277 =( GEOMETRIC_REPRESENTATION_CONTEXT ( 3 ) GLOBAL_UNCERTAINTY_ASSIGNED_CONTEXT ( ( #1302 ) ) GLOBAL_UNIT_ASSIGNED_CONTEXT ( ( #1554, #1530, #1636 ) ) REPRESENTATION_CONTEXT ( 'NONE', 'WORKASPACE' ) );
#1278 =( GEOMETRIC_REPRESENTATION_CONTEXT ( 3 ) GLOBAL_UNCERTAINTY_ASSIGNED_CONTEXT ( ( #1300 ) ) GLOBAL_UNIT_ASSIGNED_CONTEXT ( ( #1698, #1630, #1612 ) ) REPRESENTATION_CONTEXT ( 'NONE', 'WORKASPACE' ) );
#1279 =( GEOMETRIC_REPRESENTATION_CONTEXT ( 3 ) GLOBAL_UNCERTAINTY_ASSIGNED_CONTEXT ( ( #1301 ) ) GLOBAL_UNIT_ASSIGNED_CONTEXT ( ( #1657, #1661, #1664 ) ) REPRESENTATION_CONTEXT ( 'NONE', 'WORKASPACE' ) );
#1280 =( GEOMETRIC_REPRESENTATION_CONTEXT ( 3 ) GLOBAL_UNCERTAINTY_ASSIGNED_CONTEXT ( ( #1303 ) ) GLOBAL_UNIT_ASSIGNED_CONTEXT ( ( #1549, #1553, #1601 ) ) REPRESENTATION_CONTEXT ( 'NONE', 'WORKASPACE' ) );
#1281 =( GEOMETRIC_REPRESENTATION_CONTEXT ( 3 ) GLOBAL_UNCERTAINTY_ASSIGNED_CONTEXT ( ( #1366 ) ) GLOBAL_UNIT_ASSIGNED_CONTEXT ( ( #854, #878, #940 ) ) REPRESENTATION_CONTEXT ( 'NONE', 'WORKASPACE' ) );
#1282 =( GEOMETRIC_REPRESENTATION_CONTEXT ( 3 ) GLOBAL_UNCERTAINTY_ASSIGNED_CONTEXT ( ( #1365 ) ) GLOBAL_UNIT_ASSIGNED_CONTEXT ( ( #945, #867, #876 ) ) REPRESENTATION_CONTEXT ( 'NONE', 'WORKASPACE' ) );
#1283 =( GEOMETRIC_REPRESENTATION_CONTEXT ( 3 ) GLOBAL_UNCERTAINTY_ASSIGNED_CONTEXT ( ( #1314 ) ) GLOBAL_UNIT_ASSIGNED_CONTEXT ( ( #2371, #2485, #2324 ) ) REPRESENTATION_CONTEXT ( 'NONE', 'WORKASPACE' ) );
#1284 =( GEOMETRIC_REPRESENTATION_CONTEXT ( 3 ) GLOBAL_UNCERTAINTY_ASSIGNED_CONTEXT ( ( #1311 ) ) GLOBAL_UNIT_ASSIGNED_CONTEXT ( ( #2444, #2311, #2356 ) ) REPRESENTATION_CONTEXT ( 'NONE', 'WORKASPACE' ) );
#1285 =( GEOMETRIC_REPRESENTATION_CONTEXT ( 3 ) GLOBAL_UNCERTAINTY_ASSIGNED_CONTEXT ( ( #1357 ) ) GLOBAL_UNIT_ASSIGNED_CONTEXT ( ( #2321, #2315, #2410 ) ) REPRESENTATION_CONTEXT ( 'NONE', 'WORKASPACE' ) );
#1286 =( GEOMETRIC_REPRESENTATION_CONTEXT ( 3 ) GLOBAL_UNCERTAINTY_ASSIGNED_CONTEXT ( ( #1319 ) ) GLOBAL_UNIT_ASSIGNED_CONTEXT ( ( #869, #866, #841 ) ) REPRESENTATION_CONTEXT ( 'NONE', 'WORKASPACE' ) );
#1287 =( GEOMETRIC_REPRESENTATION_CONTEXT ( 3 ) GLOBAL_UNCERTAINTY_ASSIGNED_CONTEXT ( ( #1322 ) ) GLOBAL_UNIT_ASSIGNED_CONTEXT ( ( #874, #922, #909 ) ) REPRESENTATION_CONTEXT ( 'NONE', 'WORKASPACE' ) );
#1288 =( GEOMETRIC_REPRESENTATION_CONTEXT ( 3 ) GLOBAL_UNCERTAINTY_ASSIGNED_CONTEXT ( ( #1363 ) ) GLOBAL_UNIT_ASSIGNED_CONTEXT ( ( #836, #873, #887 ) ) REPRESENTATION_CONTEXT ( 'NONE', 'WORKASPACE' ) );
#1289 =( GEOMETRIC_REPRESENTATION_CONTEXT ( 3 ) GLOBAL_UNCERTAINTY_ASSIGNED_CONTEXT ( ( #1362 ) ) GLOBAL_UNIT_ASSIGNED_CONTEXT ( ( #838, #939, #886 ) ) REPRESENTATION_CONTEXT ( 'NONE', 'WORKASPACE' ) );
#1290 =( GEOMETRIC_REPRESENTATION_CONTEXT ( 3 ) GLOBAL_UNCERTAINTY_ASSIGNED_CONTEXT ( ( #1310 ) ) GLOBAL_UNIT_ASSIGNED_CONTEXT ( ( #864, #912, #950 ) ) REPRESENTATION_CONTEXT ( 'NONE', 'WORKASPACE' ) );
#1291 =( GEOMETRIC_REPRESENTATION_CONTEXT ( 3 ) GLOBAL_UNCERTAINTY_ASSIGNED_CONTEXT ( ( #1309 ) ) GLOBAL_UNIT_ASSIGNED_CONTEXT ( ( #2313, #2428, #2431 ) ) REPRESENTATION_CONTEXT ( 'NONE', 'WORKASPACE' ) );
#1292 =( GEOMETRIC_REPRESENTATION_CONTEXT ( 3 ) GLOBAL_UNCERTAINTY_ASSIGNED_CONTEXT ( ( #1325 ) ) GLOBAL_UNIT_ASSIGNED_CONTEXT ( ( #2118, #2079, #2057 ) ) REPRESENTATION_CONTEXT ( 'NONE', 'WORKASPACE' ) );
#1293 =( GEOMETRIC_REPRESENTATION_CONTEXT ( 3 ) GLOBAL_UNCERTAINTY_ASSIGNED_CONTEXT ( ( #1330 ) ) GLOBAL_UNIT_ASSIGNED_CONTEXT ( ( #2045, #2106, #2222 ) ) REPRESENTATION_CONTEXT ( 'NONE', 'WORKASPACE' ) );
#1294 = B_SPLINE_CURVE_WITH_KNOTS ( 'NONE', 3,
 ( #478, #481, #470, #498 ),
 .UNSPECIFIED., .F., .F.,
 ( 4, 4 ),
 ( 0.0000000000000000000, 1.000000000000000000 ),
 .UNSPECIFIED. ) ;
#1295 = UNCERTAINTY_MEASURE_WITH_UNIT (LENGTH_MEASURE( 1.000000000000000100E-005 ), #348, 'distance_accuracy_value', 'NONE');
#1296 = UNCERTAINTY_MEASURE_WITH_UNIT (LENGTH_MEASURE( 1.000000000000000100E-005 ), #389, 'distance_accuracy_value', 'NONE');
#1297 = UNCERTAINTY_MEASURE_WITH_UNIT (LENGTH_MEASURE( 1.000000000000000100E-005 ), #758, 'distance_accuracy_value', 'NONE');
#1298 = UNCERTAINTY_MEASURE_WITH_UNIT (LENGTH_MEASURE( 1.000000000000000100E-005 ), #2221, 'distance_accuracy_value', 'NONE');
#1299 = UNCERTAINTY_MEASURE_WITH_UNIT (LENGTH_MEASURE( 1.000000000000000100E-005 ), #500, 'distance_accuracy_value', 'NONE');
#1300 = UNCERTAINTY_MEASURE_WITH_UNIT (LENGTH_MEASURE( 1.000000000000000100E-005 ), #1698, 'distance_accuracy_value', 'NONE');
#1301 = UNCERTAINTY_MEASURE_WITH_UNIT (LENGTH_MEASURE( 1.000000000000000100E-005 ), #1657, 'distance_accuracy_value', 'NONE');
#1302 = UNCERTAINTY_MEASURE_WITH_UNIT (LENGTH_MEASURE( 1.000000000000000100E-005 ), #1554, 'distance_accuracy_value', 'NONE');
#1303 = UNCERTAINTY_MEASURE_WITH_UNIT (LENGTH_MEASURE( 1.000000000000000100E-005 ), #1549, 'distance_accuracy_value', 'NONE');
#1304 = UNCERTAINTY_MEASURE_WITH_UNIT (LENGTH_MEASURE( 1.000000000000000100E-005 ), #2105, 'distance_accuracy_value', 'NONE');
#1305 = B_SPLINE_CURVE_WITH_KNOTS ( 'NONE', 3,
 ( #895, #818, #935, #915 ),
 .UNSPECIFIED., .F., .F.,
 ( 4, 4 ),
 ( 0.0000000000000000000, 1.000000000000000000 ),
 .UNSPECIFIED. ) ;
#1306 = UNCERTAINTY_MEASURE_WITH_UNIT (LENGTH_MEASURE( 1.000000000000000100E-005 ), #2184, 'distance_accuracy_value', 'NONE');
#1307 = UNCERTAINTY_MEASURE_WITH_UNIT (LENGTH_MEASURE( 1.000000000000000100E-005 ), #2151, 'distance_accuracy_value', 'NONE');
#1308 = B_SPLINE_CURVE_WITH_KNOTS ( 'NONE', 3,
 ( #1759, #1754, #1747, #1748 ),
 .UNSPECIFIED., .F., .F.,
 ( 4, 4 ),
 ( 0.0000000000000000000, 1.000000000000000000 ),
 .UNSPECIFIED. ) ;
#1309 = UNCERTAINTY_MEASURE_WITH_UNIT (LENGTH_MEASURE( 1.000000000000000100E-005 ), #2313, 'distance_accuracy_value', 'NONE');
#1310 = UNCERTAINTY_MEASURE_WITH_UNIT (LENGTH_MEASURE( 1.000000000000000100E-005 ), #864, 'distance_accuracy_value', 'NONE');
#1311 = UNCERTAINTY_MEASURE_WITH_UNIT (LENGTH_MEASURE( 1.000000000000000100E-005 ), #2444, 'distance_accuracy_value', 'NONE');
#1312 = UNCERTAINTY_MEASURE_WITH_UNIT (LENGTH_MEASURE( 1.000000000000000100E-005 ), #968, 'distance_accuracy_value', 'NONE');
#1313 = UNCERTAINTY_MEASURE_WITH_UNIT (LENGTH_MEASURE( 1.000000000000000100E-005 ), #1629, 'distance_accuracy_value', 'NONE');
#1314 = UNCERTAINTY_MEASURE_WITH_UNIT (LENGTH_MEASURE( 1.000000000000000100E-005 ), #2371, 'distance_accuracy_value', 'NONE');
#1315 = UNCERTAINTY_MEASURE_WITH_UNIT (LENGTH_MEASURE( 1.000000000000000100E-005 ), #1633, 'distance_accuracy_value', 'NONE');
#1316 = UNCERTAINTY_MEASURE_WITH_UNIT (LENGTH_MEASURE( 1.000000000000000100E-005 ), #1610, 'distance_accuracy_value', 'NONE');
#1317 = UNCERTAINTY_MEASURE_WITH_UNIT (LENGTH_MEASURE( 1.000000000000000100E-005 ), #2336, 'distance_accuracy_value', 'NONE');
#1318 = UNCERTAINTY_MEASURE_WITH_UNIT (LENGTH_MEASURE( 1.000000000000000100E-005 ), #773, 'distance_accuracy_value', 'NONE');
#1319 = UNCERTAINTY_MEASURE_WITH_UNIT (LENGTH_MEASURE( 1.000000000000000100E-005 ), #869, 'distance_accuracy_value', 'NONE');
#1320 = UNCERTAINTY_MEASURE_WITH_UNIT (LENGTH_MEASURE( 1.000000000000000100E-005 ), #1851, 'distance_accuracy_value', 'NONE');
#1321 = UNCERTAINTY_MEASURE_WITH_UNIT (LENGTH_MEASURE( 1.000000000000000100E-005 ), #1818, 'distance_accuracy_value', 'NONE');
#1322 = UNCERTAINTY_MEASURE_WITH_UNIT (LENGTH_MEASURE( 1.000000000000000100E-005 ), #874, 'distance_accuracy_value', 'NONE');
#1323 = UNCERTAINTY_MEASURE_WITH_UNIT (LENGTH_MEASURE( 1.000000000000000100E-005 ), #2169, 'distance_accuracy_value', 'NONE');
#1324 = UNCERTAINTY_MEASURE_WITH_UNIT (LENGTH_MEASURE( 1.000000000000000100E-005 ), #2392, 'distance_accuracy_value', 'NONE');
#1325 = UNCERTAINTY_MEASURE_WITH_UNIT (LENGTH_MEASURE( 1.000000000000000100E-005 ), #2118, 'distance_accuracy_value', 'NONE');
#1326 = UNCERTAINTY_MEASURE_WITH_UNIT (LENGTH_MEASURE( 1.000000000000000100E-005 ), #1849, 'distance_accuracy_value', 'NONE');
#1327 = B_SPLINE_CURVE_WITH_KNOTS ( 'NONE', 3,
 ( #2175, #2064, #2150, #2088 ),
 .UNSPECIFIED., .F., .F.,
 ( 4, 4 ),
 ( 0.0000000000000000000, 1.000000000000000000 ),
 .UNSPECIFIED. ) ;
#1328 = UNCERTAINTY_MEASURE_WITH_UNIT (LENGTH_MEASURE( 1.000000000000000100E-005 ), #2384, 'distance_accuracy_value', 'NONE');
#1329 = B_SPLINE_CURVE_WITH_KNOTS ( 'NONE', 3,
 ( #2232, #1822, #1852, #1833 ),
 .UNSPECIFIED., .F., .F.,
 ( 4, 4 ),
 ( 0.0000000000000000000, 1.000000000000000000 ),
 .UNSPECIFIED. ) ;
#1330 = UNCERTAINTY_MEASURE_WITH_UNIT (LENGTH_MEASURE( 1.000000000000000100E-005 ), #2045, 'distance_accuracy_value', 'NONE');
#1331 = UNCERTAINTY_MEASURE_WITH_UNIT (LENGTH_MEASURE( 1.000000000000000100E-005 ), #2069, 'distance_accuracy_value', 'NONE');
#1332 = UNCERTAINTY_MEASURE_WITH_UNIT (LENGTH_MEASURE( 1.000000000000000100E-005 ), #2360, 'distance_accuracy_value', 'NONE');
#1333 = UNCERTAINTY_MEASURE_WITH_UNIT (LENGTH_MEASURE( 1.000000000000000100E-005 ), #917, 'distance_accuracy_value', 'NONE');
#1334 = UNCERTAINTY_MEASURE_WITH_UNIT (LENGTH_MEASURE( 1.000000000000000100E-005 ), #258, 'distance_accuracy_value', 'NONE');
#1335 = UNCERTAINTY_MEASURE_WITH_UNIT (LENGTH_MEASURE( 1.000000000000000100E-005 ), #2455, 'distance_accuracy_value', 'NONE');
#1336 = UNCERTAINTY_MEASURE_WITH_UNIT (LENGTH_MEASURE( 1.000000000000000100E-005 ), #1802, 'distance_accuracy_value', 'NONE');
#1337 = B_SPLINE_CURVE_WITH_KNOTS ( 'NONE', 3,
 ( #2330, #2369, #2420, #2349 ),
 .UNSPECIFIED., .F., .F.,
 ( 4, 4 ),
 ( 0.0000000000000000000, 1.000000000000000000 ),
 .UNSPECIFIED. ) ;
#1338 = UNCERTAINTY_MEASURE_WITH_UNIT (LENGTH_MEASURE( 1.000000000000000100E-005 ), #1555, 'distance_accuracy_value', 'NONE');
#1339 = UNCERTAINTY_MEASURE_WITH_UNIT (LENGTH_MEASURE( 1.000000000000000100E-005 ), #553, 'distance_accuracy_value', 'NONE');
#1340 = UNCERTAINTY_MEASURE_WITH_UNIT (LENGTH_MEASURE( 1.000000000000000100E-005 ), #1603, 'distance_accuracy_value', 'NONE');
#1341 = UNCERTAINTY_MEASURE_WITH_UNIT (LENGTH_MEASURE( 1.000000000000000100E-005 ), #615, 'distance_accuracy_value', 'NONE');
#1342 = UNCERTAINTY_MEASURE_WITH_UNIT (LENGTH_MEASURE( 1.000000000000000100E-005 ), #556, 'distance_accuracy_value', 'NONE');
#1343 = UNCERTAINTY_MEASURE_WITH_UNIT (LENGTH_MEASURE( 1.000000000000000100E-005 ), #533, 'distance_accuracy_value', 'NONE');
#1344 = UNCERTAINTY_MEASURE_WITH_UNIT (LENGTH_MEASURE( 1.000000000000000100E-005 ), #359, 'distance_accuracy_value', 'NONE');
#1345 = UNCERTAINTY_MEASURE_WITH_UNIT (LENGTH_MEASURE( 1.000000000000000100E-005 ), #558, 'distance_accuracy_value', 'NONE');
#1346 = UNCERTAINTY_MEASURE_WITH_UNIT (LENGTH_MEASURE( 1.000000000000000100E-005 ), #650, 'distance_accuracy_value', 'NONE');
#1347 = UNCERTAINTY_MEASURE_WITH_UNIT (LENGTH_MEASURE( 1.000000000000000100E-005 ), #636, 'distance_accuracy_value', 'NONE');
#1348 = UNCERTAINTY_MEASURE_WITH_UNIT (LENGTH_MEASURE( 1.000000000000000100E-005 ), #1777, 'distance_accuracy_value', 'NONE');
#1349 = ADVANCED_BREP_SHAPE_REPRESENTATION ( '', ( #1210, #2290 ), #1246 ) ;
#1350 = UNCERTAINTY_MEASURE_WITH_UNIT (LENGTH_MEASURE( 1.000000000000000100E-005 ), #1750, 'distance_accuracy_value', 'NONE');
#1351 = UNCERTAINTY_MEASURE_WITH_UNIT (LENGTH_MEASURE( 1.000000000000000100E-005 ), #959, 'distance_accuracy_value', 'NONE');
#1352 = UNCERTAINTY_MEASURE_WITH_UNIT (LENGTH_MEASURE( 1.000000000000000100E-005 ), #1169, 'distance_accuracy_value', 'NONE');
#1353 = UNCERTAINTY_MEASURE_WITH_UNIT (LENGTH_MEASURE( 1.000000000000000100E-005 ), #1164, 'distance_accuracy_value', 'NONE');
#1354 = ADVANCED_BREP_SHAPE_REPRESENTATION ( '', ( #1214, #2290 ), #1244 ) ;
#1355 = UNCERTAINTY_MEASURE_WITH_UNIT (LENGTH_MEASURE( 1.000000000000000100E-005 ), #1798, 'distance_accuracy_value', 'NONE');
#1356 = UNCERTAINTY_MEASURE_WITH_UNIT (LENGTH_MEASURE( 1.000000000000000100E-005 ), #764, 'distance_accuracy_value', 'NONE');
#1357 = UNCERTAINTY_MEASURE_WITH_UNIT (LENGTH_MEASURE( 1.000000000000000100E-005 ), #2321, 'distance_accuracy_value', 'NONE');
#1358 = UNCERTAINTY_MEASURE_WITH_UNIT (LENGTH_MEASURE( 1.000000000000000100E-005 ), #2099, 'distance_accuracy_value', 'NONE');
#1359 = UNCERTAINTY_MEASURE_WITH_UNIT (LENGTH_MEASURE( 1.000000000000000100E-005 ), #2388, 'distance_accuracy_value', 'NONE');
#1360 = UNCERTAINTY_MEASURE_WITH_UNIT (LENGTH_MEASURE( 1.000000000000000100E-005 ), #1841, 'distance_accuracy_value', 'NONE');
#1361 = B_SPLINE_CURVE_WITH_KNOTS ( 'NONE', 3,
 ( #847, #1551, #1559, #1696 ),
 .UNSPECIFIED., .F., .F.,
 ( 4, 4 ),
 ( 0.0000000000000000000, 1.000000000000000000 ),
 .UNSPECIFIED. ) ;
#1362 = UNCERTAINTY_MEASURE_WITH_UNIT (LENGTH_MEASURE( 1.000000000000000100E-005 ), #838, 'distance_accuracy_value', 'NONE');
#1363 = UNCERTAINTY_MEASURE_WITH_UNIT (LENGTH_MEASURE( 1.000000000000000100E-005 ), #836, 'distance_accuracy_value', 'NONE');
#1364 = UNCERTAINTY_MEASURE_WITH_UNIT (LENGTH_MEASURE( 1.000000000000000100E-005 ), #860, 'distance_accuracy_value', 'NONE');
#1365 = UNCERTAINTY_MEASURE_WITH_UNIT (LENGTH_MEASURE( 1.000000000000000100E-005 ), #945, 'distance_accuracy_value', 'NONE');
#1366 = UNCERTAINTY_MEASURE_WITH_UNIT (LENGTH_MEASURE( 1.000000000000000100E-005 ), #854, 'distance_accuracy_value', 'NONE');
#1367 = B_SPLINE_CURVE_WITH_KNOTS ( 'NONE', 3,
 ( #681, #680, #679, #677 ),
 .UNSPECIFIED., .F., .F.,
 ( 4, 4 ),
 ( 0.0000000000000000000, 1.000000000000000000 ),
 .UNSPECIFIED. ) ;
#1368 = UNCERTAINTY_MEASURE_WITH_UNIT (LENGTH_MEASURE( 1.000000000000000100E-005 ), #529, 'distance_accuracy_value', 'NONE');
#1369 = UNCERTAINTY_MEASURE_WITH_UNIT (LENGTH_MEASURE( 1.000000000000000100E-005 ), #642, 'distance_accuracy_value', 'NONE');
#1370 = UNCERTAINTY_MEASURE_WITH_UNIT (LENGTH_MEASURE( 1.000000000000000100E-005 ), #377, 'distance_accuracy_value', 'NONE');
#1371 = UNCERTAINTY_MEASURE_WITH_UNIT (LENGTH_MEASURE( 1.000000000000000100E-005 ), #539, 'distance_accuracy_value', 'NONE');
#1372 = UNCERTAINTY_MEASURE_WITH_UNIT (LENGTH_MEASURE( 1.000000000000000100E-005 ), #351, 'distance_accuracy_value', 'NONE');
#1373 = UNCERTAINTY_MEASURE_WITH_UNIT (LENGTH_MEASURE( 1.000000000000000100E-005 ), #495, 'distance_accuracy_value', 'NONE');
#1374 = UNCERTAINTY_MEASURE_WITH_UNIT (LENGTH_MEASURE( 1.000000000000000100E-005 ), #457, 'distance_accuracy_value', 'NONE');
#1375 = EDGE_LOOP ( 'NONE', ( #165, #160, #133, #85 ) ) ;
#1376 = EDGE_LOOP ( 'NONE', ( #260, #84, #251 ) ) ;
#1377 = VERTEX_POINT ( 'NONE', #796 ) ;
#1378 = VERTEX_POINT ( 'NONE', #703 ) ;
#1379 = VERTEX_POINT ( 'NONE', #761 ) ;
#1380 = EDGE_LOOP ( 'NONE', ( #120, #167, #202, #35 ) ) ;
#1381 = EDGE_LOOP ( 'NONE', ( #4, #48, #65, #180 ) ) ;
#1382 = VERTEX_POINT ( 'NONE', #705 ) ;
#1383 = EDGE_LOOP ( 'NONE', ( #159, #46, #102, #182 ) ) ;
#1384 = EDGE_LOOP ( 'NONE', ( #108, #263, #101, #272 ) ) ;
#1385 = VERTEX_POINT ( 'NONE', #765 ) ;
#1386 = EDGE_LOOP ( 'NONE', ( #166, #274, #175, #196 ) ) ;
#1387 = EDGE_LOOP ( 'NONE', ( #234, #74, #16 ) ) ;
#1388 = VERTEX_POINT ( 'NONE', #749 ) ;
#1389 = EDGE_LOOP ( 'NONE', ( #18, #158, #262, #223 ) ) ;
#1390 = EDGE_LOOP ( 'NONE', ( #161, #194, #157, #1415 ) ) ;
#1391 = VERTEX_POINT ( 'NONE', #718 ) ;
#1392 = EDGE_LOOP ( 'NONE', ( #57, #62, #177, #58 ) ) ;
#1393 = VERTEX_POINT ( 'NONE', #786 ) ;
#1394 = VERTEX_POINT ( 'NONE', #730 ) ;
#1395 = EDGE_LOOP ( 'NONE', ( #49, #1, #218, #139 ) ) ;
#1396 = EDGE_LOOP ( 'NONE', ( #137, #100, #28, #67 ) ) ;
#1397 = EDGE_LOOP ( 'NONE', ( #164, #250, #253, #95 ) ) ;
#1398 = VERTEX_POINT ( 'NONE', #808 ) ;
#1399 = VERTEX_POINT ( 'NONE', #806 ) ;
#1400 = VERTEX_POINT ( 'NONE', #757 ) ;
#1401 = EDGE_LOOP ( 'NONE', ( #176, #116, #197, #64 ) ) ;
#1402 = EDGE_LOOP ( 'NONE', ( #56, #90, #103, #136 ) ) ;
#1403 = VERTEX_POINT ( 'NONE', #800 ) ;
#1404 = EDGE_LOOP ( 'NONE', ( #189, #268, #230, #110 ) ) ;
#1405 = VERTEX_POINT ( 'NONE', #740 ) ;
#1406 = EDGE_LOOP ( 'NONE', ( #201, #112, #59, #105 ) ) ;
#1407 = EDGE_LOOP ( 'NONE', ( #229, #207, #14, #145 ) ) ;
#1408 = VERTEX_POINT ( 'NONE', #696 ) ;
#1409 = EDGE_LOOP ( 'NONE', ( #243, #242, #125, #236 ) ) ;
#1410 = EDGE_LOOP ( 'NONE', ( #19, #209, #104, #50 ) ) ;
#1411 = VERTEX_POINT ( 'NONE', #755 ) ;
#1412 = EDGE_LOOP ( 'NONE', ( #270, #128, #179, #231 ) ) ;
#1413 = VERTEX_POINT ( 'NONE', #698 ) ;
#1414 = VERTEX_POINT ( 'NONE', #734 ) ;
#1415 = ORIENTED_EDGE ( 'NONE', *, *, #2538, .T. ) ;
#1416 = VERTEX_POINT ( 'NONE', #792 ) ;
#1417 = VERTEX_POINT ( 'NONE', #701 ) ;
#1418 = VERTEX_POINT ( 'NONE', #781 ) ;
#1419 = VERTEX_POINT ( 'NONE', #809 ) ;
#1420 = VERTEX_POINT ( 'NONE', #731 ) ;
#1421 = VERTEX_POINT ( 'NONE', #780 ) ;
#1422 = EDGE_LOOP ( 'NONE', ( #143, #273, #99, #87 ) ) ;
#1423 = EDGE_LOOP ( 'NONE', ( #69, #146, #117, #144 ) ) ;
#1424 = VERTEX_POINT ( 'NONE', #727 ) ;
#1425 = VERTEX_POINT ( 'NONE', #717 ) ;
#1426 = EDGE_LOOP ( 'NONE', ( #119, #52, #152, #211, #122, #235, #15, #94 ) ) ;
#1427 = VERTEX_POINT ( 'NONE', #751 ) ;
#1428 = VERTEX_POINT ( 'NONE', #785 ) ;
#1429 = VERTEX_POINT ( 'NONE', #748 ) ;
#1430 = VERTEX_POINT ( 'NONE', #784 ) ;
#1431 = EDGE_LOOP ( 'NONE', ( #193, #78, #173, #25 ) ) ;
#1432 = EDGE_LOOP ( 'NONE', ( #32, #70, #127, #34 ) ) ;
#1433 = EDGE_LOOP ( 'NONE', ( #82, #151, #195, #163 ) ) ;
#1434 = VERTEX_POINT ( 'NONE', #721 ) ;
#1435 = EDGE_LOOP ( 'NONE', ( #186, #3, #265, #208 ) ) ;
#1436 = VERTEX_POINT ( 'NONE', #713 ) ;
#1437 = EDGE_LOOP ( 'NONE', ( #51, #191, #246, #138 ) ) ;
#1438 = VERTEX_POINT ( 'NONE', #752 ) ;
#1439 = VERTEX_POINT ( 'NONE', #729 ) ;
#1440 = EDGE_LOOP ( 'NONE', ( #168, #183, #10, #126 ) ) ;
#1441 = VERTEX_POINT ( 'NONE', #810 ) ;
#1442 = EDGE_LOOP ( 'NONE', ( #172, #192, #252, #148 ) ) ;
#1443 = EDGE_LOOP ( 'NONE', ( #77, #129, #156 ) ) ;
#1444 = VERTEX_POINT ( 'NONE', #774 ) ;
#1445 = VERTEX_POINT ( 'NONE', #768 ) ;
#1446 = VERTEX_POINT ( 'NONE', #697 ) ;
#1447 = EDGE_LOOP ( 'NONE', ( #88, #153, #259, #89 ) ) ;
#1448 = EDGE_LOOP ( 'NONE', ( #5, #247, #118, #134 ) ) ;
#1449 = VERTEX_POINT ( 'NONE', #741 ) ;
#1450 = EDGE_LOOP ( 'NONE', ( #241, #6, #187 ) ) ;
#1451 = VERTEX_POINT ( 'NONE', #719 ) ;
#1452 = EDGE_LOOP ( 'NONE', ( #248, #155, #254 ) ) ;
#1453 = VERTEX_POINT ( 'NONE', #762 ) ;
#1454 = EDGE_LOOP ( 'NONE', ( #42, #111, #7, #200 ) ) ;
#1455 = EDGE_LOOP ( 'NONE', ( #26, #184, #81, #188 ) ) ;
#1456 = VERTEX_POINT ( 'NONE', #715 ) ;
#1457 = VERTEX_POINT ( 'NONE', #770 ) ;
#1458 = EDGE_LOOP ( 'NONE', ( #221, #205, #53 ) ) ;
#1459 = EDGE_LOOP ( 'NONE', ( #75, #147, #33 ) ) ;
#1460 = EDGE_LOOP ( 'NONE', ( #40, #149, #54, #44, #106, #68, #13, #140 ) ) ;
#1461 = VERTEX_POINT ( 'NONE', #777 ) ;
#1462 = VERTEX_POINT ( 'NONE', #789 ) ;
#1463 = VERTEX_POINT ( 'NONE', #743 ) ;
#1464 = EDGE_LOOP ( 'NONE', ( #86, #20, #37, #61, #41, #214, #261, #185 ) ) ;
#1465 = VERTEX_POINT ( 'NONE', #791 ) ;
#1466 = EDGE_LOOP ( 'NONE', ( #132, #115 ) ) ;
#1467 = VERTEX_POINT ( 'NONE', #714 ) ;
#1468 = EDGE_LOOP ( 'NONE', ( #135, #27, #79, #198 ) ) ;
#1469 = EDGE_LOOP ( 'NONE', ( #21, #36, #174, #23 ) ) ;
#1470 = EDGE_LOOP ( 'NONE', ( #73, #249, #43, #226 ) ) ;
#1471 = VERTEX_POINT ( 'NONE', #747 ) ;
#1472 = VERTEX_POINT ( 'NONE', #771 ) ;
#1473 = VERTEX_POINT ( 'NONE', #756 ) ;
#1474 = EDGE_LOOP ( 'NONE', ( #227, #275, #162 ) ) ;
#1475 = VERTEX_POINT ( 'NONE', #742 ) ;
#1476 = VERTEX_POINT ( 'NONE', #787 ) ;
#1477 = VERTEX_POINT ( 'NONE', #704 ) ;
#1478 = VERTEX_POINT ( 'NONE', #802 ) ;
#1479 = VERTEX_POINT ( 'NONE', #746 ) ;
#1480 = EDGE_LOOP ( 'NONE', ( #199, #92, #107, #83 ) ) ;
#1481 = VERTEX_POINT ( 'NONE', #709 ) ;
#1482 = EDGE_LOOP ( 'NONE', ( #213, #124, #181, #47 ) ) ;
#1483 = EDGE_LOOP ( 'NONE', ( #8, #150, #142, #206 ) ) ;
#1484 = VERTEX_POINT ( 'NONE', #767 ) ;
#1485 = VERTEX_POINT ( 'NONE', #694 ) ;
#1486 = EDGE_LOOP ( 'NONE', ( #266, #80, #238, #210 ) ) ;
#1487 = VERTEX_POINT ( 'NONE', #722 ) ;
#1488 = VERTEX_POINT ( 'NONE', #797 ) ;
#1489 = VERTEX_POINT ( 'NONE', #699 ) ;
#1490 = EDGE_LOOP ( 'NONE', ( #113, #204, #123, #257 ) ) ;
#1491 = VERTEX_POINT ( 'NONE', #737 ) ;
#1492 = EDGE_LOOP ( 'NONE', ( #225, #256, #22, #29 ) ) ;
#1493 = VERTEX_POINT ( 'NONE', #732 ) ;
#1494 = VERTEX_POINT ( 'NONE', #736 ) ;
#1495 = EDGE_LOOP ( 'NONE', ( #38, #71, #178, #219 ) ) ;
#1496 = EDGE_LOOP ( 'NONE', ( #98, #17, #9, #255 ) ) ;
#1497 = EDGE_LOOP ( 'NONE', ( #141, #60, #63, #237 ) ) ;
#1498 = VERTEX_POINT ( 'NONE', #708 ) ;
#1499 = EDGE_LOOP ( 'NONE', ( #96, #212, #232, #45 ) ) ;
#1500 = EDGE_LOOP ( 'NONE', ( #224, #97, #109, #269 ) ) ;
#1501 = EDGE_LOOP ( 'NONE', ( #267, #131, #240, #171, #91, #66, #24, #220 ) ) ;
#1502 = VERTEX_POINT ( 'NONE', #772 ) ;
#1503 = VERTEX_POINT ( 'NONE', #805 ) ;
#1504 = VERTEX_POINT ( 'NONE', #776 ) ;
#1505 = EDGE_LOOP ( 'NONE', ( #244, #170 ) ) ;
#1506 = VERTEX_POINT ( 'NONE', #706 ) ;
#1507 = VERTEX_POINT ( 'NONE', #700 ) ;
#1508 = VERTEX_POINT ( 'NONE', #745 ) ;
#1509 = VERTEX_POINT ( 'NONE', #769 ) ;
#1510 = EDGE_LOOP ( 'NONE', ( #169, #130, #12, #228 ) ) ;
#1511 = VERTEX_POINT ( 'NONE', #798 ) ;
#1512 = VERTEX_POINT ( 'NONE', #775 ) ;
#1513 = EDGE_LOOP ( 'NONE', ( #216, #239, #215, #30 ) ) ;
#1514 = VERTEX_POINT ( 'NONE', #807 ) ;
#1515 = EDGE_LOOP ( 'NONE', ( #121, #203, #154, #39 ) ) ;
#1516 = EDGE_LOOP ( 'NONE', ( #76, #114, #245, #217 ) ) ;
#1517 = EDGE_LOOP ( 'NONE', ( #72, #31, #55, #222 ) ) ;
#1518 = CARTESIAN_POINT ( 'NONE',  ( 0.7500000000000000000, 0.3500000000000000300, 0.4500000000000000100 ) ) ;
#1519 = CARTESIAN_POINT ( 'NONE',  ( -0.7499999999999997800, -0.4000000000000000800, 0.8792893218813453400 ) ) ;
#1520 = DIRECTION ( 'NONE',  ( -1.541976423090500100E-016, 1.543724941603920000E-031, 1.000000000000000000 ) ) ;
#1521 = FILL_AREA_STYLE ('',( #1675 ) ) ;
#1522 = CARTESIAN_POINT ( 'NONE',  ( 0.4999999999999999400, 0.3734314575050761700, 0.8900000000000000100 ) ) ;
#1523 =( NAMED_UNIT ( * ) SI_UNIT ( $, .STERADIAN. ) SOLID_ANGLE_UNIT ( ) );
#1524 = CARTESIAN_POINT ( 'NONE',  ( 0.6500000000000001300, -0.4000000000000000200, 1.836970198721029700E-017 ) ) ;
#1525 = PLANE ( 'NONE',  #2831 ) ;
#1526 = CARTESIAN_POINT ( 'NONE',  ( 0.4999999999999998900, 0.3899999999999999600, 0.8500000000000000900 ) ) ;
#1527 = CARTESIAN_POINT ( 'NONE',  ( -0.7499999999999997800, -0.3500000000000000300, 0.9000000000000001300 ) ) ;
#1528 = DIRECTION ( 'NONE',  ( 1.000000000000000000, 0.0000000000000000000, 0.0000000000000000000 ) ) ;
#1529 = PRESENTATION_STYLE_ASSIGNMENT (( #1534 ) ) ;
#1530 =( NAMED_UNIT ( * ) PLANE_ANGLE_UNIT ( ) SI_UNIT ( $, .RADIAN. ) );
#1531 = DIRECTION ( 'NONE',  ( 1.224646799147350000E-016, 0.0000000000000000000, -1.000000000000000000 ) ) ;
#1532 = LINE ( 'NONE', #1651, #2856 ) ;
#1533 = CARTESIAN_POINT ( 'NONE',  ( -0.8000000000000000400, -0.3671572875253810700, 0.8792893218813454500 ) ) ;
#1534 = SURFACE_STYLE_USAGE ( .BOTH. , #1562 ) ;
#1535 = CARTESIAN_POINT ( 'NONE',  ( -0.7792893218813452500, -0.3792893218813454000, 0.9000000000000003600 ) ) ;
#1536 = CARTESIAN_POINT ( 'NONE',  ( -0.7792893218813452500, -0.4000000000000001900, 0.8792893218813454500 ) ) ;
#1537 = FILL_AREA_STYLE ('',( #1538 ) ) ;
#1538 = FILL_AREA_STYLE_COLOUR ( '', #2492 ) ;
#1539 = FILL_AREA_STYLE_COLOUR ( '', #2679 ) ;
#1540 = DIRECTION ( 'NONE',  ( 0.0000000000000000000, 0.0000000000000000000, 1.000000000000000000 ) ) ;
#1541 = CARTESIAN_POINT ( 'NONE',  ( 0.7500000000000000000, -0.4000000000000000200, 0.05000000000000000300 ) ) ;
#1542 = FILL_AREA_STYLE ('',( #1539 ) ) ;
#1543 = CARTESIAN_POINT ( 'NONE',  ( 0.5000000000000000000, -0.3900000000000000100, 0.4500000000000000100 ) ) ;
#1544 = SURFACE_STYLE_FILL_AREA ( #1542 ) ;
#1545 = LINE ( 'NONE', #1543, #2866 ) ;
#1546 = CARTESIAN_POINT ( 'NONE',  ( 0.4999999999999999400, 0.3900000000000000100, 0.8734314575050761100 ) ) ;
#1547 = CARTESIAN_POINT ( 'NONE',  ( 7.005330122136139600E-015, -0.3900000000000000100, 0.4499999999999960100 ) ) ;
#1548 = DIRECTION ( 'NONE',  ( -4.455509572836029900E-032, 1.000000000000000000, -1.930206093270799800E-031 ) ) ;
#1549 =( LENGTH_UNIT ( ) NAMED_UNIT ( * ) SI_UNIT ( .MILLI., .METRE. ) );
#1550 = DIRECTION ( 'NONE',  ( 0.0000000000000000000, 1.930206093270799800E-031, 1.000000000000000000 ) ) ;
#1551 = CARTESIAN_POINT ( 'NONE',  ( -0.5000000000000000000, 0.3896758367081892800, 0.8720123998107970300 ) ) ;
#1552 = PRESENTATION_STYLE_ASSIGNMENT (( #1558 ) ) ;
#1553 =( NAMED_UNIT ( * ) PLANE_ANGLE_UNIT ( ) SI_UNIT ( $, .RADIAN. ) );
#1554 =( LENGTH_UNIT ( ) NAMED_UNIT ( * ) SI_UNIT ( .MILLI., .METRE. ) );
#1555 =( LENGTH_UNIT ( ) NAMED_UNIT ( * ) SI_UNIT ( .MILLI., .METRE. ) );
#1556 = SURFACE_SIDE_STYLE ('',( #1544 ) ) ;
#1557 =( NAMED_UNIT ( * ) PLANE_ANGLE_UNIT ( ) SI_UNIT ( $, .RADIAN. ) );
#1558 = SURFACE_STYLE_USAGE ( .BOTH. , #1556 ) ;
#1559 = CARTESIAN_POINT ( 'NONE',  ( -0.5000000000000000000, 0.3728199411290134000, 0.8896639445358554000 ) ) ;
#1560 = DIRECTION ( 'NONE',  ( 0.0000000000000000000, 0.0000000000000000000, 1.000000000000000000 ) ) ;
#1561 = SURFACE_SIDE_STYLE ('',( #1686 ) ) ;
#1562 = SURFACE_SIDE_STYLE ('',( #1567 ) ) ;
#1563 = CARTESIAN_POINT ( 'NONE',  ( -0.7499999999999997800, -0.4000000000000000800, 0.8500000000000000900 ) ) ;
#1564 =( NAMED_UNIT ( * ) PLANE_ANGLE_UNIT ( ) SI_UNIT ( $, .RADIAN. ) );
#1565 = CARTESIAN_POINT ( 'NONE',  ( -0.7792893218813450300, -0.4000000000000001900, 0.8499999999999999800 ) ) ;
#1566 = LINE ( 'NONE', #1641, #2825 ) ;
#1567 = SURFACE_STYLE_FILL_AREA ( #1574 ) ;
#1568 = CARTESIAN_POINT ( 'NONE',  ( -0.8000000000000001600, -0.3500000000000000300, 0.8500000000000000900 ) ) ;
#1569 = DIRECTION ( 'NONE',  ( -1.000000000000000000, 0.0000000000000000000, 0.0000000000000000000 ) ) ;
#1570 = CARTESIAN_POINT ( 'NONE',  ( -0.7792893218813450300, -0.3500000000000000900, 0.9000000000000002400 ) ) ;
#1571 = CARTESIAN_POINT ( 'NONE',  ( -0.7499999999999998900, -0.3500000000000000300, 0.8500000000000000900 ) ) ;
#1572 = DIRECTION ( 'NONE',  ( -1.541976423090500100E-016, 5.678068750727049700E-032, -1.000000000000000000 ) ) ;
#1573 =( NAMED_UNIT ( * ) SI_UNIT ( $, .STERADIAN. ) SOLID_ANGLE_UNIT ( ) );
#1574 = FILL_AREA_STYLE ('',( #1575 ) ) ;
#1575 = FILL_AREA_STYLE_COLOUR ( '', #2674 ) ;
#1576 = SURFACE_SIDE_STYLE ('',( #1637 ) ) ;
#1577 = PRESENTATION_STYLE_ASSIGNMENT (( #1632 ) ) ;
#1578 = CARTESIAN_POINT ( 'NONE',  ( -0.8000000000000000400, -0.3500000000000000900, 0.8792893218813453400 ) ) ;
#1579 = CARTESIAN_POINT ( 'NONE',  ( 0.4999999999999998900, 0.3500000000000000300, 0.8899999999999999000 ) ) ;
#1580 = DIRECTION ( 'NONE',  ( 0.0000000000000000000, -1.000000000000000000, -0.0000000000000000000 ) ) ;
#1581 = DIRECTION ( 'NONE',  ( -1.000000000000000000, 0.0000000000000000000, -1.224646799147350000E-016 ) ) ;
#1582 = CARTESIAN_POINT ( 'NONE',  ( 0.5041421356237307800, 0.3792893218813452300, 0.8999999999999999100 ) ) ;
#1583 = CARTESIAN_POINT ( 'NONE',  ( 0.4999999999999997200, 0.3958578643762689600, 0.8768629150101523400 ) ) ;
#1584 = CARTESIAN_POINT ( 'NONE',  ( 0.6500000000000001300, -0.4000000000000000200, 0.05000000000000002400 ) ) ;
#1585 = CARTESIAN_POINT ( 'NONE',  ( -0.4999999999999892900, 0.3400000000000000200, 0.05999999999999256600 ) ) ;
#1586 = CARTESIAN_POINT ( 'NONE',  ( 0.5099999999999999000, 0.3500000000000000300, 0.9000000000000000200 ) ) ;
#1587 = DIRECTION ( 'NONE',  ( 6.505213034913025000E-015, 0.0000000000000000000, -1.000000000000000000 ) ) ;
#1588 = CARTESIAN_POINT ( 'NONE',  ( 0.4999999999999997800, 0.3958578643762690200, 0.8500000000000000900 ) ) ;
#1589 = CARTESIAN_POINT ( 'NONE',  ( 0.5041421356237308900, 0.3500000000000000300, 0.8999999999999999100 ) ) ;
#1590 = DIRECTION ( 'NONE',  ( -1.000000000000000000, -5.238018422545719700E-030, 0.0000000000000000000 ) ) ;
#1591 = CARTESIAN_POINT ( 'NONE',  ( -0.7500000000000000000, 0.3500000000000000300, 0.4500000000000000100 ) ) ;
#1592 = LINE ( 'NONE', #1584, #2842 ) ;
#1593 = CARTESIAN_POINT ( 'NONE',  ( 0.5041421356237308900, 0.4000000000000000200, 0.8500000000000000900 ) ) ;
#1594 = CARTESIAN_POINT ( 'NONE',  ( 0.5041421356237307800, 0.3999999999999999700, 0.8792893218813451200 ) ) ;
#1595 = CARTESIAN_POINT ( 'NONE',  ( 0.4999999999999997200, 0.3768629150101523400, 0.8958578643762690200 ) ) ;
#1596 = FILL_AREA_STYLE_COLOUR ( '', #2654 ) ;
#1597 = CARTESIAN_POINT ( 'NONE',  ( 0.5099999999999999000, 0.3792893218813452300, 0.9000000000000000200 ) ) ;
#1598 = CARTESIAN_POINT ( 'NONE',  ( -0.5099999999999999000, 0.4000000000000000800, 0.05000000000000002400 ) ) ;
#1599 =( NAMED_UNIT ( * ) SI_UNIT ( $, .STERADIAN. ) SOLID_ANGLE_UNIT ( ) );
#1600 =( NAMED_UNIT ( * ) PLANE_ANGLE_UNIT ( ) SI_UNIT ( $, .RADIAN. ) );
#1601 =( NAMED_UNIT ( * ) SI_UNIT ( $, .STERADIAN. ) SOLID_ANGLE_UNIT ( ) );
#1602 = FILL_AREA_STYLE ('',( #1596 ) ) ;
#1603 =( LENGTH_UNIT ( ) NAMED_UNIT ( * ) SI_UNIT ( .MILLI., .METRE. ) );
#1604 = CARTESIAN_POINT ( 'NONE',  ( 0.5099999999999999000, 0.4000000000000000800, 0.8792893218813453400 ) ) ;
#1605 = CARTESIAN_POINT ( 'NONE',  ( 0.5099999999999999000, 0.4000000000000000800, 0.8500000000000000900 ) ) ;
#1606 = SURFACE_STYLE_FILL_AREA ( #1602 ) ;
#1607 = SURFACE_STYLE_USAGE ( .BOTH. , #1609 ) ;
#1608 = DIRECTION ( 'NONE',  ( -1.000000000000000000, -4.455509572836170100E-032, -7.283670194757699300E-015 ) ) ;
#1609 = SURFACE_SIDE_STYLE ('',( #1606 ) ) ;
#1610 =( LENGTH_UNIT ( ) NAMED_UNIT ( * ) SI_UNIT ( .MILLI., .METRE. ) );
#1611 =( NAMED_UNIT ( * ) PLANE_ANGLE_UNIT ( ) SI_UNIT ( $, .RADIAN. ) );
#1612 =( NAMED_UNIT ( * ) SI_UNIT ( $, .STERADIAN. ) SOLID_ANGLE_UNIT ( ) );
#1613 = CARTESIAN_POINT ( 'NONE',  ( -0.5041421356237308900, 0.3792893218813452300, -1.177212014530387900E-016 ) ) ;
#1614 = CARTESIAN_POINT ( 'NONE',  ( -0.4999999999999999400, 0.3958578643762691300, 0.05000000000000001700 ) ) ;
#1615 = SURFACE_STYLE_FILL_AREA ( #1617 ) ;
#1616 = CARTESIAN_POINT ( 'NONE',  ( -0.5000000000000000000, 0.3958578643762690800, 0.02313708498984756700 ) ) ;
#1617 = FILL_AREA_STYLE ('',( #1650 ) ) ;
#1618 = CARTESIAN_POINT ( 'NONE',  ( -0.5100000000000000100, 0.3792893218813452900, -1.177212014530387900E-016 ) ) ;
#1619 = SURFACE_STYLE_USAGE ( .BOTH. , #1623 ) ;
#1620 = CARTESIAN_POINT ( 'NONE',  ( -0.5041421356237308900, 0.4000000000000000800, 0.05000000000000002400 ) ) ;
#1621 = CARTESIAN_POINT ( 'NONE',  ( -0.5099999999999999000, 0.3499999999999999200, -5.421010862427522200E-017 ) ) ;
#1622 = SURFACE_STYLE_FILL_AREA ( #1703 ) ;
#1623 = SURFACE_SIDE_STYLE ('',( #1615 ) ) ;
#1624 = CARTESIAN_POINT ( 'NONE',  ( -0.5041421356237308900, 0.4000000000000000800, 0.02071067811865472100 ) ) ;
#1625 = DIRECTION ( 'NONE',  ( -1.000000000000000000, -5.238018422545719700E-030, -0.0000000000000000000 ) ) ;
#1626 = CARTESIAN_POINT ( 'NONE',  ( -0.5041421356237308900, 0.3499999999999999200, -5.421010862427522200E-017 ) ) ;
#1627 = CARTESIAN_POINT ( 'NONE',  ( 0.7500000000000000000, -0.3500000000000000300, 0.8500000000000000900 ) ) ;
#1628 = PRESENTATION_STYLE_ASSIGNMENT (( #1607 ) ) ;
#1629 =( LENGTH_UNIT ( ) NAMED_UNIT ( * ) SI_UNIT ( .MILLI., .METRE. ) );
#1630 =( NAMED_UNIT ( * ) PLANE_ANGLE_UNIT ( ) SI_UNIT ( $, .RADIAN. ) );
#1631 = FILL_AREA_STYLE ('',( #1646 ) ) ;
#1632 = SURFACE_STYLE_USAGE ( .BOTH. , #1576 ) ;
#1633 =( LENGTH_UNIT ( ) NAMED_UNIT ( * ) SI_UNIT ( .MILLI., .METRE. ) );
#1634 = PRESENTATION_STYLE_ASSIGNMENT (( #1639 ) ) ;
#1635 = SURFACE_STYLE_FILL_AREA ( #1631 ) ;
#1636 =( NAMED_UNIT ( * ) SI_UNIT ( $, .STERADIAN. ) SOLID_ANGLE_UNIT ( ) );
#1637 = SURFACE_STYLE_FILL_AREA ( #1521 ) ;
#1638 = CARTESIAN_POINT ( 'NONE',  ( -0.7499999999999997800, -0.3792893218813452300, 0.9000000000000000200 ) ) ;
#1639 = SURFACE_STYLE_USAGE ( .BOTH. , #1640 ) ;
#1640 = SURFACE_SIDE_STYLE ('',( #1635 ) ) ;
#1641 = CARTESIAN_POINT ( 'NONE',  ( -0.7500000000000000000, -0.4000000000000000200, 0.9000000000000000200 ) ) ;
#1642 = PRESENTATION_STYLE_ASSIGNMENT (( #1619 ) ) ;
#1643 = CARTESIAN_POINT ( 'NONE',  ( -0.4999999999999999400, 0.3499999999999999200, 0.004142135623730889800 ) ) ;
#1644 = PLANE ( 'NONE',  #2861 ) ;
#1645 = CARTESIAN_POINT ( 'NONE',  ( -0.5000000000000000000, 0.3768629150101524000, 0.004142135623730825600 ) ) ;
#1646 = FILL_AREA_STYLE_COLOUR ( '', #2708 ) ;
#1647 = CARTESIAN_POINT ( 'NONE',  ( 0.4999999999999997800, 0.3500000000000000300, 0.8958578643762691300 ) ) ;
#1648 =( NAMED_UNIT ( * ) PLANE_ANGLE_UNIT ( ) SI_UNIT ( $, .RADIAN. ) );
#1649 = CARTESIAN_POINT ( 'NONE',  ( -0.4999999999999998900, 0.3900000000000000100, 0.05000000000000001700 ) ) ;
#1650 = FILL_AREA_STYLE_COLOUR ( '', #2670 ) ;
#1651 = CARTESIAN_POINT ( 'NONE',  ( 0.6500000000000001300, -0.3500000000000000300, 0.9000000000000000200 ) ) ;
#1652 =( NAMED_UNIT ( * ) SI_UNIT ( $, .STERADIAN. ) SOLID_ANGLE_UNIT ( ) );
#1653 = DIRECTION ( 'NONE',  ( 0.0000000000000000000, -1.084202172485503800E-015, 1.000000000000000000 ) ) ;
#1654 = SURFACE_STYLE_USAGE ( .BOTH. , #1561 ) ;
#1655 = LINE ( 'NONE', #1717, #2852 ) ;
#1656 = CARTESIAN_POINT ( 'NONE',  ( 0.7500000000000000000, 0.3500000000000000300, 0.8500000000000000900 ) ) ;
#1657 =( LENGTH_UNIT ( ) NAMED_UNIT ( * ) SI_UNIT ( .MILLI., .METRE. ) );
#1658 = DIRECTION ( 'NONE',  ( 1.000000000000000000, -1.084202172485503800E-015, 0.0000000000000000000 ) ) ;
#1659 = DIRECTION ( 'NONE',  ( 1.541976423090500100E-016, -1.543724941603920000E-031, -1.000000000000000000 ) ) ;
#1660 = CARTESIAN_POINT ( 'NONE',  ( 0.7499999999999998900, 0.3500000000000000300, 0.8500000000000000900 ) ) ;
#1661 =( NAMED_UNIT ( * ) PLANE_ANGLE_UNIT ( ) SI_UNIT ( $, .RADIAN. ) );
#1662 = DIRECTION ( 'NONE',  ( 0.0000000000000000000, -1.000000000000000000, 0.0000000000000000000 ) ) ;
#1663 = DIRECTION ( 'NONE',  ( 0.0000000000000000000, -5.678068750727080400E-032, 1.000000000000000000 ) ) ;
#1664 =( NAMED_UNIT ( * ) SI_UNIT ( $, .STERADIAN. ) SOLID_ANGLE_UNIT ( ) );
#1665 = CARTESIAN_POINT ( 'NONE',  ( -0.5099999999999999000, 0.3900000000000000100, 0.05000000000000002400 ) ) ;
#1666 = DIRECTION ( 'NONE',  ( 0.0000000000000000000, 1.000000000000000000, 0.0000000000000000000 ) ) ;
#1667 = DIRECTION ( 'NONE',  ( 1.000000000000000000, 5.238018422545719700E-030, 1.224646799147350000E-016 ) ) ;
#1668 = CARTESIAN_POINT ( 'NONE',  ( 0.6500000000000001300, -0.3500000000000000300, -6.776263578034402700E-018 ) ) ;
#1669 = DIRECTION ( 'NONE',  ( 0.0000000000000000000, 1.000000000000000000, 0.0000000000000000000 ) ) ;
#1670 = CARTESIAN_POINT ( 'NONE',  ( -0.8000000000000000400, -0.3500000000000000300, 0.8500000000000000900 ) ) ;
#1671 = CARTESIAN_POINT ( 'NONE',  ( -0.8000000000000000400, -0.3792893218813454000, 0.8671572875253813500 ) ) ;
#1672 = CARTESIAN_POINT ( 'NONE',  ( -0.8000000000000000400, -0.3792893218813454000, 0.8499999999999999800 ) ) ;
#1673 = PLANE ( 'NONE',  #1148 ) ;
#1674 = DIRECTION ( 'NONE',  ( 1.000000000000000000, -0.0000000000000000000, -0.0000000000000000000 ) ) ;
#1675 = FILL_AREA_STYLE_COLOUR ( '', #2749 ) ;
#1676 = CARTESIAN_POINT ( 'NONE',  ( 0.6500000000000001300, -0.4000000000000000200, 0.4500000000000000100 ) ) ;
#1677 = CARTESIAN_POINT ( 'NONE',  ( -0.8000000000000001600, -0.3500000000000000300, 0.8500000000000000900 ) ) ;
#1678 = DIRECTION ( 'NONE',  ( -5.238018422545719700E-030, 1.000000000000000000, -1.543724941603920000E-031 ) ) ;
#1679 = CARTESIAN_POINT ( 'NONE',  ( -0.8000000000000000400, -0.3500000000000000300, 0.8500000000000000900 ) ) ;
#1680 = DIRECTION ( 'NONE',  ( -1.000000000000000000, -5.238018422545719700E-030, 0.0000000000000000000 ) ) ;
#1681 = LINE ( 'NONE', #1692, #1141 ) ;
#1682 = FILL_AREA_STYLE_COLOUR ( '', #2625 ) ;
#1683 = CARTESIAN_POINT ( 'NONE',  ( -0.5099999999999999000, -0.3500000000000000300, 0.05000000000000000300 ) ) ;
#1684 = SURFACE_STYLE_FILL_AREA ( #1685 ) ;
#1685 = FILL_AREA_STYLE ('',( #1682 ) ) ;
#1686 = SURFACE_STYLE_FILL_AREA ( #1537 ) ;
#1687 = SURFACE_SIDE_STYLE ('',( #1684 ) ) ;
#1688 = DIRECTION ( 'NONE',  ( -1.541976423090500100E-016, 1.543724941603920000E-031, 1.000000000000000000 ) ) ;
#1689 = PRESENTATION_STYLE_ASSIGNMENT (( #1654 ) ) ;
#1690 = PRESENTATION_STYLE_ASSIGNMENT (( #1691 ) ) ;
#1691 = SURFACE_STYLE_USAGE ( .BOTH. , #1687 ) ;
#1692 = CARTESIAN_POINT ( 'NONE',  ( 0.8000000000000000400, -0.3500000000000000300, 0.4500000000000000100 ) ) ;
#1693 = CARTESIAN_POINT ( 'NONE',  ( 0.7500000000000000000, 0.3499999999999999800, 0.05000000000000000300 ) ) ;
#1694 = DIRECTION ( 'NONE',  ( -0.0000000000000000000, -1.000000000000000000, -0.0000000000000000000 ) ) ;
#1695 = LINE ( 'NONE', #1668, #2847 ) ;
#1696 = CARTESIAN_POINT ( 'NONE',  ( -0.5000000000000000000, 0.3499999999999999800, 0.8899999999999999000 ) ) ;
#1697 = DIRECTION ( 'NONE',  ( -1.541976423090500100E-016, 5.678068750727049700E-032, -1.000000000000000000 ) ) ;
#1698 =( LENGTH_UNIT ( ) NAMED_UNIT ( * ) SI_UNIT ( .MILLI., .METRE. ) );
#1699 = DIRECTION ( 'NONE',  ( -1.000000000000000000, 0.0000000000000000000, 0.0000000000000000000 ) ) ;
#1700 = DIRECTION ( 'NONE',  ( 1.000000000000000000, 0.0000000000000000000, -0.0000000000000000000 ) ) ;
#1701 = CARTESIAN_POINT ( 'NONE',  ( 0.5099999999999999000, -0.3500000000000000300, 0.01000000000000002600 ) ) ;
#1702 = SURFACE_STYLE_USAGE ( .BOTH. , #1724 ) ;
#1703 = FILL_AREA_STYLE ('',( #1716 ) ) ;
#1704 = DIRECTION ( 'NONE',  ( -0.0000000000000000000, 1.000000000000000000, -6.123233995736766000E-017 ) ) ;
#1705 = CARTESIAN_POINT ( 'NONE',  ( -0.5100000000000000100, 0.4000000000000001900, 0.02071067811865472800 ) ) ;
#1706 = DIRECTION ( 'NONE',  ( 1.000000000000000000, 4.455509572836029900E-032, -2.775557561562889900E-016 ) ) ;
#1707 = DIRECTION ( 'NONE',  ( -1.000000000000000000, 0.0000000000000000000, -7.283670194757699300E-015 ) ) ;
#1708 = CARTESIAN_POINT ( 'NONE',  ( -0.5000000000000000000, 0.3900000000000000700, 0.02656854249492382500 ) ) ;
#1709 = CARTESIAN_POINT ( 'NONE',  ( 5.342948306008569800E-015, -0.3400000000000000200, 0.009999999999996190800 ) ) ;
#1710 = LINE ( 'NONE', #1709, #2859 ) ;
#1711 = CARTESIAN_POINT ( 'NONE',  ( -0.5000000000000000000, 0.3734314575050761700, 0.009999999999999963800 ) ) ;
#1712 = CARTESIAN_POINT ( 'NONE',  ( 0.5000000000000109900, 0.3400000000000000200, 0.8399999999999918600 ) ) ;
#1713 = CARTESIAN_POINT ( 'NONE',  ( -0.4999999999999998900, 0.3499999999999999200, 0.01000000000000002600 ) ) ;
#1714 = DIRECTION ( 'NONE',  ( 0.0000000000000000000, 0.0000000000000000000, -1.000000000000000000 ) ) ;
#1715 = DIRECTION ( 'NONE',  ( -0.0000000000000000000, -1.000000000000000000, 1.836970198721029700E-016 ) ) ;
#1716 = FILL_AREA_STYLE_COLOUR ( '', #2627 ) ;
#1717 = CARTESIAN_POINT ( 'NONE',  ( 7.005330122136139600E-015, 0.3900000000000000100, 0.8399999999999929700 ) ) ;
#1718 = DIRECTION ( 'NONE',  ( 1.000000000000000000, 4.455509572836029900E-032, -8.600051726114482800E-063 ) ) ;
#1719 = DIRECTION ( 'NONE',  ( 1.000000000000000000, 0.0000000000000000000, 0.0000000000000000000 ) ) ;
#1720 = PRESENTATION_STYLE_ASSIGNMENT (( #1702 ) ) ;
#1721 = DIRECTION ( 'NONE',  ( 8.086059683464648800E-061, -1.543724941603920000E-031, -1.000000000000000000 ) ) ;
#1722 = CARTESIAN_POINT ( 'NONE',  ( 0.7500000000000000000, 0.4000000000000000200, 0.4500000000000000100 ) ) ;
#1723 = LINE ( 'NONE', #1722, #2854 ) ;
#1724 = SURFACE_SIDE_STYLE ('',( #1622 ) ) ;
#1725 = SHAPE_REPRESENTATION ( 'User Library-V0603HD_Anschl_X_FCsse_1', ( #2290 ), #1244 ) ;
#1726 = SHAPE_REPRESENTATION ( 'User Library-V0603HD_K_X_F6rper_1', ( #2290 ), #1246 ) ;
#1727 = SHAPE_REPRESENTATION ( 'User Library-V0603HD', ( #2301, #2299, #2300 ), #1242 ) ;
#1728 = SURFACE_STYLE_USAGE ( .BOTH. , #1772 ) ;
#1729 = LINE ( 'NONE', #1791, #2288 ) ;
#1730 = CARTESIAN_POINT ( 'NONE',  ( -0.6500000000000001300, 0.3499999999999999800, 0.9000000000000000200 ) ) ;
#1731 = DIRECTION ( 'NONE',  ( 0.0000000000000000000, 1.000000000000000000, 0.0000000000000000000 ) ) ;
#1732 = LINE ( 'NONE', #1730, #2289 ) ;
#1733 = CARTESIAN_POINT ( 'NONE',  ( -0.4999999999999889500, -0.3400000000000000200, 0.8399999999999920900 ) ) ;
#1734 = LINE ( 'NONE', #1739, #2291 ) ;
#1735 = DIRECTION ( 'NONE',  ( 0.0000000000000000000, -5.678068750727080400E-032, 1.000000000000000000 ) ) ;
#1736 = DIRECTION ( 'NONE',  ( -1.000000000000000000, -0.0000000000000000000, 0.0000000000000000000 ) ) ;
#1737 = DIRECTION ( 'NONE',  ( 6.505213034913025000E-015, 0.0000000000000000000, -1.000000000000000000 ) ) ;
#1738 = LINE ( 'NONE', #1740, #2278 ) ;
#1739 = CARTESIAN_POINT ( 'NONE',  ( -0.5099999999999999000, 0.4000000000000000200, 0.4500000000000000100 ) ) ;
#1740 = CARTESIAN_POINT ( 'NONE',  ( -0.6500000000000001300, 0.4000000000000000800, 0.8500000000000000900 ) ) ;
#1741 = DIRECTION ( 'NONE',  ( -1.000000000000000000, -2.211785218056650000E-030, 0.0000000000000000000 ) ) ;
#1742 = LINE ( 'NONE', #1743, #2279 ) ;
#1743 = CARTESIAN_POINT ( 'NONE',  ( 0.6500000000000001300, 0.3500000000000000300, 0.9000000000000001300 ) ) ;
#1744 =( NAMED_UNIT ( * ) SI_UNIT ( $, .STERADIAN. ) SOLID_ANGLE_UNIT ( ) );
#1745 = DIRECTION ( 'NONE',  ( 1.000000000000000000, 5.238018422545719700E-030, -0.0000000000000000000 ) ) ;
#1746 = LINE ( 'NONE', #1749, #2280 ) ;
#1747 = CARTESIAN_POINT ( 'NONE',  ( -0.5000000000000000000, 0.3896639445358575100, 0.02718005887098991900 ) ) ;
#1748 = CARTESIAN_POINT ( 'NONE',  ( -0.5000000000000000000, 0.3900000000000000100, 0.05000000000000001700 ) ) ;
#1749 = CARTESIAN_POINT ( 'NONE',  ( -0.6500000000000001300, 0.4000000000000000200, 0.05000000000000002400 ) ) ;
#1750 =( LENGTH_UNIT ( ) NAMED_UNIT ( * ) SI_UNIT ( .MILLI., .METRE. ) );
#1751 = DIRECTION ( 'NONE',  ( 0.0000000000000000000, 1.000000000000000000, 0.0000000000000000000 ) ) ;
#1752 =( NAMED_UNIT ( * ) PLANE_ANGLE_UNIT ( ) SI_UNIT ( $, .RADIAN. ) );
#1753 = DIRECTION ( 'NONE',  ( 1.000000000000000000, 0.0000000000000000000, 0.0000000000000000000 ) ) ;
#1754 = CARTESIAN_POINT ( 'NONE',  ( -0.5000000000000000000, 0.3720123998107991400, 0.01032416329181178000 ) ) ;
#1755 =( NAMED_UNIT ( * ) SI_UNIT ( $, .STERADIAN. ) SOLID_ANGLE_UNIT ( ) );
#1756 = CARTESIAN_POINT ( 'NONE',  ( 0.8000000000000000400, -0.4000000000000000200, 0.8500000000000000900 ) ) ;
#1757 = LINE ( 'NONE', #1756, #2287 ) ;
#1758 = DIRECTION ( 'NONE',  ( 1.000000000000000000, 0.0000000000000000000, 0.0000000000000000000 ) ) ;
#1759 = CARTESIAN_POINT ( 'NONE',  ( -0.5000000000000000000, 0.3499999999999999800, 0.01000000000000002600 ) ) ;
#1760 = CARTESIAN_POINT ( 'NONE',  ( 0.0000000000000000000, 0.0000000000000000000, 0.0000000000000000000 ) ) ;
#1761 = DIRECTION ( 'NONE',  ( -0.0000000000000000000, -0.0000000000000000000, 1.000000000000000000 ) ) ;
#1762 = CARTESIAN_POINT ( 'NONE',  ( -0.5099999999999999000, -0.4000000000000000200, 0.4500000000000000100 ) ) ;
#1763 = DIRECTION ( 'NONE',  ( 0.0000000000000000000, 0.0000000000000000000, 1.000000000000000000 ) ) ;
#1764 = DIRECTION ( 'NONE',  ( -0.0000000000000000000, 5.678068750727080400E-032, -1.000000000000000000 ) ) ;
#1765 = DIRECTION ( 'NONE',  ( -0.0000000000000000000, -0.0000000000000000000, -1.000000000000000000 ) ) ;
#1766 = DIRECTION ( 'NONE',  ( 1.000000000000000000, 5.238018422545719700E-030, -0.0000000000000000000 ) ) ;
#1767 = FILL_AREA_STYLE_COLOUR ( '', #2751 ) ;
#1768 = SURFACE_STYLE_FILL_AREA ( #1769 ) ;
#1769 = FILL_AREA_STYLE ('',( #1767 ) ) ;
#1770 = DIRECTION ( 'NONE',  ( -0.0000000000000000000, -1.000000000000000000, -0.0000000000000000000 ) ) ;
#1771 = LINE ( 'NONE', #1762, #2286 ) ;
#1772 = SURFACE_SIDE_STYLE ('',( #1768 ) ) ;
#1773 = DIRECTION ( 'NONE',  ( -1.000000000000000000, -2.211785218056650000E-030, 1.224646799147350000E-016 ) ) ;
#1774 = LINE ( 'NONE', #1779, #2284 ) ;
#1775 = LINE ( 'NONE', #1776, #2283 ) ;
#1776 = CARTESIAN_POINT ( 'NONE',  ( 0.8000000000000000400, -0.4000000000000000200, 0.05000000000000000300 ) ) ;
#1777 =( LENGTH_UNIT ( ) NAMED_UNIT ( * ) SI_UNIT ( .MILLI., .METRE. ) );
#1778 =( NAMED_UNIT ( * ) PLANE_ANGLE_UNIT ( ) SI_UNIT ( $, .RADIAN. ) );
#1779 = CARTESIAN_POINT ( 'NONE',  ( -0.6500000000000001300, 0.3500000000000000300, -6.776263578034402700E-018 ) ) ;
#1780 = CARTESIAN_POINT ( 'NONE',  ( 0.4999999999999998900, 0.0000000000000000000, 0.4500000000000000100 ) ) ;
#1781 = DIRECTION ( 'NONE',  ( 0.0000000000000000000, 0.0000000000000000000, 1.000000000000000000 ) ) ;
#1782 = DIRECTION ( 'NONE',  ( -1.000000000000000000, -0.0000000000000000000, -0.0000000000000000000 ) ) ;
#1783 = DIRECTION ( 'NONE',  ( -0.0000000000000000000, -1.000000000000000000, -0.0000000000000000000 ) ) ;
#1784 = DIRECTION ( 'NONE',  ( 0.0000000000000000000, 0.0000000000000000000, -1.000000000000000000 ) ) ;
#1785 = SHAPE_REPRESENTATION_RELATIONSHIP ( 'NONE' , 'NONE' ,  #1726, #1349 ) ;
#1786 =( NAMED_UNIT ( * ) SI_UNIT ( $, .STERADIAN. ) SOLID_ANGLE_UNIT ( ) );
#1787 = DIRECTION ( 'NONE',  ( -1.000000000000000000, -4.455509572836029900E-032, 2.775557561562889900E-016 ) ) ;
#1788 = DIRECTION ( 'NONE',  ( -1.000000000000000000, -4.455509572836170100E-032, -7.283670194757699300E-015 ) ) ;
#1789 = LINE ( 'NONE', #1794, #2282 ) ;
#1790 = PRESENTATION_STYLE_ASSIGNMENT (( #1728 ) ) ;
#1791 = CARTESIAN_POINT ( 'NONE',  ( -0.5099999999999999000, -0.4000000000000000200, 0.9000000000000000200 ) ) ;
#1792 = CARTESIAN_POINT ( 'NONE',  ( 0.7500000000000000000, 0.3500000000000000300, 0.05000000000000000300 ) ) ;
#1793 = CARTESIAN_POINT ( 'NONE',  ( -0.4999999999999889500, -0.3400000000000000200, 0.05999999999999256600 ) ) ;
#1794 = CARTESIAN_POINT ( 'NONE',  ( 0.6500000000000001300, -0.4000000000000000200, 0.8500000000000000900 ) ) ;
#1795 = CARTESIAN_POINT ( 'NONE',  ( -0.5000000000000000000, 0.3900000000000000100, 0.4500000000000000100 ) ) ;
#1796 = DIRECTION ( 'NONE',  ( -1.000000000000000000, -2.211785218056650000E-030, 0.0000000000000000000 ) ) ;
#1797 = LINE ( 'NONE', #1795, #2285 ) ;
#1798 =( LENGTH_UNIT ( ) NAMED_UNIT ( * ) SI_UNIT ( .MILLI., .METRE. ) );
#1799 =( NAMED_UNIT ( * ) PLANE_ANGLE_UNIT ( ) SI_UNIT ( $, .RADIAN. ) );
#1800 = CARTESIAN_POINT ( 'NONE',  ( -0.8000000000000000400, -0.3500000000000000300, 0.05000000000000002400 ) ) ;
#1801 = CARTESIAN_POINT ( 'NONE',  ( 0.5041421356237308900, -0.3500000000000000300, -5.421010862427522200E-017 ) ) ;
#1802 =( LENGTH_UNIT ( ) NAMED_UNIT ( * ) SI_UNIT ( .MILLI., .METRE. ) );
#1803 = LINE ( 'NONE', #1812, #2021 ) ;
#1804 = CARTESIAN_POINT ( 'NONE',  ( 0.4999999999999998900, 0.0000000000000000000, 0.4500000000000000100 ) ) ;
#1805 = CARTESIAN_POINT ( 'NONE',  ( 0.5000000000000000000, 0.3734314575050761700, 0.009999999999999944700 ) ) ;
#1806 = CARTESIAN_POINT ( 'NONE',  ( 0.4999999999999998900, 0.3499999999999999200, 0.01000000000000000500 ) ) ;
#1807 = FILL_AREA_STYLE ('',( #1835 ) ) ;
#1808 = DIRECTION ( 'NONE',  ( 0.0000000000000000000, 0.0000000000000000000, -1.000000000000000000 ) ) ;
#1809 = DIRECTION ( 'NONE',  ( -1.000000000000000000, -0.0000000000000000000, -0.0000000000000000000 ) ) ;
#1810 =( NAMED_UNIT ( * ) PLANE_ANGLE_UNIT ( ) SI_UNIT ( $, .RADIAN. ) );
#1811 = CARTESIAN_POINT ( 'NONE',  ( 0.4999999999999998900, 0.3958578643762690800, 0.02313708498984746700 ) ) ;
#1812 = CARTESIAN_POINT ( 'NONE',  ( -0.5999999999999999800, 9.584017729891278600E-018, 0.5282594437560612600 ) ) ;
#1813 = FILL_AREA_STYLE ('',( #1920 ) ) ;
#1814 = FILL_AREA_STYLE_COLOUR ( '', #2689 ) ;
#1815 =( NAMED_UNIT ( * ) SI_UNIT ( $, .STERADIAN. ) SOLID_ANGLE_UNIT ( ) );
#1816 =( NAMED_UNIT ( * ) SI_UNIT ( $, .STERADIAN. ) SOLID_ANGLE_UNIT ( ) );
#1817 = SURFACE_SIDE_STYLE ('',( #1904 ) ) ;
#1818 =( LENGTH_UNIT ( ) NAMED_UNIT ( * ) SI_UNIT ( .MILLI., .METRE. ) );
#1819 = SURFACE_SIDE_STYLE ('',( #1908 ) ) ;
#1820 = CARTESIAN_POINT ( 'NONE',  ( -0.6500000000000001300, -0.3500000000000000300, 0.05000000000000000300 ) ) ;
#1821 = CARTESIAN_POINT ( 'NONE',  ( 0.5099999999999999000, -0.4000000000000001300, 0.05000000000000003700 ) ) ;
#1822 = CARTESIAN_POINT ( 'NONE',  ( 0.5000000000000000000, 0.3720123998107991400, 0.8896758367081871700 ) ) ;
#1823 = SURFACE_STYLE_USAGE ( .BOTH. , #1857 ) ;
#1824 = CARTESIAN_POINT ( 'NONE',  ( 0.5099999999999999000, 0.3499999999999999800, 0.01000000000000000000 ) ) ;
#1825 = CARTESIAN_POINT ( 'NONE',  ( -0.8000000000000001600, -0.3500000000000000300, 0.05000000000000001000 ) ) ;
#1826 = CARTESIAN_POINT ( 'NONE',  ( 0.5099999999999999000, -0.3500000000000000300, -5.421010862427522200E-017 ) ) ;
#1827 = DIRECTION ( 'NONE',  ( 0.0000000000000000000, 1.000000000000000000, 0.0000000000000000000 ) ) ;
#1828 = CARTESIAN_POINT ( 'NONE',  ( 0.5041421356237308900, -0.4000000000000000800, 0.05000000000000003700 ) ) ;
#1829 = CARTESIAN_POINT ( 'NONE',  ( 0.4999999999999999400, 0.3958578643762690200, 0.04999999999999990600 ) ) ;
#1830 = CARTESIAN_POINT ( 'NONE',  ( -0.5000000000000000000, 0.0000000000000000000, 0.4500000000000000100 ) ) ;
#1831 = CARTESIAN_POINT ( 'NONE',  ( 0.5099999999999999000, -0.3792893218813454000, -5.421010862427522200E-017 ) ) ;
#1832 = CARTESIAN_POINT ( 'NONE',  ( -0.7792893218813452500, -0.3500000000000000900, -5.421010862427522200E-017 ) ) ;
#1833 = CARTESIAN_POINT ( 'NONE',  ( 0.5000000000000000000, 0.3900000000000000100, 0.8500000000000000900 ) ) ;
#1834 = FILL_AREA_STYLE_COLOUR ( '', #2688 ) ;
#1835 = FILL_AREA_STYLE_COLOUR ( '', #2686 ) ;
#1836 =( NAMED_UNIT ( * ) SI_UNIT ( $, .STERADIAN. ) SOLID_ANGLE_UNIT ( ) );
#1837 = PRESENTATION_STYLE_ASSIGNMENT (( #1823 ) ) ;
#1838 =( NAMED_UNIT ( * ) PLANE_ANGLE_UNIT ( ) SI_UNIT ( $, .RADIAN. ) );
#1839 = CARTESIAN_POINT ( 'NONE',  ( 0.5099999999999999000, 0.3499999999999999200, 2.541098841762901000E-017 ) ) ;
#1840 = CARTESIAN_POINT ( 'NONE',  ( -0.5099999999999999000, -0.4000000000000000200, 0.01000000000000000000 ) ) ;
#1841 =( LENGTH_UNIT ( ) NAMED_UNIT ( * ) SI_UNIT ( .MILLI., .METRE. ) );
#1842 = CARTESIAN_POINT ( 'NONE',  ( -0.8000000000000001600, -0.3792893218813452900, 0.05000000000000002400 ) ) ;
#1843 = CARTESIAN_POINT ( 'NONE',  ( -0.7792893218813452500, -0.4000000000000000800, 0.02071067811865473900 ) ) ;
#1844 = CARTESIAN_POINT ( 'NONE',  ( 0.4999999999999999400, 0.3499999999999999200, 0.004142135623730965200 ) ) ;
#1845 = SURFACE_STYLE_USAGE ( .BOTH. , #1906 ) ;
#1846 = CARTESIAN_POINT ( 'NONE',  ( 0.4999999999999998900, 0.3768629150101523400, 0.004142135623730869800 ) ) ;
#1847 = SURFACE_STYLE_USAGE ( .BOTH. , #1819 ) ;
#1848 = CARTESIAN_POINT ( 'NONE',  ( 0.5000000000000000000, 0.3900000000000001800, 0.02656854249492373800 ) ) ;
#1849 =( LENGTH_UNIT ( ) NAMED_UNIT ( * ) SI_UNIT ( .MILLI., .METRE. ) );
#1850 = CARTESIAN_POINT ( 'NONE',  ( 0.5100000000000000100, 0.4000000000000000800, 0.02071067811865470700 ) ) ;
#1851 =( LENGTH_UNIT ( ) NAMED_UNIT ( * ) SI_UNIT ( .MILLI., .METRE. ) );
#1852 = CARTESIAN_POINT ( 'NONE',  ( 0.5000000000000000000, 0.3896639445358575100, 0.8728199411290112900 ) ) ;
#1853 = CARTESIAN_POINT ( 'NONE',  ( 0.5041421356237308900, 0.3999999999999999700, 0.02071067811865464500 ) ) ;
#1854 = DIRECTION ( 'NONE',  ( -1.000000000000000000, -4.455509572836029900E-032, 8.600051726114482800E-063 ) ) ;
#1855 = CARTESIAN_POINT ( 'NONE',  ( -0.5099999999999999000, 0.3499999999999999800, 0.8899999999999999000 ) ) ;
#1856 =( NAMED_UNIT ( * ) PLANE_ANGLE_UNIT ( ) SI_UNIT ( $, .RADIAN. ) );
#1857 = SURFACE_SIDE_STYLE ('',( #1870 ) ) ;
#1858 = DIRECTION ( 'NONE',  ( 0.0000000000000000000, 0.0000000000000000000, 1.000000000000000000 ) ) ;
#1859 = FILL_AREA_STYLE ('',( #1814 ) ) ;
#1860 = CARTESIAN_POINT ( 'NONE',  ( -0.8000000000000000400, -0.3671572875253809600, 0.02071067811865482900 ) ) ;
#1861 = CARTESIAN_POINT ( 'NONE',  ( -0.7500000000000000000, -0.3500000000000000300, -5.421010862427522200E-017 ) ) ;
#1862 = CARTESIAN_POINT ( 'NONE',  ( -0.8000000000000000400, -0.3792893218813452300, 0.03284271247461906200 ) ) ;
#1863 = FILL_AREA_STYLE ('',( #1895 ) ) ;
#1864 = DIRECTION ( 'NONE',  ( 1.000000000000000000, 2.211785218056650000E-030, -1.224646799147350000E-016 ) ) ;
#1865 = DIRECTION ( 'NONE',  ( 0.0000000000000000000, 1.000000000000000000, 0.0000000000000000000 ) ) ;
#1866 = PRESENTATION_STYLE_ASSIGNMENT (( #1917 ) ) ;
#1867 = CARTESIAN_POINT ( 'NONE',  ( 0.4999999999999998900, 0.3900000000000000700, 0.04999999999999996800 ) ) ;
#1868 = DIRECTION ( 'NONE',  ( -1.000000000000000000, -0.0000000000000000000, -0.0000000000000000000 ) ) ;
#1869 = LINE ( 'NONE', #1876, #2030 ) ;
#1870 = SURFACE_STYLE_FILL_AREA ( #1813 ) ;
#1871 =( NAMED_UNIT ( * ) PLANE_ANGLE_UNIT ( ) SI_UNIT ( $, .RADIAN. ) );
#1872 = CARTESIAN_POINT ( 'NONE',  ( 0.5099999999999999000, -0.4000000000000001300, 0.02071067811865473900 ) ) ;
#1873 = SURFACE_SIDE_STYLE ('',( #1890 ) ) ;
#1874 = DIRECTION ( 'NONE',  ( 0.0000000000000000000, 0.0000000000000000000, -1.000000000000000000 ) ) ;
#1875 = PRESENTATION_STYLE_ASSIGNMENT (( #1847 ) ) ;
#1876 = CARTESIAN_POINT ( 'NONE',  ( -0.5000000000000000000, -0.4000000000000000200, 0.8899999999999999000 ) ) ;
#1877 = CARTESIAN_POINT ( 'NONE',  ( 0.5041421356237307800, -0.3792893218813453400, -5.421010862427522800E-017 ) ) ;
#1878 = SURFACE_STYLE_FILL_AREA ( #1807 ) ;
#1879 = CARTESIAN_POINT ( 'NONE',  ( 0.5041421356237308900, 0.4000000000000000800, 0.04999999999999990600 ) ) ;
#1880 = CARTESIAN_POINT ( 'NONE',  ( 0.5099999999999999000, 0.3500000000000000300, 0.05000000000000000300 ) ) ;
#1881 = CARTESIAN_POINT ( 'NONE',  ( 0.5041421356237308900, 0.3792893218813451200, -6.985565082551633500E-017 ) ) ;
#1882 = CARTESIAN_POINT ( 'NONE',  ( -0.7792893218813452500, -0.3792893218813453400, -5.421010862427522200E-017 ) ) ;
#1883 = CARTESIAN_POINT ( 'NONE',  ( 0.5100000000000000100, 0.3792893218813451800, -3.810010441113455500E-017 ) ) ;
#1884 = CARTESIAN_POINT ( 'NONE',  ( -0.7792893218813452500, -0.4000000000000001300, 0.05000000000000004400 ) ) ;
#1885 = CARTESIAN_POINT ( 'NONE',  ( 0.5099999999999999000, 0.4000000000000000200, 0.04999999999999996800 ) ) ;
#1886 = CARTESIAN_POINT ( 'NONE',  ( 0.5099999999999999000, 0.3900000000000000700, 0.05000000000000000300 ) ) ;
#1887 = PRESENTATION_STYLE_ASSIGNMENT (( #1845 ) ) ;
#1888 = DIRECTION ( 'NONE',  ( 0.0000000000000000000, -1.000000000000000000, -0.0000000000000000000 ) ) ;
#1889 = DIRECTION ( 'NONE',  ( 0.0000000000000000000, 0.0000000000000000000, 1.000000000000000000 ) ) ;
#1890 = SURFACE_STYLE_FILL_AREA ( #1915 ) ;
#1891 = CARTESIAN_POINT ( 'NONE',  ( -0.7500000000000000000, -0.4000000000000001300, 0.02071067811865473900 ) ) ;
#1892 = PRESENTATION_STYLE_ASSIGNMENT (( #1896 ) ) ;
#1893 = CARTESIAN_POINT ( 'NONE',  ( -0.8000000000000000400, -0.3500000000000000300, 0.05000000000000001000 ) ) ;
#1894 = CARTESIAN_POINT ( 'NONE',  ( 7.005330122136139600E-015, 0.3900000000000000100, 0.05999999999999977600 ) ) ;
#1895 = FILL_AREA_STYLE_COLOUR ( '', #2701 ) ;
#1896 = SURFACE_STYLE_USAGE ( .BOTH. , #1873 ) ;
#1897 = DIRECTION ( 'NONE',  ( 0.0000000000000000000, 1.000000000000000000, 0.0000000000000000000 ) ) ;
#1898 = DIRECTION ( 'NONE',  ( 0.0000000000000000000, 0.0000000000000000000, -1.000000000000000000 ) ) ;
#1899 = DIRECTION ( 'NONE',  ( -0.0000000000000000000, -1.000000000000000000, -0.0000000000000000000 ) ) ;
#1900 = DIRECTION ( 'NONE',  ( 0.0000000000000000000, 0.0000000000000000000, 1.000000000000000000 ) ) ;
#1901 = DIRECTION ( 'NONE',  ( 0.0000000000000000000, 0.0000000000000000000, 1.000000000000000000 ) ) ;
#1902 = DIRECTION ( 'NONE',  ( 1.000000000000000000, 0.0000000000000000000, 0.0000000000000000000 ) ) ;
#1903 =( NAMED_UNIT ( * ) PLANE_ANGLE_UNIT ( ) SI_UNIT ( $, .RADIAN. ) );
#1904 = SURFACE_STYLE_FILL_AREA ( #1863 ) ;
#1905 = CARTESIAN_POINT ( 'NONE',  ( 0.5041421356237307800, -0.4000000000000000800, 0.02071067811865473900 ) ) ;
#1906 = SURFACE_SIDE_STYLE ('',( #1878 ) ) ;
#1907 = CARTESIAN_POINT ( 'NONE',  ( -0.7500000000000000000, -0.4000000000000001300, 0.05000000000000003700 ) ) ;
#1908 = SURFACE_STYLE_FILL_AREA ( #1859 ) ;
#1909 = DIRECTION ( 'NONE',  ( -0.0000000000000000000, -1.000000000000000000, -0.0000000000000000000 ) ) ;
#1910 = DIRECTION ( 'NONE',  ( -0.0000000000000000000, -0.0000000000000000000, -1.000000000000000000 ) ) ;
#1911 = CARTESIAN_POINT ( 'NONE',  ( 0.5000000000000099900, -0.3400000000000000200, 0.8399999999999918600 ) ) ;
#1912 = DIRECTION ( 'NONE',  ( -1.000000000000000000, -0.0000000000000000000, -0.0000000000000000000 ) ) ;
#1913 = CARTESIAN_POINT ( 'NONE',  ( 0.5041421356237308900, 0.3499999999999999200, 2.541098841762901300E-017 ) ) ;
#1914 = CARTESIAN_POINT ( 'NONE',  ( -0.8000000000000001600, -0.3500000000000000300, 0.05000000000000002400 ) ) ;
#1915 = FILL_AREA_STYLE ('',( #1834 ) ) ;
#1916 = CARTESIAN_POINT ( 'NONE',  ( -0.8000000000000001600, -0.3500000000000000900, 0.02071067811865482500 ) ) ;
#1917 = SURFACE_STYLE_USAGE ( .BOTH. , #1817 ) ;
#1918 = DIRECTION ( 'NONE',  ( 1.000000000000000000, 4.455509572836029900E-032, -2.775557561562889900E-016 ) ) ;
#1919 =( NAMED_UNIT ( * ) SI_UNIT ( $, .STERADIAN. ) SOLID_ANGLE_UNIT ( ) );
#1920 = FILL_AREA_STYLE_COLOUR ( '', #2643 ) ;
#1921 =( NAMED_UNIT ( * ) SI_UNIT ( $, .STERADIAN. ) SOLID_ANGLE_UNIT ( ) );
#1922 = CARTESIAN_POINT ( 'NONE',  ( -0.7500000000000000000, -0.3792893218813454000, -5.421010862427522200E-017 ) ) ;
#1923 = PRESENTATION_LAYER_ASSIGNMENT (  '', '', ( #1927 ) ) ;
#1924 = CLOSED_SHELL ( 'NONE', ( #2669, #2736, #2571, #2589, #2562, #2640, #2741, #2577, #2559, #2563 ) ) ;
#1925 = CLOSED_SHELL ( 'NONE', ( #2745, #2561, #2512, #2523, #2552, #2595, #2541, #2518, #2662, #2738, #2525, #2742, #2567, #2503, #2556, #2576, #2548, #2583, #2714, #2733, #2743, #2569, #2605, #2739, #2740, #2547, #2502, #2600, #2521, #2551, #2554, #2549, #2735, #2597, #2508, #2744, #2560, #2596, #2514, #2601, #2586, #2676, #2568, #2532, #2520, #2587, #2558, #2660, #2566, #2602, #2734, #2570, #2737, #2584 ) ) ;
#1926 = AXIS2_PLACEMENT_3D ( 'NONE', #759, #711, #783 ) ;
#1927 = STYLED_ITEM ( 'NONE', ( #691 ), #2503 ) ;
#1928 = AXIS2_PLACEMENT_3D ( 'NONE', #795, #716, #779 ) ;
#1929 = STYLED_ITEM ( 'NONE', ( #93 ), #1210 ) ;
#1930 = PRESENTATION_LAYER_ASSIGNMENT (  '', '', ( #1929 ) ) ;
#1931 = MECHANICAL_DESIGN_GEOMETRIC_PRESENTATION_REPRESENTATION (  '', ( #1929 ), #2252 ) ;
#1932 = FACE_OUTER_BOUND ( 'NONE', #1455, .T. ) ;
#1933 = STYLED_ITEM ( 'NONE', ( #707 ), #1214 ) ;
#1934 = PRESENTATION_LAYER_ASSIGNMENT (  '', '', ( #1933 ) ) ;
#1935 = MECHANICAL_DESIGN_GEOMETRIC_PRESENTATION_REPRESENTATION (  '', ( #1933 ), #2251 ) ;
#1936 = FACE_OUTER_BOUND ( 'NONE', #1422, .T. ) ;
#1937 = CYLINDRICAL_SURFACE ( 'NONE', #2012, 0.05000000000000002400 ) ;
#1938 = MECHANICAL_DESIGN_GEOMETRIC_PRESENTATION_REPRESENTATION (  '', ( #2014 ), #2250 ) ;
#1939 = PRESENTATION_LAYER_ASSIGNMENT (  '', '', ( #2014 ) ) ;
#1940 = VECTOR ( 'NONE', #2046, 1000.000000000000000 ) ;
#1941 = AXIS2_PLACEMENT_3D ( 'NONE', #2168, #2081, #2085 ) ;
#1942 = MECHANICAL_DESIGN_GEOMETRIC_PRESENTATION_REPRESENTATION (  '', ( #1945 ), #1235 ) ;
#1943 = PRESENTATION_LAYER_ASSIGNMENT (  '', '', ( #1945 ) ) ;
#1944 = AXIS2_PLACEMENT_3D ( 'NONE', #1804, #1912, #1898 ) ;
#1945 = STYLED_ITEM ( 'NONE', ( #2125 ), #2532 ) ;
#1946 = VECTOR ( 'NONE', #2203, 1000.000000000000000 ) ;
#1947 = AXIS2_PLACEMENT_3D ( 'NONE', #2197, #2206, #2211 ) ;
#1948 = VECTOR ( 'NONE', #2198, 1000.000000000000000 ) ;
#1949 = AXIS2_PLACEMENT_3D ( 'NONE', #2173, #2193, #2049 ) ;
#1950 = VECTOR ( 'NONE', #2194, 1000.000000000000000 ) ;
#1951 = AXIS2_PLACEMENT_3D ( 'NONE', #2138, #2134, #2048 ) ;
#1952 = FACE_OUTER_BOUND ( 'NONE', #1447, .T. ) ;
#1953 = AXIS2_PLACEMENT_3D ( 'NONE', #2110, #2084, #2112 ) ;
#1954 = AXIS2_PLACEMENT_3D ( 'NONE', #2174, #2226, #2186 ) ;
#1955 = MECHANICAL_DESIGN_GEOMETRIC_PRESENTATION_REPRESENTATION (  '', ( #1970 ), #1234 ) ;
#1956 = PRESENTATION_LAYER_ASSIGNMENT (  '', '', ( #1970 ) ) ;
#1957 = FACE_OUTER_BOUND ( 'NONE', #1390, .T. ) ;
#1958 = CYLINDRICAL_SURFACE ( 'NONE', #1963, 0.07825944375606130900 ) ;
#1959 = MECHANICAL_DESIGN_GEOMETRIC_PRESENTATION_REPRESENTATION (  '', ( #1962 ), #1233 ) ;
#1960 = PRESENTATION_LAYER_ASSIGNMENT (  '', '', ( #1962 ) ) ;
#1961 = VECTOR ( 'NONE', #2156, 1000.000000000000000 ) ;
#1962 = STYLED_ITEM ( 'NONE', ( #2115 ), #2523 ) ;
#1963 = AXIS2_PLACEMENT_3D ( 'NONE', #2162, #2176, #2172 ) ;
#1964 = MECHANICAL_DESIGN_GEOMETRIC_PRESENTATION_REPRESENTATION (  '', ( #1966 ), #1232 ) ;
#1965 = PRESENTATION_LAYER_ASSIGNMENT (  '', '', ( #1966 ) ) ;
#1966 = STYLED_ITEM ( 'NONE', ( #2144 ), #2521 ) ;
#1967 = CYLINDRICAL_SURFACE ( 'NONE', #1968, 0.01000000000000002600 ) ;
#1968 = AXIS2_PLACEMENT_3D ( 'NONE', #2039, #2043, #2237 ) ;
#1969 = FACE_OUTER_BOUND ( 'NONE', #1410, .T. ) ;
#1970 = STYLED_ITEM ( 'NONE', ( #2148 ), #2525 ) ;
#1971 = MECHANICAL_DESIGN_GEOMETRIC_PRESENTATION_REPRESENTATION (  '', ( #1979 ), #1231 ) ;
#1972 = PRESENTATION_LAYER_ASSIGNMENT (  '', '', ( #1979 ) ) ;
#1973 = AXIS2_PLACEMENT_3D ( 'NONE', #2214, #2181, #2171 ) ;
#1974 = VECTOR ( 'NONE', #2233, 1000.000000000000000 ) ;
#1975 = CYLINDRICAL_SURFACE ( 'NONE', #1973, 0.05000000000000002400 ) ;
#1976 = FACE_OUTER_BOUND ( 'NONE', #1395, .T. ) ;
#1977 = MECHANICAL_DESIGN_GEOMETRIC_PRESENTATION_REPRESENTATION (  '', ( #1981 ), #1293 ) ;
#1978 = PRESENTATION_LAYER_ASSIGNMENT (  '', '', ( #1981 ) ) ;
#1979 = STYLED_ITEM ( 'NONE', ( #2074 ), #2520 ) ;
#1980 = VECTOR ( 'NONE', #2200, 1000.000000000000000 ) ;
#1981 = STYLED_ITEM ( 'NONE', ( #2111 ), #2518 ) ;
#1982 = AXIS2_PLACEMENT_3D ( 'NONE', #2207, #2201, #2205 ) ;
#1983 = FACE_OUTER_BOUND ( 'NONE', #1440, .T. ) ;
#1984 = AXIS2_PLACEMENT_3D ( 'NONE', #2204, #2196, #2199 ) ;
#1985 = MECHANICAL_DESIGN_GEOMETRIC_PRESENTATION_REPRESENTATION (  '', ( #1988 ), #1292 ) ;
#1986 = PRESENTATION_LAYER_ASSIGNMENT (  '', '', ( #1988 ) ) ;
#1987 = AXIS2_PLACEMENT_3D ( 'NONE', #2086, #2195, #2192 ) ;
#1988 = STYLED_ITEM ( 'NONE', ( #2139 ), #2514 ) ;
#1989 = FACE_OUTER_BOUND ( 'NONE', #1409, .T. ) ;
#1990 = FACE_OUTER_BOUND ( 'NONE', #1383, .T. ) ;
#1991 = AXIS2_PLACEMENT_3D ( 'NONE', #2185, #2060, #2056 ) ;
#1992 = MECHANICAL_DESIGN_GEOMETRIC_PRESENTATION_REPRESENTATION (  '', ( #1996 ), #2248 ) ;
#1993 = PRESENTATION_LAYER_ASSIGNMENT (  '', '', ( #1996 ) ) ;
#1994 = AXIS2_PLACEMENT_3D ( 'NONE', #2096, #2092, #2063 ) ;
#1995 = VECTOR ( 'NONE', #2135, 1000.000000000000000 ) ;
#1996 = STYLED_ITEM ( 'NONE', ( #2050 ), #2512 ) ;
#1997 = VECTOR ( 'NONE', #2238, 1000.000000000000000 ) ;
#1998 = CYLINDRICAL_SURFACE ( 'NONE', #1994, 0.01000000000000002600 ) ;
#1999 = CYLINDRICAL_SURFACE ( 'NONE', #1987, 0.05000000000000001700 ) ;
#2000 = FACE_OUTER_BOUND ( 'NONE', #1442, .T. ) ;
#2001 = AXIS2_PLACEMENT_3D ( 'NONE', #2089, #2166, #2235 ) ;
#2002 = MECHANICAL_DESIGN_GEOMETRIC_PRESENTATION_REPRESENTATION (  '', ( #2005 ), #2247 ) ;
#2003 = PRESENTATION_LAYER_ASSIGNMENT (  '', '', ( #2005 ) ) ;
#2004 = AXIS2_PLACEMENT_3D ( 'NONE', #2177, #2116, #2126 ) ;
#2005 = STYLED_ITEM ( 'NONE', ( #2075 ), #2508 ) ;
#2006 = VECTOR ( 'NONE', #2190, 1000.000000000000000 ) ;
#2007 = AXIS2_PLACEMENT_3D ( 'NONE', #710, #2178, #2070 ) ;
#2008 = VECTOR ( 'NONE', #2228, 1000.000000000000000 ) ;
#2009 = FACE_OUTER_BOUND ( 'NONE', #1482, .T. ) ;
#2010 = MECHANICAL_DESIGN_GEOMETRIC_PRESENTATION_REPRESENTATION (  '', ( #1927 ), #2249 ) ;
#2011 = CYLINDRICAL_SURFACE ( 'NONE', #2004, 0.01000000000000002600 ) ;
#2012 = AXIS2_PLACEMENT_3D ( 'NONE', #692, #750, #766 ) ;
#2013 = VECTOR ( 'NONE', #739, 1000.000000000000000 ) ;
#2014 = STYLED_ITEM ( 'NONE', ( #712 ), #2502 ) ;
#2015 = FACE_OUTER_BOUND ( 'NONE', #1497, .T. ) ;
#2016 = STYLED_ITEM ( 'NONE', ( #1887 ), #2547 ) ;
#2017 = VECTOR ( 'NONE', #1854, 1000.000000000000000 ) ;
#2018 = AXIS2_PLACEMENT_3D ( 'NONE', #1880, #1809, #1865 ) ;
#2019 = CYLINDRICAL_SURFACE ( 'NONE', #2022, 0.01000000000000000000 ) ;
#2020 = STYLED_ITEM ( 'NONE', ( #1837 ), #2541 ) ;
#2021 = VECTOR ( 'NONE', #1902, 1000.000000000000000 ) ;
#2022 = AXIS2_PLACEMENT_3D ( 'NONE', #1840, #1897, #1858 ) ;
#2023 = PRESENTATION_LAYER_ASSIGNMENT (  '', '', ( #2020 ) ) ;
#2024 = MECHANICAL_DESIGN_GEOMETRIC_PRESENTATION_REPRESENTATION (  '', ( #2020 ), #1238 ) ;
#2025 = AXIS2_PLACEMENT_3D ( 'NONE', #1855, #1899, #1901 ) ;
#2026 = AXIS2_PLACEMENT_3D ( 'NONE', #1886, #1910, #1827 ) ;
#2027 = AXIS2_PLACEMENT_3D ( 'NONE', #1911, #1918, #1889 ) ;
#2028 = AXIS2_PLACEMENT_3D ( 'NONE', #1824, #1909, #1900 ) ;
#2029 = FACE_OUTER_BOUND ( 'NONE', #1474, .T. ) ;
#2030 = VECTOR ( 'NONE', #1888, 1000.000000000000000 ) ;
#2031 = FACE_OUTER_BOUND ( 'NONE', #1432, .T. ) ;
#2032 = PRESENTATION_LAYER_ASSIGNMENT (  '', '', ( #2016 ) ) ;
#2033 = MECHANICAL_DESIGN_GEOMETRIC_PRESENTATION_REPRESENTATION (  '', ( #2016 ), #1239 ) ;
#2034 = FACE_OUTER_BOUND ( 'NONE', #1384, .T. ) ;
#2035 = AXIS2_PLACEMENT_3D ( 'NONE', #1820, #1864, #1874 ) ;
#2036 = CYLINDRICAL_SURFACE ( 'NONE', #2035, 0.05000000000000001000 ) ;
#2037 = STYLED_ITEM ( 'NONE', ( #1892 ), #2548 ) ;
#2038 = PRESENTATION_LAYER_ASSIGNMENT (  '', '', ( #2037 ) ) ;
#2039 = CARTESIAN_POINT ( 'NONE',  ( 0.5099999999999999000, -0.3900000000000000100, 0.4500000000000000100 ) ) ;
#2040 = CARTESIAN_POINT ( 'NONE',  ( -0.4999999999999998300, 0.3768629150101525700, 0.8958578643762692400 ) ) ;
#2041 = SURFACE_STYLE_FILL_AREA ( #2100 ) ;
#2042 = CARTESIAN_POINT ( 'NONE',  ( -0.5041421356237308900, -0.4000000000000000800, 0.05000000000000001700 ) ) ;
#2043 = DIRECTION ( 'NONE',  ( 0.0000000000000000000, 1.543724941603920000E-031, 1.000000000000000000 ) ) ;
#2044 = CARTESIAN_POINT ( 'NONE',  ( 7.005330122136139600E-015, -0.3900000000000000100, 0.05999999999999977600 ) ) ;
#2045 =( LENGTH_UNIT ( ) NAMED_UNIT ( * ) SI_UNIT ( .MILLI., .METRE. ) );
#2046 = DIRECTION ( 'NONE',  ( 1.000000000000000000, -0.0000000000000000000, 1.224646799147350000E-016 ) ) ;
#2047 = CARTESIAN_POINT ( 'NONE',  ( -0.5041421356237307800, 0.3792893218813453400, 0.9000000000000001300 ) ) ;
#2048 = DIRECTION ( 'NONE',  ( 1.000000000000000000, 0.0000000000000000000, -0.0000000000000000000 ) ) ;
#2049 = DIRECTION ( 'NONE',  ( 0.0000000000000000000, 1.000000000000000000, 0.0000000000000000000 ) ) ;
#2050 = PRESENTATION_STYLE_ASSIGNMENT (( #2215 ) ) ;
#2051 =( NAMED_UNIT ( * ) PLANE_ANGLE_UNIT ( ) SI_UNIT ( $, .RADIAN. ) );
#2052 =( NAMED_UNIT ( * ) SI_UNIT ( $, .STERADIAN. ) SOLID_ANGLE_UNIT ( ) );
#2053 = CARTESIAN_POINT ( 'NONE',  ( -0.4999999999999999400, -0.3958578643762690200, 0.05000000000000001700 ) ) ;
#2054 = CARTESIAN_POINT ( 'NONE',  ( -0.5041421356237307800, 0.4000000000000001900, 0.8499999999999999800 ) ) ;
#2055 = FILL_AREA_STYLE ('',( #2059 ) ) ;
#2056 = DIRECTION ( 'NONE',  ( 0.0000000000000000000, 1.000000000000000000, 0.0000000000000000000 ) ) ;
#2057 =( NAMED_UNIT ( * ) SI_UNIT ( $, .STERADIAN. ) SOLID_ANGLE_UNIT ( ) );
#2058 = CARTESIAN_POINT ( 'NONE',  ( -0.4999999999999998900, -0.3958578643762691300, 0.02313708498984764000 ) ) ;
#2059 = FILL_AREA_STYLE_COLOUR ( '', #2632 ) ;
#2060 = DIRECTION ( 'NONE',  ( -0.0000000000000000000, -0.0000000000000000000, 1.000000000000000000 ) ) ;
#2061 = SURFACE_STYLE_FILL_AREA ( #2133 ) ;
#2062 = FILL_AREA_STYLE_COLOUR ( '', #2624 ) ;
#2063 = DIRECTION ( 'NONE',  ( 0.0000000000000000000, 0.0000000000000000000, 1.000000000000000000 ) ) ;
#2064 = CARTESIAN_POINT ( 'NONE',  ( -0.5000000000000000000, -0.3720123998107980300, 0.8896758367081872800 ) ) ;
#2065 = LINE ( 'NONE', #2077, #1980 ) ;
#2066 = SURFACE_STYLE_FILL_AREA ( #2068 ) ;
#2067 = FILL_AREA_STYLE_COLOUR ( '', #2633 ) ;
#2068 = FILL_AREA_STYLE ('',( #2062 ) ) ;
#2069 =( LENGTH_UNIT ( ) NAMED_UNIT ( * ) SI_UNIT ( .MILLI., .METRE. ) );
#2070 = DIRECTION ( 'NONE',  ( 0.0000000000000000000, -1.000000000000000000, 0.0000000000000000000 ) ) ;
#2071 = CARTESIAN_POINT ( 'NONE',  ( 7.776546656919044900E-015, 0.3400000000000000200, 0.009999999999996197700 ) ) ;
#2072 = SURFACE_STYLE_USAGE ( .BOTH. , #2157 ) ;
#2073 =( NAMED_UNIT ( * ) SI_UNIT ( $, .STERADIAN. ) SOLID_ANGLE_UNIT ( ) );
#2074 = PRESENTATION_STYLE_ASSIGNMENT (( #2163 ) ) ;
#2075 = PRESENTATION_STYLE_ASSIGNMENT (( #2072 ) ) ;
#2076 =( NAMED_UNIT ( * ) PLANE_ANGLE_UNIT ( ) SI_UNIT ( $, .RADIAN. ) );
#2077 = CARTESIAN_POINT ( 'NONE',  ( 0.7500000000000000000, -0.4000000000000000200, 3.061616997868379300E-017 ) ) ;
#2078 = CARTESIAN_POINT ( 'NONE',  ( -0.5099999999999999000, 0.3499999999999999800, 0.9000000000000002400 ) ) ;
#2079 =( NAMED_UNIT ( * ) PLANE_ANGLE_UNIT ( ) SI_UNIT ( $, .RADIAN. ) );
#2080 = CARTESIAN_POINT ( 'NONE',  ( -0.5041421356237308900, -0.3500000000000000900, 2.541098841762901300E-017 ) ) ;
#2081 = DIRECTION ( 'NONE',  ( 0.0000000000000000000, -1.543724941603920000E-031, -1.000000000000000000 ) ) ;
#2082 = FILL_AREA_STYLE ('',( #2124 ) ) ;
#2083 = SURFACE_STYLE_FILL_AREA ( #2082 ) ;
#2084 = DIRECTION ( 'NONE',  ( 1.000000000000000000, -0.0000000000000000000, -0.0000000000000000000 ) ) ;
#2085 = DIRECTION ( 'NONE',  ( 0.0000000000000000000, 1.000000000000000000, 0.0000000000000000000 ) ) ;
#2086 = CARTESIAN_POINT ( 'NONE',  ( 0.6500000000000001300, -0.3500000000000000300, 0.05000000000000000300 ) ) ;
#2087 = CARTESIAN_POINT ( 'NONE',  ( 0.6500000000000001300, 0.3499999999999999800, 1.836970198721029700E-017 ) ) ;
#2088 = CARTESIAN_POINT ( 'NONE',  ( -0.5000000000000000000, -0.3900000000000000100, 0.8500000000000000900 ) ) ;
#2089 = CARTESIAN_POINT ( 'NONE',  ( 0.4999999999999996700, -0.3400000000000000200, 0.05999999999999984500 ) ) ;
#2090 = SURFACE_SIDE_STYLE ('',( #2095 ) ) ;
#2091 = CARTESIAN_POINT ( 'NONE',  ( -0.4999999999999999400, -0.3734314575050762800, 0.01000000000000000500 ) ) ;
#2092 = DIRECTION ( 'NONE',  ( 0.0000000000000000000, 1.000000000000000000, 0.0000000000000000000 ) ) ;
#2093 = FILL_AREA_STYLE ('',( #2130 ) ) ;
#2094 = FILL_AREA_STYLE_COLOUR ( '', #2710 ) ;
#2095 = SURFACE_STYLE_FILL_AREA ( #2093 ) ;
#2096 = CARTESIAN_POINT ( 'NONE',  ( -0.5099999999999999000, -0.4000000000000000200, 0.8899999999999999000 ) ) ;
#2097 = SURFACE_SIDE_STYLE ('',( #2041 ) ) ;
#2098 = CARTESIAN_POINT ( 'NONE',  ( -0.4999999999999889500, -0.3900000000000000100, 0.009999999999992490600 ) ) ;
#2099 =( LENGTH_UNIT ( ) NAMED_UNIT ( * ) SI_UNIT ( .MILLI., .METRE. ) );
#2100 = FILL_AREA_STYLE ('',( #2094 ) ) ;
#2101 =( NAMED_UNIT ( * ) PLANE_ANGLE_UNIT ( ) SI_UNIT ( $, .RADIAN. ) );
#2102 = SURFACE_STYLE_FILL_AREA ( #2225 ) ;
#2103 = SURFACE_SIDE_STYLE ('',( #2102 ) ) ;
#2104 = CARTESIAN_POINT ( 'NONE',  ( -0.4999999999999999400, -0.3900000000000000100, 0.02656854249492382800 ) ) ;
#2105 =( LENGTH_UNIT ( ) NAMED_UNIT ( * ) SI_UNIT ( .MILLI., .METRE. ) );
#2106 =( NAMED_UNIT ( * ) PLANE_ANGLE_UNIT ( ) SI_UNIT ( $, .RADIAN. ) );
#2107 = CARTESIAN_POINT ( 'NONE',  ( -0.4999999999999998900, 0.3899999999999999600, 0.8499999999999998700 ) ) ;
#2108 = CARTESIAN_POINT ( 'NONE',  ( -0.5099999999999999000, -0.3500000000000000300, 2.541098841762901000E-017 ) ) ;
#2109 = CARTESIAN_POINT ( 'NONE',  ( -0.4999999999999998300, 0.3958578643762693500, 0.8768629150101524500 ) ) ;
#2110 = CARTESIAN_POINT ( 'NONE',  ( -0.5099999999999999000, 0.3500000000000000300, 0.05000000000000000300 ) ) ;
#2111 = PRESENTATION_STYLE_ASSIGNMENT (( #2213 ) ) ;
#2112 = DIRECTION ( 'NONE',  ( 0.0000000000000000000, 1.000000000000000000, -9.486769009248159900E-016 ) ) ;
#2113 = CARTESIAN_POINT ( 'NONE',  ( -0.5099999999999999000, 0.4000000000000001900, 0.8499999999999999800 ) ) ;
#2114 = FILL_AREA_STYLE ('',( #2067 ) ) ;
#2115 = PRESENTATION_STYLE_ASSIGNMENT (( #2183 ) ) ;
#2116 = DIRECTION ( 'NONE',  ( 0.0000000000000000000, 1.000000000000000000, 0.0000000000000000000 ) ) ;
#2117 = CARTESIAN_POINT ( 'NONE',  ( -0.5099999999999999000, 0.4000000000000003000, 0.8792893218813453400 ) ) ;
#2118 =( LENGTH_UNIT ( ) NAMED_UNIT ( * ) SI_UNIT ( .MILLI., .METRE. ) );
#2119 = SURFACE_SIDE_STYLE ('',( #2066 ) ) ;
#2120 = CARTESIAN_POINT ( 'NONE',  ( -0.5099999999999999000, 0.3792893218813454000, 0.9000000000000002400 ) ) ;
#2121 = SURFACE_SIDE_STYLE ('',( #2160 ) ) ;
#2122 = SURFACE_STYLE_USAGE ( .BOTH. , #2103 ) ;
#2123 =( NAMED_UNIT ( * ) SI_UNIT ( $, .STERADIAN. ) SOLID_ANGLE_UNIT ( ) );
#2124 = FILL_AREA_STYLE_COLOUR ( '', #2646 ) ;
#2125 = PRESENTATION_STYLE_ASSIGNMENT (( #2127 ) ) ;
#2126 = DIRECTION ( 'NONE',  ( 0.0000000000000000000, 0.0000000000000000000, 1.000000000000000000 ) ) ;
#2127 = SURFACE_STYLE_USAGE ( .BOTH. , #2119 ) ;
#2128 = CARTESIAN_POINT ( 'NONE',  ( -0.4999999999999999400, 0.3900000000000000700, 0.8734314575050760000 ) ) ;
#2129 =( NAMED_UNIT ( * ) SI_UNIT ( $, .STERADIAN. ) SOLID_ANGLE_UNIT ( ) );
#2130 = FILL_AREA_STYLE_COLOUR ( '', #2656 ) ;
#2131 = SURFACE_SIDE_STYLE ('',( #2061 ) ) ;
#2132 = FILL_AREA_STYLE_COLOUR ( '', #2635 ) ;
#2133 = FILL_AREA_STYLE ('',( #2132 ) ) ;
#2134 = DIRECTION ( 'NONE',  ( 0.0000000000000000000, 0.0000000000000000000, 1.000000000000000000 ) ) ;
#2135 = DIRECTION ( 'NONE',  ( 0.0000000000000000000, 1.000000000000000000, 0.0000000000000000000 ) ) ;
#2136 = CARTESIAN_POINT ( 'NONE',  ( -0.8000000000000000400, -0.4000000000000000200, 0.04999999999999999600 ) ) ;
#2137 = LINE ( 'NONE', #2136, #1995 ) ;
#2138 = CARTESIAN_POINT ( 'NONE',  ( 0.6500000000000001300, -0.4000000000000000200, 0.9000000000000000200 ) ) ;
#2139 = PRESENTATION_STYLE_ASSIGNMENT (( #2165 ) ) ;
#2140 = SURFACE_SIDE_STYLE ('',( #2182 ) ) ;
#2141 = CARTESIAN_POINT ( 'NONE',  ( -0.5041421356237310000, -0.4000000000000000200, 0.02071067811865479800 ) ) ;
#2142 = CARTESIAN_POINT ( 'NONE',  ( -0.4999999999999998900, -0.3500000000000000300, 0.01000000000000000500 ) ) ;
#2143 = SURFACE_STYLE_USAGE ( .BOTH. , #2140 ) ;
#2144 = PRESENTATION_STYLE_ASSIGNMENT (( #2122 ) ) ;
#2145 =( NAMED_UNIT ( * ) PLANE_ANGLE_UNIT ( ) SI_UNIT ( $, .RADIAN. ) );
#2146 =( NAMED_UNIT ( * ) SI_UNIT ( $, .STERADIAN. ) SOLID_ANGLE_UNIT ( ) );
#2147 = LINE ( 'NONE', #2231, #1997 ) ;
#2148 = PRESENTATION_STYLE_ASSIGNMENT (( #2143 ) ) ;
#2149 = FILL_AREA_STYLE ('',( #2158 ) ) ;
#2150 = CARTESIAN_POINT ( 'NONE',  ( -0.5000000000000000000, -0.3896639445358575100, 0.8728199411290124000 ) ) ;
#2151 =( LENGTH_UNIT ( ) NAMED_UNIT ( * ) SI_UNIT ( .MILLI., .METRE. ) );
#2152 =( NAMED_UNIT ( * ) PLANE_ANGLE_UNIT ( ) SI_UNIT ( $, .RADIAN. ) );
#2153 = CARTESIAN_POINT ( 'NONE',  ( -0.4999999999999997800, 0.3500000000000000900, 0.8958578643762692400 ) ) ;
#2154 =( NAMED_UNIT ( * ) PLANE_ANGLE_UNIT ( ) SI_UNIT ( $, .RADIAN. ) );
#2155 = SURFACE_STYLE_FILL_AREA ( #2149 ) ;
#2156 = DIRECTION ( 'NONE',  ( -0.0000000000000000000, -1.000000000000000000, 0.0000000000000000000 ) ) ;
#2157 = SURFACE_SIDE_STYLE ('',( #2155 ) ) ;
#2158 = FILL_AREA_STYLE_COLOUR ( '', #2626 ) ;
#2159 = CARTESIAN_POINT ( 'NONE',  ( -0.5041421356237310000, -0.3792893218813453400, 2.541098841762900700E-017 ) ) ;
#2160 = SURFACE_STYLE_FILL_AREA ( #2055 ) ;
#2161 = CARTESIAN_POINT ( 'NONE',  ( -0.5041421356237307800, 0.4000000000000003000, 0.8792893218813453400 ) ) ;
#2162 = CARTESIAN_POINT ( 'NONE',  ( -0.5999999999999999800, 0.0000000000000000000, 0.4500000000000000100 ) ) ;
#2163 = SURFACE_STYLE_USAGE ( .BOTH. , #2121 ) ;
#2164 = LINE ( 'NONE', #1894, #2017 ) ;
#2165 = SURFACE_STYLE_USAGE ( .BOTH. , #2097 ) ;
#2166 = DIRECTION ( 'NONE',  ( 1.000000000000000000, 4.455509572836170100E-032, 7.283670194757699300E-015 ) ) ;
#2167 =( NAMED_UNIT ( * ) PLANE_ANGLE_UNIT ( ) SI_UNIT ( $, .RADIAN. ) );
#2168 = CARTESIAN_POINT ( 'NONE',  ( 0.5099999999999999000, 0.3900000000000000100, 0.8500000000000000900 ) ) ;
#2169 =( LENGTH_UNIT ( ) NAMED_UNIT ( * ) SI_UNIT ( .MILLI., .METRE. ) );
#2170 =( NAMED_UNIT ( * ) SI_UNIT ( $, .STERADIAN. ) SOLID_ANGLE_UNIT ( ) );
#2171 = DIRECTION ( 'NONE',  ( 0.0000000000000000000, 1.000000000000000000, 0.0000000000000000000 ) ) ;
#2172 = DIRECTION ( 'NONE',  ( 0.0000000000000000000, 0.0000000000000000000, -1.000000000000000000 ) ) ;
#2173 = CARTESIAN_POINT ( 'NONE',  ( 0.5099999999999999000, 0.3500000000000000300, 0.8500000000000000900 ) ) ;
#2174 = CARTESIAN_POINT ( 'NONE',  ( 0.5099999999999999000, 0.3500000000000000300, 0.8899999999999999000 ) ) ;
#2175 = CARTESIAN_POINT ( 'NONE',  ( -0.5000000000000000000, -0.3500000000000000300, 0.8899999999999999000 ) ) ;
#2176 = DIRECTION ( 'NONE',  ( 1.000000000000000000, 0.0000000000000000000, 0.0000000000000000000 ) ) ;
#2177 = CARTESIAN_POINT ( 'NONE',  ( 0.5099999999999999000, -0.4000000000000000200, 0.8899999999999999000 ) ) ;
#2178 = DIRECTION ( 'NONE',  ( 1.000000000000000000, 2.211785218056650000E-030, -0.0000000000000000000 ) ) ;
#2179 = CARTESIAN_POINT ( 'NONE',  ( -0.5099999999999999000, -0.4000000000000000200, 0.05000000000000002400 ) ) ;
#2180 = LINE ( 'NONE', #2212, #2006 ) ;
#2181 = DIRECTION ( 'NONE',  ( 1.000000000000000000, 5.238018422545719700E-030, 0.0000000000000000000 ) ) ;
#2182 = SURFACE_STYLE_FILL_AREA ( #2114 ) ;
#2183 = SURFACE_STYLE_USAGE ( .BOTH. , #2090 ) ;
#2184 =( LENGTH_UNIT ( ) NAMED_UNIT ( * ) SI_UNIT ( .MILLI., .METRE. ) );
#2185 = CARTESIAN_POINT ( 'NONE',  ( -0.5099999999999999000, 0.3900000000000000700, 0.8500000000000000900 ) ) ;
#2186 = DIRECTION ( 'NONE',  ( 0.0000000000000000000, 0.0000000000000000000, 1.000000000000000000 ) ) ;
#2187 = CARTESIAN_POINT ( 'NONE',  ( -0.5099999999999999000, -0.3792893218813452300, 2.541098841762900700E-017 ) ) ;
#2188 = CARTESIAN_POINT ( 'NONE',  ( 0.6500000000000001300, 0.4000000000000000200, 0.8500000000000000900 ) ) ;
#2189 = LINE ( 'NONE', #2188, #1950 ) ;
#2190 = DIRECTION ( 'NONE',  ( 1.000000000000000000, 4.455509572836029900E-032, -8.600051726114482800E-063 ) ) ;
#2191 = LINE ( 'NONE', #2071, #1948 ) ;
#2192 = DIRECTION ( 'NONE',  ( 0.0000000000000000000, 0.0000000000000000000, 1.000000000000000000 ) ) ;
#2193 = DIRECTION ( 'NONE',  ( -1.000000000000000000, -0.0000000000000000000, -0.0000000000000000000 ) ) ;
#2194 = DIRECTION ( 'NONE',  ( 1.000000000000000000, 5.238018422545719700E-030, -0.0000000000000000000 ) ) ;
#2195 = DIRECTION ( 'NONE',  ( -1.000000000000000000, -5.238018422545719700E-030, -1.224646799147350000E-016 ) ) ;
#2196 = DIRECTION ( 'NONE',  ( 0.0000000000000000000, 1.543724941603920000E-031, 1.000000000000000000 ) ) ;
#2197 = CARTESIAN_POINT ( 'NONE',  ( -0.7500000000000000000, -0.3500000000000000300, 0.8500000000000000900 ) ) ;
#2198 = DIRECTION ( 'NONE',  ( -1.000000000000000000, -4.455509572836170100E-032, -7.283670194757699300E-015 ) ) ;
#2199 = DIRECTION ( 'NONE',  ( 0.0000000000000000000, -1.000000000000000000, 0.0000000000000000000 ) ) ;
#2200 = DIRECTION ( 'NONE',  ( -0.0000000000000000000, -1.000000000000000000, -0.0000000000000000000 ) ) ;
#2201 = DIRECTION ( 'NONE',  ( -0.0000000000000000000, -1.543724941603920000E-031, -1.000000000000000000 ) ) ;
#2202 = LINE ( 'NONE', #2208, #1946 ) ;
#2203 = DIRECTION ( 'NONE',  ( -0.0000000000000000000, -1.930206093270799800E-031, -1.000000000000000000 ) ) ;
#2204 = CARTESIAN_POINT ( 'NONE',  ( 0.5099999999999999000, -0.3900000000000000100, 0.05000000000000002400 ) ) ;
#2205 = DIRECTION ( 'NONE',  ( 0.0000000000000000000, -1.000000000000000000, 0.0000000000000000000 ) ) ;
#2206 = DIRECTION ( 'NONE',  ( 0.0000000000000000000, 1.000000000000000000, 0.0000000000000000000 ) ) ;
#2207 = CARTESIAN_POINT ( 'NONE',  ( 0.5099999999999999000, -0.3900000000000000100, 0.8500000000000000900 ) ) ;
#2208 = CARTESIAN_POINT ( 'NONE',  ( 0.5000000000000099900, 0.3900000000000000100, 0.4499999999999960100 ) ) ;
#2209 = PLANE ( 'NONE',  #1951 ) ;
#2210 = SURFACE_SIDE_STYLE ('',( #2083 ) ) ;
#2211 = DIRECTION ( 'NONE',  ( 0.0000000000000000000, 0.0000000000000000000, 1.000000000000000000 ) ) ;
#2212 = CARTESIAN_POINT ( 'NONE',  ( 7.005330122136139600E-015, -0.3900000000000000100, 0.8399999999999929700 ) ) ;
#2213 = SURFACE_STYLE_USAGE ( .BOTH. , #2210 ) ;
#2214 = CARTESIAN_POINT ( 'NONE',  ( 0.6500000000000001300, -0.3500000000000000300, 0.8500000000000000900 ) ) ;
#2215 = SURFACE_STYLE_USAGE ( .BOTH. , #2131 ) ;
#2216 = CARTESIAN_POINT ( 'NONE',  ( -0.5041421356237307800, 0.3499999999999999800, 0.9000000000000002400 ) ) ;
#2217 =( NAMED_UNIT ( * ) SI_UNIT ( $, .STERADIAN. ) SOLID_ANGLE_UNIT ( ) );
#2218 = CARTESIAN_POINT ( 'NONE',  ( -0.4999999999999998900, -0.3900000000000000700, 0.05000000000000002400 ) ) ;
#2219 = CARTESIAN_POINT ( 'NONE',  ( -0.4999999999999997800, 0.3958578643762691900, 0.8499999999999998700 ) ) ;
#2220 = LINE ( 'NONE', #2098, #1961 ) ;
#2221 =( LENGTH_UNIT ( ) NAMED_UNIT ( * ) SI_UNIT ( .MILLI., .METRE. ) );
#2222 =( NAMED_UNIT ( * ) SI_UNIT ( $, .STERADIAN. ) SOLID_ANGLE_UNIT ( ) );
#2223 = CARTESIAN_POINT ( 'NONE',  ( -0.4999999999999998900, 0.3500000000000000300, 0.8899999999999999000 ) ) ;
#2224 = CARTESIAN_POINT ( 'NONE',  ( -0.4999999999999999400, 0.3734314575050762300, 0.8899999999999999000 ) ) ;
#2225 = FILL_AREA_STYLE ('',( #2234 ) ) ;
#2226 = DIRECTION ( 'NONE',  ( -0.0000000000000000000, 1.000000000000000000, -6.123233995736766000E-017 ) ) ;
#2227 = LINE ( 'NONE', #2087, #1940 ) ;
#2228 = DIRECTION ( 'NONE',  ( 0.0000000000000000000, -1.543724941603920000E-031, -1.000000000000000000 ) ) ;
#2229 = CARTESIAN_POINT ( 'NONE',  ( -0.4999999999999998900, -0.3768629150101524500, 0.004142135623730965200 ) ) ;
#2230 = LINE ( 'NONE', #2044, #1974 ) ;
#2231 = CARTESIAN_POINT ( 'NONE',  ( -0.4999999999999889500, -0.3900000000000000100, 0.8899999999999930200 ) ) ;
#2232 = CARTESIAN_POINT ( 'NONE',  ( 0.5000000000000000000, 0.3500000000000000300, 0.8899999999999999000 ) ) ;
#2233 = DIRECTION ( 'NONE',  ( -1.000000000000000000, -4.455509572836029900E-032, 8.600051726114482800E-063 ) ) ;
#2234 = FILL_AREA_STYLE_COLOUR ( '', #2652 ) ;
#2235 = DIRECTION ( 'NONE',  ( 6.505213034913025000E-015, 0.0000000000000000000, -1.000000000000000000 ) ) ;
#2236 = CARTESIAN_POINT ( 'NONE',  ( -0.4999999999999999400, -0.3500000000000000900, 0.004142135623730965200 ) ) ;
#2237 = DIRECTION ( 'NONE',  ( 0.0000000000000000000, -1.000000000000000000, 0.0000000000000000000 ) ) ;
#2238 = DIRECTION ( 'NONE',  ( 0.0000000000000000000, 1.000000000000000000, -0.0000000000000000000 ) ) ;
#2239 = CARTESIAN_POINT ( 'NONE',  ( -0.5099999999999999000, -0.4000000000000000800, 0.02071067811865479400 ) ) ;
#2240 = PRODUCT ( 'User Library-V0603HD_K_X_F6rper_1', 'User Library-V0603HD_K_X_F6rper_1', '', ( #1189 ) ) ;
#2241 = PRODUCT ( 'User Library-V0603HD', 'User Library-V0603HD', '', ( #1179 ) ) ;
#2242 = PRODUCT ( 'User Library-V0603HD_Anschl_X_FCsse_1', 'User Library-V0603HD_Anschl_X_FCsse_1', '', ( #1202 ) ) ;
#2243 = DIRECTION ( 'NONE',  ( 0.0000000000000000000, 1.084202172485503800E-015, 1.000000000000000000 ) ) ;
#2244 = CARTESIAN_POINT ( 'NONE',  ( 0.5099999999999999000, -0.3500000000000000300, 0.8500000000000000900 ) ) ;
#2245 = DIRECTION ( 'NONE',  ( -1.000000000000000000, -0.0000000000000000000, -0.0000000000000000000 ) ) ;
#2246 = MECHANICAL_DESIGN_GEOMETRIC_PRESENTATION_REPRESENTATION (  '', ( #2037 ), #1240 ) ;
#2247 =( GEOMETRIC_REPRESENTATION_CONTEXT ( 3 ) GLOBAL_UNCERTAINTY_ASSIGNED_CONTEXT ( ( #1298 ) ) GLOBAL_UNIT_ASSIGNED_CONTEXT ( ( #2221, #2154, #2146 ) ) REPRESENTATION_CONTEXT ( 'NONE', 'WORKASPACE' ) );
#2248 =( GEOMETRIC_REPRESENTATION_CONTEXT ( 3 ) GLOBAL_UNCERTAINTY_ASSIGNED_CONTEXT ( ( #1323 ) ) GLOBAL_UNIT_ASSIGNED_CONTEXT ( ( #2169, #2101, #2170 ) ) REPRESENTATION_CONTEXT ( 'NONE', 'WORKASPACE' ) );
#2249 =( GEOMETRIC_REPRESENTATION_CONTEXT ( 3 ) GLOBAL_UNCERTAINTY_ASSIGNED_CONTEXT ( ( #1297 ) ) GLOBAL_UNIT_ASSIGNED_CONTEXT ( ( #758, #744, #760 ) ) REPRESENTATION_CONTEXT ( 'NONE', 'WORKASPACE' ) );
#2250 =( GEOMETRIC_REPRESENTATION_CONTEXT ( 3 ) GLOBAL_UNCERTAINTY_ASSIGNED_CONTEXT ( ( #1356 ) ) GLOBAL_UNIT_ASSIGNED_CONTEXT ( ( #764, #763, #702 ) ) REPRESENTATION_CONTEXT ( 'NONE', 'WORKASPACE' ) );
#2251 =( GEOMETRIC_REPRESENTATION_CONTEXT ( 3 ) GLOBAL_UNCERTAINTY_ASSIGNED_CONTEXT ( ( #1318 ) ) GLOBAL_UNIT_ASSIGNED_CONTEXT ( ( #773, #725, #794 ) ) REPRESENTATION_CONTEXT ( 'NONE', 'WORKASPACE' ) );
#2252 =( GEOMETRIC_REPRESENTATION_CONTEXT ( 3 ) GLOBAL_UNCERTAINTY_ASSIGNED_CONTEXT ( ( #1334 ) ) GLOBAL_UNIT_ASSIGNED_CONTEXT ( ( #258, #233, #693 ) ) REPRESENTATION_CONTEXT ( 'NONE', 'WORKASPACE' ) );
#2253 = AXIS2_PLACEMENT_3D ( 'NONE', #497, #338, #489 ) ;
#2254 = VECTOR ( 'NONE', #491, 1000.000000000000000 ) ;
#2255 = VECTOR ( 'NONE', #334, 1000.000000000000000 ) ;
#2256 = AXIS2_PLACEMENT_3D ( 'NONE', #486, #386, #361 ) ;
#2257 = VECTOR ( 'NONE', #440, 1000.000000000000000 ) ;
#2258 = VECTOR ( 'NONE', #448, 1000.000000000000000 ) ;
#2259 = AXIS2_PLACEMENT_3D ( 'NONE', #445, #459, #460 ) ;
#2260 = VECTOR ( 'NONE', #454, 1000.000000000000000 ) ;
#2261 = AXIS2_PLACEMENT_3D ( 'NONE', #403, #393, #385 ) ;
#2262 = VECTOR ( 'NONE', #455, 1000.000000000000000 ) ;
#2263 = AXIS2_PLACEMENT_3D ( 'NONE', #463, #466, #468 ) ;
#2264 = AXIS2_PLACEMENT_3D ( 'NONE', #373, #363, #379 ) ;
#2265 = VECTOR ( 'NONE', #464, 1000.000000000000000 ) ;
#2266 = AXIS2_PLACEMENT_3D ( 'NONE', #426, #297, #413 ) ;
#2267 = VECTOR ( 'NONE', #397, 1000.000000000000000 ) ;
#2268 = AXIS2_PLACEMENT_3D ( 'NONE', #412, #358, #369 ) ;
#2269 = VECTOR ( 'NONE', #304, 1000.000000000000000 ) ;
#2270 = AXIS2_PLACEMENT_3D ( 'NONE', #362, #368, #364 ) ;
#2271 = AXIS2_PLACEMENT_3D ( 'NONE', #370, #371, #422 ) ;
#2272 = AXIS2_PLACEMENT_3D ( 'NONE', #425, #402, #2243 ) ;
#2273 = AXIS2_PLACEMENT_3D ( 'NONE', #2244, #2245, #1731 ) ;
#2274 = VECTOR ( 'NONE', #411, 1000.000000000000000 ) ;
#2275 = AXIS2_PLACEMENT_3D ( 'NONE', #1780, #1782, #1784 ) ;
#2276 = AXIS2_PLACEMENT_3D ( 'NONE', #1793, #1788, #1737 ) ;
#2277 = AXIS2_PLACEMENT_3D ( 'NONE', #1733, #1787, #1781 ) ;
#2278 = VECTOR ( 'NONE', #1741, 1000.000000000000000 ) ;
#2279 = VECTOR ( 'NONE', #1745, 1000.000000000000000 ) ;
#2280 = VECTOR ( 'NONE', #1796, 1000.000000000000000 ) ;
#2281 = AXIS2_PLACEMENT_3D ( 'NONE', #1792, #1765, #1758 ) ;
#2282 = VECTOR ( 'NONE', #1766, 1000.000000000000000 ) ;
#2283 = VECTOR ( 'NONE', #1783, 1000.000000000000000 ) ;
#2284 = VECTOR ( 'NONE', #1773, 1000.000000000000000 ) ;
#2285 = VECTOR ( 'NONE', #1761, 1000.000000000000000 ) ;
#2286 = VECTOR ( 'NONE', #1764, 1000.000000000000000 ) ;
#2287 = VECTOR ( 'NONE', #1751, 1000.000000000000000 ) ;
#2288 = VECTOR ( 'NONE', #1770, 1000.000000000000000 ) ;
#2289 = VECTOR ( 'NONE', #1736, 1000.000000000000000 ) ;
#2290 = AXIS2_PLACEMENT_3D ( 'NONE', #1760, #1763, #1753 ) ;
#2291 = VECTOR ( 'NONE', #1735, 1000.000000000000000 ) ;
#2292 = STYLED_ITEM ( 'NONE', ( #1790 ), #1349 ) ;
#2293 = PRESENTATION_LAYER_ASSIGNMENT (  '', '', ( #2292 ) ) ;
#2294 = MECHANICAL_DESIGN_GEOMETRIC_PRESENTATION_REPRESENTATION (  '', ( #2292 ), #1245 ) ;
#2295 = STYLED_ITEM ( 'NONE', ( #1171 ), #1354 ) ;
#2296 = PRESENTATION_LAYER_ASSIGNMENT (  '', '', ( #2295 ) ) ;
#2297 = MECHANICAL_DESIGN_GEOMETRIC_PRESENTATION_REPRESENTATION (  '', ( #2295 ), #1243 ) ;
#2298 = AXIS2_PLACEMENT_3D ( 'NONE', #1192, #1191, #1190 ) ;
#2299 = AXIS2_PLACEMENT_3D ( 'NONE', #1195, #1193, #1194 ) ;
#2300 = AXIS2_PLACEMENT_3D ( 'NONE', #1162, #1167, #1165 ) ;
#2301 = AXIS2_PLACEMENT_3D ( 'NONE', #1177, #1166, #1174 ) ;
#2302 = PRODUCT_DEFINITION_FORMATION_WITH_SPECIFIED_SOURCE ( 'ANY', '', #2242, .NOT_KNOWN. ) ;
#2303 = PRODUCT_DEFINITION_FORMATION_WITH_SPECIFIED_SOURCE ( 'ANY', '', #2240, .NOT_KNOWN. ) ;
#2304 = AXIS2_PLACEMENT_3D ( 'NONE', #488, #442, #444 ) ;
#2305 = VECTOR ( 'NONE', #408, 1000.000000000000000 ) ;
#2306 = PRODUCT_DEFINITION_FORMATION_WITH_SPECIFIED_SOURCE ( 'ANY', '', #2241, .NOT_KNOWN. ) ;
#2307 = CARTESIAN_POINT ( 'NONE',  ( 7.412363147181159200E-015, 0.3400000000000000200, 0.05999999999999620900 ) ) ;
#2308 = FILL_AREA_STYLE ('',( #2408 ) ) ;
#2309 = DIRECTION ( 'NONE',  ( -1.000000000000000000, -2.211785218056650000E-030, 0.0000000000000000000 ) ) ;
#2310 = SURFACE_STYLE_USAGE ( .BOTH. , #2407 ) ;
#2311 =( NAMED_UNIT ( * ) PLANE_ANGLE_UNIT ( ) SI_UNIT ( $, .RADIAN. ) );
#2312 = CARTESIAN_POINT ( 'NONE',  ( 0.7500000000000000000, 0.3499999999999998700, -3.388131789017201400E-017 ) ) ;
#2313 =( LENGTH_UNIT ( ) NAMED_UNIT ( * ) SI_UNIT ( .MILLI., .METRE. ) );
#2314 = CARTESIAN_POINT ( 'NONE',  ( 0.7792893218813451400, 0.4000000000000001300, 0.05000000000000002400 ) ) ;
#2315 =( NAMED_UNIT ( * ) PLANE_ANGLE_UNIT ( ) SI_UNIT ( $, .RADIAN. ) );
#2316 = FILL_AREA_STYLE_COLOUR ( '', #2692 ) ;
#2317 = SURFACE_STYLE_FILL_AREA ( #2326 ) ;
#2318 = FILL_AREA_STYLE_COLOUR ( '', #2691 ) ;
#2319 = SURFACE_STYLE_USAGE ( .BOTH. , #2452 ) ;
#2320 =( NAMED_UNIT ( * ) SI_UNIT ( $, .STERADIAN. ) SOLID_ANGLE_UNIT ( ) );
#2321 =( LENGTH_UNIT ( ) NAMED_UNIT ( * ) SI_UNIT ( .MILLI., .METRE. ) );
#2322 =( NAMED_UNIT ( * ) PLANE_ANGLE_UNIT ( ) SI_UNIT ( $, .RADIAN. ) );
#2323 = SURFACE_SIDE_STYLE ('',( #2368 ) ) ;
#2324 =( NAMED_UNIT ( * ) SI_UNIT ( $, .STERADIAN. ) SOLID_ANGLE_UNIT ( ) );
#2325 = PRESENTATION_STYLE_ASSIGNMENT (( #2446 ) ) ;
#2326 = FILL_AREA_STYLE ('',( #2316 ) ) ;
#2327 = CARTESIAN_POINT ( 'NONE',  ( -0.7792893218813451400, 0.3499999999999997600, 0.9000000000000000200 ) ) ;
#2328 = CARTESIAN_POINT ( 'NONE',  ( 0.7792893218813451400, -0.3500000000000000300, -1.084202172485504400E-016 ) ) ;
#2329 = PRESENTATION_STYLE_ASSIGNMENT (( #2331 ) ) ;
#2330 = CARTESIAN_POINT ( 'NONE',  ( 0.5000000000000000000, -0.3900000000000000100, 0.8500000000000000900 ) ) ;
#2331 = SURFACE_STYLE_USAGE ( .BOTH. , #2323 ) ;
#2332 = SURFACE_SIDE_STYLE ('',( #2334 ) ) ;
#2333 = CARTESIAN_POINT ( 'NONE',  ( 0.8000000000000001600, -0.3792893218813454000, 0.05000000000000003700 ) ) ;
#2334 = SURFACE_STYLE_FILL_AREA ( #2374 ) ;
#2335 = CARTESIAN_POINT ( 'NONE',  ( -0.7500000000000000000, 0.3792893218813452900, 0.9000000000000002400 ) ) ;
#2336 =( LENGTH_UNIT ( ) NAMED_UNIT ( * ) SI_UNIT ( .MILLI., .METRE. ) );
#2337 = SURFACE_SIDE_STYLE ('',( #2436 ) ) ;
#2338 = CARTESIAN_POINT ( 'NONE',  ( -0.7500000000000000000, 0.3499999999999998100, 0.9000000000000002400 ) ) ;
#2339 = DIRECTION ( 'NONE',  ( -1.000000000000000000, -5.238018422545719700E-030, 0.0000000000000000000 ) ) ;
#2340 = CARTESIAN_POINT ( 'NONE',  ( 0.7792893218813451400, -0.4000000000000001300, 0.05000000000000005100 ) ) ;
#2341 = CARTESIAN_POINT ( 'NONE',  ( -0.8000000000000001600, 0.3499999999999999800, 0.8792893218813452300 ) ) ;
#2342 = FILL_AREA_STYLE_COLOUR ( '', #2682 ) ;
#2343 = CARTESIAN_POINT ( 'NONE',  ( -0.8000000000000000400, 0.3500000000000000900, 0.8500000000000000900 ) ) ;
#2344 = CARTESIAN_POINT ( 'NONE',  ( -0.8000000000000000400, 0.3500000000000000300, 0.8500000000000000900 ) ) ;
#2345 = CARTESIAN_POINT ( 'NONE',  ( 0.7500000000000000000, -0.3500000000000000300, -1.084202172485504400E-016 ) ) ;
#2346 = CARTESIAN_POINT ( 'NONE',  ( 0.7500000000000000000, 0.4000000000000001300, 0.05000000000000002400 ) ) ;
#2347 = SURFACE_STYLE_USAGE ( .BOTH. , #2483 ) ;
#2348 = FILL_AREA_STYLE ('',( #2458 ) ) ;
#2349 = CARTESIAN_POINT ( 'NONE',  ( 0.5000000000000000000, -0.3500000000000000300, 0.8899999999999999000 ) ) ;
#2350 = CARTESIAN_POINT ( 'NONE',  ( 0.8000000000000000400, -0.3500000000000000300, 0.04999999999999991300 ) ) ;
#2351 = CARTESIAN_POINT ( 'NONE',  ( 0.8000000000000000400, 0.3500000000000000300, 0.04999999999999996800 ) ) ;
#2352 = CARTESIAN_POINT ( 'NONE',  ( 0.8000000000000000400, 0.3500000000000000900, 0.04999999999999996800 ) ) ;
#2353 = CARTESIAN_POINT ( 'NONE',  ( 0.8000000000000000400, -0.3671572875253811300, 0.02071067811865466600 ) ) ;
#2354 = CARTESIAN_POINT ( 'NONE',  ( 0.8000000000000000400, 0.3500000000000001400, 0.04999999999999995400 ) ) ;
#2355 = CARTESIAN_POINT ( 'NONE',  ( -0.8000000000000000400, 0.3500000000000000900, 0.8500000000000000900 ) ) ;
#2356 =( NAMED_UNIT ( * ) SI_UNIT ( $, .STERADIAN. ) SOLID_ANGLE_UNIT ( ) );
#2357 = CARTESIAN_POINT ( 'NONE',  ( 0.6500000000000001300, 0.3500000000000000300, 0.8500000000000000900 ) ) ;
#2358 = SURFACE_STYLE_USAGE ( .BOTH. , #2337 ) ;
#2359 = CARTESIAN_POINT ( 'NONE',  ( 0.8000000000000001600, -0.3500000000000000300, 0.02071067811865466200 ) ) ;
#2360 =( LENGTH_UNIT ( ) NAMED_UNIT ( * ) SI_UNIT ( .MILLI., .METRE. ) );
#2361 = SURFACE_STYLE_FILL_AREA ( #2415 ) ;
#2362 = FILL_AREA_STYLE_COLOUR ( '', #2747 ) ;
#2363 =( NAMED_UNIT ( * ) PLANE_ANGLE_UNIT ( ) SI_UNIT ( $, .RADIAN. ) );
#2364 = SURFACE_STYLE_FILL_AREA ( #2402 ) ;
#2365 = FILL_AREA_STYLE ('',( #2362 ) ) ;
#2366 = FILL_AREA_STYLE_COLOUR ( '', #2683 ) ;
#2367 = SURFACE_STYLE_FILL_AREA ( #2365 ) ;
#2368 = SURFACE_STYLE_FILL_AREA ( #2377 ) ;
#2369 = CARTESIAN_POINT ( 'NONE',  ( 0.5000000000000000000, -0.3896758367081892800, 0.8720123998107958100 ) ) ;
#2370 = CARTESIAN_POINT ( 'NONE',  ( -0.8000000000000001600, 0.3792893218813452300, 0.8500000000000000900 ) ) ;
#2371 =( LENGTH_UNIT ( ) NAMED_UNIT ( * ) SI_UNIT ( .MILLI., .METRE. ) );
#2372 = DIRECTION ( 'NONE',  ( -0.0000000000000000000, -0.0000000000000000000, -1.000000000000000000 ) ) ;
#2373 = LINE ( 'NONE', #2379, #1061 ) ;
#2374 = FILL_AREA_STYLE ('',( #2416 ) ) ;
#2375 = PLANE ( 'NONE',  #1044 ) ;
#2376 = CARTESIAN_POINT ( 'NONE',  ( -0.7500000000000000000, 0.4000000000000000800, 0.8792893218813453400 ) ) ;
#2377 = FILL_AREA_STYLE ('',( #2366 ) ) ;
#2378 = SURFACE_STYLE_FILL_AREA ( #2348 ) ;
#2379 = CARTESIAN_POINT ( 'NONE',  ( 0.5000000000000000000, 0.3900000000000000100, 0.4500000000000000100 ) ) ;
#2380 = DIRECTION ( 'NONE',  ( 1.000000000000000000, 4.455509572836170100E-032, 7.283670194757699300E-015 ) ) ;
#2381 = CARTESIAN_POINT ( 'NONE',  ( 0.8000000000000001600, -0.3500000000000001400, 0.04999999999999997500 ) ) ;
#2382 = DIRECTION ( 'NONE',  ( 6.505213034913025000E-015, 0.0000000000000000000, -1.000000000000000000 ) ) ;
#2383 = CARTESIAN_POINT ( 'NONE',  ( 0.5000000000000010000, 0.3400000000000000200, 0.05999999999999984500 ) ) ;
#2384 =( LENGTH_UNIT ( ) NAMED_UNIT ( * ) SI_UNIT ( .MILLI., .METRE. ) );
#2385 = CARTESIAN_POINT ( 'NONE',  ( -0.8000000000000000400, 0.3500000000000000300, 0.8500000000000000900 ) ) ;
#2386 = DIRECTION ( 'NONE',  ( 1.000000000000000000, 4.455509572836170100E-032, 7.283670194757699300E-015 ) ) ;
#2387 = DIRECTION ( 'NONE',  ( 0.0000000000000000000, 0.0000000000000000000, -1.000000000000000000 ) ) ;
#2388 =( LENGTH_UNIT ( ) NAMED_UNIT ( * ) SI_UNIT ( .MILLI., .METRE. ) );
#2389 = DIRECTION ( 'NONE',  ( 7.283670194757697700E-015, 0.0000000000000000000, -1.000000000000000000 ) ) ;
#2390 = CARTESIAN_POINT ( 'NONE',  ( 7.412363147181159200E-015, -0.3400000000000000200, 0.05999999999999620900 ) ) ;
#2391 =( NAMED_UNIT ( * ) SI_UNIT ( $, .STERADIAN. ) SOLID_ANGLE_UNIT ( ) );
#2392 =( LENGTH_UNIT ( ) NAMED_UNIT ( * ) SI_UNIT ( .MILLI., .METRE. ) );
#2393 = CARTESIAN_POINT ( 'NONE',  ( -0.7500000000000000000, 0.4000000000000000800, 0.8500000000000000900 ) ) ;
#2394 = CARTESIAN_POINT ( 'NONE',  ( -0.6500000000000001300, 0.3500000000000000300, 0.05000000000000000300 ) ) ;
#2395 = PRESENTATION_STYLE_ASSIGNMENT (( #2358 ) ) ;
#2396 = PRESENTATION_STYLE_ASSIGNMENT (( #2319 ) ) ;
#2397 = DIRECTION ( 'NONE',  ( 7.283670194757697700E-015, 0.0000000000000000000, -1.000000000000000000 ) ) ;
#2398 = DIRECTION ( 'NONE',  ( 0.0000000000000000000, -1.000000000000000000, 0.0000000000000000000 ) ) ;
#2399 = SURFACE_STYLE_USAGE ( .BOTH. , #2401 ) ;
#2400 = FILL_AREA_STYLE_COLOUR ( '', #2687 ) ;
#2401 = SURFACE_SIDE_STYLE ('',( #2361 ) ) ;
#2402 = FILL_AREA_STYLE ('',( #2400 ) ) ;
#2403 = DIRECTION ( 'NONE',  ( 1.541976423090500100E-016, 0.0000000000000000000, 1.000000000000000000 ) ) ;
#2404 = DIRECTION ( 'NONE',  ( 1.000000000000000000, 2.211785218056650000E-030, -1.224646799147350000E-016 ) ) ;
#2405 = PRESENTATION_STYLE_ASSIGNMENT (( #2399 ) ) ;
#2406 = DIRECTION ( 'NONE',  ( -1.000000000000000000, 0.0000000000000000000, -7.283670194757699300E-015 ) ) ;
#2407 = SURFACE_SIDE_STYLE ('',( #2456 ) ) ;
#2408 = FILL_AREA_STYLE_COLOUR ( '', #2696 ) ;
#2409 = CARTESIAN_POINT ( 'NONE',  ( 0.7500000000000000000, 0.4000000000000001900, 0.02071067811865464800 ) ) ;
#2410 =( NAMED_UNIT ( * ) SI_UNIT ( $, .STERADIAN. ) SOLID_ANGLE_UNIT ( ) );
#2411 = DIRECTION ( 'NONE',  ( 1.000000000000000000, 4.455509572836170100E-032, 7.283670194757699300E-015 ) ) ;
#2412 =( NAMED_UNIT ( * ) PLANE_ANGLE_UNIT ( ) SI_UNIT ( $, .RADIAN. ) );
#2413 = SURFACE_STYLE_USAGE ( .BOTH. , #2414 ) ;
#2414 = SURFACE_SIDE_STYLE ('',( #2443 ) ) ;
#2415 = FILL_AREA_STYLE ('',( #2419 ) ) ;
#2416 = FILL_AREA_STYLE_COLOUR ( '', #2695 ) ;
#2417 = CARTESIAN_POINT ( 'NONE',  ( 0.7500000000000000000, -0.3792893218813454000, -1.084202172485504400E-016 ) ) ;
#2418 = CARTESIAN_POINT ( 'NONE',  ( 0.7500000000000000000, -0.4000000000000001300, 0.05000000000000005100 ) ) ;
#2419 = FILL_AREA_STYLE_COLOUR ( '', #2693 ) ;
#2420 = CARTESIAN_POINT ( 'NONE',  ( 0.5000000000000000000, -0.3728199411290145600, 0.8896639445358554000 ) ) ;
#2421 = FILL_AREA_STYLE_COLOUR ( '', #2681 ) ;
#2422 =( NAMED_UNIT ( * ) SI_UNIT ( $, .STERADIAN. ) SOLID_ANGLE_UNIT ( ) );
#2423 = PLANE ( 'NONE',  #1037 ) ;
#2424 =( NAMED_UNIT ( * ) PLANE_ANGLE_UNIT ( ) SI_UNIT ( $, .RADIAN. ) );
#2425 = CARTESIAN_POINT ( 'NONE',  ( 0.8000000000000001600, 0.3499999999999999800, 0.02071067811865472100 ) ) ;
#2426 = PRESENTATION_STYLE_ASSIGNMENT (( #2413 ) ) ;
#2427 = SURFACE_SIDE_STYLE ('',( #2367 ) ) ;
#2428 =( NAMED_UNIT ( * ) PLANE_ANGLE_UNIT ( ) SI_UNIT ( $, .RADIAN. ) );
#2429 = CARTESIAN_POINT ( 'NONE',  ( 0.7500000000000000000, -0.4000000000000001900, 0.02071067811865473900 ) ) ;
#2430 = CARTESIAN_POINT ( 'NONE',  ( 0.8000000000000001600, 0.3792893218813454000, 0.05000000000000002400 ) ) ;
#2431 =( NAMED_UNIT ( * ) SI_UNIT ( $, .STERADIAN. ) SOLID_ANGLE_UNIT ( ) );
#2432 = CARTESIAN_POINT ( 'NONE',  ( -0.8000000000000000400, 0.3792893218813451800, 0.8671572875253810200 ) ) ;
#2433 =( NAMED_UNIT ( * ) PLANE_ANGLE_UNIT ( ) SI_UNIT ( $, .RADIAN. ) );
#2434 = DIRECTION ( 'NONE',  ( -1.000000000000000000, 0.0000000000000000000, 1.541976423090500100E-016 ) ) ;
#2435 =( NAMED_UNIT ( * ) SI_UNIT ( $, .STERADIAN. ) SOLID_ANGLE_UNIT ( ) );
#2436 = SURFACE_STYLE_FILL_AREA ( #2445 ) ;
#2437 = CARTESIAN_POINT ( 'NONE',  ( -0.7792893218813453600, 0.4000000000000000200, 0.8792893218813454500 ) ) ;
#2438 = SURFACE_STYLE_FILL_AREA ( #2479 ) ;
#2439 = CARTESIAN_POINT ( 'NONE',  ( 0.7792893218813452500, 0.3792893218813452300, -1.273545034187582300E-016 ) ) ;
#2440 = CARTESIAN_POINT ( 'NONE',  ( -0.6500000000000001300, 0.3500000000000000300, 0.8500000000000000900 ) ) ;
#2441 = CARTESIAN_POINT ( 'NONE',  ( 0.7500000000000000000, 0.3792893218813451800, -1.291479571333174900E-016 ) ) ;
#2442 = CARTESIAN_POINT ( 'NONE',  ( 0.7792893218813452500, 0.4000000000000000800, 0.02071067811865464800 ) ) ;
#2443 = SURFACE_STYLE_FILL_AREA ( #2308 ) ;
#2444 =( LENGTH_UNIT ( ) NAMED_UNIT ( * ) SI_UNIT ( .MILLI., .METRE. ) );
#2445 = FILL_AREA_STYLE ('',( #2421 ) ) ;
#2446 = SURFACE_STYLE_USAGE ( .BOTH. , #2454 ) ;
#2447 = DIRECTION ( 'NONE',  ( 0.0000000000000000000, -1.000000000000000000, 0.0000000000000000000 ) ) ;
#2448 = PRESENTATION_STYLE_ASSIGNMENT (( #2449 ) ) ;
#2449 = SURFACE_STYLE_USAGE ( .BOTH. , #2332 ) ;
#2450 = CARTESIAN_POINT ( 'NONE',  ( -0.8000000000000000400, -0.4000000000000000200, 0.4500000000000000100 ) ) ;
#2451 = DIRECTION ( 'NONE',  ( 7.283670194757699300E-015, 0.0000000000000000000, -1.000000000000000000 ) ) ;
#2452 = SURFACE_SIDE_STYLE ('',( #2438 ) ) ;
#2453 =( NAMED_UNIT ( * ) SI_UNIT ( $, .STERADIAN. ) SOLID_ANGLE_UNIT ( ) );
#2454 = SURFACE_SIDE_STYLE ('',( #2364 ) ) ;
#2455 =( LENGTH_UNIT ( ) NAMED_UNIT ( * ) SI_UNIT ( .MILLI., .METRE. ) );
#2456 = SURFACE_STYLE_FILL_AREA ( #2464 ) ;
#2457 = DIRECTION ( 'NONE',  ( 0.0000000000000000000, 0.0000000000000000000, -1.000000000000000000 ) ) ;
#2458 = FILL_AREA_STYLE_COLOUR ( '', #2694 ) ;
#2459 = CARTESIAN_POINT ( 'NONE',  ( -0.7792893218813451400, 0.4000000000000000800, 0.8500000000000000900 ) ) ;
#2460 = DIRECTION ( 'NONE',  ( 1.000000000000000000, 0.0000000000000000000, 0.0000000000000000000 ) ) ;
#2461 = PRESENTATION_STYLE_ASSIGNMENT (( #2488 ) ) ;
#2462 = CARTESIAN_POINT ( 'NONE',  ( 0.8000000000000000400, 0.3792893218813454000, 0.03284271247461894400 ) ) ;
#2463 = PRESENTATION_STYLE_ASSIGNMENT (( #2347 ) ) ;
#2464 = FILL_AREA_STYLE ('',( #2318 ) ) ;
#2465 = CARTESIAN_POINT ( 'NONE',  ( 0.8000000000000001600, -0.3500000000000001400, 0.04999999999999991300 ) ) ;
#2466 = CARTESIAN_POINT ( 'NONE',  ( -0.8000000000000000400, 0.3671572875253809600, 0.8792893218813454500 ) ) ;
#2467 = SURFACE_SIDE_STYLE ('',( #2317 ) ) ;
#2468 = CARTESIAN_POINT ( 'NONE',  ( 0.7792893218813450300, -0.3792893218813453400, -1.084202172485504400E-016 ) ) ;
#2469 = CARTESIAN_POINT ( 'NONE',  ( 0.8000000000000000400, -0.3500000000000000900, 0.05000000000000000300 ) ) ;
#2470 = CARTESIAN_POINT ( 'NONE',  ( 0.7792893218813450300, -0.4000000000000001900, 0.02071067811865474200 ) ) ;
#2471 = CARTESIAN_POINT ( 'NONE',  ( 0.8000000000000000400, -0.3792893218813453400, 0.03284271247461900000 ) ) ;
#2472 =( NAMED_UNIT ( * ) SI_UNIT ( $, .STERADIAN. ) SOLID_ANGLE_UNIT ( ) );
#2473 =( NAMED_UNIT ( * ) SI_UNIT ( $, .STERADIAN. ) SOLID_ANGLE_UNIT ( ) );
#2474 =( NAMED_UNIT ( * ) PLANE_ANGLE_UNIT ( ) SI_UNIT ( $, .RADIAN. ) );
#2475 = CARTESIAN_POINT ( 'NONE',  ( 0.8000000000000000400, 0.3500000000000001400, 0.05000000000000002400 ) ) ;
#2476 = SURFACE_STYLE_USAGE ( .BOTH. , #2427 ) ;
#2477 = PRESENTATION_STYLE_ASSIGNMENT (( #2310 ) ) ;
#2478 = CARTESIAN_POINT ( 'NONE',  ( 0.8000000000000000400, 0.3671572875253810700, 0.02071067811865465200 ) ) ;
#2479 = FILL_AREA_STYLE ('',( #2342 ) ) ;
#2480 = CARTESIAN_POINT ( 'NONE',  ( -0.7792893218813453600, 0.3792893218813451200, 0.9000000000000002400 ) ) ;
#2481 = PLANE ( 'NONE',  #1032 ) ;
#2482 = CARTESIAN_POINT ( 'NONE',  ( 5.342948306008569800E-015, -0.3900000000000000100, 0.009999999999996190800 ) ) ;
#2483 = SURFACE_SIDE_STYLE ('',( #2378 ) ) ;
#2484 =( NAMED_UNIT ( * ) PLANE_ANGLE_UNIT ( ) SI_UNIT ( $, .RADIAN. ) );
#2485 =( NAMED_UNIT ( * ) PLANE_ANGLE_UNIT ( ) SI_UNIT ( $, .RADIAN. ) );
#2486 = CARTESIAN_POINT ( 'NONE',  ( -0.5000000000000000000, -0.4000000000000000200, 0.4500000000000000100 ) ) ;
#2487 = CARTESIAN_POINT ( 'NONE',  ( 0.7792893218813451400, 0.3499999999999999200, -3.208786417561271600E-017 ) ) ;
#2488 = SURFACE_STYLE_USAGE ( .BOTH. , #2467 ) ;
#2489 = COLOUR_RGB ( '',0.8039215686274510100, 0.8039215686274510100, 0.8039215686274510100 ) ;
#2490 = COLOUR_RGB ( '',0.1921568627450980200, 0.1921568627450980200, 0.1921568627450980200 ) ;
#2491 = CIRCLE ( 'NONE', #2888, 0.05000000000000002400 ) ;
#2492 = COLOUR_RGB ( '',0.8039215686274510100, 0.8039215686274510100, 0.8039215686274510100 ) ;
#2493 = COLOUR_RGB ( '',0.8039215686274510100, 0.8039215686274510100, 0.8039215686274510100 ) ;
#2494 = COLOUR_RGB ( '',0.8039215686274510100, 0.8039215686274510100, 0.8039215686274510100 ) ;
#2495 = COLOUR_RGB ( '',0.8039215686274510100, 0.8039215686274510100, 0.8039215686274510100 ) ;
#2496 = COLOUR_RGB ( '',0.8039215686274510100, 0.8039215686274510100, 0.8039215686274510100 ) ;
#2497 = CIRCLE ( 'NONE', #2870, 0.05000000000000002400 ) ;
#2498 = COLOUR_RGB ( '',0.8039215686274510100, 0.8039215686274510100, 0.8039215686274510100 ) ;
#2499 = COLOUR_RGB ( '',0.1921568627450980200, 0.1921568627450980200, 0.1921568627450980200 ) ;
#2500 = COLOUR_RGB ( '',0.8039215686274510100, 0.8039215686274510100, 0.8039215686274510100 ) ;
#2501 = EDGE_CURVE ( 'NONE', #1504, #1451, #793, .T. ) ;
#2502 = ADVANCED_FACE ( 'NONE', ( #1936 ), #1937, .T. ) ;
#2503 = ADVANCED_FACE ( 'NONE', ( #1932 ), #728, .T. ) ;
#2504 = EDGE_CURVE ( 'NONE', #1408, #1477, #2618, .T. ) ;
#2505 = EDGE_CURVE ( 'NONE', #1413, #1467, #790, .T. ) ;
#2506 = EDGE_CURVE ( 'NONE', #1498, #1382, #2180, .T. ) ;
#2507 = EDGE_CURVE ( 'NONE', #1377, #1427, #2807, .T. ) ;
#2508 = ADVANCED_FACE ( 'NONE', ( #2009 ), #2011, .T. ) ;
#2509 = EDGE_CURVE ( 'NONE', #1456, #1481, #2668, .T. ) ;
#2510 = EDGE_CURVE ( 'NONE', #1461, #1420, #2147, .T. ) ;
#2511 = EDGE_CURVE ( 'NONE', #1445, #1419, #2137, .T. ) ;
#2512 = ADVANCED_FACE ( 'NONE', ( #2000 ), #1998, .T. ) ;
#2513 = EDGE_CURVE ( 'NONE', #1414, #1473, #2628, .T. ) ;
#2514 = ADVANCED_FACE ( 'NONE', ( #1989 ), #1999, .T. ) ;
#2515 = EDGE_CURVE ( 'NONE', #1418, #1488, #2699, .T. ) ;
#2516 = EDGE_CURVE ( 'NONE', #1398, #1446, #2639, .T. ) ;
#2517 = EDGE_CURVE ( 'NONE', #1484, #1405, #2065, .T. ) ;
#2518 = ADVANCED_FACE ( 'NONE', ( #1983 ), #1206, .T. ) ;
#2519 = EDGE_CURVE ( 'NONE', #1456, #1378, #2230, .T. ) ;
#2520 = ADVANCED_FACE ( 'NONE', ( #1976 ), #1975, .T. ) ;
#2521 = ADVANCED_FACE ( 'NONE', ( #1990 ), #1967, .T. ) ;
#2522 = EDGE_CURVE ( 'NONE', #1385, #1399, #2220, .T. ) ;
#2523 = ADVANCED_FACE ( 'NONE', ( #1969 ), #1203, .T. ) ;
#2524 = EDGE_CURVE ( 'NONE', #1489, #1478, #1327, .T. ) ;
#2525 = ADVANCED_FACE ( 'NONE', ( #1957 ), #1958, .T. ) ;
#2526 = EDGE_CURVE ( 'NONE', #1506, #1511, #2650, .T. ) ;
#2527 = EDGE_CURVE ( 'NONE', #1413, #1379, #2189, .T. ) ;
#2528 = EDGE_CURVE ( 'NONE', #1476, #1385, #2191, .T. ) ;
#2529 = EDGE_CURVE ( 'NONE', #1511, #1413, #2649, .T. ) ;
#2530 = EDGE_CURVE ( 'NONE', #1444, #1507, #2202, .T. ) ;
#2531 = EDGE_CURVE ( 'NONE', #1434, #1408, #2631, .T. ) ;
#2532 = ADVANCED_FACE ( 'NONE', ( #1952 ), #2209, .T. ) ;
#2533 = EDGE_CURVE ( 'NONE', #1504, #1484, #2227, .T. ) ;
#2534 = EDGE_CURVE ( 'NONE', #1512, #1413, #2712, .T. ) ;
#2535 = EDGE_CURVE ( 'NONE', #1508, #1425, #2711, .T. ) ;
#2536 = EDGE_CURVE ( 'NONE', #1507, #1472, #2164, .T. ) ;
#2537 = EDGE_CURVE ( 'NONE', #1506, #1512, #1329, .T. ) ;
#2538 = EDGE_CURVE ( 'NONE', #1441, #1424, #2651, .T. ) ;
#2539 = EDGE_CURVE ( 'NONE', #1467, #1504, #2659, .T. ) ;
#2540 = EDGE_CURVE ( 'NONE', #1485, #1424, #1803, .T. ) ;
#2541 = ADVANCED_FACE ( 'NONE', ( #2015 ), #2019, .T. ) ;
#2542 = EDGE_CURVE ( 'NONE', #1403, #1411, #2698, .T. ) ;
#2543 = EDGE_CURVE ( 'NONE', #1388, #1504, #2700, .T. ) ;
#2544 = EDGE_CURVE ( 'NONE', #1403, #1489, #1869, .T. ) ;
#2545 = EDGE_CURVE ( 'NONE', #1479, #1382, #2663, .T. ) ;
#2546 = EDGE_CURVE ( 'NONE', #1457, #1467, #2645, .T. ) ;
#2547 = ADVANCED_FACE ( 'NONE', ( #2029 ), #1220, .T. ) ;
#2548 = ADVANCED_FACE ( 'NONE', ( #2034 ), #2036, .T. ) ;
#2549 = ADVANCED_FACE ( 'NONE', ( #2031 ), #1209, .T. ) ;
#2550 = EDGE_CURVE ( 'NONE', #1462, #1485, #2665, .T. ) ;
#2551 = ADVANCED_FACE ( 'NONE', ( #1002 ), #1219, .T. ) ;
#2552 = ADVANCED_FACE ( 'NONE', ( #1007 ), #1009, .T. ) ;
#2553 = EDGE_CURVE ( 'NONE', #1465, #1489, #2709, .T. ) ;
#2554 = ADVANCED_FACE ( 'NONE', ( #1013 ), #1016, .T. ) ;
#2555 = COLOUR_RGB ( '',0.7921568627450980000, 0.8196078431372548800, 0.9333333333333333500 ) ;
#2556 = ADVANCED_FACE ( 'NONE', ( #1015 ), #1021, .T. ) ;
#2557 = EDGE_CURVE ( 'NONE', #1446, #1449, #1337, .T. ) ;
#2558 = ADVANCED_FACE ( 'NONE', ( #1026 ), #1224, .T. ) ;
#2559 = ADVANCED_FACE ( 'NONE', ( #1030 ), #2481, .T. ) ;
#2560 = ADVANCED_FACE ( 'NONE', ( #1025 ), #2423, .T. ) ;
#2561 = ADVANCED_FACE ( 'NONE', ( #1036, #1031 ), #2375, .T. ) ;
#2562 = ADVANCED_FACE ( 'NONE', ( #1042 ), #1048, .T. ) ;
#2563 = ADVANCED_FACE ( 'NONE', ( #1047 ), #1054, .T. ) ;
#2564 = EDGE_CURVE ( 'NONE', #1476, #1507, #2690, .T. ) ;
#2565 = EDGE_CURVE ( 'NONE', #1512, #1457, #2373, .T. ) ;
#2566 = ADVANCED_FACE ( 'NONE', ( #1058 ), #1204, .T. ) ;
#2567 = ADVANCED_FACE ( 'NONE', ( #1064 ), #1066, .T. ) ;
#2568 = ADVANCED_FACE ( 'NONE', ( #1060 ), #1072, .T. ) ;
#2569 = ADVANCED_FACE ( 'NONE', ( #1070 ), #1218, .T. ) ;
#2570 = ADVANCED_FACE ( 'NONE', ( #1059 ), #1082, .T. ) ;
#2571 = ADVANCED_FACE ( 'NONE', ( #1076 ), #1088, .T. ) ;
#2572 = EDGE_CURVE ( 'NONE', #1457, #1388, #1305, .T. ) ;
#2573 = EDGE_CURVE ( 'NONE', #1439, #1417, #2630, .T. ) ;
#2574 = EDGE_CURVE ( 'NONE', #1449, #1502, #2697, .T. ) ;
#2575 = EDGE_CURVE ( 'NONE', #1429, #1479, #897, .T. ) ;
#2576 = ADVANCED_FACE ( 'NONE', ( #1092 ), #865, .T. ) ;
#2577 = ADVANCED_FACE ( 'NONE', ( #1095 ), #846, .T. ) ;
#2578 = EDGE_CURVE ( 'NONE', #1394, #1477, #889, .T. ) ;
#2579 = EDGE_CURVE ( 'NONE', #1462, #1441, #942, .T. ) ;
#2580 = EDGE_CURVE ( 'NONE', #1378, #1498, #817, .T. ) ;
#2581 = EDGE_CURVE ( 'NONE', #1467, #1416, #955, .T. ) ;
#2582 = EDGE_CURVE ( 'NONE', #1479, #1461, #898, .T. ) ;
#2583 = ADVANCED_FACE ( 'NONE', ( #1100 ), #899, .F. ) ;
#2584 = ADVANCED_FACE ( 'NONE', ( #1110 ), #903, .T. ) ;
#2585 = EDGE_CURVE ( 'NONE', #1478, #1475, #951, .T. ) ;
#2586 = ADVANCED_FACE ( 'NONE', ( #1116 ), #1123, .T. ) ;
#2587 = ADVANCED_FACE ( 'NONE', ( #1115 ), #1129, .T. ) ;
#2588 = EDGE_CURVE ( 'NONE', #1388, #1393, #823, .T. ) ;
#2589 = ADVANCED_FACE ( 'NONE', ( #1127 ), #931, .T. ) ;
#2590 = EDGE_CURVE ( 'NONE', #1463, #1487, #2667, .T. ) ;
#2591 = EDGE_CURVE ( 'NONE', #1414, #1403, #1361, .T. ) ;
#2592 = EDGE_CURVE ( 'NONE', #1417, #1391, #1681, .T. ) ;
#2593 = EDGE_CURVE ( 'NONE', #1438, #1487, #2789, .T. ) ;
#2594 = EDGE_CURVE ( 'NONE', #1484, #1493, #2666, .T. ) ;
#2595 = ADVANCED_FACE ( 'NONE', ( #1126 ), #1207, .T. ) ;
#2596 = ADVANCED_FACE ( 'NONE', ( #1147 ), #1673, .F. ) ;
#2597 = ADVANCED_FACE ( 'NONE', ( #1140 ), #1217, .T. ) ;
#2598 = EDGE_CURVE ( 'NONE', #1477, #1434, #2746, .T. ) ;
#2599 = EDGE_CURVE ( 'NONE', #1427, #1408, #1566, .T. ) ;
#2600 = ADVANCED_FACE ( 'NONE', ( #1152 ), #1205, .T. ) ;
#2601 = ADVANCED_FACE ( 'NONE', ( #2829 ), #1525, .T. ) ;
#2602 = ADVANCED_FACE ( 'NONE', ( #2823 ), #2836, .T. ) ;
#2603 = EDGE_CURVE ( 'NONE', #1472, #1385, #2664, .T. ) ;
#2604 = EDGE_CURVE ( 'NONE', #1439, #1488, #1592, .T. ) ;
#2605 = ADVANCED_FACE ( 'NONE', ( #2840 ), #2835, .T. ) ;
#2606 = EDGE_CURVE ( 'NONE', #1451, #1405, #1695, .T. ) ;
#2607 = EDGE_CURVE ( 'NONE', #1494, #1514, #2672, .T. ) ;
#2608 = EDGE_CURVE ( 'NONE', #1491, #1425, #2644, .T. ) ;
#2609 = CIRCLE ( 'NONE', #2968, 0.05000000000000002400 ) ;
#2610 = COLOUR_RGB ( '',0.8039215686274510100, 0.8039215686274510100, 0.8039215686274510100 ) ;
#2611 = COLOUR_RGB ( '',0.8039215686274510100, 0.8039215686274510100, 0.8039215686274510100 ) ;
#2612 = COLOUR_RGB ( '',0.1921568627450980200, 0.1921568627450980200, 0.1921568627450980200 ) ;
#2613 = COLOUR_RGB ( '',0.8039215686274510100, 0.8039215686274510100, 0.8039215686274510100 ) ;
#2614 = EDGE_CURVE ( 'NONE', #1379, #1471, #2675, .T. ) ;
#2615 = EDGE_CURVE ( 'NONE', #1421, #1444, #1655, .T. ) ;
#2616 = EDGE_CURVE ( 'NONE', #1503, #1471, #2655, .T. ) ;
#2617 = EDGE_CURVE ( 'NONE', #1379, #1416, #1723, .T. ) ;
#2618 = CIRCLE ( 'NONE', #1928, 0.05000000000000002400 ) ;
#2619 = EDGE_CURVE ( 'NONE', #1502, #1514, #1532, .T. ) ;
#2620 = EDGE_CURVE ( 'NONE', #1393, #1451, #2657, .T. ) ;
#2621 = EDGE_CURVE ( 'NONE', #1481, #1399, #1710, .T. ) ;
#2622 = COLOUR_RGB ( '',0.8039215686274510100, 0.8039215686274510100, 0.8039215686274510100 ) ;
#2623 = COLOUR_RGB ( '',0.8039215686274510100, 0.8039215686274510100, 0.8039215686274510100 ) ;
#2624 = COLOUR_RGB ( '',0.8039215686274510100, 0.8039215686274510100, 0.8039215686274510100 ) ;
#2625 = COLOUR_RGB ( '',0.8039215686274510100, 0.8039215686274510100, 0.8039215686274510100 ) ;
#2626 = COLOUR_RGB ( '',0.8039215686274510100, 0.8039215686274510100, 0.8039215686274510100 ) ;
#2627 = COLOUR_RGB ( '',0.8039215686274510100, 0.8039215686274510100, 0.8039215686274510100 ) ;
#2628 = CIRCLE ( 'NONE', #1991, 0.01000000000000002600 ) ;
#2629 = EDGE_CURVE ( 'NONE', #1444, #1429, #2673, .T. ) ;
#2630 = CIRCLE ( 'NONE', #1086, 0.05000000000000002400 ) ;
#2631 = CIRCLE ( 'NONE', #1947, 0.05000000000000002400 ) ;
#2632 = COLOUR_RGB ( '',0.8039215686274510100, 0.8039215686274510100, 0.8039215686274510100 ) ;
#2633 = COLOUR_RGB ( '',0.8039215686274510100, 0.8039215686274510100, 0.8039215686274510100 ) ;
#2634 = COLOUR_RGB ( '',0.8039215686274510100, 0.8039215686274510100, 0.8039215686274510100 ) ;
#2635 = COLOUR_RGB ( '',0.8039215686274510100, 0.8039215686274510100, 0.8039215686274510100 ) ;
#2636 = CIRCLE ( 'NONE', #2889, 0.01000000000000000000 ) ;
#2637 = CIRCLE ( 'NONE', #2887, 0.05000000000000000300 ) ;
#2638 = CIRCLE ( 'NONE', #2966, 0.05000000000000002400 ) ;
#2639 = CIRCLE ( 'NONE', #1982, 0.01000000000000002600 ) ;
#2640 = ADVANCED_FACE ( 'NONE', ( #2853 ), #1644, .F. ) ;
#2641 = EDGE_CURVE ( 'NONE', #1418, #1446, #1545, .T. ) ;
#2642 = COLOUR_RGB ( '',0.8039215686274510100, 0.8039215686274510100, 0.8039215686274510100 ) ;
#2643 = COLOUR_RGB ( '',0.8039215686274510100, 0.8039215686274510100, 0.8039215686274510100 ) ;
#2644 = CIRCLE ( 'NONE', #2848, 0.01000000000000002600 ) ;
#2645 = CIRCLE ( 'NONE', #2026, 0.01000000000000002600 ) ;
#2646 = COLOUR_RGB ( '',0.8039215686274510100, 0.8039215686274510100, 0.8039215686274510100 ) ;
#2647 = COLOUR_RGB ( '',0.8039215686274510100, 0.8039215686274510100, 0.8039215686274510100 ) ;
#2648 = COLOUR_RGB ( '',0.1921568627450980200, 0.1921568627450980200, 0.1921568627450980200 ) ;
#2649 = CIRCLE ( 'NONE', #1949, 0.05000000000000002400 ) ;
#2650 = CIRCLE ( 'NONE', #1954, 0.01000000000000002600 ) ;
#2651 = CIRCLE ( 'NONE', #1944, 0.07825944375606130900 ) ;
#2652 = COLOUR_RGB ( '',0.8039215686274510100, 0.8039215686274510100, 0.8039215686274510100 ) ;
#2653 = COLOUR_RGB ( '',0.8039215686274510100, 0.8039215686274510100, 0.8039215686274510100 ) ;
#2654 = COLOUR_RGB ( '',0.8039215686274510100, 0.8039215686274510100, 0.8039215686274510100 ) ;
#2655 = CIRCLE ( 'NONE', #2850, 0.05000000000000002400 ) ;
#2656 = COLOUR_RGB ( '',0.8039215686274510100, 0.8039215686274510100, 0.8039215686274510100 ) ;
#2657 = CIRCLE ( 'NONE', #2855, 0.01000000000000000000 ) ;
#2658 = COLOUR_RGB ( '',0.1882352941176470600, 0.1882352941176470600, 0.1882352941176470600 ) ;
#2659 = CIRCLE ( 'NONE', #2018, 0.05000000000000002400 ) ;
#2660 = ADVANCED_FACE ( 'NONE', ( #2860 ), #2867, .T. ) ;
#2661 = CIRCLE ( 'NONE', #2281, 0.05000000000000002400 ) ;
#2662 = ADVANCED_FACE ( 'NONE', ( #2857 ), #2873, .T. ) ;
#2663 = CIRCLE ( 'NONE', #2027, 0.05000000000000002400 ) ;
#2664 = CIRCLE ( 'NONE', #2830, 0.05000000000000001000 ) ;
#2665 = CIRCLE ( 'NONE', #998, 0.07825944375606130900 ) ;
#2666 = CIRCLE ( 'NONE', #1142, 0.05000000000000001700 ) ;
#2667 = CIRCLE ( 'NONE', #1133, 0.01000000000000000000 ) ;
#2668 = CIRCLE ( 'NONE', #2001, 0.05000000000000001000 ) ;
#2669 = ADVANCED_FACE ( 'NONE', ( #2871 ), #634, .T. ) ;
#2670 = COLOUR_RGB ( '',0.1921568627450980200, 0.1921568627450980200, 0.1921568627450980200 ) ;
#2671 = COLOUR_RGB ( '',0.1921568627450980200, 0.1921568627450980200, 0.1921568627450980200 ) ;
#2672 = CIRCLE ( 'NONE', #2846, 0.05000000000000002400 ) ;
#2673 = CIRCLE ( 'NONE', #2858, 0.05000000000000002400 ) ;
#2674 = COLOUR_RGB ( '',0.8039215686274510100, 0.8039215686274510100, 0.8039215686274510100 ) ;
#2675 = CIRCLE ( 'NONE', #2849, 0.05000000000000002400 ) ;
#2676 = ADVANCED_FACE ( 'NONE', ( #2877 ), #651, .T. ) ;
#2677 = EDGE_CURVE ( 'NONE', #1405, #1417, #2497, .T. ) ;
#2678 = COLOUR_RGB ( '',0.8039215686274510100, 0.8039215686274510100, 0.8039215686274510100 ) ;
#2679 = COLOUR_RGB ( '',0.8039215686274510100, 0.8039215686274510100, 0.8039215686274510100 ) ;
#2680 = COLOUR_RGB ( '',0.8039215686274510100, 0.8039215686274510100, 0.8039215686274510100 ) ;
#2681 = COLOUR_RGB ( '',0.8039215686274510100, 0.8039215686274510100, 0.8039215686274510100 ) ;
#2682 = COLOUR_RGB ( '',0.8039215686274510100, 0.8039215686274510100, 0.8039215686274510100 ) ;
#2683 = COLOUR_RGB ( '',0.8039215686274510100, 0.8039215686274510100, 0.8039215686274510100 ) ;
#2684 = COLOUR_RGB ( '',0.8039215686274510100, 0.8039215686274510100, 0.8039215686274510100 ) ;
#2685 = COLOUR_RGB ( '',0.8039215686274510100, 0.8039215686274510100, 0.8039215686274510100 ) ;
#2686 = COLOUR_RGB ( '',0.8039215686274510100, 0.8039215686274510100, 0.8039215686274510100 ) ;
#2687 = COLOUR_RGB ( '',0.8039215686274510100, 0.8039215686274510100, 0.8039215686274510100 ) ;
#2688 = COLOUR_RGB ( '',0.8039215686274510100, 0.8039215686274510100, 0.8039215686274510100 ) ;
#2689 = COLOUR_RGB ( '',0.8039215686274510100, 0.8039215686274510100, 0.8039215686274510100 ) ;
#2690 = CIRCLE ( 'NONE', #1043, 0.05000000000000001000 ) ;
#2691 = COLOUR_RGB ( '',0.1921568627450980200, 0.1921568627450980200, 0.1921568627450980200 ) ;
#2692 = COLOUR_RGB ( '',0.1921568627450980200, 0.1921568627450980200, 0.1921568627450980200 ) ;
#2693 = COLOUR_RGB ( '',0.8039215686274510100, 0.8039215686274510100, 0.8039215686274510100 ) ;
#2694 = COLOUR_RGB ( '',0.8039215686274510100, 0.8039215686274510100, 0.8039215686274510100 ) ;
#2695 = COLOUR_RGB ( '',0.1921568627450980200, 0.1921568627450980200, 0.1921568627450980200 ) ;
#2696 = COLOUR_RGB ( '',0.8039215686274510100, 0.8039215686274510100, 0.8039215686274510100 ) ;
#2697 = CIRCLE ( 'NONE', #1077, 0.01000000000000002600 ) ;
#2698 = CIRCLE ( 'NONE', #2025, 0.01000000000000002600 ) ;
#2699 = CIRCLE ( 'NONE', #1984, 0.01000000000000002600 ) ;
#2700 = CIRCLE ( 'NONE', #2028, 0.01000000000000000000 ) ;
#2701 = COLOUR_RGB ( '',0.8039215686274510100, 0.8039215686274510100, 0.8039215686274510100 ) ;
#2702 = EDGE_CURVE ( 'NONE', #1494, #1439, #589, .T. ) ;
#2703 = EDGE_CURVE ( 'NONE', #1391, #1494, #2491, .T. ) ;
#2704 = EDGE_CURVE ( 'NONE', #1405, #1439, #2637, .T. ) ;
#2705 = EDGE_CURVE ( 'NONE', #1475, #1463, #1367, .T. ) ;
#2706 = EDGE_CURVE ( 'NONE', #1472, #1421, #685, .T. ) ;
#2707 = EDGE_CURVE ( 'NONE', #1436, #1508, #2636, .T. ) ;
#2708 = COLOUR_RGB ( '',0.8039215686274510100, 0.8039215686274510100, 0.8039215686274510100 ) ;
#2709 = CIRCLE ( 'NONE', #1004, 0.01000000000000002600 ) ;
#2710 = COLOUR_RGB ( '',0.8039215686274510100, 0.8039215686274510100, 0.8039215686274510100 ) ;
#2711 = CIRCLE ( 'NONE', #1953, 0.05000000000000002400 ) ;
#2712 = CIRCLE ( 'NONE', #1941, 0.01000000000000002600 ) ;
#2713 = COLOUR_RGB ( '',0.1921568627450980200, 0.1921568627450980200, 0.1921568627450980200 ) ;
#2714 = ADVANCED_FACE ( 'NONE', ( #2878 ), #2895, .T. ) ;
#2715 = COLOUR_RGB ( '',0.8039215686274510100, 0.8039215686274510100, 0.8039215686274510100 ) ;
#2716 = PRODUCT_RELATED_PRODUCT_CATEGORY ( 'part', '', ( #2242 ) ) ;
#2717 = CIRCLE ( 'NONE', #2253, 0.05000000000000002400 ) ;
#2718 = CIRCLE ( 'NONE', #2273, 0.05000000000000002400 ) ;
#2719 = CIRCLE ( 'NONE', #2277, 0.05000000000000002400 ) ;
#2720 = CIRCLE ( 'NONE', #2276, 0.05000000000000001000 ) ;
#2721 = CIRCLE ( 'NONE', #2256, 0.05000000000000002400 ) ;
#2722 = CIRCLE ( 'NONE', #2973, 0.01000000000000002600 ) ;
#2723 = CIRCLE ( 'NONE', #2271, 0.05000000000000001000 ) ;
#2724 = CIRCLE ( 'NONE', #2266, 0.05000000000000002400 ) ;
#2725 = CIRCLE ( 'NONE', #2264, 0.07825944375606130900 ) ;
#2726 = CIRCLE ( 'NONE', #2270, 0.05000000000000002400 ) ;
#2727 = CIRCLE ( 'NONE', #2261, 0.05000000000000001000 ) ;
#2728 = CIRCLE ( 'NONE', #2975, 0.05000000000000002400 ) ;
#2729 = CIRCLE ( 'NONE', #2964, 0.05000000000000002400 ) ;
#2730 = PRODUCT_DEFINITION ( 'UNKNOWN', '', #2303, #1228 ) ;
#2731 = EDGE_CURVE ( 'NONE', #1487, #1508, #620, .T. ) ;
#2732 = COLOUR_RGB ( '',0.8039215686274510100, 0.8039215686274510100, 0.8039215686274510100 ) ;
#2733 = ADVANCED_FACE ( 'NONE', ( #2894, #2902 ), #517, .T. ) ;
#2734 = ADVANCED_FACE ( 'NONE', ( #2899 ), #1216, .T. ) ;
#2735 = ADVANCED_FACE ( 'NONE', ( #2903 ), #2912, .T. ) ;
#2736 = ADVANCED_FACE ( 'NONE', ( #2907 ), #662, .T. ) ;
#2737 = ADVANCED_FACE ( 'NONE', ( #2916 ), #1213, .T. ) ;
#2738 = ADVANCED_FACE ( 'NONE', ( #2917 ), #1208, .T. ) ;
#2739 = ADVANCED_FACE ( 'NONE', ( #2898 ), #1211, .T. ) ;
#2740 = ADVANCED_FACE ( 'NONE', ( #2926 ), #2935, .T. ) ;
#2741 = ADVANCED_FACE ( 'NONE', ( #2922 ), #2941, .T. ) ;
#2742 = ADVANCED_FACE ( 'NONE', ( #2939 ), #306, .T. ) ;
#2743 = ADVANCED_FACE ( 'NONE', ( #2945 ), #2952, .T. ) ;
#2744 = ADVANCED_FACE ( 'NONE', ( #2951 ), #1215, .T. ) ;
#2745 = ADVANCED_FACE ( 'NONE', ( #2946 ), #2960, .T. ) ;
#2746 = CIRCLE ( 'NONE', #1144, 0.05000000000000002400 ) ;
#2747 = COLOUR_RGB ( '',0.8039215686274510100, 0.8039215686274510100, 0.8039215686274510100 ) ;
#2748 = EDGE_CURVE ( 'NONE', #1434, #1445, #303, .T. ) ;
#2749 = COLOUR_RGB ( '',0.8039215686274510100, 0.8039215686274510100, 0.8039215686274510100 ) ;
#2750 = EDGE_CURVE ( 'NONE', #1430, #1419, #2729, .T. ) ;
#2751 = COLOUR_RGB ( '',0.7921568627450980000, 0.8196078431372548800, 0.9333333333333333500 ) ;
#2752 = CIRCLE ( 'NONE', #2263, 0.05000000000000001700 ) ;
#2753 = EDGE_CURVE ( 'NONE', #1420, #1429, #317, .T. ) ;
#2754 = EDGE_CURVE ( 'NONE', #1377, #1453, #2638, .T. ) ;
#2755 = EDGE_CURVE ( 'NONE', #1438, #1394, #323, .T. ) ;
#2756 = EDGE_CURVE ( 'NONE', #1451, #1488, #2609, .T. ) ;
#2757 = PRODUCT_DEFINITION ( 'UNKNOWN', '', #2302, #1225 ) ;
#2758 = EDGE_CURVE ( 'NONE', #1428, #1430, #331, .T. ) ;
#2759 = EDGE_CURVE ( 'NONE', #1487, #1428, #339, .T. ) ;
#2760 = EDGE_CURVE ( 'NONE', #1477, #1400, #313, .T. ) ;
#2761 = EDGE_CURVE ( 'NONE', #1394, #1445, #2812, .T. ) ;
#2762 = EDGE_CURVE ( 'NONE', #1408, #1465, #394, .T. ) ;
#2763 = EDGE_CURVE ( 'NONE', #1449, #1506, #409, .T. ) ;
#2764 = COLOUR_RGB ( '',0.8039215686274510100, 0.8039215686274510100, 0.8039215686274510100 ) ;
#2765 = EDGE_CURVE ( 'NONE', #1427, #1453, #2728, .T. ) ;
#2766 = EDGE_CURVE ( 'NONE', #1478, #1400, #2722, .T. ) ;
#2767 = CIRCLE ( 'NONE', #2304, 0.05000000000000002400 ) ;
#2768 = CIRCLE ( 'NONE', #2268, 0.01000000000000002600 ) ;
#2769 = PRODUCT_DEFINITION ( 'UNKNOWN', '', #2306, #1226 ) ;
#2770 = CIRCLE ( 'NONE', #2259, 0.05000000000000001000 ) ;
#2771 = COLOUR_RGB ( '',0.8039215686274510100, 0.8039215686274510100, 0.8039215686274510100 ) ;
#2772 = EDGE_CURVE ( 'NONE', #1393, #1418, #1294, .T. ) ;
#2773 = EDGE_CURVE ( 'NONE', #1481, #1476, #496, .T. ) ;
#2774 = EDGE_CURVE ( 'NONE', #1514, #1503, #492, .T. ) ;
#2775 = COLOUR_RGB ( '',0.8039215686274510100, 0.8039215686274510100, 0.8039215686274510100 ) ;
#2776 = EDGE_CURVE ( 'NONE', #1514, #1391, #2717, .T. ) ;
#2777 = EDGE_CURVE ( 'NONE', #1502, #1511, #483, .T. ) ;
#2778 = EDGE_CURVE ( 'NONE', #1509, #1419, #2767, .T. ) ;
#2779 = EDGE_CURVE ( 'NONE', #1382, #1456, #446, .T. ) ;
#2780 = EDGE_CURVE ( 'NONE', #1509, #1377, #449, .T. ) ;
#2781 = EDGE_CURVE ( 'NONE', #1419, #1453, #456, .T. ) ;
#2782 = EDGE_CURVE ( 'NONE', #1430, #1509, #2770, .T. ) ;
#2783 = EDGE_CURVE ( 'NONE', #1453, #1434, #462, .T. ) ;
#2784 = EDGE_CURVE ( 'NONE', #1428, #1445, #2752, .T. ) ;
#2785 = EDGE_CURVE ( 'NONE', #1488, #1398, #396, .T. ) ;
#2786 = EDGE_CURVE ( 'NONE', #1394, #1428, #2727, .T. ) ;
#2787 = EDGE_CURVE ( 'NONE', #1471, #1493, #485, .T. ) ;
#2788 = EDGE_CURVE ( 'NONE', #1465, #1400, #2721, .T. ) ;
#2789 = CIRCLE ( 'NONE', #1139, 0.05000000000000002400 ) ;
#2790 = EDGE_CURVE ( 'NONE', #1503, #1379, #2726, .T. ) ;
#2791 = EDGE_CURVE ( 'NONE', #1416, #1484, #2723, .T. ) ;
#2792 = EDGE_CURVE ( 'NONE', #1485, #1462, #2725, .T. ) ;
#2793 = EDGE_CURVE ( 'NONE', #1463, #1436, #431, .T. ) ;
#2794 = EDGE_CURVE ( 'NONE', #1473, #1411, #2724, .T. ) ;
#2795 = EDGE_CURVE ( 'NONE', #1475, #1438, #2768, .T. ) ;
#2796 = EDGE_CURVE ( 'NONE', #1421, #1420, #2804, .T. ) ;
#2797 = EDGE_CURVE ( 'NONE', #1398, #1502, #2718, .T. ) ;
#2798 = EDGE_CURVE ( 'NONE', #1473, #1377, #1738, .T. ) ;
#2799 = EDGE_CURVE ( 'NONE', #1511, #1503, #1742, .T. ) ;
#2800 = EDGE_CURVE ( 'NONE', #1425, #1509, #1746, .T. ) ;
#2801 = EDGE_CURVE ( 'NONE', #1398, #1494, #1789, .T. ) ;
#2802 = EDGE_CURVE ( 'NONE', #1498, #1461, #2719, .T. ) ;
#2803 = CIRCLE ( 'NONE', #2275, 0.07825944375606130900 ) ;
#2804 = CIRCLE ( 'NONE', #2272, 0.05000000000000002400 ) ;
#2805 = PRODUCT_RELATED_PRODUCT_CATEGORY ( 'part', '', ( #2240 ) ) ;
#2806 = EDGE_CURVE ( 'NONE', #1399, #1378, #2720, .T. ) ;
#2807 = CIRCLE ( 'NONE', #2007, 0.05000000000000002400 ) ;
#2808 = PRODUCT_RELATED_PRODUCT_CATEGORY ( 'part', '', ( #2241 ) ) ;
#2809 = EDGE_CURVE ( 'NONE', #1493, #1417, #1775, .T. ) ;
#2810 = EDGE_CURVE ( 'NONE', #1508, #1430, #1774, .T. ) ;
#2811 = EDGE_CURVE ( 'NONE', #1424, #1441, #2803, .T. ) ;
#2812 = CIRCLE ( 'NONE', #2970, 0.05000000000000002400 ) ;
#2813 = EDGE_CURVE ( 'NONE', #1491, #1414, #1797, .T. ) ;
#2814 = EDGE_CURVE ( 'NONE', #1400, #1438, #1771, .T. ) ;
#2815 = EDGE_CURVE ( 'NONE', #1416, #1493, #2661, .T. ) ;
#2816 = EDGE_CURVE ( 'NONE', #1391, #1471, #1757, .T. ) ;
#2817 = EDGE_CURVE ( 'NONE', #1436, #1491, #1308, .T. ) ;
#2818 = EDGE_CURVE ( 'NONE', #1411, #1465, #1729, .T. ) ;
#2819 = EDGE_CURVE ( 'NONE', #1411, #1427, #1732, .T. ) ;
#2820 = EDGE_CURVE ( 'NONE', #1425, #1473, #1734, .T. ) ;
#2821 = PRESENTATION_LAYER_ASSIGNMENT (  '', '', ( #1153 ) ) ;
#2822 = MECHANICAL_DESIGN_GEOMETRIC_PRESENTATION_REPRESENTATION (  '', ( #1153 ), #1278 ) ;
#2823 = FACE_OUTER_BOUND ( 'NONE', #1490, .T. ) ;
#2824 = STYLED_ITEM ( 'NONE', ( #1634 ), #2600 ) ;
#2825 = VECTOR ( 'NONE', #1580, 1000.000000000000000 ) ;
#2826 = AXIS2_PLACEMENT_3D ( 'NONE', #1518, #1520, #1528 ) ;
#2827 = PRESENTATION_LAYER_ASSIGNMENT (  '', '', ( #2824 ) ) ;
#2828 = MECHANICAL_DESIGN_GEOMETRIC_PRESENTATION_REPRESENTATION (  '', ( #2824 ), #1277 ) ;
#2829 = FACE_OUTER_BOUND ( 'NONE', #1375, .T. ) ;
#2830 = AXIS2_PLACEMENT_3D ( 'NONE', #1585, #1608, #1587 ) ;
#2831 = AXIS2_PLACEMENT_3D ( 'NONE', #1524, #1531, #1581 ) ;
#2832 = STYLED_ITEM ( 'NONE', ( #1577 ), #2601 ) ;
#2833 = PRESENTATION_LAYER_ASSIGNMENT (  '', '', ( #2832 ) ) ;
#2834 = MECHANICAL_DESIGN_GEOMETRIC_PRESENTATION_REPRESENTATION (  '', ( #2832 ), #1276 ) ;
#2835 = CYLINDRICAL_SURFACE ( 'NONE', #2843, 0.05000000000000002400 ) ;
#2836 = CYLINDRICAL_SURFACE ( 'NONE', #2826, 0.05000000000000002400 ) ;
#2837 = STYLED_ITEM ( 'NONE', ( #1529 ), #2602 ) ;
#2838 = PRESENTATION_LAYER_ASSIGNMENT (  '', '', ( #2837 ) ) ;
#2839 = MECHANICAL_DESIGN_GEOMETRIC_PRESENTATION_REPRESENTATION (  '', ( #2837 ), #1273 ) ;
#2840 = FACE_OUTER_BOUND ( 'NONE', #1380, .T. ) ;
#2841 = STYLED_ITEM ( 'NONE', ( #1628 ), #2605 ) ;
#2842 = VECTOR ( 'NONE', #1590, 1000.000000000000000 ) ;
#2843 = AXIS2_PLACEMENT_3D ( 'NONE', #1591, #1697, #1699 ) ;
#2844 = PRESENTATION_LAYER_ASSIGNMENT (  '', '', ( #2841 ) ) ;
#2845 = MECHANICAL_DESIGN_GEOMETRIC_PRESENTATION_REPRESENTATION (  '', ( #2841 ), #1272 ) ;
#2846 = AXIS2_PLACEMENT_3D ( 'NONE', #1627, #1625, #1666 ) ;
#2847 = VECTOR ( 'NONE', #1667, 1000.000000000000000 ) ;
#2848 = AXIS2_PLACEMENT_3D ( 'NONE', #1665, #1663, #1662 ) ;
#2849 = AXIS2_PLACEMENT_3D ( 'NONE', #1660, #1659, #1658 ) ;
#2850 = AXIS2_PLACEMENT_3D ( 'NONE', #1656, #1704, #1719 ) ;
#2851 = STYLED_ITEM ( 'NONE', ( #1642 ), #2640 ) ;
#2852 = VECTOR ( 'NONE', #1718, 1000.000000000000000 ) ;
#2853 = FACE_OUTER_BOUND ( 'NONE', #1396, .T. ) ;
#2854 = VECTOR ( 'NONE', #1721, 1000.000000000000000 ) ;
#2855 = AXIS2_PLACEMENT_3D ( 'NONE', #1701, #1715, #1714 ) ;
#2856 = VECTOR ( 'NONE', #1700, 1000.000000000000000 ) ;
#2857 = FACE_OUTER_BOUND ( 'NONE', #1495, .T. ) ;
#2858 = AXIS2_PLACEMENT_3D ( 'NONE', #1712, #1706, #1653 ) ;
#2859 = VECTOR ( 'NONE', #1707, 1000.000000000000000 ) ;
#2860 = FACE_OUTER_BOUND ( 'NONE', #1454, .T. ) ;
#2861 = AXIS2_PLACEMENT_3D ( 'NONE', #1547, #1548, #1550 ) ;
#2862 = PRESENTATION_LAYER_ASSIGNMENT (  '', '', ( #2851 ) ) ;
#2863 = MECHANICAL_DESIGN_GEOMETRIC_PRESENTATION_REPRESENTATION (  '', ( #2851 ), #1271 ) ;
#2864 = AXIS2_PLACEMENT_3D ( 'NONE', #1541, #619, #617 ) ;
#2865 = STYLED_ITEM ( 'NONE', ( #1689 ), #2660 ) ;
#2866 = VECTOR ( 'NONE', #1540, 1000.000000000000000 ) ;
#2867 = CYLINDRICAL_SURFACE ( 'NONE', #2864, 0.05000000000000001700 ) ;
#2868 = PRESENTATION_LAYER_ASSIGNMENT (  '', '', ( #2865 ) ) ;
#2869 = MECHANICAL_DESIGN_GEOMETRIC_PRESENTATION_REPRESENTATION (  '', ( #2865 ), #1270 ) ;
#2870 = AXIS2_PLACEMENT_3D ( 'NONE', #583, #584, #585 ) ;
#2871 = FACE_OUTER_BOUND ( 'NONE', #1406, .T. ) ;
#2872 = AXIS2_PLACEMENT_3D ( 'NONE', #521, #623, #515 ) ;
#2873 = CYLINDRICAL_SURFACE ( 'NONE', #2872, 0.01000000000000002600 ) ;
#2874 = STYLED_ITEM ( 'NONE', ( #639 ), #2662 ) ;
#2875 = PRESENTATION_LAYER_ASSIGNMENT (  '', '', ( #2874 ) ) ;
#2876 = MECHANICAL_DESIGN_GEOMETRIC_PRESENTATION_REPRESENTATION (  '', ( #2874 ), #1269 ) ;
#2877 = FACE_OUTER_BOUND ( 'NONE', #1401, .T. ) ;
#2878 = FACE_OUTER_BOUND ( 'NONE', #1448, .T. ) ;
#2879 = AXIS2_PLACEMENT_3D ( 'NONE', #618, #621, #545 ) ;
#2880 = STYLED_ITEM ( 'NONE', ( #563 ), #2669 ) ;
#2881 = PRESENTATION_LAYER_ASSIGNMENT (  '', '', ( #2880 ) ) ;
#2882 = MECHANICAL_DESIGN_GEOMETRIC_PRESENTATION_REPRESENTATION (  '', ( #2880 ), #1268 ) ;
#2883 = AXIS2_PLACEMENT_3D ( 'NONE', #649, #580, #582 ) ;
#2884 = STYLED_ITEM ( 'NONE', ( #519 ), #2676 ) ;
#2885 = PRESENTATION_LAYER_ASSIGNMENT (  '', '', ( #2884 ) ) ;
#2886 = MECHANICAL_DESIGN_GEOMETRIC_PRESENTATION_REPRESENTATION (  '', ( #2884 ), #1267 ) ;
#2887 = AXIS2_PLACEMENT_3D ( 'NONE', #599, #675, #670 ) ;
#2888 = AXIS2_PLACEMENT_3D ( 'NONE', #588, #596, #595 ) ;
#2889 = AXIS2_PLACEMENT_3D ( 'NONE', #687, #552, #550 ) ;
#2890 = VECTOR ( 'NONE', #594, 1000.000000000000000 ) ;
#2891 = STYLED_ITEM ( 'NONE', ( #542 ), #2714 ) ;
#2892 = AXIS2_PLACEMENT_3D ( 'NONE', #532, #603, #665 ) ;
#2893 = VECTOR ( 'NONE', #690, 1000.000000000000000 ) ;
#2894 = FACE_OUTER_BOUND ( 'NONE', #1464, .T. ) ;
#2895 = CYLINDRICAL_SURFACE ( 'NONE', #2892, 0.05000000000000002400 ) ;
#2896 = PRESENTATION_LAYER_ASSIGNMENT (  '', '', ( #2891 ) ) ;
#2897 = MECHANICAL_DESIGN_GEOMETRIC_PRESENTATION_REPRESENTATION (  '', ( #2891 ), #1266 ) ;
#2898 = FACE_OUTER_BOUND ( 'NONE', #1459, .T. ) ;
#2899 = FACE_OUTER_BOUND ( 'NONE', #1458, .T. ) ;
#2900 = AXIS2_PLACEMENT_3D ( 'NONE', #577, #574, #630 ) ;
#2901 = VECTOR ( 'NONE', #663, 1000.000000000000000 ) ;
#2902 = FACE_BOUND ( 'NONE', #1505, .T. ) ;
#2903 = FACE_OUTER_BOUND ( 'NONE', #1386, .T. ) ;
#2904 = STYLED_ITEM ( 'NONE', ( #507 ), #2733 ) ;
#2905 = PRESENTATION_LAYER_ASSIGNMENT (  '', '', ( #2904 ) ) ;
#2906 = MECHANICAL_DESIGN_GEOMETRIC_PRESENTATION_REPRESENTATION (  '', ( #2904 ), #1265 ) ;
#2907 = FACE_OUTER_BOUND ( 'NONE', #1501, .T. ) ;
#2908 = STYLED_ITEM ( 'NONE', ( #508 ), #2734 ) ;
#2909 = PRESENTATION_LAYER_ASSIGNMENT (  '', '', ( #2908 ) ) ;
#2910 = MECHANICAL_DESIGN_GEOMETRIC_PRESENTATION_REPRESENTATION (  '', ( #2908 ), #1264 ) ;
#2911 = AXIS2_PLACEMENT_3D ( 'NONE', #666, #523, #501 ) ;
#2912 = CYLINDRICAL_SURFACE ( 'NONE', #2911, 0.01000000000000002600 ) ;
#2913 = STYLED_ITEM ( 'NONE', ( #559 ), #2735 ) ;
#2914 = PRESENTATION_LAYER_ASSIGNMENT (  '', '', ( #2913 ) ) ;
#2915 = MECHANICAL_DESIGN_GEOMETRIC_PRESENTATION_REPRESENTATION (  '', ( #2913 ), #1263 ) ;
#2916 = FACE_OUTER_BOUND ( 'NONE', #1443, .T. ) ;
#2917 = FACE_OUTER_BOUND ( 'NONE', #1381, .T. ) ;
#2918 = AXIS2_PLACEMENT_3D ( 'NONE', #531, #525, #659 ) ;
#2919 = STYLED_ITEM ( 'NONE', ( #528 ), #2736 ) ;
#2920 = PRESENTATION_LAYER_ASSIGNMENT (  '', '', ( #2919 ) ) ;
#2921 = MECHANICAL_DESIGN_GEOMETRIC_PRESENTATION_REPRESENTATION (  '', ( #2919 ), #1262 ) ;
#2922 = FACE_OUTER_BOUND ( 'NONE', #1496, .T. ) ;
#2923 = STYLED_ITEM ( 'NONE', ( #652 ), #2737 ) ;
#2924 = PRESENTATION_LAYER_ASSIGNMENT (  '', '', ( #2923 ) ) ;
#2925 = MECHANICAL_DESIGN_GEOMETRIC_PRESENTATION_REPRESENTATION (  '', ( #2923 ), #1261 ) ;
#2926 = FACE_OUTER_BOUND ( 'NONE', #1500, .T. ) ;
#2927 = STYLED_ITEM ( 'NONE', ( #536 ), #2738 ) ;
#2928 = PRESENTATION_LAYER_ASSIGNMENT (  '', '', ( #2927 ) ) ;
#2929 = MECHANICAL_DESIGN_GEOMETRIC_PRESENTATION_REPRESENTATION (  '', ( #2927 ), #1258 ) ;
#2930 = AXIS2_PLACEMENT_3D ( 'NONE', #374, #372, #376 ) ;
#2931 = STYLED_ITEM ( 'NONE', ( #437 ), #2739 ) ;
#2932 = PRESENTATION_LAYER_ASSIGNMENT (  '', '', ( #2931 ) ) ;
#2933 = MECHANICAL_DESIGN_GEOMETRIC_PRESENTATION_REPRESENTATION (  '', ( #2931 ), #1256 ) ;
#2934 = AXIS2_PLACEMENT_3D ( 'NONE', #482, #484, #433 ) ;
#2935 = CYLINDRICAL_SURFACE ( 'NONE', #2934, 0.05000000000000001700 ) ;
#2936 = STYLED_ITEM ( 'NONE', ( #480 ), #2740 ) ;
#2937 = PRESENTATION_LAYER_ASSIGNMENT (  '', '', ( #2936 ) ) ;
#2938 = MECHANICAL_DESIGN_GEOMETRIC_PRESENTATION_REPRESENTATION (  '', ( #2936 ), #1255 ) ;
#2939 = FACE_OUTER_BOUND ( 'NONE', #1431, .T. ) ;
#2940 = AXIS2_PLACEMENT_3D ( 'NONE', #404, #398, #399 ) ;
#2941 = CYLINDRICAL_SURFACE ( 'NONE', #2940, 0.05000000000000002400 ) ;
#2942 = STYLED_ITEM ( 'NONE', ( #451 ), #2741 ) ;
#2943 = PRESENTATION_LAYER_ASSIGNMENT (  '', '', ( #2942 ) ) ;
#2944 = MECHANICAL_DESIGN_GEOMETRIC_PRESENTATION_REPRESENTATION (  '', ( #2942 ), #1254 ) ;
#2945 = FACE_OUTER_BOUND ( 'NONE', #1515, .T. ) ;
#2946 = FACE_OUTER_BOUND ( 'NONE', #1468, .T. ) ;
#2947 = AXIS2_PLACEMENT_3D ( 'NONE', #300, #299, #307 ) ;
#2948 = STYLED_ITEM ( 'NONE', ( #419 ), #2742 ) ;
#2949 = PRESENTATION_LAYER_ASSIGNMENT (  '', '', ( #2948 ) ) ;
#2950 = MECHANICAL_DESIGN_GEOMETRIC_PRESENTATION_REPRESENTATION (  '', ( #2948 ), #1253 ) ;
#2951 = FACE_OUTER_BOUND ( 'NONE', #1437, .T. ) ;
#2952 = CYLINDRICAL_SURFACE ( 'NONE', #2930, 0.05000000000000002400 ) ;
#2953 = STYLED_ITEM ( 'NONE', ( #360 ), #2743 ) ;
#2954 = PRESENTATION_LAYER_ASSIGNMENT (  '', '', ( #2953 ) ) ;
#2955 = MECHANICAL_DESIGN_GEOMETRIC_PRESENTATION_REPRESENTATION (  '', ( #2953 ), #1252 ) ;
#2956 = STYLED_ITEM ( 'NONE', ( #318 ), #2744 ) ;
#2957 = PRESENTATION_LAYER_ASSIGNMENT (  '', '', ( #2956 ) ) ;
#2958 = MECHANICAL_DESIGN_GEOMETRIC_PRESENTATION_REPRESENTATION (  '', ( #2956 ), #1251 ) ;
#2959 = AXIS2_PLACEMENT_3D ( 'NONE', #277, #301, #298 ) ;
#2960 = CYLINDRICAL_SURFACE ( 'NONE', #2959, 0.07825944375606130900 ) ;
#2961 = STYLED_ITEM ( 'NONE', ( #288 ), #2745 ) ;
#2962 = PRESENTATION_LAYER_ASSIGNMENT (  '', '', ( #2961 ) ) ;
#2963 = MECHANICAL_DESIGN_GEOMETRIC_PRESENTATION_REPRESENTATION (  '', ( #2961 ), #1247 ) ;
#2964 = AXIS2_PLACEMENT_3D ( 'NONE', #309, #311, #310 ) ;
#2965 = VECTOR ( 'NONE', #349, 1000.000000000000000 ) ;
#2966 = AXIS2_PLACEMENT_3D ( 'NONE', #312, #320, #321 ) ;
#2967 = VECTOR ( 'NONE', #319, 1000.000000000000000 ) ;
#2968 = AXIS2_PLACEMENT_3D ( 'NONE', #322, #325, #326 ) ;
#2969 = VECTOR ( 'NONE', #327, 1000.000000000000000 ) ;
#2970 = AXIS2_PLACEMENT_3D ( 'NONE', #329, #281, #280 ) ;
#2971 = VECTOR ( 'NONE', #330, 1000.000000000000000 ) ;
#2972 = VECTOR ( 'NONE', #291, 1000.000000000000000 ) ;
#2973 = AXIS2_PLACEMENT_3D ( 'NONE', #473, #475, #476 ) ;
#2974 = VECTOR ( 'NONE', #282, 1000.000000000000000 ) ;
#2975 = AXIS2_PLACEMENT_3D ( 'NONE', #278, #429, #469 ) ;
#2976 = VECTOR ( 'NONE', #435, 1000.000000000000000 ) ;
#2977 = NEXT_ASSEMBLY_USAGE_OCCURRENCE ( 'NAUO1', ' ', ' ', #2769, #2730, $ ) ;
#2978 = NEXT_ASSEMBLY_USAGE_OCCURRENCE ( 'NAUO2', ' ', ' ', #2769, #2757, $ ) ;
ENDSEC;
END-ISO-10303-21;
