ISO-10303-21;
HEADER;
FILE_DESCRIPTION (( 'STEP AP214' ),
    '1' );
FILE_NAME ('User Library-LQFP48_Grid_0.5.STEP',
    '2013-04-07T14:23:06',
    ( 'Windows User' ),
    ( '' ),
    'SwSTEP 2.0',
    'SolidWorks 2013',
    '' );
FILE_SCHEMA (( 'AUTOMOTIVE_DESIGN' ));
ENDSEC;

DATA;
#1 = SURFACE_STYLE_USAGE ( .BOTH. , #1813 ) ;
#2 = ORIENTED_EDGE ( 'NONE', *, *, #1374, .T. ) ;
#3 = CARTESIAN_POINT ( 'NONE',  ( 0.01250000000000000100, 0.09649999999999998900, -0.1489999999999998300 ) ) ;
#4 = VERTEX_POINT ( 'NONE', #2228 ) ;
#5 =( LENGTH_UNIT ( ) NAMED_UNIT ( * ) SI_UNIT ( .CENTI., .METRE. ) );
#6 = EDGE_CURVE ( 'NONE', #623, #1256, #1798, .T. ) ;
#7 = PRESENTATION_STYLE_ASSIGNMENT (( #1831 ) ) ;
#8 =( LENGTH_UNIT ( ) NAMED_UNIT ( * ) SI_UNIT ( .CENTI., .METRE. ) );
#9 = DIRECTION ( 'NONE',  ( -3.491483361109380100E-015, 0.0000000000000000000, 1.000000000000000000 ) ) ;
#10 = EDGE_LOOP ( 'NONE', ( #3236, #179, #1958, #2239 ) ) ;
#11 = FILL_AREA_STYLE ('',( #3390 ) ) ;
#12 = MECHANICAL_DESIGN_GEOMETRIC_PRESENTATION_REPRESENTATION (  '', ( #3391 ), #219 ) ;
#13 = PRESENTATION_LAYER_ASSIGNMENT (  '', '', ( #3605 ) ) ;
#14 = SURFACE_STYLE_USAGE ( .BOTH. , #1829 ) ;
#15 =( LENGTH_UNIT ( ) NAMED_UNIT ( * ) SI_UNIT ( .CENTI., .METRE. ) );
#16 = PLANE ( 'NONE',  #819 ) ;
#17 = AXIS2_PLACEMENT_3D ( 'NONE', #920, #3084, #1224 ) ;
#18 = FILL_AREA_STYLE ('',( #3713 ) ) ;
#19 = STYLED_ITEM ( 'NONE', ( #2293 ), #517 ) ;
#20 = CARTESIAN_POINT ( 'NONE',  ( 0.01308578643762690700, 0.09749999999999998900, -0.1495857864376268800 ) ) ;
#21 = PRODUCT_DEFINITION_SHAPE ( 'NONE', 'NONE',  #3974 ) ;
#22 = CONTEXT_DEPENDENT_SHAPE_REPRESENTATION ( #1560, #2320 ) ;
#23 = CARTESIAN_POINT ( 'NONE',  ( -0.4500000000000000700, 0.0000000000000000000, 0.1749999999999999900 ) ) ;
#24 = UNCERTAINTY_MEASURE_WITH_UNIT (LENGTH_MEASURE( 1.000000000000000100E-005 ), #2299, 'distance_accuracy_value', 'NONE');
#25 = VECTOR ( 'NONE', #3215, 100.0000000000000000 ) ;
#26 = ORIENTED_EDGE ( 'NONE', *, *, #2785, .F. ) ;
#27 = CYLINDRICAL_SURFACE ( 'NONE', #2411, 0.001000000000000000200 ) ;
#28 = DIRECTION ( 'NONE',  ( 0.6875816551701161600, -0.2333729524753219400, -0.6875816551701148200 ) ) ;
#30 = CARTESIAN_POINT ( 'NONE',  ( 0.01308578643762693200, 0.02969128830903467900, -0.04630977549199692000 ) ) ;
#29 = LINE ( 'NONE', #407, #3192 ) ;
#31 = FILL_AREA_STYLE_COLOUR ( '', #457 ) ;
#32 = VECTOR ( 'NONE', #2306, 100.0000000000000000 ) ;
#33 = VERTEX_POINT ( 'NONE', #104 ) ;
#34 =( LENGTH_UNIT ( ) NAMED_UNIT ( * ) SI_UNIT ( .CENTI., .METRE. ) );
#35 = CARTESIAN_POINT ( 'NONE',  ( 0.0000000000000000000, 0.0000000000000000000, 0.0000000000000000000 ) ) ;
#36 = MECHANICAL_DESIGN_GEOMETRIC_PRESENTATION_REPRESENTATION (  '', ( #3629 ), #244 ) ;
#37 = ORIENTED_EDGE ( 'NONE', *, *, #1821, .T. ) ;
#38 = SURFACE_STYLE_FILL_AREA ( #1817 ) ;
#39 = CARTESIAN_POINT ( 'NONE',  ( 0.01350000000000000200, 0.07815685424949238300, -0.1495857864376269100 ) ) ;
#40 = VERTEX_POINT ( 'NONE', #3165 ) ;
#41 = VECTOR ( 'NONE', #1668, 100.0000000000000000 ) ;
#42 = AXIS2_PLACEMENT_3D ( 'NONE', #1321, #1955, #3209 ) ;
#43 = FILL_AREA_STYLE_COLOUR ( '', #2617 ) ;
#44 = STYLED_ITEM ( 'NONE', ( #3942 ), #2548 ) ;
#45 = DIRECTION ( 'NONE',  ( -7.290249346361470300E-032, -1.000000000000000000, -4.760081218080360200E-015 ) ) ;
#46 = PRESENTATION_STYLE_ASSIGNMENT (( #1737 ) ) ;
#47 = PRESENTATION_STYLE_ASSIGNMENT (( #2839 ) ) ;
#48 = EDGE_CURVE ( 'NONE', #312, #1644, #188, .T. ) ;
#49 = ADVANCED_FACE ( 'NONE', ( #3466 ), #1809, .T. ) ;
#50 = CARTESIAN_POINT ( 'NONE',  ( -0.01308578643762690200, 0.0004484671632496000100, -1.827603409668275000E-018 ) ) ;
#51 = PRODUCT_CONTEXT ( 'NONE', #646, 'mechanical' ) ;
#52 = VERTEX_POINT ( 'NONE', #3498 ) ;
#53 = ORIENTED_EDGE ( 'NONE', *, *, #538, .T. ) ;
#54 = PRESENTATION_STYLE_ASSIGNMENT (( #1635 ) ) ;
#55 = ORIENTED_EDGE ( 'NONE', *, *, #3891, .F. ) ;
#56 = EDGE_LOOP ( 'NONE', ( #1746, #55, #2351, #3269 ) ) ;
#57 = CARTESIAN_POINT ( 'NONE',  ( -0.3500000000000000300, 0.09749999999999993400, 0.2999999999999999900 ) ) ;
#58 = ORIENTED_EDGE ( 'NONE', *, *, #1449, .T. ) ;
#59 = FACE_OUTER_BOUND ( 'NONE', #762, .T. ) ;
#60 =( REPRESENTATION_RELATIONSHIP ('NONE','NONE', #1095, #2743 ) REPRESENTATION_RELATIONSHIP_WITH_TRANSFORMATION ( #2849 )SHAPE_REPRESENTATION_RELATIONSHIP( ) );
#61 = CARTESIAN_POINT ( 'NONE',  ( 0.01350000000000000000, 0.07036739066116172400, -0.07697299708602459200 ) ) ;
#62 =( GEOMETRIC_REPRESENTATION_CONTEXT ( 3 ) GLOBAL_UNCERTAINTY_ASSIGNED_CONTEXT ( ( #2245 ) ) GLOBAL_UNIT_ASSIGNED_CONTEXT ( ( #2405, #570, #2710 ) ) REPRESENTATION_CONTEXT ( 'NONE', 'WORKASPACE' ) );
#63 = ADVANCED_FACE ( 'NONE', ( #2234 ), #669, .T. ) ;
#64 =( GEOMETRIC_REPRESENTATION_CONTEXT ( 3 ) GLOBAL_UNCERTAINTY_ASSIGNED_CONTEXT ( ( #3842 ) ) GLOBAL_UNIT_ASSIGNED_CONTEXT ( ( #2460, #624, #2764 ) ) REPRESENTATION_CONTEXT ( 'NONE', 'WORKASPACE' ) );
#65 = CARTESIAN_POINT ( 'NONE',  ( -0.01350000000000000000, 0.07535741677482384000, -0.07832033755403752800 ) ) ;
#66 = ORIENTED_EDGE ( 'NONE', *, *, #6, .T. ) ;
#67 =( NAMED_UNIT ( * ) SI_UNIT ( $, .STERADIAN. ) SOLID_ANGLE_UNIT ( ) );
#68 = EDGE_CURVE ( 'NONE', #1945, #3943, #2771, .T. ) ;
#69 = AXIS2_PLACEMENT_3D ( 'NONE', #2044, #225, #2357 ) ;
#70 = MECHANICAL_DESIGN_GEOMETRIC_PRESENTATION_REPRESENTATION (  '', ( #3025 ), #286 ) ;
#71 =( BOUNDED_CURVE ( )  B_SPLINE_CURVE ( 3, ( #2733, #3628, #2585, #2381 ),
 .UNSPECIFIED., .F., .F. ) 
 B_SPLINE_CURVE_WITH_KNOTS ( ( 4, 4 ),
 ( 0.0000000000000000000, 1.000000000000000000 ),
 .UNSPECIFIED. ) 
 CURVE ( )  GEOMETRIC_REPRESENTATION_ITEM ( )  RATIONAL_B_SPLINE_CURVE ( ( 1.000000000000000000, 0.8747560699726388800, 0.8747560699726388800, 1.000000000000000000 ) ) 
 REPRESENTATION_ITEM ( '' )  );
#72 = VECTOR ( 'NONE', #1768, 100.0000000000000000 ) ;
#73 = SURFACE_STYLE_USAGE ( .BOTH. , #3442 ) ;
#74 = SURFACE_STYLE_FILL_AREA ( #1339 ) ;
#75 = LINE ( 'NONE', #1775, #1673 ) ;
#76 = CARTESIAN_POINT ( 'NONE',  ( -0.01350000000000000000, 0.07849999999999997300, -0.08242397711235847900 ) ) ;
#77 = FILL_AREA_STYLE ('',( #1265 ) ) ;
#78 = EDGE_CURVE ( 'NONE', #2984, #345, #422, .T. ) ;
#79 = PLANE ( 'NONE',  #2701 ) ;
#80 = SURFACE_STYLE_FILL_AREA ( #2900 ) ;
#81 = PRODUCT_DEFINITION_SHAPE ( 'NONE', 'NONE',  #3951 ) ;
#82 = ADVANCED_FACE ( 'NONE', ( #1942 ), #3147, .T. ) ;
#83 = PLANE ( 'NONE',  #1732 ) ;
#84 = LINE ( 'NONE', #3602, #2433 ) ;
#85 =( REPRESENTATION_RELATIONSHIP ('NONE','NONE', #1095, #2743 ) REPRESENTATION_RELATIONSHIP_WITH_TRANSFORMATION ( #270 )SHAPE_REPRESENTATION_RELATIONSHIP( ) );
#86 = MECHANICAL_DESIGN_GEOMETRIC_PRESENTATION_REPRESENTATION (  '', ( #3680 ), #297 ) ;
#87 = LINE ( 'NONE', #2098, #1581 ) ;
#88 = ADVANCED_FACE ( 'NONE', ( #1541 ), #1251, .T. ) ;
#89 =( GEOMETRIC_REPRESENTATION_CONTEXT ( 3 ) GLOBAL_UNCERTAINTY_ASSIGNED_CONTEXT ( ( #3223 ) ) GLOBAL_UNIT_ASSIGNED_CONTEXT ( ( #3353, #1467, #3674 ) ) REPRESENTATION_CONTEXT ( 'NONE', 'WORKASPACE' ) );
#90 = ORIENTED_EDGE ( 'NONE', *, *, #294, .T. ) ;
#91 =( NAMED_UNIT ( * ) SI_UNIT ( $, .STERADIAN. ) SOLID_ANGLE_UNIT ( ) );
#92 = UNCERTAINTY_MEASURE_WITH_UNIT (LENGTH_MEASURE( 1.000000000000000100E-005 ), #267, 'distance_accuracy_value', 'NONE');
#93 = ORIENTED_EDGE ( 'NONE', *, *, #2634, .F. ) ;
#94 = DIRECTION ( 'NONE',  ( 1.000000000000000000, -0.0000000000000000000, 0.0000000000000000000 ) ) ;
#95 = STYLED_ITEM ( 'NONE', ( #1679 ), #2856 ) ;
#96 = LINE ( 'NONE', #164, #2001 ) ;
#97 = FILL_AREA_STYLE_COLOUR ( '', #1021 ) ;
#98 = CARTESIAN_POINT ( 'NONE',  ( 0.3000000000000001000, 0.07750000000000004100, 0.3500000000000000300 ) ) ;
#99 = EDGE_CURVE ( 'NONE', #661, #2487, #2920, .T. ) ;
#100 = CARTESIAN_POINT ( 'NONE',  ( -0.2999999999999999900, 0.09749999999999993400, 0.3500000000000000300 ) ) ;
#101 = EDGE_LOOP ( 'NONE', ( #343, #90, #1949, #987 ) ) ;
#102 = VERTEX_POINT ( 'NONE', #393 ) ;
#103 =( NAMED_UNIT ( * ) SI_UNIT ( $, .STERADIAN. ) SOLID_ANGLE_UNIT ( ) );
#104 = CARTESIAN_POINT ( 'NONE',  ( 0.01250000000000000600, 0.02969128830903468600, -0.04630977549199689900 ) ) ;
#105 =( NAMED_UNIT ( * ) PLANE_ANGLE_UNIT ( ) SI_UNIT ( $, .RADIAN. ) );
#106 =( LENGTH_UNIT ( ) NAMED_UNIT ( * ) SI_UNIT ( .CENTI., .METRE. ) );
#107 = DIRECTION ( 'NONE',  ( 3.718265416196989900E-032, 0.06104853953485710200, -0.9981347984218670300 ) ) ;
#108 = ORIENTED_EDGE ( 'NONE', *, *, #2126, .F. ) ;
#109 = ADVANCED_FACE ( 'NONE', ( #471 ), #3861, .T. ) ;
#110 = ADVANCED_FACE ( 'NONE', ( #3116 ), #290, .T. ) ;
#111 = DIRECTION ( 'NONE',  ( 3.279322939077849900E-032, 1.625387360916020100E-016, -1.000000000000000000 ) ) ;
#112 = MECHANICAL_DESIGN_GEOMETRIC_PRESENTATION_REPRESENTATION (  '', ( #3707 ), #318 ) ;
#113 = CARTESIAN_POINT ( 'NONE',  ( -6.331740687315350400E-018, 0.04624999999999999900, -0.3425000000000000300 ) ) ;
#114 =( REPRESENTATION_RELATIONSHIP ('NONE','NONE', #1095, #2743 ) REPRESENTATION_RELATIONSHIP_WITH_TRANSFORMATION ( #1607 )SHAPE_REPRESENTATION_RELATIONSHIP( ) );
#115 = DIRECTION ( 'NONE',  ( -0.0000000000000000000, 1.000000000000000000, -0.0000000000000000000 ) ) ;
#116 = DIRECTION ( 'NONE',  ( 1.000000000000000000, 0.0000000000000000000, 0.0000000000000000000 ) ) ;
#117 =( NAMED_UNIT ( * ) PLANE_ANGLE_UNIT ( ) SI_UNIT ( $, .RADIAN. ) );
#118 =( LENGTH_UNIT ( ) NAMED_UNIT ( * ) SI_UNIT ( .CENTI., .METRE. ) );
#119 = ORIENTED_EDGE ( 'NONE', *, *, #2601, .T. ) ;
#120 = LINE ( 'NONE', #1961, #25 ) ;
#121 = EDGE_CURVE ( 'NONE', #3624, #3636, #487, .T. ) ;
#122 = CARTESIAN_POINT ( 'NONE',  ( 0.01350000000000000000, 0.09107190170196842500, -0.06391876277155342200 ) ) ;
#123 =( BOUNDED_SURFACE ( )  B_SPLINE_SURFACE ( 3, 3, ( 
 ( #3240, #1375, #3575, #1684 ),
 ( #3876, #2011, #185, #2326 ),
 ( #501, #2635, #793, #2953 ),
 ( #1090, #3272, #1388, #3589 ) ),
 .UNSPECIFIED., .F., .F., .T. ) 
 B_SPLINE_SURFACE_WITH_KNOTS ( ( 4, 4 ),
 ( 4, 4 ),
 ( 0.0000000000000000000, 1.000000000000000000 ),
 ( 0.0000000000000000000, 1.000000000000000000 ),
 .UNSPECIFIED. ) 
 GEOMETRIC_REPRESENTATION_ITEM ( )  RATIONAL_B_SPLINE_SURFACE ( (
 ( 1.000000000000000000, 0.8626246579232003100, 0.8626246579232003100, 1.000000000000000000),
 ( 0.8047378541243626100, 0.6941867161318785500, 0.6941867161318785500, 0.8047378541243626100),
 ( 0.8047378541243626100, 0.6941867161318785500, 0.6941867161318785500, 0.8047378541243626100),
 ( 1.000000000000000000, 0.8626246579232003100, 0.8626246579232003100, 1.000000000000000000) ) ) 
 REPRESENTATION_ITEM ( '' )  SURFACE ( )  );
#124 = ORIENTED_EDGE ( 'NONE', *, *, #3143, .F. ) ;
#125 =( LENGTH_UNIT ( ) NAMED_UNIT ( * ) SI_UNIT ( .CENTI., .METRE. ) );
#126 = CARTESIAN_POINT ( 'NONE',  ( 0.01308578643762690500, 0.07749999999999999900, -0.08289386092911994700 ) ) ;
#127 = LINE ( 'NONE', #753, #3310 ) ;
#128 = CARTESIAN_POINT ( 'NONE',  ( 0.0000000000000000000, 0.0000000000000000000, 0.0000000000000000000 ) ) ;
#129 = FILL_AREA_STYLE ('',( #2561 ) ) ;
#130 = PRODUCT_DEFINITION_SHAPE ( 'NONE', 'NONE',  #3985 ) ;
#131 = MECHANICAL_DESIGN_GEOMETRIC_PRESENTATION_REPRESENTATION (  '', ( #3728 ), #339 ) ;
#132 = FILL_AREA_STYLE ('',( #3822 ) ) ;
#133 =( NAMED_UNIT ( * ) PLANE_ANGLE_UNIT ( ) SI_UNIT ( $, .RADIAN. ) );
#134 = FILL_AREA_STYLE ('',( #3189 ) ) ;
#135 = DIRECTION ( 'NONE',  ( 0.0000000000000000000, -1.000000000000000000, 0.0000000000000000000 ) ) ;
#136 =( REPRESENTATION_RELATIONSHIP ('NONE','NONE', #1095, #2743 ) REPRESENTATION_RELATIONSHIP_WITH_TRANSFORMATION ( #3034 )SHAPE_REPRESENTATION_RELATIONSHIP( ) );
#137 = CIRCLE ( 'NONE', #1033, 0.0009999999999999982900 ) ;
#138 = AXIS2_PLACEMENT_3D ( 'NONE', #1569, #3767, #1894 ) ;
#139 = UNCERTAINTY_MEASURE_WITH_UNIT (LENGTH_MEASURE( 1.000000000000000100E-005 ), #3513, 'distance_accuracy_value', 'NONE');
#140 =( GEOMETRIC_REPRESENTATION_CONTEXT ( 3 ) GLOBAL_UNCERTAINTY_ASSIGNED_CONTEXT ( ( #1579 ) ) GLOBAL_UNIT_ASSIGNED_CONTEXT ( ( #1099, #3281, #1397 ) ) REPRESENTATION_CONTEXT ( 'NONE', 'WORKASPACE' ) );
#141 = DIRECTION ( 'NONE',  ( 0.0000000000000000000, 0.0000000000000000000, 1.000000000000000000 ) ) ;
#142 = ORIENTED_EDGE ( 'NONE', *, *, #410, .T. ) ;
#143 = EDGE_LOOP ( 'NONE', ( #1037, #533, #684, #3321 ) ) ;
#144 = UNCERTAINTY_MEASURE_WITH_UNIT (LENGTH_MEASURE( 1.000000000000000100E-005 ), #175, 'distance_accuracy_value', 'NONE');
#145 = ORIENTED_EDGE ( 'NONE', *, *, #2116, .T. ) ;
#146 = CARTESIAN_POINT ( 'NONE',  ( -0.01350000000000000000, 0.08245276568746109900, -0.06159153832680390500 ) ) ;
#147 = AXIS2_PLACEMENT_3D ( 'NONE', #3232, #1350, #3555 ) ;
#148 = PRESENTATION_LAYER_ASSIGNMENT (  '', '', ( #3736 ) ) ;
#149 =( NAMED_UNIT ( * ) SI_UNIT ( $, .STERADIAN. ) SOLID_ANGLE_UNIT ( ) );
#150 = DIRECTION ( 'NONE',  ( -3.754478112725429800E-033, -3.500012889865530300E-030, 1.000000000000000000 ) ) ;
#151 = ORIENTED_EDGE ( 'NONE', *, *, #674, .F. ) ;
#152 = CARTESIAN_POINT ( 'NONE',  ( -0.3500000000000000300, 0.07749999999999998600, 0.3000000000000001000 ) ) ;
#153 = CARTESIAN_POINT ( 'NONE',  ( -0.01250000000000000100, 0.02275525713094899900, -0.04443700062453719700 ) ) ;
#154 = LINE ( 'NONE', #3013, #1652 ) ;
#155 = ORIENTED_EDGE ( 'NONE', *, *, #3597, .F. ) ;
#156 = DIRECTION ( 'NONE',  ( 1.000000000000000000, 0.0000000000000000000, 0.0000000000000000000 ) ) ;
#157 =( LENGTH_UNIT ( ) NAMED_UNIT ( * ) SI_UNIT ( .CENTI., .METRE. ) );
#158 = ITEM_DEFINED_TRANSFORMATION ( 'NONE', 'NONE', #1897,  #3811 ) ;
#159 = CARTESIAN_POINT ( 'NONE',  ( -0.01250000000000000100, 0.07850000000000000000, -0.1499999999999999900 ) ) ;
#160 = CARTESIAN_POINT ( 'NONE',  ( -0.01349999999999999800, 0.003790695960933523000, -0.04559692287569952500 ) ) ;
#161 =( NAMED_UNIT ( * ) PLANE_ANGLE_UNIT ( ) SI_UNIT ( $, .RADIAN. ) );
#162 = SURFACE_STYLE_USAGE ( .BOTH. , #1984 ) ;
#163 = DIRECTION ( 'NONE',  ( -1.000000000000000000, 0.0000000000000000000, 0.0000000000000000000 ) ) ;
#164 = CARTESIAN_POINT ( 'NONE',  ( -0.01350000000000000000, 0.07850000000000000000, -0.1500000000000000800 ) ) ;
#165 = MECHANICAL_DESIGN_GEOMETRIC_PRESENTATION_REPRESENTATION (  '', ( #3339 ), #368 ) ;
#166 = LINE ( 'NONE', #3644, #3349 ) ;
#167 = CARTESIAN_POINT ( 'NONE',  ( 0.2750000000000000200, 0.0000000000000000000, 0.4500000000000000700 ) ) ;
#168 =( LENGTH_UNIT ( ) NAMED_UNIT ( * ) SI_UNIT ( .CENTI., .METRE. ) );
#169 = AXIS2_PLACEMENT_3D ( 'NONE', #3303, #1420, #3618 ) ;
#170 = LINE ( 'NONE', #666, #499 ) ;
#171 =( GEOMETRIC_REPRESENTATION_CONTEXT ( 3 ) GLOBAL_UNCERTAINTY_ASSIGNED_CONTEXT ( ( #3404 ) ) GLOBAL_UNIT_ASSIGNED_CONTEXT ( ( #1455, #3655, #1773 ) ) REPRESENTATION_CONTEXT ( 'NONE', 'WORKASPACE' ) );
#172 = FILL_AREA_STYLE_COLOUR ( '', #2377 ) ;
#173 = EDGE_CURVE ( 'NONE', #1988, #1259, #1263, .T. ) ;
#174 = VECTOR ( 'NONE', #3599, 100.0000000000000000 ) ;
#175 =( LENGTH_UNIT ( ) NAMED_UNIT ( * ) SI_UNIT ( .CENTI., .METRE. ) );
#176 = SURFACE_STYLE_USAGE ( .BOTH. , #2000 ) ;
#177 = FACE_OUTER_BOUND ( 'NONE', #1028, .T. ) ;
#178 = CIRCLE ( 'NONE', #1815, 0.001000000000000000000 ) ;
#179 = ORIENTED_EDGE ( 'NONE', *, *, #2714, .T. ) ;
#180 = DIRECTION ( 'NONE',  ( 1.000000000000000000, 0.0000000000000000000, -3.491483361109380100E-015 ) ) ;
#181 = DIRECTION ( 'NONE',  ( 0.0000000000000000000, 0.9981347984218669200, 0.06104853953485719200 ) ) ;
#182 = CIRCLE ( 'NONE', #3346, 0.001000000000000000000 ) ;
#183 = PLANE ( 'NONE',  #3528 ) ;
#184 = ORIENTED_EDGE ( 'NONE', *, *, #3175, .T. ) ;
#185 = CARTESIAN_POINT ( 'NONE',  ( -0.01308578643762691200, 0.07749999999999998600, -0.08289386092911997500 ) ) ;
#186 = FILL_AREA_STYLE ('',( #1377 ) ) ;
#187 = ORIENTED_EDGE ( 'NONE', *, *, #294, .F. ) ;
#188 = CIRCLE ( 'NONE', #3518, 0.05000000000000000300 ) ;
#189 = SURFACE_STYLE_USAGE ( .BOTH. , #2013 ) ;
#190 = CARTESIAN_POINT ( 'NONE',  ( -0.01350000000000000000, 0.09649999999999997500, -0.07100686746319875800 ) ) ;
#191 = STYLED_ITEM ( 'NONE', ( #3566 ), #1301 ) ;
#192 = UNCERTAINTY_MEASURE_WITH_UNIT (LENGTH_MEASURE( 1.000000000000000100E-005 ), #2575, 'distance_accuracy_value', 'NONE');
#193 = STYLED_ITEM ( 'NONE', ( #2750 ), #2240 ) ;
#194 = LINE ( 'NONE', #3480, #3377 ) ;
#195 = DIRECTION ( 'NONE',  ( -3.491483361109380100E-015, 0.0000000000000000000, -1.000000000000000000 ) ) ;
#196 = SURFACE_STYLE_USAGE ( .BOTH. , #2020 ) ;
#197 = ORIENTED_EDGE ( 'NONE', *, *, #2334, .T. ) ;
#198 = CARTESIAN_POINT ( 'NONE',  ( -0.01250000000000000100, 0.09650000000000000200, -0.08953728511987109300 ) ) ;
#199 = ORIENTED_EDGE ( 'NONE', *, *, #883, .F. ) ;
#200 = EDGE_CURVE ( 'NONE', #263, #2952, #2825, .T. ) ;
#201 =( NAMED_UNIT ( * ) SI_UNIT ( $, .STERADIAN. ) SOLID_ANGLE_UNIT ( ) );
#202 =( GEOMETRIC_REPRESENTATION_CONTEXT ( 3 ) GLOBAL_UNCERTAINTY_ASSIGNED_CONTEXT ( ( #3839 ) ) GLOBAL_UNIT_ASSIGNED_CONTEXT ( ( #3410, #1526, #3729 ) ) REPRESENTATION_CONTEXT ( 'NONE', 'WORKASPACE' ) );
#203 = ORIENTED_EDGE ( 'NONE', *, *, #2505, .T. ) ;
#204 = CARTESIAN_POINT ( 'NONE',  ( 0.01250000000000000100, 0.04733443272998889800, -0.07075394419695399400 ) ) ;
#205 = COLOUR_RGB ( '',0.7529411764705882200, 0.7529411764705882200, 0.7529411764705882200 ) ;
#206 = FILL_AREA_STYLE ('',( #3878 ) ) ;
#207 = DIRECTION ( 'NONE',  ( 3.718265416197010200E-032, 0.06104853953486004400, -0.9981347984218668100 ) ) ;
#208 =( NAMED_UNIT ( * ) PLANE_ANGLE_UNIT ( ) SI_UNIT ( $, .RADIAN. ) );
#209 = CONTEXT_DEPENDENT_SHAPE_REPRESENTATION ( #1645, #1632 ) ;
#210 = CARTESIAN_POINT ( 'NONE',  ( 0.2750000000000000200, 0.0000000000000000000, -0.4500000000000000700 ) ) ;
#211 = ITEM_DEFINED_TRANSFORMATION ( 'NONE', 'NONE', #3668,  #3811 ) ;
#212 = CARTESIAN_POINT ( 'NONE',  ( 0.01308578643762690500, 0.0004484671632495841300, 8.284305690976454700E-018 ) ) ;
#213 = CARTESIAN_POINT ( 'NONE',  ( -0.01250000000000000100, 0.02231665910769032100, -0.03726598633215440200 ) ) ;
#214 = EDGE_CURVE ( 'NONE', #2984, #52, #1176, .T. ) ;
#215 = PRODUCT_DEFINITION_SHAPE ( 'NONE', 'NONE',  #3967 ) ;
#216 = SURFACE_SIDE_STYLE ('',( #2613 ) ) ;
#217 = CARTESIAN_POINT ( 'NONE',  ( -0.2000000000000000100, 0.1600000000000000000, 0.2000000000000000100 ) ) ;
#218 = CARTESIAN_POINT ( 'NONE',  ( -0.01250000000000000100, 0.09750000000000000300, -0.08953728511987109300 ) ) ;
#219 =( GEOMETRIC_REPRESENTATION_CONTEXT ( 3 ) GLOBAL_UNCERTAINTY_ASSIGNED_CONTEXT ( ( #3484 ) ) GLOBAL_UNIT_ASSIGNED_CONTEXT ( ( #3080, #1217, #3408 ) ) REPRESENTATION_CONTEXT ( 'NONE', 'WORKASPACE' ) );
#220 = CARTESIAN_POINT ( 'NONE',  ( 0.01350000000000000000, 0.09649999999999998900, -0.07993465998166700300 ) ) ;
#221 = FILL_AREA_STYLE ('',( #3604 ) ) ;
#222 = SURFACE_STYLE_FILL_AREA ( #2647 ) ;
#223 = MECHANICAL_DESIGN_GEOMETRIC_PRESENTATION_REPRESENTATION (  '', ( #3605 ), #417 ) ;
#224 = ORIENTED_EDGE ( 'NONE', *, *, #1735, .T. ) ;
#225 = DIRECTION ( 'NONE',  ( 6.982966722218760200E-015, 0.0000000000000000000, -1.000000000000000000 ) ) ;
#226 = PLANE ( 'NONE',  #1733 ) ;
#227 = DIRECTION ( 'NONE',  ( -1.000000000000000000, 0.0000000000000000000, 0.0000000000000000000 ) ) ;
#228 = PRESENTATION_LAYER_ASSIGNMENT (  '', '', ( #19 ) ) ;
#229 = STYLED_ITEM ( 'NONE', ( #1529 ), #3094 ) ;
#230 = COLOUR_RGB ( '',0.1254901960784313700, 0.1254901960784313700, 0.1254901960784313700 ) ;
#231 = SURFACE_SIDE_STYLE ('',( #3884 ) ) ;
#232 = DIRECTION ( 'NONE',  ( 0.7071067811865475700, 9.300984204488347400E-017, -0.7071067811865475700 ) ) ;
#233 = CARTESIAN_POINT ( 'NONE',  ( -0.01350000000000000000, 0.02131852430926840800, -0.03732703487168927100 ) ) ;
#234 = DIRECTION ( 'NONE',  ( -3.718265416196989900E-032, -0.06104853953485688700, 0.9981347984218669200 ) ) ;
#235 = FILL_AREA_STYLE ('',( #2969 ) ) ;
#236 = CARTESIAN_POINT ( 'NONE',  ( -0.01250000000000000100, 0.01965446577196352700, 9.637960486594188700E-017 ) ) ;
#237 = SURFACE_STYLE_USAGE ( .BOTH. , #2687 ) ;
#238 = PRESENTATION_STYLE_ASSIGNMENT (( #2907 ) ) ;
#239 = DIRECTION ( 'NONE',  ( -1.000000000000000000, 0.0000000000000000000, -6.982966722218760200E-015 ) ) ;
#240 = CYLINDRICAL_SURFACE ( 'NONE', #838, 0.05000000000000000300 ) ;
#241 = DIRECTION ( 'NONE',  ( 0.0000000000000000000, 0.9981347984218671400, 0.06104853953485450000 ) ) ;
#242 = VECTOR ( 'NONE', #1195, 100.0000000000000000 ) ;
#243 = ORIENTED_EDGE ( 'NONE', *, *, #783, .T. ) ;
#244 =( GEOMETRIC_REPRESENTATION_CONTEXT ( 3 ) GLOBAL_UNCERTAINTY_ASSIGNED_CONTEXT ( ( #2675 ) ) GLOBAL_UNIT_ASSIGNED_CONTEXT ( ( #1415, #3613, #1726 ) ) REPRESENTATION_CONTEXT ( 'NONE', 'WORKASPACE' ) );
#245 = LINE ( 'NONE', #3519, #1029 ) ;
#246 = DIRECTION ( 'NONE',  ( -7.893034146598111200E-032, -0.9654274555191101300, 0.2606718782874300500 ) ) ;
#247 =( LENGTH_UNIT ( ) NAMED_UNIT ( * ) SI_UNIT ( .CENTI., .METRE. ) );
#248 = SURFACE_STYLE_FILL_AREA ( #77 ) ;
#249 = ORIENTED_EDGE ( 'NONE', *, *, #2294, .T. ) ;
#250 = DIRECTION ( 'NONE',  ( 0.0000000000000000000, -1.000000000000000000, 0.0000000000000000000 ) ) ;
#251 = CARTESIAN_POINT ( 'NONE',  ( 0.01350000000000000500, 0.07535741677482385400, -0.07832033755403750000 ) ) ;
#252 = CARTESIAN_POINT ( 'NONE',  ( 0.01308578643762690000, 0.002792561162511659300, -0.04565797141523435200 ) ) ;
#253 = VECTOR ( 'NONE', #3774, 100.0000000000000000 ) ;
#254 = UNCERTAINTY_MEASURE_WITH_UNIT (LENGTH_MEASURE( 1.000000000000000100E-005 ), #1787, 'distance_accuracy_value', 'NONE');
#255 = DIRECTION ( 'NONE',  ( -7.290249346361470300E-032, -1.000000000000000000, -6.938893903907230000E-015 ) ) ;
#256 = PRESENTATION_STYLE_ASSIGNMENT (( #2965 ) ) ;
#257 = CARTESIAN_POINT ( 'NONE',  ( -0.01350000000000000000, 0.01909666767421790100, -0.0009999999999999024400 ) ) ;
#258 = STYLED_ITEM ( 'NONE', ( #770 ), #3483 ) ;
#259 = ORIENTED_EDGE ( 'NONE', *, *, #2294, .F. ) ;
#260 = AXIS2_PLACEMENT_3D ( 'NONE', #785, #2940, #1075 ) ;
#261 = CARTESIAN_POINT ( 'NONE',  ( 0.01350000000000000000, 0.04733443272998889100, -0.07075394419695403600 ) ) ;
#262 = EDGE_CURVE ( 'NONE', #386, #2987, #3576, .T. ) ;
#263 = VERTEX_POINT ( 'NONE', #1189 ) ;
#264 = DIRECTION ( 'NONE',  ( -7.893034146598106900E-032, -0.9654274555191101300, 0.2606718782874297100 ) ) ;
#265 = CONTEXT_DEPENDENT_SHAPE_REPRESENTATION ( #2257, #1524 ) ;
#266 = CARTESIAN_POINT ( 'NONE',  ( -0.2000000000000000100, 0.1600000000000000000, 0.2000000000000000100 ) ) ;
#267 =( LENGTH_UNIT ( ) NAMED_UNIT ( * ) SI_UNIT ( .CENTI., .METRE. ) );
#268 = CARTESIAN_POINT ( 'NONE',  ( -0.01250000000000000100, 0.004202741360954140100, -0.05233380561562840000 ) ) ;
#269 =( NAMED_UNIT ( * ) PLANE_ANGLE_UNIT ( ) SI_UNIT ( $, .RADIAN. ) );
#270 = ITEM_DEFINED_TRANSFORMATION ( 'NONE', 'NONE', #1342,  #3811 ) ;
#271 = SURFACE_STYLE_USAGE ( .BOTH. , #2087 ) ;
#272 = CARTESIAN_POINT ( 'NONE',  ( 0.01250000000000000200, 0.03229800709190899800, -0.03665550093680580000 ) ) ;
#273 = VECTOR ( 'NONE', #1123, 100.0000000000000000 ) ;
#274 = LINE ( 'NONE', #2536, #1873 ) ;
#275 = ORIENTED_EDGE ( 'NONE', *, *, #1711, .T. ) ;
#276 = UNCERTAINTY_MEASURE_WITH_UNIT (LENGTH_MEASURE( 1.000000000000000100E-005 ), #2331, 'distance_accuracy_value', 'NONE');
#277 = CARTESIAN_POINT ( 'NONE',  ( 0.3250000000000000100, 0.09749999999999990600, -0.3250000000000000100 ) ) ;
#278 = FILL_AREA_STYLE ('',( #1156 ) ) ;
#279 = CARTESIAN_POINT ( 'NONE',  ( 0.01250000000000000100, 0.07850000000000001400, -0.1500000000000000200 ) ) ;
#280 = DIRECTION ( 'NONE',  ( -0.0000000000000000000, 0.9654274555191101300, -0.2606718782874300500 ) ) ;
#281 = EDGE_CURVE ( 'NONE', #3298, #1691, #296, .T. ) ;
#282 = CYLINDRICAL_SURFACE ( 'NONE', #2031, 0.001000000000000000200 ) ;
#283 = PRODUCT_DEFINITION_SHAPE ( 'NONE', 'NONE',  #995 ) ;
#284 = SURFACE_STYLE_FILL_AREA ( #639 ) ;
#285 = AXIS2_PLACEMENT_3D ( 'NONE', #534, #2670, #825 ) ;
#286 =( GEOMETRIC_REPRESENTATION_CONTEXT ( 3 ) GLOBAL_UNCERTAINTY_ASSIGNED_CONTEXT ( ( #2498 ) ) GLOBAL_UNIT_ASSIGNED_CONTEXT ( ( #2787, #929, #3095 ) ) REPRESENTATION_CONTEXT ( 'NONE', 'WORKASPACE' ) );
#287 = UNCERTAINTY_MEASURE_WITH_UNIT (LENGTH_MEASURE( 1.000000000000000100E-005 ), #1147, 'distance_accuracy_value', 'NONE');
#288 = FILL_AREA_STYLE ('',( #1466 ) ) ;
#289 = DIRECTION ( 'NONE',  ( 0.0000000000000000000, -0.0000000000000000000, 1.000000000000000000 ) ) ;
#290 = PLANE ( 'NONE',  #3770 ) ;
#291 = CARTESIAN_POINT ( 'NONE',  ( -0.01308578643762690500, 0.09649999999999998900, -0.1499999999999999900 ) ) ;
#292 = ORIENTED_EDGE ( 'NONE', *, *, #3175, .F. ) ;
#293 = COLOUR_RGB ( '',0.7529411764705882200, 0.7529411764705882200, 0.7529411764705882200 ) ;
#294 = EDGE_CURVE ( 'NONE', #3864, #1089, #71, .T. ) ;
#295 = CARTESIAN_POINT ( 'NONE',  ( -0.01350000000000000000, 0.01909666767421790100, -0.0009999999999999100300 ) ) ;
#296 = LINE ( 'NONE', #3381, #3473 ) ;
#297 =( GEOMETRIC_REPRESENTATION_CONTEXT ( 3 ) GLOBAL_UNCERTAINTY_ASSIGNED_CONTEXT ( ( #3000 ) ) GLOBAL_UNIT_ASSIGNED_CONTEXT ( ( #2086, #269, #2403 ) ) REPRESENTATION_CONTEXT ( 'NONE', 'WORKASPACE' ) );
#298 = EDGE_LOOP ( 'NONE', ( #1757, #3153, #2218, #1034 ) ) ;
#299 = CIRCLE ( 'NONE', #302, 0.001000000000000002600 ) ;
#300 = CARTESIAN_POINT ( 'NONE',  ( 0.01250000000000000100, 0.02006074971341707100, -0.0003821937686116100300 ) ) ;
#301 = ORIENTED_EDGE ( 'NONE', *, *, #2541, .T. ) ;
#302 = AXIS2_PLACEMENT_3D ( 'NONE', #605, #2742, #891 ) ;
#303 = AXIS2_PLACEMENT_3D ( 'NONE', #2767, #914, #3077 ) ;
#304 = EDGE_CURVE ( 'NONE', #3069, #3064, #1854, .T. ) ;
#305 = CARTESIAN_POINT ( 'NONE',  ( 0.01250000000000001500, 0.04058487860451449900, -0.06996732999083349300 ) ) ;
#306 = CARTESIAN_POINT ( 'NONE',  ( -0.4500000000000000700, 0.0000000000000000000, -0.2250000000000000300 ) ) ;
#307 = EDGE_CURVE ( 'NONE', #3416, #3119, #1080, .T. ) ;
#308 = CONTEXT_DEPENDENT_SHAPE_REPRESENTATION ( #2859, #716 ) ;
#309 =( NAMED_UNIT ( * ) PLANE_ANGLE_UNIT ( ) SI_UNIT ( $, .RADIAN. ) );
#310 = ITEM_DEFINED_TRANSFORMATION ( 'NONE', 'NONE', #3092,  #3811 ) ;
#311 = DIRECTION ( 'NONE',  ( -0.7071067811865480200, 2.474882848664240800E-030, -0.7071067811865471300 ) ) ;
#312 = VERTEX_POINT ( 'NONE', #1583 ) ;
#313 = DIRECTION ( 'NONE',  ( 0.0000000000000000000, 1.084202172485501600E-014, -1.000000000000000000 ) ) ;
#314 =( NAMED_UNIT ( * ) SI_UNIT ( $, .STERADIAN. ) SOLID_ANGLE_UNIT ( ) );
#315 =( NAMED_UNIT ( * ) SI_UNIT ( $, .STERADIAN. ) SOLID_ANGLE_UNIT ( ) );
#316 = ORIENTED_EDGE ( 'NONE', *, *, #2319, .T. ) ;
#317 = DIRECTION ( 'NONE',  ( -1.000000000000000000, 0.0000000000000000000, -3.491483361109380100E-015 ) ) ;
#318 =( GEOMETRIC_REPRESENTATION_CONTEXT ( 3 ) GLOBAL_UNCERTAINTY_ASSIGNED_CONTEXT ( ( #1659 ) ) GLOBAL_UNIT_ASSIGNED_CONTEXT ( ( #3837, #1966, #149 ) ) REPRESENTATION_CONTEXT ( 'NONE', 'WORKASPACE' ) );
#319 = UNCERTAINTY_MEASURE_WITH_UNIT (LENGTH_MEASURE( 1.000000000000000100E-005 ), #5, 'distance_accuracy_value', 'NONE');
#320 = SURFACE_STYLE_USAGE ( .BOTH. , #2144 ) ;
#321 = LINE ( 'NONE', #370, #3508 ) ;
#322 =( NAMED_UNIT ( * ) PLANE_ANGLE_UNIT ( ) SI_UNIT ( $, .RADIAN. ) );
#323 =( NAMED_UNIT ( * ) SI_UNIT ( $, .STERADIAN. ) SOLID_ANGLE_UNIT ( ) );
#324 = CARTESIAN_POINT ( 'NONE',  ( -0.01350000000000000000, 0.01780249144348780600, -0.06278012227940030200 ) ) ;
#325 = PRESENTATION_LAYER_ASSIGNMENT (  '', '', ( #3909 ) ) ;
#326 = LINE ( 'NONE', #277, #1935 ) ;
#327 = SURFACE_STYLE_USAGE ( .BOTH. , #2155 ) ;
#328 = EDGE_CURVE ( 'NONE', #2220, #2249, #194, .T. ) ;
#329 = CARTESIAN_POINT ( 'NONE',  ( 0.01250000000000000100, 0.09650000000000000200, -0.1499999999999999900 ) ) ;
#330 = DIRECTION ( 'NONE',  ( -3.491483361109380100E-015, 0.0000000000000000000, 1.000000000000000000 ) ) ;
#331 = VECTOR ( 'NONE', #1952, 100.0000000000000100 ) ;
#332 = COLOUR_RGB ( '',0.7529411764705882200, 0.7529411764705882200, 0.7529411764705882200 ) ;
#333 = SURFACE_SIDE_STYLE ('',( #1784 ) ) ;
#334 = ORIENTED_EDGE ( 'NONE', *, *, #48, .T. ) ;
#335 = CARTESIAN_POINT ( 'NONE',  ( 0.01250000000000000100, 0.07850000000000000000, -0.09336630467740500400 ) ) ;
#336 = COLOUR_RGB ( '',0.7529411764705882200, 0.7529411764705882200, 0.7529411764705882200 ) ;
#337 = VERTEX_POINT ( 'NONE', #704 ) ;
#338 = CARTESIAN_POINT ( 'NONE',  ( 0.01350000000000002900, 0.02218592911600439400, -0.04191355711166490400 ) ) ;
#339 =( GEOMETRIC_REPRESENTATION_CONTEXT ( 3 ) GLOBAL_UNCERTAINTY_ASSIGNED_CONTEXT ( ( #1987 ) ) GLOBAL_UNIT_ASSIGNED_CONTEXT ( ( #2872, #1011, #3179 ) ) REPRESENTATION_CONTEXT ( 'NONE', 'WORKASPACE' ) );
#340 = FILL_AREA_STYLE ('',( #31 ) ) ;
#341 =( NAMED_UNIT ( * ) PLANE_ANGLE_UNIT ( ) SI_UNIT ( $, .RADIAN. ) );
#342 = DIRECTION ( 'NONE',  ( 1.000000000000000000, 0.0000000000000000000, 0.0000000000000000000 ) ) ;
#343 = ORIENTED_EDGE ( 'NONE', *, *, #1977, .F. ) ;
#344 = AXIS2_PLACEMENT_3D ( 'NONE', #372, #3120, #2511 ) ;
#345 = VERTEX_POINT ( 'NONE', #98 ) ;
#346 = ADVANCED_FACE ( 'NONE', ( #980 ), #2224, .T. ) ;
#347 = PRESENTATION_LAYER_ASSIGNMENT (  '', '', ( #558 ) ) ;
#348 = CARTESIAN_POINT ( 'NONE',  ( 0.01308578643762690500, 0.07749999999999999900, -0.1489999999999999900 ) ) ;
#349 = PRESENTATION_STYLE_ASSIGNMENT (( #442 ) ) ;
#350 = SURFACE_STYLE_FILL_AREA ( #3367 ) ;
#351 = FILL_AREA_STYLE ('',( #1833 ) ) ;
#352 = AXIS2_PLACEMENT_3D ( 'NONE', #1662, #3856, #1989 ) ;
#353 = MECHANICAL_DESIGN_GEOMETRIC_PRESENTATION_REPRESENTATION (  '', ( #3736 ), #563 ) ;
#354 = CARTESIAN_POINT ( 'NONE',  ( -0.01308578643762690400, 6.489650878479341300E-005, -0.001061048539534836500 ) ) ;
#355 = CONTEXT_DEPENDENT_SHAPE_REPRESENTATION ( #3464, #3889 ) ;
#356 = APPLICATION_PROTOCOL_DEFINITION ( 'draft international standard', 'automotive_design', 1998, #2180 ) ;
#357 = LINE ( 'NONE', #1382, #1148 ) ;
#358 = LINE ( 'NONE', #2375, #1872 ) ;
#359 = EDGE_LOOP ( 'NONE', ( #2980, #1001, #2368, #489 ) ) ;
#360 = CARTESIAN_POINT ( 'NONE',  ( -0.01350000000000000000, 0.001834878604514530300, -0.02999999999999999900 ) ) ;
#361 = COLOUR_RGB ( '',0.1254901960784313700, 0.1254901960784313700, 0.1254901960784313700 ) ;
#362 = ADVANCED_FACE ( 'NONE', ( #3904 ), #1129, .T. ) ;
#363 = DIRECTION ( 'NONE',  ( -0.0000000000000000000, 0.0000000000000000000, 1.000000000000000000 ) ) ;
#364 = UNCERTAINTY_MEASURE_WITH_UNIT (LENGTH_MEASURE( 1.000000000000000100E-005 ), #3637, 'distance_accuracy_value', 'NONE');
#365 = ORIENTED_EDGE ( 'NONE', *, *, #3678, .F. ) ;
#366 = COLOUR_RGB ( '',0.7529411764705882200, 0.7529411764705882200, 0.7529411764705882200 ) ;
#367 =( REPRESENTATION_RELATIONSHIP ('NONE','NONE', #1095, #2743 ) REPRESENTATION_RELATIONSHIP_WITH_TRANSFORMATION ( #3592 )SHAPE_REPRESENTATION_RELATIONSHIP( ) );
#368 =( GEOMETRIC_REPRESENTATION_CONTEXT ( 3 ) GLOBAL_UNCERTAINTY_ASSIGNED_CONTEXT ( ( #3307 ) ) GLOBAL_UNIT_ASSIGNED_CONTEXT ( ( #2668, #820, #2986 ) ) REPRESENTATION_CONTEXT ( 'NONE', 'WORKASPACE' ) );
#369 = DIRECTION ( 'NONE',  ( 7.290249346361470300E-032, 1.000000000000000000, 4.760081218080361000E-015 ) ) ;
#370 = CARTESIAN_POINT ( 'NONE',  ( 0.3499999999999999800, 0.09749999999999990600, -0.3499999999999999800 ) ) ;
#371 = AXIS2_PLACEMENT_3D ( 'NONE', #832, #2993, #1131 ) ;
#372 = CARTESIAN_POINT ( 'NONE',  ( -0.01350000000000000000, 0.02275525713094899900, -0.04443700062453719700 ) ) ;
#373 = PRESENTATION_LAYER_ASSIGNMENT (  '', '', ( #585 ) ) ;
#374 = EDGE_CURVE ( 'NONE', #3581, #3859, #1948, .T. ) ;
#375 = CARTESIAN_POINT ( 'NONE',  ( -0.01250000000000000100, 0.07749999999999999900, -0.07993465998166700300 ) ) ;
#376 = EDGE_LOOP ( 'NONE', ( #1738, #1763, #2875, #1718 ) ) ;
#377 = ORIENTED_EDGE ( 'NONE', *, *, #1069, .T. ) ;
#378 = CARTESIAN_POINT ( 'NONE',  ( -0.01308578643762693300, 0.02539829154026449300, -0.04515063761498729800 ) ) ;
#379 = SURFACE_STYLE_FILL_AREA ( #3851 ) ;
#380 = CARTESIAN_POINT ( 'NONE',  ( -0.2937867965644031000, 0.01499999999999994200, 0.3350000000000001300 ) ) ;
#381 = ADVANCED_FACE ( 'NONE', ( #429 ), #2397, .T. ) ;
#382 = VECTOR ( 'NONE', #1349, 100.0000000000000100 ) ;
#383 = ORIENTED_EDGE ( 'NONE', *, *, #3665, .T. ) ;
#384 = SURFACE_STYLE_USAGE ( .BOTH. , #2209 ) ;
#385 = ADVANCED_FACE ( 'NONE', ( #847 ), #3109, .T. ) ;
#386 = VERTEX_POINT ( 'NONE', #2897 ) ;
#387 = DIRECTION ( 'NONE',  ( 7.290249346361470300E-032, 1.000000000000000000, 4.760081218080360200E-015 ) ) ;
#388 =( REPRESENTATION_RELATIONSHIP ('NONE','NONE', #1095, #2743 ) REPRESENTATION_RELATIONSHIP_WITH_TRANSFORMATION ( #949 )SHAPE_REPRESENTATION_RELATIONSHIP( ) );
#389 = DIRECTION ( 'NONE',  ( 3.279322939077849900E-032, -2.390708191312053500E-063, -1.000000000000000000 ) ) ;
#390 = VECTOR ( 'NONE', #2824, 100.0000000000000000 ) ;
#391 = DIRECTION ( 'NONE',  ( 0.0000000000000000000, -1.084202172485501600E-014, 1.000000000000000000 ) ) ;
#392 = AXIS2_PLACEMENT_3D ( 'NONE', #724, #2874, #1016 ) ;
#393 = CARTESIAN_POINT ( 'NONE',  ( 0.01250000000000001100, 0.01754181956520039000, -0.06374554973491942900 ) ) ;
#394 = EDGE_CURVE ( 'NONE', #3636, #2952, #2102, .T. ) ;
#395 = DIRECTION ( 'NONE',  ( 0.7071067811865468000, -0.0000000000000000000, 0.7071067811865482400 ) ) ;
#396 = PRODUCT_DEFINITION_SHAPE ( 'NONE', 'NONE',  #3960 ) ;
#397 = CONTEXT_DEPENDENT_SHAPE_REPRESENTATION ( #60, #3035 ) ;
#398 = ORIENTED_EDGE ( 'NONE', *, *, #1895, .F. ) ;
#399 = ADVANCED_FACE ( 'NONE', ( #1257 ), #123, .T. ) ;
#400 = FILL_AREA_STYLE_COLOUR ( '', #1814 ) ;
#401 = FACE_OUTER_BOUND ( 'NONE', #3379, .T. ) ;
#402 = CARTESIAN_POINT ( 'NONE',  ( -0.01250000000000000100, 0.02539829154026448900, -0.04515063761498729100 ) ) ;
#403 = CARTESIAN_POINT ( 'NONE',  ( -0.3350000000000000200, 0.01499999999999995800, -0.3499999999999999800 ) ) ;
#404 = ADVANCED_FACE ( 'NONE', ( #1756 ), #3801, .T. ) ;
#405 = ORIENTED_EDGE ( 'NONE', *, *, #3506, .T. ) ;
#406 =( NAMED_UNIT ( * ) SI_UNIT ( $, .STERADIAN. ) SOLID_ANGLE_UNIT ( ) );
#407 = CARTESIAN_POINT ( 'NONE',  ( -0.01250000000000000100, 0.05945185461505573400, -0.05434532769588238500 ) ) ;
#408 = COLOUR_RGB ( '',0.7529411764705882200, 0.7529411764705882200, 0.7529411764705882200 ) ;
#409 = LINE ( 'NONE', #1592, #2758 ) ;
#410 = EDGE_CURVE ( 'NONE', #1462, #1945, #2296, .T. ) ;
#411 = CARTESIAN_POINT ( 'NONE',  ( 0.01250000000000000100, 0.09749999999999998900, -0.07053698364643723500 ) ) ;
#412 = DIRECTION ( 'NONE',  ( 0.6875816551701148200, 0.2333729524753249700, 0.6875816551701150500 ) ) ;
#413 = DIRECTION ( 'NONE',  ( 0.0000000000000000000, 0.9723873019805172600, -0.2333729524753250500 ) ) ;
#414 =( REPRESENTATION_RELATIONSHIP ('NONE','NONE', #1095, #2743 ) REPRESENTATION_RELATIONSHIP_WITH_TRANSFORMATION ( #2358 )SHAPE_REPRESENTATION_RELATIONSHIP( ) );
#415 = FACE_OUTER_BOUND ( 'NONE', #298, .T. ) ;
#416 = FILL_AREA_STYLE ('',( #3804 ) ) ;
#417 =( GEOMETRIC_REPRESENTATION_CONTEXT ( 3 ) GLOBAL_UNCERTAINTY_ASSIGNED_CONTEXT ( ( #2619 ) ) GLOBAL_UNIT_ASSIGNED_CONTEXT ( ( #157, #2288, #460 ) ) REPRESENTATION_CONTEXT ( 'NONE', 'WORKASPACE' ) );
#418 =( NAMED_UNIT ( * ) PLANE_ANGLE_UNIT ( ) SI_UNIT ( $, .RADIAN. ) );
#419 =( NAMED_UNIT ( * ) SI_UNIT ( $, .STERADIAN. ) SOLID_ANGLE_UNIT ( ) );
#420 = ADVANCED_FACE ( 'NONE', ( #3117 ), #240, .F. ) ;
#421 = ORIENTED_EDGE ( 'NONE', *, *, #1503, .T. ) ;
#422 = LINE ( 'NONE', #2216, #1122 ) ;
#423 = MECHANICAL_DESIGN_GEOMETRIC_PRESENTATION_REPRESENTATION (  '', ( #19 ), #631 ) ;
#424 = PRESENTATION_LAYER_ASSIGNMENT (  '', '', ( #229 ) ) ;
#425 = CARTESIAN_POINT ( 'NONE',  ( 0.01350000000000000000, 0.09649999999999998900, -0.07993465998166697500 ) ) ;
#426 = CARTESIAN_POINT ( 'NONE',  ( -0.01350000000000000000, 0.09650000000000000200, -0.07176527936397669700 ) ) ;
#427 = ORIENTED_EDGE ( 'NONE', *, *, #728, .F. ) ;
#428 =( NAMED_UNIT ( * ) SI_UNIT ( $, .STERADIAN. ) SOLID_ANGLE_UNIT ( ) );
#429 = FACE_OUTER_BOUND ( 'NONE', #2639, .T. ) ;
#430 = ORIENTED_EDGE ( 'NONE', *, *, #3271, .F. ) ;
#431 = LINE ( 'NONE', #2507, #2778 ) ;
#432 = CARTESIAN_POINT ( 'NONE',  ( 0.01308578643762690500, 0.07010671878287426400, -0.07793842454154370500 ) ) ;
#433 = DIRECTION ( 'NONE',  ( 1.000000000000000000, 0.0000000000000000000, 0.0000000000000000000 ) ) ;
#434 = SURFACE_STYLE_USAGE ( .BOTH. , #2263 ) ;
#435 = FILL_AREA_STYLE_COLOUR ( '', #1441 ) ;
#436 = ORIENTED_EDGE ( 'NONE', *, *, #3665, .F. ) ;
#437 = UNCERTAINTY_MEASURE_WITH_UNIT (LENGTH_MEASURE( 1.000000000000000100E-005 ), #2579, 'distance_accuracy_value', 'NONE');
#438 = FACE_OUTER_BOUND ( 'NONE', #1650, .T. ) ;
#439 = SURFACE_STYLE_USAGE ( .BOTH. , #2267 ) ;
#440 = SURFACE_STYLE_FILL_AREA ( #134 ) ;
#441 = AXIS2_PLACEMENT_3D ( 'NONE', #3007, #1141, #3328 ) ;
#442 = SURFACE_STYLE_USAGE ( .BOTH. , #2271 ) ;
#443 = CARTESIAN_POINT ( 'NONE',  ( 0.3499999999999999800, 0.07750000000000001300, -0.2999999999999999900 ) ) ;
#444 = CARTESIAN_POINT ( 'NONE',  ( -0.3350000000000000800, 0.1600000000000000300, -0.3499999999999999800 ) ) ;
#445 =( REPRESENTATION_RELATIONSHIP ('NONE','NONE', #1095, #2743 ) REPRESENTATION_RELATIONSHIP_WITH_TRANSFORMATION ( #3768 )SHAPE_REPRESENTATION_RELATIONSHIP( ) );
#446 = CARTESIAN_POINT ( 'NONE',  ( -0.1250000000000000000, 0.0000000000000000000, 0.4500000000000000700 ) ) ;
#447 = CARTESIAN_POINT ( 'NONE',  ( -0.01350000000000000000, 0.09650000000000001600, -0.1489999999999999700 ) ) ;
#448 = CARTESIAN_POINT ( 'NONE',  ( -0.01350000000000000000, 0.02969128830903470400, -0.04630977549199690600 ) ) ;
#449 = DIRECTION ( 'NONE',  ( 0.0000000000000000000, -0.2606718782874300500, -0.9654274555191101300 ) ) ;
#450 = PRESENTATION_LAYER_ASSIGNMENT (  '', '', ( #258 ) ) ;
#451 = PRESENTATION_LAYER_ASSIGNMENT (  '', '', ( #44 ) ) ;
#452 = EDGE_CURVE ( 'NONE', #623, #3465, #1848, .T. ) ;
#453 = CARTESIAN_POINT ( 'NONE',  ( -0.01250000000000000100, 0.003335494101621765300, -0.05453484650289833200 ) ) ;
#454 = EDGE_LOOP ( 'NONE', ( #3395, #124, #584 ) ) ;
#455 = FILL_AREA_STYLE_COLOUR ( '', #1516 ) ;
#456 = CARTESIAN_POINT ( 'NONE',  ( -0.01250000000000000100, 0.09649999999999998900, -0.07993465998166700300 ) ) ;
#457 = COLOUR_RGB ( '',0.7529411764705882200, 0.7529411764705882200, 0.7529411764705882200 ) ;
#458 = DIRECTION ( 'NONE',  ( 0.0000000000000000000, 1.000000000000000000, 0.0000000000000000000 ) ) ;
#459 = DIRECTION ( 'NONE',  ( 0.0000000000000000000, 0.0000000000000000000, 1.000000000000000000 ) ) ;
#460 =( NAMED_UNIT ( * ) SI_UNIT ( $, .STERADIAN. ) SOLID_ANGLE_UNIT ( ) );
#461 = SURFACE_STYLE_FILL_AREA ( #3708 ) ;
#462 = CARTESIAN_POINT ( 'NONE',  ( -6.331740687315350400E-018, 0.07750000000000006900, 0.3500000000000000300 ) ) ;
#463 = MECHANICAL_DESIGN_GEOMETRIC_PRESENTATION_REPRESENTATION (  '', ( #3438 ), #665 ) ;
#464 = ORIENTED_EDGE ( 'NONE', *, *, #3426, .T. ) ;
#465 = CARTESIAN_POINT ( 'NONE',  ( -0.01349999999999999800, 0.009645797582824409600, -0.06057776031308206900 ) ) ;
#466 = SURFACE_STYLE_FILL_AREA ( #206 ) ;
#467 = SURFACE_STYLE_FILL_AREA ( #3649 ) ;
#468 =( NAMED_UNIT ( * ) PLANE_ANGLE_UNIT ( ) SI_UNIT ( $, .RADIAN. ) );
#469 = FILL_AREA_STYLE_COLOUR ( '', #1577 ) ;
#470 = DIRECTION ( 'NONE',  ( 7.290249346361470300E-032, 1.000000000000000000, 4.760081218080360200E-015 ) ) ;
#471 = FACE_OUTER_BOUND ( 'NONE', #981, .T. ) ;
#472 = COLOUR_RGB ( '',0.7529411764705882200, 0.7529411764705882200, 0.7529411764705882200 ) ;
#473 = STYLED_ITEM ( 'NONE', ( #532 ), #1275 ) ;
#474 = STYLED_ITEM ( 'NONE', ( #1331 ), #2199 ) ;
#475 = DIRECTION ( 'NONE',  ( 1.000000000000000000, 0.0000000000000000000, 0.0000000000000000000 ) ) ;
#476 = DIRECTION ( 'NONE',  ( 3.718265416196989900E-032, 0.06104853953485690100, -0.9981347984218670300 ) ) ;
#477 = ORIENTED_EDGE ( 'NONE', *, *, #2634, .T. ) ;
#478 =( NAMED_UNIT ( * ) SI_UNIT ( $, .STERADIAN. ) SOLID_ANGLE_UNIT ( ) );
#479 = PRESENTATION_STYLE_ASSIGNMENT (( #2620 ) ) ;
#480 = EDGE_CURVE ( 'NONE', #1256, #915, #3517, .T. ) ;
#481 = CIRCLE ( 'NONE', #1761, 0.001000000000000000000 ) ;
#482 = CARTESIAN_POINT ( 'NONE',  ( -0.2937867965644039800, 0.01499999999999998700, -0.3350000000000000200 ) ) ;
#483 = AXIS2_PLACEMENT_3D ( 'NONE', #2988, #1121, #3308 ) ;
#484 = AXIS2_PLACEMENT_3D ( 'NONE', #375, #2513, #679 ) ;
#485 = SHAPE_DEFINITION_REPRESENTATION ( #3758, #1095 ) ;
#486 = SURFACE_SIDE_STYLE ('',( #2929 ) ) ;
#487 = LINE ( 'NONE', #3428, #2105 ) ;
#488 =( NAMED_UNIT ( * ) SI_UNIT ( $, .STERADIAN. ) SOLID_ANGLE_UNIT ( ) );
#489 = ORIENTED_EDGE ( 'NONE', *, *, #1926, .F. ) ;
#490 =( NAMED_UNIT ( * ) PLANE_ANGLE_UNIT ( ) SI_UNIT ( $, .RADIAN. ) );
#491 = CARTESIAN_POINT ( 'NONE',  ( -0.01249999999999999900, 0.09178621231786152100, -0.06307582081312640400 ) ) ;
#492 = EDGE_LOOP ( 'NONE', ( #1554, #377, #515, #619 ) ) ;
#493 =( BOUNDED_SURFACE ( )  B_SPLINE_SURFACE ( 3, 3, ( 
 ( #3288, #3318, #1435, #3635 ),
 ( #1742, #3930, #2071, #252 ),
 ( #2385, #556, #2695, #842 ),
 ( #3009, #1143, #3331, #1445 ) ),
 .UNSPECIFIED., .F., .F., .F. ) 
 B_SPLINE_SURFACE_WITH_KNOTS ( ( 4, 4 ),
 ( 4, 4 ),
 ( 0.0000000000000000000, 1.000000000000000000 ),
 ( 0.0000000000000000000, 1.000000000000000000 ),
 .UNSPECIFIED. ) 
 GEOMETRIC_REPRESENTATION_ITEM ( )  RATIONAL_B_SPLINE_SURFACE ( (
 ( 1.000000000000000000, 0.8747560699726371100, 0.8747560699726371100, 1.000000000000000000),
 ( 0.8047378541243677100, 0.7039493226320452400, 0.7039493226320452400, 0.8047378541243677100),
 ( 0.8047378541243677100, 0.7039493226320452400, 0.7039493226320452400, 0.8047378541243677100),
 ( 1.000000000000000000, 0.8747560699726371100, 0.8747560699726371100, 1.000000000000000000) ) ) 
 REPRESENTATION_ITEM ( '' )  SURFACE ( )  );
#494 = CARTESIAN_POINT ( 'NONE',  ( 0.4500000000000000700, 0.0000000000000000000, 0.07499999999999999700 ) ) ;
#495 = COLOUR_RGB ( '',0.7529411764705882200, 0.7529411764705882200, 0.7529411764705882200 ) ;
#496 = FILL_AREA_STYLE_COLOUR ( '', #3398 ) ;
#497 = EDGE_CURVE ( 'NONE', #3026, #386, #3412, .T. ) ;
#498 = ITEM_DEFINED_TRANSFORMATION ( 'NONE', 'NONE', #3145,  #3811 ) ;
#499 = VECTOR ( 'NONE', #363, 100.0000000000000000 ) ;
#500 = DIRECTION ( 'NONE',  ( -0.6875816551701148200, 0.2333729524753249700, 0.6875816551701150500 ) ) ;
#501 = CARTESIAN_POINT ( 'NONE',  ( -0.01350000000000000500, 0.07021469261019022700, -0.07753853139598034000 ) ) ;
#502 = SURFACE_STYLE_USAGE ( .BOTH. , #2327 ) ;
#503 =( NAMED_UNIT ( * ) PLANE_ANGLE_UNIT ( ) SI_UNIT ( $, .RADIAN. ) );
#504 = CARTESIAN_POINT ( 'NONE',  ( -0.01350000000000000000, 0.08245276568746108500, -0.06159153832680390500 ) ) ;
#505 = FACE_OUTER_BOUND ( 'NONE', #1747, .T. ) ;
#506 = AXIS2_PLACEMENT_3D ( 'NONE', #3054, #1290, #3490 ) ;
#507 = LINE ( 'NONE', #2054, #2332 ) ;
#508 = VERTEX_POINT ( 'NONE', #1431 ) ;
#509 = DIRECTION ( 'NONE',  ( 1.000000000000000000, 0.0000000000000000000, -3.491483361109380100E-015 ) ) ;
#510 =( NAMED_UNIT ( * ) PLANE_ANGLE_UNIT ( ) SI_UNIT ( $, .RADIAN. ) );
#511 = DIRECTION ( 'NONE',  ( -0.7071067811865474600, -0.0000000000000000000, 0.7071067811865476800 ) ) ;
#512 = AXIS2_PLACEMENT_3D ( 'NONE', #3364, #1480, #3684 ) ;
#513 = PRESENTATION_LAYER_ASSIGNMENT (  '', '', ( #95 ) ) ;
#514 = COLOUR_RGB ( '',0.1254901960784313700, 0.1254901960784313700, 0.1254901960784313700 ) ;
#515 = ORIENTED_EDGE ( 'NONE', *, *, #1693, .F. ) ;
#516 = CARTESIAN_POINT ( 'NONE',  ( -0.01350000000000000000, 0.05402331069110310300, -0.07176527936397669700 ) ) ;
#517 = ADVANCED_BREP_SHAPE_REPRESENTATION ( '', ( #1781, #3811 ), #3610 ) ;
#518 = EDGE_CURVE ( 'NONE', #645, #983, #1740, .T. ) ;
#519 = DIRECTION ( 'NONE',  ( -1.000000000000000000, -0.0000000000000000000, -0.0000000000000000000 ) ) ;
#520 = VECTOR ( 'NONE', #1801, 100.0000000000000000 ) ;
#521 = SURFACE_STYLE_USAGE ( .BOTH. , #2337 ) ;
#522 = CARTESIAN_POINT ( 'NONE',  ( -0.01250000000000000100, 0.09650000000000000200, -0.1499999999999999100 ) ) ;
#523 = COLOUR_RGB ( '',0.7529411764705882200, 0.7529411764705882200, 0.7529411764705882200 ) ;
#524 = VERTEX_POINT ( 'NONE', #1736 ) ;
#525 = DIRECTION ( 'NONE',  ( -1.000000000000000000, 0.0000000000000000000, -6.982966722218760200E-015 ) ) ;
#526 = CARTESIAN_POINT ( 'NONE',  ( 0.01308578643762690500, 6.489650878479520200E-005, -0.001061048539534873800 ) ) ;
#527 =( LENGTH_UNIT ( ) NAMED_UNIT ( * ) SI_UNIT ( .CENTI., .METRE. ) );
#528 = STYLED_ITEM ( 'NONE', ( #479 ), #399 ) ;
#529 = DIRECTION ( 'NONE',  ( 3.279322939077849900E-032, 1.625387360916020400E-016, -1.000000000000000000 ) ) ;
#530 = EDGE_LOOP ( 'NONE', ( #769, #1851, #2213, #2077 ) ) ;
#531 = SURFACE_STYLE_USAGE ( .BOTH. , #2355 ) ;
#532 = PRESENTATION_STYLE_ASSIGNMENT (( #3033 ) ) ;
#533 = ORIENTED_EDGE ( 'NONE', *, *, #850, .F. ) ;
#534 = CARTESIAN_POINT ( 'NONE',  ( 0.02500000000000000100, 0.0000000000000000000, -0.4500000000000000700 ) ) ;
#535 = COLOUR_RGB ( '',0.7529411764705882200, 0.7529411764705882200, 0.7529411764705882200 ) ;
#536 = VERTEX_POINT ( 'NONE', #2991 ) ;
#537 = CARTESIAN_POINT ( 'NONE',  ( -0.2999999999999999900, 0.08749999999999999400, -0.3499999999999999800 ) ) ;
#538 = EDGE_CURVE ( 'NONE', #3524, #599, #137, .T. ) ;
#539 = PRODUCT_DEFINITION_SHAPE ( 'NONE', 'NONE',  #3976 ) ;
#540 =( LENGTH_UNIT ( ) NAMED_UNIT ( * ) SI_UNIT ( .CENTI., .METRE. ) );
#541 = VERTEX_POINT ( 'NONE', #3312 ) ;
#542 = DIRECTION ( 'NONE',  ( -0.2322901742829641700, 0.9678757261790231800, 0.09621774059402285500 ) ) ;
#543 = CARTESIAN_POINT ( 'NONE',  ( -0.01349999999999999800, 0.02161713742577897600, -0.04220931616990445500 ) ) ;
#544 = VECTOR ( 'NONE', #2056, 100.0000000000000000 ) ;
#545 = CARTESIAN_POINT ( 'NONE',  ( 0.01350000000000000500, 0.07849999999999998600, -0.08242397711235845100 ) ) ;
#546 = SURFACE_STYLE_USAGE ( .BOTH. , #2365 ) ;
#547 = UNCERTAINTY_MEASURE_WITH_UNIT (LENGTH_MEASURE( 1.000000000000000100E-005 ), #3564, 'distance_accuracy_value', 'NONE');
#548 = DIRECTION ( 'NONE',  ( 0.7071067811865476800, 0.0000000000000000000, -0.7071067811865474600 ) ) ;
#549 = CARTESIAN_POINT ( 'NONE',  ( -0.01308578643762690500, 0.02009480247263976600, -0.0009389514604650424400 ) ) ;
#550 = DIRECTION ( 'NONE',  ( 6.982966722218760200E-015, 0.0000000000000000000, -1.000000000000000000 ) ) ;
#551 = ITEM_DEFINED_TRANSFORMATION ( 'NONE', 'NONE', #871,  #3811 ) ;
#552 = STYLED_ITEM ( 'NONE', ( #3899 ), #63 ) ;
#553 =( NAMED_UNIT ( * ) PLANE_ANGLE_UNIT ( ) SI_UNIT ( $, .RADIAN. ) );
#554 = CARTESIAN_POINT ( 'NONE',  ( -0.01250000000000000100, 0.08245276568746109900, -0.06159153832680387000 ) ) ;
#555 = PRESENTATION_LAYER_ASSIGNMENT (  '', '', ( #3928 ) ) ;
#556 = CARTESIAN_POINT ( 'NONE',  ( 0.01349999999999999100, 0.009241621603460715600, -0.06107539389826861100 ) ) ;
#557 = CARTESIAN_POINT ( 'NONE',  ( -0.3000000000000000400, 0.08749999999999999400, 0.3500000000000000300 ) ) ;
#558 = STYLED_ITEM ( 'NONE', ( #644 ), #1934 ) ;
#559 = FACE_OUTER_BOUND ( 'NONE', #2193, .T. ) ;
#560 = ORIENTED_EDGE ( 'NONE', *, *, #1693, .T. ) ;
#561 = CARTESIAN_POINT ( 'NONE',  ( -0.01350000000000000000, 0.07749999999999999900, -0.08759269909673479700 ) ) ;
#562 = AXIS2_PLACEMENT_3D ( 'NONE', #167, #2302, #475 ) ;
#563 =( GEOMETRIC_REPRESENTATION_CONTEXT ( 3 ) GLOBAL_UNCERTAINTY_ASSIGNED_CONTEXT ( ( #3895 ) ) GLOBAL_UNIT_ASSIGNED_CONTEXT ( ( #540, #2676, #829 ) ) REPRESENTATION_CONTEXT ( 'NONE', 'WORKASPACE' ) );
#564 = UNCERTAINTY_MEASURE_WITH_UNIT (LENGTH_MEASURE( 1.000000000000000100E-005 ), #2717, 'distance_accuracy_value', 'NONE');
#565 =( BOUNDED_SURFACE ( )  B_SPLINE_SURFACE ( 3, 3, ( 
 ( #992, #2236, #411, #2551 ),
 ( #714, #2867, #1005, #3172 ),
 ( #1308, #3507, #1609, #3812 ),
 ( #1937, #122, #2252, #425 ) ),
 .UNSPECIFIED., .F., .F., .F. ) 
 B_SPLINE_SURFACE_WITH_KNOTS ( ( 4, 4 ),
 ( 4, 4 ),
 ( 0.0000000000000000000, 1.000000000000000000 ),
 ( 0.0000000000000000000, 1.000000000000000000 ),
 .UNSPECIFIED. ) 
 GEOMETRIC_REPRESENTATION_ITEM ( )  RATIONAL_B_SPLINE_SURFACE ( (
 ( 1.000000000000000000, 0.8626246579231989800, 0.8626246579231989800, 1.000000000000000000),
 ( 0.8047378541243600500, 0.6941867161318753300, 0.6941867161318753300, 0.8047378541243600500),
 ( 0.8047378541243600500, 0.6941867161318753300, 0.6941867161318753300, 0.8047378541243600500),
 ( 1.000000000000000000, 0.8626246579231989800, 0.8626246579231989800, 1.000000000000000000) ) ) 
 REPRESENTATION_ITEM ( '' )  SURFACE ( )  );
#566 = CARTESIAN_POINT ( 'NONE',  ( 0.01250000000000000100, 0.07850000000000000000, -0.08759269909673479700 ) ) ;
#567 = COLOUR_RGB ( '',0.7529411764705882200, 0.7529411764705882200, 0.7529411764705882200 ) ;
#568 =( NAMED_UNIT ( * ) SI_UNIT ( $, .STERADIAN. ) SOLID_ANGLE_UNIT ( ) );
#569 = DIRECTION ( 'NONE',  ( 3.718265416196989900E-032, 0.06104853953485690100, -0.9981347984218670300 ) ) ;
#570 =( NAMED_UNIT ( * ) PLANE_ANGLE_UNIT ( ) SI_UNIT ( $, .RADIAN. ) );
#571 = SURFACE_STYLE_FILL_AREA ( #2998 ) ;
#572 = PRESENTATION_STYLE_ASSIGNMENT (( #3492 ) ) ;
#573 = DIRECTION ( 'NONE',  ( 0.0000000000000000000, 0.0000000000000000000, -1.000000000000000000 ) ) ;
#574 = ORIENTED_EDGE ( 'NONE', *, *, #3759, .F. ) ;
#575 = VERTEX_POINT ( 'NONE', #3734 ) ;
#576 = MECHANICAL_DESIGN_GEOMETRIC_PRESENTATION_REPRESENTATION (  '', ( #3550 ), #772 ) ;
#577 = VECTOR ( 'NONE', #135, 100.0000000000000000 ) ;
#578 = ORIENTED_EDGE ( 'NONE', *, *, #687, .F. ) ;
#579 = SURFACE_STYLE_USAGE ( .BOTH. , #2416 ) ;
#580 = FILL_AREA_STYLE_COLOUR ( '', #2426 ) ;
#581 = CARTESIAN_POINT ( 'NONE',  ( -0.01308578643762690500, 0.07849999999999998600, -0.1499999999999999400 ) ) ;
#582 = CARTESIAN_POINT ( 'NONE',  ( -0.01250000000000000100, 6.489650878479436200E-005, -0.001061048539534844500 ) ) ;
#583 = AXIS2_PLACEMENT_3D ( 'NONE', #3634, #1741, #3929 ) ;
#584 = ORIENTED_EDGE ( 'NONE', *, *, #918, .F. ) ;
#585 = STYLED_ITEM ( 'NONE', ( #1117 ), #2814 ) ;
#586 = PRESENTATION_STYLE_ASSIGNMENT (( #591 ) ) ;
#587 = EDGE_CURVE ( 'NONE', #1637, #508, #926, .T. ) ;
#588 = ORIENTED_EDGE ( 'NONE', *, *, #3562, .T. ) ;
#589 = CONTEXT_DEPENDENT_SHAPE_REPRESENTATION ( #136, #2371 ) ;
#590 = CARTESIAN_POINT ( 'NONE',  ( 0.01350000000000000000, 0.01909666767421790800, -0.0009999999999999104700 ) ) ;
#591 = SURFACE_STYLE_USAGE ( .BOTH. , #2424 ) ;
#592 = CARTESIAN_POINT ( 'NONE',  ( -0.01350000000000000000, 0.07010671878287430500, -0.07793842454154369100 ) ) ;
#593 = CARTESIAN_POINT ( 'NONE',  ( -0.2937867965644033700, 0.01499999999999987100, 0.3350000000000004600 ) ) ;
#594 = ITEM_DEFINED_TRANSFORMATION ( 'NONE', 'NONE', #2604,  #3811 ) ;
#595 = CARTESIAN_POINT ( 'NONE',  ( -0.01308578643762690500, 0.09750000000000001700, -0.1495857864376269100 ) ) ;
#596 = DIRECTION ( 'NONE',  ( -3.279322939077849900E-032, -1.625387360916020100E-016, 1.000000000000000000 ) ) ;
#597 = PRODUCT_DEFINITION_SHAPE ( 'NONE', 'NONE',  #3953 ) ;
#598 = PRESENTATION_LAYER_ASSIGNMENT (  '', '', ( #1097 ) ) ;
#599 = VERTEX_POINT ( 'NONE', #3647 ) ;
#600 = COLOUR_RGB ( '',0.1254901960784313700, 0.1254901960784313700, 0.1254901960784313700 ) ;
#601 = LINE ( 'NONE', #1369, #1384 ) ;
#602 = CARTESIAN_POINT ( 'NONE',  ( 0.01250000000000000100, 0.01909666767421789800, 8.944667923005411600E-017 ) ) ;
#603 = ORIENTED_EDGE ( 'NONE', *, *, #1449, .F. ) ;
#604 = PRESENTATION_LAYER_ASSIGNMENT (  '', '', ( #191 ) ) ;
#605 = CARTESIAN_POINT ( 'NONE',  ( -0.01250000000000000100, 0.09650000000000000200, -0.1489999999999999900 ) ) ;
#606 = DIRECTION ( 'NONE',  ( -0.09621774059401948200, 0.9678757261790244000, 0.2322901742829601200 ) ) ;
#607 = PRESENTATION_LAYER_ASSIGNMENT (  '', '', ( #193 ) ) ;
#608 = FILL_AREA_STYLE_COLOUR ( '', #1743 ) ;
#609 = EDGE_CURVE ( 'NONE', #1830, #3119, #1633, .T. ) ;
#610 = COLOUR_RGB ( '',0.1254901960784313700, 0.1254901960784313700, 0.1254901960784313700 ) ;
#611 = DIRECTION ( 'NONE',  ( -3.491483361109380100E-015, 0.0000000000000000000, 1.000000000000000000 ) ) ;
#612 = AXIS2_PLACEMENT_3D ( 'NONE', #35, #2171, #342 ) ;
#613 =( BOUNDED_CURVE ( )  B_SPLINE_CURVE ( 3, ( #2195, #65, #76, #2206 ),
 .UNSPECIFIED., .F., .F. ) 
 B_SPLINE_CURVE_WITH_KNOTS ( ( 4, 4 ),
 ( 0.0000000000000000000, 1.000000000000000000 ),
 .UNSPECIFIED. ) 
 CURVE ( )  GEOMETRIC_REPRESENTATION_ITEM ( )  RATIONAL_B_SPLINE_CURVE ( ( 1.000000000000000000, 0.8626246579232003100, 0.8626246579232003100, 1.000000000000000000 ) ) 
 REPRESENTATION_ITEM ( '' )  );
#614 =( NAMED_UNIT ( * ) PLANE_ANGLE_UNIT ( ) SI_UNIT ( $, .RADIAN. ) );
#615 = PRESENTATION_STYLE_ASSIGNMENT (( #3340 ) ) ;
#616 = CARTESIAN_POINT ( 'NONE',  ( 0.01250000000000000200, 0.07749999999999999900, -0.1149673299908330100 ) ) ;
#617 = SURFACE_SIDE_STYLE ('',( #2766 ) ) ;
#618 = CARTESIAN_POINT ( 'NONE',  ( -0.01350000000000000000, 0.06012762856547450300, -0.05452779118803430900 ) ) ;
#619 = ORIENTED_EDGE ( 'NONE', *, *, #3449, .F. ) ;
#620 = EDGE_CURVE ( 'NONE', #3433, #1830, #2484, .T. ) ;
#621 = CARTESIAN_POINT ( 'NONE',  ( 0.01350000000000000200, 0.09650000000000000200, -0.1490000000000000200 ) ) ;
#622 = CARTESIAN_POINT ( 'NONE',  ( -0.4500000000000000700, 0.0000000000000000000, 0.02500000000000000100 ) ) ;
#623 = VERTEX_POINT ( 'NONE', #3769 ) ;
#624 =( NAMED_UNIT ( * ) PLANE_ANGLE_UNIT ( ) SI_UNIT ( $, .RADIAN. ) );
#625 = ORIENTED_EDGE ( 'NONE', *, *, #68, .F. ) ;
#626 = STYLED_ITEM ( 'NONE', ( #1627 ), #958 ) ;
#627 = CARTESIAN_POINT ( 'NONE',  ( 0.0000000000000000000, 0.01499999999999999900, -0.3499999999999999800 ) ) ;
#628 = ORIENTED_EDGE ( 'NONE', *, *, #3891, .T. ) ;
#629 = LINE ( 'NONE', #2655, #3817 ) ;
#630 =( NAMED_UNIT ( * ) PLANE_ANGLE_UNIT ( ) SI_UNIT ( $, .RADIAN. ) );
#631 =( GEOMETRIC_REPRESENTATION_CONTEXT ( 3 ) GLOBAL_UNCERTAINTY_ASSIGNED_CONTEXT ( ( #3376 ) ) GLOBAL_UNIT_ASSIGNED_CONTEXT ( ( #1604, #3806, #1931 ) ) REPRESENTATION_CONTEXT ( 'NONE', 'WORKASPACE' ) );
#632 = MECHANICAL_DESIGN_GEOMETRIC_PRESENTATION_REPRESENTATION (  '', ( #229 ), #827 ) ;
#633 = CARTESIAN_POINT ( 'NONE',  ( 0.01250000000000000100, 0.09750000000000000300, -0.1495857864376269100 ) ) ;
#634 = DIRECTION ( 'NONE',  ( -1.000000000000000000, 0.0000000000000000000, -3.491483361109380100E-015 ) ) ;
#635 = CONTEXT_DEPENDENT_SHAPE_REPRESENTATION ( #721, #2254 ) ;
#636 =( LENGTH_UNIT ( ) NAMED_UNIT ( * ) SI_UNIT ( .CENTI., .METRE. ) );
#637 = ITEM_DEFINED_TRANSFORMATION ( 'NONE', 'NONE', #352,  #3811 ) ;
#638 = PRODUCT_DEFINITION_SHAPE ( 'NONE', 'NONE',  #3987 ) ;
#639 = FILL_AREA_STYLE ('',( #43 ) ) ;
#640 = FACE_OUTER_BOUND ( 'NONE', #1077, .T. ) ;
#641 = CARTESIAN_POINT ( 'NONE',  ( 0.01350000000000003300, 0.02958331448171876800, -0.04670966863756030600 ) ) ;
#642 = ADVANCED_FACE ( 'NONE', ( #3213 ), #79, .F. ) ;
#643 = SURFACE_STYLE_USAGE ( .BOTH. , #2481 ) ;
#644 = PRESENTATION_STYLE_ASSIGNMENT (( #3294 ) ) ;
#645 = VERTEX_POINT ( 'NONE', #1896 ) ;
#646 = APPLICATION_CONTEXT ( 'automotive_design' ) ;
#647 = AXIS2_PLACEMENT_3D ( 'NONE', #2068, #246, #2380 ) ;
#648 = CARTESIAN_POINT ( 'NONE',  ( 0.01308578643762690500, 0.07791421356237310200, -0.1500000000000000200 ) ) ;
#649 = MECHANICAL_DESIGN_GEOMETRIC_PRESENTATION_REPRESENTATION (  '', ( #258 ), #845 ) ;
#650 = CARTESIAN_POINT ( 'NONE',  ( -0.3499999999999999800, 0.08749999999999999400, 0.2999999999999999900 ) ) ;
#651 = MECHANICAL_DESIGN_GEOMETRIC_PRESENTATION_REPRESENTATION (  '', ( #44 ), #846 ) ;
#652 = SURFACE_STYLE_USAGE ( .BOTH. , #2490 ) ;
#653 = EDGE_CURVE ( 'NONE', #1136, #1235, #2922, .T. ) ;
#654 = CARTESIAN_POINT ( 'NONE',  ( -0.01349999999999999600, 0.0007030279666248253800, -0.0004142135623730959300 ) ) ;
#655 = UNCERTAINTY_MEASURE_WITH_UNIT (LENGTH_MEASURE( 1.000000000000000100E-005 ), #2682, 'distance_accuracy_value', 'NONE');
#656 = PRODUCT_CONTEXT ( 'NONE', #2790, 'mechanical' ) ;
#657 = SURFACE_STYLE_FILL_AREA ( #18 ) ;
#658 = ADVANCED_FACE ( 'NONE', ( #3749 ), #565, .T. ) ;
#659 = SURFACE_SIDE_STYLE ('',( #1391 ) ) ;
#660 = ORIENTED_EDGE ( 'NONE', *, *, #967, .T. ) ;
#661 = VERTEX_POINT ( 'NONE', #3185 ) ;
#662 = DIRECTION ( 'NONE',  ( 0.0000000000000000000, 0.06104853953485690100, -0.9981347984218669200 ) ) ;
#663 = CYLINDRICAL_SURFACE ( 'NONE', #1542, 0.0009999999999999995900 ) ;
#664 = ORIENTED_EDGE ( 'NONE', *, *, #3449, .T. ) ;
#665 =( GEOMETRIC_REPRESENTATION_CONTEXT ( 3 ) GLOBAL_UNCERTAINTY_ASSIGNED_CONTEXT ( ( #1696 ) ) GLOBAL_UNIT_ASSIGNED_CONTEXT ( ( #247, #553, #2983 ) ) REPRESENTATION_CONTEXT ( 'NONE', 'WORKASPACE' ) );
#666 = CARTESIAN_POINT ( 'NONE',  ( 0.3500000000000000300, 0.07749999999999998600, -0.3499999999999999800 ) ) ;
#667 =( REPRESENTATION_RELATIONSHIP ('NONE','NONE', #1095, #2743 ) REPRESENTATION_RELATIONSHIP_WITH_TRANSFORMATION ( #310 )SHAPE_REPRESENTATION_RELATIONSHIP( ) );
#668 = ORIENTED_EDGE ( 'NONE', *, *, #1821, .F. ) ;
#669 = PLANE ( 'NONE',  #2393 ) ;
#670 = AXIS2_PLACEMENT_3D ( 'NONE', #3018, #1160, #3344 ) ;
#671 = ORIENTED_EDGE ( 'NONE', *, *, #6, .F. ) ;
#672 = AXIS2_PLACEMENT_3D ( 'NONE', #3075, #1211, #3402 ) ;
#673 = UNCERTAINTY_MEASURE_WITH_UNIT (LENGTH_MEASURE( 1.000000000000000100E-005 ), #1681, 'distance_accuracy_value', 'NONE');
#674 = EDGE_CURVE ( 'NONE', #2952, #1493, #245, .T. ) ;
#675 =( NAMED_UNIT ( * ) PLANE_ANGLE_UNIT ( ) SI_UNIT ( $, .RADIAN. ) );
#676 = CARTESIAN_POINT ( 'NONE',  ( 0.01250000000000000100, 0.07850000000000000000, -0.1489999999999999900 ) ) ;
#677 = AXIS2_PLACEMENT_3D ( 'NONE', #1423, #3623, #1734 ) ;
#678 = ADVANCED_FACE ( 'NONE', ( #1749 ), #1624, .T. ) ;
#679 = DIRECTION ( 'NONE',  ( 0.0000000000000000000, 1.000000000000000000, 1.084202172485504600E-015 ) ) ;
#680 = CONTEXT_DEPENDENT_SHAPE_REPRESENTATION ( #1282, #1399 ) ;
#681 = CARTESIAN_POINT ( 'NONE',  ( -0.01250000000000000100, 0.02231665910769033500, -0.03726598633215440200 ) ) ;
#682 = CARTESIAN_POINT ( 'NONE',  ( -0.01250000000000000100, 0.07850000000000000000, -0.1489999999999999900 ) ) ;
#683 = DIRECTION ( 'NONE',  ( -1.000000000000000000, -0.0000000000000000000, -0.0000000000000000000 ) ) ;
#684 = ORIENTED_EDGE ( 'NONE', *, *, #1398, .T. ) ;
#685 = CYLINDRICAL_SURFACE ( 'NONE', #3368, 0.001000000000000002600 ) ;
#686 =( NAMED_UNIT ( * ) PLANE_ANGLE_UNIT ( ) SI_UNIT ( $, .RADIAN. ) );
#687 = EDGE_CURVE ( 'NONE', #3847, #3864, #2678, .T. ) ;
#688 = SURFACE_SIDE_STYLE ('',( #1024 ) ) ;
#689 = ORIENTED_EDGE ( 'NONE', *, *, #1105, .T. ) ;
#690 = CARTESIAN_POINT ( 'NONE',  ( 0.01350000000000000000, 0.01780249144348778800, -0.06278012227940034400 ) ) ;
#691 = PRESENTATION_STYLE_ASSIGNMENT (( #2361 ) ) ;
#692 =( REPRESENTATION_RELATIONSHIP ('NONE','NONE', #1095, #2743 ) REPRESENTATION_RELATIONSHIP_WITH_TRANSFORMATION ( #1663 )SHAPE_REPRESENTATION_RELATIONSHIP( ) );
#693 = AXIS2_PLACEMENT_3D ( 'NONE', #1468, #3675, #1788 ) ;
#694 = FILL_AREA_STYLE ('',( #1574 ) ) ;
#695 = AXIS2_PLACEMENT_3D ( 'NONE', #1424, #2109, #289 ) ;
#696 = FILL_AREA_STYLE_COLOUR ( '', #2608 ) ;
#697 = ADVANCED_FACE ( 'NONE', ( #1843 ), #2279, .T. ) ;
#698 = CIRCLE ( 'NONE', #3121, 0.001000000000000000200 ) ;
#699 = PRESENTATION_STYLE_ASSIGNMENT (( #3687 ) ) ;
#700 = STYLED_ITEM ( 'NONE', ( #2641 ), #3784 ) ;
#701 = MECHANICAL_DESIGN_GEOMETRIC_PRESENTATION_REPRESENTATION (  '', ( #95 ), #898 ) ;
#702 = DIRECTION ( 'NONE',  ( 0.0000000000000000000, 0.06104853953485707400, -0.9981347984218669200 ) ) ;
#703 = ADVANCED_FACE ( 'NONE', ( #2389 ), #2817, .T. ) ;
#704 = CARTESIAN_POINT ( 'NONE',  ( 0.01250000000000000100, 0.09750000000000001700, -0.1489999999999999900 ) ) ;
#705 = ORIENTED_EDGE ( 'NONE', *, *, #3584, .F. ) ;
#706 = EDGE_CURVE ( 'NONE', #3383, #3416, #3664, .T. ) ;
#707 = DIRECTION ( 'NONE',  ( 1.000000000000000000, -7.290249346361490000E-032, 3.279322939077849900E-032 ) ) ;
#708 = ORIENTED_EDGE ( 'NONE', *, *, #706, .T. ) ;
#709 = DIRECTION ( 'NONE',  ( 0.0000000000000000000, 0.0000000000000000000, 1.000000000000000000 ) ) ;
#710 = DIRECTION ( 'NONE',  ( 0.0000000000000000000, 0.0000000000000000000, -1.000000000000000000 ) ) ;
#711 = ORIENTED_EDGE ( 'NONE', *, *, #587, .F. ) ;
#712 = ORIENTED_EDGE ( 'NONE', *, *, #1834, .T. ) ;
#713 = FACE_OUTER_BOUND ( 'NONE', #1199, .T. ) ;
#714 = CARTESIAN_POINT ( 'NONE',  ( 0.01308578643762691600, 0.08271343756574849000, -0.06062611087128476400 ) ) ;
#715 = CARTESIAN_POINT ( 'NONE',  ( 0.01250000000000000100, 0.09650000000000000200, -0.08953728511987109300 ) ) ;
#716 = PRODUCT_DEFINITION_SHAPE ( 'NONE', 'NONE',  #3969 ) ;
#717 = ORIENTED_EDGE ( 'NONE', *, *, #2674, .T. ) ;
#718 = ADVANCED_FACE ( 'NONE', ( #1991 ), #1144, .T. ) ;
#719 = FILL_AREA_STYLE ('',( #2869 ) ) ;
#720 = VECTOR ( 'NONE', #2354, 100.0000000000000000 ) ;
#721 =( REPRESENTATION_RELATIONSHIP ('NONE','NONE', #1095, #2743 ) REPRESENTATION_RELATIONSHIP_WITH_TRANSFORMATION ( #3081 )SHAPE_REPRESENTATION_RELATIONSHIP( ) );
#722 = SURFACE_STYLE_USAGE ( .BOTH. , #2558 ) ;
#723 = SURFACE_STYLE_FILL_AREA ( #719 ) ;
#724 = CARTESIAN_POINT ( 'NONE',  ( -6.938893903907229900E-018, 0.1287500000000000000, 0.3425000000000000300 ) ) ;
#725 = CARTESIAN_POINT ( 'NONE',  ( -0.01350000000000000000, 0.02470831998510005000, -0.04600015128280547000 ) ) ;
#726 = UNCERTAINTY_MEASURE_WITH_UNIT (LENGTH_MEASURE( 1.000000000000000100E-005 ), #3493, 'distance_accuracy_value', 'NONE');
#727 = CARTESIAN_POINT ( 'NONE',  ( -0.01350000000000000200, 0.07791421356237308900, -0.1493431457505076400 ) ) ;
#728 = EDGE_CURVE ( 'NONE', #2987, #3593, #882, .T. ) ;
#729 = FILL_AREA_STYLE_COLOUR ( '', #336 ) ;
#730 = CONTEXT_DEPENDENT_SHAPE_REPRESENTATION ( #1882, #597 ) ;
#731 = CARTESIAN_POINT ( 'NONE',  ( -0.01350000000000000000, 0.06750000000000000400, -0.08759269909673479700 ) ) ;
#732 = CIRCLE ( 'NONE', #2232, 0.001000000000000000200 ) ;
#733 = CARTESIAN_POINT ( 'NONE',  ( 0.01349999999999999800, 0.07791421356237308900, -0.08269922867947769600 ) ) ;
#734 = VECTOR ( 'NONE', #511, 100.0000000000000000 ) ;
#735 = DIRECTION ( 'NONE',  ( 0.0000000000000000000, 0.0000000000000000000, 1.000000000000000000 ) ) ;
#736 = ORIENTED_EDGE ( 'NONE', *, *, #2866, .F. ) ;
#737 =( NAMED_UNIT ( * ) PLANE_ANGLE_UNIT ( ) SI_UNIT ( $, .RADIAN. ) );
#738 = DIRECTION ( 'NONE',  ( -7.290249346361470300E-032, -1.000000000000000000, -6.938893903907230700E-015 ) ) ;
#739 = FACE_OUTER_BOUND ( 'NONE', #1921, .T. ) ;
#740 =( NAMED_UNIT ( * ) PLANE_ANGLE_UNIT ( ) SI_UNIT ( $, .RADIAN. ) );
#741 = FILL_AREA_STYLE_COLOUR ( '', #1642 ) ;
#742 =( NAMED_UNIT ( * ) PLANE_ANGLE_UNIT ( ) SI_UNIT ( $, .RADIAN. ) );
#743 = DIRECTION ( 'NONE',  ( -0.0000000000000000000, -0.0000000000000000000, -1.000000000000000000 ) ) ;
#744 = FACE_OUTER_BOUND ( 'NONE', #376, .T. ) ;
#745 =( REPRESENTATION_RELATIONSHIP ('NONE','NONE', #1095, #2743 ) REPRESENTATION_RELATIONSHIP_WITH_TRANSFORMATION ( #498 )SHAPE_REPRESENTATION_RELATIONSHIP( ) );
#746 = MECHANICAL_DESIGN_GEOMETRIC_PRESENTATION_REPRESENTATION (  '', ( #3928 ), #935 ) ;
#747 = AXIS2_PLACEMENT_3D ( 'NONE', #198, #2005, #1707 ) ;
#748 = DIRECTION ( 'NONE',  ( 1.000000000000000000, 0.0000000000000000000, 0.0000000000000000000 ) ) ;
#749 = DIRECTION ( 'NONE',  ( 0.0000000000000000000, -1.000000000000000000, 0.0000000000000000000 ) ) ;
#750 = COLOUR_RGB ( '',0.1254901960784313700, 0.1254901960784313700, 0.1254901960784313700 ) ;
#751 = DIRECTION ( 'NONE',  ( -0.0000000000000000000, -0.06104853953485690100, 0.9981347984218669200 ) ) ;
#752 = SURFACE_STYLE_FILL_AREA ( #1133 ) ;
#753 = CARTESIAN_POINT ( 'NONE',  ( -0.3499999999999999800, 0.09749999999999990600, -0.2999999999999999900 ) ) ;
#754 = AXIS2_PLACEMENT_3D ( 'NONE', #2614, #776, #2933 ) ;
#755 = STYLED_ITEM ( 'NONE', ( #1109 ), #3152 ) ;
#756 = SURFACE_SIDE_STYLE ('',( #3515 ) ) ;
#757 = CARTESIAN_POINT ( 'NONE',  ( -0.01250000000000000100, 0.01754181956520039400, -0.06374554973491940200 ) ) ;
#758 = PLANE ( 'NONE',  #3001 ) ;
#759 = EDGE_LOOP ( 'NONE', ( #1351, #1496, #2592, #3719 ) ) ;
#760 = ORIENTED_EDGE ( 'NONE', *, *, #2091, .F. ) ;
#761 = DIRECTION ( 'NONE',  ( 0.0000000000000000000, 1.000000000000000000, 0.0000000000000000000 ) ) ;
#762 = EDGE_LOOP ( 'NONE', ( #3848, #2851, #1498, #2497, #1218, #3482, #1452, #3378 ) ) ;
#763 = SURFACE_STYLE_FILL_AREA ( #1406 ) ;
#764 = CARTESIAN_POINT ( 'NONE',  ( 0.1250000000000000000, 0.0000000000000000000, 0.4500000000000000700 ) ) ;
#765 = CARTESIAN_POINT ( 'NONE',  ( 0.01250000000000000200, 0.09650000000000000200, -0.1489999999999999900 ) ) ;
#766 = CARTESIAN_POINT ( 'NONE',  ( -0.3425000000000000300, 0.1287500000000000000, -0.3499999999999999800 ) ) ;
#767 = ORIENTED_EDGE ( 'NONE', *, *, #1521, .T. ) ;
#768 = DIRECTION ( 'NONE',  ( -3.279322939077849900E-032, -0.0000000000000000000, 1.000000000000000000 ) ) ;
#769 = ORIENTED_EDGE ( 'NONE', *, *, #3309, .F. ) ;
#770 = PRESENTATION_STYLE_ASSIGNMENT (( #162 ) ) ;
#771 = CARTESIAN_POINT ( 'NONE',  ( -0.4071966991411010200, 0.04624999999999990200, 0.2321966991411010000 ) ) ;
#772 =( GEOMETRIC_REPRESENTATION_CONTEXT ( 3 ) GLOBAL_UNCERTAINTY_ASSIGNED_CONTEXT ( ( #192 ) ) GLOBAL_UNIT_ASSIGNED_CONTEXT ( ( #2575, #740, #2896 ) ) REPRESENTATION_CONTEXT ( 'NONE', 'WORKASPACE' ) );
#773 = DIRECTION ( 'NONE',  ( 3.279322939077849900E-032, 0.0000000000000000000, -1.000000000000000000 ) ) ;
#774 = STYLED_ITEM ( 'NONE', ( #3096 ), #1576 ) ;
#775 =( BOUNDED_SURFACE ( )  B_SPLINE_SURFACE ( 3, 3, ( 
 ( #899, #621, #2761, #909 ),
 ( #3072, #1208, #3397, #1511 ),
 ( #3717, #1835, #20, #2156 ),
 ( #329, #2469, #633, #2772 ) ),
 .UNSPECIFIED., .F., .F., .F. ) 
 B_SPLINE_SURFACE_WITH_KNOTS ( ( 4, 4 ),
 ( 4, 4 ),
 ( 0.0000000000000000000, 1.000000000000000000 ),
 ( 0.0000000000000000000, 1.000000000000000000 ),
 .UNSPECIFIED. ) 
 GEOMETRIC_REPRESENTATION_ITEM ( )  RATIONAL_B_SPLINE_SURFACE ( (
 ( 1.000000000000000000, 0.8047378541243613800, 0.8047378541243613800, 1.000000000000000000),
 ( 0.8047378541243649400, 0.6476030138606847500, 0.6476030138606847500, 0.8047378541243649400),
 ( 0.8047378541243649400, 0.6476030138606847500, 0.6476030138606847500, 0.8047378541243649400),
 ( 1.000000000000000000, 0.8047378541243613800, 0.8047378541243613800, 1.000000000000000000) ) ) 
 REPRESENTATION_ITEM ( '' )  SURFACE ( )  );
#776 = DIRECTION ( 'NONE',  ( 1.000000000000000000, 0.0000000000000000000, -3.491483361109380100E-015 ) ) ;
#777 = DIRECTION ( 'NONE',  ( -0.0000000000000000000, 0.0000000000000000000, 1.000000000000000000 ) ) ;
#778 = CARTESIAN_POINT ( 'NONE',  ( 0.3425000000000000300, 0.04624999999999999900, -0.3499999999999999800 ) ) ;
#779 = STYLED_ITEM ( 'NONE', ( #3632 ), #3741 ) ;
#780 = AXIS2_PLACEMENT_3D ( 'NONE', #266, #250, #2095 ) ;
#781 = LINE ( 'NONE', #2910, #2420 ) ;
#782 = PRODUCT_DEFINITION_SHAPE ( 'NONE', 'NONE',  #3946 ) ;
#783 = EDGE_CURVE ( 'NONE', #4, #1691, #3361, .T. ) ;
#784 =( LENGTH_UNIT ( ) NAMED_UNIT ( * ) SI_UNIT ( .CENTI., .METRE. ) );
#785 = CARTESIAN_POINT ( 'NONE',  ( -0.2321966991411010000, 0.04624999999999999900, -0.4071966991411010200 ) ) ;
#786 = CARTESIAN_POINT ( 'NONE',  ( -0.01308578643762691200, 0.09750000000000000300, -0.07993465998166700300 ) ) ;
#787 = DIRECTION ( 'NONE',  ( -3.491483361109380100E-015, 0.0000000000000000000, -1.000000000000000000 ) ) ;
#788 = CARTESIAN_POINT ( 'NONE',  ( 0.01250000000000000100, 0.01780249144348779200, -0.06278012227940033000 ) ) ;
#789 = SURFACE_SIDE_STYLE ('',( #3786 ) ) ;
#790 = FACE_OUTER_BOUND ( 'NONE', #1359, .T. ) ;
#791 = PLANE ( 'NONE',  #2691 ) ;
#792 = MECHANICAL_DESIGN_GEOMETRIC_PRESENTATION_REPRESENTATION (  '', ( #1097 ), #976 ) ;
#793 = CARTESIAN_POINT ( 'NONE',  ( -0.01350000000000000700, 0.07791421356237307500, -0.08269922867947771000 ) ) ;
#794 = VECTOR ( 'NONE', #2985, 100.0000000000000000 ) ;
#795 =( NAMED_UNIT ( * ) PLANE_ANGLE_UNIT ( ) SI_UNIT ( $, .RADIAN. ) );
#796 = LINE ( 'NONE', #893, #3609 ) ;
#797 = ORIENTED_EDGE ( 'NONE', *, *, #3794, .F. ) ;
#798 = MECHANICAL_DESIGN_GEOMETRIC_PRESENTATION_REPRESENTATION (  '', ( #193 ), #988 ) ;
#799 = CARTESIAN_POINT ( 'NONE',  ( 0.4500000000000000700, 0.0000000000000000000, -0.1749999999999999900 ) ) ;
#800 = ORIENTED_EDGE ( 'NONE', *, *, #2746, .T. ) ;
#801 = SURFACE_SIDE_STYLE ('',( #222 ) ) ;
#802 = EDGE_CURVE ( 'NONE', #1256, #3624, #87, .T. ) ;
#803 = DIRECTION ( 'NONE',  ( 7.290249346361490000E-032, 1.000000000000000000, 0.0000000000000000000 ) ) ;
#804 = PRODUCT_DEFINITION ( 'UNKNOWN', '', #2238, #2713 ) ;
#805 = ORIENTED_EDGE ( 'NONE', *, *, #1207, .F. ) ;
#806 = SURFACE_SIDE_STYLE ('',( #3429 ) ) ;
#807 = VERTEX_POINT ( 'NONE', #582 ) ;
#808 =( NAMED_UNIT ( * ) PLANE_ANGLE_UNIT ( ) SI_UNIT ( $, .RADIAN. ) );
#809 = DIRECTION ( 'NONE',  ( -0.09621774059401005900, 0.9678757261790238400, 0.2322901742829667800 ) ) ;
#810 = PLANE ( 'NONE',  #957 ) ;
#811 = VECTOR ( 'NONE', #777, 100.0000000000000000 ) ;
#812 = ORIENTED_EDGE ( 'NONE', *, *, #2880, .T. ) ;
#813 = DIRECTION ( 'NONE',  ( 6.982966722218760200E-015, 0.0000000000000000000, -1.000000000000000000 ) ) ;
#814 = CARTESIAN_POINT ( 'NONE',  ( 0.01250000000000000100, 0.0004484671632495841800, 8.320174765267641100E-018 ) ) ;
#815 = PLANE ( 'NONE',  #1765 ) ;
#816 = EDGE_CURVE ( 'NONE', #1691, #2061, #1686, .T. ) ;
#817 =( NAMED_UNIT ( * ) SI_UNIT ( $, .STERADIAN. ) SOLID_ANGLE_UNIT ( ) );
#818 = DIRECTION ( 'NONE',  ( 0.0000000000000000000, -1.000000000000000000, 0.0000000000000000000 ) ) ;
#819 = AXIS2_PLACEMENT_3D ( 'NONE', #1846, #28, #2162 ) ;
#820 =( NAMED_UNIT ( * ) PLANE_ANGLE_UNIT ( ) SI_UNIT ( $, .RADIAN. ) );
#821 = UNCERTAINTY_MEASURE_WITH_UNIT (LENGTH_MEASURE( 1.000000000000000100E-005 ), #1106, 'distance_accuracy_value', 'NONE');
#822 = STYLED_ITEM ( 'NONE', ( #1672 ), #1888 ) ;
#823 =( GEOMETRIC_REPRESENTATION_CONTEXT ( 3 ) GLOBAL_UNCERTAINTY_ASSIGNED_CONTEXT ( ( #2151 ) ) GLOBAL_UNIT_ASSIGNED_CONTEXT ( ( #2467, #630, #2770 ) ) REPRESENTATION_CONTEXT ( 'NONE', 'WORKASPACE' ) );
#824 = CIRCLE ( 'NONE', #1818, 0.001000000000000002600 ) ;
#825 = DIRECTION ( 'NONE',  ( -1.000000000000000000, 0.0000000000000000000, -6.982966722218760200E-015 ) ) ;
#826 =( GEOMETRIC_REPRESENTATION_CONTEXT ( 3 ) GLOBAL_UNCERTAINTY_ASSIGNED_CONTEXT ( ( #3424 ) ) GLOBAL_UNIT_ASSIGNED_CONTEXT ( ( #2246, #418, #2559 ) ) REPRESENTATION_CONTEXT ( 'NONE', 'WORKASPACE' ) );
#827 =( GEOMETRIC_REPRESENTATION_CONTEXT ( 3 ) GLOBAL_UNCERTAINTY_ASSIGNED_CONTEXT ( ( #673 ) ) GLOBAL_UNIT_ASSIGNED_CONTEXT ( ( #1681, #3875, #2008 ) ) REPRESENTATION_CONTEXT ( 'NONE', 'WORKASPACE' ) );
#828 = VERTEX_POINT ( 'NONE', #279 ) ;
#829 =( NAMED_UNIT ( * ) SI_UNIT ( $, .STERADIAN. ) SOLID_ANGLE_UNIT ( ) );
#830 = LINE ( 'NONE', #305, #2472 ) ;
#831 = UNCERTAINTY_MEASURE_WITH_UNIT (LENGTH_MEASURE( 1.000000000000000100E-005 ), #3773, 'distance_accuracy_value', 'NONE');
#832 = CARTESIAN_POINT ( 'NONE',  ( 0.01250000000000000200, 0.02275525713094899900, -0.04443700062453719700 ) ) ;
#833 =( NAMED_UNIT ( * ) PLANE_ANGLE_UNIT ( ) SI_UNIT ( $, .RADIAN. ) );
#834 = LINE ( 'NONE', #482, #919 ) ;
#835 = CARTESIAN_POINT ( 'NONE',  ( -0.01308578643762690500, 0.01965446577196352700, 9.637960486594187500E-017 ) ) ;
#836 = CARTESIAN_POINT ( 'NONE',  ( -0.2250000000000000300, 0.0000000000000000000, -0.4500000000000000700 ) ) ;
#837 = FACE_OUTER_BOUND ( 'NONE', #2301, .T. ) ;
#838 = AXIS2_PLACEMENT_3D ( 'NONE', #217, #818, #2051 ) ;
#839 = UNCERTAINTY_MEASURE_WITH_UNIT (LENGTH_MEASURE( 1.000000000000000100E-005 ), #2029, 'distance_accuracy_value', 'NONE');
#840 = DIRECTION ( 'NONE',  ( 0.0000000000000000000, -0.2606718782874311600, -0.9654274555191098000 ) ) ;
#841 = VECTOR ( 'NONE', #3462, 100.0000000000000000 ) ;
#842 = CARTESIAN_POINT ( 'NONE',  ( 0.01349999999999999300, 0.003206002133094524400, -0.04563268428219594000 ) ) ;
#843 = FILL_AREA_STYLE_COLOUR ( '', #1589 ) ;
#844 = CLOSED_SHELL ( 'NONE', ( #420, #3797, #1888, #944, #3414, #2535, #718, #2531, #1254, #697, #2860, #2182, #642, #3784, #1934, #3778, #2508, #1910, #110, #2840, #2548, #1571, #1871, #3094, #2223, #346, #3483, #2792, #1599 ) ) ;
#845 =( GEOMETRIC_REPRESENTATION_CONTEXT ( 3 ) GLOBAL_UNCERTAINTY_ASSIGNED_CONTEXT ( ( #24 ) ) GLOBAL_UNIT_ASSIGNED_CONTEXT ( ( #2299, #468, #2610 ) ) REPRESENTATION_CONTEXT ( 'NONE', 'WORKASPACE' ) );
#846 =( GEOMETRIC_REPRESENTATION_CONTEXT ( 3 ) GLOBAL_UNCERTAINTY_ASSIGNED_CONTEXT ( ( #1414 ) ) GLOBAL_UNIT_ASSIGNED_CONTEXT ( ( #2638, #795, #2955 ) ) REPRESENTATION_CONTEXT ( 'NONE', 'WORKASPACE' ) );
#847 = FACE_OUTER_BOUND ( 'NONE', #2609, .T. ) ;
#848 = EDGE_LOOP ( 'NONE', ( #1797, #1354, #3724 ) ) ;
#849 = CARTESIAN_POINT ( 'NONE',  ( -0.01250000000000000100, 0.04707376085170147200, -0.07171937165247310700 ) ) ;
#850 = EDGE_CURVE ( 'NONE', #575, #1988, #3149, .T. ) ;
#851 = ORIENTED_EDGE ( 'NONE', *, *, #3051, .T. ) ;
#852 = CARTESIAN_POINT ( 'NONE',  ( -6.938893903907229900E-018, 0.1600000000000000300, 0.3350000000000000800 ) ) ;
#853 = COLOUR_RGB ( '',0.7529411764705882200, 0.7529411764705882200, 0.7529411764705882200 ) ;
#854 = DIRECTION ( 'NONE',  ( 1.000000000000000000, 0.0000000000000000000, 0.0000000000000000000 ) ) ;
#855 = DIRECTION ( 'NONE',  ( 0.0000000000000000000, -5.421010862427522200E-015, 1.000000000000000000 ) ) ;
#856 = SURFACE_STYLE_USAGE ( .BOTH. , #2705 ) ;
#857 = ORIENTED_EDGE ( 'NONE', *, *, #1767, .F. ) ;
#858 = DIRECTION ( 'NONE',  ( -0.9723873019805177000, -0.2333729524753232200, 0.0000000000000000000 ) ) ;
#859 = FACE_BOUND ( 'NONE', #1409, .T. ) ;
#860 = ITEM_DEFINED_TRANSFORMATION ( 'NONE', 'NONE', #2118,  #3811 ) ;
#861 = SURFACE_SIDE_STYLE ('',( #3545 ) ) ;
#862 = PRESENTATION_LAYER_ASSIGNMENT (  '', '', ( #1058 ) ) ;
#863 = CARTESIAN_POINT ( 'NONE',  ( 0.01350000000000000000, 0.01909666767421790100, -0.0009999999999999100300 ) ) ;
#864 = PRESENTATION_LAYER_ASSIGNMENT (  '', '', ( #473 ) ) ;
#865 =( NAMED_UNIT ( * ) PLANE_ANGLE_UNIT ( ) SI_UNIT ( $, .RADIAN. ) );
#866 = FILL_AREA_STYLE ('',( #580 ) ) ;
#867 = FACE_OUTER_BOUND ( 'NONE', #1795, .T. ) ;
#868 = SURFACE_SIDE_STYLE ('',( #1307 ) ) ;
#869 = EDGE_CURVE ( 'NONE', #3847, #3298, #2434, .T. ) ;
#870 = FACE_OUTER_BOUND ( 'NONE', #932, .T. ) ;
#871 = AXIS2_PLACEMENT_3D ( 'NONE', #3920, #2062, #239 ) ;
#872 = AXIS2_PLACEMENT_3D ( 'NONE', #2215, #387, #2532 ) ;
#873 = PRESENTATION_STYLE_ASSIGNMENT (( #1168 ) ) ;
#874 = MANIFOLD_SOLID_BREP ( 'Imported1', #2560 ) ;
#875 = CIRCLE ( 'NONE', #2450, 0.001000000000000000000 ) ;
#876 = CARTESIAN_POINT ( 'NONE',  ( 0.01350000000000000000, 0.01968136150205689100, -0.0009642385935034563100 ) ) ;
#877 =( NAMED_UNIT ( * ) PLANE_ANGLE_UNIT ( ) SI_UNIT ( $, .RADIAN. ) );
#878 = CARTESIAN_POINT ( 'NONE',  ( 0.3350000000000000200, 0.01500000000000003900, 0.2937867965644030400 ) ) ;
#879 = CARTESIAN_POINT ( 'NONE',  ( 0.01250000000000000100, 0.01909666767421790100, -0.0009999999999999065600 ) ) ;
#880 = VECTOR ( 'NONE', #529, 100.0000000000000000 ) ;
#881 = CARTESIAN_POINT ( 'NONE',  ( -0.01350000000000000000, 0.09649999999999998900, -0.1495857864376269100 ) ) ;
#882 = LINE ( 'NONE', #3660, #2524 ) ;
#883 = EDGE_CURVE ( 'NONE', #3293, #3383, #2041, .T. ) ;
#884 = FILL_AREA_STYLE ('',( #3627 ) ) ;
#885 = UNCERTAINTY_MEASURE_WITH_UNIT (LENGTH_MEASURE( 1.000000000000000100E-005 ), #3753, 'distance_accuracy_value', 'NONE');
#886 = ORIENTED_EDGE ( 'NONE', *, *, #307, .F. ) ;
#887 = AXIS2_PLACEMENT_3D ( 'NONE', #2706, #858, #3016 ) ;
#888 = PRESENTATION_STYLE_ASSIGNMENT (( #271 ) ) ;
#889 = AXIS2_PLACEMENT_3D ( 'NONE', #1920, #107, #2231 ) ;
#890 = CARTESIAN_POINT ( 'NONE',  ( 0.4071966991411010200, 0.04624999999999999900, 0.2321966991411010000 ) ) ;
#891 = DIRECTION ( 'NONE',  ( 0.0000000000000000000, 1.000000000000000000, 0.0000000000000000000 ) ) ;
#892 = CARTESIAN_POINT ( 'NONE',  ( -0.01350000000000000000, 0.02943061643074724000, -0.04727520294751600500 ) ) ;
#893 = CARTESIAN_POINT ( 'NONE',  ( -0.01350000000000000000, 0.07749999999999999900, -0.1489999999999999900 ) ) ;
#894 = ORIENTED_EDGE ( 'NONE', *, *, #1069, .F. ) ;
#895 = CARTESIAN_POINT ( 'NONE',  ( -0.01308578643762690700, 0.07749999999999999900, -0.1495857864376268800 ) ) ;
#896 = PRESENTATION_LAYER_ASSIGNMENT (  '', '', ( #700 ) ) ;
#897 = ORIENTED_EDGE ( 'NONE', *, *, #480, .F. ) ;
#898 =( GEOMETRIC_REPRESENTATION_CONTEXT ( 3 ) GLOBAL_UNCERTAINTY_ASSIGNED_CONTEXT ( ( #1337 ) ) GLOBAL_UNIT_ASSIGNED_CONTEXT ( ( #636, #2779, #923 ) ) REPRESENTATION_CONTEXT ( 'NONE', 'WORKASPACE' ) );
#899 = CARTESIAN_POINT ( 'NONE',  ( 0.01350000000000000000, 0.09650000000000001600, -0.1489999999999999900 ) ) ;
#900 = PRODUCT_DEFINITION_SHAPE ( 'NONE', 'NONE',  #3962 ) ;
#901 = DIRECTION ( 'NONE',  ( -1.000000000000000000, 0.0000000000000000000, -3.491483361109380100E-015 ) ) ;
#902 = EDGE_CURVE ( 'NONE', #524, #1637, #796, .T. ) ;
#903 = ORIENTED_EDGE ( 'NONE', *, *, #3874, .T. ) ;
#904 = CONTEXT_DEPENDENT_SHAPE_REPRESENTATION ( #1969, #3936 ) ;
#905 = DIRECTION ( 'NONE',  ( 0.0000000000000000000, 0.0000000000000000000, -1.000000000000000000 ) ) ;
#906 =( LENGTH_UNIT ( ) NAMED_UNIT ( * ) SI_UNIT ( .CENTI., .METRE. ) );
#907 = ITEM_DEFINED_TRANSFORMATION ( 'NONE', 'NONE', #3863,  #3811 ) ;
#908 = DIRECTION ( 'NONE',  ( 0.0000000000000000000, -0.9654274555191101300, 0.2606718782874300500 ) ) ;
#909 = CARTESIAN_POINT ( 'NONE',  ( 0.01350000000000000000, 0.09650000000000000200, -0.1489999999999999900 ) ) ;
#910 = DIRECTION ( 'NONE',  ( -3.491483361109380100E-015, 0.0000000000000000000, 1.000000000000000000 ) ) ;
#911 = PRESENTATION_LAYER_ASSIGNMENT (  '', '', ( #528 ) ) ;
#912 = ORIENTED_EDGE ( 'NONE', *, *, #2376, .F. ) ;
#913 = CIRCLE ( 'NONE', #1393, 0.05000000000000000300 ) ;
#914 = DIRECTION ( 'NONE',  ( 0.6875816551701161600, 0.2333729524753219400, -0.6875816551701148200 ) ) ;
#915 = VERTEX_POINT ( 'NONE', #3384 ) ;
#916 = SURFACE_STYLE_USAGE ( .BOTH. , #2769 ) ;
#917 = MECHANICAL_DESIGN_GEOMETRIC_PRESENTATION_REPRESENTATION (  '', ( #3909 ), #1120 ) ;
#918 = EDGE_CURVE ( 'NONE', #3100, #2470, #2865, .T. ) ;
#919 = VECTOR ( 'NONE', #1355, 100.0000000000000100 ) ;
#920 = CARTESIAN_POINT ( 'NONE',  ( -0.4500000000000000700, 0.0000000000000000000, 0.2750000000000000200 ) ) ;
#921 = ORIENTED_EDGE ( 'NONE', *, *, #1473, .F. ) ;
#922 = ADVANCED_FACE ( 'NONE', ( #415 ), #1495, .T. ) ;
#923 =( NAMED_UNIT ( * ) SI_UNIT ( $, .STERADIAN. ) SOLID_ANGLE_UNIT ( ) );
#924 = SURFACE_SIDE_STYLE ('',( #2478 ) ) ;
#925 = CARTESIAN_POINT ( 'NONE',  ( 0.01349999999999999600, 0.02161713742577895200, -0.04220931616990443400 ) ) ;
#926 = CIRCLE ( 'NONE', #1232, 0.001000000000000000000 ) ;
#927 = PRESENTATION_LAYER_ASSIGNMENT (  '', '', ( #552 ) ) ;
#928 = PRESENTATION_STYLE_ASSIGNMENT (( #1820 ) ) ;
#929 =( NAMED_UNIT ( * ) PLANE_ANGLE_UNIT ( ) SI_UNIT ( $, .RADIAN. ) );
#930 =( BOUNDED_SURFACE ( )  B_SPLINE_SURFACE ( 3, 3, ( 
 ( #863, #2423, #590, #2725 ),
 ( #876, #3038, #1178, #3362 ),
 ( #1478, #3682, #1799, #991 ),
 ( #2121, #300, #2435, #602 ) ),
 .UNSPECIFIED., .F., .F., .F. ) 
 B_SPLINE_SURFACE_WITH_KNOTS ( ( 4, 4 ),
 ( 4, 4 ),
 ( 0.0000000000000000000, 1.000000000000000000 ),
 ( 0.0000000000000000000, 1.000000000000000000 ),
 .UNSPECIFIED. ) 
 GEOMETRIC_REPRESENTATION_ITEM ( )  RATIONAL_B_SPLINE_SURFACE ( (
 ( 1.000000000000000000, 0.8189139799216006400, 0.8189139799216006400, 1.000000000000000000),
 ( 0.8047378541243649400, 0.6590110789145521300, 0.6590110789145521300, 0.8047378541243649400),
 ( 0.8047378541243649400, 0.6590110789145521300, 0.6590110789145521300, 0.8047378541243649400),
 ( 1.000000000000000000, 0.8189139799216006400, 0.8189139799216006400, 1.000000000000000000) ) ) 
 REPRESENTATION_ITEM ( '' )  SURFACE ( )  );
#931 = DIRECTION ( 'NONE',  ( 0.9723873019805177000, 0.2333729524753232200, 0.0000000000000000000 ) ) ;
#932 = EDGE_LOOP ( 'NONE', ( #464, #3548, #1596, #3616 ) ) ;
#933 = ORIENTED_EDGE ( 'NONE', *, *, #518, .T. ) ;
#934 = ORIENTED_EDGE ( 'NONE', *, *, #1266, .T. ) ;
#935 =( GEOMETRIC_REPRESENTATION_CONTEXT ( 3 ) GLOBAL_UNCERTAINTY_ASSIGNED_CONTEXT ( ( #1238 ) ) GLOBAL_UNIT_ASSIGNED_CONTEXT ( ( #2525, #686, #2836 ) ) REPRESENTATION_CONTEXT ( 'NONE', 'WORKASPACE' ) );
#936 = MECHANICAL_DESIGN_GEOMETRIC_PRESENTATION_REPRESENTATION (  '', ( #558 ), #1145 ) ;
#937 = CARTESIAN_POINT ( 'NONE',  ( 0.01250000000000000100, 0.07749999999999999900, -0.1489999999999999900 ) ) ;
#938 = VERTEX_POINT ( 'NONE', #324 ) ;
#939 = FACE_OUTER_BOUND ( 'NONE', #3334, .T. ) ;
#940 =( NAMED_UNIT ( * ) PLANE_ANGLE_UNIT ( ) SI_UNIT ( $, .RADIAN. ) );
#941 = AXIS2_PLACEMENT_3D ( 'NONE', #1066, #3248, #1367 ) ;
#942 = AXIS2_PLACEMENT_3D ( 'NONE', #2430, #596, #2736 ) ;
#943 = VERTEX_POINT ( 'NONE', #2465 ) ;
#944 = ADVANCED_FACE ( 'NONE', ( #837 ), #16, .T. ) ;
#945 = CARTESIAN_POINT ( 'NONE',  ( -0.01349999999999999800, 0.0004783374793676655800, -0.001035761406496437000 ) ) ;
#946 = APPLICATION_PROTOCOL_DEFINITION ( 'draft international standard', 'automotive_design', 1998, #2802 ) ;
#947 = CONTEXT_DEPENDENT_SHAPE_REPRESENTATION ( #2566, #3079 ) ;
#948 =( LENGTH_UNIT ( ) NAMED_UNIT ( * ) SI_UNIT ( .CENTI., .METRE. ) );
#949 = ITEM_DEFINED_TRANSFORMATION ( 'NONE', 'NONE', #1548,  #3811 ) ;
#950 = UNCERTAINTY_MEASURE_WITH_UNIT (LENGTH_MEASURE( 1.000000000000000100E-005 ), #3496, 'distance_accuracy_value', 'NONE');
#951 = PRODUCT_DEFINITION_CONTEXT ( 'detailed design', #2802, 'design' ) ;
#952 = DIRECTION ( 'NONE',  ( -1.000000000000000000, -0.0000000000000000000, -0.0000000000000000000 ) ) ;
#953 = VECTOR ( 'NONE', #1149, 100.0000000000000000 ) ;
#954 =( REPRESENTATION_RELATIONSHIP ('NONE','NONE', #1095, #2743 ) REPRESENTATION_RELATIONSHIP_WITH_TRANSFORMATION ( #999 )SHAPE_REPRESENTATION_RELATIONSHIP( ) );
#955 = VECTOR ( 'NONE', #2168, 100.0000000000000000 ) ;
#956 = CARTESIAN_POINT ( 'NONE',  ( -0.01350000000000000000, 0.09750000000000000300, -0.1073092908757649900 ) ) ;
#957 = AXIS2_PLACEMENT_3D ( 'NONE', #3304, #1421, #3619 ) ;
#958 = ADVANCED_FACE ( 'NONE', ( #1341 ), #3456, .T. ) ;
#959 = FACE_OUTER_BOUND ( 'NONE', #1403, .T. ) ;
#960 = DIRECTION ( 'NONE',  ( -7.893034146598117800E-032, -0.9654274555191083600, 0.2606718782874366000 ) ) ;
#961 = DIRECTION ( 'NONE',  ( -3.718265416196989900E-032, -0.06104853953485710200, 0.9981347984218670300 ) ) ;
#962 = MECHANICAL_DESIGN_GEOMETRIC_PRESENTATION_REPRESENTATION (  '', ( #585 ), #1172 ) ;
#963 = DIRECTION ( 'NONE',  ( 1.000000000000000000, 0.0000000000000000000, 0.0000000000000000000 ) ) ;
#964 = VECTOR ( 'NONE', #1841, 100.0000000000000000 ) ;
#965 = VECTOR ( 'NONE', #2176, 100.0000000000000100 ) ;
#966 = PRESENTATION_STYLE_ASSIGNMENT (( #3435 ) ) ;
#967 = EDGE_CURVE ( 'NONE', #3465, #575, #2716, .T. ) ;
#968 = DIRECTION ( 'NONE',  ( 0.09621774059402335400, 0.9678757261790229500, 0.2322901742829651100 ) ) ;
#969 = VECTOR ( 'NONE', #2027, 100.0000000000000100 ) ;
#970 = DIRECTION ( 'NONE',  ( 0.0000000000000000000, 1.000000000000000000, 0.0000000000000000000 ) ) ;
#971 = DIRECTION ( 'NONE',  ( -1.000000000000000000, 1.314072178925701400E-062, -3.754478112725429800E-033 ) ) ;
#972 = CARTESIAN_POINT ( 'NONE',  ( -0.01350000000000000000, 0.001063031307206660200, 5.060115359665811800E-018 ) ) ;
#973 = VERTEX_POINT ( 'NONE', #2175 ) ;
#974 = VECTOR ( 'NONE', #1300, 100.0000000000000000 ) ;
#975 =( LENGTH_UNIT ( ) NAMED_UNIT ( * ) SI_UNIT ( .CENTI., .METRE. ) );
#976 =( GEOMETRIC_REPRESENTATION_CONTEXT ( 3 ) GLOBAL_UNCERTAINTY_ASSIGNED_CONTEXT ( ( #726 ) ) GLOBAL_UNIT_ASSIGNED_CONTEXT ( ( #3493, #1600, #3796 ) ) REPRESENTATION_CONTEXT ( 'NONE', 'WORKASPACE' ) );
#977 = PRESENTATION_STYLE_ASSIGNMENT (( #1315 ) ) ;
#978 = ADVANCED_FACE ( 'NONE', ( #1879 ), #2488, .T. ) ;
#979 = CARTESIAN_POINT ( 'NONE',  ( 0.01350000000000000000, 0.004306482253088090800, -0.05402995420898024800 ) ) ;
#980 = FACE_OUTER_BOUND ( 'NONE', #359, .T. ) ;
#981 = EDGE_LOOP ( 'NONE', ( #2286, #1031, #903 ) ) ;
#982 =( REPRESENTATION_RELATIONSHIP ('NONE','NONE', #1095, #2743 ) REPRESENTATION_RELATIONSHIP_WITH_TRANSFORMATION ( #2418 )SHAPE_REPRESENTATION_RELATIONSHIP( ) );
#983 = VERTEX_POINT ( 'NONE', #2185 ) ;
#984 = FILL_AREA_STYLE_COLOUR ( '', #2390 ) ;
#985 = ADVANCED_FACE ( 'NONE', ( #3721 ), #2582, .T. ) ;
#986 = CARTESIAN_POINT ( 'NONE',  ( 0.01250000000000000200, 0.06750000000000000400, -0.08759269909673479700 ) ) ;
#987 = ORIENTED_EDGE ( 'NONE', *, *, #2143, .T. ) ;
#988 =( GEOMETRIC_REPRESENTATION_CONTEXT ( 3 ) GLOBAL_UNCERTAINTY_ASSIGNED_CONTEXT ( ( #1003 ) ) GLOBAL_UNIT_ASSIGNED_CONTEXT ( ( #2569, #737, #2891 ) ) REPRESENTATION_CONTEXT ( 'NONE', 'WORKASPACE' ) );
#989 = SURFACE_STYLE_FILL_AREA ( #1669 ) ;
#990 = EDGE_CURVE ( 'NONE', #3581, #3577, #3422, .T. ) ;
#991 = CARTESIAN_POINT ( 'NONE',  ( 0.01308578643762690500, 0.01909666767421789500, 8.944667923005411600E-017 ) ) ;
#992 = CARTESIAN_POINT ( 'NONE',  ( 0.01250000000000000100, 0.08271343756574849000, -0.06062611087128476400 ) ) ;
#993 = FILL_AREA_STYLE ('',( #2853 ) ) ;
#994 = PRESENTATION_STYLE_ASSIGNMENT (( #1299 ) ) ;
#995 = PRODUCT_DEFINITION ( 'UNKNOWN', '', #2666, #951 ) ;
#996 = FILL_AREA_STYLE ('',( #400 ) ) ;
#997 = CONTEXT_DEPENDENT_SHAPE_REPRESENTATION ( #3163, #2979 ) ;
#998 = FILL_AREA_STYLE_COLOUR ( '', #2838 ) ;
#999 = ITEM_DEFINED_TRANSFORMATION ( 'NONE', 'NONE', #3325,  #3811 ) ;
#1000 = CARTESIAN_POINT ( 'NONE',  ( 0.2937867965644039300, 0.1599999999999999800, -0.3349999999999999600 ) ) ;
#1001 = ORIENTED_EDGE ( 'NONE', *, *, #2663, .T. ) ;
#1002 = ADVANCED_FACE ( 'NONE', ( #1030 ), #663, .T. ) ;
#1003 = UNCERTAINTY_MEASURE_WITH_UNIT (LENGTH_MEASURE( 1.000000000000000100E-005 ), #2569, 'distance_accuracy_value', 'NONE');
#1004 = EDGE_CURVE ( 'NONE', #3577, #3100, #2996, .T. ) ;
#1005 = CARTESIAN_POINT ( 'NONE',  ( 0.01308578643762691400, 0.09750000000000003100, -0.07053698364643723500 ) ) ;
#1006 = DIRECTION ( 'NONE',  ( -3.279322939077849900E-032, 2.390708191312053500E-063, 1.000000000000000000 ) ) ;
#1007 = PRESENTATION_STYLE_ASSIGNMENT (( #2962 ) ) ;
#1008 = ORIENTED_EDGE ( 'NONE', *, *, #2735, .F. ) ;
#1009 =( REPRESENTATION_RELATIONSHIP ('NONE','NONE', #1095, #2743 ) REPRESENTATION_RELATIONSHIP_WITH_TRANSFORMATION ( #3821 )SHAPE_REPRESENTATION_RELATIONSHIP( ) );
#1010 = PRESENTATION_LAYER_ASSIGNMENT (  '', '', ( #626 ) ) ;
#1011 =( NAMED_UNIT ( * ) PLANE_ANGLE_UNIT ( ) SI_UNIT ( $, .RADIAN. ) );
#1012 = VECTOR ( 'NONE', #2834, 100.0000000000000000 ) ;
#1013 = FACE_OUTER_BOUND ( 'NONE', #1212, .T. ) ;
#1014 = AXIS2_PLACEMENT_3D ( 'NONE', #766, #2917, #1056 ) ;
#1015 = FILL_AREA_STYLE ('',( #2873 ) ) ;
#1016 = DIRECTION ( 'NONE',  ( 0.0000000000000000000, -0.9723873019805175900, 0.2333729524753238900 ) ) ;
#1017 = PLANE ( 'NONE',  #3805 ) ;
#1018 = STYLED_ITEM ( 'NONE', ( #977 ), #2813 ) ;
#1019 = CARTESIAN_POINT ( 'NONE',  ( 0.01250000000000000100, 0.05919118273676830100, -0.05531075515140149900 ) ) ;
#1020 = PRODUCT_DEFINITION_SHAPE ( 'NONE', 'NONE',  #3978 ) ;
#1021 = COLOUR_RGB ( '',0.1254901960784313700, 0.1254901960784313700, 0.1254901960784313700 ) ;
#1022 = CARTESIAN_POINT ( 'NONE',  ( -0.2000000000000000100, 0.1600000000000000000, 0.1499999999999999900 ) ) ;
#1023 = DIRECTION ( 'NONE',  ( -0.0000000000000000000, 1.000000000000000000, 3.500012889865530300E-030 ) ) ;
#1024 = SURFACE_STYLE_FILL_AREA ( #2527 ) ;
#1025 = FACE_OUTER_BOUND ( 'NONE', #1332, .T. ) ;
#1026 = CARTESIAN_POINT ( 'NONE',  ( 0.01350000000000000000, 0.07021469261019019900, -0.07753853139598034000 ) ) ;
#1027 = CARTESIAN_POINT ( 'NONE',  ( -0.2750000000000000200, 0.0000000000000000000, 0.4500000000000000700 ) ) ;
#1028 = EDGE_LOOP ( 'NONE', ( #2092, #1779, #711 ) ) ;
#1029 = VECTOR ( 'NONE', #1320, 100.0000000000000000 ) ;
#1030 = FACE_OUTER_BOUND ( 'NONE', #1545, .T. ) ;
#1031 = ORIENTED_EDGE ( 'NONE', *, *, #3481, .F. ) ;
#1032 = LINE ( 'NONE', #3136, #253 ) ;
#1033 = AXIS2_PLACEMENT_3D ( 'NONE', #2080, #264, #2396 ) ;
#1034 = ORIENTED_EDGE ( 'NONE', *, *, #1004, .T. ) ;
#1035 = CARTESIAN_POINT ( 'NONE',  ( -0.01350000000000000000, 0.001063031307206663400, -0.0009999999999999458100 ) ) ;
#1036 =( REPRESENTATION_RELATIONSHIP ('NONE','NONE', #1095, #2743 ) REPRESENTATION_RELATIONSHIP_WITH_TRANSFORMATION ( #1183 )SHAPE_REPRESENTATION_RELATIONSHIP( ) );
#1037 = ORIENTED_EDGE ( 'NONE', *, *, #3005, .F. ) ;
#1038 = DIRECTION ( 'NONE',  ( 0.0000000000000000000, 0.0000000000000000000, 1.000000000000000000 ) ) ;
#1039 = PRESENTATION_STYLE_ASSIGNMENT (( #1362 ) ) ;
#1040 = CARTESIAN_POINT ( 'NONE',  ( 0.01250000000000000100, 0.09749999999999998900, -0.07993465998166700300 ) ) ;
#1041 = EDGE_CURVE ( 'NONE', #3064, #3581, #3110, .T. ) ;
#1042 =( LENGTH_UNIT ( ) NAMED_UNIT ( * ) SI_UNIT ( .CENTI., .METRE. ) );
#1043 = CARTESIAN_POINT ( 'NONE',  ( -0.01308578643762690200, 0.003335494101621767000, -0.05453484650289833200 ) ) ;
#1044 = CONTEXT_DEPENDENT_SHAPE_REPRESENTATION ( #3772, #2129 ) ;
#1045 = DIRECTION ( 'NONE',  ( -0.7071067811865476800, -0.0000000000000000000, -0.7071067811865474600 ) ) ;
#1046 = PLANE ( 'NONE',  #2711 ) ;
#1047 = DIRECTION ( 'NONE',  ( -1.000000000000000000, -0.0000000000000000000, -0.0000000000000000000 ) ) ;
#1048 = FACE_OUTER_BOUND ( 'NONE', #3031, .T. ) ;
#1049 = CARTESIAN_POINT ( 'NONE',  ( 0.01250000000000000100, 0.07850000000000000000, -0.1489999999999999700 ) ) ;
#1050 = UNCERTAINTY_MEASURE_WITH_UNIT (LENGTH_MEASURE( 1.000000000000000100E-005 ), #125, 'distance_accuracy_value', 'NONE');
#1051 = CIRCLE ( 'NONE', #1972, 0.001000000000000000200 ) ;
#1052 = FACE_OUTER_BOUND ( 'NONE', #2686, .T. ) ;
#1053 = DIRECTION ( 'NONE',  ( 1.000000000000000000, 0.0000000000000000000, 0.0000000000000000000 ) ) ;
#1054 = VERTEX_POINT ( 'NONE', #3477 ) ;
#1055 = DIRECTION ( 'NONE',  ( 0.0000000000000000000, 0.0000000000000000000, -1.000000000000000000 ) ) ;
#1056 = DIRECTION ( 'NONE',  ( -0.2333729524753232200, -0.9723873019805177000, 0.0000000000000000000 ) ) ;
#1057 = CARTESIAN_POINT ( 'NONE',  ( 0.01250000000000000200, 0.09650000000000000200, -0.1499999999999999100 ) ) ;
#1058 = STYLED_ITEM ( 'NONE', ( #3667 ), #109 ) ;
#1059 = DIRECTION ( 'NONE',  ( 0.7071067811865476800, 0.0000000000000000000, 0.7071067811865474600 ) ) ;
#1060 = DIRECTION ( 'NONE',  ( -0.0000000000000000000, 1.000000000000000000, 0.0000000000000000000 ) ) ;
#1061 = CARTESIAN_POINT ( 'NONE',  ( -0.01250000000000000100, 0.09749999999999998900, -0.07993465998166700300 ) ) ;
#1062 = SURFACE_STYLE_USAGE ( .BOTH. , #2930 ) ;
#1063 = LINE ( 'NONE', #2273, #1680 ) ;
#1064 = MECHANICAL_DESIGN_GEOMETRIC_PRESENTATION_REPRESENTATION (  '', ( #473 ), #1261 ) ;
#1065 = VECTOR ( 'NONE', #2796, 100.0000000000000000 ) ;
#1066 = CARTESIAN_POINT ( 'NONE',  ( 0.4500000000000000700, 0.0000000000000000000, 0.2250000000000000300 ) ) ;
#1067 = CARTESIAN_POINT ( 'NONE',  ( -0.01250000000000000100, 0.01909666767421790100, -0.0009999999999999039600 ) ) ;
#1068 = DIRECTION ( 'NONE',  ( 0.2333729524753232200, 0.9723873019805177000, 0.0000000000000000000 ) ) ;
#1069 = EDGE_CURVE ( 'NONE', #2583, #312, #1453, .T. ) ;
#1070 = VERTEX_POINT ( 'NONE', #1957 ) ;
#1071 = PLANE ( 'NONE',  #1427 ) ;
#1072 = AXIS2_PLACEMENT_3D ( 'NONE', #2374, #550, #2688 ) ;
#1073 = FACE_OUTER_BOUND ( 'NONE', #2748, .T. ) ;
#1074 =( NAMED_UNIT ( * ) SI_UNIT ( $, .STERADIAN. ) SOLID_ANGLE_UNIT ( ) );
#1075 = DIRECTION ( 'NONE',  ( -0.7071067811865468000, 0.0000000000000000000, 0.7071067811865482400 ) ) ;
#1076 = ORIENTED_EDGE ( 'NONE', *, *, #538, .F. ) ;
#1077 = EDGE_LOOP ( 'NONE', ( #3407, #1874, #805 ) ) ;
#1078 = DIRECTION ( 'NONE',  ( 0.0000000000000000000, -4.760081218080361000E-015, 1.000000000000000000 ) ) ;
#1079 = CARTESIAN_POINT ( 'NONE',  ( -0.01308578643762691100, 0.09178621231786150700, -0.06307582081312640400 ) ) ;
#1080 = LINE ( 'NONE', #2367, #3676 ) ;
#1081 = DIRECTION ( 'NONE',  ( 1.000000000000000000, 0.0000000000000000000, -3.491483361109380100E-015 ) ) ;
#1082 = DIRECTION ( 'NONE',  ( 0.0000000000000000000, -0.2606718782874311600, -0.9654274555191098000 ) ) ;
#1083 =( LENGTH_UNIT ( ) NAMED_UNIT ( * ) SI_UNIT ( .CENTI., .METRE. ) );
#1084 = ORIENTED_EDGE ( 'NONE', *, *, #99, .T. ) ;
#1085 = EDGE_CURVE ( 'NONE', #2528, #2482, #2192, .T. ) ;
#1086 = COLOUR_RGB ( '',0.1254901960784313700, 0.1254901960784313700, 0.1254901960784313700 ) ;
#1087 = PRODUCT_DEFINITION_SHAPE ( 'NONE', 'NONE',  #3955 ) ;
#1088 = FILL_AREA_STYLE_COLOUR ( '', #3742 ) ;
#1089 = VERTEX_POINT ( 'NONE', #2274 ) ;
#1090 = CARTESIAN_POINT ( 'NONE',  ( -0.01350000000000000000, 0.07036739066116175200, -0.07697299708602459200 ) ) ;
#1091 = AXIS2_PLACEMENT_3D ( 'NONE', #879, #3044, #1181 ) ;
#1092 = DIRECTION ( 'NONE',  ( -7.893034146598111200E-032, -0.9654274555191101300, 0.2606718782874300500 ) ) ;
#1093 = AXIS2_PLACEMENT_3D ( 'NONE', #3168, #1304, #3503 ) ;
#1094 = CIRCLE ( 'NONE', #872, 0.001000000000000000000 ) ;
#1095 = SHAPE_REPRESENTATION ( 'User Library-LQFP48_Grid_0.5', ( #612, #2065, #2266, #2479, #2690, #2894, #3092, #3325, #3533, #3735, #3940, #147, #352, #562, #754, #941, #1150, #1342, #1548, #1769, #1979, #2187, #2410, #2604, #2811, #3024, #3239, #3450, #3668, #3863, #69, #285, #483, #677, #871, #1072, #1269, #1474, #1682, #1897, #2118, #2323, #2529, #2737, #2951, #3145, #3375, #3588, #3788, #17 ), #202 ) ;
#1096 = DIRECTION ( 'NONE',  ( -3.491483361109380100E-015, 0.0000000000000000000, -1.000000000000000000 ) ) ;
#1097 = STYLED_ITEM ( 'NONE', ( #1695 ), #346 ) ;
#1098 = CARTESIAN_POINT ( 'NONE',  ( 0.01350000000000000000, 0.001063031307206659300, -0.0009999999999999963300 ) ) ;
#1099 =( LENGTH_UNIT ( ) NAMED_UNIT ( * ) SI_UNIT ( .CENTI., .METRE. ) );
#1100 = MECHANICAL_DESIGN_GEOMETRIC_PRESENTATION_REPRESENTATION (  '', ( #700 ), #1293 ) ;
#1101 = STYLED_ITEM ( 'NONE', ( #2222 ), #2860 ) ;
#1102 = CONTEXT_DEPENDENT_SHAPE_REPRESENTATION ( #367, #1268 ) ;
#1103 = FILL_AREA_STYLE_COLOUR ( '', #3354 ) ;
#1104 = ORIENTED_EDGE ( 'NONE', *, *, #1767, .T. ) ;
#1105 = EDGE_CURVE ( 'NONE', #2110, #3298, #3756, .T. ) ;
#1106 =( LENGTH_UNIT ( ) NAMED_UNIT ( * ) SI_UNIT ( .CENTI., .METRE. ) );
#1107 = DIRECTION ( 'NONE',  ( -3.279322939077849900E-032, -1.625387360916020100E-016, 1.000000000000000000 ) ) ;
#1108 = EDGE_LOOP ( 'NONE', ( #560, #334 ) ) ;
#1109 = PRESENTATION_STYLE_ASSIGNMENT (( #1184 ) ) ;
#1110 = SURFACE_STYLE_FILL_AREA ( #1606 ) ;
#1111 = CARTESIAN_POINT ( 'NONE',  ( 0.1749999999999999900, 0.0000000000000000000, -0.4500000000000000700 ) ) ;
#1112 = CARTESIAN_POINT ( 'NONE',  ( 0.01250000000000000100, 6.489650878479516100E-005, -0.001061048539534873800 ) ) ;
#1113 = SURFACE_SIDE_STYLE ('',( #1523 ) ) ;
#1114 = CIRCLE ( 'NONE', #2760, 0.0009999999999999998000 ) ;
#1115 = CARTESIAN_POINT ( 'NONE',  ( -0.01350000000000000000, 0.07749999999999999900, -0.1149673299908330100 ) ) ;
#1116 = SURFACE_SIDE_STYLE ('',( #2146 ) ) ;
#1117 = PRESENTATION_STYLE_ASSIGNMENT (( #3672 ) ) ;
#1118 = PRESENTATION_STYLE_ASSIGNMENT (( #2757 ) ) ;
#1119 = CARTESIAN_POINT ( 'NONE',  ( -0.2999999999999999900, 0.07749999999999999900, -0.3500000000000000300 ) ) ;
#1120 =( GEOMETRIC_REPRESENTATION_CONTEXT ( 3 ) GLOBAL_UNCERTAINTY_ASSIGNED_CONTEXT ( ( #1845 ) ) GLOBAL_UNIT_ASSIGNED_CONTEXT ( ( #1333, #3538, #1636 ) ) REPRESENTATION_CONTEXT ( 'NONE', 'WORKASPACE' ) );
#1121 = DIRECTION ( 'NONE',  ( 6.982966722218760200E-015, 0.0000000000000000000, -1.000000000000000000 ) ) ;
#1122 = VECTOR ( 'NONE', #3468, 100.0000000000000000 ) ;
#1123 = DIRECTION ( 'NONE',  ( 1.000000000000000000, 0.0000000000000000000, 0.0000000000000000000 ) ) ;
#1124 = EDGE_CURVE ( 'NONE', #2464, #2504, #3852, .T. ) ;
#1125 = DIRECTION ( 'NONE',  ( -1.000000000000000000, 0.0000000000000000000, 0.0000000000000000000 ) ) ;
#1126 = DIRECTION ( 'NONE',  ( -0.2322901742829641700, -0.9678757261790231800, -0.09621774059402285500 ) ) ;
#1127 = EDGE_LOOP ( 'NONE', ( #1380, #3830, #1899 ) ) ;
#1128 = UNCERTAINTY_MEASURE_WITH_UNIT (LENGTH_MEASURE( 1.000000000000000100E-005 ), #2310, 'distance_accuracy_value', 'NONE');
#1129 = CYLINDRICAL_SURFACE ( 'NONE', #2855, 0.001000000000000002600 ) ;
#1130 = ORIENTED_EDGE ( 'NONE', *, *, #1678, .T. ) ;
#1131 = DIRECTION ( 'NONE',  ( 0.0000000000000000000, 0.0000000000000000000, -1.000000000000000000 ) ) ;
#1132 = CIRCLE ( 'NONE', #2976, 0.001000000000000002600 ) ;
#1133 = FILL_AREA_STYLE ('',( #3836 ) ) ;
#1134 = CARTESIAN_POINT ( 'NONE',  ( -0.01350000000000000000, 0.01968136150205689100, -0.0009642385935034518600 ) ) ;
#1135 = PRODUCT_DEFINITION_SHAPE ( 'NONE', 'NONE',  #3989 ) ;
#1136 = VERTEX_POINT ( 'NONE', #1035 ) ;
#1137 = DIRECTION ( 'NONE',  ( -1.000000000000000000, 0.0000000000000000000, -6.982966722218760200E-015 ) ) ;
#1138 = CARTESIAN_POINT ( 'NONE',  ( 0.01250000000000000200, 0.001063031307206660600, 5.452321347860242100E-018 ) ) ;
#1139 = ORIENTED_EDGE ( 'NONE', *, *, #2091, .T. ) ;
#1140 = COLOUR_RGB ( '',0.7529411764705882200, 0.7529411764705882200, 0.7529411764705882200 ) ;
#1141 = DIRECTION ( 'NONE',  ( 7.893034146598109100E-032, 0.9654274555191098000, -0.2606718782874311000 ) ) ;
#1142 = AXIS2_PLACEMENT_3D ( 'NONE', #1049, #3228, #1348 ) ;
#1143 = CARTESIAN_POINT ( 'NONE',  ( 0.01350000000000000200, 0.009645797582824388800, -0.06057776031308206200 ) ) ;
#1144 = PLANE ( 'NONE',  #887 ) ;
#1145 =( GEOMETRIC_REPRESENTATION_CONTEXT ( 3 ) GLOBAL_UNCERTAINTY_ASSIGNED_CONTEXT ( ( #3771 ) ) GLOBAL_UNIT_ASSIGNED_CONTEXT ( ( #1410, #3608, #1722 ) ) REPRESENTATION_CONTEXT ( 'NONE', 'WORKASPACE' ) );
#1146 = ORIENTED_EDGE ( 'NONE', *, *, #3020, .F. ) ;
#1147 =( LENGTH_UNIT ( ) NAMED_UNIT ( * ) SI_UNIT ( .CENTI., .METRE. ) );
#1148 = VECTOR ( 'NONE', #1721, 100.0000000000000100 ) ;
#1149 = DIRECTION ( 'NONE',  ( -7.893034146598111200E-032, -0.9654274555191101300, 0.2606718782874300500 ) ) ;
#1150 = AXIS2_PLACEMENT_3D ( 'NONE', #3567, #1675, #3871 ) ;
#1151 = AXIS2_PLACEMENT_3D ( 'NONE', #3611, #1400, #1125 ) ;
#1152 = CIRCLE ( 'NONE', #1543, 0.0009999999999999995900 ) ;
#1153 = ORIENTED_EDGE ( 'NONE', *, *, #1521, .F. ) ;
#1154 = FACE_OUTER_BOUND ( 'NONE', #143, .T. ) ;
#1155 = SURFACE_SIDE_STYLE ('',( #3055 ) ) ;
#1156 = FILL_AREA_STYLE_COLOUR ( '', #853 ) ;
#1157 =( NAMED_UNIT ( * ) PLANE_ANGLE_UNIT ( ) SI_UNIT ( $, .RADIAN. ) );
#1158 = DIRECTION ( 'NONE',  ( -0.2322901742829671100, 0.9678757261790237300, -0.09621774059400950400 ) ) ;
#1159 = SURFACE_STYLE_FILL_AREA ( #2057 ) ;
#1160 = DIRECTION ( 'NONE',  ( 2.833862775218738900E-017, -0.2333729524753238900, 0.9723873019805175900 ) ) ;
#1161 = FILL_AREA_STYLE ('',( #2700 ) ) ;
#1162 = EDGE_LOOP ( 'NONE', ( #705, #1130, #203, #3751 ) ) ;
#1163 = STYLED_ITEM ( 'NONE', ( #238 ), #697 ) ;
#1164 = PRESENTATION_STYLE_ASSIGNMENT (( #3393 ) ) ;
#1165 = PRESENTATION_LAYER_ASSIGNMENT (  '', '', ( #774 ) ) ;
#1166 = CARTESIAN_POINT ( 'NONE',  ( 0.3500000000000000300, 0.09749999999999993400, 0.3000000000000001000 ) ) ;
#1167 = EDGE_LOOP ( 'NONE', ( #603, #3431, #660, #3423 ) ) ;
#1168 = SURFACE_STYLE_USAGE ( .BOTH. , #3030 ) ;
#1169 =( LENGTH_UNIT ( ) NAMED_UNIT ( * ) SI_UNIT ( .CENTI., .METRE. ) );
#1170 = ORIENTED_EDGE ( 'NONE', *, *, #3912, .F. ) ;
#1171 = ORIENTED_EDGE ( 'NONE', *, *, #1796, .F. ) ;
#1172 =( GEOMETRIC_REPRESENTATION_CONTEXT ( 3 ) GLOBAL_UNCERTAINTY_ASSIGNED_CONTEXT ( ( #254 ) ) GLOBAL_UNIT_ASSIGNED_CONTEXT ( ( #1787, #1470, #2107 ) ) REPRESENTATION_CONTEXT ( 'NONE', 'WORKASPACE' ) );
#1173 = FACE_OUTER_BOUND ( 'NONE', #2395, .T. ) ;
#1174 = EDGE_CURVE ( 'NONE', #508, #828, #2931, .T. ) ;
#1175 = UNCERTAINTY_MEASURE_WITH_UNIT (LENGTH_MEASURE( 1.000000000000000100E-005 ), #3014, 'distance_accuracy_value', 'NONE');
#1176 = LINE ( 'NONE', #2677, #2730 ) ;
#1177 = ORIENTED_EDGE ( 'NONE', *, *, #2166, .T. ) ;
#1178 = CARTESIAN_POINT ( 'NONE',  ( 0.01350000000000000000, 0.01942341823481138000, -0.0004142135623730033400 ) ) ;
#1179 = ORIENTED_EDGE ( 'NONE', *, *, #3386, .F. ) ;
#1180 = CARTESIAN_POINT ( 'NONE',  ( -0.01350000000000000000, 0.07849999999999998600, -0.1489999999999999400 ) ) ;
#1181 = DIRECTION ( 'NONE',  ( -2.710505431213761100E-015, -5.421010862427522200E-015, 1.000000000000000000 ) ) ;
#1182 = CARTESIAN_POINT ( 'NONE',  ( -0.01350000000000000200, 0.09708578643762692800, -0.1493431457505076100 ) ) ;
#1183 = ITEM_DEFINED_TRANSFORMATION ( 'NONE', 'NONE', #3375,  #3811 ) ;
#1184 = SURFACE_STYLE_USAGE ( .BOTH. , #3049 ) ;
#1185 = VECTOR ( 'NONE', #952, 100.0000000000000000 ) ;
#1186 = DIRECTION ( 'NONE',  ( 1.000000000000000000, 0.0000000000000000000, 0.0000000000000000000 ) ) ;
#1187 = CARTESIAN_POINT ( 'NONE',  ( -0.01250000000000000100, 0.09750000000000003100, -0.1495857864376268800 ) ) ;
#1188 = MECHANICAL_DESIGN_GEOMETRIC_PRESENTATION_REPRESENTATION (  '', ( #191 ), #1392 ) ;
#1189 = CARTESIAN_POINT ( 'NONE',  ( 0.2937867965644039800, 0.01500000000000001200, -0.3349999999999999600 ) ) ;
#1190 = SURFACE_SIDE_STYLE ('',( #3479 ) ) ;
#1191 = ORIENTED_EDGE ( 'NONE', *, *, #1735, .F. ) ;
#1192 = ORIENTED_EDGE ( 'NONE', *, *, #2556, .F. ) ;
#1193 = FILL_AREA_STYLE_COLOUR ( '', #1936 ) ;
#1194 = LINE ( 'NONE', #3182, #2026 ) ;
#1195 = DIRECTION ( 'NONE',  ( 0.0000000000000000000, 0.9654274555191098000, -0.2606718782874311600 ) ) ;
#1196 = FILL_AREA_STYLE_COLOUR ( '', #2657 ) ;
#1197 = EDGE_CURVE ( 'NONE', #508, #973, #1258, .T. ) ;
#1198 = FILL_AREA_STYLE_COLOUR ( '', #3190 ) ;
#1199 = EDGE_LOOP ( 'NONE', ( #3500, #2298, #2723, #2291, #628, #66, #2243, #3766 ) ) ;
#1200 = CARTESIAN_POINT ( 'NONE',  ( -0.4500000000000000700, 0.0000000000000000000, -0.1250000000000000000 ) ) ;
#1201 = SURFACE_STYLE_FILL_AREA ( #884 ) ;
#1203 = CIRCLE ( 'NONE', #889, 0.0009999999999999998000 ) ;
#1202 = DIRECTION ( 'NONE',  ( 7.290249346361470300E-032, 1.000000000000000000, 6.938893903907230000E-015 ) ) ;
#1204 = FILL_AREA_STYLE_COLOUR ( '', #1505 ) ;
#1205 =( NAMED_UNIT ( * ) SI_UNIT ( $, .STERADIAN. ) SOLID_ANGLE_UNIT ( ) );
#1206 = VECTOR ( 'NONE', #606, 100.0000000000000100 ) ;
#1207 = EDGE_CURVE ( 'NONE', #2110, #536, #481, .T. ) ;
#1208 = CARTESIAN_POINT ( 'NONE',  ( 0.01350000000000000200, 0.09684314575050763400, -0.1495857864376268800 ) ) ;
#1209 = PRODUCT_DEFINITION_SHAPE ( 'NONE', 'NONE',  #3971 ) ;
#1210 = DIRECTION ( 'NONE',  ( -1.000000000000000000, 0.0000000000000000000, -3.491483361109380100E-015 ) ) ;
#1211 = DIRECTION ( 'NONE',  ( 0.7071067811865480200, 2.474882848664240800E-030, -0.7071067811865471300 ) ) ;
#1212 = EDGE_LOOP ( 'NONE', ( #2828, #1587, #1479, #3532 ) ) ;
#1213 = MECHANICAL_DESIGN_GEOMETRIC_PRESENTATION_REPRESENTATION (  '', ( #626 ), #1419 ) ;
#1214 = PRESENTATION_LAYER_ASSIGNMENT (  '', '', ( #822 ) ) ;
#1215 = FILL_AREA_STYLE_COLOUR ( '', #610 ) ;
#1216 = ORIENTED_EDGE ( 'NONE', *, *, #2214, .T. ) ;
#1217 =( NAMED_UNIT ( * ) PLANE_ANGLE_UNIT ( ) SI_UNIT ( $, .RADIAN. ) );
#1218 = ORIENTED_EDGE ( 'NONE', *, *, #328, .F. ) ;
#1219 = CARTESIAN_POINT ( 'NONE',  ( 0.01249999999999999900, 0.02539829154026445100, -0.04515063761498729800 ) ) ;
#1220 = PRESENTATION_LAYER_ASSIGNMENT (  '', '', ( #1018 ) ) ;
#1221 = STYLED_ITEM ( 'NONE', ( #2908 ), #3114 ) ;
#1222 = LINE ( 'NONE', #1260, #3626 ) ;
#1223 = UNCERTAINTY_MEASURE_WITH_UNIT (LENGTH_MEASURE( 1.000000000000000100E-005 ), #1598, 'distance_accuracy_value', 'NONE');
#1224 = DIRECTION ( 'NONE',  ( -3.491483361109380100E-015, 0.0000000000000000000, 1.000000000000000000 ) ) ;
#1225 = VERTEX_POINT ( 'NONE', #3838 ) ;
#1226 = VECTOR ( 'NONE', #3008, 100.0000000000000000 ) ;
#1227 = CARTESIAN_POINT ( 'NONE',  ( 0.01350000000000000000, 0.07850000000000000000, -0.1489999999999999900 ) ) ;
#1228 =( LENGTH_UNIT ( ) NAMED_UNIT ( * ) SI_UNIT ( .CENTI., .METRE. ) );
#1229 = ITEM_DEFINED_TRANSFORMATION ( 'NONE', 'NONE', #1072,  #3811 ) ;
#1230 = CARTESIAN_POINT ( 'NONE',  ( 0.01349999999999999800, 0.02943061643074725000, -0.04727520294751606800 ) ) ;
#1231 = APPLICATION_PROTOCOL_DEFINITION ( 'draft international standard', 'automotive_design', 1998, #3098 ) ;
#1232 = AXIS2_PLACEMENT_3D ( 'NONE', #676, #2823, #963 ) ;
#1233 = ADVANCED_FACE ( 'NONE', ( #1173 ), #1512, .T. ) ;
#1234 = CARTESIAN_POINT ( 'NONE',  ( 0.01250000000000000100, 0.07791421356237310200, -0.1499999999999999900 ) ) ;
#1235 = VERTEX_POINT ( 'NONE', #3869 ) ;
#1236 = STYLED_ITEM ( 'NONE', ( #2113 ), #3486 ) ;
#1237 = PRESENTATION_STYLE_ASSIGNMENT (( #643 ) ) ;
#1238 = UNCERTAINTY_MEASURE_WITH_UNIT (LENGTH_MEASURE( 1.000000000000000100E-005 ), #2525, 'distance_accuracy_value', 'NONE');
#1239 = SURFACE_SIDE_STYLE ('',( #284 ) ) ;
#1240 = STYLED_ITEM ( 'NONE', ( #1248 ), #2552 ) ;
#1241 = EDGE_CURVE ( 'NONE', #828, #3050, #96, .T. ) ;
#1242 = CARTESIAN_POINT ( 'NONE',  ( -0.01349999999999999600, 0.001063031307206659700, -0.0009999999999999995900 ) ) ;
#1243 = FACE_OUTER_BOUND ( 'NONE', #2010, .T. ) ;
#1244 = DIRECTION ( 'NONE',  ( -0.0000000000000000000, 1.000000000000000000, 1.625387360916020400E-016 ) ) ;
#1245 = PRESENTATION_STYLE_ASSIGNMENT (( #14 ) ) ;
#1246 = EDGE_LOOP ( 'NONE', ( #2406, #1170, #1547, #3074 ) ) ;
#1247 =( NAMED_UNIT ( * ) SI_UNIT ( $, .STERADIAN. ) SOLID_ANGLE_UNIT ( ) );
#1248 = PRESENTATION_STYLE_ASSIGNMENT (( #521 ) ) ;
#1249 = VECTOR ( 'NONE', #2995, 100.0000000000000000 ) ;
#1250 = CARTESIAN_POINT ( 'NONE',  ( -0.01250000000000000100, 0.02196853816409000100, -0.04795466745548390700 ) ) ;
#1251 = CYLINDRICAL_SURFACE ( 'NONE', #1253, 0.0009999999999999995900 ) ;
#1252 = VECTOR ( 'NONE', #702, 100.0000000000000000 ) ;
#1253 = AXIS2_PLACEMENT_3D ( 'NONE', #2992, #1433, #3926 ) ;
#1254 = ADVANCED_FACE ( 'NONE', ( #2442 ), #3333, .T. ) ;
#1255 =( REPRESENTATION_RELATIONSHIP ('NONE','NONE', #1095, #2743 ) REPRESENTATION_RELATIONSHIP_WITH_TRANSFORMATION ( #1717 )SHAPE_REPRESENTATION_RELATIONSHIP( ) );
#1256 = VERTEX_POINT ( 'NONE', #3651 ) ;
#1257 = FACE_OUTER_BOUND ( 'NONE', #1317, .T. ) ;
#1258 = LINE ( 'NONE', #1643, #2822 ) ;
#1259 = VERTEX_POINT ( 'NONE', #3663 ) ;
#1260 = CARTESIAN_POINT ( 'NONE',  ( 0.3500000000000000300, 0.09749999999999993400, -0.2999999999999999900 ) ) ;
#1261 =( GEOMETRIC_REPRESENTATION_CONTEXT ( 3 ) GLOBAL_UNCERTAINTY_ASSIGNED_CONTEXT ( ( #2025 ) ) GLOBAL_UNIT_ASSIGNED_CONTEXT ( ( #1169, #3357, #1471 ) ) REPRESENTATION_CONTEXT ( 'NONE', 'WORKASPACE' ) );
#1262 = PRESENTATION_LAYER_ASSIGNMENT (  '', '', ( #474 ) ) ;
#1263 = LINE ( 'NONE', #1537, #2002 ) ;
#1264 = ORIENTED_EDGE ( 'NONE', *, *, #3143, .T. ) ;
#1265 = FILL_AREA_STYLE_COLOUR ( '', #2153 ) ;
#1266 = EDGE_CURVE ( 'NONE', #33, #386, #3803, .T. ) ;
#1267 = DIRECTION ( 'NONE',  ( -0.09621774059402334000, 0.9678757261790229500, -0.2322901742829650800 ) ) ;
#1268 = PRODUCT_DEFINITION_SHAPE ( 'NONE', 'NONE',  #3948 ) ;
#1269 = AXIS2_PLACEMENT_3D ( 'NONE', #836, #3003, #1137 ) ;
#1270 = ORIENTED_EDGE ( 'NONE', *, *, #2923, .F. ) ;
#1271 = SURFACE_STYLE_FILL_AREA ( #3867 ) ;
#1272 = CONTEXT_DEPENDENT_SHAPE_REPRESENTATION ( #445, #638 ) ;
#1273 = CARTESIAN_POINT ( 'NONE',  ( 0.01250000000000001100, 6.489650878479567600E-005, -0.001061048539534864500 ) ) ;
#1274 = FILL_AREA_STYLE ('',( #3138 ) ) ;
#1275 = ADVANCED_FACE ( 'NONE', ( #2147 ), #2744, .T. ) ;
#1276 = ITEM_DEFINED_TRANSFORMATION ( 'NONE', 'NONE', #2811,  #3811 ) ;
#1277 = CARTESIAN_POINT ( 'NONE',  ( 0.01250000000000000200, 0.01001868687056180200, 4.768976320238950800E-017 ) ) ;
#1278 = EDGE_CURVE ( 'NONE', #938, #983, #2574, .T. ) ;
#1279 =( NAMED_UNIT ( * ) SI_UNIT ( $, .STERADIAN. ) SOLID_ANGLE_UNIT ( ) );
#1280 = ADVANCED_FACE ( 'NONE', ( #1025 ), #3385, .T. ) ;
#1281 = CYLINDRICAL_SURFACE ( 'NONE', #3661, 0.009999999999999998500 ) ;
#1282 =( REPRESENTATION_RELATIONSHIP ('NONE','NONE', #1095, #2743 ) REPRESENTATION_RELATIONSHIP_WITH_TRANSFORMATION ( #3126 )SHAPE_REPRESENTATION_RELATIONSHIP( ) );
#1283 = STYLED_ITEM ( 'NONE', ( #699 ), #874 ) ;
#1284 = DIRECTION ( 'NONE',  ( 0.0000000000000000000, -0.9981347984218671400, -0.06104853953485450000 ) ) ;
#1285 = VECTOR ( 'NONE', #3570, 100.0000000000000000 ) ;
#1286 = STYLED_ITEM ( 'NONE', ( #1928 ), #1781 ) ;
#1287 = DIRECTION ( 'NONE',  ( 0.0000000000000000000, 0.0000000000000000000, -1.000000000000000000 ) ) ;
#1288 = ORIENTED_EDGE ( 'NONE', *, *, #2116, .F. ) ;
#1289 = FILL_AREA_STYLE ('',( #2862 ) ) ;
#1290 = DIRECTION ( 'NONE',  ( -0.0000000000000000000, 1.000000000000000000, -0.0000000000000000000 ) ) ;
#1291 = UNCERTAINTY_MEASURE_WITH_UNIT (LENGTH_MEASURE( 1.000000000000000100E-005 ), #1546, 'distance_accuracy_value', 'NONE');
#1292 = LINE ( 'NONE', #878, #2959 ) ;
#1293 =( GEOMETRIC_REPRESENTATION_CONTEXT ( 3 ) GLOBAL_UNCERTAINTY_ASSIGNED_CONTEXT ( ( #2696 ) ) GLOBAL_UNIT_ASSIGNED_CONTEXT ( ( #1494, #3700, #1816 ) ) REPRESENTATION_CONTEXT ( 'NONE', 'WORKASPACE' ) );
#1294 = SURFACE_SIDE_STYLE ('',( #2097 ) ) ;
#1295 = SURFACE_STYLE_USAGE ( .BOTH. , #3157 ) ;
#1296 = SURFACE_STYLE_FILL_AREA ( #3552 ) ;
#1297 = EDGE_CURVE ( 'NONE', #2945, #3293, #1450, .T. ) ;
#1298 = ADVANCED_FACE ( 'NONE', ( #3015 ), #2698, .T. ) ;
#1299 = SURFACE_STYLE_USAGE ( .BOTH. , #3160 ) ;
#1300 = DIRECTION ( 'NONE',  ( 0.0000000000000000000, -0.0000000000000000000, -1.000000000000000000 ) ) ;
#1301 = ADVANCED_FACE ( 'NONE', ( #1073 ), #282, .T. ) ;
#1302 = SURFACE_SIDE_STYLE ('',( #3113 ) ) ;
#1303 = PLANE ( 'NONE',  #392 ) ;
#1304 = DIRECTION ( 'NONE',  ( 0.0000000000000000000, -1.000000000000000000, 0.0000000000000000000 ) ) ;
#1305 = ORIENTED_EDGE ( 'NONE', *, *, #1766, .F. ) ;
#1306 = PRESENTATION_STYLE_ASSIGNMENT (( #3299 ) ) ;
#1307 = SURFACE_STYLE_FILL_AREA ( #2721 ) ;
#1308 = CARTESIAN_POINT ( 'NONE',  ( 0.01350000000000001500, 0.08260546373843256900, -0.06102600401684811500 ) ) ;
#1309 = SURFACE_SIDE_STYLE ('',( #3068 ) ) ;
#1310 = VERTEX_POINT ( 'NONE', #1869 ) ;
#1311 = DIRECTION ( 'NONE',  ( 0.0000000000000000000, -1.000000000000000000, 0.0000000000000000000 ) ) ;
#1312 = SURFACE_STYLE_FILL_AREA ( #3101 ) ;
#1313 = ORIENTED_EDGE ( 'NONE', *, *, #2714, .F. ) ;
#1314 =( REPRESENTATION_RELATIONSHIP ('NONE','NONE', #1095, #2743 ) REPRESENTATION_RELATIONSHIP_WITH_TRANSFORMATION ( #551 )SHAPE_REPRESENTATION_RELATIONSHIP( ) );
#1315 = SURFACE_STYLE_USAGE ( .BOTH. , #3180 ) ;
#1316 = PRODUCT_DEFINITION_SHAPE ( 'NONE', 'NONE',  #3982 ) ;
#1317 = EDGE_LOOP ( 'NONE', ( #933, #3657, #1153, #2448 ) ) ;
#1318 = SURFACE_STYLE_FILL_AREA ( #1762 ) ;
#1319 = EDGE_CURVE ( 'NONE', #3458, #2220, #1878, .T. ) ;
#1320 = DIRECTION ( 'NONE',  ( 0.7071067811865468000, -0.0000000000000000000, 0.7071067811865482400 ) ) ;
#1321 = CARTESIAN_POINT ( 'NONE',  ( -0.01250000000000000100, 0.04733443272998889800, -0.07075394419695399400 ) ) ;
#1322 = CARTESIAN_POINT ( 'NONE',  ( 0.2999999999999999900, 0.08749999999999999400, 0.3499999999999999800 ) ) ;
#1323 = CONTEXT_DEPENDENT_SHAPE_REPRESENTATION ( #1009, #539 ) ;
#1324 = CARTESIAN_POINT ( 'NONE',  ( 0.01350000000000000200, 0.07849999999999998600, -0.08242397711235843700 ) ) ;
#1325 = DIRECTION ( 'NONE',  ( 1.000000000000000000, 0.0000000000000000000, 0.0000000000000000000 ) ) ;
#1326 = ITEM_DEFINED_TRANSFORMATION ( 'NONE', 'NONE', #562,  #3811 ) ;
#1327 = DIRECTION ( 'NONE',  ( 1.000000000000000000, -7.290249346361490000E-032, 3.279322939077849900E-032 ) ) ;
#1328 = SURFACE_SIDE_STYLE ('',( #3927 ) ) ;
#1329 = DIRECTION ( 'NONE',  ( -0.0000000000000000000, 0.9981347984218669200, 0.06104853953485710900 ) ) ;
#1330 = CARTESIAN_POINT ( 'NONE',  ( -6.331740687315350400E-018, 0.07749999999999995800, -0.3500000000000000900 ) ) ;
#1331 = PRESENTATION_STYLE_ASSIGNMENT (( #1578 ) ) ;
#1332 = EDGE_LOOP ( 'NONE', ( #934, #2452, #1171, #197 ) ) ;
#1333 =( LENGTH_UNIT ( ) NAMED_UNIT ( * ) SI_UNIT ( .CENTI., .METRE. ) );
#1334 = CARTESIAN_POINT ( 'NONE',  ( -0.01350000000000000000, 0.004306482253088128900, -0.05402995420898026900 ) ) ;
#1335 =( REPRESENTATION_RELATIONSHIP ('NONE','NONE', #1095, #2743 ) REPRESENTATION_RELATIONSHIP_WITH_TRANSFORMATION ( #1906 )SHAPE_REPRESENTATION_RELATIONSHIP( ) );
#1336 = AXIS2_PLACEMENT_3D ( 'NONE', #153, #2282, #458 ) ;
#1337 = UNCERTAINTY_MEASURE_WITH_UNIT (LENGTH_MEASURE( 1.000000000000000100E-005 ), #636, 'distance_accuracy_value', 'NONE');
#1338 = CARTESIAN_POINT ( 'NONE',  ( -0.02500000000000000100, 0.0000000000000000000, 0.4500000000000000700 ) ) ;
#1339 = FILL_AREA_STYLE ('',( #1352 ) ) ;
#1340 = CARTESIAN_POINT ( 'NONE',  ( -0.01250000000000000100, 0.02009480247263976900, -0.0009389514604650424400 ) ) ;
#1341 = FACE_OUTER_BOUND ( 'NONE', #2164, .T. ) ;
#1342 = AXIS2_PLACEMENT_3D ( 'NONE', #2003, #180, #2316 ) ;
#1343 = PRESENTATION_LAYER_ASSIGNMENT (  '', '', ( #755 ) ) ;
#1344 =( NAMED_UNIT ( * ) SI_UNIT ( $, .STERADIAN. ) SOLID_ANGLE_UNIT ( ) );
#1345 = CARTESIAN_POINT ( 'NONE',  ( -0.01308578643762690400, 0.01754181956520039400, -0.06374554973491941600 ) ) ;
#1346 = FILL_AREA_STYLE ('',( #3242 ) ) ;
#1347 = CARTESIAN_POINT ( 'NONE',  ( -0.01250000000000000100, 0.07849999999999998600, -0.1489999999999999700 ) ) ;
#1348 = DIRECTION ( 'NONE',  ( 0.0000000000000000000, 1.084202172485501600E-014, -1.000000000000000000 ) ) ;
#1349 = DIRECTION ( 'NONE',  ( 0.09621774059401005900, 0.9678757261790238400, -0.2322901742829667800 ) ) ;
#1350 = DIRECTION ( 'NONE',  ( 0.0000000000000000000, 0.0000000000000000000, 1.000000000000000000 ) ) ;
#1351 = ORIENTED_EDGE ( 'NONE', *, *, #2432, .F. ) ;
#1352 = FILL_AREA_STYLE_COLOUR ( '', #3252 ) ;
#1353 = VECTOR ( 'NONE', #743, 100.0000000000000000 ) ;
#1354 = ORIENTED_EDGE ( 'NONE', *, *, #869, .F. ) ;
#1355 = DIRECTION ( 'NONE',  ( -0.09621774059400817200, 0.9678757261790239500, -0.2322901742829671100 ) ) ;
#1356 = FILL_AREA_STYLE_COLOUR ( '', #3670 ) ;
#1357 = DIRECTION ( 'NONE',  ( 1.000000000000000000, 0.0000000000000000000, 0.0000000000000000000 ) ) ;
#1358 = AXIS2_PLACEMENT_3D ( 'NONE', #3204, #1329, #3535 ) ;
#1359 = EDGE_LOOP ( 'NONE', ( #1591, #2099, #1008, #1458 ) ) ;
#1360 = CARTESIAN_POINT ( 'NONE',  ( -0.01350000000000000000, 0.07749999999999999900, -0.07993465998166700300 ) ) ;
#1361 = UNCERTAINTY_MEASURE_WITH_UNIT (LENGTH_MEASURE( 1.000000000000000100E-005 ), #1804, 'distance_accuracy_value', 'NONE');
#1362 = SURFACE_STYLE_USAGE ( .BOTH. , #3244 ) ;
#1363 =( NAMED_UNIT ( * ) PLANE_ANGLE_UNIT ( ) SI_UNIT ( $, .RADIAN. ) );
#1364 = FACE_OUTER_BOUND ( 'NONE', #1974, .T. ) ;
#1365 = MECHANICAL_DESIGN_GEOMETRIC_PRESENTATION_REPRESENTATION (  '', ( #774 ), #1564 ) ;
#1366 = ORIENTED_EDGE ( 'NONE', *, *, #200, .T. ) ;
#1367 = DIRECTION ( 'NONE',  ( -3.491483361109380100E-015, 0.0000000000000000000, -1.000000000000000000 ) ) ;
#1368 = DIRECTION ( 'NONE',  ( 0.0000000000000000000, 1.000000000000000000, 8.470329472543003400E-016 ) ) ;
#1369 = CARTESIAN_POINT ( 'NONE',  ( 0.01350000000000000000, 0.09650000000000000200, -0.08953728511987109300 ) ) ;
#1370 = PRESENTATION_LAYER_ASSIGNMENT (  '', '', ( #779 ) ) ;
#1371 = STYLED_ITEM ( 'NONE', ( #3938 ), #2833 ) ;
#1372 = COLOUR_RGB ( '',0.1254901960784313700, 0.1254901960784313700, 0.1254901960784313700 ) ;
#1373 = SURFACE_SIDE_STYLE ('',( #3195 ) ) ;
#1374 = EDGE_CURVE ( 'NONE', #3022, #1945, #3560, .T. ) ;
#1375 = CARTESIAN_POINT ( 'NONE',  ( -0.01249999999999999900, 0.07464310615893080000, -0.07916327951246456000 ) ) ;
#1376 = CONTEXT_DEPENDENT_SHAPE_REPRESENTATION ( #1586, #3705 ) ;
#1377 = FILL_AREA_STYLE_COLOUR ( '', #750 ) ;
#1378 = CARTESIAN_POINT ( 'NONE',  ( -0.01350000000000000700, 0.09708578643762690000, -0.07993465998166700300 ) ) ;
#1379 = ITEM_DEFINED_TRANSFORMATION ( 'NONE', 'NONE', #2266,  #3811 ) ;
#1380 = ORIENTED_EDGE ( 'NONE', *, *, #990, .F. ) ;
#1381 = CARTESIAN_POINT ( 'NONE',  ( 0.4500000000000000700, 0.0000000000000000000, -0.02500000000000000100 ) ) ;
#1382 = CARTESIAN_POINT ( 'NONE',  ( -0.2999999999999999900, 0.09749999999999994800, -0.3500000000000000900 ) ) ;
#1383 =( NAMED_UNIT ( * ) SI_UNIT ( $, .STERADIAN. ) SOLID_ANGLE_UNIT ( ) );
#1384 = VECTOR ( 'NONE', #3250, 100.0000000000000000 ) ;
#1385 = ORIENTED_EDGE ( 'NONE', *, *, #1124, .F. ) ;
#1386 = FILL_AREA_STYLE ('',( #1088 ) ) ;
#1387 = STYLED_ITEM ( 'NONE', ( #2537 ), #362 ) ;
#1388 = CARTESIAN_POINT ( 'NONE',  ( -0.01350000000000000000, 0.07850000000000000000, -0.08242397711235847900 ) ) ;
#1389 = DIRECTION ( 'NONE',  ( 3.650806842377991400E-033, 0.2333729524753250500, -0.9723873019805172600 ) ) ;
#1390 = CARTESIAN_POINT ( 'NONE',  ( -0.01250000000000000100, 0.05919118273676830100, -0.05531075515140149900 ) ) ;
#1391 = SURFACE_STYLE_FILL_AREA ( #2499 ) ;
#1392 =( GEOMETRIC_REPRESENTATION_CONTEXT ( 3 ) GLOBAL_UNCERTAINTY_ASSIGNED_CONTEXT ( ( #2101 ) ) GLOBAL_UNIT_ASSIGNED_CONTEXT ( ( #2797, #940, #3102 ) ) REPRESENTATION_CONTEXT ( 'NONE', 'WORKASPACE' ) );
#1393 = AXIS2_PLACEMENT_3D ( 'NONE', #2587, #749, #2903 ) ;
#1394 = DIRECTION ( 'NONE',  ( 1.000000000000000000, 0.0000000000000000000, -3.491483361109380100E-015 ) ) ;
#1395 = CARTESIAN_POINT ( 'NONE',  ( 0.01350000000000000000, 0.001063031307206664700, -0.0004142135623730913700 ) ) ;
#1396 = COLOUR_RGB ( '',0.1254901960784313700, 0.1254901960784313700, 0.1254901960784313700 ) ;
#1397 =( NAMED_UNIT ( * ) SI_UNIT ( $, .STERADIAN. ) SOLID_ANGLE_UNIT ( ) );
#1398 = EDGE_CURVE ( 'NONE', #575, #2528, #2616, .T. ) ;
#1399 = PRODUCT_DEFINITION_SHAPE ( 'NONE', 'NONE',  #3964 ) ;
#1400 = DIRECTION ( 'NONE',  ( 3.279322939077849900E-032, 0.0000000000000000000, -1.000000000000000000 ) ) ;
#1401 =( NAMED_UNIT ( * ) SI_UNIT ( $, .STERADIAN. ) SOLID_ANGLE_UNIT ( ) );
#1402 = CARTESIAN_POINT ( 'NONE',  ( -0.01250000000000000100, 0.003204606562532273400, -0.05239485415516325500 ) ) ;
#1403 = EDGE_LOOP ( 'NONE', ( #3006, #1084, #3061, #2958 ) ) ;
#1404 = COLOUR_RGB ( '',0.7529411764705882200, 0.7529411764705882200, 0.7529411764705882200 ) ;
#1405 = CARTESIAN_POINT ( 'NONE',  ( -0.01250000000000000100, 0.09749999999999998900, -0.07993465998166700300 ) ) ;
#1406 = FILL_AREA_STYLE ('',( #1196 ) ) ;
#1407 = ORIENTED_EDGE ( 'NONE', *, *, #3678, .T. ) ;
#1408 = DIRECTION ( 'NONE',  ( -1.000000000000000000, 0.0000000000000000000, -6.982966722218760200E-015 ) ) ;
#1409 = EDGE_LOOP ( 'NONE', ( #2179, #2697 ) ) ;
#1410 =( LENGTH_UNIT ( ) NAMED_UNIT ( * ) SI_UNIT ( .CENTI., .METRE. ) );
#1411 = EDGE_CURVE ( 'NONE', #345, #3433, #1785, .T. ) ;
#1412 = DIRECTION ( 'NONE',  ( 0.0000000000000000000, -0.0000000000000000000, -1.000000000000000000 ) ) ;
#1413 = ORIENTED_EDGE ( 'NONE', *, *, #1041, .T. ) ;
#1414 = UNCERTAINTY_MEASURE_WITH_UNIT (LENGTH_MEASURE( 1.000000000000000100E-005 ), #2638, 'distance_accuracy_value', 'NONE');
#1415 =( LENGTH_UNIT ( ) NAMED_UNIT ( * ) SI_UNIT ( .CENTI., .METRE. ) );
#1416 = CARTESIAN_POINT ( 'NONE',  ( -0.01350000000000003800, 0.02511249596446369500, -0.04550251769761891300 ) ) ;
#1417 = LINE ( 'NONE', #1715, #720 ) ;
#1418 = CARTESIAN_POINT ( 'NONE',  ( 0.01250000000000000200, 0.07850000000000000000, -0.1489999999999999900 ) ) ;
#1419 =( GEOMETRIC_REPRESENTATION_CONTEXT ( 3 ) GLOBAL_UNCERTAINTY_ASSIGNED_CONTEXT ( ( #1792 ) ) GLOBAL_UNIT_ASSIGNED_CONTEXT ( ( #1228, #3420, #1532 ) ) REPRESENTATION_CONTEXT ( 'NONE', 'WORKASPACE' ) );
#1420 = DIRECTION ( 'NONE',  ( 1.000000000000000000, -7.290249346361490000E-032, 3.279322939077849900E-032 ) ) ;
#1421 = DIRECTION ( 'NONE',  ( -0.6875816551701161600, 0.2333729524753219400, -0.6875816551701148200 ) ) ;
#1422 = MECHANICAL_DESIGN_GEOMETRIC_PRESENTATION_REPRESENTATION (  '', ( #822 ), #1616 ) ;
#1423 = CARTESIAN_POINT ( 'NONE',  ( -0.07499999999999999700, 0.0000000000000000000, -0.4500000000000000700 ) ) ;
#1424 = CARTESIAN_POINT ( 'NONE',  ( -0.2000000000000000100, 0.1499999999999999900, 0.2000000000000000100 ) ) ;
#1425 = CARTESIAN_POINT ( 'NONE',  ( -0.01350000000000000000, 0.02009480247263975900, -0.0009389514604650478600 ) ) ;
#1426 = MECHANICAL_DESIGN_GEOMETRIC_PRESENTATION_REPRESENTATION (  '', ( #1018 ), #1622 ) ;
#1427 = AXIS2_PLACEMENT_3D ( 'NONE', #2322, #500, #2632 ) ;
#1428 = UNCERTAINTY_MEASURE_WITH_UNIT (LENGTH_MEASURE( 1.000000000000000100E-005 ), #1553, 'distance_accuracy_value', 'NONE');
#1429 = CONTEXT_DEPENDENT_SHAPE_REPRESENTATION ( #2201, #2841 ) ;
#1430 = DIRECTION ( 'NONE',  ( 1.000000000000000000, 1.214306433183769900E-016, 0.0000000000000000000 ) ) ;
#1431 = CARTESIAN_POINT ( 'NONE',  ( 0.01350000000000000000, 0.07850000000000000000, -0.1490000000000000800 ) ) ;
#1432 = SURFACE_STYLE_FILL_AREA ( #3886 ) ;
#1433 = DIRECTION ( 'NONE',  ( -3.718265416196989900E-032, -0.06104853953485690100, 0.9981347984218670300 ) ) ;
#1434 = DIRECTION ( 'NONE',  ( 7.893034146598111200E-032, 0.9654274555191101300, -0.2606718782874300500 ) ) ;
#1435 = CARTESIAN_POINT ( 'NONE',  ( 0.01250000000000000100, 0.003335494101621754500, -0.05453484650289831100 ) ) ;
#1436 = SURFACE_STYLE_USAGE ( .BOTH. , #3319 ) ;
#1437 = COLOUR_RGB ( '',0.1254901960784313700, 0.1254901960784313700, 0.1254901960784313700 ) ;
#1438 = ORIENTED_EDGE ( 'NONE', *, *, #967, .F. ) ;
#1439 = CARTESIAN_POINT ( 'NONE',  ( -0.01350000000000000000, 0.01942341823481138000, -0.0004142135623729980200 ) ) ;
#1440 = DIRECTION ( 'NONE',  ( 6.982966722218760200E-015, 0.0000000000000000000, -1.000000000000000000 ) ) ;
#1441 = COLOUR_RGB ( '',0.7529411764705882200, 0.7529411764705882200, 0.7529411764705882200 ) ;
#1442 = COLOUR_RGB ( '',0.7529411764705882200, 0.7529411764705882200, 0.7529411764705882200 ) ;
#1443 = STYLED_ITEM ( 'NONE', ( #47 ), #642 ) ;
#1444 = CARTESIAN_POINT ( 'NONE',  ( 0.01250000000000000100, 0.03202099878083229700, -0.0009999999999998449800 ) ) ;
#1445 = CARTESIAN_POINT ( 'NONE',  ( 0.01350000000000000000, 0.003790695960933512200, -0.04559692287569949700 ) ) ;
#1446 = DIRECTION ( 'NONE',  ( -1.000000000000000000, 0.0000000000000000000, -0.0000000000000000000 ) ) ;
#1447 = AXIS2_PLACEMENT_3D ( 'NONE', #2927, #1060, #3243 ) ;
#1448 = AXIS2_PLACEMENT_3D ( 'NONE', #3273, #1389, #3591 ) ;
#1449 = EDGE_CURVE ( 'NONE', #3624, #1988, #1063, .T. ) ;
#1450 = LINE ( 'NONE', #3070, #3103 ) ;
#1451 = ORIENTED_EDGE ( 'NONE', *, *, #3154, .T. ) ;
#1452 = ORIENTED_EDGE ( 'NONE', *, *, #3814, .F. ) ;
#1453 = LINE ( 'NONE', #2540, #577 ) ;
#1454 = ORIENTED_EDGE ( 'NONE', *, *, #1796, .T. ) ;
#1455 =( LENGTH_UNIT ( ) NAMED_UNIT ( * ) SI_UNIT ( .CENTI., .METRE. ) );
#1456 = DIRECTION ( 'NONE',  ( 7.290249346361470300E-032, 1.000000000000000000, 4.760081218080361000E-015 ) ) ;
#1457 = CARTESIAN_POINT ( 'NONE',  ( 0.01250000000000001500, 0.06012762856547450300, -0.05452779118803430900 ) ) ;
#1458 = ORIENTED_EDGE ( 'NONE', *, *, #3295, .T. ) ;
#1459 = PRODUCT_DEFINITION_CONTEXT ( 'detailed design', #1539, 'design' ) ;
#1460 = SURFACE_STYLE_USAGE ( .BOTH. , #3347 ) ;
#1461 = MECHANICAL_DESIGN_GEOMETRIC_PRESENTATION_REPRESENTATION (  '', ( #1058 ), #1666 ) ;
#1462 = VERTEX_POINT ( 'NONE', #2580 ) ;
#1463 = UNCERTAINTY_MEASURE_WITH_UNIT (LENGTH_MEASURE( 1.000000000000000100E-005 ), #8, 'distance_accuracy_value', 'NONE');
#1464 = SURFACE_SIDE_STYLE ('',( #2765 ) ) ;
#1465 = STYLED_ITEM ( 'NONE', ( #928 ), #1280 ) ;
#1466 = FILL_AREA_STYLE_COLOUR ( '', #3027 ) ;
#1467 =( NAMED_UNIT ( * ) PLANE_ANGLE_UNIT ( ) SI_UNIT ( $, .RADIAN. ) );
#1468 = CARTESIAN_POINT ( 'NONE',  ( -0.01250000000000000100, 0.01909666767421790800, -0.0009999999999999065600 ) ) ;
#1469 = MECHANICAL_DESIGN_GEOMETRIC_PRESENTATION_REPRESENTATION (  '', ( #474 ), #1674 ) ;
#1470 =( NAMED_UNIT ( * ) PLANE_ANGLE_UNIT ( ) SI_UNIT ( $, .RADIAN. ) );
#1471 =( NAMED_UNIT ( * ) SI_UNIT ( $, .STERADIAN. ) SOLID_ANGLE_UNIT ( ) );
#1472 =( NAMED_UNIT ( * ) SI_UNIT ( $, .STERADIAN. ) SOLID_ANGLE_UNIT ( ) );
#1473 = EDGE_CURVE ( 'NONE', #1235, #938, #3161, .T. ) ;
#1474 = AXIS2_PLACEMENT_3D ( 'NONE', #3323, #1440, #3642 ) ;
#1475 = AXIS2_PLACEMENT_3D ( 'NONE', #2543, #707, #2857 ) ;
#1476 = ORIENTED_EDGE ( 'NONE', *, *, #3715, .T. ) ;
#1477 = SURFACE_STYLE_FILL_AREA ( #1289 ) ;
#1478 = CARTESIAN_POINT ( 'NONE',  ( 0.01308578643762690500, 0.02009480247263976600, -0.0009389514604650454800 ) ) ;
#1479 = ORIENTED_EDGE ( 'NONE', *, *, #2505, .F. ) ;
#1480 = DIRECTION ( 'NONE',  ( -0.7071067811865476800, -2.474882848664241500E-030, 0.7071067811865474600 ) ) ;
#1481 = FACE_OUTER_BOUND ( 'NONE', #2618, .T. ) ;
#1482 = CARTESIAN_POINT ( 'NONE',  ( -0.01350000000000000000, 0.07850000000000000000, -0.1489999999999999900 ) ) ;
#1483 = SURFACE_SIDE_STYLE ('',( #350 ) ) ;
#1484 = CARTESIAN_POINT ( 'NONE',  ( -0.01350000000000000000, 0.09650000000000001600, -0.1489999999999999900 ) ) ;
#1485 = DIRECTION ( 'NONE',  ( -1.000000000000000000, -0.0000000000000000000, -0.0000000000000000000 ) ) ;
#1486 = EDGE_CURVE ( 'NONE', #3905, #2110, #178, .T. ) ;
#1487 =( NAMED_UNIT ( * ) PLANE_ANGLE_UNIT ( ) SI_UNIT ( $, .RADIAN. ) );
#1488 = LINE ( 'NONE', #2383, #3892 ) ;
#1489 = PRESENTATION_LAYER_ASSIGNMENT (  '', '', ( #1283 ) ) ;
#1490 = COLOUR_RGB ( '',0.7490196078431372600, 0.7490196078431372600, 0.7490196078431372600 ) ;
#1491 = PRESENTATION_LAYER_ASSIGNMENT (  '', '', ( #1286 ) ) ;
#1492 = FILL_AREA_STYLE_COLOUR ( '', #2382 ) ;
#1493 = VERTEX_POINT ( 'NONE', #443 ) ;
#1494 =( LENGTH_UNIT ( ) NAMED_UNIT ( * ) SI_UNIT ( .CENTI., .METRE. ) );
#1495 = PLANE ( 'NONE',  #3603 ) ;
#1496 = ORIENTED_EDGE ( 'NONE', *, *, #281, .F. ) ;
#1497 = FILL_AREA_STYLE ('',( #608 ) ) ;
#1498 = ORIENTED_EDGE ( 'NONE', *, *, #2663, .F. ) ;
#1499 = PRESENTATION_LAYER_ASSIGNMENT (  '', '', ( #1101 ) ) ;
#1500 = FILL_AREA_STYLE ('',( #1198 ) ) ;
#1501 = DIRECTION ( 'NONE',  ( -3.491483361109380100E-015, 0.0000000000000000000, 1.000000000000000000 ) ) ;
#1502 = EDGE_LOOP ( 'NONE', ( #1076, #1454, #3815, #184 ) ) ;
#1503 = EDGE_CURVE ( 'NONE', #3064, #524, #875, .T. ) ;
#1504 = ORIENTED_EDGE ( 'NONE', *, *, #3122, .F. ) ;
#1505 = COLOUR_RGB ( '',0.1254901960784313700, 0.1254901960784313700, 0.1254901960784313700 ) ;
#1506 = CARTESIAN_POINT ( 'NONE',  ( 0.01350000000000000000, 0.07850000000000000000, -0.1489999999999999900 ) ) ;
#1507 = FILL_AREA_STYLE ('',( #1204 ) ) ;
#1508 = EDGE_LOOP ( 'NONE', ( #199, #2145, #2030, #851 ) ) ;
#1509 = CARTESIAN_POINT ( 'NONE',  ( -0.01350000000000000000, 0.08749999999999999400, -0.1499999999999999900 ) ) ;
#1510 = CARTESIAN_POINT ( 'NONE',  ( 0.01250000000000000100, 0.02231665910769032100, -0.03726598633215437400 ) ) ;
#1511 = CARTESIAN_POINT ( 'NONE',  ( 0.01350000000000000000, 0.09708578643762691400, -0.1490000000000000200 ) ) ;
#1512 =( BOUNDED_SURFACE ( )  B_SPLINE_SURFACE ( 3, 3, ( 
 ( #2913, #2060, #236, #2369 ),
 ( #549, #2685, #835, #2997 ),
 ( #1134, #3322, #1439, #3639 ),
 ( #1745, #3934, #2073, #257 ) ),
 .UNSPECIFIED., .F., .F., .T. ) 
 B_SPLINE_SURFACE_WITH_KNOTS ( ( 4, 4 ),
 ( 4, 4 ),
 ( 0.0000000000000000000, 1.000000000000000000 ),
 ( 0.0000000000000000000, 1.000000000000000000 ),
 .UNSPECIFIED. ) 
 GEOMETRIC_REPRESENTATION_ITEM ( )  RATIONAL_B_SPLINE_SURFACE ( (
 ( 1.000000000000000000, 0.8189139799216006400, 0.8189139799216006400, 1.000000000000000000),
 ( 0.8047378541243649400, 0.6590110789145521300, 0.6590110789145521300, 0.8047378541243649400),
 ( 0.8047378541243649400, 0.6590110789145521300, 0.6590110789145521300, 0.8047378541243649400),
 ( 1.000000000000000000, 0.8189139799216006400, 0.8189139799216006400, 1.000000000000000000) ) ) 
 REPRESENTATION_ITEM ( '' )  SURFACE ( )  );
#1513 = VECTOR ( 'NONE', #1311, 100.0000000000000000 ) ;
#1514 = CARTESIAN_POINT ( 'NONE',  ( -0.4500000000000000700, 0.0000000000000000000, 0.1250000000000000000 ) ) ;
#1515 = MECHANICAL_DESIGN_GEOMETRIC_PRESENTATION_REPRESENTATION (  '', ( #528 ), #1725 ) ;
#1516 = COLOUR_RGB ( '',0.1254901960784313700, 0.1254901960784313700, 0.1254901960784313700 ) ;
#1517 = STYLED_ITEM ( 'NONE', ( #2255 ), #3439 ) ;
#1518 = STYLED_ITEM ( 'NONE', ( #2312 ), #2531 ) ;
#1519 = CIRCLE ( 'NONE', #2033, 0.0009999999999999980700 ) ;
#1520 = CARTESIAN_POINT ( 'NONE',  ( 0.01308578643762693200, 0.02231665910769032100, -0.03726598633215438100 ) ) ;
#1521 = EDGE_CURVE ( 'NONE', #2487, #3069, #3260, .T. ) ;
#1522 = CARTESIAN_POINT ( 'NONE',  ( -0.01350000000000000000, 0.08245276568746109900, -0.06159153832680390500 ) ) ;
#1523 = SURFACE_STYLE_FILL_AREA ( #2975 ) ;
#1524 = PRODUCT_DEFINITION_SHAPE ( 'NONE', 'NONE',  #3980 ) ;
#1525 = VERTEX_POINT ( 'NONE', #1660 ) ;
#1526 =( NAMED_UNIT ( * ) PLANE_ANGLE_UNIT ( ) SI_UNIT ( $, .RADIAN. ) );
#1527 = LINE ( 'NONE', #3183, #2275 ) ;
#1528 = UNCERTAINTY_MEASURE_WITH_UNIT (LENGTH_MEASURE( 1.000000000000000100E-005 ), #2727, 'distance_accuracy_value', 'NONE');
#1529 = PRESENTATION_STYLE_ASSIGNMENT (( #3573 ) ) ;
#1530 = CARTESIAN_POINT ( 'NONE',  ( 0.01350000000000000000, 0.07850000000000001400, -0.1489999999999999900 ) ) ;
#1531 = UNCERTAINTY_MEASURE_WITH_UNIT (LENGTH_MEASURE( 1.000000000000000100E-005 ), #2654, 'distance_accuracy_value', 'NONE');
#1532 =( NAMED_UNIT ( * ) SI_UNIT ( $, .STERADIAN. ) SOLID_ANGLE_UNIT ( ) );
#1533 = FACE_OUTER_BOUND ( 'NONE', #2902, .T. ) ;
#1534 = MECHANICAL_DESIGN_GEOMETRIC_PRESENTATION_REPRESENTATION (  '', ( #552 ), #1754 ) ;
#1535 = ADVANCED_FACE ( 'NONE', ( #790 ), #1628, .T. ) ;
#1536 = CARTESIAN_POINT ( 'NONE',  ( -0.01250000000000000100, 2.737826534573786900E-005, -0.0004476306815889484400 ) ) ;
#1537 = CARTESIAN_POINT ( 'NONE',  ( -0.3250000000000000100, 0.09749999999999990600, -0.3250000000000000100 ) ) ;
#1538 = SURFACE_STYLE_FILL_AREA ( #186 ) ;
#1539 = APPLICATION_CONTEXT ( 'automotive_design' ) ;
#1540 = PRESENTATION_STYLE_ASSIGNMENT (( #1436 ) ) ;
#1541 = FACE_OUTER_BOUND ( 'NONE', #10, .T. ) ;
#1542 = AXIS2_PLACEMENT_3D ( 'NONE', #1250, #961, #3142 ) ;
#1543 = AXIS2_PLACEMENT_3D ( 'NONE', #3921, #2064, #241 ) ;
#1544 = ORIENTED_EDGE ( 'NONE', *, *, #2235, .T. ) ;
#1545 = EDGE_LOOP ( 'NONE', ( #275, #2, #3216, #224 ) ) ;
#1546 =( LENGTH_UNIT ( ) NAMED_UNIT ( * ) SI_UNIT ( .CENTI., .METRE. ) );
#1547 = ORIENTED_EDGE ( 'NONE', *, *, #3083, .T. ) ;
#1548 = AXIS2_PLACEMENT_3D ( 'NONE', #494, #2625, #787 ) ;
#1549 = MECHANICAL_DESIGN_GEOMETRIC_PRESENTATION_REPRESENTATION (  '', ( #755 ), #1770 ) ;
#1550 = CARTESIAN_POINT ( 'NONE',  ( -0.01349999999999999800, 0.001063031307206659500, -0.001000000000000000200 ) ) ;
#1551 = PRESENTATION_STYLE_ASSIGNMENT (( #2169 ) ) ;
#1552 = EDGE_LOOP ( 'NONE', ( #2777, #1811, #2191, #2379 ) ) ;
#1553 =( LENGTH_UNIT ( ) NAMED_UNIT ( * ) SI_UNIT ( .CENTI., .METRE. ) );
#1554 = ORIENTED_EDGE ( 'NONE', *, *, #2251, .F. ) ;
#1555 = ADVANCED_FACE ( 'NONE', ( #3704 ), #2564, .T. ) ;
#1556 = CARTESIAN_POINT ( 'NONE',  ( 0.3499999999999999800, 0.08749999999999999400, -0.3499999999999999800 ) ) ;
#1557 = SURFACE_STYLE_FILL_AREA ( #3849 ) ;
#1558 = SURFACE_STYLE_USAGE ( .BOTH. , #3448 ) ;
#1559 = ITEM_DEFINED_TRANSFORMATION ( 'NONE', 'NONE', #2323,  #3811 ) ;
#1560 =( REPRESENTATION_RELATIONSHIP ('NONE','NONE', #1095, #2743 ) REPRESENTATION_RELATIONSHIP_WITH_TRANSFORMATION ( #2463 )SHAPE_REPRESENTATION_RELATIONSHIP( ) );
#1561 = PRESENTATION_LAYER_ASSIGNMENT (  '', '', ( #1163 ) ) ;
#1562 = CARTESIAN_POINT ( 'NONE',  ( -0.01308578643762693300, 0.02258812557724539400, -0.04170442387598637100 ) ) ;
#1563 = SURFACE_STYLE_FILL_AREA ( #3549 ) ;
#1564 =( GEOMETRIC_REPRESENTATION_CONTEXT ( 3 ) GLOBAL_UNCERTAINTY_ASSIGNED_CONTEXT ( ( #655 ) ) GLOBAL_UNIT_ASSIGNED_CONTEXT ( ( #2682, #833, #2994 ) ) REPRESENTATION_CONTEXT ( 'NONE', 'WORKASPACE' ) );
#1565 = CARTESIAN_POINT ( 'NONE',  ( 0.01350000000000000000, 0.02131852430926842200, -0.03732703487168928500 ) ) ;
#1566 = CARTESIAN_POINT ( 'NONE',  ( 0.01350000000000000000, 0.09649999999999998900, -0.07100686746319875800 ) ) ;
#1567 = CARTESIAN_POINT ( 'NONE',  ( 0.2999999999999999900, 0.07749999999999999900, -0.3500000000000000300 ) ) ;
#1568 = MECHANICAL_DESIGN_GEOMETRIC_PRESENTATION_REPRESENTATION (  '', ( #779 ), #1791 ) ;
#1569 = CARTESIAN_POINT ( 'NONE',  ( -0.01250000000000000100, 0.09650000000000000200, -0.1489999999999998300 ) ) ;
#1570 = EDGE_CURVE ( 'NONE', #40, #1310, #3405, .T. ) ;
#1571 = ADVANCED_FACE ( 'NONE', ( #1013 ), #810, .T. ) ;
#1572 = CARTESIAN_POINT ( 'NONE',  ( -0.2999999999999999900, 0.07750000000000001300, 0.3500000000000000300 ) ) ;
#1573 = FACE_OUTER_BOUND ( 'NONE', #1108, .T. ) ;
#1574 = FILL_AREA_STYLE_COLOUR ( '', #332 ) ;
#1575 = CARTESIAN_POINT ( 'NONE',  ( 0.01250000000000000100, 0.07749999999999999900, -0.08759269909673479700 ) ) ;
#1576 = ADVANCED_FACE ( 'NONE', ( #3932 ), #493, .T. ) ;
#1577 = COLOUR_RGB ( '',0.7529411764705882200, 0.7529411764705882200, 0.7529411764705882200 ) ;
#1578 = SURFACE_STYLE_USAGE ( .BOTH. , #3471 ) ;
#1579 = UNCERTAINTY_MEASURE_WITH_UNIT (LENGTH_MEASURE( 1.000000000000000100E-005 ), #1099, 'distance_accuracy_value', 'NONE');
#1580 = CIRCLE ( 'NONE', #2289, 0.0009999999999999982900 ) ;
#1581 = VECTOR ( 'NONE', #1158, 100.0000000000000300 ) ;
#1582 = CARTESIAN_POINT ( 'NONE',  ( -1.387778780781450000E-017, 0.08749999999999999400, -0.3499999999999999800 ) ) ;
#1583 = CARTESIAN_POINT ( 'NONE',  ( -0.2000000000000000100, 0.1499999999999999900, 0.2500000000000000000 ) ) ;
#1584 = PRODUCT_DEFINITION_SHAPE ( 'NONE', 'NONE',  #3957 ) ;
#1585 = AXIS2_PLACEMENT_3D ( 'NONE', #2237, #412, #2553 ) ;
#1586 =( REPRESENTATION_RELATIONSHIP ('NONE','NONE', #1095, #2743 ) REPRESENTATION_RELATIONSHIP_WITH_TRANSFORMATION ( #3872 )SHAPE_REPRESENTATION_RELATIONSHIP( ) );
#1587 = ORIENTED_EDGE ( 'NONE', *, *, #3814, .T. ) ;
#1588 = CARTESIAN_POINT ( 'NONE',  ( -0.01250000000000000100, 0.02131852430926846000, -0.03732703487168925700 ) ) ;
#1589 = COLOUR_RGB ( '',0.1254901960784313700, 0.1254901960784313700, 0.1254901960784313700 ) ;
#1590 = FILL_AREA_STYLE ('',( #696 ) ) ;
#1591 = ORIENTED_EDGE ( 'NONE', *, *, #3461, .T. ) ;
#1592 = CARTESIAN_POINT ( 'NONE',  ( -0.01350000000000000000, 0.02131852430926840100, -0.03732703487168929900 ) ) ;
#1593 = ADVANCED_FACE ( 'NONE', ( #1982 ), #3255, .T. ) ;
#1594 = AXIS2_PLACEMENT_3D ( 'NONE', #3197, #1327, #3530 ) ;
#1595 = EDGE_LOOP ( 'NONE', ( #145, #812, #3569, #1697 ) ) ;
#1596 = ORIENTED_EDGE ( 'NONE', *, *, #214, .T. ) ;
#1597 = EDGE_CURVE ( 'NONE', #1089, #3026, #75, .T. ) ;
#1598 =( LENGTH_UNIT ( ) NAMED_UNIT ( * ) SI_UNIT ( .CENTI., .METRE. ) );
#1599 = ADVANCED_FACE ( 'NONE', ( #1573 ), #2417, .T. ) ;
#1600 =( NAMED_UNIT ( * ) PLANE_ANGLE_UNIT ( ) SI_UNIT ( $, .RADIAN. ) );
#1601 = PRODUCT_DEFINITION ( 'UNKNOWN', '', #1825, #1459 ) ;
#1602 = EDGE_LOOP ( 'NONE', ( #2049, #3696, #2270 ) ) ;
#1603 =( NAMED_UNIT ( * ) PLANE_ANGLE_UNIT ( ) SI_UNIT ( $, .RADIAN. ) );
#1604 =( LENGTH_UNIT ( ) NAMED_UNIT ( * ) SI_UNIT ( .CENTI., .METRE. ) );
#1605 = SURFACE_SIDE_STYLE ('',( #1477 ) ) ;
#1606 = FILL_AREA_STYLE ('',( #2547 ) ) ;
#1607 = ITEM_DEFINED_TRANSFORMATION ( 'NONE', 'NONE', #69,  #3811 ) ;
#1608 = EDGE_CURVE ( 'NONE', #52, #2945, #1292, .T. ) ;
#1609 = CARTESIAN_POINT ( 'NONE',  ( 0.01350000000000001700, 0.09708578643762687300, -0.07073161589607948600 ) ) ;
#1610 =( LENGTH_UNIT ( ) NAMED_UNIT ( * ) SI_UNIT ( .CENTI., .METRE. ) );
#1611 = DIRECTION ( 'NONE',  ( 1.000000000000000000, 0.0000000000000000000, 0.0000000000000000000 ) ) ;
#1612 = VECTOR ( 'NONE', #1630, 100.0000000000000000 ) ;
#1613 =( REPRESENTATION_RELATIONSHIP ('NONE','NONE', #1095, #2743 ) REPRESENTATION_RELATIONSHIP_WITH_TRANSFORMATION ( #1229 )SHAPE_REPRESENTATION_RELATIONSHIP( ) );
#1614 = PRESENTATION_LAYER_ASSIGNMENT (  '', '', ( #1840 ) ) ;
#1615 = CARTESIAN_POINT ( 'NONE',  ( 0.01250000000000000100, 0.07464310615893074400, -0.07916327951246451800 ) ) ;
#1616 =( GEOMETRIC_REPRESENTATION_CONTEXT ( 3 ) GLOBAL_UNCERTAINTY_ASSIGNED_CONTEXT ( ( #3355 ) ) GLOBAL_UNIT_ASSIGNED_CONTEXT ( ( #168, #2304, #478 ) ) REPRESENTATION_CONTEXT ( 'NONE', 'WORKASPACE' ) );
#1617 =( NAMED_UNIT ( * ) PLANE_ANGLE_UNIT ( ) SI_UNIT ( $, .RADIAN. ) );
#1618 = ORIENTED_EDGE ( 'NONE', *, *, #3071, .F. ) ;
#1619 = CARTESIAN_POINT ( 'NONE',  ( 0.3349999999999999600, 0.1600000000000000000, -0.2937867965644038700 ) ) ;
#1620 = CARTESIAN_POINT ( 'NONE',  ( -0.01350000000000000000, 0.02131852430926841800, -0.03732703487168929200 ) ) ;
#1621 = PRESENTATION_STYLE_ASSIGNMENT (( #1822 ) ) ;
#1622 =( GEOMETRIC_REPRESENTATION_CONTEXT ( 3 ) GLOBAL_UNCERTAINTY_ASSIGNED_CONTEXT ( ( #139 ) ) GLOBAL_UNIT_ASSIGNED_CONTEXT ( ( #3513, #1617, #3819 ) ) REPRESENTATION_CONTEXT ( 'NONE', 'WORKASPACE' ) );
#1623 = PRESENTATION_LAYER_ASSIGNMENT (  '', '', ( #1221 ) ) ;
#1624 = PLANE ( 'NONE',  #1358 ) ;
#1625 = VECTOR ( 'NONE', #3561, 100.0000000000000000 ) ;
#1626 = SURFACE_SIDE_STYLE ('',( #2776 ) ) ;
#1627 = PRESENTATION_STYLE_ASSIGNMENT (( #3089 ) ) ;
#1628 =( BOUNDED_SURFACE ( )  B_SPLINE_SURFACE ( 3, 3, ( 
 ( #1061, #2311, #491, #2623 ),
 ( #786, #2942, #1079, #3259 ),
 ( #1378, #3579, #1687, #3881 ),
 ( #2014, #190, #2329, #504 ) ),
 .UNSPECIFIED., .F., .F., .F. ) 
 B_SPLINE_SURFACE_WITH_KNOTS ( ( 4, 4 ),
 ( 4, 4 ),
 ( 0.0000000000000000000, 1.000000000000000000 ),
 ( 0.0000000000000000000, 1.000000000000000000 ),
 .UNSPECIFIED. ) 
 GEOMETRIC_REPRESENTATION_ITEM ( )  RATIONAL_B_SPLINE_SURFACE ( (
 ( 1.000000000000000000, 0.8626246579231992000, 0.8626246579231992000, 1.000000000000000000),
 ( 0.8047378541243623800, 0.6941867161318774300, 0.6941867161318774300, 0.8047378541243623800),
 ( 0.8047378541243623800, 0.6941867161318774300, 0.6941867161318774300, 0.8047378541243623800),
 ( 1.000000000000000000, 0.8626246579231992000, 0.8626246579231992000, 1.000000000000000000) ) ) 
 REPRESENTATION_ITEM ( '' )  SURFACE ( )  );
#1629 = DIRECTION ( 'NONE',  ( 0.0000000000000000000, 0.0000000000000000000, 1.000000000000000000 ) ) ;
#1630 = DIRECTION ( 'NONE',  ( -1.000000000000000000, -0.0000000000000000000, -0.0000000000000000000 ) ) ;
#1631 =( LENGTH_UNIT ( ) NAMED_UNIT ( * ) SI_UNIT ( .CENTI., .METRE. ) );
#1632 = PRODUCT_DEFINITION_SHAPE ( 'NONE', 'NONE',  #3991 ) ;
#1633 = LINE ( 'NONE', #852, #841 ) ;
#1634 = CARTESIAN_POINT ( 'NONE',  ( 0.01350000000000000000, 0.02196853816408998700, -0.04795466745548390700 ) ) ;
#1635 = SURFACE_STYLE_USAGE ( .BOTH. , #3537 ) ;
#1636 =( NAMED_UNIT ( * ) SI_UNIT ( $, .STERADIAN. ) SOLID_ANGLE_UNIT ( ) );
#1637 = VERTEX_POINT ( 'NONE', #2728 ) ;
#1638 = ORIENTED_EDGE ( 'NONE', *, *, #374, .T. ) ;
#1639 = PRESENTATION_LAYER_ASSIGNMENT (  '', '', ( #1443 ) ) ;
#1640 = PLANE ( 'NONE',  #1447 ) ;
#1641 = CARTESIAN_POINT ( 'NONE',  ( -0.01350000000000000000, 0.01780249144348780600, -0.06278012227940030200 ) ) ;
#1642 = COLOUR_RGB ( '',0.7529411764705882200, 0.7529411764705882200, 0.7529411764705882200 ) ;
#1643 = CARTESIAN_POINT ( 'NONE',  ( 0.01350000000000000000, 0.07850000000000000000, -0.09336630467740500400 ) ) ;
#1644 = VERTEX_POINT ( 'NONE', #2718 ) ;
#1645 =( REPRESENTATION_RELATIONSHIP ('NONE','NONE', #1095, #2743 ) REPRESENTATION_RELATIONSHIP_WITH_TRANSFORMATION ( #2648 )SHAPE_REPRESENTATION_RELATIONSHIP( ) );
#1646 = DIRECTION ( 'NONE',  ( 1.000000000000000000, 0.0000000000000000000, 0.0000000000000000000 ) ) ;
#1647 = DIRECTION ( 'NONE',  ( 1.000000000000000000, 0.0000000000000000000, 0.0000000000000000000 ) ) ;
#1648 = FILL_AREA_STYLE ('',( #2570 ) ) ;
#1649 = PRESENTATION_LAYER_ASSIGNMENT (  '', '', ( #1236 ) ) ;
#1650 = EDGE_LOOP ( 'NONE', ( #2882, #2624, #3722, #2739 ) ) ;
#1651 = PRESENTATION_LAYER_ASSIGNMENT (  '', '', ( #1240 ) ) ;
#1652 = VECTOR ( 'NONE', #3330, 100.0000000000000000 ) ;
#1653 = EDGE_CURVE ( 'NONE', #645, #2664, #3789, .T. ) ;
#1654 = ORIENTED_EDGE ( 'NONE', *, *, #2573, .F. ) ;
#1655 = CARTESIAN_POINT ( 'NONE',  ( -0.01349999999999999800, 0.003737690562862713600, -0.05432571326721980000 ) ) ;
#1656 = CIRCLE ( 'NONE', #3833, 0.001000000000000002600 ) ;
#1657 = SURFACE_SIDE_STYLE ('',( #1563 ) ) ;
#1658 = DIRECTION ( 'NONE',  ( 0.0000000000000000000, -1.084202172485501600E-014, 1.000000000000000000 ) ) ;
#1659 = UNCERTAINTY_MEASURE_WITH_UNIT (LENGTH_MEASURE( 1.000000000000000100E-005 ), #3837, 'distance_accuracy_value', 'NONE');
#1660 = CARTESIAN_POINT ( 'NONE',  ( 0.2999999999999999900, 0.09749999999999993400, -0.3500000000000000300 ) ) ;
#1661 = CONTEXT_DEPENDENT_SHAPE_REPRESENTATION ( #2886, #1316 ) ;
#1662 = CARTESIAN_POINT ( 'NONE',  ( 0.2250000000000000300, 0.0000000000000000000, 0.4500000000000000700 ) ) ;
#1663 = ITEM_DEFINED_TRANSFORMATION ( 'NONE', 'NONE', #1769,  #3811 ) ;
#1664 = DIRECTION ( 'NONE',  ( -1.000000000000000000, -0.0000000000000000000, -0.0000000000000000000 ) ) ;
#1665 = PLANE ( 'NONE',  #2260 ) ;
#1666 =( GEOMETRIC_REPRESENTATION_CONTEXT ( 3 ) GLOBAL_UNCERTAINTY_ASSIGNED_CONTEXT ( ( #287 ) ) GLOBAL_UNIT_ASSIGNED_CONTEXT ( ( #1147, #2115, #1472 ) ) REPRESENTATION_CONTEXT ( 'NONE', 'WORKASPACE' ) );
#1667 = SURFACE_STYLE_FILL_AREA ( #1161 ) ;
#1668 = DIRECTION ( 'NONE',  ( -7.290249346361470300E-032, -1.000000000000000000, -6.938893903907230700E-015 ) ) ;
#1669 = FILL_AREA_STYLE ('',( #3578 ) ) ;
#1670 =( BOUNDED_CURVE ( )  B_SPLINE_CURVE ( 3, ( #1885, #3765, #1566, #2205 ),
 .UNSPECIFIED., .F., .F. ) 
 B_SPLINE_CURVE_WITH_KNOTS ( ( 4, 4 ),
 ( 0.0000000000000000000, 1.000000000000000000 ),
 .UNSPECIFIED. ) 
 CURVE ( )  GEOMETRIC_REPRESENTATION_ITEM ( )  RATIONAL_B_SPLINE_CURVE ( ( 1.000000000000000000, 0.8626246579231989800, 0.8626246579231989800, 1.000000000000000000 ) ) 
 REPRESENTATION_ITEM ( '' )  );
#1671 =( NAMED_UNIT ( * ) PLANE_ANGLE_UNIT ( ) SI_UNIT ( $, .RADIAN. ) );
#1672 = PRESENTATION_STYLE_ASSIGNMENT (( #1990 ) ) ;
#1673 = VECTOR ( 'NONE', #2083, 100.0000000000000000 ) ;
#1674 =( GEOMETRIC_REPRESENTATION_CONTEXT ( 3 ) GLOBAL_UNCERTAINTY_ASSIGNED_CONTEXT ( ( #3730 ) ) GLOBAL_UNIT_ASSIGNED_CONTEXT ( ( #3776, #1902, #91 ) ) REPRESENTATION_CONTEXT ( 'NONE', 'WORKASPACE' ) );
#1675 = DIRECTION ( 'NONE',  ( 1.000000000000000000, 0.0000000000000000000, -3.491483361109380100E-015 ) ) ;
#1676 = CARTESIAN_POINT ( 'NONE',  ( -0.01250000000000000100, 0.07749999999999999900, -0.08759269909673479700 ) ) ;
#1677 = CARTESIAN_POINT ( 'NONE',  ( 0.01250000000000000200, 0.08749999999999999400, -0.1499999999999999900 ) ) ;
#1678 = EDGE_CURVE ( 'NONE', #1525, #1259, #2131, .T. ) ;
#1679 = PRESENTATION_STYLE_ASSIGNMENT (( #2476 ) ) ;
#1680 = VECTOR ( 'NONE', #1956, 100.0000000000000000 ) ;
#1681 =( LENGTH_UNIT ( ) NAMED_UNIT ( * ) SI_UNIT ( .CENTI., .METRE. ) );
#1682 = AXIS2_PLACEMENT_3D ( 'NONE', #1750, #3937, #2074 ) ;
#1683 = ORIENTED_EDGE ( 'NONE', *, *, #3697, .F. ) ;
#1684 = CARTESIAN_POINT ( 'NONE',  ( -0.01250000000000000100, 0.07749999999999998600, -0.08759269909673479700 ) ) ;
#1685 = CIRCLE ( 'NONE', #2503, 0.001000000000000002600 ) ;
#1686 = CIRCLE ( 'NONE', #693, 0.001000000000000000000 ) ;
#1687 = CARTESIAN_POINT ( 'NONE',  ( -0.01350000000000000300, 0.09149033517301151400, -0.06342497880460022700 ) ) ;
#1688 = ORIENTED_EDGE ( 'NONE', *, *, #3426, .F. ) ;
#1689 = DIRECTION ( 'NONE',  ( -3.491483361109380100E-015, 0.0000000000000000000, -1.000000000000000000 ) ) ;
#1690 = FILL_AREA_STYLE_COLOUR ( '', #3002 ) ;
#1691 = VERTEX_POINT ( 'NONE', #2438 ) ;
#1692 = CARTESIAN_POINT ( 'NONE',  ( 0.3250000000000000100, 0.08749999999999999400, 0.3250000000000000100 ) ) ;
#1693 = EDGE_CURVE ( 'NONE', #1644, #312, #3701, .T. ) ;
#1694 = SURFACE_STYLE_USAGE ( .BOTH. , #3587 ) ;
#1695 = PRESENTATION_STYLE_ASSIGNMENT (( #1295 ) ) ;
#1696 = UNCERTAINTY_MEASURE_WITH_UNIT (LENGTH_MEASURE( 1.000000000000000100E-005 ), #247, 'distance_accuracy_value', 'NONE');
#1697 = ORIENTED_EDGE ( 'NONE', *, *, #3235, .F. ) ;
#1698 = CARTESIAN_POINT ( 'NONE',  ( -0.01350000000000000000, 0.001063031307206659900, -0.0009999999999999959000 ) ) ;
#1699 = MECHANICAL_DESIGN_GEOMETRIC_PRESENTATION_REPRESENTATION (  '', ( #1283 ), #1913 ) ;
#1700 = EDGE_LOOP ( 'NONE', ( #2233, #1288, #151, #1544 ) ) ;
#1701 = CARTESIAN_POINT ( 'NONE',  ( -0.01250000000000000100, 0.02969128830903468300, -0.04630977549199690600 ) ) ;
#1702 = SURFACE_SIDE_STYLE ('',( #1296 ) ) ;
#1703 = MECHANICAL_DESIGN_GEOMETRIC_PRESENTATION_REPRESENTATION (  '', ( #1286 ), #1916 ) ;
#1704 = ORIENTED_EDGE ( 'NONE', *, *, #2981, .F. ) ;
#1705 = CARTESIAN_POINT ( 'NONE',  ( 0.4500000000000000700, 0.0000000000000000000, -0.2750000000000000200 ) ) ;
#1706 = CARTESIAN_POINT ( 'NONE',  ( 0.01350000000000000000, 0.0004563598011974678400, -0.0006764295447135955000 ) ) ;
#1707 = DIRECTION ( 'NONE',  ( 0.0000000000000000000, -1.000000000000000000, 0.0000000000000000000 ) ) ;
#1708 = STYLED_ITEM ( 'NONE', ( #7 ), #3797 ) ;
#1709 = CONTEXT_DEPENDENT_SHAPE_REPRESENTATION ( #982, #3158 ) ;
#1710 = FILL_AREA_STYLE_COLOUR ( '', #3052 ) ;
#1711 = EDGE_CURVE ( 'NONE', #2061, #3022, #1203, .T. ) ;
#1712 = UNCERTAINTY_MEASURE_WITH_UNIT (LENGTH_MEASURE( 1.000000000000000100E-005 ), #527, 'distance_accuracy_value', 'NONE');
#1713 = DIRECTION ( 'NONE',  ( 0.0000000000000000000, -0.2606718782874311600, -0.9654274555191098000 ) ) ;
#1714 = CONTEXT_DEPENDENT_SHAPE_REPRESENTATION ( #3497, #1209 ) ;
#1715 = CARTESIAN_POINT ( 'NONE',  ( -0.01350000000000000000, 0.002792561162511658900, -0.04565797141523439400 ) ) ;
#1716 = CARTESIAN_POINT ( 'NONE',  ( 0.01250000000000000100, 0.003790695960933523000, -0.04559692287569949700 ) ) ;
#1717 = ITEM_DEFINED_TRANSFORMATION ( 'NONE', 'NONE', #3533,  #3811 ) ;
#1718 = ORIENTED_EDGE ( 'NONE', *, *, #2810, .F. ) ;
#1719 = ORIENTED_EDGE ( 'NONE', *, *, #3051, .F. ) ;
#1720 = DIRECTION ( 'NONE',  ( 6.982966722218760200E-015, 0.0000000000000000000, -1.000000000000000000 ) ) ;
#1721 = DIRECTION ( 'NONE',  ( 0.09621774059400803300, 0.9678757261790239500, 0.2322901742829667500 ) ) ;
#1722 =( NAMED_UNIT ( * ) SI_UNIT ( $, .STERADIAN. ) SOLID_ANGLE_UNIT ( ) );
#1723 = PRODUCT_DEFINITION_SHAPE ( 'NONE', 'NONE',  #3973 ) ;
#1724 = EDGE_LOOP ( 'NONE', ( #717, #1993, #3162, #2198 ) ) ;
#1725 =( GEOMETRIC_REPRESENTATION_CONTEXT ( 3 ) GLOBAL_UNCERTAINTY_ASSIGNED_CONTEXT ( ( #2793 ) ) GLOBAL_UNIT_ASSIGNED_CONTEXT ( ( #784, #2938, #1074 ) ) REPRESENTATION_CONTEXT ( 'NONE', 'WORKASPACE' ) );
#1726 =( NAMED_UNIT ( * ) SI_UNIT ( $, .STERADIAN. ) SOLID_ANGLE_UNIT ( ) );
#1727 = CARTESIAN_POINT ( 'NONE',  ( -0.01350000000000004000, 0.02190321813710744200, -0.03729127346519281500 ) ) ;
#1728 = DIRECTION ( 'NONE',  ( 0.0000000000000000000, 0.0000000000000000000, -1.000000000000000000 ) ) ;
#1729 = FILL_AREA_STYLE_COLOUR ( '', #366 ) ;
#1730 = LINE ( 'NONE', #3238, #32 ) ;
#1731 = PRESENTATION_STYLE_ASSIGNMENT (( #531 ) ) ;
#1732 = AXIS2_PLACEMENT_3D ( 'NONE', #113, #2241, #413 ) ;
#1733 = AXIS2_PLACEMENT_3D ( 'NONE', #1967, #150, #2280 ) ;
#1734 = DIRECTION ( 'NONE',  ( -1.000000000000000000, 0.0000000000000000000, -6.982966722218760200E-015 ) ) ;
#1735 = EDGE_CURVE ( 'NONE', #3943, #2061, #409, .T. ) ;
#1736 = CARTESIAN_POINT ( 'NONE',  ( -0.01250000000000000100, 0.07749999999999999900, -0.1489999999999999900 ) ) ;
#1737 = SURFACE_STYLE_USAGE ( .BOTH. , #3631 ) ;
#1738 = ORIENTED_EDGE ( 'NONE', *, *, #3584, .T. ) ;
#1739 = DIRECTION ( 'NONE',  ( 0.7071067811865471300, -0.0000000000000000000, 0.7071067811865480200 ) ) ;
#1740 = CIRCLE ( 'NONE', #441, 0.0009999999999999982900 ) ;
#1741 = DIRECTION ( 'NONE',  ( 7.893034146598104700E-032, 0.9654274555191108000, -0.2606718782874274900 ) ) ;
#1742 = CARTESIAN_POINT ( 'NONE',  ( 0.01308578643762690000, 0.01754181956520040400, -0.06374554973491940200 ) ) ;
#1743 = COLOUR_RGB ( '',0.7529411764705882200, 0.7529411764705882200, 0.7529411764705882200 ) ;
#1744 =( NAMED_UNIT ( * ) PLANE_ANGLE_UNIT ( ) SI_UNIT ( $, .RADIAN. ) );
#1745 = CARTESIAN_POINT ( 'NONE',  ( -0.01350000000000000000, 0.01909666767421790100, -0.0009999999999999039600 ) ) ;
#1746 = ORIENTED_EDGE ( 'NONE', *, *, #452, .F. ) ;
#1747 = EDGE_LOOP ( 'NONE', ( #2801, #897, #2045, #1925 ) ) ;
#1748 = CARTESIAN_POINT ( 'NONE',  ( -0.01250000000000000100, 0.07749999999999999900, -0.1495857864376269100 ) ) ;
#1749 = FACE_OUTER_BOUND ( 'NONE', #2627, .T. ) ;
#1750 = CARTESIAN_POINT ( 'NONE',  ( -0.4500000000000000700, 0.0000000000000000000, -0.2750000000000000200 ) ) ;
#1751 = PRESENTATION_STYLE_ASSIGNMENT (( #384 ) ) ;
#1752 = EDGE_LOOP ( 'NONE', ( #3495, #3650, #2539, #3714 ) ) ;
#1753 = CARTESIAN_POINT ( 'NONE',  ( 0.01250000000000000200, 0.01909666767421790100, -0.0009999999999999100300 ) ) ;
#1754 =( GEOMETRIC_REPRESENTATION_CONTEXT ( 3 ) GLOBAL_UNCERTAINTY_ASSIGNED_CONTEXT ( ( #1428 ) ) GLOBAL_UNIT_ASSIGNED_CONTEXT ( ( #1553, #1883, #3762 ) ) REPRESENTATION_CONTEXT ( 'NONE', 'WORKASPACE' ) );
#1755 = SHAPE_REPRESENTATION_RELATIONSHIP ( 'NONE' , 'NONE' ,  #2743, #2813 ) ;
#1756 = FACE_OUTER_BOUND ( 'NONE', #3206, .T. ) ;
#1757 = ORIENTED_EDGE ( 'NONE', *, *, #1905, .T. ) ;
#1758 = CARTESIAN_POINT ( 'NONE',  ( -0.01308578643762693500, 0.02231665910769033800, -0.03726598633215440900 ) ) ;
#1759 = SURFACE_STYLE_FILL_AREA ( #278 ) ;
#1760 = CARTESIAN_POINT ( 'NONE',  ( 0.01250000000000000100, 0.001063031307206660200, -0.0009999999999999809400 ) ) ;
#1761 = AXIS2_PLACEMENT_3D ( 'NONE', #2300, #470, #2612 ) ;
#1762 = FILL_AREA_STYLE ('',( #3648 ) ) ;
#1763 = ORIENTED_EDGE ( 'NONE', *, *, #328, .T. ) ;
#1764 = SURFACE_SIDE_STYLE ('',( #467 ) ) ;
#1765 = AXIS2_PLACEMENT_3D ( 'NONE', #2046, #227, #2360 ) ;
#1766 = EDGE_CURVE ( 'NONE', #3761, #2583, #3601, .T. ) ;
#1767 = EDGE_CURVE ( 'NONE', #2664, #661, #3527, .T. ) ;
#1768 = DIRECTION ( 'NONE',  ( 0.0000000000000000000, -0.0000000000000000000, 1.000000000000000000 ) ) ;
#1769 = AXIS2_PLACEMENT_3D ( 'NONE', #2944, #1081, #3262 ) ;
#1770 =( GEOMETRIC_REPRESENTATION_CONTEXT ( 3 ) GLOBAL_UNCERTAINTY_ASSIGNED_CONTEXT ( ( #2378 ) ) GLOBAL_UNIT_ASSIGNED_CONTEXT ( ( #3373, #1487, #3694 ) ) REPRESENTATION_CONTEXT ( 'NONE', 'WORKASPACE' ) );
#1771 =( BOUNDED_CURVE ( )  B_SPLINE_CURVE ( 3, ( #690, #2844, #979, #3146 ),
 .UNSPECIFIED., .F., .F. ) 
 B_SPLINE_CURVE_WITH_KNOTS ( ( 4, 4 ),
 ( 0.0000000000000000000, 1.000000000000000000 ),
 .UNSPECIFIED. ) 
 CURVE ( )  GEOMETRIC_REPRESENTATION_ITEM ( )  RATIONAL_B_SPLINE_CURVE ( ( 1.000000000000000000, 0.8747560699726375500, 0.8747560699726375500, 1.000000000000000000 ) ) 
 REPRESENTATION_ITEM ( '' )  );
#1772 = CONTEXT_DEPENDENT_SHAPE_REPRESENTATION ( #85, #396 ) ;
#1773 =( NAMED_UNIT ( * ) SI_UNIT ( $, .STERADIAN. ) SOLID_ANGLE_UNIT ( ) );
#1774 = DIRECTION ( 'NONE',  ( 3.718265416196989900E-032, 0.06104853953485710200, -0.9981347984218670300 ) ) ;
#1775 = CARTESIAN_POINT ( 'NONE',  ( 0.01350000000000000000, 0.05919118273676831500, -0.05531075515140146400 ) ) ;
#1776 = DIRECTION ( 'NONE',  ( -1.000000000000000000, -0.0000000000000000000, -0.0000000000000000000 ) ) ;
#1777 = VECTOR ( 'NONE', #2392, 100.0000000000000000 ) ;
#1778 = PRESENTATION_STYLE_ASSIGNMENT (( #1919 ) ) ;
#1779 = ORIENTED_EDGE ( 'NONE', *, *, #1174, .F. ) ;
#1780 = DIRECTION ( 'NONE',  ( -1.000000000000000000, -1.214306433183769900E-016, -0.0000000000000000000 ) ) ;
#1781 = MANIFOLD_SOLID_BREP ( 'Imported1', #844 ) ;
#1782 = LINE ( 'NONE', #2950, #174 ) ;
#1783 = MECHANICAL_DESIGN_GEOMETRIC_PRESENTATION_REPRESENTATION (  '', ( #1163 ), #1999 ) ;
#1784 = SURFACE_STYLE_FILL_AREA ( #2160 ) ;
#1785 = LINE ( 'NONE', #1322, #3359 ) ;
#1786 = STYLED_ITEM ( 'NONE', ( #2805 ), #1593 ) ;
#1787 =( LENGTH_UNIT ( ) NAMED_UNIT ( * ) SI_UNIT ( .CENTI., .METRE. ) );
#1788 = DIRECTION ( 'NONE',  ( 0.0000000000000000000, 5.421010862427522200E-015, -1.000000000000000000 ) ) ;
#1789 = LINE ( 'NONE', #218, #880 ) ;
#1790 = CARTESIAN_POINT ( 'NONE',  ( -0.01250000000000000100, 0.09708578643762691400, -0.1499999999999999700 ) ) ;
#1791 =( GEOMETRIC_REPRESENTATION_CONTEXT ( 3 ) GLOBAL_UNCERTAINTY_ASSIGNED_CONTEXT ( ( #92 ) ) GLOBAL_UNIT_ASSIGNED_CONTEXT ( ( #267, #2402, #568 ) ) REPRESENTATION_CONTEXT ( 'NONE', 'WORKASPACE' ) );
#1792 = UNCERTAINTY_MEASURE_WITH_UNIT (LENGTH_MEASURE( 1.000000000000000100E-005 ), #1228, 'distance_accuracy_value', 'NONE');
#1793 = PRESENTATION_LAYER_ASSIGNMENT (  '', '', ( #1371 ) ) ;
#1794 = PRODUCT_DEFINITION_SHAPE ( 'NONE', 'NONE',  #3950 ) ;
#1795 = EDGE_LOOP ( 'NONE', ( #2412, #3521, #2123, #3738 ) ) ;
#1796 = EDGE_CURVE ( 'NONE', #3524, #3399, #29, .T. ) ;
#1797 = ORIENTED_EDGE ( 'NONE', *, *, #2047, .F. ) ;
#1798 = LINE ( 'NONE', #403, #974 ) ;
#1799 = CARTESIAN_POINT ( 'NONE',  ( 0.01308578643762690500, 0.01965446577196352700, 9.095859400351435300E-017 ) ) ;
#1800 = PLANE ( 'NONE',  #1922 ) ;
#1801 = DIRECTION ( 'NONE',  ( -1.000000000000000000, 1.314072178925701400E-062, -3.754478112725429800E-033 ) ) ;
#1802 = SURFACE_STYLE_FILL_AREA ( #1015 ) ;
#1803 = CARTESIAN_POINT ( 'NONE',  ( -0.01350000000000000200, 0.07815685424949236900, -0.1495857864376268800 ) ) ;
#1804 =( LENGTH_UNIT ( ) NAMED_UNIT ( * ) SI_UNIT ( .CENTI., .METRE. ) );
#1805 = SURFACE_STYLE_FILL_AREA ( #993 ) ;
#1806 = ORIENTED_EDGE ( 'NONE', *, *, #121, .F. ) ;
#1807 = CARTESIAN_POINT ( 'NONE',  ( -0.01350000000000000000, 0.09650000000000003000, -0.1489999999999999700 ) ) ;
#1808 = ORIENTED_EDGE ( 'NONE', *, *, #1711, .F. ) ;
#1809 =( BOUNDED_SURFACE ( )  B_SPLINE_SURFACE ( 3, 3, ( 
 ( #1575, #3512, #1615, #3818 ),
 ( #1943, #126, #2259, #432 ),
 ( #2567, #733, #2888, #1026 ),
 ( #3194, #1324, #1875, #61 ) ),
 .UNSPECIFIED., .F., .F., .T. ) 
 B_SPLINE_SURFACE_WITH_KNOTS ( ( 4, 4 ),
 ( 4, 4 ),
 ( 0.0000000000000000000, 1.000000000000000000 ),
 ( 0.0000000000000000000, 1.000000000000000000 ),
 .UNSPECIFIED. ) 
 GEOMETRIC_REPRESENTATION_ITEM ( )  RATIONAL_B_SPLINE_SURFACE ( (
 ( 1.000000000000000000, 0.8626246579231996400, 0.8626246579231996400, 1.000000000000000000),
 ( 0.8047378541243649400, 0.6941867161318799900, 0.6941867161318799900, 0.8047378541243649400),
 ( 0.8047378541243649400, 0.6941867161318799900, 0.6941867161318799900, 0.8047378541243649400),
 ( 1.000000000000000000, 0.8626246579231996400, 0.8626246579231996400, 1.000000000000000000) ) ) 
 REPRESENTATION_ITEM ( '' )  SURFACE ( )  );
#1810 = PRESENTATION_LAYER_ASSIGNMENT (  '', '', ( #1387 ) ) ;
#1811 = ORIENTED_EDGE ( 'NONE', *, *, #2526, .T. ) ;
#1812 = FACE_OUTER_BOUND ( 'NONE', #2538, .T. ) ;
#1813 = SURFACE_SIDE_STYLE ('',( #3201 ) ) ;
#1814 = COLOUR_RGB ( '',0.1254901960784313700, 0.1254901960784313700, 0.1254901960784313700 ) ;
#1815 = AXIS2_PLACEMENT_3D ( 'NONE', #2912, #1047, #3227 ) ;
#1816 =( NAMED_UNIT ( * ) SI_UNIT ( $, .STERADIAN. ) SOLID_ANGLE_UNIT ( ) );
#1817 = FILL_AREA_STYLE ('',( #2439 ) ) ;
#1818 = AXIS2_PLACEMENT_3D ( 'NONE', #765, #2916, #1055 ) ;
#1819 = MECHANICAL_DESIGN_GEOMETRIC_PRESENTATION_REPRESENTATION (  '', ( #3559 ), #171 ) ;
#1820 = SURFACE_STYLE_USAGE ( .BOTH. , #3702 ) ;
#1821 = EDGE_CURVE ( 'NONE', #599, #3943, #2194, .T. ) ;
#1822 = SURFACE_STYLE_USAGE ( .BOTH. , #3703 ) ;
#1823 = CONTEXT_DEPENDENT_SHAPE_REPRESENTATION ( #667, #3572 ) ;
#1824 = DIRECTION ( 'NONE',  ( -1.000000000000000000, 0.0000000000000000000, -3.491483361109380100E-015 ) ) ;
#1825 = PRODUCT_DEFINITION_FORMATION_WITH_SPECIFIED_SOURCE ( 'ANY', '', #3834, .NOT_KNOWN. ) ;
#1826 = ORIENTED_EDGE ( 'NONE', *, *, #3401, .F. ) ;
#1827 = PLANE ( 'NONE',  #672 ) ;
#1828 = FACE_OUTER_BOUND ( 'NONE', #3679, .T. ) ;
#1829 = SURFACE_SIDE_STYLE ('',( #461 ) ) ;
#1830 = VERTEX_POINT ( 'NONE', #2264 ) ;
#1831 = SURFACE_STYLE_USAGE ( .BOTH. , #3710 ) ;
#1832 = DIRECTION ( 'NONE',  ( 0.0000000000000000000, 1.000000000000000000, 6.938893903907229200E-015 ) ) ;
#1833 = FILL_AREA_STYLE_COLOUR ( '', #1887 ) ;
#1834 = EDGE_CURVE ( 'NONE', #3577, #3050, #1527, .T. ) ;
#1835 = CARTESIAN_POINT ( 'NONE',  ( 0.01308578643762690700, 0.09708578643762692800, -0.1499999999999999700 ) ) ;
#1836 = FACE_OUTER_BOUND ( 'NONE', #1552, .T. ) ;
#1837 = SURFACE_STYLE_FILL_AREA ( #221 ) ;
#1838 = DIRECTION ( 'NONE',  ( -3.491483361109380100E-015, 0.0000000000000000000, 1.000000000000000000 ) ) ;
#1839 = FACE_OUTER_BOUND ( 'NONE', #848, .T. ) ;
#1840 = STYLED_ITEM ( 'NONE', ( #966 ), #978 ) ;
#1841 = DIRECTION ( 'NONE',  ( -0.0000000000000000000, 0.0000000000000000000, 1.000000000000000000 ) ) ;
#1842 = EDGE_LOOP ( 'NONE', ( #894, #1305, #664, #3041 ) ) ;
#1843 = FACE_OUTER_BOUND ( 'NONE', #530, .T. ) ;
#1844 = PRODUCT_DEFINITION_SHAPE ( 'NONE', 'NONE',  #3984 ) ;
#1845 = UNCERTAINTY_MEASURE_WITH_UNIT (LENGTH_MEASURE( 1.000000000000000100E-005 ), #1333, 'distance_accuracy_value', 'NONE');
#1846 = CARTESIAN_POINT ( 'NONE',  ( 0.2321966991411010000, 0.04624999999999999900, -0.4071966991411010200 ) ) ;
#1847 = CARTESIAN_POINT ( 'NONE',  ( 0.01308578643762693000, 0.02539829154026445800, -0.04515063761498730500 ) ) ;
#1848 = LINE ( 'NONE', #2679, #2681 ) ;
#1849 = AXIS2_PLACEMENT_3D ( 'NONE', #128, #2261, #433 ) ;
#1850 = MECHANICAL_DESIGN_GEOMETRIC_PRESENTATION_REPRESENTATION (  '', ( #1221 ), #2066 ) ;
#1851 = ORIENTED_EDGE ( 'NONE', *, *, #1608, .F. ) ;
#1852 = SURFACE_STYLE_FILL_AREA ( #132 ) ;
#1853 = ORIENTED_EDGE ( 'NONE', *, *, #78, .F. ) ;
#1854 = LINE ( 'NONE', #2848, #2584 ) ;
#1855 = ADVANCED_FACE ( 'NONE', ( #739 ), #1017, .T. ) ;
#1856 = CARTESIAN_POINT ( 'NONE',  ( 0.01350000000000000200, 0.07791421356237308900, -0.1493431457505076400 ) ) ;
#1857 = ORIENTED_EDGE ( 'NONE', *, *, #1926, .T. ) ;
#1858 = DIRECTION ( 'NONE',  ( 1.000000000000000000, 0.0000000000000000000, 0.0000000000000000000 ) ) ;
#1859 = CARTESIAN_POINT ( 'NONE',  ( -0.01250000000000000100, 0.03202099878083229700, -0.0009999999999998449800 ) ) ;
#1860 = ORIENTED_EDGE ( 'NONE', *, *, #2186, .T. ) ;
#1861 = CARTESIAN_POINT ( 'NONE',  ( -0.01308578643762690400, 0.001063031307206659900, -1.827603409668275000E-018 ) ) ;
#1862 = APPLICATION_PROTOCOL_DEFINITION ( 'draft international standard', 'automotive_design', 1998, #646 ) ;
#1863 = MECHANICAL_DESIGN_GEOMETRIC_PRESENTATION_REPRESENTATION (  '', ( #1443 ), #2078 ) ;
#1864 = AXIS2_PLACEMENT_3D ( 'NONE', #1360, #3880, #2956 ) ;
#1865 = MECHANICAL_DESIGN_GEOMETRIC_PRESENTATION_REPRESENTATION (  '', ( #1236 ), #2088 ) ;
#1866 =( NAMED_UNIT ( * ) SI_UNIT ( $, .STERADIAN. ) SOLID_ANGLE_UNIT ( ) );
#1867 = MECHANICAL_DESIGN_GEOMETRIC_PRESENTATION_REPRESENTATION (  '', ( #1240 ), #2089 ) ;
#1868 = COLOUR_RGB ( '',0.1254901960784313700, 0.1254901960784313700, 0.1254901960784313700 ) ;
#1869 = CARTESIAN_POINT ( 'NONE',  ( 0.01250000000000000200, 0.002792561162511656700, -0.04565797141523438700 ) ) ;
#1870 = EDGE_CURVE ( 'NONE', #1310, #3905, #2803, .T. ) ;
#1871 = ADVANCED_FACE ( 'NONE', ( #1154 ), #3544, .T. ) ;
#1872 = VECTOR ( 'NONE', #3625, 100.0000000000000000 ) ;
#1873 = VECTOR ( 'NONE', #971, 100.0000000000000000 ) ;
#1874 = ORIENTED_EDGE ( 'NONE', *, *, #2763, .F. ) ;
#1875 = CARTESIAN_POINT ( 'NONE',  ( 0.01350000000000000200, 0.07535741677482385400, -0.07832033755403748600 ) ) ;
#1876 = DIRECTION ( 'NONE',  ( 0.0000000000000000000, 0.0000000000000000000, -1.000000000000000000 ) ) ;
#1877 =( NAMED_UNIT ( * ) PLANE_ANGLE_UNIT ( ) SI_UNIT ( $, .RADIAN. ) );
#1878 = LINE ( 'NONE', #3744, #3454 ) ;
#1879 = FACE_OUTER_BOUND ( 'NONE', #2394, .T. ) ;
#1880 = STYLED_ITEM ( 'NONE', ( #1551 ), #110 ) ;
#1881 = CARTESIAN_POINT ( 'NONE',  ( -0.4125000000000002000, 0.07749999999999994400, 0.2375000000000001300 ) ) ;
#1882 =( REPRESENTATION_RELATIONSHIP ('NONE','NONE', #1095, #2743 ) REPRESENTATION_RELATIONSHIP_WITH_TRANSFORMATION ( #3181 )SHAPE_REPRESENTATION_RELATIONSHIP( ) );
#1883 =( NAMED_UNIT ( * ) PLANE_ANGLE_UNIT ( ) SI_UNIT ( $, .RADIAN. ) );
#1884 = ORIENTED_EDGE ( 'NONE', *, *, #3835, .F. ) ;
#1885 = CARTESIAN_POINT ( 'NONE',  ( 0.01350000000000000000, 0.08245276568746111300, -0.06159153832680387000 ) ) ;
#1886 = PRESENTATION_LAYER_ASSIGNMENT (  '', '', ( #1465 ) ) ;
#1887 = COLOUR_RGB ( '',0.7529411764705882200, 0.7529411764705882200, 0.7529411764705882200 ) ;
#1888 = ADVANCED_FACE ( 'NONE', ( #870 ), #1665, .T. ) ;
#1889 =( BOUNDED_SURFACE ( )  B_SPLINE_SURFACE ( 3, 3, ( 
 ( #1506, #1227, #3415, #1530 ),
 ( #3733, #1856, #39, #2172 ),
 ( #348, #2485, #648, #2794 ),
 ( #937, #3099, #1234, #3434 ) ),
 .UNSPECIFIED., .F., .F., .F. ) 
 B_SPLINE_SURFACE_WITH_KNOTS ( ( 4, 4 ),
 ( 4, 4 ),
 ( 0.0000000000000000000, 1.000000000000000000 ),
 ( 0.0000000000000000000, 1.000000000000000000 ),
 .UNSPECIFIED. ) 
 GEOMETRIC_REPRESENTATION_ITEM ( )  RATIONAL_B_SPLINE_SURFACE ( (
 ( 1.000000000000000000, 0.8047378541243638300, 0.8047378541243638300, 1.000000000000000000),
 ( 0.8047378541243649400, 0.6476030138606867500, 0.6476030138606867500, 0.8047378541243649400),
 ( 0.8047378541243649400, 0.6476030138606867500, 0.6476030138606867500, 0.8047378541243649400),
 ( 1.000000000000000000, 0.8047378541243638300, 0.8047378541243638300, 1.000000000000000000) ) ) 
 REPRESENTATION_ITEM ( '' )  SURFACE ( )  );
#1890 = PRESENTATION_LAYER_ASSIGNMENT (  '', '', ( #2112 ) ) ;
#1891 = DIRECTION ( 'NONE',  ( 0.0000000000000000000, -1.000000000000000000, -0.0000000000000000000 ) ) ;
#1892 = ORIENTED_EDGE ( 'NONE', *, *, #304, .T. ) ;
#1893 = ORIENTED_EDGE ( 'NONE', *, *, #816, .T. ) ;
#1894 = DIRECTION ( 'NONE',  ( 0.0000000000000000000, -1.084202172485501600E-014, 1.000000000000000000 ) ) ;
#1895 = EDGE_CURVE ( 'NONE', #3598, #2470, #601, .T. ) ;
#1896 = CARTESIAN_POINT ( 'NONE',  ( -0.01250000000000000100, 0.07010671878287431900, -0.07793842454154370500 ) ) ;
#1897 = AXIS2_PLACEMENT_3D ( 'NONE', #306, #2444, #611 ) ;
#1898 = CARTESIAN_POINT ( 'NONE',  ( -0.01250000000000000100, 0.08271343756574851800, -0.06062611087128476400 ) ) ;
#1899 = ORIENTED_EDGE ( 'NONE', *, *, #3782, .T. ) ;
#1900 = SURFACE_STYLE_USAGE ( .BOTH. , #2846 ) ;
#1901 = FACE_OUTER_BOUND ( 'NONE', #3908, .T. ) ;
#1902 =( NAMED_UNIT ( * ) PLANE_ANGLE_UNIT ( ) SI_UNIT ( $, .RADIAN. ) );
#1903 = ORIENTED_EDGE ( 'NONE', *, *, #2468, .T. ) ;
#1904 = CARTESIAN_POINT ( 'NONE',  ( -0.01350000000000000000, 0.09650000000000000200, -0.1499999999999999400 ) ) ;
#1905 = EDGE_CURVE ( 'NONE', #3100, #828, #2957, .T. ) ;
#1906 = ITEM_DEFINED_TRANSFORMATION ( 'NONE', 'NONE', #3588,  #3811 ) ;
#1907 = DIRECTION ( 'NONE',  ( 0.0000000000000000000, -1.000000000000000000, -3.500012889865530300E-030 ) ) ;
#1908 = FILL_AREA_STYLE_COLOUR ( '', #2242 ) ;
#1909 = VECTOR ( 'NONE', #968, 100.0000000000000000 ) ;
#1910 = ADVANCED_FACE ( 'NONE', ( #3698 ), #183, .T. ) ;
#1911 = DIRECTION ( 'NONE',  ( 0.2322901742829645600, 0.9678757261790245100, -0.09621774059400822800 ) ) ;
#1912 =( REPRESENTATION_RELATIONSHIP ('NONE','NONE', #1095, #2743 ) REPRESENTATION_RELATIONSHIP_WITH_TRANSFORMATION ( #594 )SHAPE_REPRESENTATION_RELATIONSHIP( ) );
#1913 =( GEOMETRIC_REPRESENTATION_CONTEXT ( 3 ) GLOBAL_UNCERTAINTY_ASSIGNED_CONTEXT ( ( #1361 ) ) GLOBAL_UNIT_ASSIGNED_CONTEXT ( ( #1804, #675, #2124 ) ) REPRESENTATION_CONTEXT ( 'NONE', 'WORKASPACE' ) );
#1914 =( NAMED_UNIT ( * ) PLANE_ANGLE_UNIT ( ) SI_UNIT ( $, .RADIAN. ) );
#1915 = ADVANCED_FACE ( 'NONE', ( #1828 ), #2269, .T. ) ;
#1916 =( GEOMETRIC_REPRESENTATION_CONTEXT ( 3 ) GLOBAL_UNCERTAINTY_ASSIGNED_CONTEXT ( ( #3558 ) ) GLOBAL_UNIT_ASSIGNED_CONTEXT ( ( #118, #2248, #419 ) ) REPRESENTATION_CONTEXT ( 'NONE', 'WORKASPACE' ) );
#1917 =( LENGTH_UNIT ( ) NAMED_UNIT ( * ) SI_UNIT ( .CENTI., .METRE. ) );
#1918 = FILL_AREA_STYLE_COLOUR ( '', #3716 ) ;
#1919 = SURFACE_STYLE_USAGE ( .BOTH. , #3792 ) ;
#1920 = CARTESIAN_POINT ( 'NONE',  ( -0.01250000000000000100, 0.01909666767421791500, -0.0009999999999998942000 ) ) ;
#1921 = EDGE_LOOP ( 'NONE', ( #1451, #249, #108, #3669 ) ) ;
#1922 = AXIS2_PLACEMENT_3D ( 'NONE', #2135, #311, #2451 ) ;
#1923 =( NAMED_UNIT ( * ) SI_UNIT ( $, .STERADIAN. ) SOLID_ANGLE_UNIT ( ) );
#1924 = PRODUCT_DEFINITION_SHAPE ( 'NONE', 'NONE',  #3966 ) ;
#1925 = ORIENTED_EDGE ( 'NONE', *, *, #121, .T. ) ;
#1926 = EDGE_CURVE ( 'NONE', #2832, #3433, #3087, .T. ) ;
#1927 = CYLINDRICAL_SURFACE ( 'NONE', #1151, 0.001000000000000000000 ) ;
#1928 = PRESENTATION_STYLE_ASSIGNMENT (( #1933 ) ) ;
#1929 = CARTESIAN_POINT ( 'NONE',  ( -0.2000000000000000100, 0.1499999999999999900, 0.2000000000000000100 ) ) ;
#1930 = CIRCLE ( 'NONE', #3171, 0.001000000000000002600 ) ;
#1931 =( NAMED_UNIT ( * ) SI_UNIT ( $, .STERADIAN. ) SOLID_ANGLE_UNIT ( ) );
#1932 =( LENGTH_UNIT ( ) NAMED_UNIT ( * ) SI_UNIT ( .CENTI., .METRE. ) );
#1933 = SURFACE_STYLE_USAGE ( .BOTH. , #3809 ) ;
#1934 = ADVANCED_FACE ( 'NONE', ( #3923 ), #815, .T. ) ;
#1935 = VECTOR ( 'NONE', #1739, 100.0000000000000000 ) ;
#1936 = COLOUR_RGB ( '',0.7529411764705882200, 0.7529411764705882200, 0.7529411764705882200 ) ;
#1937 = CARTESIAN_POINT ( 'NONE',  ( 0.01350000000000000000, 0.08245276568746105800, -0.06159153832680389100 ) ) ;
#1938 =( NAMED_UNIT ( * ) SI_UNIT ( $, .STERADIAN. ) SOLID_ANGLE_UNIT ( ) );
#1939 = STYLED_ITEM ( 'NONE', ( #256 ), #404 ) ;
#1940 = SURFACE_STYLE_USAGE ( .BOTH. , #3816 ) ;
#1941 =( REPRESENTATION_RELATIONSHIP ('NONE','NONE', #1095, #2743 ) REPRESENTATION_RELATIONSHIP_WITH_TRANSFORMATION ( #1963 )SHAPE_REPRESENTATION_RELATIONSHIP( ) );
#1942 = FACE_OUTER_BOUND ( 'NONE', #2154, .T. ) ;
#1943 = CARTESIAN_POINT ( 'NONE',  ( 0.01308578643762690500, 0.07749999999999999900, -0.08759269909673478300 ) ) ;
#1944 = UNCERTAINTY_MEASURE_WITH_UNIT (LENGTH_MEASURE( 1.000000000000000100E-005 ), #975, 'distance_accuracy_value', 'NONE');
#1945 = VERTEX_POINT ( 'NONE', #213 ) ;
#1946 = PRESENTATION_LAYER_ASSIGNMENT (  '', '', ( #1517 ) ) ;
#1947 = PRESENTATION_LAYER_ASSIGNMENT (  '', '', ( #1518 ) ) ;
#1948 = LINE ( 'NONE', #426, #3622 ) ;
#1949 = ORIENTED_EDGE ( 'NONE', *, *, #2866, .T. ) ;
#1950 = LINE ( 'NONE', #2204, #2692 ) ;
#1951 = EDGE_CURVE ( 'NONE', #1259, #3636, #1971, .T. ) ;
#1952 = DIRECTION ( 'NONE',  ( 3.718265416196989900E-032, 0.06104853953485709500, -0.9981347984218669200 ) ) ;
#1953 =( LENGTH_UNIT ( ) NAMED_UNIT ( * ) SI_UNIT ( .CENTI., .METRE. ) );
#1954 = ORIENTED_EDGE ( 'NONE', *, *, #620, .T. ) ;
#1955 = DIRECTION ( 'NONE',  ( 7.893034146598111200E-032, 0.9654274555191101300, -0.2606718782874300500 ) ) ;
#1956 = DIRECTION ( 'NONE',  ( 1.750006444932765900E-030, 1.000000000000000000, 1.750006444932763400E-030 ) ) ;
#1957 = CARTESIAN_POINT ( 'NONE',  ( 0.3349999999999999600, 0.01500000000000002400, -0.2937867965644038700 ) ) ;
#1958 = ORIENTED_EDGE ( 'NONE', *, *, #2763, .T. ) ;
#1959 = CARTESIAN_POINT ( 'NONE',  ( -0.1749999999999999900, 0.0000000000000000000, 0.4500000000000000700 ) ) ;
#1960 = CYLINDRICAL_SURFACE ( 'NONE', #2999, 0.01000000000000000500 ) ;
#1961 = CARTESIAN_POINT ( 'NONE',  ( -0.01250000000000000100, 0.07749999999999999900, -0.09336630467740500400 ) ) ;
#1962 =( NAMED_UNIT ( * ) SI_UNIT ( $, .STERADIAN. ) SOLID_ANGLE_UNIT ( ) );
#1963 = ITEM_DEFINED_TRANSFORMATION ( 'NONE', 'NONE', #1269,  #3811 ) ;
#1964 = CARTESIAN_POINT ( 'NONE',  ( -0.01350000000000000000, 0.09107190170196846600, -0.06391876277155345000 ) ) ;
#1965 = UNCERTAINTY_MEASURE_WITH_UNIT (LENGTH_MEASURE( 1.000000000000000100E-005 ), #1917, 'distance_accuracy_value', 'NONE');
#1966 =( NAMED_UNIT ( * ) PLANE_ANGLE_UNIT ( ) SI_UNIT ( $, .RADIAN. ) );
#1967 = CARTESIAN_POINT ( 'NONE',  ( -1.387778780781450000E-017, 0.08749999999999999400, 0.3499999999999999800 ) ) ;
#1968 = UNCERTAINTY_MEASURE_WITH_UNIT (LENGTH_MEASURE( 1.000000000000000100E-005 ), #34, 'distance_accuracy_value', 'NONE');
#1969 =( REPRESENTATION_RELATIONSHIP ('NONE','NONE', #1095, #2743 ) REPRESENTATION_RELATIONSHIP_WITH_TRANSFORMATION ( #3387 )SHAPE_REPRESENTATION_RELATIONSHIP( ) );
#1970 = STYLED_ITEM ( 'NONE', ( #3571 ), #1233 ) ;
#1971 = LINE ( 'NONE', #537, #3547 ) ;
#1972 = AXIS2_PLACEMENT_3D ( 'NONE', #1753, #3939, #2075 ) ;
#1973 = DIRECTION ( 'NONE',  ( 0.0000000000000000000, 0.0000000000000000000, 1.000000000000000000 ) ) ;
#1974 = EDGE_LOOP ( 'NONE', ( #1476, #1438, #2734, #708 ) ) ;
#1975 = CARTESIAN_POINT ( 'NONE',  ( -0.01250000000000000100, 0.01754181956520039400, -0.06374554973491944300 ) ) ;
#1976 = SURFACE_STYLE_USAGE ( .BOTH. , #3841 ) ;
#1977 = EDGE_CURVE ( 'NONE', #3864, #1462, #1152, .T. ) ;
#1978 = SURFACE_STYLE_FILL_AREA ( #1648 ) ;
#1979 = AXIS2_PLACEMENT_3D ( 'NONE', #1381, #3583, #1689 ) ;
#1980 = PRESENTATION_LAYER_ASSIGNMENT (  '', '', ( #2188 ) ) ;
#1981 = CARTESIAN_POINT ( 'NONE',  ( -0.01349999999999999800, 0.01764979339251631200, -0.06334565658935605000 ) ) ;
#1982 = FACE_OUTER_BOUND ( 'NONE', #1752, .T. ) ;
#1983 =( LENGTH_UNIT ( ) NAMED_UNIT ( * ) SI_UNIT ( .CENTI., .METRE. ) );
#1984 = SURFACE_SIDE_STYLE ('',( #1557 ) ) ;
#1985 = DIRECTION ( 'NONE',  ( -3.279322939077849900E-032, -0.0000000000000000000, 1.000000000000000000 ) ) ;
#1986 = FILL_AREA_STYLE_COLOUR ( '', #3671 ) ;
#1987 = UNCERTAINTY_MEASURE_WITH_UNIT (LENGTH_MEASURE( 1.000000000000000100E-005 ), #2872, 'distance_accuracy_value', 'NONE');
#1988 = VERTEX_POINT ( 'NONE', #2673 ) ;
#1989 = DIRECTION ( 'NONE',  ( 1.000000000000000000, 0.0000000000000000000, 0.0000000000000000000 ) ) ;
#1990 = SURFACE_STYLE_USAGE ( .BOTH. , #3858 ) ;
#1991 = FACE_OUTER_BOUND ( 'NONE', #3568, .T. ) ;
#1992 = PRODUCT_DEFINITION_SHAPE ( 'NONE', 'NONE',  #804 ) ;
#1993 = ORIENTED_EDGE ( 'NONE', *, *, #1278, .T. ) ;
#1994 = CARTESIAN_POINT ( 'NONE',  ( -0.01350000000000000000, 0.07850000000000000000, -0.08759269909673479700 ) ) ;
#1995 = FILL_AREA_STYLE_COLOUR ( '', #2588 ) ;
#1996 = SURFACE_STYLE_USAGE ( .BOTH. , #3866 ) ;
#1997 = ORIENTED_EDGE ( 'NONE', *, *, #2674, .F. ) ;
#1998 = EDGE_LOOP ( 'NONE', ( #477, #3474, #1654, #427 ) ) ;
#1999 =( GEOMETRIC_REPRESENTATION_CONTEXT ( 3 ) GLOBAL_UNCERTAINTY_ASSIGNED_CONTEXT ( ( #3658 ) ) GLOBAL_UNIT_ASSIGNED_CONTEXT ( ( #1042, #3222, #1344 ) ) REPRESENTATION_CONTEXT ( 'NONE', 'WORKASPACE' ) );
#2000 = SURFACE_SIDE_STYLE ('',( #1271 ) ) ;
#2001 = VECTOR ( 'NONE', #1446, 100.0000000000000000 ) ;
#2002 = VECTOR ( 'NONE', #2067, 100.0000000000000000 ) ;
#2003 = CARTESIAN_POINT ( 'NONE',  ( 0.4500000000000000700, 0.0000000000000000000, 0.1250000000000000000 ) ) ;
#2004 = DIRECTION ( 'NONE',  ( 3.718265416196989900E-032, 0.06104853953485710200, -0.9981347984218670300 ) ) ;
#2005 = DIRECTION ( 'NONE',  ( -3.279322939077849900E-032, -1.625387360916020100E-016, 1.000000000000000000 ) ) ;
#2006 = PRESENTATION_LAYER_ASSIGNMENT (  '', '', ( #2208 ) ) ;
#2007 = ORIENTED_EDGE ( 'NONE', *, *, #1977, .T. ) ;
#2008 =( NAMED_UNIT ( * ) SI_UNIT ( $, .STERADIAN. ) SOLID_ANGLE_UNIT ( ) );
#2009 = EDGE_CURVE ( 'NONE', #2061, #1136, #358, .T. ) ;
#2010 = EDGE_LOOP ( 'NONE', ( #668, #292, #3853, #2158, #3666, #3810, #1270, #3217, #921, #3447, #3159, #1191 ) ) ;
#2011 = CARTESIAN_POINT ( 'NONE',  ( -0.01308578643762691200, 0.07464310615893080000, -0.07916327951246456000 ) ) ;
#2012 = PLANE ( 'NONE',  #1448 ) ;
#2013 = SURFACE_SIDE_STYLE ('',( #989 ) ) ;
#2014 = CARTESIAN_POINT ( 'NONE',  ( -0.01350000000000000000, 0.09649999999999998900, -0.07993465998166700300 ) ) ;
#2015 = CONTEXT_DEPENDENT_SHAPE_REPRESENTATION ( #745, #2892 ) ;
#2016 = LINE ( 'NONE', #2815, #1185 ) ;
#2017 = SHAPE_REPRESENTATION ( 'User Library-LQFP48_Grid_0.5_LQFP48_Koerper_2', ( #3811 ), #3610 ) ;
#2018 = DIRECTION ( 'NONE',  ( 1.000000000000000000, 0.0000000000000000000, -3.491483361109380100E-015 ) ) ;
#2019 = ITEM_DEFINED_TRANSFORMATION ( 'NONE', 'NONE', #3024,  #3811 ) ;
#2020 = SURFACE_SIDE_STYLE ('',( #1432 ) ) ;
#2021 = DIRECTION ( 'NONE',  ( 0.7071067811865474600, 0.0000000000000000000, -0.7071067811865476800 ) ) ;
#2022 =( NAMED_UNIT ( * ) PLANE_ANGLE_UNIT ( ) SI_UNIT ( $, .RADIAN. ) );
#2023 = MECHANICAL_DESIGN_GEOMETRIC_PRESENTATION_REPRESENTATION (  '', ( #1387 ), #2225 ) ;
#2024 = ORIENTED_EDGE ( 'NONE', *, *, #262, .F. ) ;
#2025 = UNCERTAINTY_MEASURE_WITH_UNIT (LENGTH_MEASURE( 1.000000000000000100E-005 ), #1169, 'distance_accuracy_value', 'NONE');
#2026 = VECTOR ( 'NONE', #3501, 100.0000000000000000 ) ;
#2027 = DIRECTION ( 'NONE',  ( -3.718265416196989900E-032, -0.06104853953485688700, 0.9981347984218669200 ) ) ;
#2028 = CARTESIAN_POINT ( 'NONE',  ( -0.01249999999999999700, 0.003790695960933523000, -0.04559692287569953900 ) ) ;
#2029 =( LENGTH_UNIT ( ) NAMED_UNIT ( * ) SI_UNIT ( .CENTI., .METRE. ) );
#2030 = ORIENTED_EDGE ( 'NONE', *, *, #3309, .T. ) ;
#2031 = AXIS2_PLACEMENT_3D ( 'NONE', #1859, #45, #3437 ) ;
#2032 = COLOUR_RGB ( '',0.1215686274509803900, 0.1215686274509803900, 0.1215686274509803900 ) ;
#2033 = AXIS2_PLACEMENT_3D ( 'NONE', #3556, #1664, #3857 ) ;
#2034 = DIRECTION ( 'NONE',  ( -3.491483361109380100E-015, 0.0000000000000000000, -1.000000000000000000 ) ) ;
#2035 = CARTESIAN_POINT ( 'NONE',  ( 0.01308578643762690500, 0.001063031307206668200, 3.182856125275155200E-018 ) ) ;
#2036 = FILL_AREA_STYLE_COLOUR ( '', #1437 ) ;
#2037 = EDGE_CURVE ( 'NONE', #3022, #2486, #2800, .T. ) ;
#2038 = FILL_AREA_STYLE ('',( #1103 ) ) ;
#2039 = PRODUCT_RELATED_PRODUCT_CATEGORY ( 'part', '', ( #3834 ) ) ;
#2040 = FILL_AREA_STYLE_COLOUR ( '', #2974 ) ;
#2041 = LINE ( 'NONE', #593, #1206 ) ;
#2042 = CARTESIAN_POINT ( 'NONE',  ( -0.3499999999999999800, 0.07749999999999999900, -0.2999999999999999900 ) ) ;
#2043 = DIRECTION ( 'NONE',  ( 0.0000000000000000000, -0.9981347984218667000, -0.06104853953485989100 ) ) ;
#2044 = CARTESIAN_POINT ( 'NONE',  ( 0.07499999999999999700, 0.0000000000000000000, -0.4500000000000000700 ) ) ;
#2045 = ORIENTED_EDGE ( 'NONE', *, *, #802, .T. ) ;
#2046 = CARTESIAN_POINT ( 'NONE',  ( -0.3499999999999999800, 0.08749999999999999400, -0.3499999999999999800 ) ) ;
#2047 = EDGE_CURVE ( 'NONE', #3298, #2486, #1051, .T. ) ;
#2048 = FILL_AREA_STYLE ('',( #1710 ) ) ;
#2049 = ORIENTED_EDGE ( 'NONE', *, *, #2408, .F. ) ;
#2050 = ITEM_DEFINED_TRANSFORMATION ( 'NONE', 'NONE', #2065,  #3811 ) ;
#2051 = DIRECTION ( 'NONE',  ( 0.0000000000000000000, 0.0000000000000000000, -1.000000000000000000 ) ) ;
#2052 = CARTESIAN_POINT ( 'NONE',  ( -0.01349999999999999800, 0.02470831998509998700, -0.04600015128280550400 ) ) ;
#2053 = ORIENTED_EDGE ( 'NONE', *, *, #918, .T. ) ;
#2054 = CARTESIAN_POINT ( 'NONE',  ( 0.01350000000000000000, 0.004202741360954145300, -0.05233380561562840000 ) ) ;
#2055 = AXIS2_PLACEMENT_3D ( 'NONE', #335, #3725, #1858 ) ;
#2056 = DIRECTION ( 'NONE',  ( -0.0000000000000000000, -0.0000000000000000000, -1.000000000000000000 ) ) ;
#2057 = FILL_AREA_STYLE ('',( #1729 ) ) ;
#2058 = LINE ( 'NONE', #2755, #2881 ) ;
#2059 = STYLED_ITEM ( 'NONE', ( #2128 ), #1910 ) ;
#2060 = CARTESIAN_POINT ( 'NONE',  ( -0.01250000000000000100, 0.02006074971341707100, -0.0003821937686116067300 ) ) ;
#2061 = VERTEX_POINT ( 'NONE', #3004 ) ;
#2062 = DIRECTION ( 'NONE',  ( 6.982966722218760200E-015, 0.0000000000000000000, -1.000000000000000000 ) ) ;
#2063 = COLOUR_RGB ( '',0.7529411764705882200, 0.7529411764705882200, 0.7529411764705882200 ) ;
#2064 = DIRECTION ( 'NONE',  ( -3.718265416196989900E-032, -0.06104853953485710200, 0.9981347984218670300 ) ) ;
#2065 = AXIS2_PLACEMENT_3D ( 'NONE', #2568, #735, #2890 ) ;
#2066 =( GEOMETRIC_REPRESENTATION_CONTEXT ( 3 ) GLOBAL_UNCERTAINTY_ASSIGNED_CONTEXT ( ( #2272 ) ) GLOBAL_UNIT_ASSIGNED_CONTEXT ( ( #3890, #2022, #201 ) ) REPRESENTATION_CONTEXT ( 'NONE', 'WORKASPACE' ) );
#2067 = DIRECTION ( 'NONE',  ( 0.7071067811865471300, -0.0000000000000000000, -0.7071067811865480200 ) ) ;
#2068 = CARTESIAN_POINT ( 'NONE',  ( 0.01250000000000000100, 0.08245276568746111300, -0.06159153832680387000 ) ) ;
#2069 = CONTEXT_DEPENDENT_SHAPE_REPRESENTATION ( #1314, #2773 ) ;
#2070 = CARTESIAN_POINT ( 'NONE',  ( -0.3250000000000000100, 0.09749999999999990600, 0.3250000000000000100 ) ) ;
#2071 = CARTESIAN_POINT ( 'NONE',  ( 0.01308578643762690000, 0.003335494101621754000, -0.05453484650289831100 ) ) ;
#2072 = ITEM_DEFINED_TRANSFORMATION ( 'NONE', 'NONE', #754,  #3811 ) ;
#2073 = CARTESIAN_POINT ( 'NONE',  ( -0.01350000000000000000, 0.01909666767421790800, -0.0009999999999999022300 ) ) ;
#2074 = DIRECTION ( 'NONE',  ( -3.491483361109380100E-015, 0.0000000000000000000, 1.000000000000000000 ) ) ;
#2075 = DIRECTION ( 'NONE',  ( 0.0000000000000000000, 0.0000000000000000000, -1.000000000000000000 ) ) ;
#2076 = UNCERTAINTY_MEASURE_WITH_UNIT (LENGTH_MEASURE( 1.000000000000000100E-005 ), #948, 'distance_accuracy_value', 'NONE');
#2077 = ORIENTED_EDGE ( 'NONE', *, *, #78, .T. ) ;
#2078 =( GEOMETRIC_REPRESENTATION_CONTEXT ( 3 ) GLOBAL_UNCERTAINTY_ASSIGNED_CONTEXT ( ( #1944 ) ) GLOBAL_UNIT_ASSIGNED_CONTEXT ( ( #975, #3144, #1279 ) ) REPRESENTATION_CONTEXT ( 'NONE', 'WORKASPACE' ) );
#2079 = SURFACE_STYLE_FILL_AREA ( #340 ) ;
#2080 = CARTESIAN_POINT ( 'NONE',  ( -0.01250000000000000100, 0.02943061643074727100, -0.04727520294751600500 ) ) ;
#2081 = DIRECTION ( 'NONE',  ( 0.0000000000000000000, -0.9981347984218669200, -0.06104853953485683100 ) ) ;
#2082 = SURFACE_STYLE_USAGE ( .BOTH. , #3643 ) ;
#2083 = DIRECTION ( 'NONE',  ( 7.893034146598111200E-032, 0.9654274555191101300, -0.2606718782874300500 ) ) ;
#2084 = SURFACE_STYLE_FILL_AREA ( #1386 ) ;
#2085 = ORIENTED_EDGE ( 'NONE', *, *, #1905, .F. ) ;
#2086 =( LENGTH_UNIT ( ) NAMED_UNIT ( * ) SI_UNIT ( .CENTI., .METRE. ) );
#2087 = SURFACE_SIDE_STYLE ('',( #3277 ) ) ;
#2088 =( GEOMETRIC_REPRESENTATION_CONTEXT ( 3 ) GLOBAL_UNCERTAINTY_ASSIGNED_CONTEXT ( ( #1128 ) ) GLOBAL_UNIT_ASSIGNED_CONTEXT ( ( #2310, #490, #2622 ) ) REPRESENTATION_CONTEXT ( 'NONE', 'WORKASPACE' ) );
#2089 =( GEOMETRIC_REPRESENTATION_CONTEXT ( 3 ) GLOBAL_UNCERTAINTY_ASSIGNED_CONTEXT ( ( #1531 ) ) GLOBAL_UNIT_ASSIGNED_CONTEXT ( ( #2654, #808, #2966 ) ) REPRESENTATION_CONTEXT ( 'NONE', 'WORKASPACE' ) );
#2090 = COLOUR_RGB ( '',0.1254901960784313700, 0.1254901960784313700, 0.1254901960784313700 ) ;
#2091 = EDGE_CURVE ( 'NONE', #1225, #1054, #2707, .T. ) ;
#2092 = ORIENTED_EDGE ( 'NONE', *, *, #2601, .F. ) ;
#2093 = FACE_OUTER_BOUND ( 'NONE', #2342, .T. ) ;
#2094 = COLOUR_RGB ( '',0.1254901960784313700, 0.1254901960784313700, 0.1254901960784313700 ) ;
#2095 = DIRECTION ( 'NONE',  ( 0.0000000000000000000, 0.0000000000000000000, -1.000000000000000000 ) ) ;
#2096 = COLOUR_RGB ( '',0.7529411764705882200, 0.7529411764705882200, 0.7529411764705882200 ) ;
#2097 = SURFACE_STYLE_FILL_AREA ( #3155 ) ;
#2098 = CARTESIAN_POINT ( 'NONE',  ( -0.3349999999999998500, 0.01500000000000003400, -0.2937867965644038700 ) ) ;
#2099 = ORIENTED_EDGE ( 'NONE', *, *, #2963, .T. ) ;
#2100 = ORIENTED_EDGE ( 'NONE', *, *, #706, .F. ) ;
#2101 = UNCERTAINTY_MEASURE_WITH_UNIT (LENGTH_MEASURE( 1.000000000000000100E-005 ), #2797, 'distance_accuracy_value', 'NONE');
#2102 = LINE ( 'NONE', #1330, #3755 ) ;
#2103 = VECTOR ( 'NONE', #2581, 100.0000000000000000 ) ;
#2104 = ORIENTED_EDGE ( 'NONE', *, *, #1197, .T. ) ;
#2105 = VECTOR ( 'NONE', #3925, 100.0000000000000000 ) ;
#2106 = ORIENTED_EDGE ( 'NONE', *, *, #1486, .T. ) ;
#2107 =( NAMED_UNIT ( * ) SI_UNIT ( $, .STERADIAN. ) SOLID_ANGLE_UNIT ( ) );
#2108 = PLANE ( 'NONE',  #512 ) ;
#2109 = DIRECTION ( 'NONE',  ( -0.0000000000000000000, 1.000000000000000000, 0.0000000000000000000 ) ) ;
#2110 = VERTEX_POINT ( 'NONE', #1138 ) ;
#2111 = DIRECTION ( 'NONE',  ( -0.0000000000000000000, -0.0000000000000000000, -1.000000000000000000 ) ) ;
#2112 = STYLED_ITEM ( 'NONE', ( #1778 ), #2219 ) ;
#2113 = PRESENTATION_STYLE_ASSIGNMENT (( #176 ) ) ;
#2114 = CARTESIAN_POINT ( 'NONE',  ( -0.01250000000000000100, 0.09750000000000001700, -0.1489999999999999700 ) ) ;
#2115 =( NAMED_UNIT ( * ) PLANE_ANGLE_UNIT ( ) SI_UNIT ( $, .RADIAN. ) );
#2116 = EDGE_CURVE ( 'NONE', #1493, #3757, #166, .T. ) ;
#2117 = CARTESIAN_POINT ( 'NONE',  ( -0.01250000000000000100, 0.03202099878083229700, 1.550070293475369600E-016 ) ) ;
#2118 = AXIS2_PLACEMENT_3D ( 'NONE', #2747, #901, #3058 ) ;
#2119 = STYLED_ITEM ( 'NONE', ( #994 ), #3414 ) ;
#2120 = CONTEXT_DEPENDENT_SHAPE_REPRESENTATION ( #1912, #1924 ) ;
#2121 = CARTESIAN_POINT ( 'NONE',  ( 0.01250000000000000100, 0.02009480247263976900, -0.0009389514604650454800 ) ) ;
#2122 = ITEM_DEFINED_TRANSFORMATION ( 'NONE', 'NONE', #2479,  #3811 ) ;
#2123 = ORIENTED_EDGE ( 'NONE', *, *, #2334, .F. ) ;
#2124 =( NAMED_UNIT ( * ) SI_UNIT ( $, .STERADIAN. ) SOLID_ANGLE_UNIT ( ) );
#2125 = SURFACE_STYLE_FILL_AREA ( #11 ) ;
#2126 = EDGE_CURVE ( 'NONE', #645, #2464, #2607, .T. ) ;
#2127 = DIRECTION ( 'NONE',  ( 0.0000000000000000000, 0.0000000000000000000, -1.000000000000000000 ) ) ;
#2128 = PRESENTATION_STYLE_ASSIGNMENT (( #2947 ) ) ;
#2129 = PRODUCT_DEFINITION_SHAPE ( 'NONE', 'NONE',  #3959 ) ;
#2130 = EDGE_LOOP ( 'NONE', ( #2637, #857, #3620, #1826 ) ) ;
#2131 = LINE ( 'NONE', #3365, #520 ) ;
#2132 = AXIS2_PLACEMENT_3D ( 'NONE', #3, #2136, #313 ) ;
#2133 = STYLED_ITEM ( 'NONE', ( #3090 ), #1855 ) ;
#2134 =( LENGTH_UNIT ( ) NAMED_UNIT ( * ) SI_UNIT ( .CENTI., .METRE. ) );
#2135 = CARTESIAN_POINT ( 'NONE',  ( -0.3250000000000000100, 0.08749999999999999400, -0.3250000000000000100 ) ) ;
#2136 = DIRECTION ( 'NONE',  ( -7.290249346361470300E-032, -1.000000000000000000, -6.938893903907230000E-015 ) ) ;
#2137 =( NAMED_UNIT ( * ) PLANE_ANGLE_UNIT ( ) SI_UNIT ( $, .RADIAN. ) );
#2138 = CARTESIAN_POINT ( 'NONE',  ( -0.01250000000000000100, 0.07791421356237308900, -0.1499999999999999400 ) ) ;
#2139 = PRESENTATION_LAYER_ASSIGNMENT (  '', '', ( #1708 ) ) ;
#2140 = MECHANICAL_DESIGN_GEOMETRIC_PRESENTATION_REPRESENTATION (  '', ( #1101 ), #2347 ) ;
#2141 =( NAMED_UNIT ( * ) PLANE_ANGLE_UNIT ( ) SI_UNIT ( $, .RADIAN. ) );
#2142 = CARTESIAN_POINT ( 'NONE',  ( -0.4500000000000000700, 0.0000000000000000000, -0.02500000000000000100 ) ) ;
#2143 = EDGE_CURVE ( 'NONE', #33, #1462, #3443, .T. ) ;
#2144 = SURFACE_SIDE_STYLE ('',( #2125 ) ) ;
#2145 = ORIENTED_EDGE ( 'NONE', *, *, #1297, .F. ) ;
#2146 = SURFACE_STYLE_FILL_AREA ( #2982 ) ;
#2147 = FACE_OUTER_BOUND ( 'NONE', #1127, .T. ) ;
#2148 =( LENGTH_UNIT ( ) NAMED_UNIT ( * ) SI_UNIT ( .CENTI., .METRE. ) );
#2149 = ORIENTED_EDGE ( 'NONE', *, *, #3020, .T. ) ;
#2150 =( NAMED_UNIT ( * ) PLANE_ANGLE_UNIT ( ) SI_UNIT ( $, .RADIAN. ) );
#2151 = UNCERTAINTY_MEASURE_WITH_UNIT (LENGTH_MEASURE( 1.000000000000000100E-005 ), #2467, 'distance_accuracy_value', 'NONE');
#2152 = FILL_AREA_STYLE_COLOUR ( '', #567 ) ;
#2153 = COLOUR_RGB ( '',0.7529411764705882200, 0.7529411764705882200, 0.7529411764705882200 ) ;
#2154 = EDGE_LOOP ( 'NONE', ( #625, #2937, #53, #37 ) ) ;
#2155 = SURFACE_SIDE_STYLE ('',( #657 ) ) ;
#2156 = CARTESIAN_POINT ( 'NONE',  ( 0.01308578643762690500, 0.09750000000000000300, -0.1489999999999999900 ) ) ;
#2157 = DIRECTION ( 'NONE',  ( -1.000000000000000000, 0.0000000000000000000, -3.491483361109380100E-015 ) ) ;
#2158 = ORIENTED_EDGE ( 'NONE', *, *, #374, .F. ) ;
#2159 = LINE ( 'NONE', #3906, #544 ) ;
#2160 = FILL_AREA_STYLE ('',( #3406 ) ) ;
#2161 = MECHANICAL_DESIGN_GEOMETRIC_PRESENTATION_REPRESENTATION (  '', ( #1517 ), #2370 ) ;
#2162 = DIRECTION ( 'NONE',  ( -0.7071067811865468000, 0.0000000000000000000, -0.7071067811865482400 ) ) ;
#2163 = MECHANICAL_DESIGN_GEOMETRIC_PRESENTATION_REPRESENTATION (  '', ( #1518 ), #2373 ) ;
#2164 = EDGE_LOOP ( 'NONE', ( #3370, #2104, #3630, #797 ) ) ;
#2165 = CARTESIAN_POINT ( 'NONE',  ( 0.01350000000000003300, 0.02190321813710741800, -0.03729127346519280100 ) ) ;
#2166 = EDGE_CURVE ( 'NONE', #2249, #2871, #2509, .T. ) ;
#2167 = ADVANCED_FACE ( 'NONE', ( #867 ), #1281, .F. ) ;
#2168 = DIRECTION ( 'NONE',  ( -0.0000000000000000000, 0.06104853953485710900, -0.9981347984218669200 ) ) ;
#2169 = SURFACE_STYLE_USAGE ( .BOTH. , #3289 ) ;
#2170 = CONTEXT_DEPENDENT_SHAPE_REPRESENTATION ( #2515, #1087 ) ;
#2171 = DIRECTION ( 'NONE',  ( 0.0000000000000000000, 0.0000000000000000000, 1.000000000000000000 ) ) ;
#2172 = CARTESIAN_POINT ( 'NONE',  ( 0.01350000000000000000, 0.07849999999999998600, -0.1495857864376269100 ) ) ;
#2173 = SURFACE_STYLE_FILL_AREA ( #1274 ) ;
#2174 = ORIENTED_EDGE ( 'NONE', *, *, #394, .F. ) ;
#2175 = CARTESIAN_POINT ( 'NONE',  ( 0.01350000000000000000, 0.07850000000000000000, -0.08759269909673479700 ) ) ;
#2176 = DIRECTION ( 'NONE',  ( 0.2322901742829643600, 0.9678757261790229500, -0.09621774059402267400 ) ) ;
#2177 = AXIS2_PLACEMENT_3D ( 'NONE', #1588, #3790, #1284 ) ;
#2178 = CARTESIAN_POINT ( 'NONE',  ( -0.01308578643762690200, 2.737826534573792300E-005, -0.0004476306815889483400 ) ) ;
#2179 = ORIENTED_EDGE ( 'NONE', *, *, #1766, .T. ) ;
#2180 = APPLICATION_CONTEXT ( 'automotive_design' ) ;
#2181 = PRESENTATION_LAYER_ASSIGNMENT (  '', '', ( #1970 ) ) ;
#2182 = ADVANCED_FACE ( 'NONE', ( #2954 ), #1827, .T. ) ;
#2183 = AXIS2_PLACEMENT_3D ( 'NONE', #272, #2409, #573 ) ;
#2184 = PLANE ( 'NONE',  #2977 ) ;
#2185 = CARTESIAN_POINT ( 'NONE',  ( -0.01350000000000000000, 0.07036739066116172400, -0.07697299708602460500 ) ) ;
#2186 = EDGE_CURVE ( 'NONE', #3026, #3598, #1670, .T. ) ;
#2187 = AXIS2_PLACEMENT_3D ( 'NONE', #3885, #2018, #195 ) ;
#2188 = STYLED_ITEM ( 'NONE', ( #1621 ), #3156 ) ;
#2189 = CARTESIAN_POINT ( 'NONE',  ( 0.01250000000000000200, 0.02139631543603630000, -0.02221850031226859900 ) ) ;
#2190 = ORIENTED_EDGE ( 'NONE', *, *, #783, .F. ) ;
#2191 = ORIENTED_EDGE ( 'NONE', *, *, #1398, .F. ) ;
#2192 = LINE ( 'NONE', #444, #1353 ) ;
#2193 = EDGE_LOOP ( 'NONE', ( #3111, #1413, #3894, #712 ) ) ;
#2194 =( BOUNDED_CURVE ( )  B_SPLINE_CURVE ( 3, ( #892, #725, #3514, #1620 ),
 .UNSPECIFIED., .F., .F. ) 
 B_SPLINE_CURVE_WITH_KNOTS ( ( 4, 4 ),
 ( 0.0000000000000000000, 1.000000000000000000 ),
 .UNSPECIFIED. ) 
 CURVE ( )  GEOMETRIC_REPRESENTATION_ITEM ( )  RATIONAL_B_SPLINE_CURVE ( ( 1.000000000000000000, 0.8747560699726384400, 0.8747560699726384400, 1.000000000000000000 ) ) 
 REPRESENTATION_ITEM ( '' )  );
#2195 = CARTESIAN_POINT ( 'NONE',  ( -0.01350000000000000000, 0.07036739066116172400, -0.07697299708602460500 ) ) ;
#2196 = EDGE_LOOP ( 'NONE', ( #2932, #436, #3463, #2879 ) ) ;
#2197 = SURFACE_STYLE_FILL_AREA ( #288 ) ;
#2198 = ORIENTED_EDGE ( 'NONE', *, *, #2126, .T. ) ;
#2199 = ADVANCED_FACE ( 'NONE', ( #559 ), #3445, .T. ) ;
#2200 = CARTESIAN_POINT ( 'NONE',  ( 0.2937867965644029900, 0.01499999999999998200, 0.3350000000000000800 ) ) ;
#2201 =( REPRESENTATION_RELATIONSHIP ('NONE','NONE', #1095, #2743 ) REPRESENTATION_RELATIONSHIP_WITH_TRANSFORMATION ( #3918 )SHAPE_REPRESENTATION_RELATIONSHIP( ) );
#2202 = CARTESIAN_POINT ( 'NONE',  ( -0.01308578643762693500, 0.02969128830903470000, -0.04630977549199690600 ) ) ;
#2203 = PRESENTATION_LAYER_ASSIGNMENT (  '', '', ( #1786 ) ) ;
#2204 = CARTESIAN_POINT ( 'NONE',  ( -0.2937867965644029900, 0.01499999999999996300, 0.3350000000000000800 ) ) ;
#2205 = CARTESIAN_POINT ( 'NONE',  ( 0.01350000000000000000, 0.09649999999999998900, -0.07993465998166700300 ) ) ;
#2206 = CARTESIAN_POINT ( 'NONE',  ( -0.01350000000000000000, 0.07850000000000000000, -0.08759269909673479700 ) ) ;
#2207 = CARTESIAN_POINT ( 'NONE',  ( 0.01250000000000000100, 0.02196853816409000100, -0.04795466745548390700 ) ) ;
#2208 = STYLED_ITEM ( 'NONE', ( #3335 ), #3760 ) ;
#2209 = SURFACE_SIDE_STYLE ('',( #248 ) ) ;
#2210 = FILL_AREA_STYLE_COLOUR ( '', #2391 ) ;
#2211 = CONTEXT_DEPENDENT_SHAPE_REPRESENTATION ( #3105, #3237 ) ;
#2212 =( BOUNDED_CURVE ( )  B_SPLINE_CURVE ( 3, ( #3917, #545, #251, #2384 ),
 .UNSPECIFIED., .F., .F. ) 
 B_SPLINE_CURVE_WITH_KNOTS ( ( 4, 4 ),
 ( 0.0000000000000000000, 1.000000000000000000 ),
 .UNSPECIFIED. ) 
 CURVE ( )  GEOMETRIC_REPRESENTATION_ITEM ( )  RATIONAL_B_SPLINE_CURVE ( ( 1.000000000000000000, 0.8626246579231994200, 0.8626246579231994200, 1.000000000000000000 ) ) 
 REPRESENTATION_ITEM ( '' )  );
#2213 = ORIENTED_EDGE ( 'NONE', *, *, #214, .F. ) ;
#2214 = EDGE_CURVE ( 'NONE', #3433, #3416, #274, .T. ) ;
#2215 = CARTESIAN_POINT ( 'NONE',  ( -0.01250000000000000100, 0.001063031307206661500, -0.0009999999999999924300 ) ) ;
#2216 = CARTESIAN_POINT ( 'NONE',  ( 0.4125000000000002000, 0.07749999999999994400, 0.2375000000000001300 ) ) ;
#2217 = CARTESIAN_POINT ( 'NONE',  ( -0.01250000000000000100, 0.002792561162511655400, -0.04565797141523439400 ) ) ;
#2218 = ORIENTED_EDGE ( 'NONE', *, *, #1834, .F. ) ;
#2219 = ADVANCED_FACE ( 'NONE', ( #1052 ), #685, .T. ) ;
#2220 = VERTEX_POINT ( 'NONE', #1000 ) ;
#2221 = DIRECTION ( 'NONE',  ( 7.290249346361490000E-032, 1.000000000000000000, 0.0000000000000000000 ) ) ;
#2222 = PRESENTATION_STYLE_ASSIGNMENT (( #2807 ) ) ;
#2223 = ADVANCED_FACE ( 'NONE', ( #3877 ), #1303, .T. ) ;
#2224 = PLANE ( 'NONE',  #1585 ) ;
#2225 =( GEOMETRIC_REPRESENTATION_CONTEXT ( 3 ) GLOBAL_UNCERTAINTY_ASSIGNED_CONTEXT ( ( #2870 ) ) GLOBAL_UNIT_ASSIGNED_CONTEXT ( ( #1610, #3813, #1938 ) ) REPRESENTATION_CONTEXT ( 'NONE', 'WORKASPACE' ) );
#2226 = FACE_OUTER_BOUND ( 'NONE', #1842, .T. ) ;
#2227 =( REPRESENTATION_RELATIONSHIP ('NONE','NONE', #1095, #2743 ) REPRESENTATION_RELATIONSHIP_WITH_TRANSFORMATION ( #1276 )SHAPE_REPRESENTATION_RELATIONSHIP( ) );
#2228 = CARTESIAN_POINT ( 'NONE',  ( -0.01250000000000000100, 0.001063031307206658000, 4.573780659483264800E-018 ) ) ;
#2229 =( NAMED_UNIT ( * ) SI_UNIT ( $, .STERADIAN. ) SOLID_ANGLE_UNIT ( ) );
#2230 =( NAMED_UNIT ( * ) PLANE_ANGLE_UNIT ( ) SI_UNIT ( $, .RADIAN. ) );
#2231 = DIRECTION ( 'NONE',  ( 0.0000000000000000000, -0.9981347984218669200, -0.06104853953485719200 ) ) ;
#2232 = AXIS2_PLACEMENT_3D ( 'NONE', #2303, #476, #2615 ) ;
#2233 = ORIENTED_EDGE ( 'NONE', *, *, #2810, .T. ) ;
#2234 = FACE_OUTER_BOUND ( 'NONE', #1998, .T. ) ;
#2235 = EDGE_CURVE ( 'NONE', #2952, #1525, #1194, .T. ) ;
#2236 = CARTESIAN_POINT ( 'NONE',  ( 0.01250000000000000100, 0.09178621231786152100, -0.06307582081312637600 ) ) ;
#2237 = CARTESIAN_POINT ( 'NONE',  ( 0.4071966991411010200, 0.1287500000000000000, 0.2321966991411010000 ) ) ;
#2238 = PRODUCT_DEFINITION_FORMATION_WITH_SPECIFIED_SOURCE ( 'ANY', '', #2398, .NOT_KNOWN. ) ;
#2239 = ORIENTED_EDGE ( 'NONE', *, *, #1870, .F. ) ;
#2240 = ADVANCED_FACE ( 'NONE', ( #401 ), #3820, .T. ) ;
#2241 = DIRECTION ( 'NONE',  ( 2.833862775218760500E-017, -0.2333729524753250500, -0.9723873019805172600 ) ) ;
#2242 = COLOUR_RGB ( '',0.7529411764705882200, 0.7529411764705882200, 0.7529411764705882200 ) ;
#2243 = ORIENTED_EDGE ( 'NONE', *, *, #480, .T. ) ;
#2244 = DIRECTION ( 'NONE',  ( 0.0000000000000000000, 0.0000000000000000000, -1.000000000000000000 ) ) ;
#2245 = UNCERTAINTY_MEASURE_WITH_UNIT (LENGTH_MEASURE( 1.000000000000000100E-005 ), #2405, 'distance_accuracy_value', 'NONE');
#2246 =( LENGTH_UNIT ( ) NAMED_UNIT ( * ) SI_UNIT ( .CENTI., .METRE. ) );
#2247 =( NAMED_UNIT ( * ) SI_UNIT ( $, .STERADIAN. ) SOLID_ANGLE_UNIT ( ) );
#2248 =( NAMED_UNIT ( * ) PLANE_ANGLE_UNIT ( ) SI_UNIT ( $, .RADIAN. ) );
#2249 = VERTEX_POINT ( 'NONE', #1619 ) ;
#2250 = CIRCLE ( 'NONE', #169, 0.009999999999999993300 ) ;
#2251 = EDGE_CURVE ( 'NONE', #2583, #3761, #913, .T. ) ;
#2252 = CARTESIAN_POINT ( 'NONE',  ( 0.01350000000000000000, 0.09649999999999998900, -0.07100686746319871700 ) ) ;
#2253 = DIRECTION ( 'NONE',  ( 0.0000000000000000000, 1.000000000000000000, 0.0000000000000000000 ) ) ;
#2254 = PRODUCT_DEFINITION_SHAPE ( 'NONE', 'NONE',  #3975 ) ;
#2255 = PRESENTATION_STYLE_ASSIGNMENT (( #1940 ) ) ;
#2256 =( NAMED_UNIT ( * ) PLANE_ANGLE_UNIT ( ) SI_UNIT ( $, .RADIAN. ) );
#2257 =( REPRESENTATION_RELATIONSHIP ('NONE','NONE', #1095, #2743 ) REPRESENTATION_RELATIONSHIP_WITH_TRANSFORMATION ( #2699 )SHAPE_REPRESENTATION_RELATIONSHIP( ) );
#2258 = MECHANICAL_DESIGN_GEOMETRIC_PRESENTATION_REPRESENTATION (  '', ( #1840 ), #2473 ) ;
#2259 = CARTESIAN_POINT ( 'NONE',  ( 0.01308578643762690500, 0.07464310615893075800, -0.07916327951246451800 ) ) ;
#2260 = AXIS2_PLACEMENT_3D ( 'NONE', #778, #2934, #1068 ) ;
#2261 = DIRECTION ( 'NONE',  ( 0.0000000000000000000, 0.0000000000000000000, 1.000000000000000000 ) ) ;
#2262 = PRESENTATION_LAYER_ASSIGNMENT (  '', '', ( #3339 ) ) ;
#2263 = SURFACE_SIDE_STYLE ('',( #3132 ) ) ;
#2264 = CARTESIAN_POINT ( 'NONE',  ( 0.2937867965644031000, 0.1600000000000000900, 0.3350000000000002400 ) ) ;
#2265 = CIRCLE ( 'NONE', #2864, 0.0009999999999999982900 ) ;
#2266 = AXIS2_PLACEMENT_3D ( 'NONE', #1027, #3196, #1325 ) ;
#2267 = SURFACE_SIDE_STYLE ('',( #1852 ) ) ;
#2268 =( NAMED_UNIT ( * ) SI_UNIT ( $, .STERADIAN. ) SOLID_ANGLE_UNIT ( ) );
#2269 = CYLINDRICAL_SURFACE ( 'NONE', #747, 0.001000000000000002600 ) ;
#2270 = ORIENTED_EDGE ( 'NONE', *, *, #3372, .F. ) ;
#2271 = SURFACE_SIDE_STYLE ('',( #440 ) ) ;
#2272 = UNCERTAINTY_MEASURE_WITH_UNIT (LENGTH_MEASURE( 1.000000000000000100E-005 ), #3890, 'distance_accuracy_value', 'NONE');
#2273 = CARTESIAN_POINT ( 'NONE',  ( -0.3500000000000000300, 0.08749999999999999400, -0.2999999999999999900 ) ) ;
#2274 = CARTESIAN_POINT ( 'NONE',  ( 0.01350000000000000000, 0.02943061643074720800, -0.04727520294751601900 ) ) ;
#2275 = VECTOR ( 'NONE', #738, 100.0000000000000000 ) ;
#2276 = SURFACE_STYLE_FILL_AREA ( #235 ) ;
#2277 = DIRECTION ( 'NONE',  ( 1.000000000000000000, 0.0000000000000000000, 0.0000000000000000000 ) ) ;
#2278 = CARTESIAN_POINT ( 'NONE',  ( -0.01350000000000000000, 0.04058487860451449900, -0.06996732999083349300 ) ) ;
#2279 = PLANE ( 'NONE',  #2621 ) ;
#2280 = DIRECTION ( 'NONE',  ( 0.0000000000000000000, -1.000000000000000000, -3.500012889865530300E-030 ) ) ;
#2281 = FILL_AREA_STYLE_COLOUR ( '', #2413 ) ;
#2282 = DIRECTION ( 'NONE',  ( -1.000000000000000000, 7.290249346361490000E-032, -3.279322939077849900E-032 ) ) ;
#2283 = PRESENTATION_LAYER_ASSIGNMENT (  '', '', ( #3709 ) ) ;
#2284 = PRESENTATION_STYLE_ASSIGNMENT (( #327 ) ) ;
#2285 = CARTESIAN_POINT ( 'NONE',  ( 0.07499999999999999700, 0.0000000000000000000, 0.4500000000000000700 ) ) ;
#2286 = ORIENTED_EDGE ( 'NONE', *, *, #1503, .F. ) ;
#2287 = ORIENTED_EDGE ( 'NONE', *, *, #1174, .T. ) ;
#2288 =( NAMED_UNIT ( * ) PLANE_ANGLE_UNIT ( ) SI_UNIT ( $, .RADIAN. ) );
#2289 = AXIS2_PLACEMENT_3D ( 'NONE', #3314, #1434, #3633 ) ;
#2290 = VECTOR ( 'NONE', #94, 100.0000000000000000 ) ;
#2291 = ORIENTED_EDGE ( 'NONE', *, *, #1297, .T. ) ;
#2292 = CARTESIAN_POINT ( 'NONE',  ( 0.01350000000000000000, 0.08245276568746111300, -0.06159153832680387000 ) ) ;
#2293 = PRESENTATION_STYLE_ASSIGNMENT (( #3499 ) ) ;
#2294 = EDGE_CURVE ( 'NONE', #102, #2464, #3300, .T. ) ;
#2295 = CARTESIAN_POINT ( 'NONE',  ( -0.01349999999999999800, 0.004306482253088127200, -0.05402995420898026900 ) ) ;
#2296 = LINE ( 'NONE', #3903, #2600 ) ;
#2297 =( NAMED_UNIT ( * ) SI_UNIT ( $, .STERADIAN. ) SOLID_ANGLE_UNIT ( ) );
#2298 = ORIENTED_EDGE ( 'NONE', *, *, #2843, .T. ) ;
#2299 =( LENGTH_UNIT ( ) NAMED_UNIT ( * ) SI_UNIT ( .CENTI., .METRE. ) );
#2300 = CARTESIAN_POINT ( 'NONE',  ( 0.01250000000000000100, 0.001063031307206666900, -0.0009999999999999924300 ) ) ;
#2301 = EDGE_LOOP ( 'NONE', ( #1688, #1504, #1366, #3327 ) ) ;
#2302 = DIRECTION ( 'NONE',  ( 0.0000000000000000000, 0.0000000000000000000, 1.000000000000000000 ) ) ;
#2303 = CARTESIAN_POINT ( 'NONE',  ( -0.01250000000000000100, 0.001063031307206660200, -0.0009999999999999809400 ) ) ;
#2304 =( NAMED_UNIT ( * ) PLANE_ANGLE_UNIT ( ) SI_UNIT ( $, .RADIAN. ) );
#2305 = ITEM_DEFINED_TRANSFORMATION ( 'NONE', 'NONE', #2529,  #3811 ) ;
#2306 = DIRECTION ( 'NONE',  ( -1.000000000000000000, -0.0000000000000000000, -0.0000000000000000000 ) ) ;
#2307 = PRESENTATION_LAYER_ASSIGNMENT (  '', '', ( #1880 ) ) ;
#2308 = FILL_AREA_STYLE ('',( #1356 ) ) ;
#2309 =( NAMED_UNIT ( * ) PLANE_ANGLE_UNIT ( ) SI_UNIT ( $, .RADIAN. ) );
#2310 =( LENGTH_UNIT ( ) NAMED_UNIT ( * ) SI_UNIT ( .CENTI., .METRE. ) );
#2311 = CARTESIAN_POINT ( 'NONE',  ( -0.01249999999999999900, 0.09749999999999998900, -0.07053698364643727600 ) ) ;
#2312 = PRESENTATION_STYLE_ASSIGNMENT (( #3846 ) ) ;
#2313 = EDGE_LOOP ( 'NONE', ( #1407, #1104, #26, #2387 ) ) ;
#2314 = AXIS2_PLACEMENT_3D ( 'NONE', #2831, #1202, #391 ) ;
#2315 = PRESENTATION_STYLE_ASSIGNMENT (( #3807 ) ) ;
#2316 = DIRECTION ( 'NONE',  ( -3.491483361109380100E-015, 0.0000000000000000000, -1.000000000000000000 ) ) ;
#2317 = CARTESIAN_POINT ( 'NONE',  ( -0.3350000000000000800, 0.1600000000000000000, -0.2937867965644039300 ) ) ;
#2318 = FILL_AREA_STYLE_COLOUR ( '', #514 ) ;
#2319 = EDGE_CURVE ( 'NONE', #524, #2487, #120, .T. ) ;
#2320 = PRODUCT_DEFINITION_SHAPE ( 'NONE', 'NONE',  #3952 ) ;
#2321 = ORIENTED_EDGE ( 'NONE', *, *, #1266, .F. ) ;
#2322 = CARTESIAN_POINT ( 'NONE',  ( -0.4071966991411010200, 0.1287500000000000000, 0.2321966991411010000 ) ) ;
#2323 = AXIS2_PLACEMENT_3D ( 'NONE', #1200, #3389, #1501 ) ;
#2324 = PRESENTATION_LAYER_ASSIGNMENT (  '', '', ( #2119 ) ) ;
#2325 = UNCERTAINTY_MEASURE_WITH_UNIT (LENGTH_MEASURE( 1.000000000000000100E-005 ), #1083, 'distance_accuracy_value', 'NONE');
#2326 = CARTESIAN_POINT ( 'NONE',  ( -0.01308578643762691200, 0.07749999999999998600, -0.08759269909673479700 ) ) ;
#2327 = SURFACE_SIDE_STYLE ('',( #1538 ) ) ;
#2328 =( LENGTH_UNIT ( ) NAMED_UNIT ( * ) SI_UNIT ( .CENTI., .METRE. ) );
#2329 = CARTESIAN_POINT ( 'NONE',  ( -0.01350000000000000000, 0.09107190170196841100, -0.06391876277155345000 ) ) ;
#2330 = CARTESIAN_POINT ( 'NONE',  ( 0.4500000000000000700, 0.0000000000000000000, -0.1250000000000000000 ) ) ;
#2331 =( LENGTH_UNIT ( ) NAMED_UNIT ( * ) SI_UNIT ( .CENTI., .METRE. ) );
#2332 = VECTOR ( 'NONE', #234, 100.0000000000000100 ) ;
#2333 = VECTOR ( 'NONE', #2111, 100.0000000000000000 ) ;
#2334 = EDGE_CURVE ( 'NONE', #3524, #33, #2466, .T. ) ;
#2335 = ORIENTED_EDGE ( 'NONE', *, *, #609, .T. ) ;
#2336 = DIRECTION ( 'NONE',  ( -7.893034146598111200E-032, -0.9654274555191101300, 0.2606718782874300500 ) ) ;
#2337 = SURFACE_SIDE_STYLE ('',( #466 ) ) ;
#2338 = ORIENTED_EDGE ( 'NONE', *, *, #3597, .T. ) ;
#2339 = STYLED_ITEM ( 'NONE', ( #1118 ), #922 ) ;
#2340 = DIRECTION ( 'NONE',  ( 0.0000000000000000000, -0.9981347984218667000, -0.06104853953485989100 ) ) ;
#2341 =( NAMED_UNIT ( * ) SI_UNIT ( $, .STERADIAN. ) SOLID_ANGLE_UNIT ( ) );
#2342 = EDGE_LOOP ( 'NONE', ( #912, #1618, #2106, #2533 ) ) ;
#2343 = DIRECTION ( 'NONE',  ( 6.982966722218760200E-015, 0.0000000000000000000, -1.000000000000000000 ) ) ;
#2344 = CARTESIAN_POINT ( 'NONE',  ( 0.01308578643762690500, 2.737826534571273900E-005, -0.0004476306815889630800 ) ) ;
#2345 = EDGE_LOOP ( 'NONE', ( #886, #3137, #1954, #2335 ) ) ;
#2346 = MECHANICAL_DESIGN_GEOMETRIC_PRESENTATION_REPRESENTATION (  '', ( #1708 ), #2550 ) ;
#2347 =( GEOMETRIC_REPRESENTATION_CONTEXT ( 3 ) GLOBAL_UNCERTAINTY_ASSIGNED_CONTEXT ( ( #2076 ) ) GLOBAL_UNIT_ASSIGNED_CONTEXT ( ( #948, #3115, #1247 ) ) REPRESENTATION_CONTEXT ( 'NONE', 'WORKASPACE' ) );
#2348 = SURFACE_STYLE_FILL_AREA ( #1507 ) ;
#2349 = SURFACE_STYLE_USAGE ( .BOTH. , #216 ) ;
#2350 = EDGE_CURVE ( 'NONE', #337, #3100, #824, .T. ) ;
#2351 = ORIENTED_EDGE ( 'NONE', *, *, #883, .T. ) ;
#2352 = CIRCLE ( 'NONE', #3557, 0.001000000000000002600 ) ;
#2353 = CARTESIAN_POINT ( 'NONE',  ( -0.2000000000000000100, 0.1600000000000000000, 0.2500000000000000000 ) ) ;
#2354 = DIRECTION ( 'NONE',  ( -1.000000000000000000, -0.0000000000000000000, -0.0000000000000000000 ) ) ;
#2355 = SURFACE_SIDE_STYLE ('',( #1837 ) ) ;
#2356 = LINE ( 'NONE', #2557, #3913 ) ;
#2357 = DIRECTION ( 'NONE',  ( -1.000000000000000000, 0.0000000000000000000, -6.982966722218760200E-015 ) ) ;
#2358 = ITEM_DEFINED_TRANSFORMATION ( 'NONE', 'NONE', #285,  #3811 ) ;
#2359 = FILL_AREA_STYLE_COLOUR ( '', #1868 ) ;
#2360 = DIRECTION ( 'NONE',  ( 0.0000000000000000000, 0.0000000000000000000, 1.000000000000000000 ) ) ;
#2361 = SURFACE_STYLE_USAGE ( .BOTH. , #231 ) ;
#2362 = PRESENTATION_LAYER_ASSIGNMENT (  '', '', ( #1939 ) ) ;
#2363 = VECTOR ( 'NONE', #1647, 100.0000000000000000 ) ;
#2364 = CARTESIAN_POINT ( 'NONE',  ( 0.01250000000000000600, 0.07010671878287430500, -0.07793842454154369100 ) ) ;
#2365 = SURFACE_SIDE_STYLE ('',( #2276 ) ) ;
#2366 = DIRECTION ( 'NONE',  ( 0.6875816551701148200, -0.2333729524753249700, 0.6875816551701150500 ) ) ;
#2367 = CARTESIAN_POINT ( 'NONE',  ( -0.3000000000000001600, 0.09749999999999994800, 0.3500000000000000900 ) ) ;
#2368 = ORIENTED_EDGE ( 'NONE', *, *, #620, .F. ) ;
#2369 = CARTESIAN_POINT ( 'NONE',  ( -0.01250000000000000100, 0.01909666767421789800, 9.486769009248163800E-017 ) ) ;
#2370 =( GEOMETRIC_REPRESENTATION_CONTEXT ( 3 ) GLOBAL_UNCERTAINTY_ASSIGNED_CONTEXT ( ( #1050 ) ) GLOBAL_UNIT_ASSIGNED_CONTEXT ( ( #125, #2256, #428 ) ) REPRESENTATION_CONTEXT ( 'NONE', 'WORKASPACE' ) );
#2371 = PRODUCT_DEFINITION_SHAPE ( 'NONE', 'NONE',  #3986 ) ;
#2372 = FACE_OUTER_BOUND ( 'NONE', #454, .T. ) ;
#2373 =( GEOMETRIC_REPRESENTATION_CONTEXT ( 3 ) GLOBAL_UNCERTAINTY_ASSIGNED_CONTEXT ( ( #3585 ) ) GLOBAL_UNIT_ASSIGNED_CONTEXT ( ( #1983, #161, #2297 ) ) REPRESENTATION_CONTEXT ( 'NONE', 'WORKASPACE' ) );
#2374 = CARTESIAN_POINT ( 'NONE',  ( -0.1749999999999999900, 0.0000000000000000000, -0.4500000000000000700 ) ) ;
#2375 = CARTESIAN_POINT ( 'NONE',  ( -0.01350000000000000000, 0.05402331069110310300, -0.0009999999999999050400 ) ) ;
#2376 = EDGE_CURVE ( 'NONE', #807, #4, #1519, .T. ) ;
#2377 = COLOUR_RGB ( '',0.1254901960784313700, 0.1254901960784313700, 0.1254901960784313700 ) ;
#2378 = UNCERTAINTY_MEASURE_WITH_UNIT (LENGTH_MEASURE( 1.000000000000000100E-005 ), #3373, 'distance_accuracy_value', 'NONE');
#2379 = ORIENTED_EDGE ( 'NONE', *, *, #3715, .F. ) ;
#2380 = DIRECTION ( 'NONE',  ( -2.710505431213765800E-015, 0.2606718782874311600, 0.9654274555191098000 ) ) ;
#2381 = CARTESIAN_POINT ( 'NONE',  ( 0.01350000000000000000, 0.02943061643074720800, -0.04727520294751601900 ) ) ;
#2382 = COLOUR_RGB ( '',0.7529411764705882200, 0.7529411764705882200, 0.7529411764705882200 ) ;
#2383 = CARTESIAN_POINT ( 'NONE',  ( 0.3350000000000000800, 0.1600000000000000300, 0.2937867965644030400 ) ) ;
#2384 = CARTESIAN_POINT ( 'NONE',  ( 0.01350000000000000000, 0.07036739066116171100, -0.07697299708602459200 ) ) ;
#2385 = CARTESIAN_POINT ( 'NONE',  ( 0.01349999999999999300, 0.01764979339251632500, -0.06334565658935605000 ) ) ;
#2386 = DIRECTION ( 'NONE',  ( 0.0000000000000000000, 1.084202172485501600E-014, -1.000000000000000000 ) ) ;
#2387 = ORIENTED_EDGE ( 'NONE', *, *, #3697, .T. ) ;
#2388 = LINE ( 'NONE', #3256, #41 ) ;
#2389 = FACE_OUTER_BOUND ( 'NONE', #3699, .T. ) ;
#2390 = COLOUR_RGB ( '',0.7529411764705882200, 0.7529411764705882200, 0.7529411764705882200 ) ;
#2391 = COLOUR_RGB ( '',0.1254901960784313700, 0.1254901960784313700, 0.1254901960784313700 ) ;
#2392 = DIRECTION ( 'NONE',  ( -7.893034146598111200E-032, -0.9654274555191101300, 0.2606718782874300500 ) ) ;
#2393 = AXIS2_PLACEMENT_3D ( 'NONE', #956, #1244, #3746 ) ;
#2394 = EDGE_LOOP ( 'NONE', ( #2542, #2926, #1192, #155 ) ) ;
#2395 = EDGE_LOOP ( 'NONE', ( #1808, #3800, #2854 ) ) ;
#2396 = DIRECTION ( 'NONE',  ( 0.0000000000000000000, -0.2606718782874311600, -0.9654274555191098000 ) ) ;
#2397 = CYLINDRICAL_SURFACE ( 'NONE', #3902, 0.0009999999999999982900 ) ;
#2399 = ORIENTED_EDGE ( 'NONE', *, *, #1124, .T. ) ;
#2398 = PRODUCT ( 'User Library-LQFP48_Grid_0.5_LQFP_PIN_2', 'User Library-LQFP48_Grid_0.5_LQFP_PIN_2', '', ( #51 ) ) ;
#2400 = FILL_AREA_STYLE_COLOUR ( '', #1396 ) ;
#2401 = MECHANICAL_DESIGN_GEOMETRIC_PRESENTATION_REPRESENTATION (  '', ( #1970 ), #2597 ) ;
#2402 =( NAMED_UNIT ( * ) PLANE_ANGLE_UNIT ( ) SI_UNIT ( $, .RADIAN. ) );
#2403 =( NAMED_UNIT ( * ) SI_UNIT ( $, .STERADIAN. ) SOLID_ANGLE_UNIT ( ) );
#2404 = STYLED_ITEM ( 'NONE', ( #2421 ), #2167 ) ;
#2405 =( LENGTH_UNIT ( ) NAMED_UNIT ( * ) SI_UNIT ( .CENTI., .METRE. ) );
#2406 = ORIENTED_EDGE ( 'NONE', *, *, #200, .F. ) ;
#2407 = UNCERTAINTY_MEASURE_WITH_UNIT (LENGTH_MEASURE( 1.000000000000000100E-005 ), #1953, 'distance_accuracy_value', 'NONE');
#2408 = EDGE_CURVE ( 'NONE', #807, #1136, #732, .T. ) ;
#2409 = DIRECTION ( 'NONE',  ( -1.000000000000000000, -0.0000000000000000000, -0.0000000000000000000 ) ) ;
#2410 = AXIS2_PLACEMENT_3D ( 'NONE', #2330, #509, #2644 ) ;
#2411 = AXIS2_PLACEMENT_3D ( 'NONE', #295, #116, #2127 ) ;
#2412 = ORIENTED_EDGE ( 'NONE', *, *, #410, .F. ) ;
#2413 = COLOUR_RGB ( '',0.1254901960784313700, 0.1254901960784313700, 0.1254901960784313700 ) ;
#2414 = CONTEXT_DEPENDENT_SHAPE_REPRESENTATION ( #3193, #3621 ) ;
#2415 = FILL_AREA_STYLE_COLOUR ( '', #2090 ) ;
#2416 = SURFACE_SIDE_STYLE ('',( #1759 ) ) ;
#2417 = PLANE ( 'NONE',  #695 ) ;
#2418 = ITEM_DEFINED_TRANSFORMATION ( 'NONE', 'NONE', #1979,  #3811 ) ;
#2419 = CARTESIAN_POINT ( 'NONE',  ( -0.01250000000000000100, 0.09650000000000000200, -0.1499999999999999900 ) ) ;
#2420 = VECTOR ( 'NONE', #1045, 100.0000000000000000 ) ;
#2421 = PRESENTATION_STYLE_ASSIGNMENT (( #1460 ) ) ;
#2422 = STYLED_ITEM ( 'NONE', ( #1540 ), #703 ) ;
#2423 = CARTESIAN_POINT ( 'NONE',  ( 0.01350000000000000000, 0.01909666767421790800, -0.0009999999999999102500 ) ) ;
#2424 = SURFACE_SIDE_STYLE ('',( #2197 ) ) ;
#2425 = CARTESIAN_POINT ( 'NONE',  ( 0.2937867965644038700, 0.01500000000000002400, -0.3349999999999999100 ) ) ;
#2426 = COLOUR_RGB ( '',0.1254901960784313700, 0.1254901960784313700, 0.1254901960784313700 ) ;
#2427 = CARTESIAN_POINT ( 'NONE',  ( -0.01308578643762690500, 0.09708578643762692800, -0.1499999999999999900 ) ) ;
#2428 = AXIS2_PLACEMENT_3D ( 'NONE', #1444, #3317, #855 ) ;
#2429 = MECHANICAL_DESIGN_GEOMETRIC_PRESENTATION_REPRESENTATION (  '', ( #1371 ), #2631 ) ;
#2430 = CARTESIAN_POINT ( 'NONE',  ( 0.01250000000000000100, 0.09650000000000001600, -0.1489999999999999900 ) ) ;
#2431 = PRESENTATION_STYLE_ASSIGNMENT (( #3893 ) ) ;
#2432 = EDGE_CURVE ( 'NONE', #1691, #3022, #3919, .T. ) ;
#2433 = VECTOR ( 'NONE', #3302, 100.0000000000000000 ) ;
#2434 = CIRCLE ( 'NONE', #1091, 0.001000000000000000000 ) ;
#2435 = CARTESIAN_POINT ( 'NONE',  ( 0.01250000000000000100, 0.01965446577196352700, 9.095859400351434000E-017 ) ) ;
#2436 = ORIENTED_EDGE ( 'NONE', *, *, #3782, .F. ) ;
#2437 = FILL_AREA_STYLE_COLOUR ( '', #1086 ) ;
#2438 = CARTESIAN_POINT ( 'NONE',  ( -0.01250000000000000100, 0.01909666767421789800, 9.348845657754235600E-017 ) ) ;
#2439 = FILL_AREA_STYLE_COLOUR ( '', #3316 ) ;
#2440 = ORIENTED_EDGE ( 'NONE', *, *, #3203, .F. ) ;
#2441 = FILL_AREA_STYLE_COLOUR ( '', #2096 ) ;
#2442 = FACE_OUTER_BOUND ( 'NONE', #1508, .T. ) ;
#2443 = DIRECTION ( 'NONE',  ( 0.0000000000000000000, -0.9654274555191098000, 0.2606718782874310500 ) ) ;
#2444 = DIRECTION ( 'NONE',  ( -1.000000000000000000, 0.0000000000000000000, -3.491483361109380100E-015 ) ) ;
#2445 = PRESENTATION_LAYER_ASSIGNMENT (  '', '', ( #2652 ) ) ;
#2446 =( LENGTH_UNIT ( ) NAMED_UNIT ( * ) SI_UNIT ( .CENTI., .METRE. ) );
#2447 = ORIENTED_EDGE ( 'NONE', *, *, #802, .F. ) ;
#2448 = ORIENTED_EDGE ( 'NONE', *, *, #3401, .T. ) ;
#2449 =( NAMED_UNIT ( * ) SI_UNIT ( $, .STERADIAN. ) SOLID_ANGLE_UNIT ( ) );
#2450 = AXIS2_PLACEMENT_3D ( 'NONE', #3850, #1985, #163 ) ;
#2451 = DIRECTION ( 'NONE',  ( -0.7071067811865471300, 0.0000000000000000000, 0.7071067811865480200 ) ) ;
#2452 = ORIENTED_EDGE ( 'NONE', *, *, #3759, .T. ) ;
#2453 = UNCERTAINTY_MEASURE_WITH_UNIT (LENGTH_MEASURE( 1.000000000000000100E-005 ), #1932, 'distance_accuracy_value', 'NONE');
#2454 = FILL_AREA_STYLE ('',( #1193 ) ) ;
#2455 = AXIS2_PLACEMENT_3D ( 'NONE', #1067, #3249, #1368 ) ;
#2456 = EDGE_CURVE ( 'NONE', #2486, #3847, #3184, .T. ) ;
#2457 = PRODUCT_DEFINITION_SHAPE ( 'NONE', 'NONE',  #3968 ) ;
#2458 = DIRECTION ( 'NONE',  ( -3.491483361109380100E-015, 0.0000000000000000000, 1.000000000000000000 ) ) ;
#2459 = PRODUCT_RELATED_PRODUCT_CATEGORY ( 'part', '', ( #2398 ) ) ;
#2460 =( LENGTH_UNIT ( ) NAMED_UNIT ( * ) SI_UNIT ( .CENTI., .METRE. ) );
#2461 = CONTEXT_DEPENDENT_SHAPE_REPRESENTATION ( #3799, #3510 ) ;
#2462 =( NAMED_UNIT ( * ) SI_UNIT ( $, .STERADIAN. ) SOLID_ANGLE_UNIT ( ) );
#2463 = ITEM_DEFINED_TRANSFORMATION ( 'NONE', 'NONE', #3735,  #3811 ) ;
#2464 = VERTEX_POINT ( 'NONE', #1975 ) ;
#2465 = CARTESIAN_POINT ( 'NONE',  ( -0.01250000000000000100, 0.09750000000000001700, -0.1489999999999999900 ) ) ;
#2466 = LINE ( 'NONE', #448, #2363 ) ;
#2467 =( LENGTH_UNIT ( ) NAMED_UNIT ( * ) SI_UNIT ( .CENTI., .METRE. ) );
#2468 = EDGE_CURVE ( 'NONE', #1054, #102, #2265, .T. ) ;
#2469 = CARTESIAN_POINT ( 'NONE',  ( 0.01250000000000000100, 0.09708578643762691400, -0.1499999999999999900 ) ) ;
#2470 = VERTEX_POINT ( 'NONE', #3234 ) ;
#2471 = CARTESIAN_POINT ( 'NONE',  ( -0.4500000000000000700, 0.0000000000000000000, 0.2250000000000000300 ) ) ;
#2472 = VECTOR ( 'NONE', #3057, 100.0000000000000000 ) ;
#2473 =( GEOMETRIC_REPRESENTATION_CONTEXT ( 3 ) GLOBAL_UNCERTAINTY_ASSIGNED_CONTEXT ( ( #1291 ) ) GLOBAL_UNIT_ASSIGNED_CONTEXT ( ( #1546, #3743, #1866 ) ) REPRESENTATION_CONTEXT ( 'NONE', 'WORKASPACE' ) );
#2474 = LINE ( 'NONE', #462, #1625 ) ;
#2475 = PRESENTATION_LAYER_ASSIGNMENT (  '', '', ( #2059 ) ) ;
#2476 = SURFACE_STYLE_USAGE ( .BOTH. , #333 ) ;
#2477 = CARTESIAN_POINT ( 'NONE',  ( 0.01350000000000002900, 0.02511249596446368100, -0.04550251769761892000 ) ) ;
#2478 = SURFACE_STYLE_FILL_AREA ( #2782 ) ;
#2479 = AXIS2_PLACEMENT_3D ( 'NONE', #3529, #1629, #3829 ) ;
#2480 = STYLED_ITEM ( 'NONE', ( #3453 ), #3131 ) ;
#2481 = SURFACE_SIDE_STYLE ('',( #2079 ) ) ;
#2482 = VERTEX_POINT ( 'NONE', #2317 ) ;
#2483 =( NAMED_UNIT ( * ) SI_UNIT ( $, .STERADIAN. ) SOLID_ANGLE_UNIT ( ) );
#2484 = LINE ( 'NONE', #2702, #3324 ) ;
#2485 = CARTESIAN_POINT ( 'NONE',  ( 0.01308578643762690500, 0.07749999999999999900, -0.1495857864376269100 ) ) ;
#2486 = VERTEX_POINT ( 'NONE', #3263 ) ;
#2487 = VERTEX_POINT ( 'NONE', #1676 ) ;
#2488 = PLANE ( 'NONE',  #3085 ) ;
#2489 = ORIENTED_EDGE ( 'NONE', *, *, #1374, .F. ) ;
#2490 = SURFACE_SIDE_STYLE ('',( #2722 ) ) ;
#2491 = ADVANCED_FACE ( 'NONE', ( #640 ), #3251, .T. ) ;
#2492 = CARTESIAN_POINT ( 'NONE',  ( -0.01349999999999999800, 0.001063031307206659900, -0.0004142135623730958700 ) ) ;
#2493 = APPLICATION_PROTOCOL_DEFINITION ( 'draft international standard', 'automotive_design', 1998, #2790 ) ;
#2494 = STYLED_ITEM ( 'NONE', ( #572 ), #658 ) ;
#2495 = ORIENTED_EDGE ( 'NONE', *, *, #3203, .T. ) ;
#2496 = CYLINDRICAL_SURFACE ( 'NONE', #2428, 0.001000000000000000000 ) ;
#2497 = ORIENTED_EDGE ( 'NONE', *, *, #2166, .F. ) ;
#2498 = UNCERTAINTY_MEASURE_WITH_UNIT (LENGTH_MEASURE( 1.000000000000000100E-005 ), #2787, 'distance_accuracy_value', 'NONE');
#2499 = FILL_AREA_STYLE ('',( #1215 ) ) ;
#2500 = CIRCLE ( 'NONE', #3640, 0.001000000000000002600 ) ;
#2501 = STYLED_ITEM ( 'NONE', ( #2645 ), #3504 ) ;
#2502 = DIRECTION ( 'NONE',  ( 0.0000000000000000000, -0.9981347984218670300, -0.06104853953485690800 ) ) ;
#2503 = AXIS2_PLACEMENT_3D ( 'NONE', #1418, #3615, #1728 ) ;
#2504 = VERTEX_POINT ( 'NONE', #2217 ) ;
#2505 = EDGE_CURVE ( 'NONE', #1259, #3458, #357, .T. ) ;
#2506 = CONTEXT_DEPENDENT_SHAPE_REPRESENTATION ( #388, #2649 ) ;
#2507 = CARTESIAN_POINT ( 'NONE',  ( 0.01350000000000000000, 0.03202099878083229700, -0.0009999999999998445500 ) ) ;
#2508 = ADVANCED_FACE ( 'NONE', ( #1048 ), #226, .T. ) ;
#2509 = LINE ( 'NONE', #2893, #72 ) ;
#2510 = CARTESIAN_POINT ( 'NONE',  ( 0.3350000000000001900, 0.1600000000000000900, 0.2937867965644032100 ) ) ;
#2511 = DIRECTION ( 'NONE',  ( 0.0000000000000000000, 0.0000000000000000000, -1.000000000000000000 ) ) ;
#2512 = PRODUCT_DEFINITION_SHAPE ( 'NONE', 'NONE',  #3945 ) ;
#2513 = DIRECTION ( 'NONE',  ( -1.000000000000000000, 7.290249346361490000E-032, -3.279322939077849900E-032 ) ) ;
#2514 = SURFACE_STYLE_FILL_AREA ( #866 ) ;
#2515 =( REPRESENTATION_RELATIONSHIP ('NONE','NONE', #1095, #2743 ) REPRESENTATION_RELATIONSHIP_WITH_TRANSFORMATION ( #637 )SHAPE_REPRESENTATION_RELATIONSHIP( ) );
#2516 = UNCERTAINTY_MEASURE_WITH_UNIT (LENGTH_MEASURE( 1.000000000000000100E-005 ), #906, 'distance_accuracy_value', 'NONE');
#2517 = CARTESIAN_POINT ( 'NONE',  ( -0.01250000000000000100, 0.02258812557724539400, -0.04170442387598635700 ) ) ;
#2518 = COLOUR_RGB ( '',0.7529411764705882200, 0.7529411764705882200, 0.7529411764705882200 ) ;
#2519 = DIRECTION ( 'NONE',  ( -0.7071067811865475700, -9.300984204488123100E-017, -0.7071067811865475700 ) ) ;
#2520 = MECHANICAL_DESIGN_GEOMETRIC_PRESENTATION_REPRESENTATION (  '', ( #1465 ), #2726 ) ;
#2521 = MECHANICAL_DESIGN_GEOMETRIC_PRESENTATION_REPRESENTATION (  '', ( #2112 ), #2729 ) ;
#2522 = CARTESIAN_POINT ( 'NONE',  ( 0.01250000000000000200, 0.07749999999999999900, -0.07993465998166700300 ) ) ;
#2523 = CYLINDRICAL_SURFACE ( 'NONE', #2712, 0.001000000000000000000 ) ;
#2524 = VECTOR ( 'NONE', #1776, 100.0000000000000000 ) ;
#2525 =( LENGTH_UNIT ( ) NAMED_UNIT ( * ) SI_UNIT ( .CENTI., .METRE. ) );
#2526 = EDGE_CURVE ( 'NONE', #3119, #2528, #781, .T. ) ;
#2527 = FILL_AREA_STYLE ('',( #2210 ) ) ;
#2528 = VERTEX_POINT ( 'NONE', #2595 ) ;
#2529 = AXIS2_PLACEMENT_3D ( 'NONE', #3706, #1824, #9 ) ;
#2530 = MECHANICAL_DESIGN_GEOMETRIC_PRESENTATION_REPRESENTATION (  '', ( #2119 ), #2738 ) ;
#2531 = ADVANCED_FACE ( 'NONE', ( #3245 ), #758, .T. ) ;
#2532 = DIRECTION ( 'NONE',  ( 0.0000000000000000000, 4.743384504624081900E-015, -1.000000000000000000 ) ) ;
#2533 = ORIENTED_EDGE ( 'NONE', *, *, #2948, .F. ) ;
#2534 = FILL_AREA_STYLE ('',( #3134 ) ) ;
#2535 = ADVANCED_FACE ( 'NONE', ( #505 ), #3563, .T. ) ;
#2536 = CARTESIAN_POINT ( 'NONE',  ( -1.387778780781450000E-017, 0.09749999999999990600, 0.3499999999999999800 ) ) ;
#2537 = PRESENTATION_STYLE_ASSIGNMENT (( #3509 ) ) ;
#2538 = EDGE_LOOP ( 'NONE', ( #3898, #3787, #2590, #574 ) ) ;
#2539 = ORIENTED_EDGE ( 'NONE', *, *, #3506, .F. ) ;
#2540 = CARTESIAN_POINT ( 'NONE',  ( -0.2000000000000000100, 0.1600000000000000000, 0.2500000000000000000 ) ) ;
#2541 = EDGE_CURVE ( 'NONE', #2470, #508, #2388, .T. ) ;
#2542 = ORIENTED_EDGE ( 'NONE', *, *, #1870, .T. ) ;
#2543 = CARTESIAN_POINT ( 'NONE',  ( -0.01250000000000000100, 0.06750000000000000400, -0.08759269909673479700 ) ) ;
#2544 =( REPRESENTATION_RELATIONSHIP ('NONE','NONE', #1095, #2743 ) REPRESENTATION_RELATIONSHIP_WITH_TRANSFORMATION ( #2019 )SHAPE_REPRESENTATION_RELATIONSHIP( ) );
#2545 = PRESENTATION_LAYER_ASSIGNMENT (  '', '', ( #2339 ) ) ;
#2546 = CARTESIAN_POINT ( 'NONE',  ( 0.0000000000000000000, 0.0000000000000000000, 0.0000000000000000000 ) ) ;
#2547 = FILL_AREA_STYLE_COLOUR ( '', #2032 ) ;
#2548 = ADVANCED_FACE ( 'NONE', ( #3207 ), #2012, .T. ) ;
#2549 = PRESENTATION_LAYER_ASSIGNMENT (  '', '', ( #3550 ) ) ;
#2550 =( GEOMETRIC_REPRESENTATION_CONTEXT ( 3 ) GLOBAL_UNCERTAINTY_ASSIGNED_CONTEXT ( ( #2642 ) ) GLOBAL_UNIT_ASSIGNED_CONTEXT ( ( #15, #2150, #323 ) ) REPRESENTATION_CONTEXT ( 'NONE', 'WORKASPACE' ) );
#2551 = CARTESIAN_POINT ( 'NONE',  ( 0.01250000000000000100, 0.09750000000000001700, -0.07993465998166697500 ) ) ;
#2552 = ADVANCED_FACE ( 'NONE', ( #2093 ), #2523, .T. ) ;
#2553 = DIRECTION ( 'NONE',  ( 0.7071067811865476800, 0.0000000000000000000, -0.7071067811865474600 ) ) ;
#2554 = CONTEXT_DEPENDENT_SHAPE_REPRESENTATION ( #954, #1794 ) ;
#2555 = ORIENTED_EDGE ( 'NONE', *, *, #2456, .T. ) ;
#2556 = EDGE_CURVE ( 'NONE', #2504, #807, #3360, .T. ) ;
#2557 = CARTESIAN_POINT ( 'NONE',  ( 0.3350000000000000800, 0.01499999999999999100, -0.2937867965644039800 ) ) ;
#2558 = SURFACE_SIDE_STYLE ('',( #2628 ) ) ;
#2559 =( NAMED_UNIT ( * ) SI_UNIT ( $, .STERADIAN. ) SOLID_ANGLE_UNIT ( ) );
#2560 = CLOSED_SHELL ( 'NONE', ( #3114, #1002, #82, #1555, #1535, #1915, #2199, #3135, #399, #3457, #385, #1593, #1301, #678, #1233, #2167, #1280, #3504, #1275, #63, #109, #922, #3131, #3439, #1855, #985, #3176, #978, #3486, #3760, #3152, #1298, #381, #658, #2833, #362, #2219, #703, #958, #49, #404, #1576, #2552, #88, #3741, #2240, #2814, #3156, #2856, #2491 ) ) ;
#2561 = FILL_AREA_STYLE_COLOUR ( '', #3594 ) ;
#2562 = VECTOR ( 'NONE', #1891, 100.0000000000000000 ) ;
#2563 = FILL_AREA_STYLE ('',( #741 ) ) ;
#2564 = CYLINDRICAL_SURFACE ( 'NONE', #3747, 0.0009999999999999982900 ) ;
#2565 = UNCERTAINTY_MEASURE_WITH_UNIT (LENGTH_MEASURE( 1.000000000000000100E-005 ), #2328, 'distance_accuracy_value', 'NONE');
#2566 =( REPRESENTATION_RELATIONSHIP ('NONE','NONE', #1095, #2743 ) REPRESENTATION_RELATIONSHIP_WITH_TRANSFORMATION ( #3436 )SHAPE_REPRESENTATION_RELATIONSHIP( ) );
#2567 = CARTESIAN_POINT ( 'NONE',  ( 0.01350000000000000000, 0.07791421356237308900, -0.08759269909673478300 ) ) ;
#2568 = CARTESIAN_POINT ( 'NONE',  ( 0.0000000000000000000, 0.0000000000000000000, 0.0000000000000000000 ) ) ;
#2569 =( LENGTH_UNIT ( ) NAMED_UNIT ( * ) SI_UNIT ( .CENTI., .METRE. ) );
#2570 = FILL_AREA_STYLE_COLOUR ( '', #361 ) ;
#2571 = PRESENTATION_LAYER_ASSIGNMENT (  '', '', ( #2780 ) ) ;
#2572 = VECTOR ( 'NONE', #232, 100.0000000000000000 ) ;
#2573 = EDGE_CURVE ( 'NONE', #3593, #943, #1789, .T. ) ;
#2574 = LINE ( 'NONE', #3056, #242 ) ;
#2575 =( LENGTH_UNIT ( ) NAMED_UNIT ( * ) SI_UNIT ( .CENTI., .METRE. ) );
#2576 = DIRECTION ( 'NONE',  ( 0.0000000000000000000, 0.2606718782874311600, 0.9654274555191098000 ) ) ;
#2577 = ORIENTED_EDGE ( 'NONE', *, *, #452, .T. ) ;
#2578 = COLOUR_RGB ( '',0.7529411764705882200, 0.7529411764705882200, 0.7529411764705882200 ) ;
#2579 =( LENGTH_UNIT ( ) NAMED_UNIT ( * ) SI_UNIT ( .CENTI., .METRE. ) );
#2580 = CARTESIAN_POINT ( 'NONE',  ( 0.01250000000000000100, 0.02231665910769031400, -0.03726598633215441600 ) ) ;
#2581 = DIRECTION ( 'NONE',  ( -0.0000000000000000000, 1.000000000000000000, 4.760081218080361000E-015 ) ) ;
#2582 = CYLINDRICAL_SURFACE ( 'NONE', #344, 0.02000000000000001100 ) ;
#2583 = VERTEX_POINT ( 'NONE', #2353 ) ;
#2584 = VECTOR ( 'NONE', #389, 100.0000000000000000 ) ;
#2585 = CARTESIAN_POINT ( 'NONE',  ( 0.01350000000000000000, 0.02470831998509993900, -0.04600015128280545600 ) ) ;
#2586 = DIRECTION ( 'NONE',  ( 0.0000000000000000000, 0.0000000000000000000, 1.000000000000000000 ) ) ;
#2587 = CARTESIAN_POINT ( 'NONE',  ( -0.2000000000000000100, 0.1600000000000000000, 0.2000000000000000100 ) ) ;
#2588 = COLOUR_RGB ( '',0.7529411764705882200, 0.7529411764705882200, 0.7529411764705882200 ) ;
#2589 = DIRECTION ( 'NONE',  ( 0.0000000000000000000, 0.9654274555191101300, -0.2606718782874300500 ) ) ;
#2590 = ORIENTED_EDGE ( 'NONE', *, *, #3295, .F. ) ;
#2591 = STYLED_ITEM ( 'NONE', ( #3516 ), #82 ) ;
#2592 = ORIENTED_EDGE ( 'NONE', *, *, #2047, .T. ) ;
#2593 = FILL_AREA_STYLE ('',( #97 ) ) ;
#2594 = CARTESIAN_POINT ( 'NONE',  ( -0.01250000000000000100, 0.008955826027659950800, -0.06142727398090020600 ) ) ;
#2595 = CARTESIAN_POINT ( 'NONE',  ( -0.3350000000000001300, 0.1600000000000000900, 0.2937867965644032600 ) ) ;
#2596 = DIRECTION ( 'NONE',  ( -3.279322939077849900E-032, 0.0000000000000000000, 1.000000000000000000 ) ) ;
#2597 =( GEOMETRIC_REPRESENTATION_CONTEXT ( 3 ) GLOBAL_UNCERTAINTY_ASSIGNED_CONTEXT ( ( #3432 ) ) GLOBAL_UNIT_ASSIGNED_CONTEXT ( ( #3246, #1363, #3565 ) ) REPRESENTATION_CONTEXT ( 'NONE', 'WORKASPACE' ) );
#2598 = PRESENTATION_LAYER_ASSIGNMENT (  '', '', ( #2404 ) ) ;
#2599 = DIRECTION ( 'NONE',  ( 1.000000000000000000, 0.0000000000000000000, 0.0000000000000000000 ) ) ;
#2600 = VECTOR ( 'NONE', #519, 100.0000000000000000 ) ;
#2601 = EDGE_CURVE ( 'NONE', #828, #1637, #1685, .T. ) ;
#2602 = PRODUCT ( 'User Library-LQFP48_Grid_0.5_LQFP48_Koerper_2', 'User Library-LQFP48_Grid_0.5_LQFP48_Koerper_2', '', ( #656 ) ) ;
#2603 = CARTESIAN_POINT ( 'NONE',  ( 0.01250000000000000100, 0.09649999999999998900, -0.07993465998166700300 ) ) ;
#2604 = AXIS2_PLACEMENT_3D ( 'NONE', #799, #2960, #1096 ) ;
#2605 = MECHANICAL_DESIGN_GEOMETRIC_PRESENTATION_REPRESENTATION (  '', ( #2188 ), #2812 ) ;
#2606 = CARTESIAN_POINT ( 'NONE',  ( -0.01349999999999999800, 0.01780249144348783000, -0.06278012227940030200 ) ) ;
#2607 = LINE ( 'NONE', #849, #953 ) ;
#2608 = COLOUR_RGB ( '',0.7529411764705882200, 0.7529411764705882200, 0.7529411764705882200 ) ;
#2609 = EDGE_LOOP ( 'NONE', ( #405, #3225, #1997, #2399 ) ) ;
#2610 =( NAMED_UNIT ( * ) SI_UNIT ( $, .STERADIAN. ) SOLID_ANGLE_UNIT ( ) );
#2611 = CARTESIAN_POINT ( 'NONE',  ( -0.01250000000000000100, 0.07850000000000000000, -0.08759269909673479700 ) ) ;
#2612 = DIRECTION ( 'NONE',  ( 0.0000000000000000000, -4.743384504624081900E-015, 1.000000000000000000 ) ) ;
#2613 = SURFACE_STYLE_FILL_AREA ( #2038 ) ;
#2614 = CARTESIAN_POINT ( 'NONE',  ( 0.4500000000000000700, 0.0000000000000000000, 0.2750000000000000200 ) ) ;
#2615 = DIRECTION ( 'NONE',  ( 0.0000000000000000000, 0.9981347984218669200, 0.06104853953485683100 ) ) ;
#2616 = LINE ( 'NONE', #57, #965 ) ;
#2617 = COLOUR_RGB ( '',0.7529411764705882200, 0.7529411764705882200, 0.7529411764705882200 ) ;
#2618 = EDGE_LOOP ( 'NONE', ( #421, #316, #767, #1892 ) ) ;
#2619 = UNCERTAINTY_MEASURE_WITH_UNIT (LENGTH_MEASURE( 1.000000000000000100E-005 ), #157, 'distance_accuracy_value', 'NONE');
#2620 = SURFACE_STYLE_USAGE ( .BOTH. , #486 ) ;
#2621 = AXIS2_PLACEMENT_3D ( 'NONE', #890, #2366, #548 ) ;
#2622 =( NAMED_UNIT ( * ) SI_UNIT ( $, .STERADIAN. ) SOLID_ANGLE_UNIT ( ) );
#2623 = CARTESIAN_POINT ( 'NONE',  ( -0.01250000000000000100, 0.08271343756574851800, -0.06062611087128478400 ) ) ;
#2624 = ORIENTED_EDGE ( 'NONE', *, *, #3835, .T. ) ;
#2625 = DIRECTION ( 'NONE',  ( 1.000000000000000000, 0.0000000000000000000, -3.491483361109380100E-015 ) ) ;
#2626 = CARTESIAN_POINT ( 'NONE',  ( 0.01350000000000000000, 0.001063031307206659700, -0.0009999999999999956800 ) ) ;
#2627 = EDGE_LOOP ( 'NONE', ( #2495, #142, #2489, #3169 ) ) ;
#2628 = SURFACE_STYLE_FILL_AREA ( #416 ) ;
#2629 = FILL_AREA_STYLE ('',( #2318 ) ) ;
#2630 = MECHANICAL_DESIGN_GEOMETRIC_PRESENTATION_REPRESENTATION (  '', ( #2208 ), #2835 ) ;
#2631 =( GEOMETRIC_REPRESENTATION_CONTEXT ( 3 ) GLOBAL_UNCERTAINTY_ASSIGNED_CONTEXT ( ( #3536 ) ) GLOBAL_UNIT_ASSIGNED_CONTEXT ( ( #2134, #309, #2449 ) ) REPRESENTATION_CONTEXT ( 'NONE', 'WORKASPACE' ) );
#2632 = DIRECTION ( 'NONE',  ( 0.7071067811865476800, 0.0000000000000000000, 0.7071067811865474600 ) ) ;
#2633 = COLOUR_RGB ( '',0.7921568627450980000, 0.8196078431372548800, 0.9333333333333333500 ) ;
#2634 = EDGE_CURVE ( 'NONE', #2987, #337, #84, .T. ) ;
#2635 = CARTESIAN_POINT ( 'NONE',  ( -0.01350000000000000700, 0.07493898330378076500, -0.07881412152099071000 ) ) ;
#2636 = COLOUR_RGB ( '',0.1254901960784313700, 0.1254901960784313700, 0.1254901960784313700 ) ;
#2637 = ORIENTED_EDGE ( 'NONE', *, *, #99, .F. ) ;
#2638 =( LENGTH_UNIT ( ) NAMED_UNIT ( * ) SI_UNIT ( .CENTI., .METRE. ) );
#2639 = EDGE_LOOP ( 'NONE', ( #736, #3677, #3274, #2321 ) ) ;
#2640 =( NAMED_UNIT ( * ) SI_UNIT ( $, .STERADIAN. ) SOLID_ANGLE_UNIT ( ) );
#2641 = PRESENTATION_STYLE_ASSIGNMENT (( #3382 ) ) ;
#2642 = UNCERTAINTY_MEASURE_WITH_UNIT (LENGTH_MEASURE( 1.000000000000000100E-005 ), #15, 'distance_accuracy_value', 'NONE');
#2643 = ORIENTED_EDGE ( 'NONE', *, *, #2350, .T. ) ;
#2644 = DIRECTION ( 'NONE',  ( -3.491483361109380100E-015, 0.0000000000000000000, -1.000000000000000000 ) ) ;
#2645 = PRESENTATION_STYLE_ASSIGNMENT (( #189 ) ) ;
#2646 =( NAMED_UNIT ( * ) SI_UNIT ( $, .STERADIAN. ) SOLID_ANGLE_UNIT ( ) );
#2647 = FILL_AREA_STYLE ('',( #496 ) ) ;
#2648 = ITEM_DEFINED_TRANSFORMATION ( 'NONE', 'NONE', #3788,  #3811 ) ;
#2649 = PRODUCT_DEFINITION_SHAPE ( 'NONE', 'NONE',  #3961 ) ;
#2650 = FACE_OUTER_BOUND ( 'NONE', #1246, .T. ) ;
#2651 = DIRECTION ( 'NONE',  ( 1.000000000000000000, -7.290249346361490000E-032, 3.279322939077849900E-032 ) ) ;
#2652 = STYLED_ITEM ( 'NONE', ( #3523 ), #381 ) ;
#2653 = FILL_AREA_STYLE ('',( #1995 ) ) ;
#2654 =( LENGTH_UNIT ( ) NAMED_UNIT ( * ) SI_UNIT ( .CENTI., .METRE. ) );
#2655 = CARTESIAN_POINT ( 'NONE',  ( 0.3000000000000000400, 0.09749999999999992000, -0.3500000000000000300 ) ) ;
#2656 = DIRECTION ( 'NONE',  ( 0.0000000000000000000, -0.2606718782874311600, -0.9654274555191098000 ) ) ;
#2657 = COLOUR_RGB ( '',0.1254901960784313700, 0.1254901960784313700, 0.1254901960784313700 ) ;
#2658 = AXIS2_PLACEMENT_3D ( 'NONE', #2611, #773, #2928 ) ;
#2659 = AXIS2_PLACEMENT_3D ( 'NONE', #3873, #2004, #181 ) ;
#2660 = CARTESIAN_POINT ( 'NONE',  ( 0.2250000000000000300, 0.0000000000000000000, -0.4500000000000000700 ) ) ;
#2661 = CARTESIAN_POINT ( 'NONE',  ( 0.01250000000000000100, 0.001063031307206668200, 3.218725199566341300E-018 ) ) ;
#2662 = DIRECTION ( 'NONE',  ( 0.0000000000000000000, -1.000000000000000000, -3.500012889865530300E-030 ) ) ;
#2663 = EDGE_CURVE ( 'NONE', #2871, #1830, #3264, .T. ) ;
#2664 = VERTEX_POINT ( 'NONE', #2364 ) ;
#2665 =( NAMED_UNIT ( * ) PLANE_ANGLE_UNIT ( ) SI_UNIT ( $, .RADIAN. ) );
#2666 = PRODUCT_DEFINITION_FORMATION_WITH_SPECIFIED_SOURCE ( 'ANY', '', #2602, .NOT_KNOWN. ) ;
#2667 = CARTESIAN_POINT ( 'NONE',  ( -0.3350000000000000200, 0.01499999999999995800, -0.2937867965644039800 ) ) ;
#2668 =( LENGTH_UNIT ( ) NAMED_UNIT ( * ) SI_UNIT ( .CENTI., .METRE. ) );
#2669 = LINE ( 'NONE', #972, #1012 ) ;
#2670 = DIRECTION ( 'NONE',  ( 6.982966722218760200E-015, 0.0000000000000000000, -1.000000000000000000 ) ) ;
#2671 = FILL_AREA_STYLE ('',( #2359 ) ) ;
#2672 = COLOUR_RGB ( '',0.7529411764705882200, 0.7529411764705882200, 0.7529411764705882200 ) ;
#2673 = CARTESIAN_POINT ( 'NONE',  ( -0.3500000000000000300, 0.09749999999999992000, -0.2999999999999999900 ) ) ;
#2674 = EDGE_CURVE ( 'NONE', #2464, #938, #1580, .T. ) ;
#2675 = UNCERTAINTY_MEASURE_WITH_UNIT (LENGTH_MEASURE( 1.000000000000000100E-005 ), #1415, 'distance_accuracy_value', 'NONE');
#2676 =( NAMED_UNIT ( * ) PLANE_ANGLE_UNIT ( ) SI_UNIT ( $, .RADIAN. ) );
#2677 = CARTESIAN_POINT ( 'NONE',  ( 0.3500000000000000300, 0.07749999999999998600, 0.2999999999999999900 ) ) ;
#2678 = LINE ( 'NONE', #1634, #331 ) ;
#2679 = CARTESIAN_POINT ( 'NONE',  ( -0.3350000000000000800, 0.01499999999999999100, 0.2937867965644030400 ) ) ;
#2680 = DIRECTION ( 'NONE',  ( 0.2322901742829643600, -0.9678757261790229500, 0.09621774059402267400 ) ) ;
#2681 = VECTOR ( 'NONE', #542, 100.0000000000000300 ) ;
#2682 =( LENGTH_UNIT ( ) NAMED_UNIT ( * ) SI_UNIT ( .CENTI., .METRE. ) );
#2683 = CARTESIAN_POINT ( 'NONE',  ( 0.01250000000000000100, 0.07076165534555180200, -0.1489999999999999900 ) ) ;
#2684 = MECHANICAL_DESIGN_GEOMETRIC_PRESENTATION_REPRESENTATION (  '', ( #2059 ), #2889 ) ;
#2685 = CARTESIAN_POINT ( 'NONE',  ( -0.01308578643762690500, 0.02006074971341707100, -0.0003821937686116067300 ) ) ;
#2686 = EDGE_LOOP ( 'NONE', ( #3534, #3808, #119, #3187 ) ) ;
#2687 = SURFACE_SIDE_STYLE ('',( #571 ) ) ;
#2688 = DIRECTION ( 'NONE',  ( -1.000000000000000000, 0.0000000000000000000, -6.982966722218760200E-015 ) ) ;
#2689 = ORIENTED_EDGE ( 'NONE', *, *, #2948, .T. ) ;
#2690 = AXIS2_PLACEMENT_3D ( 'NONE', #1959, #141, #2277 ) ;
#2691 = AXIS2_PLACEMENT_3D ( 'NONE', #516, #2651, #803 ) ;
#2692 = VECTOR ( 'NONE', #2519, 100.0000000000000000 ) ;
#2693 = ORIENTED_EDGE ( 'NONE', *, *, #281, .T. ) ;
#2694 = DIRECTION ( 'NONE',  ( -7.893034146598111200E-032, -0.9654274555191101300, 0.2606718782874300500 ) ) ;
#2695 = CARTESIAN_POINT ( 'NONE',  ( 0.01349999999999999100, 0.003737690562862694500, -0.05432571326721978600 ) ) ;
#2696 = UNCERTAINTY_MEASURE_WITH_UNIT (LENGTH_MEASURE( 1.000000000000000100E-005 ), #1494, 'distance_accuracy_value', 'NONE');
#2697 = ORIENTED_EDGE ( 'NONE', *, *, #2251, .T. ) ;
#2698 =( BOUNDED_SURFACE ( )  B_SPLINE_SURFACE ( 3, 3, ( 
 ( #1510, #3082, #1219, #3409 ),
 ( #1520, #3727, #1847, #30 ),
 ( #2165, #338, #2477, #641 ),
 ( #2784, #925, #3091, #1230 ) ),
 .UNSPECIFIED., .F., .F., .F. ) 
 B_SPLINE_SURFACE_WITH_KNOTS ( ( 4, 4 ),
 ( 4, 4 ),
 ( 0.0000000000000000000, 1.000000000000000000 ),
 ( 0.0000000000000000000, 1.000000000000000000 ),
 .UNSPECIFIED. ) 
 GEOMETRIC_REPRESENTATION_ITEM ( )  RATIONAL_B_SPLINE_SURFACE ( (
 ( 1.000000000000000000, 0.8747560699726374400, 0.8747560699726374400, 1.000000000000000000),
 ( 0.8047378541243519500, 0.7039493226320316900, 0.7039493226320316900, 0.8047378541243519500),
 ( 0.8047378541243519500, 0.7039493226320316900, 0.7039493226320316900, 0.8047378541243519500),
 ( 1.000000000000000000, 0.8747560699726374400, 0.8747560699726374400, 1.000000000000000000) ) ) 
 REPRESENTATION_ITEM ( '' )  SURFACE ( )  );
#2699 = ITEM_DEFINED_TRANSFORMATION ( 'NONE', 'NONE', #1474,  #3811 ) ;
#2700 = FILL_AREA_STYLE_COLOUR ( '', #3247 ) ;
#2701 = AXIS2_PLACEMENT_3D ( 'NONE', #1582, #3783, #1907 ) ;
#2702 = CARTESIAN_POINT ( 'NONE',  ( 0.2999999999999999900, 0.09749999999999993400, 0.3500000000000000300 ) ) ;
#2703 = PRESENTATION_STYLE_ASSIGNMENT (( #3208 ) ) ;
#2704 = DIRECTION ( 'NONE',  ( 3.279322939077849900E-032, -0.0000000000000000000, -1.000000000000000000 ) ) ;
#2705 = SURFACE_SIDE_STYLE ('',( #1159 ) ) ;
#2706 = CARTESIAN_POINT ( 'NONE',  ( -0.3425000000000000300, 0.04624999999999999900, -0.3499999999999999800 ) ) ;
#2707 = LINE ( 'NONE', #261, #1777 ) ;
#2708 = SURFACE_STYLE_FILL_AREA ( #1590 ) ;
#2709 = ORIENTED_EDGE ( 'NONE', *, *, #2573, .T. ) ;
#2710 =( NAMED_UNIT ( * ) SI_UNIT ( $, .STERADIAN. ) SOLID_ANGLE_UNIT ( ) );
#2711 = AXIS2_PLACEMENT_3D ( 'NONE', #2941, #1078, #3258 ) ;
#2712 = AXIS2_PLACEMENT_3D ( 'NONE', #1698, #1357, #3286 ) ;
#2713 = PRODUCT_DEFINITION_CONTEXT ( 'detailed design', #2180, 'design' ) ;
#2714 = EDGE_CURVE ( 'NONE', #40, #536, #507, .T. ) ;
#2715 = VECTOR ( 'NONE', #3522, 100.0000000000000100 ) ;
#2716 = LINE ( 'NONE', #650, #1065 ) ;
#2717 =( LENGTH_UNIT ( ) NAMED_UNIT ( * ) SI_UNIT ( .CENTI., .METRE. ) );
#2718 = CARTESIAN_POINT ( 'NONE',  ( -0.2000000000000000100, 0.1499999999999999900, 0.1499999999999999900 ) ) ;
#2719 = ORIENTED_EDGE ( 'NONE', *, *, #3461, .F. ) ;
#2720 = FILL_AREA_STYLE_COLOUR ( '', #1490 ) ;
#2721 = FILL_AREA_STYLE ('',( #1918 ) ) ;
#2722 = SURFACE_STYLE_FILL_AREA ( #351 ) ;
#2723 = ORIENTED_EDGE ( 'NONE', *, *, #1608, .T. ) ;
#2724 = EDGE_LOOP ( 'NONE', ( #383, #2338, #1385, #259 ) ) ;
#2725 = CARTESIAN_POINT ( 'NONE',  ( 0.01350000000000000000, 0.01909666767421790100, -0.0009999999999999104700 ) ) ;
#2726 =( GEOMETRIC_REPRESENTATION_CONTEXT ( 3 ) GLOBAL_UNCERTAINTY_ASSIGNED_CONTEXT ( ( #319 ) ) GLOBAL_UNIT_ASSIGNED_CONTEXT ( ( #5, #2137, #314 ) ) REPRESENTATION_CONTEXT ( 'NONE', 'WORKASPACE' ) );
#2727 =( LENGTH_UNIT ( ) NAMED_UNIT ( * ) SI_UNIT ( .CENTI., .METRE. ) );
#2728 = CARTESIAN_POINT ( 'NONE',  ( 0.01250000000000000200, 0.07749999999999999900, -0.1489999999999999900 ) ) ;
#2729 =( GEOMETRIC_REPRESENTATION_CONTEXT ( 3 ) GLOBAL_UNCERTAINTY_ASSIGNED_CONTEXT ( ( #2818 ) ) GLOBAL_UNIT_ASSIGNED_CONTEXT ( ( #106, #2230, #406 ) ) REPRESENTATION_CONTEXT ( 'NONE', 'WORKASPACE' ) );
#2730 = VECTOR ( 'NONE', #1126, 100.0000000000000300 ) ;
#2731 = CARTESIAN_POINT ( 'NONE',  ( -0.01308578643762690500, 0.09750000000000001700, -0.1489999999999999400 ) ) ;
#2732 = CARTESIAN_POINT ( 'NONE',  ( -0.01250000000000000100, 0.07849999999999998600, -0.1499999999999999900 ) ) ;
#2733 = CARTESIAN_POINT ( 'NONE',  ( 0.01350000000000000000, 0.02131852430926842200, -0.03732703487168928500 ) ) ;
#2734 = ORIENTED_EDGE ( 'NONE', *, *, #3348, .F. ) ;
#2735 = EDGE_CURVE ( 'NONE', #3399, #541, #3148, .T. ) ;
#2736 = DIRECTION ( 'NONE',  ( 0.0000000000000000000, 1.000000000000000000, 0.0000000000000000000 ) ) ;
#2737 = AXIS2_PLACEMENT_3D ( 'NONE', #2142, #317, #2458 ) ;
#2738 =( GEOMETRIC_REPRESENTATION_CONTEXT ( 3 ) GLOBAL_UNCERTAINTY_ASSIGNED_CONTEXT ( ( #950 ) ) GLOBAL_UNIT_ASSIGNED_CONTEXT ( ( #3496, #1603, #3798 ) ) REPRESENTATION_CONTEXT ( 'NONE', 'WORKASPACE' ) );
#2739 = ORIENTED_EDGE ( 'NONE', *, *, #1105, .F. ) ;
#2740 = CONTEXT_DEPENDENT_SHAPE_REPRESENTATION ( #1036, #1135 ) ;
#2741 = LINE ( 'NONE', #2200, #1909 ) ;
#2742 = DIRECTION ( 'NONE',  ( -1.000000000000000000, -0.0000000000000000000, -0.0000000000000000000 ) ) ;
#2743 = SHAPE_REPRESENTATION ( 'User Library-LQFP48_Grid_0.5_LQFP_PIN_2', ( #3811 ), #826 ) ;
#2744 =( BOUNDED_SURFACE ( )  B_SPLINE_SURFACE ( 3, 3, ( 
 ( #2419, #1790, #1187, #2114 ),
 ( #291, #2427, #595, #2731 ),
 ( #881, #3045, #1182, #3369 ),
 ( #1484, #3689, #1807, #447 ) ),
 .UNSPECIFIED., .F., .F., .F. ) 
 B_SPLINE_SURFACE_WITH_KNOTS ( ( 4, 4 ),
 ( 4, 4 ),
 ( 0.0000000000000000000, 1.000000000000000000 ),
 ( 0.0000000000000000000, 1.000000000000000000 ),
 .UNSPECIFIED. ) 
 GEOMETRIC_REPRESENTATION_ITEM ( )  RATIONAL_B_SPLINE_SURFACE ( (
 ( 1.000000000000000000, 0.8047378541243624900, 0.8047378541243624900, 1.000000000000000000),
 ( 0.8047378541243649400, 0.6476030138606857500, 0.6476030138606857500, 0.8047378541243649400),
 ( 0.8047378541243649400, 0.6476030138606857500, 0.6476030138606857500, 0.8047378541243649400),
 ( 1.000000000000000000, 0.8047378541243624900, 0.8047378541243624900, 1.000000000000000000) ) ) 
 REPRESENTATION_ITEM ( '' )  SURFACE ( )  );
#2745 = ITEM_DEFINED_TRANSFORMATION ( 'NONE', 'NONE', #3239,  #3811 ) ;
#2746 = EDGE_CURVE ( 'NONE', #2871, #2832, #1488, .T. ) ;
#2747 = CARTESIAN_POINT ( 'NONE',  ( -0.4500000000000000700, 0.0000000000000000000, -0.1749999999999999900 ) ) ;
#2748 = EDGE_LOOP ( 'NONE', ( #1893, #3280, #3123, #243 ) ) ;
#2749 =( NAMED_UNIT ( * ) SI_UNIT ( $, .STERADIAN. ) SOLID_ANGLE_UNIT ( ) );
#2750 = PRESENTATION_STYLE_ASSIGNMENT (( #434 ) ) ;
#2751 = MECHANICAL_DESIGN_GEOMETRIC_PRESENTATION_REPRESENTATION (  '', ( #2339 ), #2967 ) ;
#2752 = PRESENTATION_LAYER_ASSIGNMENT (  '', '', ( #2133 ) ) ;
#2753 = CARTESIAN_POINT ( 'NONE',  ( -0.01350000000000000000, 0.09650000000000000200, -0.1489999999999999900 ) ) ;
#2754 = EDGE_LOOP ( 'NONE', ( #1857, #3106, #1853, #1704 ) ) ;
#2755 = CARTESIAN_POINT ( 'NONE',  ( -0.2268933982822019500, 0.1599999999999999800, -0.4018933982822019400 ) ) ;
#2756 = CIRCLE ( 'NONE', #942, 0.001000000000000002600 ) ;
#2757 = SURFACE_STYLE_USAGE ( .BOTH. , #617 ) ;
#2758 = VECTOR ( 'NONE', #3793, 100.0000000000000100 ) ;
#2759 = DIRECTION ( 'NONE',  ( -0.0000000000000000000, 0.2606718782874300500, 0.9654274555191101300 ) ) ;
#2760 = AXIS2_PLACEMENT_3D ( 'NONE', #2820, #960, #3125 ) ;
#2761 = CARTESIAN_POINT ( 'NONE',  ( 0.01350000000000000200, 0.09650000000000000200, -0.1490000000000000200 ) ) ;
#2762 = DIRECTION ( 'NONE',  ( -1.000000000000000000, 0.0000000000000000000, -3.491483361109380100E-015 ) ) ;
#2763 = EDGE_CURVE ( 'NONE', #536, #3905, #698, .T. ) ;
#2764 =( NAMED_UNIT ( * ) SI_UNIT ( $, .STERADIAN. ) SOLID_ANGLE_UNIT ( ) );
#2765 = SURFACE_STYLE_FILL_AREA ( #3351 ) ;
#2766 = SURFACE_STYLE_FILL_AREA ( #2454 ) ;
#2767 = CARTESIAN_POINT ( 'NONE',  ( 0.2321966991411010000, 0.1287500000000000000, -0.4071966991411010200 ) ) ;
#2768 = DIRECTION ( 'NONE',  ( 1.214306433183769900E-016, -1.000000000000000000, 0.0000000000000000000 ) ) ;
#2769 = SURFACE_SIDE_STYLE ('',( #38 ) ) ;
#2770 =( NAMED_UNIT ( * ) SI_UNIT ( $, .STERADIAN. ) SOLID_ANGLE_UNIT ( ) );
#2771 = CIRCLE ( 'NONE', #2177, 0.0009999999999999995900 ) ;
#2772 = CARTESIAN_POINT ( 'NONE',  ( 0.01250000000000000100, 0.09750000000000000300, -0.1489999999999999900 ) ) ;
#2773 = PRODUCT_DEFINITION_SHAPE ( 'NONE', 'NONE',  #3977 ) ;
#2774 = DIRECTION ( 'NONE',  ( -3.491483361109380100E-015, 0.0000000000000000000, 1.000000000000000000 ) ) ;
#2775 = ORIENTED_EDGE ( 'NONE', *, *, #1678, .F. ) ;
#2776 = SURFACE_STYLE_FILL_AREA ( #3520 ) ;
#2777 = ORIENTED_EDGE ( 'NONE', *, *, #307, .T. ) ;
#2778 = VECTOR ( 'NONE', #369, 100.0000000000000000 ) ;
#2779 =( NAMED_UNIT ( * ) PLANE_ANGLE_UNIT ( ) SI_UNIT ( $, .RADIAN. ) );
#2780 = STYLED_ITEM ( 'NONE', ( #349 ), #3457 ) ;
#2781 = ORIENTED_EDGE ( 'NONE', *, *, #1895, .T. ) ;
#2782 = FILL_AREA_STYLE ('',( #2152 ) ) ;
#2783 = STYLED_ITEM ( 'NONE', ( #3127 ), #2535 ) ;
#2784 = CARTESIAN_POINT ( 'NONE',  ( 0.01349999999999999800, 0.02131852430926839800, -0.03732703487168924400 ) ) ;
#2785 = EDGE_CURVE ( 'NONE', #973, #661, #182, .T. ) ;
#2786 = ORIENTED_EDGE ( 'NONE', *, *, #1197, .F. ) ;
#2787 =( LENGTH_UNIT ( ) NAMED_UNIT ( * ) SI_UNIT ( .CENTI., .METRE. ) );
#2788 = CARTESIAN_POINT ( 'NONE',  ( 0.3425000000000000300, 0.1287500000000000000, -0.3499999999999999800 ) ) ;
#2789 = LINE ( 'NONE', #1022, #1513 ) ;
#2790 = APPLICATION_CONTEXT ( 'automotive_design' ) ;
#2791 = CONTEXT_DEPENDENT_SHAPE_REPRESENTATION ( #1613, #1020 ) ;
#2792 = ADVANCED_FACE ( 'NONE', ( #2226 ), #3511, .F. ) ;
#2793 = UNCERTAINTY_MEASURE_WITH_UNIT (LENGTH_MEASURE( 1.000000000000000100E-005 ), #784, 'distance_accuracy_value', 'NONE');
#2794 = CARTESIAN_POINT ( 'NONE',  ( 0.01308578643762690500, 0.07849999999999998600, -0.1499999999999999900 ) ) ;
#2795 = ITEM_DEFINED_TRANSFORMATION ( 'NONE', 'NONE', #941,  #3811 ) ;
#2796 = DIRECTION ( 'NONE',  ( 0.0000000000000000000, 1.000000000000000000, -0.0000000000000000000 ) ) ;
#2797 =( LENGTH_UNIT ( ) NAMED_UNIT ( * ) SI_UNIT ( .CENTI., .METRE. ) );
#2798 = PRESENTATION_LAYER_ASSIGNMENT (  '', '', ( #2591 ) ) ;
#2799 = CARTESIAN_POINT ( 'NONE',  ( -0.01349999999999999600, 0.0004563598011974822000, -0.0006764295447135882400 ) ) ;
#2800 = LINE ( 'NONE', #1425, #273 ) ;
#2801 = ORIENTED_EDGE ( 'NONE', *, *, #3083, .F. ) ;
#2802 = APPLICATION_CONTEXT ( 'automotive_design' ) ;
#2803 = LINE ( 'NONE', #2904, #3653 ) ;
#2804 = STYLED_ITEM ( 'NONE', ( #888 ), #1254 ) ;
#2805 = PRESENTATION_STYLE_ASSIGNMENT (( #856 ) ) ;
#2806 = MECHANICAL_DESIGN_GEOMETRIC_PRESENTATION_REPRESENTATION (  '', ( #2404 ), #3017 ) ;
#2807 = SURFACE_STYLE_USAGE ( .BOTH. , #659 ) ;
#2808 = DIRECTION ( 'NONE',  ( 0.0000000000000000000, -1.626303258728256800E-015, -1.000000000000000000 ) ) ;
#2809 = FILL_AREA_STYLE_COLOUR ( '', #535 ) ;
#2810 = EDGE_CURVE ( 'NONE', #1525, #3757, #326, .T. ) ;
#2811 = AXIS2_PLACEMENT_3D ( 'NONE', #3278, #1394, #3595 ) ;
#2812 =( GEOMETRIC_REPRESENTATION_CONTEXT ( 3 ) GLOBAL_UNCERTAINTY_ASSIGNED_CONTEXT ( ( #1463 ) ) GLOBAL_UNIT_ASSIGNED_CONTEXT ( ( #8, #2141, #315 ) ) REPRESENTATION_CONTEXT ( 'NONE', 'WORKASPACE' ) );
#2813 = ADVANCED_BREP_SHAPE_REPRESENTATION ( '', ( #874, #3811 ), #826 ) ;
#2814 = ADVANCED_FACE ( 'NONE', ( #1839 ), #930, .T. ) ;
#2815 = CARTESIAN_POINT ( 'NONE',  ( -0.01350000000000000000, 0.09750000000000001700, -0.1489999999999999900 ) ) ;
#2816 = ORIENTED_EDGE ( 'NONE', *, *, #3645, .T. ) ;
#2817 = CYLINDRICAL_SURFACE ( 'NONE', #3879, 0.001000000000000002600 ) ;
#2818 = UNCERTAINTY_MEASURE_WITH_UNIT (LENGTH_MEASURE( 1.000000000000000100E-005 ), #106, 'distance_accuracy_value', 'NONE');
#2819 = CARTESIAN_POINT ( 'NONE',  ( 0.01350000000000000000, 0.01909666767421781100, -0.0009999999999999043900 ) ) ;
#2820 = CARTESIAN_POINT ( 'NONE',  ( 0.01250000000000000100, 0.02943061643074720200, -0.04727520294751599200 ) ) ;
#2821 = ORIENTED_EDGE ( 'NONE', *, *, #1951, .T. ) ;
#2822 = VECTOR ( 'NONE', #3211, 100.0000000000000000 ) ;
#2823 = DIRECTION ( 'NONE',  ( -3.279322939077849900E-032, 0.0000000000000000000, 1.000000000000000000 ) ) ;
#2824 = DIRECTION ( 'NONE',  ( -0.7071067811865476800, -0.0000000000000000000, -0.7071067811865474600 ) ) ;
#2825 = LINE ( 'NONE', #2425, #382 ) ;
#2826 =( REPRESENTATION_RELATIONSHIP ('NONE','NONE', #1095, #2743 ) REPRESENTATION_RELATIONSHIP_WITH_TRANSFORMATION ( #1326 )SHAPE_REPRESENTATION_RELATIONSHIP( ) );
#2827 = PRESENTATION_LAYER_ASSIGNMENT (  '', '', ( #2422 ) ) ;
#2828 = ORIENTED_EDGE ( 'NONE', *, *, #3005, .T. ) ;
#2829 = MECHANICAL_DESIGN_GEOMETRIC_PRESENTATION_REPRESENTATION (  '', ( #1786 ), #3037 ) ;
#2830 = DIRECTION ( 'NONE',  ( -1.000000000000000000, -0.0000000000000000000, -0.0000000000000000000 ) ) ;
#2831 = CARTESIAN_POINT ( 'NONE',  ( -0.01250000000000000100, 0.07076165534555180200, -0.1489999999999999900 ) ) ;
#2832 = VERTEX_POINT ( 'NONE', #1166 ) ;
#2833 = ADVANCED_FACE ( 'NONE', ( #1533 ), #3654, .T. ) ;
#2834 = DIRECTION ( 'NONE',  ( 1.000000000000000000, 0.0000000000000000000, 0.0000000000000000000 ) ) ;
#2835 =( GEOMETRIC_REPRESENTATION_CONTEXT ( 3 ) GLOBAL_UNCERTAINTY_ASSIGNED_CONTEXT ( ( #564 ) ) GLOBAL_UNIT_ASSIGNED_CONTEXT ( ( #2717, #865, #3029 ) ) REPRESENTATION_CONTEXT ( 'NONE', 'WORKASPACE' ) );
#2836 =( NAMED_UNIT ( * ) SI_UNIT ( $, .STERADIAN. ) SOLID_ANGLE_UNIT ( ) );
#2837 = PRESENTATION_LAYER_ASSIGNMENT (  '', '', ( #3048 ) ) ;
#2838 = COLOUR_RGB ( '',0.7921568627450980000, 0.8196078431372548800, 0.9333333333333333500 ) ;
#2839 = SURFACE_STYLE_USAGE ( .BOTH. , #688 ) ;
#2840 = ADVANCED_FACE ( 'NONE', ( #744 ), #3392, .T. ) ;
#2841 = PRODUCT_DEFINITION_SHAPE ( 'NONE', 'NONE',  #3954 ) ;
#2842 = SURFACE_STYLE_FILL_AREA ( #996 ) ;
#2843 = EDGE_CURVE ( 'NONE', #1070, #52, #3358, .T. ) ;
#2844 = CARTESIAN_POINT ( 'NONE',  ( 0.01350000000000000000, 0.009645797582824371500, -0.06057776031308205500 ) ) ;
#2845 = CONTEXT_DEPENDENT_SHAPE_REPRESENTATION ( #2227, #215 ) ;
#2846 = SURFACE_SIDE_STYLE ('',( #3617 ) ) ;
#2847 = COLOUR_RGB ( '',0.1254901960784313700, 0.1254901960784313700, 0.1254901960784313700 ) ;
#2848 = CARTESIAN_POINT ( 'NONE',  ( -0.01350000000000000000, 0.07850000000000000000, -0.07176527936397669700 ) ) ;
#2849 = ITEM_DEFINED_TRANSFORMATION ( 'NONE', 'NONE', #2690,  #3811 ) ;
#2850 = CARTESIAN_POINT ( 'NONE',  ( -0.01350000000000000000, 0.07850000000000000000, -0.1489999999999999900 ) ) ;
#2851 = ORIENTED_EDGE ( 'NONE', *, *, #609, .F. ) ;
#2852 = FILL_AREA_STYLE_COLOUR ( '', #472 ) ;
#2853 = FILL_AREA_STYLE_COLOUR ( '', #2636 ) ;
#2854 = ORIENTED_EDGE ( 'NONE', *, *, #2432, .T. ) ;
#2855 = AXIS2_PLACEMENT_3D ( 'NONE', #715, #111, #2253 ) ;
#2856 = ADVANCED_FACE ( 'NONE', ( #177 ), #1889, .T. ) ;
#2857 = DIRECTION ( 'NONE',  ( 0.0000000000000000000, 1.000000000000000000, 0.0000000000000000000 ) ) ;
#2858 = VECTOR ( 'NONE', #3685, 100.0000000000000000 ) ;
#2859 =( REPRESENTATION_RELATIONSHIP ('NONE','NONE', #1095, #2743 ) REPRESENTATION_RELATIONSHIP_WITH_TRANSFORMATION ( #2745 )SHAPE_REPRESENTATION_RELATIONSHIP( ) );
#2860 = ADVANCED_FACE ( 'NONE', ( #3791 ), #2184, .T. ) ;
#2861 = DIRECTION ( 'NONE',  ( 1.000000000000000000, 0.0000000000000000000, 0.0000000000000000000 ) ) ;
#2862 = FILL_AREA_STYLE_COLOUR ( '', #1372 ) ;
#2863 = STYLED_ITEM ( 'NONE', ( #1039 ), #1535 ) ;
#2864 = AXIS2_PLACEMENT_3D ( 'NONE', #788, #2946, #1082 ) ;
#2865 = CIRCLE ( 'NONE', #2132, 0.001000000000000002600 ) ;
#2866 = EDGE_CURVE ( 'NONE', #1089, #33, #1114, .T. ) ;
#2867 = CARTESIAN_POINT ( 'NONE',  ( 0.01308578643762691400, 0.09178621231786150700, -0.06307582081312639000 ) ) ;
#2868 = PRODUCT_RELATED_PRODUCT_CATEGORY ( 'part', '', ( #2602 ) ) ;
#2869 = FILL_AREA_STYLE_COLOUR ( '', #3078 ) ;
#2870 = UNCERTAINTY_MEASURE_WITH_UNIT (LENGTH_MEASURE( 1.000000000000000100E-005 ), #1610, 'distance_accuracy_value', 'NONE');
#2871 = VERTEX_POINT ( 'NONE', #2510 ) ;
#2872 =( LENGTH_UNIT ( ) NAMED_UNIT ( * ) SI_UNIT ( .CENTI., .METRE. ) );
#2873 = FILL_AREA_STYLE_COLOUR ( '', #2633 ) ;
#2874 = DIRECTION ( 'NONE',  ( -3.650806842377988600E-033, 0.2333729524753238900, 0.9723873019805175900 ) ) ;
#2875 = ORIENTED_EDGE ( 'NONE', *, *, #3860, .F. ) ;
#2876 = DIRECTION ( 'NONE',  ( 7.893034146598111200E-032, 0.9654274555191101300, -0.2606718782874300500 ) ) ;
#2877 = SHAPE_DEFINITION_REPRESENTATION ( #283, #2017 ) ;
#2878 = PRESENTATION_STYLE_ASSIGNMENT (( #1558 ) ) ;
#2879 = ORIENTED_EDGE ( 'NONE', *, *, #3386, .T. ) ;
#2880 = EDGE_CURVE ( 'NONE', #3757, #2832, #321, .T. ) ;
#2881 = VECTOR ( 'NONE', #3394, 100.0000000000000000 ) ;
#2882 = ORIENTED_EDGE ( 'NONE', *, *, #1207, .T. ) ;
#2883 = DIRECTION ( 'NONE',  ( 0.0000000000000000000, 0.0000000000000000000, -1.000000000000000000 ) ) ;
#2884 = DIRECTION ( 'NONE',  ( 1.000000000000000000, -8.519995717228704700E-034, 3.549998215511946200E-033 ) ) ;
#2885 = LINE ( 'NONE', #2070, #1226 ) ;
#2886 =( REPRESENTATION_RELATIONSHIP ('NONE','NONE', #1095, #2743 ) REPRESENTATION_RELATIONSHIP_WITH_TRANSFORMATION ( #158 )SHAPE_REPRESENTATION_RELATIONSHIP( ) );
#2887 = STYLED_ITEM ( 'NONE', ( #2878 ), #985 ) ;
#2888 = CARTESIAN_POINT ( 'NONE',  ( 0.01349999999999999800, 0.07493898330378073700, -0.07881412152099071000 ) ) ;
#2889 =( GEOMETRIC_REPRESENTATION_CONTEXT ( 3 ) GLOBAL_UNCERTAINTY_ASSIGNED_CONTEXT ( ( #2325 ) ) GLOBAL_UNIT_ASSIGNED_CONTEXT ( ( #1083, #3265, #1383 ) ) REPRESENTATION_CONTEXT ( 'NONE', 'WORKASPACE' ) );
#2890 = DIRECTION ( 'NONE',  ( 1.000000000000000000, 0.0000000000000000000, 0.0000000000000000000 ) ) ;
#2891 =( NAMED_UNIT ( * ) SI_UNIT ( $, .STERADIAN. ) SOLID_ANGLE_UNIT ( ) );
#2892 = PRODUCT_DEFINITION_SHAPE ( 'NONE', 'NONE',  #3988 ) ;
#2893 = CARTESIAN_POINT ( 'NONE',  ( 0.3350000000000000800, 0.1600000000000000300, -0.3499999999999999800 ) ) ;
#2894 = AXIS2_PLACEMENT_3D ( 'NONE', #446, #2586, #748 ) ;
#2895 = PRESENTATION_LAYER_ASSIGNMENT (  '', '', ( #2480 ) ) ;
#2896 =( NAMED_UNIT ( * ) SI_UNIT ( $, .STERADIAN. ) SOLID_ANGLE_UNIT ( ) );
#2897 = CARTESIAN_POINT ( 'NONE',  ( 0.01250000000000001100, 0.08271343756574851800, -0.06062611087128476400 ) ) ;
#2898 = CONTEXT_DEPENDENT_SHAPE_REPRESENTATION ( #2826, #3374 ) ;
#2899 =( NAMED_UNIT ( * ) SI_UNIT ( $, .STERADIAN. ) SOLID_ANGLE_UNIT ( ) );
#2900 = FILL_AREA_STYLE ('',( #469 ) ) ;
#2901 = CARTESIAN_POINT ( 'NONE',  ( -0.07499999999999999700, 0.0000000000000000000, 0.4500000000000000700 ) ) ;
#2902 = EDGE_LOOP ( 'NONE', ( #2436, #430, #2643, #3019 ) ) ;
#2903 = DIRECTION ( 'NONE',  ( 0.0000000000000000000, 0.0000000000000000000, -1.000000000000000000 ) ) ;
#2904 = CARTESIAN_POINT ( 'NONE',  ( 0.01250000000000001500, 0.001834878604514530300, -0.02999999999999999900 ) ) ;
#2905 = LINE ( 'NONE', #1522, #3740 ) ;
#2906 = CARTESIAN_POINT ( 'NONE',  ( 0.3500000000000000300, 0.07750000000000002700, 0.3000000000000001000 ) ) ;
#2907 = SURFACE_STYLE_USAGE ( .BOTH. , #756 ) ;
#2908 = PRESENTATION_STYLE_ASSIGNMENT (( #1694 ) ) ;
#2909 = CARTESIAN_POINT ( 'NONE',  ( -0.01308578643762690400, 0.002792561162511658500, -0.04565797141523438000 ) ) ;
#2910 = CARTESIAN_POINT ( 'NONE',  ( -0.4018933982822018900, 0.1600000000000001700, 0.2268933982822018400 ) ) ;
#2911 = PRESENTATION_LAYER_ASSIGNMENT (  '', '', ( #2494 ) ) ;
#2912 = CARTESIAN_POINT ( 'NONE',  ( 0.01250000000000000200, 0.001063031307206659900, -0.0009999999999999959000 ) ) ;
#2913 = CARTESIAN_POINT ( 'NONE',  ( -0.01250000000000000100, 0.02009480247263976900, -0.0009389514604650424400 ) ) ;
#2914 = MECHANICAL_DESIGN_GEOMETRIC_PRESENTATION_REPRESENTATION (  '', ( #3709 ), #3112 ) ;
#2915 = DIRECTION ( 'NONE',  ( 0.0000000000000000000, 0.0000000000000000000, 1.000000000000000000 ) ) ;
#2916 = DIRECTION ( 'NONE',  ( -1.000000000000000000, -0.0000000000000000000, -0.0000000000000000000 ) ) ;
#2917 = DIRECTION ( 'NONE',  ( -0.9723873019805177000, 0.2333729524753232200, 0.0000000000000000000 ) ) ;
#2918 = PRESENTATION_LAYER_ASSIGNMENT (  '', '', ( #2501 ) ) ;
#2919 = AXIS2_PLACEMENT_3D ( 'NONE', #554, #2694, #840 ) ;
#2920 = LINE ( 'NONE', #561, #3748 ) ;
#2921 = DIRECTION ( 'NONE',  ( 0.0000000000000000000, 1.000000000000000000, 0.0000000000000000000 ) ) ;
#2922 = LINE ( 'NONE', #3128, #1252 ) ;
#2923 = EDGE_CURVE ( 'NONE', #983, #3069, #613, .T. ) ;
#2924 =( BOUNDED_CURVE ( )  B_SPLINE_CURVE ( 3, ( #3141, #3472, #1964, #146 ),
 .UNSPECIFIED., .F., .F. ) 
 B_SPLINE_CURVE_WITH_KNOTS ( ( 4, 4 ),
 ( 0.0000000000000000000, 1.000000000000000000 ),
 .UNSPECIFIED. ) 
 CURVE ( )  GEOMETRIC_REPRESENTATION_ITEM ( )  RATIONAL_B_SPLINE_CURVE ( ( 1.000000000000000000, 0.8626246579231990900, 0.8626246579231990900, 1.000000000000000000 ) ) 
 REPRESENTATION_ITEM ( '' )  );
#2925 = DIRECTION ( 'NONE',  ( -0.6875816551701148200, -0.2333729524753249700, 0.6875816551701150500 ) ) ;
#2926 = ORIENTED_EDGE ( 'NONE', *, *, #3071, .T. ) ;
#2927 = CARTESIAN_POINT ( 'NONE',  ( 0.0000000000000000000, 0.1600000000000000000, -0.3499999999999999800 ) ) ;
#2928 = DIRECTION ( 'NONE',  ( -1.000000000000000000, 0.0000000000000000000, 0.0000000000000000000 ) ) ;
#2929 = SURFACE_STYLE_FILL_AREA ( #2308 ) ;
#2930 = SURFACE_SIDE_STYLE ('',( #379 ) ) ;
#2931 = CIRCLE ( 'NONE', #1142, 0.001000000000000002600 ) ;
#2932 = ORIENTED_EDGE ( 'NONE', *, *, #1570, .T. ) ;
#2933 = DIRECTION ( 'NONE',  ( -3.491483361109380100E-015, 0.0000000000000000000, -1.000000000000000000 ) ) ;
#2934 = DIRECTION ( 'NONE',  ( 0.9723873019805177000, -0.2333729524753232200, 0.0000000000000000000 ) ) ;
#2935 = ORIENTED_EDGE ( 'NONE', *, *, #1597, .F. ) ;
#2936 = MECHANICAL_DESIGN_GEOMETRIC_PRESENTATION_REPRESENTATION (  '', ( #1880 ), #3129 ) ;
#2937 = ORIENTED_EDGE ( 'NONE', *, *, #3612, .T. ) ;
#2938 =( NAMED_UNIT ( * ) PLANE_ANGLE_UNIT ( ) SI_UNIT ( $, .RADIAN. ) );
#2939 = FACE_OUTER_BOUND ( 'NONE', #3230, .T. ) ;
#2940 = DIRECTION ( 'NONE',  ( -0.6875816551701161600, -0.2333729524753219400, -0.6875816551701148200 ) ) ;
#2941 = CARTESIAN_POINT ( 'NONE',  ( -0.01350000000000000000, 0.01001868687056180200, 4.768976320238950800E-017 ) ) ;
#2942 = CARTESIAN_POINT ( 'NONE',  ( -0.01308578643762691100, 0.09749999999999998900, -0.07053698364643727600 ) ) ;
#2943 = PRESENTATION_LAYER_ASSIGNMENT (  '', '', ( #3140 ) ) ;
#2944 = CARTESIAN_POINT ( 'NONE',  ( 0.4500000000000000700, 0.0000000000000000000, 0.02500000000000000100 ) ) ;
#2945 = VERTEX_POINT ( 'NONE', #3470 ) ;
#2946 = DIRECTION ( 'NONE',  ( 7.893034146598111200E-032, 0.9654274555191101300, -0.2606718782874300500 ) ) ;
#2947 = SURFACE_STYLE_USAGE ( .BOTH. , #789 ) ;
#2948 = EDGE_CURVE ( 'NONE', #4, #2110, #2669, .T. ) ;
#2949 = CONTEXT_DEPENDENT_SHAPE_REPRESENTATION ( #3441, #2512 ) ;
#2950 = CARTESIAN_POINT ( 'NONE',  ( 0.2937867965644039800, 0.01500000000000003400, -0.3350000000000000200 ) ) ;
#2951 = AXIS2_PLACEMENT_3D ( 'NONE', #622, #2762, #910 ) ;
#2952 = VERTEX_POINT ( 'NONE', #1567 ) ;
#2953 = CARTESIAN_POINT ( 'NONE',  ( -0.01350000000000000500, 0.07791421356237307500, -0.08759269909673476900 ) ) ;
#2954 = FACE_OUTER_BOUND ( 'NONE', #1700, .T. ) ;
#2955 =( NAMED_UNIT ( * ) SI_UNIT ( $, .STERADIAN. ) SOLID_ANGLE_UNIT ( ) );
#2956 = DIRECTION ( 'NONE',  ( 0.0000000000000000000, 0.0000000000000000000, -1.000000000000000000 ) ) ;
#2957 = LINE ( 'NONE', #1677, #1285 ) ;
#2958 = ORIENTED_EDGE ( 'NONE', *, *, #902, .T. ) ;
#2959 = VECTOR ( 'NONE', #3040, 100.0000000000000000 ) ;
#2960 = DIRECTION ( 'NONE',  ( 1.000000000000000000, 0.0000000000000000000, -3.491483361109380100E-015 ) ) ;
#2961 = CARTESIAN_POINT ( 'NONE',  ( 0.01350000000000000000, 0.001063031307206659700, -0.0009999999999999956800 ) ) ;
#2962 = SURFACE_STYLE_USAGE ( .BOTH. , #801 ) ;
#2963 = EDGE_CURVE ( 'NONE', #3859, #541, #2924, .T. ) ;
#2964 = PLANE ( 'NONE',  #3941 ) ;
#2965 = SURFACE_STYLE_USAGE ( .BOTH. , #806 ) ;
#2966 =( NAMED_UNIT ( * ) SI_UNIT ( $, .STERADIAN. ) SOLID_ANGLE_UNIT ( ) );
#2967 =( GEOMETRIC_REPRESENTATION_CONTEXT ( 3 ) GLOBAL_UNCERTAINTY_ASSIGNED_CONTEXT ( ( #2516 ) ) GLOBAL_UNIT_ASSIGNED_CONTEXT ( ( #906, #3066, #1205 ) ) REPRESENTATION_CONTEXT ( 'NONE', 'WORKASPACE' ) );
#2968 = CARTESIAN_POINT ( 'NONE',  ( -0.01250000000000000100, 0.09650000000000001600, -0.1489999999999999900 ) ) ;
#2969 = FILL_AREA_STYLE_COLOUR ( '', #1442 ) ;
#2970 = MECHANICAL_DESIGN_GEOMETRIC_PRESENTATION_REPRESENTATION (  '', ( #2133 ), #3166 ) ;
#2971 = DIRECTION ( 'NONE',  ( -1.000000000000000000, 0.0000000000000000000, -6.982966722218760200E-015 ) ) ;
#2972 = CARTESIAN_POINT ( 'NONE',  ( 0.01250000000000000100, 2.737826534571271200E-005, -0.0004476306815889631300 ) ) ;
#2973 = EDGE_LOOP ( 'NONE', ( #1264, #93, #1146, #2781 ) ) ;
#2974 = COLOUR_RGB ( '',0.1254901960784313700, 0.1254901960784313700, 0.1254901960784313700 ) ;
#2975 = FILL_AREA_STYLE ('',( #2036 ) ) ;
#2976 = AXIS2_PLACEMENT_3D ( 'NONE', #682, #2830, #970 ) ;
#2977 = AXIS2_PLACEMENT_3D ( 'NONE', #1556, #3750, #1876 ) ;
#2978 = VECTOR ( 'NONE', #280, 100.0000000000000000 ) ;
#2979 = PRODUCT_DEFINITION_SHAPE ( 'NONE', 'NONE',  #3970 ) ;
#2980 = ORIENTED_EDGE ( 'NONE', *, *, #2746, .F. ) ;
#2981 = EDGE_CURVE ( 'NONE', #2832, #2984, #3403, .T. ) ;
#2982 = FILL_AREA_STYLE ('',( #2040 ) ) ;
#2983 =( NAMED_UNIT ( * ) SI_UNIT ( $, .STERADIAN. ) SOLID_ANGLE_UNIT ( ) );
#2984 = VERTEX_POINT ( 'NONE', #2906 ) ;
#2985 = DIRECTION ( 'NONE',  ( -0.7071067811865476800, -0.0000000000000000000, 0.7071067811865474600 ) ) ;
#2986 =( NAMED_UNIT ( * ) SI_UNIT ( $, .STERADIAN. ) SOLID_ANGLE_UNIT ( ) );
#2987 = VERTEX_POINT ( 'NONE', #1040 ) ;
#2988 = CARTESIAN_POINT ( 'NONE',  ( -0.02500000000000000100, 0.0000000000000000000, -0.4500000000000000700 ) ) ;
#2989 = CIRCLE ( 'NONE', #371, 0.02000000000000001100 ) ;
#2990 = MECHANICAL_DESIGN_GEOMETRIC_PRESENTATION_REPRESENTATION (  '', ( #1939 ), #3188 ) ;
#2991 = CARTESIAN_POINT ( 'NONE',  ( 0.01350000000000000000, 0.001063031307206666000, -0.0009999999999999835400 ) ) ;
#2992 = CARTESIAN_POINT ( 'NONE',  ( 0.01250000000000000100, 0.004202741360954140100, -0.05233380561562840000 ) ) ;
#2993 = DIRECTION ( 'NONE',  ( -1.000000000000000000, -0.0000000000000000000, -0.0000000000000000000 ) ) ;
#2994 =( NAMED_UNIT ( * ) SI_UNIT ( $, .STERADIAN. ) SOLID_ANGLE_UNIT ( ) );
#2995 = DIRECTION ( 'NONE',  ( -1.750006444932765500E-030, 1.000000000000000000, 1.750006444932764800E-030 ) ) ;
#2996 = LINE ( 'NONE', #1904, #2290 ) ;
#2997 = CARTESIAN_POINT ( 'NONE',  ( -0.01308578643762690500, 0.01909666767421789500, 9.486769009248163800E-017 ) ) ;
#2998 = FILL_AREA_STYLE ('',( #2441 ) ) ;
#2999 = AXIS2_PLACEMENT_3D ( 'NONE', #731, #1611, #2883 ) ;
#3000 = UNCERTAINTY_MEASURE_WITH_UNIT (LENGTH_MEASURE( 1.000000000000000100E-005 ), #2086, 'distance_accuracy_value', 'NONE');
#3001 = AXIS2_PLACEMENT_3D ( 'NONE', #771, #2925, #1059 ) ;
#3002 = COLOUR_RGB ( '',0.7529411764705882200, 0.7529411764705882200, 0.7529411764705882200 ) ;
#3003 = DIRECTION ( 'NONE',  ( 6.982966722218760200E-015, 0.0000000000000000000, -1.000000000000000000 ) ) ;
#3004 = CARTESIAN_POINT ( 'NONE',  ( -0.01350000000000000000, 0.01909666767421782500, -0.0009999999999999000600 ) ) ;
#3005 = EDGE_CURVE ( 'NONE', #1988, #2482, #127, .T. ) ;
#3006 = ORIENTED_EDGE ( 'NONE', *, *, #3794, .T. ) ;
#3007 = CARTESIAN_POINT ( 'NONE',  ( -0.01250000000000000100, 0.07036739066116175200, -0.07697299708602459200 ) ) ;
#3008 = DIRECTION ( 'NONE',  ( -0.7071067811865474600, -0.0000000000000000000, -0.7071067811865476800 ) ) ;
#3009 = CARTESIAN_POINT ( 'NONE',  ( 0.01350000000000000000, 0.01780249144348783000, -0.06278012227940030200 ) ) ;
#3010 = DIRECTION ( 'NONE',  ( -0.0000000000000000000, 1.000000000000000000, 0.0000000000000000000 ) ) ;
#3011 = MECHANICAL_DESIGN_GEOMETRIC_PRESENTATION_REPRESENTATION (  '', ( #2591 ), #3221 ) ;
#3012 = FILL_AREA_STYLE ('',( #2400 ) ) ;
#3013 = CARTESIAN_POINT ( 'NONE',  ( -0.01350000000000000000, 0.08271343756574851800, -0.06062611087128474300 ) ) ;
#3014 =( LENGTH_UNIT ( ) NAMED_UNIT ( * ) SI_UNIT ( .CENTI., .METRE. ) );
#3015 = FACE_OUTER_BOUND ( 'NONE', #101, .T. ) ;
#3016 = DIRECTION ( 'NONE',  ( 0.2333729524753232200, -0.9723873019805177000, 0.0000000000000000000 ) ) ;
#3017 =( GEOMETRIC_REPRESENTATION_CONTEXT ( 3 ) GLOBAL_UNCERTAINTY_ASSIGNED_CONTEXT ( ( #3042 ) ) GLOBAL_UNIT_ASSIGNED_CONTEXT ( ( #2446, #614, #2749 ) ) REPRESENTATION_CONTEXT ( 'NONE', 'WORKASPACE' ) );
#3018 = CARTESIAN_POINT ( 'NONE',  ( -6.331740687315350400E-018, 0.04624999999999999900, 0.3425000000000000300 ) ) ;
#3019 = ORIENTED_EDGE ( 'NONE', *, *, #1004, .F. ) ;
#3020 = EDGE_CURVE ( 'NONE', #3598, #2987, #1930, .T. ) ;
#3021 = VECTOR ( 'NONE', #2221, 100.0000000000000000 ) ;
#3022 = VERTEX_POINT ( 'NONE', #1340 ) ;
#3023 = DIRECTION ( 'NONE',  ( 1.000000000000000000, 0.0000000000000000000, 0.0000000000000000000 ) ) ;
#3024 = AXIS2_PLACEMENT_3D ( 'NONE', #1705, #3896, #2034 ) ;
#3025 = STYLED_ITEM ( 'NONE', ( #1237 ), #3176 ) ;
#3026 = VERTEX_POINT ( 'NONE', #2292 ) ;
#3027 = COLOUR_RGB ( '',0.1254901960784313700, 0.1254901960784313700, 0.1254901960784313700 ) ;
#3028 = FILL_AREA_STYLE_COLOUR ( '', #2672 ) ;
#3029 =( NAMED_UNIT ( * ) SI_UNIT ( $, .STERADIAN. ) SOLID_ANGLE_UNIT ( ) );
#3030 = SURFACE_SIDE_STYLE ('',( #2514 ) ) ;
#3031 = EDGE_LOOP ( 'NONE', ( #2100, #1719, #3337, #1216 ) ) ;
#3032 = CARTESIAN_POINT ( 'NONE',  ( -0.3499999999999999800, 0.09749999999999990600, -0.3499999999999999800 ) ) ;
#3033 = SURFACE_STYLE_USAGE ( .BOTH. , #868 ) ;
#3034 = ITEM_DEFINED_TRANSFORMATION ( 'NONE', 'NONE', #2737,  #3811 ) ;
#3035 = PRODUCT_DEFINITION_SHAPE ( 'NONE', 'NONE',  #3947 ) ;
#3036 = MECHANICAL_DESIGN_GEOMETRIC_PRESENTATION_REPRESENTATION (  '', ( #2422 ), #3257 ) ;
#3037 =( GEOMETRIC_REPRESENTATION_CONTEXT ( 3 ) GLOBAL_UNCERTAINTY_ASSIGNED_CONTEXT ( ( #1175 ) ) GLOBAL_UNIT_ASSIGNED_CONTEXT ( ( #3014, #1157, #3342 ) ) REPRESENTATION_CONTEXT ( 'NONE', 'WORKASPACE' ) );
#3038 = CARTESIAN_POINT ( 'NONE',  ( 0.01350000000000000000, 0.01966141385754046800, -0.0006380974885712549700 ) ) ;
#3039 =( NAMED_UNIT ( * ) SI_UNIT ( $, .STERADIAN. ) SOLID_ANGLE_UNIT ( ) );
#3040 = DIRECTION ( 'NONE',  ( -0.7071067811865475700, -9.300984204488123100E-017, 0.7071067811865475700 ) ) ;
#3041 = ORIENTED_EDGE ( 'NONE', *, *, #48, .F. ) ;
#3042 = UNCERTAINTY_MEASURE_WITH_UNIT (LENGTH_MEASURE( 1.000000000000000100E-005 ), #2446, 'distance_accuracy_value', 'NONE');
#3043 = CARTESIAN_POINT ( 'NONE',  ( -0.01350000000000000000, 0.07849999999999998600, -0.1489999999999999700 ) ) ;
#3044 = DIRECTION ( 'NONE',  ( -7.290249346361470300E-032, -1.000000000000000000, -4.760081218080360200E-015 ) ) ;
#3045 = CARTESIAN_POINT ( 'NONE',  ( -0.01350000000000000200, 0.09684314575050763400, -0.1495857864376269100 ) ) ;
#3046 = CARTESIAN_POINT ( 'NONE',  ( -0.01250000000000000100, 0.07749999999999999900, -0.1489999999999999900 ) ) ;
#3047 = PRESENTATION_LAYER_ASSIGNMENT (  '', '', ( #3267 ) ) ;
#3048 = STYLED_ITEM ( 'NONE', ( #1245 ), #2840 ) ;
#3049 = SURFACE_SIDE_STYLE ('',( #1201 ) ) ;
#3050 = VERTEX_POINT ( 'NONE', #159 ) ;
#3051 = EDGE_CURVE ( 'NONE', #345, #3383, #2474, .T. ) ;
#3052 = COLOUR_RGB ( '',0.7529411764705882200, 0.7529411764705882200, 0.7529411764705882200 ) ;
#3053 = FILL_AREA_STYLE ('',( #2437 ) ) ;
#3054 = CARTESIAN_POINT ( 'NONE',  ( -0.2000000000000000100, 0.1499999999999999900, 0.2000000000000000100 ) ) ;
#3055 = SURFACE_STYLE_FILL_AREA ( #3012 ) ;
#3056 = CARTESIAN_POINT ( 'NONE',  ( -0.01350000000000000000, 0.01780249144348780200, -0.06278012227940030200 ) ) ;
#3057 = DIRECTION ( 'NONE',  ( -0.0000000000000000000, -0.9654274555191101300, 0.2606718782874300500 ) ) ;
#3058 = DIRECTION ( 'NONE',  ( -3.491483361109380100E-015, 0.0000000000000000000, 1.000000000000000000 ) ) ;
#3059 = MECHANICAL_DESIGN_GEOMETRIC_PRESENTATION_REPRESENTATION (  '', ( #2652 ), #3283 ) ;
#3060 = DIRECTION ( 'NONE',  ( 0.0000000000000000000, 0.0000000000000000000, -1.000000000000000000 ) ) ;
#3061 = ORIENTED_EDGE ( 'NONE', *, *, #2319, .F. ) ;
#3062 = SURFACE_STYLE_FILL_AREA ( #2534 ) ;
#3063 = PRESENTATION_LAYER_ASSIGNMENT (  '', '', ( #2863 ) ) ;
#3064 = VERTEX_POINT ( 'NONE', #3862 ) ;
#3065 = PLANE ( 'NONE',  #3170 ) ;
#3066 =( NAMED_UNIT ( * ) PLANE_ANGLE_UNIT ( ) SI_UNIT ( $, .RADIAN. ) );
#3067 = STYLED_ITEM ( 'NONE', ( #3826 ), #2491 ) ;
#3068 = SURFACE_STYLE_FILL_AREA ( #3173 ) ;
#3069 = VERTEX_POINT ( 'NONE', #1994 ) ;
#3070 = CARTESIAN_POINT ( 'NONE',  ( 0.0000000000000000000, 0.01499999999999999900, 0.3350000000000000800 ) ) ;
#3071 = EDGE_CURVE ( 'NONE', #3905, #807, #1730, .T. ) ;
#3072 = CARTESIAN_POINT ( 'NONE',  ( 0.01350000000000000000, 0.09649999999999998900, -0.1495857864376269100 ) ) ;
#3073 = CARTESIAN_POINT ( 'NONE',  ( -0.4500000000000000700, 0.0000000000000000000, 0.07499999999999999700 ) ) ;
#3074 = ORIENTED_EDGE ( 'NONE', *, *, #394, .T. ) ;
#3075 = CARTESIAN_POINT ( 'NONE',  ( 0.3250000000000000100, 0.08749999999999999400, -0.3250000000000000100 ) ) ;
#3076 = CYLINDRICAL_SURFACE ( 'NONE', #1864, 0.01999999999999999700 ) ;
#3077 = DIRECTION ( 'NONE',  ( -0.7071067811865468000, 0.0000000000000000000, -0.7071067811865482400 ) ) ;
#3078 = COLOUR_RGB ( '',0.7529411764705882200, 0.7529411764705882200, 0.7529411764705882200 ) ;
#3079 = PRODUCT_DEFINITION_SHAPE ( 'NONE', 'NONE',  #3981 ) ;
#3080 =( LENGTH_UNIT ( ) NAMED_UNIT ( * ) SI_UNIT ( .CENTI., .METRE. ) );
#3081 = ITEM_DEFINED_TRANSFORMATION ( 'NONE', 'NONE', #483,  #3811 ) ;
#3082 = CARTESIAN_POINT ( 'NONE',  ( 0.01249999999999999900, 0.02258812557724537400, -0.04170442387598634300 ) ) ;
#3083 = EDGE_CURVE ( 'NONE', #915, #3636, #834, .T. ) ;
#3084 = DIRECTION ( 'NONE',  ( -1.000000000000000000, 0.0000000000000000000, -3.491483361109380100E-015 ) ) ;
#3085 = AXIS2_PLACEMENT_3D ( 'NONE', #360, #2502, #662 ) ;
#3086 = UNCERTAINTY_MEASURE_WITH_UNIT (LENGTH_MEASURE( 1.000000000000000100E-005 ), #2148, 'distance_accuracy_value', 'NONE');
#3087 = LINE ( 'NONE', #3900, #734 ) ;
#3088 = ORIENTED_EDGE ( 'NONE', *, *, #3860, .T. ) ;
#3089 = SURFACE_STYLE_USAGE ( .BOTH. , #924 ) ;
#3091 = CARTESIAN_POINT ( 'NONE',  ( 0.01349999999999999600, 0.02470831998509997700, -0.04600015128280549000 ) ) ;
#3090 = PRESENTATION_STYLE_ASSIGNMENT (( #3531 ) ) ;
#3092 = AXIS2_PLACEMENT_3D ( 'NONE', #2901, #1038, #3214 ) ;
#3093 = MECHANICAL_DESIGN_GEOMETRIC_PRESENTATION_REPRESENTATION (  '', ( #2480 ), #3326 ) ;
#3094 = ADVANCED_FACE ( 'NONE', ( #1836 ), #1071, .T. ) ;
#3095 =( NAMED_UNIT ( * ) SI_UNIT ( $, .STERADIAN. ) SOLID_ANGLE_UNIT ( ) );
#3096 = PRESENTATION_STYLE_ASSIGNMENT (( #546 ) ) ;
#3097 = DIRECTION ( 'NONE',  ( -0.2333729524753232200, 0.9723873019805177000, 0.0000000000000000000 ) ) ;
#3098 = APPLICATION_CONTEXT ( 'automotive_design' ) ;
#3099 = CARTESIAN_POINT ( 'NONE',  ( 0.01250000000000000100, 0.07749999999999998600, -0.1495857864376269100 ) ) ;
#3100 = VERTEX_POINT ( 'NONE', #1057 ) ;
#3101 = FILL_AREA_STYLE ('',( #2809 ) ) ;
#3102 =( NAMED_UNIT ( * ) SI_UNIT ( $, .STERADIAN. ) SOLID_ANGLE_UNIT ( ) );
#3103 = VECTOR ( 'NONE', #1780, 100.0000000000000000 ) ;
#3104 = CARTESIAN_POINT ( 'NONE',  ( -0.01349999999999999800, 0.001063031307206659900, -0.0009999999999999998000 ) ) ;
#3105 =( REPRESENTATION_RELATIONSHIP ('NONE','NONE', #1095, #2017 ) REPRESENTATION_RELATIONSHIP_WITH_TRANSFORMATION ( #2050 )SHAPE_REPRESENTATION_RELATIONSHIP( ) );
#3106 = ORIENTED_EDGE ( 'NONE', *, *, #1411, .F. ) ;
#3107 = ORIENTED_EDGE ( 'NONE', *, *, #3154, .F. ) ;
#3108 = MECHANICAL_DESIGN_GEOMETRIC_PRESENTATION_REPRESENTATION (  '', ( #2494 ), #3338 ) ;
#3109 =( BOUNDED_SURFACE ( )  B_SPLINE_SURFACE ( 3, 3, ( 
 ( #3205, #453, #2594, #757 ),
 ( #2909, #1043, #3224, #1345 ),
 ( #3546, #1655, #3845, #1981 ),
 ( #160, #2295, #465, #2606 ) ),
 .UNSPECIFIED., .F., .F., .F. ) 
 B_SPLINE_SURFACE_WITH_KNOTS ( ( 4, 4 ),
 ( 4, 4 ),
 ( 0.0000000000000000000, 1.000000000000000000 ),
 ( 0.0000000000000000000, 1.000000000000000000 ),
 .UNSPECIFIED. ) 
 GEOMETRIC_REPRESENTATION_ITEM ( )  RATIONAL_B_SPLINE_SURFACE ( (
 ( 1.000000000000000000, 0.8747560699726376600, 0.8747560699726376600, 1.000000000000000000),
 ( 0.8047378541243657100, 0.7039493226320439100, 0.7039493226320439100, 0.8047378541243657100),
 ( 0.8047378541243657100, 0.7039493226320439100, 0.7039493226320439100, 0.8047378541243657100),
 ( 1.000000000000000000, 0.8747560699726376600, 0.8747560699726376600, 1.000000000000000000) ) ) 
 REPRESENTATION_ITEM ( '' )  SURFACE ( )  );
#3110 = LINE ( 'NONE', #3460, #3021 ) ;
#3111 = ORIENTED_EDGE ( 'NONE', *, *, #3481, .T. ) ;
#3112 =( GEOMETRIC_REPRESENTATION_CONTEXT ( 3 ) GLOBAL_UNCERTAINTY_ASSIGNED_CONTEXT ( ( #839 ) ) GLOBAL_UNIT_ASSIGNED_CONTEXT ( ( #2029, #208, #2341 ) ) REPRESENTATION_CONTEXT ( 'NONE', 'WORKASPACE' ) );
#3113 = SURFACE_STYLE_FILL_AREA ( #3167 ) ;
#3114 = ADVANCED_FACE ( 'NONE', ( #1243 ), #791, .F. ) ;
#3115 =( NAMED_UNIT ( * ) PLANE_ANGLE_UNIT ( ) SI_UNIT ( $, .RADIAN. ) );
#3116 = FACE_OUTER_BOUND ( 'NONE', #3282, .T. ) ;
#3117 = FACE_OUTER_BOUND ( 'NONE', #492, .T. ) ;
#3118 = MECHANICAL_DESIGN_GEOMETRIC_PRESENTATION_REPRESENTATION (  '', ( #2501 ), #3345 ) ;
#3119 = VERTEX_POINT ( 'NONE', #3270 ) ;
#3120 = DIRECTION ( 'NONE',  ( 1.000000000000000000, 0.0000000000000000000, 0.0000000000000000000 ) ) ;
#3121 = AXIS2_PLACEMENT_3D ( 'NONE', #1760, #3688, #2081 ) ;
#3122 = EDGE_CURVE ( 'NONE', #263, #1070, #1782, .T. ) ;
#3123 = ORIENTED_EDGE ( 'NONE', *, *, #3372, .T. ) ;
#3124 = CONTEXT_DEPENDENT_SHAPE_REPRESENTATION ( #3525, #1844 ) ;
#3125 = DIRECTION ( 'NONE',  ( 0.0000000000000000000, -0.2606718782874362100, -0.9654274555191083600 ) ) ;
#3126 = ITEM_DEFINED_TRANSFORMATION ( 'NONE', 'NONE', #2187,  #3811 ) ;
#3127 = PRESENTATION_STYLE_ASSIGNMENT (( #1996 ) ) ;
#3128 = CARTESIAN_POINT ( 'NONE',  ( -0.01350000000000000000, 0.001063031307206661500, -0.001000000000000002600 ) ) ;
#3129 =( GEOMETRIC_REPRESENTATION_CONTEXT ( 3 ) GLOBAL_UNCERTAINTY_ASSIGNED_CONTEXT ( ( #1968 ) ) GLOBAL_UNIT_ASSIGNED_CONTEXT ( ( #34, #341, #2483 ) ) REPRESENTATION_CONTEXT ( 'NONE', 'WORKASPACE' ) );
#3130 = ORIENTED_EDGE ( 'NONE', *, *, #2235, .F. ) ;
#3131 = ADVANCED_FACE ( 'NONE', ( #959 ), #2964, .T. ) ;
#3132 = SURFACE_STYLE_FILL_AREA ( #129 ) ;
#3133 =( REPRESENTATION_RELATIONSHIP ('NONE','NONE', #1095, #2743 ) REPRESENTATION_RELATIONSHIP_WITH_TRANSFORMATION ( #2072 )SHAPE_REPRESENTATION_RELATIONSHIP( ) );
#3134 = FILL_AREA_STYLE_COLOUR ( '', #1404 ) ;
#3135 = ADVANCED_FACE ( 'NONE', ( #1481 ), #1927, .T. ) ;
#3136 = CARTESIAN_POINT ( 'NONE',  ( 0.0000000000000000000, 0.01499999999999999900, -0.3350000000000000200 ) ) ;
#3137 = ORIENTED_EDGE ( 'NONE', *, *, #2214, .F. ) ;
#3138 = FILL_AREA_STYLE_COLOUR ( '', #3828 ) ;
#3139 = STYLED_ITEM ( 'NONE', ( #2284 ), #1298 ) ;
#3140 = STYLED_ITEM ( 'NONE', ( #2315 ), #2223 ) ;
#3141 = CARTESIAN_POINT ( 'NONE',  ( -0.01350000000000000000, 0.09650000000000000200, -0.07993465998166700300 ) ) ;
#3142 = DIRECTION ( 'NONE',  ( 0.0000000000000000000, -0.9981347984218671400, -0.06104853953485450000 ) ) ;
#3143 = EDGE_CURVE ( 'NONE', #2470, #337, #2756, .T. ) ;
#3144 =( NAMED_UNIT ( * ) PLANE_ANGLE_UNIT ( ) SI_UNIT ( $, .RADIAN. ) );
#3145 = AXIS2_PLACEMENT_3D ( 'NONE', #3073, #1210, #3400 ) ;
#3146 = CARTESIAN_POINT ( 'NONE',  ( 0.01350000000000000000, 0.003790695960933514400, -0.04559692287569949700 ) ) ;
#3147 =( BOUNDED_SURFACE ( )  B_SPLINE_SURFACE ( 3, 3, ( 
 ( #3150, #402, #2517, #681 ),
 ( #2202, #378, #1562, #1758 ),
 ( #3301, #1416, #3614, #1727 ),
 ( #3914, #2052, #543, #233 ) ),
 .UNSPECIFIED., .F., .F., .F. ) 
 B_SPLINE_SURFACE_WITH_KNOTS ( ( 4, 4 ),
 ( 4, 4 ),
 ( 0.0000000000000000000, 1.000000000000000000 ),
 ( 0.0000000000000000000, 1.000000000000000000 ),
 .UNSPECIFIED. ) 
 GEOMETRIC_REPRESENTATION_ITEM ( )  RATIONAL_B_SPLINE_SURFACE ( (
 ( 1.000000000000000000, 0.8747560699726376600, 0.8747560699726376600, 1.000000000000000000),
 ( 0.8047378541243490600, 0.7039493226320293600, 0.7039493226320293600, 0.8047378541243490600),
 ( 0.8047378541243490600, 0.7039493226320293600, 0.7039493226320293600, 0.8047378541243490600),
 ( 1.000000000000000000, 0.8747560699726376600, 0.8747560699726376600, 1.000000000000000000) ) ) 
 REPRESENTATION_ITEM ( '' )  SURFACE ( )  );
#3148 = CIRCLE ( 'NONE', #2919, 0.0009999999999999982900 ) ;
#3149 = LINE ( 'NONE', #3032, #2333 ) ;
#3150 = CARTESIAN_POINT ( 'NONE',  ( -0.01250000000000000100, 0.02969128830903470400, -0.04630977549199689900 ) ) ;
#3151 = DIRECTION ( 'NONE',  ( -1.000000000000000000, -0.0000000000000000000, -0.0000000000000000000 ) ) ;
#3152 = ADVANCED_FACE ( 'NONE', ( #3600 ), #27, .T. ) ;
#3153 = ORIENTED_EDGE ( 'NONE', *, *, #1241, .T. ) ;
#3154 = EDGE_CURVE ( 'NONE', #2664, #102, #830, .T. ) ;
#3155 = FILL_AREA_STYLE ('',( #2852 ) ) ;
#3156 = ADVANCED_FACE ( 'NONE', ( #2372 ), #775, .T. ) ;
#3157 = SURFACE_SIDE_STYLE ('',( #1805 ) ) ;
#3158 = PRODUCT_DEFINITION_SHAPE ( 'NONE', 'NONE',  #3963 ) ;
#3159 = ORIENTED_EDGE ( 'NONE', *, *, #2009, .F. ) ;
#3160 = SURFACE_SIDE_STYLE ('',( #2842 ) ) ;
#3161 =( BOUNDED_CURVE ( )  B_SPLINE_CURVE ( 3, ( #3210, #1334, #3540, #1641 ),
 .UNSPECIFIED., .F., .F. ) 
 B_SPLINE_CURVE_WITH_KNOTS ( ( 4, 4 ),
 ( 0.0000000000000000000, 1.000000000000000000 ),
 .UNSPECIFIED. ) 
 CURVE ( )  GEOMETRIC_REPRESENTATION_ITEM ( )  RATIONAL_B_SPLINE_CURVE ( ( 1.000000000000000000, 0.8747560699726380000, 0.8747560699726380000, 1.000000000000000000 ) ) 
 REPRESENTATION_ITEM ( '' )  );
#3162 = ORIENTED_EDGE ( 'NONE', *, *, #518, .F. ) ;
#3163 =( REPRESENTATION_RELATIONSHIP ('NONE','NONE', #1095, #2743 ) REPRESENTATION_RELATIONSHIP_WITH_TRANSFORMATION ( #3491 )SHAPE_REPRESENTATION_RELATIONSHIP( ) );
#3164 = LINE ( 'NONE', #616, #811 ) ;
#3165 = CARTESIAN_POINT ( 'NONE',  ( 0.01350000000000000000, 0.003790695960933514400, -0.04559692287569949700 ) ) ;
#3166 =( GEOMETRIC_REPRESENTATION_CONTEXT ( 3 ) GLOBAL_UNCERTAINTY_ASSIGNED_CONTEXT ( ( #3606 ) ) GLOBAL_UNIT_ASSIGNED_CONTEXT ( ( #1631, #3832, #1962 ) ) REPRESENTATION_CONTEXT ( 'NONE', 'WORKASPACE' ) );
#3167 = FILL_AREA_STYLE ('',( #998 ) ) ;
#3168 = CARTESIAN_POINT ( 'NONE',  ( -0.2000000000000000100, 0.1600000000000000000, 0.2000000000000000100 ) ) ;
#3169 = ORIENTED_EDGE ( 'NONE', *, *, #2037, .T. ) ;
#3170 = AXIS2_PLACEMENT_3D ( 'NONE', #627, #2768, #1430 ) ;
#3171 = AXIS2_PLACEMENT_3D ( 'NONE', #2603, #768, #2921 ) ;
#3172 = CARTESIAN_POINT ( 'NONE',  ( 0.01308578643762691600, 0.09750000000000001700, -0.07993465998166696100 ) ) ;
#3173 = FILL_AREA_STYLE ('',( #1908 ) ) ;
#3174 = FACE_OUTER_BOUND ( 'NONE', #2130, .T. ) ;
#3175 = EDGE_CURVE ( 'NONE', #541, #599, #2905, .T. ) ;
#3176 = ADVANCED_FACE ( 'NONE', ( #3652 ), #3823, .T. ) ;
#3177 = CARTESIAN_POINT ( 'NONE',  ( 0.3000000000000001000, 0.09749999999999993400, 0.3500000000000000300 ) ) ;
#3178 = CONTEXT_DEPENDENT_SHAPE_REPRESENTATION ( #114, #1723 ) ;
#3179 =( NAMED_UNIT ( * ) SI_UNIT ( $, .STERADIAN. ) SOLID_ANGLE_UNIT ( ) );
#3180 = SURFACE_SIDE_STYLE ('',( #1802 ) ) ;
#3181 = ITEM_DEFINED_TRANSFORMATION ( 'NONE', 'NONE', #3940,  #3811 ) ;
#3182 = CARTESIAN_POINT ( 'NONE',  ( 0.3000000000000000400, 0.08749999999999999400, -0.3500000000000000300 ) ) ;
#3183 = CARTESIAN_POINT ( 'NONE',  ( -0.01250000000000000100, 0.07076165534555181600, -0.1499999999999999900 ) ) ;
#3184 = CIRCLE ( 'NONE', #2659, 0.0009999999999999998000 ) ;
#3185 = CARTESIAN_POINT ( 'NONE',  ( 0.01250000000000000100, 0.07749999999999999900, -0.08759269909673479700 ) ) ;
#3186 = DIRECTION ( 'NONE',  ( 7.893034146598111200E-032, 0.9654274555191101300, -0.2606718782874300500 ) ) ;
#3187 = ORIENTED_EDGE ( 'NONE', *, *, #902, .F. ) ;
#3188 =( GEOMETRIC_REPRESENTATION_CONTEXT ( 3 ) GLOBAL_UNCERTAINTY_ASSIGNED_CONTEXT ( ( #821 ) ) GLOBAL_UNIT_ASSIGNED_CONTEXT ( ( #1106, #3285, #1401 ) ) REPRESENTATION_CONTEXT ( 'NONE', 'WORKASPACE' ) );
#3189 = FILL_AREA_STYLE_COLOUR ( '', #1140 ) ;
#3190 = COLOUR_RGB ( '',0.7529411764705882200, 0.7529411764705882200, 0.7529411764705882200 ) ;
#3191 = CARTESIAN_POINT ( 'NONE',  ( -0.01250000000000000100, 0.02296667296251186900, -0.04789361891594905200 ) ) ;
#3192 = VECTOR ( 'NONE', #2876, 100.0000000000000000 ) ;
#3193 =( REPRESENTATION_RELATIONSHIP ('NONE','NONE', #1095, #2743 ) REPRESENTATION_RELATIONSHIP_WITH_TRANSFORMATION ( #860 )SHAPE_REPRESENTATION_RELATIONSHIP( ) );
#3194 = CARTESIAN_POINT ( 'NONE',  ( 0.01350000000000000000, 0.07850000000000000000, -0.08759269909673479700 ) ) ;
#3195 = SURFACE_STYLE_FILL_AREA ( #3253 ) ;
#3196 = DIRECTION ( 'NONE',  ( 0.0000000000000000000, 0.0000000000000000000, 1.000000000000000000 ) ) ;
#3197 = CARTESIAN_POINT ( 'NONE',  ( 0.01350000000000000000, 0.05402331069110310300, -0.07176527936397669700 ) ) ;
#3198 = FILL_AREA_STYLE ('',( #435 ) ) ;
#3199 = MECHANICAL_DESIGN_GEOMETRIC_PRESENTATION_REPRESENTATION (  '', ( #2780 ), #3417 ) ;
#3200 = PRESENTATION_LAYER_ASSIGNMENT (  '', '', ( #2783 ) ) ;
#3201 = SURFACE_STYLE_FILL_AREA ( #3380 ) ;
#3202 = PRESENTATION_STYLE_ASSIGNMENT (( #916 ) ) ;
#3203 = EDGE_CURVE ( 'NONE', #2486, #1462, #3350, .T. ) ;
#3204 = CARTESIAN_POINT ( 'NONE',  ( -0.01350000000000000000, 0.02139631543603630000, -0.02221850031226859900 ) ) ;
#3205 = CARTESIAN_POINT ( 'NONE',  ( -0.01250000000000000100, 0.002792561162511656300, -0.04565797141523438700 ) ) ;
#3206 = EDGE_LOOP ( 'NONE', ( #1903, #3107, #365, #1139 ) ) ;
#3207 = FACE_OUTER_BOUND ( 'NONE', #1162, .T. ) ;
#3208 = SURFACE_STYLE_USAGE ( .BOTH. , #861 ) ;
#3209 = DIRECTION ( 'NONE',  ( 0.0000000000000000000, 0.2606718782874311600, 0.9654274555191098000 ) ) ;
#3210 = CARTESIAN_POINT ( 'NONE',  ( -0.01350000000000000000, 0.003790695960933523000, -0.04559692287569951800 ) ) ;
#3211 = DIRECTION ( 'NONE',  ( -3.279322939077849900E-032, 0.0000000000000000000, 1.000000000000000000 ) ) ;
#3212 = SURFACE_STYLE_FILL_AREA ( #3313 ) ;
#3213 = FACE_OUTER_BOUND ( 'NONE', #3219, .T. ) ;
#3214 = DIRECTION ( 'NONE',  ( 1.000000000000000000, 0.0000000000000000000, 0.0000000000000000000 ) ) ;
#3215 = DIRECTION ( 'NONE',  ( -3.279322939077849900E-032, -0.0000000000000000000, 1.000000000000000000 ) ) ;
#3216 = ORIENTED_EDGE ( 'NONE', *, *, #68, .T. ) ;
#3217 = ORIENTED_EDGE ( 'NONE', *, *, #1278, .F. ) ;
#3218 = SURFACE_STYLE_FILL_AREA ( #2563 ) ;
#3219 = EDGE_LOOP ( 'NONE', ( #2775, #3130, #2174, #3476 ) ) ;
#3220 = DIRECTION ( 'NONE',  ( 0.2322901742829667800, 0.9678757261790238400, 0.09621774059401005900 ) ) ;
#3221 =( GEOMETRIC_REPRESENTATION_CONTEXT ( 3 ) GLOBAL_UNCERTAINTY_ASSIGNED_CONTEXT ( ( #831 ) ) GLOBAL_UNIT_ASSIGNED_CONTEXT ( ( #3773, #1914, #103 ) ) REPRESENTATION_CONTEXT ( 'NONE', 'WORKASPACE' ) );
#3222 =( NAMED_UNIT ( * ) PLANE_ANGLE_UNIT ( ) SI_UNIT ( $, .RADIAN. ) );
#3223 = UNCERTAINTY_MEASURE_WITH_UNIT (LENGTH_MEASURE( 1.000000000000000100E-005 ), #3353, 'distance_accuracy_value', 'NONE');
#3224 = CARTESIAN_POINT ( 'NONE',  ( -0.01308578643762690200, 0.008955826027659954300, -0.06142727398090020600 ) ) ;
#3225 = ORIENTED_EDGE ( 'NONE', *, *, #1473, .T. ) ;
#3226 = FILL_AREA_STYLE_COLOUR ( '', #495 ) ;
#3227 = DIRECTION ( 'NONE',  ( 0.0000000000000000000, 0.0000000000000000000, -1.000000000000000000 ) ) ;
#3228 = DIRECTION ( 'NONE',  ( 7.290249346361470300E-032, 1.000000000000000000, 6.938893903907230000E-015 ) ) ;
#3229 = PRESENTATION_LAYER_ASSIGNMENT (  '', '', ( #2804 ) ) ;
#3230 = EDGE_LOOP ( 'NONE', ( #689, #2693, #2190, #2689 ) ) ;
#3231 = PRESENTATION_LAYER_ASSIGNMENT (  '', '', ( #3444 ) ) ;
#3232 = CARTESIAN_POINT ( 'NONE',  ( 0.1749999999999999900, 0.0000000000000000000, 0.4500000000000000700 ) ) ;
#3233 = CYLINDRICAL_SURFACE ( 'NONE', #42, 0.0009999999999999982900 ) ;
#3234 = CARTESIAN_POINT ( 'NONE',  ( 0.01350000000000000000, 0.09649999999999998900, -0.1489999999999999900 ) ) ;
#3235 = EDGE_CURVE ( 'NONE', #1493, #2984, #170, .T. ) ;
#3236 = ORIENTED_EDGE ( 'NONE', *, *, #1570, .F. ) ;
#3237 = PRODUCT_DEFINITION_SHAPE ( 'NONE', 'NONE',  #3944 ) ;
#3238 = CARTESIAN_POINT ( 'NONE',  ( -0.01350000000000000000, 6.489650878479766900E-005, -0.001061048539534867900 ) ) ;
#3239 = AXIS2_PLACEMENT_3D ( 'NONE', #210, #2343, #525 ) ;
#3240 = CARTESIAN_POINT ( 'NONE',  ( -0.01250000000000000100, 0.07010671878287431900, -0.07793842454154371900 ) ) ;
#3241 = CONTEXT_DEPENDENT_SHAPE_REPRESENTATION ( #692, #900 ) ;
#3242 = FILL_AREA_STYLE_COLOUR ( '', #2847 ) ;
#3243 = DIRECTION ( 'NONE',  ( 0.0000000000000000000, -0.0000000000000000000, 1.000000000000000000 ) ) ;
#3244 = SURFACE_SIDE_STYLE ('',( #80 ) ) ;
#3245 = FACE_OUTER_BOUND ( 'NONE', #56, .T. ) ;
#3246 =( LENGTH_UNIT ( ) NAMED_UNIT ( * ) SI_UNIT ( .CENTI., .METRE. ) );
#3247 = COLOUR_RGB ( '',0.7529411764705882200, 0.7529411764705882200, 0.7529411764705882200 ) ;
#3248 = DIRECTION ( 'NONE',  ( 1.000000000000000000, 0.0000000000000000000, -3.491483361109380100E-015 ) ) ;
#3249 = DIRECTION ( 'NONE',  ( -1.000000000000000000, -0.0000000000000000000, -0.0000000000000000000 ) ) ;
#3250 = DIRECTION ( 'NONE',  ( 3.279322939077849900E-032, 1.625387360916020400E-016, -1.000000000000000000 ) ) ;
#3251 =( BOUNDED_SURFACE ( )  B_SPLINE_SURFACE ( 3, 3, ( 
 ( #2626, #2961, #1098, #3279 ),
 ( #1395, #3596, #1706, #3897 ),
 ( #2035, #212, #2344, #526 ),
 ( #2661, #814, #2972, #1112 ) ),
 .UNSPECIFIED., .F., .F., .F. ) 
 B_SPLINE_SURFACE_WITH_KNOTS ( ( 4, 4 ),
 ( 4, 4 ),
 ( 0.0000000000000000000, 1.000000000000000000 ),
 ( 0.0000000000000000000, 1.000000000000000000 ),
 .UNSPECIFIED. ) 
 GEOMETRIC_REPRESENTATION_ITEM ( )  RATIONAL_B_SPLINE_SURFACE ( (
 ( 1.000000000000000000, 0.7901219935508990700, 0.7901219935508990700, 1.000000000000000000),
 ( 0.8047378541243649400, 0.6358410775866157900, 0.6358410775866157900, 0.8047378541243649400),
 ( 0.8047378541243649400, 0.6358410775866157900, 0.6358410775866157900, 0.8047378541243649400),
 ( 1.000000000000000000, 0.7901219935508990700, 0.7901219935508990700, 1.000000000000000000) ) ) 
 REPRESENTATION_ITEM ( '' )  SURFACE ( )  );
#3252 = COLOUR_RGB ( '',0.1254901960784313700, 0.1254901960784313700, 0.1254901960784313700 ) ;
#3253 = FILL_AREA_STYLE ('',( #172 ) ) ;
#3254 = ORIENTED_EDGE ( 'NONE', *, *, #497, .F. ) ;
#3255 = CYLINDRICAL_SURFACE ( 'NONE', #3681, 0.0009999999999999995900 ) ;
#3256 = CARTESIAN_POINT ( 'NONE',  ( 0.01350000000000000000, 0.07076165534555180200, -0.1490000000000001900 ) ) ;
#3257 =( GEOMETRIC_REPRESENTATION_CONTEXT ( 3 ) GLOBAL_UNCERTAINTY_ASSIGNED_CONTEXT ( ( #364 ) ) GLOBAL_UNIT_ASSIGNED_CONTEXT ( ( #3637, #1744, #3931 ) ) REPRESENTATION_CONTEXT ( 'NONE', 'WORKASPACE' ) );
#3258 = DIRECTION ( 'NONE',  ( 0.0000000000000000000, -1.000000000000000000, -4.760081218080361000E-015 ) ) ;
#3259 = CARTESIAN_POINT ( 'NONE',  ( -0.01308578643762691200, 0.08271343756574853200, -0.06062611087128478400 ) ) ;
#3260 = CIRCLE ( 'NONE', #2658, 0.001000000000000000000 ) ;
#3261 = PRESENTATION_LAYER_ASSIGNMENT (  '', '', ( #3469 ) ) ;
#3262 = DIRECTION ( 'NONE',  ( -3.491483361109380100E-015, 0.0000000000000000000, -1.000000000000000000 ) ) ;
#3263 = CARTESIAN_POINT ( 'NONE',  ( 0.01250000000000000200, 0.02009480247263976600, -0.0009389514604650456900 ) ) ;
#3264 = LINE ( 'NONE', #3916, #794 ) ;
#3265 =( NAMED_UNIT ( * ) PLANE_ANGLE_UNIT ( ) SI_UNIT ( $, .RADIAN. ) );
#3266 = VECTOR ( 'NONE', #1456, 100.0000000000000000 ) ;
#3267 = STYLED_ITEM ( 'NONE', ( #586 ), #3778 ) ;
#3268 = AXIS2_PLACEMENT_3D ( 'NONE', #2753, #1186, #905 ) ;
#3269 = ORIENTED_EDGE ( 'NONE', *, *, #3348, .T. ) ;
#3270 = CARTESIAN_POINT ( 'NONE',  ( -0.2937867965644031000, 0.1600000000000000600, 0.3350000000000001300 ) ) ;
#3271 = EDGE_CURVE ( 'NONE', #337, #943, #2016, .T. ) ;
#3272 = CARTESIAN_POINT ( 'NONE',  ( -0.01350000000000000000, 0.07535741677482384000, -0.07832033755403751400 ) ) ;
#3273 = CARTESIAN_POINT ( 'NONE',  ( -6.938893903907229900E-018, 0.1287500000000000000, -0.3425000000000000300 ) ) ;
#3274 = ORIENTED_EDGE ( 'NONE', *, *, #497, .T. ) ;
#3275 = CARTESIAN_POINT ( 'NONE',  ( -0.01350000000000000000, 0.09650000000000000200, -0.1489999999999999700 ) ) ;
#3276 = FILL_AREA_STYLE_COLOUR ( '', #523 ) ;
#3277 = SURFACE_STYLE_FILL_AREA ( #3343 ) ;
#3278 = CARTESIAN_POINT ( 'NONE',  ( 0.4500000000000000700, 0.0000000000000000000, -0.2250000000000000300 ) ) ;
#3279 = CARTESIAN_POINT ( 'NONE',  ( 0.01350000000000000000, 0.001063031307206659700, -0.0009999999999999963300 ) ) ;
#3280 = ORIENTED_EDGE ( 'NONE', *, *, #2009, .T. ) ;
#3281 =( NAMED_UNIT ( * ) PLANE_ANGLE_UNIT ( ) SI_UNIT ( $, .RADIAN. ) );
#3282 = EDGE_LOOP ( 'NONE', ( #3088, #1177, #800, #3883 ) ) ;
#3283 =( GEOMETRIC_REPRESENTATION_CONTEXT ( 3 ) GLOBAL_UNCERTAINTY_ASSIGNED_CONTEXT ( ( #2407 ) ) GLOBAL_UNIT_ASSIGNED_CONTEXT ( ( #1953, #133, #2268 ) ) REPRESENTATION_CONTEXT ( 'NONE', 'WORKASPACE' ) );
#3284 = ORIENTED_EDGE ( 'NONE', *, *, #173, .T. ) ;
#3285 =( NAMED_UNIT ( * ) PLANE_ANGLE_UNIT ( ) SI_UNIT ( $, .RADIAN. ) );
#3286 = DIRECTION ( 'NONE',  ( 0.0000000000000000000, 0.0000000000000000000, -1.000000000000000000 ) ) ;
#3287 = DIRECTION ( 'NONE',  ( 0.0000000000000000000, -1.000000000000000000, 0.0000000000000000000 ) ) ;
#3288 = CARTESIAN_POINT ( 'NONE',  ( 0.01250000000000000100, 0.01754181956520040400, -0.06374554973491940200 ) ) ;
#3289 = SURFACE_SIDE_STYLE ('',( #763 ) ) ;
#3290 = MECHANICAL_DESIGN_GEOMETRIC_PRESENTATION_REPRESENTATION (  '', ( #2863 ), #3502 ) ;
#3291 = PRESENTATION_LAYER_ASSIGNMENT (  '', '', ( #3067 ) ) ;
#3292 = DIRECTION ( 'NONE',  ( 6.982966722218760200E-015, 0.0000000000000000000, -1.000000000000000000 ) ) ;
#3293 = VERTEX_POINT ( 'NONE', #380 ) ;
#3294 = SURFACE_STYLE_USAGE ( .BOTH. , #1113 ) ;
#3295 = EDGE_CURVE ( 'NONE', #3399, #3593, #3683, .T. ) ;
#3296 = CONTEXT_DEPENDENT_SHAPE_REPRESENTATION ( #1255, #81 ) ;
#3297 = DIRECTION ( 'NONE',  ( 0.0000000000000000000, -1.000000000000000000, 0.0000000000000000000 ) ) ;
#3298 = VERTEX_POINT ( 'NONE', #3452 ) ;
#3299 = SURFACE_STYLE_USAGE ( .BOTH. , #1116 ) ;
#3300 = LINE ( 'NONE', #3831, #1612 ) ;
#3301 = CARTESIAN_POINT ( 'NONE',  ( -0.01350000000000004000, 0.02958331448171877200, -0.04670966863756028500 ) ) ;
#3302 = DIRECTION ( 'NONE',  ( -0.0000000000000000000, 1.625387360916020400E-016, -1.000000000000000000 ) ) ;
#3303 = CARTESIAN_POINT ( 'NONE',  ( -0.01250000000000000100, 0.03229800709190899800, -0.03665550093680580000 ) ) ;
#3304 = CARTESIAN_POINT ( 'NONE',  ( -0.2321966991411010000, 0.1287500000000000000, -0.4071966991411010200 ) ) ;
#3305 = ORIENTED_EDGE ( 'NONE', *, *, #2186, .F. ) ;
#3306 = SURFACE_STYLE_FILL_AREA ( #1500 ) ;
#3307 = UNCERTAINTY_MEASURE_WITH_UNIT (LENGTH_MEASURE( 1.000000000000000100E-005 ), #2668, 'distance_accuracy_value', 'NONE');
#3308 = DIRECTION ( 'NONE',  ( -1.000000000000000000, 0.0000000000000000000, -6.982966722218760200E-015 ) ) ;
#3309 = EDGE_CURVE ( 'NONE', #2945, #345, #2741, .T. ) ;
#3310 = VECTOR ( 'NONE', #3220, 100.0000000000000100 ) ;
#3311 = PRODUCT_DEFINITION_SHAPE ( 'NONE', 'NONE',  #3979 ) ;
#3312 = CARTESIAN_POINT ( 'NONE',  ( -0.01350000000000000000, 0.08245276568746109900, -0.06159153832680390500 ) ) ;
#3313 = FILL_AREA_STYLE ('',( #984 ) ) ;
#3314 = CARTESIAN_POINT ( 'NONE',  ( -0.01250000000000000100, 0.01780249144348782300, -0.06278012227940034400 ) ) ;
#3315 = PRESENTATION_LAYER_ASSIGNMENT (  '', '', ( #2887 ) ) ;
#3316 = COLOUR_RGB ( '',0.1254901960784313700, 0.1254901960784313700, 0.1254901960784313700 ) ;
#3317 = DIRECTION ( 'NONE',  ( 7.290249346361470300E-032, 1.000000000000000000, 4.760081218080360200E-015 ) ) ;
#3318 = CARTESIAN_POINT ( 'NONE',  ( 0.01250000000000000100, 0.008955826027659945600, -0.06142727398090020600 ) ) ;
#3319 = SURFACE_SIDE_STYLE ('',( #752 ) ) ;
#3320 = STYLED_ITEM ( 'NONE', ( #1007 ), #1915 ) ;
#3321 = ORIENTED_EDGE ( 'NONE', *, *, #1085, .T. ) ;
#3322 = CARTESIAN_POINT ( 'NONE',  ( -0.01350000000000000000, 0.01966141385754046800, -0.0006380974885712505300 ) ) ;
#3323 = CARTESIAN_POINT ( 'NONE',  ( -0.2750000000000000200, 0.0000000000000000000, -0.4500000000000000700 ) ) ;
#3324 = VECTOR ( 'NONE', #1267, 100.0000000000000000 ) ;
#3325 = AXIS2_PLACEMENT_3D ( 'NONE', #1338, #3542, #1646 ) ;
#3326 =( GEOMETRIC_REPRESENTATION_CONTEXT ( 3 ) GLOBAL_UNCERTAINTY_ASSIGNED_CONTEXT ( ( #1712 ) ) GLOBAL_UNIT_ASSIGNED_CONTEXT ( ( #527, #2665, #817 ) ) REPRESENTATION_CONTEXT ( 'NONE', 'WORKASPACE' ) );
#3327 = ORIENTED_EDGE ( 'NONE', *, *, #674, .T. ) ;
#3328 = DIRECTION ( 'NONE',  ( 0.0000000000000000000, 0.2606718782874311600, 0.9654274555191098000 ) ) ;
#3329 = EDGE_LOOP ( 'NONE', ( #3254, #1860, #2149, #2024 ) ) ;
#3330 = DIRECTION ( 'NONE',  ( -1.000000000000000000, -0.0000000000000000000, -0.0000000000000000000 ) ) ;
#3331 = CARTESIAN_POINT ( 'NONE',  ( 0.01350000000000000200, 0.004306482253088103800, -0.05402995420898026200 ) ) ;
#3332 = FILL_AREA_STYLE_COLOUR ( '', #2094 ) ;
#3333 = PLANE ( 'NONE',  #670 ) ;
#3334 = EDGE_LOOP ( 'NONE', ( #2555, #3924, #2007, #2440 ) ) ;
#3335 = PRESENTATION_STYLE_ASSIGNMENT (( #579 ) ) ;
#3336 = CARTESIAN_POINT ( 'NONE',  ( -0.01350000000000000000, 0.03229800709190899800, -0.03665550093680580000 ) ) ;
#3337 = ORIENTED_EDGE ( 'NONE', *, *, #1411, .T. ) ;
#3338 =( GEOMETRIC_REPRESENTATION_CONTEXT ( 3 ) GLOBAL_UNCERTAINTY_ASSIGNED_CONTEXT ( ( #1223 ) ) GLOBAL_UNIT_ASSIGNED_CONTEXT ( ( #1598, #3795, #1923 ) ) REPRESENTATION_CONTEXT ( 'NONE', 'WORKASPACE' ) );
#3339 = STYLED_ITEM ( 'NONE', ( #1731 ), #1571 ) ;
#3340 = SURFACE_STYLE_USAGE ( .BOTH. , #1155 ) ;
#3341 = CARTESIAN_POINT ( 'NONE',  ( 0.3499999999999999800, 0.09749999999999990600, -0.2999999999999999900 ) ) ;
#3342 =( NAMED_UNIT ( * ) SI_UNIT ( $, .STERADIAN. ) SOLID_ANGLE_UNIT ( ) );
#3343 = FILL_AREA_STYLE ('',( #843 ) ) ;
#3344 = DIRECTION ( 'NONE',  ( 0.0000000000000000000, -0.9723873019805175900, -0.2333729524753238900 ) ) ;
#3345 =( GEOMETRIC_REPRESENTATION_CONTEXT ( 3 ) GLOBAL_UNCERTAINTY_ASSIGNED_CONTEXT ( ( #2565 ) ) GLOBAL_UNIT_ASSIGNED_CONTEXT ( ( #2328, #503, #2640 ) ) REPRESENTATION_CONTEXT ( 'NONE', 'WORKASPACE' ) );
#3346 = AXIS2_PLACEMENT_3D ( 'NONE', #566, #2704, #854 ) ;
#3347 = SURFACE_SIDE_STYLE ('',( #1667 ) ) ;
#3348 = EDGE_CURVE ( 'NONE', #3383, #3465, #3586, .T. ) ;
#3349 = VECTOR ( 'NONE', #3010, 100.0000000000000000 ) ;
#3350 = LINE ( 'NONE', #2189, #955 ) ;
#3351 = FILL_AREA_STYLE ('',( #3028 ) ) ;
#3352 = DIRECTION ( 'NONE',  ( 0.0000000000000000000, 0.9981347984218671400, 0.06104853953485450000 ) ) ;
#3353 =( LENGTH_UNIT ( ) NAMED_UNIT ( * ) SI_UNIT ( .CENTI., .METRE. ) );
#3354 = COLOUR_RGB ( '',0.7529411764705882200, 0.7529411764705882200, 0.7529411764705882200 ) ;
#3355 = UNCERTAINTY_MEASURE_WITH_UNIT (LENGTH_MEASURE( 1.000000000000000100E-005 ), #168, 'distance_accuracy_value', 'NONE');
#3356 = DIRECTION ( 'NONE',  ( 1.000000000000000000, 0.0000000000000000000, 0.0000000000000000000 ) ) ;
#3357 =( NAMED_UNIT ( * ) PLANE_ANGLE_UNIT ( ) SI_UNIT ( $, .RADIAN. ) );
#3358 = LINE ( 'NONE', #3723, #964 ) ;
#3359 = VECTOR ( 'NONE', #1023, 100.0000000000000000 ) ;
#3360 = LINE ( 'NONE', #1402, #969 ) ;
#3361 = LINE ( 'NONE', #2117, #3266 ) ;
#3362 = CARTESIAN_POINT ( 'NONE',  ( 0.01350000000000000000, 0.01909666767421789500, -0.0004142135623730048500 ) ) ;
#3363 = AXIS2_PLACEMENT_3D ( 'NONE', #618, #2759, #908 ) ;
#3364 = CARTESIAN_POINT ( 'NONE',  ( -0.3250000000000000100, 0.08749999999999999400, 0.3250000000000000100 ) ) ;
#3365 = CARTESIAN_POINT ( 'NONE',  ( -1.387778780781450000E-017, 0.09749999999999990600, -0.3499999999999999800 ) ) ;
#3366 = CARTESIAN_POINT ( 'NONE',  ( -0.01350000000000000000, 0.07849999999999998600, -0.1489999999999999900 ) ) ;
#3367 = FILL_AREA_STYLE ('',( #2720 ) ) ;
#3368 = AXIS2_PLACEMENT_3D ( 'NONE', #2850, #3489, #710 ) ;
#3369 = CARTESIAN_POINT ( 'NONE',  ( -0.01350000000000000000, 0.09708578643762691400, -0.1489999999999999900 ) ) ;
#3370 = ORIENTED_EDGE ( 'NONE', *, *, #587, .T. ) ;
#3371 = PRESENTATION_STYLE_ASSIGNMENT (( #722 ) ) ;
#3372 = EDGE_CURVE ( 'NONE', #1136, #4, #1094, .T. ) ;
#3373 =( LENGTH_UNIT ( ) NAMED_UNIT ( * ) SI_UNIT ( .CENTI., .METRE. ) );
#3374 = PRODUCT_DEFINITION_SHAPE ( 'NONE', 'NONE',  #3956 ) ;
#3375 = AXIS2_PLACEMENT_3D ( 'NONE', #1514, #3718, #1838 ) ;
#3376 = UNCERTAINTY_MEASURE_WITH_UNIT (LENGTH_MEASURE( 1.000000000000000100E-005 ), #1604, 'distance_accuracy_value', 'NONE');
#3377 = VECTOR ( 'NONE', #395, 100.0000000000000000 ) ;
#3378 = ORIENTED_EDGE ( 'NONE', *, *, #1085, .F. ) ;
#3379 = EDGE_LOOP ( 'NONE', ( #1884, #1313, #1179, #760, #1683, #2786, #3901, #398, #3305, #2935, #187, #578 ) ) ;
#3380 = FILL_AREA_STYLE ('',( #1492 ) ) ;
#3381 = CARTESIAN_POINT ( 'NONE',  ( -0.01350000000000000000, 0.01909666767421790100, 9.090168912396696900E-017 ) ) ;
#3382 = SURFACE_STYLE_USAGE ( .BOTH. , #1190 ) ;
#3383 = VERTEX_POINT ( 'NONE', #1572 ) ;
#3384 = CARTESIAN_POINT ( 'NONE',  ( -0.2937867965644039300, 0.01499999999999999600, -0.3349999999999999600 ) ) ;
#3385 = PLANE ( 'NONE',  #3363 ) ;
#3386 = EDGE_CURVE ( 'NONE', #1054, #40, #1771, .T. ) ;
#3387 = ITEM_DEFINED_TRANSFORMATION ( 'NONE', 'NONE', #17,  #3811 ) ;
#3388 = CARTESIAN_POINT ( 'NONE',  ( -0.01250000000000000100, 0.001063031307206659700, -1.863472483959460700E-018 ) ) ;
#3389 = DIRECTION ( 'NONE',  ( -1.000000000000000000, 0.0000000000000000000, -3.491483361109380100E-015 ) ) ;
#3390 = FILL_AREA_STYLE_COLOUR ( '', #600 ) ;
#3391 = STYLED_ITEM ( 'NONE', ( #3202 ), #944 ) ;
#3392 = PLANE ( 'NONE',  #303 ) ;
#3393 = SURFACE_STYLE_USAGE ( .BOTH. , #1764 ) ;
#3394 = DIRECTION ( 'NONE',  ( 0.7071067811865468000, -0.0000000000000000000, -0.7071067811865482400 ) ) ;
#3395 = ORIENTED_EDGE ( 'NONE', *, *, #2350, .F. ) ;
#3396 = AXIS2_PLACEMENT_3D ( 'NONE', #986, #3151, #1287 ) ;
#3397 = CARTESIAN_POINT ( 'NONE',  ( 0.01350000000000000200, 0.09708578643762690000, -0.1493431457505076700 ) ) ;
#3398 = COLOUR_RGB ( '',0.7529411764705882200, 0.7529411764705882200, 0.7529411764705882200 ) ;
#3399 = VERTEX_POINT ( 'NONE', #1898 ) ;
#3400 = DIRECTION ( 'NONE',  ( -3.491483361109380100E-015, 0.0000000000000000000, 1.000000000000000000 ) ) ;
#3401 = EDGE_CURVE ( 'NONE', #2487, #645, #3488, .T. ) ;
#3402 = DIRECTION ( 'NONE',  ( -0.7071067811865471300, 0.0000000000000000000, -0.7071067811865480200 ) ) ;
#3403 = LINE ( 'NONE', #3781, #2562 ) ;
#3404 = UNCERTAINTY_MEASURE_WITH_UNIT (LENGTH_MEASURE( 1.000000000000000100E-005 ), #1455, 'distance_accuracy_value', 'NONE');
#3405 = CIRCLE ( 'NONE', #3554, 0.001000000000000000000 ) ;
#3406 = FILL_AREA_STYLE_COLOUR ( '', #2518 ) ;
#3407 = ORIENTED_EDGE ( 'NONE', *, *, #1486, .F. ) ;
#3408 =( NAMED_UNIT ( * ) SI_UNIT ( $, .STERADIAN. ) SOLID_ANGLE_UNIT ( ) );
#3409 = CARTESIAN_POINT ( 'NONE',  ( 0.01250000000000000100, 0.02969128830903468300, -0.04630977549199690600 ) ) ;
#3410 =( LENGTH_UNIT ( ) NAMED_UNIT ( * ) SI_UNIT ( .CENTI., .METRE. ) );
#3411 = PRESENTATION_LAYER_ASSIGNMENT (  '', '', ( #3629 ) ) ;
#3412 = CIRCLE ( 'NONE', #647, 0.0009999999999999982900 ) ;
#3413 = SURFACE_STYLE_FILL_AREA ( #1497 ) ;
#3414 = ADVANCED_FACE ( 'NONE', ( #2650 ), #83, .T. ) ;
#3415 = CARTESIAN_POINT ( 'NONE',  ( 0.01350000000000000000, 0.07850000000000001400, -0.1489999999999999900 ) ) ;
#3416 = VERTEX_POINT ( 'NONE', #100 ) ;
#3417 =( GEOMETRIC_REPRESENTATION_CONTEXT ( 3 ) GLOBAL_UNCERTAINTY_ASSIGNED_CONTEXT ( ( #437 ) ) GLOBAL_UNIT_ASSIGNED_CONTEXT ( ( #2579, #742, #2899 ) ) REPRESENTATION_CONTEXT ( 'NONE', 'WORKASPACE' ) );
#3418 = PRODUCT_DEFINITION_SHAPE ( 'NONE', 'NONE',  #3990 ) ;
#3419 = PRESENTATION_STYLE_ASSIGNMENT (( #439 ) ) ;
#3420 =( NAMED_UNIT ( * ) PLANE_ANGLE_UNIT ( ) SI_UNIT ( $, .RADIAN. ) );
#3421 = MECHANICAL_DESIGN_GEOMETRIC_PRESENTATION_REPRESENTATION (  '', ( #2783 ), #3641 ) ;
#3422 = CIRCLE ( 'NONE', #138, 0.001000000000000002600 ) ;
#3423 = ORIENTED_EDGE ( 'NONE', *, *, #850, .T. ) ;
#3424 = UNCERTAINTY_MEASURE_WITH_UNIT (LENGTH_MEASURE( 1.000000000000000100E-005 ), #2246, 'distance_accuracy_value', 'NONE');
#3425 = SHAPE_REPRESENTATION_RELATIONSHIP ( 'NONE' , 'NONE' ,  #2017, #517 ) ;
#3426 = EDGE_CURVE ( 'NONE', #1070, #1493, #2356, .T. ) ;
#3427 = CARTESIAN_POINT ( 'NONE',  ( -0.01250000000000000100, 0.0004484671632495997900, -1.967583699586013900E-018 ) ) ;
#3428 = CARTESIAN_POINT ( 'NONE',  ( -0.2375000000000000700, 0.07750000000000001300, -0.4125000000000000900 ) ) ;
#3429 = SURFACE_STYLE_FILL_AREA ( #2653 ) ;
#3430 = PRODUCT_CONTEXT ( 'NONE', #3098, 'mechanical' ) ;
#3431 = ORIENTED_EDGE ( 'NONE', *, *, #3645, .F. ) ;
#3432 = UNCERTAINTY_MEASURE_WITH_UNIT (LENGTH_MEASURE( 1.000000000000000100E-005 ), #3246, 'distance_accuracy_value', 'NONE');
#3433 = VERTEX_POINT ( 'NONE', #3177 ) ;
#3434 = CARTESIAN_POINT ( 'NONE',  ( 0.01250000000000000100, 0.07850000000000001400, -0.1499999999999999900 ) ) ;
#3435 = SURFACE_STYLE_USAGE ( .BOTH. , #1239 ) ;
#3436 = ITEM_DEFINED_TRANSFORMATION ( 'NONE', 'NONE', #1682,  #3811 ) ;
#3437 = DIRECTION ( 'NONE',  ( 0.0000000000000000000, 5.421010862427520600E-015, -1.000000000000000000 ) ) ;
#3438 = STYLED_ITEM ( 'NONE', ( #46 ), #88 ) ;
#3439 = ADVANCED_FACE ( 'NONE', ( #3174 ), #1960, .F. ) ;
#3440 = CARTESIAN_POINT ( 'NONE',  ( -0.01349999999999999600, 0.001063031307206659300, -0.001000000000000000000 ) ) ;
#3441 =( REPRESENTATION_RELATIONSHIP ('NONE','NONE', #1095, #2743 ) REPRESENTATION_RELATIONSHIP_WITH_TRANSFORMATION ( #1379 )SHAPE_REPRESENTATION_RELATIONSHIP( ) );
#3442 = SURFACE_SIDE_STYLE ('',( #3062 ) ) ;
#3443 = CIRCLE ( 'NONE', #2183, 0.009999999999999998500 ) ;
#3444 = STYLED_ITEM ( 'NONE', ( #3779 ), #2182 ) ;
#3445 = CYLINDRICAL_SURFACE ( 'NONE', #2314, 0.001000000000000002600 ) ;
#3446 = DIRECTION ( 'NONE',  ( -1.000000000000000000, -0.0000000000000000000, -0.0000000000000000000 ) ) ;
#3447 = ORIENTED_EDGE ( 'NONE', *, *, #653, .F. ) ;
#3448 = SURFACE_SIDE_STYLE ('',( #1312 ) ) ;
#3449 = EDGE_CURVE ( 'NONE', #3761, #1644, #2789, .T. ) ;
#3450 = AXIS2_PLACEMENT_3D ( 'NONE', #2660, #813, #2971 ) ;
#3451 = PRESENTATION_LAYER_ASSIGNMENT (  '', '', ( #3025 ) ) ;
#3452 = CARTESIAN_POINT ( 'NONE',  ( 0.01250000000000000100, 0.01909666767421789800, 9.136003030316655700E-017 ) ) ;
#3453 = PRESENTATION_STYLE_ASSIGNMENT (( #2349 ) ) ;
#3454 = VECTOR ( 'NONE', #2884, 100.0000000000000000 ) ;
#3455 = CARTESIAN_POINT ( 'NONE',  ( -0.01350000000000000000, 0.09650000000000000200, -0.07993465998166700300 ) ) ;
#3456 = CYLINDRICAL_SURFACE ( 'NONE', #2055, 0.001000000000000000000 ) ;
#3457 = ADVANCED_FACE ( 'NONE', ( #3638 ), #3233, .T. ) ;
#3458 = VERTEX_POINT ( 'NONE', #3539 ) ;
#3459 = DIRECTION ( 'NONE',  ( -0.0000000000000000000, -0.0000000000000000000, 1.000000000000000000 ) ) ;
#3460 = CARTESIAN_POINT ( 'NONE',  ( -0.01350000000000000000, 0.05402331069110310300, -0.1489999999999999900 ) ) ;
#3461 = EDGE_CURVE ( 'NONE', #3593, #3859, #1656, .T. ) ;
#3462 = DIRECTION ( 'NONE',  ( -1.000000000000000000, -8.519995717228656800E-034, -3.549998215511944900E-033 ) ) ;
#3463 = ORIENTED_EDGE ( 'NONE', *, *, #2468, .F. ) ;
#3464 =( REPRESENTATION_RELATIONSHIP ('NONE','NONE', #1095, #2743 ) REPRESENTATION_RELATIONSHIP_WITH_TRANSFORMATION ( #2795 )SHAPE_REPRESENTATION_RELATIONSHIP( ) );
#3465 = VERTEX_POINT ( 'NONE', #152 ) ;
#3466 = FACE_OUTER_BOUND ( 'NONE', #2313, .T. ) ;
#3467 = PRESENTATION_LAYER_ASSIGNMENT (  '', '', ( #3680 ) ) ;
#3468 = DIRECTION ( 'NONE',  ( -0.7071067811865476800, -0.0000000000000000000, 0.7071067811865474600 ) ) ;
#3469 = STYLED_ITEM ( 'NONE', ( #873 ), #1599 ) ;
#3470 = CARTESIAN_POINT ( 'NONE',  ( 0.2937867965644031500, 0.01499999999999993700, 0.3350000000000002400 ) ) ;
#3471 = SURFACE_SIDE_STYLE ('',( #2173 ) ) ;
#3472 = CARTESIAN_POINT ( 'NONE',  ( -0.01350000000000000000, 0.09650000000000000200, -0.07100686746319877200 ) ) ;
#3473 = VECTOR ( 'NONE', #683, 100.0000000000000000 ) ;
#3474 = ORIENTED_EDGE ( 'NONE', *, *, #3271, .T. ) ;
#3475 = AXIS2_PLACEMENT_3D ( 'NONE', #2207, #1774, #3352 ) ;
#3476 = ORIENTED_EDGE ( 'NONE', *, *, #1951, .F. ) ;
#3477 = CARTESIAN_POINT ( 'NONE',  ( 0.01350000000000000000, 0.01780249144348778800, -0.06278012227940034400 ) ) ;
#3478 = MECHANICAL_DESIGN_GEOMETRIC_PRESENTATION_REPRESENTATION (  '', ( #3048 ), #3692 ) ;
#3479 = SURFACE_STYLE_FILL_AREA ( #3053 ) ;
#3480 = CARTESIAN_POINT ( 'NONE',  ( 0.2268933982822019500, 0.1599999999999999800, -0.4018933982822019400 ) ) ;
#3481 = EDGE_CURVE ( 'NONE', #3050, #3064, #2500, .T. ) ;
#3482 = ORIENTED_EDGE ( 'NONE', *, *, #1319, .F. ) ;
#3483 = ADVANCED_FACE ( 'NONE', ( #59, #859 ), #1640, .T. ) ;
#3484 = UNCERTAINTY_MEASURE_WITH_UNIT (LENGTH_MEASURE( 1.000000000000000100E-005 ), #3080, 'distance_accuracy_value', 'NONE');
#3485 = CONTEXT_DEPENDENT_SHAPE_REPRESENTATION ( #1335, #3418 ) ;
#3486 = ADVANCED_FACE ( 'NONE', ( #2939 ), #1046, .T. ) ;
#3487 = CARTESIAN_POINT ( 'NONE',  ( -0.01350000000000000000, 0.02131852430926841800, -0.03732703487168929200 ) ) ;
#3488 = CIRCLE ( 'NONE', #1475, 0.009999999999999993300 ) ;
#3489 = DIRECTION ( 'NONE',  ( 1.000000000000000000, 0.0000000000000000000, 0.0000000000000000000 ) ) ;
#3490 = DIRECTION ( 'NONE',  ( 0.0000000000000000000, 0.0000000000000000000, -1.000000000000000000 ) ) ;
#3491 = ITEM_DEFINED_TRANSFORMATION ( 'NONE', 'NONE', #3450,  #3811 ) ;
#3492 = SURFACE_STYLE_USAGE ( .BOTH. , #1294 ) ;
#3493 =( LENGTH_UNIT ( ) NAMED_UNIT ( * ) SI_UNIT ( .CENTI., .METRE. ) );
#3494 = PRESENTATION_LAYER_ASSIGNMENT (  '', '', ( #3707 ) ) ;
#3495 = ORIENTED_EDGE ( 'NONE', *, *, #2408, .T. ) ;
#3496 =( LENGTH_UNIT ( ) NAMED_UNIT ( * ) SI_UNIT ( .CENTI., .METRE. ) );
#3497 =( REPRESENTATION_RELATIONSHIP ('NONE','NONE', #1095, #2743 ) REPRESENTATION_RELATIONSHIP_WITH_TRANSFORMATION ( #211 )SHAPE_REPRESENTATION_RELATIONSHIP( ) );
#3498 = CARTESIAN_POINT ( 'NONE',  ( 0.3350000000000001900, 0.01499999999999994200, 0.2937867965644032100 ) ) ;
#3499 = SURFACE_STYLE_USAGE ( .BOTH. , #1302 ) ;
#3500 = ORIENTED_EDGE ( 'NONE', *, *, #3122, .T. ) ;
#3501 = DIRECTION ( 'NONE',  ( -1.750006444932765900E-030, 1.000000000000000000, 1.750006444932763400E-030 ) ) ;
#3502 =( GEOMETRIC_REPRESENTATION_CONTEXT ( 3 ) GLOBAL_UNCERTAINTY_ASSIGNED_CONTEXT ( ( #547 ) ) GLOBAL_UNIT_ASSIGNED_CONTEXT ( ( #3564, #1671, #3868 ) ) REPRESENTATION_CONTEXT ( 'NONE', 'WORKASPACE' ) );
#3503 = DIRECTION ( 'NONE',  ( 0.0000000000000000000, 0.0000000000000000000, -1.000000000000000000 ) ) ;
#3504 = ADVANCED_FACE ( 'NONE', ( #1812 ), #3076, .T. ) ;
#3505 = MECHANICAL_DESIGN_GEOMETRIC_PRESENTATION_REPRESENTATION (  '', ( #3067 ), #3712 ) ;
#3506 = EDGE_CURVE ( 'NONE', #2504, #1235, #3911, .T. ) ;
#3507 = CARTESIAN_POINT ( 'NONE',  ( 0.01350000000000001700, 0.09149033517301151400, -0.06342497880460019900 ) ) ;
#3508 = VECTOR ( 'NONE', #3459, 100.0000000000000000 ) ;
#3509 = SURFACE_STYLE_USAGE ( .BOTH. , #1309 ) ;
#3510 = PRODUCT_DEFINITION_SHAPE ( 'NONE', 'NONE',  #3972 ) ;
#3511 = CYLINDRICAL_SURFACE ( 'NONE', #780, 0.05000000000000000300 ) ;
#3512 = CARTESIAN_POINT ( 'NONE',  ( 0.01250000000000000100, 0.07749999999999998600, -0.08289386092911993400 ) ) ;
#3513 =( LENGTH_UNIT ( ) NAMED_UNIT ( * ) SI_UNIT ( .CENTI., .METRE. ) );
#3514 = CARTESIAN_POINT ( 'NONE',  ( -0.01350000000000000000, 0.02161713742577904900, -0.04220931616990445500 ) ) ;
#3515 = SURFACE_STYLE_FILL_AREA ( #2593 ) ;
#3516 = PRESENTATION_STYLE_ASSIGNMENT (( #1900 ) ) ;
#3517 = LINE ( 'NONE', #2667, #2572 ) ;
#3518 = AXIS2_PLACEMENT_3D ( 'NONE', #1929, #115, #2244 ) ;
#3519 = CARTESIAN_POINT ( 'NONE',  ( 0.2375000000000000700, 0.07750000000000008300, -0.4125000000000000900 ) ) ;
#3520 = FILL_AREA_STYLE ('',( #729 ) ) ;
#3521 = ORIENTED_EDGE ( 'NONE', *, *, #2143, .F. ) ;
#3522 = DIRECTION ( 'NONE',  ( 3.718265416196989900E-032, 0.06104853953485709500, -0.9981347984218669200 ) ) ;
#3523 = PRESENTATION_STYLE_ASSIGNMENT (( #3824 ) ) ;
#3524 = VERTEX_POINT ( 'NONE', #1701 ) ;
#3525 =( REPRESENTATION_RELATIONSHIP ('NONE','NONE', #1095, #2743 ) REPRESENTATION_RELATIONSHIP_WITH_TRANSFORMATION ( #1559 )SHAPE_REPRESENTATION_RELATIONSHIP( ) );
#3526 = MECHANICAL_DESIGN_GEOMETRIC_PRESENTATION_REPRESENTATION (  '', ( #2887 ), #3731 ) ;
#3527 = CIRCLE ( 'NONE', #3396, 0.01000000000000000500 ) ;
#3528 = AXIS2_PLACEMENT_3D ( 'NONE', #1692, #3887, #2021 ) ;
#3529 = CARTESIAN_POINT ( 'NONE',  ( -0.2250000000000000300, 0.0000000000000000000, 0.4500000000000000700 ) ) ;
#3530 = DIRECTION ( 'NONE',  ( 7.290249346361490000E-032, 1.000000000000000000, 0.0000000000000000000 ) ) ;
#3531 = SURFACE_STYLE_USAGE ( .BOTH. , #1328 ) ;
#3532 = ORIENTED_EDGE ( 'NONE', *, *, #173, .F. ) ;
#3533 = AXIS2_PLACEMENT_3D ( 'NONE', #3840, #1973, #156 ) ;
#3534 = ORIENTED_EDGE ( 'NONE', *, *, #3874, .F. ) ;
#3535 = DIRECTION ( 'NONE',  ( 0.0000000000000000000, -0.06104853953485710900, 0.9981347984218669200 ) ) ;
#3536 = UNCERTAINTY_MEASURE_WITH_UNIT (LENGTH_MEASURE( 1.000000000000000100E-005 ), #2134, 'distance_accuracy_value', 'NONE');
#3537 = SURFACE_SIDE_STYLE ('',( #3218 ) ) ;
#3538 =( NAMED_UNIT ( * ) PLANE_ANGLE_UNIT ( ) SI_UNIT ( $, .RADIAN. ) );
#3539 = CARTESIAN_POINT ( 'NONE',  ( -0.2937867965644039800, 0.1599999999999999800, -0.3349999999999999100 ) ) ;
#3540 = CARTESIAN_POINT ( 'NONE',  ( -0.01350000000000000000, 0.009645797582824400900, -0.06057776031308204100 ) ) ;
#3541 = CONTEXT_DEPENDENT_SHAPE_REPRESENTATION ( #1941, #3311 ) ;
#3542 = DIRECTION ( 'NONE',  ( 0.0000000000000000000, 0.0000000000000000000, 1.000000000000000000 ) ) ;
#3543 = ITEM_DEFINED_TRANSFORMATION ( 'NONE', 'NONE', #1150,  #3811 ) ;
#3544 = PLANE ( 'NONE',  #1014 ) ;
#3545 = SURFACE_STYLE_FILL_AREA ( #2671 ) ;
#3546 = CARTESIAN_POINT ( 'NONE',  ( -0.01349999999999999800, 0.003206002133094529700, -0.04563268428219598200 ) ) ;
#3547 = VECTOR ( 'NONE', #2662, 100.0000000000000000 ) ;
#3548 = ORIENTED_EDGE ( 'NONE', *, *, #3235, .T. ) ;
#3549 = FILL_AREA_STYLE ('',( #455 ) ) ;
#3550 = STYLED_ITEM ( 'NONE', ( #3419 ), #678 ) ;
#3551 = DIRECTION ( 'NONE',  ( 7.290249346361470300E-032, 1.000000000000000000, 6.938893903907230000E-015 ) ) ;
#3552 = FILL_AREA_STYLE ('',( #3276 ) ) ;
#3553 = PRESENTATION_STYLE_ASSIGNMENT (( #1976 ) ) ;
#3554 = AXIS2_PLACEMENT_3D ( 'NONE', #1716, #3907, #2043 ) ;
#3555 = DIRECTION ( 'NONE',  ( 1.000000000000000000, 0.0000000000000000000, 0.0000000000000000000 ) ) ;
#3556 = CARTESIAN_POINT ( 'NONE',  ( -0.01250000000000000100, 0.001063031307206659900, -0.001000000000000000000 ) ) ;
#3557 = AXIS2_PLACEMENT_3D ( 'NONE', #2968, #1107, #3287 ) ;
#3558 = UNCERTAINTY_MEASURE_WITH_UNIT (LENGTH_MEASURE( 1.000000000000000100E-005 ), #118, 'distance_accuracy_value', 'NONE');
#3559 = STYLED_ITEM ( 'NONE', ( #615 ), #2792 ) ;
#3560 = LINE ( 'NONE', #3191, #2715 ) ;
#3561 = DIRECTION ( 'NONE',  ( -1.000000000000000000, -6.613469227627122300E-018, 2.755612178177971200E-017 ) ) ;
#3562 = EDGE_CURVE ( 'NONE', #943, #3581, #2352, .T. ) ;
#3563 = PLANE ( 'NONE',  #260 ) ;
#3564 =( LENGTH_UNIT ( ) NAMED_UNIT ( * ) SI_UNIT ( .CENTI., .METRE. ) );
#3565 =( NAMED_UNIT ( * ) SI_UNIT ( $, .STERADIAN. ) SOLID_ANGLE_UNIT ( ) );
#3566 = PRESENTATION_STYLE_ASSIGNMENT (( #652 ) ) ;
#3567 = CARTESIAN_POINT ( 'NONE',  ( 0.4500000000000000700, 0.0000000000000000000, 0.1749999999999999900 ) ) ;
#3568 = EDGE_LOOP ( 'NONE', ( #2447, #671, #2577, #2816 ) ) ;
#3569 = ORIENTED_EDGE ( 'NONE', *, *, #2981, .T. ) ;
#3570 = DIRECTION ( 'NONE',  ( -0.0000000000000000000, -1.000000000000000000, -6.938893903907229200E-015 ) ) ;
#3571 = PRESENTATION_STYLE_ASSIGNMENT (( #1062 ) ) ;
#3572 = PRODUCT_DEFINITION_SHAPE ( 'NONE', 'NONE',  #3949 ) ;
#3573 = SURFACE_STYLE_USAGE ( .BOTH. , #1373 ) ;
#3574 = AXIS2_PLACEMENT_3D ( 'NONE', #2522, #3446, #2808 ) ;
#3575 = CARTESIAN_POINT ( 'NONE',  ( -0.01249999999999999900, 0.07749999999999998600, -0.08289386092911997500 ) ) ;
#3576 = CIRCLE ( 'NONE', #3574, 0.01999999999999999700 ) ;
#3577 = VERTEX_POINT ( 'NONE', #522 ) ;
#3578 = FILL_AREA_STYLE_COLOUR ( '', #205 ) ;
#3579 = CARTESIAN_POINT ( 'NONE',  ( -0.01350000000000000300, 0.09708578643762688600, -0.07073161589607952800 ) ) ;
#3580 = PRESENTATION_LAYER_ASSIGNMENT (  '', '', ( #3139 ) ) ;
#3581 = VERTEX_POINT ( 'NONE', #3275 ) ;
#3582 = MECHANICAL_DESIGN_GEOMETRIC_PRESENTATION_REPRESENTATION (  '', ( #3140 ), #3780 ) ;
#3583 = DIRECTION ( 'NONE',  ( 1.000000000000000000, 0.0000000000000000000, -3.491483361109380100E-015 ) ) ;
#3584 = EDGE_CURVE ( 'NONE', #1525, #2220, #629, .T. ) ;
#3585 = UNCERTAINTY_MEASURE_WITH_UNIT (LENGTH_MEASURE( 1.000000000000000100E-005 ), #1983, 'distance_accuracy_value', 'NONE');
#3586 = LINE ( 'NONE', #1881, #390 ) ;
#3587 = SURFACE_SIDE_STYLE ('',( #2084 ) ) ;
#3588 = AXIS2_PLACEMENT_3D ( 'NONE', #23, #2157, #330 ) ;
#3589 = CARTESIAN_POINT ( 'NONE',  ( -0.01350000000000000000, 0.07849999999999998600, -0.08759269909673479700 ) ) ;
#3590 = CONTEXT_DEPENDENT_SHAPE_REPRESENTATION ( #2544, #2457 ) ;
#3591 = DIRECTION ( 'NONE',  ( 0.0000000000000000000, 0.9723873019805172600, 0.2333729524753250500 ) ) ;
#3592 = ITEM_DEFINED_TRANSFORMATION ( 'NONE', 'NONE', #2894,  #3811 ) ;
#3593 = VERTEX_POINT ( 'NONE', #1405 ) ;
#3594 = COLOUR_RGB ( '',0.7529411764705882200, 0.7529411764705882200, 0.7529411764705882200 ) ;
#3595 = DIRECTION ( 'NONE',  ( -3.491483361109380100E-015, 0.0000000000000000000, -1.000000000000000000 ) ) ;
#3596 = CARTESIAN_POINT ( 'NONE',  ( 0.01350000000000000000, 0.0007030279666248159500, -0.0004142135623730884500 ) ) ;
#3597 = EDGE_CURVE ( 'NONE', #1310, #2504, #1417, .T. ) ;
#3598 = VERTEX_POINT ( 'NONE', #220 ) ;
#3599 = DIRECTION ( 'NONE',  ( 0.7071067811865475700, 9.300984204488347400E-017, 0.7071067811865475700 ) ) ;
#3600 = FACE_OUTER_BOUND ( 'NONE', #759, .T. ) ;
#3601 = CIRCLE ( 'NONE', #1093, 0.05000000000000000300 ) ;
#3602 = CARTESIAN_POINT ( 'NONE',  ( 0.01250000000000000200, 0.09750000000000000300, -0.1073092908757649900 ) ) ;
#3603 = AXIS2_PLACEMENT_3D ( 'NONE', #1509, #3711, #1832 ) ;
#3604 = FILL_AREA_STYLE_COLOUR ( '', #230 ) ;
#3605 = STYLED_ITEM ( 'NONE', ( #3553 ), #1871 ) ;
#3606 = UNCERTAINTY_MEASURE_WITH_UNIT (LENGTH_MEASURE( 1.000000000000000100E-005 ), #1631, 'distance_accuracy_value', 'NONE');
#3607 = CARTESIAN_POINT ( 'NONE',  ( 0.1250000000000000000, 0.0000000000000000000, -0.4500000000000000700 ) ) ;
#3608 =( NAMED_UNIT ( * ) PLANE_ANGLE_UNIT ( ) SI_UNIT ( $, .RADIAN. ) );
#3609 = VECTOR ( 'NONE', #3356, 100.0000000000000000 ) ;
#3610 =( GEOMETRIC_REPRESENTATION_CONTEXT ( 3 ) GLOBAL_UNCERTAINTY_ASSIGNED_CONTEXT ( ( #1965 ) ) GLOBAL_UNIT_ASSIGNED_CONTEXT ( ( #1917, #105, #2229 ) ) REPRESENTATION_CONTEXT ( 'NONE', 'WORKASPACE' ) );
#3611 = CARTESIAN_POINT ( 'NONE',  ( -0.01250000000000000100, 0.07850000000000000000, -0.09336630467740500400 ) ) ;
#3612 = EDGE_CURVE ( 'NONE', #1945, #3524, #2250, .T. ) ;
#3613 =( NAMED_UNIT ( * ) PLANE_ANGLE_UNIT ( ) SI_UNIT ( $, .RADIAN. ) );
#3614 = CARTESIAN_POINT ( 'NONE',  ( -0.01350000000000003800, 0.02218592911600442100, -0.04191355711166490400 ) ) ;
#3615 = DIRECTION ( 'NONE',  ( -1.000000000000000000, -0.0000000000000000000, -0.0000000000000000000 ) ) ;
#3616 = ORIENTED_EDGE ( 'NONE', *, *, #2843, .F. ) ;
#3617 = SURFACE_STYLE_FILL_AREA ( #694 ) ;
#3618 = DIRECTION ( 'NONE',  ( 0.0000000000000000000, 1.000000000000000000, 0.0000000000000000000 ) ) ;
#3619 = DIRECTION ( 'NONE',  ( -0.7071067811865468000, 0.0000000000000000000, 0.7071067811865482400 ) ) ;
#3620 = ORIENTED_EDGE ( 'NONE', *, *, #1653, .F. ) ;
#3621 = PRODUCT_DEFINITION_SHAPE ( 'NONE', 'NONE',  #3983 ) ;
#3622 = VECTOR ( 'NONE', #1006, 100.0000000000000000 ) ;
#3623 = DIRECTION ( 'NONE',  ( 6.982966722218760200E-015, 0.0000000000000000000, -1.000000000000000000 ) ) ;
#3624 = VERTEX_POINT ( 'NONE', #2042 ) ;
#3625 = DIRECTION ( 'NONE',  ( -7.290249346361490000E-032, -1.000000000000000000, -0.0000000000000000000 ) ) ;
#3626 = VECTOR ( 'NONE', #3764, 100.0000000000000000 ) ;
#3627 = FILL_AREA_STYLE_COLOUR ( '', #408 ) ;
#3628 = CARTESIAN_POINT ( 'NONE',  ( 0.01350000000000000000, 0.02161713742577894800, -0.04220931616990440700 ) ) ;
#3629 = STYLED_ITEM ( 'NONE', ( #1306 ), #420 ) ;
#3630 = ORIENTED_EDGE ( 'NONE', *, *, #2785, .T. ) ;
#3631 = SURFACE_SIDE_STYLE ('',( #3212 ) ) ;
#3632 = PRESENTATION_STYLE_ASSIGNMENT (( #2082 ) ) ;
#3633 = DIRECTION ( 'NONE',  ( 0.0000000000000000000, 0.2606718782874311600, 0.9654274555191098000 ) ) ;
#3634 = CARTESIAN_POINT ( 'NONE',  ( 0.01250000000000000100, 0.07036739066116171100, -0.07697299708602459200 ) ) ;
#3635 = CARTESIAN_POINT ( 'NONE',  ( 0.01250000000000000100, 0.002792561162511658900, -0.04565797141523435200 ) ) ;
#3636 = VERTEX_POINT ( 'NONE', #1119 ) ;
#3637 =( LENGTH_UNIT ( ) NAMED_UNIT ( * ) SI_UNIT ( .CENTI., .METRE. ) );
#3638 = FACE_OUTER_BOUND ( 'NONE', #1724, .T. ) ;
#3639 = CARTESIAN_POINT ( 'NONE',  ( -0.01350000000000000000, 0.01909666767421789500, -0.0004142135623729994900 ) ) ;
#3640 = AXIS2_PLACEMENT_3D ( 'NONE', #1347, #3551, #1658 ) ;
#3641 =( GEOMETRIC_REPRESENTATION_CONTEXT ( 3 ) GLOBAL_UNCERTAINTY_ASSIGNED_CONTEXT ( ( #144 ) ) GLOBAL_UNIT_ASSIGNED_CONTEXT ( ( #175, #2309, #488 ) ) REPRESENTATION_CONTEXT ( 'NONE', 'WORKASPACE' ) );
#3642 = DIRECTION ( 'NONE',  ( -1.000000000000000000, 0.0000000000000000000, -6.982966722218760200E-015 ) ) ;
#3643 = SURFACE_SIDE_STYLE ('',( #1318 ) ) ;
#3644 = CARTESIAN_POINT ( 'NONE',  ( 0.3499999999999999800, 0.08749999999999999400, -0.2999999999999999900 ) ) ;
#3645 = EDGE_CURVE ( 'NONE', #3465, #3624, #2159, .T. ) ;
#3646 = CONTEXT_DEPENDENT_SHAPE_REPRESENTATION ( #3133, #1584 ) ;
#3647 = CARTESIAN_POINT ( 'NONE',  ( -0.01350000000000000000, 0.02943061643074724000, -0.04727520294751600500 ) ) ;
#3648 = FILL_AREA_STYLE_COLOUR ( '', #2063 ) ;
#3649 = FILL_AREA_STYLE ('',( #3332 ) ) ;
#3650 = ORIENTED_EDGE ( 'NONE', *, *, #653, .T. ) ;
#3651 = CARTESIAN_POINT ( 'NONE',  ( -0.3350000000000000800, 0.01499999999999999100, -0.2937867965644039300 ) ) ;
#3652 = FACE_OUTER_BOUND ( 'NONE', #1602, .T. ) ;
#3653 = VECTOR ( 'NONE', #751, 100.0000000000000100 ) ;
#3654 = CYLINDRICAL_SURFACE ( 'NONE', #3268, 0.001000000000000002600 ) ;
#3655 =( NAMED_UNIT ( * ) PLANE_ANGLE_UNIT ( ) SI_UNIT ( $, .RADIAN. ) );
#3656 = DIRECTION ( 'NONE',  ( 0.0000000000000000000, 0.9981347984218671400, 0.06104853953485450000 ) ) ;
#3657 = ORIENTED_EDGE ( 'NONE', *, *, #2923, .T. ) ;
#3658 = UNCERTAINTY_MEASURE_WITH_UNIT (LENGTH_MEASURE( 1.000000000000000100E-005 ), #1042, 'distance_accuracy_value', 'NONE');
#3659 = CARTESIAN_POINT ( 'NONE',  ( -0.01350000000000000000, 0.07791421356237308900, -0.1489999999999999900 ) ) ;
#3660 = CARTESIAN_POINT ( 'NONE',  ( -0.01350000000000000000, 0.09749999999999998900, -0.07993465998166700300 ) ) ;
#3661 = AXIS2_PLACEMENT_3D ( 'NONE', #3336, #3023, #3060 ) ;
#3662 = COLOUR_RGB ( '',0.7529411764705882200, 0.7529411764705882200, 0.7529411764705882200 ) ;
#3663 = CARTESIAN_POINT ( 'NONE',  ( -0.2999999999999999900, 0.09749999999999992000, -0.3500000000000000300 ) ) ;
#3664 = LINE ( 'NONE', #557, #1249 ) ;
#3665 = EDGE_CURVE ( 'NONE', #102, #1310, #2989, .T. ) ;
#3666 = ORIENTED_EDGE ( 'NONE', *, *, #1041, .F. ) ;
#3667 = PRESENTATION_STYLE_ASSIGNMENT (( #237 ) ) ;
#3668 = AXIS2_PLACEMENT_3D ( 'NONE', #1111, #3292, #1408 ) ;
#3669 = ORIENTED_EDGE ( 'NONE', *, *, #1653, .T. ) ;
#3670 = COLOUR_RGB ( '',0.7529411764705882200, 0.7529411764705882200, 0.7529411764705882200 ) ;
#3671 = COLOUR_RGB ( '',0.7529411764705882200, 0.7529411764705882200, 0.7529411764705882200 ) ;
#3672 = SURFACE_STYLE_USAGE ( .BOTH. , #1464 ) ;
#3673 = CARTESIAN_POINT ( 'NONE',  ( -0.2000000000000000100, 0.1600000000000000000, 0.1499999999999999900 ) ) ;
#3674 =( NAMED_UNIT ( * ) SI_UNIT ( $, .STERADIAN. ) SOLID_ANGLE_UNIT ( ) );
#3675 = DIRECTION ( 'NONE',  ( -7.290249346361470300E-032, -1.000000000000000000, -4.760081218080360200E-015 ) ) ;
#3676 = VECTOR ( 'NONE', #3785, 100.0000000000000100 ) ;
#3677 = ORIENTED_EDGE ( 'NONE', *, *, #1597, .T. ) ;
#3678 = EDGE_CURVE ( 'NONE', #1225, #2664, #3726, .T. ) ;
#3679 = EDGE_LOOP ( 'NONE', ( #588, #1638, #2719, #2709 ) ) ;
#3680 = STYLED_ITEM ( 'NONE', ( #1164 ), #718 ) ;
#3681 = AXIS2_PLACEMENT_3D ( 'NONE', #268, #569, #3656 ) ;
#3682 = CARTESIAN_POINT ( 'NONE',  ( 0.01308578643762690500, 0.02006074971341707100, -0.0003821937686116100900 ) ) ;
#3683 = CIRCLE ( 'NONE', #484, 0.01999999999999999700 ) ;
#3684 = DIRECTION ( 'NONE',  ( 0.7071067811865474600, 0.0000000000000000000, 0.7071067811865476800 ) ) ;
#3685 = DIRECTION ( 'NONE',  ( 1.000000000000000000, 0.0000000000000000000, 0.0000000000000000000 ) ) ;
#3686 = CARTESIAN_POINT ( 'NONE',  ( -0.01350000000000000000, 0.07849999999999998600, -0.1495857864376268800 ) ) ;
#3687 = SURFACE_STYLE_USAGE ( .BOTH. , #1483 ) ;
#3688 = DIRECTION ( 'NONE',  ( 3.718265416196989900E-032, 0.06104853953485690100, -0.9981347984218670300 ) ) ;
#3689 = CARTESIAN_POINT ( 'NONE',  ( -0.01350000000000000000, 0.09649999999999998900, -0.1489999999999999700 ) ) ;
#3690 = CARTESIAN_POINT ( 'NONE',  ( -0.01308578643762690500, 0.07749999999999999900, -0.1489999999999999900 ) ) ;
#3691 = MECHANICAL_DESIGN_GEOMETRIC_PRESENTATION_REPRESENTATION (  '', ( #3267 ), #3888 ) ;
#3692 =( GEOMETRIC_REPRESENTATION_CONTEXT ( 3 ) GLOBAL_UNCERTAINTY_ASSIGNED_CONTEXT ( ( #3086 ) ) GLOBAL_UNIT_ASSIGNED_CONTEXT ( ( #2148, #322, #2462 ) ) REPRESENTATION_CONTEXT ( 'NONE', 'WORKASPACE' ) );
#3693 = SURFACE_STYLE_FILL_AREA ( #1346 ) ;
#3694 =( NAMED_UNIT ( * ) SI_UNIT ( $, .STERADIAN. ) SOLID_ANGLE_UNIT ( ) );
#3695 = CONTEXT_DEPENDENT_SHAPE_REPRESENTATION ( #3745, #782 ) ;
#3696 = ORIENTED_EDGE ( 'NONE', *, *, #2376, .T. ) ;
#3697 = EDGE_CURVE ( 'NONE', #973, #1225, #2212, .T. ) ;
#3698 = FACE_OUTER_BOUND ( 'NONE', #2754, .T. ) ;
#3699 = EDGE_LOOP ( 'NONE', ( #2053, #301, #2287, #2085 ) ) ;
#3700 =( NAMED_UNIT ( * ) PLANE_ANGLE_UNIT ( ) SI_UNIT ( $, .RADIAN. ) );
#3701 = CIRCLE ( 'NONE', #506, 0.05000000000000000300 ) ;
#3702 = SURFACE_SIDE_STYLE ('',( #3413 ) ) ;
#3703 = SURFACE_SIDE_STYLE ('',( #3306 ) ) ;
#3704 = FACE_OUTER_BOUND ( 'NONE', #1502, .T. ) ;
#3705 = PRODUCT_DEFINITION_SHAPE ( 'NONE', 'NONE',  #3965 ) ;
#3706 = CARTESIAN_POINT ( 'NONE',  ( -0.4500000000000000700, 0.0000000000000000000, -0.07499999999999999700 ) ) ;
#3707 = STYLED_ITEM ( 'NONE', ( #54 ), #385 ) ;
#3708 = FILL_AREA_STYLE ('',( #2415 ) ) ;
#3709 = STYLED_ITEM ( 'NONE', ( #2431 ), #1555 ) ;
#3710 = SURFACE_SIDE_STYLE ('',( #2348 ) ) ;
#3711 = DIRECTION ( 'NONE',  ( 0.0000000000000000000, 6.938893903907229200E-015, -1.000000000000000000 ) ) ;
#3712 =( GEOMETRIC_REPRESENTATION_CONTEXT ( 3 ) GLOBAL_UNCERTAINTY_ASSIGNED_CONTEXT ( ( #276 ) ) GLOBAL_UNIT_ASSIGNED_CONTEXT ( ( #2331, #510, #2646 ) ) REPRESENTATION_CONTEXT ( 'NONE', 'WORKASPACE' ) );
#3713 = FILL_AREA_STYLE_COLOUR ( '', #3844 ) ;
#3714 = ORIENTED_EDGE ( 'NONE', *, *, #2556, .T. ) ;
#3715 = EDGE_CURVE ( 'NONE', #3416, #575, #2885, .T. ) ;
#3716 = COLOUR_RGB ( '',0.7529411764705882200, 0.7529411764705882200, 0.7529411764705882200 ) ;
#3717 = CARTESIAN_POINT ( 'NONE',  ( 0.01308578643762690500, 0.09649999999999998900, -0.1499999999999999900 ) ) ;
#3718 = DIRECTION ( 'NONE',  ( -1.000000000000000000, 0.0000000000000000000, -3.491483361109380100E-015 ) ) ;
#3719 = ORIENTED_EDGE ( 'NONE', *, *, #2037, .F. ) ;
#3720 = SHAPE_DEFINITION_REPRESENTATION ( #1992, #2743 ) ;
#3721 = FACE_OUTER_BOUND ( 'NONE', #2724, .T. ) ;
#3722 = ORIENTED_EDGE ( 'NONE', *, *, #869, .T. ) ;
#3723 = CARTESIAN_POINT ( 'NONE',  ( 0.3350000000000000200, 0.01500000000000003900, -0.3499999999999999800 ) ) ;
#3724 = ORIENTED_EDGE ( 'NONE', *, *, #2456, .F. ) ;
#3725 = DIRECTION ( 'NONE',  ( -3.279322939077849900E-032, 0.0000000000000000000, 1.000000000000000000 ) ) ;
#3726 = CIRCLE ( 'NONE', #583, 0.0009999999999999982900 ) ;
#3727 = CARTESIAN_POINT ( 'NONE',  ( 0.01308578643762693000, 0.02258812557724537000, -0.04170442387598635700 ) ) ;
#3728 = STYLED_ITEM ( 'NONE', ( #3371 ), #49 ) ;
#3729 =( NAMED_UNIT ( * ) SI_UNIT ( $, .STERADIAN. ) SOLID_ANGLE_UNIT ( ) );
#3730 = UNCERTAINTY_MEASURE_WITH_UNIT (LENGTH_MEASURE( 1.000000000000000100E-005 ), #3776, 'distance_accuracy_value', 'NONE');
#3731 =( GEOMETRIC_REPRESENTATION_CONTEXT ( 3 ) GLOBAL_UNCERTAINTY_ASSIGNED_CONTEXT ( ( #885 ) ) GLOBAL_UNIT_ASSIGNED_CONTEXT ( ( #3753, #1877, #67 ) ) REPRESENTATION_CONTEXT ( 'NONE', 'WORKASPACE' ) );
#3732 = PRESENTATION_LAYER_ASSIGNMENT (  '', '', ( #3320 ) ) ;
#3733 = CARTESIAN_POINT ( 'NONE',  ( 0.01350000000000000000, 0.07791421356237308900, -0.1489999999999999900 ) ) ;
#3734 = CARTESIAN_POINT ( 'NONE',  ( -0.3500000000000000300, 0.09749999999999993400, 0.3000000000000001000 ) ) ;
#3735 = AXIS2_PLACEMENT_3D ( 'NONE', #2285, #459, #2599 ) ;
#3736 = STYLED_ITEM ( 'NONE', ( #691 ), #3135 ) ;
#3737 = CARTESIAN_POINT ( 'NONE',  ( -0.01250000000000000100, 6.489650878479348100E-005, -0.001061048539534836500 ) ) ;
#3738 = ORIENTED_EDGE ( 'NONE', *, *, #3612, .F. ) ;
#3739 = APPLICATION_PROTOCOL_DEFINITION ( 'draft international standard', 'automotive_design', 1998, #1539 ) ;
#3740 = VECTOR ( 'NONE', #2443, 100.0000000000000000 ) ;
#3741 = ADVANCED_FACE ( 'NONE', ( #438 ), #2496, .T. ) ;
#3742 = COLOUR_RGB ( '',0.7529411764705882200, 0.7529411764705882200, 0.7529411764705882200 ) ;
#3743 =( NAMED_UNIT ( * ) PLANE_ANGLE_UNIT ( ) SI_UNIT ( $, .RADIAN. ) );
#3744 = CARTESIAN_POINT ( 'NONE',  ( -6.938893903907229900E-018, 0.1600000000000000000, -0.3350000000000000200 ) ) ;
#3745 =( REPRESENTATION_RELATIONSHIP ('NONE','NONE', #1095, #2743 ) REPRESENTATION_RELATIONSHIP_WITH_TRANSFORMATION ( #2122 )SHAPE_REPRESENTATION_RELATIONSHIP( ) );
#3746 = DIRECTION ( 'NONE',  ( 0.0000000000000000000, -1.625387360916020400E-016, 1.000000000000000000 ) ) ;
#3747 = AXIS2_PLACEMENT_3D ( 'NONE', #1390, #1092, #2656 ) ;
#3748 = VECTOR ( 'NONE', #1485, 100.0000000000000000 ) ;
#3749 = FACE_OUTER_BOUND ( 'NONE', #3329, .T. ) ;
#3750 = DIRECTION ( 'NONE',  ( 1.000000000000000000, 0.0000000000000000000, 0.0000000000000000000 ) ) ;
#3751 = ORIENTED_EDGE ( 'NONE', *, *, #1319, .T. ) ;
#3752 = AXIS2_PLACEMENT_3D ( 'NONE', #2028, #207, #2340 ) ;
#3753 =( LENGTH_UNIT ( ) NAMED_UNIT ( * ) SI_UNIT ( .CENTI., .METRE. ) );
#3754 = PRESENTATION_LAYER_ASSIGNMENT (  '', '', ( #3559 ) ) ;
#3755 = VECTOR ( 'NONE', #3865, 100.0000000000000000 ) ;
#3756 = LINE ( 'NONE', #1277, #2103 ) ;
#3757 = VERTEX_POINT ( 'NONE', #3341 ) ;
#3758 = PRODUCT_DEFINITION_SHAPE ( 'NONE', 'NONE',  #1601 ) ;
#3759 = EDGE_CURVE ( 'NONE', #386, #3399, #154, .T. ) ;
#3760 = ADVANCED_FACE ( 'NONE', ( #939 ), #3763, .T. ) ;
#3761 = VERTEX_POINT ( 'NONE', #3673 ) ;
#3762 =( NAMED_UNIT ( * ) SI_UNIT ( $, .STERADIAN. ) SOLID_ANGLE_UNIT ( ) );
#3763 = CYLINDRICAL_SURFACE ( 'NONE', #3475, 0.0009999999999999995900 ) ;
#3764 = DIRECTION ( 'NONE',  ( -0.2322901742829647500, 0.9678757261790245100, 0.09621774059400804700 ) ) ;
#3765 = CARTESIAN_POINT ( 'NONE',  ( 0.01350000000000000000, 0.09107190170196839700, -0.06391876277155343600 ) ) ;
#3766 = ORIENTED_EDGE ( 'NONE', *, *, #3912, .T. ) ;
#3767 = DIRECTION ( 'NONE',  ( -7.290249346361470300E-032, -1.000000000000000000, -6.938893903907230000E-015 ) ) ;
#3768 = ITEM_DEFINED_TRANSFORMATION ( 'NONE', 'NONE', #2951,  #3811 ) ;
#3769 = CARTESIAN_POINT ( 'NONE',  ( -0.3350000000000002400, 0.01499999999999991400, 0.2937867965644032100 ) ) ;
#3770 = AXIS2_PLACEMENT_3D ( 'NONE', #2788, #931, #3097 ) ;
#3771 = UNCERTAINTY_MEASURE_WITH_UNIT (LENGTH_MEASURE( 1.000000000000000100E-005 ), #1410, 'distance_accuracy_value', 'NONE');
#3772 =( REPRESENTATION_RELATIONSHIP ('NONE','NONE', #1095, #2743 ) REPRESENTATION_RELATIONSHIP_WITH_TRANSFORMATION ( #3543 )SHAPE_REPRESENTATION_RELATIONSHIP( ) );
#3773 =( LENGTH_UNIT ( ) NAMED_UNIT ( * ) SI_UNIT ( .CENTI., .METRE. ) );
#3774 = DIRECTION ( 'NONE',  ( 1.000000000000000000, 1.214306433183769900E-016, 0.0000000000000000000 ) ) ;
#3775 = COLOUR_RGB ( '',0.7529411764705882200, 0.7529411764705882200, 0.7529411764705882200 ) ;
#3776 =( LENGTH_UNIT ( ) NAMED_UNIT ( * ) SI_UNIT ( .CENTI., .METRE. ) );
#3777 = MECHANICAL_DESIGN_GEOMETRIC_PRESENTATION_REPRESENTATION (  '', ( #3139 ), #823 ) ;
#3778 = ADVANCED_FACE ( 'NONE', ( #1364 ), #2108, .T. ) ;
#3779 = PRESENTATION_STYLE_ASSIGNMENT (( #320 ) ) ;
#3780 =( GEOMETRIC_REPRESENTATION_CONTEXT ( 3 ) GLOBAL_UNCERTAINTY_ASSIGNED_CONTEXT ( ( #2453 ) ) GLOBAL_UNIT_ASSIGNED_CONTEXT ( ( #1932, #117, #2247 ) ) REPRESENTATION_CONTEXT ( 'NONE', 'WORKASPACE' ) );
#3781 = CARTESIAN_POINT ( 'NONE',  ( 0.3499999999999999800, 0.08749999999999999400, 0.2999999999999999900 ) ) ;
#3782 = EDGE_CURVE ( 'NONE', #943, #3577, #299, .T. ) ;
#3783 = DIRECTION ( 'NONE',  ( -3.754478112725429800E-033, -3.500012889865530300E-030, 1.000000000000000000 ) ) ;
#3784 = ADVANCED_FACE ( 'NONE', ( #1901 ), #1800, .T. ) ;
#3785 = DIRECTION ( 'NONE',  ( 0.09621774059401996800, 0.9678757261790244000, -0.2322901742829603400 ) ) ;
#3786 = SURFACE_STYLE_FILL_AREA ( #2629 ) ;
#3787 = ORIENTED_EDGE ( 'NONE', *, *, #728, .T. ) ;
#3788 = AXIS2_PLACEMENT_3D ( 'NONE', #2471, #634, #2774 ) ;
#3789 = LINE ( 'NONE', #592, #2858 ) ;
#3790 = DIRECTION ( 'NONE',  ( -3.718265416196989900E-032, -0.06104853953485710200, 0.9981347984218670300 ) ) ;
#3791 = FACE_OUTER_BOUND ( 'NONE', #1595, .T. ) ;
#3792 = SURFACE_SIDE_STYLE ('',( #2708 ) ) ;
#3793 = DIRECTION ( 'NONE',  ( 0.0000000000000000000, -0.06104853953485593600, 0.9981347984218669200 ) ) ;
#3794 = EDGE_CURVE ( 'NONE', #1637, #661, #3164, .T. ) ;
#3795 =( NAMED_UNIT ( * ) PLANE_ANGLE_UNIT ( ) SI_UNIT ( $, .RADIAN. ) );
#3796 =( NAMED_UNIT ( * ) SI_UNIT ( $, .STERADIAN. ) SOLID_ANGLE_UNIT ( ) );
#3797 = ADVANCED_FACE ( 'NONE', ( #713 ), #3065, .T. ) ;
#3798 =( NAMED_UNIT ( * ) SI_UNIT ( $, .STERADIAN. ) SOLID_ANGLE_UNIT ( ) );
#3799 =( REPRESENTATION_RELATIONSHIP ('NONE','NONE', #1095, #2743 ) REPRESENTATION_RELATIONSHIP_WITH_TRANSFORMATION ( #907 )SHAPE_REPRESENTATION_RELATIONSHIP( ) );
#3800 = ORIENTED_EDGE ( 'NONE', *, *, #816, .F. ) ;
#3801 = CYLINDRICAL_SURFACE ( 'NONE', #3825, 0.0009999999999999982900 ) ;
#3802 = PRESENTATION_LAYER_ASSIGNMENT (  '', '', ( #3391 ) ) ;
#3803 = LINE ( 'NONE', #1457, #2978 ) ;
#3804 = FILL_AREA_STYLE_COLOUR ( '', #293 ) ;
#3805 = AXIS2_PLACEMENT_3D ( 'NONE', #2278, #449, #2589 ) ;
#3806 =( NAMED_UNIT ( * ) PLANE_ANGLE_UNIT ( ) SI_UNIT ( $, .RADIAN. ) );
#3807 = SURFACE_STYLE_USAGE ( .BOTH. , #1605 ) ;
#3808 = ORIENTED_EDGE ( 'NONE', *, *, #1241, .F. ) ;
#3809 = SURFACE_SIDE_STYLE ('',( #1110 ) ) ;
#3810 = ORIENTED_EDGE ( 'NONE', *, *, #304, .F. ) ;
#3811 = AXIS2_PLACEMENT_3D ( 'NONE', #2546, #709, #2861 ) ;
#3812 = CARTESIAN_POINT ( 'NONE',  ( 0.01350000000000001500, 0.09708578643762690000, -0.07993465998166696100 ) ) ;
#3813 =( NAMED_UNIT ( * ) PLANE_ANGLE_UNIT ( ) SI_UNIT ( $, .RADIAN. ) );
#3814 = EDGE_CURVE ( 'NONE', #2482, #3458, #2058, .T. ) ;
#3815 = ORIENTED_EDGE ( 'NONE', *, *, #2735, .T. ) ;
#3816 = SURFACE_SIDE_STYLE ('',( #723 ) ) ;
#3817 = VECTOR ( 'NONE', #809, 100.0000000000000000 ) ;
#3818 = CARTESIAN_POINT ( 'NONE',  ( 0.01250000000000000100, 0.07010671878287427800, -0.07793842454154370500 ) ) ;
#3819 =( NAMED_UNIT ( * ) SI_UNIT ( $, .STERADIAN. ) SOLID_ANGLE_UNIT ( ) );
#3820 = PLANE ( 'NONE',  #1594 ) ;
#3821 = ITEM_DEFINED_TRANSFORMATION ( 'NONE', 'NONE', #677,  #3811 ) ;
#3822 = FILL_AREA_STYLE_COLOUR ( '', #2578 ) ;
#3823 =( BOUNDED_SURFACE ( )  B_SPLINE_SURFACE ( 3, 3, ( 
 ( #3388, #3427, #1536, #3737 ),
 ( #1861, #50, #2178, #354 ),
 ( #2492, #654, #2799, #945 ),
 ( #3104, #1242, #3440, #1550 ) ),
 .UNSPECIFIED., .F., .F., .F. ) 
 B_SPLINE_SURFACE_WITH_KNOTS ( ( 4, 4 ),
 ( 4, 4 ),
 ( 0.0000000000000000000, 1.000000000000000000 ),
 ( 0.0000000000000000000, 1.000000000000000000 ),
 .UNSPECIFIED. ) 
 GEOMETRIC_REPRESENTATION_ITEM ( )  RATIONAL_B_SPLINE_SURFACE ( (
 ( 1.000000000000000000, 0.7901219935509110600, 0.7901219935509110600, 1.000000000000000000),
 ( 0.8047378541243649400, 0.6358410775866254500, 0.6358410775866254500, 0.8047378541243649400),
 ( 0.8047378541243649400, 0.6358410775866254500, 0.6358410775866254500, 0.8047378541243649400),
 ( 1.000000000000000000, 0.7901219935509110600, 0.7901219935509110600, 1.000000000000000000) ) ) 
 REPRESENTATION_ITEM ( '' )  SURFACE ( )  );
#3824 = SURFACE_STYLE_USAGE ( .BOTH. , #1626 ) ;
#3825 = AXIS2_PLACEMENT_3D ( 'NONE', #204, #2336, #1713 ) ;
#3826 = PRESENTATION_STYLE_ASSIGNMENT (( #196 ) ) ;
#3827 =( REPRESENTATION_RELATIONSHIP ('NONE','NONE', #1095, #2743 ) REPRESENTATION_RELATIONSHIP_WITH_TRANSFORMATION ( #2305 )SHAPE_REPRESENTATION_RELATIONSHIP( ) );
#3828 = COLOUR_RGB ( '',0.7529411764705882200, 0.7529411764705882200, 0.7529411764705882200 ) ;
#3829 = DIRECTION ( 'NONE',  ( 1.000000000000000000, 0.0000000000000000000, 0.0000000000000000000 ) ) ;
#3830 = ORIENTED_EDGE ( 'NONE', *, *, #3562, .F. ) ;
#3831 = CARTESIAN_POINT ( 'NONE',  ( -0.01350000000000000000, 0.01754181956520039400, -0.06374554973491944300 ) ) ;
#3832 =( NAMED_UNIT ( * ) PLANE_ANGLE_UNIT ( ) SI_UNIT ( $, .RADIAN. ) );
#3833 = AXIS2_PLACEMENT_3D ( 'NONE', #456, #2596, #761 ) ;
#3834 = PRODUCT ( 'User Library-LQFP48_Grid_0.5', 'User Library-LQFP48_Grid_0.5', '', ( #3430 ) ) ;
#3835 = EDGE_CURVE ( 'NONE', #536, #3847, #431, .T. ) ;
#3836 = FILL_AREA_STYLE_COLOUR ( '', #3775 ) ;
#3837 =( LENGTH_UNIT ( ) NAMED_UNIT ( * ) SI_UNIT ( .CENTI., .METRE. ) );
#3838 = CARTESIAN_POINT ( 'NONE',  ( 0.01350000000000000000, 0.07036739066116171100, -0.07697299708602459200 ) ) ;
#3839 = UNCERTAINTY_MEASURE_WITH_UNIT (LENGTH_MEASURE( 1.000000000000000100E-005 ), #3410, 'distance_accuracy_value', 'NONE');
#3840 = CARTESIAN_POINT ( 'NONE',  ( 0.02500000000000000100, 0.0000000000000000000, 0.4500000000000000700 ) ) ;
#3841 = SURFACE_SIDE_STYLE ('',( #1978 ) ) ;
#3842 = UNCERTAINTY_MEASURE_WITH_UNIT (LENGTH_MEASURE( 1.000000000000000100E-005 ), #2460, 'distance_accuracy_value', 'NONE');
#3843 = PRESENTATION_LAYER_ASSIGNMENT (  '', '', ( #3438 ) ) ;
#3844 = COLOUR_RGB ( '',0.7529411764705882200, 0.7529411764705882200, 0.7529411764705882200 ) ;
#3845 = CARTESIAN_POINT ( 'NONE',  ( -0.01349999999999999800, 0.009241621603460724300, -0.06107539389826861100 ) ) ;
#3846 = SURFACE_STYLE_USAGE ( .BOTH. , #1657 ) ;
#3847 = VERTEX_POINT ( 'NONE', #2819 ) ;
#3848 = ORIENTED_EDGE ( 'NONE', *, *, #2526, .F. ) ;
#3849 = FILL_AREA_STYLE ('',( #2281 ) ) ;
#3850 = CARTESIAN_POINT ( 'NONE',  ( -0.01250000000000000100, 0.07850000000000000000, -0.1489999999999999900 ) ) ;
#3851 = FILL_AREA_STYLE ('',( #1986 ) ) ;
#3852 = CIRCLE ( 'NONE', #1336, 0.02000000000000000700 ) ;
#3853 = ORIENTED_EDGE ( 'NONE', *, *, #2963, .F. ) ;
#3854 = MECHANICAL_DESIGN_GEOMETRIC_PRESENTATION_REPRESENTATION (  '', ( #2804 ), #62 ) ;
#3855 = MECHANICAL_DESIGN_GEOMETRIC_PRESENTATION_REPRESENTATION (  '', ( #3444 ), #64 ) ;
#3856 = DIRECTION ( 'NONE',  ( 0.0000000000000000000, 0.0000000000000000000, 1.000000000000000000 ) ) ;
#3857 = DIRECTION ( 'NONE',  ( 0.0000000000000000000, 1.000000000000000000, 8.470329472543020200E-016 ) ) ;
#3858 = SURFACE_SIDE_STYLE ('',( #74 ) ) ;
#3859 = VERTEX_POINT ( 'NONE', #3455 ) ;
#3860 = EDGE_CURVE ( 'NONE', #3757, #2249, #1222, .T. ) ;
#3861 =( BOUNDED_SURFACE ( )  B_SPLINE_SURFACE ( 3, 3, ( 
 ( #3046, #1748, #2138, #2732 ),
 ( #3690, #895, #3935, #581 ),
 ( #3659, #727, #1803, #3686 ),
 ( #1482, #3366, #1180, #3043 ) ),
 .UNSPECIFIED., .F., .F., .F. ) 
 B_SPLINE_SURFACE_WITH_KNOTS ( ( 4, 4 ),
 ( 4, 4 ),
 ( 0.0000000000000000000, 1.000000000000000000 ),
 ( 0.0000000000000000000, 1.000000000000000000 ),
 .UNSPECIFIED. ) 
 GEOMETRIC_REPRESENTATION_ITEM ( )  RATIONAL_B_SPLINE_SURFACE ( (
 ( 1.000000000000000000, 0.8047378541243649400, 0.8047378541243649400, 1.000000000000000000),
 ( 0.8047378541243649400, 0.6476030138606876400, 0.6476030138606876400, 0.8047378541243649400),
 ( 0.8047378541243649400, 0.6476030138606876400, 0.6476030138606876400, 0.8047378541243649400),
 ( 1.000000000000000000, 0.8047378541243649400, 0.8047378541243649400, 1.000000000000000000) ) ) 
 REPRESENTATION_ITEM ( '' )  SURFACE ( )  );
#3862 = CARTESIAN_POINT ( 'NONE',  ( -0.01350000000000000000, 0.07850000000000000000, -0.1489999999999999900 ) ) ;
#3863 = AXIS2_PLACEMENT_3D ( 'NONE', #3607, #1720, #3910 ) ;
#3864 = VERTEX_POINT ( 'NONE', #1565 ) ;
#3865 = DIRECTION ( 'NONE',  ( 1.000000000000000000, 6.613469227627204700E-018, 2.755612178177991500E-017 ) ) ;
#3866 = SURFACE_SIDE_STYLE ('',( #3693 ) ) ;
#3867 = FILL_AREA_STYLE ('',( #3226 ) ) ;
#3868 =( NAMED_UNIT ( * ) SI_UNIT ( $, .STERADIAN. ) SOLID_ANGLE_UNIT ( ) );
#3869 = CARTESIAN_POINT ( 'NONE',  ( -0.01350000000000000000, 0.003790695960933523000, -0.04559692287569951800 ) ) ;
#3870 = CONTEXT_DEPENDENT_SHAPE_REPRESENTATION ( #3827, #130 ) ;
#3871 = DIRECTION ( 'NONE',  ( -3.491483361109380100E-015, 0.0000000000000000000, -1.000000000000000000 ) ) ;
#3872 = ITEM_DEFINED_TRANSFORMATION ( 'NONE', 'NONE', #2410,  #3811 ) ;
#3873 = CARTESIAN_POINT ( 'NONE',  ( 0.01250000000000000100, 0.01909666767421791500, -0.0009999999999998942000 ) ) ;
#3874 = EDGE_CURVE ( 'NONE', #3050, #524, #1132, .T. ) ;
#3875 =( NAMED_UNIT ( * ) PLANE_ANGLE_UNIT ( ) SI_UNIT ( $, .RADIAN. ) );
#3876 = CARTESIAN_POINT ( 'NONE',  ( -0.01308578643762691200, 0.07010671878287431900, -0.07793842454154370500 ) ) ;
#3877 = FACE_OUTER_BOUND ( 'NONE', #2345, .T. ) ;
#3878 = FILL_AREA_STYLE_COLOUR ( '', #3662 ) ;
#3879 = AXIS2_PLACEMENT_3D ( 'NONE', #2683, #255, #2386 ) ;
#3880 = DIRECTION ( 'NONE',  ( 1.000000000000000000, 0.0000000000000000000, 0.0000000000000000000 ) ) ;
#3881 = CARTESIAN_POINT ( 'NONE',  ( -0.01350000000000000700, 0.08260546373843258300, -0.06102600401684815700 ) ) ;
#3882 = MECHANICAL_DESIGN_GEOMETRIC_PRESENTATION_REPRESENTATION (  '', ( #3469 ), #89 ) ;
#3883 = ORIENTED_EDGE ( 'NONE', *, *, #2880, .F. ) ;
#3884 = SURFACE_STYLE_FILL_AREA ( #2048 ) ;
#3885 = CARTESIAN_POINT ( 'NONE',  ( 0.4500000000000000700, 0.0000000000000000000, -0.07499999999999999700 ) ) ;
#3886 = FILL_AREA_STYLE ('',( #1690 ) ) ;
#3887 = DIRECTION ( 'NONE',  ( 0.7071067811865476800, -2.474882848664241500E-030, 0.7071067811865474600 ) ) ;
#3888 =( GEOMETRIC_REPRESENTATION_CONTEXT ( 3 ) GLOBAL_UNCERTAINTY_ASSIGNED_CONTEXT ( ( #1528 ) ) GLOBAL_UNIT_ASSIGNED_CONTEXT ( ( #2727, #877, #3039 ) ) REPRESENTATION_CONTEXT ( 'NONE', 'WORKASPACE' ) );
#3889 = PRODUCT_DEFINITION_SHAPE ( 'NONE', 'NONE',  #3958 ) ;
#3890 =( LENGTH_UNIT ( ) NAMED_UNIT ( * ) SI_UNIT ( .CENTI., .METRE. ) );
#3891 = EDGE_CURVE ( 'NONE', #3293, #623, #1950, .T. ) ;
#3892 = VECTOR ( 'NONE', #2680, 100.0000000000000100 ) ;
#3893 = SURFACE_STYLE_USAGE ( .BOTH. , #1702 ) ;
#3894 = ORIENTED_EDGE ( 'NONE', *, *, #990, .T. ) ;
#3895 = UNCERTAINTY_MEASURE_WITH_UNIT (LENGTH_MEASURE( 1.000000000000000100E-005 ), #540, 'distance_accuracy_value', 'NONE');
#3896 = DIRECTION ( 'NONE',  ( 1.000000000000000000, 0.0000000000000000000, -3.491483361109380100E-015 ) ) ;
#3897 = CARTESIAN_POINT ( 'NONE',  ( 0.01350000000000000000, 0.0004783374793676668300, -0.001035761406496457200 ) ) ;
#3898 = ORIENTED_EDGE ( 'NONE', *, *, #262, .T. ) ;
#3899 = PRESENTATION_STYLE_ASSIGNMENT (( #73 ) ) ;
#3900 = CARTESIAN_POINT ( 'NONE',  ( 0.3250000000000000100, 0.09749999999999990600, 0.3250000000000000100 ) ) ;
#3901 = ORIENTED_EDGE ( 'NONE', *, *, #2541, .F. ) ;
#3902 = AXIS2_PLACEMENT_3D ( 'NONE', #1019, #3186, #2576 ) ;
#3903 = CARTESIAN_POINT ( 'NONE',  ( -0.01350000000000000000, 0.02231665910769030000, -0.03726598633215440200 ) ) ;
#3904 = FACE_OUTER_BOUND ( 'NONE', #2973, .T. ) ;
#3905 = VERTEX_POINT ( 'NONE', #1273 ) ;
#3906 = CARTESIAN_POINT ( 'NONE',  ( -0.3500000000000000300, 0.07749999999999998600, -0.3499999999999999800 ) ) ;
#3907 = DIRECTION ( 'NONE',  ( 3.718265416196996500E-032, 0.06104853953485807300, -0.9981347984218669200 ) ) ;
#3908 = EDGE_LOOP ( 'NONE', ( #3284, #2821, #1806, #58 ) ) ;
#3909 = STYLED_ITEM ( 'NONE', ( #2703 ), #2508 ) ;
#3910 = DIRECTION ( 'NONE',  ( -1.000000000000000000, 0.0000000000000000000, -6.982966722218760200E-015 ) ) ;
#3911 = CIRCLE ( 'NONE', #3752, 0.001000000000000000000 ) ;
#3912 = EDGE_CURVE ( 'NONE', #915, #263, #1032, .T. ) ;
#3913 = VECTOR ( 'NONE', #1911, 100.0000000000000000 ) ;
#3914 = CARTESIAN_POINT ( 'NONE',  ( -0.01350000000000000000, 0.02943061643074725700, -0.04727520294751606800 ) ) ;
#3915 = CONTEXT_DEPENDENT_SHAPE_REPRESENTATION ( #414, #21 ) ;
#3916 = CARTESIAN_POINT ( 'NONE',  ( 0.4018933982822018900, 0.1600000000000001700, 0.2268933982822018400 ) ) ;
#3917 = CARTESIAN_POINT ( 'NONE',  ( 0.01350000000000000000, 0.07850000000000000000, -0.08759269909673479700 ) ) ;
#3918 = ITEM_DEFINED_TRANSFORMATION ( 'NONE', 'NONE', #147,  #3811 ) ;
#3919 = CIRCLE ( 'NONE', #2455, 0.001000000000000000000 ) ;
#3920 = CARTESIAN_POINT ( 'NONE',  ( -0.1250000000000000000, 0.0000000000000000000, -0.4500000000000000700 ) ) ;
#3921 = CARTESIAN_POINT ( 'NONE',  ( 0.01250000000000000100, 0.02131852430926846000, -0.03732703487168929900 ) ) ;
#3922 = PRESENTATION_LAYER_ASSIGNMENT (  '', '', ( #3728 ) ) ;
#3923 = FACE_OUTER_BOUND ( 'NONE', #1167, .T. ) ;
#3924 = ORIENTED_EDGE ( 'NONE', *, *, #687, .T. ) ;
#3925 = DIRECTION ( 'NONE',  ( 0.7071067811865468000, -0.0000000000000000000, -0.7071067811865482400 ) ) ;
#3926 = DIRECTION ( 'NONE',  ( 0.0000000000000000000, -0.9981347984218671400, -0.06104853953485450000 ) ) ;
#3927 = SURFACE_STYLE_FILL_AREA ( #3198 ) ;
#3928 = STYLED_ITEM ( 'NONE', ( #1751 ), #1002 ) ;
#3929 = DIRECTION ( 'NONE',  ( 0.0000000000000000000, 0.2606718782874311600, 0.9654274555191098000 ) ) ;
#3930 = CARTESIAN_POINT ( 'NONE',  ( 0.01308578643762690000, 0.008955826027659947300, -0.06142727398090019900 ) ) ;
#3931 =( NAMED_UNIT ( * ) SI_UNIT ( $, .STERADIAN. ) SOLID_ANGLE_UNIT ( ) );
#3932 = FACE_OUTER_BOUND ( 'NONE', #2196, .T. ) ;
#3933 = MECHANICAL_DESIGN_GEOMETRIC_PRESENTATION_REPRESENTATION (  '', ( #3320 ), #140 ) ;
#3934 = CARTESIAN_POINT ( 'NONE',  ( -0.01350000000000000000, 0.01909666767421790800, -0.0009999999999999043900 ) ) ;
#3935 = CARTESIAN_POINT ( 'NONE',  ( -0.01308578643762690700, 0.07791421356237308900, -0.1499999999999999700 ) ) ;
#3936 = PRODUCT_DEFINITION_SHAPE ( 'NONE', 'NONE',  #3992 ) ;
#3937 = DIRECTION ( 'NONE',  ( -1.000000000000000000, 0.0000000000000000000, -3.491483361109380100E-015 ) ) ;
#3938 = PRESENTATION_STYLE_ASSIGNMENT (( #1 ) ) ;
#3939 = DIRECTION ( 'NONE',  ( -1.000000000000000000, -0.0000000000000000000, -0.0000000000000000000 ) ) ;
#3940 = AXIS2_PLACEMENT_3D ( 'NONE', #764, #2915, #1053 ) ;
#3941 = AXIS2_PLACEMENT_3D ( 'NONE', #1115, #3297, #1412 ) ;
#3942 = PRESENTATION_STYLE_ASSIGNMENT (( #502 ) ) ;
#3943 = VERTEX_POINT ( 'NONE', #3487 ) ;
#3944 = NEXT_ASSEMBLY_USAGE_OCCURRENCE ( 'NAUO1', ' ', ' ', #1601, #995, $ ) ;
#3945 = NEXT_ASSEMBLY_USAGE_OCCURRENCE ( 'NAUO2', ' ', ' ', #1601, #804, $ ) ;
#3946 = NEXT_ASSEMBLY_USAGE_OCCURRENCE ( 'NAUO3', ' ', ' ', #1601, #804, $ ) ;
#3947 = NEXT_ASSEMBLY_USAGE_OCCURRENCE ( 'NAUO4', ' ', ' ', #1601, #804, $ ) ;
#3948 = NEXT_ASSEMBLY_USAGE_OCCURRENCE ( 'NAUO5', ' ', ' ', #1601, #804, $ ) ;
#3949 = NEXT_ASSEMBLY_USAGE_OCCURRENCE ( 'NAUO6', ' ', ' ', #1601, #804, $ ) ;
#3950 = NEXT_ASSEMBLY_USAGE_OCCURRENCE ( 'NAUO7', ' ', ' ', #1601, #804, $ ) ;
#3951 = NEXT_ASSEMBLY_USAGE_OCCURRENCE ( 'NAUO8', ' ', ' ', #1601, #804, $ ) ;
#3952 = NEXT_ASSEMBLY_USAGE_OCCURRENCE ( 'NAUO9', ' ', ' ', #1601, #804, $ ) ;
#3953 = NEXT_ASSEMBLY_USAGE_OCCURRENCE ( 'NAUO10', ' ', ' ', #1601, #804, $ ) ;
#3954 = NEXT_ASSEMBLY_USAGE_OCCURRENCE ( 'NAUO11', ' ', ' ', #1601, #804, $ ) ;
#3955 = NEXT_ASSEMBLY_USAGE_OCCURRENCE ( 'NAUO12', ' ', ' ', #1601, #804, $ ) ;
#3956 = NEXT_ASSEMBLY_USAGE_OCCURRENCE ( 'NAUO13', ' ', ' ', #1601, #804, $ ) ;
#3957 = NEXT_ASSEMBLY_USAGE_OCCURRENCE ( 'NAUO14', ' ', ' ', #1601, #804, $ ) ;
#3958 = NEXT_ASSEMBLY_USAGE_OCCURRENCE ( 'NAUO15', ' ', ' ', #1601, #804, $ ) ;
#3959 = NEXT_ASSEMBLY_USAGE_OCCURRENCE ( 'NAUO16', ' ', ' ', #1601, #804, $ ) ;
#3960 = NEXT_ASSEMBLY_USAGE_OCCURRENCE ( 'NAUO17', ' ', ' ', #1601, #804, $ ) ;
#3961 = NEXT_ASSEMBLY_USAGE_OCCURRENCE ( 'NAUO18', ' ', ' ', #1601, #804, $ ) ;
#3962 = NEXT_ASSEMBLY_USAGE_OCCURRENCE ( 'NAUO19', ' ', ' ', #1601, #804, $ ) ;
#3963 = NEXT_ASSEMBLY_USAGE_OCCURRENCE ( 'NAUO20', ' ', ' ', #1601, #804, $ ) ;
#3964 = NEXT_ASSEMBLY_USAGE_OCCURRENCE ( 'NAUO21', ' ', ' ', #1601, #804, $ ) ;
#3965 = NEXT_ASSEMBLY_USAGE_OCCURRENCE ( 'NAUO22', ' ', ' ', #1601, #804, $ ) ;
#3966 = NEXT_ASSEMBLY_USAGE_OCCURRENCE ( 'NAUO23', ' ', ' ', #1601, #804, $ ) ;
#3967 = NEXT_ASSEMBLY_USAGE_OCCURRENCE ( 'NAUO24', ' ', ' ', #1601, #804, $ ) ;
#3968 = NEXT_ASSEMBLY_USAGE_OCCURRENCE ( 'NAUO25', ' ', ' ', #1601, #804, $ ) ;
#3969 = NEXT_ASSEMBLY_USAGE_OCCURRENCE ( 'NAUO26', ' ', ' ', #1601, #804, $ ) ;
#3970 = NEXT_ASSEMBLY_USAGE_OCCURRENCE ( 'NAUO27', ' ', ' ', #1601, #804, $ ) ;
#3971 = NEXT_ASSEMBLY_USAGE_OCCURRENCE ( 'NAUO28', ' ', ' ', #1601, #804, $ ) ;
#3972 = NEXT_ASSEMBLY_USAGE_OCCURRENCE ( 'NAUO29', ' ', ' ', #1601, #804, $ ) ;
#3973 = NEXT_ASSEMBLY_USAGE_OCCURRENCE ( 'NAUO30', ' ', ' ', #1601, #804, $ ) ;
#3974 = NEXT_ASSEMBLY_USAGE_OCCURRENCE ( 'NAUO31', ' ', ' ', #1601, #804, $ ) ;
#3975 = NEXT_ASSEMBLY_USAGE_OCCURRENCE ( 'NAUO32', ' ', ' ', #1601, #804, $ ) ;
#3976 = NEXT_ASSEMBLY_USAGE_OCCURRENCE ( 'NAUO33', ' ', ' ', #1601, #804, $ ) ;
#3977 = NEXT_ASSEMBLY_USAGE_OCCURRENCE ( 'NAUO34', ' ', ' ', #1601, #804, $ ) ;
#3978 = NEXT_ASSEMBLY_USAGE_OCCURRENCE ( 'NAUO35', ' ', ' ', #1601, #804, $ ) ;
#3979 = NEXT_ASSEMBLY_USAGE_OCCURRENCE ( 'NAUO36', ' ', ' ', #1601, #804, $ ) ;
#3980 = NEXT_ASSEMBLY_USAGE_OCCURRENCE ( 'NAUO37', ' ', ' ', #1601, #804, $ ) ;
#3981 = NEXT_ASSEMBLY_USAGE_OCCURRENCE ( 'NAUO38', ' ', ' ', #1601, #804, $ ) ;
#3982 = NEXT_ASSEMBLY_USAGE_OCCURRENCE ( 'NAUO39', ' ', ' ', #1601, #804, $ ) ;
#3983 = NEXT_ASSEMBLY_USAGE_OCCURRENCE ( 'NAUO40', ' ', ' ', #1601, #804, $ ) ;
#3984 = NEXT_ASSEMBLY_USAGE_OCCURRENCE ( 'NAUO41', ' ', ' ', #1601, #804, $ ) ;
#3985 = NEXT_ASSEMBLY_USAGE_OCCURRENCE ( 'NAUO42', ' ', ' ', #1601, #804, $ ) ;
#3986 = NEXT_ASSEMBLY_USAGE_OCCURRENCE ( 'NAUO43', ' ', ' ', #1601, #804, $ ) ;
#3987 = NEXT_ASSEMBLY_USAGE_OCCURRENCE ( 'NAUO44', ' ', ' ', #1601, #804, $ ) ;
#3988 = NEXT_ASSEMBLY_USAGE_OCCURRENCE ( 'NAUO45', ' ', ' ', #1601, #804, $ ) ;
#3989 = NEXT_ASSEMBLY_USAGE_OCCURRENCE ( 'NAUO46', ' ', ' ', #1601, #804, $ ) ;
#3990 = NEXT_ASSEMBLY_USAGE_OCCURRENCE ( 'NAUO47', ' ', ' ', #1601, #804, $ ) ;
#3991 = NEXT_ASSEMBLY_USAGE_OCCURRENCE ( 'NAUO48', ' ', ' ', #1601, #804, $ ) ;
#3992 = NEXT_ASSEMBLY_USAGE_OCCURRENCE ( 'NAUO49', ' ', ' ', #1601, #804, $ ) ;
ENDSEC;
END-ISO-10303-21;
