ISO-10303-21;
HEADER;
FILE_DESCRIPTION (( 'STEP AP214' ),
    '1' );
FILE_NAME ('User Library-SOD-523F.STEP',
    '2012-10-21T22:08:26',
    ( 'Windows User' ),
    ( '' ),
    'SwSTEP 2.0',
    'SolidWorks 2013',
    '' );
FILE_SCHEMA (( 'AUTOMOTIVE_DESIGN' ));
ENDSEC;

DATA;
#1 = ORIENTED_EDGE ( 'NONE', *, *, #966, .T. ) ;
#2 = DIRECTION ( 'NONE',  ( 0.1209742911513548300, -0.9852565360152931700, 0.1209742911513548300 ) ) ;
#3 = DIRECTION ( 'NONE',  ( 1.000000000000000000, 0.0000000000000000000, -3.252606517456513300E-016 ) ) ;
#4 = VERTEX_POINT ( 'NONE', #1013 ) ;
#5 = CARTESIAN_POINT ( 'NONE',  ( -0.5689957698417338300, 0.2099999999999722400, 0.3987721543909684700 ) ) ;
#6 = FILL_AREA_STYLE ('',( #362 ) ) ;
#7 = CARTESIAN_POINT ( 'NONE',  ( -0.5944248268319760600, 0.1745938583236761600, 0.3944248268319782100 ) ) ;
#8 = FACE_OUTER_BOUND ( 'NONE', #703, .T. ) ;
#9 = EDGE_CURVE ( 'NONE', #1419, #1621, #599, .T. ) ;
#10 =( BOUNDED_CURVE ( )  B_SPLINE_CURVE ( 3, ( #1678, #1469, #932, #1396 ),
 .UNSPECIFIED., .F., .F. ) 
 B_SPLINE_CURVE_WITH_KNOTS ( ( 4, 4 ),
 ( 3.171745790145543300, 3.949717612070414500 ),
 .UNSPECIFIED. ) 
 CURVE ( )  GEOMETRIC_REPRESENTATION_ITEM ( )  RATIONAL_B_SPLINE_CURVE ( ( 1.000000000000000000, 0.9501960860785679800, 0.9501960860785679800, 1.000000000000000000 ) ) 
 REPRESENTATION_ITEM ( '' )  );
#11 = SURFACE_STYLE_FILL_AREA ( #316 ) ;
#12 =( LENGTH_UNIT ( ) NAMED_UNIT ( * ) SI_UNIT ( .MILLI., .METRE. ) );
#13 = CARTESIAN_POINT ( 'NONE',  ( 0.5400576522690598800, 0.6893252848791452400, -0.3120659616118615100 ) ) ;
#14 = FILL_AREA_STYLE_COLOUR ( '', #967 ) ;
#15 = PRESENTATION_STYLE_ASSIGNMENT (( #1598 ) ) ;
#16 = DIRECTION ( 'NONE',  ( 3.252606517456513300E-016, -0.0000000000000000000, 1.000000000000000000 ) ) ;
#17 = LINE ( 'NONE', #1239, #1207 ) ;
#18 = VECTOR ( 'NONE', #318, 1000.000000000000000 ) ;
#19 = CARTESIAN_POINT ( 'NONE',  ( 0.5120659616118676800, 0.6736560803021545100, -0.3418423461611030400 ) ) ;
#20 = DIRECTION ( 'NONE',  ( -0.9925461516413212100, 0.1218693434051545300, 0.0000000000000000000 ) ) ;
#21 =( GEOMETRIC_REPRESENTATION_CONTEXT ( 3 ) GLOBAL_UNCERTAINTY_ASSIGNED_CONTEXT ( ( #1753 ) ) GLOBAL_UNIT_ASSIGNED_CONTEXT ( ( #338, #1281, #1398 ) ) REPRESENTATION_CONTEXT ( 'NONE', 'WORKASPACE' ) );
#22 = LINE ( 'NONE', #212, #794 ) ;
#23 =( GEOMETRIC_REPRESENTATION_CONTEXT ( 3 ) GLOBAL_UNCERTAINTY_ASSIGNED_CONTEXT ( ( #688 ) ) GLOBAL_UNIT_ASSIGNED_CONTEXT ( ( #1379, #1056, #984 ) ) REPRESENTATION_CONTEXT ( 'NONE', 'WORKASPACE' ) );
#24 = SURFACE_STYLE_FILL_AREA ( #1180 ) ;
#25 = ORIENTED_EDGE ( 'NONE', *, *, #517, .F. ) ;
#26 = CARTESIAN_POINT ( 'NONE',  ( -0.5120659616118676800, 0.6733971368769823300, -0.3418729987178733000 ) ) ;
#27 =( LENGTH_UNIT ( ) NAMED_UNIT ( * ) SI_UNIT ( .MILLI., .METRE. ) );
#28 = ORIENTED_EDGE ( 'NONE', *, *, #1426, .T. ) ;
#29 = CYLINDRICAL_SURFACE ( 'NONE', #1034, 0.02999999999999997500 ) ;
#30 = DIRECTION ( 'NONE',  ( 0.0000000000000000000, 0.1218693434051545300, -0.9925461516413212100 ) ) ;
#31 = COLOUR_RGB ( '',1.000000000000000000, 1.000000000000000000, 1.000000000000000000 ) ;
#32 = VECTOR ( 'NONE', #1723, 1000.000000000000000 ) ;
#33 = VERTEX_POINT ( 'NONE', #1159 ) ;
#34 = MECHANICAL_DESIGN_GEOMETRIC_PRESENTATION_REPRESENTATION (  '', ( #1243 ), #672 ) ;
#35 = FACE_OUTER_BOUND ( 'NONE', #750, .T. ) ;
#36 = CARTESIAN_POINT ( 'NONE',  ( -0.5418729987178778600, 0.6703846846320318200, -0.3154412477767435900 ) ) ;
#37 = COLOUR_RGB ( '',1.000000000000000000, 1.000000000000000000, 1.000000000000000000 ) ;
#38 =( NAMED_UNIT ( * ) PLANE_ANGLE_UNIT ( ) SI_UNIT ( $, .RADIAN. ) );
#39 = LINE ( 'NONE', #1069, #156 ) ;
#40 = SURFACE_SIDE_STYLE ('',( #481 ) ) ;
#41 = EDGE_LOOP ( 'NONE', ( #211, #308, #863, #1104, #1748, #550 ) ) ;
#42 =( LENGTH_UNIT ( ) NAMED_UNIT ( * ) SI_UNIT ( .MILLI., .METRE. ) );
#43 = AXIS2_PLACEMENT_3D ( 'NONE', #1662, #558, #793 ) ;
#44 = CARTESIAN_POINT ( 'NONE',  ( -0.5944248268319777300, 0.1745938583236902000, -0.3944248268319730500 ) ) ;
#45 =( BOUNDED_CURVE ( )  B_SPLINE_CURVE ( 3, ( #1101, #663, #1606, #604 ),
 .UNSPECIFIED., .F., .F. ) 
 B_SPLINE_CURVE_WITH_KNOTS ( ( 4, 4 ),
 ( 2.333467695109010100, 3.111439517034044300 ),
 .UNSPECIFIED. ) 
 CURVE ( )  GEOMETRIC_REPRESENTATION_ITEM ( )  RATIONAL_B_SPLINE_CURVE ( ( 1.000000000000000000, 0.9501960860785475500, 0.9501960860785475500, 1.000000000000000000 ) ) 
 REPRESENTATION_ITEM ( '' )  );
#46 = VERTEX_POINT ( 'NONE', #789 ) ;
#47 = ORIENTED_EDGE ( 'NONE', *, *, #121, .F. ) ;
#48 = FACE_OUTER_BOUND ( 'NONE', #606, .T. ) ;
#49 = FILL_AREA_STYLE ('',( #334 ) ) ;
#50 = LINE ( 'NONE', #1463, #708 ) ;
#51 = DIRECTION ( 'NONE',  ( 1.000000000000000000, 0.0000000000000000000, -0.0000000000000000000 ) ) ;
#52 = SURFACE_STYLE_FILL_AREA ( #1535 ) ;
#53 =( NAMED_UNIT ( * ) PLANE_ANGLE_UNIT ( ) SI_UNIT ( $, .RADIAN. ) );
#54 = MECHANICAL_DESIGN_GEOMETRIC_PRESENTATION_REPRESENTATION (  '', ( #1210 ), #835 ) ;
#55 = VECTOR ( 'NONE', #101, 1000.000000000000000 ) ;
#56 = SURFACE_SIDE_STYLE ('',( #1077 ) ) ;
#57 = EDGE_LOOP ( 'NONE', ( #631, #1234, #1195 ) ) ;
#58 =( GEOMETRIC_REPRESENTATION_CONTEXT ( 3 ) GLOBAL_UNCERTAINTY_ASSIGNED_CONTEXT ( ( #1731 ) ) GLOBAL_UNIT_ASSIGNED_CONTEXT ( ( #1431, #514, #207 ) ) REPRESENTATION_CONTEXT ( 'NONE', 'WORKASPACE' ) );
#59 = ORIENTED_EDGE ( 'NONE', *, *, #497, .T. ) ;
#60 = CARTESIAN_POINT ( 'NONE',  ( -0.5280972242417432100, 0.6999999999999999600, 0.3280972242417384800 ) ) ;
#61 = CARTESIAN_POINT ( 'NONE',  ( -0.2620659616118680700, 0.6989999999999999500, -0.3120659616118633400 ) ) ;
#62 =( GEOMETRIC_REPRESENTATION_CONTEXT ( 3 ) GLOBAL_UNCERTAINTY_ASSIGNED_CONTEXT ( ( #1741 ) ) GLOBAL_UNIT_ASSIGNED_CONTEXT ( ( #1768, #650, #1424 ) ) REPRESENTATION_CONTEXT ( 'NONE', 'WORKASPACE' ) );
#63 = CARTESIAN_POINT ( 'NONE',  ( 0.5975443087819429800, 0.2000000000000000400, -0.1500000000000000800 ) ) ;
#64 = VERTEX_POINT ( 'NONE', #1057 ) ;
#65 = MECHANICAL_DESIGN_GEOMETRIC_PRESENTATION_REPRESENTATION (  '', ( #1715 ), #93 ) ;
#66 = UNCERTAINTY_MEASURE_WITH_UNIT (LENGTH_MEASURE( 1.000000000000000100E-005 ), #12, 'distance_accuracy_value', 'NONE');
#67 = CARTESIAN_POINT ( 'NONE',  ( 0.5120659616118679000, 0.6700000000000000400, -0.3999999999999941400 ) ) ;
#68 = ORIENTED_EDGE ( 'NONE', *, *, #1675, .F. ) ;
#69 = PRESENTATION_LAYER_ASSIGNMENT (  '', '', ( #350 ) ) ;
#70 = PRESENTATION_LAYER_ASSIGNMENT (  '', '', ( #1135 ) ) ;
#71 = DIRECTION ( 'NONE',  ( -1.000000000000000000, -0.0000000000000000000, -2.168404344971008900E-016 ) ) ;
#72 = CARTESIAN_POINT ( 'NONE',  ( -0.5280972242417432100, 0.6733971368769823300, 0.3418729987178731300 ) ) ;
#73 = PRESENTATION_STYLE_ASSIGNMENT (( #1629 ) ) ;
#74 = EDGE_CURVE ( 'NONE', #641, #808, #527, .T. ) ;
#75 = ORIENTED_EDGE ( 'NONE', *, *, #1719, .T. ) ;
#76 = FILL_AREA_STYLE_COLOUR ( '', #1015 ) ;
#77 = ORIENTED_EDGE ( 'NONE', *, *, #1707, .T. ) ;
#78 = COLOUR_RGB ( '',0.2509803921568627400, 0.2509803921568627400, 0.2509803921568627400 ) ;
#79 = CARTESIAN_POINT ( 'NONE',  ( 0.5280972242417427700, 0.7000000000000005100, 0.3120659616118632300 ) ) ;
#80 = EDGE_CURVE ( 'NONE', #440, #1525, #637, .T. ) ;
#81 = VERTEX_POINT ( 'NONE', #592 ) ;
#82 = SURFACE_STYLE_USAGE ( .BOTH. , #40 ) ;
#83 = ORIENTED_EDGE ( 'NONE', *, *, #120, .F. ) ;
#84 = ADVANCED_FACE ( 'NONE', ( #1596 ), #373, .T. ) ;
#85 = ORIENTED_EDGE ( 'NONE', *, *, #1303, .T. ) ;
#86 = FACE_OUTER_BOUND ( 'NONE', #1406, .T. ) ;
#87 = PRODUCT_DEFINITION_CONTEXT ( 'detailed design', #1103, 'design' ) ;
#88 = MECHANICAL_DESIGN_GEOMETRIC_PRESENTATION_REPRESENTATION (  '', ( #1332 ), #307 ) ;
#89 = EDGE_LOOP ( 'NONE', ( #1257, #335, #687, #416 ) ) ;
#90 =( LENGTH_UNIT ( ) NAMED_UNIT ( * ) SI_UNIT ( .MILLI., .METRE. ) );
#91 = CARTESIAN_POINT ( 'NONE',  ( -0.2620659616118680700, 0.6989999999999999500, 0.3120659616118633400 ) ) ;
#92 = AXIS2_PLACEMENT_3D ( 'NONE', #1526, #832, #666 ) ;
#93 =( GEOMETRIC_REPRESENTATION_CONTEXT ( 3 ) GLOBAL_UNCERTAINTY_ASSIGNED_CONTEXT ( ( #652 ) ) GLOBAL_UNIT_ASSIGNED_CONTEXT ( ( #1435, #413, #1018 ) ) REPRESENTATION_CONTEXT ( 'NONE', 'WORKASPACE' ) );
#94 = ADVANCED_FACE ( 'NONE', ( #865 ), #1720, .T. ) ;
#95 = EDGE_CURVE ( 'NONE', #136, #46, #1488, .T. ) ;
#96 = FILL_AREA_STYLE ('',( #1371 ) ) ;
#97 = EDGE_LOOP ( 'NONE', ( #747, #1333, #838, #275 ) ) ;
#98 = SURFACE_STYLE_USAGE ( .BOTH. , #1050 ) ;
#99 = PRESENTATION_STYLE_ASSIGNMENT (( #183 ) ) ;
#100 = PRESENTATION_LAYER_ASSIGNMENT (  '', '', ( #632 ) ) ;
#101 = DIRECTION ( 'NONE',  ( 0.0000000000000000000, -0.0000000000000000000, 1.000000000000000000 ) ) ;
#102 = MECHANICAL_DESIGN_GEOMETRIC_PRESENTATION_REPRESENTATION (  '', ( #1706 ), #23 ) ;
#103 = ORIENTED_EDGE ( 'NONE', *, *, #359, .T. ) ;
#104 =( LENGTH_UNIT ( ) NAMED_UNIT ( * ) SI_UNIT ( .MILLI., .METRE. ) );
#105 = ADVANCED_FACE ( 'NONE', ( #1683 ), #627, .T. ) ;
#106 = UNCERTAINTY_MEASURE_WITH_UNIT (LENGTH_MEASURE( 1.000000000000000100E-005 ), #1160, 'distance_accuracy_value', 'NONE');
#107 = DIRECTION ( 'NONE',  ( -1.000000000000000000, -0.0000000000000000000, 0.0000000000000000000 ) ) ;
#108 = CARTESIAN_POINT ( 'NONE',  ( -0.5400576522690598800, 0.6721883545973709200, 0.3312669443944261100 ) ) ;
#109 =( NAMED_UNIT ( * ) PLANE_ANGLE_UNIT ( ) SI_UNIT ( $, .RADIAN. ) );
#110 = CARTESIAN_POINT ( 'NONE',  ( -0.5999999999999988700, 0.1999999999999999800, 0.3999999999999941400 ) ) ;
#111 = LINE ( 'NONE', #613, #1209 ) ;
#112 = CARTESIAN_POINT ( 'NONE',  ( 0.8000000000000000400, 0.2000000000000000100, -0.1500000000000000800 ) ) ;
#113 = VERTEX_POINT ( 'NONE', #945 ) ;
#114 = FILL_AREA_STYLE_COLOUR ( '', #1421 ) ;
#115 = SURFACE_SIDE_STYLE ('',( #817 ) ) ;
#116 = EDGE_CURVE ( 'NONE', #1473, #714, #1587, .T. ) ;
#117 = ORIENTED_EDGE ( 'NONE', *, *, #1279, .T. ) ;
#118 = EDGE_CURVE ( 'NONE', #64, #593, #1726, .T. ) ;
#119 =( LENGTH_UNIT ( ) NAMED_UNIT ( * ) SI_UNIT ( .MILLI., .METRE. ) );
#120 = EDGE_CURVE ( 'NONE', #81, #1621, #1238, .T. ) ;
#121 = EDGE_CURVE ( 'NONE', #1462, #195, #1165, .T. ) ;
#122 = PLANE ( 'NONE',  #1663 ) ;
#123 =( LENGTH_UNIT ( ) NAMED_UNIT ( * ) SI_UNIT ( .MILLI., .METRE. ) );
#124 = CARTESIAN_POINT ( 'NONE',  ( -0.5400576522690598800, 0.6893252848791450200, 0.3223929188550209200 ) ) ;
#125 = AXIS2_PLACEMENT_3D ( 'NONE', #91, #1232, #668 ) ;
#126 = CARTESIAN_POINT ( 'NONE',  ( 0.5754430878194186600, 0.01999999999999997300, 0.3754430878194186500 ) ) ;
#127 =( NAMED_UNIT ( * ) SI_UNIT ( $, .STERADIAN. ) SOLID_ANGLE_UNIT ( ) );
#128 = FACE_OUTER_BOUND ( 'NONE', #1482, .T. ) ;
#129 = ORIENTED_EDGE ( 'NONE', *, *, #486, .F. ) ;
#130 = ORIENTED_EDGE ( 'NONE', *, *, #1558, .T. ) ;
#131 = STYLED_ITEM ( 'NONE', ( #260 ), #329 ) ;
#132 = ORIENTED_EDGE ( 'NONE', *, *, #591, .F. ) ;
#133 = CARTESIAN_POINT ( 'NONE',  ( -0.5120659616118680100, 0.6989999999999999500, -0.3120659616118633400 ) ) ;
#134 = FILL_AREA_STYLE ('',( #748 ) ) ;
#135 = DIRECTION ( 'NONE',  ( 0.1209742911513548600, -0.9852565360152931700, 0.1209742911513548600 ) ) ;
#136 = VERTEX_POINT ( 'NONE', #519 ) ;
#137 = UNCERTAINTY_MEASURE_WITH_UNIT (LENGTH_MEASURE( 1.000000000000000100E-005 ), #1049, 'distance_accuracy_value', 'NONE');
#138 = SURFACE_STYLE_FILL_AREA ( #569 ) ;
#139 = AXIS2_PLACEMENT_3D ( 'NONE', #564, #1540, #992 ) ;
#140 = ORIENTED_EDGE ( 'NONE', *, *, #1495, .T. ) ;
#141 =( NAMED_UNIT ( * ) SI_UNIT ( $, .STERADIAN. ) SOLID_ANGLE_UNIT ( ) );
#142 = SURFACE_SIDE_STYLE ('',( #1735 ) ) ;
#143 =( LENGTH_UNIT ( ) NAMED_UNIT ( * ) SI_UNIT ( .MILLI., .METRE. ) );
#144 = UNCERTAINTY_MEASURE_WITH_UNIT (LENGTH_MEASURE( 1.000000000000000100E-005 ), #1605, 'distance_accuracy_value', 'NONE');
#145 = ORIENTED_EDGE ( 'NONE', *, *, #1633, .T. ) ;
#146 = LINE ( 'NONE', #868, #1784 ) ;
#147 = SURFACE_SIDE_STYLE ('',( #1387 ) ) ;
#148 = LINE ( 'NONE', #921, #899 ) ;
#149 = LINE ( 'NONE', #885, #1568 ) ;
#150 = CARTESIAN_POINT ( 'NONE',  ( 0.5120659616118679000, 0.6700000000000000400, 0.3120659616118632900 ) ) ;
#151 = UNCERTAINTY_MEASURE_WITH_UNIT (LENGTH_MEASURE( 1.000000000000000100E-005 ), #351, 'distance_accuracy_value', 'NONE');
#152 = PRESENTATION_STYLE_ASSIGNMENT (( #718 ) ) ;
#153 = VECTOR ( 'NONE', #463, 1000.000000000000000 ) ;
#154 =( NAMED_UNIT ( * ) SI_UNIT ( $, .STERADIAN. ) SOLID_ANGLE_UNIT ( ) );
#155 = PRESENTATION_LAYER_ASSIGNMENT (  '', '', ( #1470 ) ) ;
#156 = VECTOR ( 'NONE', #715, 1000.000000000000000 ) ;
#157 = FILL_AREA_STYLE_COLOUR ( '', #1249 ) ;
#158 = UNCERTAINTY_MEASURE_WITH_UNIT (LENGTH_MEASURE( 1.000000000000000100E-005 ), #785, 'distance_accuracy_value', 'NONE');
#159 = ADVANCED_FACE ( 'NONE', ( #830 ), #1618, .T. ) ;
#160 = ORIENTED_EDGE ( 'NONE', *, *, #1647, .F. ) ;
#161 = DIRECTION ( 'NONE',  ( 0.0000000000000000000, 0.0000000000000000000, 1.000000000000000000 ) ) ;
#162 = MECHANICAL_DESIGN_GEOMETRIC_PRESENTATION_REPRESENTATION (  '', ( #1456 ), #843 ) ;
#163 = ORIENTED_EDGE ( 'NONE', *, *, #922, .T. ) ;
#164 = LINE ( 'NONE', #249, #846 ) ;
#165 = CARTESIAN_POINT ( 'NONE',  ( -0.5859580340791505900, 0.1975793560946296800, 0.3972470910829196100 ) ) ;
#166 = DIRECTION ( 'NONE',  ( 0.0000000000000000000, -0.1218693434051487100, -0.9925461516413217600 ) ) ;
#167 = COLOUR_RGB ( '',0.2509803921568627400, 0.2509803921568627400, 0.2509803921568627400 ) ;
#168 = CARTESIAN_POINT ( 'NONE',  ( 0.5859580340791513700, 0.1975793560946282100, 0.3972470910829193300 ) ) ;
#169 = ORIENTED_EDGE ( 'NONE', *, *, #856, .T. ) ;
#170 = CARTESIAN_POINT ( 'NONE',  ( 0.5987721543909707600, 0.2099999999999907500, -0.3689957698417265500 ) ) ;
#171 = DIRECTION ( 'NONE',  ( 0.0000000000000000000, 0.1218693434051478400, -0.9925461516413219800 ) ) ;
#172 =( GEOMETRIC_REPRESENTATION_CONTEXT ( 3 ) GLOBAL_UNCERTAINTY_ASSIGNED_CONTEXT ( ( #1376 ) ) GLOBAL_UNIT_ASSIGNED_CONTEXT ( ( #42, #804, #883 ) ) REPRESENTATION_CONTEXT ( 'NONE', 'WORKASPACE' ) );
#173 = FILL_AREA_STYLE_COLOUR ( '', #1778 ) ;
#174 = VECTOR ( 'NONE', #506, 1000.000000000000000 ) ;
#175 = CARTESIAN_POINT ( 'NONE',  ( -0.5280972242417429900, 0.7000000000000001800, -0.3280972242417387100 ) ) ;
#176 = CARTESIAN_POINT ( 'NONE',  ( -0.8000000000000000400, 0.0000000000000000000, -0.1499999999999999700 ) ) ;
#177 = LINE ( 'NONE', #1466, #931 ) ;
#178 = SURFACE_STYLE_USAGE ( .BOTH. , #1578 ) ;
#179 =( GEOMETRIC_REPRESENTATION_CONTEXT ( 3 ) GLOBAL_UNCERTAINTY_ASSIGNED_CONTEXT ( ( #158 ) ) GLOBAL_UNIT_ASSIGNED_CONTEXT ( ( #785, #1569, #231 ) ) REPRESENTATION_CONTEXT ( 'NONE', 'WORKASPACE' ) );
#180 = AXIS2_PLACEMENT_3D ( 'NONE', #1430, #725, #1147 ) ;
#181 = ORIENTED_EDGE ( 'NONE', *, *, #628, .F. ) ;
#182 = SURFACE_STYLE_FILL_AREA ( #583 ) ;
#183 = SURFACE_STYLE_USAGE ( .BOTH. , #384 ) ;
#184 = MECHANICAL_DESIGN_GEOMETRIC_PRESENTATION_REPRESENTATION (  '', ( #301 ), #283 ) ;
#185 = ORIENTED_EDGE ( 'NONE', *, *, #1577, .F. ) ;
#186 = VERTEX_POINT ( 'NONE', #653 ) ;
#187 = PRODUCT_RELATED_PRODUCT_CATEGORY ( 'part', '', ( #729 ) ) ;
#188 = CARTESIAN_POINT ( 'NONE',  ( -0.5944248268319777300, 0.1745938583236902000, -0.3944248268319730500 ) ) ;
#189 = LINE ( 'NONE', #126, #573 ) ;
#190 = PRESENTATION_LAYER_ASSIGNMENT (  '', '', ( #1088 ) ) ;
#191 = CARTESIAN_POINT ( 'NONE',  ( 0.5689957698417299500, 0.2100000000000003300, -0.3987721543909650800 ) ) ;
#192 = VERTEX_POINT ( 'NONE', #1354 ) ;
#193 = EDGE_LOOP ( 'NONE', ( #1416, #946, #28, #936 ) ) ;
#194 = DIRECTION ( 'NONE',  ( -1.000000000000000000, -0.0000000000000000000, -0.0000000000000000000 ) ) ;
#195 = VERTEX_POINT ( 'NONE', #895 ) ;
#196 = CIRCLE ( 'NONE', #780, 0.02999999999999997100 ) ;
#197 = ORIENTED_EDGE ( 'NONE', *, *, #313, .F. ) ;
#198 = FILL_AREA_STYLE ('',( #809 ) ) ;
#199 = SURFACE_STYLE_FILL_AREA ( #547 ) ;
#200 = ORIENTED_EDGE ( 'NONE', *, *, #1303, .F. ) ;
#201 =( LENGTH_UNIT ( ) NAMED_UNIT ( * ) SI_UNIT ( .MILLI., .METRE. ) );
#202 = FACE_OUTER_BOUND ( 'NONE', #1580, .T. ) ;
#203 = SURFACE_STYLE_USAGE ( .BOTH. , #761 ) ;
#204 = VECTOR ( 'NONE', #1363, 1000.000000000000000 ) ;
#205 = CARTESIAN_POINT ( 'NONE',  ( -0.5120659616118680100, 0.6999999999999999600, -0.3999999999999941400 ) ) ;
#206 = ORIENTED_EDGE ( 'NONE', *, *, #80, .T. ) ;
#207 =( NAMED_UNIT ( * ) SI_UNIT ( $, .STERADIAN. ) SOLID_ANGLE_UNIT ( ) );
#208 = LINE ( 'NONE', #1681, #1703 ) ;
#209 =( NAMED_UNIT ( * ) PLANE_ANGLE_UNIT ( ) SI_UNIT ( $, .RADIAN. ) );
#210 = AXIS2_PLACEMENT_3D ( 'NONE', #679, #1386, #728 ) ;
#211 = ORIENTED_EDGE ( 'NONE', *, *, #1668, .T. ) ;
#212 = CARTESIAN_POINT ( 'NONE',  ( -0.5754430878194164400, 0.02000000000000000000, -0.3999999999999941400 ) ) ;
#213 = EDGE_LOOP ( 'NONE', ( #1395, #315, #1079, #939, #181, #1350 ) ) ;
#214 =( LENGTH_UNIT ( ) NAMED_UNIT ( * ) SI_UNIT ( .MILLI., .METRE. ) );
#215 = SURFACE_STYLE_USAGE ( .BOTH. , #1190 ) ;
#216 = DIRECTION ( 'NONE',  ( -1.000000000000000000, 0.0000000000000000000, -1.084202172485504400E-016 ) ) ;
#217 = MANIFOLD_SOLID_BREP ( 'NONE', #1612 ) ;
#218 = SURFACE_STYLE_FILL_AREA ( #450 ) ;
#219 = FILL_AREA_STYLE ('',( #298 ) ) ;
#220 = VECTOR ( 'NONE', #950, 1000.000000000000000 ) ;
#221 =( NAMED_UNIT ( * ) SI_UNIT ( $, .STERADIAN. ) SOLID_ANGLE_UNIT ( ) );
#222 = EDGE_LOOP ( 'NONE', ( #132, #1711, #887, #1224 ) ) ;
#223 = EDGE_CURVE ( 'NONE', #1709, #1322, #1051, .T. ) ;
#224 = SURFACE_STYLE_USAGE ( .BOTH. , #1433 ) ;
#225 = COLOUR_RGB ( '',0.2509803921568627400, 0.2509803921568627400, 0.2509803921568627400 ) ;
#226 = UNCERTAINTY_MEASURE_WITH_UNIT (LENGTH_MEASURE( 1.000000000000000100E-005 ), #912, 'distance_accuracy_value', 'NONE');
#227 = FILL_AREA_STYLE ('',( #644 ) ) ;
#228 = DIRECTION ( 'NONE',  ( 0.0000000000000000000, 0.1218693434051477300, -0.9925461516413219800 ) ) ;
#229 = VERTEX_POINT ( 'NONE', #291 ) ;
#230 = AXIS2_PLACEMENT_3D ( 'NONE', #1250, #377, #346 ) ;
#231 =( NAMED_UNIT ( * ) SI_UNIT ( $, .STERADIAN. ) SOLID_ANGLE_UNIT ( ) );
#232 = CYLINDRICAL_SURFACE ( 'NONE', #859, 0.02999999999999997800 ) ;
#233 = CARTESIAN_POINT ( 'NONE',  ( -0.2620659616118680700, 0.6999999999999999600, -0.3999999999999941400 ) ) ;
#234 = PRESENTATION_STYLE_ASSIGNMENT (( #574 ) ) ;
#235 = DIRECTION ( 'NONE',  ( 1.000000000000000000, -0.0000000000000000000, -0.0000000000000000000 ) ) ;
#236 =( NAMED_UNIT ( * ) SI_UNIT ( $, .STERADIAN. ) SOLID_ANGLE_UNIT ( ) );
#237 = CARTESIAN_POINT ( 'NONE',  ( -0.5500000000000000400, 0.0000000000000000000, 0.1500000000000000200 ) ) ;
#238 = DIRECTION ( 'NONE',  ( -0.9925461516413219800, 0.1218693434051477300, 0.0000000000000000000 ) ) ;
#239 = LINE ( 'NONE', #978, #339 ) ;
#240 = DIRECTION ( 'NONE',  ( -0.1218693434051545100, 0.9925461516413210900, 0.0000000000000000000 ) ) ;
#241 = DIRECTION ( 'NONE',  ( 0.0000000000000000000, -0.0000000000000000000, 1.000000000000000000 ) ) ;
#242 = ORIENTED_EDGE ( 'NONE', *, *, #1335, .T. ) ;
#243 = ADVANCED_FACE ( 'NONE', ( #651 ), #402, .T. ) ;
#244 = PRESENTATION_STYLE_ASSIGNMENT (( #1586 ) ) ;
#245 = EDGE_LOOP ( 'NONE', ( #685, #824, #197, #427 ) ) ;
#246 = CYLINDRICAL_SURFACE ( 'NONE', #139, 0.02999999999999997500 ) ;
#247 = DIRECTION ( 'NONE',  ( 0.9925461516413212100, 0.1218693434051545300, -0.0000000000000000000 ) ) ;
#248 = CARTESIAN_POINT ( 'NONE',  ( -0.2620659616118680700, 0.6989999999999999500, 0.3120659616118633400 ) ) ;
#249 = CARTESIAN_POINT ( 'NONE',  ( -0.5999999999999987600, 0.7000000000000000700, -0.3120659616118633400 ) ) ;
#250 = UNCERTAINTY_MEASURE_WITH_UNIT (LENGTH_MEASURE( 1.000000000000000100E-005 ), #493, 'distance_accuracy_value', 'NONE');
#251 = DIRECTION ( 'NONE',  ( 1.000000000000000000, 0.0000000000000000000, 0.0000000000000000000 ) ) ;
#252 = PRESENTATION_STYLE_ASSIGNMENT (( #919 ) ) ;
#253 = DIRECTION ( 'NONE',  ( -0.0000000000000000000, 0.1218693434051477300, 0.9925461516413219800 ) ) ;
#254 = SURFACE_STYLE_FILL_AREA ( #549 ) ;
#256 = MECHANICAL_DESIGN_GEOMETRIC_PRESENTATION_REPRESENTATION (  '', ( #259 ), #1551 ) ;
#255 = LINE ( 'NONE', #397, #995 ) ;
#257 = ORIENTED_EDGE ( 'NONE', *, *, #856, .F. ) ;
#258 = DIRECTION ( 'NONE',  ( 0.0000000000000000000, -0.0000000000000000000, 1.000000000000000000 ) ) ;
#259 = STYLED_ITEM ( 'NONE', ( #616 ), #1360 ) ;
#260 = PRESENTATION_STYLE_ASSIGNMENT (( #640 ) ) ;
#261 = CARTESIAN_POINT ( 'NONE',  ( 0.5706593862616166100, 0.1964509315531764400, -0.4004357708108516900 ) ) ;
#262 = EDGE_CURVE ( 'NONE', #872, #814, #983, .T. ) ;
#263 = SURFACE_STYLE_USAGE ( .BOTH. , #1152 ) ;
#264 = VERTEX_POINT ( 'NONE', #1743 ) ;
#265 = UNCERTAINTY_MEASURE_WITH_UNIT (LENGTH_MEASURE( 1.000000000000000100E-005 ), #896, 'distance_accuracy_value', 'NONE');
#266 = SURFACE_STYLE_FILL_AREA ( #280 ) ;
#267 = DIRECTION ( 'NONE',  ( 1.000000000000000000, 0.0000000000000000000, 0.0000000000000000000 ) ) ;
#268 = DIRECTION ( 'NONE',  ( 0.0000000000000000000, 0.0000000000000000000, 1.000000000000000000 ) ) ;
#269 = SURFACE_STYLE_FILL_AREA ( #219 ) ;
#270 = STYLED_ITEM ( 'NONE', ( #1512 ), #646 ) ;
#271 = STYLED_ITEM ( 'NONE', ( #244 ), #1773 ) ;
#272 = DIRECTION ( 'NONE',  ( 0.1209742911513548300, -0.9852565360152931700, -0.1209742911513548300 ) ) ;
#273 = FILL_AREA_STYLE ('',( #813 ) ) ;
#274 = CARTESIAN_POINT ( 'NONE',  ( 0.5975443087819428700, 0.2000000000000000400, 0.4000000000000010200 ) ) ;
#275 = ORIENTED_EDGE ( 'NONE', *, *, #540, .F. ) ;
#276 = VERTEX_POINT ( 'NONE', #63 ) ;
#277 = VECTOR ( 'NONE', #1738, 1000.000000000000000 ) ;
#278 = CARTESIAN_POINT ( 'NONE',  ( -0.5500000000000000400, 0.2000000000000000100, 0.1499999999999999900 ) ) ;
#279 = ORIENTED_EDGE ( 'NONE', *, *, #818, .F. ) ;
#280 = FILL_AREA_STYLE ('',( #1420 ) ) ;
#281 = EDGE_LOOP ( 'NONE', ( #1452, #1785, #589 ) ) ;
#282 = CARTESIAN_POINT ( 'NONE',  ( -0.5400576522690597700, 0.6721883545973710300, -0.3312669443944263300 ) ) ;
#283 =( GEOMETRIC_REPRESENTATION_CONTEXT ( 3 ) GLOBAL_UNCERTAINTY_ASSIGNED_CONTEXT ( ( #1206 ) ) GLOBAL_UNIT_ASSIGNED_CONTEXT ( ( #119, #1464, #451 ) ) REPRESENTATION_CONTEXT ( 'NONE', 'WORKASPACE' ) );
#284 =( NAMED_UNIT ( * ) PLANE_ANGLE_UNIT ( ) SI_UNIT ( $, .RADIAN. ) );
#285 = FILL_AREA_STYLE_COLOUR ( '', #343 ) ;
#286 = SURFACE_SIDE_STYLE ('',( #754 ) ) ;
#287 =( NAMED_UNIT ( * ) SI_UNIT ( $, .STERADIAN. ) SOLID_ANGLE_UNIT ( ) );
#288 = PRESENTATION_STYLE_ASSIGNMENT (( #98 ) ) ;
#289 = AXIS2_PLACEMENT_3D ( 'NONE', #681, #247, #240 ) ;
#290 = ORIENTED_EDGE ( 'NONE', *, *, #95, .F. ) ;
#291 = CARTESIAN_POINT ( 'NONE',  ( -0.5418423461611076000, 0.6736560803021546300, -0.3120659616118635100 ) ) ;
#292 = FACE_OUTER_BOUND ( 'NONE', #213, .T. ) ;
#293 = CARTESIAN_POINT ( 'NONE',  ( -0.5280972242417429900, 0.6733971368769823300, -0.3418729987178734700 ) ) ;
#294 = UNCERTAINTY_MEASURE_WITH_UNIT (LENGTH_MEASURE( 1.000000000000000100E-005 ), #765, 'distance_accuracy_value', 'NONE');
#295 = VERTEX_POINT ( 'NONE', #812 ) ;
#296 = PLANE ( 'NONE',  #712 ) ;
#297 = ORIENTED_EDGE ( 'NONE', *, *, #1204, .T. ) ;
#298 = FILL_AREA_STYLE_COLOUR ( '', #1562 ) ;
#299 =( GEOMETRIC_REPRESENTATION_CONTEXT ( 3 ) GLOBAL_UNCERTAINTY_ASSIGNED_CONTEXT ( ( #1478 ) ) GLOBAL_UNIT_ASSIGNED_CONTEXT ( ( #1793, #524, #1714 ) ) REPRESENTATION_CONTEXT ( 'NONE', 'WORKASPACE' ) );
#300 = VERTEX_POINT ( 'NONE', #674 ) ;
#301 = STYLED_ITEM ( 'NONE', ( #1167 ), #1221 ) ;
#302 = CARTESIAN_POINT ( 'NONE',  ( 0.5859580340791517000, 0.1975793560946510500, -0.3972470910829152300 ) ) ;
#303 = SURFACE_STYLE_FILL_AREA ( #1037 ) ;
#304 = DIRECTION ( 'NONE',  ( -0.0000000000000000000, 0.0000000000000000000, -1.000000000000000000 ) ) ;
#305 = PRESENTATION_STYLE_ASSIGNMENT (( #1273 ) ) ;
#306 = SURFACE_SIDE_STYLE ('',( #610 ) ) ;
#307 =( GEOMETRIC_REPRESENTATION_CONTEXT ( 3 ) GLOBAL_UNCERTAINTY_ASSIGNED_CONTEXT ( ( #771 ) ) GLOBAL_UNIT_ASSIGNED_CONTEXT ( ( #515, #1222, #1006 ) ) REPRESENTATION_CONTEXT ( 'NONE', 'WORKASPACE' ) );
#308 = ORIENTED_EDGE ( 'NONE', *, *, #1672, .F. ) ;
#309 = FACE_OUTER_BOUND ( 'NONE', #395, .T. ) ;
#310 = AXIS2_PLACEMENT_3D ( 'NONE', #61, #1145, #1441 ) ;
#311 = VECTOR ( 'NONE', #446, 1000.000000000000000 ) ;
#312 = DIRECTION ( 'NONE',  ( 0.0000000000000000000, 0.0000000000000000000, -1.000000000000000000 ) ) ;
#313 = EDGE_CURVE ( 'NONE', #641, #1742, #962, .T. ) ;
#314 = CARTESIAN_POINT ( 'NONE',  ( -0.2620659616118680700, 0.6989999999999999500, -0.3120659616118633400 ) ) ;
#315 = ORIENTED_EDGE ( 'NONE', *, *, #540, .T. ) ;
#316 = FILL_AREA_STYLE ('',( #1211 ) ) ;
#317 = DIRECTION ( 'NONE',  ( 0.0000000000000000000, -0.1218693434051478400, -0.9925461516413219800 ) ) ;
#318 = DIRECTION ( 'NONE',  ( -1.000000000000000000, 0.0000000000000000000, 2.168404344971008900E-016 ) ) ;
#319 = ORIENTED_EDGE ( 'NONE', *, *, #1344, .T. ) ;
#320 =( NAMED_UNIT ( * ) PLANE_ANGLE_UNIT ( ) SI_UNIT ( $, .RADIAN. ) );
#321 = COLOUR_RGB ( '',0.7529411764705882200, 0.7529411764705882200, 0.7529411764705882200 ) ;
#322 = SURFACE_SIDE_STYLE ('',( #1000 ) ) ;
#323 = COLOUR_RGB ( '',0.2509803921568627400, 0.2509803921568627400, 0.2509803921568627400 ) ;
#324 = DIRECTION ( 'NONE',  ( -0.1209742911513548300, 0.9852565360152931700, 0.1209742911513548300 ) ) ;
#325 = EDGE_CURVE ( 'NONE', #1740, #264, #239, .T. ) ;
#326 = SURFACE_STYLE_USAGE ( .BOTH. , #1624 ) ;
#327 =( GEOMETRIC_REPRESENTATION_CONTEXT ( 3 ) GLOBAL_UNCERTAINTY_ASSIGNED_CONTEXT ( ( #1635 ) ) GLOBAL_UNIT_ASSIGNED_CONTEXT ( ( #1584, #467, #1566 ) ) REPRESENTATION_CONTEXT ( 'NONE', 'WORKASPACE' ) );
#328 = PLANE ( 'NONE',  #1137 ) ;
#329 = ADVANCED_FACE ( 'NONE', ( #35 ), #905, .T. ) ;
#330 = CARTESIAN_POINT ( 'NONE',  ( 0.5280972242417429900, 0.6999999999999998400, -0.3120659616118601800 ) ) ;
#331 = ORIENTED_EDGE ( 'NONE', *, *, #1150, .T. ) ;
#332 = COLOUR_RGB ( '',0.7529411764705882200, 0.7529411764705882200, 0.7529411764705882200 ) ;
#333 = VECTOR ( 'NONE', #1313, 1000.000000000000000 ) ;
#334 = FILL_AREA_STYLE_COLOUR ( '', #845 ) ;
#335 = ORIENTED_EDGE ( 'NONE', *, *, #1558, .F. ) ;
#336 = DIRECTION ( 'NONE',  ( 0.0000000000000000000, 0.0000000000000000000, 1.000000000000000000 ) ) ;
#337 = SURFACE_STYLE_FILL_AREA ( #990 ) ;
#338 =( LENGTH_UNIT ( ) NAMED_UNIT ( * ) SI_UNIT ( .MILLI., .METRE. ) );
#339 = VECTOR ( 'NONE', #502, 1000.000000000000000 ) ;
#340 = CARTESIAN_POINT ( 'NONE',  ( 0.5280972242417429900, 0.6733971368769822200, -0.3418729987178734100 ) ) ;
#341 = CARTESIAN_POINT ( 'NONE',  ( 0.5689957698417299500, 0.2100000000000003300, -0.3987721543909650800 ) ) ;
#342 = MECHANICAL_DESIGN_GEOMETRIC_PRESENTATION_REPRESENTATION (  '', ( #632 ), #1582 ) ;
#343 = COLOUR_RGB ( '',0.2509803921568627400, 0.2509803921568627400, 0.2509803921568627400 ) ;
#344 = UNCERTAINTY_MEASURE_WITH_UNIT (LENGTH_MEASURE( 1.000000000000000100E-005 ), #90, 'distance_accuracy_value', 'NONE');
#345 = DIRECTION ( 'NONE',  ( -0.1209742911513614600, -0.9852565360152914000, 0.1209742911513614600 ) ) ;
#346 = DIRECTION ( 'NONE',  ( 0.0000000000000000000, 0.0000000000000000000, 1.000000000000000000 ) ) ;
#347 =( NAMED_UNIT ( * ) PLANE_ANGLE_UNIT ( ) SI_UNIT ( $, .RADIAN. ) );
#348 = CARTESIAN_POINT ( 'NONE',  ( 0.5418729987178777500, 0.6733971368769824400, 0.3138813080606813200 ) ) ;
#349 = VECTOR ( 'NONE', #1655, 1000.000000000000000 ) ;
#350 = STYLED_ITEM ( 'NONE', ( #538 ), #390 ) ;
#351 =( LENGTH_UNIT ( ) NAMED_UNIT ( * ) SI_UNIT ( .MILLI., .METRE. ) );
#352 = CARTESIAN_POINT ( 'NONE',  ( -0.5999999999999988700, 0.02000000000000000000, -0.3999999999999941400 ) ) ;
#353 = ORIENTED_EDGE ( 'NONE', *, *, #500, .T. ) ;
#354 = CARTESIAN_POINT ( 'NONE',  ( 0.5120659616118679000, 0.6700000000000002600, -0.3120659616118633400 ) ) ;
#355 = EDGE_CURVE ( 'NONE', #593, #1271, #1127, .T. ) ;
#356 = FACE_OUTER_BOUND ( 'NONE', #1514, .T. ) ;
#357 = PRESENTATION_LAYER_ASSIGNMENT (  '', '', ( #1226 ) ) ;
#358 = CARTESIAN_POINT ( 'NONE',  ( -0.5120659616118679000, 0.6733971368769823300, 0.3418729987178731300 ) ) ;
#359 = EDGE_CURVE ( 'NONE', #1766, #996, #1362, .T. ) ;
#360 = VECTOR ( 'NONE', #1357, 1000.000000000000000 ) ;
#361 = PRESENTATION_STYLE_ASSIGNMENT (( #1336 ) ) ;
#362 = FILL_AREA_STYLE_COLOUR ( '', #1513 ) ;
#363 = ORIENTED_EDGE ( 'NONE', *, *, #1024, .T. ) ;
#364 = VECTOR ( 'NONE', #107, 1000.000000000000000 ) ;
#365 = UNCERTAINTY_MEASURE_WITH_UNIT (LENGTH_MEASURE( 1.000000000000000100E-005 ), #1790, 'distance_accuracy_value', 'NONE');
#366 = CARTESIAN_POINT ( 'NONE',  ( 0.5500000000000000400, 0.2000000000000000100, 0.1499999999999998600 ) ) ;
#367 = PRESENTATION_LAYER_ASSIGNMENT (  '', '', ( #271 ) ) ;
#368 = DIRECTION ( 'NONE',  ( 1.000000000000000000, 0.0000000000000000000, -0.0000000000000000000 ) ) ;
#369 = LINE ( 'NONE', #607, #1536 ) ;
#370 = CARTESIAN_POINT ( 'NONE',  ( 0.6000000000000009800, 0.2200000000000002000, 0.4000000000000010200 ) ) ;
#371 = LINE ( 'NONE', #1650, #1170 ) ;
#372 = STYLED_ITEM ( 'NONE', ( #1617 ), #1368 ) ;
#373 = PLANE ( 'NONE',  #1080 ) ;
#374 = AXIS2_PLACEMENT_3D ( 'NONE', #961, #854, #1339 ) ;
#375 = SURFACE_STYLE_FILL_AREA ( #1531 ) ;
#376 = MECHANICAL_DESIGN_GEOMETRIC_PRESENTATION_REPRESENTATION (  '', ( #271 ), #179 ) ;
#377 = DIRECTION ( 'NONE',  ( -1.000000000000000000, 0.0000000000000000000, 0.0000000000000000000 ) ) ;
#378 = CARTESIAN_POINT ( 'NONE',  ( 0.5418729987178777500, 0.6733971368769824400, -0.3138813080606810400 ) ) ;
#379 = FILL_AREA_STYLE ('',( #114 ) ) ;
#380 = CIRCLE ( 'NONE', #629, 0.02999999999999998500 ) ;
#381 = LINE ( 'NONE', #444, #554 ) ;
#382 = EDGE_LOOP ( 'NONE', ( #1032, #893, #1527, #1070 ) ) ;
#383 = ORIENTED_EDGE ( 'NONE', *, *, #1485, .F. ) ;
#384 = SURFACE_SIDE_STYLE ('',( #1467 ) ) ;
#385 = CARTESIAN_POINT ( 'NONE',  ( 0.8000000000000000400, 0.2000000000000000100, -0.1500000000000001100 ) ) ;
#386 = DIRECTION ( 'NONE',  ( 1.000000000000000000, 0.0000000000000000000, 2.168404344971008900E-016 ) ) ;
#387 = SURFACE_STYLE_FILL_AREA ( #134 ) ;
#388 = CARTESIAN_POINT ( 'NONE',  ( -0.5999999999999988700, 0.02000000000000000000, -0.3754430878194117100 ) ) ;
#389 = ORIENTED_EDGE ( 'NONE', *, *, #1719, .F. ) ;
#390 = ADVANCED_FACE ( 'NONE', ( #356 ), #1060, .F. ) ;
#391 = DIRECTION ( 'NONE',  ( 0.0000000000000000000, 0.0000000000000000000, -1.000000000000000000 ) ) ;
#392 =( GEOMETRIC_REPRESENTATION_CONTEXT ( 3 ) GLOBAL_UNCERTAINTY_ASSIGNED_CONTEXT ( ( #618 ) ) GLOBAL_UNIT_ASSIGNED_CONTEXT ( ( #1330, #109, #969 ) ) REPRESENTATION_CONTEXT ( 'NONE', 'WORKASPACE' ) );
#393 = CARTESIAN_POINT ( 'NONE',  ( -0.5999999999999988700, 0.02000000000000000000, 0.1499999999999999100 ) ) ;
#394 = CARTESIAN_POINT ( 'NONE',  ( -0.5400576522690598800, 0.6893252848791451300, -0.3223929188550209700 ) ) ;
#395 = EDGE_LOOP ( 'NONE', ( #775, #680, #185, #488, #594, #1096 ) ) ;
#396 = DIRECTION ( 'NONE',  ( 1.000000000000000000, 0.0000000000000000000, -0.0000000000000000000 ) ) ;
#397 = CARTESIAN_POINT ( 'NONE',  ( -0.8000000000000000400, 0.2000000000000000100, -0.1499999999999999400 ) ) ;
#398 = DIRECTION ( 'NONE',  ( 0.0000000000000000000, -0.1218693434051469300, -0.9925461516413222100 ) ) ;
#399 = ORIENTED_EDGE ( 'NONE', *, *, #556, .F. ) ;
#400 = LINE ( 'NONE', #1219, #1184 ) ;
#401 = ADVANCED_FACE ( 'NONE', ( #1447 ), #535, .F. ) ;
#402 = PLANE ( 'NONE',  #1575 ) ;
#403 = EDGE_CURVE ( 'NONE', #1766, #1740, #1648, .T. ) ;
#404 =( NAMED_UNIT ( * ) PLANE_ANGLE_UNIT ( ) SI_UNIT ( $, .RADIAN. ) );
#405 = STYLED_ITEM ( 'NONE', ( #786 ), #1182 ) ;
#406 = ORIENTED_EDGE ( 'NONE', *, *, #999, .F. ) ;
#407 = CARTESIAN_POINT ( 'NONE',  ( 0.5280972242417427700, 0.7000000000000006200, 0.3280972242417386500 ) ) ;
#408 = CIRCLE ( 'NONE', #1480, 0.02999999999999997100 ) ;
#409 = CARTESIAN_POINT ( 'NONE',  ( -0.5999999999999988700, 0.02000000000000000000, -0.1500000000000001900 ) ) ;
#410 = CARTESIAN_POINT ( 'NONE',  ( 0.5418423461611076000, 0.6736560803021546300, -0.3120659616118630100 ) ) ;
#411 = AXIS2_PLACEMENT_3D ( 'NONE', #1393, #1511, #258 ) ;
#412 = ADVANCED_FACE ( 'NONE', ( #1783 ), #879, .T. ) ;
#413 =( NAMED_UNIT ( * ) PLANE_ANGLE_UNIT ( ) SI_UNIT ( $, .RADIAN. ) );
#414 = VECTOR ( 'NONE', #324, 1000.000000000000000 ) ;
#415 = CARTESIAN_POINT ( 'NONE',  ( -0.5418423461611077100, 0.6736560803021546300, -0.3120659616118635600 ) ) ;
#416 = ORIENTED_EDGE ( 'NONE', *, *, #116, .T. ) ;
#417 = CARTESIAN_POINT ( 'NONE',  ( -0.5972470910829196200, 0.1975793560946474100, 0.3859580340791496900 ) ) ;
#418 = SURFACE_SIDE_STYLE ('',( #269 ) ) ;
#419 = FILL_AREA_STYLE ('',( #1697 ) ) ;
#420 = CYLINDRICAL_SURFACE ( 'NONE', #1014, 0.02999999999999997100 ) ;
#421 = ORIENTED_EDGE ( 'NONE', *, *, #757, .T. ) ;
#422 = FACE_OUTER_BOUND ( 'NONE', #382, .T. ) ;
#423 = EDGE_CURVE ( 'NONE', #908, #814, #1484, .T. ) ;
#424 = ORIENTED_EDGE ( 'NONE', *, *, #563, .T. ) ;
#425 = FACE_OUTER_BOUND ( 'NONE', #1314, .T. ) ;
#426 = DIRECTION ( 'NONE',  ( 0.9925461516413219800, 0.1218693434051477300, -0.0000000000000000000 ) ) ;
#427 = ORIENTED_EDGE ( 'NONE', *, *, #1123, .F. ) ;
#428 = EDGE_CURVE ( 'NONE', #1255, #908, #580, .T. ) ;
#429 = ORIENTED_EDGE ( 'NONE', *, *, #721, .T. ) ;
#430 =( BOUNDED_SURFACE ( )  B_SPLINE_SURFACE ( 3, 3, ( 
 ( #26, #1119, #971, #570 ),
 ( #293, #1574, #175, #1704 ),
 ( #282, #704, #394, #1272 ),
 ( #36, #1129, #831, #1192 ) ),
 .UNSPECIFIED., .F., .F., .F. ) 
 B_SPLINE_SURFACE_WITH_KNOTS ( ( 4, 4 ),
 ( 4, 4 ),
 ( 0.0000000000000000000, 1.000000000000000000 ),
 ( 0.0000000000000000000, 1.000000000000000000 ),
 .UNSPECIFIED. ) 
 GEOMETRIC_REPRESENTATION_ITEM ( )  RATIONAL_B_SPLINE_SURFACE ( (
 ( 1.000000000000000000, 0.8307126645170465100, 0.8307126645170465100, 1.000000000000000000),
 ( 0.8307126645170438400, 0.6900835309890088800, 0.6900835309890088800, 0.8307126645170438400),
 ( 0.8307126645170438400, 0.6900835309890088800, 0.6900835309890088800, 0.8307126645170438400),
 ( 1.000000000000000000, 0.8307126645170465100, 0.8307126645170465100, 1.000000000000000000) ) ) 
 REPRESENTATION_ITEM ( '' )  SURFACE ( )  );
#431 = SURFACE_STYLE_USAGE ( .BOTH. , #142 ) ;
#432 = CARTESIAN_POINT ( 'NONE',  ( -0.5500000000000000400, 0.2000000000000000100, 0.1499999999999999900 ) ) ;
#433 = ORIENTED_EDGE ( 'NONE', *, *, #1472, .T. ) ;
#434 = AXIS2_PLACEMENT_3D ( 'NONE', #1388, #986, #1270 ) ;
#435 = ADVANCED_FACE ( 'NONE', ( #972 ), #1075, .F. ) ;
#436 = EDGE_CURVE ( 'NONE', #1594, #1766, #442, .T. ) ;
#437 = FACE_OUTER_BOUND ( 'NONE', #503, .T. ) ;
#438 = CARTESIAN_POINT ( 'NONE',  ( 0.5770373992183376300, 0.2099999999999721500, 0.3987721543909684700 ) ) ;
#439 = ORIENTED_EDGE ( 'NONE', *, *, #1495, .F. ) ;
#440 = VERTEX_POINT ( 'NONE', #534 ) ;
#441 = LINE ( 'NONE', #393, #671 ) ;
#442 = LINE ( 'NONE', #1468, #55 ) ;
#443 = DIRECTION ( 'NONE',  ( 0.0000000000000000000, 1.000000000000000000, 0.0000000000000000000 ) ) ;
#444 = CARTESIAN_POINT ( 'NONE',  ( 0.5754430878194186600, 0.02000000000000000000, -0.3999999999999941400 ) ) ;
#445 = LINE ( 'NONE', #837, #455 ) ;
#446 = DIRECTION ( 'NONE',  ( -0.0000000000000000000, -0.0000000000000000000, -1.000000000000000000 ) ) ;
#447 = PRODUCT_DEFINITION_FORMATION_WITH_SPECIFIED_SOURCE ( 'ANY', '', #729, .NOT_KNOWN. ) ;
#448 =( NAMED_UNIT ( * ) PLANE_ANGLE_UNIT ( ) SI_UNIT ( $, .RADIAN. ) );
#449 = ORIENTED_EDGE ( 'NONE', *, *, #1335, .F. ) ;
#450 = FILL_AREA_STYLE ('',( #851 ) ) ;
#451 =( NAMED_UNIT ( * ) SI_UNIT ( $, .STERADIAN. ) SOLID_ANGLE_UNIT ( ) );
#452 = VERTEX_POINT ( 'NONE', #1086 ) ;
#453 = SURFACE_SIDE_STYLE ('',( #138 ) ) ;
#454 = SURFACE_SIDE_STYLE ('',( #254 ) ) ;
#455 = VECTOR ( 'NONE', #1772, 1000.000000000000000 ) ;
#456 = CARTESIAN_POINT ( 'NONE',  ( 0.8000000000000000400, 0.2000000000000000100, 0.1499999999999998800 ) ) ;
#457 = VECTOR ( 'NONE', #499, 1000.000000000000000 ) ;
#458 = LINE ( 'NONE', #597, #764 ) ;
#459 = SURFACE_SIDE_STYLE ('',( #816 ) ) ;
#460 = FILL_AREA_STYLE ('',( #973 ) ) ;
#461 = DIRECTION ( 'NONE',  ( 1.000000000000000000, -0.0000000000000000000, 0.0000000000000000000 ) ) ;
#462 = ORIENTED_EDGE ( 'NONE', *, *, #1672, .T. ) ;
#463 = DIRECTION ( 'NONE',  ( -1.000000000000000000, -0.0000000000000000000, 3.252606517456513300E-016 ) ) ;
#464 = COLOUR_RGB ( '',0.2509803921568627400, 0.2509803921568627400, 0.2509803921568627400 ) ;
#465 = EDGE_CURVE ( 'NONE', #1369, #894, #458, .T. ) ;
#466 = CARTESIAN_POINT ( 'NONE',  ( 0.5770373992183358600, 0.2100000000000001900, -0.3987721543909650800 ) ) ;
#467 =( NAMED_UNIT ( * ) PLANE_ANGLE_UNIT ( ) SI_UNIT ( $, .RADIAN. ) );
#468 = ORIENTED_EDGE ( 'NONE', *, *, #1402, .T. ) ;
#469 = FILL_AREA_STYLE_COLOUR ( '', #801 ) ;
#470 = ORIENTED_EDGE ( 'NONE', *, *, #1280, .F. ) ;
#471 =( GEOMETRIC_REPRESENTATION_CONTEXT ( 3 ) GLOBAL_UNCERTAINTY_ASSIGNED_CONTEXT ( ( #106 ) ) GLOBAL_UNIT_ASSIGNED_CONTEXT ( ( #1160, #209, #127 ) ) REPRESENTATION_CONTEXT ( 'NONE', 'WORKASPACE' ) );
#472 = CARTESIAN_POINT ( 'NONE',  ( 0.5418729987178778600, 0.6733971368769822200, -0.3120659616118630100 ) ) ;
#473 =( NAMED_UNIT ( * ) PLANE_ANGLE_UNIT ( ) SI_UNIT ( $, .RADIAN. ) );
#474 = ORIENTED_EDGE ( 'NONE', *, *, #1317, .T. ) ;
#475 = CARTESIAN_POINT ( 'NONE',  ( 0.5120659616118679000, 0.6999999999999999600, 0.3120659616118634000 ) ) ;
#476 = PRESENTATION_LAYER_ASSIGNMENT (  '', '', ( #1576 ) ) ;
#477 = CARTESIAN_POINT ( 'NONE',  ( -0.2620659616118680700, 0.6989999999999999500, 0.3120659616118633400 ) ) ;
#478 = EDGE_CURVE ( 'NONE', #295, #1698, #111, .T. ) ;
#479 = CARTESIAN_POINT ( 'NONE',  ( -0.5120659616118679000, 0.6999999999999998400, 0.3120659616118632900 ) ) ;
#480 = VECTOR ( 'NONE', #1727, 1000.000000000000000 ) ;
#481 = SURFACE_STYLE_FILL_AREA ( #227 ) ;
#482 =( LENGTH_UNIT ( ) NAMED_UNIT ( * ) SI_UNIT ( .MILLI., .METRE. ) );
#483 = FACE_OUTER_BOUND ( 'NONE', #97, .T. ) ;
#484 = DIRECTION ( 'NONE',  ( 1.000000000000000000, 0.0000000000000000000, 0.0000000000000000000 ) ) ;
#485 =( GEOMETRIC_REPRESENTATION_CONTEXT ( 3 ) GLOBAL_UNCERTAINTY_ASSIGNED_CONTEXT ( ( #250 ) ) GLOBAL_UNIT_ASSIGNED_CONTEXT ( ( #493, #633, #991 ) ) REPRESENTATION_CONTEXT ( 'NONE', 'WORKASPACE' ) );
#486 = EDGE_CURVE ( 'NONE', #4, #46, #890, .T. ) ;
#487 = ORIENTED_EDGE ( 'NONE', *, *, #1029, .F. ) ;
#488 = ORIENTED_EDGE ( 'NONE', *, *, #1769, .F. ) ;
#489 = UNCERTAINTY_MEASURE_WITH_UNIT (LENGTH_MEASURE( 1.000000000000000100E-005 ), #803, 'distance_accuracy_value', 'NONE');
#490 = FILL_AREA_STYLE ('',( #546 ) ) ;
#491 = ORIENTED_EDGE ( 'NONE', *, *, #1729, .F. ) ;
#492 = ORIENTED_EDGE ( 'NONE', *, *, #563, .F. ) ;
#493 =( LENGTH_UNIT ( ) NAMED_UNIT ( * ) SI_UNIT ( .MILLI., .METRE. ) );
#494 = SURFACE_STYLE_FILL_AREA ( #1143 ) ;
#495 = ORIENTED_EDGE ( 'NONE', *, *, #1796, .F. ) ;
#496 =( NAMED_UNIT ( * ) PLANE_ANGLE_UNIT ( ) SI_UNIT ( $, .RADIAN. ) );
#497 = EDGE_CURVE ( 'NONE', #1677, #872, #662, .T. ) ;
#498 = ORIENTED_EDGE ( 'NONE', *, *, #781, .F. ) ;
#499 = DIRECTION ( 'NONE',  ( 0.0000000000000000000, 1.000000000000000000, -0.0000000000000000000 ) ) ;
#500 = EDGE_CURVE ( 'NONE', #1721, #656, #380, .T. ) ;
#501 = CARTESIAN_POINT ( 'NONE',  ( -0.5689957698417303900, 0.2100000000000001900, -0.3987721543909650300 ) ) ;
#502 = DIRECTION ( 'NONE',  ( -0.0000000000000000000, 0.0000000000000000000, -1.000000000000000000 ) ) ;
#503 = EDGE_LOOP ( 'NONE', ( #1036, #363, #449, #47, #389, #693 ) ) ;
#504 = CARTESIAN_POINT ( 'NONE',  ( -0.5859580340791509200, 0.1975793560946523300, -0.3972470910829155000 ) ) ;
#505 = SURFACE_STYLE_FILL_AREA ( #1072 ) ;
#506 = DIRECTION ( 'NONE',  ( -0.0000000000000000000, -0.0000000000000000000, 1.000000000000000000 ) ) ;
#507 = DIRECTION ( 'NONE',  ( -2.168404344971008900E-016, 0.0000000000000000000, 1.000000000000000000 ) ) ;
#508 = CARTESIAN_POINT ( 'NONE',  ( 0.5120659616118676800, 0.7000000000000018400, -0.3280972242417367600 ) ) ;
#509 = VERTEX_POINT ( 'NONE', #170 ) ;
#510 = UNCERTAINTY_MEASURE_WITH_UNIT (LENGTH_MEASURE( 1.000000000000000100E-005 ), #1763, 'distance_accuracy_value', 'NONE');
#511 = VECTOR ( 'NONE', #911, 1000.000000000000000 ) ;
#512 = CARTESIAN_POINT ( 'NONE',  ( 0.8000000000000000400, 0.2000000000000000100, 0.1499999999999998800 ) ) ;
#513 = CARTESIAN_POINT ( 'NONE',  ( 0.8000000000000000400, 0.0000000000000000000, 0.1499999999999998800 ) ) ;
#514 =( NAMED_UNIT ( * ) PLANE_ANGLE_UNIT ( ) SI_UNIT ( $, .RADIAN. ) );
#515 =( LENGTH_UNIT ( ) NAMED_UNIT ( * ) SI_UNIT ( .MILLI., .METRE. ) );
#516 = VECTOR ( 'NONE', #731, 1000.000000000000000 ) ;
#517 = EDGE_CURVE ( 'NONE', #808, #1322, #1277, .T. ) ;
#518 = LINE ( 'NONE', #1325, #153 ) ;
#519 = CARTESIAN_POINT ( 'NONE',  ( -0.8000000000000000400, 0.0000000000000000000, 0.1500000000000000500 ) ) ;
#520 =( GEOMETRIC_REPRESENTATION_CONTEXT ( 3 ) GLOBAL_UNCERTAINTY_ASSIGNED_CONTEXT ( ( #1327 ) ) GLOBAL_UNIT_ASSIGNED_CONTEXT ( ( #123, #1078, #154 ) ) REPRESENTATION_CONTEXT ( 'NONE', 'WORKASPACE' ) );
#521 = VERTEX_POINT ( 'NONE', #1168 ) ;
#522 = CARTESIAN_POINT ( 'NONE',  ( -0.5500000000000000400, 0.01999999999999999700, 0.1499999999999999700 ) ) ;
#523 = ORIENTED_EDGE ( 'NONE', *, *, #1684, .T. ) ;
#524 =( NAMED_UNIT ( * ) PLANE_ANGLE_UNIT ( ) SI_UNIT ( $, .RADIAN. ) );
#525 = DIRECTION ( 'NONE',  ( 0.0000000000000000000, -0.9925461516413219800, 0.1218693434051477300 ) ) ;
#526 = CARTESIAN_POINT ( 'NONE',  ( -0.2620659616118680700, 0.6989999999999999500, 0.3120659616118633400 ) ) ;
#527 = CIRCLE ( 'NONE', #434, 0.03000000000000002300 ) ;
#528 = VECTOR ( 'NONE', #71, 1000.000000000000000 ) ;
#529 = MECHANICAL_DESIGN_GEOMETRIC_PRESENTATION_REPRESENTATION (  '', ( #1751 ), #959 ) ;
#530 = MECHANICAL_DESIGN_GEOMETRIC_PRESENTATION_REPRESENTATION (  '', ( #1135 ), #1756 ) ;
#531 = CARTESIAN_POINT ( 'NONE',  ( 0.5418423461611076000, 0.6736560803021546300, 0.3999999999999941400 ) ) ;
#532 = FILL_AREA_STYLE ('',( #76 ) ) ;
#533 = APPLICATION_PROTOCOL_DEFINITION ( 'draft international standard', 'automotive_design', 1998, #1446 ) ;
#534 = CARTESIAN_POINT ( 'NONE',  ( 0.5500000000000000400, 0.02000000000000000400, -0.1500000000000001900 ) ) ;
#535 = PLANE ( 'NONE',  #289 ) ;
#536 = VERTEX_POINT ( 'NONE', #1081 ) ;
#537 = PLANE ( 'NONE',  #576 ) ;
#538 = PRESENTATION_STYLE_ASSIGNMENT (( #1035 ) ) ;
#539 = DIRECTION ( 'NONE',  ( 0.0000000000000000000, -0.0000000000000000000, 1.000000000000000000 ) ) ;
#540 = EDGE_CURVE ( 'NONE', #1369, #1189, #730, .T. ) ;
#541 = AXIS2_PLACEMENT_3D ( 'NONE', #1758, #1094, #1076 ) ;
#542 =( GEOMETRIC_REPRESENTATION_CONTEXT ( 3 ) GLOBAL_UNCERTAINTY_ASSIGNED_CONTEXT ( ( #1010 ) ) GLOBAL_UNIT_ASSIGNED_CONTEXT ( ( #104, #1065, #1347 ) ) REPRESENTATION_CONTEXT ( 'NONE', 'WORKASPACE' ) );
#543 = ORIENTED_EDGE ( 'NONE', *, *, #954, .F. ) ;
#544 = SURFACE_STYLE_USAGE ( .BOTH. , #1767 ) ;
#545 = ORIENTED_EDGE ( 'NONE', *, *, #783, .T. ) ;
#546 = FILL_AREA_STYLE_COLOUR ( '', #1564 ) ;
#547 = FILL_AREA_STYLE ('',( #1256 ) ) ;
#548 = ORIENTED_EDGE ( 'NONE', *, *, #1646, .F. ) ;
#549 = FILL_AREA_STYLE ('',( #1319 ) ) ;
#550 = ORIENTED_EDGE ( 'NONE', *, *, #80, .F. ) ;
#551 = ORIENTED_EDGE ( 'NONE', *, *, #1317, .F. ) ;
#552 = FILL_AREA_STYLE ('',( #867 ) ) ;
#553 = ADVANCED_FACE ( 'NONE', ( #1746 ), #997, .T. ) ;
#554 = VECTOR ( 'NONE', #304, 1000.000000000000000 ) ;
#555 = CARTESIAN_POINT ( 'NONE',  ( -0.5500000000000000400, 0.2000000000000000100, -0.1500000000000000200 ) ) ;
#556 = EDGE_CURVE ( 'NONE', #192, #1525, #50, .T. ) ;
#557 = ORIENTED_EDGE ( 'NONE', *, *, #1158, .T. ) ;
#558 = DIRECTION ( 'NONE',  ( 0.0000000000000000000, 0.0000000000000000000, 1.000000000000000000 ) ) ;
#559 = CARTESIAN_POINT ( 'NONE',  ( 0.5944248268319776200, 0.1745938583236716400, 0.3944248268319776000 ) ) ;
#560 = ORIENTED_EDGE ( 'NONE', *, *, #591, .T. ) ;
#561 = VECTOR ( 'NONE', #386, 1000.000000000000000 ) ;
#562 = ORIENTED_EDGE ( 'NONE', *, *, #1109, .F. ) ;
#563 = EDGE_CURVE ( 'NONE', #814, #1709, #886, .T. ) ;
#564 = CARTESIAN_POINT ( 'NONE',  ( -0.5589515629659587100, 0.2881474200883721300, -0.3589515629659539300 ) ) ;
#565 = VECTOR ( 'NONE', #51, 1000.000000000000000 ) ;
#566 = AXIS2_PLACEMENT_3D ( 'NONE', #735, #253, #525 ) ;
#567 = PRODUCT_DEFINITION ( 'UNKNOWN', '', #447, #87 ) ;
#568 = STYLED_ITEM ( 'NONE', ( #875 ), #553 ) ;
#569 = FILL_AREA_STYLE ('',( #726 ) ) ;
#570 = CARTESIAN_POINT ( 'NONE',  ( -0.5120659616118676800, 0.7000000000000000700, -0.3120659616118632900 ) ) ;
#571 = DIRECTION ( 'NONE',  ( 0.1218693434051545100, -0.9925461516413210900, -0.0000000000000000000 ) ) ;
#572 = DIRECTION ( 'NONE',  ( 0.0000000000000000000, -0.1218693434051487100, -0.9925461516413217600 ) ) ;
#573 = VECTOR ( 'NONE', #980, 1000.000000000000200 ) ;
#574 = SURFACE_STYLE_USAGE ( .BOTH. , #974 ) ;
#575 = EDGE_LOOP ( 'NONE', ( #145, #206, #399, #1340 ) ) ;
#576 = AXIS2_PLACEMENT_3D ( 'NONE', #1105, #30, #927 ) ;
#577 = PRESENTATION_LAYER_ASSIGNMENT (  '', '', ( #1737 ) ) ;
#578 = EDGE_CURVE ( 'NONE', #509, #797, #10, .T. ) ;
#579 =( NAMED_UNIT ( * ) PLANE_ANGLE_UNIT ( ) SI_UNIT ( $, .RADIAN. ) );
#580 = LINE ( 'NONE', #944, #857 ) ;
#581 =( NAMED_UNIT ( * ) SI_UNIT ( $, .STERADIAN. ) SOLID_ANGLE_UNIT ( ) );
#582 = LINE ( 'NONE', #1669, #727 ) ;
#583 = FILL_AREA_STYLE ('',( #1174 ) ) ;
#584 = SURFACE_STYLE_USAGE ( .BOTH. , #1282 ) ;
#585 = CARTESIAN_POINT ( 'NONE',  ( -0.5987721543909696500, 0.2099999999999999400, 0.3770373992183324600 ) ) ;
#586 = SURFACE_SIDE_STYLE ('',( #1293 ) ) ;
#587 = MECHANICAL_DESIGN_GEOMETRIC_PRESENTATION_REPRESENTATION (  '', ( #1208 ), #634 ) ;
#588 = CARTESIAN_POINT ( 'NONE',  ( 0.5418729987178778600, 0.6703846846320317100, -0.3154412477767435900 ) ) ;
#589 = ORIENTED_EDGE ( 'NONE', *, *, #1280, .T. ) ;
#590 = LINE ( 'NONE', #1761, #987 ) ;
#591 = EDGE_CURVE ( 'NONE', #295, #195, #636, .T. ) ;
#592 = CARTESIAN_POINT ( 'NONE',  ( -0.2620659616118680700, 0.7000000000000000700, -0.3120659616118633400 ) ) ;
#593 = VERTEX_POINT ( 'NONE', #112 ) ;
#594 = ORIENTED_EDGE ( 'NONE', *, *, #1625, .F. ) ;
#595 = MECHANICAL_DESIGN_GEOMETRIC_PRESENTATION_REPRESENTATION (  '', ( #350 ), #1166 ) ;
#596 = CARTESIAN_POINT ( 'NONE',  ( -0.5500000000000000400, 0.01999999999999999700, -0.1500000000000000200 ) ) ;
#597 = CARTESIAN_POINT ( 'NONE',  ( -0.5500000000000000400, 0.02000000000000000000, -0.3999999999999941400 ) ) ;
#598 = PRESENTATION_LAYER_ASSIGNMENT (  '', '', ( #1715 ) ) ;
#599 = LINE ( 'NONE', #1744, #277 ) ;
#600 = SURFACE_SIDE_STYLE ('',( #1352 ) ) ;
#601 = LINE ( 'NONE', #531, #1091 ) ;
#602 = CARTESIAN_POINT ( 'NONE',  ( -0.5530976513181293800, 0.3358237045070489600, 0.3530976513181247600 ) ) ;
#603 = EDGE_LOOP ( 'NONE', ( #462, #474, #491, #770, #562, #733, #1450, #696, #319, #68 ) ) ;
#604 = CARTESIAN_POINT ( 'NONE',  ( 0.5987721543909707600, 0.2099999999999908100, 0.3689957698417265000 ) ) ;
#605 = CARTESIAN_POINT ( 'NONE',  ( -0.5418729987178777500, 0.6733971368769825500, 0.3138813080606812100 ) ) ;
#606 = EDGE_LOOP ( 'NONE', ( #1544, #129, #1764, #1089 ) ) ;
#607 = CARTESIAN_POINT ( 'NONE',  ( -0.5999999999999988700, 0.02000000000000000000, -0.1499999999999999700 ) ) ;
#608 =( NAMED_UNIT ( * ) SI_UNIT ( $, .STERADIAN. ) SOLID_ANGLE_UNIT ( ) );
#609 = CARTESIAN_POINT ( 'NONE',  ( 0.5400576522690598800, 0.6721883545973710300, -0.3312669443944263900 ) ) ;
#610 = SURFACE_STYLE_FILL_AREA ( #1688 ) ;
#611 = CARTESIAN_POINT ( 'NONE',  ( 0.8000000000000000400, 0.2000000000000000100, -0.1500000000000001100 ) ) ;
#612 = UNCERTAINTY_MEASURE_WITH_UNIT (LENGTH_MEASURE( 1.000000000000000100E-005 ), #1770, 'distance_accuracy_value', 'NONE');
#613 = CARTESIAN_POINT ( 'NONE',  ( 0.5999999999999987600, 0.6736560803021546300, 0.3418423461611030400 ) ) ;
#614 = DIRECTION ( 'NONE',  ( 0.0000000000000000000, -0.0000000000000000000, 1.000000000000000000 ) ) ;
#615 = ORIENTED_EDGE ( 'NONE', *, *, #1633, .F. ) ;
#616 = PRESENTATION_STYLE_ASSIGNMENT (( #906 ) ) ;
#617 = DIRECTION ( 'NONE',  ( -0.1209742911513548300, -0.9852565360152931700, 0.1209742911513548300 ) ) ;
#618 = UNCERTAINTY_MEASURE_WITH_UNIT (LENGTH_MEASURE( 1.000000000000000100E-005 ), #1330, 'distance_accuracy_value', 'NONE');
#619 =( GEOMETRIC_REPRESENTATION_CONTEXT ( 3 ) GLOBAL_UNCERTAINTY_ASSIGNED_CONTEXT ( ( #137 ) ) GLOBAL_UNIT_ASSIGNED_CONTEXT ( ( #1049, #404, #1519 ) ) REPRESENTATION_CONTEXT ( 'NONE', 'WORKASPACE' ) );
#620 = DIRECTION ( 'NONE',  ( -0.1218693434051477300, 0.9925461516413219800, 0.0000000000000000000 ) ) ;
#621 = CARTESIAN_POINT ( 'NONE',  ( 0.5500000000000000400, 0.2000000000000000100, 0.1499999999999998600 ) ) ;
#622 =( LENGTH_UNIT ( ) NAMED_UNIT ( * ) SI_UNIT ( .MILLI., .METRE. ) );
#623 = LINE ( 'NONE', #1705, #561 ) ;
#624 = PLANE ( 'NONE',  #1307 ) ;
#625 = EDGE_CURVE ( 'NONE', #872, #186, #22, .T. ) ;
#626 = LINE ( 'NONE', #1235, #1082 ) ;
#627 =( BOUNDED_SURFACE ( )  B_SPLINE_SURFACE ( 3, 3, ( 
 ( #1093, #1365, #1642, #358 ),
 ( #989, #60, #871, #72 ),
 ( #822, #124, #1641, #108 ),
 ( #1310, #605, #762, #1278 ) ),
 .UNSPECIFIED., .F., .F., .F. ) 
 B_SPLINE_SURFACE_WITH_KNOTS ( ( 4, 4 ),
 ( 4, 4 ),
 ( 0.0000000000000000000, 1.000000000000000000 ),
 ( 0.0000000000000000000, 1.000000000000000000 ),
 .UNSPECIFIED. ) 
 GEOMETRIC_REPRESENTATION_ITEM ( )  RATIONAL_B_SPLINE_SURFACE ( (
 ( 1.000000000000000000, 0.8307126645170462800, 0.8307126645170462800, 1.000000000000000000),
 ( 0.8307126645170473900, 0.6900835309890116500, 0.6900835309890116500, 0.8307126645170473900),
 ( 0.8307126645170473900, 0.6900835309890116500, 0.6900835309890116500, 0.8307126645170473900),
 ( 1.000000000000000000, 0.8307126645170462800, 0.8307126645170462800, 1.000000000000000000) ) ) 
 REPRESENTATION_ITEM ( '' )  SURFACE ( )  );
#628 = EDGE_CURVE ( 'NONE', #985, #4, #518, .T. ) ;
#629 = AXIS2_PLACEMENT_3D ( 'NONE', #354, #272, #766 ) ;
#630 = DIRECTION ( 'NONE',  ( 0.0000000000000000000, 1.000000000000000000, 0.0000000000000000000 ) ) ;
#631 = ORIENTED_EDGE ( 'NONE', *, *, #1237, .T. ) ;
#632 = STYLED_ITEM ( 'NONE', ( #713 ), #1085 ) ;
#633 =( NAMED_UNIT ( * ) PLANE_ANGLE_UNIT ( ) SI_UNIT ( $, .RADIAN. ) );
#634 =( GEOMETRIC_REPRESENTATION_CONTEXT ( 3 ) GLOBAL_UNCERTAINTY_ASSIGNED_CONTEXT ( ( #265 ) ) GLOBAL_UNIT_ASSIGNED_CONTEXT ( ( #896, #903, #1457 ) ) REPRESENTATION_CONTEXT ( 'NONE', 'WORKASPACE' ) );
#635 =( LENGTH_UNIT ( ) NAMED_UNIT ( * ) SI_UNIT ( .MILLI., .METRE. ) );
#636 = LINE ( 'NONE', #1242, #349 ) ;
#637 = LINE ( 'NONE', #889, #1040 ) ;
#638 = STYLED_ITEM ( 'NONE', ( #15 ), #1337 ) ;
#639 = PRESENTATION_STYLE_ASSIGNMENT (( #215 ) ) ;
#640 = SURFACE_STYLE_USAGE ( .BOTH. , #322 ) ;
#641 = VERTEX_POINT ( 'NONE', #479 ) ;
#642 = SURFACE_SIDE_STYLE ('',( #494 ) ) ;
#643 = ORIENTED_EDGE ( 'NONE', *, *, #1295, .T. ) ;
#644 = FILL_AREA_STYLE_COLOUR ( '', #827 ) ;
#645 = FACE_OUTER_BOUND ( 'NONE', #89, .T. ) ;
#646 = ADVANCED_FACE ( 'NONE', ( #8 ), #1440, .T. ) ;
#647 = SURFACE_STYLE_USAGE ( .BOTH. , #1718 ) ;
#648 = VECTOR ( 'NONE', #694, 1000.000000000000000 ) ;
#649 = ADVANCED_FACE ( 'NONE', ( #826 ), #296, .F. ) ;
#650 =( NAMED_UNIT ( * ) PLANE_ANGLE_UNIT ( ) SI_UNIT ( $, .RADIAN. ) );
#651 = FACE_OUTER_BOUND ( 'NONE', #1311, .T. ) ;
#652 = UNCERTAINTY_MEASURE_WITH_UNIT (LENGTH_MEASURE( 1.000000000000000100E-005 ), #1435, 'distance_accuracy_value', 'NONE');
#653 = CARTESIAN_POINT ( 'NONE',  ( -0.5754430878194164400, 0.01999999999999998000, -0.1499999999999999700 ) ) ;
#654 = CARTESIAN_POINT ( 'NONE',  ( -0.5120659616118680100, 0.6700000000000000400, 0.3120659616118632900 ) ) ;
#655 = FILL_AREA_STYLE_COLOUR ( '', #1356 ) ;
#656 = VERTEX_POINT ( 'NONE', #410 ) ;
#657 = CARTESIAN_POINT ( 'NONE',  ( -0.5828740358673690800, 0.3394797848092033800, 0.3530976513181247600 ) ) ;
#658 = VECTOR ( 'NONE', #924, 1000.000000000000000 ) ;
#659 = ADVANCED_FACE ( 'NONE', ( #1236 ), #29, .T. ) ;
#660 =( NAMED_UNIT ( * ) SI_UNIT ( $, .STERADIAN. ) SOLID_ANGLE_UNIT ( ) );
#661 = CARTESIAN_POINT ( 'NONE',  ( 0.5400576522690597700, 0.6721883545973714700, 0.3312669443944265500 ) ) ;
#662 = LINE ( 'NONE', #388, #364 ) ;
#663 = CARTESIAN_POINT ( 'NONE',  ( 0.5972470910829208400, 0.1975793560946400000, 0.3859580340791495800 ) ) ;
#664 =( NAMED_UNIT ( * ) SI_UNIT ( $, .STERADIAN. ) SOLID_ANGLE_UNIT ( ) );
#665 = UNCERTAINTY_MEASURE_WITH_UNIT (LENGTH_MEASURE( 1.000000000000000100E-005 ), #1027, 'distance_accuracy_value', 'NONE');
#666 = DIRECTION ( 'NONE',  ( 0.0000000000000000000, 0.0000000000000000000, -1.000000000000000000 ) ) ;
#667 = CARTESIAN_POINT ( 'NONE',  ( 0.0000000000000000000, 0.0000000000000000000, 0.0000000000000000000 ) ) ;
#668 = DIRECTION ( 'NONE',  ( 0.0000000000000000000, 0.0000000000000000000, -1.000000000000000000 ) ) ;
#669 = FILL_AREA_STYLE ('',( #655 ) ) ;
#670 = SURFACE_STYLE_USAGE ( .BOTH. , #1301 ) ;
#671 = VECTOR ( 'NONE', #1175, 1000.000000000000000 ) ;
#672 =( GEOMETRIC_REPRESENTATION_CONTEXT ( 3 ) GLOBAL_UNCERTAINTY_ASSIGNED_CONTEXT ( ( #897 ) ) GLOBAL_UNIT_ASSIGNED_CONTEXT ( ( #622, #1620, #1543 ) ) REPRESENTATION_CONTEXT ( 'NONE', 'WORKASPACE' ) );
#673 = ORIENTED_EDGE ( 'NONE', *, *, #478, .F. ) ;
#674 = CARTESIAN_POINT ( 'NONE',  ( 0.5987721543909707600, 0.2099999999999908100, 0.3689957698417265000 ) ) ;
#675 = CARTESIAN_POINT ( 'NONE',  ( 0.8000000000000000400, 0.2000000000000000100, 0.1499999999999998800 ) ) ;
#676 = ORIENTED_EDGE ( 'NONE', *, *, #625, .F. ) ;
#677 = DIRECTION ( 'NONE',  ( 0.1209742911513548300, -0.9852565360152931700, -0.1209742911513548300 ) ) ;
#678 = SHAPE_DEFINITION_REPRESENTATION ( #1066, #742 ) ;
#679 = CARTESIAN_POINT ( 'NONE',  ( -0.5120659616118680100, 0.6700000000000000400, -0.3120659616118633400 ) ) ;
#680 = ORIENTED_EDGE ( 'NONE', *, *, #1345, .T. ) ;
#681 = CARTESIAN_POINT ( 'NONE',  ( -0.5999999999999988700, 0.2200000000000002000, 0.4000000000000010200 ) ) ;
#682 = ORIENTED_EDGE ( 'NONE', *, *, #1646, .T. ) ;
#683 = PLANE ( 'NONE',  #374 ) ;
#684 = VECTOR ( 'NONE', #686, 1000.000000000000100 ) ;
#685 = ORIENTED_EDGE ( 'NONE', *, *, #1191, .F. ) ;
#686 = DIRECTION ( 'NONE',  ( -0.1218693434051553600, -0.9925461516413209800, 0.0000000000000000000 ) ) ;
#687 = ORIENTED_EDGE ( 'NONE', *, *, #1201, .F. ) ;
#688 = UNCERTAINTY_MEASURE_WITH_UNIT (LENGTH_MEASURE( 1.000000000000000100E-005 ), #1379, 'distance_accuracy_value', 'NONE');
#689 = DIRECTION ( 'NONE',  ( -1.000000000000000000, 0.0000000000000000000, -1.084202172485504400E-016 ) ) ;
#690 = ORIENTED_EDGE ( 'NONE', *, *, #818, .T. ) ;
#691 =( GEOMETRIC_REPRESENTATION_CONTEXT ( 3 ) GLOBAL_UNCERTAINTY_ASSIGNED_CONTEXT ( ( #510 ) ) GLOBAL_UNIT_ASSIGNED_CONTEXT ( ( #1763, #284, #236 ) ) REPRESENTATION_CONTEXT ( 'NONE', 'WORKASPACE' ) );
#692 = FACE_OUTER_BOUND ( 'NONE', #1217, .T. ) ;
#693 = ORIENTED_EDGE ( 'NONE', *, *, #359, .F. ) ;
#694 = DIRECTION ( 'NONE',  ( -0.0000000000000000000, -1.000000000000000000, -0.0000000000000000000 ) ) ;
#695 = VECTOR ( 'NONE', #1223, 1000.000000000000000 ) ;
#696 = ORIENTED_EDGE ( 'NONE', *, *, #325, .T. ) ;
#697 = PLANE ( 'NONE',  #566 ) ;
#698 = PRESENTATION_LAYER_ASSIGNMENT (  '', '', ( #131 ) ) ;
#699 = PLANE ( 'NONE',  #1403 ) ;
#700 = ADVANCED_FACE ( 'NONE', ( #1188 ), #430, .T. ) ;
#701 = ORIENTED_EDGE ( 'NONE', *, *, #1625, .T. ) ;
#702 = CARTESIAN_POINT ( 'NONE',  ( -0.5689957698417338300, 0.2099999999999722400, 0.3987721543909684700 ) ) ;
#703 = EDGE_LOOP ( 'NONE', ( #870, #951, #429, #682 ) ) ;
#704 = CARTESIAN_POINT ( 'NONE',  ( -0.5400576522690598800, 0.6824488878553370800, -0.3300975414851680100 ) ) ;
#705 = LINE ( 'NONE', #261, #414 ) ;
#706 = ORIENTED_EDGE ( 'NONE', *, *, #999, .T. ) ;
#707 = DIRECTION ( 'NONE',  ( 1.000000000000000000, 0.0000000000000000000, 0.0000000000000000000 ) ) ;
#708 = VECTOR ( 'NONE', #1197, 1000.000000000000000 ) ;
#709 = DIRECTION ( 'NONE',  ( -1.000000000000000000, -0.0000000000000000000, -0.0000000000000000000 ) ) ;
#710 = EDGE_CURVE ( 'NONE', #1189, #1059, #177, .T. ) ;
#711 = DIRECTION ( 'NONE',  ( 0.0000000000000000000, 0.0000000000000000000, -1.000000000000000000 ) ) ;
#712 = AXIS2_PLACEMENT_3D ( 'NONE', #370, #20, #900 ) ;
#713 = PRESENTATION_STYLE_ASSIGNMENT (( #263 ) ) ;
#714 = VERTEX_POINT ( 'NONE', #475 ) ;
#715 = DIRECTION ( 'NONE',  ( 1.000000000000000000, -0.0000000000000000000, 1.084202172485504400E-016 ) ) ;
#716 = STYLED_ITEM ( 'NONE', ( #152 ), #1299 ) ;
#717 = UNCERTAINTY_MEASURE_WITH_UNIT (LENGTH_MEASURE( 1.000000000000000100E-005 ), #214, 'distance_accuracy_value', 'NONE');
#718 = SURFACE_STYLE_USAGE ( .BOTH. , #586 ) ;
#719 = ORIENTED_EDGE ( 'NONE', *, *, #9, .T. ) ;
#720 = MECHANICAL_DESIGN_GEOMETRIC_PRESENTATION_REPRESENTATION (  '', ( #131 ), #619 ) ;
#721 = EDGE_CURVE ( 'NONE', #46, #829, #811, .T. ) ;
#722 = CARTESIAN_POINT ( 'NONE',  ( -0.5944248268319777300, 0.1745938583236902000, -0.3944248268319730500 ) ) ;
#723 = PRESENTATION_LAYER_ASSIGNMENT (  '', '', ( #1394 ) ) ;
#724 = LINE ( 'NONE', #409, #565 ) ;
#725 = DIRECTION ( 'NONE',  ( 1.000000000000000000, 0.0000000000000000000, 0.0000000000000000000 ) ) ;
#726 = FILL_AREA_STYLE_COLOUR ( '', #1671 ) ;
#727 = VECTOR ( 'NONE', #1087, 1000.000000000000100 ) ;
#728 = DIRECTION ( 'NONE',  ( 0.0000000000000000000, 0.0000000000000000000, -1.000000000000000000 ) ) ;
#729 = PRODUCT ( 'User Library-SOD-523F', 'User Library-SOD-523F', '', ( #1667 ) ) ;
#730 = LINE ( 'NONE', #1455, #480 ) ;
#731 = DIRECTION ( 'NONE',  ( 0.0000000000000000000, 0.0000000000000000000, 1.000000000000000000 ) ) ;
#732 = DIRECTION ( 'NONE',  ( 1.000000000000000000, -0.0000000000000000000, 0.0000000000000000000 ) ) ;
#733 = ORIENTED_EDGE ( 'NONE', *, *, #1402, .F. ) ;
#734 = STYLED_ITEM ( 'NONE', ( #1183 ), #243 ) ;
#735 = CARTESIAN_POINT ( 'NONE',  ( 0.5999999999999987600, 0.1999999999999999800, 0.3999999999999941400 ) ) ;
#736 = PRESENTATION_LAYER_ASSIGNMENT (  '', '', ( #1108 ) ) ;
#737 = SURFACE_SIDE_STYLE ('',( #968 ) ) ;
#738 = CARTESIAN_POINT ( 'NONE',  ( 0.5944248268319793900, 0.1745938583236856200, -0.3944248268319724400 ) ) ;
#739 = PRESENTATION_STYLE_ASSIGNMENT (( #1411 ) ) ;
#740 = CARTESIAN_POINT ( 'NONE',  ( 0.8000000000000000400, 0.2000000000000000100, 0.1499999999999998800 ) ) ;
#741 =( NAMED_UNIT ( * ) SI_UNIT ( $, .STERADIAN. ) SOLID_ANGLE_UNIT ( ) );
#742 = ADVANCED_BREP_SHAPE_REPRESENTATION ( 'User Library-SOD-523F', ( #217, #1062 ), #471 ) ;
#743 = MECHANICAL_DESIGN_GEOMETRIC_PRESENTATION_REPRESENTATION (  '', ( #1226 ), #299 ) ;
#744 = FILL_AREA_STYLE_COLOUR ( '', #321 ) ;
#745 = SURFACE_SIDE_STYLE ('',( #218 ) ) ;
#746 = LINE ( 'NONE', #787, #1012 ) ;
#747 = ORIENTED_EDGE ( 'NONE', *, *, #465, .T. ) ;
#748 = FILL_AREA_STYLE_COLOUR ( '', #78 ) ;
#749 = MECHANICAL_DESIGN_GEOMETRIC_PRESENTATION_REPRESENTATION (  '', ( #1030 ), #520 ) ;
#750 = EDGE_LOOP ( 'NONE', ( #1154, #1405, #1782, #1025 ) ) ;
#751 = DIRECTION ( 'NONE',  ( 0.0000000000000000000, -0.0000000000000000000, -1.000000000000000000 ) ) ;
#752 = AXIS2_PLACEMENT_3D ( 'NONE', #1205, #1212, #1520 ) ;
#753 = DIRECTION ( 'NONE',  ( -0.0000000000000000000, -1.000000000000000000, -0.0000000000000000000 ) ) ;
#754 = SURFACE_STYLE_FILL_AREA ( #96 ) ;
#755 = VECTOR ( 'NONE', #1607, 1000.000000000000100 ) ;
#756 = EDGE_LOOP ( 'NONE', ( #200, #439, #470, #421, #1262 ) ) ;
#757 = EDGE_CURVE ( 'NONE', #1073, #81, #164, .T. ) ;
#758 = CIRCLE ( 'NONE', #774, 0.02999999999999997100 ) ;
#759 = CARTESIAN_POINT ( 'NONE',  ( 0.8000000000000000400, 0.2000000000000000100, -0.1500000000000001100 ) ) ;
#760 = ADVANCED_FACE ( 'NONE', ( #1309 ), #1622, .F. ) ;
#761 = SURFACE_SIDE_STYLE ('',( #182 ) ) ;
#762 = CARTESIAN_POINT ( 'NONE',  ( -0.5418729987178777500, 0.6721883545973710300, 0.3152356817645509100 ) ) ;
#763 = PRESENTATION_LAYER_ASSIGNMENT (  '', '', ( #734 ) ) ;
#764 = VECTOR ( 'NONE', #614, 1000.000000000000000 ) ;
#765 =( LENGTH_UNIT ( ) NAMED_UNIT ( * ) SI_UNIT ( .MILLI., .METRE. ) );
#766 = DIRECTION ( 'NONE',  ( 0.0000000000000000000, 0.1218693434051487100, -0.9925461516413217600 ) ) ;
#767 = EDGE_LOOP ( 'NONE', ( #487, #1614, #560, #242, #468 ) ) ;
#768 = DIRECTION ( 'NONE',  ( -0.0000000000000000000, -1.000000000000000000, -0.0000000000000000000 ) ) ;
#769 = AXIS2_PLACEMENT_3D ( 'NONE', #611, #1118, #336 ) ;
#770 = ORIENTED_EDGE ( 'NONE', *, *, #578, .F. ) ;
#771 = UNCERTAINTY_MEASURE_WITH_UNIT (LENGTH_MEASURE( 1.000000000000000100E-005 ), #515, 'distance_accuracy_value', 'NONE');
#772 = DIRECTION ( 'NONE',  ( 0.0000000000000000000, -0.0000000000000000000, 1.000000000000000000 ) ) ;
#773 = FILL_AREA_STYLE_COLOUR ( '', #225 ) ;
#774 = AXIS2_PLACEMENT_3D ( 'NONE', #150, #312, #1128 ) ;
#775 = ORIENTED_EDGE ( 'NONE', *, *, #1682, .T. ) ;
#776 = PLANE ( 'NONE',  #1244 ) ;
#777 = PRESENTATION_LAYER_ASSIGNMENT (  '', '', ( #259 ) ) ;
#778 = DIRECTION ( 'NONE',  ( -1.000000000000000000, 0.0000000000000000000, 0.0000000000000000000 ) ) ;
#779 = LINE ( 'NONE', #526, #1459 ) ;
#780 = AXIS2_PLACEMENT_3D ( 'NONE', #1041, #1083, #267 ) ;
#781 = EDGE_CURVE ( 'NONE', #1698, #1462, #909, .T. ) ;
#782 = CARTESIAN_POINT ( 'NONE',  ( 0.5120659616118676800, 0.6893252848791462400, -0.3400576522690552700 ) ) ;
#783 = EDGE_CURVE ( 'NONE', #593, #276, #1550, .T. ) ;
#784 = SURFACE_STYLE_FILL_AREA ( #915 ) ;
#785 =( LENGTH_UNIT ( ) NAMED_UNIT ( * ) SI_UNIT ( .MILLI., .METRE. ) );
#786 = PRESENTATION_STYLE_ASSIGNMENT (( #647 ) ) ;
#787 = CARTESIAN_POINT ( 'NONE',  ( 0.5999999999999987600, 0.6736560803021546300, -0.3418423461611030400 ) ) ;
#788 = MECHANICAL_DESIGN_GEOMETRIC_PRESENTATION_REPRESENTATION (  '', ( #1576 ), #1020 ) ;
#789 = CARTESIAN_POINT ( 'NONE',  ( -0.8000000000000000400, 0.2000000000000000100, 0.1500000000000000500 ) ) ;
#790 = PRESENTATION_STYLE_ASSIGNMENT (( #544 ) ) ;
#791 = LINE ( 'NONE', #477, #1490 ) ;
#792 = ADVANCED_FACE ( 'NONE', ( #86 ), #1502, .F. ) ;
#793 = DIRECTION ( 'NONE',  ( 1.000000000000000000, 0.0000000000000000000, 0.0000000000000000000 ) ) ;
#794 = VECTOR ( 'NONE', #772, 1000.000000000000000 ) ;
#795 = EDGE_CURVE ( 'NONE', #81, #1473, #1251, .T. ) ;
#796 = CARTESIAN_POINT ( 'NONE',  ( -0.8000000000000000400, 0.2000000000000000100, 0.1500000000000000500 ) ) ;
#797 = VERTEX_POINT ( 'NONE', #738 ) ;
#798 = ORIENTED_EDGE ( 'NONE', *, *, #1679, .T. ) ;
#799 = MECHANICAL_DESIGN_GEOMETRIC_PRESENTATION_REPRESENTATION (  '', ( #1397 ), #327 ) ;
#800 = ADVANCED_FACE ( 'NONE', ( #692 ), #328, .T. ) ;
#801 = COLOUR_RGB ( '',1.000000000000000000, 1.000000000000000000, 1.000000000000000000 ) ;
#802 = UNCERTAINTY_MEASURE_WITH_UNIT (LENGTH_MEASURE( 1.000000000000000100E-005 ), #201, 'distance_accuracy_value', 'NONE');
#803 =( LENGTH_UNIT ( ) NAMED_UNIT ( * ) SI_UNIT ( .MILLI., .METRE. ) );
#804 =( NAMED_UNIT ( * ) PLANE_ANGLE_UNIT ( ) SI_UNIT ( $, .RADIAN. ) );
#805 = PRESENTATION_LAYER_ASSIGNMENT (  '', '', ( #891 ) ) ;
#806 =( NAMED_UNIT ( * ) PLANE_ANGLE_UNIT ( ) SI_UNIT ( $, .RADIAN. ) );
#807 = PRESENTATION_STYLE_ASSIGNMENT (( #1611 ) ) ;
#808 = VERTEX_POINT ( 'NONE', #1213 ) ;
#809 = FILL_AREA_STYLE_COLOUR ( '', #1111 ) ;
#810 = ADVANCED_FACE ( 'NONE', ( #1004 ), #683, .F. ) ;
#811 = LINE ( 'NONE', #1477, #1486 ) ;
#812 = CARTESIAN_POINT ( 'NONE',  ( 0.5120659616118672400, 0.6736560803021547400, 0.3418423461611029800 ) ) ;
#813 = FILL_AREA_STYLE_COLOUR ( '', #323 ) ;
#814 = VERTEX_POINT ( 'NONE', #722 ) ;
#815 = DIRECTION ( 'NONE',  ( 0.0000000000000000000, -0.0000000000000000000, 1.000000000000000000 ) ) ;
#816 = SURFACE_STYLE_FILL_AREA ( #1573 ) ;
#817 = SURFACE_STYLE_FILL_AREA ( #552 ) ;
#818 = EDGE_CURVE ( 'NONE', #229, #1709, #923, .T. ) ;
#819 = MECHANICAL_DESIGN_GEOMETRIC_PRESENTATION_REPRESENTATION (  '', ( #270 ), #62 ) ;
#820 = DIRECTION ( 'NONE',  ( 0.0000000000000000000, 0.0000000000000000000, 1.000000000000000000 ) ) ;
#821 = ORIENTED_EDGE ( 'NONE', *, *, #423, .T. ) ;
#822 = CARTESIAN_POINT ( 'NONE',  ( -0.5400576522690598800, 0.6893252848791449100, 0.3120659616118632900 ) ) ;
#823 = VECTOR ( 'NONE', #1533, 1000.000000000000100 ) ;
#824 = ORIENTED_EDGE ( 'NONE', *, *, #1472, .F. ) ;
#825 = FILL_AREA_STYLE_COLOUR ( '', #1288 ) ;
#826 = FACE_OUTER_BOUND ( 'NONE', #603, .T. ) ;
#827 = COLOUR_RGB ( '',0.7529411764705882200, 0.7529411764705882200, 0.7529411764705882200 ) ;
#828 = PRESENTATION_LAYER_ASSIGNMENT (  '', '', ( #1243 ) ) ;
#829 = VERTEX_POINT ( 'NONE', #1172 ) ;
#830 = FACE_OUTER_BOUND ( 'NONE', #756, .T. ) ;
#831 = CARTESIAN_POINT ( 'NONE',  ( -0.5418729987178777500, 0.6733971368769822200, -0.3138813080606812100 ) ) ;
#832 = DIRECTION ( 'NONE',  ( 1.000000000000000000, 0.0000000000000000000, 0.0000000000000000000 ) ) ;
#833 = DIRECTION ( 'NONE',  ( -1.000000000000000000, 0.0000000000000000000, 0.0000000000000000000 ) ) ;
#834 = CARTESIAN_POINT ( 'NONE',  ( -0.5120659616118683500, 0.6736560803021546300, 0.3418423461611030400 ) ) ;
#835 =( GEOMETRIC_REPRESENTATION_CONTEXT ( 3 ) GLOBAL_UNCERTAINTY_ASSIGNED_CONTEXT ( ( #717 ) ) GLOBAL_UNIT_ASSIGNED_CONTEXT ( ( #214, #1346, #1199 ) ) REPRESENTATION_CONTEXT ( 'NONE', 'WORKASPACE' ) );
#836 = CARTESIAN_POINT ( 'NONE',  ( -0.5987721543909696500, 0.2099999999999997100, -0.3770373992183309600 ) ) ;
#837 = CARTESIAN_POINT ( 'NONE',  ( -0.5999999999999988700, 0.02000000000000000000, 0.1499999999999999100 ) ) ;
#838 = ORIENTED_EDGE ( 'NONE', *, *, #710, .F. ) ;
#839 = CARTESIAN_POINT ( 'NONE',  ( 0.8000000000000000400, 0.2000000000000000100, 0.1499999999999998800 ) ) ;
#840 = VECTOR ( 'NONE', #677, 1000.000000000000000 ) ;
#841 = CARTESIAN_POINT ( 'NONE',  ( 0.5120659616118673500, 0.6893252848791453500, 0.3400576522690551600 ) ) ;
#842 = PRESENTATION_LAYER_ASSIGNMENT (  '', '', ( #1033 ) ) ;
#843 =( GEOMETRIC_REPRESENTATION_CONTEXT ( 3 ) GLOBAL_UNCERTAINTY_ASSIGNED_CONTEXT ( ( #489 ) ) GLOBAL_UNIT_ASSIGNED_CONTEXT ( ( #803, #1291, #907 ) ) REPRESENTATION_CONTEXT ( 'NONE', 'WORKASPACE' ) );
#844 = CARTESIAN_POINT ( 'NONE',  ( 0.5120659616118679000, 0.7000000000000000700, -0.3120659616118632900 ) ) ;
#845 = COLOUR_RGB ( '',0.7529411764705882200, 0.7529411764705882200, 0.7529411764705882200 ) ;
#846 = VECTOR ( 'NONE', #235, 1000.000000000000000 ) ;
#847 = CARTESIAN_POINT ( 'NONE',  ( -0.5120659616118680100, 0.6989999999999999500, -0.3120659616118633400 ) ) ;
#848 =( GEOMETRIC_REPRESENTATION_CONTEXT ( 3 ) GLOBAL_UNCERTAINTY_ASSIGNED_CONTEXT ( ( #1171 ) ) GLOBAL_UNIT_ASSIGNED_CONTEXT ( ( #143, #806, #1001 ) ) REPRESENTATION_CONTEXT ( 'NONE', 'WORKASPACE' ) );
#849 = SURFACE_STYLE_FILL_AREA ( #898 ) ;
#850 = DIRECTION ( 'NONE',  ( -0.0000000000000000000, -6.123233995736766000E-017, -1.000000000000000000 ) ) ;
#851 = FILL_AREA_STYLE_COLOUR ( '', #1176 ) ;
#852 = COLOUR_RGB ( '',0.7921568627450980000, 0.8196078431372548800, 0.9333333333333333500 ) ;
#853 = CARTESIAN_POINT ( 'NONE',  ( 0.5944248268319793900, 0.1745938583236858500, -0.3944248268319724400 ) ) ;
#854 = DIRECTION ( 'NONE',  ( -0.0000000000000000000, 0.1218693434051545300, 0.9925461516413212100 ) ) ;
#855 = PRESENTATION_LAYER_ASSIGNMENT (  '', '', ( #270 ) ) ;
#856 = EDGE_CURVE ( 'NONE', #1559, #1742, #400, .T. ) ;
#857 = VECTOR ( 'NONE', #1008, 1000.000000000000000 ) ;
#858 = CARTESIAN_POINT ( 'NONE',  ( -0.5987721543909696500, 0.2100000000000003000, -0.3689957698417256600 ) ) ;
#859 = AXIS2_PLACEMENT_3D ( 'NONE', #1509, #1289, #171 ) ;
#860 = ORIENTED_EDGE ( 'NONE', *, *, #1292, .F. ) ;
#861 = DIRECTION ( 'NONE',  ( 0.1209742911513548300, -0.9852565360152931700, 0.1209742911513548300 ) ) ;
#862 = CARTESIAN_POINT ( 'NONE',  ( -0.5754430878194165500, 0.01999999999999999000, 0.3754430878194186500 ) ) ;
#863 = ORIENTED_EDGE ( 'NONE', *, *, #783, .F. ) ;
#864 = SURFACE_SIDE_STYLE ('',( #52 ) ) ;
#865 = FACE_OUTER_BOUND ( 'NONE', #1590, .T. ) ;
#866 = CARTESIAN_POINT ( 'NONE',  ( 0.5754430878194186600, 0.01999999999999999700, 0.3754430878194186500 ) ) ;
#867 = FILL_AREA_STYLE_COLOUR ( '', #877 ) ;
#868 = CARTESIAN_POINT ( 'NONE',  ( 0.5754430878194186600, 0.02000000000000002500, 0.1499999999999998600 ) ) ;
#869 =( GEOMETRIC_REPRESENTATION_CONTEXT ( 3 ) GLOBAL_UNCERTAINTY_ASSIGNED_CONTEXT ( ( #226 ) ) GLOBAL_UNIT_ASSIGNED_CONTEXT ( ( #912, #347, #1730 ) ) REPRESENTATION_CONTEXT ( 'NONE', 'WORKASPACE' ) );
#870 = ORIENTED_EDGE ( 'NONE', *, *, #628, .T. ) ;
#871 = CARTESIAN_POINT ( 'NONE',  ( -0.5280972242417432100, 0.6893252848791450200, 0.3400576522690552100 ) ) ;
#872 = VERTEX_POINT ( 'NONE', #1218 ) ;
#873 = DIRECTION ( 'NONE',  ( -1.000000000000000000, 0.0000000000000000000, -0.0000000000000000000 ) ) ;
#874 = MECHANICAL_DESIGN_GEOMETRIC_PRESENTATION_REPRESENTATION (  '', ( #716 ), #1734 ) ;
#875 = PRESENTATION_STYLE_ASSIGNMENT (( #876 ) ) ;
#876 = SURFACE_STYLE_USAGE ( .BOTH. , #642 ) ;
#877 = COLOUR_RGB ( '',0.2509803921568627400, 0.2509803921568627400, 0.2509803921568627400 ) ;
#878 = ORIENTED_EDGE ( 'NONE', *, *, #223, .F. ) ;
#879 = PLANE ( 'NONE',  #1597 ) ;
#880 = PRESENTATION_STYLE_ASSIGNMENT (( #1321 ) ) ;
#881 = SURFACE_STYLE_USAGE ( .BOTH. , #1664 ) ;
#882 = PRESENTATION_LAYER_ASSIGNMENT (  '', '', ( #1030 ) ) ;
#883 =( NAMED_UNIT ( * ) SI_UNIT ( $, .STERADIAN. ) SOLID_ANGLE_UNIT ( ) );
#884 = FACE_OUTER_BOUND ( 'NONE', #767, .T. ) ;
#885 = CARTESIAN_POINT ( 'NONE',  ( 0.8000000000000000400, 0.0000000000000000000, 0.1499999999999998800 ) ) ;
#886 =( BOUNDED_CURVE ( )  B_SPLINE_CURVE ( 3, ( #188, #1296, #836, #1579 ),
 .UNSPECIFIED., .F., .T. ) 
 B_SPLINE_CURVE_WITH_KNOTS ( ( 4, 4 ),
 ( 2.333467695109115300, 3.111439517034031400 ),
 .UNSPECIFIED. ) 
 CURVE ( )  GEOMETRIC_REPRESENTATION_ITEM ( )  RATIONAL_B_SPLINE_CURVE ( ( 1.000000000000000000, 0.9501960860785623200, 0.9501960860785623200, 1.000000000000000000 ) ) 
 REPRESENTATION_ITEM ( '' )  );
#887 = ORIENTED_EDGE ( 'NONE', *, *, #781, .T. ) ;
#888 =( NAMED_UNIT ( * ) SI_UNIT ( $, .STERADIAN. ) SOLID_ANGLE_UNIT ( ) );
#889 = CARTESIAN_POINT ( 'NONE',  ( 0.5500000000000000400, 0.2000000000000000100, -0.1500000000000001600 ) ) ;
#890 = LINE ( 'NONE', #1636, #1583 ) ;
#891 = STYLED_ITEM ( 'NONE', ( #1716 ), #760 ) ;
#892 = SURFACE_STYLE_USAGE ( .BOTH. , #1263 ) ;
#893 = ORIENTED_EDGE ( 'NONE', *, *, #9, .F. ) ;
#894 = VERTEX_POINT ( 'NONE', #522 ) ;
#895 = CARTESIAN_POINT ( 'NONE',  ( 0.5689957698417333900, 0.2099999999999722100, 0.3987721543909684700 ) ) ;
#896 =( LENGTH_UNIT ( ) NAMED_UNIT ( * ) SI_UNIT ( .MILLI., .METRE. ) );
#897 = UNCERTAINTY_MEASURE_WITH_UNIT (LENGTH_MEASURE( 1.000000000000000100E-005 ), #622, 'distance_accuracy_value', 'NONE');
#898 = FILL_AREA_STYLE ('',( #1113 ) ) ;
#899 = VECTOR ( 'NONE', #1241, 1000.000000000000000 ) ;
#900 = DIRECTION ( 'NONE',  ( -0.1218693434051545100, -0.9925461516413210900, 0.0000000000000000000 ) ) ;
#901 = MECHANICAL_DESIGN_GEOMETRIC_PRESENTATION_REPRESENTATION (  '', ( #1504 ), #21 ) ;
#902 = VECTOR ( 'NONE', #873, 1000.000000000000000 ) ;
#903 =( NAMED_UNIT ( * ) PLANE_ANGLE_UNIT ( ) SI_UNIT ( $, .RADIAN. ) );
#904 =( GEOMETRIC_REPRESENTATION_CONTEXT ( 3 ) GLOBAL_UNCERTAINTY_ASSIGNED_CONTEXT ( ( #665 ) ) GLOBAL_UNIT_ASSIGNED_CONTEXT ( ( #1027, #473, #1023 ) ) REPRESENTATION_CONTEXT ( 'NONE', 'WORKASPACE' ) );
#905 = CYLINDRICAL_SURFACE ( 'NONE', #43, 0.02999999999999997100 ) ;
#906 = SURFACE_STYLE_USAGE ( .BOTH. , #306 ) ;
#907 =( NAMED_UNIT ( * ) SI_UNIT ( $, .STERADIAN. ) SOLID_ANGLE_UNIT ( ) );
#908 = VERTEX_POINT ( 'NONE', #501 ) ;
#909 = LINE ( 'NONE', #834, #32 ) ;
#910 = DIRECTION ( 'NONE',  ( 1.000000000000000000, 0.0000000000000000000, 0.0000000000000000000 ) ) ;
#911 = DIRECTION ( 'NONE',  ( 1.000000000000000000, -0.0000000000000000000, -0.0000000000000000000 ) ) ;
#912 =( LENGTH_UNIT ( ) NAMED_UNIT ( * ) SI_UNIT ( .MILLI., .METRE. ) );
#913 = CARTESIAN_POINT ( 'NONE',  ( 0.5975443087819429800, 0.2000000000000000100, -0.1500000000000001600 ) ) ;
#914 = MECHANICAL_DESIGN_GEOMETRIC_PRESENTATION_REPRESENTATION (  '', ( #1136 ), #392 ) ;
#915 = FILL_AREA_STYLE ('',( #285 ) ) ;
#916 = ORIENTED_EDGE ( 'NONE', *, *, #355, .T. ) ;
#917 = CARTESIAN_POINT ( 'NONE',  ( 0.5280972242417429900, 0.7000000000000018400, -0.3280972242417368200 ) ) ;
#918 = ORIENTED_EDGE ( 'NONE', *, *, #262, .F. ) ;
#919 = SURFACE_STYLE_USAGE ( .BOTH. , #1276 ) ;
#920 = ORIENTED_EDGE ( 'NONE', *, *, #1485, .T. ) ;
#921 = CARTESIAN_POINT ( 'NONE',  ( 0.5987721543909707600, 0.2099999999999908300, 0.4000000000000010200 ) ) ;
#922 = EDGE_CURVE ( 'NONE', #229, #1255, #957, .T. ) ;
#923 = LINE ( 'NONE', #415, #823 ) ;
#924 = DIRECTION ( 'NONE',  ( -0.0000000000000000000, 0.0000000000000000000, -1.000000000000000000 ) ) ;
#925 = CARTESIAN_POINT ( 'NONE',  ( 0.5400576522690600000, 0.6893252848791461300, -0.3223929188550201400 ) ) ;
#926 = CARTESIAN_POINT ( 'NONE',  ( 0.5120659616118679000, 0.6999999999999999600, -0.3999999999999941400 ) ) ;
#927 = DIRECTION ( 'NONE',  ( 0.0000000000000000000, 0.9925461516413210900, 0.1218693434051545100 ) ) ;
#928 = PRESENTATION_LAYER_ASSIGNMENT (  '', '', ( #1585 ) ) ;
#929 = CARTESIAN_POINT ( 'NONE',  ( 0.5400576522690597700, 0.6893252848791454600, 0.3120659616118632300 ) ) ;
#930 = ORIENTED_EDGE ( 'NONE', *, *, #1047, .F. ) ;
#931 = VECTOR ( 'NONE', #820, 1000.000000000000000 ) ;
#932 = CARTESIAN_POINT ( 'NONE',  ( 0.5972470910829214000, 0.1975793560946450800, -0.3859580340791458600 ) ) ;
#933 = VECTOR ( 'NONE', #1690, 1000.000000000000000 ) ;
#934 = DIRECTION ( 'NONE',  ( -0.1218693434051477300, -0.9925461516413219800, 0.0000000000000000000 ) ) ;
#935 =( LENGTH_UNIT ( ) NAMED_UNIT ( * ) SI_UNIT ( .MILLI., .METRE. ) );
#936 = ORIENTED_EDGE ( 'NONE', *, *, #1684, .F. ) ;
#937 = EDGE_CURVE ( 'NONE', #1059, #136, #1304, .T. ) ;
#938 = SURFACE_STYLE_FILL_AREA ( #1560 ) ;
#939 = ORIENTED_EDGE ( 'NONE', *, *, #1799, .F. ) ;
#940 =( GEOMETRIC_REPRESENTATION_CONTEXT ( 3 ) GLOBAL_UNCERTAINTY_ASSIGNED_CONTEXT ( ( #151 ) ) GLOBAL_UNIT_ASSIGNED_CONTEXT ( ( #351, #1616, #221 ) ) REPRESENTATION_CONTEXT ( 'NONE', 'WORKASPACE' ) );
#941 = SURFACE_STYLE_FILL_AREA ( #1324 ) ;
#942 = LINE ( 'NONE', #278, #648 ) ;
#943 = CARTESIAN_POINT ( 'NONE',  ( -0.5120659616118680100, 0.6989999999999999500, 0.3120659616118633400 ) ) ;
#944 = CARTESIAN_POINT ( 'NONE',  ( -0.5120659616118683500, 0.6736560803021548500, -0.3418423461611030400 ) ) ;
#945 = CARTESIAN_POINT ( 'NONE',  ( 0.5500000000000000400, 0.01999999999999999700, 0.1499999999999998600 ) ) ;
#946 = ORIENTED_EDGE ( 'NONE', *, *, #795, .F. ) ;
#947 = CARTESIAN_POINT ( 'NONE',  ( -0.2620659616118680700, 0.6989999999999999500, -0.3120659616118633400 ) ) ;
#948 = CIRCLE ( 'NONE', #1114, 0.02999999999999998500 ) ;
#949 = ADVANCED_FACE ( 'NONE', ( #645 ), #1423, .T. ) ;
#950 = DIRECTION ( 'NONE',  ( 0.0000000000000000000, 0.0000000000000000000, 1.000000000000000000 ) ) ;
#951 = ORIENTED_EDGE ( 'NONE', *, *, #486, .T. ) ;
#952 = LINE ( 'NONE', #205, #1787 ) ;
#953 = SURFACE_STYLE_USAGE ( .BOTH. , #864 ) ;
#954 = EDGE_CURVE ( 'NONE', #186, #1369, #369, .T. ) ;
#955 = CIRCLE ( 'NONE', #92, 0.03000000000000002300 ) ;
#956 = AXIS2_PLACEMENT_3D ( 'NONE', #67, #711, #778 ) ;
#957 = CIRCLE ( 'NONE', #1220, 0.02999999999999998500 ) ;
#958 = UNCERTAINTY_MEASURE_WITH_UNIT (LENGTH_MEASURE( 1.000000000000000100E-005 ), #1524, 'distance_accuracy_value', 'NONE');
#959 =( GEOMETRIC_REPRESENTATION_CONTEXT ( 3 ) GLOBAL_UNCERTAINTY_ASSIGNED_CONTEXT ( ( #294 ) ) GLOBAL_UNIT_ASSIGNED_CONTEXT ( ( #765, #579, #741 ) ) REPRESENTATION_CONTEXT ( 'NONE', 'WORKASPACE' ) );
#960 = ORIENTED_EDGE ( 'NONE', *, *, #497, .F. ) ;
#961 = CARTESIAN_POINT ( 'NONE',  ( 0.6000000000000009800, 0.2200000000000002000, -0.3999999999999941400 ) ) ;
#962 = LINE ( 'NONE', #1461, #1348 ) ;
#963 = FILL_AREA_STYLE_COLOUR ( '', #1120 ) ;
#964 = SURFACE_SIDE_STYLE ('',( #1556 ) ) ;
#965 = FILL_AREA_STYLE_COLOUR ( '', #167 ) ;
#966 = EDGE_CURVE ( 'NONE', #641, #1698, #1052, .T. ) ;
#967 = COLOUR_RGB ( '',0.2509803921568627400, 0.2509803921568627400, 0.2509803921568627400 ) ;
#968 = SURFACE_STYLE_FILL_AREA ( #669 ) ;
#969 =( NAMED_UNIT ( * ) SI_UNIT ( $, .STERADIAN. ) SOLID_ANGLE_UNIT ( ) );
#970 = VECTOR ( 'NONE', #753, 1000.000000000000000 ) ;
#971 = CARTESIAN_POINT ( 'NONE',  ( -0.5120659616118676800, 0.7000000000000000700, -0.3280972242417385900 ) ) ;
#972 = FACE_OUTER_BOUND ( 'NONE', #1670, .T. ) ;
#973 = FILL_AREA_STYLE_COLOUR ( '', #31 ) ;
#974 = SURFACE_SIDE_STYLE ('',( #849 ) ) ;
#975 = PRESENTATION_STYLE_ASSIGNMENT (( #1448 ) ) ;
#976 = SURFACE_STYLE_USAGE ( .BOTH. , #147 ) ;
#977 = SURFACE_SIDE_STYLE ('',( #1794 ) ) ;
#978 = CARTESIAN_POINT ( 'NONE',  ( 0.5754430878194186600, 0.02000000000000000000, -0.3999999999999941400 ) ) ;
#979 = ORIENTED_EDGE ( 'NONE', *, *, #1532, .F. ) ;
#980 = DIRECTION ( 'NONE',  ( 0.1209742911513614600, 0.9852565360152914000, 0.1209742911513611200 ) ) ;
#981 = MECHANICAL_DESIGN_GEOMETRIC_PRESENTATION_REPRESENTATION (  '', ( #1033 ), #1458 ) ;
#982 = ORIENTED_EDGE ( 'NONE', *, *, #1274, .T. ) ;
#983 = LINE ( 'NONE', #1774, #755 ) ;
#984 =( NAMED_UNIT ( * ) SI_UNIT ( $, .STERADIAN. ) SOLID_ANGLE_UNIT ( ) );
#985 = VERTEX_POINT ( 'NONE', #1451 ) ;
#986 = DIRECTION ( 'NONE',  ( 0.0000000000000000000, 1.837589179357618000E-015, 1.000000000000000000 ) ) ;
#987 = VECTOR ( 'NONE', #571, 1000.000000000000100 ) ;
#988 = PRESENTATION_STYLE_ASSIGNMENT (( #178 ) ) ;
#989 = CARTESIAN_POINT ( 'NONE',  ( -0.5280972242417432100, 0.6999999999999998400, 0.3120659616118632900 ) ) ;
#990 = FILL_AREA_STYLE ('',( #173 ) ) ;
#991 =( NAMED_UNIT ( * ) SI_UNIT ( $, .STERADIAN. ) SOLID_ANGLE_UNIT ( ) );
#992 = DIRECTION ( 'NONE',  ( 0.0000000000000000000, 0.1218693434051469300, -0.9925461516413222100 ) ) ;
#993 = CARTESIAN_POINT ( 'NONE',  ( 0.5689957698417333900, 0.2099999999999722100, 0.3987721543909684700 ) ) ;
#994 = FILL_AREA_STYLE_COLOUR ( '', #1610 ) ;
#995 = VECTOR ( 'NONE', #1601, 1000.000000000000000 ) ;
#996 = VERTEX_POINT ( 'NONE', #1634 ) ;
#997 =( BOUNDED_SURFACE ( )  B_SPLINE_SURFACE ( 3, 3, ( 
 ( #588, #1602, #378, #472 ),
 ( #609, #1021, #925, #13 ),
 ( #340, #1776, #917, #330 ),
 ( #1331, #782, #508, #1097 ) ),
 .UNSPECIFIED., .F., .F., .F. ) 
 B_SPLINE_SURFACE_WITH_KNOTS ( ( 4, 4 ),
 ( 4, 4 ),
 ( 0.0000000000000000000, 1.000000000000000000 ),
 ( 0.0000000000000000000, 1.000000000000000000 ),
 .UNSPECIFIED. ) 
 GEOMETRIC_REPRESENTATION_ITEM ( )  RATIONAL_B_SPLINE_SURFACE ( (
 ( 1.000000000000000000, 0.8307126645170225300, 0.8307126645170225300, 1.000000000000000000),
 ( 0.8307126645170441700, 0.6900835309889892200, 0.6900835309889892200, 0.8307126645170441700),
 ( 0.8307126645170441700, 0.6900835309889892200, 0.6900835309889892200, 0.8307126645170441700),
 ( 1.000000000000000000, 0.8307126645170225300, 0.8307126645170225300, 1.000000000000000000) ) ) 
 REPRESENTATION_ITEM ( '' )  SURFACE ( )  );
#998 = PRESENTATION_LAYER_ASSIGNMENT (  '', '', ( #1142 ) ) ;
#999 = EDGE_CURVE ( 'NONE', #894, #1594, #445, .T. ) ;
#1000 = SURFACE_STYLE_FILL_AREA ( #419 ) ;
#1001 =( NAMED_UNIT ( * ) SI_UNIT ( $, .STERADIAN. ) SOLID_ANGLE_UNIT ( ) );
#1002 = EDGE_CURVE ( 'NONE', #452, #295, #948, .T. ) ;
#1003 = PLANE ( 'NONE',  #1493 ) ;
#1004 = FACE_OUTER_BOUND ( 'NONE', #1133, .T. ) ;
#1005 =( GEOMETRIC_REPRESENTATION_CONTEXT ( 3 ) GLOBAL_UNCERTAINTY_ASSIGNED_CONTEXT ( ( #1110 ) ) GLOBAL_UNIT_ASSIGNED_CONTEXT ( ( #935, #1487, #1316 ) ) REPRESENTATION_CONTEXT ( 'NONE', 'WORKASPACE' ) );
#1006 =( NAMED_UNIT ( * ) SI_UNIT ( $, .STERADIAN. ) SOLID_ANGLE_UNIT ( ) );
#1007 = UNCERTAINTY_MEASURE_WITH_UNIT (LENGTH_MEASURE( 1.000000000000000100E-005 ), #27, 'distance_accuracy_value', 'NONE');
#1008 = DIRECTION ( 'NONE',  ( -0.1209742911513551900, -0.9852565360152930600, -0.1209742911513547300 ) ) ;
#1009 = PRESENTATION_LAYER_ASSIGNMENT (  '', '', ( #372 ) ) ;
#1010 = UNCERTAINTY_MEASURE_WITH_UNIT (LENGTH_MEASURE( 1.000000000000000100E-005 ), #104, 'distance_accuracy_value', 'NONE');
#1011 = DIRECTION ( 'NONE',  ( -1.000000000000000000, -0.0000000000000000000, -0.0000000000000000000 ) ) ;
#1012 = VECTOR ( 'NONE', #1381, 1000.000000000000000 ) ;
#1013 = CARTESIAN_POINT ( 'NONE',  ( -0.8000000000000000400, 0.2000000000000000100, -0.1499999999999999700 ) ) ;
#1014 = AXIS2_PLACEMENT_3D ( 'NONE', #1373, #251, #391 ) ;
#1015 = COLOUR_RGB ( '',1.000000000000000000, 1.000000000000000000, 1.000000000000000000 ) ;
#1016 = ORIENTED_EDGE ( 'NONE', *, *, #262, .T. ) ;
#1017 = VECTOR ( 'NONE', #194, 1000.000000000000000 ) ;
#1018 =( NAMED_UNIT ( * ) SI_UNIT ( $, .STERADIAN. ) SOLID_ANGLE_UNIT ( ) );
#1019 =( BOUNDED_CURVE ( )  B_SPLINE_CURVE ( 3, ( #993, #438, #168, #559 ),
 .UNSPECIFIED., .F., .T. ) 
 B_SPLINE_CURVE_WITH_KNOTS ( ( 4, 4 ),
 ( 3.171745790145543700, 3.949717612070361600 ),
 .UNSPECIFIED. ) 
 CURVE ( )  GEOMETRIC_REPRESENTATION_ITEM ( )  RATIONAL_B_SPLINE_CURVE ( ( 1.000000000000000000, 0.9501960860785747500, 0.9501960860785747500, 1.000000000000000000 ) ) 
 REPRESENTATION_ITEM ( '' )  );
#1020 =( GEOMETRIC_REPRESENTATION_CONTEXT ( 3 ) GLOBAL_UNCERTAINTY_ASSIGNED_CONTEXT ( ( #66 ) ) GLOBAL_UNIT_ASSIGNED_CONTEXT ( ( #12, #1649, #1658 ) ) REPRESENTATION_CONTEXT ( 'NONE', 'WORKASPACE' ) );
#1021 = CARTESIAN_POINT ( 'NONE',  ( 0.5400576522690600000, 0.6824488878553378600, -0.3300975414851680700 ) ) ;
#1022 = LINE ( 'NONE', #233, #1187 ) ;
#1023 =( NAMED_UNIT ( * ) SI_UNIT ( $, .STERADIAN. ) SOLID_ANGLE_UNIT ( ) );
#1024 = EDGE_CURVE ( 'NONE', #1740, #33, #189, .T. ) ;
#1025 = ORIENTED_EDGE ( 'NONE', *, *, #1150, .F. ) ;
#1026 = DIRECTION ( 'NONE',  ( 0.0000000000000000000, 0.0000000000000000000, -1.000000000000000000 ) ) ;
#1027 =( LENGTH_UNIT ( ) NAMED_UNIT ( * ) SI_UNIT ( .MILLI., .METRE. ) );
#1028 = PRESENTATION_STYLE_ASSIGNMENT (( #326 ) ) ;
#1029 = EDGE_CURVE ( 'NONE', #452, #300, #371, .T. ) ;
#1030 = STYLED_ITEM ( 'NONE', ( #1660 ), #649 ) ;
#1031 = DIRECTION ( 'NONE',  ( 0.0000000000000000000, -0.0000000000000000000, 1.000000000000000000 ) ) ;
#1032 = ORIENTED_EDGE ( 'NONE', *, *, #120, .T. ) ;
#1033 = STYLED_ITEM ( 'NONE', ( #99 ), #1374 ) ;
#1034 = AXIS2_PLACEMENT_3D ( 'NONE', #602, #617, #398 ) ;
#1035 = SURFACE_STYLE_USAGE ( .BOTH. , #737 ) ;
#1036 = ORIENTED_EDGE ( 'NONE', *, *, #403, .T. ) ;
#1037 = FILL_AREA_STYLE ('',( #1372 ) ) ;
#1038 = FILL_AREA_STYLE ('',( #744 ) ) ;
#1039 = DIRECTION ( 'NONE',  ( -0.0000000000000000000, -1.000000000000000000, -0.0000000000000000000 ) ) ;
#1040 = VECTOR ( 'NONE', #1098, 1000.000000000000000 ) ;
#1041 = CARTESIAN_POINT ( 'NONE',  ( -0.5120659616118680100, 0.6700000000000000400, -0.3120659616118633400 ) ) ;
#1042 = CARTESIAN_POINT ( 'NONE',  ( -0.2620659616118680700, 0.6989999999999999500, 0.3120659616118633400 ) ) ;
#1043 = CARTESIAN_POINT ( 'NONE',  ( 0.5280972242417427700, 0.6733971368769827700, 0.3418729987178735800 ) ) ;
#1044 = MECHANICAL_DESIGN_GEOMETRIC_PRESENTATION_REPRESENTATION (  '', ( #734 ), #904 ) ;
#1045 = AXIS2_PLACEMENT_3D ( 'NONE', #621, #732, #1026 ) ;
#1046 = CARTESIAN_POINT ( 'NONE',  ( -0.5770373992183374100, 0.2099999999999718200, 0.3987721543909684700 ) ) ;
#1047 = EDGE_CURVE ( 'NONE', #656, #509, #1508, .T. ) ;
#1048 = DIRECTION ( 'NONE',  ( -0.0000000000000000000, -0.0000000000000000000, -1.000000000000000000 ) ) ;
#1049 =( LENGTH_UNIT ( ) NAMED_UNIT ( * ) SI_UNIT ( .MILLI., .METRE. ) );
#1050 = SURFACE_SIDE_STYLE ('',( #784 ) ) ;
#1051 = LINE ( 'NONE', #1638, #333 ) ;
#1052 = CIRCLE ( 'NONE', #1227, 0.02999999999999997100 ) ;
#1053 = SURFACE_SIDE_STYLE ('',( #199 ) ) ;
#1054 = ORIENTED_EDGE ( 'NONE', *, *, #937, .T. ) ;
#1055 = SURFACE_STYLE_USAGE ( .BOTH. , #745 ) ;
#1056 =( NAMED_UNIT ( * ) PLANE_ANGLE_UNIT ( ) SI_UNIT ( $, .RADIAN. ) );
#1057 = CARTESIAN_POINT ( 'NONE',  ( 0.8000000000000000400, 0.0000000000000000000, -0.1500000000000001300 ) ) ;
#1058 = LINE ( 'NONE', #1320, #1260 ) ;
#1059 = VERTEX_POINT ( 'NONE', #237 ) ;
#1060 = PLANE ( 'NONE',  #769 ) ;
#1061 = MECHANICAL_DESIGN_GEOMETRIC_PRESENTATION_REPRESENTATION (  '', ( #1394 ), #940 ) ;
#1062 = AXIS2_PLACEMENT_3D ( 'NONE', #667, #1537, #484 ) ;
#1063 = ORIENTED_EDGE ( 'NONE', *, *, #625, .T. ) ;
#1064 = SURFACE_SIDE_STYLE ('',( #24 ) ) ;
#1065 =( NAMED_UNIT ( * ) PLANE_ANGLE_UNIT ( ) SI_UNIT ( $, .RADIAN. ) );
#1066 = PRODUCT_DEFINITION_SHAPE ( 'NONE', 'NONE',  #567 ) ;
#1067 = LINE ( 'NONE', #274, #516 ) ;
#1068 = FACE_OUTER_BOUND ( 'NONE', #222, .T. ) ;
#1069 = CARTESIAN_POINT ( 'NONE',  ( 0.8000000000000000400, 0.2000000000000000100, 0.1499999999999998800 ) ) ;
#1070 = ORIENTED_EDGE ( 'NONE', *, *, #1426, .F. ) ;
#1071 = EDGE_LOOP ( 'NONE', ( #1370, #1359, #297, #75, #498 ) ) ;
#1072 = FILL_AREA_STYLE ('',( #965 ) ) ;
#1073 = VERTEX_POINT ( 'NONE', #1162 ) ;
#1074 = LINE ( 'NONE', #1745, #311 ) ;
#1075 = PLANE ( 'NONE',  #1178 ) ;
#1076 = DIRECTION ( 'NONE',  ( -1.000000000000000000, 0.0000000000000000000, 2.168404344971008900E-016 ) ) ;
#1077 = SURFACE_STYLE_FILL_AREA ( #1701 ) ;
#1078 =( NAMED_UNIT ( * ) PLANE_ANGLE_UNIT ( ) SI_UNIT ( $, .RADIAN. ) );
#1079 = ORIENTED_EDGE ( 'NONE', *, *, #1679, .F. ) ;
#1080 = AXIS2_PLACEMENT_3D ( 'NONE', #513, #1699, #1792 ) ;
#1081 = CARTESIAN_POINT ( 'NONE',  ( 0.5975443087819429800, 0.2000000000000000400, 0.1499999999999998600 ) ) ;
#1082 = VECTOR ( 'NONE', #709, 1000.000000000000000 ) ;
#1083 = DIRECTION ( 'NONE',  ( 0.0000000000000000000, 0.0000000000000000000, 1.000000000000000000 ) ) ;
#1084 = MECHANICAL_DESIGN_GEOMETRIC_PRESENTATION_REPRESENTATION (  '', ( #1585 ), #1755 ) ;
#1085 = ADVANCED_FACE ( 'NONE', ( #1725 ), #624, .F. ) ;
#1086 = CARTESIAN_POINT ( 'NONE',  ( 0.5418423461611074900, 0.6736560803021547400, 0.3120659616118632900 ) ) ;
#1087 = DIRECTION ( 'NONE',  ( -0.1218693434051545100, 0.9925461516413210900, 0.0000000000000000000 ) ) ;
#1088 = STYLED_ITEM ( 'NONE', ( #739 ), #810 ) ;
#1089 = ORIENTED_EDGE ( 'NONE', *, *, #1707, .F. ) ;
#1090 = CARTESIAN_POINT ( 'NONE',  ( 0.5500000000000000400, 0.02000000000000000000, -0.3999999999999941400 ) ) ;
#1091 = VECTOR ( 'NONE', #1674, 1000.000000000000000 ) ;
#1092 = EDGE_LOOP ( 'NONE', ( #1552, #257, #495, #1436 ) ) ;
#1093 = CARTESIAN_POINT ( 'NONE',  ( -0.5120659616118679000, 0.6999999999999998400, 0.3120659616118632900 ) ) ;
#1094 = DIRECTION ( 'NONE',  ( -2.168404344971008900E-016, 0.0000000000000000000, -1.000000000000000000 ) ) ;
#1095 = DIRECTION ( 'NONE',  ( -1.000000000000000000, -0.0000000000000000000, -0.0000000000000000000 ) ) ;
#1096 = ORIENTED_EDGE ( 'NONE', *, *, #1344, .F. ) ;
#1097 = CARTESIAN_POINT ( 'NONE',  ( 0.5120659616118676800, 0.6999999999999999600, -0.3120659616118601800 ) ) ;
#1098 = DIRECTION ( 'NONE',  ( -0.0000000000000000000, -1.000000000000000000, 0.0000000000000000000 ) ) ;
#1099 = DIRECTION ( 'NONE',  ( -0.0000000000000000000, -1.000000000000000000, -0.0000000000000000000 ) ) ;
#1100 = CIRCLE ( 'NONE', #210, 0.03000000000000002300 ) ;
#1101 = CARTESIAN_POINT ( 'NONE',  ( 0.5944248268319776200, 0.1745938583236716400, 0.3944248268319776000 ) ) ;
#1102 =( GEOMETRIC_REPRESENTATION_CONTEXT ( 3 ) GLOBAL_UNCERTAINTY_ASSIGNED_CONTEXT ( ( #1007 ) ) GLOBAL_UNIT_ASSIGNED_CONTEXT ( ( #27, #1121, #287 ) ) REPRESENTATION_CONTEXT ( 'NONE', 'WORKASPACE' ) );
#1103 = APPLICATION_CONTEXT ( 'automotive_design' ) ;
#1104 = ORIENTED_EDGE ( 'NONE', *, *, #118, .F. ) ;
#1105 = CARTESIAN_POINT ( 'NONE',  ( 0.6000000000000009800, 0.2200000000000002000, 0.4000000000000010200 ) ) ;
#1106 =( NAMED_UNIT ( * ) PLANE_ANGLE_UNIT ( ) SI_UNIT ( $, .RADIAN. ) );
#1107 = PRESENTATION_STYLE_ASSIGNMENT (( #1375 ) ) ;
#1108 = STYLED_ITEM ( 'NONE', ( #1028 ), #1728 ) ;
#1109 = EDGE_CURVE ( 'NONE', #300, #509, #148, .T. ) ;
#1110 = UNCERTAINTY_MEASURE_WITH_UNIT (LENGTH_MEASURE( 1.000000000000000100E-005 ), #935, 'distance_accuracy_value', 'NONE');
#1111 = COLOUR_RGB ( '',0.2509803921568627400, 0.2509803921568627400, 0.2509803921568627400 ) ;
#1112 = CARTESIAN_POINT ( 'NONE',  ( 0.5120659616118673500, 0.7000000000000002900, 0.3280972242417384800 ) ) ;
#1113 = FILL_AREA_STYLE_COLOUR ( '', #332 ) ;
#1114 = AXIS2_PLACEMENT_3D ( 'NONE', #1788, #2, #166 ) ;
#1115 = PLANE ( 'NONE',  #125 ) ;
#1116 = VERTEX_POINT ( 'NONE', #1732 ) ;
#1117 = CARTESIAN_POINT ( 'NONE',  ( -0.5999999999999987600, 0.7000000000000000700, -0.3120659616118633400 ) ) ;
#1118 = DIRECTION ( 'NONE',  ( -1.000000000000000000, 0.0000000000000000000, 0.0000000000000000000 ) ) ;
#1119 = CARTESIAN_POINT ( 'NONE',  ( -0.5120659616118676800, 0.6893252848791451300, -0.3400576522690553200 ) ) ;
#1120 = COLOUR_RGB ( '',1.000000000000000000, 1.000000000000000000, 1.000000000000000000 ) ;
#1121 =( NAMED_UNIT ( * ) PLANE_ANGLE_UNIT ( ) SI_UNIT ( $, .RADIAN. ) );
#1122 = EDGE_LOOP ( 'NONE', ( #920, #353, #1287, #1413, #1202 ) ) ;
#1123 = EDGE_CURVE ( 'NONE', #1736, #641, #1506, .T. ) ;
#1124 = LINE ( 'NONE', #133, #1228 ) ;
#1125 = SURFACE_STYLE_FILL_AREA ( #532 ) ;
#1126 = ORIENTED_EDGE ( 'NONE', *, *, #465, .F. ) ;
#1127 = LINE ( 'NONE', #740, #695 ) ;
#1128 = DIRECTION ( 'NONE',  ( -1.000000000000000000, 0.0000000000000000000, 0.0000000000000000000 ) ) ;
#1129 = CARTESIAN_POINT ( 'NONE',  ( -0.5418729987178777500, 0.6721883545973711400, -0.3152356817645509700 ) ) ;
#1130 = ORIENTED_EDGE ( 'NONE', *, *, #937, .F. ) ;
#1131 = FILL_AREA_STYLE ('',( #14 ) ) ;
#1132 = PRESENTATION_LAYER_ASSIGNMENT (  '', '', ( #1332 ) ) ;
#1133 = EDGE_LOOP ( 'NONE', ( #59, #1016, #1754, #1497, #1640, #1246 ) ) ;
#1134 =( NAMED_UNIT ( * ) SI_UNIT ( $, .STERADIAN. ) SOLID_ANGLE_UNIT ( ) );
#1135 = STYLED_ITEM ( 'NONE', ( #252 ), #1708 ) ;
#1136 = STYLED_ITEM ( 'NONE', ( #807 ), #1475 ) ;
#1137 = AXIS2_PLACEMENT_3D ( 'NONE', #1515, #228, #1259 ) ;
#1138 = CARTESIAN_POINT ( 'NONE',  ( 0.5754430878194186600, 0.01999999999999997300, -0.3754430878194117100 ) ) ;
#1139 = CARTESIAN_POINT ( 'NONE',  ( 0.5944248268319793900, 0.1745938583236856200, -0.3944248268319724400 ) ) ;
#1140 = PRESENTATION_STYLE_ASSIGNMENT (( #953 ) ) ;
#1141 = FACE_OUTER_BOUND ( 'NONE', #245, .T. ) ;
#1142 = STYLED_ITEM ( 'NONE', ( #880 ), #217 ) ;
#1143 = FILL_AREA_STYLE ('',( #1253 ) ) ;
#1144 = SURFACE_STYLE_USAGE ( .BOTH. , #286 ) ;
#1145 = DIRECTION ( 'NONE',  ( 0.0000000000000000000, 0.0000000000000000000, -1.000000000000000000 ) ) ;
#1146 = COLOUR_RGB ( '',0.2509803921568627400, 0.2509803921568627400, 0.2509803921568627400 ) ;
#1147 = DIRECTION ( 'NONE',  ( 0.0000000000000000000, 0.0000000000000000000, -1.000000000000000000 ) ) ;
#1148 = MECHANICAL_DESIGN_GEOMETRIC_PRESENTATION_REPRESENTATION (  '', ( #1479 ), #848 ) ;
#1149 =( NAMED_UNIT ( * ) SI_UNIT ( $, .STERADIAN. ) SOLID_ANGLE_UNIT ( ) );
#1150 = EDGE_CURVE ( 'NONE', #808, #229, #1074, .T. ) ;
#1151 = CARTESIAN_POINT ( 'NONE',  ( -0.5999999999999987600, 0.6999999999999999600, 0.3120659616118632900 ) ) ;
#1152 = SURFACE_SIDE_STYLE ('',( #1382 ) ) ;
#1153 = EDGE_LOOP ( 'NONE', ( #706, #982, #1476, #290, #1130, #979 ) ) ;
#1154 = ORIENTED_EDGE ( 'NONE', *, *, #74, .F. ) ;
#1155 = CARTESIAN_POINT ( 'NONE',  ( 0.5400576522690598800, 0.6824488878553375300, 0.3300975414851680700 ) ) ;
#1156 = ORIENTED_EDGE ( 'NONE', *, *, #436, .T. ) ;
#1157 =( LENGTH_UNIT ( ) NAMED_UNIT ( * ) SI_UNIT ( .MILLI., .METRE. ) );
#1158 = EDGE_CURVE ( 'NONE', #1247, #908, #626, .T. ) ;
#1159 = CARTESIAN_POINT ( 'NONE',  ( 0.5944248268319776200, 0.1745938583236716400, 0.3944248268319776000 ) ) ;
#1160 =( LENGTH_UNIT ( ) NAMED_UNIT ( * ) SI_UNIT ( .MILLI., .METRE. ) );
#1161 = COLOUR_RGB ( '',0.2509803921568627400, 0.2509803921568627400, 0.2509803921568627400 ) ;
#1162 = CARTESIAN_POINT ( 'NONE',  ( -0.5120659616118680100, 0.7000000000000000700, -0.3120659616118633400 ) ) ;
#1163 = PLANE ( 'NONE',  #1800 ) ;
#1164 = PRESENTATION_LAYER_ASSIGNMENT (  '', '', ( #405 ) ) ;
#1165 = LINE ( 'NONE', #1516, #1412 ) ;
#1166 =( GEOMETRIC_REPRESENTATION_CONTEXT ( 3 ) GLOBAL_UNCERTAINTY_ASSIGNED_CONTEXT ( ( #802 ) ) GLOBAL_UNIT_ASSIGNED_CONTEXT ( ( #201, #1609, #608 ) ) REPRESENTATION_CONTEXT ( 'NONE', 'WORKASPACE' ) );
#1167 = PRESENTATION_STYLE_ASSIGNMENT (( #584 ) ) ;
#1168 = CARTESIAN_POINT ( 'NONE',  ( 0.5754430878194186600, 0.01999999999999998300, -0.1500000000000001300 ) ) ;
#1169 = DIRECTION ( 'NONE',  ( 1.000000000000000000, 0.0000000000000000000, -0.0000000000000000000 ) ) ;
#1170 = VECTOR ( 'NONE', #135, 1000.000000000000000 ) ;
#1171 = UNCERTAINTY_MEASURE_WITH_UNIT (LENGTH_MEASURE( 1.000000000000000100E-005 ), #143, 'distance_accuracy_value', 'NONE');
#1172 = CARTESIAN_POINT ( 'NONE',  ( -0.5975443087819406500, 0.2000000000000000100, 0.1500000000000000200 ) ) ;
#1173 = ORIENTED_EDGE ( 'NONE', *, *, #966, .F. ) ;
#1174 = FILL_AREA_STYLE_COLOUR ( '', #464 ) ;
#1175 = DIRECTION ( 'NONE',  ( -1.000000000000000000, -0.0000000000000000000, 0.0000000000000000000 ) ) ;
#1176 = COLOUR_RGB ( '',0.2509803921568627400, 0.2509803921568627400, 0.2509803921568627400 ) ;
#1177 = SURFACE_SIDE_STYLE ('',( #303 ) ) ;
#1178 = AXIS2_PLACEMENT_3D ( 'NONE', #352, #1186, #241 ) ;
#1179 = STYLED_ITEM ( 'NONE', ( #1107 ), #659 ) ;
#1180 = FILL_AREA_STYLE ('',( #157 ) ) ;
#1181 = EDGE_CURVE ( 'NONE', #641, #1073, #952, .T. ) ;
#1182 = ADVANCED_FACE ( 'NONE', ( #422 ), #1115, .F. ) ;
#1183 = PRESENTATION_STYLE_ASSIGNMENT (( #1507 ) ) ;
#1184 = VECTOR ( 'NONE', #268, 1000.000000000000000 ) ;
#1185 =( BOUNDED_CURVE ( )  B_SPLINE_CURVE ( 3, ( #1139, #302, #466, #191 ),
 .UNSPECIFIED., .F., .T. ) 
 B_SPLINE_CURVE_WITH_KNOTS ( ( 4, 4 ),
 ( 2.333467695109061200, 3.111439517034042500 ),
 .UNSPECIFIED. ) 
 CURVE ( )  GEOMETRIC_REPRESENTATION_ITEM ( )  RATIONAL_B_SPLINE_CURVE ( ( 1.000000000000000000, 0.9501960860785541000, 0.9501960860785541000, 1.000000000000000000 ) ) 
 REPRESENTATION_ITEM ( '' )  );
#1186 = DIRECTION ( 'NONE',  ( 0.0000000000000000000, 1.000000000000000000, 0.0000000000000000000 ) ) ;
#1187 = VECTOR ( 'NONE', #1031, 1000.000000000000000 ) ;
#1188 = FACE_OUTER_BOUND ( 'NONE', #281, .T. ) ;
#1189 = VERTEX_POINT ( 'NONE', #1762 ) ;
#1190 = SURFACE_SIDE_STYLE ('',( #375 ) ) ;
#1191 = EDGE_CURVE ( 'NONE', #1419, #1736, #779, .T. ) ;
#1192 = CARTESIAN_POINT ( 'NONE',  ( -0.5418729987178778600, 0.6733971368769822200, -0.3120659616118632900 ) ) ;
#1193 = LINE ( 'NONE', #1151, #1631 ) ;
#1194 = CARTESIAN_POINT ( 'NONE',  ( 0.5280972242417427700, 0.6893252848791455700, 0.3400576522690554900 ) ) ;
#1195 = ORIENTED_EDGE ( 'NONE', *, *, #1326, .F. ) ;
#1196 = PRESENTATION_LAYER_ASSIGNMENT (  '', '', ( #1208 ) ) ;
#1197 = DIRECTION ( 'NONE',  ( 0.0000000000000000000, 0.0000000000000000000, -1.000000000000000000 ) ) ;
#1198 = COLOUR_RGB ( '',0.2509803921568627400, 0.2509803921568627400, 0.2509803921568627400 ) ;
#1199 =( NAMED_UNIT ( * ) SI_UNIT ( $, .STERADIAN. ) SOLID_ANGLE_UNIT ( ) );
#1200 = PRESENTATION_LAYER_ASSIGNMENT (  '', '', ( #1210 ) ) ;
#1201 = EDGE_CURVE ( 'NONE', #1473, #656, #408, .T. ) ;
#1202 = ORIENTED_EDGE ( 'NONE', *, *, #1294, .T. ) ;
#1203 = PLANE ( 'NONE',  #1747 ) ;
#1204 = EDGE_CURVE ( 'NONE', #1322, #996, #1334, .T. ) ;
#1205 = CARTESIAN_POINT ( 'NONE',  ( -0.8000000000000000400, 0.2000000000000000100, 0.1500000000000000500 ) ) ;
#1206 = UNCERTAINTY_MEASURE_WITH_UNIT (LENGTH_MEASURE( 1.000000000000000100E-005 ), #119, 'distance_accuracy_value', 'NONE');
#1207 = VECTOR ( 'NONE', #1439, 1000.000000000000000 ) ;
#1208 = STYLED_ITEM ( 'NONE', ( #1445 ), #1691 ) ;
#1209 = VECTOR ( 'NONE', #1095, 1000.000000000000000 ) ;
#1210 = STYLED_ITEM ( 'NONE', ( #790 ), #1415 ) ;
#1211 = FILL_AREA_STYLE_COLOUR ( '', #1499 ) ;
#1212 = DIRECTION ( 'NONE',  ( 0.0000000000000000000, 1.000000000000000000, 0.0000000000000000000 ) ) ;
#1213 = CARTESIAN_POINT ( 'NONE',  ( -0.5418423461611076000, 0.6736560803021546300, 0.3120659616118634000 ) ) ;
#1214 = CARTESIAN_POINT ( 'NONE',  ( 0.5400576522690598800, 0.6893252848791455700, 0.3223929188550210300 ) ) ;
#1215 = ORIENTED_EDGE ( 'NONE', *, *, #1123, .T. ) ;
#1216 = ADVANCED_FACE ( 'NONE', ( #128 ), #246, .T. ) ;
#1217 = EDGE_LOOP ( 'NONE', ( #1760, #140, #383, #557 ) ) ;
#1218 = CARTESIAN_POINT ( 'NONE',  ( -0.5754430878194164400, 0.01999999999999998300, -0.3754430878194117100 ) ) ;
#1219 = CARTESIAN_POINT ( 'NONE',  ( -0.5120659616118680100, 0.6989999999999999500, 0.3120659616118633400 ) ) ;
#1220 = AXIS2_PLACEMENT_3D ( 'NONE', #1652, #1328, #1547 ) ;
#1221 = ADVANCED_FACE ( 'NONE', ( #1252 ), #1203, .F. ) ;
#1222 =( NAMED_UNIT ( * ) PLANE_ANGLE_UNIT ( ) SI_UNIT ( $, .RADIAN. ) );
#1223 = DIRECTION ( 'NONE',  ( -0.0000000000000000000, 0.0000000000000000000, 1.000000000000000000 ) ) ;
#1224 = ORIENTED_EDGE ( 'NONE', *, *, #121, .T. ) ;
#1225 = FILL_AREA_STYLE_COLOUR ( '', #37 ) ;
#1226 = STYLED_ITEM ( 'NONE', ( #1615 ), #800 ) ;
#1227 = AXIS2_PLACEMENT_3D ( 'NONE', #654, #910, #1571 ) ;
#1228 = VECTOR ( 'NONE', #1039, 1000.000000000000000 ) ;
#1229 = LINE ( 'NONE', #1501, #220 ) ;
#1230 = DIRECTION ( 'NONE',  ( 0.0000000000000000000, 1.000000000000000000, 0.0000000000000000000 ) ) ;
#1231 = MECHANICAL_DESIGN_GEOMETRIC_PRESENTATION_REPRESENTATION (  '', ( #1142 ), #869 ) ;
#1232 = DIRECTION ( 'NONE',  ( 1.000000000000000000, -0.0000000000000000000, 0.0000000000000000000 ) ) ;
#1233 = CARTESIAN_POINT ( 'NONE',  ( -0.5500000000000000400, 0.0000000000000000000, 0.1499999999999999900 ) ) ;
#1234 = ORIENTED_EDGE ( 'NONE', *, *, #1002, .F. ) ;
#1235 = CARTESIAN_POINT ( 'NONE',  ( 0.6000000000000009800, 0.2100000000000005200, -0.3987721543909650800 ) ) ;
#1236 = FACE_OUTER_BOUND ( 'NONE', #1071, .T. ) ;
#1237 = EDGE_CURVE ( 'NONE', #714, #295, #955, .T. ) ;
#1238 = LINE ( 'NONE', #947, #970 ) ;
#1239 = CARTESIAN_POINT ( 'NONE',  ( -0.8000000000000000400, 0.0000000000000000000, -0.1499999999999999400 ) ) ;
#1240 = ORIENTED_EDGE ( 'NONE', *, *, #1204, .F. ) ;
#1241 = DIRECTION ( 'NONE',  ( -0.0000000000000000000, -0.0000000000000000000, -1.000000000000000000 ) ) ;
#1242 = CARTESIAN_POINT ( 'NONE',  ( 0.5706593862616166100, 0.1964509315531764400, 0.4004357708108516900 ) ) ;
#1243 = STYLED_ITEM ( 'NONE', ( #1361 ), #412 ) ;
#1244 = AXIS2_PLACEMENT_3D ( 'NONE', #1341, #461, #1471 ) ;
#1245 =( NAMED_UNIT ( * ) PLANE_ANGLE_UNIT ( ) SI_UNIT ( $, .RADIAN. ) );
#1246 = ORIENTED_EDGE ( 'NONE', *, *, #1729, .T. ) ;
#1247 = VERTEX_POINT ( 'NONE', #341 ) ;
#1248 = MECHANICAL_DESIGN_GEOMETRIC_PRESENTATION_REPRESENTATION (  '', ( #568 ), #1465 ) ;
#1249 = COLOUR_RGB ( '',0.7529411764705882200, 0.7529411764705882200, 0.7529411764705882200 ) ;
#1250 = CARTESIAN_POINT ( 'NONE',  ( -0.5999999999999987600, 0.6700000000000000400, -0.3120659616118633400 ) ) ;
#1251 = LINE ( 'NONE', #1117, #511 ) ;
#1252 = FACE_OUTER_BOUND ( 'NONE', #41, .T. ) ;
#1253 = FILL_AREA_STYLE_COLOUR ( '', #1297 ) ;
#1254 =( GEOMETRIC_REPRESENTATION_CONTEXT ( 3 ) GLOBAL_UNCERTAINTY_ASSIGNED_CONTEXT ( ( #1555 ) ) GLOBAL_UNIT_ASSIGNED_CONTEXT ( ( #1453, #38, #1781 ) ) REPRESENTATION_CONTEXT ( 'NONE', 'WORKASPACE' ) );
#1255 = VERTEX_POINT ( 'NONE', #1651 ) ;
#1256 = FILL_AREA_STYLE_COLOUR ( '', #1694 ) ;
#1257 = ORIENTED_EDGE ( 'NONE', *, *, #1326, .T. ) ;
#1258 = LINE ( 'NONE', #913, #684 ) ;
#1259 = DIRECTION ( 'NONE',  ( 0.0000000000000000000, 0.9925461516413219800, 0.1218693434051477300 ) ) ;
#1260 = VECTOR ( 'NONE', #1048, 1000.000000000000000 ) ;
#1261 = SURFACE_STYLE_FILL_AREA ( #49 ) ;
#1262 = ORIENTED_EDGE ( 'NONE', *, *, #795, .T. ) ;
#1263 = SURFACE_SIDE_STYLE ('',( #387 ) ) ;
#1264 = LINE ( 'NONE', #512, #1342 ) ;
#1265 = MECHANICAL_DESIGN_GEOMETRIC_PRESENTATION_REPRESENTATION (  '', ( #1179 ), #58 ) ;
#1266 = ORIENTED_EDGE ( 'NONE', *, *, #1295, .F. ) ;
#1267 = PRESENTATION_LAYER_ASSIGNMENT (  '', '', ( #1504 ) ) ;
#1268 = ADVANCED_FACE ( 'NONE', ( #1696 ), #1290, .T. ) ;
#1269 = PRESENTATION_LAYER_ASSIGNMENT (  '', '', ( #1456 ) ) ;
#1270 = DIRECTION ( 'NONE',  ( 1.000000000000000000, 0.0000000000000000000, 0.0000000000000000000 ) ) ;
#1271 = VERTEX_POINT ( 'NONE', #675 ) ;
#1272 = CARTESIAN_POINT ( 'NONE',  ( -0.5400576522690597700, 0.6893252848791451300, -0.3120659616118632900 ) ) ;
#1273 = SURFACE_STYLE_USAGE ( .BOTH. , #1539 ) ;
#1274 = EDGE_CURVE ( 'NONE', #1594, #829, #582, .T. ) ;
#1275 = VECTOR ( 'NONE', #345, 1000.000000000000200 ) ;
#1276 = SURFACE_SIDE_STYLE ('',( #337 ) ) ;
#1277 = LINE ( 'NONE', #657, #204 ) ;
#1278 = CARTESIAN_POINT ( 'NONE',  ( -0.5418729987178778600, 0.6703846846320318200, 0.3154412477767435900 ) ) ;
#1279 = EDGE_CURVE ( 'NONE', #64, #1116, #1229, .T. ) ;
#1280 = EDGE_CURVE ( 'NONE', #1073, #1255, #1100, .T. ) ;
#1281 =( NAMED_UNIT ( * ) PLANE_ANGLE_UNIT ( ) SI_UNIT ( $, .RADIAN. ) );
#1282 = SURFACE_SIDE_STYLE ('',( #266 ) ) ;
#1283 = ORIENTED_EDGE ( 'NONE', *, *, #436, .F. ) ;
#1284 = AXIS2_PLACEMENT_3D ( 'NONE', #1775, #1230, #539 ) ;
#1285 = PRESENTATION_LAYER_ASSIGNMENT (  '', '', ( #568 ) ) ;
#1286 = CARTESIAN_POINT ( 'NONE',  ( 0.5418729987178778600, 0.6703846846320319400, 0.3154412477767436500 ) ) ;
#1287 = ORIENTED_EDGE ( 'NONE', *, *, #1047, .T. ) ;
#1288 = COLOUR_RGB ( '',0.2509803921568627400, 0.2509803921568627400, 0.2509803921568627400 ) ;
#1289 = DIRECTION ( 'NONE',  ( 0.1209742911513548300, -0.9852565360152931700, -0.1209742911513548300 ) ) ;
#1290 = PLANE ( 'NONE',  #1284 ) ;
#1291 =( NAMED_UNIT ( * ) PLANE_ANGLE_UNIT ( ) SI_UNIT ( $, .RADIAN. ) );
#1292 = EDGE_CURVE ( 'NONE', #1698, #808, #1693, .T. ) ;
#1293 = SURFACE_STYLE_FILL_AREA ( #1038 ) ;
#1294 = EDGE_CURVE ( 'NONE', #797, #1247, #1185, .T. ) ;
#1295 = EDGE_CURVE ( 'NONE', #1621, #1559, #1529, .T. ) ;
#1296 = CARTESIAN_POINT ( 'NONE',  ( -0.5972470910829201800, 0.1975793560946523000, -0.3859580340791460300 ) ) ;
#1297 = COLOUR_RGB ( '',0.2509803921568627400, 0.2509803921568627400, 0.2509803921568627400 ) ;
#1298 = FACE_OUTER_BOUND ( 'NONE', #57, .T. ) ;
#1299 = ADVANCED_FACE ( 'NONE', ( #483 ), #1003, .F. ) ;
#1300 = PRESENTATION_LAYER_ASSIGNMENT (  '', '', ( #1397 ) ) ;
#1301 = SURFACE_SIDE_STYLE ('',( #1385 ) ) ;
#1302 = STYLED_ITEM ( 'NONE', ( #361 ), #1561 ) ;
#1303 = EDGE_CURVE ( 'NONE', #1721, #1473, #1318, .T. ) ;
#1304 = LINE ( 'NONE', #1233, #18 ) ;
#1305 = DIRECTION ( 'NONE',  ( 1.000000000000000000, -0.0000000000000000000, 0.0000000000000000000 ) ) ;
#1306 = FILL_AREA_STYLE ('',( #469 ) ) ;
#1307 = AXIS2_PLACEMENT_3D ( 'NONE', #1384, #833, #1604 ) ;
#1308 = UNCERTAINTY_MEASURE_WITH_UNIT (LENGTH_MEASURE( 1.000000000000000100E-005 ), #635, 'distance_accuracy_value', 'NONE');
#1309 = FACE_OUTER_BOUND ( 'NONE', #1153, .T. ) ;
#1310 = CARTESIAN_POINT ( 'NONE',  ( -0.5418729987178778600, 0.6733971368769823300, 0.3120659616118632900 ) ) ;
#1311 = EDGE_LOOP ( 'NONE', ( #930, #130, #1548, #1522 ) ) ;
#1312 = STYLED_ITEM ( 'NONE', ( #1377 ), #1216 ) ;
#1313 = DIRECTION ( 'NONE',  ( 0.0000000000000000000, 0.0000000000000000000, 1.000000000000000000 ) ) ;
#1314 = EDGE_LOOP ( 'NONE', ( #1366, #1266, #83, #1771 ) ) ;
#1315 = FILL_AREA_STYLE ('',( #1722 ) ) ;
#1316 =( NAMED_UNIT ( * ) SI_UNIT ( $, .STERADIAN. ) SOLID_ANGLE_UNIT ( ) );
#1317 = EDGE_CURVE ( 'NONE', #521, #1677, #381, .T. ) ;
#1318 = CIRCLE ( 'NONE', #180, 0.03000000000000002300 ) ;
#1319 = FILL_AREA_STYLE_COLOUR ( '', #1198 ) ;
#1320 = CARTESIAN_POINT ( 'NONE',  ( -0.5975443087819406500, 0.2000000000000000100, 0.4000000000000010200 ) ) ;
#1321 = SURFACE_STYLE_USAGE ( .BOTH. , #56 ) ;
#1322 = VERTEX_POINT ( 'NONE', #1581 ) ;
#1323 =( BOUNDED_SURFACE ( )  B_SPLINE_SURFACE ( 3, 3, ( 
 ( #1752, #348, #1749, #1286 ),
 ( #929, #1214, #1155, #661 ),
 ( #79, #407, #1194, #1043 ),
 ( #1474, #1112, #841, #1797 ) ),
 .UNSPECIFIED., .F., .F., .F. ) 
 B_SPLINE_SURFACE_WITH_KNOTS ( ( 4, 4 ),
 ( 4, 4 ),
 ( 0.0000000000000000000, 1.000000000000000000 ),
 ( 0.0000000000000000000, 1.000000000000000000 ),
 .UNSPECIFIED. ) 
 GEOMETRIC_REPRESENTATION_ITEM ( )  RATIONAL_B_SPLINE_SURFACE ( (
 ( 1.000000000000000000, 0.8307126645170467300, 0.8307126645170467300, 1.000000000000000000),
 ( 0.8307126645170417300, 0.6900835309890073200, 0.6900835309890073200, 0.8307126645170417300),
 ( 0.8307126645170417300, 0.6900835309890073200, 0.6900835309890073200, 0.8307126645170417300),
 ( 1.000000000000000000, 0.8307126645170467300, 0.8307126645170467300, 1.000000000000000000) ) ) 
 REPRESENTATION_ITEM ( '' )  SURFACE ( )  );
#1324 = FILL_AREA_STYLE ('',( #1449 ) ) ;
#1325 = CARTESIAN_POINT ( 'NONE',  ( -0.5500000000000000400, 0.2000000000000000100, -0.1500000000000000200 ) ) ;
#1326 = EDGE_CURVE ( 'NONE', #714, #452, #758, .T. ) ;
#1327 = UNCERTAINTY_MEASURE_WITH_UNIT (LENGTH_MEASURE( 1.000000000000000100E-005 ), #123, 'distance_accuracy_value', 'NONE');
#1328 = DIRECTION ( 'NONE',  ( -0.1209742911513548300, -0.9852565360152931700, -0.1209742911513548300 ) ) ;
#1329 = AXIS2_PLACEMENT_3D ( 'NONE', #1042, #1673, #1169 ) ;
#1330 =( LENGTH_UNIT ( ) NAMED_UNIT ( * ) SI_UNIT ( .MILLI., .METRE. ) );
#1331 = CARTESIAN_POINT ( 'NONE',  ( 0.5120659616118676800, 0.6733971368769822200, -0.3418729987178732400 ) ) ;
#1332 = STYLED_ITEM ( 'NONE', ( #1140 ), #700 ) ;
#1333 = ORIENTED_EDGE ( 'NONE', *, *, #1532, .T. ) ;
#1334 =( BOUNDED_CURVE ( )  B_SPLINE_CURVE ( 3, ( #1567, #585, #417, #1409 ),
 .UNSPECIFIED., .F., .F. ) 
 B_SPLINE_CURVE_WITH_KNOTS ( ( 4, 4 ),
 ( 3.171745790145544100, 3.949717612070630800 ),
 .UNSPECIFIED. ) 
 CURVE ( )  GEOMETRIC_REPRESENTATION_ITEM ( )  RATIONAL_B_SPLINE_CURVE ( ( 1.000000000000000000, 0.9501960860785408900, 0.9501960860785408900, 1.000000000000000000 ) ) 
 REPRESENTATION_ITEM ( '' )  );
#1335 = EDGE_CURVE ( 'NONE', #195, #33, #1019, .T. ) ;
#1336 = SURFACE_STYLE_USAGE ( .BOTH. , #1053 ) ;
#1337 = ADVANCED_FACE ( 'NONE', ( #1437 ), #232, .T. ) ;
#1338 = COLOUR_RGB ( '',0.7529411764705882200, 0.7529411764705882200, 0.7529411764705882200 ) ;
#1339 = DIRECTION ( 'NONE',  ( 0.0000000000000000000, -0.9925461516413210900, 0.1218693434051545100 ) ) ;
#1340 = ORIENTED_EDGE ( 'NONE', *, *, #1345, .F. ) ;
#1341 = CARTESIAN_POINT ( 'NONE',  ( -0.8000000000000000400, 0.2000000000000000100, -0.1499999999999999400 ) ) ;
#1342 = VECTOR ( 'NONE', #1099, 1000.000000000000000 ) ;
#1343 =( NAMED_UNIT ( * ) PLANE_ANGLE_UNIT ( ) SI_UNIT ( $, .RADIAN. ) );
#1344 = EDGE_CURVE ( 'NONE', #264, #536, #146, .T. ) ;
#1345 = EDGE_CURVE ( 'NONE', #113, #192, #1534, .T. ) ;
#1346 =( NAMED_UNIT ( * ) PLANE_ANGLE_UNIT ( ) SI_UNIT ( $, .RADIAN. ) );
#1347 =( NAMED_UNIT ( * ) SI_UNIT ( $, .STERADIAN. ) SOLID_ANGLE_UNIT ( ) );
#1348 = VECTOR ( 'NONE', #1434, 1000.000000000000000 ) ;
#1349 = PLANE ( 'NONE',  #310 ) ;
#1350 = ORIENTED_EDGE ( 'NONE', *, *, #1647, .T. ) ;
#1351 = SURFACE_STYLE_USAGE ( .BOTH. , #454 ) ;
#1352 = SURFACE_STYLE_FILL_AREA ( #1306 ) ;
#1353 = MECHANICAL_DESIGN_GEOMETRIC_PRESENTATION_REPRESENTATION (  '', ( #372 ), #1254 ) ;
#1354 = CARTESIAN_POINT ( 'NONE',  ( 0.5500000000000000400, 0.0000000000000000000, 0.1499999999999998600 ) ) ;
#1355 = ORIENTED_EDGE ( 'NONE', *, *, #1769, .T. ) ;
#1356 = COLOUR_RGB ( '',0.7529411764705882200, 0.7529411764705882200, 0.7529411764705882200 ) ;
#1357 = DIRECTION ( 'NONE',  ( 0.0000000000000000000, 1.000000000000000000, 0.0000000000000000000 ) ) ;
#1358 =( BOUNDED_CURVE ( )  B_SPLINE_CURVE ( 3, ( #7, #165, #1046, #702 ),
 .UNSPECIFIED., .F., .F. ) 
 B_SPLINE_CURVE_WITH_KNOTS ( ( 4, 4 ),
 ( 2.333467695109278800, 3.111439517034031900 ),
 .UNSPECIFIED. ) 
 CURVE ( )  GEOMETRIC_REPRESENTATION_ITEM ( )  RATIONAL_B_SPLINE_CURVE ( ( 1.000000000000000000, 0.9501960860785830800, 0.9501960860785830800, 1.000000000000000000 ) ) 
 REPRESENTATION_ITEM ( '' )  );
#1359 = ORIENTED_EDGE ( 'NONE', *, *, #517, .T. ) ;
#1360 = ADVANCED_FACE ( 'NONE', ( #884 ), #1517, .T. ) ;
#1361 = PRESENTATION_STYLE_ASSIGNMENT (( #1055 ) ) ;
#1362 = LINE ( 'NONE', #1588, #933 ) ;
#1363 = DIRECTION ( 'NONE',  ( -0.1209742911513548300, -0.9852565360152931700, 0.1209742911513548300 ) ) ;
#1364 = COLOUR_RGB ( '',0.2509803921568627400, 0.2509803921568627400, 0.2509803921568627400 ) ;
#1365 = CARTESIAN_POINT ( 'NONE',  ( -0.5120659616118680100, 0.7000000000000000700, 0.3280972242417384800 ) ) ;
#1366 = ORIENTED_EDGE ( 'NONE', *, *, #1796, .T. ) ;
#1367 = CARTESIAN_POINT ( 'NONE',  ( -0.5999999999999988700, 0.02000000000000000000, 0.3754430878194186000 ) ) ;
#1368 = ADVANCED_FACE ( 'NONE', ( #1068 ), #697, .T. ) ;
#1369 = VERTEX_POINT ( 'NONE', #596 ) ;
#1370 = ORIENTED_EDGE ( 'NONE', *, *, #1292, .T. ) ;
#1371 = FILL_AREA_STYLE_COLOUR ( '', #852 ) ;
#1372 = FILL_AREA_STYLE_COLOUR ( '', #1146 ) ;
#1373 = CARTESIAN_POINT ( 'NONE',  ( -0.5999999999999987600, 0.6700000000000000400, 0.3120659616118632900 ) ) ;
#1374 = ADVANCED_FACE ( 'NONE', ( #437 ), #537, .F. ) ;
#1375 = SURFACE_STYLE_USAGE ( .BOTH. , #1733 ) ;
#1376 = UNCERTAINTY_MEASURE_WITH_UNIT (LENGTH_MEASURE( 1.000000000000000100E-005 ), #42, 'distance_accuracy_value', 'NONE');
#1377 = PRESENTATION_STYLE_ASSIGNMENT (( #976 ) ) ;
#1378 = PRESENTATION_LAYER_ASSIGNMENT (  '', '', ( #1479 ) ) ;
#1379 =( LENGTH_UNIT ( ) NAMED_UNIT ( * ) SI_UNIT ( .MILLI., .METRE. ) );
#1380 = DIRECTION ( 'NONE',  ( 0.0000000000000000000, -0.0000000000000000000, 1.000000000000000000 ) ) ;
#1381 = DIRECTION ( 'NONE',  ( 1.000000000000000000, -0.0000000000000000000, 0.0000000000000000000 ) ) ;
#1382 = SURFACE_STYLE_FILL_AREA ( #1659 ) ;
#1383 = FACE_OUTER_BOUND ( 'NONE', #575, .T. ) ;
#1384 = CARTESIAN_POINT ( 'NONE',  ( -0.5120659616118680100, 0.6989999999999999500, 0.3120659616118633400 ) ) ;
#1385 = SURFACE_STYLE_FILL_AREA ( #379 ) ;
#1386 = DIRECTION ( 'NONE',  ( -1.000000000000000000, -0.0000000000000000000, -0.0000000000000000000 ) ) ;
#1387 = SURFACE_STYLE_FILL_AREA ( #1131 ) ;
#1388 = CARTESIAN_POINT ( 'NONE',  ( -0.5120659616118679000, 0.6699999999999999300, 0.3120659616118632900 ) ) ;
#1389 = PLANE ( 'NONE',  #1329 ) ;
#1390 = PRESENTATION_LAYER_ASSIGNMENT (  '', '', ( #301 ) ) ;
#1391 = EDGE_LOOP ( 'NONE', ( #25, #331, #690, #1654 ) ) ;
#1392 =( NAMED_UNIT ( * ) PLANE_ANGLE_UNIT ( ) SI_UNIT ( $, .RADIAN. ) );
#1393 = CARTESIAN_POINT ( 'NONE',  ( -0.5120659616118680100, 0.6989999999999999500, -0.3120659616118633400 ) ) ;
#1394 = STYLED_ITEM ( 'NONE', ( #639 ), #1268 ) ;
#1395 = ORIENTED_EDGE ( 'NONE', *, *, #954, .T. ) ;
#1396 = CARTESIAN_POINT ( 'NONE',  ( 0.5944248268319793900, 0.1745938583236856200, -0.3944248268319724400 ) ) ;
#1397 = STYLED_ITEM ( 'NONE', ( #975 ), #105 ) ;
#1398 =( NAMED_UNIT ( * ) SI_UNIT ( $, .STERADIAN. ) SOLID_ANGLE_UNIT ( ) );
#1399 = UNCERTAINTY_MEASURE_WITH_UNIT (LENGTH_MEASURE( 1.000000000000000100E-005 ), #482, 'distance_accuracy_value', 'NONE');
#1400 = CARTESIAN_POINT ( 'NONE',  ( 0.5500000000000000400, 0.0000000000000000000, -0.1500000000000001900 ) ) ;
#1401 = MECHANICAL_DESIGN_GEOMETRIC_PRESENTATION_REPRESENTATION (  '', ( #1470 ), #1005 ) ;
#1402 = EDGE_CURVE ( 'NONE', #33, #300, #45, .T. ) ;
#1403 = AXIS2_PLACEMENT_3D ( 'NONE', #1444, #630, #815 ) ;
#1404 = ORIENTED_EDGE ( 'NONE', *, *, #710, .T. ) ;
#1405 = ORIENTED_EDGE ( 'NONE', *, *, #1181, .T. ) ;
#1406 = EDGE_LOOP ( 'NONE', ( #701, #1429, #545, #1777 ) ) ;
#1407 = CARTESIAN_POINT ( 'NONE',  ( -0.5754430878194164400, 0.01999999999999998700, 0.1499999999999999700 ) ) ;
#1408 = MECHANICAL_DESIGN_GEOMETRIC_PRESENTATION_REPRESENTATION (  '', ( #1088 ), #1418 ) ;
#1409 = CARTESIAN_POINT ( 'NONE',  ( -0.5944248268319760600, 0.1745938583236761600, 0.3944248268319782100 ) ) ;
#1410 = COLOUR_RGB ( '',0.2509803921568627400, 0.2509803921568627400, 0.2509803921568627400 ) ;
#1411 = SURFACE_STYLE_USAGE ( .BOTH. , #964 ) ;
#1412 = VECTOR ( 'NONE', #1305, 1000.000000000000000 ) ;
#1413 = ORIENTED_EDGE ( 'NONE', *, *, #578, .T. ) ;
#1414 = ORIENTED_EDGE ( 'NONE', *, *, #1201, .T. ) ;
#1415 = ADVANCED_FACE ( 'NONE', ( #425 ), #1349, .F. ) ;
#1416 = ORIENTED_EDGE ( 'NONE', *, *, #116, .F. ) ;
#1417 = FILL_AREA_STYLE_COLOUR ( '', #1780 ) ;
#1418 =( GEOMETRIC_REPRESENTATION_CONTEXT ( 3 ) GLOBAL_UNCERTAINTY_ASSIGNED_CONTEXT ( ( #144 ) ) GLOBAL_UNIT_ASSIGNED_CONTEXT ( ( #1605, #1245, #1149 ) ) REPRESENTATION_CONTEXT ( 'NONE', 'WORKASPACE' ) );
#1419 = VERTEX_POINT ( 'NONE', #248 ) ;
#1420 = FILL_AREA_STYLE_COLOUR ( '', #1338 ) ;
#1421 = COLOUR_RGB ( '',0.2509803921568627400, 0.2509803921568627400, 0.2509803921568627400 ) ;
#1422 = MECHANICAL_DESIGN_GEOMETRIC_PRESENTATION_REPRESENTATION (  '', ( #1108 ), #542 ) ;
#1423 = CYLINDRICAL_SURFACE ( 'NONE', #956, 0.02999999999999997100 ) ;
#1424 =( NAMED_UNIT ( * ) SI_UNIT ( $, .STERADIAN. ) SOLID_ANGLE_UNIT ( ) );
#1425 = DIRECTION ( 'NONE',  ( -0.1209742911513548300, -0.9852565360152931700, 0.1209742911513548300 ) ) ;
#1426 = EDGE_CURVE ( 'NONE', #81, #1736, #1022, .T. ) ;
#1427 = ORIENTED_EDGE ( 'NONE', *, *, #325, .F. ) ;
#1428 = DIRECTION ( 'NONE',  ( 1.000000000000000000, 0.0000000000000000000, 2.168404344971008900E-016 ) ) ;
#1429 = ORIENTED_EDGE ( 'NONE', *, *, #355, .F. ) ;
#1430 = CARTESIAN_POINT ( 'NONE',  ( 0.5120659616118679000, 0.6700000000000000400, -0.3120659616118633400 ) ) ;
#1431 =( LENGTH_UNIT ( ) NAMED_UNIT ( * ) SI_UNIT ( .MILLI., .METRE. ) );
#1432 = UNCERTAINTY_MEASURE_WITH_UNIT (LENGTH_MEASURE( 1.000000000000000100E-005 ), #1157, 'distance_accuracy_value', 'NONE');
#1433 = SURFACE_SIDE_STYLE ('',( #11 ) ) ;
#1434 = DIRECTION ( 'NONE',  ( -0.0000000000000000000, -1.000000000000000000, 0.0000000000000000000 ) ) ;
#1435 =( LENGTH_UNIT ( ) NAMED_UNIT ( * ) SI_UNIT ( .MILLI., .METRE. ) );
#1436 = ORIENTED_EDGE ( 'NONE', *, *, #1181, .F. ) ;
#1437 = FACE_OUTER_BOUND ( 'NONE', #1122, .T. ) ;
#1438 = DIRECTION ( 'NONE',  ( 1.000000000000000000, 0.0000000000000000000, -3.252606517456513300E-016 ) ) ;
#1439 = DIRECTION ( 'NONE',  ( 0.0000000000000000000, 0.0000000000000000000, -1.000000000000000000 ) ) ;
#1440 = PLANE ( 'NONE',  #752 ) ;
#1441 = DIRECTION ( 'NONE',  ( -1.000000000000000000, 0.0000000000000000000, -0.0000000000000000000 ) ) ;
#1442 = PLANE ( 'NONE',  #1045 ) ;
#1443 = ORIENTED_EDGE ( 'NONE', *, *, #500, .F. ) ;
#1444 = CARTESIAN_POINT ( 'NONE',  ( -0.8000000000000000400, 0.0000000000000000000, 0.1500000000000000500 ) ) ;
#1445 = PRESENTATION_STYLE_ASSIGNMENT (( #1786 ) ) ;
#1446 = APPLICATION_CONTEXT ( 'automotive_design' ) ;
#1447 = FACE_OUTER_BOUND ( 'NONE', #1500, .T. ) ;
#1448 = SURFACE_STYLE_USAGE ( .BOTH. , #115 ) ;
#1449 = FILL_AREA_STYLE_COLOUR ( '', #1410 ) ;
#1450 = ORIENTED_EDGE ( 'NONE', *, *, #1024, .F. ) ;
#1451 = CARTESIAN_POINT ( 'NONE',  ( -0.5975443087819406500, 0.1999999999999999800, -0.1499999999999999700 ) ) ;
#1452 = ORIENTED_EDGE ( 'NONE', *, *, #922, .F. ) ;
#1453 =( LENGTH_UNIT ( ) NAMED_UNIT ( * ) SI_UNIT ( .MILLI., .METRE. ) );
#1454 = AXIS2_PLACEMENT_3D ( 'NONE', #456, #1750, #751 ) ;
#1455 = CARTESIAN_POINT ( 'NONE',  ( -0.5500000000000000400, 0.2000000000000000100, -0.1500000000000000500 ) ) ;
#1456 = STYLED_ITEM ( 'NONE', ( #1546 ), #742 ) ;
#1457 =( NAMED_UNIT ( * ) SI_UNIT ( $, .STERADIAN. ) SOLID_ANGLE_UNIT ( ) );
#1458 =( GEOMETRIC_REPRESENTATION_CONTEXT ( 3 ) GLOBAL_UNCERTAINTY_ASSIGNED_CONTEXT ( ( #344 ) ) GLOBAL_UNIT_ASSIGNED_CONTEXT ( ( #90, #496, #141 ) ) REPRESENTATION_CONTEXT ( 'NONE', 'WORKASPACE' ) );
#1459 = VECTOR ( 'NONE', #443, 1000.000000000000000 ) ;
#1460 = EDGE_LOOP ( 'NONE', ( #85, #1414, #1443 ) ) ;
#1461 = CARTESIAN_POINT ( 'NONE',  ( -0.5120659616118680100, 0.6989999999999999500, 0.3120659616118633400 ) ) ;
#1462 = VERTEX_POINT ( 'NONE', #5 ) ;
#1463 = CARTESIAN_POINT ( 'NONE',  ( 0.5500000000000000400, 0.0000000000000000000, 0.1499999999999998600 ) ) ;
#1464 =( NAMED_UNIT ( * ) PLANE_ANGLE_UNIT ( ) SI_UNIT ( $, .RADIAN. ) );
#1465 =( GEOMETRIC_REPRESENTATION_CONTEXT ( 3 ) GLOBAL_UNCERTAINTY_ASSIGNED_CONTEXT ( ( #612 ) ) GLOBAL_UNIT_ASSIGNED_CONTEXT ( ( #1770, #320, #664 ) ) REPRESENTATION_CONTEXT ( 'NONE', 'WORKASPACE' ) );
#1466 = CARTESIAN_POINT ( 'NONE',  ( -0.5500000000000000400, 0.0000000000000000000, 0.1499999999999999900 ) ) ;
#1467 = SURFACE_STYLE_FILL_AREA ( #273 ) ;
#1468 = CARTESIAN_POINT ( 'NONE',  ( -0.5754430878194164400, 0.02000000000000000000, -0.3999999999999941400 ) ) ;
#1469 = CARTESIAN_POINT ( 'NONE',  ( 0.5987721543909707600, 0.2099999999999907200, -0.3770373992183313500 ) ) ;
#1470 = STYLED_ITEM ( 'NONE', ( #288 ), #949 ) ;
#1471 = DIRECTION ( 'NONE',  ( 0.0000000000000000000, 0.0000000000000000000, -1.000000000000000000 ) ) ;
#1472 = EDGE_CURVE ( 'NONE', #1742, #1419, #791, .T. ) ;
#1473 = VERTEX_POINT ( 'NONE', #844 ) ;
#1474 = CARTESIAN_POINT ( 'NONE',  ( 0.5120659616118672400, 0.6999999999999999600, 0.3120659616118632300 ) ) ;
#1475 = ADVANCED_FACE ( 'NONE', ( #1545 ), #699, .F. ) ;
#1476 = ORIENTED_EDGE ( 'NONE', *, *, #721, .F. ) ;
#1477 = CARTESIAN_POINT ( 'NONE',  ( -0.5500000000000000400, 0.2000000000000000100, 0.1499999999999999900 ) ) ;
#1478 = UNCERTAINTY_MEASURE_WITH_UNIT (LENGTH_MEASURE( 1.000000000000000100E-005 ), #1793, 'distance_accuracy_value', 'NONE');
#1479 = STYLED_ITEM ( 'NONE', ( #988 ), #792 ) ;
#1480 = AXIS2_PLACEMENT_3D ( 'NONE', #1676, #850, #707 ) ;
#1481 =( NAMED_UNIT ( * ) SI_UNIT ( $, .STERADIAN. ) SOLID_ANGLE_UNIT ( ) );
#1482 = EDGE_LOOP ( 'NONE', ( #279, #163, #1685, #821, #424 ) ) ;
#1483 = PRESENTATION_LAYER_ASSIGNMENT (  '', '', ( #1179 ) ) ;
#1484 =( BOUNDED_CURVE ( )  B_SPLINE_CURVE ( 3, ( #1644, #1496, #504, #44 ),
 .UNSPECIFIED., .F., .T. ) 
 B_SPLINE_CURVE_WITH_KNOTS ( ( 4, 4 ),
 ( 3.171745790145551700, 3.949717612070467300 ),
 .UNSPECIFIED. ) 
 CURVE ( )  GEOMETRIC_REPRESENTATION_ITEM ( )  RATIONAL_B_SPLINE_CURVE ( ( 1.000000000000000000, 0.9501960860785625400, 0.9501960860785625400, 1.000000000000000000 ) ) 
 REPRESENTATION_ITEM ( '' )  );
#1485 = EDGE_CURVE ( 'NONE', #1247, #1721, #705, .T. ) ;
#1486 = VECTOR ( 'NONE', #1595, 1000.000000000000000 ) ;
#1487 =( NAMED_UNIT ( * ) PLANE_ANGLE_UNIT ( ) SI_UNIT ( $, .RADIAN. ) );
#1488 = LINE ( 'NONE', #796, #360 ) ;
#1489 = FILL_AREA_STYLE_COLOUR ( '', #1161 ) ;
#1490 = VECTOR ( 'NONE', #396, 1000.000000000000000 ) ;
#1491 = ORIENTED_EDGE ( 'NONE', *, *, #1668, .F. ) ;
#1492 = CARTESIAN_POINT ( 'NONE',  ( -0.5999999999999987600, 0.6999999999999999600, 0.3120659616118633400 ) ) ;
#1493 = AXIS2_PLACEMENT_3D ( 'NONE', #432, #1700, #161 ) ;
#1494 = MECHANICAL_DESIGN_GEOMETRIC_PRESENTATION_REPRESENTATION (  '', ( #1737 ), #485 ) ;
#1495 = EDGE_CURVE ( 'NONE', #1255, #1721, #746, .T. ) ;
#1496 = CARTESIAN_POINT ( 'NONE',  ( -0.5770373992183356300, 0.2099999999999995800, -0.3987721543909649700 ) ) ;
#1497 = ORIENTED_EDGE ( 'NONE', *, *, #1158, .F. ) ;
#1498 = ADVANCED_FACE ( 'NONE', ( #1298 ), #1323, .T. ) ;
#1499 = COLOUR_RGB ( '',0.7529411764705882200, 0.7529411764705882200, 0.7529411764705882200 ) ;
#1500 = EDGE_LOOP ( 'NONE', ( #1680, #1156, #103, #1240, #878, #492, #918, #1063, #160, #548 ) ) ;
#1501 = CARTESIAN_POINT ( 'NONE',  ( 0.8000000000000000400, 0.0000000000000000000, -0.1500000000000001100 ) ) ;
#1502 = PLANE ( 'NONE',  #1454 ) ;
#1503 = APPLICATION_PROTOCOL_DEFINITION ( 'draft international standard', 'automotive_design', 1998, #1103 ) ;
#1504 = STYLED_ITEM ( 'NONE', ( #305 ), #94 ) ;
#1505 = DIRECTION ( 'NONE',  ( -0.0000000000000000000, -0.0000000000000000000, -1.000000000000000000 ) ) ;
#1506 = LINE ( 'NONE', #1492, #1017 ) ;
#1507 = SURFACE_STYLE_USAGE ( .BOTH. , #977 ) ;
#1508 = LINE ( 'NONE', #1627, #840 ) ;
#1509 = CARTESIAN_POINT ( 'NONE',  ( 0.5706593862616166100, 0.1927948512510220300, -0.3706593862616120400 ) ) ;
#1510 = PRESENTATION_STYLE_ASSIGNMENT (( #431 ) ) ;
#1511 = DIRECTION ( 'NONE',  ( 0.0000000000000000000, 1.000000000000000000, 0.0000000000000000000 ) ) ;
#1512 = PRESENTATION_STYLE_ASSIGNMENT (( #82 ) ) ;
#1513 = COLOUR_RGB ( '',0.2509803921568627400, 0.2509803921568627400, 0.2509803921568627400 ) ;
#1514 = EDGE_LOOP ( 'NONE', ( #1789, #916, #1355, #1570 ) ) ;
#1515 = CARTESIAN_POINT ( 'NONE',  ( 0.5999999999999987600, 0.1999999999999999800, -0.3999999999999941400 ) ) ;
#1516 = CARTESIAN_POINT ( 'NONE',  ( 0.6000000000000009800, 0.2099999999999722100, 0.3987721543909684700 ) ) ;
#1517 = CYLINDRICAL_SURFACE ( 'NONE', #1686, 0.02999999999999997800 ) ;
#1518 = EDGE_LOOP ( 'NONE', ( #77, #798, #1404, #1054 ) ) ;
#1519 =( NAMED_UNIT ( * ) SI_UNIT ( $, .STERADIAN. ) SOLID_ANGLE_UNIT ( ) );
#1520 = DIRECTION ( 'NONE',  ( 0.0000000000000000000, -0.0000000000000000000, 1.000000000000000000 ) ) ;
#1521 =( NAMED_UNIT ( * ) SI_UNIT ( $, .STERADIAN. ) SOLID_ANGLE_UNIT ( ) );
#1522 = ORIENTED_EDGE ( 'NONE', *, *, #1109, .T. ) ;
#1523 = ORIENTED_EDGE ( 'NONE', *, *, #403, .F. ) ;
#1524 =( LENGTH_UNIT ( ) NAMED_UNIT ( * ) SI_UNIT ( .MILLI., .METRE. ) );
#1525 = VERTEX_POINT ( 'NONE', #1400 ) ;
#1526 = CARTESIAN_POINT ( 'NONE',  ( 0.5120659616118679000, 0.6700000000000000400, 0.3120659616118632900 ) ) ;
#1527 = ORIENTED_EDGE ( 'NONE', *, *, #1191, .T. ) ;
#1528 = ORIENTED_EDGE ( 'NONE', *, *, #74, .T. ) ;
#1529 = LINE ( 'NONE', #314, #902 ) ;
#1530 = EDGE_LOOP ( 'NONE', ( #860, #1173, #1528 ) ) ;
#1531 = FILL_AREA_STYLE ('',( #825 ) ) ;
#1532 = EDGE_CURVE ( 'NONE', #894, #1059, #942, .T. ) ;
#1533 = DIRECTION ( 'NONE',  ( -0.1209742911513548300, -0.9852565360152929500, -0.1209742911513557500 ) ) ;
#1534 = LINE ( 'NONE', #366, #1608 ) ;
#1535 = FILL_AREA_STYLE ('',( #773 ) ) ;
#1536 = VECTOR ( 'NONE', #1592, 1000.000000000000000 ) ;
#1537 = DIRECTION ( 'NONE',  ( 0.0000000000000000000, 0.0000000000000000000, 1.000000000000000000 ) ) ;
#1538 = PRESENTATION_LAYER_ASSIGNMENT (  '', '', ( #1312 ) ) ;
#1539 = SURFACE_SIDE_STYLE ('',( #938 ) ) ;
#1540 = DIRECTION ( 'NONE',  ( -0.1209742911513548300, -0.9852565360152931700, -0.1209742911513548300 ) ) ;
#1541 = VECTOR ( 'NONE', #368, 1000.000000000000000 ) ;
#1542 = MECHANICAL_DESIGN_GEOMETRIC_PRESENTATION_REPRESENTATION (  '', ( #638 ), #172 ) ;
#1543 =( NAMED_UNIT ( * ) SI_UNIT ( $, .STERADIAN. ) SOLID_ANGLE_UNIT ( ) );
#1544 = ORIENTED_EDGE ( 'NONE', *, *, #95, .T. ) ;
#1545 = FACE_OUTER_BOUND ( 'NONE', #1518, .T. ) ;
#1546 = PRESENTATION_STYLE_ASSIGNMENT (( #1144 ) ) ;
#1547 = DIRECTION ( 'NONE',  ( 0.0000000000000000000, 0.1218693434051487100, -0.9925461516413217600 ) ) ;
#1548 = ORIENTED_EDGE ( 'NONE', *, *, #1029, .T. ) ;
#1549 = CARTESIAN_POINT ( 'NONE',  ( 0.5706593862616166100, 0.1927948512510220300, 0.3706593862616120400 ) ) ;
#1550 = LINE ( 'NONE', #385, #528 ) ;
#1551 =( GEOMETRIC_REPRESENTATION_CONTEXT ( 3 ) GLOBAL_UNCERTAINTY_ASSIGNED_CONTEXT ( ( #1661 ) ) GLOBAL_UNIT_ASSIGNED_CONTEXT ( ( #1724, #53, #581 ) ) REPRESENTATION_CONTEXT ( 'NONE', 'WORKASPACE' ) );
#1552 = ORIENTED_EDGE ( 'NONE', *, *, #313, .T. ) ;
#1553 = CARTESIAN_POINT ( 'NONE',  ( -0.5120659616118680100, 0.6700000000000002600, 0.3120659616118633400 ) ) ;
#1554 = CARTESIAN_POINT ( 'NONE',  ( -0.5120659616118681300, 0.6736560803021546300, 0.3418423461611029800 ) ) ;
#1555 = UNCERTAINTY_MEASURE_WITH_UNIT (LENGTH_MEASURE( 1.000000000000000100E-005 ), #1453, 'distance_accuracy_value', 'NONE');
#1556 = SURFACE_STYLE_FILL_AREA ( #198 ) ;
#1557 =( NAMED_UNIT ( * ) SI_UNIT ( $, .STERADIAN. ) SOLID_ANGLE_UNIT ( ) );
#1558 = EDGE_CURVE ( 'NONE', #656, #452, #601, .T. ) ;
#1559 = VERTEX_POINT ( 'NONE', #847 ) ;
#1560 = FILL_AREA_STYLE ('',( #1225 ) ) ;
#1561 = ADVANCED_FACE ( 'NONE', ( #202 ), #420, .T. ) ;
#1562 = COLOUR_RGB ( '',0.7529411764705882200, 0.7529411764705882200, 0.7529411764705882200 ) ;
#1563 = CARTESIAN_POINT ( 'NONE',  ( -0.2620659616118680700, 0.6989999999999999500, -0.3120659616118633400 ) ) ;
#1564 = COLOUR_RGB ( '',0.2509803921568627400, 0.2509803921568627400, 0.2509803921568627400 ) ;
#1565 = CARTESIAN_POINT ( 'NONE',  ( -0.2620659616118680700, 0.6999999999999999600, 0.3120659616118632900 ) ) ;
#1566 =( NAMED_UNIT ( * ) SI_UNIT ( $, .STERADIAN. ) SOLID_ANGLE_UNIT ( ) );
#1567 = CARTESIAN_POINT ( 'NONE',  ( -0.5987721543909696500, 0.2100000000000002100, 0.3689957698417254400 ) ) ;
#1568 = VECTOR ( 'NONE', #216, 1000.000000000000000 ) ;
#1569 =( NAMED_UNIT ( * ) PLANE_ANGLE_UNIT ( ) SI_UNIT ( $, .RADIAN. ) );
#1570 = ORIENTED_EDGE ( 'NONE', *, *, #1279, .F. ) ;
#1571 = DIRECTION ( 'NONE',  ( 0.0000000000000000000, 0.0000000000000000000, -1.000000000000000000 ) ) ;
#1572 = PRESENTATION_STYLE_ASSIGNMENT (( #881 ) ) ;
#1573 = FILL_AREA_STYLE ('',( #1489 ) ) ;
#1574 = CARTESIAN_POINT ( 'NONE',  ( -0.5280972242417429900, 0.6893252848791451300, -0.3400576522690555400 ) ) ;
#1575 = AXIS2_PLACEMENT_3D ( 'NONE', #1632, #426, #620 ) ;
#1576 = STYLED_ITEM ( 'NONE', ( #73 ), #435 ) ;
#1577 = EDGE_CURVE ( 'NONE', #1116, #192, #149, .T. ) ;
#1578 = SURFACE_SIDE_STYLE ('',( #1261 ) ) ;
#1579 = CARTESIAN_POINT ( 'NONE',  ( -0.5987721543909696500, 0.2100000000000003000, -0.3689957698417256600 ) ) ;
#1580 = EDGE_LOOP ( 'NONE', ( #523, #1215, #1, #673, #1600 ) ) ;
#1581 = CARTESIAN_POINT ( 'NONE',  ( -0.5987721543909696500, 0.2100000000000002100, 0.3689957698417254400 ) ) ;
#1582 =( GEOMETRIC_REPRESENTATION_CONTEXT ( 3 ) GLOBAL_UNCERTAINTY_ASSIGNED_CONTEXT ( ( #365 ) ) GLOBAL_UNIT_ASSIGNED_CONTEXT ( ( #1790, #1106, #1134 ) ) REPRESENTATION_CONTEXT ( 'NONE', 'WORKASPACE' ) );
#1583 = VECTOR ( 'NONE', #1380, 1000.000000000000000 ) ;
#1584 =( LENGTH_UNIT ( ) NAMED_UNIT ( * ) SI_UNIT ( .MILLI., .METRE. ) );
#1585 = STYLED_ITEM ( 'NONE', ( #1572 ), #159 ) ;
#1586 = SURFACE_STYLE_USAGE ( .BOTH. , #453 ) ;
#1587 = LINE ( 'NONE', #926, #174 ) ;
#1588 = CARTESIAN_POINT ( 'NONE',  ( -0.5754430878194164400, 0.01999999999999997300, 0.3754430878194186500 ) ) ;
#1589 =( NAMED_UNIT ( * ) PLANE_ANGLE_UNIT ( ) SI_UNIT ( $, .RADIAN. ) );
#1590 = EDGE_LOOP ( 'NONE', ( #719, #643, #169, #433 ) ) ;
#1591 = MECHANICAL_DESIGN_GEOMETRIC_PRESENTATION_REPRESENTATION (  '', ( #891 ), #691 ) ;
#1592 = DIRECTION ( 'NONE',  ( 1.000000000000000000, 0.0000000000000000000, -0.0000000000000000000 ) ) ;
#1593 = PRESENTATION_LAYER_ASSIGNMENT (  '', '', ( #1136 ) ) ;
#1594 = VERTEX_POINT ( 'NONE', #1407 ) ;
#1595 = DIRECTION ( 'NONE',  ( 1.000000000000000000, -0.0000000000000000000, -2.168404344971008900E-016 ) ) ;
#1596 = FACE_OUTER_BOUND ( 'NONE', #1713, .T. ) ;
#1597 = AXIS2_PLACEMENT_3D ( 'NONE', #110, #238, #934 ) ;
#1598 = SURFACE_STYLE_USAGE ( .BOTH. , #459 ) ;
#1599 = SURFACE_STYLE_USAGE ( .BOTH. , #418 ) ;
#1600 = ORIENTED_EDGE ( 'NONE', *, *, #1237, .F. ) ;
#1601 = DIRECTION ( 'NONE',  ( -0.0000000000000000000, -1.000000000000000000, -0.0000000000000000000 ) ) ;
#1602 = CARTESIAN_POINT ( 'NONE',  ( 0.5418729987178777500, 0.6721883545973713600, -0.3152356817645509700 ) ) ;
#1603 = SURFACE_STYLE_FILL_AREA ( #460 ) ;
#1604 = DIRECTION ( 'NONE',  ( 0.0000000000000000000, 0.0000000000000000000, 1.000000000000000000 ) ) ;
#1605 =( LENGTH_UNIT ( ) NAMED_UNIT ( * ) SI_UNIT ( .MILLI., .METRE. ) );
#1606 = CARTESIAN_POINT ( 'NONE',  ( 0.5987721543909707600, 0.2099999999999907800, 0.3770373992183330100 ) ) ;
#1607 = DIRECTION ( 'NONE',  ( -0.1209742911513612000, 0.9852565360152912800, -0.1209742911513618900 ) ) ;
#1608 = VECTOR ( 'NONE', #768, 1000.000000000000000 ) ;
#1609 =( NAMED_UNIT ( * ) PLANE_ANGLE_UNIT ( ) SI_UNIT ( $, .RADIAN. ) );
#1610 = COLOUR_RGB ( '',0.7921568627450980000, 0.8196078431372548800, 0.9333333333333333500 ) ;
#1611 = SURFACE_STYLE_USAGE ( .BOTH. , #1064 ) ;
#1612 = CLOSED_SHELL ( 'NONE', ( #435, #1221, #1798, #1773, #649, #1374, #401, #760, #1299, #1708, #810, #792, #390, #84, #1337, #243, #1360, #1368, #659, #646, #412, #1216, #1728, #1475, #800, #553, #949, #1498, #1561, #105, #329, #700, #159, #1268, #1691, #1085, #1415, #1182, #94 ) ) ;
#1613 = MECHANICAL_DESIGN_GEOMETRIC_PRESENTATION_REPRESENTATION (  '', ( #1302 ), #1695 ) ;
#1614 = ORIENTED_EDGE ( 'NONE', *, *, #1002, .T. ) ;
#1615 = PRESENTATION_STYLE_ASSIGNMENT (( #203 ) ) ;
#1616 =( NAMED_UNIT ( * ) PLANE_ANGLE_UNIT ( ) SI_UNIT ( $, .RADIAN. ) );
#1617 = PRESENTATION_STYLE_ASSIGNMENT (( #892 ) ) ;
#1618 = CYLINDRICAL_SURFACE ( 'NONE', #230, 0.03000000000000002300 ) ;
#1619 = EDGE_CURVE ( 'NONE', #1073, #229, #196, .T. ) ;
#1620 =( NAMED_UNIT ( * ) PLANE_ANGLE_UNIT ( ) SI_UNIT ( $, .RADIAN. ) );
#1621 = VERTEX_POINT ( 'NONE', #1563 ) ;
#1622 = PLANE ( 'NONE',  #541 ) ;
#1623 = PRESENTATION_LAYER_ASSIGNMENT (  '', '', ( #1706 ) ) ;
#1624 = SURFACE_SIDE_STYLE ('',( #1666 ) ) ;
#1625 = EDGE_CURVE ( 'NONE', #536, #1271, #39, .T. ) ;
#1626 = ORIENTED_EDGE ( 'NONE', *, *, #1577, .T. ) ;
#1627 = CARTESIAN_POINT ( 'NONE',  ( 0.6004357708108563100, 0.1964509315531764400, -0.3706593862616120400 ) ) ;
#1628 = AXIS2_PLACEMENT_3D ( 'NONE', #1553, #1425, #572 ) ;
#1629 = SURFACE_STYLE_USAGE ( .BOTH. , #1177 ) ;
#1630 = LINE ( 'NONE', #1090, #658 ) ;
#1631 = VECTOR ( 'NONE', #1011, 1000.000000000000000 ) ;
#1632 = CARTESIAN_POINT ( 'NONE',  ( 0.5999999999999987600, 0.1999999999999999800, 0.3999999999999941400 ) ) ;
#1633 = EDGE_CURVE ( 'NONE', #113, #440, #1630, .T. ) ;
#1634 = CARTESIAN_POINT ( 'NONE',  ( -0.5944248268319760600, 0.1745938583236761600, 0.3944248268319782100 ) ) ;
#1635 = UNCERTAINTY_MEASURE_WITH_UNIT (LENGTH_MEASURE( 1.000000000000000100E-005 ), #1584, 'distance_accuracy_value', 'NONE');
#1636 = CARTESIAN_POINT ( 'NONE',  ( -0.8000000000000000400, 0.2000000000000000100, 0.1500000000000000500 ) ) ;
#1637 = ORIENTED_EDGE ( 'NONE', *, *, #1689, .T. ) ;
#1638 = CARTESIAN_POINT ( 'NONE',  ( -0.5987721543909697600, 0.2100000000000004600, 0.4000000000000010200 ) ) ;
#1639 = PRESENTATION_LAYER_ASSIGNMENT (  '', '', ( #1302 ) ) ;
#1640 = ORIENTED_EDGE ( 'NONE', *, *, #1294, .F. ) ;
#1641 = CARTESIAN_POINT ( 'NONE',  ( -0.5400576522690598800, 0.6824488878553369700, 0.3300975414851677900 ) ) ;
#1642 = CARTESIAN_POINT ( 'NONE',  ( -0.5120659616118680100, 0.6893252848791449100, 0.3400576522690552100 ) ) ;
#1643 = COLOUR_RGB ( '',0.7529411764705882200, 0.7529411764705882200, 0.7529411764705882200 ) ;
#1644 = CARTESIAN_POINT ( 'NONE',  ( -0.5689957698417303900, 0.2100000000000001900, -0.3987721543909650300 ) ) ;
#1645 = PRESENTATION_STYLE_ASSIGNMENT (( #1351 ) ) ;
#1646 = EDGE_CURVE ( 'NONE', #829, #985, #1058, .T. ) ;
#1647 = EDGE_CURVE ( 'NONE', #985, #186, #590, .T. ) ;
#1648 = LINE ( 'NONE', #1367, #1541 ) ;
#1649 =( NAMED_UNIT ( * ) PLANE_ANGLE_UNIT ( ) SI_UNIT ( $, .RADIAN. ) );
#1650 = CARTESIAN_POINT ( 'NONE',  ( 0.5418423461611076000, 0.6736560803021546300, 0.3120659616118632900 ) ) ;
#1651 = CARTESIAN_POINT ( 'NONE',  ( -0.5120659616118676800, 0.6736560803021546300, -0.3418423461611030400 ) ) ;
#1652 = CARTESIAN_POINT ( 'NONE',  ( -0.5120659616118680100, 0.6700000000000002600, -0.3120659616118632900 ) ) ;
#1653 = CARTESIAN_POINT ( 'NONE',  ( 0.8000000000000000400, 0.2000000000000000100, -0.1500000000000001100 ) ) ;
#1654 = ORIENTED_EDGE ( 'NONE', *, *, #223, .T. ) ;
#1655 = DIRECTION ( 'NONE',  ( 0.1209742911513548300, -0.9852565360152931700, 0.1209742911513548300 ) ) ;
#1656 = PRESENTATION_LAYER_ASSIGNMENT (  '', '', ( #1751 ) ) ;
#1657 = DIRECTION ( 'NONE',  ( 1.084202172485504400E-016, 0.0000000000000000000, -1.000000000000000000 ) ) ;
#1658 =( NAMED_UNIT ( * ) SI_UNIT ( $, .STERADIAN. ) SOLID_ANGLE_UNIT ( ) );
#1659 = FILL_AREA_STYLE ('',( #963 ) ) ;
#1660 = PRESENTATION_STYLE_ASSIGNMENT (( #670 ) ) ;
#1661 = UNCERTAINTY_MEASURE_WITH_UNIT (LENGTH_MEASURE( 1.000000000000000100E-005 ), #1724, 'distance_accuracy_value', 'NONE');
#1662 = CARTESIAN_POINT ( 'NONE',  ( -0.5120659616118680100, 0.6700000000000000400, -0.3999999999999941400 ) ) ;
#1663 = AXIS2_PLACEMENT_3D ( 'NONE', #555, #16, #3 ) ;
#1664 = SURFACE_SIDE_STYLE ('',( #941 ) ) ;
#1665 = LINE ( 'NONE', #853, #1275 ) ;
#1666 = SURFACE_STYLE_FILL_AREA ( #1315 ) ;
#1667 = PRODUCT_CONTEXT ( 'NONE', #1446, 'mechanical' ) ;
#1668 = EDGE_CURVE ( 'NONE', #440, #521, #724, .T. ) ;
#1669 = CARTESIAN_POINT ( 'NONE',  ( -0.5999999999999988700, 0.2200000000000002000, 0.1499999999999999700 ) ) ;
#1670 = EDGE_LOOP ( 'NONE', ( #615, #1692, #1427, #1523, #1283, #406, #1126, #543, #676, #960, #551, #1491 ) ) ;
#1671 = COLOUR_RGB ( '',0.7529411764705882200, 0.7529411764705882200, 0.7529411764705882200 ) ;
#1672 = EDGE_CURVE ( 'NONE', #276, #521, #1258, .T. ) ;
#1673 = DIRECTION ( 'NONE',  ( 0.0000000000000000000, 0.0000000000000000000, 1.000000000000000000 ) ) ;
#1674 = DIRECTION ( 'NONE',  ( 0.0000000000000000000, 0.0000000000000000000, 1.000000000000000000 ) ) ;
#1675 = EDGE_CURVE ( 'NONE', #276, #536, #1067, .T. ) ;
#1676 = CARTESIAN_POINT ( 'NONE',  ( 0.5120659616118679000, 0.6700000000000000400, -0.3120659616118632900 ) ) ;
#1677 = VERTEX_POINT ( 'NONE', #1138 ) ;
#1678 = CARTESIAN_POINT ( 'NONE',  ( 0.5987721543909707600, 0.2099999999999907500, -0.3689957698417265500 ) ) ;
#1679 = EDGE_CURVE ( 'NONE', #1757, #1189, #208, .T. ) ;
#1680 = ORIENTED_EDGE ( 'NONE', *, *, #1274, .F. ) ;
#1681 = CARTESIAN_POINT ( 'NONE',  ( -0.5500000000000000400, 0.0000000000000000000, -0.1500000000000000200 ) ) ;
#1682 = EDGE_CURVE ( 'NONE', #264, #113, #441, .T. ) ;
#1683 = FACE_OUTER_BOUND ( 'NONE', #1530, .T. ) ;
#1684 = EDGE_CURVE ( 'NONE', #714, #1736, #1193, .T. ) ;
#1685 = ORIENTED_EDGE ( 'NONE', *, *, #428, .T. ) ;
#1686 = AXIS2_PLACEMENT_3D ( 'NONE', #1549, #861, #317 ) ;
#1687 = PRESENTATION_LAYER_ASSIGNMENT (  '', '', ( #638 ) ) ;
#1688 = FILL_AREA_STYLE ('',( #1417 ) ) ;
#1689 = EDGE_CURVE ( 'NONE', #1525, #64, #623, .T. ) ;
#1690 = DIRECTION ( 'NONE',  ( -0.1209742911513622400, 0.9852565360152912800, 0.1209742911513615500 ) ) ;
#1691 = ADVANCED_FACE ( 'NONE', ( #1141 ), #1389, .F. ) ;
#1692 = ORIENTED_EDGE ( 'NONE', *, *, #1682, .F. ) ;
#1693 = CIRCLE ( 'NONE', #1628, 0.02999999999999998500 ) ;
#1694 = COLOUR_RGB ( '',0.2509803921568627400, 0.2509803921568627400, 0.2509803921568627400 ) ;
#1695 =( GEOMETRIC_REPRESENTATION_CONTEXT ( 3 ) GLOBAL_UNCERTAINTY_ASSIGNED_CONTEXT ( ( #1399 ) ) GLOBAL_UNIT_ASSIGNED_CONTEXT ( ( #482, #1343, #1481 ) ) REPRESENTATION_CONTEXT ( 'NONE', 'WORKASPACE' ) );
#1696 = FACE_OUTER_BOUND ( 'NONE', #193, .T. ) ;
#1697 = FILL_AREA_STYLE_COLOUR ( '', #1364 ) ;
#1698 = VERTEX_POINT ( 'NONE', #1554 ) ;
#1699 = DIRECTION ( 'NONE',  ( 0.0000000000000000000, -1.000000000000000000, 0.0000000000000000000 ) ) ;
#1700 = DIRECTION ( 'NONE',  ( -1.000000000000000000, 0.0000000000000000000, 0.0000000000000000000 ) ) ;
#1701 = FILL_AREA_STYLE ('',( #994 ) ) ;
#1702 = ORIENTED_EDGE ( 'NONE', *, *, #556, .T. ) ;
#1703 = VECTOR ( 'NONE', #1438, 1000.000000000000000 ) ;
#1704 = CARTESIAN_POINT ( 'NONE',  ( -0.5280972242417429900, 0.7000000000000001800, -0.3120659616118634500 ) ) ;
#1705 = CARTESIAN_POINT ( 'NONE',  ( 0.8000000000000000400, 0.0000000000000000000, -0.1500000000000001100 ) ) ;
#1706 = STYLED_ITEM ( 'NONE', ( #234 ), #1798 ) ;
#1707 = EDGE_CURVE ( 'NONE', #136, #1757, #17, .T. ) ;
#1708 = ADVANCED_FACE ( 'NONE', ( #292 ), #122, .F. ) ;
#1709 = VERTEX_POINT ( 'NONE', #858 ) ;
#1710 = MECHANICAL_DESIGN_GEOMETRIC_PRESENTATION_REPRESENTATION (  '', ( #1312 ), #1102 ) ;
#1711 = ORIENTED_EDGE ( 'NONE', *, *, #478, .T. ) ;
#1712 = UNCERTAINTY_MEASURE_WITH_UNIT (LENGTH_MEASURE( 1.000000000000000100E-005 ), #1717, 'distance_accuracy_value', 'NONE');
#1713 = EDGE_LOOP ( 'NONE', ( #1702, #1637, #117, #1626 ) ) ;
#1714 =( NAMED_UNIT ( * ) SI_UNIT ( $, .STERADIAN. ) SOLID_ANGLE_UNIT ( ) );
#1715 = STYLED_ITEM ( 'NONE', ( #1739 ), #84 ) ;
#1716 = PRESENTATION_STYLE_ASSIGNMENT (( #224 ) ) ;
#1717 =( LENGTH_UNIT ( ) NAMED_UNIT ( * ) SI_UNIT ( .MILLI., .METRE. ) );
#1718 = SURFACE_SIDE_STYLE ('',( #1603 ) ) ;
#1719 = EDGE_CURVE ( 'NONE', #996, #1462, #1358, .T. ) ;
#1720 = PLANE ( 'NONE',  #411 ) ;
#1721 = VERTEX_POINT ( 'NONE', #19 ) ;
#1722 = FILL_AREA_STYLE_COLOUR ( '', #1643 ) ;
#1723 = DIRECTION ( 'NONE',  ( -0.1209742911513552900, -0.9852565360152930600, 0.1209742911513548300 ) ) ;
#1724 =( LENGTH_UNIT ( ) NAMED_UNIT ( * ) SI_UNIT ( .MILLI., .METRE. ) );
#1725 = FACE_OUTER_BOUND ( 'NONE', #1092, .T. ) ;
#1726 = LINE ( 'NONE', #1653, #457 ) ;
#1727 = DIRECTION ( 'NONE',  ( -0.0000000000000000000, -1.000000000000000000, 0.0000000000000000000 ) ) ;
#1728 = ADVANCED_FACE ( 'NONE', ( #48 ), #776, .F. ) ;
#1729 = EDGE_CURVE ( 'NONE', #797, #1677, #1665, .T. ) ;
#1730 =( NAMED_UNIT ( * ) SI_UNIT ( $, .STERADIAN. ) SOLID_ANGLE_UNIT ( ) );
#1731 = UNCERTAINTY_MEASURE_WITH_UNIT (LENGTH_MEASURE( 1.000000000000000100E-005 ), #1431, 'distance_accuracy_value', 'NONE');
#1732 = CARTESIAN_POINT ( 'NONE',  ( 0.8000000000000000400, 0.0000000000000000000, 0.1499999999999998800 ) ) ;
#1733 = SURFACE_SIDE_STYLE ('',( #505 ) ) ;
#1734 =( GEOMETRIC_REPRESENTATION_CONTEXT ( 3 ) GLOBAL_UNCERTAINTY_ASSIGNED_CONTEXT ( ( #1712 ) ) GLOBAL_UNIT_ASSIGNED_CONTEXT ( ( #1717, #1589, #888 ) ) REPRESENTATION_CONTEXT ( 'NONE', 'WORKASPACE' ) );
#1735 = SURFACE_STYLE_FILL_AREA ( #6 ) ;
#1736 = VERTEX_POINT ( 'NONE', #1565 ) ;
#1737 = STYLED_ITEM ( 'NONE', ( #1510 ), #1498 ) ;
#1738 = DIRECTION ( 'NONE',  ( 0.0000000000000000000, 0.0000000000000000000, -1.000000000000000000 ) ) ;
#1739 = PRESENTATION_STYLE_ASSIGNMENT (( #1599 ) ) ;
#1740 = VERTEX_POINT ( 'NONE', #866 ) ;
#1741 = UNCERTAINTY_MEASURE_WITH_UNIT (LENGTH_MEASURE( 1.000000000000000100E-005 ), #1768, 'distance_accuracy_value', 'NONE');
#1742 = VERTEX_POINT ( 'NONE', #943 ) ;
#1743 = CARTESIAN_POINT ( 'NONE',  ( 0.5754430878194186600, 0.01999999999999999000, 0.1499999999999998600 ) ) ;
#1744 = CARTESIAN_POINT ( 'NONE',  ( -0.2620659616118680700, 0.6989999999999999500, 0.3120659616118633400 ) ) ;
#1745 = CARTESIAN_POINT ( 'NONE',  ( -0.5418423461611077100, 0.6736560803021546300, 0.3999999999999941400 ) ) ;
#1746 = FACE_OUTER_BOUND ( 'NONE', #1460, .T. ) ;
#1747 = AXIS2_PLACEMENT_3D ( 'NONE', #759, #507, #1428 ) ;
#1748 = ORIENTED_EDGE ( 'NONE', *, *, #1689, .F. ) ;
#1749 = CARTESIAN_POINT ( 'NONE',  ( 0.5418729987178777500, 0.6721883545973714700, 0.3152356817645509700 ) ) ;
#1750 = DIRECTION ( 'NONE',  ( 0.0000000000000000000, -1.000000000000000000, 0.0000000000000000000 ) ) ;
#1751 = STYLED_ITEM ( 'NONE', ( #1645 ), #401 ) ;
#1752 = CARTESIAN_POINT ( 'NONE',  ( 0.5418729987178778600, 0.6733971368769824400, 0.3120659616118632900 ) ) ;
#1753 = UNCERTAINTY_MEASURE_WITH_UNIT (LENGTH_MEASURE( 1.000000000000000100E-005 ), #338, 'distance_accuracy_value', 'NONE');
#1754 = ORIENTED_EDGE ( 'NONE', *, *, #423, .F. ) ;
#1755 =( GEOMETRIC_REPRESENTATION_CONTEXT ( 3 ) GLOBAL_UNCERTAINTY_ASSIGNED_CONTEXT ( ( #958 ) ) GLOBAL_UNIT_ASSIGNED_CONTEXT ( ( #1524, #1392, #1521 ) ) REPRESENTATION_CONTEXT ( 'NONE', 'WORKASPACE' ) );
#1756 =( GEOMETRIC_REPRESENTATION_CONTEXT ( 3 ) GLOBAL_UNCERTAINTY_ASSIGNED_CONTEXT ( ( #1308 ) ) GLOBAL_UNIT_ASSIGNED_CONTEXT ( ( #635, #1795, #1557 ) ) REPRESENTATION_CONTEXT ( 'NONE', 'WORKASPACE' ) );
#1757 = VERTEX_POINT ( 'NONE', #176 ) ;
#1758 = CARTESIAN_POINT ( 'NONE',  ( -0.5500000000000000400, 0.2000000000000000100, 0.1499999999999999900 ) ) ;
#1759 = PRESENTATION_LAYER_ASSIGNMENT (  '', '', ( #716 ) ) ;
#1760 = ORIENTED_EDGE ( 'NONE', *, *, #428, .F. ) ;
#1761 = CARTESIAN_POINT ( 'NONE',  ( -0.5999999999999988700, 0.2200000000000002000, -0.1499999999999999700 ) ) ;
#1762 = CARTESIAN_POINT ( 'NONE',  ( -0.5500000000000000400, 0.0000000000000000000, -0.1500000000000000200 ) ) ;
#1763 =( LENGTH_UNIT ( ) NAMED_UNIT ( * ) SI_UNIT ( .MILLI., .METRE. ) );
#1764 = ORIENTED_EDGE ( 'NONE', *, *, #1799, .T. ) ;
#1765 = DIRECTION ( 'NONE',  ( 0.1218693434051553600, 0.9925461516413209800, 0.0000000000000000000 ) ) ;
#1766 = VERTEX_POINT ( 'NONE', #862 ) ;
#1767 = SURFACE_SIDE_STYLE ('',( #1125 ) ) ;
#1768 =( LENGTH_UNIT ( ) NAMED_UNIT ( * ) SI_UNIT ( .MILLI., .METRE. ) );
#1769 = EDGE_CURVE ( 'NONE', #1271, #1116, #1264, .T. ) ;
#1770 =( LENGTH_UNIT ( ) NAMED_UNIT ( * ) SI_UNIT ( .MILLI., .METRE. ) );
#1771 = ORIENTED_EDGE ( 'NONE', *, *, #757, .F. ) ;
#1772 = DIRECTION ( 'NONE',  ( -1.000000000000000000, -0.0000000000000000000, 0.0000000000000000000 ) ) ;
#1773 = ADVANCED_FACE ( 'NONE', ( #309 ), #1163, .F. ) ;
#1774 = CARTESIAN_POINT ( 'NONE',  ( -0.5754430878194164400, 0.01999999999999997300, -0.3754430878194117100 ) ) ;
#1775 = CARTESIAN_POINT ( 'NONE',  ( -0.5999999999999987600, 0.6999999999999999600, -0.3999999999999941400 ) ) ;
#1776 = CARTESIAN_POINT ( 'NONE',  ( 0.5280972242417429900, 0.6893252848791463500, -0.3400576522690553200 ) ) ;
#1777 = ORIENTED_EDGE ( 'NONE', *, *, #1675, .T. ) ;
#1778 = COLOUR_RGB ( '',0.7529411764705882200, 0.7529411764705882200, 0.7529411764705882200 ) ;
#1779 = MECHANICAL_DESIGN_GEOMETRIC_PRESENTATION_REPRESENTATION (  '', ( #405 ), #1791 ) ;
#1780 = COLOUR_RGB ( '',0.2509803921568627400, 0.2509803921568627400, 0.2509803921568627400 ) ;
#1781 =( NAMED_UNIT ( * ) SI_UNIT ( $, .STERADIAN. ) SOLID_ANGLE_UNIT ( ) );
#1782 = ORIENTED_EDGE ( 'NONE', *, *, #1619, .T. ) ;
#1783 = FACE_OUTER_BOUND ( 'NONE', #1391, .T. ) ;
#1784 = VECTOR ( 'NONE', #1765, 1000.000000000000100 ) ;
#1785 = ORIENTED_EDGE ( 'NONE', *, *, #1619, .F. ) ;
#1786 = SURFACE_STYLE_USAGE ( .BOTH. , #600 ) ;
#1787 = VECTOR ( 'NONE', #1505, 1000.000000000000000 ) ;
#1788 = CARTESIAN_POINT ( 'NONE',  ( 0.5120659616118679000, 0.6700000000000003700, 0.3120659616118633400 ) ) ;
#1789 = ORIENTED_EDGE ( 'NONE', *, *, #118, .T. ) ;
#1790 =( LENGTH_UNIT ( ) NAMED_UNIT ( * ) SI_UNIT ( .MILLI., .METRE. ) );
#1791 =( GEOMETRIC_REPRESENTATION_CONTEXT ( 3 ) GLOBAL_UNCERTAINTY_ASSIGNED_CONTEXT ( ( #1432 ) ) GLOBAL_UNIT_ASSIGNED_CONTEXT ( ( #1157, #448, #660 ) ) REPRESENTATION_CONTEXT ( 'NONE', 'WORKASPACE' ) );
#1792 = DIRECTION ( 'NONE',  ( 0.0000000000000000000, -0.0000000000000000000, -1.000000000000000000 ) ) ;
#1793 =( LENGTH_UNIT ( ) NAMED_UNIT ( * ) SI_UNIT ( .MILLI., .METRE. ) );
#1794 = SURFACE_STYLE_FILL_AREA ( #490 ) ;
#1795 =( NAMED_UNIT ( * ) PLANE_ANGLE_UNIT ( ) SI_UNIT ( $, .RADIAN. ) );
#1796 = EDGE_CURVE ( 'NONE', #1073, #1559, #1124, .T. ) ;
#1797 = CARTESIAN_POINT ( 'NONE',  ( 0.5120659616118672400, 0.6733971368769825500, 0.3418729987178731900 ) ) ;
#1798 = ADVANCED_FACE ( 'NONE', ( #1383 ), #1442, .F. ) ;
#1799 = EDGE_CURVE ( 'NONE', #4, #1757, #255, .T. ) ;
#1800 = AXIS2_PLACEMENT_3D ( 'NONE', #839, #1657, #689 ) ;
ENDSEC;
END-ISO-10303-21;
