ISO-10303-21;
HEADER;
FILE_DESCRIPTION (( 'STEP AP214' ),
    '1' );
FILE_NAME ('User Library-SOT-23-5.STEP',
    '2012-06-09T14:33:16',
    ( 'sysAdmin' ),
    ( 'SolidWorks' ),
    'SwSTEP 2.0',
    'SolidWorks 2012',
    '' );
FILE_SCHEMA (( 'AUTOMOTIVE_DESIGN' ));
ENDSEC;

DATA;
#1 = APPLICATION_CONTEXT ( 'automotive_design' ) ;
#2 = APPLICATION_CONTEXT ( 'automotive_design' ) ;
#3 =( REPRESENTATION_RELATIONSHIP ('NONE','NONE', #509, #511 ) REPRESENTATION_RELATIONSHIP_WITH_TRANSFORMATION ( #392 )SHAPE_REPRESENTATION_RELATIONSHIP( ) );
#4 =( REPRESENTATION_RELATIONSHIP ('NONE','NONE', #509, #510 ) REPRESENTATION_RELATIONSHIP_WITH_TRANSFORMATION ( #282 )SHAPE_REPRESENTATION_RELATIONSHIP( ) );
#5 =( REPRESENTATION_RELATIONSHIP ('NONE','NONE', #509, #511 ) REPRESENTATION_RELATIONSHIP_WITH_TRANSFORMATION ( #394 )SHAPE_REPRESENTATION_RELATIONSHIP( ) );
#6 = APPLICATION_CONTEXT ( 'automotive_design' ) ;
#7 =( REPRESENTATION_RELATIONSHIP ('NONE','NONE', #509, #511 ) REPRESENTATION_RELATIONSHIP_WITH_TRANSFORMATION ( #270 )SHAPE_REPRESENTATION_RELATIONSHIP( ) );
#8 = APPLICATION_CONTEXT ( 'automotive_design' ) ;
#9 =( REPRESENTATION_RELATIONSHIP ('NONE','NONE', #509, #511 ) REPRESENTATION_RELATIONSHIP_WITH_TRANSFORMATION ( #278 )SHAPE_REPRESENTATION_RELATIONSHIP( ) );
#10 = APPLICATION_CONTEXT ( 'automotive_design' ) ;
#11 =( REPRESENTATION_RELATIONSHIP ('NONE','NONE', #509, #511 ) REPRESENTATION_RELATIONSHIP_WITH_TRANSFORMATION ( #271 )SHAPE_REPRESENTATION_RELATIONSHIP( ) );
#12 = APPLICATION_CONTEXT ( 'automotive_design' ) ;
#13 =( LENGTH_UNIT ( ) NAMED_UNIT ( * ) SI_UNIT ( .MILLI., .METRE. ) );
#14 = FILL_AREA_STYLE_COLOUR ( '', #635 ) ;
#15 = DIRECTION ( 'NONE',  ( -1.000000000000000000, -0.0000000000000000000, -0.0000000000000000000 ) ) ;
#16 = CARTESIAN_POINT ( 'NONE',  ( 1.100000000000000100, 0.4749999999999998700, 0.4999999999999998900 ) ) ;
#17 = SURFACE_SIDE_STYLE ('',( #31 ) ) ;
#18 = CARTESIAN_POINT ( 'NONE',  ( 1.500000000000000000, -0.8750000000000001100, 0.05999999999999148400 ) ) ;
#19 = DIRECTION ( 'NONE',  ( 0.0000000000000000000, 0.1045284632676503600, -0.9945218953682736200 ) ) ;
#20 = PRESENTATION_STYLE_ASSIGNMENT (( #88 ) ) ;
#21 = SURFACE_STYLE_FILL_AREA ( #87 ) ;
#22 = PRESENTATION_STYLE_ASSIGNMENT (( #42 ) ) ;
#23 = DIRECTION ( 'NONE',  ( -1.000000000000000000, -0.0000000000000000000, -0.0000000000000000000 ) ) ;
#24 = FILL_AREA_STYLE ('',( #71 ) ) ;
#25 = SURFACE_SIDE_STYLE ('',( #58 ) ) ;
#26 = DIRECTION ( 'NONE',  ( 0.0000000000000000000, -0.9851530796317231600, 0.1716782155432999000 ) ) ;
#27 = SURFACE_SIDE_STYLE ('',( #75 ) ) ;
#28 = DIRECTION ( 'NONE',  ( -0.1710878697460327400, 0.1710878697460329900, 0.9702875252478149200 ) ) ;
#29 = CARTESIAN_POINT ( 'NONE',  ( -0.2000000000000005100, -0.7999999999999998200, 0.4249999999999999300 ) ) ;
#30 = DIRECTION ( 'NONE',  ( 1.000000000000000000, 0.0000000000000000000, 0.0000000000000000000 ) ) ;
#31 = SURFACE_STYLE_FILL_AREA ( #24 ) ;
#32 = CARTESIAN_POINT ( 'NONE',  ( -0.2000000000000005100, -0.7999999999999998200, 0.4249999999999999300 ) ) ;
#33 = CARTESIAN_POINT ( 'NONE',  ( -1.500000000000000000, -0.7974161284882752600, 0.5000000000000000000 ) ) ;
#34 =( NAMED_UNIT ( * ) PLANE_ANGLE_UNIT ( ) SI_UNIT ( $, .RADIAN. ) );
#35 = SURFACE_STYLE_FILL_AREA ( #65 ) ;
#36 = SURFACE_STYLE_USAGE ( .BOTH. , #132 ) ;
#37 = SURFACE_SIDE_STYLE ('',( #35 ) ) ;
#38 = PLANE ( 'NONE',  #1085 ) ;
#39 = FILL_AREA_STYLE_COLOUR ( '', #542 ) ;
#40 =( NAMED_UNIT ( * ) PLANE_ANGLE_UNIT ( ) SI_UNIT ( $, .RADIAN. ) );
#41 = FILL_AREA_STYLE_COLOUR ( '', #518 ) ;
#42 = SURFACE_STYLE_USAGE ( .BOTH. , #25 ) ;
#43 =( NAMED_UNIT ( * ) PLANE_ANGLE_UNIT ( ) SI_UNIT ( $, .RADIAN. ) );
#44 = LINE ( 'NONE', #18, #1071 ) ;
#45 = CARTESIAN_POINT ( 'NONE',  ( 0.2000000000000000100, -0.06000000000000000500, 0.1000000000000000100 ) ) ;
#46 =( NAMED_UNIT ( * ) SI_UNIT ( $, .STERADIAN. ) SOLID_ANGLE_UNIT ( ) );
#47 = SURFACE_SIDE_STYLE ('',( #21 ) ) ;
#48 =( LENGTH_UNIT ( ) NAMED_UNIT ( * ) SI_UNIT ( .MILLI., .METRE. ) );
#49 = FILL_AREA_STYLE ('',( #41 ) ) ;
#50 = LINE ( 'NONE', #45, #1050 ) ;
#51 =( NAMED_UNIT ( * ) SI_UNIT ( $, .STERADIAN. ) SOLID_ANGLE_UNIT ( ) );
#52 =( NAMED_UNIT ( * ) SI_UNIT ( $, .STERADIAN. ) SOLID_ANGLE_UNIT ( ) );
#53 = PRESENTATION_STYLE_ASSIGNMENT (( #78 ) ) ;
#54 = DIRECTION ( 'NONE',  ( 0.0000000000000000000, 0.0000000000000000000, -1.000000000000000000 ) ) ;
#55 = CARTESIAN_POINT ( 'NONE',  ( -0.2000000000000005100, -0.09999999999999999200, 0.6249999999999998900 ) ) ;
#56 = SURFACE_STYLE_FILL_AREA ( #49 ) ;
#57 = DIRECTION ( 'NONE',  ( 1.000000000000000000, 0.0000000000000000000, -0.0000000000000000000 ) ) ;
#58 = SURFACE_STYLE_FILL_AREA ( #66 ) ;
#59 =( NAMED_UNIT ( * ) SI_UNIT ( $, .STERADIAN. ) SOLID_ANGLE_UNIT ( ) );
#60 = PRESENTATION_STYLE_ASSIGNMENT (( #123 ) ) ;
#61 = SURFACE_STYLE_FILL_AREA ( #127 ) ;
#62 =( NAMED_UNIT ( * ) SI_UNIT ( $, .STERADIAN. ) SOLID_ANGLE_UNIT ( ) );
#63 = SURFACE_STYLE_USAGE ( .BOTH. , #27 ) ;
#64 = SURFACE_SIDE_STYLE ('',( #56 ) ) ;
#65 = FILL_AREA_STYLE ('',( #14 ) ) ;
#66 = FILL_AREA_STYLE ('',( #81 ) ) ;
#67 = DIRECTION ( 'NONE',  ( -1.000000000000000000, 0.0000000000000000000, 0.0000000000000000000 ) ) ;
#68 = CARTESIAN_POINT ( 'NONE',  ( -1.500000000000000000, 0.8749999999999998900, -0.05999999999997554500 ) ) ;
#69 = PRESENTATION_STYLE_ASSIGNMENT (( #63 ) ) ;
#70 = PLANE ( 'NONE',  #1113 ) ;
#71 = FILL_AREA_STYLE_COLOUR ( '', #590 ) ;
#72 = SURFACE_STYLE_FILL_AREA ( #80 ) ;
#73 = PLANE ( 'NONE',  #1042 ) ;
#74 = LINE ( 'NONE', #84, #1036 ) ;
#75 = SURFACE_STYLE_FILL_AREA ( #117 ) ;
#76 = CARTESIAN_POINT ( 'NONE',  ( -0.2000000000000005100, -0.8400000000000001900, 0.6249999999999998900 ) ) ;
#77 =( NAMED_UNIT ( * ) PLANE_ANGLE_UNIT ( ) SI_UNIT ( $, .RADIAN. ) );
#78 = SURFACE_STYLE_USAGE ( .BOTH. , #47 ) ;
#79 = SURFACE_STYLE_USAGE ( .BOTH. , #17 ) ;
#80 = FILL_AREA_STYLE ('',( #39 ) ) ;
#81 = FILL_AREA_STYLE_COLOUR ( '', #572 ) ;
#82 = DIRECTION ( 'NONE',  ( 0.0000000000000000000, 0.9945218953682737300, -0.1045284632676503800 ) ) ;
#83 = CARTESIAN_POINT ( 'NONE',  ( -1.500000000000000000, -0.8750000000000001100, -0.05999999999997554500 ) ) ;
#84 = CARTESIAN_POINT ( 'NONE',  ( -0.2000000000000005100, -0.07253148551307200800, 0.2576244927410757400 ) ) ;
#85 = SURFACE_STYLE_USAGE ( .BOTH. , #95 ) ;
#86 =( NAMED_UNIT ( * ) SI_UNIT ( $, .STERADIAN. ) SOLID_ANGLE_UNIT ( ) );
#87 = FILL_AREA_STYLE ('',( #119 ) ) ;
#88 = SURFACE_STYLE_USAGE ( .BOTH. , #64 ) ;
#89 =( NAMED_UNIT ( * ) PLANE_ANGLE_UNIT ( ) SI_UNIT ( $, .RADIAN. ) );
#90 = DIRECTION ( 'NONE',  ( 0.0000000000000000000, -1.000000000000000000, -0.0000000000000000000 ) ) ;
#91 =( LENGTH_UNIT ( ) NAMED_UNIT ( * ) SI_UNIT ( .MILLI., .METRE. ) );
#92 = DIRECTION ( 'NONE',  ( 0.0000000000000000000, 0.1045284632676503600, 0.9945218953682736200 ) ) ;
#93 =( NAMED_UNIT ( * ) PLANE_ANGLE_UNIT ( ) SI_UNIT ( $, .RADIAN. ) );
#94 = LINE ( 'NONE', #118, #1051 ) ;
#95 = SURFACE_SIDE_STYLE ('',( #72 ) ) ;
#96 = PLANE ( 'NONE',  #1137 ) ;
#97 = FILL_AREA_STYLE_COLOUR ( '', #547 ) ;
#98 = LINE ( 'NONE', #103, #1072 ) ;
#99 = DIRECTION ( 'NONE',  ( 0.0000000000000000000, 0.9848077530122085800, -0.1736481776669276900 ) ) ;
#100 = PLANE ( 'NONE',  #1245 ) ;
#101 = DIRECTION ( 'NONE',  ( 0.0000000000000000000, -0.9945218953682737300, -0.1045284632676503800 ) ) ;
#102 = PRESENTATION_STYLE_ASSIGNMENT (( #36 ) ) ;
#103 = CARTESIAN_POINT ( 'NONE',  ( 1.500000000000000000, -0.8750000000000010000, -0.05999999999997554500 ) ) ;
#104 = LINE ( 'NONE', #120, #1182 ) ;
#105 = DIRECTION ( 'NONE',  ( 0.0000000000000000000, 0.0000000000000000000, -1.000000000000000000 ) ) ;
#106 =( NAMED_UNIT ( * ) SI_UNIT ( $, .STERADIAN. ) SOLID_ANGLE_UNIT ( ) );
#107 = DIRECTION ( 'NONE',  ( -0.9945218953682737300, 0.0000000000000000000, -0.1045284632676503800 ) ) ;
#108 = PRESENTATION_STYLE_ASSIGNMENT (( #79 ) ) ;
#109 = CARTESIAN_POINT ( 'NONE',  ( -0.2000000000000005100, -0.9599999999999998500, 0.4249999999999999900 ) ) ;
#110 = LINE ( 'NONE', #109, #1070 ) ;
#111 = DIRECTION ( 'NONE',  ( -0.0000000000000000000, -0.0000000000000000000, -1.000000000000000000 ) ) ;
#112 = DIRECTION ( 'NONE',  ( -0.1039620511844946000, 0.1039620511844946000, -0.9891328443778545400 ) ) ;
#113 = DIRECTION ( 'NONE',  ( -0.1045284632676503600, 0.0000000000000000000, 0.9945218953682736200 ) ) ;
#114 = LINE ( 'NONE', #55, #1064 ) ;
#115 = DIRECTION ( 'NONE',  ( 0.0000000000000000000, -1.000000000000000000, -5.421010862427524100E-016 ) ) ;
#116 =( LENGTH_UNIT ( ) NAMED_UNIT ( * ) SI_UNIT ( .MILLI., .METRE. ) );
#117 = FILL_AREA_STYLE ('',( #121 ) ) ;
#118 = CARTESIAN_POINT ( 'NONE',  ( -0.2000000000000005100, -0.05999999999999997000, 0.1000000000000000100 ) ) ;
#119 = FILL_AREA_STYLE_COLOUR ( '', #636 ) ;
#120 = CARTESIAN_POINT ( 'NONE',  ( -1.500000000000000000, 0.8749999999999998900, 0.05999999999999159500 ) ) ;
#121 = FILL_AREA_STYLE_COLOUR ( '', #611 ) ;
#122 = DIRECTION ( 'NONE',  ( 0.0000000000000000000, 0.1736481776669276900, 0.9848077530122085800 ) ) ;
#123 = SURFACE_STYLE_USAGE ( .BOTH. , #37 ) ;
#124 = DIRECTION ( 'NONE',  ( 0.0000000000000000000, 5.421010862427524100E-016, -1.000000000000000000 ) ) ;
#125 = DIRECTION ( 'NONE',  ( 0.0000000000000000000, 0.0000000000000000000, -1.000000000000000000 ) ) ;
#126 =( LENGTH_UNIT ( ) NAMED_UNIT ( * ) SI_UNIT ( .MILLI., .METRE. ) );
#127 = FILL_AREA_STYLE ('',( #97 ) ) ;
#128 = DIRECTION ( 'NONE',  ( 1.000000000000000000, 0.0000000000000000000, 0.0000000000000000000 ) ) ;
#129 = CARTESIAN_POINT ( 'NONE',  ( -1.500000000000000000, 0.8749999999999998900, -0.05999999999997554500 ) ) ;
#130 =( LENGTH_UNIT ( ) NAMED_UNIT ( * ) SI_UNIT ( .MILLI., .METRE. ) );
#131 =( LENGTH_UNIT ( ) NAMED_UNIT ( * ) SI_UNIT ( .MILLI., .METRE. ) );
#132 = SURFACE_SIDE_STYLE ('',( #61 ) ) ;
#133 =( NAMED_UNIT ( * ) PLANE_ANGLE_UNIT ( ) SI_UNIT ( $, .RADIAN. ) );
#134 = SURFACE_STYLE_FILL_AREA ( #159 ) ;
#135 = CARTESIAN_POINT ( 'NONE',  ( -0.2000000000000005100, -0.06000000000000000500, 0.1000000000000000100 ) ) ;
#136 =( LENGTH_UNIT ( ) NAMED_UNIT ( * ) SI_UNIT ( .MILLI., .METRE. ) );
#137 =( LENGTH_UNIT ( ) NAMED_UNIT ( * ) SI_UNIT ( .MILLI., .METRE. ) );
#138 = CARTESIAN_POINT ( 'NONE',  ( -1.500000000000000000, 0.8749999999999998900, -0.8000000000000000400 ) ) ;
#139 = SURFACE_STYLE_FILL_AREA ( #178 ) ;
#140 = SURFACE_SIDE_STYLE ('',( #213 ) ) ;
#141 = PLANE ( 'NONE',  #1052 ) ;
#142 =( NAMED_UNIT ( * ) PLANE_ANGLE_UNIT ( ) SI_UNIT ( $, .RADIAN. ) );
#143 = LINE ( 'NONE', #167, #1227 ) ;
#144 = DIRECTION ( 'NONE',  ( 0.0000000000000000000, 1.000000000000000000, 0.0000000000000000000 ) ) ;
#145 = DIRECTION ( 'NONE',  ( -0.0000000000000000000, -0.0000000000000000000, -1.000000000000000000 ) ) ;
#146 = DIRECTION ( 'NONE',  ( 0.0000000000000000000, -0.0000000000000000000, -1.000000000000000000 ) ) ;
#147 = DIRECTION ( 'NONE',  ( 0.0000000000000000000, -1.000000000000000000, -0.0000000000000000000 ) ) ;
#148 = SURFACE_STYLE_USAGE ( .BOTH. , #191 ) ;
#149 = LINE ( 'NONE', #181, #1162 ) ;
#150 = DIRECTION ( 'NONE',  ( 1.000000000000000000, 0.0000000000000000000, 0.0000000000000000000 ) ) ;
#151 = SURFACE_STYLE_USAGE ( .BOTH. , #216 ) ;
#152 = FILL_AREA_STYLE_COLOUR ( '', #616 ) ;
#153 = CARTESIAN_POINT ( 'NONE',  ( 1.500000000000000000, 0.8749999999999998900, -0.05999999999997554500 ) ) ;
#154 = LINE ( 'NONE', #135, #1242 ) ;
#155 = CARTESIAN_POINT ( 'NONE',  ( 1.422416128488275300, -0.8750000000000001100, 0.5000000000000000000 ) ) ;
#156 = SURFACE_STYLE_FILL_AREA ( #227 ) ;
#157 =( NAMED_UNIT ( * ) PLANE_ANGLE_UNIT ( ) SI_UNIT ( $, .RADIAN. ) );
#158 =( LENGTH_UNIT ( ) NAMED_UNIT ( * ) SI_UNIT ( .MILLI., .METRE. ) );
#159 = FILL_AREA_STYLE ('',( #152 ) ) ;
#160 = CARTESIAN_POINT ( 'NONE',  ( -0.2000000000000005100, -0.09999999999999999200, 0.1000000000000000100 ) ) ;
#161 =( NAMED_UNIT ( * ) SI_UNIT ( $, .STERADIAN. ) SOLID_ANGLE_UNIT ( ) );
#162 = FILL_AREA_STYLE ('',( #212 ) ) ;
#163 = SURFACE_SIDE_STYLE ('',( #156 ) ) ;
#164 = FILL_AREA_STYLE_COLOUR ( '', #550 ) ;
#165 = DIRECTION ( 'NONE',  ( -1.000000000000000000, -0.0000000000000000000, -0.0000000000000000000 ) ) ;
#166 = PLANE ( 'NONE',  #1181 ) ;
#167 = CARTESIAN_POINT ( 'NONE',  ( -1.500000000000000000, 0.7972228659033990800, -0.8000000000000000400 ) ) ;
#168 = CARTESIAN_POINT ( 'NONE',  ( -1.500000000000000000, -0.8750000000000001100, -0.05999999999997554500 ) ) ;
#169 = LINE ( 'NONE', #171, #1076 ) ;
#170 =( NAMED_UNIT ( * ) PLANE_ANGLE_UNIT ( ) SI_UNIT ( $, .RADIAN. ) );
#171 = CARTESIAN_POINT ( 'NONE',  ( -0.2000000000000005100, -0.9600000000000001900, 0.1000000000000000100 ) ) ;
#172 =( NAMED_UNIT ( * ) SI_UNIT ( $, .STERADIAN. ) SOLID_ANGLE_UNIT ( ) );
#173 = DIRECTION ( 'NONE',  ( 1.224646799147353200E-016, -1.000000000000000000, 0.0000000000000000000 ) ) ;
#174 =( NAMED_UNIT ( * ) PLANE_ANGLE_UNIT ( ) SI_UNIT ( $, .RADIAN. ) );
#175 = DIRECTION ( 'NONE',  ( 0.0000000000000000000, 0.0000000000000000000, -1.000000000000000000 ) ) ;
#176 = CARTESIAN_POINT ( 'NONE',  ( 0.2000000000000000100, -0.09999999999999999200, 0.6249999999999998900 ) ) ;
#177 = DIRECTION ( 'NONE',  ( -0.0000000000000000000, 0.0000000000000000000, -1.000000000000000000 ) ) ;
#178 = FILL_AREA_STYLE ('',( #164 ) ) ;
#179 = CARTESIAN_POINT ( 'NONE',  ( -1.500000000000000000, -0.8750000000000001100, -0.8000000000000000400 ) ) ;
#180 = LINE ( 'NONE', #168, #1056 ) ;
#181 = CARTESIAN_POINT ( 'NONE',  ( -0.2000000000000005100, -0.09313287137826799200, 0.1394061231852689600 ) ) ;
#182 = DIRECTION ( 'NONE',  ( 1.000000000000000000, 0.0000000000000000000, -0.0000000000000000000 ) ) ;
#183 = DIRECTION ( 'NONE',  ( 0.0000000000000000000, 0.9851530796317231600, -0.1716782155432999300 ) ) ;
#184 =( NAMED_UNIT ( * ) SI_UNIT ( $, .STERADIAN. ) SOLID_ANGLE_UNIT ( ) );
#185 = SURFACE_SIDE_STYLE ('',( #134 ) ) ;
#186 = FILL_AREA_STYLE_COLOUR ( '', #627 ) ;
#187 =( NAMED_UNIT ( * ) PLANE_ANGLE_UNIT ( ) SI_UNIT ( $, .RADIAN. ) );
#188 =( LENGTH_UNIT ( ) NAMED_UNIT ( * ) SI_UNIT ( .MILLI., .METRE. ) );
#189 = DIRECTION ( 'NONE',  ( -1.000000000000000000, -0.0000000000000000000, -0.0000000000000000000 ) ) ;
#190 =( LENGTH_UNIT ( ) NAMED_UNIT ( * ) SI_UNIT ( .MILLI., .METRE. ) );
#191 = SURFACE_SIDE_STYLE ('',( #210 ) ) ;
#192 = DIRECTION ( 'NONE',  ( 0.0000000000000000000, 0.0000000000000000000, -1.000000000000000000 ) ) ;
#193 = PRESENTATION_STYLE_ASSIGNMENT (( #229 ) ) ;
#194 = LINE ( 'NONE', #232, #1200 ) ;
#195 = PLANE ( 'NONE',  #1156 ) ;
#196 = DIRECTION ( 'NONE',  ( -0.0000000000000000000, -0.9851530796317231600, 0.1716782155432999300 ) ) ;
#197 = PLANE ( 'NONE',  #1074 ) ;
#198 = DIRECTION ( 'NONE',  ( -0.1736481776669274200, 0.0000000000000000000, 0.9848077530122085800 ) ) ;
#199 = LINE ( 'NONE', #202, #1225 ) ;
#200 = LINE ( 'NONE', #176, #1046 ) ;
#201 =( NAMED_UNIT ( * ) SI_UNIT ( $, .STERADIAN. ) SOLID_ANGLE_UNIT ( ) );
#202 = CARTESIAN_POINT ( 'NONE',  ( 0.1999999999999999800, -0.09313287137826799200, 0.1394061231852689600 ) ) ;
#203 = FILL_AREA_STYLE_COLOUR ( '', #648 ) ;
#204 = SURFACE_STYLE_USAGE ( .BOTH. , #140 ) ;
#205 = SURFACE_STYLE_FILL_AREA ( #242 ) ;
#206 = SURFACE_SIDE_STYLE ('',( #205 ) ) ;
#207 = PRESENTATION_STYLE_ASSIGNMENT (( #151 ) ) ;
#208 = PRESENTATION_STYLE_ASSIGNMENT (( #225 ) ) ;
#209 = PRESENTATION_STYLE_ASSIGNMENT (( #240 ) ) ;
#210 = SURFACE_STYLE_FILL_AREA ( #215 ) ;
#211 =( LENGTH_UNIT ( ) NAMED_UNIT ( * ) SI_UNIT ( .MILLI., .METRE. ) );
#212 = FILL_AREA_STYLE_COLOUR ( '', #651 ) ;
#213 = SURFACE_STYLE_FILL_AREA ( #162 ) ;
#214 =( NAMED_UNIT ( * ) PLANE_ANGLE_UNIT ( ) SI_UNIT ( $, .RADIAN. ) );
#215 = FILL_AREA_STYLE ('',( #203 ) ) ;
#216 = SURFACE_SIDE_STYLE ('',( #139 ) ) ;
#217 = DIRECTION ( 'NONE',  ( -0.1045284632676503600, 0.0000000000000000000, -0.9945218953682736200 ) ) ;
#218 = DIRECTION ( 'NONE',  ( -0.0000000000000000000, -0.0000000000000000000, 1.000000000000000000 ) ) ;
#219 =( NAMED_UNIT ( * ) PLANE_ANGLE_UNIT ( ) SI_UNIT ( $, .RADIAN. ) );
#220 = DIRECTION ( 'NONE',  ( 1.000000000000000000, 8.207435068020472100E-017, 0.0000000000000000000 ) ) ;
#221 =( LENGTH_UNIT ( ) NAMED_UNIT ( * ) SI_UNIT ( .MILLI., .METRE. ) );
#222 = DIRECTION ( 'NONE',  ( -0.9848077530122085800, 0.0000000000000000000, -0.1736481776669274200 ) ) ;
#223 = CARTESIAN_POINT ( 'NONE',  ( 1.500000000000000000, 0.8749999999999998900, -0.8000000000000000400 ) ) ;
#224 =( NAMED_UNIT ( * ) SI_UNIT ( $, .STERADIAN. ) SOLID_ANGLE_UNIT ( ) );
#225 = SURFACE_STYLE_USAGE ( .BOTH. , #163 ) ;
#226 = CARTESIAN_POINT ( 'NONE',  ( -1.500000000000000000, 0.8749999999999998900, -0.8000000000000000400 ) ) ;
#227 = FILL_AREA_STYLE ('',( #186 ) ) ;
#228 = DIRECTION ( 'NONE',  ( 0.0000000000000000000, 0.0000000000000000000, -1.000000000000000000 ) ) ;
#229 = SURFACE_STYLE_USAGE ( .BOTH. , #206 ) ;
#230 = PRESENTATION_STYLE_ASSIGNMENT (( #204 ) ) ;
#231 = FILL_AREA_STYLE_COLOUR ( '', #621 ) ;
#232 = CARTESIAN_POINT ( 'NONE',  ( 0.2000000000000000100, 0.05999999999999999800, 0.1000000000000000100 ) ) ;
#233 = CARTESIAN_POINT ( 'NONE',  ( 1.103200609757042100, 0.4749999999999998700, 1.130500000000000100 ) ) ;
#234 = LINE ( 'NONE', #138, #1045 ) ;
#235 = DIRECTION ( 'NONE',  ( 0.0000000000000000000, -1.000000000000000000, 0.0000000000000000000 ) ) ;
#236 =( NAMED_UNIT ( * ) SI_UNIT ( $, .STERADIAN. ) SOLID_ANGLE_UNIT ( ) );
#237 = PRESENTATION_STYLE_ASSIGNMENT (( #148 ) ) ;
#238 = PRESENTATION_STYLE_ASSIGNMENT (( #85 ) ) ;
#239 = PLANE ( 'NONE',  #1062 ) ;
#240 = SURFACE_STYLE_USAGE ( .BOTH. , #185 ) ;
#241 = DIRECTION ( 'NONE',  ( 0.9945218953682737300, 0.0000000000000000000, -0.1045284632676503800 ) ) ;
#242 = FILL_AREA_STYLE ('',( #231 ) ) ;
#243 = DIRECTION ( 'NONE',  ( 0.0000000000000000000, -0.0000000000000000000, 1.000000000000000000 ) ) ;
#244 =( LENGTH_UNIT ( ) NAMED_UNIT ( * ) SI_UNIT ( .MILLI., .METRE. ) );
#245 = CONTEXT_DEPENDENT_SHAPE_REPRESENTATION ( #4, #1002 ) ;
#246 = DIRECTION ( 'NONE',  ( -1.000000000000000000, 5.782411586589356700E-016, 3.122502256758252800E-017 ) ) ;
#247 = DIRECTION ( 'NONE',  ( 5.782411586589356700E-016, 1.000000000000000000, -2.287041808959842600E-033 ) ) ;
#248 = CARTESIAN_POINT ( 'NONE',  ( 0.9500000000000006200, 0.8749999999999985600, -1.084202172485504400E-016 ) ) ;
#249 = DIRECTION ( 'NONE',  ( -1.000000000000000000, 5.782411586589356700E-016, 3.122502256758252800E-017 ) ) ;
#250 = DIRECTION ( 'NONE',  ( 5.782411586589356700E-016, 1.000000000000000000, -2.287041808959842600E-033 ) ) ;
#251 = CARTESIAN_POINT ( 'NONE',  ( -0.9499999999999995100, 0.8749999999999998900, 0.0000000000000000000 ) ) ;
#252 = DIRECTION ( 'NONE',  ( 5.787193289732558100E-016, -1.000000000000000000, 3.323771426894246600E-018 ) ) ;
#253 = CARTESIAN_POINT ( 'NONE',  ( 0.9500000000000010700, -0.8749999999999986700, -7.728415692572077200E-017 ) ) ;
#254 = DIRECTION ( 'NONE',  ( 0.0000000000000000000, 0.0000000000000000000, 1.000000000000000000 ) ) ;
#255 = DIRECTION ( 'NONE',  ( 1.000000000000000000, 5.787193289732558100E-016, -3.122502256758252800E-017 ) ) ;
#256 = DIRECTION ( 'NONE',  ( 1.000000000000000000, 0.0000000000000000000, 0.0000000000000000000 ) ) ;
#257 = DIRECTION ( 'NONE',  ( 5.787193289732558100E-016, -1.000000000000000000, 3.323771426894246600E-018 ) ) ;
#258 = CARTESIAN_POINT ( 'NONE',  ( 0.0000000000000000000, 0.0000000000000000000, 0.0000000000000000000 ) ) ;
#259 = CARTESIAN_POINT ( 'NONE',  ( -0.9499999999999990700, -0.8749999999999997800, -1.795661404731397700E-017 ) ) ;
#260 = DIRECTION ( 'NONE',  ( 5.782411586589356700E-016, 1.000000000000000000, -2.287041808959842600E-033 ) ) ;
#261 = DIRECTION ( 'NONE',  ( 1.000000000000000000, 0.0000000000000000000, 0.0000000000000000000 ) ) ;
#262 = DIRECTION ( 'NONE',  ( -1.000000000000000000, 5.782411586589356700E-016, 3.122502256758252800E-017 ) ) ;
#263 = DIRECTION ( 'NONE',  ( 0.0000000000000000000, 0.0000000000000000000, 1.000000000000000000 ) ) ;
#264 = CARTESIAN_POINT ( 'NONE',  ( 5.810986768557201000E-016, 0.8749999999999992200, -5.421010862427522200E-017 ) ) ;
#265 = CARTESIAN_POINT ( 'NONE',  ( 0.0000000000000000000, 0.0000000000000000000, 0.0000000000000000000 ) ) ;
#266 = SHAPE_REPRESENTATION_RELATIONSHIP ( 'NONE' , 'NONE' ,  #510, #700 ) ;
#267 =( NAMED_UNIT ( * ) SI_UNIT ( $, .STERADIAN. ) SOLID_ANGLE_UNIT ( ) );
#268 =( NAMED_UNIT ( * ) PLANE_ANGLE_UNIT ( ) SI_UNIT ( $, .RADIAN. ) );
#269 = APPLICATION_PROTOCOL_DEFINITION ( 'draft international standard', 'automotive_design', 1998, #10 ) ;
#270 = ITEM_DEFINED_TRANSFORMATION ( 'NONE', 'NONE', #1089,  #1029 ) ;
#271 = ITEM_DEFINED_TRANSFORMATION ( 'NONE', 'NONE', #1130,  #1029 ) ;
#272 = SHAPE_DEFINITION_REPRESENTATION ( #1001, #511 ) ;
#273 = CONTEXT_DEPENDENT_SHAPE_REPRESENTATION ( #7, #1010 ) ;
#274 = PRODUCT_CONTEXT ( 'NONE', #8, 'mechanical' ) ;
#275 = APPLICATION_PROTOCOL_DEFINITION ( 'draft international standard', 'automotive_design', 1998, #8 ) ;
#276 = SHAPE_DEFINITION_REPRESENTATION ( #1012, #510 ) ;
#277 = PRODUCT_CONTEXT ( 'NONE', #2, 'mechanical' ) ;
#278 = ITEM_DEFINED_TRANSFORMATION ( 'NONE', 'NONE', #1117,  #1029 ) ;
#279 = DIRECTION ( 'NONE',  ( 1.000000000000000000, 5.787193289732558100E-016, -3.122502256758252800E-017 ) ) ;
#280 =( NAMED_UNIT ( * ) PLANE_ANGLE_UNIT ( ) SI_UNIT ( $, .RADIAN. ) );
#281 =( NAMED_UNIT ( * ) SI_UNIT ( $, .STERADIAN. ) SOLID_ANGLE_UNIT ( ) );
#282 = ITEM_DEFINED_TRANSFORMATION ( 'NONE', 'NONE', #1019,  #1029 ) ;
#283 = PRODUCT_CONTEXT ( 'NONE', #6, 'mechanical' ) ;
#284 = APPLICATION_PROTOCOL_DEFINITION ( 'draft international standard', 'automotive_design', 1998, #6 ) ;
#285 = APPLICATION_PROTOCOL_DEFINITION ( 'draft international standard', 'automotive_design', 1998, #12 ) ;
#286 = FILL_AREA_STYLE_COLOUR ( '', #583 ) ;
#287 = CARTESIAN_POINT ( 'NONE',  ( -1.500000000000000000, -0.7974161284882752600, 0.5000000000000000000 ) ) ;
#288 = FILL_AREA_STYLE ('',( #286 ) ) ;
#289 = DIRECTION ( 'NONE',  ( 1.000000000000000000, -0.0000000000000000000, 0.0000000000000000000 ) ) ;
#290 = SURFACE_SIDE_STYLE ('',( #298 ) ) ;
#291 = DIRECTION ( 'NONE',  ( 0.0000000000000000000, 1.000000000000000000, -0.0000000000000000000 ) ) ;
#292 = CARTESIAN_POINT ( 'NONE',  ( 1.422416128488275300, -0.8750000000000001100, 0.5000000000000000000 ) ) ;
#293 = LINE ( 'NONE', #295, #1235 ) ;
#294 = SURFACE_STYLE_USAGE ( .BOTH. , #290 ) ;
#295 = CARTESIAN_POINT ( 'NONE',  ( -1.422222865903399300, 0.8749999999999998900, -0.8000000000000002700 ) ) ;
#296 = DIRECTION ( 'NONE',  ( -0.0000000000000000000, -1.000000000000000000, -0.0000000000000000000 ) ) ;
#297 = PRESENTATION_STYLE_ASSIGNMENT (( #294 ) ) ;
#298 = SURFACE_STYLE_FILL_AREA ( #288 ) ;
#299 = PLANE ( 'NONE',  #1215 ) ;
#300 = LINE ( 'NONE', #287, #1263 ) ;
#301 = FILL_AREA_STYLE_COLOUR ( '', #567 ) ;
#302 =( NAMED_UNIT ( * ) SI_UNIT ( $, .STERADIAN. ) SOLID_ANGLE_UNIT ( ) );
#303 = CARTESIAN_POINT ( 'NONE',  ( -1.500000000000000000, 0.8749999999999998900, -0.8000000000000000400 ) ) ;
#304 = CARTESIAN_POINT ( 'NONE',  ( 1.500000000000000000, 0.8749999999999998900, -0.8000000000000000400 ) ) ;
#305 = LINE ( 'NONE', #304, #1096 ) ;
#306 = LINE ( 'NONE', #310, #1094 ) ;
#307 = DIRECTION ( 'NONE',  ( 0.0000000000000000000, 0.0000000000000000000, 1.000000000000000000 ) ) ;
#308 = PLANE ( 'NONE',  #1216 ) ;
#309 = DIRECTION ( 'NONE',  ( 0.0000000000000000000, -0.0000000000000000000, 1.000000000000000000 ) ) ;
#310 = CARTESIAN_POINT ( 'NONE',  ( -1.500000000000000000, 0.7974161284882749200, 0.5000000000000000000 ) ) ;
#311 = DIRECTION ( 'NONE',  ( -1.000000000000000000, 0.0000000000000000000, 0.0000000000000000000 ) ) ;
#312 = LINE ( 'NONE', #292, #1237 ) ;
#313 =( NAMED_UNIT ( * ) SI_UNIT ( $, .STERADIAN. ) SOLID_ANGLE_UNIT ( ) );
#314 =( NAMED_UNIT ( * ) PLANE_ANGLE_UNIT ( ) SI_UNIT ( $, .RADIAN. ) );
#315 =( LENGTH_UNIT ( ) NAMED_UNIT ( * ) SI_UNIT ( .MILLI., .METRE. ) );
#316 = SURFACE_STYLE_FILL_AREA ( #321 ) ;
#317 = SURFACE_SIDE_STYLE ('',( #316 ) ) ;
#318 = PRESENTATION_STYLE_ASSIGNMENT (( #319 ) ) ;
#319 = SURFACE_STYLE_USAGE ( .BOTH. , #317 ) ;
#320 =( LENGTH_UNIT ( ) NAMED_UNIT ( * ) SI_UNIT ( .MILLI., .METRE. ) );
#321 = FILL_AREA_STYLE ('',( #301 ) ) ;
#322 = DIRECTION ( 'NONE',  ( 0.0000000000000000000, 1.000000000000000000, 0.0000000000000000000 ) ) ;
#323 =( NAMED_UNIT ( * ) SI_UNIT ( $, .STERADIAN. ) SOLID_ANGLE_UNIT ( ) );
#324 = CONTEXT_DEPENDENT_SHAPE_REPRESENTATION ( #11, #1008 ) ;
#325 = DIRECTION ( 'NONE',  ( 1.000000000000000000, 0.0000000000000000000, 0.0000000000000000000 ) ) ;
#326 = CARTESIAN_POINT ( 'NONE',  ( -1.500000000000000000, -0.8750000000000001100, 0.05999999999999159500 ) ) ;
#327 =( NAMED_UNIT ( * ) SI_UNIT ( $, .STERADIAN. ) SOLID_ANGLE_UNIT ( ) );
#328 = DIRECTION ( 'NONE',  ( -0.0000000000000000000, 0.0000000000000000000, -1.000000000000000000 ) ) ;
#329 = CARTESIAN_POINT ( 'NONE',  ( 1.422416128488275300, 0.7974161284882753700, 0.5000000000000000000 ) ) ;
#330 = CARTESIAN_POINT ( 'NONE',  ( -1.500000000000000000, 0.8749999999999998900, -0.05999999999997557300 ) ) ;
#331 = CARTESIAN_POINT ( 'NONE',  ( -0.2000000000000005100, -0.8400000000000000800, 0.4249999999999999300 ) ) ;
#332 = CARTESIAN_POINT ( 'NONE',  ( -0.2000000000000005100, -0.9599999999999999600, 0.4249999999999999300 ) ) ;
#333 = CARTESIAN_POINT ( 'NONE',  ( -0.2000000000000005100, 0.06000000000000001200, 0.09999999999999999200 ) ) ;
#334 = CARTESIAN_POINT ( 'NONE',  ( 1.422222865903399700, 0.7972228659033990800, -0.8000000000000001600 ) ) ;
#335 = LINE ( 'NONE', #388, #1254 ) ;
#336 =( NAMED_UNIT ( * ) PLANE_ANGLE_UNIT ( ) SI_UNIT ( $, .RADIAN. ) );
#337 =( LENGTH_UNIT ( ) NAMED_UNIT ( * ) SI_UNIT ( .MILLI., .METRE. ) );
#338 = PRESENTATION_STYLE_ASSIGNMENT (( #339 ) ) ;
#339 = SURFACE_STYLE_USAGE ( .BOTH. , #340 ) ;
#340 = SURFACE_SIDE_STYLE ('',( #341 ) ) ;
#341 = SURFACE_STYLE_FILL_AREA ( #344 ) ;
#342 = FILL_AREA_STYLE_COLOUR ( '', #652 ) ;
#343 = CARTESIAN_POINT ( 'NONE',  ( -0.2000000000000005100, -0.8400000000000001900, 0.6249999999999998900 ) ) ;
#344 = FILL_AREA_STYLE ('',( #342 ) ) ;
#345 = LINE ( 'NONE', #343, #1213 ) ;
#346 = DIRECTION ( 'NONE',  ( 1.000000000000000000, -0.0000000000000000000, 0.0000000000000000000 ) ) ;
#347 = PLANE ( 'NONE',  #1244 ) ;
#348 = DIRECTION ( 'NONE',  ( 0.0000000000000000000, 0.0000000000000000000, -1.000000000000000000 ) ) ;
#349 = DIRECTION ( 'NONE',  ( -1.000000000000000000, -0.0000000000000000000, -0.0000000000000000000 ) ) ;
#350 = CARTESIAN_POINT ( 'NONE',  ( 0.1999999999999999800, -0.09999999999999999200, 0.1000000000000000100 ) ) ;
#351 = DIRECTION ( 'NONE',  ( 0.0000000000000000000, 0.9851530796317231600, -0.1716782155432999300 ) ) ;
#352 = DIRECTION ( 'NONE',  ( 0.0000000000000000000, -0.1716782155432999300, -0.9851530796317231600 ) ) ;
#353 = CARTESIAN_POINT ( 'NONE',  ( -0.2000000000000005100, -0.09313287137826799200, 0.1394061231852689600 ) ) ;
#354 =( NAMED_UNIT ( * ) SI_UNIT ( $, .STERADIAN. ) SOLID_ANGLE_UNIT ( ) );
#355 =( NAMED_UNIT ( * ) PLANE_ANGLE_UNIT ( ) SI_UNIT ( $, .RADIAN. ) );
#356 =( LENGTH_UNIT ( ) NAMED_UNIT ( * ) SI_UNIT ( .MILLI., .METRE. ) );
#357 = SURFACE_STYLE_USAGE ( .BOTH. , #358 ) ;
#358 = SURFACE_SIDE_STYLE ('',( #360 ) ) ;
#359 = PRESENTATION_STYLE_ASSIGNMENT (( #357 ) ) ;
#360 = SURFACE_STYLE_FILL_AREA ( #361 ) ;
#361 = FILL_AREA_STYLE ('',( #362 ) ) ;
#362 = FILL_AREA_STYLE_COLOUR ( '', #644 ) ;
#363 = DIRECTION ( 'NONE',  ( 0.0000000000000000000, 0.0000000000000000000, 1.000000000000000000 ) ) ;
#364 = CARTESIAN_POINT ( 'NONE',  ( -1.500000000000000000, -0.8750000000000001100, -0.8000000000000000400 ) ) ;
#365 = LINE ( 'NONE', #364, #1189 ) ;
#366 = DIRECTION ( 'NONE',  ( 0.0000000000000000000, 1.000000000000000000, 0.0000000000000000000 ) ) ;
#367 = CARTESIAN_POINT ( 'NONE',  ( 1.422222865903399300, 0.8749999999999998900, -0.8000000000000002700 ) ) ;
#368 = LINE ( 'NONE', #367, #1091 ) ;
#369 = DIRECTION ( 'NONE',  ( -1.000000000000000000, -0.0000000000000000000, -0.0000000000000000000 ) ) ;
#370 = CONTEXT_DEPENDENT_SHAPE_REPRESENTATION ( #3, #1000 ) ;
#371 = CARTESIAN_POINT ( 'NONE',  ( -1.500000000000000000, -0.8750000000000001100, 0.05999999999999148400 ) ) ;
#372 = CARTESIAN_POINT ( 'NONE',  ( 0.0000000000000000000, 0.0000000000000000000, 0.0000000000000000000 ) ) ;
#373 = DIRECTION ( 'NONE',  ( 0.0000000000000000000, -1.000000000000000000, -5.421010862427524100E-016 ) ) ;
#374 = CARTESIAN_POINT ( 'NONE',  ( -0.2000000000000005100, -0.9600000000000000800, 0.6249999999999998900 ) ) ;
#375 = CARTESIAN_POINT ( 'NONE',  ( -1.500000000000000000, 0.8750000000000001100, 0.05999999999999155300 ) ) ;
#376 =( NAMED_UNIT ( * ) PLANE_ANGLE_UNIT ( ) SI_UNIT ( $, .RADIAN. ) );
#377 =( LENGTH_UNIT ( ) NAMED_UNIT ( * ) SI_UNIT ( .MILLI., .METRE. ) );
#378 = DIRECTION ( 'NONE',  ( 1.000000000000000000, 0.0000000000000000000, 0.0000000000000000000 ) ) ;
#379 = LINE ( 'NONE', #331, #1255 ) ;
#380 = CARTESIAN_POINT ( 'NONE',  ( -0.2000000000000005100, -0.06000000000000000500, 0.0000000000000000000 ) ) ;
#381 = DIRECTION ( 'NONE',  ( 0.1039620511844946000, 0.1039620511844946000, 0.9891328443778545400 ) ) ;
#382 = CARTESIAN_POINT ( 'NONE',  ( 1.422222865903399300, 0.7972228659033990800, -0.8000000000000002700 ) ) ;
#383 = LINE ( 'NONE', #382, #1262 ) ;
#384 = DIRECTION ( 'NONE',  ( 0.0000000000000000000, -0.0000000000000000000, -1.000000000000000000 ) ) ;
#385 = DIRECTION ( 'NONE',  ( 0.0000000000000000000, -1.000000000000000000, 0.0000000000000000000 ) ) ;
#386 = CARTESIAN_POINT ( 'NONE',  ( -0.2000000000000005100, 0.06000000000000000500, 0.09999999999999999200 ) ) ;
#387 = CARTESIAN_POINT ( 'NONE',  ( -0.2000000000000005100, -0.09313287137826799200, 0.1394061231852689600 ) ) ;
#388 = CARTESIAN_POINT ( 'NONE',  ( 1.500000000000000000, -0.8750000000000001100, -0.8000000000000000400 ) ) ;
#389 = CONTEXT_DEPENDENT_SHAPE_REPRESENTATION ( #9, #1009 ) ;
#390 = DIRECTION ( 'NONE',  ( 0.0000000000000000000, 5.421010862427524100E-016, -1.000000000000000000 ) ) ;
#391 =( LENGTH_UNIT ( ) NAMED_UNIT ( * ) SI_UNIT ( .MILLI., .METRE. ) );
#392 = ITEM_DEFINED_TRANSFORMATION ( 'NONE', 'NONE', #1084,  #1029 ) ;
#393 = APPLICATION_PROTOCOL_DEFINITION ( 'draft international standard', 'automotive_design', 1998, #1 ) ;
#394 = ITEM_DEFINED_TRANSFORMATION ( 'NONE', 'NONE', #1164,  #1029 ) ;
#395 = SHAPE_DEFINITION_REPRESENTATION ( #998, #509 ) ;
#396 = APPLICATION_PROTOCOL_DEFINITION ( 'draft international standard', 'automotive_design', 1998, #2 ) ;
#397 = CARTESIAN_POINT ( 'NONE',  ( -0.2000000000000005100, -0.07253148551307200800, 0.2576244927410757400 ) ) ;
#398 = CARTESIAN_POINT ( 'NONE',  ( 1.500000000000000000, -0.8750000000000001100, 0.05999999999999148400 ) ) ;
#399 = CARTESIAN_POINT ( 'NONE',  ( 0.2000000000000000100, -0.8068671286217319300, 0.3855938768147310100 ) ) ;
#400 = CARTESIAN_POINT ( 'NONE',  ( -1.500000000000000000, -0.8750000000000007800, -0.05999999999997557300 ) ) ;
#401 = CARTESIAN_POINT ( 'NONE',  ( -0.2000000000000005100, -0.8400000000000000800, 0.4249999999999999300 ) ) ;
#402 = CARTESIAN_POINT ( 'NONE',  ( 0.1999999999999999800, -0.05999999999999998400, 0.1000000000000000100 ) ) ;
#403 = CARTESIAN_POINT ( 'NONE',  ( 1.422416128488275300, -0.7974161284882752600, 0.5000000000000000000 ) ) ;
#404 = CARTESIAN_POINT ( 'NONE',  ( -1.422222865903399300, -0.7972228659033999700, -0.8000000000000001600 ) ) ;
#405 = CARTESIAN_POINT ( 'NONE',  ( 1.099999999999999900, 0.4749999999999998700, 0.4699999999999999700 ) ) ;
#406 = CARTESIAN_POINT ( 'NONE',  ( -0.2000000000000005100, -0.9600000000000001900, 0.6249999999999998900 ) ) ;
#407 = CARTESIAN_POINT ( 'NONE',  ( 1.422222865903399500, -0.7972228659033999700, -0.8000000000000001600 ) ) ;
#408 = CARTESIAN_POINT ( 'NONE',  ( 1.299999999999999600, 0.4749999999999998700, 0.4999999999999998900 ) ) ;
#409 = CARTESIAN_POINT ( 'NONE',  ( -0.2000000000000005100, 0.05999999999999999800, 0.0000000000000000000 ) ) ;
#410 = CARTESIAN_POINT ( 'NONE',  ( -0.2000000000000005100, -0.8068671286217319300, 0.3855938768147310100 ) ) ;
#411 = CARTESIAN_POINT ( 'NONE',  ( 0.1999999999999999800, -0.9600000000000001900, 0.6249999999999998900 ) ) ;
#412 = CARTESIAN_POINT ( 'NONE',  ( 1.500000000000000700, -0.8750000000000004400, -0.05999999999997554500 ) ) ;
#413 = CARTESIAN_POINT ( 'NONE',  ( 0.1999999999999999800, -0.9599999999999999600, 0.4249999999999999300 ) ) ;
#414 = CARTESIAN_POINT ( 'NONE',  ( 0.2000000000000000100, -0.07253148551307200800, 0.2576244927410757400 ) ) ;
#415 =( NAMED_UNIT ( * ) SI_UNIT ( $, .STERADIAN. ) SOLID_ANGLE_UNIT ( ) );
#416 =( NAMED_UNIT ( * ) PLANE_ANGLE_UNIT ( ) SI_UNIT ( $, .RADIAN. ) );
#417 =( LENGTH_UNIT ( ) NAMED_UNIT ( * ) SI_UNIT ( .MILLI., .METRE. ) );
#418 = SHAPE_REPRESENTATION_RELATIONSHIP ( 'NONE' , 'NONE' ,  #511, #693 ) ;
#419 = CARTESIAN_POINT ( 'NONE',  ( 0.9000000000000005800, 0.4749999999999998700, 0.4999999999999998900 ) ) ;
#420 = CARTESIAN_POINT ( 'NONE',  ( -0.2000000000000005100, -0.8400000000000000800, 0.6249999999999998900 ) ) ;
#421 = CARTESIAN_POINT ( 'NONE',  ( 0.1999999999999999800, -0.8274685144869277100, 0.2673755072589242300 ) ) ;
#422 = CARTESIAN_POINT ( 'NONE',  ( -0.2000000000000005100, -0.8274685144869277100, 0.2673755072589242300 ) ) ;
#423 = CARTESIAN_POINT ( 'NONE',  ( 0.1999999999999999800, -0.06000000000000000500, 0.0000000000000000000 ) ) ;
#424 = CARTESIAN_POINT ( 'NONE',  ( 0.1999999999999999800, -0.8400000000000000800, 0.6249999999999998900 ) ) ;
#425 = CARTESIAN_POINT ( 'NONE',  ( -0.2000000000000005100, -0.05999999999999998400, 0.1000000000000000100 ) ) ;
#426 = CARTESIAN_POINT ( 'NONE',  ( -1.422222865903399300, 0.7972228659033990800, -0.8000000000000001600 ) ) ;
#427 = CARTESIAN_POINT ( 'NONE',  ( -1.422416128488275300, 0.7974161284882754800, 0.5000000000000000000 ) ) ;
#428 = CARTESIAN_POINT ( 'NONE',  ( 0.1999999999999999800, -0.8400000000000000800, 0.4249999999999999300 ) ) ;
#429 = CARTESIAN_POINT ( 'NONE',  ( 1.500000000000000200, 0.8749999999999998900, -0.05999999999997559400 ) ) ;
#430 = CARTESIAN_POINT ( 'NONE',  ( 0.1999999999999999800, -0.09313287137826799200, 0.1394061231852689600 ) ) ;
#431 = CARTESIAN_POINT ( 'NONE',  ( 1.500000000000000000, 0.8750000000000002200, 0.05999999999999153200 ) ) ;
#432 = CARTESIAN_POINT ( 'NONE',  ( -1.422416128488275300, -0.7974161284882752600, 0.5000000000000000000 ) ) ;
#433 = CARTESIAN_POINT ( 'NONE',  ( 0.1999999999999999800, 0.05999999999999999800, 0.0000000000000000000 ) ) ;
#434 = FILL_AREA_STYLE_COLOUR ( '', #639 ) ;
#435 = CARTESIAN_POINT ( 'NONE',  ( 0.1999999999999999800, 0.06000000000000001200, 0.09999999999999999200 ) ) ;
#436 = FILL_AREA_STYLE ('',( #434 ) ) ;
#437 = SURFACE_STYLE_FILL_AREA ( #445 ) ;
#438 = CONTEXT_DEPENDENT_SHAPE_REPRESENTATION ( #5, #1004 ) ;
#439 = DIRECTION ( 'NONE',  ( 0.0000000000000000000, 0.0000000000000000000, 1.000000000000000000 ) ) ;
#440 = SURFACE_STYLE_USAGE ( .BOTH. , #444 ) ;
#441 = PRESENTATION_STYLE_ASSIGNMENT (( #440 ) ) ;
#442 = LINE ( 'NONE', #371, #1258 ) ;
#443 =( NAMED_UNIT ( * ) PLANE_ANGLE_UNIT ( ) SI_UNIT ( $, .RADIAN. ) );
#444 = SURFACE_SIDE_STYLE ('',( #437 ) ) ;
#445 = FILL_AREA_STYLE ('',( #446 ) ) ;
#446 = FILL_AREA_STYLE_COLOUR ( '', #553 ) ;
#447 = DIRECTION ( 'NONE',  ( 1.000000000000000000, 0.0000000000000000000, 0.0000000000000000000 ) ) ;
#448 = DIRECTION ( 'NONE',  ( 0.0000000000000000000, 0.0000000000000000000, 1.000000000000000000 ) ) ;
#449 = CARTESIAN_POINT ( 'NONE',  ( 0.0000000000000000000, 0.0000000000000000000, 0.0000000000000000000 ) ) ;
#450 =( NAMED_UNIT ( * ) SI_UNIT ( $, .STERADIAN. ) SOLID_ANGLE_UNIT ( ) );
#451 =( NAMED_UNIT ( * ) PLANE_ANGLE_UNIT ( ) SI_UNIT ( $, .RADIAN. ) );
#452 =( LENGTH_UNIT ( ) NAMED_UNIT ( * ) SI_UNIT ( .MILLI., .METRE. ) );
#453 =( NAMED_UNIT ( * ) SI_UNIT ( $, .STERADIAN. ) SOLID_ANGLE_UNIT ( ) );
#454 =( NAMED_UNIT ( * ) PLANE_ANGLE_UNIT ( ) SI_UNIT ( $, .RADIAN. ) );
#455 =( LENGTH_UNIT ( ) NAMED_UNIT ( * ) SI_UNIT ( .MILLI., .METRE. ) );
#456 = PRESENTATION_STYLE_ASSIGNMENT (( #459 ) ) ;
#457 = SURFACE_SIDE_STYLE ('',( #461 ) ) ;
#458 = FILL_AREA_STYLE ('',( #460 ) ) ;
#459 = SURFACE_STYLE_USAGE ( .BOTH. , #457 ) ;
#460 = FILL_AREA_STYLE_COLOUR ( '', #631 ) ;
#461 = SURFACE_STYLE_FILL_AREA ( #458 ) ;
#462 =( NAMED_UNIT ( * ) SI_UNIT ( $, .STERADIAN. ) SOLID_ANGLE_UNIT ( ) );
#463 =( NAMED_UNIT ( * ) PLANE_ANGLE_UNIT ( ) SI_UNIT ( $, .RADIAN. ) );
#464 =( LENGTH_UNIT ( ) NAMED_UNIT ( * ) SI_UNIT ( .MILLI., .METRE. ) );
#465 = SURFACE_STYLE_USAGE ( .BOTH. , #466 ) ;
#466 = SURFACE_SIDE_STYLE ('',( #468 ) ) ;
#467 = PRESENTATION_STYLE_ASSIGNMENT (( #465 ) ) ;
#468 = SURFACE_STYLE_FILL_AREA ( #436 ) ;
#469 = PRODUCT ( 'User Library-SOT-23-5', 'User Library-SOT-23-5', '', ( #277 ) ) ;
#470 = PRODUCT ( 'User Library-SOT-23-5_pin_SOT_sot-23-6_1', 'User Library-SOT-23-5_pin_SOT_sot-23-6_1', '', ( #274 ) ) ;
#471 = PRODUCT ( 'User Library-SOT-23-5_body_sot23-6_1', 'User Library-SOT-23-5_body_sot23-6_1', '', ( #283 ) ) ;
#472 =( GEOMETRIC_REPRESENTATION_CONTEXT ( 3 ) GLOBAL_UNCERTAINTY_ASSIGNED_CONTEXT ( ( #669 ) ) GLOBAL_UNIT_ASSIGNED_CONTEXT ( ( #136, #219, #184 ) ) REPRESENTATION_CONTEXT ( 'NONE', 'WORKASPACE' ) );
#473 =( GEOMETRIC_REPRESENTATION_CONTEXT ( 3 ) GLOBAL_UNCERTAINTY_ASSIGNED_CONTEXT ( ( #677 ) ) GLOBAL_UNIT_ASSIGNED_CONTEXT ( ( #211, #174, #201 ) ) REPRESENTATION_CONTEXT ( 'NONE', 'WORKASPACE' ) );
#474 =( GEOMETRIC_REPRESENTATION_CONTEXT ( 3 ) GLOBAL_UNCERTAINTY_ASSIGNED_CONTEXT ( ( #673 ) ) GLOBAL_UNIT_ASSIGNED_CONTEXT ( ( #13, #77, #46 ) ) REPRESENTATION_CONTEXT ( 'NONE', 'WORKASPACE' ) );
#475 =( GEOMETRIC_REPRESENTATION_CONTEXT ( 3 ) GLOBAL_UNCERTAINTY_ASSIGNED_CONTEXT ( ( #674 ) ) GLOBAL_UNIT_ASSIGNED_CONTEXT ( ( #190, #187, #161 ) ) REPRESENTATION_CONTEXT ( 'NONE', 'WORKASPACE' ) );
#476 =( GEOMETRIC_REPRESENTATION_CONTEXT ( 3 ) GLOBAL_UNCERTAINTY_ASSIGNED_CONTEXT ( ( #672 ) ) GLOBAL_UNIT_ASSIGNED_CONTEXT ( ( #137, #157, #224 ) ) REPRESENTATION_CONTEXT ( 'NONE', 'WORKASPACE' ) );
#477 =( GEOMETRIC_REPRESENTATION_CONTEXT ( 3 ) GLOBAL_UNCERTAINTY_ASSIGNED_CONTEXT ( ( #667 ) ) GLOBAL_UNIT_ASSIGNED_CONTEXT ( ( #130, #43, #62 ) ) REPRESENTATION_CONTEXT ( 'NONE', 'WORKASPACE' ) );
#478 =( GEOMETRIC_REPRESENTATION_CONTEXT ( 3 ) GLOBAL_UNCERTAINTY_ASSIGNED_CONTEXT ( ( #664 ) ) GLOBAL_UNIT_ASSIGNED_CONTEXT ( ( #158, #214, #1427 ) ) REPRESENTATION_CONTEXT ( 'NONE', 'WORKASPACE' ) );
#479 =( GEOMETRIC_REPRESENTATION_CONTEXT ( 3 ) GLOBAL_UNCERTAINTY_ASSIGNED_CONTEXT ( ( #675 ) ) GLOBAL_UNIT_ASSIGNED_CONTEXT ( ( #188, #142, #172 ) ) REPRESENTATION_CONTEXT ( 'NONE', 'WORKASPACE' ) );
#480 =( GEOMETRIC_REPRESENTATION_CONTEXT ( 3 ) GLOBAL_UNCERTAINTY_ASSIGNED_CONTEXT ( ( #683 ) ) GLOBAL_UNIT_ASSIGNED_CONTEXT ( ( #337, #336, #327 ) ) REPRESENTATION_CONTEXT ( 'NONE', 'WORKASPACE' ) );
#481 =( GEOMETRIC_REPRESENTATION_CONTEXT ( 3 ) GLOBAL_UNCERTAINTY_ASSIGNED_CONTEXT ( ( #687 ) ) GLOBAL_UNIT_ASSIGNED_CONTEXT ( ( #452, #451, #450 ) ) REPRESENTATION_CONTEXT ( 'NONE', 'WORKASPACE' ) );
#482 =( GEOMETRIC_REPRESENTATION_CONTEXT ( 3 ) GLOBAL_UNCERTAINTY_ASSIGNED_CONTEXT ( ( #679 ) ) GLOBAL_UNIT_ASSIGNED_CONTEXT ( ( #126, #89, #52 ) ) REPRESENTATION_CONTEXT ( 'NONE', 'WORKASPACE' ) );
#483 =( GEOMETRIC_REPRESENTATION_CONTEXT ( 3 ) GLOBAL_UNCERTAINTY_ASSIGNED_CONTEXT ( ( #694 ) ) GLOBAL_UNIT_ASSIGNED_CONTEXT ( ( #391, #443, #415 ) ) REPRESENTATION_CONTEXT ( 'NONE', 'WORKASPACE' ) );
#484 =( GEOMETRIC_REPRESENTATION_CONTEXT ( 3 ) GLOBAL_UNCERTAINTY_ASSIGNED_CONTEXT ( ( #670 ) ) GLOBAL_UNIT_ASSIGNED_CONTEXT ( ( #48, #40, #106 ) ) REPRESENTATION_CONTEXT ( 'NONE', 'WORKASPACE' ) );
#485 =( GEOMETRIC_REPRESENTATION_CONTEXT ( 3 ) GLOBAL_UNCERTAINTY_ASSIGNED_CONTEXT ( ( #685 ) ) GLOBAL_UNIT_ASSIGNED_CONTEXT ( ( #315, #314, #313 ) ) REPRESENTATION_CONTEXT ( 'NONE', 'WORKASPACE' ) );
#486 =( GEOMETRIC_REPRESENTATION_CONTEXT ( 3 ) GLOBAL_UNCERTAINTY_ASSIGNED_CONTEXT ( ( #697 ) ) GLOBAL_UNIT_ASSIGNED_CONTEXT ( ( #417, #416, #302 ) ) REPRESENTATION_CONTEXT ( 'NONE', 'WORKASPACE' ) );
#487 =( GEOMETRIC_REPRESENTATION_CONTEXT ( 3 ) GLOBAL_UNCERTAINTY_ASSIGNED_CONTEXT ( ( #686 ) ) GLOBAL_UNIT_ASSIGNED_CONTEXT ( ( #377, #376, #323 ) ) REPRESENTATION_CONTEXT ( 'NONE', 'WORKASPACE' ) );
#488 =( GEOMETRIC_REPRESENTATION_CONTEXT ( 3 ) GLOBAL_UNCERTAINTY_ASSIGNED_CONTEXT ( ( #678 ) ) GLOBAL_UNIT_ASSIGNED_CONTEXT ( ( #131, #133, #51 ) ) REPRESENTATION_CONTEXT ( 'NONE', 'WORKASPACE' ) );
#489 =( GEOMETRIC_REPRESENTATION_CONTEXT ( 3 ) GLOBAL_UNCERTAINTY_ASSIGNED_CONTEXT ( ( #684 ) ) GLOBAL_UNIT_ASSIGNED_CONTEXT ( ( #1415, #1275, #1276 ) ) REPRESENTATION_CONTEXT ( 'NONE', 'WORKASPACE' ) );
#490 =( GEOMETRIC_REPRESENTATION_CONTEXT ( 3 ) GLOBAL_UNCERTAINTY_ASSIGNED_CONTEXT ( ( #662 ) ) GLOBAL_UNIT_ASSIGNED_CONTEXT ( ( #805, #952, #745 ) ) REPRESENTATION_CONTEXT ( 'NONE', 'WORKASPACE' ) );
#491 =( GEOMETRIC_REPRESENTATION_CONTEXT ( 3 ) GLOBAL_UNCERTAINTY_ASSIGNED_CONTEXT ( ( #663 ) ) GLOBAL_UNIT_ASSIGNED_CONTEXT ( ( #221, #170, #236 ) ) REPRESENTATION_CONTEXT ( 'NONE', 'WORKASPACE' ) );
#492 =( GEOMETRIC_REPRESENTATION_CONTEXT ( 3 ) GLOBAL_UNCERTAINTY_ASSIGNED_CONTEXT ( ( #680 ) ) GLOBAL_UNIT_ASSIGNED_CONTEXT ( ( #1296, #1433, #1408 ) ) REPRESENTATION_CONTEXT ( 'NONE', 'WORKASPACE' ) );
#493 =( GEOMETRIC_REPRESENTATION_CONTEXT ( 3 ) GLOBAL_UNCERTAINTY_ASSIGNED_CONTEXT ( ( #690 ) ) GLOBAL_UNIT_ASSIGNED_CONTEXT ( ( #455, #454, #453 ) ) REPRESENTATION_CONTEXT ( 'NONE', 'WORKASPACE' ) );
#494 =( GEOMETRIC_REPRESENTATION_CONTEXT ( 3 ) GLOBAL_UNCERTAINTY_ASSIGNED_CONTEXT ( ( #666 ) ) GLOBAL_UNIT_ASSIGNED_CONTEXT ( ( #91, #34, #86 ) ) REPRESENTATION_CONTEXT ( 'NONE', 'WORKASPACE' ) );
#495 =( GEOMETRIC_REPRESENTATION_CONTEXT ( 3 ) GLOBAL_UNCERTAINTY_ASSIGNED_CONTEXT ( ( #699 ) ) GLOBAL_UNIT_ASSIGNED_CONTEXT ( ( #880, #753, #990 ) ) REPRESENTATION_CONTEXT ( 'NONE', 'WORKASPACE' ) );
#496 =( GEOMETRIC_REPRESENTATION_CONTEXT ( 3 ) GLOBAL_UNCERTAINTY_ASSIGNED_CONTEXT ( ( #681 ) ) GLOBAL_UNIT_ASSIGNED_CONTEXT ( ( #1288, #1272, #1282 ) ) REPRESENTATION_CONTEXT ( 'NONE', 'WORKASPACE' ) );
#497 =( GEOMETRIC_REPRESENTATION_CONTEXT ( 3 ) GLOBAL_UNCERTAINTY_ASSIGNED_CONTEXT ( ( #665 ) ) GLOBAL_UNIT_ASSIGNED_CONTEXT ( ( #116, #93, #59 ) ) REPRESENTATION_CONTEXT ( 'NONE', 'WORKASPACE' ) );
#498 =( GEOMETRIC_REPRESENTATION_CONTEXT ( 3 ) GLOBAL_UNCERTAINTY_ASSIGNED_CONTEXT ( ( #689 ) ) GLOBAL_UNIT_ASSIGNED_CONTEXT ( ( #464, #463, #462 ) ) REPRESENTATION_CONTEXT ( 'NONE', 'WORKASPACE' ) );
#499 =( GEOMETRIC_REPRESENTATION_CONTEXT ( 3 ) GLOBAL_UNCERTAINTY_ASSIGNED_CONTEXT ( ( #688 ) ) GLOBAL_UNIT_ASSIGNED_CONTEXT ( ( #1335, #1354, #1452 ) ) REPRESENTATION_CONTEXT ( 'NONE', 'WORKASPACE' ) );
#500 =( GEOMETRIC_REPRESENTATION_CONTEXT ( 3 ) GLOBAL_UNCERTAINTY_ASSIGNED_CONTEXT ( ( #676 ) ) GLOBAL_UNIT_ASSIGNED_CONTEXT ( ( #1290, #1403, #1292 ) ) REPRESENTATION_CONTEXT ( 'NONE', 'WORKASPACE' ) );
#501 =( GEOMETRIC_REPRESENTATION_CONTEXT ( 3 ) GLOBAL_UNCERTAINTY_ASSIGNED_CONTEXT ( ( #668 ) ) GLOBAL_UNIT_ASSIGNED_CONTEXT ( ( #1363, #1423, #1417 ) ) REPRESENTATION_CONTEXT ( 'NONE', 'WORKASPACE' ) );
#502 =( GEOMETRIC_REPRESENTATION_CONTEXT ( 3 ) GLOBAL_UNCERTAINTY_ASSIGNED_CONTEXT ( ( #696 ) ) GLOBAL_UNIT_ASSIGNED_CONTEXT ( ( #1409, #1420, #1454 ) ) REPRESENTATION_CONTEXT ( 'NONE', 'WORKASPACE' ) );
#503 =( GEOMETRIC_REPRESENTATION_CONTEXT ( 3 ) GLOBAL_UNCERTAINTY_ASSIGNED_CONTEXT ( ( #691 ) ) GLOBAL_UNIT_ASSIGNED_CONTEXT ( ( #356, #355, #354 ) ) REPRESENTATION_CONTEXT ( 'NONE', 'WORKASPACE' ) );
#504 =( GEOMETRIC_REPRESENTATION_CONTEXT ( 3 ) GLOBAL_UNCERTAINTY_ASSIGNED_CONTEXT ( ( #682 ) ) GLOBAL_UNIT_ASSIGNED_CONTEXT ( ( #1364, #1294, #1300 ) ) REPRESENTATION_CONTEXT ( 'NONE', 'WORKASPACE' ) );
#505 =( GEOMETRIC_REPRESENTATION_CONTEXT ( 3 ) GLOBAL_UNCERTAINTY_ASSIGNED_CONTEXT ( ( #698 ) ) GLOBAL_UNIT_ASSIGNED_CONTEXT ( ( #320, #268, #267 ) ) REPRESENTATION_CONTEXT ( 'NONE', 'WORKASPACE' ) );
#506 =( GEOMETRIC_REPRESENTATION_CONTEXT ( 3 ) GLOBAL_UNCERTAINTY_ASSIGNED_CONTEXT ( ( #692 ) ) GLOBAL_UNIT_ASSIGNED_CONTEXT ( ( #244, #280, #281 ) ) REPRESENTATION_CONTEXT ( 'NONE', 'WORKASPACE' ) );
#507 =( GEOMETRIC_REPRESENTATION_CONTEXT ( 3 ) GLOBAL_UNCERTAINTY_ASSIGNED_CONTEXT ( ( #695 ) ) GLOBAL_UNIT_ASSIGNED_CONTEXT ( ( #785, #704, #982 ) ) REPRESENTATION_CONTEXT ( 'NONE', 'WORKASPACE' ) );
#508 =( GEOMETRIC_REPRESENTATION_CONTEXT ( 3 ) GLOBAL_UNCERTAINTY_ASSIGNED_CONTEXT ( ( #671 ) ) GLOBAL_UNIT_ASSIGNED_CONTEXT ( ( #846, #840, #707 ) ) REPRESENTATION_CONTEXT ( 'NONE', 'WORKASPACE' ) );
#509 = SHAPE_REPRESENTATION ( 'User Library-SOT-23-5', ( #1098, #1089, #1130, #1019, #1117, #1164, #1084 ), #506 ) ;
#510 = SHAPE_REPRESENTATION ( 'User Library-SOT-23-5_body_sot23-6_1', ( #1029 ), #486 ) ;
#511 = SHAPE_REPRESENTATION ( 'User Library-SOT-23-5_pin_SOT_sot-23-6_1', ( #1029 ), #481 ) ;
#512 = ADVANCED_FACE ( 'NONE', ( #1228 ), #1007, .F. ) ;
#513 = ADVANCED_FACE ( 'NONE', ( #1231 ), #1193, .T. ) ;
#514 = EDGE_CURVE ( 'NONE', #725, #848, #976, .T. ) ;
#515 = EDGE_CURVE ( 'NONE', #770, #849, #538, .T. ) ;
#516 = EDGE_CURVE ( 'NONE', #991, #876, #625, .T. ) ;
#517 = CIRCLE ( 'NONE', #1115, 0.04000000000000002200 ) ;
#518 = COLOUR_RGB ( '',0.7647058823529411200, 0.7647058823529411200, 0.7647058823529411200 ) ;
#519 = EDGE_CURVE ( 'NONE', #706, #946, #903, .T. ) ;
#520 = PRODUCT_RELATED_PRODUCT_CATEGORY ( 'part', '', ( #469 ) ) ;
#521 = EDGE_CURVE ( 'NONE', #737, #812, #889, .T. ) ;
#522 = COLOUR_RGB ( '',0.7647058823529411200, 0.7647058823529411200, 0.7647058823529411200 ) ;
#523 = EDGE_CURVE ( 'NONE', #946, #779, #904, .T. ) ;
#524 = ADVANCED_FACE ( 'NONE', ( #1093 ), #856, .F. ) ;
#525 = EDGE_CURVE ( 'NONE', #959, #727, #927, .T. ) ;
#526 = COLOUR_RGB ( '',0.7647058823529411200, 0.7647058823529411200, 0.7647058823529411200 ) ;
#527 = ADVANCED_FACE ( 'NONE', ( #1174 ), #947, .F. ) ;
#528 = COLOUR_RGB ( '',0.1098039215686274500, 0.1098039215686274500, 0.1098039215686274500 ) ;
#529 = EDGE_CURVE ( 'NONE', #991, #732, #893, .T. ) ;
#530 = EDGE_CURVE ( 'NONE', #779, #819, #44, .T. ) ;
#531 = EDGE_CURVE ( 'NONE', #774, #839, #98, .T. ) ;
#532 = EDGE_CURVE ( 'NONE', #768, #726, #110, .T. ) ;
#533 = EDGE_CURVE ( 'NONE', #892, #829, #114, .T. ) ;
#534 = EDGE_CURVE ( 'NONE', #827, #936, #94, .T. ) ;
#535 = EDGE_CURVE ( 'NONE', #827, #908, #50, .T. ) ;
#536 = PRODUCT_DEFINITION ( 'UNKNOWN', '', #1257, #1011 ) ;
#537 = ADVANCED_FACE ( 'NONE', ( #1038 ), #73, .F. ) ;
#538 = CIRCLE ( 'NONE', #1251, 0.03999999999999999400 ) ;
#539 = CIRCLE ( 'NONE', #1112, 0.1599999999999999800 ) ;
#540 = ADVANCED_FACE ( 'NONE', ( #1047 ), #38, .F. ) ;
#541 = EDGE_CURVE ( 'NONE', #845, #770, #74, .T. ) ;
#542 = COLOUR_RGB ( '',0.1098039215686274500, 0.1098039215686274500, 0.1098039215686274500 ) ;
#543 = CIRCLE ( 'NONE', #1061, 0.6605000000000000900 ) ;
#544 = ADVANCED_FACE ( 'NONE', ( #1241 ), #70, .T. ) ;
#545 = ADVANCED_FACE ( 'NONE', ( #1226 ), #1133, .T. ) ;
#546 = PRODUCT_DEFINITION ( 'UNKNOWN', '', #1127, #1013 ) ;
#547 = COLOUR_RGB ( '',0.1098039215686274500, 0.1098039215686274500, 0.1098039215686274500 ) ;
#548 = ADVANCED_FACE ( 'NONE', ( #1159 ), #100, .T. ) ;
#549 = ADVANCED_FACE ( 'NONE', ( #1161 ), #1160, .F. ) ;
#550 = COLOUR_RGB ( '',0.1098039215686274500, 0.1098039215686274500, 0.1098039215686274500 ) ;
#551 = EDGE_CURVE ( 'NONE', #759, #946, #104, .T. ) ;
#552 = EDGE_CURVE ( 'NONE', #872, #877, #660, .T. ) ;
#553 = COLOUR_RGB ( '',0.7921568627450980000, 0.8196078431372548800, 0.9333333333333333500 ) ;
#554 = ADVANCED_FACE ( 'NONE', ( #1124 ), #96, .T. ) ;
#555 = ADVANCED_FACE ( 'NONE', ( #1240 ), #195, .T. ) ;
#556 = PRODUCT_RELATED_PRODUCT_CATEGORY ( 'part', '', ( #471 ) ) ;
#557 = EDGE_CURVE ( 'NONE', #751, #940, #143, .T. ) ;
#558 = EDGE_CURVE ( 'NONE', #951, #900, #199, .T. ) ;
#559 = CIRCLE ( 'NONE', #1217, 0.1999999999999994300 ) ;
#560 = EDGE_CURVE ( 'NONE', #987, #991, #194, .T. ) ;
#561 = EDGE_CURVE ( 'NONE', #936, #725, #154, .T. ) ;
#562 = ADVANCED_FACE ( 'NONE', ( #1131 ), #166, .T. ) ;
#563 = EDGE_CURVE ( 'NONE', #759, #737, #234, .T. ) ;
#564 = COLOUR_RGB ( '',0.1098039215686274500, 0.1098039215686274500, 0.1098039215686274500 ) ;
#565 = EDGE_CURVE ( 'NONE', #829, #726, #169, .T. ) ;
#566 = COLOUR_RGB ( '',0.7647058823529411200, 0.7647058823529411200, 0.7647058823529411200 ) ;
#567 = COLOUR_RGB ( '',0.7921568627450980000, 0.8196078431372548800, 0.9333333333333333500 ) ;
#568 = CIRCLE ( 'NONE', #1114, 0.1600000000000000000 ) ;
#569 = COLOUR_RGB ( '',0.7647058823529411200, 0.7647058823529411200, 0.7647058823529411200 ) ;
#570 = ADVANCED_FACE ( 'NONE', ( #1199 ), #141, .T. ) ;
#571 = ADVANCED_FACE ( 'NONE', ( #1075 ), #197, .F. ) ;
#572 = COLOUR_RGB ( '',0.7647058823529411200, 0.7647058823529411200, 0.7647058823529411200 ) ;
#573 = EDGE_CURVE ( 'NONE', #914, #741, #149, .T. ) ;
#574 = EDGE_CURVE ( 'NONE', #774, #812, #180, .T. ) ;
#575 = EDGE_CURVE ( 'NONE', #854, #872, #543, .T. ) ;
#576 = ADVANCED_FACE ( 'NONE', ( #1068 ), #239, .T. ) ;
#577 = EDGE_CURVE ( 'NONE', #916, #875, #200, .T. ) ;
#578 = COLOUR_RGB ( '',0.1098039215686274500, 0.1098039215686274500, 0.1098039215686274500 ) ;
#579 = ADVANCED_FACE ( 'NONE', ( #1077 ), #1048, .F. ) ;
#580 = ADVANCED_FACE ( 'NONE', ( #1044 ), #1121, .T. ) ;
#581 = EDGE_CURVE ( 'NONE', #900, #768, #642, .T. ) ;
#582 = EDGE_CURVE ( 'NONE', #779, #727, #1469, .T. ) ;
#583 = COLOUR_RGB ( '',0.1098039215686274500, 0.1098039215686274500, 0.1098039215686274500 ) ;
#584 = EDGE_CURVE ( 'NONE', #726, #914, #539, .T. ) ;
#585 = ADVANCED_FACE ( 'NONE', ( #1163 ), #1455, .F. ) ;
#586 = ADVANCED_FACE ( 'NONE', ( #1100, #1119 ), #1287, .T. ) ;
#587 = ADVANCED_FACE ( 'NONE', ( #1260 ), #1003, .F. ) ;
#588 = EDGE_CURVE ( 'NONE', #847, #945, #638, .T. ) ;
#589 = ADVANCED_FACE ( 'NONE', ( #1178 ), #1381, .T. ) ;
#590 = COLOUR_RGB ( '',0.7647058823529411200, 0.7647058823529411200, 0.7647058823529411200 ) ;
#591 = ADVANCED_FACE ( 'NONE', ( #1092 ), #1361, .F. ) ;
#592 = EDGE_CURVE ( 'NONE', #875, #829, #1416, .T. ) ;
#593 = CIRCLE ( 'NONE', #1195, 0.04000000000000002200 ) ;
#594 = PRODUCT_DEFINITION ( 'UNKNOWN', '', #1154, #999 ) ;
#595 = EDGE_CURVE ( 'NONE', #854, #877, #661, .T. ) ;
#596 = EDGE_CURVE ( 'NONE', #945, #916, #1333, .T. ) ;
#597 = EDGE_CURVE ( 'NONE', #828, #839, #1326, .T. ) ;
#598 = EDGE_CURVE ( 'NONE', #875, #768, #1312, .T. ) ;
#599 = EDGE_CURVE ( 'NONE', #774, #813, #1391, .T. ) ;
#600 = EDGE_CURVE ( 'NONE', #828, #812, #1286, .T. ) ;
#601 = EDGE_CURVE ( 'NONE', #759, #941, #1390, .T. ) ;
#602 = COLOUR_RGB ( '',0.7647058823529411200, 0.7647058823529411200, 0.7647058823529411200 ) ;
#603 = ADVANCED_FACE ( 'NONE', ( #1032 ), #1337, .F. ) ;
#604 = EDGE_CURVE ( 'NONE', #900, #914, #1447, .T. ) ;
#605 = EDGE_CURVE ( 'NONE', #877, #872, #559, .T. ) ;
#606 = EDGE_CURVE ( 'NONE', #941, #959, #1432, .T. ) ;
#607 = EDGE_CURVE ( 'NONE', #876, #847, #1458, .T. ) ;
#608 = EDGE_CURVE ( 'NONE', #741, #936, #517, .T. ) ;
#609 = COLOUR_RGB ( '',0.1098039215686274500, 0.1098039215686274500, 0.1098039215686274500 ) ;
#610 = EDGE_CURVE ( 'NONE', #848, #987, #1302, .T. ) ;
#611 = COLOUR_RGB ( '',0.1098039215686274500, 0.1098039215686274500, 0.1098039215686274500 ) ;
#612 = ADVANCED_FACE ( 'NONE', ( #1184 ), #1301, .F. ) ;
#613 = EDGE_CURVE ( 'NONE', #741, #951, #1277, .T. ) ;
#614 = EDGE_CURVE ( 'NONE', #732, #845, #568, .T. ) ;
#615 = EDGE_CURVE ( 'NONE', #845, #876, #1380, .T. ) ;
#616 = COLOUR_RGB ( '',0.7647058823529411200, 0.7647058823529411200, 0.7647058823529411200 ) ;
#617 = EDGE_CURVE ( 'NONE', #725, #908, #1365, .T. ) ;
#618 = EDGE_CURVE ( 'NONE', #849, #892, #1307, .T. ) ;
#619 = COLOUR_RGB ( '',0.1098039215686274500, 0.1098039215686274500, 0.1098039215686274500 ) ;
#620 = EDGE_CURVE ( 'NONE', #770, #847, #1394, .T. ) ;
#621 = COLOUR_RGB ( '',0.1098039215686274500, 0.1098039215686274500, 0.1098039215686274500 ) ;
#622 = ADVANCED_FACE ( 'NONE', ( #1128 ), #1388, .F. ) ;
#623 = EDGE_CURVE ( 'NONE', #737, #940, #1443, .T. ) ;
#624 = COLOUR_RGB ( '',0.7647058823529411200, 0.7647058823529411200, 0.7647058823529411200 ) ;
#625 = CIRCLE ( 'NONE', #1180, 0.1600000000000000000 ) ;
#626 = EDGE_CURVE ( 'NONE', #737, #813, #1407, .T. ) ;
#627 = COLOUR_RGB ( '',0.1098039215686274500, 0.1098039215686274500, 0.1098039215686274500 ) ;
#628 = COLOUR_RGB ( '',0.1098039215686274500, 0.1098039215686274500, 0.1098039215686274500 ) ;
#629 = EDGE_CURVE ( 'NONE', #908, #987, #1297, .T. ) ;
#630 = EDGE_CURVE ( 'NONE', #848, #732, #1371, .T. ) ;
#631 = COLOUR_RGB ( '',0.1098039215686274500, 0.1098039215686274500, 0.1098039215686274500 ) ;
#632 = ADVANCED_FACE ( 'NONE', ( #1250 ), #1395, .T. ) ;
#633 = EDGE_CURVE ( 'NONE', #727, #759, #442, .T. ) ;
#634 = EDGE_CURVE ( 'NONE', #959, #819, #300, .T. ) ;
#635 = COLOUR_RGB ( '',0.1098039215686274500, 0.1098039215686274500, 0.1098039215686274500 ) ;
#636 = COLOUR_RGB ( '',0.1098039215686274500, 0.1098039215686274500, 0.1098039215686274500 ) ;
#637 = EDGE_CURVE ( 'NONE', #819, #706, #312, .T. ) ;
#638 = CIRCLE ( 'NONE', #1031, 0.03999999999999999400 ) ;
#639 = COLOUR_RGB ( '',0.0000000000000000000, 0.0000000000000000000, 0.0000000000000000000 ) ;
#640 = EDGE_CURVE ( 'NONE', #940, #828, #293, .T. ) ;
#641 = ADVANCED_FACE ( 'NONE', ( #1202 ), #299, .T. ) ;
#642 = CIRCLE ( 'NONE', #1149, 0.1599999999999999800 ) ;
#643 = EDGE_CURVE ( 'NONE', #813, #946, #305, .T. ) ;
#644 = COLOUR_RGB ( '',0.7647058823529411200, 0.7647058823529411200, 0.7647058823529411200 ) ;
#645 = EDGE_CURVE ( 'NONE', #706, #941, #306, .T. ) ;
#646 = EDGE_CURVE ( 'NONE', #839, #751, #368, .T. ) ;
#647 = EDGE_CURVE ( 'NONE', #812, #727, #365, .T. ) ;
#648 = COLOUR_RGB ( '',0.7647058823529411200, 0.7647058823529411200, 0.7647058823529411200 ) ;
#649 = ADVANCED_FACE ( 'NONE', ( #1223 ), #308, .T. ) ;
#650 = PRODUCT_RELATED_PRODUCT_CATEGORY ( 'part', '', ( #470 ) ) ;
#651 = COLOUR_RGB ( '',0.1098039215686274500, 0.1098039215686274500, 0.1098039215686274500 ) ;
#652 = COLOUR_RGB ( '',0.7647058823529411200, 0.7647058823529411200, 0.7647058823529411200 ) ;
#653 = EDGE_CURVE ( 'NONE', #951, #827, #593, .T. ) ;
#654 = EDGE_CURVE ( 'NONE', #892, #916, #345, .T. ) ;
#655 = ADVANCED_FACE ( 'NONE', ( #1246 ), #347, .F. ) ;
#656 = EDGE_CURVE ( 'NONE', #751, #813, #383, .T. ) ;
#657 = EDGE_CURVE ( 'NONE', #849, #945, #379, .T. ) ;
#658 = EDGE_CURVE ( 'NONE', #779, #774, #335, .T. ) ;
#659 = COLOUR_RGB ( '',0.7647058823529411200, 0.7647058823529411200, 0.7647058823529411200 ) ;
#660 = CIRCLE ( 'NONE', #1249, 0.1999999999999994300 ) ;
#661 = CIRCLE ( 'NONE', #1153, 0.6604999999999999800 ) ;
#662 = UNCERTAINTY_MEASURE_WITH_UNIT (LENGTH_MEASURE( 1.000000000000000100E-005 ), #805, 'distance_accuracy_value', 'NONE');
#663 = UNCERTAINTY_MEASURE_WITH_UNIT (LENGTH_MEASURE( 1.000000000000000100E-005 ), #221, 'distance_accuracy_value', 'NONE');
#664 = UNCERTAINTY_MEASURE_WITH_UNIT (LENGTH_MEASURE( 1.000000000000000100E-005 ), #158, 'distance_accuracy_value', 'NONE');
#665 = UNCERTAINTY_MEASURE_WITH_UNIT (LENGTH_MEASURE( 1.000000000000000100E-005 ), #116, 'distance_accuracy_value', 'NONE');
#666 = UNCERTAINTY_MEASURE_WITH_UNIT (LENGTH_MEASURE( 1.000000000000000100E-005 ), #91, 'distance_accuracy_value', 'NONE');
#667 = UNCERTAINTY_MEASURE_WITH_UNIT (LENGTH_MEASURE( 1.000000000000000100E-005 ), #130, 'distance_accuracy_value', 'NONE');
#668 = UNCERTAINTY_MEASURE_WITH_UNIT (LENGTH_MEASURE( 1.000000000000000100E-005 ), #1363, 'distance_accuracy_value', 'NONE');
#669 = UNCERTAINTY_MEASURE_WITH_UNIT (LENGTH_MEASURE( 1.000000000000000100E-005 ), #136, 'distance_accuracy_value', 'NONE');
#670 = UNCERTAINTY_MEASURE_WITH_UNIT (LENGTH_MEASURE( 1.000000000000000100E-005 ), #48, 'distance_accuracy_value', 'NONE');
#671 = UNCERTAINTY_MEASURE_WITH_UNIT (LENGTH_MEASURE( 1.000000000000000100E-005 ), #846, 'distance_accuracy_value', 'NONE');
#672 = UNCERTAINTY_MEASURE_WITH_UNIT (LENGTH_MEASURE( 1.000000000000000100E-005 ), #137, 'distance_accuracy_value', 'NONE');
#673 = UNCERTAINTY_MEASURE_WITH_UNIT (LENGTH_MEASURE( 1.000000000000000100E-005 ), #13, 'distance_accuracy_value', 'NONE');
#674 = UNCERTAINTY_MEASURE_WITH_UNIT (LENGTH_MEASURE( 1.000000000000000100E-005 ), #190, 'distance_accuracy_value', 'NONE');
#675 = UNCERTAINTY_MEASURE_WITH_UNIT (LENGTH_MEASURE( 1.000000000000000100E-005 ), #188, 'distance_accuracy_value', 'NONE');
#676 = UNCERTAINTY_MEASURE_WITH_UNIT (LENGTH_MEASURE( 1.000000000000000100E-005 ), #1290, 'distance_accuracy_value', 'NONE');
#677 = UNCERTAINTY_MEASURE_WITH_UNIT (LENGTH_MEASURE( 1.000000000000000100E-005 ), #211, 'distance_accuracy_value', 'NONE');
#678 = UNCERTAINTY_MEASURE_WITH_UNIT (LENGTH_MEASURE( 1.000000000000000100E-005 ), #131, 'distance_accuracy_value', 'NONE');
#679 = UNCERTAINTY_MEASURE_WITH_UNIT (LENGTH_MEASURE( 1.000000000000000100E-005 ), #126, 'distance_accuracy_value', 'NONE');
#680 = UNCERTAINTY_MEASURE_WITH_UNIT (LENGTH_MEASURE( 1.000000000000000100E-005 ), #1296, 'distance_accuracy_value', 'NONE');
#681 = UNCERTAINTY_MEASURE_WITH_UNIT (LENGTH_MEASURE( 1.000000000000000100E-005 ), #1288, 'distance_accuracy_value', 'NONE');
#682 = UNCERTAINTY_MEASURE_WITH_UNIT (LENGTH_MEASURE( 1.000000000000000100E-005 ), #1364, 'distance_accuracy_value', 'NONE');
#683 = UNCERTAINTY_MEASURE_WITH_UNIT (LENGTH_MEASURE( 1.000000000000000100E-005 ), #337, 'distance_accuracy_value', 'NONE');
#684 = UNCERTAINTY_MEASURE_WITH_UNIT (LENGTH_MEASURE( 1.000000000000000100E-005 ), #1415, 'distance_accuracy_value', 'NONE');
#685 = UNCERTAINTY_MEASURE_WITH_UNIT (LENGTH_MEASURE( 1.000000000000000100E-005 ), #315, 'distance_accuracy_value', 'NONE');
#686 = UNCERTAINTY_MEASURE_WITH_UNIT (LENGTH_MEASURE( 1.000000000000000100E-005 ), #377, 'distance_accuracy_value', 'NONE');
#687 = UNCERTAINTY_MEASURE_WITH_UNIT (LENGTH_MEASURE( 1.000000000000000100E-005 ), #452, 'distance_accuracy_value', 'NONE');
#688 = UNCERTAINTY_MEASURE_WITH_UNIT (LENGTH_MEASURE( 1.000000000000000100E-005 ), #1335, 'distance_accuracy_value', 'NONE');
#689 = UNCERTAINTY_MEASURE_WITH_UNIT (LENGTH_MEASURE( 1.000000000000000100E-005 ), #464, 'distance_accuracy_value', 'NONE');
#690 = UNCERTAINTY_MEASURE_WITH_UNIT (LENGTH_MEASURE( 1.000000000000000100E-005 ), #455, 'distance_accuracy_value', 'NONE');
#691 = UNCERTAINTY_MEASURE_WITH_UNIT (LENGTH_MEASURE( 1.000000000000000100E-005 ), #356, 'distance_accuracy_value', 'NONE');
#692 = UNCERTAINTY_MEASURE_WITH_UNIT (LENGTH_MEASURE( 1.000000000000000100E-005 ), #244, 'distance_accuracy_value', 'NONE');
#693 = ADVANCED_BREP_SHAPE_REPRESENTATION ( '', ( #1005, #1029 ), #481 ) ;
#694 = UNCERTAINTY_MEASURE_WITH_UNIT (LENGTH_MEASURE( 1.000000000000000100E-005 ), #391, 'distance_accuracy_value', 'NONE');
#695 = UNCERTAINTY_MEASURE_WITH_UNIT (LENGTH_MEASURE( 1.000000000000000100E-005 ), #785, 'distance_accuracy_value', 'NONE');
#696 = UNCERTAINTY_MEASURE_WITH_UNIT (LENGTH_MEASURE( 1.000000000000000100E-005 ), #1409, 'distance_accuracy_value', 'NONE');
#697 = UNCERTAINTY_MEASURE_WITH_UNIT (LENGTH_MEASURE( 1.000000000000000100E-005 ), #417, 'distance_accuracy_value', 'NONE');
#698 = UNCERTAINTY_MEASURE_WITH_UNIT (LENGTH_MEASURE( 1.000000000000000100E-005 ), #320, 'distance_accuracy_value', 'NONE');
#699 = UNCERTAINTY_MEASURE_WITH_UNIT (LENGTH_MEASURE( 1.000000000000000100E-005 ), #880, 'distance_accuracy_value', 'NONE');
#700 = ADVANCED_BREP_SHAPE_REPRESENTATION ( '', ( #1006, #1029 ), #486 ) ;
#701 = DIRECTION ( 'NONE',  ( -0.0000000000000000000, 1.000000000000000000, 0.0000000000000000000 ) ) ;
#702 = ORIENTED_EDGE ( 'NONE', *, *, #575, .F. ) ;
#703 = CARTESIAN_POINT ( 'NONE',  ( -1.500000000000000000, -0.8750000000000001100, -0.8000000000000000400 ) ) ;
#704 =( NAMED_UNIT ( * ) PLANE_ANGLE_UNIT ( ) SI_UNIT ( $, .RADIAN. ) );
#705 = DIRECTION ( 'NONE',  ( -0.1710878697460327400, -0.1710878697460329900, -0.9702875252478149200 ) ) ;
#706 = VERTEX_POINT ( 'NONE', #329 ) ;
#707 =( NAMED_UNIT ( * ) SI_UNIT ( $, .STERADIAN. ) SOLID_ANGLE_UNIT ( ) );
#708 = ORIENTED_EDGE ( 'NONE', *, *, #637, .F. ) ;
#709 = DIRECTION ( 'NONE',  ( 1.000000000000000000, 0.0000000000000000000, 0.0000000000000000000 ) ) ;
#710 = ORIENTED_EDGE ( 'NONE', *, *, #657, .T. ) ;
#711 = ORIENTED_EDGE ( 'NONE', *, *, #532, .F. ) ;
#712 = EDGE_LOOP ( 'NONE', ( #719, #898, #886, #905 ) ) ;
#713 = ORIENTED_EDGE ( 'NONE', *, *, #633, .T. ) ;
#714 = EDGE_LOOP ( 'NONE', ( #874, #968, #744, #807 ) ) ;
#715 = ORIENTED_EDGE ( 'NONE', *, *, #600, .T. ) ;
#716 = CARTESIAN_POINT ( 'NONE',  ( -1.422416128488275300, -0.7974161284882752600, 0.5000000000000000000 ) ) ;
#717 = EDGE_LOOP ( 'NONE', ( #702, #729, #981 ) ) ;
#718 = ORIENTED_EDGE ( 'NONE', *, *, #577, .T. ) ;
#719 = ORIENTED_EDGE ( 'NONE', *, *, #643, .T. ) ;
#720 = EDGE_LOOP ( 'NONE', ( #917, #820, #747, #930 ) ) ;
#721 = ORIENTED_EDGE ( 'NONE', *, *, #598, .F. ) ;
#722 = EDGE_LOOP ( 'NONE', ( #843, #850, #750, #934 ) ) ;
#723 = ORIENTED_EDGE ( 'NONE', *, *, #595, .F. ) ;
#724 = ORIENTED_EDGE ( 'NONE', *, *, #605, .F. ) ;
#725 = VERTEX_POINT ( 'NONE', #380 ) ;
#726 = VERTEX_POINT ( 'NONE', #332 ) ;
#727 = VERTEX_POINT ( 'NONE', #326 ) ;
#728 = CARTESIAN_POINT ( 'NONE',  ( 1.299999999999999600, 0.4749999999999998700, 0.4999999999999998900 ) ) ;
#729 = ORIENTED_EDGE ( 'NONE', *, *, #595, .T. ) ;
#730 = CARTESIAN_POINT ( 'NONE',  ( 1.100000000000000100, 0.4749999999999999200, 0.4700077547032190400 ) ) ;
#731 = ORIENTED_EDGE ( 'NONE', *, *, #563, .T. ) ;
#732 = VERTEX_POINT ( 'NONE', #333 ) ;
#733 = SURFACE_STYLE_FILL_AREA ( #775 ) ;
#734 = ORIENTED_EDGE ( 'NONE', *, *, #530, .T. ) ;
#735 = ORIENTED_EDGE ( 'NONE', *, *, #601, .T. ) ;
#736 = FILL_AREA_STYLE ('',( #769 ) ) ;
#737 = VERTEX_POINT ( 'NONE', #330 ) ;
#738 = FILL_AREA_STYLE_COLOUR ( '', #624 ) ;
#739 = ORIENTED_EDGE ( 'NONE', *, *, #530, .F. ) ;
#740 = ORIENTED_EDGE ( 'NONE', *, *, #613, .F. ) ;
#741 = VERTEX_POINT ( 'NONE', #387 ) ;
#742 = ORIENTED_EDGE ( 'NONE', *, *, #574, .T. ) ;
#743 = EDGE_LOOP ( 'NONE', ( #834, #922, #708, #739 ) ) ;
#744 = ORIENTED_EDGE ( 'NONE', *, *, #615, .T. ) ;
#745 =( NAMED_UNIT ( * ) SI_UNIT ( $, .STERADIAN. ) SOLID_ANGLE_UNIT ( ) );
#746 = ORIENTED_EDGE ( 'NONE', *, *, #629, .T. ) ;
#747 = ORIENTED_EDGE ( 'NONE', *, *, #634, .T. ) ;
#748 = EDGE_LOOP ( 'NONE', ( #783, #953, #749, #763, #833, #777, #811, #804, #931, #784, #861, #969 ) ) ;
#749 = ORIENTED_EDGE ( 'NONE', *, *, #584, .F. ) ;
#750 = ORIENTED_EDGE ( 'NONE', *, *, #618, .T. ) ;
#751 = VERTEX_POINT ( 'NONE', #334 ) ;
#752 = ORIENTED_EDGE ( 'NONE', *, *, #640, .F. ) ;
#753 =( NAMED_UNIT ( * ) PLANE_ANGLE_UNIT ( ) SI_UNIT ( $, .RADIAN. ) );
#754 = ORIENTED_EDGE ( 'NONE', *, *, #646, .T. ) ;
#755 = ORIENTED_EDGE ( 'NONE', *, *, #620, .F. ) ;
#756 = CARTESIAN_POINT ( 'NONE',  ( 1.032054708478016100, 0.4749999999999998700, 0.4696785057763180900 ) ) ;
#757 = ORIENTED_EDGE ( 'NONE', *, *, #597, .T. ) ;
#758 = CARTESIAN_POINT ( 'NONE',  ( 1.100000000000000100, 0.4749999999999999200, 0.4700077547032190400 ) ) ;
#759 = VERTEX_POINT ( 'NONE', #375 ) ;
#760 = EDGE_LOOP ( 'NONE', ( #883, #879, #937, #746, #795, #792, #884, #895, #983, #718, #816, #863 ) ) ;
#761 = EDGE_LOOP ( 'NONE', ( #821, #985, #852, #793 ) ) ;
#762 = ORIENTED_EDGE ( 'NONE', *, *, #643, .F. ) ;
#763 = ORIENTED_EDGE ( 'NONE', *, *, #565, .F. ) ;
#764 = CARTESIAN_POINT ( 'NONE',  ( 0.9648599686213758000, 0.7452800627572485600, 0.4797551113784867500 ) ) ;
#765 = EDGE_LOOP ( 'NONE', ( #957, #955, #752, #963 ) ) ;
#766 = ORIENTED_EDGE ( 'NONE', *, *, #521, .T. ) ;
#767 = ORIENTED_EDGE ( 'NONE', *, *, #592, .F. ) ;
#768 = VERTEX_POINT ( 'NONE', #413 ) ;
#769 = FILL_AREA_STYLE_COLOUR ( '', #564 ) ;
#770 = VERTEX_POINT ( 'NONE', #410 ) ;
#771 = CARTESIAN_POINT ( 'NONE',  ( 1.167945291521983900, 0.4749999999999998700, 0.4696785057763180900 ) ) ;
#772 = CARTESIAN_POINT ( 'NONE',  ( 1.422416128488275300, 0.7974161284882758100, 0.5000000000000000000 ) ) ;
#773 = ORIENTED_EDGE ( 'NONE', *, *, #653, .F. ) ;
#774 = VERTEX_POINT ( 'NONE', #412 ) ;
#775 = FILL_AREA_STYLE ('',( #738 ) ) ;
#776 = CARTESIAN_POINT ( 'NONE',  ( 1.100000000000000100, 0.4749999999999998700, 0.4700077547032190400 ) ) ;
#777 = ORIENTED_EDGE ( 'NONE', *, *, #618, .F. ) ;
#778 = PRESENTATION_STYLE_ASSIGNMENT (( #781 ) ) ;
#779 = VERTEX_POINT ( 'NONE', #398 ) ;
#780 = ORIENTED_EDGE ( 'NONE', *, *, #584, .T. ) ;
#781 = SURFACE_STYLE_USAGE ( .BOTH. , #803 ) ;
#782 = ORIENTED_EDGE ( 'NONE', *, *, #551, .T. ) ;
#783 = ORIENTED_EDGE ( 'NONE', *, *, #608, .F. ) ;
#784 = ORIENTED_EDGE ( 'NONE', *, *, #630, .F. ) ;
#785 =( LENGTH_UNIT ( ) NAMED_UNIT ( * ) SI_UNIT ( .MILLI., .METRE. ) );
#786 = CARTESIAN_POINT ( 'NONE',  ( 0.9648599686213758000, 0.4749999999999998700, 0.4797551113784868600 ) ) ;
#787 = ORIENTED_EDGE ( 'NONE', *, *, #604, .F. ) ;
#788 = ORIENTED_EDGE ( 'NONE', *, *, #558, .T. ) ;
#789 = EDGE_LOOP ( 'NONE', ( #798, #814, #901, #735 ) ) ;
#790 = ORIENTED_EDGE ( 'NONE', *, *, #654, .F. ) ;
#791 = ORIENTED_EDGE ( 'NONE', *, *, #656, .T. ) ;
#792 = ORIENTED_EDGE ( 'NONE', *, *, #516, .T. ) ;
#793 = ORIENTED_EDGE ( 'NONE', *, *, #529, .F. ) ;
#794 = ORIENTED_EDGE ( 'NONE', *, *, #535, .F. ) ;
#795 = ORIENTED_EDGE ( 'NONE', *, *, #560, .T. ) ;
#796 = ORIENTED_EDGE ( 'NONE', *, *, #557, .T. ) ;
#797 = CARTESIAN_POINT ( 'NONE',  ( 1.235140031378624300, 0.7452800627572487800, 0.4797551113784867500 ) ) ;
#798 = ORIENTED_EDGE ( 'NONE', *, *, #645, .F. ) ;
#799 = ORIENTED_EDGE ( 'NONE', *, *, #588, .F. ) ;
#800 = EDGE_LOOP ( 'NONE', ( #871, #878, #801, #902 ) ) ;
#801 = ORIENTED_EDGE ( 'NONE', *, *, #606, .F. ) ;
#802 = ORIENTED_EDGE ( 'NONE', *, *, #608, .T. ) ;
#803 = SURFACE_SIDE_STYLE ('',( #733 ) ) ;
#804 = ORIENTED_EDGE ( 'NONE', *, *, #541, .F. ) ;
#805 =( LENGTH_UNIT ( ) NAMED_UNIT ( * ) SI_UNIT ( .MILLI., .METRE. ) );
#806 = EDGE_LOOP ( 'NONE', ( #958, #831, #864, #885 ) ) ;
#807 = ORIENTED_EDGE ( 'NONE', *, *, #516, .F. ) ;
#808 = EDGE_LOOP ( 'NONE', ( #964, #780, #787, #853 ) ) ;
#809 = EDGE_LOOP ( 'NONE', ( #980, #782, #762, #984 ) ) ;
#810 = EDGE_LOOP ( 'NONE', ( #919, #713, #731, #766 ) ) ;
#811 = ORIENTED_EDGE ( 'NONE', *, *, #515, .F. ) ;
#812 = VERTEX_POINT ( 'NONE', #400 ) ;
#813 = VERTEX_POINT ( 'NONE', #429 ) ;
#814 = ORIENTED_EDGE ( 'NONE', *, *, #519, .T. ) ;
#815 = CARTESIAN_POINT ( 'NONE',  ( -0.2000000000000005100, -0.09999999999999999200, 0.0000000000000000000 ) ) ;
#816 = ORIENTED_EDGE ( 'NONE', *, *, #598, .T. ) ;
#817 = DIRECTION ( 'NONE',  ( 0.0000000000000000000, 0.0000000000000000000, -1.000000000000000000 ) ) ;
#818 = ORIENTED_EDGE ( 'NONE', *, *, #617, .F. ) ;
#819 = VERTEX_POINT ( 'NONE', #403 ) ;
#820 = ORIENTED_EDGE ( 'NONE', *, *, #606, .T. ) ;
#821 = ORIENTED_EDGE ( 'NONE', *, *, #560, .F. ) ;
#822 = FILL_AREA_STYLE ('',( #973 ) ) ;
#823 = DIRECTION ( 'NONE',  ( 0.0000000000000000000, 0.0000000000000000000, -1.000000000000000000 ) ) ;
#824 = DIRECTION ( 'NONE',  ( -1.000000000000000000, -0.0000000000000000000, -0.0000000000000000000 ) ) ;
#825 = CARTESIAN_POINT ( 'NONE',  ( 1.235140031378624700, 0.4749999999999998700, 0.4797551113784868600 ) ) ;
#826 = CARTESIAN_POINT ( 'NONE',  ( -0.2000000000000005100, -0.7999999999999998200, 0.4249999999999999300 ) ) ;
#827 = VERTEX_POINT ( 'NONE', #402 ) ;
#828 = VERTEX_POINT ( 'NONE', #404 ) ;
#829 = VERTEX_POINT ( 'NONE', #406 ) ;
#830 = ORIENTED_EDGE ( 'NONE', *, *, #561, .T. ) ;
#831 = ORIENTED_EDGE ( 'NONE', *, *, #582, .T. ) ;
#832 = DIRECTION ( 'NONE',  ( 1.000000000000000000, 0.0000000000000000000, 0.0000000000000000000 ) ) ;
#833 = ORIENTED_EDGE ( 'NONE', *, *, #533, .F. ) ;
#834 = ORIENTED_EDGE ( 'NONE', *, *, #523, .F. ) ;
#835 = DIRECTION ( 'NONE',  ( 1.000000000000000000, 0.0000000000000000000, 0.0000000000000000000 ) ) ;
#836 = CARTESIAN_POINT ( 'NONE',  ( -0.2000000000000005100, 0.06000000000000001900, 0.09999999999999999200 ) ) ;
#837 = ORIENTED_EDGE ( 'NONE', *, *, #604, .T. ) ;
#838 = DIRECTION ( 'NONE',  ( -1.000000000000000000, -0.0000000000000000000, -0.0000000000000000000 ) ) ;
#839 = VERTEX_POINT ( 'NONE', #407 ) ;
#840 =( NAMED_UNIT ( * ) PLANE_ANGLE_UNIT ( ) SI_UNIT ( $, .RADIAN. ) );
#841 = ORIENTED_EDGE ( 'NONE', *, *, #629, .F. ) ;
#842 = CARTESIAN_POINT ( 'NONE',  ( 0.1999999999999999800, -0.09999999999999999200, 0.1000000000000000100 ) ) ;
#843 = ORIENTED_EDGE ( 'NONE', *, *, #596, .F. ) ;
#844 = ORIENTED_EDGE ( 'NONE', *, *, #615, .F. ) ;
#845 = VERTEX_POINT ( 'NONE', #397 ) ;
#846 =( LENGTH_UNIT ( ) NAMED_UNIT ( * ) SI_UNIT ( .MILLI., .METRE. ) );
#847 = VERTEX_POINT ( 'NONE', #399 ) ;
#848 = VERTEX_POINT ( 'NONE', #409 ) ;
#849 = VERTEX_POINT ( 'NONE', #401 ) ;
#850 = ORIENTED_EDGE ( 'NONE', *, *, #657, .F. ) ;
#851 = CARTESIAN_POINT ( 'NONE',  ( -0.2000000000000005100, 0.06000000000000000500, 0.0000000000000000000 ) ) ;
#852 = ORIENTED_EDGE ( 'NONE', *, *, #630, .T. ) ;
#853 = ORIENTED_EDGE ( 'NONE', *, *, #581, .T. ) ;
#854 = VERTEX_POINT ( 'NONE', #405 ) ;
#855 = SURFACE_STYLE_USAGE ( .BOTH. , #857 ) ;
#856 = PLANE ( 'NONE',  #1132 ) ;
#857 = SURFACE_SIDE_STYLE ('',( #972 ) ) ;
#858 = ORIENTED_EDGE ( 'NONE', *, *, #620, .T. ) ;
#859 = ORIENTED_EDGE ( 'NONE', *, *, #626, .T. ) ;
#860 = DIRECTION ( 'NONE',  ( -0.0000000000000000000, 0.0000000000000000000, 1.000000000000000000 ) ) ;
#861 = ORIENTED_EDGE ( 'NONE', *, *, #514, .F. ) ;
#862 = CARTESIAN_POINT ( 'NONE',  ( 0.9000000000000005800, 0.4749999999999998700, 0.4999999999999998900 ) ) ;
#863 = ORIENTED_EDGE ( 'NONE', *, *, #581, .F. ) ;
#864 = ORIENTED_EDGE ( 'NONE', *, *, #647, .F. ) ;
#865 = PRESENTATION_STYLE_ASSIGNMENT (( #870 ) ) ;
#866 = ORIENTED_EDGE ( 'NONE', *, *, #623, .F. ) ;
#867 = EDGE_LOOP ( 'NONE', ( #910, #830, #921, #794 ) ) ;
#868 = ORIENTED_EDGE ( 'NONE', *, *, #565, .T. ) ;
#869 = ORIENTED_EDGE ( 'NONE', *, *, #613, .T. ) ;
#870 = SURFACE_STYLE_USAGE ( .BOTH. , #918 ) ;
#871 = ORIENTED_EDGE ( 'NONE', *, *, #633, .F. ) ;
#872 = VERTEX_POINT ( 'NONE', #408 ) ;
#873 = ORIENTED_EDGE ( 'NONE', *, *, #623, .T. ) ;
#874 = ORIENTED_EDGE ( 'NONE', *, *, #529, .T. ) ;
#875 = VERTEX_POINT ( 'NONE', #411 ) ;
#876 = VERTEX_POINT ( 'NONE', #414 ) ;
#877 = VERTEX_POINT ( 'NONE', #419 ) ;
#878 = ORIENTED_EDGE ( 'NONE', *, *, #525, .F. ) ;
#879 = ORIENTED_EDGE ( 'NONE', *, *, #653, .T. ) ;
#880 =( LENGTH_UNIT ( ) NAMED_UNIT ( * ) SI_UNIT ( .MILLI., .METRE. ) );
#881 = EDGE_LOOP ( 'NONE', ( #837, #935, #869, #788 ) ) ;
#882 = EDGE_LOOP ( 'NONE', ( #715, #949, #873, #966 ) ) ;
#883 = ORIENTED_EDGE ( 'NONE', *, *, #558, .F. ) ;
#884 = ORIENTED_EDGE ( 'NONE', *, *, #607, .T. ) ;
#885 = ORIENTED_EDGE ( 'NONE', *, *, #574, .F. ) ;
#886 = ORIENTED_EDGE ( 'NONE', *, *, #658, .T. ) ;
#887 = DIRECTION ( 'NONE',  ( -0.0000000000000000000, -1.000000000000000000, -0.0000000000000000000 ) ) ;
#888 = CARTESIAN_POINT ( 'NONE',  ( 1.500000000000000000, -0.8750000000000001100, 0.05999999999999137300 ) ) ;
#889 = LINE ( 'NONE', #890, #1266 ) ;
#890 = CARTESIAN_POINT ( 'NONE',  ( -1.500000000000000000, 0.8749999999999998900, -0.05999999999997554500 ) ) ;
#891 = ORIENTED_EDGE ( 'NONE', *, *, #515, .T. ) ;
#892 = VERTEX_POINT ( 'NONE', #420 ) ;
#893 = LINE ( 'NONE', #836, #1067 ) ;
#894 = PRESENTATION_STYLE_ASSIGNMENT (( #855 ) ) ;
#895 = ORIENTED_EDGE ( 'NONE', *, *, #588, .T. ) ;
#896 = ORIENTED_EDGE ( 'NONE', *, *, #610, .T. ) ;
#897 = ORIENTED_EDGE ( 'NONE', *, *, #531, .T. ) ;
#898 = ORIENTED_EDGE ( 'NONE', *, *, #523, .T. ) ;
#899 = DIRECTION ( 'NONE',  ( -0.0000000000000000000, 0.0000000000000000000, 1.000000000000000000 ) ) ;
#900 = VERTEX_POINT ( 'NONE', #421 ) ;
#901 = ORIENTED_EDGE ( 'NONE', *, *, #551, .F. ) ;
#902 = ORIENTED_EDGE ( 'NONE', *, *, #601, .F. ) ;
#903 = LINE ( 'NONE', #772, #1264 ) ;
#904 = LINE ( 'NONE', #888, #1233 ) ;
#905 = ORIENTED_EDGE ( 'NONE', *, *, #599, .T. ) ;
#906 = EDGE_LOOP ( 'NONE', ( #933, #868, #711, #721 ) ) ;
#907 = ORIENTED_EDGE ( 'NONE', *, *, #525, .T. ) ;
#908 = VERTEX_POINT ( 'NONE', #423 ) ;
#909 = ORIENTED_EDGE ( 'NONE', *, *, #599, .F. ) ;
#910 = ORIENTED_EDGE ( 'NONE', *, *, #534, .T. ) ;
#911 = SURFACE_SIDE_STYLE ('',( #942 ) ) ;
#912 = DIRECTION ( 'NONE',  ( -0.0000000000000000000, -1.000000000000000000, 0.0000000000000000000 ) ) ;
#913 = ORIENTED_EDGE ( 'NONE', *, *, #514, .T. ) ;
#914 = VERTEX_POINT ( 'NONE', #422 ) ;
#915 = DIRECTION ( 'NONE',  ( 0.1710878697460326800, 0.1710878697460331600, -0.9702875252478148100 ) ) ;
#916 = VERTEX_POINT ( 'NONE', #424 ) ;
#917 = ORIENTED_EDGE ( 'NONE', *, *, #645, .T. ) ;
#918 = SURFACE_SIDE_STYLE ('',( #992 ) ) ;
#919 = ORIENTED_EDGE ( 'NONE', *, *, #647, .T. ) ;
#920 = CARTESIAN_POINT ( 'NONE',  ( 0.9000000000000006900, 0.8749999999999987800, 0.4999999999999999400 ) ) ;
#921 = ORIENTED_EDGE ( 'NONE', *, *, #617, .T. ) ;
#922 = ORIENTED_EDGE ( 'NONE', *, *, #519, .F. ) ;
#923 = CARTESIAN_POINT ( 'NONE',  ( 1.032054708478016300, 0.6108905830439675900, 0.4696785057763181400 ) ) ;
#924 = CARTESIAN_POINT ( 'NONE',  ( 1.100000000000000100, 0.4749999999999998700, 0.4700077547032190400 ) ) ;
#925 = ORIENTED_EDGE ( 'NONE', *, *, #607, .F. ) ;
#926 = ORIENTED_EDGE ( 'NONE', *, *, #634, .F. ) ;
#927 = LINE ( 'NONE', #716, #1055 ) ;
#928 = EDGE_LOOP ( 'NONE', ( #773, #740, #802, #971 ) ) ;
#929 = EDGE_LOOP ( 'NONE', ( #791, #909, #897, #754 ) ) ;
#930 = ORIENTED_EDGE ( 'NONE', *, *, #637, .T. ) ;
#931 = ORIENTED_EDGE ( 'NONE', *, *, #614, .F. ) ;
#932 = ORIENTED_EDGE ( 'NONE', *, *, #541, .T. ) ;
#933 = ORIENTED_EDGE ( 'NONE', *, *, #592, .T. ) ;
#934 = ORIENTED_EDGE ( 'NONE', *, *, #654, .T. ) ;
#935 = ORIENTED_EDGE ( 'NONE', *, *, #573, .T. ) ;
#936 = VERTEX_POINT ( 'NONE', #425 ) ;
#937 = ORIENTED_EDGE ( 'NONE', *, *, #535, .T. ) ;
#938 = ORIENTED_EDGE ( 'NONE', *, *, #575, .T. ) ;
#939 = ORIENTED_EDGE ( 'NONE', *, *, #605, .T. ) ;
#940 = VERTEX_POINT ( 'NONE', #426 ) ;
#941 = VERTEX_POINT ( 'NONE', #427 ) ;
#942 = SURFACE_STYLE_FILL_AREA ( #736 ) ;
#943 = EDGE_LOOP ( 'NONE', ( #939, #944 ) ) ;
#944 = ORIENTED_EDGE ( 'NONE', *, *, #552, .T. ) ;
#945 = VERTEX_POINT ( 'NONE', #428 ) ;
#946 = VERTEX_POINT ( 'NONE', #431 ) ;
#947 = PLANE ( 'NONE',  #1037 ) ;
#948 = ORIENTED_EDGE ( 'NONE', *, *, #582, .F. ) ;
#949 = ORIENTED_EDGE ( 'NONE', *, *, #521, .F. ) ;
#950 = EDGE_LOOP ( 'NONE', ( #723, #938, #724 ) ) ;
#951 = VERTEX_POINT ( 'NONE', #430 ) ;
#952 =( NAMED_UNIT ( * ) PLANE_ANGLE_UNIT ( ) SI_UNIT ( $, .RADIAN. ) );
#953 = ORIENTED_EDGE ( 'NONE', *, *, #573, .F. ) ;
#954 = ORIENTED_EDGE ( 'NONE', *, *, #531, .F. ) ;
#955 = ORIENTED_EDGE ( 'NONE', *, *, #597, .F. ) ;
#956 = EDGE_LOOP ( 'NONE', ( #948, #734, #926, #907 ) ) ;
#957 = ORIENTED_EDGE ( 'NONE', *, *, #646, .F. ) ;
#958 = ORIENTED_EDGE ( 'NONE', *, *, #658, .F. ) ;
#959 = VERTEX_POINT ( 'NONE', #432 ) ;
#960 = EDGE_LOOP ( 'NONE', ( #799, #755, #891, #710 ) ) ;
#961 = EDGE_LOOP ( 'NONE', ( #954, #742, #986, #757 ) ) ;
#962 = CARTESIAN_POINT ( 'NONE',  ( 1.167945291521983900, 0.6108905830439675900, 0.4696785057763181400 ) ) ;
#963 = ORIENTED_EDGE ( 'NONE', *, *, #557, .F. ) ;
#964 = ORIENTED_EDGE ( 'NONE', *, *, #532, .T. ) ;
#965 = EDGE_LOOP ( 'NONE', ( #925, #844, #932, #858 ) ) ;
#966 = ORIENTED_EDGE ( 'NONE', *, *, #640, .T. ) ;
#967 = DIRECTION ( 'NONE',  ( 0.0000000000000000000, 0.0000000000000000000, -1.000000000000000000 ) ) ;
#968 = ORIENTED_EDGE ( 'NONE', *, *, #614, .T. ) ;
#969 = ORIENTED_EDGE ( 'NONE', *, *, #561, .F. ) ;
#970 = FILL_AREA_STYLE ('',( #996 ) ) ;
#971 = ORIENTED_EDGE ( 'NONE', *, *, #534, .F. ) ;
#972 = SURFACE_STYLE_FILL_AREA ( #970 ) ;
#973 = FILL_AREA_STYLE_COLOUR ( '', #569 ) ;
#974 = EDGE_LOOP ( 'NONE', ( #977, #790, #988, #767 ) ) ;
#975 = CARTESIAN_POINT ( 'NONE',  ( 1.299999999999999400, 0.8749999999999987800, 0.4999999999999999400 ) ) ;
#976 = LINE ( 'NONE', #815, #1229 ) ;
#977 = ORIENTED_EDGE ( 'NONE', *, *, #577, .F. ) ;
#978 = CARTESIAN_POINT ( 'NONE',  ( -0.2000000000000005100, -0.09999999999999999200, 0.1000000000000000100 ) ) ;
#979 = ORIENTED_EDGE ( 'NONE', *, *, #656, .F. ) ;
#980 = ORIENTED_EDGE ( 'NONE', *, *, #563, .F. ) ;
#981 = ORIENTED_EDGE ( 'NONE', *, *, #552, .F. ) ;
#982 =( NAMED_UNIT ( * ) SI_UNIT ( $, .STERADIAN. ) SOLID_ANGLE_UNIT ( ) );
#983 = ORIENTED_EDGE ( 'NONE', *, *, #596, .T. ) ;
#984 = ORIENTED_EDGE ( 'NONE', *, *, #626, .F. ) ;
#985 = ORIENTED_EDGE ( 'NONE', *, *, #610, .F. ) ;
#986 = ORIENTED_EDGE ( 'NONE', *, *, #600, .F. ) ;
#987 = VERTEX_POINT ( 'NONE', #433 ) ;
#988 = ORIENTED_EDGE ( 'NONE', *, *, #533, .T. ) ;
#989 = EDGE_LOOP ( 'NONE', ( #841, #818, #913, #896 ) ) ;
#990 =( NAMED_UNIT ( * ) SI_UNIT ( $, .STERADIAN. ) SOLID_ANGLE_UNIT ( ) );
#991 = VERTEX_POINT ( 'NONE', #435 ) ;
#992 = SURFACE_STYLE_FILL_AREA ( #822 ) ;
#993 = DIRECTION ( 'NONE',  ( 1.000000000000000000, 0.0000000000000000000, 0.0000000000000000000 ) ) ;
#994 = SURFACE_STYLE_USAGE ( .BOTH. , #911 ) ;
#995 = EDGE_LOOP ( 'NONE', ( #979, #796, #866, #859 ) ) ;
#996 = FILL_AREA_STYLE_COLOUR ( '', #528 ) ;
#997 = PRESENTATION_STYLE_ASSIGNMENT (( #994 ) ) ;
#998 = PRODUCT_DEFINITION_SHAPE ( 'NONE', 'NONE',  #536 ) ;
#999 = PRODUCT_DEFINITION_CONTEXT ( 'detailed design', #12, 'design' ) ;
#1000 = PRODUCT_DEFINITION_SHAPE ( 'NONE', 'NONE',  #1478 ) ;
#1001 = PRODUCT_DEFINITION_SHAPE ( 'NONE', 'NONE',  #594 ) ;
#1002 = PRODUCT_DEFINITION_SHAPE ( 'NONE', 'NONE',  #1475 ) ;
#1003 =( BOUNDED_SURFACE ( )  B_SPLINE_SURFACE ( 3, 3, ( 
 ( #1382, #1376, #1377, #1370 ),
 ( #1359, #1358, #1352, #1348 ),
 ( #1341, #1336, #1334, #1328 ),
 ( #1316, #1315, #1267, #1285 ) ),
 .UNSPECIFIED., .F., .F., .T. ) 
 B_SPLINE_SURFACE_WITH_KNOTS ( ( 4, 4 ),
 ( 4, 4 ),
 ( 0.0000000000000000000, 1.000000000000000000 ),
 ( 0.0000000000000000000, 1.000000000000000000 ),
 .UNSPECIFIED. ) 
 GEOMETRIC_REPRESENTATION_ITEM ( )  RATIONAL_B_SPLINE_SURFACE ( (
 ( 1.000000000000000000, 0.3333333333333333700, 0.3333333333333333700, 1.000000000000000000),
 ( 0.9921411528476695700, 0.3307137176158899100, 0.3307137176158899100, 0.9921411528476695700),
 ( 0.9921411528476695700, 0.3307137176158899100, 0.3307137176158899100, 0.9921411528476695700),
 ( 1.000000000000000000, 0.3333333333333333700, 0.3333333333333333700, 1.000000000000000000) ) ) 
 REPRESENTATION_ITEM ( '' )  SURFACE ( )  );
#1004 = PRODUCT_DEFINITION_SHAPE ( 'NONE', 'NONE',  #1477 ) ;
#1005 = MANIFOLD_SOLID_BREP ( 'Вытянуть-Тонкостенный2', #1232 ) ;
#1006 = MANIFOLD_SOLID_BREP ( 'Скругление3', #1176 ) ;
#1007 =( BOUNDED_SURFACE ( )  B_SPLINE_SURFACE ( 3, 3, ( 
 ( #776, #730, #758, #924 ),
 ( #756, #923, #962, #771 ),
 ( #786, #764, #797, #825 ),
 ( #862, #920, #975, #728 ) ),
 .UNSPECIFIED., .F., .F., .T. ) 
 B_SPLINE_SURFACE_WITH_KNOTS ( ( 4, 4 ),
 ( 4, 4 ),
 ( 0.0000000000000000000, 1.000000000000000000 ),
 ( 0.0000000000000000000, 1.000000000000000000 ),
 .UNSPECIFIED. ) 
 GEOMETRIC_REPRESENTATION_ITEM ( )  RATIONAL_B_SPLINE_SURFACE ( (
 ( 1.000000000000000000, 0.3333333333333333700, 0.3333333333333333700, 1.000000000000000000),
 ( 0.9921411528476695700, 0.3307137176158899100, 0.3307137176158899100, 0.9921411528476695700),
 ( 0.9921411528476695700, 0.3307137176158899100, 0.3307137176158899100, 0.9921411528476695700),
 ( 1.000000000000000000, 0.3333333333333333700, 0.3333333333333333700, 1.000000000000000000) ) ) 
 REPRESENTATION_ITEM ( '' )  SURFACE ( )  );
#1008 = PRODUCT_DEFINITION_SHAPE ( 'NONE', 'NONE',  #1474 ) ;
#1009 = PRODUCT_DEFINITION_SHAPE ( 'NONE', 'NONE',  #1476 ) ;
#1010 = PRODUCT_DEFINITION_SHAPE ( 'NONE', 'NONE',  #1473 ) ;
#1011 = PRODUCT_DEFINITION_CONTEXT ( 'detailed design', #10, 'design' ) ;
#1012 = PRODUCT_DEFINITION_SHAPE ( 'NONE', 'NONE',  #546 ) ;
#1013 = PRODUCT_DEFINITION_CONTEXT ( 'detailed design', #1, 'design' ) ;
#1014 = DIRECTION ( 'NONE',  ( 0.0000000000000000000, -0.0000000000000000000, -1.000000000000000000 ) ) ;
#1015 = MECHANICAL_DESIGN_GEOMETRIC_PRESENTATION_REPRESENTATION (  '', ( #1030 ), #504 ) ;
#1016 = VECTOR ( 'NONE', #1467, 1000.000000000000000 ) ;
#1017 = PRESENTATION_LAYER_ASSIGNMENT (  '', '', ( #1022 ) ) ;
#1018 = MECHANICAL_DESIGN_GEOMETRIC_PRESENTATION_REPRESENTATION (  '', ( #1265 ), #507 ) ;
#1019 = AXIS2_PLACEMENT_3D ( 'NONE', #258, #254, #256 ) ;
#1020 = AXIS2_PLACEMENT_3D ( 'NONE', #1360, #1351, #1421 ) ;
#1021 = AXIS2_PLACEMENT_3D ( 'NONE', #32, #30, #54 ) ;
#1022 = STYLED_ITEM ( 'NONE', ( #1398 ), #612 ) ;
#1023 = MECHANICAL_DESIGN_GEOMETRIC_PRESENTATION_REPRESENTATION (  '', ( #1105 ), #493 ) ;
#1024 = MECHANICAL_DESIGN_GEOMETRIC_PRESENTATION_REPRESENTATION (  '', ( #1219 ), #490 ) ;
#1025 = CARTESIAN_POINT ( 'NONE',  ( -0.2000000000000005100, -0.09999999999999999200, 0.1000000000000000100 ) ) ;
#1026 = PRESENTATION_LAYER_ASSIGNMENT (  '', '', ( #1208 ) ) ;
#1027 = STYLED_ITEM ( 'NONE', ( #237 ), #580 ) ;
#1028 = MECHANICAL_DESIGN_GEOMETRIC_PRESENTATION_REPRESENTATION (  '', ( #1118 ), #483 ) ;
#1029 = AXIS2_PLACEMENT_3D ( 'NONE', #449, #448, #447 ) ;
#1030 = STYLED_ITEM ( 'NONE', ( #1347 ), #589 ) ;
#1031 = AXIS2_PLACEMENT_3D ( 'NONE', #1283, #1387, #1330 ) ;
#1032 = FACE_OUTER_BOUND ( 'NONE', #965, .T. ) ;
#1033 = PRESENTATION_LAYER_ASSIGNMENT (  '', '', ( #1108 ) ) ;
#1034 = PRESENTATION_LAYER_ASSIGNMENT (  '', '', ( #1125 ) ) ;
#1035 = STYLED_ITEM ( 'NONE', ( #207 ), #571 ) ;
#1036 = VECTOR ( 'NONE', #26, 1000.000000000000100 ) ;
#1037 = AXIS2_PLACEMENT_3D ( 'NONE', #703, #899, #832 ) ;
#1038 = FACE_OUTER_BOUND ( 'NONE', #722, .T. ) ;
#1039 = PRESENTATION_LAYER_ASSIGNMENT (  '', '', ( #1073 ) ) ;
#1040 = PRESENTATION_LAYER_ASSIGNMENT (  '', '', ( #1219 ) ) ;
#1041 = PRESENTATION_LAYER_ASSIGNMENT (  '', '', ( #1060 ) ) ;
#1042 = AXIS2_PLACEMENT_3D ( 'NONE', #76, #115, #124 ) ;
#1043 = STYLED_ITEM ( 'NONE', ( #193 ), #576 ) ;
#1044 = FACE_OUTER_BOUND ( 'NONE', #867, .T. ) ;
#1045 = VECTOR ( 'NONE', #145, 1000.000000000000000 ) ;
#1046 = VECTOR ( 'NONE', #147, 1000.000000000000000 ) ;
#1047 = FACE_OUTER_BOUND ( 'NONE', #956, .T. ) ;
#1048 = CYLINDRICAL_SURFACE ( 'NONE', #1054, 0.04000000000000002200 ) ;
#1049 = PRESENTATION_LAYER_ASSIGNMENT (  '', '', ( #1043 ) ) ;
#1050 = VECTOR ( 'NONE', #125, 1000.000000000000000 ) ;
#1051 = VECTOR ( 'NONE', #15, 1000.000000000000000 ) ;
#1052 = AXIS2_PLACEMENT_3D ( 'NONE', #153, #241, #217 ) ;
#1053 = STYLED_ITEM ( 'NONE', ( #209 ), #579 ) ;
#1054 = AXIS2_PLACEMENT_3D ( 'NONE', #160, #150, #192 ) ;
#1055 = VECTOR ( 'NONE', #705, 1000.000000000000000 ) ;
#1056 = VECTOR ( 'NONE', #165, 1000.000000000000000 ) ;
#1057 = MECHANICAL_DESIGN_GEOMETRIC_PRESENTATION_REPRESENTATION (  '', ( #1027 ), #478 ) ;
#1058 = MECHANICAL_DESIGN_GEOMETRIC_PRESENTATION_REPRESENTATION (  '', ( #1043 ), #491 ) ;
#1059 = MECHANICAL_DESIGN_GEOMETRIC_PRESENTATION_REPRESENTATION (  '', ( #1053 ), #476 ) ;
#1060 = STYLED_ITEM ( 'NONE', ( #108 ), #537 ) ;
#1061 = AXIS2_PLACEMENT_3D ( 'NONE', #233, #173, #220 ) ;
#1062 = AXIS2_PLACEMENT_3D ( 'NONE', #223, #182, #177 ) ;
#1063 = PRESENTATION_LAYER_ASSIGNMENT (  '', '', ( #1053 ) ) ;
#1064 = VECTOR ( 'NONE', #90, 1000.000000000000000 ) ;
#1065 = PRESENTATION_LAYER_ASSIGNMENT (  '', '', ( #1035 ) ) ;
#1066 = MECHANICAL_DESIGN_GEOMETRIC_PRESENTATION_REPRESENTATION (  '', ( #1035 ), #472 ) ;
#1067 = VECTOR ( 'NONE', #838, 1000.000000000000000 ) ;
#1068 = FACE_OUTER_BOUND ( 'NONE', #712, .T. ) ;
#1069 = PRESENTATION_LAYER_ASSIGNMENT (  '', '', ( #1030 ) ) ;
#1070 = VECTOR ( 'NONE', #23, 1000.000000000000000 ) ;
#1071 = VECTOR ( 'NONE', #28, 1000.000000000000000 ) ;
#1072 = VECTOR ( 'NONE', #112, 1000.000000000000100 ) ;
#1073 = STYLED_ITEM ( 'NONE', ( #208 ), #570 ) ;
#1074 = AXIS2_PLACEMENT_3D ( 'NONE', #155, #222, #198 ) ;
#1075 = FACE_OUTER_BOUND ( 'NONE', #743, .T. ) ;
#1076 = VECTOR ( 'NONE', #175, 1000.000000000000000 ) ;
#1077 = FACE_OUTER_BOUND ( 'NONE', #928, .T. ) ;
#1078 = PRESENTATION_LAYER_ASSIGNMENT (  '', '', ( #1027 ) ) ;
#1079 = AXIS2_PLACEMENT_3D ( 'NONE', #1317, #1392, #1332 ) ;
#1080 = AXIS2_PLACEMENT_3D ( 'NONE', #265, #263, #261 ) ;
#1081 = PRESENTATION_LAYER_ASSIGNMENT (  '', '', ( #1111 ) ) ;
#1082 = DIRECTION ( 'NONE',  ( 0.0000000000000000000, -1.000000000000000000, 0.0000000000000000000 ) ) ;
#1083 = STYLED_ITEM ( 'NONE', ( #1369 ), #603 ) ;
#1084 = AXIS2_PLACEMENT_3D ( 'NONE', #248, #247, #246 ) ;
#1085 = AXIS2_PLACEMENT_3D ( 'NONE', #33, #99, #122 ) ;
#1086 = MECHANICAL_DESIGN_GEOMETRIC_PRESENTATION_REPRESENTATION (  '', ( #1108 ), #496 ) ;
#1087 = VECTOR ( 'NONE', #1314, 1000.000000000000000 ) ;
#1088 = VECTOR ( 'NONE', #1343, 1000.000000000000000 ) ;
#1089 = AXIS2_PLACEMENT_3D ( 'NONE', #264, #260, #262 ) ;
#1090 = VECTOR ( 'NONE', #1324, 1000.000000000000000 ) ;
#1091 = VECTOR ( 'NONE', #366, 1000.000000000000000 ) ;
#1092 = FACE_OUTER_BOUND ( 'NONE', #748, .T. ) ;
#1093 = FACE_OUTER_BOUND ( 'NONE', #989, .T. ) ;
#1094 = VECTOR ( 'NONE', #369, 1000.000000000000000 ) ;
#1095 = STYLED_ITEM ( 'NONE', ( #53 ), #540 ) ;
#1096 = VECTOR ( 'NONE', #309, 1000.000000000000000 ) ;
#1097 = STYLED_ITEM ( 'NONE', ( #318 ), #700 ) ;
#1098 = AXIS2_PLACEMENT_3D ( 'NONE', #372, #439, #325 ) ;
#1099 = STYLED_ITEM ( 'NONE', ( #22 ), #549 ) ;
#1100 = FACE_OUTER_BOUND ( 'NONE', #720, .T. ) ;
#1101 = STYLED_ITEM ( 'NONE', ( #338 ), #655 ) ;
#1102 = MECHANICAL_DESIGN_GEOMETRIC_PRESENTATION_REPRESENTATION (  '', ( #1104 ), #477 ) ;
#1103 = AXIS2_PLACEMENT_3D ( 'NONE', #29, #128, #105 ) ;
#1104 = STYLED_ITEM ( 'NONE', ( #102 ), #544 ) ;
#1105 = STYLED_ITEM ( 'NONE', ( #456 ), #1006 ) ;
#1106 = MECHANICAL_DESIGN_GEOMETRIC_PRESENTATION_REPRESENTATION (  '', ( #1095 ), #494 ) ;
#1107 = VECTOR ( 'NONE', #1442, 1000.000000000000000 ) ;
#1108 = STYLED_ITEM ( 'NONE', ( #1428 ), #586 ) ;
#1109 = PRESENTATION_LAYER_ASSIGNMENT (  '', '', ( #1253 ) ) ;
#1110 = MECHANICAL_DESIGN_GEOMETRIC_PRESENTATION_REPRESENTATION (  '', ( #1097 ), #505 ) ;
#1111 = STYLED_ITEM ( 'NONE', ( #1355 ), #622 ) ;
#1112 = AXIS2_PLACEMENT_3D ( 'NONE', #1471, #1459, #1436 ) ;
#1113 = AXIS2_PLACEMENT_3D ( 'NONE', #83, #101, #19 ) ;
#1114 = AXIS2_PLACEMENT_3D ( 'NONE', #1025, #1393, #1389 ) ;
#1115 = AXIS2_PLACEMENT_3D ( 'NONE', #1449, #1434, #1309 ) ;
#1116 = PRESENTATION_LAYER_ASSIGNMENT (  '', '', ( #1123 ) ) ;
#1117 = AXIS2_PLACEMENT_3D ( 'NONE', #253, #252, #279 ) ;
#1118 = STYLED_ITEM ( 'NONE', ( #441 ), #693 ) ;
#1119 = FACE_BOUND ( 'NONE', #943, .T. ) ;
#1120 = CARTESIAN_POINT ( 'NONE',  ( 0.1999999999999999800, -0.7999999999999998200, 0.4249999999999999300 ) ) ;
#1121 = PLANE ( 'NONE',  #1143 ) ;
#1122 = VECTOR ( 'NONE', #1321, 1000.000000000000000 ) ;
#1123 = STYLED_ITEM ( 'NONE', ( #1445 ), #591 ) ;
#1124 = FACE_OUTER_BOUND ( 'NONE', #995, .T. ) ;
#1125 = STYLED_ITEM ( 'NONE', ( #1451 ), #585 ) ;
#1126 = MECHANICAL_DESIGN_GEOMETRIC_PRESENTATION_REPRESENTATION (  '', ( #1134 ), #508 ) ;
#1127 = PRODUCT_DEFINITION_FORMATION_WITH_SPECIFIED_SOURCE ( 'ANY', '', #471, .NOT_KNOWN. ) ;
#1128 = FACE_OUTER_BOUND ( 'NONE', #800, .T. ) ;
#1129 = PRESENTATION_LAYER_ASSIGNMENT (  '', '', ( #1118 ) ) ;
#1130 = AXIS2_PLACEMENT_3D ( 'NONE', #259, #257, #255 ) ;
#1131 = FACE_OUTER_BOUND ( 'NONE', #806, .T. ) ;
#1132 = AXIS2_PLACEMENT_3D ( 'NONE', #851, #860, #835 ) ;
#1133 = CYLINDRICAL_SURFACE ( 'NONE', #1103, 0.1599999999999999800 ) ;
#1134 = STYLED_ITEM ( 'NONE', ( #894 ), #512 ) ;
#1135 = MECHANICAL_DESIGN_GEOMETRIC_PRESENTATION_REPRESENTATION (  '', ( #1083 ), #500 ) ;
#1136 = PRESENTATION_LAYER_ASSIGNMENT (  '', '', ( #1265 ) ) ;
#1137 = AXIS2_PLACEMENT_3D ( 'NONE', #68, #82, #92 ) ;
#1138 = PRESENTATION_LAYER_ASSIGNMENT (  '', '', ( #1104 ) ) ;
#1139 = VECTOR ( 'NONE', #1373, 1000.000000000000000 ) ;
#1140 = AXIS2_PLACEMENT_3D ( 'NONE', #374, #373, #390 ) ;
#1141 = MECHANICAL_DESIGN_GEOMETRIC_PRESENTATION_REPRESENTATION (  '', ( #1125 ), #501 ) ;
#1142 = PRESENTATION_LAYER_ASSIGNMENT (  '', '', ( #1083 ) ) ;
#1143 = AXIS2_PLACEMENT_3D ( 'NONE', #1439, #1082, #1014 ) ;
#1144 = VECTOR ( 'NONE', #1396, 1000.000000000000000 ) ;
#1145 = PRESENTATION_LAYER_ASSIGNMENT (  '', '', ( #1197 ) ) ;
#1146 = PRESENTATION_LAYER_ASSIGNMENT (  '', '', ( #1097 ) ) ;
#1147 = MECHANICAL_DESIGN_GEOMETRIC_PRESENTATION_REPRESENTATION (  '', ( #1073 ), #475 ) ;
#1148 = STYLED_ITEM ( 'NONE', ( #20 ), #545 ) ;
#1149 = AXIS2_PLACEMENT_3D ( 'NONE', #1120, #1468, #1472 ) ;
#1150 = SURFACE_SIDE_STYLE ('',( #1470 ) ) ;
#1151 = VECTOR ( 'NONE', #1430, 1000.000000000000100 ) ;
#1152 = STYLED_ITEM ( 'NONE', ( #238 ), #555 ) ;
#1153 = AXIS2_PLACEMENT_3D ( 'NONE', #1346, #1350, #1342 ) ;
#1154 = PRODUCT_DEFINITION_FORMATION_WITH_SPECIFIED_SOURCE ( 'ANY', '', #470, .NOT_KNOWN. ) ;
#1155 = PRESENTATION_LAYER_ASSIGNMENT (  '', '', ( #1105 ) ) ;
#1156 = AXIS2_PLACEMENT_3D ( 'NONE', #226, #144, #243 ) ;
#1157 = VECTOR ( 'NONE', #1440, 1000.000000000000100 ) ;
#1158 = PRESENTATION_LAYER_ASSIGNMENT (  '', '', ( #1210 ) ) ;
#1159 = FACE_OUTER_BOUND ( 'NONE', #882, .T. ) ;
#1160 = CYLINDRICAL_SURFACE ( 'NONE', #1021, 0.03999999999999999400 ) ;
#1161 = FACE_OUTER_BOUND ( 'NONE', #960, .T. ) ;
#1162 = VECTOR ( 'NONE', #183, 1000.000000000000000 ) ;
#1163 = FACE_OUTER_BOUND ( 'NONE', #974, .T. ) ;
#1164 = AXIS2_PLACEMENT_3D ( 'NONE', #251, #250, #249 ) ;
#1165 = AXIS2_PLACEMENT_3D ( 'NONE', #1308, #1305, #1319 ) ;
#1166 = MECHANICAL_DESIGN_GEOMETRIC_PRESENTATION_REPRESENTATION (  '', ( #1172 ), #492 ) ;
#1167 = VECTOR ( 'NONE', #1466, 1000.000000000000000 ) ;
#1168 = MECHANICAL_DESIGN_GEOMETRIC_PRESENTATION_REPRESENTATION (  '', ( #1123 ), #489 ) ;
#1169 = VECTOR ( 'NONE', #1268, 1000.000000000000000 ) ;
#1170 = PRESENTATION_LAYER_ASSIGNMENT (  '', '', ( #1095 ) ) ;
#1171 = AXIS2_PLACEMENT_3D ( 'NONE', #1453, #1284, #1281 ) ;
#1172 = STYLED_ITEM ( 'NONE', ( #1291 ), #587 ) ;
#1173 = VECTOR ( 'NONE', #1464, 1000.000000000000000 ) ;
#1174 = FACE_OUTER_BOUND ( 'NONE', #765, .T. ) ;
#1175 = MECHANICAL_DESIGN_GEOMETRIC_PRESENTATION_REPRESENTATION (  '', ( #1230 ), #479 ) ;
#1176 = CLOSED_SHELL ( 'NONE', ( #512, #527, #554, #544, #555, #562, #612, #540, #586, #622, #571, #587, #641, #576, #548, #570 ) ) ;
#1177 = PRESENTATION_LAYER_ASSIGNMENT (  '', '', ( #1152 ) ) ;
#1178 = FACE_OUTER_BOUND ( 'NONE', #760, .T. ) ;
#1179 = AXIS2_PLACEMENT_3D ( 'NONE', #978, #993, #967 ) ;
#1180 = AXIS2_PLACEMENT_3D ( 'NONE', #842, #709, #817 ) ;
#1181 = AXIS2_PLACEMENT_3D ( 'NONE', #179, #235, #146 ) ;
#1182 = VECTOR ( 'NONE', #57, 1000.000000000000000 ) ;
#1183 = PRESENTATION_LAYER_ASSIGNMENT (  '', '', ( #1221 ) ) ;
#1184 = FACE_OUTER_BOUND ( 'NONE', #789, .T. ) ;
#1185 = PRESENTATION_LAYER_ASSIGNMENT (  '', '', ( #1172 ) ) ;
#1186 = MECHANICAL_DESIGN_GEOMETRIC_PRESENTATION_REPRESENTATION (  '', ( #1253 ), #487 ) ;
#1187 = PRESENTATION_LAYER_ASSIGNMENT (  '', '', ( #1134 ) ) ;
#1188 = MECHANICAL_DESIGN_GEOMETRIC_PRESENTATION_REPRESENTATION (  '', ( #1152 ), #473 ) ;
#1189 = VECTOR ( 'NONE', #363, 1000.000000000000000 ) ;
#1190 = MECHANICAL_DESIGN_GEOMETRIC_PRESENTATION_REPRESENTATION (  '', ( #1099 ), #497 ) ;
#1191 = VECTOR ( 'NONE', #1374, 1000.000000000000000 ) ;
#1192 = MECHANICAL_DESIGN_GEOMETRIC_PRESENTATION_REPRESENTATION (  '', ( #1111 ), #499 ) ;
#1193 = CYLINDRICAL_SURFACE ( 'NONE', #1179, 0.1600000000000000000 ) ;
#1194 = MECHANICAL_DESIGN_GEOMETRIC_PRESENTATION_REPRESENTATION (  '', ( #1060 ), #482 ) ;
#1195 = AXIS2_PLACEMENT_3D ( 'NONE', #350, #349, #348 ) ;
#1196 = VECTOR ( 'NONE', #1298, 1000.000000000000000 ) ;
#1197 = STYLED_ITEM ( 'NONE', ( #359 ), #649 ) ;
#1198 = VECTOR ( 'NONE', #1353, 1000.000000000000000 ) ;
#1199 = FACE_OUTER_BOUND ( 'NONE', #929, .T. ) ;
#1200 = VECTOR ( 'NONE', #218, 1000.000000000000000 ) ;
#1201 = MECHANICAL_DESIGN_GEOMETRIC_PRESENTATION_REPRESENTATION (  '', ( #1022 ), #502 ) ;
#1202 = FACE_OUTER_BOUND ( 'NONE', #810, .T. ) ;
#1203 = PRESENTATION_LAYER_ASSIGNMENT (  '', '', ( #1148 ) ) ;
#1204 = AXIS2_PLACEMENT_3D ( 'NONE', #1462, #1273, #1279 ) ;
#1205 = VECTOR ( 'NONE', #1385, 1000.000000000000100 ) ;
#1206 = AXIS2_PLACEMENT_3D ( 'NONE', #1344, #1412, #1410 ) ;
#1207 = PRESENTATION_LAYER_ASSIGNMENT (  '', '', ( #1224 ) ) ;
#1208 = STYLED_ITEM ( 'NONE', ( #865 ), #524 ) ;
#1209 = VECTOR ( 'NONE', #1331, 1000.000000000000100 ) ;
#1210 = STYLED_ITEM ( 'NONE', ( #60 ), #548 ) ;
#1211 = MECHANICAL_DESIGN_GEOMETRIC_PRESENTATION_REPRESENTATION (  '', ( #1208 ), #495 ) ;
#1212 = PRESENTATION_LAYER_ASSIGNMENT (  '', '', ( #1099 ) ) ;
#1213 = VECTOR ( 'NONE', #346, 1000.000000000000000 ) ;
#1214 = MECHANICAL_DESIGN_GEOMETRIC_PRESENTATION_REPRESENTATION (  '', ( #1148 ), #474 ) ;
#1215 = AXIS2_PLACEMENT_3D ( 'NONE', #303, #311, #307 ) ;
#1216 = AXIS2_PLACEMENT_3D ( 'NONE', #353, #352, #351 ) ;
#1217 = AXIS2_PLACEMENT_3D ( 'NONE', #1438, #1435, #1448 ) ;
#1218 = PRESENTATION_LAYER_ASSIGNMENT (  '', '', ( #1261 ) ) ;
#1219 = STYLED_ITEM ( 'NONE', ( #997 ), #527 ) ;
#1220 = MECHANICAL_DESIGN_GEOMETRIC_PRESENTATION_REPRESENTATION (  '', ( #1221 ), #488 ) ;
#1221 = STYLED_ITEM ( 'NONE', ( #69 ), #554 ) ;
#1222 = VECTOR ( 'NONE', #1320, 1000.000000000000000 ) ;
#1223 = FACE_OUTER_BOUND ( 'NONE', #881, .T. ) ;
#1224 = STYLED_ITEM ( 'NONE', ( #297 ), #641 ) ;
#1225 = VECTOR ( 'NONE', #196, 1000.000000000000000 ) ;
#1226 = FACE_OUTER_BOUND ( 'NONE', #808, .T. ) ;
#1227 = VECTOR ( 'NONE', #189, 1000.000000000000000 ) ;
#1228 = FACE_OUTER_BOUND ( 'NONE', #950, .T. ) ;
#1229 = VECTOR ( 'NONE', #701, 1000.000000000000000 ) ;
#1230 = STYLED_ITEM ( 'NONE', ( #230 ), #562 ) ;
#1231 = FACE_OUTER_BOUND ( 'NONE', #714, .T. ) ;
#1232 = CLOSED_SHELL ( 'NONE', ( #649, #591, #545, #589, #579, #580, #632, #585, #537, #549, #603, #513, #655, #524 ) ) ;
#1233 = VECTOR ( 'NONE', #887, 1000.000000000000000 ) ;
#1234 = PRESENTATION_LAYER_ASSIGNMENT (  '', '', ( #1230 ) ) ;
#1235 = VECTOR ( 'NONE', #296, 1000.000000000000000 ) ;
#1236 = AXIS2_PLACEMENT_3D ( 'NONE', #1465, #1463, #1431 ) ;
#1237 = VECTOR ( 'NONE', #291, 1000.000000000000000 ) ;
#1238 = MECHANICAL_DESIGN_GEOMETRIC_PRESENTATION_REPRESENTATION (  '', ( #1224 ), #485 ) ;
#1239 = VECTOR ( 'NONE', #1338, 1000.000000000000000 ) ;
#1240 = FACE_OUTER_BOUND ( 'NONE', #809, .T. ) ;
#1241 = FACE_OUTER_BOUND ( 'NONE', #961, .T. ) ;
#1242 = VECTOR ( 'NONE', #228, 1000.000000000000000 ) ;
#1243 = MECHANICAL_DESIGN_GEOMETRIC_PRESENTATION_REPRESENTATION (  '', ( #1101 ), #480 ) ;
#1244 = AXIS2_PLACEMENT_3D ( 'NONE', #386, #385, #384 ) ;
#1245 = AXIS2_PLACEMENT_3D ( 'NONE', #129, #107, #113 ) ;
#1246 = FACE_OUTER_BOUND ( 'NONE', #761, .T. ) ;
#1247 = MECHANICAL_DESIGN_GEOMETRIC_PRESENTATION_REPRESENTATION (  '', ( #1261 ), #498 ) ;
#1248 = PRESENTATION_LAYER_ASSIGNMENT (  '', '', ( #1101 ) ) ;
#1249 = AXIS2_PLACEMENT_3D ( 'NONE', #16, #111, #67 ) ;
#1250 = FACE_OUTER_BOUND ( 'NONE', #906, .T. ) ;
#1251 = AXIS2_PLACEMENT_3D ( 'NONE', #826, #824, #823 ) ;
#1252 = MECHANICAL_DESIGN_GEOMETRIC_PRESENTATION_REPRESENTATION (  '', ( #1210 ), #484 ) ;
#1253 = STYLED_ITEM ( 'NONE', ( #1461 ), #632 ) ;
#1254 = VECTOR ( 'NONE', #328, 1000.000000000000000 ) ;
#1255 = VECTOR ( 'NONE', #378, 1000.000000000000000 ) ;
#1256 = VECTOR ( 'NONE', #1289, 1000.000000000000000 ) ;
#1257 = PRODUCT_DEFINITION_FORMATION_WITH_SPECIFIED_SOURCE ( 'ANY', '', #469, .NOT_KNOWN. ) ;
#1258 = VECTOR ( 'NONE', #322, 1000.000000000000000 ) ;
#1259 = MECHANICAL_DESIGN_GEOMETRIC_PRESENTATION_REPRESENTATION (  '', ( #1197 ), #503 ) ;
#1260 = FACE_OUTER_BOUND ( 'NONE', #717, .T. ) ;
#1261 = STYLED_ITEM ( 'NONE', ( #467 ), #1005 ) ;
#1262 = VECTOR ( 'NONE', #381, 1000.000000000000100 ) ;
#1263 = VECTOR ( 'NONE', #289, 1000.000000000000000 ) ;
#1264 = VECTOR ( 'NONE', #915, 1000.000000000000200 ) ;
#1265 = STYLED_ITEM ( 'NONE', ( #778 ), #513 ) ;
#1266 = VECTOR ( 'NONE', #912, 1000.000000000000000 ) ;
#1267 = CARTESIAN_POINT ( 'NONE',  ( 0.9000000000000009100, 0.07500000000000094100, 0.4999999999999999400 ) ) ;
#1268 = DIRECTION ( 'NONE',  ( -0.0000000000000000000, -1.000000000000000000, 0.0000000000000000000 ) ) ;
#1269 = SURFACE_STYLE_USAGE ( .BOTH. , #1399 ) ;
#1270 = SURFACE_STYLE_USAGE ( .BOTH. , #1293 ) ;
#1271 = CARTESIAN_POINT ( 'NONE',  ( -1.422416128488275300, -0.8750000000000001100, 0.5000000000000000000 ) ) ;
#1272 =( NAMED_UNIT ( * ) PLANE_ANGLE_UNIT ( ) SI_UNIT ( $, .RADIAN. ) );
#1273 = DIRECTION ( 'NONE',  ( 0.0000000000000000000, -0.9848077530122085800, -0.1736481776669279400 ) ) ;
#1274 = FILL_AREA_STYLE ('',( #1311 ) ) ;
#1275 =( NAMED_UNIT ( * ) PLANE_ANGLE_UNIT ( ) SI_UNIT ( $, .RADIAN. ) );
#1276 =( NAMED_UNIT ( * ) SI_UNIT ( $, .STERADIAN. ) SOLID_ANGLE_UNIT ( ) );
#1277 = LINE ( 'NONE', #1446, #1016 ) ;
#1278 = CARTESIAN_POINT ( 'NONE',  ( 1.500000000000000000, 0.8749999999999998900, -0.05999999999997554500 ) ) ;
#1279 = DIRECTION ( 'NONE',  ( 0.0000000000000000000, 0.1736481776669279400, -0.9848077530122085800 ) ) ;
#1280 = FILL_AREA_STYLE_COLOUR ( '', #566 ) ;
#1281 = DIRECTION ( 'NONE',  ( 1.000000000000000000, 0.0000000000000000000, 0.0000000000000000000 ) ) ;
#1282 =( NAMED_UNIT ( * ) SI_UNIT ( $, .STERADIAN. ) SOLID_ANGLE_UNIT ( ) );
#1283 = CARTESIAN_POINT ( 'NONE',  ( 0.1999999999999999800, -0.7999999999999998200, 0.4249999999999999300 ) ) ;
#1284 = DIRECTION ( 'NONE',  ( -0.0000000000000000000, 0.0000000000000000000, 1.000000000000000000 ) ) ;
#1285 = CARTESIAN_POINT ( 'NONE',  ( 0.9000000000000005800, 0.4749999999999998100, 0.4999999999999998900 ) ) ;
#1286 = LINE ( 'NONE', #1450, #1157 ) ;
#1287 = PLANE ( 'NONE',  #1171 ) ;
#1288 =( LENGTH_UNIT ( ) NAMED_UNIT ( * ) SI_UNIT ( .MILLI., .METRE. ) );
#1289 = DIRECTION ( 'NONE',  ( 0.0000000000000000000, 1.000000000000000000, 0.0000000000000000000 ) ) ;
#1290 =( LENGTH_UNIT ( ) NAMED_UNIT ( * ) SI_UNIT ( .MILLI., .METRE. ) );
#1291 = PRESENTATION_STYLE_ASSIGNMENT (( #1270 ) ) ;
#1292 =( NAMED_UNIT ( * ) SI_UNIT ( $, .STERADIAN. ) SOLID_ANGLE_UNIT ( ) );
#1293 = SURFACE_SIDE_STYLE ('',( #1424 ) ) ;
#1294 =( NAMED_UNIT ( * ) PLANE_ANGLE_UNIT ( ) SI_UNIT ( $, .RADIAN. ) );
#1295 = CARTESIAN_POINT ( 'NONE',  ( -0.2000000000000005100, -0.8068671286217319300, 0.3855938768147310100 ) ) ;
#1296 =( LENGTH_UNIT ( ) NAMED_UNIT ( * ) SI_UNIT ( .MILLI., .METRE. ) );
#1297 = LINE ( 'NONE', #1356, #1139 ) ;
#1298 = DIRECTION ( 'NONE',  ( 1.000000000000000000, 0.0000000000000000000, 0.0000000000000000000 ) ) ;
#1299 = FILL_AREA_STYLE_COLOUR ( '', #578 ) ;
#1300 =( NAMED_UNIT ( * ) SI_UNIT ( $, .STERADIAN. ) SOLID_ANGLE_UNIT ( ) );
#1301 = PLANE ( 'NONE',  #1204 ) ;
#1302 = LINE ( 'NONE', #1304, #1239 ) ;
#1303 = CARTESIAN_POINT ( 'NONE',  ( -0.2000000000000005100, -0.8400000000000000800, 0.1000000000000000100 ) ) ;
#1304 = CARTESIAN_POINT ( 'NONE',  ( -0.2000000000000005100, 0.06000000000000000500, 0.0000000000000000000 ) ) ;
#1305 = DIRECTION ( 'NONE',  ( 0.0000000000000000000, 0.0000000000000000000, -1.000000000000000000 ) ) ;
#1306 = SURFACE_SIDE_STYLE ('',( #1401 ) ) ;
#1307 = LINE ( 'NONE', #1303, #1087 ) ;
#1308 = CARTESIAN_POINT ( 'NONE',  ( -0.2000000000000005100, -0.9600000000000000800, 0.6249999999999998900 ) ) ;
#1309 = DIRECTION ( 'NONE',  ( 0.0000000000000000000, 0.0000000000000000000, -1.000000000000000000 ) ) ;
#1310 = CARTESIAN_POINT ( 'NONE',  ( -1.500000000000000000, 0.8749999999999998900, -0.05999999999997554500 ) ) ;
#1311 = FILL_AREA_STYLE_COLOUR ( '', #609 ) ;
#1312 = LINE ( 'NONE', #1397, #1144 ) ;
#1313 = FILL_AREA_STYLE_COLOUR ( '', #522 ) ;
#1314 = DIRECTION ( 'NONE',  ( -0.0000000000000000000, -0.0000000000000000000, 1.000000000000000000 ) ) ;
#1315 = CARTESIAN_POINT ( 'NONE',  ( 1.299999999999999400, 0.07500000000000101000, 0.4999999999999999400 ) ) ;
#1316 = CARTESIAN_POINT ( 'NONE',  ( 1.299999999999999600, 0.4749999999999998700, 0.4999999999999998900 ) ) ;
#1317 = CARTESIAN_POINT ( 'NONE',  ( -1.422416128488275300, -0.8750000000000001100, 0.5000000000000000000 ) ) ;
#1318 = SURFACE_STYLE_FILL_AREA ( #1400 ) ;
#1319 = DIRECTION ( 'NONE',  ( -1.000000000000000000, 0.0000000000000000000, -0.0000000000000000000 ) ) ;
#1320 = DIRECTION ( 'NONE',  ( 1.000000000000000000, 0.0000000000000000000, 0.0000000000000000000 ) ) ;
#1321 = DIRECTION ( 'NONE',  ( -0.0000000000000000000, -0.0000000000000000000, 1.000000000000000000 ) ) ;
#1322 = CARTESIAN_POINT ( 'NONE',  ( -1.500000000000000000, -0.7972228659033993000, -0.8000000000000000400 ) ) ;
#1323 = SURFACE_STYLE_FILL_AREA ( #1345 ) ;
#1324 = DIRECTION ( 'NONE',  ( -0.0000000000000000000, -0.0000000000000000000, 1.000000000000000000 ) ) ;
#1325 = SURFACE_SIDE_STYLE ('',( #1318 ) ) ;
#1326 = LINE ( 'NONE', #1322, #1222 ) ;
#1327 = SURFACE_STYLE_USAGE ( .BOTH. , #1340 ) ;
#1328 = CARTESIAN_POINT ( 'NONE',  ( 0.9648599686213758000, 0.4749999999999998100, 0.4797551113784868600 ) ) ;
#1329 = CARTESIAN_POINT ( 'NONE',  ( 0.2000000000000000100, -0.8400000000000000800, 0.1000000000000000100 ) ) ;
#1330 = DIRECTION ( 'NONE',  ( 0.0000000000000000000, 0.0000000000000000000, -1.000000000000000000 ) ) ;
#1331 = DIRECTION ( 'NONE',  ( 0.1039620511844946000, -0.1039620511844946000, -0.9891328443778545400 ) ) ;
#1332 = DIRECTION ( 'NONE',  ( -0.1736481776669274200, 0.0000000000000000000, -0.9848077530122085800 ) ) ;
#1333 = LINE ( 'NONE', #1329, #1122 ) ;
#1334 = CARTESIAN_POINT ( 'NONE',  ( 0.9648599686213758000, 0.2047199372427512800, 0.4797551113784867500 ) ) ;
#1335 =( LENGTH_UNIT ( ) NAMED_UNIT ( * ) SI_UNIT ( .MILLI., .METRE. ) );
#1336 = CARTESIAN_POINT ( 'NONE',  ( 1.235140031378624300, 0.2047199372427513400, 0.4797551113784867500 ) ) ;
#1337 = PLANE ( 'NONE',  #1236 ) ;
#1338 = DIRECTION ( 'NONE',  ( 1.000000000000000000, 0.0000000000000000000, 0.0000000000000000000 ) ) ;
#1339 = FILL_AREA_STYLE ('',( #1280 ) ) ;
#1340 = SURFACE_SIDE_STYLE ('',( #1323 ) ) ;
#1341 = CARTESIAN_POINT ( 'NONE',  ( 1.235140031378624500, 0.4749999999999998700, 0.4797551113784868600 ) ) ;
#1342 = DIRECTION ( 'NONE',  ( -1.000000000000000000, 0.0000000000000000000, 0.0000000000000000000 ) ) ;
#1343 = DIRECTION ( 'NONE',  ( -1.000000000000000000, -0.0000000000000000000, -0.0000000000000000000 ) ) ;
#1344 = CARTESIAN_POINT ( 'NONE',  ( 0.2000000000000000100, -0.09999999999999999200, 0.1000000000000000100 ) ) ;
#1345 = FILL_AREA_STYLE ('',( #1299 ) ) ;
#1346 = CARTESIAN_POINT ( 'NONE',  ( 1.096799390242958000, 0.4749999999999998700, 1.130500000000000100 ) ) ;
#1347 = PRESENTATION_STYLE_ASSIGNMENT (( #1413 ) ) ;
#1348 = CARTESIAN_POINT ( 'NONE',  ( 1.032054708478016100, 0.4749999999999998100, 0.4696785057763180900 ) ) ;
#1349 = CARTESIAN_POINT ( 'NONE',  ( -0.2000000000000005100, 0.05999999999999999800, 0.1000000000000000100 ) ) ;
#1350 = DIRECTION ( 'NONE',  ( 0.0000000000000000000, 1.000000000000000000, 0.0000000000000000000 ) ) ;
#1351 = DIRECTION ( 'NONE',  ( 1.000000000000000000, 0.0000000000000000000, 0.0000000000000000000 ) ) ;
#1352 = CARTESIAN_POINT ( 'NONE',  ( 1.032054708478016300, 0.3391094169560320300, 0.4696785057763181400 ) ) ;
#1353 = DIRECTION ( 'NONE',  ( 1.000000000000000000, 0.0000000000000000000, 0.0000000000000000000 ) ) ;
#1354 =( NAMED_UNIT ( * ) PLANE_ANGLE_UNIT ( ) SI_UNIT ( $, .RADIAN. ) );
#1355 = PRESENTATION_STYLE_ASSIGNMENT (( #1372 ) ) ;
#1356 = CARTESIAN_POINT ( 'NONE',  ( 0.2000000000000000100, -0.09999999999999999200, 0.0000000000000000000 ) ) ;
#1357 = SURFACE_SIDE_STYLE ('',( #1386 ) ) ;
#1358 = CARTESIAN_POINT ( 'NONE',  ( 1.167945291521983900, 0.3391094169560321400, 0.4696785057763181400 ) ) ;
#1359 = CARTESIAN_POINT ( 'NONE',  ( 1.167945291521983900, 0.4749999999999998700, 0.4696785057763180900 ) ) ;
#1360 = CARTESIAN_POINT ( 'NONE',  ( -0.2000000000000005100, -0.09999999999999999200, 0.1000000000000000100 ) ) ;
#1361 = PLANE ( 'NONE',  #1020 ) ;
#1362 = CARTESIAN_POINT ( 'NONE',  ( -0.2000000000000005100, -0.06000000000000000500, 0.0000000000000000000 ) ) ;
#1363 =( LENGTH_UNIT ( ) NAMED_UNIT ( * ) SI_UNIT ( .MILLI., .METRE. ) );
#1364 =( LENGTH_UNIT ( ) NAMED_UNIT ( * ) SI_UNIT ( .MILLI., .METRE. ) );
#1365 = LINE ( 'NONE', #1362, #1198 ) ;
#1366 = SURFACE_SIDE_STYLE ('',( #1404 ) ) ;
#1367 = SURFACE_STYLE_USAGE ( .BOTH. , #1368 ) ;
#1368 = SURFACE_SIDE_STYLE ('',( #1375 ) ) ;
#1369 = PRESENTATION_STYLE_ASSIGNMENT (( #1367 ) ) ;
#1370 = CARTESIAN_POINT ( 'NONE',  ( 1.100000000000000100, 0.4749999999999998700, 0.4700077547032190400 ) ) ;
#1371 = LINE ( 'NONE', #1349, #1090 ) ;
#1372 = SURFACE_STYLE_USAGE ( .BOTH. , #1357 ) ;
#1373 = DIRECTION ( 'NONE',  ( -0.0000000000000000000, 1.000000000000000000, 0.0000000000000000000 ) ) ;
#1374 = DIRECTION ( 'NONE',  ( 1.000000000000000000, 0.0000000000000000000, 0.0000000000000000000 ) ) ;
#1375 = SURFACE_STYLE_FILL_AREA ( #1378 ) ;
#1376 = CARTESIAN_POINT ( 'NONE',  ( 1.100000000000000100, 0.4749999999999999200, 0.4700077547032190400 ) ) ;
#1377 = CARTESIAN_POINT ( 'NONE',  ( 1.100000000000000100, 0.4749999999999999200, 0.4700077547032190400 ) ) ;
#1378 = FILL_AREA_STYLE ('',( #1384 ) ) ;
#1379 = CARTESIAN_POINT ( 'NONE',  ( -0.2000000000000005100, -0.07253148551307200800, 0.2576244927410757400 ) ) ;
#1380 = LINE ( 'NONE', #1379, #1191 ) ;
#1381 = PLANE ( 'NONE',  #1206 ) ;
#1382 = CARTESIAN_POINT ( 'NONE',  ( 1.100000000000000100, 0.4749999999999998700, 0.4700077547032190400 ) ) ;
#1383 = CARTESIAN_POINT ( 'NONE',  ( -1.500000000000000000, 0.8750000000000007800, 0.05999999999999148400 ) ) ;
#1384 = FILL_AREA_STYLE_COLOUR ( '', #602 ) ;
#1385 = DIRECTION ( 'NONE',  ( 0.1710878697460327100, -0.1710878697460332100, 0.9702875252478148100 ) ) ;
#1386 = SURFACE_STYLE_FILL_AREA ( #1418 ) ;
#1387 = DIRECTION ( 'NONE',  ( -1.000000000000000000, -0.0000000000000000000, -0.0000000000000000000 ) ) ;
#1388 = PLANE ( 'NONE',  #1079 ) ;
#1389 = DIRECTION ( 'NONE',  ( 0.0000000000000000000, 0.0000000000000000000, -1.000000000000000000 ) ) ;
#1390 = LINE ( 'NONE', #1383, #1205 ) ;
#1391 = LINE ( 'NONE', #1278, #1256 ) ;
#1392 = DIRECTION ( 'NONE',  ( 0.9848077530122085800, 0.0000000000000000000, -0.1736481776669274200 ) ) ;
#1393 = DIRECTION ( 'NONE',  ( 1.000000000000000000, 0.0000000000000000000, 0.0000000000000000000 ) ) ;
#1394 = LINE ( 'NONE', #1295, #1196 ) ;
#1395 = PLANE ( 'NONE',  #1140 ) ;
#1396 = DIRECTION ( 'NONE',  ( 0.0000000000000000000, 0.0000000000000000000, -1.000000000000000000 ) ) ;
#1397 = CARTESIAN_POINT ( 'NONE',  ( 0.2000000000000000100, -0.9600000000000001900, 0.1000000000000000100 ) ) ;
#1398 = PRESENTATION_STYLE_ASSIGNMENT (( #1327 ) ) ;
#1399 = SURFACE_SIDE_STYLE ('',( #1405 ) ) ;
#1400 = FILL_AREA_STYLE ('',( #1402 ) ) ;
#1401 = SURFACE_STYLE_FILL_AREA ( #1339 ) ;
#1402 = FILL_AREA_STYLE_COLOUR ( '', #526 ) ;
#1403 =( NAMED_UNIT ( * ) PLANE_ANGLE_UNIT ( ) SI_UNIT ( $, .RADIAN. ) );
#1404 = SURFACE_STYLE_FILL_AREA ( #1274 ) ;
#1405 = SURFACE_STYLE_FILL_AREA ( #1411 ) ;
#1406 = FILL_AREA_STYLE_COLOUR ( '', #628 ) ;
#1407 = LINE ( 'NONE', #1425, #1167 ) ;
#1408 =( NAMED_UNIT ( * ) SI_UNIT ( $, .STERADIAN. ) SOLID_ANGLE_UNIT ( ) );
#1409 =( LENGTH_UNIT ( ) NAMED_UNIT ( * ) SI_UNIT ( .MILLI., .METRE. ) );
#1410 = DIRECTION ( 'NONE',  ( 0.0000000000000000000, 0.0000000000000000000, -1.000000000000000000 ) ) ;
#1411 = FILL_AREA_STYLE ('',( #1313 ) ) ;
#1412 = DIRECTION ( 'NONE',  ( 1.000000000000000000, 0.0000000000000000000, 0.0000000000000000000 ) ) ;
#1413 = SURFACE_STYLE_USAGE ( .BOTH. , #1306 ) ;
#1414 = CARTESIAN_POINT ( 'NONE',  ( -0.2000000000000005100, -0.9600000000000000800, 0.6249999999999998900 ) ) ;
#1415 =( LENGTH_UNIT ( ) NAMED_UNIT ( * ) SI_UNIT ( .MILLI., .METRE. ) );
#1416 = LINE ( 'NONE', #1414, #1088 ) ;
#1417 =( NAMED_UNIT ( * ) SI_UNIT ( $, .STERADIAN. ) SOLID_ANGLE_UNIT ( ) );
#1418 = FILL_AREA_STYLE ('',( #1406 ) ) ;
#1419 = SURFACE_STYLE_USAGE ( .BOTH. , #1325 ) ;
#1420 =( NAMED_UNIT ( * ) PLANE_ANGLE_UNIT ( ) SI_UNIT ( $, .RADIAN. ) );
#1421 = DIRECTION ( 'NONE',  ( 0.0000000000000000000, 0.0000000000000000000, -1.000000000000000000 ) ) ;
#1422 = FILL_AREA_STYLE_COLOUR ( '', #659 ) ;
#1423 =( NAMED_UNIT ( * ) PLANE_ANGLE_UNIT ( ) SI_UNIT ( $, .RADIAN. ) );
#1424 = SURFACE_STYLE_FILL_AREA ( #1444 ) ;
#1425 = CARTESIAN_POINT ( 'NONE',  ( -1.500000000000000000, 0.8749999999999998900, -0.05999999999997554500 ) ) ;
#1426 = SURFACE_STYLE_USAGE ( .BOTH. , #1366 ) ;
#1427 =( NAMED_UNIT ( * ) SI_UNIT ( $, .STERADIAN. ) SOLID_ANGLE_UNIT ( ) );
#1428 = PRESENTATION_STYLE_ASSIGNMENT (( #1426 ) ) ;
#1429 = CARTESIAN_POINT ( 'NONE',  ( -1.500000000000000000, -0.8750000000000001100, 0.05999999999999159500 ) ) ;
#1430 = DIRECTION ( 'NONE',  ( 0.0000000000000000000, -0.9851530796317231600, 0.1716782155432999000 ) ) ;
#1431 = DIRECTION ( 'NONE',  ( 0.0000000000000000000, 0.9851530796317231600, -0.1716782155432999300 ) ) ;
#1432 = LINE ( 'NONE', #1271, #1169 ) ;
#1433 =( NAMED_UNIT ( * ) PLANE_ANGLE_UNIT ( ) SI_UNIT ( $, .RADIAN. ) );
#1434 = DIRECTION ( 'NONE',  ( -1.000000000000000000, -0.0000000000000000000, -0.0000000000000000000 ) ) ;
#1435 = DIRECTION ( 'NONE',  ( -0.0000000000000000000, -0.0000000000000000000, -1.000000000000000000 ) ) ;
#1436 = DIRECTION ( 'NONE',  ( 0.0000000000000000000, 0.0000000000000000000, -1.000000000000000000 ) ) ;
#1437 = FILL_AREA_STYLE_COLOUR ( '', #619 ) ;
#1438 = CARTESIAN_POINT ( 'NONE',  ( 1.100000000000000100, 0.4749999999999998700, 0.4999999999999998900 ) ) ;
#1439 = CARTESIAN_POINT ( 'NONE',  ( -0.2000000000000005100, -0.06000000000000000500, 0.09999999999999999200 ) ) ;
#1440 = DIRECTION ( 'NONE',  ( -0.1039620511844946000, -0.1039620511844946000, 0.9891328443778545400 ) ) ;
#1441 = CARTESIAN_POINT ( 'NONE',  ( 0.2000000000000000100, -0.07253148551307200800, 0.2576244927410757400 ) ) ;
#1442 = DIRECTION ( 'NONE',  ( -1.000000000000000000, -0.0000000000000000000, -0.0000000000000000000 ) ) ;
#1443 = LINE ( 'NONE', #1310, #1209 ) ;
#1444 = FILL_AREA_STYLE ('',( #1437 ) ) ;
#1445 = PRESENTATION_STYLE_ASSIGNMENT (( #1419 ) ) ;
#1446 = CARTESIAN_POINT ( 'NONE',  ( -0.2000000000000005100, -0.09313287137826799200, 0.1394061231852689600 ) ) ;
#1447 = LINE ( 'NONE', #1460, #1107 ) ;
#1448 = DIRECTION ( 'NONE',  ( -1.000000000000000000, 0.0000000000000000000, 0.0000000000000000000 ) ) ;
#1449 = CARTESIAN_POINT ( 'NONE',  ( -0.2000000000000005100, -0.09999999999999999200, 0.1000000000000000100 ) ) ;
#1450 = CARTESIAN_POINT ( 'NONE',  ( -1.422222865903399300, -0.7972228659034001900, -0.8000000000000002700 ) ) ;
#1451 = PRESENTATION_STYLE_ASSIGNMENT (( #1456 ) ) ;
#1452 =( NAMED_UNIT ( * ) SI_UNIT ( $, .STERADIAN. ) SOLID_ANGLE_UNIT ( ) );
#1453 = CARTESIAN_POINT ( 'NONE',  ( -1.500000000000000000, -0.8750000000000001100, 0.5000000000000000000 ) ) ;
#1454 =( NAMED_UNIT ( * ) SI_UNIT ( $, .STERADIAN. ) SOLID_ANGLE_UNIT ( ) );
#1455 = PLANE ( 'NONE',  #1165 ) ;
#1456 = SURFACE_STYLE_USAGE ( .BOTH. , #1150 ) ;
#1457 = FILL_AREA_STYLE ('',( #1422 ) ) ;
#1458 = LINE ( 'NONE', #1441, #1151 ) ;
#1459 = DIRECTION ( 'NONE',  ( 1.000000000000000000, 0.0000000000000000000, 0.0000000000000000000 ) ) ;
#1460 = CARTESIAN_POINT ( 'NONE',  ( -0.2000000000000005100, -0.8274685144869277100, 0.2673755072589242300 ) ) ;
#1461 = PRESENTATION_STYLE_ASSIGNMENT (( #1269 ) ) ;
#1462 = CARTESIAN_POINT ( 'NONE',  ( -1.500000000000000000, 0.7974161284882749200, 0.5000000000000000000 ) ) ;
#1463 = DIRECTION ( 'NONE',  ( 0.0000000000000000000, -0.1716782155432999300, -0.9851530796317231600 ) ) ;
#1464 = DIRECTION ( 'NONE',  ( -1.000000000000000000, -0.0000000000000000000, -0.0000000000000000000 ) ) ;
#1465 = CARTESIAN_POINT ( 'NONE',  ( -0.2000000000000005100, -0.07253148551307199400, 0.2576244927410757400 ) ) ;
#1466 = DIRECTION ( 'NONE',  ( 1.000000000000000000, -0.0000000000000000000, 0.0000000000000000000 ) ) ;
#1467 = DIRECTION ( 'NONE',  ( 1.000000000000000000, 0.0000000000000000000, 0.0000000000000000000 ) ) ;
#1468 = DIRECTION ( 'NONE',  ( -1.000000000000000000, -0.0000000000000000000, -0.0000000000000000000 ) ) ;
#1469 = LINE ( 'NONE', #1429, #1173 ) ;
#1470 = SURFACE_STYLE_FILL_AREA ( #1457 ) ;
#1471 = CARTESIAN_POINT ( 'NONE',  ( -0.2000000000000005100, -0.7999999999999998200, 0.4249999999999999300 ) ) ;
#1472 = DIRECTION ( 'NONE',  ( 0.0000000000000000000, 0.0000000000000000000, -1.000000000000000000 ) ) ;
#1473 = NEXT_ASSEMBLY_USAGE_OCCURRENCE ( 'NAUO1', ' ', ' ', #536, #594, $ ) ;
#1474 = NEXT_ASSEMBLY_USAGE_OCCURRENCE ( 'NAUO2', ' ', ' ', #536, #594, $ ) ;
#1475 = NEXT_ASSEMBLY_USAGE_OCCURRENCE ( 'NAUO3', ' ', ' ', #536, #546, $ ) ;
#1476 = NEXT_ASSEMBLY_USAGE_OCCURRENCE ( 'NAUO4', ' ', ' ', #536, #594, $ ) ;
#1477 = NEXT_ASSEMBLY_USAGE_OCCURRENCE ( 'NAUO5', ' ', ' ', #536, #594, $ ) ;
#1478 = NEXT_ASSEMBLY_USAGE_OCCURRENCE ( 'NAUO6', ' ', ' ', #536, #594, $ ) ;
ENDSEC;
END-ISO-10303-21;
