ISO-10303-21;
HEADER;
FILE_DESCRIPTION(('Open CASCADE Model'),'2;1');
FILE_NAME('Open CASCADE Shape Model','2022-08-18T13:20:15',('Author'),(
    'Open CASCADE'),'Open CASCADE STEP processor 7.5','Open CASCADE 7.5'
  ,'Unknown');
FILE_SCHEMA(('AUTOMOTIVE_DESIGN { 1 0 10303 214 1 1 1 1 }'));
ENDSEC;
DATA;
#1 = APPLICATION_PROTOCOL_DEFINITION('international standard',
  'automotive_design',2000,#2);
#2 = APPLICATION_CONTEXT(
  'core data for automotive mechanical design processes');
#3 = SHAPE_DEFINITION_REPRESENTATION(#4,#10);
#4 = PRODUCT_DEFINITION_SHAPE('','',#5);
#5 = PRODUCT_DEFINITION('design','',#6,#9);
#6 = PRODUCT_DEFINITION_FORMATION('','',#7);
#7 = PRODUCT('SOT95P280X125-3N.step','SOT95P280X125-3N.step','',(#8));
#8 = PRODUCT_CONTEXT('',#2,'mechanical');
#9 = PRODUCT_DEFINITION_CONTEXT('part definition',#2,'design');
#10 = SHAPE_REPRESENTATION('',(#11,#15,#19,#23,#27),#31);
#11 = AXIS2_PLACEMENT_3D('',#12,#13,#14);
#12 = CARTESIAN_POINT('',(0.,0.,0.));
#13 = DIRECTION('',(0.,0.,1.));
#14 = DIRECTION('',(1.,0.,-0.));
#15 = AXIS2_PLACEMENT_3D('',#16,#17,#18);
#16 = CARTESIAN_POINT('',(-0.85,-1.51,0.));
#17 = DIRECTION('',(0.,0.,1.));
#18 = DIRECTION('',(1.,0.,-0.));
#19 = AXIS2_PLACEMENT_3D('',#20,#21,#22);
#20 = CARTESIAN_POINT('',(-0.85,-0.95,0.));
#21 = DIRECTION('',(0.,0.,1.));
#22 = DIRECTION('',(-1.,1.224646799147E-16,0.));
#23 = AXIS2_PLACEMENT_3D('',#24,#25,#26);
#24 = CARTESIAN_POINT('',(-0.85,0.95,0.));
#25 = DIRECTION('',(0.,0.,1.));
#26 = DIRECTION('',(-1.,1.224646799147E-16,0.));
#27 = AXIS2_PLACEMENT_3D('',#28,#29,#30);
#28 = CARTESIAN_POINT('',(0.85,0.,0.));
#29 = DIRECTION('',(0.,0.,1.));
#30 = DIRECTION('',(1.,0.,-0.));
#31 = ( GEOMETRIC_REPRESENTATION_CONTEXT(3) 
GLOBAL_UNCERTAINTY_ASSIGNED_CONTEXT((#35)) GLOBAL_UNIT_ASSIGNED_CONTEXT(
(#32,#33,#34)) REPRESENTATION_CONTEXT('Context #1',
  '3D Context with UNIT and UNCERTAINTY') );
#32 = ( LENGTH_UNIT() NAMED_UNIT(*) SI_UNIT(.MILLI.,.METRE.) );
#33 = ( NAMED_UNIT(*) PLANE_ANGLE_UNIT() SI_UNIT($,.RADIAN.) );
#34 = ( NAMED_UNIT(*) SI_UNIT($,.STERADIAN.) SOLID_ANGLE_UNIT() );
#35 = UNCERTAINTY_MEASURE_WITH_UNIT(LENGTH_MEASURE(5.E-05),#32,
  'distance_accuracy_value','confusion accuracy');
#36 = PRODUCT_RELATED_PRODUCT_CATEGORY('part',$,(#7));
#37 = SHAPE_DEFINITION_REPRESENTATION(#38,#44);
#38 = PRODUCT_DEFINITION_SHAPE('','',#39);
#39 = PRODUCT_DEFINITION('design','',#40,#43);
#40 = PRODUCT_DEFINITION_FORMATION('','',#41);
#41 = PRODUCT('Body','Body','',(#42));
#42 = PRODUCT_CONTEXT('',#2,'mechanical');
#43 = PRODUCT_DEFINITION_CONTEXT('part definition',#2,'design');
#44 = SHAPE_REPRESENTATION('',(#11,#45),#49);
#45 = AXIS2_PLACEMENT_3D('',#46,#47,#48);
#46 = CARTESIAN_POINT('',(0.,0.,0.));
#47 = DIRECTION('',(0.,0.,1.));
#48 = DIRECTION('',(1.,0.,-0.));
#49 = ( GEOMETRIC_REPRESENTATION_CONTEXT(3) 
GLOBAL_UNCERTAINTY_ASSIGNED_CONTEXT((#53)) GLOBAL_UNIT_ASSIGNED_CONTEXT(
(#50,#51,#52)) REPRESENTATION_CONTEXT('Context #1',
  '3D Context with UNIT and UNCERTAINTY') );
#50 = ( LENGTH_UNIT() NAMED_UNIT(*) SI_UNIT(.MILLI.,.METRE.) );
#51 = ( NAMED_UNIT(*) PLANE_ANGLE_UNIT() SI_UNIT($,.RADIAN.) );
#52 = ( NAMED_UNIT(*) SI_UNIT($,.STERADIAN.) SOLID_ANGLE_UNIT() );
#53 = UNCERTAINTY_MEASURE_WITH_UNIT(LENGTH_MEASURE(1.E-04),#50,
  'distance_accuracy_value','confusion accuracy');
#54 = ADVANCED_BREP_SHAPE_REPRESENTATION('',(#11,#55),#2185);
#55 = MANIFOLD_SOLID_BREP('',#56);
#56 = CLOSED_SHELL('',(#57,#97,#133,#172,#205,#241,#350,#381,#398,#507,
    #538,#555,#586,#617,#645,#673,#691,#727,#755,#783,#822,#840,#871,
    #905,#929,#1038,#1147,#1158,#1175,#1199,#1308,#1417,#1448,#1459,
    #1487,#1515,#1532,#1557,#1585,#1613,#1638,#1671,#1688,#1797,#1821,
    #1838,#1947,#1971,#1988,#2019,#2036,#2061,#2079,#2104,#2122,#2151,
    #2163,#2174));
#57 = ADVANCED_FACE('',(#58),#92,.F.);
#58 = FACE_BOUND('',#59,.F.);
#59 = EDGE_LOOP('',(#60,#70,#78,#86));
#60 = ORIENTED_EDGE('',*,*,#61,.F.);
#61 = EDGE_CURVE('',#62,#64,#66,.T.);
#62 = VERTEX_POINT('',#63);
#63 = CARTESIAN_POINT('',(5.478104631726E-04,2.92,0.594787931602));
#64 = VERTEX_POINT('',#65);
#65 = CARTESIAN_POINT('',(4.839554428908E-02,2.872152266174,
    0.139547153673));
#66 = LINE('',#67,#68);
#67 = CARTESIAN_POINT('',(-1.074890013952E-03,2.921622700477,
    0.610226895341));
#68 = VECTOR('',#69,1.);
#69 = DIRECTION('',(0.103962051184,-0.103962051184,-0.989132844378));
#70 = ORIENTED_EDGE('',*,*,#71,.F.);
#71 = EDGE_CURVE('',#72,#62,#74,.T.);
#72 = VERTEX_POINT('',#73);
#73 = CARTESIAN_POINT('',(5.478104631726E-04,1.E-01,0.594787931602));
#74 = LINE('',#75,#76);
#75 = CARTESIAN_POINT('',(5.478104631727E-04,0.,0.594787931602));
#76 = VECTOR('',#77,1.);
#77 = DIRECTION('',(-0.,1.,0.));
#78 = ORIENTED_EDGE('',*,*,#79,.T.);
#79 = EDGE_CURVE('',#72,#80,#82,.T.);
#80 = VERTEX_POINT('',#81);
#81 = CARTESIAN_POINT('',(4.839554428908E-02,0.147847733826,
    0.139547153673));
#82 = LINE('',#83,#84);
#83 = CARTESIAN_POINT('',(-1.074890013952E-03,9.837729952288E-02,
    0.610226895341));
#84 = VECTOR('',#85,1.);
#85 = DIRECTION('',(0.103962051184,0.103962051184,-0.989132844378));
#86 = ORIENTED_EDGE('',*,*,#87,.T.);
#87 = EDGE_CURVE('',#80,#64,#88,.T.);
#88 = LINE('',#89,#90);
#89 = CARTESIAN_POINT('',(4.839554428908E-02,5.780732939612E-02,
    0.139547153673));
#90 = VECTOR('',#91,1.);
#91 = DIRECTION('',(-0.,1.,-0.));
#92 = PLANE('',#93);
#93 = AXIS2_PLACEMENT_3D('',#94,#95,#96);
#94 = CARTESIAN_POINT('',(0.,0.,0.6));
#95 = DIRECTION('',(0.994521895368,0.,0.104528463268));
#96 = DIRECTION('',(0.,1.,0.));
#97 = ADVANCED_FACE('',(#98),#128,.T.);
#98 = FACE_BOUND('',#99,.T.);
#99 = EDGE_LOOP('',(#100,#112,#120,#127));
#100 = ORIENTED_EDGE('',*,*,#101,.T.);
#101 = EDGE_CURVE('',#62,#102,#104,.T.);
#102 = VERTEX_POINT('',#103);
#103 = CARTESIAN_POINT('',(0.1,3.019452189537,0.594787931602));
#104 = ( BOUNDED_CURVE() B_SPLINE_CURVE(6,(#105,#106,#107,#108,#109,#110
,#111),.UNSPECIFIED.,.F.,.F.) B_SPLINE_CURVE_WITH_KNOTS((7,7),(0.,
1.559869909752),.PIECEWISE_BEZIER_KNOTS.) CURVE() 
GEOMETRIC_REPRESENTATION_ITEM() RATIONAL_B_SPLINE_CURVE((1.030950613501,
    1.009890100201,0.997953445068,0.994040710927,0.997953445068,
1.009890100201,1.030950613501)) REPRESENTATION_ITEM('') );
#105 = CARTESIAN_POINT('',(5.478104631727E-04,2.92,0.594787931602));
#106 = CARTESIAN_POINT('',(8.362191750262E-04,2.946396068307,
    0.592043906005));
#107 = CARTESIAN_POINT('',(9.450074782514E-03,2.972114481755,
    0.590246144534));
#108 = CARTESIAN_POINT('',(2.568827830487E-02,2.994311721695,
    0.589619824568));
#109 = CARTESIAN_POINT('',(4.788551824518E-02,3.010549925217,
    0.590246144534));
#110 = CARTESIAN_POINT('',(7.360393169276E-02,3.019163780825,
    0.592043906005));
#111 = CARTESIAN_POINT('',(1.E-01,3.019452189537,0.594787931602));
#112 = ORIENTED_EDGE('',*,*,#113,.T.);
#113 = EDGE_CURVE('',#102,#114,#116,.T.);
#114 = VERTEX_POINT('',#115);
#115 = CARTESIAN_POINT('',(0.147847733826,2.971604455711,0.139547153673)
  );
#116 = LINE('',#117,#118);
#117 = CARTESIAN_POINT('',(9.837729952288E-02,3.021074890014,
    0.610226895341));
#118 = VECTOR('',#119,1.);
#119 = DIRECTION('',(0.103962051184,-0.103962051184,-0.989132844378));
#120 = ORIENTED_EDGE('',*,*,#121,.F.);
#121 = EDGE_CURVE('',#64,#114,#122,.T.);
#122 = CIRCLE('',#123,0.1);
#123 = AXIS2_PLACEMENT_3D('',#124,#125,#126);
#124 = CARTESIAN_POINT('',(0.147847733826,2.872152266174,0.15));
#125 = DIRECTION('',(0.103962051184,-0.103962051184,-0.989132844378));
#126 = DIRECTION('',(-0.994521895368,-1.734723475977E-18,-0.104528463268
    ));
#127 = ORIENTED_EDGE('',*,*,#61,.F.);
#128 = CYLINDRICAL_SURFACE('',#129,0.1);
#129 = AXIS2_PLACEMENT_3D('',#130,#131,#132);
#130 = CARTESIAN_POINT('',(9.837729952288E-02,2.921622700477,
    0.620679741668));
#131 = DIRECTION('',(0.103962051184,-0.103962051184,-0.989132844378));
#132 = DIRECTION('',(-0.994521895368,1.734723475977E-18,-0.104528463268)
  );
#133 = ADVANCED_FACE('',(#134),#167,.T.);
#134 = FACE_BOUND('',#135,.T.);
#135 = EDGE_LOOP('',(#136,#148,#156,#166));
#136 = ORIENTED_EDGE('',*,*,#137,.F.);
#137 = EDGE_CURVE('',#138,#72,#140,.T.);
#138 = VERTEX_POINT('',#139);
#139 = CARTESIAN_POINT('',(-2.775557561563E-17,1.E-01,0.605240777928));
#140 = ( BOUNDED_CURVE() B_SPLINE_CURVE(6,(#141,#142,#143,#144,#145,#146
,#147),.UNSPECIFIED.,.F.,.F.) B_SPLINE_CURVE_WITH_KNOTS((7,7),(0.,
0.10471975512),.PIECEWISE_BEZIER_KNOTS.) CURVE() 
GEOMETRIC_REPRESENTATION_ITEM() RATIONAL_B_SPLINE_CURVE((1.000137088577,
    1.00004568784,0.999990860763,0.999972587294,0.999990860763,
1.00004568784,1.000137088577)) REPRESENTATION_ITEM('') );
#141 = CARTESIAN_POINT('',(2.775557561563E-17,1.E-01,0.605240777928));
#142 = CARTESIAN_POINT('',(5.551115123126E-17,1.E-01,0.603495289159));
#143 = CARTESIAN_POINT('',(3.655943564777E-05,1.E-01,0.60174999185));
#144 = CARTESIAN_POINT('',(1.096652759717E-04,1.E-01,0.600005747314));
#145 = CARTESIAN_POINT('',(2.192831180766E-04,1.E-01,0.59826341629));
#146 = CARTESIAN_POINT('',(3.653572044893E-04,1.E-01,0.596523858401));
#147 = CARTESIAN_POINT('',(5.478104631727E-04,1.E-01,0.594787931602));
#148 = ORIENTED_EDGE('',*,*,#149,.T.);
#149 = EDGE_CURVE('',#138,#150,#152,.T.);
#150 = VERTEX_POINT('',#151);
#151 = CARTESIAN_POINT('',(8.326672684689E-17,2.92,0.605240777928));
#152 = LINE('',#153,#154);
#153 = CARTESIAN_POINT('',(2.775557561563E-17,0.,0.605240777928));
#154 = VECTOR('',#155,1.);
#155 = DIRECTION('',(-0.,1.,0.));
#156 = ORIENTED_EDGE('',*,*,#157,.T.);
#157 = EDGE_CURVE('',#150,#62,#158,.T.);
#158 = ( BOUNDED_CURVE() B_SPLINE_CURVE(6,(#159,#160,#161,#162,#163,#164
,#165),.UNSPECIFIED.,.F.,.F.) B_SPLINE_CURVE_WITH_KNOTS((7,7),(0.,
0.10471975512),.PIECEWISE_BEZIER_KNOTS.) CURVE() 
GEOMETRIC_REPRESENTATION_ITEM() RATIONAL_B_SPLINE_CURVE((1.000137088577,
    1.00004568784,0.999990860763,0.999972587294,0.999990860763,
1.00004568784,1.000137088577)) REPRESENTATION_ITEM('') );
#159 = CARTESIAN_POINT('',(2.775557561563E-17,2.92,0.605240777928));
#160 = CARTESIAN_POINT('',(5.551115123126E-17,2.92,0.603495289159));
#161 = CARTESIAN_POINT('',(3.655943564777E-05,2.92,0.60174999185));
#162 = CARTESIAN_POINT('',(1.096652759717E-04,2.92,0.600005747314));
#163 = CARTESIAN_POINT('',(2.192831180766E-04,2.92,0.59826341629));
#164 = CARTESIAN_POINT('',(3.653572044893E-04,2.92,0.596523858401));
#165 = CARTESIAN_POINT('',(5.478104631727E-04,2.92,0.594787931602));
#166 = ORIENTED_EDGE('',*,*,#71,.F.);
#167 = CYLINDRICAL_SURFACE('',#168,0.1);
#168 = AXIS2_PLACEMENT_3D('',#169,#170,#171);
#169 = CARTESIAN_POINT('',(0.1,0.,0.605240777928));
#170 = DIRECTION('',(-0.,1.,0.));
#171 = DIRECTION('',(-0.994521895368,0.,-0.104528463268));
#172 = ADVANCED_FACE('',(#173),#200,.T.);
#173 = FACE_BOUND('',#174,.F.);
#174 = EDGE_LOOP('',(#175,#184,#192,#199));
#175 = ORIENTED_EDGE('',*,*,#176,.F.);
#176 = EDGE_CURVE('',#177,#80,#179,.T.);
#177 = VERTEX_POINT('',#178);
#178 = CARTESIAN_POINT('',(0.147847733826,0.147847733826,5.E-02));
#179 = CIRCLE('',#180,0.1);
#180 = AXIS2_PLACEMENT_3D('',#181,#182,#183);
#181 = CARTESIAN_POINT('',(0.147847733826,0.147847733826,0.15));
#182 = DIRECTION('',(0.,1.,-0.));
#183 = DIRECTION('',(-1.,0.,0.));
#184 = ORIENTED_EDGE('',*,*,#185,.T.);
#185 = EDGE_CURVE('',#177,#186,#188,.T.);
#186 = VERTEX_POINT('',#187);
#187 = CARTESIAN_POINT('',(0.147847733826,2.872152266174,5.E-02));
#188 = LINE('',#189,#190);
#189 = CARTESIAN_POINT('',(0.147847733826,5.780732939612E-02,5.E-02));
#190 = VECTOR('',#191,1.);
#191 = DIRECTION('',(-0.,1.,-0.));
#192 = ORIENTED_EDGE('',*,*,#193,.T.);
#193 = EDGE_CURVE('',#186,#64,#194,.T.);
#194 = CIRCLE('',#195,0.1);
#195 = AXIS2_PLACEMENT_3D('',#196,#197,#198);
#196 = CARTESIAN_POINT('',(0.147847733826,2.872152266174,0.15));
#197 = DIRECTION('',(0.,1.,-0.));
#198 = DIRECTION('',(-1.,0.,0.));
#199 = ORIENTED_EDGE('',*,*,#87,.F.);
#200 = CYLINDRICAL_SURFACE('',#201,0.1);
#201 = AXIS2_PLACEMENT_3D('',#202,#203,#204);
#202 = CARTESIAN_POINT('',(0.147847733826,5.780732939612E-02,0.15));
#203 = DIRECTION('',(-0.,1.,-0.));
#204 = DIRECTION('',(-0.994521895368,-0.,-0.104528463268));
#205 = ADVANCED_FACE('',(#206),#236,.T.);
#206 = FACE_BOUND('',#207,.F.);
#207 = EDGE_LOOP('',(#208,#220,#228,#235));
#208 = ORIENTED_EDGE('',*,*,#209,.T.);
#209 = EDGE_CURVE('',#72,#210,#212,.T.);
#210 = VERTEX_POINT('',#211);
#211 = CARTESIAN_POINT('',(0.1,5.478104631726E-04,0.594787931602));
#212 = ( BOUNDED_CURVE() B_SPLINE_CURVE(6,(#213,#214,#215,#216,#217,#218
,#219),.UNSPECIFIED.,.F.,.F.) B_SPLINE_CURVE_WITH_KNOTS((7,7),(0.,
1.559869909752),.PIECEWISE_BEZIER_KNOTS.) CURVE() 
GEOMETRIC_REPRESENTATION_ITEM() RATIONAL_B_SPLINE_CURVE((1.030950613501,
    1.009890100201,0.997953445068,0.994040710927,0.997953445068,
1.009890100201,1.030950613501)) REPRESENTATION_ITEM('') );
#213 = CARTESIAN_POINT('',(5.478104631727E-04,1.E-01,0.594787931602));
#214 = CARTESIAN_POINT('',(8.362191750262E-04,7.360393169277E-02,
    0.592043906005));
#215 = CARTESIAN_POINT('',(9.450074782514E-03,4.788551824518E-02,
    0.590246144534));
#216 = CARTESIAN_POINT('',(2.568827830487E-02,2.568827830487E-02,
    0.589619824568));
#217 = CARTESIAN_POINT('',(4.788551824518E-02,9.450074782514E-03,
    0.590246144534));
#218 = CARTESIAN_POINT('',(7.360393169276E-02,8.362191750264E-04,
    0.592043906005));
#219 = CARTESIAN_POINT('',(1.E-01,5.478104631726E-04,0.594787931602));
#220 = ORIENTED_EDGE('',*,*,#221,.T.);
#221 = EDGE_CURVE('',#210,#222,#224,.T.);
#222 = VERTEX_POINT('',#223);
#223 = CARTESIAN_POINT('',(0.147847733826,4.839554428908E-02,
    0.139547153673));
#224 = LINE('',#225,#226);
#225 = CARTESIAN_POINT('',(9.837729952288E-02,-1.074890013952E-03,
    0.610226895341));
#226 = VECTOR('',#227,1.);
#227 = DIRECTION('',(0.103962051184,0.103962051184,-0.989132844378));
#228 = ORIENTED_EDGE('',*,*,#229,.F.);
#229 = EDGE_CURVE('',#80,#222,#230,.T.);
#230 = CIRCLE('',#231,0.1);
#231 = AXIS2_PLACEMENT_3D('',#232,#233,#234);
#232 = CARTESIAN_POINT('',(0.147847733826,0.147847733826,0.15));
#233 = DIRECTION('',(-0.103962051184,-0.103962051184,0.989132844378));
#234 = DIRECTION('',(-0.994521895368,1.734723475977E-18,-0.104528463268)
  );
#235 = ORIENTED_EDGE('',*,*,#79,.F.);
#236 = CYLINDRICAL_SURFACE('',#237,0.1);
#237 = AXIS2_PLACEMENT_3D('',#238,#239,#240);
#238 = CARTESIAN_POINT('',(9.837729952288E-02,9.837729952288E-02,
    0.620679741668));
#239 = DIRECTION('',(0.103962051184,0.103962051184,-0.989132844378));
#240 = DIRECTION('',(-0.994521895368,-1.734723475977E-18,-0.104528463268
    ));
#241 = ADVANCED_FACE('',(#242),#268,.T.);
#242 = FACE_BOUND('',#243,.T.);
#243 = EDGE_LOOP('',(#244,#245,#246,#258));
#244 = ORIENTED_EDGE('',*,*,#101,.F.);
#245 = ORIENTED_EDGE('',*,*,#157,.F.);
#246 = ORIENTED_EDGE('',*,*,#247,.F.);
#247 = EDGE_CURVE('',#248,#150,#250,.T.);
#248 = VERTEX_POINT('',#249);
#249 = CARTESIAN_POINT('',(1.E-01,3.02,0.605240777928));
#250 = ( BOUNDED_CURVE() B_SPLINE_CURVE(6,(#251,#252,#253,#254,#255,#256
,#257),.UNSPECIFIED.,.F.,.F.) B_SPLINE_CURVE_WITH_KNOTS((7,7),(0.,
1.570796326795),.PIECEWISE_BEZIER_KNOTS.) CURVE() 
GEOMETRIC_REPRESENTATION_ITEM() RATIONAL_B_SPLINE_CURVE((1.031393471788,
    1.010025407661,0.997924642725,0.993958444137,0.997924642725,
1.010025407661,1.031393471788)) REPRESENTATION_ITEM('') );
#251 = CARTESIAN_POINT('',(1.E-01,3.02,0.605240777928));
#252 = CARTESIAN_POINT('',(7.326632168471E-02,3.02,0.605240777928));
#253 = CARTESIAN_POINT('',(4.722914274178E-02,3.011499564937,
    0.605240777928));
#254 = CARTESIAN_POINT('',(2.480804867977E-02,2.99519195132,
    0.605240777928));
#255 = CARTESIAN_POINT('',(8.500435063369E-03,2.972770857258,
    0.605240777928));
#256 = CARTESIAN_POINT('',(1.249000902703E-16,2.946733678315,
    0.605240777928));
#257 = CARTESIAN_POINT('',(-1.387778780781E-17,2.92,0.605240777928));
#258 = ORIENTED_EDGE('',*,*,#259,.F.);
#259 = EDGE_CURVE('',#102,#248,#260,.T.);
#260 = ( BOUNDED_CURVE() B_SPLINE_CURVE(6,(#261,#262,#263,#264,#265,#266
,#267),.UNSPECIFIED.,.F.,.F.) B_SPLINE_CURVE_WITH_KNOTS((7,7),(0.,
0.10471975512),.PIECEWISE_BEZIER_KNOTS.) CURVE() 
GEOMETRIC_REPRESENTATION_ITEM() RATIONAL_B_SPLINE_CURVE((1.000137088577,
    1.00004568784,0.999990860763,0.999972587294,0.999990860763,
1.00004568784,1.000137088577)) REPRESENTATION_ITEM('') );
#261 = CARTESIAN_POINT('',(1.E-01,3.019452189537,0.594787931602));
#262 = CARTESIAN_POINT('',(1.E-01,3.019634642796,0.596523858401));
#263 = CARTESIAN_POINT('',(1.E-01,3.019780716882,0.59826341629));
#264 = CARTESIAN_POINT('',(1.E-01,3.019890334724,0.600005747314));
#265 = CARTESIAN_POINT('',(1.E-01,3.019963440564,0.60174999185));
#266 = CARTESIAN_POINT('',(1.E-01,3.02,0.603495289159));
#267 = CARTESIAN_POINT('',(1.E-01,3.02,0.605240777928));
#268 = B_SPLINE_SURFACE_WITH_KNOTS('',8,8,(
    (#269,#270,#271,#272,#273,#274,#275,#276,#277)
    ,(#278,#279,#280,#281,#282,#283,#284,#285,#286)
    ,(#287,#288,#289,#290,#291,#292,#293,#294,#295)
    ,(#296,#297,#298,#299,#300,#301,#302,#303,#304)
    ,(#305,#306,#307,#308,#309,#310,#311,#312,#313)
    ,(#314,#315,#316,#317,#318,#319,#320,#321,#322)
    ,(#323,#324,#325,#326,#327,#328,#329,#330,#331)
    ,(#332,#333,#334,#335,#336,#337,#338,#339,#340)
    ,(#341,#342,#343,#344,#345,#346,#347,#348,#349
  )),.UNSPECIFIED.,.F.,.F.,.F.,(9,9),(9,9),(-7.778174593052E-02,
    7.778174593052E-02),(-7.315613219614E-03,8.855910256723E-03),
  .PIECEWISE_BEZIER_KNOTS.);
#269 = CARTESIAN_POINT('',(4.314286101406E-04,2.909568739841,
    0.607292534228));
#270 = CARTESIAN_POINT('',(3.594616381204E-04,2.909640569674,
    0.605265856781));
#271 = CARTESIAN_POINT('',(3.933739139406E-04,2.909606889247,
    0.603244685123));
#272 = CARTESIAN_POINT('',(8.13923341382E-04,2.909185680866,
    0.601244605343));
#273 = CARTESIAN_POINT('',(-5.300162840339E-04,2.910530258422,
    0.599149414281));
#274 = CARTESIAN_POINT('',(1.674870585242E-03,2.908325137491,
    0.597244945927));
#275 = CARTESIAN_POINT('',(6.735465360166E-04,2.909326333311,
    0.595167933805));
#276 = CARTESIAN_POINT('',(9.604387124561E-04,2.909039750288,
    0.593160825431));
#277 = CARTESIAN_POINT('',(1.418941428245E-03,2.908581318581,
    0.591162527791));
#278 = CARTESIAN_POINT('',(-1.699464165025E-03,2.939199273848,
    0.606445543083));
#279 = CARTESIAN_POINT('',(-1.968997504045E-03,2.939468581039,
    0.604408381183));
#280 = CARTESIAN_POINT('',(-2.065389883661E-03,2.939564323742,
    0.602380876298));
#281 = CARTESIAN_POINT('',(-9.508146911617E-04,2.93845203417,
    0.600415216244));
#282 = CARTESIAN_POINT('',(-1.945785463647E-03,2.939444967721,
    0.598342900585));
#283 = CARTESIAN_POINT('',(-9.990284889625E-04,2.938498783287,
    0.596367060196));
#284 = CARTESIAN_POINT('',(-1.747898182156E-03,2.939247720672,
    0.594305628224));
#285 = CARTESIAN_POINT('',(-9.590931473661E-04,2.938459242046,
    0.59232508823));
#286 = CARTESIAN_POINT('',(-3.66033377539E-04,2.937866154415,
    0.590333899139));
#287 = CARTESIAN_POINT('',(3.083466744319E-03,2.961918305952,
    0.605966735706));
#288 = CARTESIAN_POINT('',(3.512236086192E-03,2.961491039185,
    0.6039662276));
#289 = CARTESIAN_POINT('',(4.836925125052E-03,2.960168349552,
    0.602016081631));
#290 = CARTESIAN_POINT('',(-3.379324319741E-03,2.96836723018,
    0.599549463597));
#291 = CARTESIAN_POINT('',(1.067252570593E-02,2.954343121223,
    0.598290154491));
#292 = CARTESIAN_POINT('',(-3.208085949954E-03,2.968195566973,
    0.595506696809));
#293 = CARTESIAN_POINT('',(5.951595316687E-03,2.959055600267,
    0.593987643211));
#294 = CARTESIAN_POINT('',(3.633241961401E-03,2.961367891176,
    0.591836698386));
#295 = CARTESIAN_POINT('',(4.088195395852E-03,2.960912381734,
    0.589838071467));
#296 = CARTESIAN_POINT('',(1.68169666172E-02,2.975680313921,
    0.605966122544));
#297 = CARTESIAN_POINT('',(1.789364948546E-02,2.974601792279,
    0.604001210416));
#298 = CARTESIAN_POINT('',(1.348002000136E-02,2.979013102725,
    0.60173623703));
#299 = CARTESIAN_POINT('',(2.239212573142E-02,2.97012792882,
    0.600211885895));
#300 = CARTESIAN_POINT('',(-4.754790585878E-03,2.997228958306,
    0.596695399226));
#301 = CARTESIAN_POINT('',(2.75455901698E-02,2.964977414466,
    0.596450304028));
#302 = CARTESIAN_POINT('',(1.611547954269E-02,2.976374081618,
    0.593787092649));
#303 = CARTESIAN_POINT('',(1.816963313695E-02,2.974328120848,
    0.591881205459));
#304 = CARTESIAN_POINT('',(1.644398966532E-02,2.976054562142,
    0.589764692574));
#305 = CARTESIAN_POINT('',(2.29819362184E-02,2.997018063782,
    0.605562861623));
#306 = CARTESIAN_POINT('',(2.164239604648E-02,2.998357603952,
    0.60346812679));
#307 = CARTESIAN_POINT('',(2.5452625352E-02,2.994547374654,
    0.601657366693));
#308 = CARTESIAN_POINT('',(1.651426252913E-02,3.003485737461,
    0.599124669813));
#309 = CARTESIAN_POINT('',(4.544230309257E-02,2.97455769692,
    0.59870657593));
#310 = CARTESIAN_POINT('',(1.220064272387E-02,3.007799357264,
    0.594841269868));
#311 = CARTESIAN_POINT('',(2.21398116684E-02,2.997860188341,
    0.593382572823));
#312 = CARTESIAN_POINT('',(2.307979521394E-02,2.996920204782,
    0.591400663563));
#313 = CARTESIAN_POINT('',(2.559561295088E-02,2.994404387049,
    0.589514810223));
#314 = CARTESIAN_POINT('',(4.431968607585E-02,3.003183033386,
    0.605966122543));
#315 = CARTESIAN_POINT('',(4.539820771286E-02,3.002106350525,
    0.604001210415));
#316 = CARTESIAN_POINT('',(4.09868972456E-02,3.006519980018,
    0.601736237029));
#317 = CARTESIAN_POINT('',(4.987207121862E-02,2.997607874247,
    0.600211885895));
#318 = CARTESIAN_POINT('',(2.277104169144E-02,3.024754790567,
    0.596695399228));
#319 = CARTESIAN_POINT('',(5.50225855321E-02,2.992454409854,
    0.596450304026));
#320 = CARTESIAN_POINT('',(4.362591837832E-02,3.003884520445,
    0.593787092649));
#321 = CARTESIAN_POINT('',(4.567187915412E-02,3.001830366868,
    0.591881205459));
#322 = CARTESIAN_POINT('',(4.394543785673E-02,3.003556010336,
    0.589764692574));
#323 = CARTESIAN_POINT('',(5.808169405311E-02,3.016916533251,
    0.605966735706));
#324 = CARTESIAN_POINT('',(5.850896082404E-02,3.016487763904,
    0.6039662276));
#325 = CARTESIAN_POINT('',(5.983165047383E-02,3.015163074854,
    0.602016081632));
#326 = CARTESIAN_POINT('',(5.163276980482E-02,3.023379324326,
    0.599549463598));
#327 = CARTESIAN_POINT('',(6.565687877776E-02,3.009327474307,
    0.598290154489));
#328 = CARTESIAN_POINT('',(5.180443304383E-02,3.02320808592,
    0.595506696811));
#329 = CARTESIAN_POINT('',(6.094439973295E-02,3.014048404692,
    0.59398764321));
#330 = CARTESIAN_POINT('',(5.863210882359E-02,3.016366758036,
    0.591836698386));
#331 = CARTESIAN_POINT('',(5.908761826684E-02,3.015911804603,
    0.589838071467));
#332 = CARTESIAN_POINT('',(8.080072614877E-02,3.021699464168,
    0.606445543083));
#333 = CARTESIAN_POINT('',(8.053141895553E-02,3.02196899751,
    0.604408381183));
#334 = CARTESIAN_POINT('',(8.043567624754E-02,3.022065389892,
    0.602380876298));
#335 = CARTESIAN_POINT('',(8.154796585069E-02,3.020950814675,
    0.600415216245));
#336 = CARTESIAN_POINT('',(8.055503225512E-02,3.021945785481,
    0.598342900585));
#337 = CARTESIAN_POINT('',(8.150121672642E-02,3.020999028482,
    0.596367060196));
#338 = CARTESIAN_POINT('',(8.075227932056E-02,3.021747898186,
    0.594305628224));
#339 = CARTESIAN_POINT('',(8.154075795383E-02,3.020959093149,
    0.59232508823));
#340 = CARTESIAN_POINT('',(8.213384558471E-02,3.020366033378,
    0.590333899139));
#341 = CARTESIAN_POINT('',(0.110431260162,3.019568571388,0.607292534228)
  );
#342 = CARTESIAN_POINT('',(0.110359430326,3.019640538362,0.605265856781)
  );
#343 = CARTESIAN_POINT('',(0.110393110755,3.019606626084,0.603244685123)
  );
#344 = CARTESIAN_POINT('',(0.110814319131,3.019186076661,0.601244605343)
  );
#345 = CARTESIAN_POINT('',(0.10946974158,3.020530016282,0.599149414281)
  );
#346 = CARTESIAN_POINT('',(0.111674862509,3.018325129415,0.597244945927)
  );
#347 = CARTESIAN_POINT('',(0.110673666689,3.019326453464,0.595167933805)
  );
#348 = CARTESIAN_POINT('',(0.110960249713,3.019039561287,0.593160825431)
  );
#349 = CARTESIAN_POINT('',(0.11141868142,3.01858105857,0.591162527791));
#350 = ADVANCED_FACE('',(#351),#376,.F.);
#351 = FACE_BOUND('',#352,.F.);
#352 = EDGE_LOOP('',(#353,#354,#362,#370));
#353 = ORIENTED_EDGE('',*,*,#113,.T.);
#354 = ORIENTED_EDGE('',*,*,#355,.T.);
#355 = EDGE_CURVE('',#114,#356,#358,.T.);
#356 = VERTEX_POINT('',#357);
#357 = CARTESIAN_POINT('',(1.552152266174,2.971604455711,0.139547153673)
  );
#358 = LINE('',#359,#360);
#359 = CARTESIAN_POINT('',(5.780732939612E-02,2.971604455711,
    0.139547153673));
#360 = VECTOR('',#361,1.);
#361 = DIRECTION('',(1.,-0.,-0.));
#362 = ORIENTED_EDGE('',*,*,#363,.F.);
#363 = EDGE_CURVE('',#364,#356,#366,.T.);
#364 = VERTEX_POINT('',#365);
#365 = CARTESIAN_POINT('',(1.6,3.019452189537,0.594787931602));
#366 = LINE('',#367,#368);
#367 = CARTESIAN_POINT('',(1.601622700477,3.021074890014,0.610226895341)
  );
#368 = VECTOR('',#369,1.);
#369 = DIRECTION('',(-0.103962051184,-0.103962051184,-0.989132844378));
#370 = ORIENTED_EDGE('',*,*,#371,.F.);
#371 = EDGE_CURVE('',#102,#364,#372,.T.);
#372 = LINE('',#373,#374);
#373 = CARTESIAN_POINT('',(0.,3.019452189537,0.594787931602));
#374 = VECTOR('',#375,1.);
#375 = DIRECTION('',(1.,0.,-0.));
#376 = PLANE('',#377);
#377 = AXIS2_PLACEMENT_3D('',#378,#379,#380);
#378 = CARTESIAN_POINT('',(0.,3.02,0.6));
#379 = DIRECTION('',(0.,-0.994521895368,0.104528463268));
#380 = DIRECTION('',(1.,0.,0.));
#381 = ADVANCED_FACE('',(#382),#393,.T.);
#382 = FACE_BOUND('',#383,.F.);
#383 = EDGE_LOOP('',(#384,#385,#392));
#384 = ORIENTED_EDGE('',*,*,#193,.F.);
#385 = ORIENTED_EDGE('',*,*,#386,.T.);
#386 = EDGE_CURVE('',#186,#114,#387,.T.);
#387 = CIRCLE('',#388,0.1);
#388 = AXIS2_PLACEMENT_3D('',#389,#390,#391);
#389 = CARTESIAN_POINT('',(0.147847733826,2.872152266174,0.15));
#390 = DIRECTION('',(1.,2.832769448824E-16,-0.));
#391 = DIRECTION('',(-2.832769448824E-16,1.,0.));
#392 = ORIENTED_EDGE('',*,*,#121,.F.);
#393 = SPHERICAL_SURFACE('',#394,0.1);
#394 = AXIS2_PLACEMENT_3D('',#395,#396,#397);
#395 = CARTESIAN_POINT('',(0.147847733826,2.872152266174,0.15));
#396 = DIRECTION('',(0.,0.,1.));
#397 = DIRECTION('',(-1.,0.,0.));
#398 = ADVANCED_FACE('',(#399),#425,.F.);
#399 = FACE_BOUND('',#400,.F.);
#400 = EDGE_LOOP('',(#401,#402,#403,#415));
#401 = ORIENTED_EDGE('',*,*,#209,.F.);
#402 = ORIENTED_EDGE('',*,*,#137,.F.);
#403 = ORIENTED_EDGE('',*,*,#404,.F.);
#404 = EDGE_CURVE('',#405,#138,#407,.T.);
#405 = VERTEX_POINT('',#406);
#406 = CARTESIAN_POINT('',(1.E-01,2.775557561563E-17,0.605240777928));
#407 = ( BOUNDED_CURVE() B_SPLINE_CURVE(6,(#408,#409,#410,#411,#412,#413
,#414),.UNSPECIFIED.,.F.,.F.) B_SPLINE_CURVE_WITH_KNOTS((7,7),(0.,
1.570796326795),.PIECEWISE_BEZIER_KNOTS.) CURVE() 
GEOMETRIC_REPRESENTATION_ITEM() RATIONAL_B_SPLINE_CURVE((1.031393471788,
    1.010025407661,0.997924642725,0.993958444137,0.997924642725,
1.010025407661,1.031393471788)) REPRESENTATION_ITEM('') );
#408 = CARTESIAN_POINT('',(1.E-01,-1.387778780781E-17,0.605240777928));
#409 = CARTESIAN_POINT('',(7.326632168471E-02,-1.387778780781E-17,
    0.605240777928));
#410 = CARTESIAN_POINT('',(4.722914274178E-02,8.500435063369E-03,
    0.605240777928));
#411 = CARTESIAN_POINT('',(2.480804867977E-02,2.480804867977E-02,
    0.605240777928));
#412 = CARTESIAN_POINT('',(8.500435063369E-03,4.722914274178E-02,
    0.605240777928));
#413 = CARTESIAN_POINT('',(1.249000902703E-16,7.326632168471E-02,
    0.605240777928));
#414 = CARTESIAN_POINT('',(-1.387778780781E-17,1.E-01,0.605240777928));
#415 = ORIENTED_EDGE('',*,*,#416,.F.);
#416 = EDGE_CURVE('',#210,#405,#417,.T.);
#417 = ( BOUNDED_CURVE() B_SPLINE_CURVE(6,(#418,#419,#420,#421,#422,#423
,#424),.UNSPECIFIED.,.F.,.F.) B_SPLINE_CURVE_WITH_KNOTS((7,7),(0.,
0.10471975512),.PIECEWISE_BEZIER_KNOTS.) CURVE() 
GEOMETRIC_REPRESENTATION_ITEM() RATIONAL_B_SPLINE_CURVE((1.000137088577,
    1.00004568784,0.999990860763,0.999972587294,0.999990860763,
1.00004568784,1.000137088577)) REPRESENTATION_ITEM('') );
#418 = CARTESIAN_POINT('',(1.E-01,5.478104631727E-04,0.594787931602));
#419 = CARTESIAN_POINT('',(1.E-01,3.653572044893E-04,0.596523858401));
#420 = CARTESIAN_POINT('',(1.E-01,2.192831180766E-04,0.59826341629));
#421 = CARTESIAN_POINT('',(1.E-01,1.096652759717E-04,0.600005747314));
#422 = CARTESIAN_POINT('',(1.E-01,3.655943564777E-05,0.60174999185));
#423 = CARTESIAN_POINT('',(1.E-01,5.551115123126E-17,0.603495289159));
#424 = CARTESIAN_POINT('',(1.E-01,2.775557561563E-17,0.605240777928));
#425 = B_SPLINE_SURFACE_WITH_KNOTS('',8,8,(
    (#426,#427,#428,#429,#430,#431,#432,#433,#434)
    ,(#435,#436,#437,#438,#439,#440,#441,#442,#443)
    ,(#444,#445,#446,#447,#448,#449,#450,#451,#452)
    ,(#453,#454,#455,#456,#457,#458,#459,#460,#461)
    ,(#462,#463,#464,#465,#466,#467,#468,#469,#470)
    ,(#471,#472,#473,#474,#475,#476,#477,#478,#479)
    ,(#480,#481,#482,#483,#484,#485,#486,#487,#488)
    ,(#489,#490,#491,#492,#493,#494,#495,#496,#497)
    ,(#498,#499,#500,#501,#502,#503,#504,#505,#506
  )),.UNSPECIFIED.,.F.,.F.,.F.,(9,9),(9,9),(-7.778174593052E-02,
    7.778174593052E-02),(-8.855910256723E-03,7.315613219613E-03),
  .PIECEWISE_BEZIER_KNOTS.);
#426 = CARTESIAN_POINT('',(0.111418681421,1.418941430646E-03,
    0.591162527791));
#427 = CARTESIAN_POINT('',(0.110960249713,9.604387131485E-04,
    0.593160825431));
#428 = CARTESIAN_POINT('',(0.110673666688,6.735465348501E-04,
    0.595167933805));
#429 = CARTESIAN_POINT('',(0.111674862512,1.674870587181E-03,
    0.597244945927));
#430 = CARTESIAN_POINT('',(0.109469741577,-5.300162844859E-04,
    0.599149414281));
#431 = CARTESIAN_POINT('',(0.110814319134,8.139233406034E-04,
    0.601244605343));
#432 = CARTESIAN_POINT('',(0.110393110754,3.933739151128E-04,
    0.603244685123));
#433 = CARTESIAN_POINT('',(0.110359430326,3.594616380907E-04,
    0.605265856781));
#434 = CARTESIAN_POINT('',(0.110431260161,4.314286119172E-04,
    0.607292534228));
#435 = CARTESIAN_POINT('',(8.21338455849E-02,-3.66033377711E-04,
    0.590333899139));
#436 = CARTESIAN_POINT('',(8.154075795349E-02,-9.590931487613E-04,
    0.592325088229));
#437 = CARTESIAN_POINT('',(8.07522793198E-02,-1.747898187642E-03,
    0.594305628224));
#438 = CARTESIAN_POINT('',(8.150121672649E-02,-9.99028480757E-04,
    0.596367060196));
#439 = CARTESIAN_POINT('',(8.055503225661E-02,-1.945785479495E-03,
    0.598342900585));
#440 = CARTESIAN_POINT('',(8.154796584821E-02,-9.508146782422E-04,
    0.600415216244));
#441 = CARTESIAN_POINT('',(8.043567624911E-02,-2.06538989028E-03,
    0.602380876298));
#442 = CARTESIAN_POINT('',(8.053141895636E-02,-1.968997508563E-03,
    0.604408381183));
#443 = CARTESIAN_POINT('',(8.080072614923E-02,-1.699464167631E-03,
    0.606445543083));
#444 = CARTESIAN_POINT('',(5.908761826692E-02,4.088195396652E-03,
    0.589838071467));
#445 = CARTESIAN_POINT('',(5.863210882322E-02,3.633241961791E-03,
    0.591836698387));
#446 = CARTESIAN_POINT('',(6.094439973549E-02,5.95159531391E-03,
    0.593987643209));
#447 = CARTESIAN_POINT('',(5.180443304051E-02,-3.208085924102E-03,
    0.595506696813));
#448 = CARTESIAN_POINT('',(6.565687878132E-02,1.06725256939E-02,
    0.598290154487));
#449 = CARTESIAN_POINT('',(5.163276980172E-02,-3.379324326383E-03,
    0.599549463599));
#450 = CARTESIAN_POINT('',(5.983165047142E-02,4.836925142785E-03,
    0.602016081631));
#451 = CARTESIAN_POINT('',(5.850896082434E-02,3.512236096137E-03,
    0.6039662276));
#452 = CARTESIAN_POINT('',(5.808169405311E-02,3.083466748859E-03,
    0.605966735706));
#453 = CARTESIAN_POINT('',(4.394543785632E-02,1.644398966465E-02,
    0.589764692574));
#454 = CARTESIAN_POINT('',(4.567187915441E-02,1.816963313689E-02,
    0.591881205458));
#455 = CARTESIAN_POINT('',(4.362591837206E-02,1.611547954169E-02,
    0.593787092652));
#456 = CARTESIAN_POINT('',(5.502258554368E-02,2.754559015979E-02,
    0.596450304022));
#457 = CARTESIAN_POINT('',(2.277104167854E-02,-4.754790576029E-03,
    0.596695399232));
#458 = CARTESIAN_POINT('',(4.987207123821E-02,2.239212577008E-02,
    0.600211885893));
#459 = CARTESIAN_POINT('',(4.098689724071E-02,1.348001997624E-02,
    0.60173623703));
#460 = CARTESIAN_POINT('',(4.53982077061E-02,1.789364946958E-02,
    0.604001210415));
#461 = CARTESIAN_POINT('',(4.431968607367E-02,1.681696661161E-02,
    0.605966122543));
#462 = CARTESIAN_POINT('',(2.559561295174E-02,2.559561295131E-02,
    0.589514810223));
#463 = CARTESIAN_POINT('',(2.307979521386E-02,2.3079795213E-02,
    0.591400663564));
#464 = CARTESIAN_POINT('',(2.213981167623E-02,2.213981167643E-02,
    0.59338257282));
#465 = CARTESIAN_POINT('',(1.220064271475E-02,1.220064272212E-02,
    0.594841269873));
#466 = CARTESIAN_POINT('',(4.544230312167E-02,4.544230310995E-02,
    0.598706575924));
#467 = CARTESIAN_POINT('',(1.65142624841E-02,1.651426249144E-02,
    0.599124669815));
#468 = CARTESIAN_POINT('',(2.545262537497E-02,2.545262537339E-02,
    0.601657366692));
#469 = CARTESIAN_POINT('',(2.164239606112E-02,2.164239606122E-02,
    0.603468126791));
#470 = CARTESIAN_POINT('',(2.298193622302E-02,2.298193622315E-02,
    0.605562861623));
#471 = CARTESIAN_POINT('',(1.644398966435E-02,4.394543785681E-02,
    0.589764692574));
#472 = CARTESIAN_POINT('',(1.816963313593E-02,4.567187915479E-02,
    0.591881205458));
#473 = CARTESIAN_POINT('',(1.611547953939E-02,4.362591836935E-02,
    0.593787092651));
#474 = CARTESIAN_POINT('',(2.754559017233E-02,5.50225855456E-02,
    0.596450304023));
#475 = CARTESIAN_POINT('',(-4.754790597348E-03,2.277104167437E-02,
    0.596695399231));
#476 = CARTESIAN_POINT('',(2.239212578848E-02,4.987207124637E-02,
    0.600211885893));
#477 = CARTESIAN_POINT('',(1.34800199685E-02,4.098689723496E-02,
    0.60173623703));
#478 = CARTESIAN_POINT('',(1.78936494674E-02,4.539820770384E-02,
    0.604001210415));
#479 = CARTESIAN_POINT('',(1.6816966611E-02,4.4319686073E-02,
    0.605966122543));
#480 = CARTESIAN_POINT('',(4.088195396728E-03,5.908761826673E-02,
    0.589838071467));
#481 = CARTESIAN_POINT('',(3.633241962174E-03,5.863210882315E-02,
    0.591836698387));
#482 = CARTESIAN_POINT('',(5.951595315546E-03,6.094439973702E-02,
    0.593987643209));
#483 = CARTESIAN_POINT('',(-3.20808593495E-03,5.180443303423E-02,
    0.595506696813));
#484 = CARTESIAN_POINT('',(1.067252570738E-02,6.565687878799E-02,
    0.598290154488));
#485 = CARTESIAN_POINT('',(-3.379324336461E-03,5.163276979572E-02,
    0.599549463599));
#486 = CARTESIAN_POINT('',(4.83692514891E-03,5.983165047697E-02,
    0.602016081631));
#487 = CARTESIAN_POINT('',(3.51223609865E-03,5.850896082698E-02,
    0.6039662276));
#488 = CARTESIAN_POINT('',(3.083466749779E-03,5.80816940542E-02,
    0.605966735706));
#489 = CARTESIAN_POINT('',(-3.660333777875E-04,8.213384558487E-02,
    0.590333899139));
#490 = CARTESIAN_POINT('',(-9.590931484671E-04,8.154075795378E-02,
    0.592325088229));
#491 = CARTESIAN_POINT('',(-1.747898187169E-03,8.075227932041E-02,
    0.594305628224));
#492 = CARTESIAN_POINT('',(-9.990284785054E-04,8.150121672813E-02,
    0.596367060196));
#493 = CARTESIAN_POINT('',(-1.94578548433E-03,8.055503225269E-02,
    0.598342900585));
#494 = CARTESIAN_POINT('',(-9.508146738806E-04,8.154796585191E-02,
    0.600415216244));
#495 = CARTESIAN_POINT('',(-2.065389892016E-03,8.043567624757E-02,
    0.602380876298));
#496 = CARTESIAN_POINT('',(-1.968997509979E-03,8.053141895493E-02,
    0.604408381183));
#497 = CARTESIAN_POINT('',(-1.699464168313E-03,8.080072614859E-02,
    0.606445543083));
#498 = CARTESIAN_POINT('',(1.418941429988E-03,0.111418681421,
    0.591162527791));
#499 = CARTESIAN_POINT('',(9.604387129824E-04,0.110960249713,
    0.593160825431));
#500 = CARTESIAN_POINT('',(6.735465355257E-04,0.110673666689,
    0.595167933805));
#501 = CARTESIAN_POINT('',(1.674870584998E-03,0.111674862509,
    0.597244945927));
#502 = CARTESIAN_POINT('',(-5.300162816865E-04,0.10946974158,
    0.599149414281));
#503 = CARTESIAN_POINT('',(8.139233385871E-04,0.110814319131,
    0.601244605343));
#504 = CARTESIAN_POINT('',(3.933739160825E-04,0.110393110755,
    0.603244685123));
#505 = CARTESIAN_POINT('',(3.594616379717E-04,0.110359430326,
    0.605265856781));
#506 = CARTESIAN_POINT('',(4.314286125246E-04,0.110431260162,
    0.607292534228));
#507 = ADVANCED_FACE('',(#508),#533,.F.);
#508 = FACE_BOUND('',#509,.F.);
#509 = EDGE_LOOP('',(#510,#511,#519,#527));
#510 = ORIENTED_EDGE('',*,*,#149,.T.);
#511 = ORIENTED_EDGE('',*,*,#512,.T.);
#512 = EDGE_CURVE('',#150,#513,#515,.T.);
#513 = VERTEX_POINT('',#514);
#514 = CARTESIAN_POINT('',(1.387778780781E-17,2.92,0.694759222072));
#515 = LINE('',#516,#517);
#516 = CARTESIAN_POINT('',(-1.387778780781E-17,2.92,0.6));
#517 = VECTOR('',#518,1.);
#518 = DIRECTION('',(0.,0.,1.));
#519 = ORIENTED_EDGE('',*,*,#520,.F.);
#520 = EDGE_CURVE('',#521,#513,#523,.T.);
#521 = VERTEX_POINT('',#522);
#522 = CARTESIAN_POINT('',(-1.387778780781E-17,1.E-01,0.694759222072));
#523 = LINE('',#524,#525);
#524 = CARTESIAN_POINT('',(1.387778780781E-17,0.,0.694759222072));
#525 = VECTOR('',#526,1.);
#526 = DIRECTION('',(0.,1.,-0.));
#527 = ORIENTED_EDGE('',*,*,#528,.F.);
#528 = EDGE_CURVE('',#138,#521,#529,.T.);
#529 = LINE('',#530,#531);
#530 = CARTESIAN_POINT('',(-1.387778780781E-17,1.E-01,0.6));
#531 = VECTOR('',#532,1.);
#532 = DIRECTION('',(0.,0.,1.));
#533 = PLANE('',#534);
#534 = AXIS2_PLACEMENT_3D('',#535,#536,#537);
#535 = CARTESIAN_POINT('',(0.,0.,0.6));
#536 = DIRECTION('',(1.,0.,-0.));
#537 = DIRECTION('',(0.,0.,1.));
#538 = ADVANCED_FACE('',(#539),#550,.T.);
#539 = FACE_BOUND('',#540,.T.);
#540 = EDGE_LOOP('',(#541,#542,#549));
#541 = ORIENTED_EDGE('',*,*,#176,.F.);
#542 = ORIENTED_EDGE('',*,*,#543,.T.);
#543 = EDGE_CURVE('',#177,#222,#544,.T.);
#544 = CIRCLE('',#545,0.1);
#545 = AXIS2_PLACEMENT_3D('',#546,#547,#548);
#546 = CARTESIAN_POINT('',(0.147847733826,0.147847733826,0.15));
#547 = DIRECTION('',(-1.,2.832769448824E-16,0.));
#548 = DIRECTION('',(-2.832769448824E-16,-1.,0.));
#549 = ORIENTED_EDGE('',*,*,#229,.F.);
#550 = SPHERICAL_SURFACE('',#551,0.1);
#551 = AXIS2_PLACEMENT_3D('',#552,#553,#554);
#552 = CARTESIAN_POINT('',(0.147847733826,0.147847733826,0.15));
#553 = DIRECTION('',(0.,0.,1.));
#554 = DIRECTION('',(-1.,0.,0.));
#555 = ADVANCED_FACE('',(#556),#581,.F.);
#556 = FACE_BOUND('',#557,.F.);
#557 = EDGE_LOOP('',(#558,#559,#567,#575));
#558 = ORIENTED_EDGE('',*,*,#185,.F.);
#559 = ORIENTED_EDGE('',*,*,#560,.T.);
#560 = EDGE_CURVE('',#177,#561,#563,.T.);
#561 = VERTEX_POINT('',#562);
#562 = CARTESIAN_POINT('',(1.552152266174,0.147847733826,5.E-02));
#563 = LINE('',#564,#565);
#564 = CARTESIAN_POINT('',(5.780732939612E-02,0.147847733826,5.E-02));
#565 = VECTOR('',#566,1.);
#566 = DIRECTION('',(1.,0.,-0.));
#567 = ORIENTED_EDGE('',*,*,#568,.T.);
#568 = EDGE_CURVE('',#561,#569,#571,.T.);
#569 = VERTEX_POINT('',#570);
#570 = CARTESIAN_POINT('',(1.552152266174,2.872152266174,5.E-02));
#571 = LINE('',#572,#573);
#572 = CARTESIAN_POINT('',(1.552152266174,5.780732939612E-02,5.E-02));
#573 = VECTOR('',#574,1.);
#574 = DIRECTION('',(-0.,1.,-0.));
#575 = ORIENTED_EDGE('',*,*,#576,.F.);
#576 = EDGE_CURVE('',#186,#569,#577,.T.);
#577 = LINE('',#578,#579);
#578 = CARTESIAN_POINT('',(5.780732939612E-02,2.872152266174,5.E-02));
#579 = VECTOR('',#580,1.);
#580 = DIRECTION('',(1.,-0.,-0.));
#581 = PLANE('',#582);
#582 = AXIS2_PLACEMENT_3D('',#583,#584,#585);
#583 = CARTESIAN_POINT('',(0.,0.,5.E-02));
#584 = DIRECTION('',(0.,0.,1.));
#585 = DIRECTION('',(1.,0.,-0.));
#586 = ADVANCED_FACE('',(#587),#612,.T.);
#587 = FACE_BOUND('',#588,.T.);
#588 = EDGE_LOOP('',(#589,#590,#598,#606));
#589 = ORIENTED_EDGE('',*,*,#221,.T.);
#590 = ORIENTED_EDGE('',*,*,#591,.T.);
#591 = EDGE_CURVE('',#222,#592,#594,.T.);
#592 = VERTEX_POINT('',#593);
#593 = CARTESIAN_POINT('',(1.552152266174,4.839554428908E-02,
    0.139547153673));
#594 = LINE('',#595,#596);
#595 = CARTESIAN_POINT('',(5.780732939612E-02,4.839554428908E-02,
    0.139547153673));
#596 = VECTOR('',#597,1.);
#597 = DIRECTION('',(1.,0.,-0.));
#598 = ORIENTED_EDGE('',*,*,#599,.F.);
#599 = EDGE_CURVE('',#600,#592,#602,.T.);
#600 = VERTEX_POINT('',#601);
#601 = CARTESIAN_POINT('',(1.6,5.478104631726E-04,0.594787931602));
#602 = LINE('',#603,#604);
#603 = CARTESIAN_POINT('',(1.601622700477,-1.074890013952E-03,
    0.610226895341));
#604 = VECTOR('',#605,1.);
#605 = DIRECTION('',(-0.103962051184,0.103962051184,-0.989132844378));
#606 = ORIENTED_EDGE('',*,*,#607,.F.);
#607 = EDGE_CURVE('',#210,#600,#608,.T.);
#608 = LINE('',#609,#610);
#609 = CARTESIAN_POINT('',(0.,5.478104631727E-04,0.594787931602));
#610 = VECTOR('',#611,1.);
#611 = DIRECTION('',(1.,0.,-0.));
#612 = PLANE('',#613);
#613 = AXIS2_PLACEMENT_3D('',#614,#615,#616);
#614 = CARTESIAN_POINT('',(0.,0.,0.6));
#615 = DIRECTION('',(0.,-0.994521895368,-0.104528463268));
#616 = DIRECTION('',(1.,0.,0.));
#617 = ADVANCED_FACE('',(#618),#640,.T.);
#618 = FACE_BOUND('',#619,.T.);
#619 = EDGE_LOOP('',(#620,#621,#629,#639));
#620 = ORIENTED_EDGE('',*,*,#259,.T.);
#621 = ORIENTED_EDGE('',*,*,#622,.T.);
#622 = EDGE_CURVE('',#248,#623,#625,.T.);
#623 = VERTEX_POINT('',#624);
#624 = CARTESIAN_POINT('',(1.6,3.02,0.605240777928));
#625 = LINE('',#626,#627);
#626 = CARTESIAN_POINT('',(0.,3.02,0.605240777928));
#627 = VECTOR('',#628,1.);
#628 = DIRECTION('',(1.,0.,-0.));
#629 = ORIENTED_EDGE('',*,*,#630,.T.);
#630 = EDGE_CURVE('',#623,#364,#631,.T.);
#631 = ( BOUNDED_CURVE() B_SPLINE_CURVE(6,(#632,#633,#634,#635,#636,#637
,#638),.UNSPECIFIED.,.F.,.F.) B_SPLINE_CURVE_WITH_KNOTS((7,7),(0.,
0.10471975512),.PIECEWISE_BEZIER_KNOTS.) CURVE() 
GEOMETRIC_REPRESENTATION_ITEM() RATIONAL_B_SPLINE_CURVE((1.000137088577,
    1.00004568784,0.999990860763,0.999972587294,0.999990860763,
1.00004568784,1.000137088577)) REPRESENTATION_ITEM('') );
#632 = CARTESIAN_POINT('',(1.6,3.02,0.605240777928));
#633 = CARTESIAN_POINT('',(1.6,3.02,0.603495289159));
#634 = CARTESIAN_POINT('',(1.6,3.019963440564,0.60174999185));
#635 = CARTESIAN_POINT('',(1.6,3.019890334724,0.600005747314));
#636 = CARTESIAN_POINT('',(1.6,3.019780716882,0.59826341629));
#637 = CARTESIAN_POINT('',(1.6,3.019634642796,0.596523858401));
#638 = CARTESIAN_POINT('',(1.6,3.019452189537,0.594787931602));
#639 = ORIENTED_EDGE('',*,*,#371,.F.);
#640 = CYLINDRICAL_SURFACE('',#641,0.1);
#641 = AXIS2_PLACEMENT_3D('',#642,#643,#644);
#642 = CARTESIAN_POINT('',(0.,2.92,0.605240777928));
#643 = DIRECTION('',(1.,0.,-0.));
#644 = DIRECTION('',(-0.,0.994521895368,-0.104528463268));
#645 = ADVANCED_FACE('',(#646),#668,.T.);
#646 = FACE_BOUND('',#647,.F.);
#647 = EDGE_LOOP('',(#648,#649,#657,#667));
#648 = ORIENTED_EDGE('',*,*,#247,.F.);
#649 = ORIENTED_EDGE('',*,*,#650,.T.);
#650 = EDGE_CURVE('',#248,#651,#653,.T.);
#651 = VERTEX_POINT('',#652);
#652 = CARTESIAN_POINT('',(0.1,3.02,0.694759222072));
#653 = LINE('',#654,#655);
#654 = CARTESIAN_POINT('',(1.E-01,3.02,0.6));
#655 = VECTOR('',#656,1.);
#656 = DIRECTION('',(0.,0.,1.));
#657 = ORIENTED_EDGE('',*,*,#658,.T.);
#658 = EDGE_CURVE('',#651,#513,#659,.T.);
#659 = ( BOUNDED_CURVE() B_SPLINE_CURVE(6,(#660,#661,#662,#663,#664,#665
,#666),.UNSPECIFIED.,.F.,.F.) B_SPLINE_CURVE_WITH_KNOTS((7,7),(0.,
1.570796326795),.PIECEWISE_BEZIER_KNOTS.) CURVE() 
GEOMETRIC_REPRESENTATION_ITEM() RATIONAL_B_SPLINE_CURVE((1.031393471788,
    1.010025407661,0.997924642725,0.993958444137,0.997924642725,
1.010025407661,1.031393471788)) REPRESENTATION_ITEM('') );
#660 = CARTESIAN_POINT('',(1.E-01,3.02,0.694759222072));
#661 = CARTESIAN_POINT('',(7.326632168471E-02,3.02,0.694759222072));
#662 = CARTESIAN_POINT('',(4.722914274178E-02,3.011499564937,
    0.694759222072));
#663 = CARTESIAN_POINT('',(2.480804867977E-02,2.99519195132,
    0.694759222072));
#664 = CARTESIAN_POINT('',(8.500435063369E-03,2.972770857258,
    0.694759222072));
#665 = CARTESIAN_POINT('',(1.249000902703E-16,2.946733678315,
    0.694759222072));
#666 = CARTESIAN_POINT('',(-1.387778780781E-17,2.92,0.694759222072));
#667 = ORIENTED_EDGE('',*,*,#512,.F.);
#668 = CYLINDRICAL_SURFACE('',#669,0.1);
#669 = AXIS2_PLACEMENT_3D('',#670,#671,#672);
#670 = CARTESIAN_POINT('',(1.E-01,2.92,0.6));
#671 = DIRECTION('',(0.,0.,1.));
#672 = DIRECTION('',(-1.,-0.,0.));
#673 = ADVANCED_FACE('',(#674),#686,.T.);
#674 = FACE_BOUND('',#675,.F.);
#675 = EDGE_LOOP('',(#676,#677,#678,#685));
#676 = ORIENTED_EDGE('',*,*,#386,.F.);
#677 = ORIENTED_EDGE('',*,*,#576,.T.);
#678 = ORIENTED_EDGE('',*,*,#679,.T.);
#679 = EDGE_CURVE('',#569,#356,#680,.T.);
#680 = CIRCLE('',#681,0.1);
#681 = AXIS2_PLACEMENT_3D('',#682,#683,#684);
#682 = CARTESIAN_POINT('',(1.552152266174,2.872152266174,0.15));
#683 = DIRECTION('',(1.,-1.765920318935E-15,4.440892098501E-15));
#684 = DIRECTION('',(1.765920318935E-15,1.,7.84226159094E-30));
#685 = ORIENTED_EDGE('',*,*,#355,.F.);
#686 = CYLINDRICAL_SURFACE('',#687,0.1);
#687 = AXIS2_PLACEMENT_3D('',#688,#689,#690);
#688 = CARTESIAN_POINT('',(5.780732939612E-02,2.872152266174,0.15));
#689 = DIRECTION('',(1.,-0.,-0.));
#690 = DIRECTION('',(0.,0.994521895368,-0.104528463268));
#691 = ADVANCED_FACE('',(#692),#722,.T.);
#692 = FACE_BOUND('',#693,.T.);
#693 = EDGE_LOOP('',(#694,#706,#714,#721));
#694 = ORIENTED_EDGE('',*,*,#695,.T.);
#695 = EDGE_CURVE('',#364,#696,#698,.T.);
#696 = VERTEX_POINT('',#697);
#697 = CARTESIAN_POINT('',(1.699452189537,2.92,0.594787931602));
#698 = ( BOUNDED_CURVE() B_SPLINE_CURVE(6,(#699,#700,#701,#702,#703,#704
,#705),.UNSPECIFIED.,.F.,.F.) B_SPLINE_CURVE_WITH_KNOTS((7,7),(0.,
1.559869909752),.PIECEWISE_BEZIER_KNOTS.) CURVE() 
GEOMETRIC_REPRESENTATION_ITEM() RATIONAL_B_SPLINE_CURVE((1.030950613501,
    1.009890100201,0.997953445068,0.994040710927,0.997953445068,
1.009890100201,1.030950613501)) REPRESENTATION_ITEM('') );
#699 = CARTESIAN_POINT('',(1.6,3.019452189537,0.594787931602));
#700 = CARTESIAN_POINT('',(1.626396068307,3.019163780825,0.592043906005)
  );
#701 = CARTESIAN_POINT('',(1.652114481755,3.010549925217,0.590246144534)
  );
#702 = CARTESIAN_POINT('',(1.674311721695,2.994311721695,0.589619824568)
  );
#703 = CARTESIAN_POINT('',(1.690549925217,2.972114481755,0.590246144534)
  );
#704 = CARTESIAN_POINT('',(1.699163780825,2.946396068307,0.592043906005)
  );
#705 = CARTESIAN_POINT('',(1.699452189537,2.92,0.594787931602));
#706 = ORIENTED_EDGE('',*,*,#707,.T.);
#707 = EDGE_CURVE('',#696,#708,#710,.T.);
#708 = VERTEX_POINT('',#709);
#709 = CARTESIAN_POINT('',(1.651604455711,2.872152266174,0.139547153673)
  );
#710 = LINE('',#711,#712);
#711 = CARTESIAN_POINT('',(1.701074890014,2.921622700477,0.610226895341)
  );
#712 = VECTOR('',#713,1.);
#713 = DIRECTION('',(-0.103962051184,-0.103962051184,-0.989132844378));
#714 = ORIENTED_EDGE('',*,*,#715,.F.);
#715 = EDGE_CURVE('',#356,#708,#716,.T.);
#716 = CIRCLE('',#717,0.1);
#717 = AXIS2_PLACEMENT_3D('',#718,#719,#720);
#718 = CARTESIAN_POINT('',(1.552152266174,2.872152266174,0.15));
#719 = DIRECTION('',(-0.103962051184,-0.103962051184,-0.989132844378));
#720 = DIRECTION('',(2.22044604925E-15,0.994521895368,-0.104528463268));
#721 = ORIENTED_EDGE('',*,*,#363,.F.);
#722 = CYLINDRICAL_SURFACE('',#723,0.1);
#723 = AXIS2_PLACEMENT_3D('',#724,#725,#726);
#724 = CARTESIAN_POINT('',(1.601622700477,2.921622700477,0.620679741668)
  );
#725 = DIRECTION('',(-0.103962051184,-0.103962051184,-0.989132844378));
#726 = DIRECTION('',(1.734723475977E-18,0.994521895368,-0.104528463268)
  );
#727 = ADVANCED_FACE('',(#728),#750,.T.);
#728 = FACE_BOUND('',#729,.F.);
#729 = EDGE_LOOP('',(#730,#731,#739,#749));
#730 = ORIENTED_EDGE('',*,*,#416,.T.);
#731 = ORIENTED_EDGE('',*,*,#732,.T.);
#732 = EDGE_CURVE('',#405,#733,#735,.T.);
#733 = VERTEX_POINT('',#734);
#734 = CARTESIAN_POINT('',(1.6,8.326672684689E-17,0.605240777928));
#735 = LINE('',#736,#737);
#736 = CARTESIAN_POINT('',(0.,2.775557561563E-17,0.605240777928));
#737 = VECTOR('',#738,1.);
#738 = DIRECTION('',(1.,0.,-0.));
#739 = ORIENTED_EDGE('',*,*,#740,.T.);
#740 = EDGE_CURVE('',#733,#600,#741,.T.);
#741 = ( BOUNDED_CURVE() B_SPLINE_CURVE(6,(#742,#743,#744,#745,#746,#747
,#748),.UNSPECIFIED.,.F.,.F.) B_SPLINE_CURVE_WITH_KNOTS((7,7),(0.,
0.10471975512),.PIECEWISE_BEZIER_KNOTS.) CURVE() 
GEOMETRIC_REPRESENTATION_ITEM() RATIONAL_B_SPLINE_CURVE((1.000137088577,
    1.00004568784,0.999990860763,0.999972587294,0.999990860763,
1.00004568784,1.000137088577)) REPRESENTATION_ITEM('') );
#742 = CARTESIAN_POINT('',(1.6,2.775557561563E-17,0.605240777928));
#743 = CARTESIAN_POINT('',(1.6,5.551115123126E-17,0.603495289159));
#744 = CARTESIAN_POINT('',(1.6,3.655943564777E-05,0.60174999185));
#745 = CARTESIAN_POINT('',(1.6,1.096652759717E-04,0.600005747314));
#746 = CARTESIAN_POINT('',(1.6,2.192831180766E-04,0.59826341629));
#747 = CARTESIAN_POINT('',(1.6,3.653572044893E-04,0.596523858401));
#748 = CARTESIAN_POINT('',(1.6,5.478104631727E-04,0.594787931602));
#749 = ORIENTED_EDGE('',*,*,#607,.F.);
#750 = CYLINDRICAL_SURFACE('',#751,0.1);
#751 = AXIS2_PLACEMENT_3D('',#752,#753,#754);
#752 = CARTESIAN_POINT('',(0.,0.1,0.605240777928));
#753 = DIRECTION('',(1.,0.,-0.));
#754 = DIRECTION('',(0.,-0.994521895368,-0.104528463268));
#755 = ADVANCED_FACE('',(#756),#778,.T.);
#756 = FACE_BOUND('',#757,.T.);
#757 = EDGE_LOOP('',(#758,#759,#767,#777));
#758 = ORIENTED_EDGE('',*,*,#404,.F.);
#759 = ORIENTED_EDGE('',*,*,#760,.T.);
#760 = EDGE_CURVE('',#405,#761,#763,.T.);
#761 = VERTEX_POINT('',#762);
#762 = CARTESIAN_POINT('',(1.E-01,-1.387778780781E-17,0.694759222072));
#763 = LINE('',#764,#765);
#764 = CARTESIAN_POINT('',(1.E-01,-1.387778780781E-17,0.6));
#765 = VECTOR('',#766,1.);
#766 = DIRECTION('',(0.,0.,1.));
#767 = ORIENTED_EDGE('',*,*,#768,.F.);
#768 = EDGE_CURVE('',#521,#761,#769,.T.);
#769 = ( BOUNDED_CURVE() B_SPLINE_CURVE(6,(#770,#771,#772,#773,#774,#775
,#776),.UNSPECIFIED.,.F.,.F.) B_SPLINE_CURVE_WITH_KNOTS((7,7),(0.,
1.570796326795),.PIECEWISE_BEZIER_KNOTS.) CURVE() 
GEOMETRIC_REPRESENTATION_ITEM() RATIONAL_B_SPLINE_CURVE((1.031393471788,
    1.010025407661,0.997924642725,0.993958444137,0.997924642725,
1.010025407661,1.031393471788)) REPRESENTATION_ITEM('') );
#770 = CARTESIAN_POINT('',(-1.387778780781E-17,1.E-01,0.694759222072));
#771 = CARTESIAN_POINT('',(1.249000902703E-16,7.326632168471E-02,
    0.694759222072));
#772 = CARTESIAN_POINT('',(8.500435063369E-03,4.722914274178E-02,
    0.694759222072));
#773 = CARTESIAN_POINT('',(2.480804867977E-02,2.480804867977E-02,
    0.694759222072));
#774 = CARTESIAN_POINT('',(4.722914274178E-02,8.500435063369E-03,
    0.694759222072));
#775 = CARTESIAN_POINT('',(7.326632168471E-02,-1.387778780781E-17,
    0.694759222072));
#776 = CARTESIAN_POINT('',(1.E-01,-1.387778780781E-17,0.694759222072));
#777 = ORIENTED_EDGE('',*,*,#528,.F.);
#778 = CYLINDRICAL_SURFACE('',#779,0.1);
#779 = AXIS2_PLACEMENT_3D('',#780,#781,#782);
#780 = CARTESIAN_POINT('',(1.E-01,1.E-01,0.6));
#781 = DIRECTION('',(0.,0.,1.));
#782 = DIRECTION('',(-1.,-0.,0.));
#783 = ADVANCED_FACE('',(#784),#817,.T.);
#784 = FACE_BOUND('',#785,.T.);
#785 = EDGE_LOOP('',(#786,#798,#806,#816));
#786 = ORIENTED_EDGE('',*,*,#787,.F.);
#787 = EDGE_CURVE('',#788,#521,#790,.T.);
#788 = VERTEX_POINT('',#789);
#789 = CARTESIAN_POINT('',(5.478104631727E-04,0.1,0.705212068398));
#790 = ( BOUNDED_CURVE() B_SPLINE_CURVE(6,(#791,#792,#793,#794,#795,#796
,#797),.UNSPECIFIED.,.F.,.F.) B_SPLINE_CURVE_WITH_KNOTS((7,7),(0.,
0.10471975512),.PIECEWISE_BEZIER_KNOTS.) CURVE() 
GEOMETRIC_REPRESENTATION_ITEM() RATIONAL_B_SPLINE_CURVE((1.000137088577,
    1.00004568784,0.999990860763,0.999972587294,0.999990860763,
1.00004568784,1.000137088577)) REPRESENTATION_ITEM('') );
#791 = CARTESIAN_POINT('',(5.478104631727E-04,0.1,0.705212068398));
#792 = CARTESIAN_POINT('',(3.653572044893E-04,0.1,0.703476141599));
#793 = CARTESIAN_POINT('',(2.192831180767E-04,0.1,0.70173658371));
#794 = CARTESIAN_POINT('',(1.096652759717E-04,0.1,0.699994252686));
#795 = CARTESIAN_POINT('',(3.655943564763E-05,0.1,0.69825000815));
#796 = CARTESIAN_POINT('',(1.387778780781E-16,0.1,0.696504710841));
#797 = CARTESIAN_POINT('',(1.387778780781E-17,0.1,0.694759222072));
#798 = ORIENTED_EDGE('',*,*,#799,.T.);
#799 = EDGE_CURVE('',#788,#800,#802,.T.);
#800 = VERTEX_POINT('',#801);
#801 = CARTESIAN_POINT('',(5.478104631727E-04,2.92,0.705212068398));
#802 = LINE('',#803,#804);
#803 = CARTESIAN_POINT('',(5.478104631727E-04,0.,0.705212068398));
#804 = VECTOR('',#805,1.);
#805 = DIRECTION('',(0.,1.,-0.));
#806 = ORIENTED_EDGE('',*,*,#807,.F.);
#807 = EDGE_CURVE('',#513,#800,#808,.T.);
#808 = ( BOUNDED_CURVE() B_SPLINE_CURVE(6,(#809,#810,#811,#812,#813,#814
,#815),.UNSPECIFIED.,.F.,.F.) B_SPLINE_CURVE_WITH_KNOTS((7,7),(0.,
0.10471975512),.PIECEWISE_BEZIER_KNOTS.) CURVE() 
GEOMETRIC_REPRESENTATION_ITEM() RATIONAL_B_SPLINE_CURVE((1.000137088577,
    1.00004568784,0.999990860763,0.999972587294,0.999990860763,
1.00004568784,1.000137088577)) REPRESENTATION_ITEM('') );
#809 = CARTESIAN_POINT('',(1.387778780781E-17,2.92,0.694759222072));
#810 = CARTESIAN_POINT('',(1.387778780781E-16,2.92,0.696504710841));
#811 = CARTESIAN_POINT('',(3.655943564763E-05,2.92,0.69825000815));
#812 = CARTESIAN_POINT('',(1.096652759717E-04,2.92,0.699994252686));
#813 = CARTESIAN_POINT('',(2.192831180767E-04,2.92,0.70173658371));
#814 = CARTESIAN_POINT('',(3.653572044893E-04,2.92,0.703476141599));
#815 = CARTESIAN_POINT('',(5.478104631727E-04,2.92,0.705212068398));
#816 = ORIENTED_EDGE('',*,*,#520,.F.);
#817 = CYLINDRICAL_SURFACE('',#818,0.1);
#818 = AXIS2_PLACEMENT_3D('',#819,#820,#821);
#819 = CARTESIAN_POINT('',(0.1,0.,0.694759222072));
#820 = DIRECTION('',(0.,1.,-0.));
#821 = DIRECTION('',(-1.,0.,0.));
#822 = ADVANCED_FACE('',(#823),#835,.T.);
#823 = FACE_BOUND('',#824,.T.);
#824 = EDGE_LOOP('',(#825,#826,#827,#834));
#825 = ORIENTED_EDGE('',*,*,#543,.F.);
#826 = ORIENTED_EDGE('',*,*,#560,.T.);
#827 = ORIENTED_EDGE('',*,*,#828,.T.);
#828 = EDGE_CURVE('',#561,#592,#829,.T.);
#829 = CIRCLE('',#830,0.1);
#830 = AXIS2_PLACEMENT_3D('',#831,#832,#833);
#831 = CARTESIAN_POINT('',(1.552152266174,0.147847733826,0.15));
#832 = DIRECTION('',(-1.,-1.765920318935E-15,-4.440892098501E-15));
#833 = DIRECTION('',(1.765920318935E-15,-1.,2.775557561563E-16));
#834 = ORIENTED_EDGE('',*,*,#591,.F.);
#835 = CYLINDRICAL_SURFACE('',#836,0.1);
#836 = AXIS2_PLACEMENT_3D('',#837,#838,#839);
#837 = CARTESIAN_POINT('',(5.780732939612E-02,0.147847733826,0.15));
#838 = DIRECTION('',(1.,0.,-0.));
#839 = DIRECTION('',(0.,-0.994521895368,-0.104528463268));
#840 = ADVANCED_FACE('',(#841),#866,.T.);
#841 = FACE_BOUND('',#842,.F.);
#842 = EDGE_LOOP('',(#843,#852,#858,#865));
#843 = ORIENTED_EDGE('',*,*,#844,.T.);
#844 = EDGE_CURVE('',#561,#845,#847,.T.);
#845 = VERTEX_POINT('',#846);
#846 = CARTESIAN_POINT('',(1.651604455711,0.147847733826,0.139547153673)
  );
#847 = CIRCLE('',#848,0.1);
#848 = AXIS2_PLACEMENT_3D('',#849,#850,#851);
#849 = CARTESIAN_POINT('',(1.552152266174,0.147847733826,0.15));
#850 = DIRECTION('',(-2.937134653477E-16,-1.,2.775557561563E-16));
#851 = DIRECTION('',(1.,-2.937134653477E-16,4.440892098501E-15));
#852 = ORIENTED_EDGE('',*,*,#853,.T.);
#853 = EDGE_CURVE('',#845,#708,#854,.T.);
#854 = LINE('',#855,#856);
#855 = CARTESIAN_POINT('',(1.651604455711,5.780732939612E-02,
    0.139547153673));
#856 = VECTOR('',#857,1.);
#857 = DIRECTION('',(-0.,1.,-0.));
#858 = ORIENTED_EDGE('',*,*,#859,.F.);
#859 = EDGE_CURVE('',#569,#708,#860,.T.);
#860 = CIRCLE('',#861,0.1);
#861 = AXIS2_PLACEMENT_3D('',#862,#863,#864);
#862 = CARTESIAN_POINT('',(1.552152266174,2.872152266174,0.15));
#863 = DIRECTION('',(2.736204119523E-15,-1.,1.215118725427E-29));
#864 = DIRECTION('',(1.,2.736204119523E-15,4.440892098501E-15));
#865 = ORIENTED_EDGE('',*,*,#568,.F.);
#866 = CYLINDRICAL_SURFACE('',#867,0.1);
#867 = AXIS2_PLACEMENT_3D('',#868,#869,#870);
#868 = CARTESIAN_POINT('',(1.552152266174,5.780732939612E-02,0.15));
#869 = DIRECTION('',(-0.,1.,-0.));
#870 = DIRECTION('',(0.,-0.,-1.));
#871 = ADVANCED_FACE('',(#872),#900,.T.);
#872 = FACE_BOUND('',#873,.F.);
#873 = EDGE_LOOP('',(#874,#886,#892,#899));
#874 = ORIENTED_EDGE('',*,*,#875,.T.);
#875 = EDGE_CURVE('',#600,#876,#878,.T.);
#876 = VERTEX_POINT('',#877);
#877 = CARTESIAN_POINT('',(1.699452189537,0.1,0.594787931602));
#878 = ( BOUNDED_CURVE() B_SPLINE_CURVE(6,(#879,#880,#881,#882,#883,#884
,#885),.UNSPECIFIED.,.F.,.F.) B_SPLINE_CURVE_WITH_KNOTS((7,7),(0.,
1.559869909752),.PIECEWISE_BEZIER_KNOTS.) CURVE() 
GEOMETRIC_REPRESENTATION_ITEM() RATIONAL_B_SPLINE_CURVE((1.030950613501,
    1.009890100201,0.997953445068,0.994040710927,0.997953445068,
1.009890100201,1.030950613501)) REPRESENTATION_ITEM('') );
#879 = CARTESIAN_POINT('',(1.6,5.478104631727E-04,0.594787931602));
#880 = CARTESIAN_POINT('',(1.626396068307,8.362191750262E-04,
    0.592043906005));
#881 = CARTESIAN_POINT('',(1.652114481755,9.450074782514E-03,
    0.590246144534));
#882 = CARTESIAN_POINT('',(1.674311721695,2.568827830487E-02,
    0.589619824568));
#883 = CARTESIAN_POINT('',(1.690549925217,4.788551824518E-02,
    0.590246144534));
#884 = CARTESIAN_POINT('',(1.699163780825,7.360393169276E-02,
    0.592043906005));
#885 = CARTESIAN_POINT('',(1.699452189537,1.E-01,0.594787931602));
#886 = ORIENTED_EDGE('',*,*,#887,.T.);
#887 = EDGE_CURVE('',#876,#845,#888,.T.);
#888 = LINE('',#889,#890);
#889 = CARTESIAN_POINT('',(1.701074890014,9.837729952288E-02,
    0.610226895341));
#890 = VECTOR('',#891,1.);
#891 = DIRECTION('',(-0.103962051184,0.103962051184,-0.989132844378));
#892 = ORIENTED_EDGE('',*,*,#893,.F.);
#893 = EDGE_CURVE('',#592,#845,#894,.T.);
#894 = CIRCLE('',#895,0.1);
#895 = AXIS2_PLACEMENT_3D('',#896,#897,#898);
#896 = CARTESIAN_POINT('',(1.552152266174,0.147847733826,0.15));
#897 = DIRECTION('',(0.103962051184,-0.103962051184,0.989132844378));
#898 = DIRECTION('',(2.222180772726E-15,-0.994521895368,-0.104528463268)
  );
#899 = ORIENTED_EDGE('',*,*,#599,.F.);
#900 = CYLINDRICAL_SURFACE('',#901,0.1);
#901 = AXIS2_PLACEMENT_3D('',#902,#903,#904);
#902 = CARTESIAN_POINT('',(1.601622700477,9.837729952288E-02,
    0.620679741668));
#903 = DIRECTION('',(-0.103962051184,0.103962051184,-0.989132844378));
#904 = DIRECTION('',(1.734723475977E-18,-0.994521895368,-0.104528463268)
  );
#905 = ADVANCED_FACE('',(#906),#924,.T.);
#906 = FACE_BOUND('',#907,.T.);
#907 = EDGE_LOOP('',(#908,#909,#910,#918));
#908 = ORIENTED_EDGE('',*,*,#622,.F.);
#909 = ORIENTED_EDGE('',*,*,#650,.T.);
#910 = ORIENTED_EDGE('',*,*,#911,.T.);
#911 = EDGE_CURVE('',#651,#912,#914,.T.);
#912 = VERTEX_POINT('',#913);
#913 = CARTESIAN_POINT('',(1.6,3.02,0.694759222072));
#914 = LINE('',#915,#916);
#915 = CARTESIAN_POINT('',(0.,3.02,0.694759222072));
#916 = VECTOR('',#917,1.);
#917 = DIRECTION('',(1.,0.,0.));
#918 = ORIENTED_EDGE('',*,*,#919,.F.);
#919 = EDGE_CURVE('',#623,#912,#920,.T.);
#920 = LINE('',#921,#922);
#921 = CARTESIAN_POINT('',(1.6,3.02,0.6));
#922 = VECTOR('',#923,1.);
#923 = DIRECTION('',(0.,0.,1.));
#924 = PLANE('',#925);
#925 = AXIS2_PLACEMENT_3D('',#926,#927,#928);
#926 = CARTESIAN_POINT('',(0.,3.02,0.6));
#927 = DIRECTION('',(-0.,1.,0.));
#928 = DIRECTION('',(0.,0.,1.));
#929 = ADVANCED_FACE('',(#930),#956,.T.);
#930 = FACE_BOUND('',#931,.T.);
#931 = EDGE_LOOP('',(#932,#933,#934,#946));
#932 = ORIENTED_EDGE('',*,*,#695,.F.);
#933 = ORIENTED_EDGE('',*,*,#630,.F.);
#934 = ORIENTED_EDGE('',*,*,#935,.F.);
#935 = EDGE_CURVE('',#936,#623,#938,.T.);
#936 = VERTEX_POINT('',#937);
#937 = CARTESIAN_POINT('',(1.7,2.92,0.605240777928));
#938 = ( BOUNDED_CURVE() B_SPLINE_CURVE(6,(#939,#940,#941,#942,#943,#944
,#945),.UNSPECIFIED.,.F.,.F.) B_SPLINE_CURVE_WITH_KNOTS((7,7),(0.,
1.570796326795),.PIECEWISE_BEZIER_KNOTS.) CURVE() 
GEOMETRIC_REPRESENTATION_ITEM() RATIONAL_B_SPLINE_CURVE((1.031393471788,
    1.010025407661,0.997924642725,0.993958444137,0.997924642725,
1.010025407661,1.031393471788)) REPRESENTATION_ITEM('') );
#939 = CARTESIAN_POINT('',(1.7,2.92,0.605240777928));
#940 = CARTESIAN_POINT('',(1.7,2.946733678315,0.605240777928));
#941 = CARTESIAN_POINT('',(1.691499564937,2.972770857258,0.605240777928)
  );
#942 = CARTESIAN_POINT('',(1.67519195132,2.99519195132,0.605240777928));
#943 = CARTESIAN_POINT('',(1.652770857258,3.011499564937,0.605240777928)
  );
#944 = CARTESIAN_POINT('',(1.626733678315,3.02,0.605240777928));
#945 = CARTESIAN_POINT('',(1.6,3.02,0.605240777928));
#946 = ORIENTED_EDGE('',*,*,#947,.F.);
#947 = EDGE_CURVE('',#696,#936,#948,.T.);
#948 = ( BOUNDED_CURVE() B_SPLINE_CURVE(6,(#949,#950,#951,#952,#953,#954
,#955),.UNSPECIFIED.,.F.,.F.) B_SPLINE_CURVE_WITH_KNOTS((7,7),(0.,
0.10471975512),.PIECEWISE_BEZIER_KNOTS.) CURVE() 
GEOMETRIC_REPRESENTATION_ITEM() RATIONAL_B_SPLINE_CURVE((1.000137088577,
    1.00004568784,0.999990860763,0.999972587294,0.999990860763,
1.00004568784,1.000137088577)) REPRESENTATION_ITEM('') );
#949 = CARTESIAN_POINT('',(1.699452189537,2.92,0.594787931602));
#950 = CARTESIAN_POINT('',(1.699634642796,2.92,0.596523858401));
#951 = CARTESIAN_POINT('',(1.699780716882,2.92,0.59826341629));
#952 = CARTESIAN_POINT('',(1.699890334724,2.92,0.600005747314));
#953 = CARTESIAN_POINT('',(1.699963440564,2.92,0.60174999185));
#954 = CARTESIAN_POINT('',(1.7,2.92,0.603495289159));
#955 = CARTESIAN_POINT('',(1.7,2.92,0.605240777928));
#956 = B_SPLINE_SURFACE_WITH_KNOTS('',8,8,(
    (#957,#958,#959,#960,#961,#962,#963,#964,#965)
    ,(#966,#967,#968,#969,#970,#971,#972,#973,#974)
    ,(#975,#976,#977,#978,#979,#980,#981,#982,#983)
    ,(#984,#985,#986,#987,#988,#989,#990,#991,#992)
    ,(#993,#994,#995,#996,#997,#998,#999,#1000,#1001)
    ,(#1002,#1003,#1004,#1005,#1006,#1007,#1008,#1009,#1010)
    ,(#1011,#1012,#1013,#1014,#1015,#1016,#1017,#1018,#1019)
    ,(#1020,#1021,#1022,#1023,#1024,#1025,#1026,#1027,#1028)
    ,(#1029,#1030,#1031,#1032,#1033,#1034,#1035,#1036,#1037
  )),.UNSPECIFIED.,.F.,.F.,.F.,(9,9),(9,9),(-7.778174593052E-02,
    7.778174593052E-02),(-8.855910256723E-03,7.315613219613E-03),
  .PIECEWISE_BEZIER_KNOTS.);
#957 = CARTESIAN_POINT('',(1.698581058571,2.90858131858,0.591162527791)
  );
#958 = CARTESIAN_POINT('',(1.699039561287,2.909039750288,0.593160825431)
  );
#959 = CARTESIAN_POINT('',(1.699326453464,2.909326333311,0.595167933805)
  );
#960 = CARTESIAN_POINT('',(1.698325129414,2.908325137491,0.597244945927)
  );
#961 = CARTESIAN_POINT('',(1.700530016284,2.910530258421,0.599149414281)
  );
#962 = CARTESIAN_POINT('',(1.699186076659,2.909185680867,0.601244605343)
  );
#963 = CARTESIAN_POINT('',(1.699606626086,2.909606889246,0.603244685123)
  );
#964 = CARTESIAN_POINT('',(1.699640538362,2.909640569674,0.605265856781)
  );
#965 = CARTESIAN_POINT('',(1.699568571389,2.90956873984,0.607292534228)
  );
#966 = CARTESIAN_POINT('',(1.700366033377,2.937866154415,0.590333899139)
  );
#967 = CARTESIAN_POINT('',(1.700959093148,2.938459242046,0.592325088229)
  );
#968 = CARTESIAN_POINT('',(1.701747898185,2.939247720676,0.594305628224)
  );
#969 = CARTESIAN_POINT('',(1.700999028484,2.938498783279,0.596367060196)
  );
#970 = CARTESIAN_POINT('',(1.701945785472,2.939444967733,0.598342900585)
  );
#971 = CARTESIAN_POINT('',(1.700950814684,2.938452034161,0.600415216244)
  );
#972 = CARTESIAN_POINT('',(1.702065389887,2.939564323746,0.602380876298)
  );
#973 = CARTESIAN_POINT('',(1.701968997506,2.939468581041,0.604408381183)
  );
#974 = CARTESIAN_POINT('',(1.701699464166,2.939199273849,0.606445543083)
  );
#975 = CARTESIAN_POINT('',(1.695911804604,2.960912381734,0.589838071467)
  );
#976 = CARTESIAN_POINT('',(1.696366758039,2.961367891177,0.591836698386)
  );
#977 = CARTESIAN_POINT('',(1.694048404682,2.959055600263,0.593987643209)
  );
#978 = CARTESIAN_POINT('',(1.703208085947,2.968195566974,0.595506696811)
  );
#979 = CARTESIAN_POINT('',(1.68932747429,2.954343121217,0.598290154489)
  );
#980 = CARTESIAN_POINT('',(1.703379324328,2.968367230188,0.599549463598)
  );
#981 = CARTESIAN_POINT('',(1.695163074866,2.960168349541,0.602016081632)
  );
#982 = CARTESIAN_POINT('',(1.696487763909,2.961491039181,0.6039662276));
#983 = CARTESIAN_POINT('',(1.696916533254,2.961918305949,0.605966735706)
  );
#984 = CARTESIAN_POINT('',(1.683556010335,2.976054562143,0.589764692574)
  );
#985 = CARTESIAN_POINT('',(1.681830366863,2.974328120846,0.591881205458)
  );
#986 = CARTESIAN_POINT('',(1.683884520464,2.976374081631,0.59378709265)
  );
#987 = CARTESIAN_POINT('',(1.67245440982,2.964977414452,0.596450304025)
  );
#988 = CARTESIAN_POINT('',(1.704754790595,2.997228958314,0.596695399228)
  );
#989 = CARTESIAN_POINT('',(1.67760787425,2.970127928802,0.600211885894)
  );
#990 = CARTESIAN_POINT('',(1.686519980007,2.979013102736,0.601736237029)
  );
#991 = CARTESIAN_POINT('',(1.682106350521,2.974601792284,0.604001210416)
  );
#992 = CARTESIAN_POINT('',(1.683183033385,2.975680313923,0.605966122543)
  );
#993 = CARTESIAN_POINT('',(1.674404387049,2.994404387049,0.589514810223)
  );
#994 = CARTESIAN_POINT('',(1.676920204786,2.996920204786,0.591400663564)
  );
#995 = CARTESIAN_POINT('',(1.67786018832,2.997860188323,0.593382572822)
  );
#996 = CARTESIAN_POINT('',(1.68779935729,3.007799357281,0.59484126987));
#997 = CARTESIAN_POINT('',(1.654557696894,2.974557696911,0.598706575928)
  );
#998 = CARTESIAN_POINT('',(1.683485737478,3.003485737464,0.599124669813)
  );
#999 = CARTESIAN_POINT('',(1.674547374648,2.994547374652,0.601657366693)
  );
#1000 = CARTESIAN_POINT('',(1.67835760395,2.99835760395,0.60346812679));
#1001 = CARTESIAN_POINT('',(1.67701806378,2.99701806378,0.605562861623)
  );
#1002 = CARTESIAN_POINT('',(1.656054562143,3.003556010335,0.589764692574
    ));
#1003 = CARTESIAN_POINT('',(1.654328120846,3.001830366864,0.591881205458
    ));
#1004 = CARTESIAN_POINT('',(1.65637408163,3.003884520457,0.593787092651)
  );
#1005 = CARTESIAN_POINT('',(1.64497741446,2.992454409844,0.596450304024)
  );
#1006 = CARTESIAN_POINT('',(1.677228958304,3.024754790559,0.596695399229
    ));
#1007 = CARTESIAN_POINT('',(1.650127928788,2.997607874257,0.600211885894
    ));
#1008 = CARTESIAN_POINT('',(1.659013102747,3.006519980011,0.601736237029
    ));
#1009 = CARTESIAN_POINT('',(1.654601792287,3.002106350523,0.604001210416
    ));
#1010 = CARTESIAN_POINT('',(1.655680313924,3.003183033386,0.605966122543
    ));
#1011 = CARTESIAN_POINT('',(1.640912381733,3.015911804603,0.589838071467
    ));
#1012 = CARTESIAN_POINT('',(1.641367891177,3.016366758038,0.591836698386
    ));
#1013 = CARTESIAN_POINT('',(1.639055600266,3.014048404688,0.593987643209
    ));
#1014 = CARTESIAN_POINT('',(1.648195566946,3.023208085913,0.595506696813
    ));
#1015 = CARTESIAN_POINT('',(1.634343121232,3.009327474315,0.598290154488
    ));
#1016 = CARTESIAN_POINT('',(1.648367230188,3.023379324319,0.599549463598
    ));
#1017 = CARTESIAN_POINT('',(1.640168349533,3.01516307486,0.602016081632)
  );
#1018 = CARTESIAN_POINT('',(1.641491039178,3.016487763906,0.6039662276)
  );
#1019 = CARTESIAN_POINT('',(1.641918305948,3.016916533252,0.605966735706
    ));
#1020 = CARTESIAN_POINT('',(1.617866154415,3.020366033378,0.590333899139
    ));
#1021 = CARTESIAN_POINT('',(1.618459242047,3.020959093149,0.592325088229
    ));
#1022 = CARTESIAN_POINT('',(1.61924772068,3.021747898188,0.594305628224)
  );
#1023 = CARTESIAN_POINT('',(1.618498783277,3.020999028483,0.596367060196
    ));
#1024 = CARTESIAN_POINT('',(1.619444967738,3.021945785476,0.598342900585
    ));
#1025 = CARTESIAN_POINT('',(1.618452034155,3.02095081468,0.600415216244)
  );
#1026 = CARTESIAN_POINT('',(1.61956432375,3.02206538989,0.602380876298)
  );
#1027 = CARTESIAN_POINT('',(1.619468581043,3.021968997508,0.604408381183
    ));
#1028 = CARTESIAN_POINT('',(1.61919927385,3.021699464168,0.606445543083)
  );
#1029 = CARTESIAN_POINT('',(1.588581318578,3.018581058569,0.591162527792
    ));
#1030 = CARTESIAN_POINT('',(1.589039750287,3.019039561287,0.593160825431
    ));
#1031 = CARTESIAN_POINT('',(1.589326333312,3.019326453465,0.595167933805
    ));
#1032 = CARTESIAN_POINT('',(1.588325137487,3.018325129411,0.597244945928
    ));
#1033 = CARTESIAN_POINT('',(1.590530258426,3.020530016287,0.599149414281
    ));
#1034 = CARTESIAN_POINT('',(1.589185680865,3.019186076658,0.601244605344
    ));
#1035 = CARTESIAN_POINT('',(1.589606889246,3.019606626086,0.603244685123
    ));
#1036 = CARTESIAN_POINT('',(1.589640569674,3.019640538362,0.605265856781
    ));
#1037 = CARTESIAN_POINT('',(1.589568739839,3.019568571388,0.607292534228
    ));
#1038 = ADVANCED_FACE('',(#1039),#1065,.T.);
#1039 = FACE_BOUND('',#1040,.T.);
#1040 = EDGE_LOOP('',(#1041,#1042,#1054,#1064));
#1041 = ORIENTED_EDGE('',*,*,#807,.T.);
#1042 = ORIENTED_EDGE('',*,*,#1043,.T.);
#1043 = EDGE_CURVE('',#800,#1044,#1046,.T.);
#1044 = VERTEX_POINT('',#1045);
#1045 = CARTESIAN_POINT('',(0.1,3.019452189537,0.705212068398));
#1046 = ( BOUNDED_CURVE() B_SPLINE_CURVE(6,(#1047,#1048,#1049,#1050,
#1051,#1052,#1053),.UNSPECIFIED.,.F.,.F.) B_SPLINE_CURVE_WITH_KNOTS((7,7
),(0.,1.559869909752),.PIECEWISE_BEZIER_KNOTS.) CURVE() 
GEOMETRIC_REPRESENTATION_ITEM() RATIONAL_B_SPLINE_CURVE((1.030950613501,
    1.009890100201,0.997953445068,0.994040710927,0.997953445068,
1.009890100201,1.030950613501)) REPRESENTATION_ITEM('') );
#1047 = CARTESIAN_POINT('',(5.478104631727E-04,2.92,0.705212068398));
#1048 = CARTESIAN_POINT('',(8.362191750263E-04,2.946396068307,
    0.707956093995));
#1049 = CARTESIAN_POINT('',(9.450074782514E-03,2.972114481755,
    0.709753855466));
#1050 = CARTESIAN_POINT('',(2.568827830487E-02,2.994311721695,
    0.710380175432));
#1051 = CARTESIAN_POINT('',(4.788551824518E-02,3.010549925217,
    0.709753855466));
#1052 = CARTESIAN_POINT('',(7.360393169276E-02,3.019163780825,
    0.707956093995));
#1053 = CARTESIAN_POINT('',(0.1,3.019452189537,0.705212068398));
#1054 = ORIENTED_EDGE('',*,*,#1055,.T.);
#1055 = EDGE_CURVE('',#1044,#651,#1056,.T.);
#1056 = ( BOUNDED_CURVE() B_SPLINE_CURVE(6,(#1057,#1058,#1059,#1060,
#1061,#1062,#1063),.UNSPECIFIED.,.F.,.F.) B_SPLINE_CURVE_WITH_KNOTS((7,7
),(0.,0.10471975512),.PIECEWISE_BEZIER_KNOTS.) CURVE() 
GEOMETRIC_REPRESENTATION_ITEM() RATIONAL_B_SPLINE_CURVE((1.000137088577,
    1.00004568784,0.999990860763,0.999972587294,0.999990860763,
1.00004568784,1.000137088577)) REPRESENTATION_ITEM('') );
#1057 = CARTESIAN_POINT('',(0.1,3.019452189537,0.705212068398));
#1058 = CARTESIAN_POINT('',(0.1,3.019634642796,0.703476141599));
#1059 = CARTESIAN_POINT('',(0.1,3.019780716882,0.70173658371));
#1060 = CARTESIAN_POINT('',(0.1,3.019890334724,0.699994252686));
#1061 = CARTESIAN_POINT('',(0.1,3.019963440564,0.69825000815));
#1062 = CARTESIAN_POINT('',(0.1,3.02,0.696504710841));
#1063 = CARTESIAN_POINT('',(0.1,3.02,0.694759222072));
#1064 = ORIENTED_EDGE('',*,*,#658,.T.);
#1065 = B_SPLINE_SURFACE_WITH_KNOTS('',8,8,(
    (#1066,#1067,#1068,#1069,#1070,#1071,#1072,#1073,#1074)
    ,(#1075,#1076,#1077,#1078,#1079,#1080,#1081,#1082,#1083)
    ,(#1084,#1085,#1086,#1087,#1088,#1089,#1090,#1091,#1092)
    ,(#1093,#1094,#1095,#1096,#1097,#1098,#1099,#1100,#1101)
    ,(#1102,#1103,#1104,#1105,#1106,#1107,#1108,#1109,#1110)
    ,(#1111,#1112,#1113,#1114,#1115,#1116,#1117,#1118,#1119)
    ,(#1120,#1121,#1122,#1123,#1124,#1125,#1126,#1127,#1128)
    ,(#1129,#1130,#1131,#1132,#1133,#1134,#1135,#1136,#1137)
    ,(#1138,#1139,#1140,#1141,#1142,#1143,#1144,#1145,#1146
  )),.UNSPECIFIED.,.F.,.F.,.F.,(9,9),(9,9),(-7.778174593052E-02,
    7.778174593052E-02),(-8.855910256723E-03,7.315613219613E-03),
  .PIECEWISE_BEZIER_KNOTS.);
#1066 = CARTESIAN_POINT('',(1.418941430123E-03,2.908581318579,
    0.708837472209));
#1067 = CARTESIAN_POINT('',(9.604387129067E-04,2.909039750287,
    0.706839174569));
#1068 = CARTESIAN_POINT('',(6.735465351456E-04,2.909326333312,
    0.704832066195));
#1069 = CARTESIAN_POINT('',(1.674870585379E-03,2.908325137491,
    0.702755054073));
#1070 = CARTESIAN_POINT('',(-5.300162818782E-04,2.91053025842,
    0.700850585719));
#1071 = CARTESIAN_POINT('',(8.139233384168E-04,2.909185680869,
    0.698755394657));
#1072 = CARTESIAN_POINT('',(3.933739160805E-04,2.909606889245,
    0.696755314877));
#1073 = CARTESIAN_POINT('',(3.594616380114E-04,2.909640569674,
    0.694734143219));
#1074 = CARTESIAN_POINT('',(4.314286125012E-04,2.909568739838,
    0.692707465772));
#1075 = CARTESIAN_POINT('',(-3.660333777877E-04,2.937866154415,
    0.709666100861));
#1076 = CARTESIAN_POINT('',(-9.590931485903E-04,2.938459242047,
    0.70767491177));
#1077 = CARTESIAN_POINT('',(-1.747898187424E-03,2.939247720679,
    0.705694371776));
#1078 = CARTESIAN_POINT('',(-9.990284776476E-04,2.938498783273,
    0.703632939803));
#1079 = CARTESIAN_POINT('',(-1.945785485256E-03,2.939444967745,
    0.701657099416));
#1080 = CARTESIAN_POINT('',(-9.508146735689E-04,2.938452034151,
    0.699584783755));
#1081 = CARTESIAN_POINT('',(-2.06538989217E-03,2.939564323751,
    0.697619123702));
#1082 = CARTESIAN_POINT('',(-1.968997509818E-03,2.939468581045,
    0.695591618817));
#1083 = CARTESIAN_POINT('',(-1.699464168262E-03,2.939199273851,
    0.693554456917));
#1084 = CARTESIAN_POINT('',(4.088195396698E-03,2.960912381733,
    0.710161928533));
#1085 = CARTESIAN_POINT('',(3.633241962112E-03,2.961367891175,
    0.708163301614));
#1086 = CARTESIAN_POINT('',(5.951595317347E-03,2.959055600265,
    0.70601235679));
#1087 = CARTESIAN_POINT('',(-3.208085940563E-03,2.968195566964,
    0.704493303189));
#1088 = CARTESIAN_POINT('',(1.067252571715E-02,2.954343121212,
    0.701709845509));
#1089 = CARTESIAN_POINT('',(-3.379324346437E-03,2.968367230205,
    0.700450536404));
#1090 = CARTESIAN_POINT('',(4.836925154028E-03,2.960168349524,
    0.697983918367));
#1091 = CARTESIAN_POINT('',(3.512236098899E-03,2.961491039171,
    0.6960337724));
#1092 = CARTESIAN_POINT('',(3.083466749846E-03,2.961918305946,
    0.694033264294));
#1093 = CARTESIAN_POINT('',(1.644398966461E-02,2.976054562143,
    0.710235307426));
#1094 = CARTESIAN_POINT('',(1.816963313565E-02,2.974328120849,
    0.708118794541));
#1095 = CARTESIAN_POINT('',(1.611547953342E-02,2.976374081627,
    0.706212907351));
#1096 = CARTESIAN_POINT('',(2.754559019046E-02,2.964977414452,
    0.703549695973));
#1097 = CARTESIAN_POINT('',(-4.754790632121E-03,2.997228958341,
    0.703304600775));
#1098 = CARTESIAN_POINT('',(2.239212582888E-02,2.970127928732,
    0.699788114101));
#1099 = CARTESIAN_POINT('',(1.348001994809E-02,2.979013102774,
    0.698263762973));
#1100 = CARTESIAN_POINT('',(1.789364946461E-02,2.974601792303,
    0.695998789585));
#1101 = CARTESIAN_POINT('',(1.681696661041E-02,2.975680313928,
    0.694033877457));
#1102 = CARTESIAN_POINT('',(2.559561295133E-02,2.994404387049,
    0.710485189777));
#1103 = CARTESIAN_POINT('',(2.307979521443E-02,2.996920204783,
    0.708599336437));
#1104 = CARTESIAN_POINT('',(2.21398116868E-02,2.997860188325,
    0.706617427177));
#1105 = CARTESIAN_POINT('',(1.220064268573E-02,3.007799357287,
    0.705158730133));
#1106 = CARTESIAN_POINT('',(4.544230318183E-02,2.974557696853,
    0.701293424067));
#1107 = CARTESIAN_POINT('',(1.651426241515E-02,3.003485737555,
    0.700875330192));
#1108 = CARTESIAN_POINT('',(2.545262541218E-02,2.994547374603,
    0.698342633304));
#1109 = CARTESIAN_POINT('',(2.164239606767E-02,2.998357603927,
    0.696531873209));
#1110 = CARTESIAN_POINT('',(2.298193622484E-02,2.997018063775,
    0.694437138377));
#1111 = CARTESIAN_POINT('',(4.394543785654E-02,3.003556010335,
    0.710235307426));
#1112 = CARTESIAN_POINT('',(4.567187915362E-02,3.001830366867,
    0.708118794541));
#1113 = CARTESIAN_POINT('',(4.362591836478E-02,3.003884520455,
    0.706212907351));
#1114 = CARTESIAN_POINT('',(5.502258556582E-02,2.992454409835,
    0.703549695973));
#1115 = CARTESIAN_POINT('',(2.277104163488E-02,3.024754790599,
    0.703304600775));
#1116 = CARTESIAN_POINT('',(4.987207130421E-02,2.997607874183,
    0.699788114101));
#1117 = CARTESIAN_POINT('',(4.098689720388E-02,3.006519980048,
    0.698263762973));
#1118 = CARTESIAN_POINT('',(4.53982076977E-02,3.002106350544,
    0.695998789585));
#1119 = CARTESIAN_POINT('',(4.431968607118E-02,3.003183033391,
    0.694033877457));
#1120 = CARTESIAN_POINT('',(5.908761826727E-02,3.015911804603,
    0.710161928533));
#1121 = CARTESIAN_POINT('',(5.863210882387E-02,3.016366758036,
    0.708163301614));
#1122 = CARTESIAN_POINT('',(6.094439973616E-02,3.014048404691,
    0.70601235679));
#1123 = CARTESIAN_POINT('',(5.180443303875E-02,3.023208085917,
    0.704493303189));
#1124 = CARTESIAN_POINT('',(6.565687879624E-02,3.009327474303,
    0.70170984551));
#1125 = CARTESIAN_POINT('',(5.163276978081E-02,3.023379324336,
    0.700450536404));
#1126 = CARTESIAN_POINT('',(5.983165049102E-02,3.015163074844,
    0.697983918367));
#1127 = CARTESIAN_POINT('',(5.85089608309E-02,3.016487763894,
    0.6960337724));
#1128 = CARTESIAN_POINT('',(5.8081694056E-02,3.016916533248,
    0.694033264294));
#1129 = CARTESIAN_POINT('',(8.213384558468E-02,3.020366033378,
    0.709666100861));
#1130 = CARTESIAN_POINT('',(8.154075795305E-02,3.02095909315,
    0.707674911771));
#1131 = CARTESIAN_POINT('',(8.075227931805E-02,3.021747898188,
    0.705694371776));
#1132 = CARTESIAN_POINT('',(8.150121673198E-02,3.020999028478,
    0.703632939803));
#1133 = CARTESIAN_POINT('',(8.055503224502E-02,3.021945785488,
    0.701657099416));
#1134 = CARTESIAN_POINT('',(8.15479658584E-02,3.020950814671,
    0.699584783755));
#1135 = CARTESIAN_POINT('',(8.043567624414E-02,3.022065389893,
    0.697619123702));
#1136 = CARTESIAN_POINT('',(8.053141895289E-02,3.021968997513,
    0.695591618817));
#1137 = CARTESIAN_POINT('',(8.080072614723E-02,3.02169946417,
    0.693554456918));
#1138 = CARTESIAN_POINT('',(0.111418681422,3.018581058569,0.708837472208
    ));
#1139 = CARTESIAN_POINT('',(0.110960249713,3.019039561287,0.706839174569
    ));
#1140 = CARTESIAN_POINT('',(0.110673666688,3.019326453465,0.704832066195
    ));
#1141 = CARTESIAN_POINT('',(0.11167486251,3.018325129414,0.702755054073)
  );
#1142 = CARTESIAN_POINT('',(0.10946974158,3.020530016281,0.700850585719)
  );
#1143 = CARTESIAN_POINT('',(0.11081431913,3.019186076662,0.698755394657)
  );
#1144 = CARTESIAN_POINT('',(0.110393110756,3.019606626083,0.696755314877
    ));
#1145 = CARTESIAN_POINT('',(0.110359430326,3.019640538362,0.694734143219
    ));
#1146 = CARTESIAN_POINT('',(0.110431260163,3.019568571387,0.692707465772
    ));
#1147 = ADVANCED_FACE('',(#1148),#1153,.T.);
#1148 = FACE_BOUND('',#1149,.F.);
#1149 = EDGE_LOOP('',(#1150,#1151,#1152));
#1150 = ORIENTED_EDGE('',*,*,#679,.F.);
#1151 = ORIENTED_EDGE('',*,*,#859,.T.);
#1152 = ORIENTED_EDGE('',*,*,#715,.F.);
#1153 = SPHERICAL_SURFACE('',#1154,0.1);
#1154 = AXIS2_PLACEMENT_3D('',#1155,#1156,#1157);
#1155 = CARTESIAN_POINT('',(1.552152266174,2.872152266174,0.15));
#1156 = DIRECTION('',(-4.440892098501E-15,0.,1.));
#1157 = DIRECTION('',(1.765920318935E-15,1.,7.84226159094E-30));
#1158 = ADVANCED_FACE('',(#1159),#1170,.T.);
#1159 = FACE_BOUND('',#1160,.T.);
#1160 = EDGE_LOOP('',(#1161,#1162,#1168,#1169));
#1161 = ORIENTED_EDGE('',*,*,#707,.F.);
#1162 = ORIENTED_EDGE('',*,*,#1163,.F.);
#1163 = EDGE_CURVE('',#876,#696,#1164,.T.);
#1164 = LINE('',#1165,#1166);
#1165 = CARTESIAN_POINT('',(1.699452189537,0.,0.594787931602));
#1166 = VECTOR('',#1167,1.);
#1167 = DIRECTION('',(-0.,1.,0.));
#1168 = ORIENTED_EDGE('',*,*,#887,.T.);
#1169 = ORIENTED_EDGE('',*,*,#853,.T.);
#1170 = PLANE('',#1171);
#1171 = AXIS2_PLACEMENT_3D('',#1172,#1173,#1174);
#1172 = CARTESIAN_POINT('',(1.7,0.,0.6));
#1173 = DIRECTION('',(0.994521895368,0.,-0.104528463268));
#1174 = DIRECTION('',(0.,1.,0.));
#1175 = ADVANCED_FACE('',(#1176),#1194,.F.);
#1176 = FACE_BOUND('',#1177,.F.);
#1177 = EDGE_LOOP('',(#1178,#1179,#1180,#1188));
#1178 = ORIENTED_EDGE('',*,*,#732,.F.);
#1179 = ORIENTED_EDGE('',*,*,#760,.T.);
#1180 = ORIENTED_EDGE('',*,*,#1181,.T.);
#1181 = EDGE_CURVE('',#761,#1182,#1184,.T.);
#1182 = VERTEX_POINT('',#1183);
#1183 = CARTESIAN_POINT('',(1.6,-1.387778780781E-17,0.694759222072));
#1184 = LINE('',#1185,#1186);
#1185 = CARTESIAN_POINT('',(0.,1.387778780781E-17,0.694759222072));
#1186 = VECTOR('',#1187,1.);
#1187 = DIRECTION('',(1.,-0.,0.));
#1188 = ORIENTED_EDGE('',*,*,#1189,.F.);
#1189 = EDGE_CURVE('',#733,#1182,#1190,.T.);
#1190 = LINE('',#1191,#1192);
#1191 = CARTESIAN_POINT('',(1.6,-1.387778780781E-17,0.6));
#1192 = VECTOR('',#1193,1.);
#1193 = DIRECTION('',(0.,0.,1.));
#1194 = PLANE('',#1195);
#1195 = AXIS2_PLACEMENT_3D('',#1196,#1197,#1198);
#1196 = CARTESIAN_POINT('',(0.,0.,0.6));
#1197 = DIRECTION('',(-0.,1.,0.));
#1198 = DIRECTION('',(0.,0.,1.));
#1199 = ADVANCED_FACE('',(#1200),#1226,.F.);
#1200 = FACE_BOUND('',#1201,.F.);
#1201 = EDGE_LOOP('',(#1202,#1203,#1204,#1216));
#1202 = ORIENTED_EDGE('',*,*,#875,.F.);
#1203 = ORIENTED_EDGE('',*,*,#740,.F.);
#1204 = ORIENTED_EDGE('',*,*,#1205,.F.);
#1205 = EDGE_CURVE('',#1206,#733,#1208,.T.);
#1206 = VERTEX_POINT('',#1207);
#1207 = CARTESIAN_POINT('',(1.7,0.1,0.605240777928));
#1208 = ( BOUNDED_CURVE() B_SPLINE_CURVE(6,(#1209,#1210,#1211,#1212,
#1213,#1214,#1215),.UNSPECIFIED.,.F.,.F.) B_SPLINE_CURVE_WITH_KNOTS((7,7
),(0.,1.570796326795),.PIECEWISE_BEZIER_KNOTS.) CURVE() 
GEOMETRIC_REPRESENTATION_ITEM() RATIONAL_B_SPLINE_CURVE((1.031393471788,
    1.010025407661,0.997924642725,0.993958444137,0.997924642725,
1.010025407661,1.031393471788)) REPRESENTATION_ITEM('') );
#1209 = CARTESIAN_POINT('',(1.7,1.E-01,0.605240777928));
#1210 = CARTESIAN_POINT('',(1.7,7.326632168471E-02,0.605240777928));
#1211 = CARTESIAN_POINT('',(1.691499564937,4.722914274178E-02,
    0.605240777928));
#1212 = CARTESIAN_POINT('',(1.67519195132,2.480804867977E-02,
    0.605240777928));
#1213 = CARTESIAN_POINT('',(1.652770857258,8.500435063369E-03,
    0.605240777928));
#1214 = CARTESIAN_POINT('',(1.626733678315,1.249000902703E-16,
    0.605240777928));
#1215 = CARTESIAN_POINT('',(1.6,-1.387778780781E-17,0.605240777928));
#1216 = ORIENTED_EDGE('',*,*,#1217,.F.);
#1217 = EDGE_CURVE('',#876,#1206,#1218,.T.);
#1218 = ( BOUNDED_CURVE() B_SPLINE_CURVE(6,(#1219,#1220,#1221,#1222,
#1223,#1224,#1225),.UNSPECIFIED.,.F.,.F.) B_SPLINE_CURVE_WITH_KNOTS((7,7
),(0.,0.10471975512),.PIECEWISE_BEZIER_KNOTS.) CURVE() 
GEOMETRIC_REPRESENTATION_ITEM() RATIONAL_B_SPLINE_CURVE((1.000137088577,
    1.00004568784,0.999990860763,0.999972587294,0.999990860763,
1.00004568784,1.000137088577)) REPRESENTATION_ITEM('') );
#1219 = CARTESIAN_POINT('',(1.699452189537,0.1,0.594787931602));
#1220 = CARTESIAN_POINT('',(1.699634642796,0.1,0.596523858401));
#1221 = CARTESIAN_POINT('',(1.699780716882,0.1,0.59826341629));
#1222 = CARTESIAN_POINT('',(1.699890334724,0.1,0.600005747314));
#1223 = CARTESIAN_POINT('',(1.699963440564,0.1,0.60174999185));
#1224 = CARTESIAN_POINT('',(1.7,0.1,0.603495289159));
#1225 = CARTESIAN_POINT('',(1.7,0.1,0.605240777928));
#1226 = B_SPLINE_SURFACE_WITH_KNOTS('',8,8,(
    (#1227,#1228,#1229,#1230,#1231,#1232,#1233,#1234,#1235)
    ,(#1236,#1237,#1238,#1239,#1240,#1241,#1242,#1243,#1244)
    ,(#1245,#1246,#1247,#1248,#1249,#1250,#1251,#1252,#1253)
    ,(#1254,#1255,#1256,#1257,#1258,#1259,#1260,#1261,#1262)
    ,(#1263,#1264,#1265,#1266,#1267,#1268,#1269,#1270,#1271)
    ,(#1272,#1273,#1274,#1275,#1276,#1277,#1278,#1279,#1280)
    ,(#1281,#1282,#1283,#1284,#1285,#1286,#1287,#1288,#1289)
    ,(#1290,#1291,#1292,#1293,#1294,#1295,#1296,#1297,#1298)
    ,(#1299,#1300,#1301,#1302,#1303,#1304,#1305,#1306,#1307
  )),.UNSPECIFIED.,.F.,.F.,.F.,(9,9),(9,9),(-7.778174593052E-02,
    7.778174593052E-02),(-7.315613219614E-03,8.855910256723E-03),
  .PIECEWISE_BEZIER_KNOTS.);
#1227 = CARTESIAN_POINT('',(1.589568739838,4.314286131117E-04,
    0.607292534228));
#1228 = CARTESIAN_POINT('',(1.589640569674,3.594616381199E-04,
    0.605265856781));
#1229 = CARTESIAN_POINT('',(1.589606889243,3.933739172215E-04,
    0.603244685123));
#1230 = CARTESIAN_POINT('',(1.589185680872,8.139233354435E-04,
    0.601244605343));
#1231 = CARTESIAN_POINT('',(1.590530258416,-5.300162775681E-04,
    0.599149414281));
#1232 = CARTESIAN_POINT('',(1.588325137494,1.674870582549E-03,
    0.597244945927));
#1233 = CARTESIAN_POINT('',(1.589326333311,6.735465360869E-04,
    0.595167933805));
#1234 = CARTESIAN_POINT('',(1.589039750287,9.6043871287E-04,
    0.593160825431));
#1235 = CARTESIAN_POINT('',(1.58858131858,1.418941429682E-03,
    0.591162527791));
#1236 = CARTESIAN_POINT('',(1.619199273852,-1.699464169027E-03,
    0.606445543083));
#1237 = CARTESIAN_POINT('',(1.619468581046,-1.968997511151E-03,
    0.604408381183));
#1238 = CARTESIAN_POINT('',(1.619564323754,-2.065389894187E-03,
    0.602380876298));
#1239 = CARTESIAN_POINT('',(1.618452034144,-9.508146684817E-04,
    0.600415216245));
#1240 = CARTESIAN_POINT('',(1.619444967753,-1.945785490971E-03,
    0.598342900585));
#1241 = CARTESIAN_POINT('',(1.618498783268,-9.990284741282E-04,
    0.596367060196));
#1242 = CARTESIAN_POINT('',(1.61924772068,-1.747898187634E-03,
    0.594305628224));
#1243 = CARTESIAN_POINT('',(1.618459242046,-9.590931482621E-04,
    0.592325088229));
#1244 = CARTESIAN_POINT('',(1.617866154415,-3.660333777916E-04,
    0.590333899139));
#1245 = CARTESIAN_POINT('',(1.641918305945,3.083466750347E-03,
    0.605966735706));
#1246 = CARTESIAN_POINT('',(1.641491039171,3.512236100202E-03,
    0.6039662276));
#1247 = CARTESIAN_POINT('',(1.640168349515,4.836925157129E-03,
    0.602016081632));
#1248 = CARTESIAN_POINT('',(1.648367230215,-3.37932434439E-03,
    0.599549463598));
#1249 = CARTESIAN_POINT('',(1.6343431212,1.067252571255E-02,
    0.59829015449));
#1250 = CARTESIAN_POINT('',(1.648195566976,-3.208085938499E-03,
    0.595506696811));
#1251 = CARTESIAN_POINT('',(1.639055600262,5.951595314647E-03,
    0.59398764321));
#1252 = CARTESIAN_POINT('',(1.641367891177,3.633241961827E-03,
    0.591836698386));
#1253 = CARTESIAN_POINT('',(1.640912381733,4.088195396386E-03,
    0.589838071467));
#1254 = CARTESIAN_POINT('',(1.655680313927,1.681696661138E-02,
    0.605966122543));
#1255 = CARTESIAN_POINT('',(1.654601792298,1.789364946572E-02,
    0.604001210415));
#1256 = CARTESIAN_POINT('',(1.659013102786,1.348001994947E-02,
    0.601736237028));
#1257 = CARTESIAN_POINT('',(1.650127928714,2.239212581743E-02,
    0.600211885897));
#1258 = CARTESIAN_POINT('',(1.677228958362,-4.754790613041E-03,
    0.596695399227));
#1259 = CARTESIAN_POINT('',(1.644977414433,2.754559017551E-02,
    0.596450304026));
#1260 = CARTESIAN_POINT('',(1.656374081634,1.611547954125E-02,
    0.59378709265));
#1261 = CARTESIAN_POINT('',(1.654328120846,1.816963313653E-02,
    0.591881205459));
#1262 = CARTESIAN_POINT('',(1.656054562143,1.644398966507E-02,
    0.589764692574));
#1263 = CARTESIAN_POINT('',(1.677018063778,2.298193622172E-02,
    0.605562861623));
#1264 = CARTESIAN_POINT('',(1.678357603938,2.164239606188E-02,
    0.603468126791));
#1265 = CARTESIAN_POINT('',(1.674547374597,2.545262540098E-02,
    0.601657366695));
#1266 = CARTESIAN_POINT('',(1.683485737564,1.651426244414E-02,
    0.59912466981));
#1267 = CARTESIAN_POINT('',(1.654557696838,4.544230314561E-02,
    0.598706575931));
#1268 = CARTESIAN_POINT('',(1.687799357308,1.220064270873E-02,
    0.594841269868));
#1269 = CARTESIAN_POINT('',(1.677860188318,2.213981167529E-02,
    0.593382572822));
#1270 = CARTESIAN_POINT('',(1.676920204786,2.307979521319E-02,
    0.591400663563));
#1271 = CARTESIAN_POINT('',(1.67440438705,2.559561295056E-02,
    0.589514810223));
#1272 = CARTESIAN_POINT('',(1.683183033387,4.431968607496E-02,
    0.605966122543));
#1273 = CARTESIAN_POINT('',(1.682106350531,4.539820770576E-02,
    0.604001210415));
#1274 = CARTESIAN_POINT('',(1.686519980047,4.098689721989E-02,
    0.601736237029));
#1275 = CARTESIAN_POINT('',(1.677607874186,4.987207127089E-02,
    0.600211885897));
#1276 = CARTESIAN_POINT('',(1.704754790613,2.277104166189E-02,
    0.596695399227));
#1277 = CARTESIAN_POINT('',(1.672454409819,5.502258554796E-02,
    0.596450304026));
#1278 = CARTESIAN_POINT('',(1.683884520463,4.362591837259E-02,
    0.59378709265));
#1279 = CARTESIAN_POINT('',(1.681830366864,4.567187915489E-02,
    0.591881205459));
#1280 = CARTESIAN_POINT('',(1.683556010335,4.394543785742E-02,
    0.589764692574));
#1281 = CARTESIAN_POINT('',(1.696916533251,5.80816940531E-02,
    0.605966735706));
#1282 = CARTESIAN_POINT('',(1.696487763903,5.850896082527E-02,
    0.6039662276));
#1283 = CARTESIAN_POINT('',(1.695163074847,5.983165048037E-02,
    0.602016081632));
#1284 = CARTESIAN_POINT('',(1.70337932434,5.163276979224E-02,
    0.599549463598));
#1285 = CARTESIAN_POINT('',(1.689327474293,6.56568787861E-02,
    0.598290154489));
#1286 = CARTESIAN_POINT('',(1.703208085931,5.180443304006E-02,
    0.595506696812));
#1287 = CARTESIAN_POINT('',(1.694048404685,6.094439973471E-02,
    0.593987643209));
#1288 = CARTESIAN_POINT('',(1.696366758038,5.863210882302E-02,
    0.591836698386));
#1289 = CARTESIAN_POINT('',(1.695911804604,5.908761826644E-02,
    0.589838071467));
#1290 = CARTESIAN_POINT('',(1.701699464168,8.080072614868E-02,
    0.606445543083));
#1291 = CARTESIAN_POINT('',(1.70196899751,8.053141895519E-02,
    0.604408381183));
#1292 = CARTESIAN_POINT('',(1.702065389892,8.043567624769E-02,
    0.602380876298));
#1293 = CARTESIAN_POINT('',(1.700950814674,8.154796585136E-02,
    0.600415216244));
#1294 = CARTESIAN_POINT('',(1.701945785485,8.05550322529E-02,
    0.598342900585));
#1295 = CARTESIAN_POINT('',(1.700999028477,8.150121672849E-02,
    0.596367060196));
#1296 = CARTESIAN_POINT('',(1.701747898189,8.075227931942E-02,
    0.594305628224));
#1297 = CARTESIAN_POINT('',(1.700959093149,8.154075795342E-02,
    0.592325088229));
#1298 = CARTESIAN_POINT('',(1.700366033378,8.213384558486E-02,
    0.590333899139));
#1299 = CARTESIAN_POINT('',(1.699568571387,0.110431260162,0.607292534228
    ));
#1300 = CARTESIAN_POINT('',(1.699640538362,0.110359430326,0.605265856781
    ));
#1301 = CARTESIAN_POINT('',(1.699606626084,0.110393110755,0.603244685123
    ));
#1302 = CARTESIAN_POINT('',(1.69918607666,0.110814319132,0.601244605343)
  );
#1303 = CARTESIAN_POINT('',(1.700530016284,0.109469741578,0.599149414281
    ));
#1304 = CARTESIAN_POINT('',(1.698325129413,0.111674862511,0.597244945928
    ));
#1305 = CARTESIAN_POINT('',(1.699326453465,0.110673666688,0.595167933805
    ));
#1306 = CARTESIAN_POINT('',(1.699039561287,0.110960249713,0.593160825431
    ));
#1307 = CARTESIAN_POINT('',(1.698581058569,0.111418681421,0.591162527792
    ));
#1308 = ADVANCED_FACE('',(#1309),#1335,.T.);
#1309 = FACE_BOUND('',#1310,.T.);
#1310 = EDGE_LOOP('',(#1311,#1312,#1324,#1334));
#1311 = ORIENTED_EDGE('',*,*,#768,.T.);
#1312 = ORIENTED_EDGE('',*,*,#1313,.T.);
#1313 = EDGE_CURVE('',#761,#1314,#1316,.T.);
#1314 = VERTEX_POINT('',#1315);
#1315 = CARTESIAN_POINT('',(1.E-01,5.478104631727E-04,0.705212068398));
#1316 = ( BOUNDED_CURVE() B_SPLINE_CURVE(6,(#1317,#1318,#1319,#1320,
#1321,#1322,#1323),.UNSPECIFIED.,.F.,.F.) B_SPLINE_CURVE_WITH_KNOTS((7,7
),(0.,0.10471975512),.PIECEWISE_BEZIER_KNOTS.) CURVE() 
GEOMETRIC_REPRESENTATION_ITEM() RATIONAL_B_SPLINE_CURVE((1.000137088577,
    1.00004568784,0.999990860763,0.999972587294,0.999990860763,
1.00004568784,1.000137088577)) REPRESENTATION_ITEM('') );
#1317 = CARTESIAN_POINT('',(1.E-01,1.387778780781E-17,0.694759222072));
#1318 = CARTESIAN_POINT('',(1.E-01,1.387778780781E-16,0.696504710841));
#1319 = CARTESIAN_POINT('',(1.E-01,3.655943564763E-05,0.69825000815));
#1320 = CARTESIAN_POINT('',(1.E-01,1.096652759717E-04,0.699994252686));
#1321 = CARTESIAN_POINT('',(1.E-01,2.192831180767E-04,0.70173658371));
#1322 = CARTESIAN_POINT('',(1.E-01,3.653572044893E-04,0.703476141599));
#1323 = CARTESIAN_POINT('',(1.E-01,5.478104631727E-04,0.705212068398));
#1324 = ORIENTED_EDGE('',*,*,#1325,.T.);
#1325 = EDGE_CURVE('',#1314,#788,#1326,.T.);
#1326 = ( BOUNDED_CURVE() B_SPLINE_CURVE(6,(#1327,#1328,#1329,#1330,
#1331,#1332,#1333),.UNSPECIFIED.,.F.,.F.) B_SPLINE_CURVE_WITH_KNOTS((7,7
),(0.,1.559869909752),.PIECEWISE_BEZIER_KNOTS.) CURVE() 
GEOMETRIC_REPRESENTATION_ITEM() RATIONAL_B_SPLINE_CURVE((1.030950613501,
    1.009890100201,0.997953445068,0.994040710927,0.997953445068,
1.009890100201,1.030950613501)) REPRESENTATION_ITEM('') );
#1327 = CARTESIAN_POINT('',(0.1,5.478104631727E-04,0.705212068398));
#1328 = CARTESIAN_POINT('',(7.360393169276E-02,8.362191750265E-04,
    0.707956093995));
#1329 = CARTESIAN_POINT('',(4.788551824518E-02,9.450074782514E-03,
    0.709753855466));
#1330 = CARTESIAN_POINT('',(2.568827830487E-02,2.568827830487E-02,
    0.710380175432));
#1331 = CARTESIAN_POINT('',(9.450074782514E-03,4.788551824518E-02,
    0.709753855466));
#1332 = CARTESIAN_POINT('',(8.362191750263E-04,7.360393169277E-02,
    0.707956093995));
#1333 = CARTESIAN_POINT('',(5.478104631727E-04,0.1,0.705212068398));
#1334 = ORIENTED_EDGE('',*,*,#787,.T.);
#1335 = B_SPLINE_SURFACE_WITH_KNOTS('',8,8,(
    (#1336,#1337,#1338,#1339,#1340,#1341,#1342,#1343,#1344)
    ,(#1345,#1346,#1347,#1348,#1349,#1350,#1351,#1352,#1353)
    ,(#1354,#1355,#1356,#1357,#1358,#1359,#1360,#1361,#1362)
    ,(#1363,#1364,#1365,#1366,#1367,#1368,#1369,#1370,#1371)
    ,(#1372,#1373,#1374,#1375,#1376,#1377,#1378,#1379,#1380)
    ,(#1381,#1382,#1383,#1384,#1385,#1386,#1387,#1388,#1389)
    ,(#1390,#1391,#1392,#1393,#1394,#1395,#1396,#1397,#1398)
    ,(#1399,#1400,#1401,#1402,#1403,#1404,#1405,#1406,#1407)
    ,(#1408,#1409,#1410,#1411,#1412,#1413,#1414,#1415,#1416
  )),.UNSPECIFIED.,.F.,.F.,.F.,(9,9),(9,9),(-7.778174593052E-02,
    7.778174593052E-02),(-7.315613219613E-03,8.855910256723E-03),
  .PIECEWISE_BEZIER_KNOTS.);
#1336 = CARTESIAN_POINT('',(4.314286118618E-04,0.110431260161,
    0.692707465772));
#1337 = CARTESIAN_POINT('',(3.59461638117E-04,0.110359430326,
    0.694734143219));
#1338 = CARTESIAN_POINT('',(3.93373915208E-04,0.110393110754,
    0.696755314877));
#1339 = CARTESIAN_POINT('',(8.139233399795E-04,0.110814319133,
    0.698755394657));
#1340 = CARTESIAN_POINT('',(-5.300162834425E-04,0.109469741578,
    0.700850585719));
#1341 = CARTESIAN_POINT('',(1.674870586004E-03,0.11167486251,
    0.702755054073));
#1342 = CARTESIAN_POINT('',(6.735465355852E-04,0.110673666689,
    0.704832066195));
#1343 = CARTESIAN_POINT('',(9.604387130775E-04,0.110960249713,
    0.706839174569));
#1344 = CARTESIAN_POINT('',(1.418941430035E-03,0.111418681421,
    0.708837472209));
#1345 = CARTESIAN_POINT('',(-1.699464167521E-03,8.080072614945E-02,
    0.693554456917));
#1346 = CARTESIAN_POINT('',(-1.96899750835E-03,8.053141895675E-02,
    0.695591618817));
#1347 = CARTESIAN_POINT('',(-2.065389889897E-03,8.043567625005E-02,
    0.697619123702));
#1348 = CARTESIAN_POINT('',(-9.508146791633E-04,8.154796584575E-02,
    0.699584783756));
#1349 = CARTESIAN_POINT('',(-1.945785477939E-03,8.055503226024E-02,
    0.701657099415));
#1350 = CARTESIAN_POINT('',(-9.990284819679E-04,8.15012167239E-02,
    0.703632939804));
#1351 = CARTESIAN_POINT('',(-1.747898186685E-03,8.075227932111E-02,
    0.705694371776));
#1352 = CARTESIAN_POINT('',(-9.590931485042E-04,8.154075795375E-02,
    0.707674911771));
#1353 = CARTESIAN_POINT('',(-3.660333777976E-04,8.213384558484E-02,
    0.709666100861));
#1354 = CARTESIAN_POINT('',(3.083466748179E-03,5.80816940523E-02,
    0.694033264294));
#1355 = CARTESIAN_POINT('',(3.512236094517E-03,5.850896082228E-02,
    0.6960337724));
#1356 = CARTESIAN_POINT('',(4.836925138883E-03,5.983165046861E-02,
    0.697983918369));
#1357 = CARTESIAN_POINT('',(-3.379324318989E-03,5.163276980539E-02,
    0.7004505364));
#1358 = CARTESIAN_POINT('',(1.067252568762E-02,6.565687878057E-02,
    0.701709845513));
#1359 = CARTESIAN_POINT('',(-3.208085921891E-03,5.180443303745E-02,
    0.704493303187));
#1360 = CARTESIAN_POINT('',(5.951595311542E-03,6.094439973638E-02,
    0.706012356791));
#1361 = CARTESIAN_POINT('',(3.633241961497E-03,5.863210882263E-02,
    0.708163301613));
#1362 = CARTESIAN_POINT('',(4.088195396094E-03,5.908761826627E-02,
    0.710161928533));
#1363 = CARTESIAN_POINT('',(1.681696661316E-02,4.431968607555E-02,
    0.694033877457));
#1364 = CARTESIAN_POINT('',(1.789364947502E-02,4.539820771236E-02,
    0.695998789585));
#1365 = CARTESIAN_POINT('',(1.348001999149E-02,4.098689724955E-02,
    0.698263762969));
#1366 = CARTESIAN_POINT('',(2.239212573339E-02,4.98720712203E-02,
    0.699788114108));
#1367 = CARTESIAN_POINT('',(-4.754790543833E-03,2.277104168209E-02,
    0.703304600768));
#1368 = CARTESIAN_POINT('',(2.754559014045E-02,5.502258554938E-02,
    0.703549695978));
#1369 = CARTESIAN_POINT('',(1.611547955015E-02,4.362591836804E-02,
    0.706212907348));
#1370 = CARTESIAN_POINT('',(1.81696331375E-02,4.567187915589E-02,
    0.708118794542));
#1371 = CARTESIAN_POINT('',(1.644398966577E-02,4.394543785782E-02,
    0.710235307426));
#1372 = CARTESIAN_POINT('',(2.298193622046E-02,2.298193622014E-02,
    0.694437138377));
#1373 = CARTESIAN_POINT('',(2.164239605163E-02,2.164239605093E-02,
    0.696531873209));
#1374 = CARTESIAN_POINT('',(2.545262534366E-02,2.545262535669E-02,
    0.698342633308));
#1375 = CARTESIAN_POINT('',(1.651426255599E-02,1.651426251463E-02,
    0.700875330184));
#1376 = CARTESIAN_POINT('',(4.54423030492E-02,4.544230311238E-02,
    0.701293424076));
#1377 = CARTESIAN_POINT('',(1.22006427527E-02,1.220064270206E-02,
    0.705158730127));
#1378 = CARTESIAN_POINT('',(2.213981166365E-02,2.213981168404E-02,
    0.70661742718));
#1379 = CARTESIAN_POINT('',(2.307979521213E-02,2.307979521178E-02,
    0.708599336436));
#1380 = CARTESIAN_POINT('',(2.559561294959E-02,2.559561294966E-02,
    0.710485189777));
#1381 = CARTESIAN_POINT('',(4.431968607658E-02,1.681696661474E-02,
    0.694033877457));
#1382 = CARTESIAN_POINT('',(4.539820771523E-02,1.789364947902E-02,
    0.695998789585));
#1383 = CARTESIAN_POINT('',(4.098689726822E-02,1.348001999109E-02,
    0.698263762969));
#1384 = CARTESIAN_POINT('',(4.987207117681E-02,2.239212575041E-02,
    0.699788114108));
#1385 = CARTESIAN_POINT('',(2.277104173086E-02,-4.754790587287E-03,
    0.703304600768));
#1386 = CARTESIAN_POINT('',(5.50225855143E-02,2.754559017839E-02,
    0.703549695978));
#1387 = CARTESIAN_POINT('',(4.362591838147E-02,1.611547953451E-02,
    0.706212907348));
#1388 = CARTESIAN_POINT('',(4.567187915558E-02,1.81696331377E-02,
    0.708118794542));
#1389 = CARTESIAN_POINT('',(4.394543785805E-02,1.644398966578E-02,
    0.710235307426));
#1390 = CARTESIAN_POINT('',(5.808169405069E-02,3.083466746339E-03,
    0.694033264294));
#1391 = CARTESIAN_POINT('',(5.850896081884E-02,3.512236090616E-03,
    0.6960337724));
#1392 = CARTESIAN_POINT('',(5.983165045596E-02,4.836925133599E-03,
    0.697983918369));
#1393 = CARTESIAN_POINT('',(5.163276982466E-02,-3.379324323736E-03,
    0.700450536401));
#1394 = CARTESIAN_POINT('',(6.565687875828E-02,1.067252570157E-02,
    0.701709845513));
#1395 = CARTESIAN_POINT('',(5.180443305124E-02,-3.208085936452E-03,
    0.704493303187));
#1396 = CARTESIAN_POINT('',(6.094439973106E-02,5.951595317597E-03,
    0.706012356791));
#1397 = CARTESIAN_POINT('',(5.863210882288E-02,3.633241961376E-03,
    0.708163301614));
#1398 = CARTESIAN_POINT('',(5.908761826618E-02,4.088195396037E-03,
    0.710161928533));
#1399 = CARTESIAN_POINT('',(8.08007261506E-02,-1.699464166259E-03,
    0.693554456917));
#1400 = CARTESIAN_POINT('',(8.053141895872E-02,-1.968997506198E-03,
    0.695591618817));
#1401 = CARTESIAN_POINT('',(8.043567625407E-02,-2.065389886503E-03,
    0.697619123702));
#1402 = CARTESIAN_POINT('',(8.154796583614E-02,-9.508146862721E-04,
    0.699584783756));
#1403 = CARTESIAN_POINT('',(8.055503227225E-02,-1.945785469811E-03,
    0.701657099414));
#1404 = CARTESIAN_POINT('',(8.150121671638E-02,-9.990284860922E-04,
    0.703632939804));
#1405 = CARTESIAN_POINT('',(8.075227932361E-02,-1.74789818569E-03,
    0.705694371776));
#1406 = CARTESIAN_POINT('',(8.15407579537E-02,-9.590931483751E-04,
    0.707674911771));
#1407 = CARTESIAN_POINT('',(8.213384558484E-02,-3.660333776541E-04,
    0.709666100861));
#1408 = CARTESIAN_POINT('',(0.11043126016,4.314286109732E-04,
    0.692707465772));
#1409 = CARTESIAN_POINT('',(0.110359430326,3.59461638057E-04,
    0.694734143219));
#1410 = CARTESIAN_POINT('',(0.110393110754,3.93373914031E-04,
    0.696755314877));
#1411 = CARTESIAN_POINT('',(0.110814319133,8.139233427093E-04,
    0.698755394657));
#1412 = CARTESIAN_POINT('',(0.109469741579,-5.300162869564E-04,
    0.700850585719));
#1413 = CARTESIAN_POINT('',(0.111674862509,1.674870588445E-03,
    0.702755054072));
#1414 = CARTESIAN_POINT('',(0.110673666689,6.735465347303E-04,
    0.704832066195));
#1415 = CARTESIAN_POINT('',(0.110960249713,9.60438713061E-04,
    0.706839174569));
#1416 = CARTESIAN_POINT('',(0.111418681421,1.418941430028E-03,
    0.708837472209));
#1417 = ADVANCED_FACE('',(#1418),#1443,.T.);
#1418 = FACE_BOUND('',#1419,.T.);
#1419 = EDGE_LOOP('',(#1420,#1421,#1429,#1437));
#1420 = ORIENTED_EDGE('',*,*,#799,.F.);
#1421 = ORIENTED_EDGE('',*,*,#1422,.T.);
#1422 = EDGE_CURVE('',#788,#1423,#1425,.T.);
#1423 = VERTEX_POINT('',#1424);
#1424 = CARTESIAN_POINT('',(4.839554428908E-02,0.147847733826,
    1.160452846327));
#1425 = LINE('',#1426,#1427);
#1426 = CARTESIAN_POINT('',(-1.074890013952E-03,9.837729952288E-02,
    0.689773104659));
#1427 = VECTOR('',#1428,1.);
#1428 = DIRECTION('',(0.103962051184,0.103962051184,0.989132844378));
#1429 = ORIENTED_EDGE('',*,*,#1430,.T.);
#1430 = EDGE_CURVE('',#1423,#1431,#1433,.T.);
#1431 = VERTEX_POINT('',#1432);
#1432 = CARTESIAN_POINT('',(4.839554428908E-02,2.872152266174,
    1.160452846327));
#1433 = LINE('',#1434,#1435);
#1434 = CARTESIAN_POINT('',(4.839554428908E-02,5.780732939612E-02,
    1.160452846327));
#1435 = VECTOR('',#1436,1.);
#1436 = DIRECTION('',(0.,1.,-0.));
#1437 = ORIENTED_EDGE('',*,*,#1438,.F.);
#1438 = EDGE_CURVE('',#800,#1431,#1439,.T.);
#1439 = LINE('',#1440,#1441);
#1440 = CARTESIAN_POINT('',(-1.074890013952E-03,2.921622700477,
    0.689773104659));
#1441 = VECTOR('',#1442,1.);
#1442 = DIRECTION('',(0.103962051184,-0.103962051184,0.989132844378));
#1443 = PLANE('',#1444);
#1444 = AXIS2_PLACEMENT_3D('',#1445,#1446,#1447);
#1445 = CARTESIAN_POINT('',(0.,0.,0.7));
#1446 = DIRECTION('',(-0.994521895368,0.,0.104528463268));
#1447 = DIRECTION('',(0.,1.,0.));
#1448 = ADVANCED_FACE('',(#1449),#1454,.T.);
#1449 = FACE_BOUND('',#1450,.T.);
#1450 = EDGE_LOOP('',(#1451,#1452,#1453));
#1451 = ORIENTED_EDGE('',*,*,#828,.F.);
#1452 = ORIENTED_EDGE('',*,*,#844,.T.);
#1453 = ORIENTED_EDGE('',*,*,#893,.F.);
#1454 = SPHERICAL_SURFACE('',#1455,0.1);
#1455 = AXIS2_PLACEMENT_3D('',#1456,#1457,#1458);
#1456 = CARTESIAN_POINT('',(1.552152266174,0.147847733826,0.15));
#1457 = DIRECTION('',(-4.440892098501E-15,2.775557561563E-16,1.));
#1458 = DIRECTION('',(1.765920318935E-15,-1.,2.775557561563E-16));
#1459 = ADVANCED_FACE('',(#1460),#1482,.T.);
#1460 = FACE_BOUND('',#1461,.F.);
#1461 = EDGE_LOOP('',(#1462,#1463,#1471,#1481));
#1462 = ORIENTED_EDGE('',*,*,#935,.F.);
#1463 = ORIENTED_EDGE('',*,*,#1464,.T.);
#1464 = EDGE_CURVE('',#936,#1465,#1467,.T.);
#1465 = VERTEX_POINT('',#1466);
#1466 = CARTESIAN_POINT('',(1.7,2.92,0.694759222072));
#1467 = LINE('',#1468,#1469);
#1468 = CARTESIAN_POINT('',(1.7,2.92,0.6));
#1469 = VECTOR('',#1470,1.);
#1470 = DIRECTION('',(0.,0.,1.));
#1471 = ORIENTED_EDGE('',*,*,#1472,.F.);
#1472 = EDGE_CURVE('',#912,#1465,#1473,.T.);
#1473 = ( BOUNDED_CURVE() B_SPLINE_CURVE(6,(#1474,#1475,#1476,#1477,
#1478,#1479,#1480),.UNSPECIFIED.,.F.,.F.) B_SPLINE_CURVE_WITH_KNOTS((7,7
),(0.,1.570796326795),.PIECEWISE_BEZIER_KNOTS.) CURVE() 
GEOMETRIC_REPRESENTATION_ITEM() RATIONAL_B_SPLINE_CURVE((1.031393471788,
    1.010025407661,0.997924642725,0.993958444137,0.997924642725,
1.010025407661,1.031393471788)) REPRESENTATION_ITEM('') );
#1474 = CARTESIAN_POINT('',(1.6,3.02,0.694759222072));
#1475 = CARTESIAN_POINT('',(1.626733678315,3.02,0.694759222072));
#1476 = CARTESIAN_POINT('',(1.652770857258,3.011499564937,0.694759222072
    ));
#1477 = CARTESIAN_POINT('',(1.67519195132,2.99519195132,0.694759222072)
  );
#1478 = CARTESIAN_POINT('',(1.691499564937,2.972770857258,0.694759222072
    ));
#1479 = CARTESIAN_POINT('',(1.7,2.946733678315,0.694759222072));
#1480 = CARTESIAN_POINT('',(1.7,2.92,0.694759222072));
#1481 = ORIENTED_EDGE('',*,*,#919,.F.);
#1482 = CYLINDRICAL_SURFACE('',#1483,0.1);
#1483 = AXIS2_PLACEMENT_3D('',#1484,#1485,#1486);
#1484 = CARTESIAN_POINT('',(1.6,2.92,0.6));
#1485 = DIRECTION('',(0.,0.,1.));
#1486 = DIRECTION('',(-0.,1.,0.));
#1487 = ADVANCED_FACE('',(#1488),#1510,.T.);
#1488 = FACE_BOUND('',#1489,.T.);
#1489 = EDGE_LOOP('',(#1490,#1491,#1499,#1509));
#1490 = ORIENTED_EDGE('',*,*,#1055,.F.);
#1491 = ORIENTED_EDGE('',*,*,#1492,.T.);
#1492 = EDGE_CURVE('',#1044,#1493,#1495,.T.);
#1493 = VERTEX_POINT('',#1494);
#1494 = CARTESIAN_POINT('',(1.6,3.019452189537,0.705212068398));
#1495 = LINE('',#1496,#1497);
#1496 = CARTESIAN_POINT('',(0.,3.019452189537,0.705212068398));
#1497 = VECTOR('',#1498,1.);
#1498 = DIRECTION('',(1.,0.,0.));
#1499 = ORIENTED_EDGE('',*,*,#1500,.T.);
#1500 = EDGE_CURVE('',#1493,#912,#1501,.T.);
#1501 = ( BOUNDED_CURVE() B_SPLINE_CURVE(6,(#1502,#1503,#1504,#1505,
#1506,#1507,#1508),.UNSPECIFIED.,.F.,.F.) B_SPLINE_CURVE_WITH_KNOTS((7,7
),(0.,0.10471975512),.PIECEWISE_BEZIER_KNOTS.) CURVE() 
GEOMETRIC_REPRESENTATION_ITEM() RATIONAL_B_SPLINE_CURVE((1.000137088577,
    1.00004568784,0.999990860763,0.999972587294,0.999990860763,
1.00004568784,1.000137088577)) REPRESENTATION_ITEM('') );
#1502 = CARTESIAN_POINT('',(1.6,3.019452189537,0.705212068398));
#1503 = CARTESIAN_POINT('',(1.6,3.019634642796,0.703476141599));
#1504 = CARTESIAN_POINT('',(1.6,3.019780716882,0.70173658371));
#1505 = CARTESIAN_POINT('',(1.6,3.019890334724,0.699994252686));
#1506 = CARTESIAN_POINT('',(1.6,3.019963440564,0.69825000815));
#1507 = CARTESIAN_POINT('',(1.6,3.02,0.696504710841));
#1508 = CARTESIAN_POINT('',(1.6,3.02,0.694759222072));
#1509 = ORIENTED_EDGE('',*,*,#911,.F.);
#1510 = CYLINDRICAL_SURFACE('',#1511,0.1);
#1511 = AXIS2_PLACEMENT_3D('',#1512,#1513,#1514);
#1512 = CARTESIAN_POINT('',(0.,2.92,0.694759222072));
#1513 = DIRECTION('',(1.,0.,0.));
#1514 = DIRECTION('',(-0.,1.,0.));
#1515 = ADVANCED_FACE('',(#1516),#1527,.T.);
#1516 = FACE_BOUND('',#1517,.F.);
#1517 = EDGE_LOOP('',(#1518,#1519,#1525,#1526));
#1518 = ORIENTED_EDGE('',*,*,#1217,.T.);
#1519 = ORIENTED_EDGE('',*,*,#1520,.T.);
#1520 = EDGE_CURVE('',#1206,#936,#1521,.T.);
#1521 = LINE('',#1522,#1523);
#1522 = CARTESIAN_POINT('',(1.7,0.,0.605240777928));
#1523 = VECTOR('',#1524,1.);
#1524 = DIRECTION('',(-0.,1.,0.));
#1525 = ORIENTED_EDGE('',*,*,#947,.F.);
#1526 = ORIENTED_EDGE('',*,*,#1163,.F.);
#1527 = CYLINDRICAL_SURFACE('',#1528,0.1);
#1528 = AXIS2_PLACEMENT_3D('',#1529,#1530,#1531);
#1529 = CARTESIAN_POINT('',(1.6,0.,0.605240777928));
#1530 = DIRECTION('',(-0.,1.,0.));
#1531 = DIRECTION('',(0.994521895368,0.,-0.104528463268));
#1532 = ADVANCED_FACE('',(#1533),#1552,.T.);
#1533 = FACE_BOUND('',#1534,.F.);
#1534 = EDGE_LOOP('',(#1535,#1536,#1544,#1551));
#1535 = ORIENTED_EDGE('',*,*,#1043,.T.);
#1536 = ORIENTED_EDGE('',*,*,#1537,.T.);
#1537 = EDGE_CURVE('',#1044,#1538,#1540,.T.);
#1538 = VERTEX_POINT('',#1539);
#1539 = CARTESIAN_POINT('',(0.147847733826,2.971604455711,1.160452846327
    ));
#1540 = LINE('',#1541,#1542);
#1541 = CARTESIAN_POINT('',(9.837729952288E-02,3.021074890014,
    0.689773104659));
#1542 = VECTOR('',#1543,1.);
#1543 = DIRECTION('',(0.103962051184,-0.103962051184,0.989132844378));
#1544 = ORIENTED_EDGE('',*,*,#1545,.F.);
#1545 = EDGE_CURVE('',#1431,#1538,#1546,.T.);
#1546 = CIRCLE('',#1547,0.1);
#1547 = AXIS2_PLACEMENT_3D('',#1548,#1549,#1550);
#1548 = CARTESIAN_POINT('',(0.147847733826,2.872152266174,1.15));
#1549 = DIRECTION('',(-0.103962051184,0.103962051184,-0.989132844378));
#1550 = DIRECTION('',(-0.994521895368,-1.734723475977E-18,0.104528463268
    ));
#1551 = ORIENTED_EDGE('',*,*,#1438,.F.);
#1552 = CYLINDRICAL_SURFACE('',#1553,0.1);
#1553 = AXIS2_PLACEMENT_3D('',#1554,#1555,#1556);
#1554 = CARTESIAN_POINT('',(9.837729952288E-02,2.921622700477,
    0.679320258332));
#1555 = DIRECTION('',(0.103962051184,-0.103962051184,0.989132844378));
#1556 = DIRECTION('',(-0.994521895368,1.734723475977E-18,0.104528463268)
  );
#1557 = ADVANCED_FACE('',(#1558),#1580,.T.);
#1558 = FACE_BOUND('',#1559,.T.);
#1559 = EDGE_LOOP('',(#1560,#1561,#1569,#1579));
#1560 = ORIENTED_EDGE('',*,*,#1205,.F.);
#1561 = ORIENTED_EDGE('',*,*,#1562,.T.);
#1562 = EDGE_CURVE('',#1206,#1563,#1565,.T.);
#1563 = VERTEX_POINT('',#1564);
#1564 = CARTESIAN_POINT('',(1.7,1.E-01,0.694759222072));
#1565 = LINE('',#1566,#1567);
#1566 = CARTESIAN_POINT('',(1.7,1.E-01,0.6));
#1567 = VECTOR('',#1568,1.);
#1568 = DIRECTION('',(0.,0.,1.));
#1569 = ORIENTED_EDGE('',*,*,#1570,.F.);
#1570 = EDGE_CURVE('',#1182,#1563,#1571,.T.);
#1571 = ( BOUNDED_CURVE() B_SPLINE_CURVE(6,(#1572,#1573,#1574,#1575,
#1576,#1577,#1578),.UNSPECIFIED.,.F.,.F.) B_SPLINE_CURVE_WITH_KNOTS((7,7
),(0.,1.570796326795),.PIECEWISE_BEZIER_KNOTS.) CURVE() 
GEOMETRIC_REPRESENTATION_ITEM() RATIONAL_B_SPLINE_CURVE((1.031393471788,
    1.010025407661,0.997924642725,0.993958444137,0.997924642725,
1.010025407661,1.031393471788)) REPRESENTATION_ITEM('') );
#1572 = CARTESIAN_POINT('',(1.6,-1.387778780781E-17,0.694759222072));
#1573 = CARTESIAN_POINT('',(1.626733678315,1.249000902703E-16,
    0.694759222072));
#1574 = CARTESIAN_POINT('',(1.652770857258,8.500435063369E-03,
    0.694759222072));
#1575 = CARTESIAN_POINT('',(1.67519195132,2.480804867977E-02,
    0.694759222072));
#1576 = CARTESIAN_POINT('',(1.691499564937,4.722914274178E-02,
    0.694759222072));
#1577 = CARTESIAN_POINT('',(1.7,7.326632168471E-02,0.694759222072));
#1578 = CARTESIAN_POINT('',(1.7,1.E-01,0.694759222072));
#1579 = ORIENTED_EDGE('',*,*,#1189,.F.);
#1580 = CYLINDRICAL_SURFACE('',#1581,0.1);
#1581 = AXIS2_PLACEMENT_3D('',#1582,#1583,#1584);
#1582 = CARTESIAN_POINT('',(1.6,1.E-01,0.6));
#1583 = DIRECTION('',(0.,0.,1.));
#1584 = DIRECTION('',(0.,-1.,0.));
#1585 = ADVANCED_FACE('',(#1586),#1608,.T.);
#1586 = FACE_BOUND('',#1587,.F.);
#1587 = EDGE_LOOP('',(#1588,#1589,#1597,#1607));
#1588 = ORIENTED_EDGE('',*,*,#1313,.T.);
#1589 = ORIENTED_EDGE('',*,*,#1590,.T.);
#1590 = EDGE_CURVE('',#1314,#1591,#1593,.T.);
#1591 = VERTEX_POINT('',#1592);
#1592 = CARTESIAN_POINT('',(1.6,5.478104631727E-04,0.705212068398));
#1593 = LINE('',#1594,#1595);
#1594 = CARTESIAN_POINT('',(0.,5.478104631727E-04,0.705212068398));
#1595 = VECTOR('',#1596,1.);
#1596 = DIRECTION('',(1.,-0.,0.));
#1597 = ORIENTED_EDGE('',*,*,#1598,.T.);
#1598 = EDGE_CURVE('',#1591,#1182,#1599,.T.);
#1599 = ( BOUNDED_CURVE() B_SPLINE_CURVE(6,(#1600,#1601,#1602,#1603,
#1604,#1605,#1606),.UNSPECIFIED.,.F.,.F.) B_SPLINE_CURVE_WITH_KNOTS((7,7
),(0.,0.10471975512),.PIECEWISE_BEZIER_KNOTS.) CURVE() 
GEOMETRIC_REPRESENTATION_ITEM() RATIONAL_B_SPLINE_CURVE((1.000137088577,
    1.00004568784,0.999990860763,0.999972587294,0.999990860763,
1.00004568784,1.000137088577)) REPRESENTATION_ITEM('') );
#1600 = CARTESIAN_POINT('',(1.6,5.478104631727E-04,0.705212068398));
#1601 = CARTESIAN_POINT('',(1.6,3.653572044893E-04,0.703476141599));
#1602 = CARTESIAN_POINT('',(1.6,2.192831180767E-04,0.70173658371));
#1603 = CARTESIAN_POINT('',(1.6,1.096652759717E-04,0.699994252686));
#1604 = CARTESIAN_POINT('',(1.6,3.655943564763E-05,0.69825000815));
#1605 = CARTESIAN_POINT('',(1.6,1.387778780781E-16,0.696504710841));
#1606 = CARTESIAN_POINT('',(1.6,1.387778780781E-17,0.694759222072));
#1607 = ORIENTED_EDGE('',*,*,#1181,.F.);
#1608 = CYLINDRICAL_SURFACE('',#1609,0.1);
#1609 = AXIS2_PLACEMENT_3D('',#1610,#1611,#1612);
#1610 = CARTESIAN_POINT('',(0.,0.1,0.694759222072));
#1611 = DIRECTION('',(1.,-0.,0.));
#1612 = DIRECTION('',(0.,-1.,-0.));
#1613 = ADVANCED_FACE('',(#1614),#1633,.T.);
#1614 = FACE_BOUND('',#1615,.T.);
#1615 = EDGE_LOOP('',(#1616,#1617,#1625,#1632));
#1616 = ORIENTED_EDGE('',*,*,#1325,.F.);
#1617 = ORIENTED_EDGE('',*,*,#1618,.T.);
#1618 = EDGE_CURVE('',#1314,#1619,#1621,.T.);
#1619 = VERTEX_POINT('',#1620);
#1620 = CARTESIAN_POINT('',(0.147847733826,4.839554428908E-02,
    1.160452846327));
#1621 = LINE('',#1622,#1623);
#1622 = CARTESIAN_POINT('',(9.837729952288E-02,-1.074890013952E-03,
    0.689773104659));
#1623 = VECTOR('',#1624,1.);
#1624 = DIRECTION('',(0.103962051184,0.103962051184,0.989132844378));
#1625 = ORIENTED_EDGE('',*,*,#1626,.F.);
#1626 = EDGE_CURVE('',#1423,#1619,#1627,.T.);
#1627 = CIRCLE('',#1628,0.1);
#1628 = AXIS2_PLACEMENT_3D('',#1629,#1630,#1631);
#1629 = CARTESIAN_POINT('',(0.147847733826,0.147847733826,1.15));
#1630 = DIRECTION('',(0.103962051184,0.103962051184,0.989132844378));
#1631 = DIRECTION('',(-0.994521895368,-1.734723475977E-18,0.104528463268
    ));
#1632 = ORIENTED_EDGE('',*,*,#1422,.F.);
#1633 = CYLINDRICAL_SURFACE('',#1634,0.1);
#1634 = AXIS2_PLACEMENT_3D('',#1635,#1636,#1637);
#1635 = CARTESIAN_POINT('',(9.837729952288E-02,9.837729952288E-02,
    0.679320258332));
#1636 = DIRECTION('',(0.103962051184,0.103962051184,0.989132844378));
#1637 = DIRECTION('',(-0.994521895368,-1.734723475977E-18,0.104528463268
    ));
#1638 = ADVANCED_FACE('',(#1639),#1666,.T.);
#1639 = FACE_BOUND('',#1640,.T.);
#1640 = EDGE_LOOP('',(#1641,#1650,#1658,#1665));
#1641 = ORIENTED_EDGE('',*,*,#1642,.F.);
#1642 = EDGE_CURVE('',#1643,#1423,#1645,.T.);
#1643 = VERTEX_POINT('',#1644);
#1644 = CARTESIAN_POINT('',(0.147847733826,0.147847733826,1.25));
#1645 = CIRCLE('',#1646,0.1);
#1646 = AXIS2_PLACEMENT_3D('',#1647,#1648,#1649);
#1647 = CARTESIAN_POINT('',(0.147847733826,0.147847733826,1.15));
#1648 = DIRECTION('',(-2.917228549439E-17,-1.,-2.775557561563E-16));
#1649 = DIRECTION('',(-1.,2.917228549439E-17,8.096935759203E-33));
#1650 = ORIENTED_EDGE('',*,*,#1651,.T.);
#1651 = EDGE_CURVE('',#1643,#1652,#1654,.T.);
#1652 = VERTEX_POINT('',#1653);
#1653 = CARTESIAN_POINT('',(0.147847733826,2.872152266174,1.25));
#1654 = LINE('',#1655,#1656);
#1655 = CARTESIAN_POINT('',(0.147847733826,5.780732939612E-02,1.25));
#1656 = VECTOR('',#1657,1.);
#1657 = DIRECTION('',(0.,1.,-0.));
#1658 = ORIENTED_EDGE('',*,*,#1659,.T.);
#1659 = EDGE_CURVE('',#1652,#1431,#1660,.T.);
#1660 = CIRCLE('',#1661,0.1);
#1661 = AXIS2_PLACEMENT_3D('',#1662,#1663,#1664);
#1662 = CARTESIAN_POINT('',(0.147847733826,2.872152266174,1.15));
#1663 = DIRECTION('',(0.,-1.,-0.));
#1664 = DIRECTION('',(-1.,0.,-2.775557561563E-16));
#1665 = ORIENTED_EDGE('',*,*,#1430,.F.);
#1666 = CYLINDRICAL_SURFACE('',#1667,0.1);
#1667 = AXIS2_PLACEMENT_3D('',#1668,#1669,#1670);
#1668 = CARTESIAN_POINT('',(0.147847733826,5.780732939612E-02,1.15));
#1669 = DIRECTION('',(0.,1.,-0.));
#1670 = DIRECTION('',(-0.994521895368,0.,0.104528463268));
#1671 = ADVANCED_FACE('',(#1672),#1683,.T.);
#1672 = FACE_BOUND('',#1673,.T.);
#1673 = EDGE_LOOP('',(#1674,#1675,#1676,#1682));
#1674 = ORIENTED_EDGE('',*,*,#1520,.T.);
#1675 = ORIENTED_EDGE('',*,*,#1464,.T.);
#1676 = ORIENTED_EDGE('',*,*,#1677,.F.);
#1677 = EDGE_CURVE('',#1563,#1465,#1678,.T.);
#1678 = LINE('',#1679,#1680);
#1679 = CARTESIAN_POINT('',(1.7,3.469446951954E-18,0.694759222072));
#1680 = VECTOR('',#1681,1.);
#1681 = DIRECTION('',(0.,1.,-0.));
#1682 = ORIENTED_EDGE('',*,*,#1562,.F.);
#1683 = PLANE('',#1684);
#1684 = AXIS2_PLACEMENT_3D('',#1685,#1686,#1687);
#1685 = CARTESIAN_POINT('',(1.7,0.,0.6));
#1686 = DIRECTION('',(1.,0.,-0.));
#1687 = DIRECTION('',(0.,0.,1.));
#1688 = ADVANCED_FACE('',(#1689),#1715,.F.);
#1689 = FACE_BOUND('',#1690,.F.);
#1690 = EDGE_LOOP('',(#1691,#1692,#1704,#1714));
#1691 = ORIENTED_EDGE('',*,*,#1472,.T.);
#1692 = ORIENTED_EDGE('',*,*,#1693,.T.);
#1693 = EDGE_CURVE('',#1465,#1694,#1696,.T.);
#1694 = VERTEX_POINT('',#1695);
#1695 = CARTESIAN_POINT('',(1.699452189537,2.92,0.705212068398));
#1696 = ( BOUNDED_CURVE() B_SPLINE_CURVE(6,(#1697,#1698,#1699,#1700,
#1701,#1702,#1703),.UNSPECIFIED.,.F.,.F.) B_SPLINE_CURVE_WITH_KNOTS((7,7
),(0.,0.10471975512),.PIECEWISE_BEZIER_KNOTS.) CURVE() 
GEOMETRIC_REPRESENTATION_ITEM() RATIONAL_B_SPLINE_CURVE((1.000137088577,
    1.00004568784,0.999990860763,0.999972587294,0.999990860763,
1.00004568784,1.000137088577)) REPRESENTATION_ITEM('') );
#1697 = CARTESIAN_POINT('',(1.7,2.92,0.694759222072));
#1698 = CARTESIAN_POINT('',(1.7,2.92,0.696504710841));
#1699 = CARTESIAN_POINT('',(1.699963440564,2.92,0.69825000815));
#1700 = CARTESIAN_POINT('',(1.699890334724,2.92,0.699994252686));
#1701 = CARTESIAN_POINT('',(1.699780716882,2.92,0.70173658371));
#1702 = CARTESIAN_POINT('',(1.699634642796,2.92,0.703476141599));
#1703 = CARTESIAN_POINT('',(1.699452189537,2.92,0.705212068398));
#1704 = ORIENTED_EDGE('',*,*,#1705,.T.);
#1705 = EDGE_CURVE('',#1694,#1493,#1706,.T.);
#1706 = ( BOUNDED_CURVE() B_SPLINE_CURVE(6,(#1707,#1708,#1709,#1710,
#1711,#1712,#1713),.UNSPECIFIED.,.F.,.F.) B_SPLINE_CURVE_WITH_KNOTS((7,7
),(0.,1.559869909752),.PIECEWISE_BEZIER_KNOTS.) CURVE() 
GEOMETRIC_REPRESENTATION_ITEM() RATIONAL_B_SPLINE_CURVE((1.030950613501,
    1.009890100201,0.997953445068,0.994040710927,0.997953445068,
1.009890100201,1.030950613501)) REPRESENTATION_ITEM('') );
#1707 = CARTESIAN_POINT('',(1.699452189537,2.92,0.705212068398));
#1708 = CARTESIAN_POINT('',(1.699163780825,2.946396068307,0.707956093995
    ));
#1709 = CARTESIAN_POINT('',(1.690549925217,2.972114481755,0.709753855466
    ));
#1710 = CARTESIAN_POINT('',(1.674311721695,2.994311721695,0.710380175432
    ));
#1711 = CARTESIAN_POINT('',(1.652114481755,3.010549925217,0.709753855466
    ));
#1712 = CARTESIAN_POINT('',(1.626396068307,3.019163780825,0.707956093995
    ));
#1713 = CARTESIAN_POINT('',(1.6,3.019452189537,0.705212068398));
#1714 = ORIENTED_EDGE('',*,*,#1500,.T.);
#1715 = B_SPLINE_SURFACE_WITH_KNOTS('',8,8,(
    (#1716,#1717,#1718,#1719,#1720,#1721,#1722,#1723,#1724)
    ,(#1725,#1726,#1727,#1728,#1729,#1730,#1731,#1732,#1733)
    ,(#1734,#1735,#1736,#1737,#1738,#1739,#1740,#1741,#1742)
    ,(#1743,#1744,#1745,#1746,#1747,#1748,#1749,#1750,#1751)
    ,(#1752,#1753,#1754,#1755,#1756,#1757,#1758,#1759,#1760)
    ,(#1761,#1762,#1763,#1764,#1765,#1766,#1767,#1768,#1769)
    ,(#1770,#1771,#1772,#1773,#1774,#1775,#1776,#1777,#1778)
    ,(#1779,#1780,#1781,#1782,#1783,#1784,#1785,#1786,#1787)
    ,(#1788,#1789,#1790,#1791,#1792,#1793,#1794,#1795,#1796
  )),.UNSPECIFIED.,.F.,.F.,.F.,(9,9),(9,9),(-7.778174593052E-02,
    7.778174593052E-02),(-8.855910256722E-03,7.315613219613E-03),
  .PIECEWISE_BEZIER_KNOTS.);
#1716 = CARTESIAN_POINT('',(1.69858105857,2.908581318579,0.708837472209)
  );
#1717 = CARTESIAN_POINT('',(1.699039561287,2.909039750287,0.706839174569
    ));
#1718 = CARTESIAN_POINT('',(1.699326453465,2.909326333312,0.704832066195
    ));
#1719 = CARTESIAN_POINT('',(1.698325129413,2.90832513749,0.702755054073)
  );
#1720 = CARTESIAN_POINT('',(1.700530016284,2.910530258421,0.700850585719
    ));
#1721 = CARTESIAN_POINT('',(1.69918607666,2.909185680868,0.698755394657)
  );
#1722 = CARTESIAN_POINT('',(1.699606626085,2.909606889245,0.696755314877
    ));
#1723 = CARTESIAN_POINT('',(1.699640538362,2.909640569674,0.694734143219
    ));
#1724 = CARTESIAN_POINT('',(1.699568571388,2.909568739838,0.692707465772
    ));
#1725 = CARTESIAN_POINT('',(1.700366033378,2.937866154415,0.709666100861
    ));
#1726 = CARTESIAN_POINT('',(1.700959093149,2.938459242047,0.707674911771
    ));
#1727 = CARTESIAN_POINT('',(1.701747898187,2.93924772068,0.705694371776)
  );
#1728 = CARTESIAN_POINT('',(1.70099902848,2.938498783274,0.703632939804)
  );
#1729 = CARTESIAN_POINT('',(1.701945785483,2.939444967743,0.701657099415
    ));
#1730 = CARTESIAN_POINT('',(1.700950814676,2.938452034151,0.699584783756
    ));
#1731 = CARTESIAN_POINT('',(1.702065389891,2.939564323751,0.697619123702
    ));
#1732 = CARTESIAN_POINT('',(1.701968997509,2.939468581044,0.695591618817
    ));
#1733 = CARTESIAN_POINT('',(1.701699464168,2.939199273851,0.693554456917
    ));
#1734 = CARTESIAN_POINT('',(1.695911804604,2.960912381734,0.710161928533
    ));
#1735 = CARTESIAN_POINT('',(1.696366758038,2.961367891177,0.708163301613
    ));
#1736 = CARTESIAN_POINT('',(1.694048404689,2.959055600266,0.706012356791
    ));
#1737 = CARTESIAN_POINT('',(1.703208085922,2.968195566956,0.704493303187
    ));
#1738 = CARTESIAN_POINT('',(1.689327474306,2.954343121223,0.701709845512
    ));
#1739 = CARTESIAN_POINT('',(1.703379324328,2.968367230198,0.700450536402
    ));
#1740 = CARTESIAN_POINT('',(1.695163074854,2.960168349526,0.697983918368
    ));
#1741 = CARTESIAN_POINT('',(1.696487763903,2.961491039175,0.696033772399
    ));
#1742 = CARTESIAN_POINT('',(1.696916533251,2.961918305947,0.694033264294
    ));
#1743 = CARTESIAN_POINT('',(1.683556010334,2.976054562142,0.710235307426
    ));
#1744 = CARTESIAN_POINT('',(1.681830366865,2.974328120844,0.708118794542
    ));
#1745 = CARTESIAN_POINT('',(1.683884520453,2.976374081627,0.706212907348
    ));
#1746 = CARTESIAN_POINT('',(1.672454409844,2.964977414461,0.703549695978
    ));
#1747 = CARTESIAN_POINT('',(1.704754790577,2.997228958315,0.703304600769
    ));
#1748 = CARTESIAN_POINT('',(1.677607874224,2.970127928761,0.699788114106
    ));
#1749 = CARTESIAN_POINT('',(1.686519980028,2.979013102763,0.69826376297)
  );
#1750 = CARTESIAN_POINT('',(1.682106350531,2.974601792294,0.695998789585
    ));
#1751 = CARTESIAN_POINT('',(1.683183033388,2.975680313926,0.694033877457
    ));
#1752 = CARTESIAN_POINT('',(1.67440438705,2.99440438705,0.710485189777)
  );
#1753 = CARTESIAN_POINT('',(1.676920204785,2.996920204788,0.708599336436
    ));
#1754 = CARTESIAN_POINT('',(1.677860188328,2.997860188323,0.706617427181
    ));
#1755 = CARTESIAN_POINT('',(1.687799357277,3.007799357284,0.705158730126
    ));
#1756 = CARTESIAN_POINT('',(1.654557696889,2.974557696884,0.701293424075
    ));
#1757 = CARTESIAN_POINT('',(1.683485737511,3.003485737514,0.700875330186
    ));
#1758 = CARTESIAN_POINT('',(1.674547374624,2.994547374623,0.698342633307
    ));
#1759 = CARTESIAN_POINT('',(1.67835760394,2.99835760394,0.696531873209)
  );
#1760 = CARTESIAN_POINT('',(1.677018063778,2.997018063778,0.694437138377
    ));
#1761 = CARTESIAN_POINT('',(1.656054562143,3.003556010334,0.710235307426
    ));
#1762 = CARTESIAN_POINT('',(1.654328120847,3.001830366863,0.708118794542
    ));
#1763 = CARTESIAN_POINT('',(1.656374081625,3.003884520462,0.706212907348
    ));
#1764 = CARTESIAN_POINT('',(1.644977414459,2.992454409828,0.703549695979
    ));
#1765 = CARTESIAN_POINT('',(1.677228958319,3.024754790593,0.703304600768
    ));
#1766 = CARTESIAN_POINT('',(1.650127928762,2.997607874217,0.699788114106
    ));
#1767 = CARTESIAN_POINT('',(1.659013102762,3.00651998003,0.69826376297)
  );
#1768 = CARTESIAN_POINT('',(1.654601792294,3.00210635053,0.695998789585)
  );
#1769 = CARTESIAN_POINT('',(1.655680313926,3.003183033388,0.694033877457
    ));
#1770 = CARTESIAN_POINT('',(1.640912381733,3.015911804604,0.710161928533
    ));
#1771 = CARTESIAN_POINT('',(1.641367891176,3.016366758038,0.708163301613
    ));
#1772 = CARTESIAN_POINT('',(1.639055600267,3.014048404684,0.706012356791
    ));
#1773 = CARTESIAN_POINT('',(1.648195566959,3.023208085934,0.704493303187
    ));
#1774 = CARTESIAN_POINT('',(1.634343121221,3.009327474295,0.701709845513
    ));
#1775 = CARTESIAN_POINT('',(1.648367230197,3.023379324334,0.700450536401
    ));
#1776 = CARTESIAN_POINT('',(1.640168349528,3.015163074854,0.697983918369
    ));
#1777 = CARTESIAN_POINT('',(1.641491039175,3.016487763903,0.696033772399
    ));
#1778 = CARTESIAN_POINT('',(1.641918305947,3.016916533251,0.694033264294
    ));
#1779 = CARTESIAN_POINT('',(1.617866154415,3.020366033378,0.709666100861
    ));
#1780 = CARTESIAN_POINT('',(1.618459242047,3.020959093149,0.707674911771
    ));
#1781 = CARTESIAN_POINT('',(1.619247720678,3.021747898187,0.705694371776
    ));
#1782 = CARTESIAN_POINT('',(1.618498783276,3.02099902848,0.703632939804)
  );
#1783 = CARTESIAN_POINT('',(1.619444967741,3.021945785482,0.701657099415
    ));
#1784 = CARTESIAN_POINT('',(1.618452034153,3.020950814676,0.699584783756
    ));
#1785 = CARTESIAN_POINT('',(1.61956432375,3.022065389891,0.697619123702)
  );
#1786 = CARTESIAN_POINT('',(1.619468581044,3.021968997509,0.695591618817
    ));
#1787 = CARTESIAN_POINT('',(1.619199273851,3.021699464168,0.693554456917
    ));
#1788 = CARTESIAN_POINT('',(1.588581318579,3.01858105857,0.708837472209)
  );
#1789 = CARTESIAN_POINT('',(1.589039750287,3.019039561287,0.706839174569
    ));
#1790 = CARTESIAN_POINT('',(1.589326333311,3.019326453465,0.704832066195
    ));
#1791 = CARTESIAN_POINT('',(1.588325137491,3.018325129414,0.702755054073
    ));
#1792 = CARTESIAN_POINT('',(1.59053025842,3.020530016283,0.700850585719)
  );
#1793 = CARTESIAN_POINT('',(1.589185680869,3.019186076661,0.698755394657
    ));
#1794 = CARTESIAN_POINT('',(1.589606889245,3.019606626084,0.696755314877
    ));
#1795 = CARTESIAN_POINT('',(1.589640569674,3.019640538362,0.694734143219
    ));
#1796 = CARTESIAN_POINT('',(1.589568739838,3.019568571388,0.692707465772
    ));
#1797 = ADVANCED_FACE('',(#1798),#1816,.T.);
#1798 = FACE_BOUND('',#1799,.T.);
#1799 = EDGE_LOOP('',(#1800,#1801,#1802,#1810));
#1800 = ORIENTED_EDGE('',*,*,#1492,.F.);
#1801 = ORIENTED_EDGE('',*,*,#1537,.T.);
#1802 = ORIENTED_EDGE('',*,*,#1803,.T.);
#1803 = EDGE_CURVE('',#1538,#1804,#1806,.T.);
#1804 = VERTEX_POINT('',#1805);
#1805 = CARTESIAN_POINT('',(1.552152266174,2.971604455711,1.160452846327
    ));
#1806 = LINE('',#1807,#1808);
#1807 = CARTESIAN_POINT('',(5.780732939612E-02,2.971604455711,
    1.160452846327));
#1808 = VECTOR('',#1809,1.);
#1809 = DIRECTION('',(1.,0.,0.));
#1810 = ORIENTED_EDGE('',*,*,#1811,.F.);
#1811 = EDGE_CURVE('',#1493,#1804,#1812,.T.);
#1812 = LINE('',#1813,#1814);
#1813 = CARTESIAN_POINT('',(1.601622700477,3.021074890014,0.689773104659
    ));
#1814 = VECTOR('',#1815,1.);
#1815 = DIRECTION('',(-0.103962051184,-0.103962051184,0.989132844378));
#1816 = PLANE('',#1817);
#1817 = AXIS2_PLACEMENT_3D('',#1818,#1819,#1820);
#1818 = CARTESIAN_POINT('',(0.,3.02,0.7));
#1819 = DIRECTION('',(0.,0.994521895368,0.104528463268));
#1820 = DIRECTION('',(1.,0.,0.));
#1821 = ADVANCED_FACE('',(#1822),#1833,.T.);
#1822 = FACE_BOUND('',#1823,.T.);
#1823 = EDGE_LOOP('',(#1824,#1825,#1832));
#1824 = ORIENTED_EDGE('',*,*,#1659,.F.);
#1825 = ORIENTED_EDGE('',*,*,#1826,.T.);
#1826 = EDGE_CURVE('',#1652,#1538,#1827,.T.);
#1827 = CIRCLE('',#1828,0.1);
#1828 = AXIS2_PLACEMENT_3D('',#1829,#1830,#1831);
#1829 = CARTESIAN_POINT('',(0.147847733826,2.872152266174,1.15));
#1830 = DIRECTION('',(-1.,-2.832769448824E-16,-2.775557561563E-16));
#1831 = DIRECTION('',(-2.832769448824E-16,1.,-7.862514663848E-32));
#1832 = ORIENTED_EDGE('',*,*,#1545,.F.);
#1833 = SPHERICAL_SURFACE('',#1834,0.1);
#1834 = AXIS2_PLACEMENT_3D('',#1835,#1836,#1837);
#1835 = CARTESIAN_POINT('',(0.147847733826,2.872152266174,1.15));
#1836 = DIRECTION('',(2.775557561563E-16,0.,-1.));
#1837 = DIRECTION('',(-1.,0.,-2.775557561563E-16));
#1838 = ADVANCED_FACE('',(#1839),#1865,.T.);
#1839 = FACE_BOUND('',#1840,.T.);
#1840 = EDGE_LOOP('',(#1841,#1842,#1854,#1864));
#1841 = ORIENTED_EDGE('',*,*,#1570,.T.);
#1842 = ORIENTED_EDGE('',*,*,#1843,.T.);
#1843 = EDGE_CURVE('',#1563,#1844,#1846,.T.);
#1844 = VERTEX_POINT('',#1845);
#1845 = CARTESIAN_POINT('',(1.699452189537,1.E-01,0.705212068398));
#1846 = ( BOUNDED_CURVE() B_SPLINE_CURVE(6,(#1847,#1848,#1849,#1850,
#1851,#1852,#1853),.UNSPECIFIED.,.F.,.F.) B_SPLINE_CURVE_WITH_KNOTS((7,7
),(0.,0.10471975512),.PIECEWISE_BEZIER_KNOTS.) CURVE() 
GEOMETRIC_REPRESENTATION_ITEM() RATIONAL_B_SPLINE_CURVE((1.000137088577,
    1.00004568784,0.999990860763,0.999972587294,0.999990860763,
1.00004568784,1.000137088577)) REPRESENTATION_ITEM('') );
#1847 = CARTESIAN_POINT('',(1.7,1.E-01,0.694759222072));
#1848 = CARTESIAN_POINT('',(1.7,1.E-01,0.696504710841));
#1849 = CARTESIAN_POINT('',(1.699963440564,1.E-01,0.69825000815));
#1850 = CARTESIAN_POINT('',(1.699890334724,1.E-01,0.699994252686));
#1851 = CARTESIAN_POINT('',(1.699780716882,1.E-01,0.70173658371));
#1852 = CARTESIAN_POINT('',(1.699634642796,1.E-01,0.703476141599));
#1853 = CARTESIAN_POINT('',(1.699452189537,1.E-01,0.705212068398));
#1854 = ORIENTED_EDGE('',*,*,#1855,.T.);
#1855 = EDGE_CURVE('',#1844,#1591,#1856,.T.);
#1856 = ( BOUNDED_CURVE() B_SPLINE_CURVE(6,(#1857,#1858,#1859,#1860,
#1861,#1862,#1863),.UNSPECIFIED.,.F.,.F.) B_SPLINE_CURVE_WITH_KNOTS((7,7
),(0.,1.559869909752),.PIECEWISE_BEZIER_KNOTS.) CURVE() 
GEOMETRIC_REPRESENTATION_ITEM() RATIONAL_B_SPLINE_CURVE((1.030950613501,
    1.009890100201,0.997953445068,0.994040710927,0.997953445068,
1.009890100201,1.030950613501)) REPRESENTATION_ITEM('') );
#1857 = CARTESIAN_POINT('',(1.699452189537,0.1,0.705212068398));
#1858 = CARTESIAN_POINT('',(1.699163780825,7.360393169276E-02,
    0.707956093995));
#1859 = CARTESIAN_POINT('',(1.690549925217,4.788551824518E-02,
    0.709753855466));
#1860 = CARTESIAN_POINT('',(1.674311721695,2.568827830487E-02,
    0.710380175432));
#1861 = CARTESIAN_POINT('',(1.652114481755,9.450074782514E-03,
    0.709753855466));
#1862 = CARTESIAN_POINT('',(1.626396068307,8.362191750263E-04,
    0.707956093995));
#1863 = CARTESIAN_POINT('',(1.6,5.478104631727E-04,0.705212068398));
#1864 = ORIENTED_EDGE('',*,*,#1598,.T.);
#1865 = B_SPLINE_SURFACE_WITH_KNOTS('',8,8,(
    (#1866,#1867,#1868,#1869,#1870,#1871,#1872,#1873,#1874)
    ,(#1875,#1876,#1877,#1878,#1879,#1880,#1881,#1882,#1883)
    ,(#1884,#1885,#1886,#1887,#1888,#1889,#1890,#1891,#1892)
    ,(#1893,#1894,#1895,#1896,#1897,#1898,#1899,#1900,#1901)
    ,(#1902,#1903,#1904,#1905,#1906,#1907,#1908,#1909,#1910)
    ,(#1911,#1912,#1913,#1914,#1915,#1916,#1917,#1918,#1919)
    ,(#1920,#1921,#1922,#1923,#1924,#1925,#1926,#1927,#1928)
    ,(#1929,#1930,#1931,#1932,#1933,#1934,#1935,#1936,#1937)
    ,(#1938,#1939,#1940,#1941,#1942,#1943,#1944,#1945,#1946
  )),.UNSPECIFIED.,.F.,.F.,.F.,(9,9),(9,9),(-7.778174593052E-02,
    7.778174593052E-02),(-7.315613219613E-03,8.855910256723E-03),
  .PIECEWISE_BEZIER_KNOTS.);
#1866 = CARTESIAN_POINT('',(1.589568739838,4.314286125216E-04,
    0.692707465772));
#1867 = CARTESIAN_POINT('',(1.589640569674,3.594616381209E-04,
    0.694734143219));
#1868 = CARTESIAN_POINT('',(1.589606889245,3.933739155827E-04,
    0.696755314877));
#1869 = CARTESIAN_POINT('',(1.589185680868,8.139233400882E-04,
    0.698755394657));
#1870 = CARTESIAN_POINT('',(1.590530258422,-5.30016284104E-04,
    0.700850585719));
#1871 = CARTESIAN_POINT('',(1.588325137489,1.674870587208E-03,
    0.702755054072));
#1872 = CARTESIAN_POINT('',(1.589326333312,6.735465348804E-04,
    0.704832066195));
#1873 = CARTESIAN_POINT('',(1.589039750287,9.604387132526E-04,
    0.706839174569));
#1874 = CARTESIAN_POINT('',(1.588581318578,1.418941430917E-03,
    0.708837472208));
#1875 = CARTESIAN_POINT('',(1.619199273851,-1.699464168351E-03,
    0.693554456917));
#1876 = CARTESIAN_POINT('',(1.619468581045,-1.968997509824E-03,
    0.695591618817));
#1877 = CARTESIAN_POINT('',(1.619564323752,-2.06538989211E-03,
    0.697619123702));
#1878 = CARTESIAN_POINT('',(1.618452034151,-9.508146745669E-04,
    0.699584783756));
#1879 = CARTESIAN_POINT('',(1.619444967743,-1.945785483609E-03,
    0.701657099415));
#1880 = CARTESIAN_POINT('',(1.618498783275,-9.990284790578E-04,
    0.703632939804));
#1881 = CARTESIAN_POINT('',(1.61924772068,-1.747898188255E-03,
    0.705694371776));
#1882 = CARTESIAN_POINT('',(1.618459242047,-9.590931490214E-04,
    0.707674911771));
#1883 = CARTESIAN_POINT('',(1.617866154415,-3.660333778228E-04,
    0.709666100861));
#1884 = CARTESIAN_POINT('',(1.641918305946,3.083466749625E-03,
    0.694033264294));
#1885 = CARTESIAN_POINT('',(1.641491039174,3.512236098037E-03,
    0.696033772399));
#1886 = CARTESIAN_POINT('',(1.640168349526,4.836925149926E-03,
    0.697983918369));
#1887 = CARTESIAN_POINT('',(1.648367230194,-3.379324333679E-03,
    0.7004505364));
#1888 = CARTESIAN_POINT('',(1.63434312123,1.067252569921E-02,
    0.701709845514));
#1889 = CARTESIAN_POINT('',(1.648195566946,-3.208085924003E-03,
    0.704493303185));
#1890 = CARTESIAN_POINT('',(1.639055600269,5.951595314427E-03,
    0.706012356792));
#1891 = CARTESIAN_POINT('',(1.641367891176,3.633241961568E-03,
    0.708163301613));
#1892 = CARTESIAN_POINT('',(1.640912381733,4.088195396177E-03,
    0.710161928533));
#1893 = CARTESIAN_POINT('',(1.655680313927,1.681696661113E-02,
    0.694033877457));
#1894 = CARTESIAN_POINT('',(1.654601792296,1.789364946811E-02,
    0.695998789586));
#1895 = CARTESIAN_POINT('',(1.659013102766,1.348001996274E-02,
    0.69826376297));
#1896 = CARTESIAN_POINT('',(1.65012792876,2.239212579283E-02,
    0.699788114108));
#1897 = CARTESIAN_POINT('',(1.677228958306,-4.754790593104E-03,
    0.703304600766));
#1898 = CARTESIAN_POINT('',(1.644977414469,2.754559017354E-02,
    0.70354969598));
#1899 = CARTESIAN_POINT('',(1.656374081625,1.611547953422E-02,
    0.706212907347));
#1900 = CARTESIAN_POINT('',(1.654328120847,1.816963313754E-02,
    0.708118794542));
#1901 = CARTESIAN_POINT('',(1.656054562142,1.644398966645E-02,
    0.710235307426));
#1902 = CARTESIAN_POINT('',(1.677018063777,2.298193622325E-02,
    0.694437138377));
#1903 = CARTESIAN_POINT('',(1.678357603938,2.164239606073E-02,
    0.696531873208));
#1904 = CARTESIAN_POINT('',(1.674547374621,2.545262538541E-02,
    0.698342633308));
#1905 = CARTESIAN_POINT('',(1.683485737512,1.651426247187E-02,
    0.700875330184));
#1906 = CARTESIAN_POINT('',(1.654557696891,4.544230313352E-02,
    0.701293424078));
#1907 = CARTESIAN_POINT('',(1.687799357274,1.220064270222E-02,
    0.705158730124));
#1908 = CARTESIAN_POINT('',(1.677860188324,2.213981169004E-02,
    0.706617427182));
#1909 = CARTESIAN_POINT('',(1.676920204785,2.307979521139E-02,
    0.708599336435));
#1910 = CARTESIAN_POINT('',(1.67440438705,2.559561294841E-02,
    0.710485189777));
#1911 = CARTESIAN_POINT('',(1.683183033388,4.431968607351E-02,
    0.694033877457));
#1912 = CARTESIAN_POINT('',(1.682106350531,4.539820770619E-02,
    0.695998789586));
#1913 = CARTESIAN_POINT('',(1.686519980029,4.098689723281E-02,
    0.69826376297));
#1914 = CARTESIAN_POINT('',(1.677607874223,4.987207124779E-02,
    0.699788114108));
#1915 = CARTESIAN_POINT('',(1.704754790577,2.277104167363E-02,
    0.703304600766));
#1916 = CARTESIAN_POINT('',(1.67245440984,5.502258555315E-02,
    0.70354969598));
#1917 = CARTESIAN_POINT('',(1.683884520459,4.362591836144E-02,
    0.706212907347));
#1918 = CARTESIAN_POINT('',(1.681830366865,4.567187915584E-02,
    0.708118794542));
#1919 = CARTESIAN_POINT('',(1.683556010334,4.394543785872E-02,
    0.710235307426));
#1920 = CARTESIAN_POINT('',(1.696916533251,5.80816940534E-02,
    0.694033264294));
#1921 = CARTESIAN_POINT('',(1.696487763903,5.850896082458E-02,
    0.696033772399));
#1922 = CARTESIAN_POINT('',(1.695163074855,5.983165047378E-02,
    0.697983918369));
#1923 = CARTESIAN_POINT('',(1.703379324327,5.163276980113E-02,
    0.7004505364));
#1924 = CARTESIAN_POINT('',(1.689327474307,6.56568787798E-02,
    0.701709845514));
#1925 = CARTESIAN_POINT('',(1.703208085919,5.18044330429E-02,
    0.704493303185));
#1926 = CARTESIAN_POINT('',(1.694048404687,6.094439973829E-02,
    0.706012356792));
#1927 = CARTESIAN_POINT('',(1.696366758037,5.863210882276E-02,
    0.708163301613));
#1928 = CARTESIAN_POINT('',(1.695911804604,5.908761826626E-02,
    0.710161928533));
#1929 = CARTESIAN_POINT('',(1.701699464168,8.080072614911E-02,
    0.693554456917));
#1930 = CARTESIAN_POINT('',(1.701968997509,8.053141895613E-02,
    0.695591618817));
#1931 = CARTESIAN_POINT('',(1.70206538989,8.043567624951E-02,
    0.697619123702));
#1932 = CARTESIAN_POINT('',(1.700950814679,8.154796584672E-02,
    0.699584783756));
#1933 = CARTESIAN_POINT('',(1.701945785479,8.055503225818E-02,
    0.701657099414));
#1934 = CARTESIAN_POINT('',(1.700999028482,8.150121672514E-02,
    0.703632939805));
#1935 = CARTESIAN_POINT('',(1.701747898187,8.075227931958E-02,
    0.705694371776));
#1936 = CARTESIAN_POINT('',(1.700959093149,8.154075795303E-02,
    0.707674911771));
#1937 = CARTESIAN_POINT('',(1.700366033378,8.213384558478E-02,
    0.709666100861));
#1938 = CARTESIAN_POINT('',(1.699568571388,0.110431260161,0.692707465772
    ));
#1939 = CARTESIAN_POINT('',(1.699640538362,0.110359430326,0.694734143219
    ));
#1940 = CARTESIAN_POINT('',(1.699606626085,0.110393110754,0.696755314877
    ));
#1941 = CARTESIAN_POINT('',(1.699186076658,0.110814319134,0.698755394657
    ));
#1942 = CARTESIAN_POINT('',(1.700530016287,0.109469741576,0.700850585719
    ));
#1943 = CARTESIAN_POINT('',(1.698325129411,0.111674862512,0.702755054072
    ));
#1944 = CARTESIAN_POINT('',(1.699326453466,0.110673666687,0.704832066195
    ));
#1945 = CARTESIAN_POINT('',(1.699039561287,0.110960249713,0.706839174569
    ));
#1946 = CARTESIAN_POINT('',(1.698581058569,0.111418681422,0.708837472208
    ));
#1947 = ADVANCED_FACE('',(#1948),#1966,.F.);
#1948 = FACE_BOUND('',#1949,.F.);
#1949 = EDGE_LOOP('',(#1950,#1951,#1952,#1960));
#1950 = ORIENTED_EDGE('',*,*,#1590,.F.);
#1951 = ORIENTED_EDGE('',*,*,#1618,.T.);
#1952 = ORIENTED_EDGE('',*,*,#1953,.T.);
#1953 = EDGE_CURVE('',#1619,#1954,#1956,.T.);
#1954 = VERTEX_POINT('',#1955);
#1955 = CARTESIAN_POINT('',(1.552152266174,4.839554428908E-02,
    1.160452846327));
#1956 = LINE('',#1957,#1958);
#1957 = CARTESIAN_POINT('',(5.780732939612E-02,4.839554428908E-02,
    1.160452846327));
#1958 = VECTOR('',#1959,1.);
#1959 = DIRECTION('',(1.,-0.,0.));
#1960 = ORIENTED_EDGE('',*,*,#1961,.F.);
#1961 = EDGE_CURVE('',#1591,#1954,#1962,.T.);
#1962 = LINE('',#1963,#1964);
#1963 = CARTESIAN_POINT('',(1.601622700477,-1.074890013952E-03,
    0.689773104659));
#1964 = VECTOR('',#1965,1.);
#1965 = DIRECTION('',(-0.103962051184,0.103962051184,0.989132844378));
#1966 = PLANE('',#1967);
#1967 = AXIS2_PLACEMENT_3D('',#1968,#1969,#1970);
#1968 = CARTESIAN_POINT('',(0.,0.,0.7));
#1969 = DIRECTION('',(0.,0.994521895368,-0.104528463268));
#1970 = DIRECTION('',(1.,0.,0.));
#1971 = ADVANCED_FACE('',(#1972),#1983,.T.);
#1972 = FACE_BOUND('',#1973,.F.);
#1973 = EDGE_LOOP('',(#1974,#1975,#1982));
#1974 = ORIENTED_EDGE('',*,*,#1642,.F.);
#1975 = ORIENTED_EDGE('',*,*,#1976,.T.);
#1976 = EDGE_CURVE('',#1643,#1619,#1977,.T.);
#1977 = CIRCLE('',#1978,0.1);
#1978 = AXIS2_PLACEMENT_3D('',#1979,#1980,#1981);
#1979 = CARTESIAN_POINT('',(0.147847733826,0.147847733826,1.15));
#1980 = DIRECTION('',(1.,-3.124492303768E-16,-8.672208239768E-32));
#1981 = DIRECTION('',(-3.124492303768E-16,-1.,-2.775557561563E-16));
#1982 = ORIENTED_EDGE('',*,*,#1626,.F.);
#1983 = SPHERICAL_SURFACE('',#1984,0.1);
#1984 = AXIS2_PLACEMENT_3D('',#1985,#1986,#1987);
#1985 = CARTESIAN_POINT('',(0.147847733826,0.147847733826,1.15));
#1986 = DIRECTION('',(0.,2.775557561563E-16,-1.));
#1987 = DIRECTION('',(-1.,2.917228549439E-17,8.096935759203E-33));
#1988 = ADVANCED_FACE('',(#1989),#2014,.T.);
#1989 = FACE_BOUND('',#1990,.T.);
#1990 = EDGE_LOOP('',(#1991,#1992,#2000,#2008));
#1991 = ORIENTED_EDGE('',*,*,#1651,.F.);
#1992 = ORIENTED_EDGE('',*,*,#1993,.T.);
#1993 = EDGE_CURVE('',#1643,#1994,#1996,.T.);
#1994 = VERTEX_POINT('',#1995);
#1995 = CARTESIAN_POINT('',(1.552152266174,0.147847733826,1.25));
#1996 = LINE('',#1997,#1998);
#1997 = CARTESIAN_POINT('',(5.780732939612E-02,0.147847733826,1.25));
#1998 = VECTOR('',#1999,1.);
#1999 = DIRECTION('',(1.,-0.,0.));
#2000 = ORIENTED_EDGE('',*,*,#2001,.T.);
#2001 = EDGE_CURVE('',#1994,#2002,#2004,.T.);
#2002 = VERTEX_POINT('',#2003);
#2003 = CARTESIAN_POINT('',(1.552152266174,2.872152266174,1.25));
#2004 = LINE('',#2005,#2006);
#2005 = CARTESIAN_POINT('',(1.552152266174,5.780732939612E-02,1.25));
#2006 = VECTOR('',#2007,1.);
#2007 = DIRECTION('',(0.,1.,-0.));
#2008 = ORIENTED_EDGE('',*,*,#2009,.F.);
#2009 = EDGE_CURVE('',#1652,#2002,#2010,.T.);
#2010 = LINE('',#2011,#2012);
#2011 = CARTESIAN_POINT('',(5.780732939612E-02,2.872152266174,1.25));
#2012 = VECTOR('',#2013,1.);
#2013 = DIRECTION('',(1.,0.,0.));
#2014 = PLANE('',#2015);
#2015 = AXIS2_PLACEMENT_3D('',#2016,#2017,#2018);
#2016 = CARTESIAN_POINT('',(0.,0.,1.25));
#2017 = DIRECTION('',(0.,0.,1.));
#2018 = DIRECTION('',(1.,0.,-0.));
#2019 = ADVANCED_FACE('',(#2020),#2031,.T.);
#2020 = FACE_BOUND('',#2021,.F.);
#2021 = EDGE_LOOP('',(#2022,#2023,#2029,#2030));
#2022 = ORIENTED_EDGE('',*,*,#1843,.T.);
#2023 = ORIENTED_EDGE('',*,*,#2024,.T.);
#2024 = EDGE_CURVE('',#1844,#1694,#2025,.T.);
#2025 = LINE('',#2026,#2027);
#2026 = CARTESIAN_POINT('',(1.699452189537,3.469446951954E-18,
    0.705212068398));
#2027 = VECTOR('',#2028,1.);
#2028 = DIRECTION('',(0.,1.,-0.));
#2029 = ORIENTED_EDGE('',*,*,#1693,.F.);
#2030 = ORIENTED_EDGE('',*,*,#1677,.F.);
#2031 = CYLINDRICAL_SURFACE('',#2032,0.1);
#2032 = AXIS2_PLACEMENT_3D('',#2033,#2034,#2035);
#2033 = CARTESIAN_POINT('',(1.6,3.469446951954E-18,0.694759222072));
#2034 = DIRECTION('',(0.,1.,-0.));
#2035 = DIRECTION('',(1.,-0.,0.));
#2036 = ADVANCED_FACE('',(#2037),#2056,.T.);
#2037 = FACE_BOUND('',#2038,.F.);
#2038 = EDGE_LOOP('',(#2039,#2040,#2048,#2055));
#2039 = ORIENTED_EDGE('',*,*,#1705,.F.);
#2040 = ORIENTED_EDGE('',*,*,#2041,.T.);
#2041 = EDGE_CURVE('',#1694,#2042,#2044,.T.);
#2042 = VERTEX_POINT('',#2043);
#2043 = CARTESIAN_POINT('',(1.651604455711,2.872152266174,1.160452846327
    ));
#2044 = LINE('',#2045,#2046);
#2045 = CARTESIAN_POINT('',(1.701074890014,2.921622700477,0.689773104659
    ));
#2046 = VECTOR('',#2047,1.);
#2047 = DIRECTION('',(-0.103962051184,-0.103962051184,0.989132844378));
#2048 = ORIENTED_EDGE('',*,*,#2049,.F.);
#2049 = EDGE_CURVE('',#1804,#2042,#2050,.T.);
#2050 = CIRCLE('',#2051,0.1);
#2051 = AXIS2_PLACEMENT_3D('',#2052,#2053,#2054);
#2052 = CARTESIAN_POINT('',(1.552152266174,2.872152266174,1.15));
#2053 = DIRECTION('',(0.103962051184,0.103962051184,-0.989132844378));
#2054 = DIRECTION('',(4.439157375025E-15,0.994521895368,0.104528463268)
  );
#2055 = ORIENTED_EDGE('',*,*,#1811,.F.);
#2056 = CYLINDRICAL_SURFACE('',#2057,0.1);
#2057 = AXIS2_PLACEMENT_3D('',#2058,#2059,#2060);
#2058 = CARTESIAN_POINT('',(1.601622700477,2.921622700477,0.679320258332
    ));
#2059 = DIRECTION('',(-0.103962051184,-0.103962051184,0.989132844378));
#2060 = DIRECTION('',(1.734723475977E-18,0.994521895368,0.104528463268)
  );
#2061 = ADVANCED_FACE('',(#2062),#2074,.T.);
#2062 = FACE_BOUND('',#2063,.T.);
#2063 = EDGE_LOOP('',(#2064,#2065,#2066,#2073));
#2064 = ORIENTED_EDGE('',*,*,#1826,.F.);
#2065 = ORIENTED_EDGE('',*,*,#2009,.T.);
#2066 = ORIENTED_EDGE('',*,*,#2067,.T.);
#2067 = EDGE_CURVE('',#2002,#1804,#2068,.T.);
#2068 = CIRCLE('',#2069,0.1);
#2069 = AXIS2_PLACEMENT_3D('',#2070,#2071,#2072);
#2070 = CARTESIAN_POINT('',(1.552152266174,2.872152266174,1.15));
#2071 = DIRECTION('',(-1.,3.765218921825E-15,6.661338147751E-15));
#2072 = DIRECTION('',(3.765218921825E-15,1.,-2.508139643859E-29));
#2073 = ORIENTED_EDGE('',*,*,#1803,.F.);
#2074 = CYLINDRICAL_SURFACE('',#2075,0.1);
#2075 = AXIS2_PLACEMENT_3D('',#2076,#2077,#2078);
#2076 = CARTESIAN_POINT('',(5.780732939612E-02,2.872152266174,1.15));
#2077 = DIRECTION('',(1.,0.,0.));
#2078 = DIRECTION('',(-0.,0.994521895368,0.104528463268));
#2079 = ADVANCED_FACE('',(#2080),#2099,.T.);
#2080 = FACE_BOUND('',#2081,.T.);
#2081 = EDGE_LOOP('',(#2082,#2083,#2091,#2098));
#2082 = ORIENTED_EDGE('',*,*,#1855,.F.);
#2083 = ORIENTED_EDGE('',*,*,#2084,.T.);
#2084 = EDGE_CURVE('',#1844,#2085,#2087,.T.);
#2085 = VERTEX_POINT('',#2086);
#2086 = CARTESIAN_POINT('',(1.651604455711,0.147847733826,1.160452846327
    ));
#2087 = LINE('',#2088,#2089);
#2088 = CARTESIAN_POINT('',(1.701074890014,9.837729952288E-02,
    0.689773104659));
#2089 = VECTOR('',#2090,1.);
#2090 = DIRECTION('',(-0.103962051184,0.103962051184,0.989132844378));
#2091 = ORIENTED_EDGE('',*,*,#2092,.F.);
#2092 = EDGE_CURVE('',#1954,#2085,#2093,.T.);
#2093 = CIRCLE('',#2094,0.1);
#2094 = AXIS2_PLACEMENT_3D('',#2095,#2096,#2097);
#2095 = CARTESIAN_POINT('',(1.552152266174,0.147847733826,1.15));
#2096 = DIRECTION('',(-0.103962051184,0.103962051184,0.989132844378));
#2097 = DIRECTION('',(0.,-0.994521895368,0.104528463268));
#2098 = ORIENTED_EDGE('',*,*,#1961,.F.);
#2099 = CYLINDRICAL_SURFACE('',#2100,0.1);
#2100 = AXIS2_PLACEMENT_3D('',#2101,#2102,#2103);
#2101 = CARTESIAN_POINT('',(1.601622700477,9.837729952288E-02,
    0.679320258332));
#2102 = DIRECTION('',(-0.103962051184,0.103962051184,0.989132844378));
#2103 = DIRECTION('',(1.734723475977E-18,-0.994521895368,0.104528463268)
  );
#2104 = ADVANCED_FACE('',(#2105),#2117,.T.);
#2105 = FACE_BOUND('',#2106,.F.);
#2106 = EDGE_LOOP('',(#2107,#2108,#2109,#2116));
#2107 = ORIENTED_EDGE('',*,*,#1976,.F.);
#2108 = ORIENTED_EDGE('',*,*,#1993,.T.);
#2109 = ORIENTED_EDGE('',*,*,#2110,.T.);
#2110 = EDGE_CURVE('',#1994,#1954,#2111,.T.);
#2111 = CIRCLE('',#2112,0.1);
#2112 = AXIS2_PLACEMENT_3D('',#2113,#2114,#2115);
#2113 = CARTESIAN_POINT('',(1.552152266174,0.147847733826,1.15));
#2114 = DIRECTION('',(1.,-2.333782839551E-16,-2.22044604925E-15));
#2115 = DIRECTION('',(-2.333782839551E-16,-1.,-8.326672684689E-16));
#2116 = ORIENTED_EDGE('',*,*,#1953,.F.);
#2117 = CYLINDRICAL_SURFACE('',#2118,0.1);
#2118 = AXIS2_PLACEMENT_3D('',#2119,#2120,#2121);
#2119 = CARTESIAN_POINT('',(5.780732939612E-02,0.147847733826,1.15));
#2120 = DIRECTION('',(1.,-0.,0.));
#2121 = DIRECTION('',(-0.,-0.994521895368,0.104528463268));
#2122 = ADVANCED_FACE('',(#2123),#2146,.T.);
#2123 = FACE_BOUND('',#2124,.T.);
#2124 = EDGE_LOOP('',(#2125,#2132,#2138,#2145));
#2125 = ORIENTED_EDGE('',*,*,#2126,.T.);
#2126 = EDGE_CURVE('',#1994,#2085,#2127,.T.);
#2127 = CIRCLE('',#2128,0.1);
#2128 = AXIS2_PLACEMENT_3D('',#2129,#2130,#2131);
#2129 = CARTESIAN_POINT('',(1.552152266174,0.147847733826,1.15));
#2130 = DIRECTION('',(7.386998337626E-16,1.,8.326672684689E-16));
#2131 = DIRECTION('',(1.,-7.386998337626E-16,-2.22044604925E-15));
#2132 = ORIENTED_EDGE('',*,*,#2133,.T.);
#2133 = EDGE_CURVE('',#2085,#2042,#2134,.T.);
#2134 = LINE('',#2135,#2136);
#2135 = CARTESIAN_POINT('',(1.651604455711,5.780732939612E-02,
    1.160452846327));
#2136 = VECTOR('',#2137,1.);
#2137 = DIRECTION('',(0.,1.,-0.));
#2138 = ORIENTED_EDGE('',*,*,#2139,.F.);
#2139 = EDGE_CURVE('',#2002,#2042,#2140,.T.);
#2140 = CIRCLE('',#2141,0.1);
#2141 = AXIS2_PLACEMENT_3D('',#2142,#2143,#2144);
#2142 = CARTESIAN_POINT('',(1.552152266174,2.872152266174,1.15));
#2143 = DIRECTION('',(-7.369055166328E-16,1.,4.908776829234E-30));
#2144 = DIRECTION('',(1.,7.369055166328E-16,-6.661338147751E-15));
#2145 = ORIENTED_EDGE('',*,*,#2001,.F.);
#2146 = CYLINDRICAL_SURFACE('',#2147,0.1);
#2147 = AXIS2_PLACEMENT_3D('',#2148,#2149,#2150);
#2148 = CARTESIAN_POINT('',(1.552152266174,5.780732939612E-02,1.15));
#2149 = DIRECTION('',(0.,1.,-0.));
#2150 = DIRECTION('',(0.,0.,1.));
#2151 = ADVANCED_FACE('',(#2152),#2158,.F.);
#2152 = FACE_BOUND('',#2153,.F.);
#2153 = EDGE_LOOP('',(#2154,#2155,#2156,#2157));
#2154 = ORIENTED_EDGE('',*,*,#2024,.F.);
#2155 = ORIENTED_EDGE('',*,*,#2084,.T.);
#2156 = ORIENTED_EDGE('',*,*,#2133,.T.);
#2157 = ORIENTED_EDGE('',*,*,#2041,.F.);
#2158 = PLANE('',#2159);
#2159 = AXIS2_PLACEMENT_3D('',#2160,#2161,#2162);
#2160 = CARTESIAN_POINT('',(1.7,0.,0.7));
#2161 = DIRECTION('',(-0.994521895368,0.,-0.104528463268));
#2162 = DIRECTION('',(0.,1.,0.));
#2163 = ADVANCED_FACE('',(#2164),#2169,.T.);
#2164 = FACE_BOUND('',#2165,.T.);
#2165 = EDGE_LOOP('',(#2166,#2167,#2168));
#2166 = ORIENTED_EDGE('',*,*,#2067,.F.);
#2167 = ORIENTED_EDGE('',*,*,#2139,.T.);
#2168 = ORIENTED_EDGE('',*,*,#2049,.F.);
#2169 = SPHERICAL_SURFACE('',#2170,0.1);
#2170 = AXIS2_PLACEMENT_3D('',#2171,#2172,#2173);
#2171 = CARTESIAN_POINT('',(1.552152266174,2.872152266174,1.15));
#2172 = DIRECTION('',(-6.661338147751E-15,0.,-1.));
#2173 = DIRECTION('',(3.765218921825E-15,1.,-2.508139643859E-29));
#2174 = ADVANCED_FACE('',(#2175),#2180,.T.);
#2175 = FACE_BOUND('',#2176,.F.);
#2176 = EDGE_LOOP('',(#2177,#2178,#2179));
#2177 = ORIENTED_EDGE('',*,*,#2110,.F.);
#2178 = ORIENTED_EDGE('',*,*,#2126,.T.);
#2179 = ORIENTED_EDGE('',*,*,#2092,.F.);
#2180 = SPHERICAL_SURFACE('',#2181,0.1);
#2181 = AXIS2_PLACEMENT_3D('',#2182,#2183,#2184);
#2182 = CARTESIAN_POINT('',(1.552152266174,0.147847733826,1.15));
#2183 = DIRECTION('',(-2.22044604925E-15,8.326672684689E-16,-1.));
#2184 = DIRECTION('',(-2.333782839551E-16,-1.,-8.326672684689E-16));
#2185 = ( GEOMETRIC_REPRESENTATION_CONTEXT(3) 
GLOBAL_UNCERTAINTY_ASSIGNED_CONTEXT((#2189)) 
GLOBAL_UNIT_ASSIGNED_CONTEXT((#2186,#2187,#2188)) REPRESENTATION_CONTEXT
('Context #1','3D Context with UNIT and UNCERTAINTY') );
#2186 = ( LENGTH_UNIT() NAMED_UNIT(*) SI_UNIT(.MILLI.,.METRE.) );
#2187 = ( NAMED_UNIT(*) PLANE_ANGLE_UNIT() SI_UNIT($,.RADIAN.) );
#2188 = ( NAMED_UNIT(*) SI_UNIT($,.STERADIAN.) SOLID_ANGLE_UNIT() );
#2189 = UNCERTAINTY_MEASURE_WITH_UNIT(LENGTH_MEASURE(1.E-04),#2186,
  'distance_accuracy_value','confusion accuracy');
#2190 = SHAPE_DEFINITION_REPRESENTATION(#2191,#54);
#2191 = PRODUCT_DEFINITION_SHAPE('','',#2192);
#2192 = PRODUCT_DEFINITION('design','',#2193,#2196);
#2193 = PRODUCT_DEFINITION_FORMATION('','',#2194);
#2194 = PRODUCT('Open CASCADE STEP translator 7.5 3.1.1',
  'Open CASCADE STEP translator 7.5 3.1.1','',(#2195));
#2195 = PRODUCT_CONTEXT('',#2,'mechanical');
#2196 = PRODUCT_DEFINITION_CONTEXT('part definition',#2,'design');
#2197 = CONTEXT_DEPENDENT_SHAPE_REPRESENTATION(#2198,#2200);
#2198 = ( REPRESENTATION_RELATIONSHIP('','',#54,#44) 
REPRESENTATION_RELATIONSHIP_WITH_TRANSFORMATION(#2199) 
SHAPE_REPRESENTATION_RELATIONSHIP() );
#2199 = ITEM_DEFINED_TRANSFORMATION('','',#11,#45);
#2200 = PRODUCT_DEFINITION_SHAPE('Placement','Placement of an item',
  #2201);
#2201 = NEXT_ASSEMBLY_USAGE_OCCURRENCE('295','','',#39,#2192,$);
#2202 = PRODUCT_RELATED_PRODUCT_CATEGORY('part',$,(#2194));
#2203 = CONTEXT_DEPENDENT_SHAPE_REPRESENTATION(#2204,#2206);
#2204 = ( REPRESENTATION_RELATIONSHIP('','',#44,#10) 
REPRESENTATION_RELATIONSHIP_WITH_TRANSFORMATION(#2205) 
SHAPE_REPRESENTATION_RELATIONSHIP() );
#2205 = ITEM_DEFINED_TRANSFORMATION('','',#11,#15);
#2206 = PRODUCT_DEFINITION_SHAPE('Placement','Placement of an item',
  #2207);
#2207 = NEXT_ASSEMBLY_USAGE_OCCURRENCE('296','','',#5,#39,$);
#2208 = PRODUCT_RELATED_PRODUCT_CATEGORY('part',$,(#41));
#2209 = ADVANCED_BREP_SHAPE_REPRESENTATION('',(#11,#2210),#2752);
#2210 = MANIFOLD_SOLID_BREP('',#2211);
#2211 = CLOSED_SHELL('',(#2212,#2252,#2283,#2316,#2347,#2380,#2411,#2435
    ,#2460,#2484,#2509,#2533,#2557,#2582,#2606,#2631,#2655,#2672,#2689,
    #2706,#2723,#2740));
#2212 = ADVANCED_FACE('',(#2213),#2247,.F.);
#2213 = FACE_BOUND('',#2214,.F.);
#2214 = EDGE_LOOP('',(#2215,#2225,#2233,#2241));
#2215 = ORIENTED_EDGE('',*,*,#2216,.T.);
#2216 = EDGE_CURVE('',#2217,#2219,#2221,.T.);
#2217 = VERTEX_POINT('',#2218);
#2218 = CARTESIAN_POINT('',(0.,-0.25,0.6));
#2219 = VERTEX_POINT('',#2220);
#2220 = CARTESIAN_POINT('',(0.,0.25,0.6));
#2221 = LINE('',#2222,#2223);
#2222 = CARTESIAN_POINT('',(0.,-0.25,0.6));
#2223 = VECTOR('',#2224,1.);
#2224 = DIRECTION('',(0.,1.,0.));
#2225 = ORIENTED_EDGE('',*,*,#2226,.T.);
#2226 = EDGE_CURVE('',#2219,#2227,#2229,.T.);
#2227 = VERTEX_POINT('',#2228);
#2228 = CARTESIAN_POINT('',(0.,0.25,0.7));
#2229 = LINE('',#2230,#2231);
#2230 = CARTESIAN_POINT('',(0.,0.25,0.6));
#2231 = VECTOR('',#2232,1.);
#2232 = DIRECTION('',(0.,-0.,1.));
#2233 = ORIENTED_EDGE('',*,*,#2234,.T.);
#2234 = EDGE_CURVE('',#2227,#2235,#2237,.T.);
#2235 = VERTEX_POINT('',#2236);
#2236 = CARTESIAN_POINT('',(0.,-0.25,0.7));
#2237 = LINE('',#2238,#2239);
#2238 = CARTESIAN_POINT('',(0.,0.25,0.7));
#2239 = VECTOR('',#2240,1.);
#2240 = DIRECTION('',(0.,-1.,0.));
#2241 = ORIENTED_EDGE('',*,*,#2242,.T.);
#2242 = EDGE_CURVE('',#2235,#2217,#2243,.T.);
#2243 = LINE('',#2244,#2245);
#2244 = CARTESIAN_POINT('',(0.,-0.25,0.7));
#2245 = VECTOR('',#2246,1.);
#2246 = DIRECTION('',(0.,0.,-1.));
#2247 = PLANE('',#2248);
#2248 = AXIS2_PLACEMENT_3D('',#2249,#2250,#2251);
#2249 = CARTESIAN_POINT('',(0.,0.,0.65));
#2250 = DIRECTION('',(1.,0.,0.));
#2251 = DIRECTION('',(0.,0.,1.));
#2252 = ADVANCED_FACE('',(#2253),#2278,.T.);
#2253 = FACE_BOUND('',#2254,.T.);
#2254 = EDGE_LOOP('',(#2255,#2263,#2264,#2272));
#2255 = ORIENTED_EDGE('',*,*,#2256,.F.);
#2256 = EDGE_CURVE('',#2217,#2257,#2259,.T.);
#2257 = VERTEX_POINT('',#2258);
#2258 = CARTESIAN_POINT('',(0.225,-0.25,0.6));
#2259 = LINE('',#2260,#2261);
#2260 = CARTESIAN_POINT('',(0.,-0.25,0.6));
#2261 = VECTOR('',#2262,1.);
#2262 = DIRECTION('',(1.,-0.,0.));
#2263 = ORIENTED_EDGE('',*,*,#2216,.T.);
#2264 = ORIENTED_EDGE('',*,*,#2265,.T.);
#2265 = EDGE_CURVE('',#2219,#2266,#2268,.T.);
#2266 = VERTEX_POINT('',#2267);
#2267 = CARTESIAN_POINT('',(0.225,0.25,0.6));
#2268 = LINE('',#2269,#2270);
#2269 = CARTESIAN_POINT('',(0.,0.25,0.6));
#2270 = VECTOR('',#2271,1.);
#2271 = DIRECTION('',(1.,-0.,0.));
#2272 = ORIENTED_EDGE('',*,*,#2273,.F.);
#2273 = EDGE_CURVE('',#2257,#2266,#2274,.T.);
#2274 = LINE('',#2275,#2276);
#2275 = CARTESIAN_POINT('',(0.225,-0.25,0.6));
#2276 = VECTOR('',#2277,1.);
#2277 = DIRECTION('',(0.,1.,0.));
#2278 = PLANE('',#2279);
#2279 = AXIS2_PLACEMENT_3D('',#2280,#2281,#2282);
#2280 = CARTESIAN_POINT('',(0.,-0.25,0.6));
#2281 = DIRECTION('',(0.,0.,-1.));
#2282 = DIRECTION('',(0.,1.,0.));
#2283 = ADVANCED_FACE('',(#2284),#2311,.F.);
#2284 = FACE_BOUND('',#2285,.F.);
#2285 = EDGE_LOOP('',(#2286,#2295,#2303,#2310));
#2286 = ORIENTED_EDGE('',*,*,#2287,.T.);
#2287 = EDGE_CURVE('',#2257,#2288,#2290,.T.);
#2288 = VERTEX_POINT('',#2289);
#2289 = CARTESIAN_POINT('',(0.325,-0.25,0.5));
#2290 = CIRCLE('',#2291,1.E-01);
#2291 = AXIS2_PLACEMENT_3D('',#2292,#2293,#2294);
#2292 = CARTESIAN_POINT('',(0.225,-0.25,0.5));
#2293 = DIRECTION('',(0.,1.,0.));
#2294 = DIRECTION('',(0.,0.,-1.));
#2295 = ORIENTED_EDGE('',*,*,#2296,.T.);
#2296 = EDGE_CURVE('',#2288,#2297,#2299,.T.);
#2297 = VERTEX_POINT('',#2298);
#2298 = CARTESIAN_POINT('',(0.325,0.25,0.5));
#2299 = LINE('',#2300,#2301);
#2300 = CARTESIAN_POINT('',(0.325,-0.25,0.5));
#2301 = VECTOR('',#2302,1.);
#2302 = DIRECTION('',(0.,1.,0.));
#2303 = ORIENTED_EDGE('',*,*,#2304,.F.);
#2304 = EDGE_CURVE('',#2266,#2297,#2305,.T.);
#2305 = CIRCLE('',#2306,1.E-01);
#2306 = AXIS2_PLACEMENT_3D('',#2307,#2308,#2309);
#2307 = CARTESIAN_POINT('',(0.225,0.25,0.5));
#2308 = DIRECTION('',(0.,1.,0.));
#2309 = DIRECTION('',(0.,0.,-1.));
#2310 = ORIENTED_EDGE('',*,*,#2273,.F.);
#2311 = CYLINDRICAL_SURFACE('',#2312,1.E-01);
#2312 = AXIS2_PLACEMENT_3D('',#2313,#2314,#2315);
#2313 = CARTESIAN_POINT('',(0.225,-0.25,0.5));
#2314 = DIRECTION('',(0.,1.,0.));
#2315 = DIRECTION('',(0.,0.,-1.));
#2316 = ADVANCED_FACE('',(#2317),#2342,.T.);
#2317 = FACE_BOUND('',#2318,.T.);
#2318 = EDGE_LOOP('',(#2319,#2327,#2328,#2336));
#2319 = ORIENTED_EDGE('',*,*,#2320,.F.);
#2320 = EDGE_CURVE('',#2288,#2321,#2323,.T.);
#2321 = VERTEX_POINT('',#2322);
#2322 = CARTESIAN_POINT('',(0.325,-0.25,0.2));
#2323 = LINE('',#2324,#2325);
#2324 = CARTESIAN_POINT('',(0.325,-0.25,0.5));
#2325 = VECTOR('',#2326,1.);
#2326 = DIRECTION('',(0.,0.,-1.));
#2327 = ORIENTED_EDGE('',*,*,#2296,.T.);
#2328 = ORIENTED_EDGE('',*,*,#2329,.T.);
#2329 = EDGE_CURVE('',#2297,#2330,#2332,.T.);
#2330 = VERTEX_POINT('',#2331);
#2331 = CARTESIAN_POINT('',(0.325,0.25,0.2));
#2332 = LINE('',#2333,#2334);
#2333 = CARTESIAN_POINT('',(0.325,0.25,0.5));
#2334 = VECTOR('',#2335,1.);
#2335 = DIRECTION('',(0.,0.,-1.));
#2336 = ORIENTED_EDGE('',*,*,#2337,.F.);
#2337 = EDGE_CURVE('',#2321,#2330,#2338,.T.);
#2338 = LINE('',#2339,#2340);
#2339 = CARTESIAN_POINT('',(0.325,-0.25,0.2));
#2340 = VECTOR('',#2341,1.);
#2341 = DIRECTION('',(0.,1.,0.));
#2342 = PLANE('',#2343);
#2343 = AXIS2_PLACEMENT_3D('',#2344,#2345,#2346);
#2344 = CARTESIAN_POINT('',(0.325,-0.25,0.5));
#2345 = DIRECTION('',(-1.,0.,0.));
#2346 = DIRECTION('',(0.,1.,0.));
#2347 = ADVANCED_FACE('',(#2348),#2375,.T.);
#2348 = FACE_BOUND('',#2349,.T.);
#2349 = EDGE_LOOP('',(#2350,#2359,#2360,#2369));
#2350 = ORIENTED_EDGE('',*,*,#2351,.F.);
#2351 = EDGE_CURVE('',#2321,#2352,#2354,.T.);
#2352 = VERTEX_POINT('',#2353);
#2353 = CARTESIAN_POINT('',(0.525,-0.25,0.));
#2354 = CIRCLE('',#2355,0.2);
#2355 = AXIS2_PLACEMENT_3D('',#2356,#2357,#2358);
#2356 = CARTESIAN_POINT('',(0.525,-0.25,0.2));
#2357 = DIRECTION('',(0.,-1.,0.));
#2358 = DIRECTION('',(0.,0.,-1.));
#2359 = ORIENTED_EDGE('',*,*,#2337,.T.);
#2360 = ORIENTED_EDGE('',*,*,#2361,.T.);
#2361 = EDGE_CURVE('',#2330,#2362,#2364,.T.);
#2362 = VERTEX_POINT('',#2363);
#2363 = CARTESIAN_POINT('',(0.525,0.25,0.));
#2364 = CIRCLE('',#2365,0.2);
#2365 = AXIS2_PLACEMENT_3D('',#2366,#2367,#2368);
#2366 = CARTESIAN_POINT('',(0.525,0.25,0.2));
#2367 = DIRECTION('',(0.,-1.,0.));
#2368 = DIRECTION('',(0.,0.,-1.));
#2369 = ORIENTED_EDGE('',*,*,#2370,.T.);
#2370 = EDGE_CURVE('',#2362,#2352,#2371,.T.);
#2371 = LINE('',#2372,#2373);
#2372 = CARTESIAN_POINT('',(0.525,-0.25,0.));
#2373 = VECTOR('',#2374,1.);
#2374 = DIRECTION('',(0.,-1.,0.));
#2375 = CYLINDRICAL_SURFACE('',#2376,0.2);
#2376 = AXIS2_PLACEMENT_3D('',#2377,#2378,#2379);
#2377 = CARTESIAN_POINT('',(0.525,-0.25,0.2));
#2378 = DIRECTION('',(0.,-1.,0.));
#2379 = DIRECTION('',(0.,0.,-1.));
#2380 = ADVANCED_FACE('',(#2381),#2406,.T.);
#2381 = FACE_BOUND('',#2382,.T.);
#2382 = EDGE_LOOP('',(#2383,#2391,#2392,#2400));
#2383 = ORIENTED_EDGE('',*,*,#2384,.F.);
#2384 = EDGE_CURVE('',#2352,#2385,#2387,.T.);
#2385 = VERTEX_POINT('',#2386);
#2386 = CARTESIAN_POINT('',(0.625,-0.25,0.));
#2387 = LINE('',#2388,#2389);
#2388 = CARTESIAN_POINT('',(0.525,-0.25,0.));
#2389 = VECTOR('',#2390,1.);
#2390 = DIRECTION('',(1.,-0.,0.));
#2391 = ORIENTED_EDGE('',*,*,#2370,.F.);
#2392 = ORIENTED_EDGE('',*,*,#2393,.T.);
#2393 = EDGE_CURVE('',#2362,#2394,#2396,.T.);
#2394 = VERTEX_POINT('',#2395);
#2395 = CARTESIAN_POINT('',(0.625,0.25,0.));
#2396 = LINE('',#2397,#2398);
#2397 = CARTESIAN_POINT('',(0.525,0.25,0.));
#2398 = VECTOR('',#2399,1.);
#2399 = DIRECTION('',(1.,-0.,0.));
#2400 = ORIENTED_EDGE('',*,*,#2401,.F.);
#2401 = EDGE_CURVE('',#2385,#2394,#2402,.T.);
#2402 = LINE('',#2403,#2404);
#2403 = CARTESIAN_POINT('',(0.625,-0.25,0.));
#2404 = VECTOR('',#2405,1.);
#2405 = DIRECTION('',(0.,1.,0.));
#2406 = PLANE('',#2407);
#2407 = AXIS2_PLACEMENT_3D('',#2408,#2409,#2410);
#2408 = CARTESIAN_POINT('',(0.525,-0.25,0.));
#2409 = DIRECTION('',(0.,0.,-1.));
#2410 = DIRECTION('',(0.,1.,0.));
#2411 = ADVANCED_FACE('',(#2412),#2430,.T.);
#2412 = FACE_BOUND('',#2413,.T.);
#2413 = EDGE_LOOP('',(#2414,#2415,#2416,#2424));
#2414 = ORIENTED_EDGE('',*,*,#2265,.F.);
#2415 = ORIENTED_EDGE('',*,*,#2226,.T.);
#2416 = ORIENTED_EDGE('',*,*,#2417,.T.);
#2417 = EDGE_CURVE('',#2227,#2418,#2420,.T.);
#2418 = VERTEX_POINT('',#2419);
#2419 = CARTESIAN_POINT('',(0.225,0.25,0.7));
#2420 = LINE('',#2421,#2422);
#2421 = CARTESIAN_POINT('',(0.,0.25,0.7));
#2422 = VECTOR('',#2423,1.);
#2423 = DIRECTION('',(1.,0.,-0.));
#2424 = ORIENTED_EDGE('',*,*,#2425,.F.);
#2425 = EDGE_CURVE('',#2266,#2418,#2426,.T.);
#2426 = LINE('',#2427,#2428);
#2427 = CARTESIAN_POINT('',(0.225,0.25,0.6));
#2428 = VECTOR('',#2429,1.);
#2429 = DIRECTION('',(0.,-0.,1.));
#2430 = PLANE('',#2431);
#2431 = AXIS2_PLACEMENT_3D('',#2432,#2433,#2434);
#2432 = CARTESIAN_POINT('',(0.,0.25,0.6));
#2433 = DIRECTION('',(0.,1.,0.));
#2434 = DIRECTION('',(0.,-0.,1.));
#2435 = ADVANCED_FACE('',(#2436),#2455,.F.);
#2436 = FACE_BOUND('',#2437,.F.);
#2437 = EDGE_LOOP('',(#2438,#2439,#2447,#2454));
#2438 = ORIENTED_EDGE('',*,*,#2304,.T.);
#2439 = ORIENTED_EDGE('',*,*,#2440,.T.);
#2440 = EDGE_CURVE('',#2297,#2441,#2443,.T.);
#2441 = VERTEX_POINT('',#2442);
#2442 = CARTESIAN_POINT('',(0.425,0.25,0.5));
#2443 = LINE('',#2444,#2445);
#2444 = CARTESIAN_POINT('',(0.325,0.25,0.5));
#2445 = VECTOR('',#2446,1.);
#2446 = DIRECTION('',(1.,0.,9.95799250103E-17));
#2447 = ORIENTED_EDGE('',*,*,#2448,.F.);
#2448 = EDGE_CURVE('',#2418,#2441,#2449,.T.);
#2449 = CIRCLE('',#2450,0.2);
#2450 = AXIS2_PLACEMENT_3D('',#2451,#2452,#2453);
#2451 = CARTESIAN_POINT('',(0.225,0.25,0.5));
#2452 = DIRECTION('',(0.,1.,0.));
#2453 = DIRECTION('',(0.,0.,-1.));
#2454 = ORIENTED_EDGE('',*,*,#2425,.F.);
#2455 = PLANE('',#2456);
#2456 = AXIS2_PLACEMENT_3D('',#2457,#2458,#2459);
#2457 = CARTESIAN_POINT('',(0.331066017178,0.25,0.606066017178));
#2458 = DIRECTION('',(-0.,-1.,-0.));
#2459 = DIRECTION('',(0.707106781187,0.,-0.707106781187));
#2460 = ADVANCED_FACE('',(#2461),#2479,.T.);
#2461 = FACE_BOUND('',#2462,.T.);
#2462 = EDGE_LOOP('',(#2463,#2464,#2465,#2473));
#2463 = ORIENTED_EDGE('',*,*,#2329,.F.);
#2464 = ORIENTED_EDGE('',*,*,#2440,.T.);
#2465 = ORIENTED_EDGE('',*,*,#2466,.T.);
#2466 = EDGE_CURVE('',#2441,#2467,#2469,.T.);
#2467 = VERTEX_POINT('',#2468);
#2468 = CARTESIAN_POINT('',(0.425,0.25,0.2));
#2469 = LINE('',#2470,#2471);
#2470 = CARTESIAN_POINT('',(0.425,0.25,0.5));
#2471 = VECTOR('',#2472,1.);
#2472 = DIRECTION('',(6.123233995737E-17,0.,-1.));
#2473 = ORIENTED_EDGE('',*,*,#2474,.F.);
#2474 = EDGE_CURVE('',#2330,#2467,#2475,.T.);
#2475 = LINE('',#2476,#2477);
#2476 = CARTESIAN_POINT('',(0.325,0.25,0.2));
#2477 = VECTOR('',#2478,1.);
#2478 = DIRECTION('',(1.,0.,6.123233995737E-17));
#2479 = PLANE('',#2480);
#2480 = AXIS2_PLACEMENT_3D('',#2481,#2482,#2483);
#2481 = CARTESIAN_POINT('',(0.325,0.25,0.5));
#2482 = DIRECTION('',(-0.,1.,0.));
#2483 = DIRECTION('',(1.,0.,6.123233995737E-17));
#2484 = ADVANCED_FACE('',(#2485),#2504,.F.);
#2485 = FACE_BOUND('',#2486,.F.);
#2486 = EDGE_LOOP('',(#2487,#2488,#2496,#2503));
#2487 = ORIENTED_EDGE('',*,*,#2361,.T.);
#2488 = ORIENTED_EDGE('',*,*,#2489,.T.);
#2489 = EDGE_CURVE('',#2362,#2490,#2492,.T.);
#2490 = VERTEX_POINT('',#2491);
#2491 = CARTESIAN_POINT('',(0.525,0.25,1.E-01));
#2492 = LINE('',#2493,#2494);
#2493 = CARTESIAN_POINT('',(0.525,0.25,1.018996416767E-17));
#2494 = VECTOR('',#2495,1.);
#2495 = DIRECTION('',(2.449293598295E-16,0.,1.));
#2496 = ORIENTED_EDGE('',*,*,#2497,.F.);
#2497 = EDGE_CURVE('',#2467,#2490,#2498,.T.);
#2498 = CIRCLE('',#2499,0.1);
#2499 = AXIS2_PLACEMENT_3D('',#2500,#2501,#2502);
#2500 = CARTESIAN_POINT('',(0.525,0.25,0.2));
#2501 = DIRECTION('',(0.,-1.,0.));
#2502 = DIRECTION('',(0.,0.,-1.));
#2503 = ORIENTED_EDGE('',*,*,#2474,.F.);
#2504 = PLANE('',#2505);
#2505 = AXIS2_PLACEMENT_3D('',#2506,#2507,#2508);
#2506 = CARTESIAN_POINT('',(0.418933982822,0.25,9.393398282202E-02));
#2507 = DIRECTION('',(0.,-1.,0.));
#2508 = DIRECTION('',(0.707106781187,0.,-0.707106781187));
#2509 = ADVANCED_FACE('',(#2510),#2528,.T.);
#2510 = FACE_BOUND('',#2511,.T.);
#2511 = EDGE_LOOP('',(#2512,#2513,#2514,#2522));
#2512 = ORIENTED_EDGE('',*,*,#2393,.F.);
#2513 = ORIENTED_EDGE('',*,*,#2489,.T.);
#2514 = ORIENTED_EDGE('',*,*,#2515,.T.);
#2515 = EDGE_CURVE('',#2490,#2516,#2518,.T.);
#2516 = VERTEX_POINT('',#2517);
#2517 = CARTESIAN_POINT('',(0.625,0.25,1.E-01));
#2518 = LINE('',#2519,#2520);
#2519 = CARTESIAN_POINT('',(0.525,0.25,1.E-01));
#2520 = VECTOR('',#2521,1.);
#2521 = DIRECTION('',(1.,0.,-0.));
#2522 = ORIENTED_EDGE('',*,*,#2523,.F.);
#2523 = EDGE_CURVE('',#2394,#2516,#2524,.T.);
#2524 = LINE('',#2525,#2526);
#2525 = CARTESIAN_POINT('',(0.625,0.25,0.));
#2526 = VECTOR('',#2527,1.);
#2527 = DIRECTION('',(0.,-0.,1.));
#2528 = PLANE('',#2529);
#2529 = AXIS2_PLACEMENT_3D('',#2530,#2531,#2532);
#2530 = CARTESIAN_POINT('',(0.525,0.25,0.));
#2531 = DIRECTION('',(0.,1.,0.));
#2532 = DIRECTION('',(0.,-0.,1.));
#2533 = ADVANCED_FACE('',(#2534),#2552,.T.);
#2534 = FACE_BOUND('',#2535,.T.);
#2535 = EDGE_LOOP('',(#2536,#2537,#2538,#2546));
#2536 = ORIENTED_EDGE('',*,*,#2417,.F.);
#2537 = ORIENTED_EDGE('',*,*,#2234,.T.);
#2538 = ORIENTED_EDGE('',*,*,#2539,.T.);
#2539 = EDGE_CURVE('',#2235,#2540,#2542,.T.);
#2540 = VERTEX_POINT('',#2541);
#2541 = CARTESIAN_POINT('',(0.225,-0.25,0.7));
#2542 = LINE('',#2543,#2544);
#2543 = CARTESIAN_POINT('',(0.,-0.25,0.7));
#2544 = VECTOR('',#2545,1.);
#2545 = DIRECTION('',(1.,0.,0.));
#2546 = ORIENTED_EDGE('',*,*,#2547,.F.);
#2547 = EDGE_CURVE('',#2418,#2540,#2548,.T.);
#2548 = LINE('',#2549,#2550);
#2549 = CARTESIAN_POINT('',(0.225,0.25,0.7));
#2550 = VECTOR('',#2551,1.);
#2551 = DIRECTION('',(0.,-1.,0.));
#2552 = PLANE('',#2553);
#2553 = AXIS2_PLACEMENT_3D('',#2554,#2555,#2556);
#2554 = CARTESIAN_POINT('',(0.,0.25,0.7));
#2555 = DIRECTION('',(-0.,0.,1.));
#2556 = DIRECTION('',(0.,-1.,0.));
#2557 = ADVANCED_FACE('',(#2558),#2577,.T.);
#2558 = FACE_BOUND('',#2559,.T.);
#2559 = EDGE_LOOP('',(#2560,#2561,#2562,#2571));
#2560 = ORIENTED_EDGE('',*,*,#2448,.F.);
#2561 = ORIENTED_EDGE('',*,*,#2547,.T.);
#2562 = ORIENTED_EDGE('',*,*,#2563,.T.);
#2563 = EDGE_CURVE('',#2540,#2564,#2566,.T.);
#2564 = VERTEX_POINT('',#2565);
#2565 = CARTESIAN_POINT('',(0.425,-0.25,0.5));
#2566 = CIRCLE('',#2567,0.2);
#2567 = AXIS2_PLACEMENT_3D('',#2568,#2569,#2570);
#2568 = CARTESIAN_POINT('',(0.225,-0.25,0.5));
#2569 = DIRECTION('',(0.,1.,0.));
#2570 = DIRECTION('',(0.,0.,-1.));
#2571 = ORIENTED_EDGE('',*,*,#2572,.T.);
#2572 = EDGE_CURVE('',#2564,#2441,#2573,.T.);
#2573 = LINE('',#2574,#2575);
#2574 = CARTESIAN_POINT('',(0.425,0.25,0.5));
#2575 = VECTOR('',#2576,1.);
#2576 = DIRECTION('',(0.,1.,0.));
#2577 = CYLINDRICAL_SURFACE('',#2578,0.2);
#2578 = AXIS2_PLACEMENT_3D('',#2579,#2580,#2581);
#2579 = CARTESIAN_POINT('',(0.225,0.25,0.5));
#2580 = DIRECTION('',(0.,1.,0.));
#2581 = DIRECTION('',(0.,0.,-1.));
#2582 = ADVANCED_FACE('',(#2583),#2601,.T.);
#2583 = FACE_BOUND('',#2584,.T.);
#2584 = EDGE_LOOP('',(#2585,#2586,#2587,#2595));
#2585 = ORIENTED_EDGE('',*,*,#2466,.F.);
#2586 = ORIENTED_EDGE('',*,*,#2572,.F.);
#2587 = ORIENTED_EDGE('',*,*,#2588,.T.);
#2588 = EDGE_CURVE('',#2564,#2589,#2591,.T.);
#2589 = VERTEX_POINT('',#2590);
#2590 = CARTESIAN_POINT('',(0.425,-0.25,0.2));
#2591 = LINE('',#2592,#2593);
#2592 = CARTESIAN_POINT('',(0.425,-0.25,0.5));
#2593 = VECTOR('',#2594,1.);
#2594 = DIRECTION('',(0.,0.,-1.));
#2595 = ORIENTED_EDGE('',*,*,#2596,.F.);
#2596 = EDGE_CURVE('',#2467,#2589,#2597,.T.);
#2597 = LINE('',#2598,#2599);
#2598 = CARTESIAN_POINT('',(0.425,0.25,0.2));
#2599 = VECTOR('',#2600,1.);
#2600 = DIRECTION('',(0.,-1.,0.));
#2601 = PLANE('',#2602);
#2602 = AXIS2_PLACEMENT_3D('',#2603,#2604,#2605);
#2603 = CARTESIAN_POINT('',(0.425,0.25,0.5));
#2604 = DIRECTION('',(1.,0.,0.));
#2605 = DIRECTION('',(0.,-1.,0.));
#2606 = ADVANCED_FACE('',(#2607),#2626,.F.);
#2607 = FACE_BOUND('',#2608,.F.);
#2608 = EDGE_LOOP('',(#2609,#2610,#2618,#2625));
#2609 = ORIENTED_EDGE('',*,*,#2497,.T.);
#2610 = ORIENTED_EDGE('',*,*,#2611,.T.);
#2611 = EDGE_CURVE('',#2490,#2612,#2614,.T.);
#2612 = VERTEX_POINT('',#2613);
#2613 = CARTESIAN_POINT('',(0.525,-0.25,1.E-01));
#2614 = LINE('',#2615,#2616);
#2615 = CARTESIAN_POINT('',(0.525,0.25,1.E-01));
#2616 = VECTOR('',#2617,1.);
#2617 = DIRECTION('',(0.,-1.,0.));
#2618 = ORIENTED_EDGE('',*,*,#2619,.F.);
#2619 = EDGE_CURVE('',#2589,#2612,#2620,.T.);
#2620 = CIRCLE('',#2621,0.1);
#2621 = AXIS2_PLACEMENT_3D('',#2622,#2623,#2624);
#2622 = CARTESIAN_POINT('',(0.525,-0.25,0.2));
#2623 = DIRECTION('',(0.,-1.,0.));
#2624 = DIRECTION('',(0.,0.,-1.));
#2625 = ORIENTED_EDGE('',*,*,#2596,.F.);
#2626 = CYLINDRICAL_SURFACE('',#2627,0.1);
#2627 = AXIS2_PLACEMENT_3D('',#2628,#2629,#2630);
#2628 = CARTESIAN_POINT('',(0.525,0.25,0.2));
#2629 = DIRECTION('',(0.,-1.,0.));
#2630 = DIRECTION('',(0.,0.,-1.));
#2631 = ADVANCED_FACE('',(#2632),#2650,.T.);
#2632 = FACE_BOUND('',#2633,.T.);
#2633 = EDGE_LOOP('',(#2634,#2635,#2636,#2644));
#2634 = ORIENTED_EDGE('',*,*,#2515,.F.);
#2635 = ORIENTED_EDGE('',*,*,#2611,.T.);
#2636 = ORIENTED_EDGE('',*,*,#2637,.T.);
#2637 = EDGE_CURVE('',#2612,#2638,#2640,.T.);
#2638 = VERTEX_POINT('',#2639);
#2639 = CARTESIAN_POINT('',(0.625,-0.25,1.E-01));
#2640 = LINE('',#2641,#2642);
#2641 = CARTESIAN_POINT('',(0.525,-0.25,1.E-01));
#2642 = VECTOR('',#2643,1.);
#2643 = DIRECTION('',(1.,0.,0.));
#2644 = ORIENTED_EDGE('',*,*,#2645,.F.);
#2645 = EDGE_CURVE('',#2516,#2638,#2646,.T.);
#2646 = LINE('',#2647,#2648);
#2647 = CARTESIAN_POINT('',(0.625,0.25,1.E-01));
#2648 = VECTOR('',#2649,1.);
#2649 = DIRECTION('',(0.,-1.,0.));
#2650 = PLANE('',#2651);
#2651 = AXIS2_PLACEMENT_3D('',#2652,#2653,#2654);
#2652 = CARTESIAN_POINT('',(0.525,0.25,1.E-01));
#2653 = DIRECTION('',(-0.,0.,1.));
#2654 = DIRECTION('',(0.,-1.,0.));
#2655 = ADVANCED_FACE('',(#2656),#2667,.T.);
#2656 = FACE_BOUND('',#2657,.T.);
#2657 = EDGE_LOOP('',(#2658,#2659,#2660,#2661));
#2658 = ORIENTED_EDGE('',*,*,#2539,.F.);
#2659 = ORIENTED_EDGE('',*,*,#2242,.T.);
#2660 = ORIENTED_EDGE('',*,*,#2256,.T.);
#2661 = ORIENTED_EDGE('',*,*,#2662,.F.);
#2662 = EDGE_CURVE('',#2540,#2257,#2663,.T.);
#2663 = LINE('',#2664,#2665);
#2664 = CARTESIAN_POINT('',(0.225,-0.25,0.7));
#2665 = VECTOR('',#2666,1.);
#2666 = DIRECTION('',(0.,0.,-1.));
#2667 = PLANE('',#2668);
#2668 = AXIS2_PLACEMENT_3D('',#2669,#2670,#2671);
#2669 = CARTESIAN_POINT('',(0.,-0.25,0.7));
#2670 = DIRECTION('',(0.,-1.,0.));
#2671 = DIRECTION('',(0.,0.,-1.));
#2672 = ADVANCED_FACE('',(#2673),#2684,.F.);
#2673 = FACE_BOUND('',#2674,.F.);
#2674 = EDGE_LOOP('',(#2675,#2676,#2682,#2683));
#2675 = ORIENTED_EDGE('',*,*,#2563,.T.);
#2676 = ORIENTED_EDGE('',*,*,#2677,.T.);
#2677 = EDGE_CURVE('',#2564,#2288,#2678,.T.);
#2678 = LINE('',#2679,#2680);
#2679 = CARTESIAN_POINT('',(0.425,-0.25,0.5));
#2680 = VECTOR('',#2681,1.);
#2681 = DIRECTION('',(-1.,0.,-9.95799250103E-17));
#2682 = ORIENTED_EDGE('',*,*,#2287,.F.);
#2683 = ORIENTED_EDGE('',*,*,#2662,.F.);
#2684 = PLANE('',#2685);
#2685 = AXIS2_PLACEMENT_3D('',#2686,#2687,#2688);
#2686 = CARTESIAN_POINT('',(0.331066017178,-0.25,0.606066017178));
#2687 = DIRECTION('',(0.,1.,0.));
#2688 = DIRECTION('',(0.707106781187,0.,-0.707106781187));
#2689 = ADVANCED_FACE('',(#2690),#2701,.T.);
#2690 = FACE_BOUND('',#2691,.T.);
#2691 = EDGE_LOOP('',(#2692,#2693,#2694,#2695));
#2692 = ORIENTED_EDGE('',*,*,#2588,.F.);
#2693 = ORIENTED_EDGE('',*,*,#2677,.T.);
#2694 = ORIENTED_EDGE('',*,*,#2320,.T.);
#2695 = ORIENTED_EDGE('',*,*,#2696,.F.);
#2696 = EDGE_CURVE('',#2589,#2321,#2697,.T.);
#2697 = LINE('',#2698,#2699);
#2698 = CARTESIAN_POINT('',(0.425,-0.25,0.2));
#2699 = VECTOR('',#2700,1.);
#2700 = DIRECTION('',(-1.,0.,-6.123233995737E-17));
#2701 = PLANE('',#2702);
#2702 = AXIS2_PLACEMENT_3D('',#2703,#2704,#2705);
#2703 = CARTESIAN_POINT('',(0.425,-0.25,0.5));
#2704 = DIRECTION('',(0.,-1.,-0.));
#2705 = DIRECTION('',(-1.,0.,-6.123233995737E-17));
#2706 = ADVANCED_FACE('',(#2707),#2718,.F.);
#2707 = FACE_BOUND('',#2708,.F.);
#2708 = EDGE_LOOP('',(#2709,#2710,#2716,#2717));
#2709 = ORIENTED_EDGE('',*,*,#2619,.T.);
#2710 = ORIENTED_EDGE('',*,*,#2711,.T.);
#2711 = EDGE_CURVE('',#2612,#2352,#2712,.T.);
#2712 = LINE('',#2713,#2714);
#2713 = CARTESIAN_POINT('',(0.525,-0.25,1.E-01));
#2714 = VECTOR('',#2715,1.);
#2715 = DIRECTION('',(-2.449293598295E-16,0.,-1.));
#2716 = ORIENTED_EDGE('',*,*,#2351,.F.);
#2717 = ORIENTED_EDGE('',*,*,#2696,.F.);
#2718 = PLANE('',#2719);
#2719 = AXIS2_PLACEMENT_3D('',#2720,#2721,#2722);
#2720 = CARTESIAN_POINT('',(0.418933982822,-0.25,9.393398282202E-02));
#2721 = DIRECTION('',(-0.,1.,-0.));
#2722 = DIRECTION('',(0.707106781187,0.,-0.707106781187));
#2723 = ADVANCED_FACE('',(#2724),#2735,.T.);
#2724 = FACE_BOUND('',#2725,.T.);
#2725 = EDGE_LOOP('',(#2726,#2727,#2728,#2729));
#2726 = ORIENTED_EDGE('',*,*,#2637,.F.);
#2727 = ORIENTED_EDGE('',*,*,#2711,.T.);
#2728 = ORIENTED_EDGE('',*,*,#2384,.T.);
#2729 = ORIENTED_EDGE('',*,*,#2730,.F.);
#2730 = EDGE_CURVE('',#2638,#2385,#2731,.T.);
#2731 = LINE('',#2732,#2733);
#2732 = CARTESIAN_POINT('',(0.625,-0.25,1.E-01));
#2733 = VECTOR('',#2734,1.);
#2734 = DIRECTION('',(0.,0.,-1.));
#2735 = PLANE('',#2736);
#2736 = AXIS2_PLACEMENT_3D('',#2737,#2738,#2739);
#2737 = CARTESIAN_POINT('',(0.525,-0.25,1.E-01));
#2738 = DIRECTION('',(0.,-1.,0.));
#2739 = DIRECTION('',(0.,0.,-1.));
#2740 = ADVANCED_FACE('',(#2741),#2747,.T.);
#2741 = FACE_BOUND('',#2742,.T.);
#2742 = EDGE_LOOP('',(#2743,#2744,#2745,#2746));
#2743 = ORIENTED_EDGE('',*,*,#2401,.T.);
#2744 = ORIENTED_EDGE('',*,*,#2523,.T.);
#2745 = ORIENTED_EDGE('',*,*,#2645,.T.);
#2746 = ORIENTED_EDGE('',*,*,#2730,.T.);
#2747 = PLANE('',#2748);
#2748 = AXIS2_PLACEMENT_3D('',#2749,#2750,#2751);
#2749 = CARTESIAN_POINT('',(0.625,0.,5.E-02));
#2750 = DIRECTION('',(1.,0.,0.));
#2751 = DIRECTION('',(0.,0.,1.));
#2752 = ( GEOMETRIC_REPRESENTATION_CONTEXT(3) 
GLOBAL_UNCERTAINTY_ASSIGNED_CONTEXT((#2756)) 
GLOBAL_UNIT_ASSIGNED_CONTEXT((#2753,#2754,#2755)) REPRESENTATION_CONTEXT
('Context #1','3D Context with UNIT and UNCERTAINTY') );
#2753 = ( LENGTH_UNIT() NAMED_UNIT(*) SI_UNIT(.MILLI.,.METRE.) );
#2754 = ( NAMED_UNIT(*) PLANE_ANGLE_UNIT() SI_UNIT($,.RADIAN.) );
#2755 = ( NAMED_UNIT(*) SI_UNIT($,.STERADIAN.) SOLID_ANGLE_UNIT() );
#2756 = UNCERTAINTY_MEASURE_WITH_UNIT(LENGTH_MEASURE(1.E-07),#2753,
  'distance_accuracy_value','confusion accuracy');
#2757 = SHAPE_DEFINITION_REPRESENTATION(#2758,#2209);
#2758 = PRODUCT_DEFINITION_SHAPE('','',#2759);
#2759 = PRODUCT_DEFINITION('design','',#2760,#2763);
#2760 = PRODUCT_DEFINITION_FORMATION('','',#2761);
#2761 = PRODUCT('Leader','Leader','',(#2762));
#2762 = PRODUCT_CONTEXT('',#2,'mechanical');
#2763 = PRODUCT_DEFINITION_CONTEXT('part definition',#2,'design');
#2764 = CONTEXT_DEPENDENT_SHAPE_REPRESENTATION(#2765,#2767);
#2765 = ( REPRESENTATION_RELATIONSHIP('','',#2209,#10) 
REPRESENTATION_RELATIONSHIP_WITH_TRANSFORMATION(#2766) 
SHAPE_REPRESENTATION_RELATIONSHIP() );
#2766 = ITEM_DEFINED_TRANSFORMATION('','',#11,#19);
#2767 = PRODUCT_DEFINITION_SHAPE('Placement','Placement of an item',
  #2768);
#2768 = NEXT_ASSEMBLY_USAGE_OCCURRENCE('297','','',#5,#2759,$);
#2769 = PRODUCT_RELATED_PRODUCT_CATEGORY('part',$,(#2761));
#2770 = CONTEXT_DEPENDENT_SHAPE_REPRESENTATION(#2771,#2773);
#2771 = ( REPRESENTATION_RELATIONSHIP('','',#2209,#10) 
REPRESENTATION_RELATIONSHIP_WITH_TRANSFORMATION(#2772) 
SHAPE_REPRESENTATION_RELATIONSHIP() );
#2772 = ITEM_DEFINED_TRANSFORMATION('','',#11,#23);
#2773 = PRODUCT_DEFINITION_SHAPE('Placement','Placement of an item',
  #2774);
#2774 = NEXT_ASSEMBLY_USAGE_OCCURRENCE('298','','',#5,#2759,$);
#2775 = CONTEXT_DEPENDENT_SHAPE_REPRESENTATION(#2776,#2778);
#2776 = ( REPRESENTATION_RELATIONSHIP('','',#2209,#10) 
REPRESENTATION_RELATIONSHIP_WITH_TRANSFORMATION(#2777) 
SHAPE_REPRESENTATION_RELATIONSHIP() );
#2777 = ITEM_DEFINED_TRANSFORMATION('','',#11,#27);
#2778 = PRODUCT_DEFINITION_SHAPE('Placement','Placement of an item',
  #2779);
#2779 = NEXT_ASSEMBLY_USAGE_OCCURRENCE('299','','',#5,#2759,$);
#2780 = MECHANICAL_DESIGN_GEOMETRIC_PRESENTATION_REPRESENTATION('',(
    #2781),#2752);
#2781 = STYLED_ITEM('color',(#2782),#2210);
#2782 = PRESENTATION_STYLE_ASSIGNMENT((#2783,#2789));
#2783 = SURFACE_STYLE_USAGE(.BOTH.,#2784);
#2784 = SURFACE_SIDE_STYLE('',(#2785));
#2785 = SURFACE_STYLE_FILL_AREA(#2786);
#2786 = FILL_AREA_STYLE('',(#2787));
#2787 = FILL_AREA_STYLE_COLOUR('',#2788);
#2788 = COLOUR_RGB('',0.906331759313,0.906331759313,0.906331759313);
#2789 = CURVE_STYLE('',#2790,POSITIVE_LENGTH_MEASURE(0.1),#2788);
#2790 = DRAUGHTING_PRE_DEFINED_CURVE_FONT('continuous');
#2791 = MECHANICAL_DESIGN_GEOMETRIC_PRESENTATION_REPRESENTATION('',(
    #2792),#2185);
#2792 = STYLED_ITEM('color',(#2793),#55);
#2793 = PRESENTATION_STYLE_ASSIGNMENT((#2794,#2800));
#2794 = SURFACE_STYLE_USAGE(.BOTH.,#2795);
#2795 = SURFACE_SIDE_STYLE('',(#2796));
#2796 = SURFACE_STYLE_FILL_AREA(#2797);
#2797 = FILL_AREA_STYLE('',(#2798));
#2798 = FILL_AREA_STYLE_COLOUR('',#2799);
#2799 = COLOUR_RGB('',0.484529207832,0.484529207832,0.484529207832);
#2800 = CURVE_STYLE('',#2801,POSITIVE_LENGTH_MEASURE(0.1),#2799);
#2801 = DRAUGHTING_PRE_DEFINED_CURVE_FONT('continuous');
ENDSEC;
END-ISO-10303-21;
