ISO-10303-21;
HEADER;
FILE_DESCRIPTION (( 'STEP AP214' ),
    '1' );
FILE_NAME ('SSSS820101.STEP',
    '2025-08-29T00:37:08',
    ( '' ),
    ( '' ),
    'SwSTEP 2.0',
    'SolidWorks 2023',
    '' );
FILE_SCHEMA (( 'AUTOMOTIVE_DESIGN' ));
ENDSEC;

DATA;
#1 = LINE ( 'NONE', #6724, #2091 ) ;
#2 = DIRECTION ( 'NONE',  ( 1.000000000000000000, -0.000000000000000000, 4.818676322157800333E-16 ) ) ;
#3 = VECTOR ( 'NONE', #4018, 1000.000000000000000 ) ;
#4 = PRESENTATION_STYLE_ASSIGNMENT (( #2394 ) ) ;
#5 =( GEOMETRIC_REPRESENTATION_CONTEXT ( 3 ) GLOBAL_UNCERTAINTY_ASSIGNED_CONTEXT ( ( #6945 ) ) GLOBAL_UNIT_ASSIGNED_CONTEXT ( ( #1549, #4385, #5561 ) ) REPRESENTATION_CONTEXT ( 'NONE', 'WORKASPACE' ) );
#6 = CARTESIAN_POINT ( 'NONE',  ( 0.5000000000000004441, 0.1498999999999999777, 0.8500000000000003109 ) ) ;
#7 = CARTESIAN_POINT ( 'NONE',  ( -3.149999999999999467, 0.6499999999999930278, 2.049990000000000645 ) ) ;
#8 = DIRECTION ( 'NONE',  ( 2.710505431213760099E-16, 0.000000000000000000, 1.000000000000000000 ) ) ;
#9 = SURFACE_STYLE_FILL_AREA ( #4785 ) ;
#10 = ORIENTED_EDGE ( 'NONE', *, *, #1564, .T. ) ;
#11 = SURFACE_STYLE_FILL_AREA ( #2962 ) ;
#12 = EDGE_LOOP ( 'NONE', ( #6149, #1597, #2897, #6431 ) ) ;
#13 = EDGE_CURVE ( 'NONE', #3312, #257, #2507, .T. ) ;
#14 = PRESENTATION_STYLE_ASSIGNMENT (( #5796 ) ) ;
#15 = EDGE_CURVE ( 'NONE', #3585, #5911, #4812, .T. ) ;
#16 = STYLED_ITEM ( 'NONE', ( #1951 ), #2654 ) ;
#17 = DIRECTION ( 'NONE',  ( 1.000000000000000000, -0.000000000000000000, 1.084202172485505297E-16 ) ) ;
#18 = CARTESIAN_POINT ( 'NONE',  ( -3.350000000000000089, -0.0001000000000000000048, -2.050000000000000266 ) ) ;
#19 = CARTESIAN_POINT ( 'NONE',  ( -3.350000000000000533, 0.6999999999999999556, -2.049989999999999757 ) ) ;
#20 = DIRECTION ( 'NONE',  ( -0.000000000000000000, -0.000000000000000000, 1.000000000000000000 ) ) ;
#21 = CARTESIAN_POINT ( 'NONE',  ( 1.701009032218152139, 1.199999999999999956, 0.8499999999999998668 ) ) ;
#22 = EDGE_LOOP ( 'NONE', ( #2241, #6960, #4844, #5014 ) ) ;
#23 = ADVANCED_FACE ( 'NONE', ( #662 ), #1862, .F. ) ;
#24 =( LENGTH_UNIT ( ) NAMED_UNIT ( * ) SI_UNIT ( .MILLI., .METRE. ) );
#25 = ORIENTED_EDGE ( 'NONE', *, *, #785, .F. ) ;
#26 = ADVANCED_FACE ( 'NONE', ( #4242 ), #3552, .T. ) ;
#27 = ORIENTED_EDGE ( 'NONE', *, *, #6690, .T. ) ;
#28 = LINE ( 'NONE', #4576, #1453 ) ;
#29 = ORIENTED_EDGE ( 'NONE', *, *, #5750, .F. ) ;
#30 =( NAMED_UNIT ( * ) PLANE_ANGLE_UNIT ( ) SI_UNIT ( $, .RADIAN. ) );
#31 = CARTESIAN_POINT ( 'NONE',  ( 0.9500000000000003997, 0.1499999999999999944, -2.949999999999999734 ) ) ;
#32 = CARTESIAN_POINT ( 'NONE',  ( 3.350000000000000533, 0.2599003282466580411, -0.5000000000002154943 ) ) ;
#33 = AXIS2_PLACEMENT_3D ( 'NONE', #6814, #423, #1532 ) ;
#34 =( GEOMETRIC_REPRESENTATION_CONTEXT ( 3 ) GLOBAL_UNCERTAINTY_ASSIGNED_CONTEXT ( ( #2168 ) ) GLOBAL_UNIT_ASSIGNED_CONTEXT ( ( #7019, #1867, #183 ) ) REPRESENTATION_CONTEXT ( 'NONE', 'WORKASPACE' ) );
#35 = VECTOR ( 'NONE', #4464, 1000.000000000000000 ) ;
#36 = SURFACE_SIDE_STYLE ('',( #5308 ) ) ;
#37 = SURFACE_SIDE_STYLE ('',( #4184 ) ) ;
#38 = CARTESIAN_POINT ( 'NONE',  ( 2.799999999999999822, 1.399999999999999911, -2.050000000000000266 ) ) ;
#39 = VECTOR ( 'NONE', #5336, 1000.000000000000000 ) ;
#40 = CARTESIAN_POINT ( 'NONE',  ( -0.5000000000000004441, 0.1498999999999999777, 0.8500000000000003109 ) ) ;
#41 = DIRECTION ( 'NONE',  ( -1.000000000000000000, 0.000000000000000000, 0.000000000000000000 ) ) ;
#42 = ORIENTED_EDGE ( 'NONE', *, *, #5977, .T. ) ;
#43 = VECTOR ( 'NONE', #1857, 1000.000000000000000 ) ;
#44 = ORIENTED_EDGE ( 'NONE', *, *, #5759, .T. ) ;
#45 = CARTESIAN_POINT ( 'NONE',  ( -1.000000000000000000, 0.1498999999999999777, 0.8500000000000001998 ) ) ;
#46 = DIRECTION ( 'NONE',  ( 0.000000000000000000, 0.000000000000000000, 1.000000000000000000 ) ) ;
#47 = COLOUR_RGB ( '',0.7960784313725489669, 0.8235294117647058432, 0.9372549019607843146 ) ;
#48 = CARTESIAN_POINT ( 'NONE',  ( 2.050000000000000266, 1.399999999999999911, -2.050000000000000266 ) ) ;
#49 = LINE ( 'NONE', #649, #1416 ) ;
#50 = SURFACE_SIDE_STYLE ('',( #4078 ) ) ;
#51 = SURFACE_STYLE_USAGE ( .BOTH. , #1237 ) ;
#52 = ORIENTED_EDGE ( 'NONE', *, *, #6424, .T. ) ;
#53 = CARTESIAN_POINT ( 'NONE',  ( 1.701009032218151917, 1.399989999999999846, 0.9499999999999998446 ) ) ;
#54 = CARTESIAN_POINT ( 'NONE',  ( -0.2010090322181518063, 1.399989999999999846, 0.9499999999999998446 ) ) ;
#55 = ORIENTED_EDGE ( 'NONE', *, *, #115, .T. ) ;
#56 = ADVANCED_FACE ( 'NONE', ( #3467 ), #3015, .T. ) ;
#57 = ADVANCED_FACE ( 'NONE', ( #1248 ), #4174, .T. ) ;
#58 = FILL_AREA_STYLE ('',( #3649 ) ) ;
#59 =( GEOMETRIC_REPRESENTATION_CONTEXT ( 3 ) GLOBAL_UNCERTAINTY_ASSIGNED_CONTEXT ( ( #6475 ) ) GLOBAL_UNIT_ASSIGNED_CONTEXT ( ( #6002, #3024, #717 ) ) REPRESENTATION_CONTEXT ( 'NONE', 'WORKASPACE' ) );
#60 = AXIS2_PLACEMENT_3D ( 'NONE', #6411, #1108, #6131 ) ;
#61 = ORIENTED_EDGE ( 'NONE', *, *, #4709, .F. ) ;
#62 = LINE ( 'NONE', #4840, #3387 ) ;
#63 = EDGE_CURVE ( 'NONE', #4091, #1434, #1746, .T. ) ;
#64 = VECTOR ( 'NONE', #7572, 1000.000000000000000 ) ;
#65 = ORIENTED_EDGE ( 'NONE', *, *, #4750, .T. ) ;
#66 = STYLED_ITEM ( 'NONE', ( #2400 ), #1730 ) ;
#67 = CARTESIAN_POINT ( 'NONE',  ( 3.350000000000000533, 0.2599003282466580411, -0.5000000000002154943 ) ) ;
#68 = ADVANCED_FACE ( 'NONE', ( #3702 ), #2509, .T. ) ;
#69 =( NAMED_UNIT ( * ) PLANE_ANGLE_UNIT ( ) SI_UNIT ( $, .RADIAN. ) );
#70 = LINE ( 'NONE', #4848, #454 ) ;
#71 = UNCERTAINTY_MEASURE_WITH_UNIT (LENGTH_MEASURE( 1.000000000000000082E-05 ), #5274, 'distance_accuracy_value', 'NONE');
#72 = CARTESIAN_POINT ( 'NONE',  ( -1.148990967781847949, 0.8000000000000000444, 2.050000000000000266 ) ) ;
#73 = VECTOR ( 'NONE', #3852, 1000.000000000000000 ) ;
#74 = VECTOR ( 'NONE', #6952, 1000.000000000000000 ) ;
#75 = ORIENTED_EDGE ( 'NONE', *, *, #2584, .F. ) ;
#76 = CARTESIAN_POINT ( 'NONE',  ( -1.000000000000000000, 0.1498999999999999777, 0.8500000000000001998 ) ) ;
#77 = VECTOR ( 'NONE', #2576, 1000.000000000000000 ) ;
#78 = SURFACE_SIDE_STYLE ('',( #4728 ) ) ;
#79 = PRESENTATION_LAYER_ASSIGNMENT (  '', '', ( #7403 ) ) ;
#80 = VECTOR ( 'NONE', #1390, 1000.000000000000000 ) ;
#81 = CARTESIAN_POINT ( 'NONE',  ( -3.349999999999999645, 1.199999999999999956, 1.500000000000000000 ) ) ;
#82 = MECHANICAL_DESIGN_GEOMETRIC_PRESENTATION_REPRESENTATION (  '', ( #3665 ), #2433 ) ;
#83 = DIRECTION ( 'NONE',  ( -0.000000000000000000, -0.000000000000000000, 1.000000000000000000 ) ) ;
#84 = CARTESIAN_POINT ( 'NONE',  ( -3.349900000000001210, 0.9000000000000000222, 2.050000000000000266 ) ) ;
#85 = DIRECTION ( 'NONE',  ( -0.000000000000000000, 0.000000000000000000, -1.000000000000000000 ) ) ;
#86 =( NAMED_UNIT ( * ) PLANE_ANGLE_UNIT ( ) SI_UNIT ( $, .RADIAN. ) );
#87 = DIRECTION ( 'NONE',  ( -1.000000000000000000, 0.000000000000000000, -0.000000000000000000 ) ) ;
#88 = EDGE_LOOP ( 'NONE', ( #1876, #3970, #2296, #7559 ) ) ;
#89 = VECTOR ( 'NONE', #2439, 1000.000000000000000 ) ;
#90 = ORIENTED_EDGE ( 'NONE', *, *, #5611, .F. ) ;
#91 = LINE ( 'NONE', #4829, #1569 ) ;
#92 = PRESENTATION_LAYER_ASSIGNMENT (  '', '', ( #4931 ) ) ;
#93 = CARTESIAN_POINT ( 'NONE',  ( 3.149999999999999467, 0.000000000000000000, -2.115516434118059927E-17 ) ) ;
#94 =( NAMED_UNIT ( * ) SI_UNIT ( $, .STERADIAN. ) SOLID_ANGLE_UNIT ( ) );
#95 =( NAMED_UNIT ( * ) SI_UNIT ( $, .STERADIAN. ) SOLID_ANGLE_UNIT ( ) );
#96 = DIRECTION ( 'NONE',  ( 0.3713906763541062750, 0.9284766908852583045, 0.000000000000000000 ) ) ;
#97 = DIRECTION ( 'NONE',  ( 4.818676322157800333E-16, -0.000000000000000000, 1.000000000000000000 ) ) ;
#98 = VERTEX_POINT ( 'NONE', #3734 ) ;
#99 =( LENGTH_UNIT ( ) NAMED_UNIT ( * ) SI_UNIT ( .MILLI., .METRE. ) );
#100 = SURFACE_STYLE_USAGE ( .BOTH. , #3038 ) ;
#101 = VERTEX_POINT ( 'NONE', #4886 ) ;
#102 = LINE ( 'NONE', #1358, #3909 ) ;
#103 = ORIENTED_EDGE ( 'NONE', *, *, #7384, .T. ) ;
#104 = CARTESIAN_POINT ( 'NONE',  ( -3.350000000000000089, 1.399999999999999911, 0.9499999999999998446 ) ) ;
#105 = CARTESIAN_POINT ( 'NONE',  ( 2.250504516109076203, 1.199999999999999956, 1.850000000000000089 ) ) ;
#106 = DIRECTION ( 'NONE',  ( -0.000000000000000000, 1.000000000000000000, 0.000000000000000000 ) ) ;
#107 = VERTEX_POINT ( 'NONE', #6112 ) ;
#108 = VECTOR ( 'NONE', #1051, 1000.000000000000000 ) ;
#109 =( NAMED_UNIT ( * ) PLANE_ANGLE_UNIT ( ) SI_UNIT ( $, .RADIAN. ) );
#110 = FILL_AREA_STYLE ('',( #3735 ) ) ;
#111 =( GEOMETRIC_REPRESENTATION_CONTEXT ( 3 ) GLOBAL_UNCERTAINTY_ASSIGNED_CONTEXT ( ( #3246 ) ) GLOBAL_UNIT_ASSIGNED_CONTEXT ( ( #4602, #6969, #622 ) ) REPRESENTATION_CONTEXT ( 'NONE', 'WORKASPACE' ) );
#112 = EDGE_CURVE ( 'NONE', #101, #7486, #6581, .T. ) ;
#113 = ORIENTED_EDGE ( 'NONE', *, *, #5611, .T. ) ;
#114 = CARTESIAN_POINT ( 'NONE',  ( -0.5000000000000000000, -0.0001000000000000000048, -1.249999999999997780 ) ) ;
#115 = EDGE_CURVE ( 'NONE', #2065, #3051, #3063, .T. ) ;
#116 = SURFACE_SIDE_STYLE ('',( #6736 ) ) ;
#117 = ADVANCED_FACE ( 'NONE', ( #6619 ), #4362, .T. ) ;
#118 = CARTESIAN_POINT ( 'NONE',  ( 3.149999999999999911, 0.2598999999998395927, 0.5000002888567938175 ) ) ;
#119 = MECHANICAL_DESIGN_GEOMETRIC_PRESENTATION_REPRESENTATION (  '', ( #753 ), #4693 ) ;
#120 = SURFACE_STYLE_USAGE ( .BOTH. , #4857 ) ;
#121 = SURFACE_SIDE_STYLE ('',( #3593 ) ) ;
#122 = STYLED_ITEM ( 'NONE', ( #3502 ), #4463 ) ;
#123 = CARTESIAN_POINT ( 'NONE',  ( -3.350000000000000089, 0.1499999999999999667, 2.050000000000000266 ) ) ;
#124 = CARTESIAN_POINT ( 'NONE',  ( 0.2999999999999999889, 2.899999999999999911, 1.750000000000000000 ) ) ;
#125 = ORIENTED_EDGE ( 'NONE', *, *, #7417, .F. ) ;
#126 = ORIENTED_EDGE ( 'NONE', *, *, #7614, .F. ) ;
#127 =( NAMED_UNIT ( * ) SI_UNIT ( $, .STERADIAN. ) SOLID_ANGLE_UNIT ( ) );
#128 = LINE ( 'NONE', #18, #6150 ) ;
#129 = CARTESIAN_POINT ( 'NONE',  ( 3.349900000000001210, 0.9000000000000000222, -2.050000000000000266 ) ) ;
#130 = EDGE_LOOP ( 'NONE', ( #1151, #296, #999, #1431 ) ) ;
#131 = PRESENTATION_LAYER_ASSIGNMENT (  '', '', ( #1525 ) ) ;
#132 = EDGE_LOOP ( 'NONE', ( #3797, #6396, #6659, #5181 ) ) ;
#133 = LINE ( 'NONE', #4275, #7101 ) ;
#134 = PRESENTATION_STYLE_ASSIGNMENT (( #1316 ) ) ;
#135 = STYLED_ITEM ( 'NONE', ( #5171 ), #2755 ) ;
#136 = UNCERTAINTY_MEASURE_WITH_UNIT (LENGTH_MEASURE( 1.000000000000000082E-05 ), #2613, 'distance_accuracy_value', 'NONE');
#137 = ORIENTED_EDGE ( 'NONE', *, *, #5930, .T. ) ;
#138 = ORIENTED_EDGE ( 'NONE', *, *, #4131, .T. ) ;
#139 = DIRECTION ( 'NONE',  ( -1.000000000000000000, -0.000000000000000000, 0.000000000000000000 ) ) ;
#140 = ORIENTED_EDGE ( 'NONE', *, *, #4824, .T. ) ;
#141 = DIRECTION ( 'NONE',  ( 0.000000000000000000, -1.000000000000000000, 0.000000000000000000 ) ) ;
#142 = DIRECTION ( 'NONE',  ( 1.000000000000000000, 0.000000000000000000, 0.000000000000000000 ) ) ;
#143 = LINE ( 'NONE', #4970, #3248 ) ;
#144 = CIRCLE ( 'NONE', #2131, 0.2000000000066393113 ) ;
#145 = VERTEX_POINT ( 'NONE', #1450 ) ;
#146 = DIRECTION ( 'NONE',  ( 1.000000000000000000, 0.000000000000000000, 0.000000000000000000 ) ) ;
#147 = CARTESIAN_POINT ( 'NONE',  ( 0.000000000000000000, 1.199999999999999956, 0.000000000000000000 ) ) ;
#148 = FILL_AREA_STYLE_COLOUR ( '', #757 ) ;
#149 = EDGE_CURVE ( 'NONE', #7465, #614, #3780, .T. ) ;
#150 = EDGE_CURVE ( 'NONE', #1715, #1800, #862, .T. ) ;
#151 = FACE_OUTER_BOUND ( 'NONE', #722, .T. ) ;
#152 = FILL_AREA_STYLE_COLOUR ( '', #2914 ) ;
#153 = EDGE_CURVE ( 'NONE', #6429, #1230, #3429, .T. ) ;
#154 = DIRECTION ( 'NONE',  ( -1.000000000000000000, 0.000000000000000000, -0.000000000000000000 ) ) ;
#155 =( LENGTH_UNIT ( ) NAMED_UNIT ( * ) SI_UNIT ( .MILLI., .METRE. ) );
#156 = ORIENTED_EDGE ( 'NONE', *, *, #7076, .F. ) ;
#157 = COLOUR_RGB ( '',0.000000000000000000, 0.000000000000000000, 1.000000000000000000 ) ;
#158 = ORIENTED_EDGE ( 'NONE', *, *, #6321, .T. ) ;
#159 = CARTESIAN_POINT ( 'NONE',  ( 0.5500000000000000444, 0.1499999999999999944, 2.949999999999999734 ) ) ;
#160 = CARTESIAN_POINT ( 'NONE',  ( -2.800009999999996779, 1.399990000000004953, 2.050000000000000266 ) ) ;
#161 = DIRECTION ( 'NONE',  ( 0.000000000000000000, 0.000000000000000000, -1.000000000000000000 ) ) ;
#162 =( NAMED_UNIT ( * ) PLANE_ANGLE_UNIT ( ) SI_UNIT ( $, .RADIAN. ) );
#163 =( NAMED_UNIT ( * ) SI_UNIT ( $, .STERADIAN. ) SOLID_ANGLE_UNIT ( ) );
#164 = MECHANICAL_DESIGN_GEOMETRIC_PRESENTATION_REPRESENTATION (  '', ( #6848 ), #2158 ) ;
#165 = ORIENTED_EDGE ( 'NONE', *, *, #7221, .T. ) ;
#166 = COLOUR_RGB ( '',0.000000000000000000, 0.000000000000000000, 1.000000000000000000 ) ;
#167 = EDGE_LOOP ( 'NONE', ( #5080, #523, #5529, #3700 ) ) ;
#168 = CARTESIAN_POINT ( 'NONE',  ( 3.150000000000000355, 1.399999999999999911, 2.050000000000000266 ) ) ;
#169 = VECTOR ( 'NONE', #2216, 1000.000000000000000 ) ;
#170 = ORIENTED_EDGE ( 'NONE', *, *, #636, .F. ) ;
#171 = MECHANICAL_DESIGN_GEOMETRIC_PRESENTATION_REPRESENTATION (  '', ( #5747 ), #1300 ) ;
#172 = CARTESIAN_POINT ( 'NONE',  ( 1.500000000000000000, -0.2999999999999999889, 0.3999999999948158913 ) ) ;
#173 = DIRECTION ( 'NONE',  ( -1.000000000000000000, -0.000000000000000000, 1.057758217059029964E-16 ) ) ;
#174 = VERTEX_POINT ( 'NONE', #1286 ) ;
#175 =( NAMED_UNIT ( * ) SI_UNIT ( $, .STERADIAN. ) SOLID_ANGLE_UNIT ( ) );
#176 = ORIENTED_EDGE ( 'NONE', *, *, #4119, .F. ) ;
#177 = CARTESIAN_POINT ( 'NONE',  ( -0.8578375576248268297, 1.199999999999999956, 2.356889319134312544 ) ) ;
#178 = DIRECTION ( 'NONE',  ( -0.9999999995918134044, -2.857224491007049206E-05, -0.000000000000000000 ) ) ;
#179 = MECHANICAL_DESIGN_GEOMETRIC_PRESENTATION_REPRESENTATION (  '', ( #5157 ), #6864 ) ;
#180 = VECTOR ( 'NONE', #239, 1000.000000000000000 ) ;
#181 = PRESENTATION_LAYER_ASSIGNMENT (  '', '', ( #2796 ) ) ;
#182 = ORIENTED_EDGE ( 'NONE', *, *, #357, .F. ) ;
#183 =( NAMED_UNIT ( * ) SI_UNIT ( $, .STERADIAN. ) SOLID_ANGLE_UNIT ( ) );
#184 =( LENGTH_UNIT ( ) NAMED_UNIT ( * ) SI_UNIT ( .MILLI., .METRE. ) );
#185 = AXIS2_PLACEMENT_3D ( 'NONE', #3769, #7235, #6151 ) ;
#186 = CARTESIAN_POINT ( 'NONE',  ( -3.149999999999999911, 0.2598999999998395927, 1.500000288856793818 ) ) ;
#187 =( GEOMETRIC_REPRESENTATION_CONTEXT ( 3 ) GLOBAL_UNCERTAINTY_ASSIGNED_CONTEXT ( ( #7457 ) ) GLOBAL_UNIT_ASSIGNED_CONTEXT ( ( #1724, #521, #4107 ) ) REPRESENTATION_CONTEXT ( 'NONE', 'WORKASPACE' ) );
#188 = CARTESIAN_POINT ( 'NONE',  ( 2.050000000000000266, 0.1499999999999999667, -2.050000000000000266 ) ) ;
#189 = VECTOR ( 'NONE', #7507, 1000.000000000000000 ) ;
#190 = FILL_AREA_STYLE_COLOUR ( '', #2788 ) ;
#191 = UNCERTAINTY_MEASURE_WITH_UNIT (LENGTH_MEASURE( 1.000000000000000082E-05 ), #5018, 'distance_accuracy_value', 'NONE');
#192 = SURFACE_STYLE_FILL_AREA ( #873 ) ;
#193 = VECTOR ( 'NONE', #5751, 1000.000000000000000 ) ;
#194 = LINE ( 'NONE', #123, #6623 ) ;
#195 =( NAMED_UNIT ( * ) SI_UNIT ( $, .STERADIAN. ) SOLID_ANGLE_UNIT ( ) );
#196 =( NAMED_UNIT ( * ) SI_UNIT ( $, .STERADIAN. ) SOLID_ANGLE_UNIT ( ) );
#197 = ORIENTED_EDGE ( 'NONE', *, *, #642, .T. ) ;
#198 = LINE ( 'NONE', #7306, #246 ) ;
#199 = ADVANCED_FACE ( 'NONE', ( #5612 ), #897, .F. ) ;
#200 = ADVANCED_FACE ( 'NONE', ( #3318 ), #5654, .F. ) ;
#201 = COLOUR_RGB ( '',1.000000000000000000, 0.000000000000000000, 1.000000000000000000 ) ;
#202 = STYLED_ITEM ( 'NONE', ( #6903 ), #3414 ) ;
#203 = FACE_OUTER_BOUND ( 'NONE', #4977, .T. ) ;
#204 = UNCERTAINTY_MEASURE_WITH_UNIT (LENGTH_MEASURE( 1.000000000000000082E-05 ), #7250, 'distance_accuracy_value', 'NONE');
#205 = DIRECTION ( 'NONE',  ( 0.000000000000000000, 0.000000000000000000, 1.000000000000000000 ) ) ;
#206 = CARTESIAN_POINT ( 'NONE',  ( -1.148990967781847949, 0.8000000000000000444, 1.750000000000000000 ) ) ;
#207 = ADVANCED_FACE ( 'NONE', ( #1045 ), #7372, .F. ) ;
#208 = DIRECTION ( 'NONE',  ( 0.000000000000000000, -0.000000000000000000, -1.000000000000000000 ) ) ;
#209 = FILL_AREA_STYLE ('',( #5522 ) ) ;
#210 = DIRECTION ( 'NONE',  ( -1.000000000000000000, 0.000000000000000000, 0.000000000000000000 ) ) ;
#211 = VERTEX_POINT ( 'NONE', #1710 ) ;
#212 = ORIENTED_EDGE ( 'NONE', *, *, #3463, .F. ) ;
#213 = EDGE_CURVE ( 'NONE', #692, #2663, #2379, .T. ) ;
#214 = CARTESIAN_POINT ( 'NONE',  ( 0.2500000000000000000, 1.199999999999999956, 2.449999999999999734 ) ) ;
#215 = ORIENTED_EDGE ( 'NONE', *, *, #1824, .T. ) ;
#216 = VECTOR ( 'NONE', #1282, 1000.000000000000114 ) ;
#217 = DIRECTION ( 'NONE',  ( 0.000000000000000000, 0.000000000000000000, 1.000000000000000000 ) ) ;
#218 = VECTOR ( 'NONE', #7529, 1000.000000000000000 ) ;
#219 = ORIENTED_EDGE ( 'NONE', *, *, #1415, .F. ) ;
#220 = SURFACE_STYLE_FILL_AREA ( #6106 ) ;
#221 = DIRECTION ( 'NONE',  ( 0.000000000000000000, 0.000000000000000000, -1.000000000000000000 ) ) ;
#222 = SURFACE_SIDE_STYLE ('',( #7325 ) ) ;
#223 = LINE ( 'NONE', #1402, #3070 ) ;
#224 = VERTEX_POINT ( 'NONE', #7644 ) ;
#225 = VERTEX_POINT ( 'NONE', #2895 ) ;
#226 = AXIS2_PLACEMENT_3D ( 'NONE', #5989, #5880, #4720 ) ;
#227 = LINE ( 'NONE', #7330, #1729 ) ;
#228 = SURFACE_STYLE_USAGE ( .BOTH. , #3167 ) ;
#229 = VECTOR ( 'NONE', #279, 1000.000000000000000 ) ;
#230 = EDGE_LOOP ( 'NONE', ( #3767, #2641, #7445, #3507 ) ) ;
#231 = DIRECTION ( 'NONE',  ( 0.000000000000000000, 0.000000000000000000, 1.000000000000000000 ) ) ;
#232 = CARTESIAN_POINT ( 'NONE',  ( 1.500000000000000000, -9.999999999994822059E-05, -0.4000000000000000222 ) ) ;
#233 = CARTESIAN_POINT ( 'NONE',  ( 1.701009032218151917, 1.199999999999999956, 2.050000000000000266 ) ) ;
#234 = MECHANICAL_DESIGN_GEOMETRIC_PRESENTATION_REPRESENTATION (  '', ( #1110 ), #744 ) ;
#235 = CARTESIAN_POINT ( 'NONE',  ( -3.149999999999999911, 0.2598999999998396482, 2.049989999999999757 ) ) ;
#236 = SURFACE_STYLE_USAGE ( .BOTH. , #872 ) ;
#237 = DIRECTION ( 'NONE',  ( 0.000000000000000000, 1.000000000000000000, 0.000000000000000000 ) ) ;
#238 = PLANE ( 'NONE',  #6664 ) ;
#239 = DIRECTION ( 'NONE',  ( 0.000000000000000000, 0.000000000000000000, -1.000000000000000000 ) ) ;
#240 = LINE ( 'NONE', #1906, #3465 ) ;
#241 = MECHANICAL_DESIGN_GEOMETRIC_PRESENTATION_REPRESENTATION (  '', ( #1501 ), #2218 ) ;
#242 = DIRECTION ( 'NONE',  ( 0.000000000000000000, -1.000000000000000000, 0.000000000000000000 ) ) ;
#243 = ORIENTED_EDGE ( 'NONE', *, *, #1408, .T. ) ;
#244 = SURFACE_STYLE_FILL_AREA ( #4012 ) ;
#245 = DIRECTION ( 'NONE',  ( 1.000000000000000000, -0.000000000000000000, 1.057758217059029964E-16 ) ) ;
#246 = VECTOR ( 'NONE', #5632, 1000.000000000000000 ) ;
#247 = DIRECTION ( 'NONE',  ( 0.000000000000000000, -1.000000000000000000, 0.000000000000000000 ) ) ;
#248 = CARTESIAN_POINT ( 'NONE',  ( 1.199999999999999956, 2.899999999999999911, 1.750000000000000000 ) ) ;
#249 = CARTESIAN_POINT ( 'NONE',  ( 2.449999999999999734, 0.1499999999999999667, 2.949999999999999734 ) ) ;
#250 = SURFACE_STYLE_FILL_AREA ( #1272 ) ;
#251 = DIRECTION ( 'NONE',  ( 0.000000000000000000, -0.000000000000000000, 1.000000000000000000 ) ) ;
#252 = ORIENTED_EDGE ( 'NONE', *, *, #7119, .F. ) ;
#253 = VECTOR ( 'NONE', #3789, 1000.000000000000000 ) ;
#254 = LINE ( 'NONE', #6269, #2556 ) ;
#255 = ADVANCED_FACE ( 'NONE', ( #7046 ), #5832, .F. ) ;
#256 = EDGE_CURVE ( 'NONE', #7346, #3235, #5226, .T. ) ;
#257 = VERTEX_POINT ( 'NONE', #656 ) ;
#258 = PLANE ( 'NONE',  #6481 ) ;
#259 = ORIENTED_EDGE ( 'NONE', *, *, #6934, .F. ) ;
#260 = CARTESIAN_POINT ( 'NONE',  ( 2.000000000000000000, 0.1498999999999999777, 0.8500000000000001998 ) ) ;
#261 = PRESENTATION_LAYER_ASSIGNMENT (  '', '', ( #5707 ) ) ;
#262 = EDGE_CURVE ( 'NONE', #2032, #2859, #5195, .T. ) ;
#263 = EDGE_CURVE ( 'NONE', #3079, #3426, #2237, .T. ) ;
#264 = DIRECTION ( 'NONE',  ( -0.000000000000000000, 0.000000000000000000, 1.000000000000000000 ) ) ;
#265 = VERTEX_POINT ( 'NONE', #6964 ) ;
#266 = DIRECTION ( 'NONE',  ( -0.000000000000000000, 0.000000000000000000, -1.000000000000000000 ) ) ;
#267 = PRESENTATION_STYLE_ASSIGNMENT (( #5158 ) ) ;
#268 = SURFACE_SIDE_STYLE ('',( #5415 ) ) ;
#269 = CARTESIAN_POINT ( 'NONE',  ( 3.149999999999999467, 0.6999999999999930722, 1.500001000000001028 ) ) ;
#270 = DIRECTION ( 'NONE',  ( 0.000000000000000000, -6.564934471693304967E-07, 0.9999999999997846167 ) ) ;
#271 = COLOUR_RGB ( '',1.000000000000000000, 1.000000000000000000, 1.000000000000000000 ) ;
#272 = VERTEX_POINT ( 'NONE', #1672 ) ;
#273 = LINE ( 'NONE', #2632, #969 ) ;
#274 =( NAMED_UNIT ( * ) PLANE_ANGLE_UNIT ( ) SI_UNIT ( $, .RADIAN. ) );
#275 = PRESENTATION_STYLE_ASSIGNMENT (( #7258 ) ) ;
#276 = LINE ( 'NONE', #7300, #3786 ) ;
#277 = CARTESIAN_POINT ( 'NONE',  ( -0.5000000000000000000, -0.0001000000000000000048, -0.7499999999999977796 ) ) ;
#278 = CARTESIAN_POINT ( 'NONE',  ( 3.149999999999999911, 0.2598999999998395927, 0.5000002888567938175 ) ) ;
#279 = DIRECTION ( 'NONE',  ( -1.000000000000000000, -0.000000000000000000, -2.168404344971010594E-16 ) ) ;
#280 = MECHANICAL_DESIGN_GEOMETRIC_PRESENTATION_REPRESENTATION (  '', ( #660 ), #2884 ) ;
#281 = ORIENTED_EDGE ( 'NONE', *, *, #2380, .F. ) ;
#282 = SURFACE_STYLE_USAGE ( .BOTH. , #5593 ) ;
#283 = PRESENTATION_STYLE_ASSIGNMENT (( #7508 ) ) ;
#284 = PRESENTATION_LAYER_ASSIGNMENT (  '', '', ( #1662 ) ) ;
#285 = CARTESIAN_POINT ( 'NONE',  ( 1.701009032218151917, 1.399999999999999911, 2.050000000000000266 ) ) ;
#286 =( LENGTH_UNIT ( ) NAMED_UNIT ( * ) SI_UNIT ( .MILLI., .METRE. ) );
#287 = SURFACE_STYLE_USAGE ( .BOTH. , #1030 ) ;
#288 = DIRECTION ( 'NONE',  ( -1.000000000000000000, -0.000000000000000000, -0.000000000000000000 ) ) ;
#289 =( NAMED_UNIT ( * ) SI_UNIT ( $, .STERADIAN. ) SOLID_ANGLE_UNIT ( ) );
#290 = ORIENTED_EDGE ( 'NONE', *, *, #4471, .F. ) ;
#291 = VECTOR ( 'NONE', #6145, 1000.000000000000000 ) ;
#292 = CARTESIAN_POINT ( 'NONE',  ( 0.000000000000000000, 1.199999999999999956, 0.000000000000000000 ) ) ;
#293 = VERTEX_POINT ( 'NONE', #4086 ) ;
#294 = CARTESIAN_POINT ( 'NONE',  ( 2.799999999999999822, 1.199999999999999956, 2.050000000000000266 ) ) ;
#295 = FILL_AREA_STYLE ('',( #892 ) ) ;
#296 = ORIENTED_EDGE ( 'NONE', *, *, #891, .F. ) ;
#297 = VECTOR ( 'NONE', #288, 1000.000000000000000 ) ;
#298 = DIRECTION ( 'NONE',  ( -0.000000000000000000, 1.000000000000000000, -0.000000000000000000 ) ) ;
#299 = EDGE_CURVE ( 'NONE', #1683, #6278, #4013, .T. ) ;
#300 = EDGE_LOOP ( 'NONE', ( #25, #4017, #2894, #1544 ) ) ;
#301 = FILL_AREA_STYLE ('',( #5035 ) ) ;
#302 = FACE_OUTER_BOUND ( 'NONE', #2412, .T. ) ;
#303 = FILL_AREA_STYLE_COLOUR ( '', #1189 ) ;
#304 = CIRCLE ( 'NONE', #1570, 0.4000000000000000222 ) ;
#305 = EDGE_CURVE ( 'NONE', #5648, #4798, #6022, .T. ) ;
#306 = PLANE ( 'NONE',  #3405 ) ;
#307 =( NAMED_UNIT ( * ) PLANE_ANGLE_UNIT ( ) SI_UNIT ( $, .RADIAN. ) );
#308 = EDGE_CURVE ( 'NONE', #211, #6007, #2585, .T. ) ;
#309 = ORIENTED_EDGE ( 'NONE', *, *, #7335, .F. ) ;
#310 = SURFACE_STYLE_FILL_AREA ( #3830 ) ;
#311 =( GEOMETRIC_REPRESENTATION_CONTEXT ( 3 ) GLOBAL_UNCERTAINTY_ASSIGNED_CONTEXT ( ( #6818 ) ) GLOBAL_UNIT_ASSIGNED_CONTEXT ( ( #3519, #86, #5895 ) ) REPRESENTATION_CONTEXT ( 'NONE', 'WORKASPACE' ) );
#312 = PRESENTATION_STYLE_ASSIGNMENT (( #6212 ) ) ;
#313 =( GEOMETRIC_REPRESENTATION_CONTEXT ( 3 ) GLOBAL_UNCERTAINTY_ASSIGNED_CONTEXT ( ( #7343 ) ) GLOBAL_UNIT_ASSIGNED_CONTEXT ( ( #6589, #5383, #5961 ) ) REPRESENTATION_CONTEXT ( 'NONE', 'WORKASPACE' ) );
#314 = UNCERTAINTY_MEASURE_WITH_UNIT (LENGTH_MEASURE( 1.000000000000000082E-05 ), #184, 'distance_accuracy_value', 'NONE');
#315 = PRESENTATION_LAYER_ASSIGNMENT (  '', '', ( #6384 ) ) ;
#316 = ORIENTED_EDGE ( 'NONE', *, *, #4518, .F. ) ;
#317 = CARTESIAN_POINT ( 'NONE',  ( -1.000000000000000000, 0.1498999999999999777, 0.3500000000000002554 ) ) ;
#318 = EDGE_LOOP ( 'NONE', ( #1957, #495, #5403, #1456 ) ) ;
#319 = CARTESIAN_POINT ( 'NONE',  ( -3.350000000000000089, 0.000000000000000000, 2.050000000000000266 ) ) ;
#320 = DIRECTION ( 'NONE',  ( 0.000000000000000000, -0.000000000000000000, 1.000000000000000000 ) ) ;
#321 = VERTEX_POINT ( 'NONE', #5527 ) ;
#322 = PRESENTATION_STYLE_ASSIGNMENT (( #282 ) ) ;
#323 = MECHANICAL_DESIGN_GEOMETRIC_PRESENTATION_REPRESENTATION (  '', ( #939 ), #2179 ) ;
#324 = DIRECTION ( 'NONE',  ( 1.000000000000000000, -0.000000000000000000, 1.057758217059029964E-16 ) ) ;
#325 = LINE ( 'NONE', #3225, #3754 ) ;
#326 = PLANE ( 'NONE',  #3033 ) ;
#327 = CARTESIAN_POINT ( 'NONE',  ( 0.3313195202952720075, 1.199999999999999956, 0.9102929006357960429 ) ) ;
#328 = SURFACE_SIDE_STYLE ('',( #5753 ) ) ;
#329 = CARTESIAN_POINT ( 'NONE',  ( 1.701009032218151695, 1.199999999999999956, 1.749999999999999778 ) ) ;
#330 =( NAMED_UNIT ( * ) PLANE_ANGLE_UNIT ( ) SI_UNIT ( $, .RADIAN. ) );
#331 = VERTEX_POINT ( 'NONE', #4310 ) ;
#332 =( NAMED_UNIT ( * ) SI_UNIT ( $, .STERADIAN. ) SOLID_ANGLE_UNIT ( ) );
#333 = COLOUR_RGB ( '',1.000000000000000000, 0.5019607843137254832, 0.000000000000000000 ) ;
#334 = EDGE_LOOP ( 'NONE', ( #3772, #2105, #7237, #1156 ) ) ;
#335 = DIRECTION ( 'NONE',  ( -1.000000000000000000, 0.000000000000000000, 0.000000000000000000 ) ) ;
#336 = ORIENTED_EDGE ( 'NONE', *, *, #2719, .T. ) ;
#337 = CARTESIAN_POINT ( 'NONE',  ( 0.2500000000000000000, 0.8000000000000000444, 2.449999999999999734 ) ) ;
#338 = STYLED_ITEM ( 'NONE', ( #283 ), #1070 ) ;
#339 = LINE ( 'NONE', #2780, #4375 ) ;
#340 = ORIENTED_EDGE ( 'NONE', *, *, #4819, .T. ) ;
#341 = CARTESIAN_POINT ( 'NONE',  ( 0.000000000000000000, 0.1498999999999999777, 0.000000000000000000 ) ) ;
#342 = SURFACE_SIDE_STYLE ('',( #2667 ) ) ;
#343 = VECTOR ( 'NONE', #6844, 1000.000000000000000 ) ;
#344 = VECTOR ( 'NONE', #5959, 1000.000000000000000 ) ;
#345 = CARTESIAN_POINT ( 'NONE',  ( 3.149999999999999911, 0.2598999999998395927, 1.500000288856793818 ) ) ;
#346 = VERTEX_POINT ( 'NONE', #733 ) ;
#347 =( NAMED_UNIT ( * ) PLANE_ANGLE_UNIT ( ) SI_UNIT ( $, .RADIAN. ) );
#348 = DIRECTION ( 'NONE',  ( 0.000000000000000000, -0.000000000000000000, -1.000000000000000000 ) ) ;
#349 = EDGE_CURVE ( 'NONE', #3194, #3933, #7158, .T. ) ;
#350 = EDGE_CURVE ( 'NONE', #6117, #4137, #3008, .T. ) ;
#351 = ORIENTED_EDGE ( 'NONE', *, *, #3425, .T. ) ;
#352 = MECHANICAL_DESIGN_GEOMETRIC_PRESENTATION_REPRESENTATION (  '', ( #1360 ), #7670 ) ;
#353 =( NAMED_UNIT ( * ) PLANE_ANGLE_UNIT ( ) SI_UNIT ( $, .RADIAN. ) );
#354 = UNCERTAINTY_MEASURE_WITH_UNIT (LENGTH_MEASURE( 1.000000000000000082E-05 ), #7367, 'distance_accuracy_value', 'NONE');
#355 = DIRECTION ( 'NONE',  ( 0.000000000000000000, -0.000000000000000000, 1.000000000000000000 ) ) ;
#356 = CARTESIAN_POINT ( 'NONE',  ( -3.350000000000000533, 0.2598999999998395927, -2.049989999999999757 ) ) ;
#357 = EDGE_CURVE ( 'NONE', #628, #5217, #102, .T. ) ;
#358 = ORIENTED_EDGE ( 'NONE', *, *, #1504, .F. ) ;
#359 = EDGE_CURVE ( 'NONE', #1471, #257, #3080, .T. ) ;
#360 = ORIENTED_EDGE ( 'NONE', *, *, #1872, .T. ) ;
#361 = CARTESIAN_POINT ( 'NONE',  ( -3.350000000000000089, 1.199999999999999956, -1.500000000000000000 ) ) ;
#362 = CARTESIAN_POINT ( 'NONE',  ( -1.999999999999999112, 0.1498999999999999777, -0.7499999999999978906 ) ) ;
#363 = ORIENTED_EDGE ( 'NONE', *, *, #5836, .F. ) ;
#364 = DIRECTION ( 'NONE',  ( -0.000000000000000000, -1.000000000000000000, -0.000000000000000000 ) ) ;
#365 = DIRECTION ( 'NONE',  ( -0.9396926207859080948, 0.000000000000000000, 0.3420201433256695456 ) ) ;
#366 = DIRECTION ( 'NONE',  ( 0.000000000000000000, 0.000000000000000000, -1.000000000000000000 ) ) ;
#367 = DIRECTION ( 'NONE',  ( 1.000000000000000000, 0.000000000000000000, -0.000000000000000000 ) ) ;
#368 = CARTESIAN_POINT ( 'NONE',  ( 1.500000000000000000, -0.5000000000000000000, 0.000000000000000000 ) ) ;
#369 =( GEOMETRIC_REPRESENTATION_CONTEXT ( 3 ) GLOBAL_UNCERTAINTY_ASSIGNED_CONTEXT ( ( #1494 ) ) GLOBAL_UNIT_ASSIGNED_CONTEXT ( ( #5991, #2470, #1406 ) ) REPRESENTATION_CONTEXT ( 'NONE', 'WORKASPACE' ) );
#370 = DIRECTION ( 'NONE',  ( -4.818676322157800333E-16, -0.000000000000000000, 1.000000000000000000 ) ) ;
#371 = PLANE ( 'NONE',  #4616 ) ;
#372 = DIRECTION ( 'NONE',  ( -0.3420201433256691570, 0.000000000000000000, 0.9396926207859083169 ) ) ;
#373 = FILL_AREA_STYLE_COLOUR ( '', #4786 ) ;
#374 = PLANE ( 'NONE',  #6009 ) ;
#375 = ORIENTED_EDGE ( 'NONE', *, *, #6553, .F. ) ;
#376 = SURFACE_STYLE_FILL_AREA ( #2149 ) ;
#377 = PRESENTATION_LAYER_ASSIGNMENT (  '', '', ( #753 ) ) ;
#378 = ORIENTED_EDGE ( 'NONE', *, *, #2523, .T. ) ;
#379 = SURFACE_STYLE_FILL_AREA ( #6201 ) ;
#380 = ORIENTED_EDGE ( 'NONE', *, *, #6792, .T. ) ;
#381 = SURFACE_STYLE_USAGE ( .BOTH. , #3941 ) ;
#382 = CIRCLE ( 'NONE', #1745, 0.5000000000000000000 ) ;
#383 = VERTEX_POINT ( 'NONE', #6102 ) ;
#384 = CARTESIAN_POINT ( 'NONE',  ( 0.09999999999999809042, 1.399999999999999911, 1.750000000000000000 ) ) ;
#385 = UNCERTAINTY_MEASURE_WITH_UNIT (LENGTH_MEASURE( 1.000000000000000082E-05 ), #1992, 'distance_accuracy_value', 'NONE');
#386 = STYLED_ITEM ( 'NONE', ( #7065 ), #4568 ) ;
#387 = SURFACE_STYLE_FILL_AREA ( #4567 ) ;
#388 = VERTEX_POINT ( 'NONE', #6064 ) ;
#389 = FILL_AREA_STYLE_COLOUR ( '', #3683 ) ;
#390 = UNCERTAINTY_MEASURE_WITH_UNIT (LENGTH_MEASURE( 1.000000000000000082E-05 ), #2008, 'distance_accuracy_value', 'NONE');
#391 = ORIENTED_EDGE ( 'NONE', *, *, #5603, .T. ) ;
#392 = COLOUR_RGB ( '',1.000000000000000000, 0.000000000000000000, 1.000000000000000000 ) ;
#393 = CARTESIAN_POINT ( 'NONE',  ( 3.149999999999999911, 0.2599003282466580411, -0.5000000000002154943 ) ) ;
#394 = LINE ( 'NONE', #1577, #6136 ) ;
#395 = DIRECTION ( 'NONE',  ( 1.000000000000000000, -0.000000000000000000, 1.057758217059029964E-16 ) ) ;
#396 = ORIENTED_EDGE ( 'NONE', *, *, #4462, .T. ) ;
#397 = ORIENTED_EDGE ( 'NONE', *, *, #2823, .T. ) ;
#398 =( LENGTH_UNIT ( ) NAMED_UNIT ( * ) SI_UNIT ( .MILLI., .METRE. ) );
#399 = EDGE_CURVE ( 'NONE', #3838, #3126, #4235, .T. ) ;
#400 = EDGE_CURVE ( 'NONE', #388, #1243, #5267, .T. ) ;
#401 = ORIENTED_EDGE ( 'NONE', *, *, #2905, .F. ) ;
#402 = DIRECTION ( 'NONE',  ( -0.9284766908852583045, 0.3713906763541062750, 0.000000000000000000 ) ) ;
#403 = CARTESIAN_POINT ( 'NONE',  ( -3.149999999999999911, 0.2598999999998395927, -2.049989999999999757 ) ) ;
#404 = EDGE_CURVE ( 'NONE', #3235, #6681, #4276, .T. ) ;
#405 = EDGE_CURVE ( 'NONE', #5690, #5824, #2461, .T. ) ;
#406 = CARTESIAN_POINT ( 'NONE',  ( 2.050000000000000266, 0.1499999999999999944, 2.949999999999999734 ) ) ;
#407 = FILL_AREA_STYLE ('',( #2808 ) ) ;
#408 = FILL_AREA_STYLE ('',( #3266 ) ) ;
#409 = DIRECTION ( 'NONE',  ( -0.000000000000000000, -1.000000000000000000, -0.000000000000000000 ) ) ;
#410 = ORIENTED_EDGE ( 'NONE', *, *, #699, .F. ) ;
#411 = SURFACE_SIDE_STYLE ('',( #376 ) ) ;
#412 = VECTOR ( 'NONE', #4156, 1000.000000000000000 ) ;
#413 = ORIENTED_EDGE ( 'NONE', *, *, #6593, .F. ) ;
#414 = FILL_AREA_STYLE_COLOUR ( '', #5252 ) ;
#415 = ORIENTED_EDGE ( 'NONE', *, *, #399, .F. ) ;
#416 = LINE ( 'NONE', #3897, #4605 ) ;
#417 = CARTESIAN_POINT ( 'NONE',  ( 2.799999999999999822, 1.399999999999999911, 2.050000000000000266 ) ) ;
#418 =( LENGTH_UNIT ( ) NAMED_UNIT ( * ) SI_UNIT ( .MILLI., .METRE. ) );
#419 = ORIENTED_EDGE ( 'NONE', *, *, #5920, .F. ) ;
#420 = DIRECTION ( 'NONE',  ( 0.000000000000000000, 0.000000000000000000, 1.000000000000000000 ) ) ;
#421 =( LENGTH_UNIT ( ) NAMED_UNIT ( * ) SI_UNIT ( .MILLI., .METRE. ) );
#422 = CARTESIAN_POINT ( 'NONE',  ( 2.800009999999999444, 1.399989999999999846, 1.866667000000000520 ) ) ;
#423 = DIRECTION ( 'NONE',  ( 2.857224491007049545E-05, -0.9999999995918134044, 0.000000000000000000 ) ) ;
#424 = STYLED_ITEM ( 'NONE', ( #6232 ), #2066 ) ;
#425 = ORIENTED_EDGE ( 'NONE', *, *, #3952, .T. ) ;
#426 = VECTOR ( 'NONE', #4314, 999.9999999999998863 ) ;
#427 = VECTOR ( 'NONE', #2930, 1000.000000000000000 ) ;
#428 = DIRECTION ( 'NONE',  ( -7.885121045569205776E-16, 0.000000000000000000, 1.000000000000000000 ) ) ;
#429 = EDGE_LOOP ( 'NONE', ( #1238, #5668, #1366, #4205 ) ) ;
#430 = COLOUR_RGB ( '',1.000000000000000000, 0.000000000000000000, 1.000000000000000000 ) ;
#431 = CARTESIAN_POINT ( 'NONE',  ( -3.149999999999999467, 0.000000000000000000, -2.115516434118059927E-17 ) ) ;
#432 = PRODUCT_DEFINITION_CONTEXT ( 'detailed design', #1436, 'design' ) ;
#433 = CARTESIAN_POINT ( 'NONE',  ( -2.499999999999998224, -0.0001000000000000000048, -1.249999999999997780 ) ) ;
#434 = ORIENTED_EDGE ( 'NONE', *, *, #5091, .F. ) ;
#435 = FILL_AREA_STYLE ('',( #7392 ) ) ;
#436 = AXIS2_PLACEMENT_3D ( 'NONE', #1463, #938, #6126 ) ;
#437 = STYLED_ITEM ( 'NONE', ( #5475 ), #5888 ) ;
#438 = LINE ( 'NONE', #2916, #7113 ) ;
#439 = ADVANCED_FACE ( 'NONE', ( #5441 ), #4838, .T. ) ;
#440 = VECTOR ( 'NONE', #3048, 1000.000000000000000 ) ;
#441 = PRESENTATION_LAYER_ASSIGNMENT (  '', '', ( #2793 ) ) ;
#442 = DIRECTION ( 'NONE',  ( 0.000000000000000000, 1.000000000000000000, 0.000000000000000000 ) ) ;
#443 = CARTESIAN_POINT ( 'NONE',  ( 3.149999999999999467, 0.6999999999999930722, 1.500001000000001028 ) ) ;
#444 = ADVANCED_FACE ( 'NONE', ( #3044 ), #5404, .F. ) ;
#445 = DIRECTION ( 'NONE',  ( 0.000000000000000000, 1.000000000000000000, 0.000000000000000000 ) ) ;
#446 = EDGE_LOOP ( 'NONE', ( #419, #760, #7018, #7606 ) ) ;
#447 = EDGE_CURVE ( 'NONE', #5322, #2487, #2699, .T. ) ;
#448 = ORIENTED_EDGE ( 'NONE', *, *, #2240, .T. ) ;
#449 = COLOUR_RGB ( '',0.000000000000000000, 0.000000000000000000, 1.000000000000000000 ) ;
#450 = CARTESIAN_POINT ( 'NONE',  ( -2.499999999999998668, 0.1498999999999999777, 0.8500000000000000888 ) ) ;
#451 = ORIENTED_EDGE ( 'NONE', *, *, #5049, .T. ) ;
#452 =( GEOMETRIC_REPRESENTATION_CONTEXT ( 3 ) GLOBAL_UNCERTAINTY_ASSIGNED_CONTEXT ( ( #546 ) ) GLOBAL_UNIT_ASSIGNED_CONTEXT ( ( #2185, #6834, #5754 ) ) REPRESENTATION_CONTEXT ( 'NONE', 'WORKASPACE' ) );
#453 = FACE_OUTER_BOUND ( 'NONE', #7186, .T. ) ;
#454 = VECTOR ( 'NONE', #1895, 1000.000000000000000 ) ;
#455 = EDGE_CURVE ( 'NONE', #946, #6464, #5683, .T. ) ;
#456 = VERTEX_POINT ( 'NONE', #3858 ) ;
#457 = DIRECTION ( 'NONE',  ( 2.710505431213760099E-16, 0.000000000000000000, -1.000000000000000000 ) ) ;
#458 = CARTESIAN_POINT ( 'NONE',  ( -3.349900000000001210, 0.9000000000000000222, 2.050000000000000266 ) ) ;
#459 = DIRECTION ( 'NONE',  ( 0.000000000000000000, -1.000000000000000000, 0.000000000000000000 ) ) ;
#460 = DIRECTION ( 'NONE',  ( 0.000000000000000000, 1.000000000000000000, 0.000000000000000000 ) ) ;
#461 = STYLED_ITEM ( 'NONE', ( #6676 ), #748 ) ;
#462 = EDGE_CURVE ( 'NONE', #1230, #5480, #7479, .T. ) ;
#463 = EDGE_LOOP ( 'NONE', ( #5218, #823, #2194, #1058 ) ) ;
#464 = ADVANCED_FACE ( 'NONE', ( #6802 ), #916, .F. ) ;
#465 = COLOUR_RGB ( '',0.000000000000000000, 0.000000000000000000, 1.000000000000000000 ) ;
#466 =( LENGTH_UNIT ( ) NAMED_UNIT ( * ) SI_UNIT ( .MILLI., .METRE. ) );
#467 = COLOUR_RGB ( '',0.000000000000000000, 0.000000000000000000, 1.000000000000000000 ) ;
#468 = CARTESIAN_POINT ( 'NONE',  ( 1.249999999999999778, 1.199999999999999956, 2.449999999999999734 ) ) ;
#469 = COLOUR_RGB ( '',0.000000000000000000, 0.000000000000000000, 1.000000000000000000 ) ;
#470 = VERTEX_POINT ( 'NONE', #6197 ) ;
#471 = MECHANICAL_DESIGN_GEOMETRIC_PRESENTATION_REPRESENTATION (  '', ( #338 ), #4287 ) ;
#472 = DIRECTION ( 'NONE',  ( -0.000000000000000000, -1.000000000000000000, -0.000000000000000000 ) ) ;
#473 = AXIS2_PLACEMENT_3D ( 'NONE', #1197, #3646, #3534 ) ;
#474 = DIRECTION ( 'NONE',  ( 1.000000000000000000, -0.000000000000000000, 0.000000000000000000 ) ) ;
#475 = UNCERTAINTY_MEASURE_WITH_UNIT (LENGTH_MEASURE( 1.000000000000000082E-05 ), #5574, 'distance_accuracy_value', 'NONE');
#476 = ORIENTED_EDGE ( 'NONE', *, *, #5276, .T. ) ;
#477 = CARTESIAN_POINT ( 'NONE',  ( 0.000000000000000000, 0.1498999999999999777, 0.000000000000000000 ) ) ;
#478 = PRESENTATION_STYLE_ASSIGNMENT (( #5846 ) ) ;
#479 = MECHANICAL_DESIGN_GEOMETRIC_PRESENTATION_REPRESENTATION (  '', ( #6297 ), #2701 ) ;
#480 = DIRECTION ( 'NONE',  ( 1.000000000000000000, -0.000000000000000000, 0.000000000000000000 ) ) ;
#481 = VECTOR ( 'NONE', #1057, 1000.000000000000114 ) ;
#482 = DIRECTION ( 'NONE',  ( 2.857224491130961656E-05, 0.9999999995918134044, -0.000000000000000000 ) ) ;
#483 = SURFACE_STYLE_USAGE ( .BOTH. , #7104 ) ;
#484 = CARTESIAN_POINT ( 'NONE',  ( -3.349900000000001210, 0.9000000000000000222, -2.050000000000000266 ) ) ;
#485 =( GEOMETRIC_REPRESENTATION_CONTEXT ( 3 ) GLOBAL_UNCERTAINTY_ASSIGNED_CONTEXT ( ( #314 ) ) GLOBAL_UNIT_ASSIGNED_CONTEXT ( ( #184, #274, #6584 ) ) REPRESENTATION_CONTEXT ( 'NONE', 'WORKASPACE' ) );
#486 = ORIENTED_EDGE ( 'NONE', *, *, #5559, .T. ) ;
#487 = ORIENTED_EDGE ( 'NONE', *, *, #5809, .F. ) ;
#488 = DIRECTION ( 'NONE',  ( 0.000000000000000000, -0.000000000000000000, -1.000000000000000000 ) ) ;
#489 = ORIENTED_EDGE ( 'NONE', *, *, #2762, .T. ) ;
#490 = SURFACE_STYLE_FILL_AREA ( #4558 ) ;
#491 = STYLED_ITEM ( 'NONE', ( #5238 ), #2871 ) ;
#492 = DIRECTION ( 'NONE',  ( 0.000000000000000000, 1.000000000000000000, 0.000000000000000000 ) ) ;
#493 = SURFACE_SIDE_STYLE ('',( #5828 ) ) ;
#494 = SURFACE_STYLE_USAGE ( .BOTH. , #6422 ) ;
#495 = ORIENTED_EDGE ( 'NONE', *, *, #1647, .F. ) ;
#496 = PLANE ( 'NONE',  #3546 ) ;
#497 = AXIS2_PLACEMENT_3D ( 'NONE', #4751, #499, #2310 ) ;
#498 = ADVANCED_FACE ( 'NONE', ( #3271 ), #998, .F. ) ;
#499 = DIRECTION ( 'NONE',  ( 0.000000000000000000, 0.000000000000000000, -1.000000000000000000 ) ) ;
#500 = EDGE_CURVE ( 'NONE', #6278, #346, #4554, .T. ) ;
#501 = FILL_AREA_STYLE_COLOUR ( '', #6505 ) ;
#502 = CARTESIAN_POINT ( 'NONE',  ( -3.149999999999999467, 0.6999999999999930722, 2.049990000000000645 ) ) ;
#503 = EDGE_CURVE ( 'NONE', #1078, #2192, #254, .T. ) ;
#504 = EDGE_CURVE ( 'NONE', #1078, #5592, #4470, .T. ) ;
#505 = MECHANICAL_DESIGN_GEOMETRIC_PRESENTATION_REPRESENTATION (  '', ( #6440 ), #3093 ) ;
#506 = ORIENTED_EDGE ( 'NONE', *, *, #5313, .F. ) ;
#507 = CARTESIAN_POINT ( 'NONE',  ( -3.149999999999999467, 0.000000000000000000, -2.115516434118059927E-17 ) ) ;
#508 = SURFACE_STYLE_FILL_AREA ( #1208 ) ;
#509 = PRESENTATION_STYLE_ASSIGNMENT (( #5813 ) ) ;
#510 =( GEOMETRIC_REPRESENTATION_CONTEXT ( 3 ) GLOBAL_UNCERTAINTY_ASSIGNED_CONTEXT ( ( #2917 ) ) GLOBAL_UNIT_ASSIGNED_CONTEXT ( ( #4618, #4733, #557 ) ) REPRESENTATION_CONTEXT ( 'NONE', 'WORKASPACE' ) );
#511 = ORIENTED_EDGE ( 'NONE', *, *, #2769, .T. ) ;
#512 = VECTOR ( 'NONE', #41, 1000.000000000000000 ) ;
#513 = ORIENTED_EDGE ( 'NONE', *, *, #7573, .T. ) ;
#514 = FACE_OUTER_BOUND ( 'NONE', #2029, .T. ) ;
#515 = DIRECTION ( 'NONE',  ( 0.000000000000000000, 0.000000000000000000, 1.000000000000000000 ) ) ;
#516 = PRESENTATION_LAYER_ASSIGNMENT (  '', '', ( #16 ) ) ;
#517 = CARTESIAN_POINT ( 'NONE',  ( 2.000000000000000444, 0.1498999999999999777, -1.249999999999997780 ) ) ;
#518 = UNCERTAINTY_MEASURE_WITH_UNIT (LENGTH_MEASURE( 1.000000000000000082E-05 ), #952, 'distance_accuracy_value', 'NONE');
#519 = B_SPLINE_CURVE_WITH_KNOTS ( 'NONE', 3,
 ( #5381, #3591, #1869, #1256 ),
 .UNSPECIFIED., .F., .F.,
 ( 4, 4 ),
 ( 0.000000000000000000, 1.000000000000000000 ),
 .UNSPECIFIED. ) ;
#520 =( NAMED_UNIT ( * ) PLANE_ANGLE_UNIT ( ) SI_UNIT ( $, .RADIAN. ) );
#521 =( NAMED_UNIT ( * ) PLANE_ANGLE_UNIT ( ) SI_UNIT ( $, .RADIAN. ) );
#522 = CARTESIAN_POINT ( 'NONE',  ( 0.2500000000000000000, 1.199999999999999956, 2.449999999999999734 ) ) ;
#523 = ORIENTED_EDGE ( 'NONE', *, *, #3562, .F. ) ;
#524 = VERTEX_POINT ( 'NONE', #6336 ) ;
#525 = STYLED_ITEM ( 'NONE', ( #3622 ), #7131 ) ;
#526 = CARTESIAN_POINT ( 'NONE',  ( -3.349999999999999645, 1.399999999999999911, 1.500000000000000000 ) ) ;
#527 = CARTESIAN_POINT ( 'NONE',  ( -0.2010090322181518063, 1.399989999999999846, 0.9499999999999998446 ) ) ;
#528 =( NAMED_UNIT ( * ) SI_UNIT ( $, .STERADIAN. ) SOLID_ANGLE_UNIT ( ) );
#529 = FACE_OUTER_BOUND ( 'NONE', #589, .T. ) ;
#530 = FACE_OUTER_BOUND ( 'NONE', #2837, .T. ) ;
#531 = ORIENTED_EDGE ( 'NONE', *, *, #1312, .T. ) ;
#532 = FILL_AREA_STYLE ('',( #2935 ) ) ;
#533 = MECHANICAL_DESIGN_GEOMETRIC_PRESENTATION_REPRESENTATION (  '', ( #1158 ), #4234 ) ;
#534 =( NAMED_UNIT ( * ) PLANE_ANGLE_UNIT ( ) SI_UNIT ( $, .RADIAN. ) );
#535 = DIRECTION ( 'NONE',  ( 0.000000000000000000, 0.000000000000000000, 1.000000000000000000 ) ) ;
#536 = UNCERTAINTY_MEASURE_WITH_UNIT (LENGTH_MEASURE( 1.000000000000000082E-05 ), #6205, 'distance_accuracy_value', 'NONE');
#537 = SURFACE_STYLE_FILL_AREA ( #5227 ) ;
#538 = AXIS2_PLACEMENT_3D ( 'NONE', #7647, #5833, #7048 ) ;
#539 = ORIENTED_EDGE ( 'NONE', *, *, #13, .F. ) ;
#540 = EDGE_CURVE ( 'NONE', #2256, #6720, #2142, .T. ) ;
#541 = CARTESIAN_POINT ( 'NONE',  ( 2.050000000000000266, 0.1499999999999999944, -2.949999999999999734 ) ) ;
#542 = PRESENTATION_STYLE_ASSIGNMENT (( #6546 ) ) ;
#543 = ADVANCED_FACE ( 'NONE', ( #6947 ), #1628, .F. ) ;
#544 = SURFACE_STYLE_USAGE ( .BOTH. , #2983 ) ;
#545 = CARTESIAN_POINT ( 'NONE',  ( 2.050000000000000266, 1.399999999999999911, 2.050000000000000266 ) ) ;
#546 = UNCERTAINTY_MEASURE_WITH_UNIT (LENGTH_MEASURE( 1.000000000000000082E-05 ), #2185, 'distance_accuracy_value', 'NONE');
#547 = ORIENTED_EDGE ( 'NONE', *, *, #2202, .F. ) ;
#548 = ADVANCED_FACE ( 'NONE', ( #6867 ), #1069, .T. ) ;
#549 =( GEOMETRIC_REPRESENTATION_CONTEXT ( 3 ) GLOBAL_UNCERTAINTY_ASSIGNED_CONTEXT ( ( #4450 ) ) GLOBAL_UNIT_ASSIGNED_CONTEXT ( ( #7239, #3084, #2499 ) ) REPRESENTATION_CONTEXT ( 'NONE', 'WORKASPACE' ) );
#550 = AXIS2_PLACEMENT_3D ( 'NONE', #1810, #4834, #2411 ) ;
#551 = ORIENTED_EDGE ( 'NONE', *, *, #5235, .T. ) ;
#552 = FILL_AREA_STYLE ('',( #7060 ) ) ;
#553 = CARTESIAN_POINT ( 'NONE',  ( 0.5500000000000000444, 0.1499999999999999944, -2.050000000000000266 ) ) ;
#554 = VECTOR ( 'NONE', #7243, 1000.000000000000000 ) ;
#555 = DIRECTION ( 'NONE',  ( 0.000000000000000000, 0.000000000000000000, 1.000000000000000000 ) ) ;
#556 = DIRECTION ( 'NONE',  ( -4.818676322157800333E-16, -0.000000000000000000, 1.000000000000000000 ) ) ;
#557 =( NAMED_UNIT ( * ) SI_UNIT ( $, .STERADIAN. ) SOLID_ANGLE_UNIT ( ) );
#558 = CARTESIAN_POINT ( 'NONE',  ( 1.701009032218151917, 1.199999999999999956, 2.050000000000000266 ) ) ;
#559 = DIRECTION ( 'NONE',  ( 0.000000000000000000, 0.000000000000000000, 1.000000000000000000 ) ) ;
#560 = PRESENTATION_LAYER_ASSIGNMENT (  '', '', ( #7386 ) ) ;
#561 = STYLED_ITEM ( 'NONE', ( #7515 ), #5463 ) ;
#562 = SURFACE_STYLE_USAGE ( .BOTH. , #5856 ) ;
#563 = VERTEX_POINT ( 'NONE', #6909 ) ;
#564 = AXIS2_PLACEMENT_3D ( 'NONE', #5135, #2181, #5820 ) ;
#565 = EDGE_LOOP ( 'NONE', ( #5155, #7315, #3182 ) ) ;
#566 = SURFACE_STYLE_FILL_AREA ( #3572 ) ;
#567 = SURFACE_STYLE_FILL_AREA ( #2891 ) ;
#568 = VECTOR ( 'NONE', #6855, 1000.000000000000000 ) ;
#569 = FACE_OUTER_BOUND ( 'NONE', #5413, .T. ) ;
#570 = CARTESIAN_POINT ( 'NONE',  ( 0.09999999999999829858, 1.399999999999999911, 0.9499999999999998446 ) ) ;
#571 = CARTESIAN_POINT ( 'NONE',  ( 2.449999999999999734, 0.1499999999999999944, 2.949999999999999734 ) ) ;
#572 = SURFACE_STYLE_FILL_AREA ( #5437 ) ;
#573 = ORIENTED_EDGE ( 'NONE', *, *, #359, .F. ) ;
#574 = DIRECTION ( 'NONE',  ( 0.000000000000000000, 0.000000000000000000, -1.000000000000000000 ) ) ;
#575 = CARTESIAN_POINT ( 'NONE',  ( -3.350000000000000089, 0.6999999999999999556, -2.050000000000000266 ) ) ;
#576 = AXIS2_PLACEMENT_3D ( 'NONE', #2853, #5104, #7594 ) ;
#577 = ORIENTED_EDGE ( 'NONE', *, *, #2239, .F. ) ;
#578 = FACE_OUTER_BOUND ( 'NONE', #6305, .T. ) ;
#579 = CARTESIAN_POINT ( 'NONE',  ( -0.9999999999999995559, 0.1498999999999999777, -1.249999999999997780 ) ) ;
#580 = COLOUR_RGB ( '',0.000000000000000000, 0.000000000000000000, 1.000000000000000000 ) ;
#581 = ORIENTED_EDGE ( 'NONE', *, *, #7615, .T. ) ;
#582 = FILL_AREA_STYLE_COLOUR ( '', #6047 ) ;
#583 = DIRECTION ( 'NONE',  ( 0.000000000000000000, 1.000000000000000000, 0.000000000000000000 ) ) ;
#584 =( GEOMETRIC_REPRESENTATION_CONTEXT ( 3 ) GLOBAL_UNCERTAINTY_ASSIGNED_CONTEXT ( ( #618 ) ) GLOBAL_UNIT_ASSIGNED_CONTEXT ( ( #3763, #2114, #6716 ) ) REPRESENTATION_CONTEXT ( 'NONE', 'WORKASPACE' ) );
#585 = EDGE_CURVE ( 'NONE', #3419, #1813, #3352, .T. ) ;
#586 = CARTESIAN_POINT ( 'NONE',  ( 3.350000000000000533, 0.2598999999998395927, 2.049989999999999757 ) ) ;
#587 = CARTESIAN_POINT ( 'NONE',  ( -0.2010090322181517231, 1.399989999999999846, 1.749999999999999778 ) ) ;
#588 = COLOUR_RGB ( '',0.7960784313725489669, 0.8235294117647058432, 0.9372549019607843146 ) ;
#589 = EDGE_LOOP ( 'NONE', ( #3987, #3413, #6625, #2906 ) ) ;
#590 = CARTESIAN_POINT ( 'NONE',  ( 3.149999999999999911, 1.399999999999999911, -1.500001000000000140 ) ) ;
#591 = CARTESIAN_POINT ( 'NONE',  ( -3.149999999999999911, 1.199999999999999956, -1.500000000000000000 ) ) ;
#592 = FACE_OUTER_BOUND ( 'NONE', #230, .T. ) ;
#593 = ADVANCED_FACE ( 'NONE', ( #5800 ), #5254, .T. ) ;
#594 = EDGE_CURVE ( 'NONE', #145, #1674, #1666, .T. ) ;
#595 = LINE ( 'NONE', #2954, #3910 ) ;
#596 = SURFACE_SIDE_STYLE ('',( #7624 ) ) ;
#597 = CIRCLE ( 'NONE', #7660, 0.4000000000000000222 ) ;
#598 = FACE_BOUND ( 'NONE', #3651, .T. ) ;
#599 = EDGE_CURVE ( 'NONE', #6763, #6806, #6347, .T. ) ;
#600 = ADVANCED_FACE ( 'NONE', ( #3422 ), #6455, .F. ) ;
#601 = DIRECTION ( 'NONE',  ( 0.000000000000000000, -1.000000000000000000, 0.000000000000000000 ) ) ;
#602 = CARTESIAN_POINT ( 'NONE',  ( 3.149999999999999911, 1.199999999999999956, 2.050000000000000266 ) ) ;
#603 = ADVANCED_BREP_SHAPE_REPRESENTATION ( 'SSSS820101', ( #2654, #5209, #5002 ), #6239 ) ;
#604 = VECTOR ( 'NONE', #4360, 1000.000000000000114 ) ;
#605 = PLANE ( 'NONE',  #3409 ) ;
#606 = ORIENTED_EDGE ( 'NONE', *, *, #4906, .T. ) ;
#607 = LINE ( 'NONE', #450, #5249 ) ;
#608 = ORIENTED_EDGE ( 'NONE', *, *, #4823, .T. ) ;
#609 = DIRECTION ( 'NONE',  ( 0.000000000000000000, 0.000000000000000000, 1.000000000000000000 ) ) ;
#610 = SURFACE_STYLE_FILL_AREA ( #5219 ) ;
#611 = FILL_AREA_STYLE ('',( #5903 ) ) ;
#612 = DIRECTION ( 'NONE',  ( -0.000000000000000000, -0.000000000000000000, 1.000000000000000000 ) ) ;
#613 = CARTESIAN_POINT ( 'NONE',  ( -1.999999999999999112, -0.0001000000000000000048, -0.7499999999999978906 ) ) ;
#614 = VERTEX_POINT ( 'NONE', #3486 ) ;
#615 = VERTEX_POINT ( 'NONE', #6957 ) ;
#616 = CARTESIAN_POINT ( 'NONE',  ( -1.999999999999999112, -0.0001000000000000000048, 0.8499999999999999778 ) ) ;
#617 = CARTESIAN_POINT ( 'NONE',  ( 0.5500000000000000444, 0.1499999999999999944, -2.949999999999999734 ) ) ;
#618 = UNCERTAINTY_MEASURE_WITH_UNIT (LENGTH_MEASURE( 1.000000000000000082E-05 ), #3763, 'distance_accuracy_value', 'NONE');
#619 = ORIENTED_EDGE ( 'NONE', *, *, #1910, .F. ) ;
#620 = FILL_AREA_STYLE_COLOUR ( '', #2282 ) ;
#621 = EDGE_LOOP ( 'NONE', ( #2798, #506, #3362, #2137 ) ) ;
#622 =( NAMED_UNIT ( * ) SI_UNIT ( $, .STERADIAN. ) SOLID_ANGLE_UNIT ( ) );
#623 = CARTESIAN_POINT ( 'NONE',  ( -1.148990967781847949, 0.8000000000000000444, 1.750000000000000000 ) ) ;
#624 = CARTESIAN_POINT ( 'NONE',  ( -3.350000000000000089, 1.399999999999999911, -1.500000000000000000 ) ) ;
#625 = UNCERTAINTY_MEASURE_WITH_UNIT (LENGTH_MEASURE( 1.000000000000000082E-05 ), #155, 'distance_accuracy_value', 'NONE');
#626 =( GEOMETRIC_REPRESENTATION_CONTEXT ( 3 ) GLOBAL_UNCERTAINTY_ASSIGNED_CONTEXT ( ( #1571 ) ) GLOBAL_UNIT_ASSIGNED_CONTEXT ( ( #1671, #3430, #5806 ) ) REPRESENTATION_CONTEXT ( 'NONE', 'WORKASPACE' ) );
#627 = LINE ( 'NONE', #2984, #39 ) ;
#628 = VERTEX_POINT ( 'NONE', #5769 ) ;
#629 = LINE ( 'NONE', #2251, #5429 ) ;
#630 = MECHANICAL_DESIGN_GEOMETRIC_PRESENTATION_REPRESENTATION (  '', ( #6561 ), #7183 ) ;
#631 = PLANE ( 'NONE',  #7143 ) ;
#632 = FACE_OUTER_BOUND ( 'NONE', #5448, .T. ) ;
#633 = MECHANICAL_DESIGN_GEOMETRIC_PRESENTATION_REPRESENTATION (  '', ( #3224 ), #2609 ) ;
#634 = FACE_BOUND ( 'NONE', #3464, .T. ) ;
#635 = PRESENTATION_STYLE_ASSIGNMENT (( #5928 ) ) ;
#636 = EDGE_CURVE ( 'NONE', #225, #7465, #5288, .T. ) ;
#637 = EDGE_CURVE ( 'NONE', #5877, #6082, #1003, .T. ) ;
#638 = FACE_OUTER_BOUND ( 'NONE', #4095, .T. ) ;
#639 = DIRECTION ( 'NONE',  ( -0.000000000000000000, -1.000000000000000000, -0.000000000000000000 ) ) ;
#640 =( NAMED_UNIT ( * ) SI_UNIT ( $, .STERADIAN. ) SOLID_ANGLE_UNIT ( ) );
#641 = ORIENTED_EDGE ( 'NONE', *, *, #7573, .F. ) ;
#642 = EDGE_CURVE ( 'NONE', #107, #4010, #1914, .T. ) ;
#643 = EDGE_CURVE ( 'NONE', #2487, #7676, #6603, .T. ) ;
#644 = FILL_AREA_STYLE ('',( #1231 ) ) ;
#645 = VERTEX_POINT ( 'NONE', #1848 ) ;
#646 = VECTOR ( 'NONE', #3839, 1000.000000000000000 ) ;
#647 = CARTESIAN_POINT ( 'NONE',  ( 3.149999999999999911, 1.399999999999999911, 2.050000000000000266 ) ) ;
#648 = EDGE_CURVE ( 'NONE', #3028, #1661, #3110, .T. ) ;
#649 = CARTESIAN_POINT ( 'NONE',  ( 2.799999999999999822, 1.199999999999999956, 2.050000000000000266 ) ) ;
#650 = LINE ( 'NONE', #5829, #3495 ) ;
#651 = ORIENTED_EDGE ( 'NONE', *, *, #1028, .T. ) ;
#652 = DIRECTION ( 'NONE',  ( 0.000000000000000000, 0.9999999999997846167, 6.564934470904793526E-07 ) ) ;
#653 = EDGE_LOOP ( 'NONE', ( #6360, #1420, #7044, #2889 ) ) ;
#654 = DIRECTION ( 'NONE',  ( -2.168404344971010594E-16, 0.000000000000000000, 1.000000000000000000 ) ) ;
#655 = SURFACE_STYLE_FILL_AREA ( #5946 ) ;
#656 = CARTESIAN_POINT ( 'NONE',  ( -3.350000000000000533, 0.9000000000000000222, 1.500001000000000140 ) ) ;
#657 = ORIENTED_EDGE ( 'NONE', *, *, #447, .F. ) ;
#658 = CARTESIAN_POINT ( 'NONE',  ( -1.500000000000000000, -0.4999999999881765689, 0.000000000000000000 ) ) ;
#659 = DIRECTION ( 'NONE',  ( 0.000000000000000000, -0.000000000000000000, 1.000000000000000000 ) ) ;
#660 = STYLED_ITEM ( 'NONE', ( #737 ), #6982 ) ;
#661 = ORIENTED_EDGE ( 'NONE', *, *, #6788, .F. ) ;
#662 = FACE_OUTER_BOUND ( 'NONE', #2088, .T. ) ;
#663 = DIRECTION ( 'NONE',  ( -1.000000000000000000, 0.000000000000000000, -0.000000000000000000 ) ) ;
#664 = SURFACE_SIDE_STYLE ('',( #5265 ) ) ;
#665 = CARTESIAN_POINT ( 'NONE',  ( -3.350000000000000089, 0.000000000000000000, 2.949999999999999734 ) ) ;
#666 = CARTESIAN_POINT ( 'NONE',  ( -1.999999999999999112, -0.0001000000000000000048, 0.8500000000000001998 ) ) ;
#667 = VECTOR ( 'NONE', #849, 999.9999999999998863 ) ;
#668 = ORIENTED_EDGE ( 'NONE', *, *, #4750, .F. ) ;
#669 = FACE_OUTER_BOUND ( 'NONE', #1491, .T. ) ;
#670 = STYLED_ITEM ( 'NONE', ( #5485 ), #2206 ) ;
#671 = LINE ( 'NONE', #5240, #5562 ) ;
#672 = PLANE ( 'NONE',  #2472 ) ;
#673 = VECTOR ( 'NONE', #4318, 1000.000000000000000 ) ;
#674 = DIRECTION ( 'NONE',  ( 0.000000000000000000, 0.000000000000000000, -1.000000000000000000 ) ) ;
#675 =( NAMED_UNIT ( * ) SI_UNIT ( $, .STERADIAN. ) SOLID_ANGLE_UNIT ( ) );
#676 = CARTESIAN_POINT ( 'NONE',  ( 0.000000000000000000, 0.1498999999999999777, 0.000000000000000000 ) ) ;
#677 = PRESENTATION_STYLE_ASSIGNMENT (( #7185 ) ) ;
#678 = ORIENTED_EDGE ( 'NONE', *, *, #2581, .T. ) ;
#679 = VECTOR ( 'NONE', #4959, 1000.000000000000000 ) ;
#680 = EDGE_CURVE ( 'NONE', #7014, #3838, #2997, .T. ) ;
#681 = ORIENTED_EDGE ( 'NONE', *, *, #7167, .F. ) ;
#682 = CARTESIAN_POINT ( 'NONE',  ( 0.000000000000000000, 1.199999999999999956, 0.000000000000000000 ) ) ;
#683 = VERTEX_POINT ( 'NONE', #5973 ) ;
#684 =( GEOMETRIC_REPRESENTATION_CONTEXT ( 3 ) GLOBAL_UNCERTAINTY_ASSIGNED_CONTEXT ( ( #191 ) ) GLOBAL_UNIT_ASSIGNED_CONTEXT ( ( #5018, #6756, #1587 ) ) REPRESENTATION_CONTEXT ( 'NONE', 'WORKASPACE' ) );
#685 = LINE ( 'NONE', #6620, #5132 ) ;
#686 = MECHANICAL_DESIGN_GEOMETRIC_PRESENTATION_REPRESENTATION (  '', ( #7629 ), #5371 ) ;
#687 = SURFACE_SIDE_STYLE ('',( #3604 ) ) ;
#688 = EDGE_CURVE ( 'NONE', #6110, #1311, #1308, .T. ) ;
#689 =( NAMED_UNIT ( * ) SI_UNIT ( $, .STERADIAN. ) SOLID_ANGLE_UNIT ( ) );
#690 = DIRECTION ( 'NONE',  ( 0.000000000000000000, -1.000000000000000000, -0.000000000000000000 ) ) ;
#691 = AXIS2_PLACEMENT_3D ( 'NONE', #6991, #1694, #4038 ) ;
#692 = VERTEX_POINT ( 'NONE', #5433 ) ;
#693 = CARTESIAN_POINT ( 'NONE',  ( 3.149999999999999911, 0.6999999999999999556, -2.050000000000000266 ) ) ;
#694 = ORIENTED_EDGE ( 'NONE', *, *, #4942, .F. ) ;
#695 = VECTOR ( 'NONE', #1984, 1000.000000000000000 ) ;
#696 = EDGE_CURVE ( 'NONE', #1043, #5471, #4196, .T. ) ;
#697 =( NAMED_UNIT ( * ) SI_UNIT ( $, .STERADIAN. ) SOLID_ANGLE_UNIT ( ) );
#698 = LINE ( 'NONE', #7242, #4550 ) ;
#699 = EDGE_CURVE ( 'NONE', #4438, #6356, #6565, .T. ) ;
#700 = EDGE_CURVE ( 'NONE', #798, #6880, #128, .T. ) ;
#701 = EDGE_LOOP ( 'NONE', ( #1279, #3577, #2774, #1783, #619, #4999 ) ) ;
#702 = ORIENTED_EDGE ( 'NONE', *, *, #3134, .T. ) ;
#703 = VECTOR ( 'NONE', #5670, 1000.000000000000000 ) ;
#704 = DIRECTION ( 'NONE',  ( -0.000000000000000000, -1.000000000000000000, -0.000000000000000000 ) ) ;
#705 =( LENGTH_UNIT ( ) NAMED_UNIT ( * ) SI_UNIT ( .MILLI., .METRE. ) );
#706 = SURFACE_STYLE_USAGE ( .BOTH. , #5416 ) ;
#707 = VECTOR ( 'NONE', #7189, 1000.000000000000114 ) ;
#708 =( LENGTH_UNIT ( ) NAMED_UNIT ( * ) SI_UNIT ( .MILLI., .METRE. ) );
#709 = PRESENTATION_LAYER_ASSIGNMENT (  '', '', ( #2550 ) ) ;
#710 = ORIENTED_EDGE ( 'NONE', *, *, #503, .T. ) ;
#711 = DIRECTION ( 'NONE',  ( 0.000000000000000000, 0.000000000000000000, 1.000000000000000000 ) ) ;
#712 =( GEOMETRIC_REPRESENTATION_CONTEXT ( 3 ) GLOBAL_UNCERTAINTY_ASSIGNED_CONTEXT ( ( #136 ) ) GLOBAL_UNIT_ASSIGNED_CONTEXT ( ( #2613, #4689, #5893 ) ) REPRESENTATION_CONTEXT ( 'NONE', 'WORKASPACE' ) );
#713 = PRESENTATION_LAYER_ASSIGNMENT (  '', '', ( #7013 ) ) ;
#714 = CARTESIAN_POINT ( 'NONE',  ( -3.350000000000000089, 1.399999999999999911, 2.050000000000000266 ) ) ;
#715 = CARTESIAN_POINT ( 'NONE',  ( 0.000000000000000000, 1.199999999999999956, 0.000000000000000000 ) ) ;
#716 = VECTOR ( 'NONE', #2089, 1000.000000000000114 ) ;
#717 =( NAMED_UNIT ( * ) SI_UNIT ( $, .STERADIAN. ) SOLID_ANGLE_UNIT ( ) );
#718 = PLANE ( 'NONE',  #4393 ) ;
#719 = CARTESIAN_POINT ( 'NONE',  ( 1.701009032218151917, 1.199999999999999956, 2.050000000000000266 ) ) ;
#720 = SURFACE_SIDE_STYLE ('',( #3596 ) ) ;
#721 = SURFACE_STYLE_FILL_AREA ( #2031 ) ;
#722 = EDGE_LOOP ( 'NONE', ( #4718, #5390, #2857 ) ) ;
#723 = COLOUR_RGB ( '',1.000000000000000000, 0.5019607843137254832, 0.000000000000000000 ) ;
#724 = PRESENTATION_LAYER_ASSIGNMENT (  '', '', ( #4808 ) ) ;
#725 = ORIENTED_EDGE ( 'NONE', *, *, #3697, .T. ) ;
#726 = SURFACE_STYLE_FILL_AREA ( #6095 ) ;
#727 = PRESENTATION_STYLE_ASSIGNMENT (( #3034 ) ) ;
#728 = DIRECTION ( 'NONE',  ( -0.000000000000000000, -0.000000000000000000, -1.000000000000000000 ) ) ;
#729 = DIRECTION ( 'NONE',  ( 7.885121045569205776E-16, 0.000000000000000000, -1.000000000000000000 ) ) ;
#730 = ORIENTED_EDGE ( 'NONE', *, *, #4912, .F. ) ;
#731 = ORIENTED_EDGE ( 'NONE', *, *, #2053, .F. ) ;
#732 = DIRECTION ( 'NONE',  ( -1.000000000000000000, 0.000000000000000000, 0.000000000000000000 ) ) ;
#733 = CARTESIAN_POINT ( 'NONE',  ( -2.449999999999999734, 0.000000000000000000, 2.949999999999999734 ) ) ;
#734 = ORIENTED_EDGE ( 'NONE', *, *, #3905, .T. ) ;
#735 = VECTOR ( 'NONE', #2721, 1000.000000000000000 ) ;
#736 = ORIENTED_EDGE ( 'NONE', *, *, #4222, .T. ) ;
#737 = PRESENTATION_STYLE_ASSIGNMENT (( #3653 ) ) ;
#738 = LINE ( 'NONE', #4923, #854 ) ;
#739 = ADVANCED_FACE ( 'NONE', ( #5476 ), #6276, .T. ) ;
#740 = EDGE_CURVE ( 'NONE', #5500, #2170, #1352, .T. ) ;
#741 = ORIENTED_EDGE ( 'NONE', *, *, #5750, .T. ) ;
#742 = FACE_OUTER_BOUND ( 'NONE', #4483, .T. ) ;
#743 = ORIENTED_EDGE ( 'NONE', *, *, #3907, .F. ) ;
#744 =( GEOMETRIC_REPRESENTATION_CONTEXT ( 3 ) GLOBAL_UNCERTAINTY_ASSIGNED_CONTEXT ( ( #4175 ) ) GLOBAL_UNIT_ASSIGNED_CONTEXT ( ( #1825, #2319, #4129 ) ) REPRESENTATION_CONTEXT ( 'NONE', 'WORKASPACE' ) );
#745 = DIRECTION ( 'NONE',  ( 0.000000000000000000, 0.9999999999997846167, 6.564934470904793526E-07 ) ) ;
#746 = DIRECTION ( 'NONE',  ( 0.000000000000000000, 0.000000000000000000, 1.000000000000000000 ) ) ;
#747 = EDGE_CURVE ( 'NONE', #6061, #5857, #765, .T. ) ;
#748 = ADVANCED_FACE ( 'NONE', ( #1806 ), #6487, .T. ) ;
#749 = CARTESIAN_POINT ( 'NONE',  ( -1.999999999999998668, 0.1498999999999999777, -1.249999999999997780 ) ) ;
#750 = AXIS2_PLACEMENT_3D ( 'NONE', #5610, #3317, #6313 ) ;
#751 = EDGE_LOOP ( 'NONE', ( #3439, #5872, #984, #7443, #1385, #3862, #396, #3354, #832, #917, #2697, #6452, #5237, #29, #4725 ) ) ;
#752 = LINE ( 'NONE', #76, #89 ) ;
#753 = STYLED_ITEM ( 'NONE', ( #6752 ), #3992 ) ;
#754 = CARTESIAN_POINT ( 'NONE',  ( 0.000000000000000000, 0.1498999999999999777, 0.000000000000000000 ) ) ;
#755 = DIRECTION ( 'NONE',  ( -0.000000000000000000, -1.000000000000000000, -0.000000000000000000 ) ) ;
#756 = PRESENTATION_STYLE_ASSIGNMENT (( #6049 ) ) ;
#757 = COLOUR_RGB ( '',1.000000000000000000, 0.000000000000000000, 1.000000000000000000 ) ;
#758 = FILL_AREA_STYLE ('',( #3180 ) ) ;
#759 =( NAMED_UNIT ( * ) SI_UNIT ( $, .STERADIAN. ) SOLID_ANGLE_UNIT ( ) );
#760 = ORIENTED_EDGE ( 'NONE', *, *, #112, .F. ) ;
#761 = PRESENTATION_LAYER_ASSIGNMENT (  '', '', ( #4453 ) ) ;
#762 = VERTEX_POINT ( 'NONE', #6223 ) ;
#763 = SURFACE_STYLE_FILL_AREA ( #1912 ) ;
#764 = DIRECTION ( 'NONE',  ( -1.000000000000000000, 0.000000000000000000, -0.000000000000000000 ) ) ;
#765 = LINE ( 'NONE', #7274, #2805 ) ;
#766 = LINE ( 'NONE', #3643, #291 ) ;
#767 =( NAMED_UNIT ( * ) PLANE_ANGLE_UNIT ( ) SI_UNIT ( $, .RADIAN. ) );
#768 = FILL_AREA_STYLE ('',( #1355 ) ) ;
#769 = ORIENTED_EDGE ( 'NONE', *, *, #6021, .T. ) ;
#770 = STYLED_ITEM ( 'NONE', ( #5212 ), #4610 ) ;
#771 = LINE ( 'NONE', #6762, #5392 ) ;
#772 = ORIENTED_EDGE ( 'NONE', *, *, #835, .T. ) ;
#773 = MECHANICAL_DESIGN_GEOMETRIC_PRESENTATION_REPRESENTATION (  '', ( #16 ), #6338 ) ;
#774 = ORIENTED_EDGE ( 'NONE', *, *, #2207, .F. ) ;
#775 = LINE ( 'NONE', #5366, #1171 ) ;
#776 = CARTESIAN_POINT ( 'NONE',  ( 2.449999999999999734, 0.1499999999999999944, -2.050000000000000266 ) ) ;
#777 = SURFACE_STYLE_USAGE ( .BOTH. , #222 ) ;
#778 = DIRECTION ( 'NONE',  ( 0.000000000000000000, 0.000000000000000000, -1.000000000000000000 ) ) ;
#779 = ORIENTED_EDGE ( 'NONE', *, *, #6175, .T. ) ;
#780 = FACE_OUTER_BOUND ( 'NONE', #6638, .T. ) ;
#781 = DIRECTION ( 'NONE',  ( 4.818676322157800333E-16, 0.000000000000000000, -1.000000000000000000 ) ) ;
#782 = EDGE_CURVE ( 'NONE', #4325, #101, #910, .T. ) ;
#783 = VECTOR ( 'NONE', #270, 999.9999999999998863 ) ;
#784 = ADVANCED_FACE ( 'NONE', ( #7358 ), #848, .F. ) ;
#785 = EDGE_CURVE ( 'NONE', #1419, #5866, #6798, .T. ) ;
#786 = ORIENTED_EDGE ( 'NONE', *, *, #5362, .T. ) ;
#787 = FILL_AREA_STYLE_COLOUR ( '', #3073 ) ;
#788 = SURFACE_STYLE_FILL_AREA ( #6779 ) ;
#789 =( GEOMETRIC_REPRESENTATION_CONTEXT ( 3 ) GLOBAL_UNCERTAINTY_ASSIGNED_CONTEXT ( ( #6404 ) ) GLOBAL_UNIT_ASSIGNED_CONTEXT ( ( #5197, #1712, #5330 ) ) REPRESENTATION_CONTEXT ( 'NONE', 'WORKASPACE' ) );
#790 = EDGE_CURVE ( 'NONE', #2725, #6350, #3150, .T. ) ;
#791 = DIRECTION ( 'NONE',  ( 1.000000000000000000, -0.000000000000000000, -1.057758217059029964E-16 ) ) ;
#792 = FILL_AREA_STYLE_COLOUR ( '', #4847 ) ;
#793 = PRESENTATION_LAYER_ASSIGNMENT (  '', '', ( #3991 ) ) ;
#794 = LINE ( 'NONE', #1874, #6606 ) ;
#795 = FACE_OUTER_BOUND ( 'NONE', #6801, .T. ) ;
#796 = VERTEX_POINT ( 'NONE', #5101 ) ;
#797 = DIRECTION ( 'NONE',  ( 1.000000000000000000, 0.000000000000000000, 0.000000000000000000 ) ) ;
#798 = VERTEX_POINT ( 'NONE', #6759 ) ;
#799 = DIRECTION ( 'NONE',  ( 0.000000000000000000, 0.000000000000000000, -1.000000000000000000 ) ) ;
#800 = CARTESIAN_POINT ( 'NONE',  ( -2.499999999999998668, 0.1498999999999999777, 0.3500000000000000888 ) ) ;
#801 =( NAMED_UNIT ( * ) PLANE_ANGLE_UNIT ( ) SI_UNIT ( $, .RADIAN. ) );
#802 = LINE ( 'NONE', #1917, #1202 ) ;
#803 = MECHANICAL_DESIGN_GEOMETRIC_PRESENTATION_REPRESENTATION (  '', ( #437 ), #4755 ) ;
#804 = ORIENTED_EDGE ( 'NONE', *, *, #2021, .F. ) ;
#805 = AXIS2_PLACEMENT_3D ( 'NONE', #5771, #6808, #2662 ) ;
#806 = SURFACE_STYLE_USAGE ( .BOTH. , #1919 ) ;
#807 = ORIENTED_EDGE ( 'NONE', *, *, #4125, .F. ) ;
#808 = DIRECTION ( 'NONE',  ( 1.000000000000000000, 0.000000000000000000, -0.000000000000000000 ) ) ;
#809 = VECTOR ( 'NONE', #6713, 1000.000000000000000 ) ;
#810 = ORIENTED_EDGE ( 'NONE', *, *, #599, .F. ) ;
#811 = MECHANICAL_DESIGN_GEOMETRIC_PRESENTATION_REPRESENTATION (  '', ( #3149 ), #5631 ) ;
#812 = CARTESIAN_POINT ( 'NONE',  ( 3.349999999999999645, 0.6500000000000000222, -2.049989999999999757 ) ) ;
#813 = VERTEX_POINT ( 'NONE', #4948 ) ;
#814 = DIRECTION ( 'NONE',  ( 0.000000000000000000, -1.000000000000000000, 0.000000000000000000 ) ) ;
#815 = SURFACE_STYLE_USAGE ( .BOTH. , #1976 ) ;
#816 = EDGE_LOOP ( 'NONE', ( #2080, #6271, #7266, #4940, #165, #3297, #44, #678, #3170, #1198, #4043, #6836, #2345, #2043, #2022 ) ) ;
#817 = VERTEX_POINT ( 'NONE', #4304 ) ;
#818 = VECTOR ( 'NONE', #2809, 1000.000000000000000 ) ;
#819 = FILL_AREA_STYLE ('',( #5540 ) ) ;
#820 =( NAMED_UNIT ( * ) PLANE_ANGLE_UNIT ( ) SI_UNIT ( $, .RADIAN. ) );
#821 = VECTOR ( 'NONE', #221, 1000.000000000000000 ) ;
#822 = VECTOR ( 'NONE', #4102, 1000.000000000000000 ) ;
#823 = ORIENTED_EDGE ( 'NONE', *, *, #1611, .T. ) ;
#824 = PLANE ( 'NONE',  #3176 ) ;
#825 = CARTESIAN_POINT ( 'NONE',  ( -3.149999999999999911, 0.6999003282465632303, -0.4999997111430987129 ) ) ;
#826 = ADVANCED_FACE ( 'NONE', ( #6097 ), #2286, .T. ) ;
#827 = VECTOR ( 'NONE', #2311, 1000.000000000000000 ) ;
#828 = CARTESIAN_POINT ( 'NONE',  ( -1.999999999999999112, 0.1498999999999999777, -0.7499999999999978906 ) ) ;
#829 =( GEOMETRIC_REPRESENTATION_CONTEXT ( 3 ) GLOBAL_UNCERTAINTY_ASSIGNED_CONTEXT ( ( #1787 ) ) GLOBAL_UNIT_ASSIGNED_CONTEXT ( ( #1147, #6451, #1632 ) ) REPRESENTATION_CONTEXT ( 'NONE', 'WORKASPACE' ) );
#830 = LINE ( 'NONE', #5505, #695 ) ;
#831 = STYLED_ITEM ( 'NONE', ( #6920 ), #600 ) ;
#832 = ORIENTED_EDGE ( 'NONE', *, *, #3905, .F. ) ;
#833 = LINE ( 'NONE', #6707, #5375 ) ;
#834 = SURFACE_SIDE_STYLE ('',( #1298 ) ) ;
#835 = EDGE_CURVE ( 'NONE', #5455, #211, #3443, .T. ) ;
#836 =( NAMED_UNIT ( * ) PLANE_ANGLE_UNIT ( ) SI_UNIT ( $, .RADIAN. ) );
#837 = ADVANCED_FACE ( 'NONE', ( #5173 ), #5849, .F. ) ;
#838 = VERTEX_POINT ( 'NONE', #7589 ) ;
#839 = FILL_AREA_STYLE_COLOUR ( '', #2975 ) ;
#840 = PRESENTATION_LAYER_ASSIGNMENT (  '', '', ( #3406 ) ) ;
#841 = CARTESIAN_POINT ( 'NONE',  ( 3.149999999999999467, 0.6500000000000000222, -1.500001000000000140 ) ) ;
#842 = ADVANCED_FACE ( 'NONE', ( #5310 ), #2881, .T. ) ;
#843 = ADVANCED_FACE ( 'NONE', ( #151 ), #1944, .F. ) ;
#844 = COLOUR_RGB ( '',0.000000000000000000, 0.000000000000000000, 1.000000000000000000 ) ;
#845 = LINE ( 'NONE', #4421, #3893 ) ;
#846 = CARTESIAN_POINT ( 'NONE',  ( 0.2499999999999999445, 0.8000000000000000444, 2.449999999999999734 ) ) ;
#847 = SURFACE_SIDE_STYLE ('',( #2183 ) ) ;
#848 = PLANE ( 'NONE',  #4799 ) ;
#849 = DIRECTION ( 'NONE',  ( 0.9396926207859083169, 0.000000000000000000, -0.3420201433256691570 ) ) ;
#850 =( LENGTH_UNIT ( ) NAMED_UNIT ( * ) SI_UNIT ( .MILLI., .METRE. ) );
#851 = ORIENTED_EDGE ( 'NONE', *, *, #2956, .F. ) ;
#852 = AXIS2_PLACEMENT_3D ( 'NONE', #6700, #1939, #4972 ) ;
#853 = ORIENTED_EDGE ( 'NONE', *, *, #7167, .T. ) ;
#854 = VECTOR ( 'NONE', #814, 1000.000000000000000 ) ;
#855 = PRESENTATION_STYLE_ASSIGNMENT (( #2620 ) ) ;
#856 =( GEOMETRIC_REPRESENTATION_CONTEXT ( 3 ) GLOBAL_UNCERTAINTY_ASSIGNED_CONTEXT ( ( #7613 ) ) GLOBAL_UNIT_ASSIGNED_CONTEXT ( ( #2001, #330, #289 ) ) REPRESENTATION_CONTEXT ( 'NONE', 'WORKASPACE' ) );
#857 = FILL_AREA_STYLE_COLOUR ( '', #4813 ) ;
#858 = DIRECTION ( 'NONE',  ( 0.000000000000000000, 0.000000000000000000, 1.000000000000000000 ) ) ;
#859 = VERTEX_POINT ( 'NONE', #3560 ) ;
#860 = CARTESIAN_POINT ( 'NONE',  ( 0.000000000000000000, 0.1498999999999999777, -0.5000000000000000000 ) ) ;
#861 =( NAMED_UNIT ( * ) SI_UNIT ( $, .STERADIAN. ) SOLID_ANGLE_UNIT ( ) );
#862 = LINE ( 'NONE', #3208, #6624 ) ;
#863 = VECTOR ( 'NONE', #4376, 1000.000000000000000 ) ;
#864 = UNCERTAINTY_MEASURE_WITH_UNIT (LENGTH_MEASURE( 1.000000000000000082E-05 ), #6319, 'distance_accuracy_value', 'NONE');
#865 = PRESENTATION_LAYER_ASSIGNMENT (  '', '', ( #7678 ) ) ;
#866 = ORIENTED_EDGE ( 'NONE', *, *, #6460, .T. ) ;
#867 = LINE ( 'NONE', #3212, #4291 ) ;
#868 = DIRECTION ( 'NONE',  ( 0.000000000000000000, 1.000000000000000000, -0.000000000000000000 ) ) ;
#869 = DIRECTION ( 'NONE',  ( 1.000000000000000000, 0.000000000000000000, -1.016439536705160653E-16 ) ) ;
#870 = UNCERTAINTY_MEASURE_WITH_UNIT (LENGTH_MEASURE( 1.000000000000000082E-05 ), #7666, 'distance_accuracy_value', 'NONE');
#871 = CARTESIAN_POINT ( 'NONE',  ( 3.349900000000001210, 0.9000000000000000222, -2.050000000000000266 ) ) ;
#872 = SURFACE_SIDE_STYLE ('',( #4449 ) ) ;
#873 = FILL_AREA_STYLE ('',( #6174 ) ) ;
#874 = LINE ( 'NONE', #5551, #180 ) ;
#875 = ORIENTED_EDGE ( 'NONE', *, *, #2148, .F. ) ;
#876 = FACE_OUTER_BOUND ( 'NONE', #701, .T. ) ;
#877 = CARTESIAN_POINT ( 'NONE',  ( -0.9999999999999995559, 0.1498999999999999777, -0.7499999999999978906 ) ) ;
#878 = STYLED_ITEM ( 'NONE', ( #5909 ), #3984 ) ;
#879 = DIRECTION ( 'NONE',  ( -1.000000000000000000, 0.000000000000000000, 4.818676322157800333E-16 ) ) ;
#880 = ADVANCED_FACE ( 'NONE', ( #1293 ), #3130, .F. ) ;
#881 = SURFACE_STYLE_FILL_AREA ( #6187 ) ;
#882 = DIRECTION ( 'NONE',  ( 0.000000000000000000, -1.000000000000000000, 0.000000000000000000 ) ) ;
#883 = CARTESIAN_POINT ( 'NONE',  ( 2.499999999999999556, 0.1498999999999999777, 0.3500000000000002554 ) ) ;
#884 = EDGE_CURVE ( 'NONE', #3838, #6311, #1837, .T. ) ;
#885 = DIRECTION ( 'NONE',  ( 0.000000000000000000, -1.000000000000000000, 0.000000000000000000 ) ) ;
#886 = ORIENTED_EDGE ( 'NONE', *, *, #747, .T. ) ;
#887 = EDGE_CURVE ( 'NONE', #4555, #2192, #3628, .T. ) ;
#888 = STYLED_ITEM ( 'NONE', ( #4407 ), #4315 ) ;
#889 = DIRECTION ( 'NONE',  ( -0.000000000000000000, 1.000000000000000000, -0.000000000000000000 ) ) ;
#890 = ORIENTED_EDGE ( 'NONE', *, *, #1075, .T. ) ;
#891 = EDGE_CURVE ( 'NONE', #942, #1013, #1052, .T. ) ;
#892 = FILL_AREA_STYLE_COLOUR ( '', #4240 ) ;
#893 = SURFACE_STYLE_USAGE ( .BOTH. , #1560 ) ;
#894 =( NAMED_UNIT ( * ) PLANE_ANGLE_UNIT ( ) SI_UNIT ( $, .RADIAN. ) );
#895 = EDGE_LOOP ( 'NONE', ( #6217, #919, #1717 ) ) ;
#896 = DIRECTION ( 'NONE',  ( -1.000000000000000000, 0.000000000000000000, 0.000000000000000000 ) ) ;
#897 = PLANE ( 'NONE',  #1924 ) ;
#898 =( NAMED_UNIT ( * ) SI_UNIT ( $, .STERADIAN. ) SOLID_ANGLE_UNIT ( ) );
#899 = CARTESIAN_POINT ( 'NONE',  ( -0.2010090322181518063, 1.399989999999999846, 0.9499999999999998446 ) ) ;
#900 = SURFACE_SIDE_STYLE ('',( #3835 ) ) ;
#901 = CARTESIAN_POINT ( 'NONE',  ( -1.500000000000000000, -9.999999999994822059E-05, -0.4000000000000000222 ) ) ;
#902 = VERTEX_POINT ( 'NONE', #6668 ) ;
#903 = CARTESIAN_POINT ( 'NONE',  ( -3.349900000000001210, 0.9000000000000000222, 2.050000000000000266 ) ) ;
#904 = ORIENTED_EDGE ( 'NONE', *, *, #1735, .F. ) ;
#905 = CARTESIAN_POINT ( 'NONE',  ( -0.5000000000000004441, -0.0001000000000000000048, 0.3500000000000002554 ) ) ;
#906 = LINE ( 'NONE', #3757, #3174 ) ;
#907 = LINE ( 'NONE', #6139, #6616 ) ;
#908 = DIRECTION ( 'NONE',  ( 0.000000000000000000, 0.000000000000000000, 1.000000000000000000 ) ) ;
#909 = FACE_OUTER_BOUND ( 'NONE', #1522, .T. ) ;
#910 = LINE ( 'NONE', #800, #80 ) ;
#911 = CARTESIAN_POINT ( 'NONE',  ( 2.499999999999999556, 0.1498999999999999777, 0.3500000000000002554 ) ) ;
#912 = DIRECTION ( 'NONE',  ( -0.000000000000000000, 1.000000000000000000, -0.000000000000000000 ) ) ;
#913 = PLANE ( 'NONE',  #2067 ) ;
#914 = ORIENTED_EDGE ( 'NONE', *, *, #5704, .F. ) ;
#915 = EDGE_CURVE ( 'NONE', #3527, #4876, #3834, .T. ) ;
#916 = PLANE ( 'NONE',  #7133 ) ;
#917 = ORIENTED_EDGE ( 'NONE', *, *, #4653, .F. ) ;
#918 = DIRECTION ( 'NONE',  ( 0.000000000000000000, 0.000000000000000000, 1.000000000000000000 ) ) ;
#919 = ORIENTED_EDGE ( 'NONE', *, *, #2816, .T. ) ;
#920 = AXIS2_PLACEMENT_3D ( 'NONE', #2852, #7593, #4037 ) ;
#921 = CARTESIAN_POINT ( 'NONE',  ( 1.701009032218152806, 1.199999999999999956, -2.050000000000000266 ) ) ;
#922 = CARTESIAN_POINT ( 'NONE',  ( 3.149999999999999467, 0.6999999999999930722, 2.049990000000000645 ) ) ;
#923 = DIRECTION ( 'NONE',  ( 1.000000000000000000, 0.000000000000000000, -0.000000000000000000 ) ) ;
#924 = VERTEX_POINT ( 'NONE', #3791 ) ;
#925 = FILL_AREA_STYLE_COLOUR ( '', #993 ) ;
#926 = VECTOR ( 'NONE', #3582, 1000.000000000000000 ) ;
#927 = DIRECTION ( 'NONE',  ( -4.818676322157800333E-16, 0.000000000000000000, -1.000000000000000000 ) ) ;
#928 = EDGE_CURVE ( 'NONE', #4871, #1683, #6702, .T. ) ;
#929 = VECTOR ( 'NONE', #6563, 1000.000000000000000 ) ;
#930 = MECHANICAL_DESIGN_GEOMETRIC_PRESENTATION_REPRESENTATION (  '', ( #4253 ), #5870 ) ;
#931 = ORIENTED_EDGE ( 'NONE', *, *, #5969, .T. ) ;
#932 = STYLED_ITEM ( 'NONE', ( #4256 ), #2625 ) ;
#933 = PLANE ( 'NONE',  #3438 ) ;
#934 = DIRECTION ( 'NONE',  ( 0.000000000000000000, 0.000000000000000000, 1.000000000000000000 ) ) ;
#935 = AXIS2_PLACEMENT_3D ( 'NONE', #4032, #1179, #3515 ) ;
#936 = VECTOR ( 'NONE', #6529, 1000.000000000000000 ) ;
#937 = VERTEX_POINT ( 'NONE', #2602 ) ;
#938 = DIRECTION ( 'NONE',  ( 2.168404344971010594E-16, -0.000000000000000000, 1.000000000000000000 ) ) ;
#939 = STYLED_ITEM ( 'NONE', ( #5010 ), #1780 ) ;
#940 = CARTESIAN_POINT ( 'NONE',  ( -0.9999999999999995559, -0.0001000000000000000048, -1.249999999999997780 ) ) ;
#941 = CARTESIAN_POINT ( 'NONE',  ( -2.050000000000000266, 0.1499999999999999667, -2.050000000000000266 ) ) ;
#942 = VERTEX_POINT ( 'NONE', #6214 ) ;
#943 = SURFACE_STYLE_USAGE ( .BOTH. , #6330 ) ;
#944 = VECTOR ( 'NONE', #1921, 1000.000000000000114 ) ;
#945 = CARTESIAN_POINT ( 'NONE',  ( 2.250504516109076203, 1.199999999999999956, -1.850000000000000089 ) ) ;
#946 = VERTEX_POINT ( 'NONE', #871 ) ;
#947 = CARTESIAN_POINT ( 'NONE',  ( 0.000000000000000000, 0.1498999999999999777, -0.5000000000000000000 ) ) ;
#948 = AXIS2_PLACEMENT_3D ( 'NONE', #7216, #4065, #1141 ) ;
#949 = PLANE ( 'NONE',  #6731 ) ;
#950 = SURFACE_SIDE_STYLE ('',( #2291 ) ) ;
#951 = CARTESIAN_POINT ( 'NONE',  ( -3.350000000000000089, 0.000000000000000000, -2.050000000000000266 ) ) ;
#952 =( LENGTH_UNIT ( ) NAMED_UNIT ( * ) SI_UNIT ( .MILLI., .METRE. ) );
#953 = FACE_OUTER_BOUND ( 'NONE', #5459, .T. ) ;
#954 = ORIENTED_EDGE ( 'NONE', *, *, #3860, .F. ) ;
#955 = CARTESIAN_POINT ( 'NONE',  ( -1.701009032218152583, 1.199999999999999956, 2.050000000000000266 ) ) ;
#956 = MECHANICAL_DESIGN_GEOMETRIC_PRESENTATION_REPRESENTATION (  '', ( #4283 ), #1708 ) ;
#957 = ORIENTED_EDGE ( 'NONE', *, *, #1974, .T. ) ;
#958 = ORIENTED_EDGE ( 'NONE', *, *, #263, .T. ) ;
#959 = DIRECTION ( 'NONE',  ( 0.000000000000000000, -1.000000000000000000, 0.000000000000000000 ) ) ;
#960 = COLOUR_RGB ( '',1.000000000000000000, 0.5019607843137254832, 0.000000000000000000 ) ;
#961 = COLOUR_RGB ( '',1.000000000000000000, 0.5019607843137254832, 0.000000000000000000 ) ;
#962 = DIRECTION ( 'NONE',  ( 0.000000000000000000, 1.000000000000000000, 0.000000000000000000 ) ) ;
#963 = ORIENTED_EDGE ( 'NONE', *, *, #400, .T. ) ;
#964 = FILL_AREA_STYLE_COLOUR ( '', #723 ) ;
#965 = PRESENTATION_STYLE_ASSIGNMENT (( #1568 ) ) ;
#966 = CARTESIAN_POINT ( 'NONE',  ( 2.799999999999999822, 1.199999999999999956, -2.050000000000000266 ) ) ;
#967 = DIRECTION ( 'NONE',  ( 0.3420201433256691570, 0.000000000000000000, -0.9396926207859083169 ) ) ;
#968 = CIRCLE ( 'NONE', #5047, 0.2000000000066393113 ) ;
#969 = VECTOR ( 'NONE', #5005, 1000.000000000000000 ) ;
#970 = DIRECTION ( 'NONE',  ( 0.000000000000000000, 0.000000000000000000, 1.000000000000000000 ) ) ;
#971 = EDGE_CURVE ( 'NONE', #1768, #3194, #2636, .T. ) ;
#972 = EDGE_CURVE ( 'NONE', #3308, #4292, #4935, .T. ) ;
#973 = PRESENTATION_LAYER_ASSIGNMENT (  '', '', ( #7665 ) ) ;
#974 = ORIENTED_EDGE ( 'NONE', *, *, #6121, .F. ) ;
#975 = EDGE_CURVE ( 'NONE', #272, #2678, #3215, .T. ) ;
#976 = DIRECTION ( 'NONE',  ( 0.000000000000000000, 0.9999999999997846167, 6.564934470904793526E-07 ) ) ;
#977 = EDGE_CURVE ( 'NONE', #6053, #2673, #4973, .T. ) ;
#978 = CARTESIAN_POINT ( 'NONE',  ( 0.9999999999999995559, 0.1498999999999999777, -0.7499999999999978906 ) ) ;
#979 = ORIENTED_EDGE ( 'NONE', *, *, #6598, .F. ) ;
#980 = CARTESIAN_POINT ( 'NONE',  ( -3.149999999999997247, 1.400000000000005684, -1.500001000000000140 ) ) ;
#981 = UNCERTAINTY_MEASURE_WITH_UNIT (LENGTH_MEASURE( 1.000000000000000082E-05 ), #6677, 'distance_accuracy_value', 'NONE');
#982 = DIRECTION ( 'NONE',  ( 4.818676322157800333E-16, -0.000000000000000000, 1.000000000000000000 ) ) ;
#983 = LINE ( 'NONE', #5127, #3192 ) ;
#984 = ORIENTED_EDGE ( 'NONE', *, *, #4654, .T. ) ;
#985 =( NAMED_UNIT ( * ) SI_UNIT ( $, .STERADIAN. ) SOLID_ANGLE_UNIT ( ) );
#986 = EDGE_LOOP ( 'NONE', ( #3113, #1172, #4153, #1856 ) ) ;
#987 = DIRECTION ( 'NONE',  ( 0.000000000000000000, 1.000000000000000000, 0.000000000000000000 ) ) ;
#988 = VECTOR ( 'NONE', #3740, 1000.000000000000000 ) ;
#989 = CARTESIAN_POINT ( 'NONE',  ( -0.9999999999999995559, 0.1498999999999999777, -1.249999999999997780 ) ) ;
#990 = UNCERTAINTY_MEASURE_WITH_UNIT (LENGTH_MEASURE( 1.000000000000000082E-05 ), #286, 'distance_accuracy_value', 'NONE');
#991 =( NAMED_UNIT ( * ) PLANE_ANGLE_UNIT ( ) SI_UNIT ( $, .RADIAN. ) );
#992 = FILL_AREA_STYLE ('',( #7397 ) ) ;
#993 = COLOUR_RGB ( '',0.000000000000000000, 0.000000000000000000, 1.000000000000000000 ) ;
#994 = DIRECTION ( 'NONE',  ( 1.000000000000000000, 0.000000000000000000, 0.000000000000000000 ) ) ;
#995 = FILL_AREA_STYLE ('',( #3929 ) ) ;
#996 =( NAMED_UNIT ( * ) SI_UNIT ( $, .STERADIAN. ) SOLID_ANGLE_UNIT ( ) );
#997 = ORIENTED_EDGE ( 'NONE', *, *, #3698, .T. ) ;
#998 = PLANE ( 'NONE',  #6393 ) ;
#999 = ORIENTED_EDGE ( 'NONE', *, *, #6598, .T. ) ;
#1000 = CARTESIAN_POINT ( 'NONE',  ( 2.000000000000000000, 0.1498999999999999777, 0.8500000000000001998 ) ) ;
#1001 = EDGE_LOOP ( 'NONE', ( #3289, #5284, #7204, #6103 ) ) ;
#1002 = DIRECTION ( 'NONE',  ( 0.000000000000000000, -0.000000000000000000, 1.000000000000000000 ) ) ;
#1003 = LINE ( 'NONE', #417, #5651 ) ;
#1004 = SURFACE_STYLE_FILL_AREA ( #3974 ) ;
#1005 = AXIS2_PLACEMENT_3D ( 'NONE', #186, #5501, #348 ) ;
#1006 = ORIENTED_EDGE ( 'NONE', *, *, #648, .T. ) ;
#1007 = CARTESIAN_POINT ( 'NONE',  ( -3.149999999999999911, 0.6998999999998395394, 2.888567937336678780E-07 ) ) ;
#1008 = CARTESIAN_POINT ( 'NONE',  ( 2.799999999999999822, 1.199999999999999956, 2.050000000000000266 ) ) ;
#1009 = SURFACE_STYLE_FILL_AREA ( #1607 ) ;
#1010 = UNCERTAINTY_MEASURE_WITH_UNIT (LENGTH_MEASURE( 1.000000000000000082E-05 ), #5819, 'distance_accuracy_value', 'NONE');
#1011 = VECTOR ( 'NONE', #7026, 1000.000000000000000 ) ;
#1012 = CARTESIAN_POINT ( 'NONE',  ( 2.000000000000000000, 0.1498999999999999777, 0.3500000000000002554 ) ) ;
#1013 = VERTEX_POINT ( 'NONE', #5548 ) ;
#1014 = SURFACE_STYLE_USAGE ( .BOTH. , #3831 ) ;
#1015 = CARTESIAN_POINT ( 'NONE',  ( 1.000000000000000000, 0.1498999999999999777, 0.3500000000000002554 ) ) ;
#1016 = VERTEX_POINT ( 'NONE', #235 ) ;
#1017 = EDGE_CURVE ( 'NONE', #2032, #4520, #5007, .T. ) ;
#1018 = EDGE_CURVE ( 'NONE', #3433, #7159, #276, .T. ) ;
#1019 = CARTESIAN_POINT ( 'NONE',  ( 0.5000000000000000000, -0.0001000000000000000048, -0.7499999999999977796 ) ) ;
#1020 =( NAMED_UNIT ( * ) SI_UNIT ( $, .STERADIAN. ) SOLID_ANGLE_UNIT ( ) );
#1021 = ORIENTED_EDGE ( 'NONE', *, *, #504, .F. ) ;
#1022 = CARTESIAN_POINT ( 'NONE',  ( 1.000000000000000000, 0.1498999999999999777, 0.3500000000000002554 ) ) ;
#1023 = SURFACE_STYLE_USAGE ( .BOTH. , #4539 ) ;
#1024 = DIRECTION ( 'NONE',  ( -1.000000000000000000, 0.000000000000000000, -0.000000000000000000 ) ) ;
#1025 = EDGE_CURVE ( 'NONE', #7609, #6615, #7388, .T. ) ;
#1026 =( NAMED_UNIT ( * ) PLANE_ANGLE_UNIT ( ) SI_UNIT ( $, .RADIAN. ) );
#1027 = SURFACE_STYLE_FILL_AREA ( #7661 ) ;
#1028 = EDGE_CURVE ( 'NONE', #2725, #6230, #6017, .T. ) ;
#1029 = EDGE_CURVE ( 'NONE', #7640, #6860, #3844, .T. ) ;
#1030 = SURFACE_SIDE_STYLE ('',( #3850 ) ) ;
#1031 = CARTESIAN_POINT ( 'NONE',  ( -2.799999999999999822, 1.199999999999999956, -2.050000000000000266 ) ) ;
#1032 = CARTESIAN_POINT ( 'NONE',  ( -1.999999999999999112, 0.1498999999999999777, 0.3500000000000001443 ) ) ;
#1033 =( NAMED_UNIT ( * ) PLANE_ANGLE_UNIT ( ) SI_UNIT ( $, .RADIAN. ) );
#1034 = VERTEX_POINT ( 'NONE', #7396 ) ;
#1035 = EDGE_LOOP ( 'NONE', ( #6841, #4533, #5234, #6158 ) ) ;
#1036 = VECTOR ( 'NONE', #3431, 1000.000000000000000 ) ;
#1037 = EDGE_LOOP ( 'NONE', ( #4491, #7111, #1321, #4792 ) ) ;
#1038 = DIRECTION ( 'NONE',  ( 0.000000000000000000, 0.000000000000000000, -1.000000000000000000 ) ) ;
#1039 = ORIENTED_EDGE ( 'NONE', *, *, #1696, .T. ) ;
#1040 = PLANE ( 'NONE',  #5601 ) ;
#1041 =( NAMED_UNIT ( * ) SI_UNIT ( $, .STERADIAN. ) SOLID_ANGLE_UNIT ( ) );
#1042 = SURFACE_STYLE_FILL_AREA ( #3899 ) ;
#1043 = VERTEX_POINT ( 'NONE', #5096 ) ;
#1044 = SURFACE_SIDE_STYLE ('',( #3316 ) ) ;
#1045 = FACE_OUTER_BOUND ( 'NONE', #1160, .T. ) ;
#1046 = PRESENTATION_STYLE_ASSIGNMENT (( #3978 ) ) ;
#1047 = VECTOR ( 'NONE', #5957, 1000.000000000000000 ) ;
#1048 = ORIENTED_EDGE ( 'NONE', *, *, #4327, .T. ) ;
#1049 = COLOUR_RGB ( '',0.000000000000000000, 0.000000000000000000, 1.000000000000000000 ) ;
#1050 = VECTOR ( 'NONE', #3390, 1000.000000000000114 ) ;
#1051 = DIRECTION ( 'NONE',  ( -4.818676322157800333E-16, -0.000000000000000000, 1.000000000000000000 ) ) ;
#1052 = B_SPLINE_CURVE_WITH_KNOTS ( 'NONE', 3,
 ( #5923, #4856, #1795, #6516 ),
 .UNSPECIFIED., .F., .F.,
 ( 4, 4 ),
 ( 0.000000000000000000, 1.000000000000000000 ),
 .UNSPECIFIED. ) ;
#1053 = ORIENTED_EDGE ( 'NONE', *, *, #5935, .F. ) ;
#1054 = AXIS2_PLACEMENT_3D ( 'NONE', #1664, #2259, #1731 ) ;
#1055 = AXIS2_PLACEMENT_3D ( 'NONE', #6059, #7275, #6678 ) ;
#1056 = AXIS2_PLACEMENT_3D ( 'NONE', #4950, #1392, #251 ) ;
#1057 = DIRECTION ( 'NONE',  ( -0.3713906763541062750, -0.9284766908852583045, -0.000000000000000000 ) ) ;
#1058 = ORIENTED_EDGE ( 'NONE', *, *, #1504, .T. ) ;
#1059 = SURFACE_STYLE_USAGE ( .BOTH. , #2724 ) ;
#1060 = AXIS2_PLACEMENT_3D ( 'NONE', #5912, #5367, #6542 ) ;
#1062 = AXIS2_PLACEMENT_3D ( 'NONE', #3393, #7534, #3283 ) ;
#1061 =( GEOMETRIC_REPRESENTATION_CONTEXT ( 3 ) GLOBAL_UNCERTAINTY_ASSIGNED_CONTEXT ( ( #1476 ) ) GLOBAL_UNIT_ASSIGNED_CONTEXT ( ( #3068, #3139, #675 ) ) REPRESENTATION_CONTEXT ( 'NONE', 'WORKASPACE' ) );
#1063 = CARTESIAN_POINT ( 'NONE',  ( -3.350000000000000089, 0.1499999999999999667, 2.050000000000000266 ) ) ;
#1064 = FILL_AREA_STYLE_COLOUR ( '', #201 ) ;
#1065 = FACE_OUTER_BOUND ( 'NONE', #1640, .T. ) ;
#1066 = LINE ( 'NONE', #4034, #2742 ) ;
#1067 = VECTOR ( 'NONE', #1394, 1000.000000000000000 ) ;
#1068 = EDGE_CURVE ( 'NONE', #6671, #859, #6259, .T. ) ;
#1069 = PLANE ( 'NONE',  #1937 ) ;
#1070 = ADVANCED_FACE ( 'NONE', ( #3337 ), #7353, .F. ) ;
#1071 = CARTESIAN_POINT ( 'NONE',  ( -1.701009032218152806, 1.199999999999999956, -2.049900000000000500 ) ) ;
#1072 = VECTOR ( 'NONE', #2603, 1000.000000000000000 ) ;
#1073 = SURFACE_STYLE_USAGE ( .BOTH. , #2221 ) ;
#1074 = ORIENTED_EDGE ( 'NONE', *, *, #4957, .T. ) ;
#1075 = EDGE_CURVE ( 'NONE', #5721, #1813, #6184, .T. ) ;
#1076 = EDGE_CURVE ( 'NONE', #3938, #4772, #6754, .T. ) ;
#1077 = AXIS2_PLACEMENT_3D ( 'NONE', #1152, #3389, #7671 ) ;
#1078 = VERTEX_POINT ( 'NONE', #6905 ) ;
#1079 = DIRECTION ( 'NONE',  ( 0.000000000000000000, 1.000000000000000000, 0.000000000000000000 ) ) ;
#1080 = ORIENTED_EDGE ( 'NONE', *, *, #308, .F. ) ;
#1081 = FILL_AREA_STYLE ('',( #4591 ) ) ;
#1082 = PLANE ( 'NONE',  #2540 ) ;
#1083 = DIRECTION ( 'NONE',  ( -0.7071067811865464625, 0.7071067811865486830, 0.000000000000000000 ) ) ;
#1084 = LINE ( 'NONE', #7075, #3988 ) ;
#1085 = DIRECTION ( 'NONE',  ( -1.000000000000000000, 0.000000000000000000, -0.000000000000000000 ) ) ;
#1086 = VECTOR ( 'NONE', #6125, 1000.000000000000000 ) ;
#1087 = CARTESIAN_POINT ( 'NONE',  ( -3.149999999999999911, 0.6998999999998395394, 2.888567937336678780E-07 ) ) ;
#1088 = EDGE_LOOP ( 'NONE', ( #4952, #769, #380, #3258 ) ) ;
#1089 =( GEOMETRIC_REPRESENTATION_CONTEXT ( 3 ) GLOBAL_UNCERTAINTY_ASSIGNED_CONTEXT ( ( #870 ) ) GLOBAL_UNIT_ASSIGNED_CONTEXT ( ( #7666, #4736, #759 ) ) REPRESENTATION_CONTEXT ( 'NONE', 'WORKASPACE' ) );
#1090 = LINE ( 'NONE', #1670, #343 ) ;
#1091 = PLANE ( 'NONE',  #497 ) ;
#1092 = PRESENTATION_LAYER_ASSIGNMENT (  '', '', ( #4404 ) ) ;
#1093 = DIRECTION ( 'NONE',  ( -1.000000000000000000, 0.000000000000000000, 0.000000000000000000 ) ) ;
#1094 = PRESENTATION_LAYER_ASSIGNMENT (  '', '', ( #202 ) ) ;
#1095 = EDGE_LOOP ( 'NONE', ( #4590, #4069, #2855, #6847 ) ) ;
#1096 = COLOUR_RGB ( '',1.000000000000000000, 0.5019607843137254832, 0.000000000000000000 ) ;
#1097 = VECTOR ( 'NONE', #1334, 1000.000000000000000 ) ;
#1098 = PRESENTATION_STYLE_ASSIGNMENT (( #4093 ) ) ;
#1099 = CARTESIAN_POINT ( 'NONE',  ( 2.000000000000000444, -0.0001000000000000000048, -0.7499999999999978906 ) ) ;
#1100 = ORIENTED_EDGE ( 'NONE', *, *, #6972, .F. ) ;
#1101 = FILL_AREA_STYLE ('',( #1134 ) ) ;
#1102 = CARTESIAN_POINT ( 'NONE',  ( 0.9499999999999999556, 0.1499999999999999944, 2.949999999999999734 ) ) ;
#1103 = SURFACE_STYLE_USAGE ( .BOTH. , #6405 ) ;
#1104 =( LENGTH_UNIT ( ) NAMED_UNIT ( * ) SI_UNIT ( .MILLI., .METRE. ) );
#1105 = CIRCLE ( 'NONE', #6304, 0.4000000000000000222 ) ;
#1106 = DIRECTION ( 'NONE',  ( -0.000000000000000000, -1.000000000000000000, -0.000000000000000000 ) ) ;
#1107 = SURFACE_STYLE_USAGE ( .BOTH. , #5176 ) ;
#1108 = DIRECTION ( 'NONE',  ( 0.000000000000000000, -1.000000000000000000, 0.000000000000000000 ) ) ;
#1109 = CARTESIAN_POINT ( 'NONE',  ( -1.500000000000000000, -0.3000000000383806764, 0.000000000000000000 ) ) ;
#1110 = STYLED_ITEM ( 'NONE', ( #312 ), #3703 ) ;
#1111 = ORIENTED_EDGE ( 'NONE', *, *, #3456, .T. ) ;
#1112 = EDGE_CURVE ( 'NONE', #7394, #3706, #6221, .T. ) ;
#1113 = FACE_OUTER_BOUND ( 'NONE', #7366, .T. ) ;
#1114 = ORIENTED_EDGE ( 'NONE', *, *, #2242, .T. ) ;
#1115 = MECHANICAL_DESIGN_GEOMETRIC_PRESENTATION_REPRESENTATION (  '', ( #3442 ), #2715 ) ;
#1116 = DIRECTION ( 'NONE',  ( -0.000000000000000000, 1.000000000000000000, 0.000000000000000000 ) ) ;
#1117 = LINE ( 'NONE', #2369, #7387 ) ;
#1118 = EDGE_CURVE ( 'NONE', #1434, #1674, #3886, .T. ) ;
#1119 = CARTESIAN_POINT ( 'NONE',  ( -1.999999999999999112, -0.0001000000000000000048, -0.7499999999999980016 ) ) ;
#1120 = EDGE_CURVE ( 'NONE', #2164, #4883, #906, .T. ) ;
#1121 = CARTESIAN_POINT ( 'NONE',  ( 1.701009032218152139, 1.199999999999999956, 0.8499999999999998668 ) ) ;
#1122 =( LENGTH_UNIT ( ) NAMED_UNIT ( * ) SI_UNIT ( .MILLI., .METRE. ) );
#1123 = VERTEX_POINT ( 'NONE', #2644 ) ;
#1124 = COLOUR_RGB ( '',0.000000000000000000, 0.000000000000000000, 1.000000000000000000 ) ;
#1125 = DIRECTION ( 'NONE',  ( 1.000000000000000000, -0.000000000000000000, 0.000000000000000000 ) ) ;
#1126 = PRESENTATION_LAYER_ASSIGNMENT (  '', '', ( #122 ) ) ;
#1127 = ORIENTED_EDGE ( 'NONE', *, *, #15, .F. ) ;
#1128 = FILL_AREA_STYLE_COLOUR ( '', #4440 ) ;
#1129 = SURFACE_STYLE_FILL_AREA ( #7651 ) ;
#1130 = FACE_OUTER_BOUND ( 'NONE', #3071, .T. ) ;
#1131 = MECHANICAL_DESIGN_GEOMETRIC_PRESENTATION_REPRESENTATION (  '', ( #4453 ), #1993 ) ;
#1132 = CARTESIAN_POINT ( 'NONE',  ( 1.451009032218151917, 1.199999999999999956, 1.749999999999999778 ) ) ;
#1133 = UNCERTAINTY_MEASURE_WITH_UNIT (LENGTH_MEASURE( 1.000000000000000082E-05 ), #1808, 'distance_accuracy_value', 'NONE');
#1134 = FILL_AREA_STYLE_COLOUR ( '', #7038 ) ;
#1135 = DIRECTION ( 'NONE',  ( -0.000000000000000000, 1.000000000000000000, -0.000000000000000000 ) ) ;
#1136 = LINE ( 'NONE', #6511, #5898 ) ;
#1137 = DIRECTION ( 'NONE',  ( -7.885121045569205776E-16, 0.000000000000000000, -1.000000000000000000 ) ) ;
#1138 = VECTOR ( 'NONE', #5890, 1000.000000000000000 ) ;
#1139 = DIRECTION ( 'NONE',  ( -0.000000000000000000, 0.000000000000000000, -1.000000000000000000 ) ) ;
#1140 = UNCERTAINTY_MEASURE_WITH_UNIT (LENGTH_MEASURE( 1.000000000000000082E-05 ), #1747, 'distance_accuracy_value', 'NONE');
#1141 = DIRECTION ( 'NONE',  ( -4.818676322157800333E-16, 0.000000000000000000, 1.000000000000000000 ) ) ;
#1142 = DIRECTION ( 'NONE',  ( 0.000000000000000000, 1.000000000000000000, -0.000000000000000000 ) ) ;
#1143 = CYLINDRICAL_SURFACE ( 'NONE', #5503, 0.2000000000000000944 ) ;
#1144 = PLANE ( 'NONE',  #691 ) ;
#1145 = SURFACE_STYLE_FILL_AREA ( #5106 ) ;
#1146 = EDGE_LOOP ( 'NONE', ( #4286, #3816, #7652, #608, #786, #6789, #42, #6024, #5089, #6873 ) ) ;
#1147 =( LENGTH_UNIT ( ) NAMED_UNIT ( * ) SI_UNIT ( .MILLI., .METRE. ) );
#1148 = VERTEX_POINT ( 'NONE', #2107 ) ;
#1149 = COLOUR_RGB ( '',0.7960784313725489669, 0.8235294117647058432, 0.9372549019607843146 ) ;
#1150 =( LENGTH_UNIT ( ) NAMED_UNIT ( * ) SI_UNIT ( .MILLI., .METRE. ) );
#1151 = ORIENTED_EDGE ( 'NONE', *, *, #5884, .F. ) ;
#1152 = CARTESIAN_POINT ( 'NONE',  ( 0.2500000000000000000, 1.199999999999999956, 2.449999999999999734 ) ) ;
#1153 = CARTESIAN_POINT ( 'NONE',  ( -3.149999999999999911, 1.199999999999999956, 1.500000000000000000 ) ) ;
#1154 = FILL_AREA_STYLE_COLOUR ( '', #4889 ) ;
#1155 = DIRECTION ( 'NONE',  ( 0.000000000000000000, 0.000000000000000000, 1.000000000000000000 ) ) ;
#1156 = ORIENTED_EDGE ( 'NONE', *, *, #5841, .T. ) ;
#1157 = SURFACE_STYLE_FILL_AREA ( #1854 ) ;
#1158 = STYLED_ITEM ( 'NONE', ( #5255 ), #7521 ) ;
#1159 = SURFACE_STYLE_USAGE ( .BOTH. , #4632 ) ;
#1160 = EDGE_LOOP ( 'NONE', ( #425, #1891, #2656, #1970 ) ) ;
#1161 = DIRECTION ( 'NONE',  ( 1.000000000000000000, 0.000000000000000000, 0.000000000000000000 ) ) ;
#1162 =( NAMED_UNIT ( * ) SI_UNIT ( $, .STERADIAN. ) SOLID_ANGLE_UNIT ( ) );
#1163 = COLOUR_RGB ( '',0.7960784313725489669, 0.8235294117647058432, 0.9372549019607843146 ) ;
#1164 = EDGE_CURVE ( 'NONE', #1598, #6575, #5633, .T. ) ;
#1165 = EDGE_CURVE ( 'NONE', #4555, #1078, #4458, .T. ) ;
#1166 = EDGE_LOOP ( 'NONE', ( #6479, #3156, #2226, #6777 ) ) ;
#1167 = SURFACE_SIDE_STYLE ('',( #6470 ) ) ;
#1168 = MECHANICAL_DESIGN_GEOMETRIC_PRESENTATION_REPRESENTATION (  '', ( #4490 ), #7368 ) ;
#1169 = EDGE_CURVE ( 'NONE', #6403, #3398, #6137, .T. ) ;
#1170 = EDGE_CURVE ( 'NONE', #3585, #6681, #3186, .T. ) ;
#1171 = VECTOR ( 'NONE', #4877, 1000.000000000000000 ) ;
#1172 = ORIENTED_EDGE ( 'NONE', *, *, #2952, .T. ) ;
#1173 = CARTESIAN_POINT ( 'NONE',  ( 3.149999999999999467, 0.6499999999999930278, 2.049990000000000645 ) ) ;
#1174 = CARTESIAN_POINT ( 'NONE',  ( -3.149999999999999911, 0.6998999999998395394, 0.5000002888567937065 ) ) ;
#1175 = LINE ( 'NONE', #2987, #4329 ) ;
#1176 = VECTOR ( 'NONE', #1690, 1000.000000000000000 ) ;
#1177 = VECTOR ( 'NONE', #173, 1000.000000000000000 ) ;
#1178 = SURFACE_STYLE_USAGE ( .BOTH. , #2955 ) ;
#1179 = DIRECTION ( 'NONE',  ( 0.000000000000000000, 0.000000000000000000, 1.000000000000000000 ) ) ;
#1180 = FACE_OUTER_BOUND ( 'NONE', #3647, .T. ) ;
#1181 = FILL_AREA_STYLE_COLOUR ( '', #2536 ) ;
#1182 = AXIS2_PLACEMENT_3D ( 'NONE', #431, #7545, #3544 ) ;
#1183 = COLOUR_RGB ( '',0.000000000000000000, 0.000000000000000000, 1.000000000000000000 ) ;
#1184 = EDGE_LOOP ( 'NONE', ( #3364, #6195, #6308, #6392 ) ) ;
#1185 = DIRECTION ( 'NONE',  ( -0.000000000000000000, -1.000000000000000000, -0.000000000000000000 ) ) ;
#1186 = VECTOR ( 'NONE', #4356, 1000.000000000000000 ) ;
#1187 = ORIENTED_EDGE ( 'NONE', *, *, #3331, .T. ) ;
#1189 = COLOUR_RGB ( '',1.000000000000000000, 0.5019607843137254832, 0.000000000000000000 ) ;
#1188 = AXIS2_PLACEMENT_3D ( 'NONE', #93, #1913, #46 ) ;
#1190 = PLANE ( 'NONE',  #1054 ) ;
#1191 = DIRECTION ( 'NONE',  ( -0.000000000000000000, -0.000000000000000000, 1.000000000000000000 ) ) ;
#1192 = COLOUR_RGB ( '',0.7960784313725489669, 0.8235294117647058432, 0.9372549019607843146 ) ;
#1193 = LINE ( 'NONE', #19, #7608 ) ;
#1194 = DIRECTION ( 'NONE',  ( -0.000000000000000000, -0.000000000000000000, 1.000000000000000000 ) ) ;
#1195 = DIRECTION ( 'NONE',  ( -1.000000000000000000, 0.000000000000000000, 2.168404344971012566E-16 ) ) ;
#1196 = ORIENTED_EDGE ( 'NONE', *, *, #5566, .F. ) ;
#1197 = CARTESIAN_POINT ( 'NONE',  ( 0.000000000000000000, 0.000000000000000000, -2.049989999999999757 ) ) ;
#1198 = ORIENTED_EDGE ( 'NONE', *, *, #4662, .T. ) ;
#1199 =( NAMED_UNIT ( * ) SI_UNIT ( $, .STERADIAN. ) SOLID_ANGLE_UNIT ( ) );
#1200 = SURFACE_SIDE_STYLE ('',( #7677 ) ) ;
#1201 = CARTESIAN_POINT ( 'NONE',  ( 0.2500000000000000000, 0.8000000000000000444, 2.449999999999999734 ) ) ;
#1202 = VECTOR ( 'NONE', #3230, 1000.000000000000000 ) ;
#1203 = VECTOR ( 'NONE', #3054, 1000.000000000000000 ) ;
#1204 =( NAMED_UNIT ( * ) PLANE_ANGLE_UNIT ( ) SI_UNIT ( $, .RADIAN. ) );
#1205 = VECTOR ( 'NONE', #3452, 1000.000000000000000 ) ;
#1206 = COLOUR_RGB ( '',1.000000000000000000, 0.000000000000000000, 1.000000000000000000 ) ;
#1207 = ORIENTED_EDGE ( 'NONE', *, *, #405, .T. ) ;
#1208 = FILL_AREA_STYLE ('',( #4130 ) ) ;
#1209 = PRESENTATION_LAYER_ASSIGNMENT (  '', '', ( #1610 ) ) ;
#1210 = COLOUR_RGB ( '',0.7960784313725489669, 0.8235294117647058432, 0.9372549019607843146 ) ;
#1211 = DIRECTION ( 'NONE',  ( -0.000000000000000000, -1.000000000000000000, -0.000000000000000000 ) ) ;
#1212 = MECHANICAL_DESIGN_GEOMETRIC_PRESENTATION_REPRESENTATION (  '', ( #6895 ), #2815 ) ;
#1213 = ADVANCED_FACE ( 'NONE', ( #5329 ), #2974, .F. ) ;
#1214 = EDGE_CURVE ( 'NONE', #3077, #1832, #4803, .T. ) ;
#1215 = CARTESIAN_POINT ( 'NONE',  ( -3.149999999999999467, 0.6500000000000000222, -1.500001000000000140 ) ) ;
#1216 = PRESENTATION_LAYER_ASSIGNMENT (  '', '', ( #338 ) ) ;
#1217 = ADVANCED_FACE ( 'NONE', ( #7157 ), #2346, .T. ) ;
#1218 = EDGE_CURVE ( 'NONE', #6053, #937, #5609, .T. ) ;
#1219 = FACE_OUTER_BOUND ( 'NONE', #2013, .T. ) ;
#1220 = FACE_OUTER_BOUND ( 'NONE', #3732, .T. ) ;
#1221 = FACE_OUTER_BOUND ( 'NONE', #5337, .T. ) ;
#1222 = STYLED_ITEM ( 'NONE', ( #7162 ), #1460 ) ;
#1223 = COLOUR_RGB ( '',0.000000000000000000, 0.000000000000000000, 1.000000000000000000 ) ;
#1224 = LINE ( 'NONE', #4143, #4900 ) ;
#1225 = UNCERTAINTY_MEASURE_WITH_UNIT (LENGTH_MEASURE( 1.000000000000000082E-05 ), #7598, 'distance_accuracy_value', 'NONE');
#1226 = FACE_BOUND ( 'NONE', #7668, .T. ) ;
#1227 = PLANE ( 'NONE',  #1234 ) ;
#1228 = CLOSED_SHELL ( 'NONE', ( #2771, #593, #3366, #6982, #5615, #4568, #3501, #6183 ) ) ;
#1229 = SURFACE_STYLE_FILL_AREA ( #2335 ) ;
#1230 = VERTEX_POINT ( 'NONE', #7289 ) ;
#1231 = FILL_AREA_STYLE_COLOUR ( '', #5269 ) ;
#1232 = ORIENTED_EDGE ( 'NONE', *, *, #5969, .F. ) ;
#1233 = FILL_AREA_STYLE_COLOUR ( '', #5637 ) ;
#1234 = AXIS2_PLACEMENT_3D ( 'NONE', #7217, #7182, #674 ) ;
#1235 = SURFACE_SIDE_STYLE ('',( #6530 ) ) ;
#1236 = LINE ( 'NONE', #7599, #412 ) ;
#1237 = SURFACE_SIDE_STYLE ('',( #3575 ) ) ;
#1238 = ORIENTED_EDGE ( 'NONE', *, *, #4963, .T. ) ;
#1239 = CARTESIAN_POINT ( 'NONE',  ( -0.5000000000000004441, 0.1498999999999999777, 0.3500000000000002554 ) ) ;
#1240 = ORIENTED_EDGE ( 'NONE', *, *, #2523, .F. ) ;
#1241 = CARTESIAN_POINT ( 'NONE',  ( 3.149999999999999911, 1.399999999999999911, 2.050000000000000266 ) ) ;
#1242 = AXIS2_PLACEMENT_3D ( 'NONE', #5879, #2943, #5231 ) ;
#1243 = VERTEX_POINT ( 'NONE', #860 ) ;
#1244 = VECTOR ( 'NONE', #1135, 1000.000000000000000 ) ;
#1245 = DIRECTION ( 'NONE',  ( 0.000000000000000000, 1.000000000000000000, 0.000000000000000000 ) ) ;
#1246 = ORIENTED_EDGE ( 'NONE', *, *, #3042, .T. ) ;
#1247 = PLANE ( 'NONE',  #3199 ) ;
#1248 = FACE_OUTER_BOUND ( 'NONE', #429, .T. ) ;
#1249 = CARTESIAN_POINT ( 'NONE',  ( -1.999999999999999112, 0.1498999999999999777, 0.3500000000000001443 ) ) ;
#1250 = UNCERTAINTY_MEASURE_WITH_UNIT (LENGTH_MEASURE( 1.000000000000000082E-05 ), #4979, 'distance_accuracy_value', 'NONE');
#1251 = COLOUR_RGB ( '',0.7960784313725489669, 0.8235294117647058432, 0.9372549019607843146 ) ;
#1252 = CARTESIAN_POINT ( 'NONE',  ( 2.499999999999999556, 0.1498999999999999777, 0.8500000000000003109 ) ) ;
#1253 =( NAMED_UNIT ( * ) SI_UNIT ( $, .STERADIAN. ) SOLID_ANGLE_UNIT ( ) );
#1254 = DIRECTION ( 'NONE',  ( 0.000000000000000000, -0.000000000000000000, 1.000000000000000000 ) ) ;
#1255 = EDGE_CURVE ( 'NONE', #838, #762, #3205, .T. ) ;
#1256 = CARTESIAN_POINT ( 'NONE',  ( 2.800004999999999633, 1.399994999999999878, 1.500000500000000292 ) ) ;
#1257 = EDGE_CURVE ( 'NONE', #2537, #145, #1367, .T. ) ;
#1258 = EDGE_CURVE ( 'NONE', #1886, #1016, #6693, .T. ) ;
#1259 = COLOUR_RGB ( '',1.000000000000000000, 0.5019607843137254832, 0.000000000000000000 ) ;
#1260 = FACE_BOUND ( 'NONE', #4152, .T. ) ;
#1261 = FACE_OUTER_BOUND ( 'NONE', #3829, .T. ) ;
#1262 = CARTESIAN_POINT ( 'NONE',  ( 0.2499999999999994726, 1.199999999999999956, 1.749999999999998890 ) ) ;
#1263 = LINE ( 'NONE', #4147, #2279 ) ;
#1264 = CARTESIAN_POINT ( 'NONE',  ( 0.09999999999999829858, 2.899999999999999911, 0.9499999999999998446 ) ) ;
#1265 = ADVANCED_FACE ( 'NONE', ( #1404 ), #4396, .F. ) ;
#1266 = ORIENTED_EDGE ( 'NONE', *, *, #63, .F. ) ;
#1267 = ADVANCED_FACE ( 'NONE', ( #742 ), #2506, .F. ) ;
#1268 = ORIENTED_EDGE ( 'NONE', *, *, #5093, .T. ) ;
#1269 = FILL_AREA_STYLE_COLOUR ( '', #4014 ) ;
#1270 = CARTESIAN_POINT ( 'NONE',  ( 2.050000000000000266, 0.000000000000000000, 2.949999999999999734 ) ) ;
#1271 =( LENGTH_UNIT ( ) NAMED_UNIT ( * ) SI_UNIT ( .MILLI., .METRE. ) );
#1272 = FILL_AREA_STYLE ('',( #7152 ) ) ;
#1273 = PLANE ( 'NONE',  #6379 ) ;
#1274 = CARTESIAN_POINT ( 'NONE',  ( -2.499999999999998224, 0.1498999999999999777, -0.7499999999999977796 ) ) ;
#1275 = ORIENTED_EDGE ( 'NONE', *, *, #884, .T. ) ;
#1276 = FILL_AREA_STYLE_COLOUR ( '', #7284 ) ;
#1277 = ORIENTED_EDGE ( 'NONE', *, *, #4036, .F. ) ;
#1278 = FILL_AREA_STYLE_COLOUR ( '', #4645 ) ;
#1279 = ORIENTED_EDGE ( 'NONE', *, *, #2200, .F. ) ;
#1280 = LINE ( 'NONE', #6066, #7373 ) ;
#1281 = DIRECTION ( 'NONE',  ( 0.000000000000000000, 1.000000000000000000, 0.000000000000000000 ) ) ;
#1282 = DIRECTION ( 'NONE',  ( 8.659560562354932858E-17, 0.7071067811865474617, -0.7071067811865474617 ) ) ;
#1283 =( GEOMETRIC_REPRESENTATION_CONTEXT ( 3 ) GLOBAL_UNCERTAINTY_ASSIGNED_CONTEXT ( ( #5465 ) ) GLOBAL_UNIT_ASSIGNED_CONTEXT ( ( #5150, #1599, #5726 ) ) REPRESENTATION_CONTEXT ( 'NONE', 'WORKASPACE' ) );
#1284 = EDGE_LOOP ( 'NONE', ( #2642, #2069, #6534, #4666 ) ) ;
#1285 = DIRECTION ( 'NONE',  ( 0.000000000000000000, -0.000000000000000000, 1.000000000000000000 ) ) ;
#1286 = CARTESIAN_POINT ( 'NONE',  ( -1.500000000000000000, -0.4999999999881765689, 0.1999999999497958925 ) ) ;
#1287 = CIRCLE ( 'NONE', #6712, 0.4000000000000000222 ) ;
#1288 = ORIENTED_EDGE ( 'NONE', *, *, #1870, .F. ) ;
#1289 = DIRECTION ( 'NONE',  ( -2.857224491130961656E-05, -0.9999999995918134044, 0.000000000000000000 ) ) ;
#1290 = VECTOR ( 'NONE', #1849, 1000.000000000000114 ) ;
#1291 = AXIS2_PLACEMENT_3D ( 'NONE', #2416, #732, #5440 ) ;
#1292 = DIRECTION ( 'NONE',  ( 2.710505431213761578E-16, -0.000000000000000000, -1.000000000000000000 ) ) ;
#1293 = FACE_OUTER_BOUND ( 'NONE', #1991, .T. ) ;
#1294 = PRESENTATION_STYLE_ASSIGNMENT (( #120 ) ) ;
#1295 = PRESENTATION_LAYER_ASSIGNMENT (  '', '', ( #3261 ) ) ;
#1296 =( NAMED_UNIT ( * ) SI_UNIT ( $, .STERADIAN. ) SOLID_ANGLE_UNIT ( ) );
#1297 = CARTESIAN_POINT ( 'NONE',  ( -3.149999999999999911, 0.3899333333332263285, -2.049989999999999757 ) ) ;
#1298 = SURFACE_STYLE_FILL_AREA ( #1343 ) ;
#1299 = VERTEX_POINT ( 'NONE', #5073 ) ;
#1300 =( GEOMETRIC_REPRESENTATION_CONTEXT ( 3 ) GLOBAL_UNCERTAINTY_ASSIGNED_CONTEXT ( ( #6795 ) ) GLOBAL_UNIT_ASSIGNED_CONTEXT ( ( #2410, #5864, #528 ) ) REPRESENTATION_CONTEXT ( 'NONE', 'WORKASPACE' ) );
#1301 = EDGE_LOOP ( 'NONE', ( #5257, #7156, #6578, #4748 ) ) ;
#1302 = EDGE_CURVE ( 'NONE', #3010, #3471, #1604, .T. ) ;
#1303 = FILL_AREA_STYLE_COLOUR ( '', #5259 ) ;
#1304 = ADVANCED_FACE ( 'NONE', ( #1641 ), #496, .F. ) ;
#1305 = AXIS2_PLACEMENT_3D ( 'NONE', #682, #5432, #3031 ) ;
#1306 = FACE_OUTER_BOUND ( 'NONE', #6819, .T. ) ;
#1307 = MECHANICAL_DESIGN_GEOMETRIC_PRESENTATION_REPRESENTATION (  '', ( #6618 ), #6992 ) ;
#1308 = LINE ( 'NONE', #3074, #7138 ) ;
#1309 = LINE ( 'NONE', #1881, #6482 ) ;
#1310 = VECTOR ( 'NONE', #559, 1000.000000000000000 ) ;
#1311 = VERTEX_POINT ( 'NONE', #4477 ) ;
#1312 = EDGE_CURVE ( 'NONE', #3004, #4993, #3976, .T. ) ;
#1313 =( NAMED_UNIT ( * ) SI_UNIT ( $, .STERADIAN. ) SOLID_ANGLE_UNIT ( ) );
#1314 = ORIENTED_EDGE ( 'NONE', *, *, #5045, .F. ) ;
#1315 = EDGE_CURVE ( 'NONE', #5622, #257, #1090, .T. ) ;
#1316 = SURFACE_STYLE_USAGE ( .BOTH. , #6611 ) ;
#1317 = MECHANICAL_DESIGN_GEOMETRIC_PRESENTATION_REPRESENTATION (  '', ( #3504 ), #4511 ) ;
#1318 = LINE ( 'NONE', #6258, #189 ) ;
#1320 =( GEOMETRIC_REPRESENTATION_CONTEXT ( 3 ) GLOBAL_UNCERTAINTY_ASSIGNED_CONTEXT ( ( #2937 ) ) GLOBAL_UNIT_ASSIGNED_CONTEXT ( ( #2471, #7332, #6695 ) ) REPRESENTATION_CONTEXT ( 'NONE', 'WORKASPACE' ) );
#1319 = VECTOR ( 'NONE', #17, 1000.000000000000000 ) ;
#1321 = ORIENTED_EDGE ( 'NONE', *, *, #7566, .F. ) ;
#1322 = SURFACE_SIDE_STYLE ('',( #2588 ) ) ;
#1323 = VERTEX_POINT ( 'NONE', #1567 ) ;
#1324 = PLANE ( 'NONE',  #2497 ) ;
#1325 = CARTESIAN_POINT ( 'NONE',  ( 1.500000000000000000, -0.3000000000383806764, 0.000000000000000000 ) ) ;
#1326 = MECHANICAL_DESIGN_GEOMETRIC_PRESENTATION_REPRESENTATION (  '', ( #5028 ), #3777 ) ;
#1327 = VERTEX_POINT ( 'NONE', #3428 ) ;
#1328 = ORIENTED_EDGE ( 'NONE', *, *, #3096, .F. ) ;
#1329 = DIRECTION ( 'NONE',  ( 0.000000000000000000, 1.000000000000000000, 0.000000000000000000 ) ) ;
#1330 = CARTESIAN_POINT ( 'NONE',  ( -3.149999999999999467, 0.6999999999999995115, 2.050000000000000266 ) ) ;
#1331 = COLOUR_RGB ( '',1.000000000000000000, 0.000000000000000000, 1.000000000000000000 ) ;
#1332 = LINE ( 'NONE', #2019, #7603 ) ;
#1333 = ORIENTED_EDGE ( 'NONE', *, *, #1965, .F. ) ;
#1334 = DIRECTION ( 'NONE',  ( 1.000000000000000000, -0.000000000000000000, -1.057758217059029964E-16 ) ) ;
#1335 = AXIS2_PLACEMENT_3D ( 'NONE', #754, #5340, #6086 ) ;
#1336 = CARTESIAN_POINT ( 'NONE',  ( 2.000000000000000444, 0.1498999999999999777, -0.7499999999999978906 ) ) ;
#1337 = PRESENTATION_LAYER_ASSIGNMENT (  '', '', ( #4283 ) ) ;
#1338 = FILL_AREA_STYLE_COLOUR ( '', #5278 ) ;
#1339 = AXIS2_PLACEMENT_3D ( 'NONE', #1709, #4884, #896 ) ;
#1340 = CARTESIAN_POINT ( 'NONE',  ( 0.2500000000000000000, 1.199999999999999956, 1.750000000000000000 ) ) ;
#1341 = DIRECTION ( 'NONE',  ( 0.000000000000000000, 1.000000000000000000, 0.000000000000000000 ) ) ;
#1342 = FACE_OUTER_BOUND ( 'NONE', #7071, .T. ) ;
#1343 = FILL_AREA_STYLE ('',( #4938 ) ) ;
#1344 =( NAMED_UNIT ( * ) PLANE_ANGLE_UNIT ( ) SI_UNIT ( $, .RADIAN. ) );
#1345 = ORIENTED_EDGE ( 'NONE', *, *, #5198, .T. ) ;
#1346 =( GEOMETRIC_REPRESENTATION_CONTEXT ( 3 ) GLOBAL_UNCERTAINTY_ASSIGNED_CONTEXT ( ( #1777 ) ) GLOBAL_UNIT_ASSIGNED_CONTEXT ( ( #2199, #5653, #4563 ) ) REPRESENTATION_CONTEXT ( 'NONE', 'WORKASPACE' ) );
#1347 = AXIS2_PLACEMENT_3D ( 'NONE', #7567, #5618, #2306 ) ;
#1348 = ORIENTED_EDGE ( 'NONE', *, *, #5702, .T. ) ;
#1349 = PRESENTATION_STYLE_ASSIGNMENT (( #2530 ) ) ;
#1350 = MECHANICAL_DESIGN_GEOMETRIC_PRESENTATION_REPRESENTATION (  '', ( #7291 ), #3936 ) ;
#1351 = DIRECTION ( 'NONE',  ( 1.000000000000000000, 0.000000000000000000, 0.000000000000000000 ) ) ;
#1352 = LINE ( 'NONE', #2967, #6632 ) ;
#1353 =( NAMED_UNIT ( * ) SI_UNIT ( $, .STERADIAN. ) SOLID_ANGLE_UNIT ( ) );
#1354 = SURFACE_STYLE_USAGE ( .BOTH. , #1999 ) ;
#1355 = FILL_AREA_STYLE_COLOUR ( '', #5160 ) ;
#1356 = ORIENTED_EDGE ( 'NONE', *, *, #6793, .F. ) ;
#1357 = ORIENTED_EDGE ( 'NONE', *, *, #3427, .T. ) ;
#1358 = CARTESIAN_POINT ( 'NONE',  ( -3.149999999999999467, 0.6999999999999999556, -2.049989999999999757 ) ) ;
#1359 = ORIENTED_EDGE ( 'NONE', *, *, #4759, .T. ) ;
#1360 = STYLED_ITEM ( 'NONE', ( #6745 ), #4766 ) ;
#1361 = EDGE_CURVE ( 'NONE', #524, #6719, #968, .T. ) ;
#1362 = ADVANCED_FACE ( 'NONE', ( #2783 ), #3943, .F. ) ;
#1363 = EDGE_LOOP ( 'NONE', ( #3191, #810, #1333, #2751 ) ) ;
#1364 = PLANE ( 'NONE',  #3155 ) ;
#1365 = DIRECTION ( 'NONE',  ( -1.000000000000000000, -0.000000000000000000, -1.057758217059029964E-16 ) ) ;
#1366 = ORIENTED_EDGE ( 'NONE', *, *, #5232, .F. ) ;
#1367 = LINE ( 'NONE', #4359, #716 ) ;
#1368 = DIRECTION ( 'NONE',  ( -1.000000000000000000, 0.000000000000000000, 0.000000000000000000 ) ) ;
#1369 = PRESENTATION_LAYER_ASSIGNMENT (  '', '', ( #2710 ) ) ;
#1370 = CARTESIAN_POINT ( 'NONE',  ( 2.800004999999999633, 1.399994999999999878, 1.500000500000000292 ) ) ;
#1371 = EDGE_CURVE ( 'NONE', #524, #6673, #6032, .T. ) ;
#1372 = PLANE ( 'NONE',  #7471 ) ;
#1373 = VECTOR ( 'NONE', #704, 1000.000000000000000 ) ;
#1374 = ORIENTED_EDGE ( 'NONE', *, *, #971, .F. ) ;
#1375 = LINE ( 'NONE', #3670, #1097 ) ;
#1376 = LINE ( 'NONE', #233, #253 ) ;
#1377 = COLOUR_RGB ( '',1.000000000000000000, 0.000000000000000000, 1.000000000000000000 ) ;
#1378 = DIRECTION ( 'NONE',  ( 0.000000000000000000, -0.000000000000000000, 1.000000000000000000 ) ) ;
#1379 = DIRECTION ( 'NONE',  ( -1.000000000000000000, -0.000000000000000000, -0.000000000000000000 ) ) ;
#1380 = DIRECTION ( 'NONE',  ( -0.000000000000000000, 0.000000000000000000, -1.000000000000000000 ) ) ;
#1381 =( GEOMETRIC_REPRESENTATION_CONTEXT ( 3 ) GLOBAL_UNCERTAINTY_ASSIGNED_CONTEXT ( ( #1691 ) ) GLOBAL_UNIT_ASSIGNED_CONTEXT ( ( #3832, #3102, #6046 ) ) REPRESENTATION_CONTEXT ( 'NONE', 'WORKASPACE' ) );
#1382 = DIRECTION ( 'NONE',  ( 0.000000000000000000, -0.000000000000000000, 1.000000000000000000 ) ) ;
#1383 = FACE_OUTER_BOUND ( 'NONE', #6343, .T. ) ;
#1384 = CARTESIAN_POINT ( 'NONE',  ( 0.2999999999999999889, 2.899999999999999911, 1.750000000000000000 ) ) ;
#1385 = ORIENTED_EDGE ( 'NONE', *, *, #6885, .T. ) ;
#1386 =( GEOMETRIC_REPRESENTATION_CONTEXT ( 3 ) GLOBAL_UNCERTAINTY_ASSIGNED_CONTEXT ( ( #204 ) ) GLOBAL_UNIT_ASSIGNED_CONTEXT ( ( #7250, #109, #7206 ) ) REPRESENTATION_CONTEXT ( 'NONE', 'WORKASPACE' ) );
#1387 = ORIENTED_EDGE ( 'NONE', *, *, #1302, .T. ) ;
#1388 = CARTESIAN_POINT ( 'NONE',  ( -1.500000000000000000, -0.3000000000383806764, 0.3999999999564352038 ) ) ;
#1389 = CARTESIAN_POINT ( 'NONE',  ( 2.800004999999999633, 1.399994999999999878, -1.500000500000000292 ) ) ;
#1390 = DIRECTION ( 'NONE',  ( -0.000000000000000000, -1.000000000000000000, -0.000000000000000000 ) ) ;
#1391 =( NAMED_UNIT ( * ) PLANE_ANGLE_UNIT ( ) SI_UNIT ( $, .RADIAN. ) );
#1392 = DIRECTION ( 'NONE',  ( -0.000000000000000000, 1.000000000000000000, 0.000000000000000000 ) ) ;
#1393 = ORIENTED_EDGE ( 'NONE', *, *, #975, .T. ) ;
#1394 = DIRECTION ( 'NONE',  ( -0.000000000000000000, -1.000000000000000000, -0.000000000000000000 ) ) ;
#1395 = COLOUR_RGB ( '',1.000000000000000000, 0.5019607843137254832, 0.000000000000000000 ) ;
#1396 = VERTEX_POINT ( 'NONE', #3086 ) ;
#1397 = FACE_OUTER_BOUND ( 'NONE', #6773, .T. ) ;
#1398 = ORIENTED_EDGE ( 'NONE', *, *, #3047, .F. ) ;
#1399 = SURFACE_STYLE_USAGE ( .BOTH. , #3118 ) ;
#1400 = CARTESIAN_POINT ( 'NONE',  ( 0.9999999999999995559, 0.1498999999999999777, -1.249999999999997780 ) ) ;
#1401 = EDGE_CURVE ( 'NONE', #5054, #1715, #6071, .T. ) ;
#1402 = CARTESIAN_POINT ( 'NONE',  ( -3.149999999999999911, 0.2599003282466580411, -0.5000000000002154943 ) ) ;
#1403 = ORIENTED_EDGE ( 'NONE', *, *, #3425, .F. ) ;
#1404 = FACE_OUTER_BOUND ( 'NONE', #4273, .T. ) ;
#1405 = ORIENTED_EDGE ( 'NONE', *, *, #1563, .F. ) ;
#1406 =( NAMED_UNIT ( * ) SI_UNIT ( $, .STERADIAN. ) SOLID_ANGLE_UNIT ( ) );
#1407 = CARTESIAN_POINT ( 'NONE',  ( 0.9499999999999999556, 0.000000000000000000, 2.949999999999999734 ) ) ;
#1408 = EDGE_CURVE ( 'NONE', #2663, #7346, #698, .T. ) ;
#1409 = PRESENTATION_LAYER_ASSIGNMENT (  '', '', ( #7214 ) ) ;
#1410 = EDGE_CURVE ( 'NONE', #6010, #225, #6108, .T. ) ;
#1411 = ORIENTED_EDGE ( 'NONE', *, *, #1779, .T. ) ;
#1412 = DIRECTION ( 'NONE',  ( 1.807003620809173646E-16, 0.000000000000000000, -1.000000000000000000 ) ) ;
#1413 = EDGE_CURVE ( 'NONE', #1299, #563, #738, .T. ) ;
#1414 = CARTESIAN_POINT ( 'NONE',  ( 0.2500000000000004441, 0.8000000000000000444, 1.750000000000000000 ) ) ;
#1415 = EDGE_CURVE ( 'NONE', #615, #1967, #2502, .T. ) ;
#1416 = VECTOR ( 'NONE', #3487, 1000.000000000000114 ) ;
#1417 = DIRECTION ( 'NONE',  ( -2.710505431213760099E-16, -0.000000000000000000, 1.000000000000000000 ) ) ;
#1418 = DIRECTION ( 'NONE',  ( 0.000000000000000000, -1.000000000000000000, 0.000000000000000000 ) ) ;
#1419 = VERTEX_POINT ( 'NONE', #2422 ) ;
#1420 = ORIENTED_EDGE ( 'NONE', *, *, #4179, .F. ) ;
#1421 = SURFACE_SIDE_STYLE ('',( #6711 ) ) ;
#1422 =( GEOMETRIC_REPRESENTATION_CONTEXT ( 3 ) GLOBAL_UNCERTAINTY_ASSIGNED_CONTEXT ( ( #475 ) ) GLOBAL_UNIT_ASSIGNED_CONTEXT ( ( #5574, #7365, #3236 ) ) REPRESENTATION_CONTEXT ( 'NONE', 'WORKASPACE' ) );
#1423 = DIRECTION ( 'NONE',  ( -4.818676322157800333E-16, -0.000000000000000000, -1.000000000000000000 ) ) ;
#1424 = PRESENTATION_STYLE_ASSIGNMENT (( #4981 ) ) ;
#1425 = FILL_AREA_STYLE ('',( #3640 ) ) ;
#1426 = DIRECTION ( 'NONE',  ( 1.000000000000000000, 0.000000000000000000, -2.168404344971012566E-16 ) ) ;
#1427 = FACE_OUTER_BOUND ( 'NONE', #1633, .T. ) ;
#1428 = PRESENTATION_STYLE_ASSIGNMENT (( #1354 ) ) ;
#1429 = FACE_OUTER_BOUND ( 'NONE', #5697, .T. ) ;
#1430 = AXIS2_PLACEMENT_3D ( 'NONE', #6564, #799, #3148 ) ;
#1431 = ORIENTED_EDGE ( 'NONE', *, *, #1513, .T. ) ;
#1432 = VECTOR ( 'NONE', #1365, 1000.000000000000000 ) ;
#1433 = DIRECTION ( 'NONE',  ( 0.000000000000000000, 0.000000000000000000, -1.000000000000000000 ) ) ;
#1434 = VERTEX_POINT ( 'NONE', #4962 ) ;
#1435 = FILL_AREA_STYLE ('',( #1278 ) ) ;
#1436 = APPLICATION_CONTEXT ( 'automotive_design' ) ;
#1437 = PRESENTATION_LAYER_ASSIGNMENT (  '', '', ( #4763 ) ) ;
#1438 = ORIENTED_EDGE ( 'NONE', *, *, #2285, .T. ) ;
#1439 = PRESENTATION_LAYER_ASSIGNMENT (  '', '', ( #3755 ) ) ;
#1440 = CARTESIAN_POINT ( 'NONE',  ( 2.800004999999999633, 1.399994999999999878, -2.050000000000000266 ) ) ;
#1441 = ORIENTED_EDGE ( 'NONE', *, *, #699, .T. ) ;
#1442 = FILL_AREA_STYLE_COLOUR ( '', #3770 ) ;
#1443 = DIRECTION ( 'NONE',  ( 0.000000000000000000, 1.000000000000000000, 0.000000000000000000 ) ) ;
#1444 = ORIENTED_EDGE ( 'NONE', *, *, #5235, .F. ) ;
#1445 = VECTOR ( 'NONE', #755, 1000.000000000000000 ) ;
#1446 = CARTESIAN_POINT ( 'NONE',  ( -3.149999999999999911, 0.2598999999998395927, 1.500000288856793818 ) ) ;
#1448 = MECHANICAL_DESIGN_GEOMETRIC_PRESENTATION_REPRESENTATION (  '', ( #4140 ), #5766 ) ;
#1447 = COLOUR_RGB ( '',1.000000000000000000, 0.5019607843137254832, 0.000000000000000000 ) ;
#1449 = LINE ( 'NONE', #3779, #1373 ) ;
#1450 = CARTESIAN_POINT ( 'NONE',  ( -2.250504516109076203, 1.199999999999999956, -1.850000000000000089 ) ) ;
#1451 = PRESENTATION_STYLE_ASSIGNMENT (( #4363 ) ) ;
#1452 = CARTESIAN_POINT ( 'NONE',  ( 2.800009999999999444, 1.399989999999999846, 2.050000000000000266 ) ) ;
#1453 = VECTOR ( 'NONE', #3496, 1000.000000000000000 ) ;
#1454 = MECHANICAL_DESIGN_GEOMETRIC_PRESENTATION_REPRESENTATION (  '', ( #4783 ), #4391 ) ;
#1455 = MECHANICAL_DESIGN_GEOMETRIC_PRESENTATION_REPRESENTATION (  '', ( #66 ), #5878 ) ;
#1456 = ORIENTED_EDGE ( 'NONE', *, *, #1611, .F. ) ;
#1457 = CARTESIAN_POINT ( 'NONE',  ( -1.500000000000000000, -9.999999999994822059E-05, 0.4000000000000000222 ) ) ;
#1458 = FILL_AREA_STYLE ('',( #787 ) ) ;
#1459 = ADVANCED_FACE ( 'NONE', ( #4282 ), #1953, .T. ) ;
#1460 = ADVANCED_FACE ( 'NONE', ( #1973 ), #5487, .T. ) ;
#1461 = CARTESIAN_POINT ( 'NONE',  ( 1.399999999999999911, 2.899999999999999911, 0.9499999999999999556 ) ) ;
#1462 = VECTOR ( 'NONE', #3621, 1000.000000000000000 ) ;
#1463 = CARTESIAN_POINT ( 'NONE',  ( 0.9999999999999995559, 0.1498999999999999777, -0.7499999999999978906 ) ) ;
#1464 = ADVANCED_FACE ( 'NONE', ( #2779 ), #5113, .T. ) ;
#1465 = EDGE_CURVE ( 'NONE', #3051, #2942, #5770, .T. ) ;
#1466 = LINE ( 'NONE', #3836, #1072 ) ;
#1467 = VECTOR ( 'NONE', #7525, 1000.000000000000000 ) ;
#1468 = CARTESIAN_POINT ( 'NONE',  ( 3.149999999999999911, 1.399999999999999911, 1.500001000000000140 ) ) ;
#1469 = FILL_AREA_STYLE ('',( #7265 ) ) ;
#1470 = SURFACE_STYLE_FILL_AREA ( #5427 ) ;
#1471 = VERTEX_POINT ( 'NONE', #2822 ) ;
#1472 = ADVANCED_FACE ( 'NONE', ( #6830 ), #326, .F. ) ;
#1473 = CARTESIAN_POINT ( 'NONE',  ( -2.449999999999999734, 1.399999999999999911, -2.050000000000000266 ) ) ;
#1474 = COLOUR_RGB ( '',1.000000000000000000, 0.5019607843137254832, 0.000000000000000000 ) ;
#1475 = DIRECTION ( 'NONE',  ( 0.000000000000000000, 1.000000000000000000, -2.464095846557964399E-16 ) ) ;
#1476 = UNCERTAINTY_MEASURE_WITH_UNIT (LENGTH_MEASURE( 1.000000000000000082E-05 ), #3068, 'distance_accuracy_value', 'NONE');
#1477 = FILL_AREA_STYLE_COLOUR ( '', #6753 ) ;
#1478 = SURFACE_SIDE_STYLE ('',( #5715 ) ) ;
#1479 = SURFACE_SIDE_STYLE ('',( #4387 ) ) ;
#1480 = PLANE ( 'NONE',  #4635 ) ;
#1481 = COLOUR_RGB ( '',1.000000000000000000, 0.000000000000000000, 1.000000000000000000 ) ;
#1482 = LINE ( 'NONE', #7278, #4791 ) ;
#1483 = ORIENTED_EDGE ( 'NONE', *, *, #2247, .T. ) ;
#1484 =( GEOMETRIC_REPRESENTATION_CONTEXT ( 3 ) GLOBAL_UNCERTAINTY_ASSIGNED_CONTEXT ( ( #4094 ) ) GLOBAL_UNIT_ASSIGNED_CONTEXT ( ( #7297, #4293, #6118 ) ) REPRESENTATION_CONTEXT ( 'NONE', 'WORKASPACE' ) );
#1485 = FILL_AREA_STYLE_COLOUR ( '', #449 ) ;
#1486 = ORIENTED_EDGE ( 'NONE', *, *, #7272, .T. ) ;
#1487 = CARTESIAN_POINT ( 'NONE',  ( -1.500000000000000000, -0.5000000000000000000, 0.000000000000000000 ) ) ;
#1488 = CARTESIAN_POINT ( 'NONE',  ( -0.9999999999999995559, 0.1498999999999999777, -0.7499999999999978906 ) ) ;
#1489 = CARTESIAN_POINT ( 'NONE',  ( 0.9500000000000000666, 0.1499999999999999667, 2.050000000000000266 ) ) ;
#1490 = CARTESIAN_POINT ( 'NONE',  ( 2.449999999999999734, 0.000000000000000000, -2.050000000000000266 ) ) ;
#1491 = EDGE_LOOP ( 'NONE', ( #6296, #2981, #451, #7391 ) ) ;
#1492 = PRESENTATION_STYLE_ASSIGNMENT (( #2665 ) ) ;
#1493 = STYLED_ITEM ( 'NONE', ( #3986 ), #4860 ) ;
#1494 = UNCERTAINTY_MEASURE_WITH_UNIT (LENGTH_MEASURE( 1.000000000000000082E-05 ), #5991, 'distance_accuracy_value', 'NONE');
#1495 = VECTOR ( 'NONE', #4371, 1000.000000000000000 ) ;
#1496 = ORIENTED_EDGE ( 'NONE', *, *, #2719, .F. ) ;
#1497 = CARTESIAN_POINT ( 'NONE',  ( -1.999999999999999112, 0.1498999999999999777, 0.3500000000000001443 ) ) ;
#1498 = SURFACE_SIDE_STYLE ('',( #5698 ) ) ;
#1499 = FACE_OUTER_BOUND ( 'NONE', #6105, .T. ) ;
#1500 = UNCERTAINTY_MEASURE_WITH_UNIT (LENGTH_MEASURE( 1.000000000000000082E-05 ), #3022, 'distance_accuracy_value', 'NONE');
#1501 = STYLED_ITEM ( 'NONE', ( #267 ), #3948 ) ;
#1502 = DIRECTION ( 'NONE',  ( -7.885121045569206762E-16, 0.000000000000000000, 1.000000000000000000 ) ) ;
#1503 = DIRECTION ( 'NONE',  ( -0.000000000000000000, -1.000000000000000000, -0.000000000000000000 ) ) ;
#1504 = EDGE_CURVE ( 'NONE', #2859, #4328, #1548, .T. ) ;
#1505 = ORIENTED_EDGE ( 'NONE', *, *, #3556, .F. ) ;
#1506 =( LENGTH_UNIT ( ) NAMED_UNIT ( * ) SI_UNIT ( .MILLI., .METRE. ) );
#1507 = MECHANICAL_DESIGN_GEOMETRIC_PRESENTATION_REPRESENTATION (  '', ( #5205 ), #3696 ) ;
#1508 = CARTESIAN_POINT ( 'NONE',  ( -2.050000000000000266, 0.000000000000000000, 2.949999999999999734 ) ) ;
#1509 = EDGE_LOOP ( 'NONE', ( #3636, #4298, #2991, #340 ) ) ;
#1510 = LINE ( 'NONE', #2688, #4066 ) ;
#1511 = VECTOR ( 'NONE', #3555, 1000.000000000000000 ) ;
#1512 = FILL_AREA_STYLE ('',( #2075 ) ) ;
#1513 = EDGE_CURVE ( 'NONE', #3312, #5721, #3847, .T. ) ;
#1514 =( LENGTH_UNIT ( ) NAMED_UNIT ( * ) SI_UNIT ( .MILLI., .METRE. ) );
#1515 = DIRECTION ( 'NONE',  ( 0.9396926207859083169, 0.000000000000000000, 0.3420201433256691570 ) ) ;
#1516 = LINE ( 'NONE', #6225, #6758 ) ;
#1517 = SURFACE_STYLE_FILL_AREA ( #6800 ) ;
#1518 = ORIENTED_EDGE ( 'NONE', *, *, #680, .F. ) ;
#1519 = AXIS2_PLACEMENT_3D ( 'NONE', #7103, #6410, #8 ) ;
#1520 = DIRECTION ( 'NONE',  ( -0.000000000000000000, -1.000000000000000000, -0.000000000000000000 ) ) ;
#1521 = EDGE_CURVE ( 'NONE', #4072, #4798, #3808, .T. ) ;
#1522 = EDGE_LOOP ( 'NONE', ( #252, #7646 ) ) ;
#1523 = SURFACE_SIDE_STYLE ('',( #2086 ) ) ;
#1524 = ORIENTED_EDGE ( 'NONE', *, *, #3184, .F. ) ;
#1525 = STYLED_ITEM ( 'NONE', ( #756 ), #4700 ) ;
#1526 = DIRECTION ( 'NONE',  ( 0.000000000000000000, 0.000000000000000000, 1.000000000000000000 ) ) ;
#1527 = ORIENTED_EDGE ( 'NONE', *, *, #6556, .F. ) ;
#1528 =( NAMED_UNIT ( * ) SI_UNIT ( $, .STERADIAN. ) SOLID_ANGLE_UNIT ( ) );
#1529 = PLANE ( 'NONE',  #750 ) ;
#1530 = CARTESIAN_POINT ( 'NONE',  ( -2.800004999999998745, 1.399995000000002321, -1.500000500000000292 ) ) ;
#1531 = STYLED_ITEM ( 'NONE', ( #6708 ), #2629 ) ;
#1532 = DIRECTION ( 'NONE',  ( 0.9999999995918134044, 2.857224491007049545E-05, 0.000000000000000000 ) ) ;
#1533 = ORIENTED_EDGE ( 'NONE', *, *, #3557, .F. ) ;
#1534 = CARTESIAN_POINT ( 'NONE',  ( 0.5000000000000004441, 0.1498999999999999777, 0.3500000000000002554 ) ) ;
#1535 = AXIS2_PLACEMENT_3D ( 'NONE', #4849, #6041, #7295 ) ;
#1536 = VERTEX_POINT ( 'NONE', #5019 ) ;
#1537 = UNCERTAINTY_MEASURE_WITH_UNIT (LENGTH_MEASURE( 1.000000000000000082E-05 ), #2806, 'distance_accuracy_value', 'NONE');
#1538 = CARTESIAN_POINT ( 'NONE',  ( -2.449999999999999734, 0.000000000000000000, 2.050000000000000266 ) ) ;
#1539 = LINE ( 'NONE', #3328, #4682 ) ;
#1540 = ORIENTED_EDGE ( 'NONE', *, *, #6690, .F. ) ;
#1541 = CARTESIAN_POINT ( 'NONE',  ( 3.149999999999999911, 0.6499999999999923617, 2.049997999999999987 ) ) ;
#1542 = COLOUR_RGB ( '',0.7960784313725489669, 0.8235294117647058432, 0.9372549019607843146 ) ;
#1543 = CARTESIAN_POINT ( 'NONE',  ( -1.000000000000000000, 0.1498999999999999777, 0.8500000000000001998 ) ) ;
#1544 = ORIENTED_EDGE ( 'NONE', *, *, #2338, .F. ) ;
#1545 = DIRECTION ( 'NONE',  ( 1.000000000000000000, -0.000000000000000000, 0.000000000000000000 ) ) ;
#1546 = DIRECTION ( 'NONE',  ( -0.000000000000000000, 1.000000000000000000, -0.000000000000000000 ) ) ;
#1547 = DIRECTION ( 'NONE',  ( 0.000000000000000000, -0.000000000000000000, -1.000000000000000000 ) ) ;
#1548 = LINE ( 'NONE', #248, #2408 ) ;
#1549 =( LENGTH_UNIT ( ) NAMED_UNIT ( * ) SI_UNIT ( .MILLI., .METRE. ) );
#1550 = FILL_AREA_STYLE_COLOUR ( '', #6256 ) ;
#1551 = SURFACE_SIDE_STYLE ('',( #4585 ) ) ;
#1552 = ORIENTED_EDGE ( 'NONE', *, *, #4413, .F. ) ;
#1553 =( NAMED_UNIT ( * ) PLANE_ANGLE_UNIT ( ) SI_UNIT ( $, .RADIAN. ) );
#1554 = EDGE_CURVE ( 'NONE', #3585, #3433, #1588, .T. ) ;
#1555 = ADVANCED_FACE ( 'NONE', ( #2036 ), #6301, .T. ) ;
#1556 = ORIENTED_EDGE ( 'NONE', *, *, #5093, .F. ) ;
#1557 =( LENGTH_UNIT ( ) NAMED_UNIT ( * ) SI_UNIT ( .MILLI., .METRE. ) );
#1558 = EDGE_LOOP ( 'NONE', ( #7411, #2128, #7440, #3979 ) ) ;
#1559 = PRESENTATION_LAYER_ASSIGNMENT (  '', '', ( #2775 ) ) ;
#1560 = SURFACE_SIDE_STYLE ('',( #2776 ) ) ;
#1561 = MECHANICAL_DESIGN_GEOMETRIC_PRESENTATION_REPRESENTATION (  '', ( #3261 ), #4246 ) ;
#1562 = FILL_AREA_STYLE_COLOUR ( '', #5791 ) ;
#1563 = EDGE_CURVE ( 'NONE', #3383, #7609, #2573, .T. ) ;
#1564 = EDGE_CURVE ( 'NONE', #2537, #1230, #7309, .T. ) ;
#1565 = LINE ( 'NONE', #4437, #7493 ) ;
#1566 = ORIENTED_EDGE ( 'NONE', *, *, #6316, .T. ) ;
#1567 = CARTESIAN_POINT ( 'NONE',  ( 1.451009032218151917, 0.8000000000000000444, 1.750000000000000000 ) ) ;
#1568 = SURFACE_STYLE_USAGE ( .BOTH. , #342 ) ;
#1569 = VECTOR ( 'NONE', #1878, 1000.000000000000114 ) ;
#1570 = AXIS2_PLACEMENT_3D ( 'NONE', #5071, #460, #2124 ) ;
#1571 = UNCERTAINTY_MEASURE_WITH_UNIT (LENGTH_MEASURE( 1.000000000000000082E-05 ), #1671, 'distance_accuracy_value', 'NONE');
#1572 = CARTESIAN_POINT ( 'NONE',  ( 0.5499999999999998224, 0.000000000000000000, -2.949999999999999734 ) ) ;
#1573 =( GEOMETRIC_REPRESENTATION_CONTEXT ( 3 ) GLOBAL_UNCERTAINTY_ASSIGNED_CONTEXT ( ( #6248 ) ) GLOBAL_UNIT_ASSIGNED_CONTEXT ( ( #3216, #353, #6215 ) ) REPRESENTATION_CONTEXT ( 'NONE', 'WORKASPACE' ) );
#1574 = FILL_AREA_STYLE_COLOUR ( '', #6917 ) ;
#1575 = ORIENTED_EDGE ( 'NONE', *, *, #5809, .T. ) ;
#1576 = LINE ( 'NONE', #2212, #4134 ) ;
#1577 = CARTESIAN_POINT ( 'NONE',  ( 1.399999999999999689, 1.399999999999999911, 2.050000000000000266 ) ) ;
#1578 = DIRECTION ( 'NONE',  ( 8.673617379884035472E-16, 0.000000000000000000, -1.000000000000000000 ) ) ;
#1579 = VERTEX_POINT ( 'NONE', #1019 ) ;
#1580 = SURFACE_STYLE_USAGE ( .BOTH. , #2214 ) ;
#1581 = AXIS2_PLACEMENT_3D ( 'NONE', #1741, #7006, #4633 ) ;
#1582 =( NAMED_UNIT ( * ) PLANE_ANGLE_UNIT ( ) SI_UNIT ( $, .RADIAN. ) );
#1583 = ORIENTED_EDGE ( 'NONE', *, *, #1826, .T. ) ;
#1584 = STYLED_ITEM ( 'NONE', ( #5965 ), #2570 ) ;
#1585 = CARTESIAN_POINT ( 'NONE',  ( -1.000000000000000000, 0.1498999999999999777, 0.8500000000000001998 ) ) ;
#1586 = VECTOR ( 'NONE', #4795, 1000.000000000000000 ) ;
#1587 =( NAMED_UNIT ( * ) SI_UNIT ( $, .STERADIAN. ) SOLID_ANGLE_UNIT ( ) );
#1588 = LINE ( 'NONE', #846, #1695 ) ;
#1589 = SURFACE_STYLE_USAGE ( .BOTH. , #1478 ) ;
#1590 = DIRECTION ( 'NONE',  ( 0.000000000000000000, -0.000000000000000000, 1.000000000000000000 ) ) ;
#1591 = SURFACE_SIDE_STYLE ('',( #4548 ) ) ;
#1592 = DIRECTION ( 'NONE',  ( -0.000000000000000000, -1.000000000000000000, -0.000000000000000000 ) ) ;
#1593 = ORIENTED_EDGE ( 'NONE', *, *, #4223, .T. ) ;
#1594 = PRESENTATION_LAYER_ASSIGNMENT (  '', '', ( #4922 ) ) ;
#1595 = SURFACE_STYLE_USAGE ( .BOTH. , #411 ) ;
#1596 = STYLED_ITEM ( 'NONE', ( #3855 ), #3233 ) ;
#1597 = ORIENTED_EDGE ( 'NONE', *, *, #6930, .T. ) ;
#1598 = VERTEX_POINT ( 'NONE', #1538 ) ;
#1599 =( NAMED_UNIT ( * ) PLANE_ANGLE_UNIT ( ) SI_UNIT ( $, .RADIAN. ) );
#1600 = STYLED_ITEM ( 'NONE', ( #3509 ), #3458 ) ;
#1601 = CARTESIAN_POINT ( 'NONE',  ( -3.149999999999999467, 0.6999999999999999556, -2.050000000000000266 ) ) ;
#1602 = ORIENTED_EDGE ( 'NONE', *, *, #1821, .F. ) ;
#1603 = SURFACE_STYLE_USAGE ( .BOTH. , #6279 ) ;
#1604 = CIRCLE ( 'NONE', #2084, 0.5000000000000000000 ) ;
#1605 = EDGE_CURVE ( 'NONE', #2381, #7414, #2720, .T. ) ;
#1606 = EDGE_CURVE ( 'NONE', #1851, #5217, #1620, .T. ) ;
#1607 = FILL_AREA_STYLE ('',( #6846 ) ) ;
#1608 = PRESENTATION_LAYER_ASSIGNMENT (  '', '', ( #2698 ) ) ;
#1609 = SURFACE_STYLE_USAGE ( .BOTH. , #2628 ) ;
#1610 = STYLED_ITEM ( 'NONE', ( #2274 ), #56 ) ;
#1611 = EDGE_CURVE ( 'NONE', #4646, #2032, #6900, .T. ) ;
#1612 = ORIENTED_EDGE ( 'NONE', *, *, #7132, .T. ) ;
#1613 = FILL_AREA_STYLE ('',( #389 ) ) ;
#1614 = CARTESIAN_POINT ( 'NONE',  ( 0.3000000000000000444, 2.899999999999999911, 0.9499999999999999556 ) ) ;
#1615 = EDGE_CURVE ( 'NONE', #4772, #265, #5705, .T. ) ;
#1616 = ORIENTED_EDGE ( 'NONE', *, *, #1258, .F. ) ;
#1617 = COLOUR_RGB ( '',1.000000000000000000, 0.000000000000000000, 1.000000000000000000 ) ;
#1618 =( LENGTH_UNIT ( ) NAMED_UNIT ( * ) SI_UNIT ( .MILLI., .METRE. ) );
#1619 = UNCERTAINTY_MEASURE_WITH_UNIT (LENGTH_MEASURE( 1.000000000000000082E-05 ), #3342, 'distance_accuracy_value', 'NONE');
#1620 = LINE ( 'NONE', #4534, #4905 ) ;
#1621 = DIRECTION ( 'NONE',  ( 0.000000000000000000, 0.000000000000000000, -1.000000000000000000 ) ) ;
#1622 = DIRECTION ( 'NONE',  ( -0.000000000000000000, 1.000000000000000000, -0.000000000000000000 ) ) ;
#1623 = DIRECTION ( 'NONE',  ( 0.000000000000000000, 1.000000000000000000, 0.000000000000000000 ) ) ;
#1624 = PRESENTATION_STYLE_ASSIGNMENT (( #5095 ) ) ;
#1625 = DIRECTION ( 'NONE',  ( -0.000000000000000000, -0.000000000000000000, 1.000000000000000000 ) ) ;
#1626 =( LENGTH_UNIT ( ) NAMED_UNIT ( * ) SI_UNIT ( .MILLI., .METRE. ) );
#1627 = PRESENTATION_LAYER_ASSIGNMENT (  '', '', ( #3442 ) ) ;
#1628 = PLANE ( 'NONE',  #3168 ) ;
#1629 = CARTESIAN_POINT ( 'NONE',  ( -1.701009032218152806, 1.199999999999999956, -2.049900000000000500 ) ) ;
#1630 = LINE ( 'NONE', #4504, #4768 ) ;
#1631 = ORIENTED_EDGE ( 'NONE', *, *, #782, .T. ) ;
#1632 =( NAMED_UNIT ( * ) SI_UNIT ( $, .STERADIAN. ) SOLID_ANGLE_UNIT ( ) );
#1633 = EDGE_LOOP ( 'NONE', ( #2298, #7193, #4756, #489 ) ) ;
#1634 = LINE ( 'NONE', #7561, #7628 ) ;
#1635 = VERTEX_POINT ( 'NONE', #7423 ) ;
#1636 = CARTESIAN_POINT ( 'NONE',  ( 2.050000000000000266, 0.000000000000000000, -2.050000000000000266 ) ) ;
#1637 =( NAMED_UNIT ( * ) PLANE_ANGLE_UNIT ( ) SI_UNIT ( $, .RADIAN. ) );
#1638 = DIRECTION ( 'NONE',  ( 0.000000000000000000, -1.000000000000000000, -0.000000000000000000 ) ) ;
#1639 = CARTESIAN_POINT ( 'NONE',  ( -1.701009032218152806, 1.199999999999999956, -2.050000000000000266 ) ) ;
#1640 = EDGE_LOOP ( 'NONE', ( #1496, #4279, #2414, #772 ) ) ;
#1641 = FACE_OUTER_BOUND ( 'NONE', #5271, .T. ) ;
#1642 =( NAMED_UNIT ( * ) SI_UNIT ( $, .STERADIAN. ) SOLID_ANGLE_UNIT ( ) );
#1643 = PRESENTATION_LAYER_ASSIGNMENT (  '', '', ( #4209 ) ) ;
#1644 = EDGE_LOOP ( 'NONE', ( #3386, #7447, #4476, #5514 ) ) ;
#1645 = DIRECTION ( 'NONE',  ( 4.818676322157800333E-16, -0.000000000000000000, -1.000000000000000000 ) ) ;
#1646 = UNCERTAINTY_MEASURE_WITH_UNIT (LENGTH_MEASURE( 1.000000000000000082E-05 ), #24, 'distance_accuracy_value', 'NONE');
#1647 = EDGE_CURVE ( 'NONE', #4520, #5263, #394, .T. ) ;
#1648 = EDGE_LOOP ( 'NONE', ( #6285, #90, #6685, #1374 ) ) ;
#1649 = COLOUR_RGB ( '',0.7960784313725489669, 0.8235294117647058432, 0.9372549019607843146 ) ;
#1650 = DIRECTION ( 'NONE',  ( -0.000000000000000000, -1.000000000000000000, -0.000000000000000000 ) ) ;
#1651 = EDGE_CURVE ( 'NONE', #6720, #902, #6292, .T. ) ;
#1652 = EDGE_CURVE ( 'NONE', #6955, #6278, #3957, .T. ) ;
#1653 = VERTEX_POINT ( 'NONE', #2100 ) ;
#1654 =( NAMED_UNIT ( * ) PLANE_ANGLE_UNIT ( ) SI_UNIT ( $, .RADIAN. ) );
#1655 = CARTESIAN_POINT ( 'NONE',  ( -0.5000000000000000000, 0.1498999999999999777, -1.249999999999997780 ) ) ;
#1656 =( NAMED_UNIT ( * ) SI_UNIT ( $, .STERADIAN. ) SOLID_ANGLE_UNIT ( ) );
#1657 = COLOUR_RGB ( '',1.000000000000000000, 0.000000000000000000, 1.000000000000000000 ) ;
#1658 = DIRECTION ( 'NONE',  ( 1.000000000000000000, 0.000000000000000000, 0.000000000000000000 ) ) ;
#1659 = LINE ( 'NONE', #4621, #6637 ) ;
#1660 = ORIENTED_EDGE ( 'NONE', *, *, #1029, .T. ) ;
#1661 = VERTEX_POINT ( 'NONE', #940 ) ;
#1662 = STYLED_ITEM ( 'NONE', ( #4832 ), #7574 ) ;
#1663 = ORIENTED_EDGE ( 'NONE', *, *, #504, .T. ) ;
#1664 = CARTESIAN_POINT ( 'NONE',  ( 0.000000000000000000, 0.1498999999999999777, 0.000000000000000000 ) ) ;
#1665 = VERTEX_POINT ( 'NONE', #4488 ) ;
#1666 = LINE ( 'NONE', #4006, #1205 ) ;
#1667 = CARTESIAN_POINT ( 'NONE',  ( 3.150000000000000355, 1.399999999999999911, -2.050000000000000266 ) ) ;
#1668 = PRESENTATION_STYLE_ASSIGNMENT (( #494 ) ) ;
#1669 = ORIENTED_EDGE ( 'NONE', *, *, #6038, .F. ) ;
#1670 = CARTESIAN_POINT ( 'NONE',  ( -3.349999999999999645, 1.399999999999999911, 1.500000000000000000 ) ) ;
#1671 =( LENGTH_UNIT ( ) NAMED_UNIT ( * ) SI_UNIT ( .MILLI., .METRE. ) );
#1672 = CARTESIAN_POINT ( 'NONE',  ( -1.999999999999998668, 0.1498999999999999777, -1.249999999999997780 ) ) ;
#1673 =( GEOMETRIC_REPRESENTATION_CONTEXT ( 3 ) GLOBAL_UNCERTAINTY_ASSIGNED_CONTEXT ( ( #5814 ) ) GLOBAL_UNIT_ASSIGNED_CONTEXT ( ( #6147, #4985, #1962 ) ) REPRESENTATION_CONTEXT ( 'NONE', 'WORKASPACE' ) );
#1674 = VERTEX_POINT ( 'NONE', #4451 ) ;
#1675 = VECTOR ( 'NONE', #7444, 1000.000000000000000 ) ;
#1676 = VECTOR ( 'NONE', #1526, 1000.000000000000000 ) ;
#1677 =( NAMED_UNIT ( * ) SI_UNIT ( $, .STERADIAN. ) SOLID_ANGLE_UNIT ( ) );
#1678 = DIRECTION ( 'NONE',  ( 0.000000000000000000, -1.000000000000000000, 0.000000000000000000 ) ) ;
#1679 = ORIENTED_EDGE ( 'NONE', *, *, #4077, .T. ) ;
#1680 = STYLED_ITEM ( 'NONE', ( #1349 ), #6281 ) ;
#1681 = STYLED_ITEM ( 'NONE', ( #7399 ), #5516 ) ;
#1682 = LINE ( 'NONE', #6689, #4428 ) ;
#1683 = VERTEX_POINT ( 'NONE', #2753 ) ;
#1684 = PLANE ( 'NONE',  #4570 ) ;
#1685 = ADVANCED_FACE ( 'NONE', ( #5126 ), #7460, .F. ) ;
#1686 = VECTOR ( 'NONE', #2679, 999.9999999999998863 ) ;
#1687 = CARTESIAN_POINT ( 'NONE',  ( 1.500000000000000000, -0.5000000000000000000, -0.4000000000000000222 ) ) ;
#1688 = EDGE_CURVE ( 'NONE', #5617, #7676, #5714, .T. ) ;
#1689 = EDGE_CURVE ( 'NONE', #902, #5966, #6335, .T. ) ;
#1690 = DIRECTION ( 'NONE',  ( 0.000000000000000000, 0.000000000000000000, -1.000000000000000000 ) ) ;
#1691 = UNCERTAINTY_MEASURE_WITH_UNIT (LENGTH_MEASURE( 1.000000000000000082E-05 ), #3832, 'distance_accuracy_value', 'NONE');
#1692 = PLANE ( 'NONE',  #1750 ) ;
#1693 = PRESENTATION_STYLE_ASSIGNMENT (( #2885 ) ) ;
#1694 = DIRECTION ( 'NONE',  ( -1.057758217058802057E-16, 6.564934470904794585E-07, -0.9999999999997845057 ) ) ;
#1695 = VECTOR ( 'NONE', #3227, 1000.000000000000000 ) ;
#1696 = EDGE_CURVE ( 'NONE', #3077, #6784, #1840, .T. ) ;
#1697 = ORIENTED_EDGE ( 'NONE', *, *, #2371, .F. ) ;
#1698 = AXIS2_PLACEMENT_3D ( 'NONE', #6640, #4741, #4831 ) ;
#1699 = VERTEX_POINT ( 'NONE', #7102 ) ;
#1700 = MECHANICAL_DESIGN_GEOMETRIC_PRESENTATION_REPRESENTATION (  '', ( #2550 ), #5758 ) ;
#1701 = PLANE ( 'NONE',  #4247 ) ;
#1702 = FACE_OUTER_BOUND ( 'NONE', #4368, .T. ) ;
#1703 = CARTESIAN_POINT ( 'NONE',  ( 0.3313195202952720075, 1.399999999999999911, 0.9102929006357960429 ) ) ;
#1704 = PRESENTATION_STYLE_ASSIGNMENT (( #7041 ) ) ;
#1705 = MECHANICAL_DESIGN_GEOMETRIC_PRESENTATION_REPRESENTATION (  '', ( #4922 ), #4655 ) ;
#1706 = CARTESIAN_POINT ( 'NONE',  ( -2.799999999999999822, 1.199999999999999956, 2.050000000000000266 ) ) ;
#1707 = VERTEX_POINT ( 'NONE', #4144 ) ;
#1708 =( GEOMETRIC_REPRESENTATION_CONTEXT ( 3 ) GLOBAL_UNCERTAINTY_ASSIGNED_CONTEXT ( ( #5266 ) ) GLOBAL_UNIT_ASSIGNED_CONTEXT ( ( #2146, #4551, #5180 ) ) REPRESENTATION_CONTEXT ( 'NONE', 'WORKASPACE' ) );
#1709 = CARTESIAN_POINT ( 'NONE',  ( -3.149999999999999911, 1.199999999999999956, 2.050000000000000266 ) ) ;
#1710 = CARTESIAN_POINT ( 'NONE',  ( 1.701009032218152806, 1.399999999999999911, -2.050000000000000266 ) ) ;
#1711 =( GEOMETRIC_REPRESENTATION_CONTEXT ( 3 ) GLOBAL_UNCERTAINTY_ASSIGNED_CONTEXT ( ( #536 ) ) GLOBAL_UNIT_ASSIGNED_CONTEXT ( ( #6205, #6159, #4439 ) ) REPRESENTATION_CONTEXT ( 'NONE', 'WORKASPACE' ) );
#1712 =( NAMED_UNIT ( * ) PLANE_ANGLE_UNIT ( ) SI_UNIT ( $, .RADIAN. ) );
#1713 = ORIENTED_EDGE ( 'NONE', *, *, #4036, .T. ) ;
#1714 = AXIS2_PLACEMENT_3D ( 'NONE', #5376, #3472, #5534 ) ;
#1715 = VERTEX_POINT ( 'NONE', #2360 ) ;
#1716 = PRESENTATION_STYLE_ASSIGNMENT (( #7345 ) ) ;
#1717 = ORIENTED_EDGE ( 'NONE', *, *, #7028, .T. ) ;
#1718 = DIRECTION ( 'NONE',  ( 0.000000000000000000, -0.000000000000000000, 1.000000000000000000 ) ) ;
#1719 =( NAMED_UNIT ( * ) PLANE_ANGLE_UNIT ( ) SI_UNIT ( $, .RADIAN. ) );
#1720 = CARTESIAN_POINT ( 'NONE',  ( -3.349999999999999645, 0.6499999999999930278, 2.049990000000000645 ) ) ;
#1721 = COLOUR_RGB ( '',0.7960784313725489669, 0.8235294117647058432, 0.9372549019607843146 ) ;
#1722 = CARTESIAN_POINT ( 'NONE',  ( -2.800009999999996779, 1.399990000000004953, 1.500001000000000140 ) ) ;
#1723 = LINE ( 'NONE', #1655, #6116 ) ;
#1724 =( LENGTH_UNIT ( ) NAMED_UNIT ( * ) SI_UNIT ( .MILLI., .METRE. ) );
#1725 = VECTOR ( 'NONE', #5953, 1000.000000000000000 ) ;
#1726 = FILL_AREA_STYLE_COLOUR ( '', #1206 ) ;
#1727 = ORIENTED_EDGE ( 'NONE', *, *, #4691, .T. ) ;
#1728 = ORIENTED_EDGE ( 'NONE', *, *, #6930, .F. ) ;
#1729 = VECTOR ( 'NONE', #6037, 1000.000000000000000 ) ;
#1730 = ADVANCED_FACE ( 'NONE', ( #1226, #3025, #2918, #2483, #5384, #1260, #3564, #6003, #6590, #2444, #6558, #4861 ), #718, .T. ) ;
#1731 = DIRECTION ( 'NONE',  ( 0.000000000000000000, -0.000000000000000000, 1.000000000000000000 ) ) ;
#1732 = ADVANCED_FACE ( 'NONE', ( #3066 ), #5423, .F. ) ;
#1733 = MECHANICAL_DESIGN_GEOMETRIC_PRESENTATION_REPRESENTATION (  '', ( #2465 ), #1858 ) ;
#1734 = DIRECTION ( 'NONE',  ( 0.000000000000000000, 1.000000000000000000, 0.000000000000000000 ) ) ;
#1735 = EDGE_CURVE ( 'NONE', #7033, #5648, #3478, .T. ) ;
#1736 = PRESENTATION_STYLE_ASSIGNMENT (( #100 ) ) ;
#1737 = ORIENTED_EDGE ( 'NONE', *, *, #2816, .F. ) ;
#1738 = EDGE_CURVE ( 'NONE', #6523, #1419, #2330, .T. ) ;
#1739 = SURFACE_SIDE_STYLE ('',( #1157 ) ) ;
#1740 = AXIS2_PLACEMENT_3D ( 'NONE', #6672, #6135, #4342 ) ;
#1741 = CARTESIAN_POINT ( 'NONE',  ( 2.000000000000000000, 0.1498999999999999777, 0.3500000000000002554 ) ) ;
#1742 = VERTEX_POINT ( 'NONE', #5506 ) ;
#1743 = CARTESIAN_POINT ( 'NONE',  ( -3.350000000000000533, 0.2598999999998395927, 0.5000002888567938175 ) ) ;
#1744 = DIRECTION ( 'NONE',  ( -7.885121045569205776E-16, 0.000000000000000000, 1.000000000000000000 ) ) ;
#1745 = AXIS2_PLACEMENT_3D ( 'NONE', #6474, #6551, #3512 ) ;
#1746 = LINE ( 'NONE', #5812, #6660 ) ;
#1747 =( LENGTH_UNIT ( ) NAMED_UNIT ( * ) SI_UNIT ( .MILLI., .METRE. ) );
#1748 = UNCERTAINTY_MEASURE_WITH_UNIT (LENGTH_MEASURE( 1.000000000000000082E-05 ), #3151, 'distance_accuracy_value', 'NONE');
#1749 = CARTESIAN_POINT ( 'NONE',  ( -2.050000000000000266, 0.000000000000000000, 2.949999999999999734 ) ) ;
#1750 = AXIS2_PLACEMENT_3D ( 'NONE', #7591, #4583, #2252 ) ;
#1751 = ORIENTED_EDGE ( 'NONE', *, *, #7620, .T. ) ;
#1752 = FILL_AREA_STYLE ('',( #6439 ) ) ;
#1753 = CARTESIAN_POINT ( 'NONE',  ( 3.349900000000000766, 0.9000000000000000222, 1.500001000000000140 ) ) ;
#1754 = AXIS2_PLACEMENT_3D ( 'NONE', #1109, #4338, #3140 ) ;
#1755 = FILL_AREA_STYLE ('',( #5242 ) ) ;
#1756 = FILL_AREA_STYLE_COLOUR ( '', #430 ) ;
#1757 = DIRECTION ( 'NONE',  ( 0.000000000000000000, -0.000000000000000000, -1.000000000000000000 ) ) ;
#1758 = LINE ( 'NONE', #2883, #1011 ) ;
#1759 = FILL_AREA_STYLE ('',( #5282 ) ) ;
#1760 = VERTEX_POINT ( 'NONE', #317 ) ;
#1761 =( NAMED_UNIT ( * ) PLANE_ANGLE_UNIT ( ) SI_UNIT ( $, .RADIAN. ) );
#1762 = ORIENTED_EDGE ( 'NONE', *, *, #2630, .T. ) ;
#1763 = DIRECTION ( 'NONE',  ( 1.000000000000000000, 0.000000000000000000, -0.000000000000000000 ) ) ;
#1764 = SURFACE_SIDE_STYLE ('',( #490 ) ) ;
#1765 = CARTESIAN_POINT ( 'NONE',  ( 1.000000000000000000, -0.0001000000000000000048, 0.8499999999999999778 ) ) ;
#1766 = PLANE ( 'NONE',  #6983 ) ;
#1767 = PRESENTATION_STYLE_ASSIGNMENT (( #7078 ) ) ;
#1768 = VERTEX_POINT ( 'NONE', #2519 ) ;
#1769 =( NAMED_UNIT ( * ) SI_UNIT ( $, .STERADIAN. ) SOLID_ANGLE_UNIT ( ) );
#1770 = ORIENTED_EDGE ( 'NONE', *, *, #5198, .F. ) ;
#1771 = SURFACE_STYLE_USAGE ( .BOTH. , #1739 ) ;
#1772 = EDGE_CURVE ( 'NONE', #5538, #3894, #7344, .T. ) ;
#1773 = STYLED_ITEM ( 'NONE', ( #1046 ), #7320 ) ;
#1774 = SURFACE_STYLE_FILL_AREA ( #7571 ) ;
#1775 = EDGE_CURVE ( 'NONE', #6067, #6350, #1466, .T. ) ;
#1776 = SURFACE_SIDE_STYLE ('',( #2867 ) ) ;
#1777 = UNCERTAINTY_MEASURE_WITH_UNIT (LENGTH_MEASURE( 1.000000000000000082E-05 ), #2199, 'distance_accuracy_value', 'NONE');
#1778 = LINE ( 'NONE', #2978, #2378 ) ;
#1779 = EDGE_CURVE ( 'NONE', #4301, #321, #6744, .T. ) ;
#1780 = ADVANCED_FACE ( 'NONE', ( #5587 ), #3795, .F. ) ;
#1781 = LINE ( 'NONE', #4124, #440 ) ;
#1782 = PRODUCT_DEFINITION_FORMATION_WITH_SPECIFIED_SOURCE ( 'ANY', '', #7319, .NOT_KNOWN. ) ;
#1783 = ORIENTED_EDGE ( 'NONE', *, *, #5091, .T. ) ;
#1784 = LINE ( 'NONE', #2273, #1725 ) ;
#1785 = CARTESIAN_POINT ( 'NONE',  ( 3.149999999999999911, 1.199999999999999956, 1.500000000000000000 ) ) ;
#1786 = PRESENTATION_LAYER_ASSIGNMENT (  '', '', ( #5244 ) ) ;
#1787 = UNCERTAINTY_MEASURE_WITH_UNIT (LENGTH_MEASURE( 1.000000000000000082E-05 ), #1147, 'distance_accuracy_value', 'NONE');
#1788 = VECTOR ( 'NONE', #4807, 1000.000000000000000 ) ;
#1789 = LINE ( 'NONE', #5576, #4248 ) ;
#1790 = COLOUR_RGB ( '',1.000000000000000000, 0.000000000000000000, 1.000000000000000000 ) ;
#1791 = ORIENTED_EDGE ( 'NONE', *, *, #7417, .T. ) ;
#1792 = PLANE ( 'NONE',  #3570 ) ;
#1793 = VECTOR ( 'NONE', #2759, 1000.000000000000000 ) ;
#1794 = COLOUR_RGB ( '',1.000000000000000000, 0.5019607843137254832, 0.000000000000000000 ) ;
#1795 = CARTESIAN_POINT ( 'NONE',  ( -2.799999999999999822, 1.399999999999999911, 1.866666666666666918 ) ) ;
#1796 = FILL_AREA_STYLE ('',( #152 ) ) ;
#1797 = SURFACE_STYLE_FILL_AREA ( #4732 ) ;
#1798 = AXIS2_PLACEMENT_3D ( 'NONE', #7420, #7459, #1502 ) ;
#1799 = AXIS2_PLACEMENT_3D ( 'NONE', #7303, #1988, #4337 ) ;
#1800 = VERTEX_POINT ( 'NONE', #6207 ) ;
#1801 = VECTOR ( 'NONE', #659, 1000.000000000000000 ) ;
#1802 = ORIENTED_EDGE ( 'NONE', *, *, #2011, .F. ) ;
#1803 = STYLED_ITEM ( 'NONE', ( #2668 ), #199 ) ;
#1804 = FACE_OUTER_BOUND ( 'NONE', #6101, .T. ) ;
#1805 = PLANE ( 'NONE',  #1188 ) ;
#1806 = FACE_OUTER_BOUND ( 'NONE', #4025, .T. ) ;
#1807 = STYLED_ITEM ( 'NONE', ( #1424 ), #1472 ) ;
#1808 =( LENGTH_UNIT ( ) NAMED_UNIT ( * ) SI_UNIT ( .MILLI., .METRE. ) );
#1809 = FILL_AREA_STYLE_COLOUR ( '', #4757 ) ;
#1810 = CARTESIAN_POINT ( 'NONE',  ( -1.000000000000000000, 0.1498999999999999777, 0.3500000000000002554 ) ) ;
#1811 = ORIENTED_EDGE ( 'NONE', *, *, #3234, .F. ) ;
#1812 = MECHANICAL_DESIGN_GEOMETRIC_PRESENTATION_REPRESENTATION (  '', ( #491 ), #34 ) ;
#1813 = VERTEX_POINT ( 'NONE', #4526 ) ;
#1814 = SURFACE_STYLE_USAGE ( .BOTH. , #5293 ) ;
#1815 = VECTOR ( 'NONE', #6765, 1000.000000000000000 ) ;
#1816 = FACE_OUTER_BOUND ( 'NONE', #4873, .T. ) ;
#1817 = DIRECTION ( 'NONE',  ( -1.000000000000000000, 0.000000000000000000, 0.000000000000000000 ) ) ;
#1818 = VECTOR ( 'NONE', #1678, 1000.000000000000000 ) ;
#1819 = VERTEX_POINT ( 'NONE', #5613 ) ;
#1820 = CARTESIAN_POINT ( 'NONE',  ( 1.701009032218152806, 1.199999999999999956, -2.049900000000000500 ) ) ;
#1821 = EDGE_CURVE ( 'NONE', #3892, #5877, #6277, .T. ) ;
#1822 = CIRCLE ( 'NONE', #3169, 0.4000000000000000222 ) ;
#1823 = VERTEX_POINT ( 'NONE', #3945 ) ;
#1824 = EDGE_CURVE ( 'NONE', #5472, #1883, #6162, .T. ) ;
#1825 =( LENGTH_UNIT ( ) NAMED_UNIT ( * ) SI_UNIT ( .MILLI., .METRE. ) );
#1826 = EDGE_CURVE ( 'NONE', #2683, #645, #5869, .T. ) ;
#1827 = VECTOR ( 'NONE', #1417, 1000.000000000000000 ) ;
#1828 = DIRECTION ( 'NONE',  ( 0.000000000000000000, -1.000000000000000000, 0.000000000000000000 ) ) ;
#1829 = EDGE_CURVE ( 'NONE', #4646, #5263, #1318, .T. ) ;
#1830 = VECTOR ( 'NONE', #5490, 1000.000000000000000 ) ;
#1832 = VERTEX_POINT ( 'NONE', #905 ) ;
#1831 =( GEOMETRIC_REPRESENTATION_CONTEXT ( 3 ) GLOBAL_UNCERTAINTY_ASSIGNED_CONTEXT ( ( #6359 ) ) GLOBAL_UNIT_ASSIGNED_CONTEXT ( ( #2932, #6609, #1313 ) ) REPRESENTATION_CONTEXT ( 'NONE', 'WORKASPACE' ) );
#1833 = SURFACE_SIDE_STYLE ('',( #5338 ) ) ;
#1834 = LINE ( 'NONE', #4182, #2842 ) ;
#1835 = EDGE_CURVE ( 'NONE', #2256, #2683, #595, .T. ) ;
#1836 =( NAMED_UNIT ( * ) PLANE_ANGLE_UNIT ( ) SI_UNIT ( $, .RADIAN. ) );
#1837 = LINE ( 'NONE', #188, #3533 ) ;
#1838 = VECTOR ( 'NONE', #1433, 1000.000000000000000 ) ;
#1839 = DIRECTION ( 'NONE',  ( 0.000000000000000000, 0.000000000000000000, -1.000000000000000000 ) ) ;
#1840 = LINE ( 'NONE', #40, #2171 ) ;
#1841 = LINE ( 'NONE', #6856, #4055 ) ;
#1842 = DIRECTION ( 'NONE',  ( 1.000000000000000000, -0.000000000000000000, 1.057758217059029964E-16 ) ) ;
#1843 = SURFACE_STYLE_USAGE ( .BOTH. , #7145 ) ;
#1844 = ORIENTED_EDGE ( 'NONE', *, *, #6085, .T. ) ;
#1845 = MECHANICAL_DESIGN_GEOMETRIC_PRESENTATION_REPRESENTATION (  '', ( #5799 ), #4178 ) ;
#1846 = ORIENTED_EDGE ( 'NONE', *, *, #1170, .F. ) ;
#1847 = FACE_OUTER_BOUND ( 'NONE', #5742, .T. ) ;
#1848 = CARTESIAN_POINT ( 'NONE',  ( 3.149999999999999911, 0.2598999999998396482, 2.049989999999999757 ) ) ;
#1849 = DIRECTION ( 'NONE',  ( -0.3713906763541044986, 0.9284766908852589706, 0.000000000000000000 ) ) ;
#1850 = LINE ( 'NONE', #21, #6978 ) ;
#1851 = VERTEX_POINT ( 'NONE', #4142 ) ;
#1852 = CARTESIAN_POINT ( 'NONE',  ( 2.449999999999999734, 0.1499999999999999667, -2.050000000000000266 ) ) ;
#1853 = EDGE_LOOP ( 'NONE', ( #6016, #7633, #1575, #5034 ) ) ;
#1854 = FILL_AREA_STYLE ('',( #3005 ) ) ;
#1855 = MECHANICAL_DESIGN_GEOMETRIC_PRESENTATION_REPRESENTATION (  '', ( #3081 ), #3323 ) ;
#1856 = ORIENTED_EDGE ( 'NONE', *, *, #6840, .F. ) ;
#1857 = DIRECTION ( 'NONE',  ( -0.000000000000000000, -1.000000000000000000, -0.000000000000000000 ) ) ;
#1858 =( GEOMETRIC_REPRESENTATION_CONTEXT ( 3 ) GLOBAL_UNCERTAINTY_ASSIGNED_CONTEXT ( ( #6504 ) ) GLOBAL_UNIT_ASSIGNED_CONTEXT ( ( #5306, #4727, #1253 ) ) REPRESENTATION_CONTEXT ( 'NONE', 'WORKASPACE' ) );
#1859 = LINE ( 'NONE', #5533, #5875 ) ;
#1860 = VECTOR ( 'NONE', #364, 1000.000000000000000 ) ;
#1861 = ORIENTED_EDGE ( 'NONE', *, *, #2957, .F. ) ;
#1862 = PLANE ( 'NONE',  #3432 ) ;
#1863 =( NAMED_UNIT ( * ) SI_UNIT ( $, .STERADIAN. ) SOLID_ANGLE_UNIT ( ) );
#1864 = FILL_AREA_STYLE_COLOUR ( '', #6144 ) ;
#1865 = DIRECTION ( 'NONE',  ( 1.000000000000000000, -0.000000000000000000, 4.818676322157800333E-16 ) ) ;
#1866 = ORIENTED_EDGE ( 'NONE', *, *, #2718, .F. ) ;
#1867 =( NAMED_UNIT ( * ) PLANE_ANGLE_UNIT ( ) SI_UNIT ( $, .RADIAN. ) );
#1868 = STYLED_ITEM ( 'NONE', ( #6896 ), #4367 ) ;
#1869 = CARTESIAN_POINT ( 'NONE',  ( 2.916673333333332785, 1.399993333333333201, 1.500001000000000140 ) ) ;
#1870 = EDGE_CURVE ( 'NONE', #5913, #5792, #3558, .T. ) ;
#1871 = DIRECTION ( 'NONE',  ( -4.818676322157800333E-16, -0.000000000000000000, -1.000000000000000000 ) ) ;
#1872 = EDGE_CURVE ( 'NONE', #4993, #5767, #5956, .T. ) ;
#1873 = FACE_OUTER_BOUND ( 'NONE', #2495, .T. ) ;
#1874 = CARTESIAN_POINT ( 'NONE',  ( 0.5499999999999997113, 1.399999999999999911, 2.050000000000000266 ) ) ;
#1875 = LINE ( 'NONE', #1264, #1942 ) ;
#1876 = ORIENTED_EDGE ( 'NONE', *, *, #7614, .T. ) ;
#1877 = VERTEX_POINT ( 'NONE', #1132 ) ;
#1878 = DIRECTION ( 'NONE',  ( 0.000000000000000000, 0.7071067811865474617, 0.7071067811865474617 ) ) ;
#1879 = CARTESIAN_POINT ( 'NONE',  ( 1.500000000000000000, -9.999999999994822059E-05, 0.4000000000000000222 ) ) ;
#1880 = DIRECTION ( 'NONE',  ( 6.944113381887672933E-23, -0.9999999999997845057, -6.564934471693304967E-07 ) ) ;
#1881 = CARTESIAN_POINT ( 'NONE',  ( 3.149999999999999467, 0.6499999999999930278, 1.500001000000001028 ) ) ;
#1882 = VERTEX_POINT ( 'NONE', #586 ) ;
#1883 = VERTEX_POINT ( 'NONE', #6973 ) ;
#1884 = CARTESIAN_POINT ( 'NONE',  ( 1.701009032218152806, 1.399999999999999911, -2.050000000000000266 ) ) ;
#1885 = DIRECTION ( 'NONE',  ( 0.000000000000000000, -1.000000000000000000, 0.000000000000000000 ) ) ;
#1886 = VERTEX_POINT ( 'NONE', #3469 ) ;
#1887 = CARTESIAN_POINT ( 'NONE',  ( 3.149999999999999911, 0.2599003282466580411, -0.5000000000002154943 ) ) ;
#1888 = CARTESIAN_POINT ( 'NONE',  ( -1.500000000000000000, -0.5000000000000000000, -0.4000000000000000222 ) ) ;
#1889 = VECTOR ( 'NONE', #4211, 999.9999999999998863 ) ;
#1890 = ORIENTED_EDGE ( 'NONE', *, *, #5350, .F. ) ;
#1891 = ORIENTED_EDGE ( 'NONE', *, *, #7377, .F. ) ;
#1892 =( NAMED_UNIT ( * ) SI_UNIT ( $, .STERADIAN. ) SOLID_ANGLE_UNIT ( ) );
#1893 = DIRECTION ( 'NONE',  ( 0.000000000000000000, -1.000000000000000000, 2.464095846557964399E-16 ) ) ;
#1894 = ORIENTED_EDGE ( 'NONE', *, *, #6424, .F. ) ;
#1895 = DIRECTION ( 'NONE',  ( 0.000000000000000000, -1.000000000000000000, 0.000000000000000000 ) ) ;
#1896 = ORIENTED_EDGE ( 'NONE', *, *, #7076, .T. ) ;
#1897 = CARTESIAN_POINT ( 'NONE',  ( -2.800009999999996779, 1.399990000000004953, -1.500001000000000140 ) ) ;
#1898 =( GEOMETRIC_REPRESENTATION_CONTEXT ( 3 ) GLOBAL_UNCERTAINTY_ASSIGNED_CONTEXT ( ( #5703 ) ) GLOBAL_UNIT_ASSIGNED_CONTEXT ( ( #4502, #6868, #6833 ) ) REPRESENTATION_CONTEXT ( 'NONE', 'WORKASPACE' ) );
#1899 = PRESENTATION_LAYER_ASSIGNMENT (  '', '', ( #4880 ) ) ;
#1900 = CARTESIAN_POINT ( 'NONE',  ( -0.5000000000000004441, -0.0001000000000000000048, 0.8500000000000003109 ) ) ;
#1901 = VECTOR ( 'NONE', #1351, 1000.000000000000000 ) ;
#1902 = VECTOR ( 'NONE', #1195, 1000.000000000000000 ) ;
#1903 = UNCERTAINTY_MEASURE_WITH_UNIT (LENGTH_MEASURE( 1.000000000000000082E-05 ), #6703, 'distance_accuracy_value', 'NONE');
#1904 = LINE ( 'NONE', #6669, #3319 ) ;
#1905 = DIRECTION ( 'NONE',  ( -0.000000000000000000, -1.000000000000000000, -0.000000000000000000 ) ) ;
#1906 = CARTESIAN_POINT ( 'NONE',  ( -1.701009032218152583, 1.199999999999999956, 2.050000000000000266 ) ) ;
#1907 = ORIENTED_EDGE ( 'NONE', *, *, #1029, .F. ) ;
#1908 = COLOUR_RGB ( '',0.000000000000000000, 0.000000000000000000, 1.000000000000000000 ) ;
#1909 = EDGE_CURVE ( 'NONE', #3637, #1653, #2388, .T. ) ;
#1910 = EDGE_CURVE ( 'NONE', #6350, #6615, #6401, .T. ) ;
#1911 = ORIENTED_EDGE ( 'NONE', *, *, #3750, .F. ) ;
#1912 = FILL_AREA_STYLE ('',( #1269 ) ) ;
#1913 = DIRECTION ( 'NONE',  ( 1.000000000000000000, 0.000000000000000000, -0.000000000000000000 ) ) ;
#1914 = LINE ( 'NONE', #647, #707 ) ;
#1915 = EDGE_CURVE ( 'NONE', #937, #7669, #2903, .T. ) ;
#1916 = DIRECTION ( 'NONE',  ( -0.000000000000000000, -0.000000000000000000, -1.000000000000000000 ) ) ;
#1917 = CARTESIAN_POINT ( 'NONE',  ( -0.5000000000000000000, 0.1498999999999999777, -0.7499999999999977796 ) ) ;
#1918 = VERTEX_POINT ( 'NONE', #1099 ) ;
#1919 = SURFACE_SIDE_STYLE ('',( #1517 ) ) ;
#1920 = EDGE_LOOP ( 'NONE', ( #3348, #931 ) ) ;
#1921 = DIRECTION ( 'NONE',  ( 0.9396926207859080948, 0.000000000000000000, 0.3420201433256695456 ) ) ;
#1922 = STYLED_ITEM ( 'NONE', ( #7142 ), #6691 ) ;
#1924 = AXIS2_PLACEMENT_3D ( 'NONE', #1008, #967, #6812 ) ;
#1923 = PRESENTATION_LAYER_ASSIGNMENT (  '', '', ( #5261 ) ) ;
#1925 = ORIENTED_EDGE ( 'NONE', *, *, #1652, .F. ) ;
#1926 = VECTOR ( 'NONE', #6325, 1000.000000000000000 ) ;
#1927 = ORIENTED_EDGE ( 'NONE', *, *, #1315, .F. ) ;
#1928 = DIRECTION ( 'NONE',  ( 0.000000000000000000, 0.000000000000000000, -1.000000000000000000 ) ) ;
#1929 = DIRECTION ( 'NONE',  ( -1.000000000000000000, -0.000000000000000000, 0.000000000000000000 ) ) ;
#1930 = CARTESIAN_POINT ( 'NONE',  ( 1.249999999999999778, 1.199999999999999956, 2.449999999999999734 ) ) ;
#1931 = COLOUR_RGB ( '',0.7960784313725489669, 0.8235294117647058432, 0.9372549019607843146 ) ;
#1932 = ORIENTED_EDGE ( 'NONE', *, *, #1076, .T. ) ;
#1933 = ORIENTED_EDGE ( 'NONE', *, *, #6554, .T. ) ;
#1934 = COLOUR_RGB ( '',0.000000000000000000, 0.000000000000000000, 1.000000000000000000 ) ;
#1935 = CARTESIAN_POINT ( 'NONE',  ( 2.500000000000000000, 0.1498999999999999777, -1.249999999999997780 ) ) ;
#1936 = DIRECTION ( 'NONE',  ( 0.000000000000000000, 1.000000000000000000, 0.000000000000000000 ) ) ;
#1937 = AXIS2_PLACEMENT_3D ( 'NONE', #3410, #4546, #4501 ) ;
#1938 = ORIENTED_EDGE ( 'NONE', *, *, #6553, .T. ) ;
#1939 = DIRECTION ( 'NONE',  ( 0.000000000000000000, 1.000000000000000000, 0.000000000000000000 ) ) ;
#1940 = PRESENTATION_LAYER_ASSIGNMENT (  '', '', ( #2560 ) ) ;
#1941 = FILL_AREA_STYLE_COLOUR ( '', #6427 ) ;
#1942 = VECTOR ( 'NONE', #7032, 1000.000000000000000 ) ;
#1943 =( LENGTH_UNIT ( ) NAMED_UNIT ( * ) SI_UNIT ( .MILLI., .METRE. ) );
#1944 = PLANE ( 'NONE',  #6282 ) ;
#1945 = AXIS2_PLACEMENT_3D ( 'NONE', #1585, #4498, #3262 ) ;
#1946 = FILL_AREA_STYLE_COLOUR ( '', #5763 ) ;
#1947 = PRESENTATION_LAYER_ASSIGNMENT (  '', '', ( #3536 ) ) ;
#1948 = CARTESIAN_POINT ( 'NONE',  ( 2.500000000000000000, 0.1498999999999999777, -0.7499999999999977796 ) ) ;
#1949 =( NAMED_UNIT ( * ) PLANE_ANGLE_UNIT ( ) SI_UNIT ( $, .RADIAN. ) );
#1950 = SURFACE_STYLE_USAGE ( .BOTH. , #720 ) ;
#1951 = PRESENTATION_STYLE_ASSIGNMENT (( #7348 ) ) ;
#1952 = VERTEX_POINT ( 'NONE', #4770 ) ;
#1953 = CONICAL_SURFACE ( 'NONE', #3932, 0.3999999999564352038, 0.7853981633974482790 ) ;
#1954 =( NAMED_UNIT ( * ) PLANE_ANGLE_UNIT ( ) SI_UNIT ( $, .RADIAN. ) );
#1955 =( GEOMETRIC_REPRESENTATION_CONTEXT ( 3 ) GLOBAL_UNCERTAINTY_ASSIGNED_CONTEXT ( ( #1646 ) ) GLOBAL_UNIT_ASSIGNED_CONTEXT ( ( #24, #4707, #1769 ) ) REPRESENTATION_CONTEXT ( 'NONE', 'WORKASPACE' ) );
#1956 = EDGE_CURVE ( 'NONE', #4091, #5455, #7053, .T. ) ;
#1957 = ORIENTED_EDGE ( 'NONE', *, *, #1829, .T. ) ;
#1958 = LINE ( 'NONE', #1388, #5988 ) ;
#1959 =( NAMED_UNIT ( * ) PLANE_ANGLE_UNIT ( ) SI_UNIT ( $, .RADIAN. ) );
#1960 = DIRECTION ( 'NONE',  ( 0.000000000000000000, 1.000000000000000000, 0.000000000000000000 ) ) ;
#1961 = PLANE ( 'NONE',  #4239 ) ;
#1962 =( NAMED_UNIT ( * ) SI_UNIT ( $, .STERADIAN. ) SOLID_ANGLE_UNIT ( ) );
#1963 = ORIENTED_EDGE ( 'NONE', *, *, #5566, .T. ) ;
#1964 = EDGE_LOOP ( 'NONE', ( #5146, #2147, #5260, #336 ) ) ;
#1965 = EDGE_CURVE ( 'NONE', #5682, #6763, #4210, .T. ) ;
#1966 = ADVANCED_FACE ( 'NONE', ( #780 ), #4969, .F. ) ;
#1967 = VERTEX_POINT ( 'NONE', #7251 ) ;
#1968 = VECTOR ( 'NONE', #7618, 1000.000000000000000 ) ;
#1969 = CARTESIAN_POINT ( 'NONE',  ( 1.500000000000000000, -9.999999999994822059E-05, 0.000000000000000000 ) ) ;
#1970 = ORIENTED_EDGE ( 'NONE', *, *, #6280, .T. ) ;
#1971 = CARTESIAN_POINT ( 'NONE',  ( -3.149999999999999467, 1.399999999999999911, -2.050000000000000266 ) ) ;
#1972 = CARTESIAN_POINT ( 'NONE',  ( -3.349900000000001210, 0.9000000000000000222, -2.050000000000000266 ) ) ;
#1973 = FACE_OUTER_BOUND ( 'NONE', #6815, .T. ) ;
#1974 = EDGE_CURVE ( 'NONE', #2250, #4212, #3016, .T. ) ;
#1975 = EDGE_CURVE ( 'NONE', #946, #3426, #70, .T. ) ;
#1976 = SURFACE_SIDE_STYLE ('',( #7370 ) ) ;
#1977 = ORIENTED_EDGE ( 'NONE', *, *, #7321, .T. ) ;
#1978 = VERTEX_POINT ( 'NONE', #1330 ) ;
#1979 =( NAMED_UNIT ( * ) PLANE_ANGLE_UNIT ( ) SI_UNIT ( $, .RADIAN. ) );
#1980 = DIRECTION ( 'NONE',  ( 0.000000000000000000, 0.000000000000000000, 1.000000000000000000 ) ) ;
#1981 = ORIENTED_EDGE ( 'NONE', *, *, #696, .T. ) ;
#1982 = SURFACE_STYLE_USAGE ( .BOTH. , #4294 ) ;
#1983 = DIRECTION ( 'NONE',  ( -1.000000000000000000, -0.000000000000000000, 0.000000000000000000 ) ) ;
#1984 = DIRECTION ( 'NONE',  ( 1.000000000000000000, -0.000000000000000000, -1.057758217059029964E-16 ) ) ;
#1985 = UNCERTAINTY_MEASURE_WITH_UNIT (LENGTH_MEASURE( 1.000000000000000082E-05 ), #2591, 'distance_accuracy_value', 'NONE');
#1986 = FACE_OUTER_BOUND ( 'NONE', #6601, .T. ) ;
#1987 = COLOUR_RGB ( '',0.7960784313725489669, 0.8235294117647058432, 0.9372549019607843146 ) ;
#1988 = DIRECTION ( 'NONE',  ( 0.000000000000000000, 0.000000000000000000, 1.000000000000000000 ) ) ;
#1989 = SURFACE_STYLE_USAGE ( .BOTH. , #834 ) ;
#1990 = PLANE ( 'NONE',  #6287 ) ;
#1991 = EDGE_LOOP ( 'NONE', ( #1977, #219, #61, #5764 ) ) ;
#1992 =( LENGTH_UNIT ( ) NAMED_UNIT ( * ) SI_UNIT ( .MILLI., .METRE. ) );
#1993 =( GEOMETRIC_REPRESENTATION_CONTEXT ( 3 ) GLOBAL_UNCERTAINTY_ASSIGNED_CONTEXT ( ( #990 ) ) GLOBAL_UNIT_ASSIGNED_CONTEXT ( ( #286, #7434, #7357 ) ) REPRESENTATION_CONTEXT ( 'NONE', 'WORKASPACE' ) );
#1994 = DIRECTION ( 'NONE',  ( 1.000000000000000000, -0.000000000000000000, 0.000000000000000000 ) ) ;
#1995 = UNCERTAINTY_MEASURE_WITH_UNIT (LENGTH_MEASURE( 1.000000000000000082E-05 ), #418, 'distance_accuracy_value', 'NONE');
#1996 = CARTESIAN_POINT ( 'NONE',  ( -2.799999999999999822, 1.199999999999999956, -2.050000000000000266 ) ) ;
#1997 = CARTESIAN_POINT ( 'NONE',  ( 2.449999999999999734, 0.1499999999999999944, 2.949999999999999734 ) ) ;
#1998 = FACE_OUTER_BOUND ( 'NONE', #1095, .T. ) ;
#1999 = SURFACE_SIDE_STYLE ('',( #2491 ) ) ;
#2000 = EDGE_LOOP ( 'NONE', ( #6543, #4417, #4960, #4200 ) ) ;
#2001 =( LENGTH_UNIT ( ) NAMED_UNIT ( * ) SI_UNIT ( .MILLI., .METRE. ) );
#2002 = ORIENTED_EDGE ( 'NONE', *, *, #4606, .T. ) ;
#2003 = DIRECTION ( 'NONE',  ( -0.000000000000000000, -1.000000000000000000, -0.000000000000000000 ) ) ;
#2004 = PRESENTATION_LAYER_ASSIGNMENT (  '', '', ( #4341 ) ) ;
#2005 = EDGE_LOOP ( 'NONE', ( #2745, #2498, #215, #7463, #4697, #6251 ) ) ;
#2006 = CARTESIAN_POINT ( 'NONE',  ( 2.250504516109076203, 1.399999999999999911, -1.850000000000000089 ) ) ;
#2007 = EDGE_LOOP ( 'NONE', ( #7170, #5843, #7327, #1728 ) ) ;
#2008 =( LENGTH_UNIT ( ) NAMED_UNIT ( * ) SI_UNIT ( .MILLI., .METRE. ) );
#2009 = CARTESIAN_POINT ( 'NONE',  ( 1.701009032218152806, 1.199999999999999956, -2.050000000000000266 ) ) ;
#2010 = LINE ( 'NONE', #1215, #554 ) ;
#2011 = EDGE_CURVE ( 'NONE', #5792, #6523, #6889, .T. ) ;
#2012 = ADVANCED_FACE ( 'NONE', ( #7450 ), #306, .F. ) ;
#2013 = EDGE_LOOP ( 'NONE', ( #4323, #2993, #4340, #7244 ) ) ;
#2014 = CARTESIAN_POINT ( 'NONE',  ( -3.149999999999997247, 1.400000000000005684, 1.500001000000000140 ) ) ;
#2015 = PRESENTATION_STYLE_ASSIGNMENT (( #3500 ) ) ;
#2016 = EDGE_CURVE ( 'NONE', #2678, #2250, #6342, .T. ) ;
#2017 = ADVANCED_FACE ( 'NONE', ( #1113 ), #3768, .F. ) ;
#2018 = FILL_AREA_STYLE ('',( #1864 ) ) ;
#2019 = CARTESIAN_POINT ( 'NONE',  ( 1.451009032218151917, 0.8000000000000000444, 2.050000000000000266 ) ) ;
#2020 = AXIS2_PLACEMENT_3D ( 'NONE', #5070, #959, #3237 ) ;
#2021 = EDGE_CURVE ( 'NONE', #2673, #293, #133, .T. ) ;
#2022 = ORIENTED_EDGE ( 'NONE', *, *, #790, .T. ) ;
#2023 = SURFACE_SIDE_STYLE ('',( #4213 ) ) ;
#2024 = LINE ( 'NONE', #6084, #1495 ) ;
#2025 = VECTOR ( 'NONE', #7001, 1000.000000000000000 ) ;
#2026 = CARTESIAN_POINT ( 'NONE',  ( -3.350000000000000089, 0.000000000000000000, -2.050000000000000266 ) ) ;
#2027 = CARTESIAN_POINT ( 'NONE',  ( 1.701009032218151917, 1.199999999999999956, 2.050000000000000266 ) ) ;
#2028 = CARTESIAN_POINT ( 'NONE',  ( -3.349900000000001210, 0.6999999999999999556, -2.050000000000000266 ) ) ;
#2029 = EDGE_LOOP ( 'NONE', ( #4395, #2878, #2841, #358 ) ) ;
#2030 = LINE ( 'NONE', #2301, #936 ) ;
#2031 = FILL_AREA_STYLE ('',( #7350 ) ) ;
#2032 = VERTEX_POINT ( 'NONE', #6514 ) ;
#2033 = VECTOR ( 'NONE', #4724, 1000.000000000000000 ) ;
#2034 =( LENGTH_UNIT ( ) NAMED_UNIT ( * ) SI_UNIT ( .MILLI., .METRE. ) );
#2035 = LINE ( 'NONE', #7431, #5630 ) ;
#2036 = FACE_OUTER_BOUND ( 'NONE', #6699, .T. ) ;
#2037 = DIRECTION ( 'NONE',  ( 0.000000000000000000, -6.564934471693303908E-07, 0.9999999999997843947 ) ) ;
#2038 = CARTESIAN_POINT ( 'NONE',  ( -3.350000000000000089, 1.399999999999999911, -1.500000000000000000 ) ) ;
#2039 = CARTESIAN_POINT ( 'NONE',  ( 6.123233995736766036E-17, -0.0001000000000000000048, 0.5000000000000000000 ) ) ;
#2040 = COLOUR_RGB ( '',1.000000000000000000, 0.5019607843137254832, 0.000000000000000000 ) ;
#2041 = VECTOR ( 'NONE', #6109, 1000.000000000000000 ) ;
#2042 = FILL_AREA_STYLE_COLOUR ( '', #2204 ) ;
#2043 = ORIENTED_EDGE ( 'NONE', *, *, #2952, .F. ) ;
#2044 = PRESENTATION_LAYER_ASSIGNMENT (  '', '', ( #2785 ) ) ;
#2045 = VERTEX_POINT ( 'NONE', #966 ) ;
#2046 = FACE_OUTER_BOUND ( 'NONE', #7203, .T. ) ;
#2047 = PRESENTATION_STYLE_ASSIGNMENT (( #815 ) ) ;
#2048 = ORIENTED_EDGE ( 'NONE', *, *, #6371, .T. ) ;
#2049 = VECTOR ( 'NONE', #6629, 1000.000000000000000 ) ;
#2050 = VECTOR ( 'NONE', #6177, 1000.000000000000000 ) ;
#2051 =( NAMED_UNIT ( * ) SI_UNIT ( $, .STERADIAN. ) SOLID_ANGLE_UNIT ( ) );
#2052 = ORIENTED_EDGE ( 'NONE', *, *, #2102, .F. ) ;
#2053 = EDGE_CURVE ( 'NONE', #4317, #7669, #6314, .T. ) ;
#2054 = AXIS2_PLACEMENT_3D ( 'NONE', #2141, #4499, #3927 ) ;
#2055 = ADVANCED_FACE ( 'NONE', ( #1816 ), #3820, .F. ) ;
#2056 = ORIENTED_EDGE ( 'NONE', *, *, #6198, .T. ) ;
#2057 = CARTESIAN_POINT ( 'NONE',  ( -0.9999999999999995559, -0.0001000000000000000048, -0.7499999999999978906 ) ) ;
#2058 =( LENGTH_UNIT ( ) NAMED_UNIT ( * ) SI_UNIT ( .MILLI., .METRE. ) );
#2059 = AXIS2_PLACEMENT_3D ( 'NONE', #2928, #5189, #1083 ) ;
#2060 = SURFACE_STYLE_USAGE ( .BOTH. , #2480 ) ;
#2061 = DIRECTION ( 'NONE',  ( -0.000000000000000000, -1.000000000000000000, 0.000000000000000000 ) ) ;
#2062 = EDGE_CURVE ( 'NONE', #174, #4708, #7612, .T. ) ;
#2063 = PLANE ( 'NONE',  #1060 ) ;
#2064 = LINE ( 'NONE', #2754, #2210 ) ;
#2065 = VERTEX_POINT ( 'NONE', #5604 ) ;
#2066 = ADVANCED_FACE ( 'NONE', ( #2046 ), #2992, .F. ) ;
#2067 = AXIS2_PLACEMENT_3D ( 'NONE', #3412, #7517, #6949 ) ;
#2068 = PRESENTATION_STYLE_ASSIGNMENT (( #3800 ) ) ;
#2069 = ORIENTED_EDGE ( 'NONE', *, *, #2475, .F. ) ;
#2070 = PLANE ( 'NONE',  #3332 ) ;
#2071 = CARTESIAN_POINT ( 'NONE',  ( -3.150000000000000355, 1.199999999999999956, -1.500000000000000000 ) ) ;
#2072 = MECHANICAL_DESIGN_GEOMETRIC_PRESENTATION_REPRESENTATION (  '', ( #202 ), #7538 ) ;
#2073 = SURFACE_STYLE_FILL_AREA ( #3339 ) ;
#2074 =( NAMED_UNIT ( * ) SI_UNIT ( $, .STERADIAN. ) SOLID_ANGLE_UNIT ( ) );
#2075 = FILL_AREA_STYLE_COLOUR ( '', #467 ) ;
#2076 = PLANE ( 'NONE',  #3255 ) ;
#2077 =( LENGTH_UNIT ( ) NAMED_UNIT ( * ) SI_UNIT ( .MILLI., .METRE. ) );
#2078 = PRESENTATION_LAYER_ASSIGNMENT (  '', '', ( #6025 ) ) ;
#2079 = FACE_OUTER_BOUND ( 'NONE', #6341, .T. ) ;
#2080 = ORIENTED_EDGE ( 'NONE', *, *, #1910, .T. ) ;
#2081 = PRESENTATION_LAYER_ASSIGNMENT (  '', '', ( #7023 ) ) ;
#2082 = DIRECTION ( 'NONE',  ( 1.000000000000000000, 0.000000000000000000, -0.000000000000000000 ) ) ;
#2083 = ORIENTED_EDGE ( 'NONE', *, *, #1218, .F. ) ;
#2084 = AXIS2_PLACEMENT_3D ( 'NONE', #1007, #4011, #420 ) ;
#2085 = CARTESIAN_POINT ( 'NONE',  ( 1.701009032218152139, 1.199999999999999956, 0.8499999999999998668 ) ) ;
#2086 = SURFACE_STYLE_FILL_AREA ( #295 ) ;
#2087 = PRESENTATION_STYLE_ASSIGNMENT (( #893 ) ) ;
#2088 = EDGE_LOOP ( 'NONE', ( #4586, #6323, #4495, #2314 ) ) ;
#2089 = DIRECTION ( 'NONE',  ( 0.9396926207859082059, 0.000000000000000000, 0.3420201433256691015 ) ) ;
#2090 = FILL_AREA_STYLE_COLOUR ( '', #3771 ) ;
#2091 = VECTOR ( 'NONE', #6073, 1000.000000000000000 ) ;
#2092 =( NAMED_UNIT ( * ) SI_UNIT ( $, .STERADIAN. ) SOLID_ANGLE_UNIT ( ) );
#2093 = ORIENTED_EDGE ( 'NONE', *, *, #2102, .T. ) ;
#2094 = FACE_OUTER_BOUND ( 'NONE', #4529, .T. ) ;
#2095 = PLANE ( 'NONE',  #5321 ) ;
#2096 = UNCERTAINTY_MEASURE_WITH_UNIT (LENGTH_MEASURE( 1.000000000000000082E-05 ), #4201, 'distance_accuracy_value', 'NONE');
#2097 = ORIENTED_EDGE ( 'NONE', *, *, #1120, .T. ) ;
#2098 = FACE_BOUND ( 'NONE', #22, .T. ) ;
#2099 = PRESENTATION_LAYER_ASSIGNMENT (  '', '', ( #491 ) ) ;
#2100 = CARTESIAN_POINT ( 'NONE',  ( 2.049999999999999822, 0.000000000000000000, 2.050000000000000266 ) ) ;
#2101 = PRESENTATION_LAYER_ASSIGNMENT (  '', '', ( #878 ) ) ;
#2102 = EDGE_CURVE ( 'NONE', #6010, #7482, #6480, .T. ) ;
#2103 = CARTESIAN_POINT ( 'NONE',  ( -3.349900000000000766, 0.9000000000000000222, 1.500001000000000140 ) ) ;
#2104 = ADVANCED_FACE ( 'NONE', ( #5345 ), #2458, .F. ) ;
#2105 = ORIENTED_EDGE ( 'NONE', *, *, #1738, .T. ) ;
#2106 = SURFACE_SIDE_STYLE ('',( #2802 ) ) ;
#2107 = CARTESIAN_POINT ( 'NONE',  ( 0.5000000000000004441, 0.1498999999999999777, 0.8500000000000003109 ) ) ;
#2108 = EDGE_CURVE ( 'NONE', #5729, #5370, #4161, .T. ) ;
#2109 = EDGE_CURVE ( 'NONE', #5682, #1123, #3002, .T. ) ;
#2110 = AXIS2_PLACEMENT_3D ( 'NONE', #714, #3062, #6515 ) ;
#2111 = DIRECTION ( 'NONE',  ( 1.057758217059029964E-16, -2.464095846557964399E-16, -1.000000000000000000 ) ) ;
#2112 = FILL_AREA_STYLE_COLOUR ( '', #7657 ) ;
#2113 = DIRECTION ( 'NONE',  ( 0.000000000000000000, 0.000000000000000000, -1.000000000000000000 ) ) ;
#2114 =( NAMED_UNIT ( * ) PLANE_ANGLE_UNIT ( ) SI_UNIT ( $, .RADIAN. ) );
#2115 = DIRECTION ( 'NONE',  ( 1.000000000000000000, 0.000000000000000000, 2.168404344971010594E-16 ) ) ;
#2116 = CARTESIAN_POINT ( 'NONE',  ( 2.800004999999999633, 1.399994999999999878, -2.050000000000000266 ) ) ;
#2117 = LINE ( 'NONE', #2854, #3298 ) ;
#2118 = VERTEX_POINT ( 'NONE', #5916 ) ;
#2119 = MECHANICAL_DESIGN_GEOMETRIC_PRESENTATION_REPRESENTATION (  '', ( #386 ), #510 ) ;
#2120 = VERTEX_POINT ( 'NONE', #4133 ) ;
#2121 = DIRECTION ( 'NONE',  ( 1.000000000000000000, 0.000000000000000000, -4.818676322157800333E-16 ) ) ;
#2122 = ORIENTED_EDGE ( 'NONE', *, *, #1302, .F. ) ;
#2123 = VECTOR ( 'NONE', #3479, 1000.000000000000114 ) ;
#2124 = DIRECTION ( 'NONE',  ( 0.000000000000000000, 0.000000000000000000, 1.000000000000000000 ) ) ;
#2125 = ORIENTED_EDGE ( 'NONE', *, *, #3698, .F. ) ;
#2126 = FILL_AREA_STYLE_COLOUR ( '', #4311 ) ;
#2127 =( NAMED_UNIT ( * ) SI_UNIT ( $, .STERADIAN. ) SOLID_ANGLE_UNIT ( ) );
#2128 = ORIENTED_EDGE ( 'NONE', *, *, #1513, .F. ) ;
#2129 = FACE_OUTER_BOUND ( 'NONE', #2007, .T. ) ;
#2130 = CARTESIAN_POINT ( 'NONE',  ( 3.349900000000001210, 0.6999999999999999556, -2.050000000000000266 ) ) ;
#2131 = AXIS2_PLACEMENT_3D ( 'NONE', #3351, #3388, #5768 ) ;
#2132 = ORIENTED_EDGE ( 'NONE', *, *, #5049, .F. ) ;
#2133 = DIRECTION ( 'NONE',  ( -0.000000000000000000, -0.000000000000000000, 1.000000000000000000 ) ) ;
#2134 = DIRECTION ( 'NONE',  ( 1.000000000000000000, 0.000000000000000000, -0.000000000000000000 ) ) ;
#2135 = FILL_AREA_STYLE_COLOUR ( '', #1721 ) ;
#2136 = FACE_OUTER_BOUND ( 'NONE', #5406, .T. ) ;
#2137 = ORIENTED_EDGE ( 'NONE', *, *, #2671, .T. ) ;
#2138 =( NAMED_UNIT ( * ) PLANE_ANGLE_UNIT ( ) SI_UNIT ( $, .RADIAN. ) );
#2139 = MECHANICAL_DESIGN_GEOMETRIC_PRESENTATION_REPRESENTATION (  '', ( #5481 ), #7098 ) ;
#2140 = DIRECTION ( 'NONE',  ( -1.057758217059029840E-16, -0.000000000000000000, -1.000000000000000000 ) ) ;
#2141 = CARTESIAN_POINT ( 'NONE',  ( -1.999999999999999112, 0.1498999999999999777, 0.8500000000000001998 ) ) ;
#2142 = LINE ( 'NONE', #3928, #193 ) ;
#2143 = FILL_AREA_STYLE_COLOUR ( '', #47 ) ;
#2144 = LINE ( 'NONE', #5138, #73 ) ;
#2145 = EDGE_CURVE ( 'NONE', #3959, #1536, #4771, .T. ) ;
#2146 =( LENGTH_UNIT ( ) NAMED_UNIT ( * ) SI_UNIT ( .MILLI., .METRE. ) );
#2147 = ORIENTED_EDGE ( 'NONE', *, *, #5280, .F. ) ;
#2148 = EDGE_CURVE ( 'NONE', #6950, #2608, #627, .T. ) ;
#2149 = FILL_AREA_STYLE ('',( #1485 ) ) ;
#2150 = VERTEX_POINT ( 'NONE', #32 ) ;
#2151 = SURFACE_STYLE_USAGE ( .BOTH. , #5110 ) ;
#2152 = EDGE_CURVE ( 'NONE', #5455, #3162, #2389, .T. ) ;
#2153 = EDGE_LOOP ( 'NONE', ( #7595, #2548, #5553, #2631 ) ) ;
#2154 = AXIS2_PLACEMENT_3D ( 'NONE', #1487, #5068, #4991 ) ;
#2155 = VECTOR ( 'NONE', #4079, 1000.000000000000000 ) ;
#2156 = ORIENTED_EDGE ( 'NONE', *, *, #1164, .T. ) ;
#2157 =( NAMED_UNIT ( * ) PLANE_ANGLE_UNIT ( ) SI_UNIT ( $, .RADIAN. ) );
#2158 =( GEOMETRIC_REPRESENTATION_CONTEXT ( 3 ) GLOBAL_UNCERTAINTY_ASSIGNED_CONTEXT ( ( #6088 ) ) GLOBAL_UNIT_ASSIGNED_CONTEXT ( ( #1150, #3485, #2926 ) ) REPRESENTATION_CONTEXT ( 'NONE', 'WORKASPACE' ) );
#2159 = DIRECTION ( 'NONE',  ( 1.000000000000000000, -0.000000000000000000, 0.000000000000000000 ) ) ;
#2160 = AXIS2_PLACEMENT_3D ( 'NONE', #1153, #7077, #1085 ) ;
#2161 = FILL_AREA_STYLE_COLOUR ( '', #3114 ) ;
#2162 = VECTOR ( 'NONE', #1839, 1000.000000000000000 ) ;
#2163 = COLOUR_RGB ( '',0.000000000000000000, 0.000000000000000000, 1.000000000000000000 ) ;
#2164 = VERTEX_POINT ( 'NONE', #4176 ) ;
#2165 = DIRECTION ( 'NONE',  ( 0.000000000000000000, -0.000000000000000000, -1.000000000000000000 ) ) ;
#2166 = B_SPLINE_CURVE_WITH_KNOTS ( 'NONE', 3,
 ( #6639, #4345, #5349, #1389 ),
 .UNSPECIFIED., .F., .F.,
 ( 4, 4 ),
 ( 0.000000000000000000, 1.000000000000000000 ),
 .UNSPECIFIED. ) ;
#2167 = VECTOR ( 'NONE', #4280, 1000.000000000000000 ) ;
#2168 = UNCERTAINTY_MEASURE_WITH_UNIT (LENGTH_MEASURE( 1.000000000000000082E-05 ), #7019, 'distance_accuracy_value', 'NONE');
#2169 = VECTOR ( 'NONE', #5972, 1000.000000000000000 ) ;
#2170 = VERTEX_POINT ( 'NONE', #1252 ) ;
#2171 = VECTOR ( 'NONE', #83, 1000.000000000000000 ) ;
#2172 = CARTESIAN_POINT ( 'NONE',  ( -3.149999999999999911, -0.4999999999881765689, 2.050000000000000266 ) ) ;
#2173 = DIRECTION ( 'NONE',  ( -1.000000000000000000, 0.000000000000000000, 0.000000000000000000 ) ) ;
#2174 = ORIENTED_EDGE ( 'NONE', *, *, #3129, .T. ) ;
#2175 = LINE ( 'NONE', #2723, #2618 ) ;
#2176 = AXIS2_PLACEMENT_3D ( 'NONE', #6875, #5027, #3817 ) ;
#2177 = FACE_OUTER_BOUND ( 'NONE', #4111, .T. ) ;
#2178 = LINE ( 'NONE', #1063, #6674 ) ;
#2179 =( GEOMETRIC_REPRESENTATION_CONTEXT ( 3 ) GLOBAL_UNCERTAINTY_ASSIGNED_CONTEXT ( ( #6974 ) ) GLOBAL_UNIT_ASSIGNED_CONTEXT ( ( #3104, #2681, #6631 ) ) REPRESENTATION_CONTEXT ( 'NONE', 'WORKASPACE' ) );
#2180 = PRESENTATION_LAYER_ASSIGNMENT (  '', '', ( #7009 ) ) ;
#2181 = DIRECTION ( 'NONE',  ( 0.000000000000000000, -0.000000000000000000, -1.000000000000000000 ) ) ;
#2182 = MECHANICAL_DESIGN_GEOMETRIC_PRESENTATION_REPRESENTATION (  '', ( #2684 ), #6402 ) ;
#2183 = SURFACE_STYLE_FILL_AREA ( #992 ) ;
#2184 = DIRECTION ( 'NONE',  ( -0.3420201433256695456, 0.000000000000000000, 0.9396926207859080948 ) ) ;
#2185 =( LENGTH_UNIT ( ) NAMED_UNIT ( * ) SI_UNIT ( .MILLI., .METRE. ) );
#2186 = CARTESIAN_POINT ( 'NONE',  ( 1.500000000000000000, -9.999999999994822059E-05, 0.000000000000000000 ) ) ;
#2187 = ORIENTED_EDGE ( 'NONE', *, *, #405, .F. ) ;
#2188 = PRESENTATION_LAYER_ASSIGNMENT (  '', '', ( #7413 ) ) ;
#2189 = EDGE_CURVE ( 'NONE', #224, #5592, #3588, .T. ) ;
#2190 = PRESENTATION_STYLE_ASSIGNMENT (( #5145 ) ) ;
#2191 = AXIS2_PLACEMENT_3D ( 'NONE', #3333, #3403, #5786 ) ;
#2192 = VERTEX_POINT ( 'NONE', #3018 ) ;
#2193 = CARTESIAN_POINT ( 'NONE',  ( 2.799999999999999822, 1.399999999999999911, -1.683333333333333348 ) ) ;
#2194 = ORIENTED_EDGE ( 'NONE', *, *, #262, .T. ) ;
#2195 = FACE_OUTER_BOUND ( 'NONE', #132, .T. ) ;
#2196 = LINE ( 'NONE', #4559, #2272 ) ;
#2197 = SURFACE_SIDE_STYLE ('',( #5804 ) ) ;
#2198 = EDGE_LOOP ( 'NONE', ( #6238, #2700, #2938, #7118 ) ) ;
#2199 =( LENGTH_UNIT ( ) NAMED_UNIT ( * ) SI_UNIT ( .MILLI., .METRE. ) );
#2200 = EDGE_CURVE ( 'NONE', #3391, #6067, #2434, .T. ) ;
#2201 = SURFACE_SIDE_STYLE ('',( #5732 ) ) ;
#2202 = EDGE_CURVE ( 'NONE', #5217, #3383, #7093, .T. ) ;
#2203 = AXIS2_PLACEMENT_3D ( 'NONE', #922, #459, #2231 ) ;
#2204 = COLOUR_RGB ( '',0.000000000000000000, 0.000000000000000000, 1.000000000000000000 ) ;
#2205 = CARTESIAN_POINT ( 'NONE',  ( -3.149999999999999911, 0.2599009847401052009, -1.500000000000000000 ) ) ;
#2206 = ADVANCED_FACE ( 'NONE', ( #3117 ), #3197, .F. ) ;
#2207 = EDGE_CURVE ( 'NONE', #5767, #4325, #607, .T. ) ;
#2208 = AXIS2_PLACEMENT_3D ( 'NONE', #7611, #2429, #7011 ) ;
#2209 = ORIENTED_EDGE ( 'NONE', *, *, #1410, .F. ) ;
#2210 = VECTOR ( 'NONE', #4415, 1000.000000000000000 ) ;
#2211 =( NAMED_UNIT ( * ) SI_UNIT ( $, .STERADIAN. ) SOLID_ANGLE_UNIT ( ) );
#2212 = CARTESIAN_POINT ( 'NONE',  ( 2.050000000000000266, 0.1499999999999999944, 2.949999999999999734 ) ) ;
#2213 = CARTESIAN_POINT ( 'NONE',  ( -3.149999999999997247, 1.400000000000005684, -2.050000000000000266 ) ) ;
#2214 = SURFACE_SIDE_STYLE ('',( #2799 ) ) ;
#2215 = AXIS2_PLACEMENT_3D ( 'NONE', #147, #868, #2514 ) ;
#2216 = DIRECTION ( 'NONE',  ( -0.000000000000000000, -1.000000000000000000, -0.000000000000000000 ) ) ;
#2217 = LINE ( 'NONE', #6476, #2123 ) ;
#2218 =( GEOMETRIC_REPRESENTATION_CONTEXT ( 3 ) GLOBAL_UNCERTAINTY_ASSIGNED_CONTEXT ( ( #3946 ) ) GLOBAL_UNIT_ASSIGNED_CONTEXT ( ( #6775, #3457, #5294 ) ) REPRESENTATION_CONTEXT ( 'NONE', 'WORKASPACE' ) );
#2219 =( NAMED_UNIT ( * ) SI_UNIT ( $, .STERADIAN. ) SOLID_ANGLE_UNIT ( ) );
#2220 = DIRECTION ( 'NONE',  ( -0.000000000000000000, -1.000000000000000000, -0.000000000000000000 ) ) ;
#2221 = SURFACE_SIDE_STYLE ('',( #6872 ) ) ;
#2222 = ORIENTED_EDGE ( 'NONE', *, *, #3846, .F. ) ;
#2223 = ORIENTED_EDGE ( 'NONE', *, *, #3096, .T. ) ;
#2224 = VECTOR ( 'NONE', #6827, 1000.000000000000000 ) ;
#2225 = DIRECTION ( 'NONE',  ( 0.000000000000000000, -0.000000000000000000, 1.000000000000000000 ) ) ;
#2226 = ORIENTED_EDGE ( 'NONE', *, *, #3239, .F. ) ;
#2227 = CARTESIAN_POINT ( 'NONE',  ( -3.149999999999997247, 1.400000000000005684, -1.500001000000000140 ) ) ;
#2228 = ORIENTED_EDGE ( 'NONE', *, *, #1872, .F. ) ;
#2229 = SURFACE_STYLE_FILL_AREA ( #1081 ) ;
#2230 = PRESENTATION_STYLE_ASSIGNMENT (( #5188 ) ) ;
#2231 = DIRECTION ( 'NONE',  ( 0.000000000000000000, 0.000000000000000000, -1.000000000000000000 ) ) ;
#2232 = DIRECTION ( 'NONE',  ( 1.000000000000000000, -0.000000000000000000, -1.057758217059029964E-16 ) ) ;
#2233 = VECTOR ( 'NONE', #428, 1000.000000000000000 ) ;
#2234 =( NAMED_UNIT ( * ) PLANE_ANGLE_UNIT ( ) SI_UNIT ( $, .RADIAN. ) );
#2235 = ORIENTED_EDGE ( 'NONE', *, *, #213, .T. ) ;
#2236 = FACE_OUTER_BOUND ( 'NONE', #3942, .T. ) ;
#2237 = LINE ( 'NONE', #575, #2547 ) ;
#2238 = MECHANICAL_DESIGN_GEOMETRIC_PRESENTATION_REPRESENTATION (  '', ( #4080 ), #1386 ) ;
#2239 = EDGE_CURVE ( 'NONE', #4109, #3028, #6202, .T. ) ;
#2240 = EDGE_CURVE ( 'NONE', #7484, #4212, #4674, .T. ) ;
#2241 = ORIENTED_EDGE ( 'NONE', *, *, #4077, .F. ) ;
#2242 = EDGE_CURVE ( 'NONE', #5322, #5617, #1850, .T. ) ;
#2243 = PRESENTATION_STYLE_ASSIGNMENT (( #4092 ) ) ;
#2244 = ADVANCED_FACE ( 'NONE', ( #6457 ), #3489, .F. ) ;
#2245 = LINE ( 'NONE', #6400, #3338 ) ;
#2246 = DIRECTION ( 'NONE',  ( 1.000000000000000000, 0.000000000000000000, -0.000000000000000000 ) ) ;
#2247 = EDGE_CURVE ( 'NONE', #6356, #1148, #5941, .T. ) ;
#2248 = CARTESIAN_POINT ( 'NONE',  ( 3.149999999999999467, 0.6500000000000000222, -2.049989999999999757 ) ) ;
#2249 = B_SPLINE_CURVE_WITH_KNOTS ( 'NONE', 3,
 ( #4784, #6050, #1297, #7184 ),
 .UNSPECIFIED., .F., .F.,
 ( 4, 4 ),
 ( 0.1136105430583547043, 1.000000000000000000 ),
 .UNSPECIFIED. ) ;
#2250 = VERTEX_POINT ( 'NONE', #1274 ) ;
#2251 = CARTESIAN_POINT ( 'NONE',  ( -3.149999999999999911, 0.2598999999998395927, 2.049989999999999757 ) ) ;
#2252 = DIRECTION ( 'NONE',  ( -1.000000000000000000, 0.000000000000000000, -0.000000000000000000 ) ) ;
#2253 =( GEOMETRIC_REPRESENTATION_CONTEXT ( 3 ) GLOBAL_UNCERTAINTY_ASSIGNED_CONTEXT ( ( #5086 ) ) GLOBAL_UNIT_ASSIGNED_CONTEXT ( ( #6956, #5187, #6078 ) ) REPRESENTATION_CONTEXT ( 'NONE', 'WORKASPACE' ) );
#2254 = CARTESIAN_POINT ( 'NONE',  ( 2.050000000000000266, 0.1499999999999999944, -2.949999999999999734 ) ) ;
#2255 =( LENGTH_UNIT ( ) NAMED_UNIT ( * ) SI_UNIT ( .MILLI., .METRE. ) );
#2256 = VERTEX_POINT ( 'NONE', #5865 ) ;
#2257 = PRESENTATION_LAYER_ASSIGNMENT (  '', '', ( #7218 ) ) ;
#2258 = ORIENTED_EDGE ( 'NONE', *, *, #2331, .T. ) ;
#2259 = DIRECTION ( 'NONE',  ( 0.000000000000000000, 1.000000000000000000, 0.000000000000000000 ) ) ;
#2260 = EDGE_LOOP ( 'NONE', ( #6034, #3774, #1275, #1348 ) ) ;
#2261 = FACE_OUTER_BOUND ( 'NONE', #7631, .T. ) ;
#2262 = CARTESIAN_POINT ( 'NONE',  ( -3.149999999999999467, 0.6999999999999999556, -1.500001000000000140 ) ) ;
#2263 = CARTESIAN_POINT ( 'NONE',  ( -2.050000000000000266, 0.1499999999999999944, -2.050000000000000266 ) ) ;
#2264 =( NAMED_UNIT ( * ) SI_UNIT ( $, .STERADIAN. ) SOLID_ANGLE_UNIT ( ) );
#2265 = ORIENTED_EDGE ( 'NONE', *, *, #915, .T. ) ;
#2266 = FILL_AREA_STYLE_COLOUR ( '', #7570 ) ;
#2267 = ORIENTED_EDGE ( 'NONE', *, *, #6083, .F. ) ;
#2268 = CARTESIAN_POINT ( 'NONE',  ( 0.9999999999999995559, -0.0001000000000000000048, -1.249999999999997780 ) ) ;
#2269 = PRESENTATION_LAYER_ASSIGNMENT (  '', '', ( #5619 ) ) ;
#2270 = ORIENTED_EDGE ( 'NONE', *, *, #5457, .F. ) ;
#2271 =( GEOMETRIC_REPRESENTATION_CONTEXT ( 3 ) GLOBAL_UNCERTAINTY_ASSIGNED_CONTEXT ( ( #6704 ) ) GLOBAL_UNIT_ASSIGNED_CONTEXT ( ( #1557, #3895, #3200 ) ) REPRESENTATION_CONTEXT ( 'NONE', 'WORKASPACE' ) );
#2272 = VECTOR ( 'NONE', #5152, 1000.000000000000000 ) ;
#2273 = CARTESIAN_POINT ( 'NONE',  ( 1.451009032218151917, 1.199999999999999956, 1.750000000000000000 ) ) ;
#2274 = PRESENTATION_STYLE_ASSIGNMENT (( #6433 ) ) ;
#2275 = FILL_AREA_STYLE ('',( #7092 ) ) ;
#2276 = EDGE_CURVE ( 'NONE', #1883, #4292, #1309, .T. ) ;
#2277 = EDGE_LOOP ( 'NONE', ( #5031, #1438, #5328, #6242 ) ) ;
#2278 = VECTOR ( 'NONE', #1994, 1000.000000000000000 ) ;
#2279 = VECTOR ( 'NONE', #5855, 1000.000000000000000 ) ;
#2280 = DIRECTION ( 'NONE',  ( -0.000000000000000000, 0.000000000000000000, -1.000000000000000000 ) ) ;
#2281 = DIRECTION ( 'NONE',  ( -1.000000000000000000, 0.000000000000000000, 4.818676322157800333E-16 ) ) ;
#2282 = COLOUR_RGB ( '',0.000000000000000000, 0.000000000000000000, 1.000000000000000000 ) ;
#2283 = AXIS2_PLACEMENT_3D ( 'NONE', #5508, #7219, #154 ) ;
#2284 = CARTESIAN_POINT ( 'NONE',  ( 1.701009032218151917, 1.399989999999999846, 0.9499999999999998446 ) ) ;
#2285 = EDGE_CURVE ( 'NONE', #1396, #2598, #3605, .T. ) ;
#2286 = PLANE ( 'NONE',  #5783 ) ;
#2287 = CARTESIAN_POINT ( 'NONE',  ( 0.9999999999999995559, -0.0001000000000000000048, -0.7499999999999978906 ) ) ;
#2288 = ADVANCED_FACE ( 'NONE', ( #5291 ), #7674, .T. ) ;
#2289 = UNCERTAINTY_MEASURE_WITH_UNIT (LENGTH_MEASURE( 1.000000000000000082E-05 ), #7066, 'distance_accuracy_value', 'NONE');
#2290 = EDGE_CURVE ( 'NONE', #5725, #7033, #6533, .T. ) ;
#2291 = SURFACE_STYLE_FILL_AREA ( #3877 ) ;
#2292 = LINE ( 'NONE', #6446, #5825 ) ;
#2293 = VECTOR ( 'NONE', #5361, 1000.000000000000000 ) ;
#2294 = SURFACE_STYLE_FILL_AREA ( #7627 ) ;
#2295 = FACE_OUTER_BOUND ( 'NONE', #2000, .T. ) ;
#2296 = ORIENTED_EDGE ( 'NONE', *, *, #2764, .F. ) ;
#2297 = STYLED_ITEM ( 'NONE', ( #3375 ), #548 ) ;
#2298 = ORIENTED_EDGE ( 'NONE', *, *, #3801, .T. ) ;
#2299 = CARTESIAN_POINT ( 'NONE',  ( -0.2010090322181517231, 1.399989999999999846, 1.749999999999999778 ) ) ;
#2300 = ORIENTED_EDGE ( 'NONE', *, *, #1870, .T. ) ;
#2301 = CARTESIAN_POINT ( 'NONE',  ( 3.350000000000000533, 0.2598999999998395927, -2.049989999999999757 ) ) ;
#2302 = DIRECTION ( 'NONE',  ( 1.000000000000000000, 0.000000000000000000, 0.000000000000000000 ) ) ;
#2303 = DIRECTION ( 'NONE',  ( -1.000000000000000000, 0.000000000000000000, -0.000000000000000000 ) ) ;
#2304 = SURFACE_SIDE_STYLE ('',( #7639 ) ) ;
#2305 =( GEOMETRIC_REPRESENTATION_CONTEXT ( 3 ) GLOBAL_UNCERTAINTY_ASSIGNED_CONTEXT ( ( #2541 ) ) GLOBAL_UNIT_ASSIGNED_CONTEXT ( ( #7141, #6588, #7260 ) ) REPRESENTATION_CONTEXT ( 'NONE', 'WORKASPACE' ) );
#2306 = DIRECTION ( 'NONE',  ( 0.000000000000000000, 0.000000000000000000, -1.000000000000000000 ) ) ;
#2307 = ORIENTED_EDGE ( 'NONE', *, *, #5793, .F. ) ;
#2308 = COLOUR_RGB ( '',0.7960784313725489669, 0.8235294117647058432, 0.9372549019607843146 ) ;
#2309 =( LENGTH_UNIT ( ) NAMED_UNIT ( * ) SI_UNIT ( .MILLI., .METRE. ) );
#2310 = DIRECTION ( 'NONE',  ( -1.000000000000000000, 0.000000000000000000, -0.000000000000000000 ) ) ;
#2311 = DIRECTION ( 'NONE',  ( -1.000000000000000000, -0.000000000000000000, -0.000000000000000000 ) ) ;
#2312 = MECHANICAL_DESIGN_GEOMETRIC_PRESENTATION_REPRESENTATION (  '', ( #7665 ), #1320 ) ;
#2313 = UNCERTAINTY_MEASURE_WITH_UNIT (LENGTH_MEASURE( 1.000000000000000082E-05 ), #4631, 'distance_accuracy_value', 'NONE');
#2314 = ORIENTED_EDGE ( 'NONE', *, *, #2904, .T. ) ;
#2315 = VECTOR ( 'NONE', #266, 1000.000000000000000 ) ;
#2316 = PLANE ( 'NONE',  #538 ) ;
#2317 = VECTOR ( 'NONE', #3840, 1000.000000000000000 ) ;
#2318 = EDGE_LOOP ( 'NONE', ( #1925, #3880, #3115, #5491 ) ) ;
#2319 =( NAMED_UNIT ( * ) PLANE_ANGLE_UNIT ( ) SI_UNIT ( $, .RADIAN. ) );
#2320 = MECHANICAL_DESIGN_GEOMETRIC_PRESENTATION_REPRESENTATION (  '', ( #2698 ), #1955 ) ;
#2321 = SURFACE_STYLE_FILL_AREA ( #2275 ) ;
#2322 = UNCERTAINTY_MEASURE_WITH_UNIT (LENGTH_MEASURE( 1.000000000000000082E-05 ), #5389, 'distance_accuracy_value', 'NONE');
#2323 =( GEOMETRIC_REPRESENTATION_CONTEXT ( 3 ) GLOBAL_UNCERTAINTY_ASSIGNED_CONTEXT ( ( #2868 ) ) GLOBAL_UNIT_ASSIGNED_CONTEXT ( ( #3547, #5839, #4767 ) ) REPRESENTATION_CONTEXT ( 'NONE', 'WORKASPACE' ) );
#2324 =( NAMED_UNIT ( * ) SI_UNIT ( $, .STERADIAN. ) SOLID_ANGLE_UNIT ( ) );
#2325 =( NAMED_UNIT ( * ) PLANE_ANGLE_UNIT ( ) SI_UNIT ( $, .RADIAN. ) );
#2326 = FILL_AREA_STYLE_COLOUR ( '', #7442 ) ;
#2327 = VECTOR ( 'NONE', #2877, 1000.000000000000114 ) ;
#2328 =( NAMED_UNIT ( * ) PLANE_ANGLE_UNIT ( ) SI_UNIT ( $, .RADIAN. ) );
#2329 = PRESENTATION_STYLE_ASSIGNMENT (( #7064 ) ) ;
#2330 = LINE ( 'NONE', #4692, #3158 ) ;
#2331 = EDGE_CURVE ( 'NONE', #1882, #4289, #2456, .T. ) ;
#2332 = EDGE_CURVE ( 'NONE', #813, #3706, #650, .T. ) ;
#2333 =( LENGTH_UNIT ( ) NAMED_UNIT ( * ) SI_UNIT ( .MILLI., .METRE. ) );
#2334 = MECHANICAL_DESIGN_GEOMETRIC_PRESENTATION_REPRESENTATION (  '', ( #7678 ), #3950 ) ;
#2335 = FILL_AREA_STYLE ('',( #4219 ) ) ;
#2336 = ORIENTED_EDGE ( 'NONE', *, *, #2152, .T. ) ;
#2337 = ADVANCED_FACE ( 'NONE', ( #529 ), #2893, .T. ) ;
#2338 = EDGE_CURVE ( 'NONE', #5866, #6568, #6679, .T. ) ;
#2339 = ORIENTED_EDGE ( 'NONE', *, *, #256, .T. ) ;
#2340 = VECTOR ( 'NONE', #4815, 1000.000000000000000 ) ;
#2341 = CARTESIAN_POINT ( 'NONE',  ( 0.5000000000000000000, 0.1498999999999999777, -0.7499999999999977796 ) ) ;
#2342 =( NAMED_UNIT ( * ) PLANE_ANGLE_UNIT ( ) SI_UNIT ( $, .RADIAN. ) );
#2343 =( NAMED_UNIT ( * ) PLANE_ANGLE_UNIT ( ) SI_UNIT ( $, .RADIAN. ) );
#2344 = LINE ( 'NONE', #5940, #3623 ) ;
#2345 = ORIENTED_EDGE ( 'NONE', *, *, #6182, .T. ) ;
#2346 = CYLINDRICAL_SURFACE ( 'NONE', #1339, 0.2000000000000000944 ) ;
#2347 =( NAMED_UNIT ( * ) PLANE_ANGLE_UNIT ( ) SI_UNIT ( $, .RADIAN. ) );
#2348 = CARTESIAN_POINT ( 'NONE',  ( -1.000000000000000000, 0.1498999999999999777, 0.3500000000000002554 ) ) ;
#2349 = LINE ( 'NONE', #4717, #5509 ) ;
#2350 =( GEOMETRIC_REPRESENTATION_CONTEXT ( 3 ) GLOBAL_UNCERTAINTY_ASSIGNED_CONTEXT ( ( #5175 ) ) GLOBAL_UNIT_ASSIGNED_CONTEXT ( ( #3981, #4603, #1677 ) ) REPRESENTATION_CONTEXT ( 'NONE', 'WORKASPACE' ) );
#2351 = ORIENTED_EDGE ( 'NONE', *, *, #299, .T. ) ;
#2352 = FILL_AREA_STYLE ('',( #7052 ) ) ;
#2353 = VECTOR ( 'NONE', #142, 1000.000000000000000 ) ;
#2354 = CARTESIAN_POINT ( 'NONE',  ( -3.349900000000000766, 0.9000000000000000222, -1.500001000000000140 ) ) ;
#2355 = LINE ( 'NONE', #2623, #1177 ) ;
#2356 = ORIENTED_EDGE ( 'NONE', *, *, #5314, .T. ) ;
#2357 = DIRECTION ( 'NONE',  ( 4.818676322157800333E-16, 0.000000000000000000, -1.000000000000000000 ) ) ;
#2358 = PLANE ( 'NONE',  #6645 ) ;
#2359 = FILL_AREA_STYLE ('',( #1946 ) ) ;
#2360 = CARTESIAN_POINT ( 'NONE',  ( 2.449999999999999734, 0.000000000000000000, -2.949999999999999734 ) ) ;
#2361 = SURFACE_STYLE_FILL_AREA ( #3445 ) ;
#2362 = DIRECTION ( 'NONE',  ( 1.057758217059029840E-16, 0.000000000000000000, 1.000000000000000000 ) ) ;
#2363 = CARTESIAN_POINT ( 'NONE',  ( 3.350000000000000533, 0.9000000000000000222, 1.500001000000000140 ) ) ;
#2364 = ORIENTED_EDGE ( 'NONE', *, *, #5362, .F. ) ;
#2365 = FILL_AREA_STYLE_COLOUR ( '', #157 ) ;
#2366 = ADVANCED_FACE ( 'NONE', ( #1429 ), #4427, .F. ) ;
#2367 = DIRECTION ( 'NONE',  ( 0.000000000000000000, -1.000000000000000000, 0.000000000000000000 ) ) ;
#2368 = ORIENTED_EDGE ( 'NONE', *, *, #5924, .F. ) ;
#2369 = CARTESIAN_POINT ( 'NONE',  ( 0.09999999999999895084, 2.699999999999999289, 1.750000000000000000 ) ) ;
#2370 =( NAMED_UNIT ( * ) PLANE_ANGLE_UNIT ( ) SI_UNIT ( $, .RADIAN. ) );
#2371 = EDGE_CURVE ( 'NONE', #4878, #5690, #6382, .T. ) ;
#2372 = FILL_AREA_STYLE ('',( #4076 ) ) ;
#2373 = CARTESIAN_POINT ( 'NONE',  ( -1.000000000000000000, -0.0001000000000000000048, 0.8500000000000001998 ) ) ;
#2374 = ORIENTED_EDGE ( 'NONE', *, *, #2675, .T. ) ;
#2375 = LINE ( 'NONE', #5327, #3668 ) ;
#2376 = ORIENTED_EDGE ( 'NONE', *, *, #6837, .F. ) ;
#2377 =( LENGTH_UNIT ( ) NAMED_UNIT ( * ) SI_UNIT ( .MILLI., .METRE. ) );
#2378 = VECTOR ( 'NONE', #5873, 1000.000000000000000 ) ;
#2379 = LINE ( 'NONE', #1201, #4021 ) ;
#2380 = EDGE_CURVE ( 'NONE', #6671, #946, #2614, .T. ) ;
#2381 = VERTEX_POINT ( 'NONE', #4914 ) ;
#2382 = DIRECTION ( 'NONE',  ( 0.000000000000000000, 0.000000000000000000, -1.000000000000000000 ) ) ;
#2383 = CARTESIAN_POINT ( 'NONE',  ( -3.349900000000001210, 0.9000000000000000222, 2.050000000000000266 ) ) ;
#2384 = EDGE_CURVE ( 'NONE', #5500, #2118, #6192, .T. ) ;
#2385 = ORIENTED_EDGE ( 'NONE', *, *, #1975, .T. ) ;
#2386 = CARTESIAN_POINT ( 'NONE',  ( 2.000000000000000444, 0.1498999999999999777, -1.249999999999997780 ) ) ;
#2387 = AXIS2_PLACEMENT_3D ( 'NONE', #3037, #5402, #7194 ) ;
#2388 = LINE ( 'NONE', #545, #4911 ) ;
#2389 = LINE ( 'NONE', #7134, #4369 ) ;
#2390 = VECTOR ( 'NONE', #3603, 1000.000000000000000 ) ;
#2391 = PRESENTATION_LAYER_ASSIGNMENT (  '', '', ( #5747 ) ) ;
#2392 = LINE ( 'NONE', #4060, #1244 ) ;
#2393 = DIRECTION ( 'NONE',  ( 0.000000000000000000, 1.000000000000000000, 0.000000000000000000 ) ) ;
#2394 = SURFACE_STYLE_USAGE ( .BOTH. , #36 ) ;
#2395 = AXIS2_PLACEMENT_3D ( 'NONE', #2965, #2367, #6918 ) ;
#2396 = VECTOR ( 'NONE', #4465, 1000.000000000000000 ) ;
#2397 = PRESENTATION_STYLE_ASSIGNMENT (( #2442 ) ) ;
#2398 = PRESENTATION_LAYER_ASSIGNMENT (  '', '', ( #1584 ) ) ;
#2399 = CARTESIAN_POINT ( 'NONE',  ( 1.500000000000000000, -0.2999999999999999889, -0.3999999999948158913 ) ) ;
#2400 = PRESENTATION_STYLE_ASSIGNMENT (( #3516 ) ) ;
#2401 = CARTESIAN_POINT ( 'NONE',  ( 3.149999999999999467, 0.6499999999999930278, 2.049990000000000645 ) ) ;
#2402 =( GEOMETRIC_REPRESENTATION_CONTEXT ( 3 ) GLOBAL_UNCERTAINTY_ASSIGNED_CONTEXT ( ( #1903 ) ) GLOBAL_UNIT_ASSIGNED_CONTEXT ( ( #6703, #5549, #2752 ) ) REPRESENTATION_CONTEXT ( 'NONE', 'WORKASPACE' ) );
#2403 = PRESENTATION_LAYER_ASSIGNMENT (  '', '', ( #437 ) ) ;
#2404 = FACE_OUTER_BOUND ( 'NONE', #5438, .T. ) ;
#2405 = EDGE_LOOP ( 'NONE', ( #5778, #5816, #4507, #5785 ) ) ;
#2406 = CARTESIAN_POINT ( 'NONE',  ( 2.800004999999999633, 1.399997499999999784, 2.050000000000000266 ) ) ;
#2407 = CARTESIAN_POINT ( 'NONE',  ( 2.800009999999999444, 1.399989999999999846, -2.050000000000000266 ) ) ;
#2408 = VECTOR ( 'NONE', #4422, 1000.000000000000000 ) ;
#2409 =( NAMED_UNIT ( * ) SI_UNIT ( $, .STERADIAN. ) SOLID_ANGLE_UNIT ( ) );
#2410 =( LENGTH_UNIT ( ) NAMED_UNIT ( * ) SI_UNIT ( .MILLI., .METRE. ) );
#2411 = DIRECTION ( 'NONE',  ( -1.000000000000000000, 0.000000000000000000, -0.000000000000000000 ) ) ;
#2412 = EDGE_LOOP ( 'NONE', ( #3733, #1359, #4392, #5026 ) ) ;
#2413 = DIRECTION ( 'NONE',  ( -0.000000000000000000, -1.000000000000000000, -0.000000000000000000 ) ) ;
#2414 = ORIENTED_EDGE ( 'NONE', *, *, #2152, .F. ) ;
#2415 = PLANE ( 'NONE',  #3446 ) ;
#2416 = CARTESIAN_POINT ( 'NONE',  ( 2.000000000000000000, 0.1498999999999999777, 0.8500000000000001998 ) ) ;
#2417 = SURFACE_STYLE_FILL_AREA ( #58 ) ;
#2418 = VECTOR ( 'NONE', #3686, 1000.000000000000000 ) ;
#2419 = VECTOR ( 'NONE', #4722, 1000.000000000000000 ) ;
#2420 = CARTESIAN_POINT ( 'NONE',  ( 2.499999999999999556, 0.1498999999999999777, 0.8500000000000003109 ) ) ;
#2421 = PRESENTATION_LAYER_ASSIGNMENT (  '', '', ( #461 ) ) ;
#2422 = CARTESIAN_POINT ( 'NONE',  ( 2.449999999999999734, 0.1499999999999999667, 2.050000000000000266 ) ) ;
#2423 = AXIS2_PLACEMENT_3D ( 'NONE', #6522, #4788, #87 ) ;
#2424 = EDGE_CURVE ( 'NONE', #1665, #4109, #802, .T. ) ;
#2425 = EDGE_CURVE ( 'NONE', #6767, #3079, #4349, .T. ) ;
#2426 = ORIENTED_EDGE ( 'NONE', *, *, #3100, .F. ) ;
#2427 = ORIENTED_EDGE ( 'NONE', *, *, #5199, .T. ) ;
#2428 = CARTESIAN_POINT ( 'NONE',  ( 3.350000000000000533, 0.2598999999998395927, 1.500000288856793818 ) ) ;
#2429 = DIRECTION ( 'NONE',  ( 0.000000000000000000, -1.000000000000000000, 0.000000000000000000 ) ) ;
#2430 = PRESENTATION_LAYER_ASSIGNMENT (  '', '', ( #3171 ) ) ;
#2431 = ADVANCED_FACE ( 'NONE', ( #2651 ), #5435, .F. ) ;
#2432 = ADVANCED_FACE ( 'NONE', ( #953 ), #2734, .F. ) ;
#2433 =( GEOMETRIC_REPRESENTATION_CONTEXT ( 3 ) GLOBAL_UNCERTAINTY_ASSIGNED_CONTEXT ( ( #5335 ) ) GLOBAL_UNIT_ASSIGNED_CONTEXT ( ( #7503, #1582, #6295 ) ) REPRESENTATION_CONTEXT ( 'NONE', 'WORKASPACE' ) );
#2434 = LINE ( 'NONE', #2354, #2033 ) ;
#2435 = LINE ( 'NONE', #1452, #4225 ) ;
#2436 = MECHANICAL_DESIGN_GEOMETRIC_PRESENTATION_REPRESENTATION (  '', ( #6163 ), #1711 ) ;
#2438 = ORIENTED_EDGE ( 'NONE', *, *, #585, .F. ) ;
#2437 = STYLED_ITEM ( 'NONE', ( #6349 ), #2994 ) ;
#2439 = DIRECTION ( 'NONE',  ( -1.000000000000000000, -0.000000000000000000, -2.168404344971010594E-16 ) ) ;
#2440 = PRESENTATION_STYLE_ASSIGNMENT (( #7061 ) ) ;
#2441 = MECHANICAL_DESIGN_GEOMETRIC_PRESENTATION_REPRESENTATION (  '', ( #4931 ), #1346 ) ;
#2442 = SURFACE_STYLE_USAGE ( .BOTH. , #37 ) ;
#2443 = CARTESIAN_POINT ( 'NONE',  ( -3.350000000000000089, 1.399999999999999911, -2.050000000000000266 ) ) ;
#2444 = FACE_BOUND ( 'NONE', #5772, .T. ) ;
#2445 = CARTESIAN_POINT ( 'NONE',  ( -3.350000000000000533, 0.6999999999999999556, 2.049989999999999757 ) ) ;
#2446 = DIRECTION ( 'NONE',  ( -0.000000000000000000, -1.000000000000000000, -0.000000000000000000 ) ) ;
#2447 =( LENGTH_UNIT ( ) NAMED_UNIT ( * ) SI_UNIT ( .MILLI., .METRE. ) );
#2448 = EDGE_LOOP ( 'NONE', ( #7453, #1187, #486, #6204 ) ) ;
#2449 = EDGE_LOOP ( 'NONE', ( #3359, #4828, #2469, #1933 ) ) ;
#2450 = CARTESIAN_POINT ( 'NONE',  ( -2.449999999999999734, 0.1499999999999999667, 2.949999999999999734 ) ) ;
#2451 = CARTESIAN_POINT ( 'NONE',  ( 3.149999999999999911, 1.399999999999999911, -1.500000000000000000 ) ) ;
#2452 = PRESENTATION_LAYER_ASSIGNMENT (  '', '', ( #5808 ) ) ;
#2453 = CARTESIAN_POINT ( 'NONE',  ( 1.701009032218152139, 1.399999999999999911, 0.8499999999999998668 ) ) ;
#2454 = CARTESIAN_POINT ( 'NONE',  ( 3.149999999999999911, 1.399999999999999911, -2.050000000000000266 ) ) ;
#2455 = SURFACE_STYLE_FILL_AREA ( #2578 ) ;
#2456 = LINE ( 'NONE', #7192, #6849 ) ;
#2457 = ORIENTED_EDGE ( 'NONE', *, *, #1120, .F. ) ;
#2458 = PLANE ( 'NONE',  #2387 ) ;
#2459 = SURFACE_STYLE_USAGE ( .BOTH. , #4162 ) ;
#2460 = ORIENTED_EDGE ( 'NONE', *, *, #4996, .F. ) ;
#2461 = LINE ( 'NONE', #168, #4527 ) ;
#2462 = VECTOR ( 'NONE', #5811, 1000.000000000000000 ) ;
#2463 = UNCERTAINTY_MEASURE_WITH_UNIT (LENGTH_MEASURE( 1.000000000000000082E-05 ), #466, 'distance_accuracy_value', 'NONE');
#2464 = LINE ( 'NONE', #7318, #1788 ) ;
#2465 = STYLED_ITEM ( 'NONE', ( #478 ), #2771 ) ;
#2466 = CARTESIAN_POINT ( 'NONE',  ( 3.149999999999999467, 0.6999999999999930722, 2.049990000000000645 ) ) ;
#2467 = DIRECTION ( 'NONE',  ( 0.000000000000000000, 0.000000000000000000, 1.000000000000000000 ) ) ;
#2468 = VECTOR ( 'NONE', #5921, 1000.000000000000000 ) ;
#2469 = ORIENTED_EDGE ( 'NONE', *, *, #6465, .F. ) ;
#2470 =( NAMED_UNIT ( * ) PLANE_ANGLE_UNIT ( ) SI_UNIT ( $, .RADIAN. ) );
#2471 =( LENGTH_UNIT ( ) NAMED_UNIT ( * ) SI_UNIT ( .MILLI., .METRE. ) );
#2472 = AXIS2_PLACEMENT_3D ( 'NONE', #2563, #4895, #7341 ) ;
#2473 = DIRECTION ( 'NONE',  ( 0.000000000000000000, 0.000000000000000000, -1.000000000000000000 ) ) ;
#2474 = EDGE_CURVE ( 'NONE', #1819, #1699, #2144, .T. ) ;
#2475 = EDGE_CURVE ( 'NONE', #6784, #4990, #1630, .T. ) ;
#2476 = EDGE_CURVE ( 'NONE', #3004, #7486, #5179, .T. ) ;
#2477 = EDGE_LOOP ( 'NONE', ( #6572, #5982, #5111, #2900 ) ) ;
#2478 = SURFACE_STYLE_USAGE ( .BOTH. , #2023 ) ;
#2479 = LINE ( 'NONE', #2600, #4947 ) ;
#2480 = SURFACE_SIDE_STYLE ('',( #788 ) ) ;
#2481 = CARTESIAN_POINT ( 'NONE',  ( 0.3313195202952720075, 1.199999999999999956, 0.9102929006357960429 ) ) ;
#2482 = SURFACE_STYLE_FILL_AREA ( #1796 ) ;
#2483 = FACE_BOUND ( 'NONE', #7351, .T. ) ;
#2484 = DIRECTION ( 'NONE',  ( 1.355252715606884980E-16, -1.355252715606879803E-16, -1.000000000000000000 ) ) ;
#2485 = ORIENTED_EDGE ( 'NONE', *, *, #3046, .F. ) ;
#2486 = ORIENTED_EDGE ( 'NONE', *, *, #5801, .F. ) ;
#2487 = VERTEX_POINT ( 'NONE', #3411 ) ;
#2488 =( NAMED_UNIT ( * ) PLANE_ANGLE_UNIT ( ) SI_UNIT ( $, .RADIAN. ) );
#2489 = DIRECTION ( 'NONE',  ( -1.000000000000000000, 0.000000000000000000, 1.274775326820788869E-16 ) ) ;
#2490 = SURFACE_SIDE_STYLE ('',( #250 ) ) ;
#2491 = SURFACE_STYLE_FILL_AREA ( #209 ) ;
#2492 = SURFACE_STYLE_USAGE ( .BOTH. , #2579 ) ;
#2493 = EDGE_LOOP ( 'NONE', ( #1713, #1266, #212, #5723 ) ) ;
#2494 = CARTESIAN_POINT ( 'NONE',  ( 3.350000000000000089, 1.199999999999999956, -1.500000000000000000 ) ) ;
#2495 = EDGE_LOOP ( 'NONE', ( #4649, #3277, #3039, #7543 ) ) ;
#2496 = CARTESIAN_POINT ( 'NONE',  ( 3.349900000000000766, 0.9000000000000000222, 1.500001000000000140 ) ) ;
#2497 = AXIS2_PLACEMENT_3D ( 'NONE', #2660, #6842, #457 ) ;
#2498 = ORIENTED_EDGE ( 'NONE', *, *, #4753, .F. ) ;
#2499 =( NAMED_UNIT ( * ) SI_UNIT ( $, .STERADIAN. ) SOLID_ANGLE_UNIT ( ) );
#2500 = ORIENTED_EDGE ( 'NONE', *, *, #7173, .T. ) ;
#2501 = DIRECTION ( 'NONE',  ( 1.000000000000000000, -0.000000000000000000, 4.818676322157800333E-16 ) ) ;
#2502 = LINE ( 'NONE', #4881, #3183 ) ;
#2503 = CARTESIAN_POINT ( 'NONE',  ( 1.451009032218151917, 0.8000000000000000444, 2.050000000000000266 ) ) ;
#2504 = MECHANICAL_DESIGN_GEOMETRIC_PRESENTATION_REPRESENTATION (  '', ( #1662 ), #5243 ) ;
#2505 = ORIENTED_EDGE ( 'NONE', *, *, #1018, .F. ) ;
#2506 = PLANE ( 'NONE',  #6289 ) ;
#2507 = LINE ( 'NONE', #2014, #604 ) ;
#2508 = PRESENTATION_STYLE_ASSIGNMENT (( #6580 ) ) ;
#2509 = PLANE ( 'NONE',  #6780 ) ;
#2510 = FILL_AREA_STYLE ('',( #4888 ) ) ;
#2511 = ORIENTED_EDGE ( 'NONE', *, *, #540, .T. ) ;
#2512 = FACE_OUTER_BOUND ( 'NONE', #1037, .T. ) ;
#2513 = EDGE_LOOP ( 'NONE', ( #4611, #3551, #1616, #6838, #2122, #2125, #6498, #4051, #4967, #4354 ) ) ;
#2514 = DIRECTION ( 'NONE',  ( 0.000000000000000000, 0.000000000000000000, 1.000000000000000000 ) ) ;
#2515 = SURFACE_SIDE_STYLE ('',( #3672 ) ) ;
#2516 = COLOUR_RGB ( '',0.7960784313725489669, 0.8235294117647058432, 0.9372549019607843146 ) ;
#2517 = FACE_OUTER_BOUND ( 'NONE', #6924, .T. ) ;
#2518 = AXIS2_PLACEMENT_3D ( 'NONE', #571, #7042, #4230 ) ;
#2519 = CARTESIAN_POINT ( 'NONE',  ( 0.09999999999999904798, 2.699999999999999289, 0.9499999999999998446 ) ) ;
#2520 = DIRECTION ( 'NONE',  ( 0.000000000000000000, 1.000000000000000000, 0.000000000000000000 ) ) ;
#2521 = EDGE_CURVE ( 'NONE', #6541, #5672, #3931, .T. ) ;
#2522 =( NAMED_UNIT ( * ) SI_UNIT ( $, .STERADIAN. ) SOLID_ANGLE_UNIT ( ) );
#2523 = EDGE_CURVE ( 'NONE', #6311, #1800, #3996, .T. ) ;
#2524 = EDGE_LOOP ( 'NONE', ( #2426, #6931, #997, #7155 ) ) ;
#2525 = AXIS2_PLACEMENT_3D ( 'NONE', #5713, #879, #4382 ) ;
#2526 = VECTOR ( 'NONE', #20, 1000.000000000000000 ) ;
#2527 = EDGE_CURVE ( 'NONE', #7680, #2973, #6377, .T. ) ;
#2528 = EDGE_CURVE ( 'NONE', #2192, #2120, #1516, .T. ) ;
#2529 = ORIENTED_EDGE ( 'NONE', *, *, #2425, .F. ) ;
#2530 = SURFACE_STYLE_USAGE ( .BOTH. , #6055 ) ;
#2531 = VECTOR ( 'NONE', #2637, 1000.000000000000000 ) ;
#2532 =( LENGTH_UNIT ( ) NAMED_UNIT ( * ) SI_UNIT ( .MILLI., .METRE. ) );
#2533 = COLOUR_RGB ( '',0.000000000000000000, 0.000000000000000000, 1.000000000000000000 ) ;
#2534 = PLANE ( 'NONE',  #2640 ) ;
#2535 = FILL_AREA_STYLE_COLOUR ( '', #4623 ) ;
#2536 = COLOUR_RGB ( '',1.000000000000000000, 0.5019607843137254832, 0.000000000000000000 ) ;
#2537 = VERTEX_POINT ( 'NONE', #3267 ) ;
#2538 = ORIENTED_EDGE ( 'NONE', *, *, #1118, .T. ) ;
#2539 = VECTOR ( 'NONE', #1928, 1000.000000000000000 ) ;
#2540 = AXIS2_PLACEMENT_3D ( 'NONE', #4004, #5861, #4627 ) ;
#2541 = UNCERTAINTY_MEASURE_WITH_UNIT (LENGTH_MEASURE( 1.000000000000000082E-05 ), #7141, 'distance_accuracy_value', 'NONE');
#2542 = DIRECTION ( 'NONE',  ( 0.000000000000000000, 0.000000000000000000, 1.000000000000000000 ) ) ;
#2543 = VECTOR ( 'NONE', #982, 1000.000000000000000 ) ;
#2544 = LINE ( 'NONE', #260, #821 ) ;
#2545 = FILL_AREA_STYLE ('',( #857 ) ) ;
#2546 = DIRECTION ( 'NONE',  ( -1.000000000000000000, -0.000000000000000000, -1.057758217059029964E-16 ) ) ;
#2547 = VECTOR ( 'NONE', #4598, 1000.000000000000000 ) ;
#2548 = ORIENTED_EDGE ( 'NONE', *, *, #7659, .F. ) ;
#2549 = CARTESIAN_POINT ( 'NONE',  ( 2.000000000000000000, -0.0001000000000000000048, 0.8500000000000001998 ) ) ;
#2550 = STYLED_ITEM ( 'NONE', ( #3344 ), #2432 ) ;
#2551 = VECTOR ( 'NONE', #5581, 1000.000000000000000 ) ;
#2552 = FILL_AREA_STYLE ('',( #5414 ) ) ;
#2553 = FILL_AREA_STYLE_COLOUR ( '', #3310 ) ;
#2554 = VERTEX_POINT ( 'NONE', #5642 ) ;
#2555 = DIRECTION ( 'NONE',  ( 0.3420201433256689905, 0.000000000000000000, -0.9396926207859083169 ) ) ;
#2556 = VECTOR ( 'NONE', #2617, 1000.000000000000000 ) ;
#2557 = CARTESIAN_POINT ( 'NONE',  ( 0.5500000000000000444, 0.1499999999999999944, -2.050000000000000266 ) ) ;
#2558 = ORIENTED_EDGE ( 'NONE', *, *, #6028, .F. ) ;
#2559 = PLANE ( 'NONE',  #6652 ) ;
#2560 = STYLED_ITEM ( 'NONE', ( #2397 ), #843 ) ;
#2561 = SURFACE_STYLE_FILL_AREA ( #1458 ) ;
#2562 = VECTOR ( 'NONE', #885, 1000.000000000000000 ) ;
#2563 = CARTESIAN_POINT ( 'NONE',  ( -3.149999999999999467, 0.6499999999999930278, 2.049990000000000645 ) ) ;
#2564 = VECTOR ( 'NONE', #6781, 1000.000000000000000 ) ;
#2565 = SURFACE_STYLE_USAGE ( .BOTH. , #900 ) ;
#2566 = COLOUR_RGB ( '',1.000000000000000000, 0.000000000000000000, 1.000000000000000000 ) ;
#2567 = CARTESIAN_POINT ( 'NONE',  ( -3.349999999999999645, 0.6499999999999930278, 1.500001000000001028 ) ) ;
#2568 = DIRECTION ( 'NONE',  ( -0.000000000000000000, -0.000000000000000000, 1.000000000000000000 ) ) ;
#2569 = VERTEX_POINT ( 'NONE', #329 ) ;
#2570 = ADVANCED_FACE ( 'NONE', ( #3567 ), #5283, .F. ) ;
#2571 = SURFACE_STYLE_USAGE ( .BOTH. , #6829 ) ;
#2572 = EDGE_CURVE ( 'NONE', #293, #4317, #1263, .T. ) ;
#2573 = LINE ( 'NONE', #3187, #3514 ) ;
#2574 = CLOSED_SHELL ( 'NONE', ( #2570, #57, #5417, #739, #1459, #6647, #2104, #2206, #7521, #68, #3650, #3992, #3284, #1362, #3799, #6747, #1730, #5410, #3458, #3380, #3240, #4469, #6986, #6557, #3985, #1265, #837, #4855, #3372, #3178, #6322, #600, #7422, #4180, #3128, #3408, #1732, #5659, #6122, #7577, #2817, #7085, #6237, #6190, #2288, #2755, #6328, #4412, #5517, #3462, #3369, #6932, #4814, #543, #7169, #4185, #7179, #7382, #880, #5346, #6227, #1217, #2625, #26, #5368, #2909, #5761, #3737, #6128, #464, #6079, #4565, #3949, #4517, #5463, #843, #5752, #7658, #3563, #4706, #199, #498, #748, #1966, #6281, #6072, #3414, #7225, #200, #5411, #4271, #2674, #548, #5557, #4041, #826, #23, #7582, #7131, #7320, #2874, #5418, #1472, #4509, #2629, #2621, #4566, #5883, #6697, #7574, #439, #2994, #6366, #4315, #2431, #3908, #1460, #2337, #3600, #3097, #2017, #5516, #4700, #255, #4860, #4766, #3285, #3984, #784, #6196, #1213, #6890, #2432, #2055, #2366, #4367, #4610, #3329, #6691, #1304, #2066, #3906, #7336, #5458, #3656, #1070, #3948, #2244, #207, #444, #4071, #4463, #3233, #1685, #2871, #7127, #7621, #1780, #5888, #842, #2960, #5153, #2012, #1267, #6786, #4264, #3805, #3743, #117, #56, #5802, #1464, #1555, #3703, #7667, #5660, #6510, #6127 ) ) ;
#2575 = LINE ( 'NONE', #4946, #2390 ) ;
#2576 = DIRECTION ( 'NONE',  ( 0.000000000000000000, -1.000000000000000000, 0.000000000000000000 ) ) ;
#2577 = DIRECTION ( 'NONE',  ( -7.885121045569206762E-16, 0.000000000000000000, -1.000000000000000000 ) ) ;
#2578 = FILL_AREA_STYLE ('',( #4268 ) ) ;
#2579 = SURFACE_SIDE_STYLE ('',( #5523 ) ) ;
#2580 = ORIENTED_EDGE ( 'NONE', *, *, #2521, .F. ) ;
#2581 = EDGE_CURVE ( 'NONE', #1952, #7371, #6521, .T. ) ;
#2582 = LINE ( 'NONE', #7314, #1838 ) ;
#2583 = EDGE_LOOP ( 'NONE', ( #661, #4892, #1345, #5684, #7379, #4552 ) ) ;
#2584 = EDGE_CURVE ( 'NONE', #3308, #107, #4735, .T. ) ;
#2585 = LINE ( 'NONE', #1884, #944 ) ;
#2586 = ORIENTED_EDGE ( 'NONE', *, *, #5569, .F. ) ;
#2587 =( GEOMETRIC_REPRESENTATION_CONTEXT ( 3 ) GLOBAL_UNCERTAINTY_ASSIGNED_CONTEXT ( ( #6334 ) ) GLOBAL_UNIT_ASSIGNED_CONTEXT ( ( #5741, #5844, #2324 ) ) REPRESENTATION_CONTEXT ( 'NONE', 'WORKASPACE' ) );
#2588 = SURFACE_STYLE_FILL_AREA ( #3116 ) ;
#2589 = EDGE_LOOP ( 'NONE', ( #866, #2703, #6489, #7279 ) ) ;
#2590 = SURFACE_STYLE_USAGE ( .BOTH. , #3693 ) ;
#2591 =( LENGTH_UNIT ( ) NAMED_UNIT ( * ) SI_UNIT ( .MILLI., .METRE. ) );
#2592 = CARTESIAN_POINT ( 'NONE',  ( -3.149999999999999911, 0.6998999999998395394, 0.5000002888567937065 ) ) ;
#2593 = EDGE_LOOP ( 'NONE', ( #5899, #875, #3784, #4675 ) ) ;
#2594 = VERTEX_POINT ( 'NONE', #6560 ) ;
#2595 = AXIS2_PLACEMENT_3D ( 'NONE', #5421, #4853, #7211 ) ;
#2596 = DIRECTION ( 'NONE',  ( -1.057758217059029840E-16, 0.000000000000000000, -1.000000000000000000 ) ) ;
#2597 =( LENGTH_UNIT ( ) NAMED_UNIT ( * ) SI_UNIT ( .MILLI., .METRE. ) );
#2598 = VERTEX_POINT ( 'NONE', #5246 ) ;
#2599 = LINE ( 'NONE', #7339, #344 ) ;
#2600 = CARTESIAN_POINT ( 'NONE',  ( -3.149999999999999911, 1.399999999999999911, -1.500000000000000000 ) ) ;
#2601 =( NAMED_UNIT ( * ) PLANE_ANGLE_UNIT ( ) SI_UNIT ( $, .RADIAN. ) );
#2602 = CARTESIAN_POINT ( 'NONE',  ( 0.9500000000000001776, 0.000000000000000000, -2.949999999999999734 ) ) ;
#2603 = DIRECTION ( 'NONE',  ( -1.000000000000000000, -0.000000000000000000, 1.057758217059029964E-16 ) ) ;
#2604 = SURFACE_STYLE_FILL_AREA ( #6129 ) ;
#2605 = AXIS2_PLACEMENT_3D ( 'NONE', #899, #869, #5422 ) ;
#2606 = CARTESIAN_POINT ( 'NONE',  ( -3.149999999999997247, 1.400000000000005684, 2.050000000000000266 ) ) ;
#2607 =( NAMED_UNIT ( * ) SI_UNIT ( $, .STERADIAN. ) SOLID_ANGLE_UNIT ( ) );
#2608 = VERTEX_POINT ( 'NONE', #6477 ) ;
#2609 =( GEOMETRIC_REPRESENTATION_CONTEXT ( 3 ) GLOBAL_UNCERTAINTY_ASSIGNED_CONTEXT ( ( #4383 ) ) GLOBAL_UNIT_ASSIGNED_CONTEXT ( ( #5374, #69, #4245 ) ) REPRESENTATION_CONTEXT ( 'NONE', 'WORKASPACE' ) );
#2610 = CARTESIAN_POINT ( 'NONE',  ( 0.000000000000000000, -0.0001000000000000000048, -0.5000000000000000000 ) ) ;
#2611 =( LENGTH_UNIT ( ) NAMED_UNIT ( * ) SI_UNIT ( .MILLI., .METRE. ) );
#2612 = CARTESIAN_POINT ( 'NONE',  ( 2.000000000000000444, -0.0001000000000000000048, -0.7499999999999978906 ) ) ;
#2613 =( LENGTH_UNIT ( ) NAMED_UNIT ( * ) SI_UNIT ( .MILLI., .METRE. ) );
#2614 = LINE ( 'NONE', #129, #4148 ) ;
#2615 = CARTESIAN_POINT ( 'NONE',  ( 3.149999999999999911, 0.6499999999999999112, -2.049994999999999568 ) ) ;
#2616 = EDGE_LOOP ( 'NONE', ( #531, #360, #3983, #5489 ) ) ;
#2617 = DIRECTION ( 'NONE',  ( -0.9396926207859083169, 0.000000000000000000, -0.3420201433256690460 ) ) ;
#2618 = VECTOR ( 'NONE', #1622, 1000.000000000000000 ) ;
#2619 = EDGE_LOOP ( 'NONE', ( #7305, #2529, #1770, #487 ) ) ;
#2620 = SURFACE_STYLE_USAGE ( .BOTH. , #6231 ) ;
#2621 = ADVANCED_FACE ( 'NONE', ( #4660 ), #1144, .F. ) ;
#2622 = PLANE ( 'NONE',  #4521 ) ;
#2623 = CARTESIAN_POINT ( 'NONE',  ( -3.149999999999999467, 0.6499999999999930278, 1.500001000000001028 ) ) ;
#2624 = ORIENTED_EDGE ( 'NONE', *, *, #4075, .F. ) ;
#2625 = ADVANCED_FACE ( 'NONE', ( #6412 ), #2661, .T. ) ;
#2626 = CARTESIAN_POINT ( 'NONE',  ( -1.999999999999999112, -0.0001000000000000000048, 0.3500000000000001443 ) ) ;
#2627 = DIRECTION ( 'NONE',  ( 0.000000000000000000, -1.000000000000000000, 0.000000000000000000 ) ) ;
#2628 = SURFACE_SIDE_STYLE ('',( #7537 ) ) ;
#2629 = ADVANCED_FACE ( 'NONE', ( #1383 ), #4899, .F. ) ;
#2630 = EDGE_CURVE ( 'NONE', #4191, #1078, #240, .T. ) ;
#2631 = ORIENTED_EDGE ( 'NONE', *, *, #1112, .T. ) ;
#2632 = CARTESIAN_POINT ( 'NONE',  ( 2.050000000000000266, 0.000000000000000000, 2.050000000000000266 ) ) ;
#2633 = FILL_AREA_STYLE ('',( #148 ) ) ;
#2634 = VECTOR ( 'NONE', #1161, 1000.000000000000000 ) ;
#2635 = UNCERTAINTY_MEASURE_WITH_UNIT (LENGTH_MEASURE( 1.000000000000000082E-05 ), #7426, 'distance_accuracy_value', 'NONE');
#2636 = LINE ( 'NONE', #5585, #1827 ) ;
#2637 = DIRECTION ( 'NONE',  ( -1.000000000000000000, 0.000000000000000000, 0.000000000000000000 ) ) ;
#2638 = SURFACE_STYLE_USAGE ( .BOTH. , #3217 ) ;
#2639 = DIRECTION ( 'NONE',  ( -0.000000000000000000, 1.000000000000000000, -0.000000000000000000 ) ) ;
#2640 = AXIS2_PLACEMENT_3D ( 'NONE', #4949, #1880, #3075 ) ;
#2641 = ORIENTED_EDGE ( 'NONE', *, *, #1689, .F. ) ;
#2642 = ORIENTED_EDGE ( 'NONE', *, *, #3556, .T. ) ;
#2643 = AXIS2_PLACEMENT_3D ( 'NONE', #3190, #7312, #4870 ) ;
#2644 = CARTESIAN_POINT ( 'NONE',  ( 1.701009032218151917, 1.199999999999999956, 0.9499999999999998446 ) ) ;
#2645 = CARTESIAN_POINT ( 'NONE',  ( 0.5500000000000000444, 0.1499999999999999944, 2.949999999999999734 ) ) ;
#2646 = DIRECTION ( 'NONE',  ( 0.000000000000000000, 1.000000000000000000, -0.000000000000000000 ) ) ;
#2647 = CARTESIAN_POINT ( 'NONE',  ( 3.149999999999999911, 0.2599009847401052009, -1.500000000000000000 ) ) ;
#2648 = FILL_AREA_STYLE_COLOUR ( '', #1210 ) ;
#2649 = PRESENTATION_STYLE_ASSIGNMENT (( #5023 ) ) ;
#2650 = LINE ( 'NONE', #2733, #818 ) ;
#2651 = FACE_OUTER_BOUND ( 'NONE', #2593, .T. ) ;
#2652 = STYLED_ITEM ( 'NONE', ( #4473 ), #6127 ) ;
#2653 = AXIS2_PLACEMENT_3D ( 'NONE', #2263, #4673, #3488 ) ;
#2654 = MANIFOLD_SOLID_BREP ( 'NONE', #1228 ) ;
#2655 = DIRECTION ( 'NONE',  ( 0.000000000000000000, -0.000000000000000000, 1.000000000000000000 ) ) ;
#2656 = ORIENTED_EDGE ( 'NONE', *, *, #6229, .F. ) ;
#2657 = ORIENTED_EDGE ( 'NONE', *, *, #6648, .F. ) ;
#2658 = CARTESIAN_POINT ( 'NONE',  ( 2.800004999999999633, 1.399994999999999878, -1.500000500000000292 ) ) ;
#2659 = ORIENTED_EDGE ( 'NONE', *, *, #115, .F. ) ;
#2660 = CARTESIAN_POINT ( 'NONE',  ( 0.09999999999999829858, 2.899999999999999911, 0.9499999999999999556 ) ) ;
#2661 = CONICAL_SURFACE ( 'NONE', #1754, 0.3999999999564352038, 0.7853981635395568262 ) ;
#2662 = DIRECTION ( 'NONE',  ( 0.000000000000000000, 0.000000000000000000, 1.000000000000000000 ) ) ;
#2663 = VERTEX_POINT ( 'NONE', #5426 ) ;
#2664 =( GEOMETRIC_REPRESENTATION_CONTEXT ( 3 ) GLOBAL_UNCERTAINTY_ASSIGNED_CONTEXT ( ( #1537 ) ) GLOBAL_UNIT_ASSIGNED_CONTEXT ( ( #2806, #2850, #4617 ) ) REPRESENTATION_CONTEXT ( 'NONE', 'WORKASPACE' ) );
#2665 = SURFACE_STYLE_USAGE ( .BOTH. , #5000 ) ;
#2666 =( GEOMETRIC_REPRESENTATION_CONTEXT ( 3 ) GLOBAL_UNCERTAINTY_ASSIGNED_CONTEXT ( ( #1225 ) ) GLOBAL_UNIT_ASSIGNED_CONTEXT ( ( #7598, #2342, #7037 ) ) REPRESENTATION_CONTEXT ( 'NONE', 'WORKASPACE' ) );
#2667 = SURFACE_STYLE_FILL_AREA ( #3944 ) ;
#2668 = PRESENTATION_STYLE_ASSIGNMENT (( #1603 ) ) ;
#2669 = VECTOR ( 'NONE', #3459, 1000.000000000000000 ) ;
#2670 = EDGE_CURVE ( 'NONE', #383, #4435, #3633, .T. ) ;
#2671 = EDGE_CURVE ( 'NONE', #4058, #5877, #5052, .T. ) ;
#2672 = VECTOR ( 'NONE', #791, 1000.000000000000000 ) ;
#2673 = VERTEX_POINT ( 'NONE', #4538 ) ;
#2674 = ADVANCED_FACE ( 'NONE', ( #5090 ), #5673, .F. ) ;
#2675 = EDGE_CURVE ( 'NONE', #4457, #4438, #4455, .T. ) ;
#2676 = VECTOR ( 'NONE', #2489, 1000.000000000000000 ) ;
#2677 = DIRECTION ( 'NONE',  ( 0.000000000000000000, 0.000000000000000000, -1.000000000000000000 ) ) ;
#2678 = VERTEX_POINT ( 'NONE', #6824 ) ;
#2679 = DIRECTION ( 'NONE',  ( 0.000000000000000000, -6.564934471693304967E-07, 0.9999999999997846167 ) ) ;
#2680 = UNCERTAINTY_MEASURE_WITH_UNIT (LENGTH_MEASURE( 1.000000000000000082E-05 ), #7636, 'distance_accuracy_value', 'NONE');
#2681 =( NAMED_UNIT ( * ) PLANE_ANGLE_UNIT ( ) SI_UNIT ( $, .RADIAN. ) );
#2682 =( NAMED_UNIT ( * ) SI_UNIT ( $, .STERADIAN. ) SOLID_ANGLE_UNIT ( ) );
#2683 = VERTEX_POINT ( 'NONE', #1541 ) ;
#2684 = STYLED_ITEM ( 'NONE', ( #3965 ), #3284 ) ;
#2685 = DIRECTION ( 'NONE',  ( -0.000000000000000000, 1.000000000000000000, -0.000000000000000000 ) ) ;
#2686 = CARTESIAN_POINT ( 'NONE',  ( 3.349900000000001654, 0.7000000000000000666, -2.050000000000000266 ) ) ;
#2687 = ORIENTED_EDGE ( 'NONE', *, *, #4823, .F. ) ;
#2688 = CARTESIAN_POINT ( 'NONE',  ( 1.000000000000000000, -0.0001000000000000000048, 0.8500000000000001998 ) ) ;
#2689 = AXIS2_PLACEMENT_3D ( 'NONE', #6774, #3824, #3243 ) ;
#2690 = FILL_AREA_STYLE ('',( #7467 ) ) ;
#2691 = PRESENTATION_LAYER_ASSIGNMENT (  '', '', ( #1600 ) ) ;
#2692 = LINE ( 'NONE', #285, #3498 ) ;
#2693 = UNCERTAINTY_MEASURE_WITH_UNIT (LENGTH_MEASURE( 1.000000000000000082E-05 ), #4721, 'distance_accuracy_value', 'NONE');
#2694 =( NAMED_UNIT ( * ) PLANE_ANGLE_UNIT ( ) SI_UNIT ( $, .RADIAN. ) );
#2695 = MECHANICAL_DESIGN_GEOMETRIC_PRESENTATION_REPRESENTATION (  '', ( #1222 ), #5901 ) ;
#2696 = DIRECTION ( 'NONE',  ( 0.000000000000000000, -0.000000000000000000, -1.000000000000000000 ) ) ;
#2697 = ORIENTED_EDGE ( 'NONE', *, *, #6198, .F. ) ;
#2698 = STYLED_ITEM ( 'NONE', ( #7120 ), #3097 ) ;
#2699 = LINE ( 'NONE', #4431, #4146 ) ;
#2700 = ORIENTED_EDGE ( 'NONE', *, *, #928, .F. ) ;
#2701 =( GEOMETRIC_REPRESENTATION_CONTEXT ( 3 ) GLOBAL_UNCERTAINTY_ASSIGNED_CONTEXT ( ( #5733 ) ) GLOBAL_UNIT_ASSIGNED_CONTEXT ( ( #705, #1979, #5493 ) ) REPRESENTATION_CONTEXT ( 'NONE', 'WORKASPACE' ) );
#2702 = LINE ( 'NONE', #1000, #1675 ) ;
#2703 = ORIENTED_EDGE ( 'NONE', *, *, #3595, .T. ) ;
#2704 = LINE ( 'NONE', #921, #4353 ) ;
#2705 = CARTESIAN_POINT ( 'NONE',  ( -3.349900000000001210, 0.9000000000000000222, 2.050000000000000266 ) ) ;
#2706 = ORIENTED_EDGE ( 'NONE', *, *, #6462, .T. ) ;
#2707 = FILL_AREA_STYLE_COLOUR ( '', #2832 ) ;
#2708 =( GEOMETRIC_REPRESENTATION_CONTEXT ( 3 ) GLOBAL_UNCERTAINTY_ASSIGNED_CONTEXT ( ( #4545 ) ) GLOBAL_UNIT_ASSIGNED_CONTEXT ( ( #2908, #5270, #1020 ) ) REPRESENTATION_CONTEXT ( 'NONE', 'WORKASPACE' ) );
#2709 = DIRECTION ( 'NONE',  ( -0.000000000000000000, -0.000000000000000000, 1.000000000000000000 ) ) ;
#2710 = STYLED_ITEM ( 'NONE', ( #2243 ), #3743 ) ;
#2711 = ORIENTED_EDGE ( 'NONE', *, *, #977, .T. ) ;
#2712 = CARTESIAN_POINT ( 'NONE',  ( 0.9499999999999999556, 0.1499999999999999944, -2.050000000000000266 ) ) ;
#2713 = LINE ( 'NONE', #5165, #5083 ) ;
#2714 = UNCERTAINTY_MEASURE_WITH_UNIT (LENGTH_MEASURE( 1.000000000000000082E-05 ), #1626, 'distance_accuracy_value', 'NONE');
#2715 =( GEOMETRIC_REPRESENTATION_CONTEXT ( 3 ) GLOBAL_UNCERTAINTY_ASSIGNED_CONTEXT ( ( #6582 ) ) GLOBAL_UNIT_ASSIGNED_CONTEXT ( ( #4326, #4926, #1892 ) ) REPRESENTATION_CONTEXT ( 'NONE', 'WORKASPACE' ) );
#2716 = ORIENTED_EDGE ( 'NONE', *, *, #3463, .T. ) ;
#2717 = CARTESIAN_POINT ( 'NONE',  ( 1.500000000000000000, -0.4999999999881765689, 0.2000000000066393113 ) ) ;
#2718 = EDGE_CURVE ( 'NONE', #4883, #1579, #3881, .T. ) ;
#2719 = EDGE_CURVE ( 'NONE', #6979, #211, #5130, .T. ) ;
#2720 = LINE ( 'NONE', #3916, #568 ) ;
#2721 = DIRECTION ( 'NONE',  ( 4.818676322157800333E-16, -0.000000000000000000, -1.000000000000000000 ) ) ;
#2722 = ORIENTED_EDGE ( 'NONE', *, *, #2476, .F. ) ;
#2723 = CARTESIAN_POINT ( 'NONE',  ( -1.701009032218152583, 1.199999999999999956, 2.050000000000000266 ) ) ;
#2724 = SURFACE_SIDE_STYLE ('',( #6253 ) ) ;
#2725 = VERTEX_POINT ( 'NONE', #361 ) ;
#2726 = CARTESIAN_POINT ( 'NONE',  ( -0.2010090322181517231, 1.399989999999999846, 1.749999999999999778 ) ) ;
#2727 = EDGE_CURVE ( 'NONE', #1078, #796, #2175, .T. ) ;
#2728 = DIRECTION ( 'NONE',  ( 1.000000000000000000, -0.000000000000000000, 0.000000000000000000 ) ) ;
#2729 = VECTOR ( 'NONE', #1645, 1000.000000000000000 ) ;
#2730 = CARTESIAN_POINT ( 'NONE',  ( 3.149999999999999467, 0.6500000000000000222, -1.500001000000000140 ) ) ;
#2731 = SURFACE_SIDE_STYLE ('',( #7468 ) ) ;
#2732 =( NAMED_UNIT ( * ) SI_UNIT ( $, .STERADIAN. ) SOLID_ANGLE_UNIT ( ) );
#2733 = CARTESIAN_POINT ( 'NONE',  ( 0.9999999999999995559, 0.1498999999999999777, -0.7499999999999978906 ) ) ;
#2734 = PLANE ( 'NONE',  #576 ) ;
#2735 = FILL_AREA_STYLE_COLOUR ( '', #333 ) ;
#2736 = ORIENTED_EDGE ( 'NONE', *, *, #5369, .T. ) ;
#2737 = AXIS2_PLACEMENT_3D ( 'NONE', #4424, #3887, #6222 ) ;
#2738 = ORIENTED_EDGE ( 'NONE', *, *, #5275, .T. ) ;
#2739 = SURFACE_STYLE_FILL_AREA ( #6805 ) ;
#2740 = ORIENTED_EDGE ( 'NONE', *, *, #5141, .T. ) ;
#2741 = DIRECTION ( 'NONE',  ( -0.000000000000000000, -1.000000000000000000, -0.000000000000000000 ) ) ;
#2742 = VECTOR ( 'NONE', #5963, 1000.000000000000000 ) ;
#2743 = DIRECTION ( 'NONE',  ( 0.000000000000000000, -1.000000000000000000, 0.000000000000000000 ) ) ;
#2744 = CARTESIAN_POINT ( 'NONE',  ( 0.000000000000000000, 0.1498999999999999777, 0.000000000000000000 ) ) ;
#2745 = ORIENTED_EDGE ( 'NONE', *, *, #350, .F. ) ;
#2746 =( LENGTH_UNIT ( ) NAMED_UNIT ( * ) SI_UNIT ( .MILLI., .METRE. ) );
#2747 = MECHANICAL_DESIGN_GEOMETRIC_PRESENTATION_REPRESENTATION (  '', ( #135 ), #3592 ) ;
#2748 = ORIENTED_EDGE ( 'NONE', *, *, #3129, .F. ) ;
#2749 = CARTESIAN_POINT ( 'NONE',  ( -3.350000000000000533, 0.2598999999998395927, 1.500000288856793818 ) ) ;
#2750 = VECTOR ( 'NONE', #3973, 1000.000000000000000 ) ;
#2751 = ORIENTED_EDGE ( 'NONE', *, *, #2109, .T. ) ;
#2752 =( NAMED_UNIT ( * ) SI_UNIT ( $, .STERADIAN. ) SOLID_ANGLE_UNIT ( ) );
#2753 = CARTESIAN_POINT ( 'NONE',  ( -2.049999999999999822, 0.1499999999999999944, 2.949999999999999734 ) ) ;
#2754 = CARTESIAN_POINT ( 'NONE',  ( -2.799999999999999822, 1.199999999999999956, -2.050000000000000266 ) ) ;
#2755 = ADVANCED_FACE ( 'NONE', ( #2136 ), #5627, .F. ) ;
#2756 = ORIENTED_EDGE ( 'NONE', *, *, #4316, .T. ) ;
#2757 = DIRECTION ( 'NONE',  ( 0.000000000000000000, -1.000000000000000000, 2.464095846557964399E-16 ) ) ;
#2758 = DIRECTION ( 'NONE',  ( -0.000000000000000000, -0.000000000000000000, -1.000000000000000000 ) ) ;
#2759 = DIRECTION ( 'NONE',  ( -1.000000000000000000, 0.000000000000000000, 2.168404344971010594E-16 ) ) ;
#2760 = UNCERTAINTY_MEASURE_WITH_UNIT (LENGTH_MEASURE( 1.000000000000000082E-05 ), #7263, 'distance_accuracy_value', 'NONE');
#2761 = CARTESIAN_POINT ( 'NONE',  ( -1.701009032218152583, 1.199999999999999956, 0.8500000000000003109 ) ) ;
#2762 = EDGE_CURVE ( 'NONE', #4137, #470, #7655, .T. ) ;
#2763 =( NAMED_UNIT ( * ) PLANE_ANGLE_UNIT ( ) SI_UNIT ( $, .RADIAN. ) );
#2764 = EDGE_CURVE ( 'NONE', #859, #5824, #4026, .T. ) ;
#2765 = LINE ( 'NONE', #5061, #2396 ) ;
#2766 = SURFACE_STYLE_USAGE ( .BOTH. , #1551 ) ;
#2767 = VERTEX_POINT ( 'NONE', #2986 ) ;
#2768 = VECTOR ( 'NONE', #2413, 1000.000000000000000 ) ;
#2769 = EDGE_CURVE ( 'NONE', #1883, #2683, #2950, .T. ) ;
#2770 = CARTESIAN_POINT ( 'NONE',  ( -2.449999999999999734, 0.1499999999999999944, 2.949999999999999734 ) ) ;
#2771 = ADVANCED_FACE ( 'NONE', ( #514 ), #1792, .T. ) ;
#2772 = ORIENTED_EDGE ( 'NONE', *, *, #6976, .F. ) ;
#2773 = CARTESIAN_POINT ( 'NONE',  ( 1.701009032218151917, 1.199999999999999956, 2.050000000000000266 ) ) ;
#2774 = ORIENTED_EDGE ( 'NONE', *, *, #7615, .F. ) ;
#2775 = STYLED_ITEM ( 'NONE', ( #855 ), #6079 ) ;
#2776 = SURFACE_STYLE_FILL_AREA ( #4994 ) ;
#2777 = VECTOR ( 'NONE', #4726, 1000.000000000000000 ) ;
#2778 = DIRECTION ( 'NONE',  ( -0.9396926207859082059, 0.000000000000000000, -0.3420201433256691015 ) ) ;
#2779 = FACE_OUTER_BOUND ( 'NONE', #12, .T. ) ;
#2780 = CARTESIAN_POINT ( 'NONE',  ( 1.451009032218151917, 0.8000000000000000444, 1.750000000000000000 ) ) ;
#2781 = CARTESIAN_POINT ( 'NONE',  ( 0.09999999999999809042, 2.899999999999999911, 1.750000000000000000 ) ) ;
#2782 = VERTEX_POINT ( 'NONE', #7058 ) ;
#2783 = FACE_OUTER_BOUND ( 'NONE', #2005, .T. ) ;
#2784 = SURFACE_STYLE_FILL_AREA ( #3867 ) ;
#2785 = STYLED_ITEM ( 'NONE', ( #3072 ), #6322 ) ;
#2786 = UNCERTAINTY_MEASURE_WITH_UNIT (LENGTH_MEASURE( 1.000000000000000082E-05 ), #5295, 'distance_accuracy_value', 'NONE');
#2787 = DIRECTION ( 'NONE',  ( 0.000000000000000000, -6.564934471693304967E-07, 0.9999999999997846167 ) ) ;
#2788 = COLOUR_RGB ( '',0.000000000000000000, 0.000000000000000000, 1.000000000000000000 ) ;
#2789 = VECTOR ( 'NONE', #764, 1000.000000000000000 ) ;
#2790 = ORIENTED_EDGE ( 'NONE', *, *, #4904, .T. ) ;
#2791 = DIRECTION ( 'NONE',  ( 0.000000000000000000, 1.000000000000000000, 0.000000000000000000 ) ) ;
#2792 = CARTESIAN_POINT ( 'NONE',  ( -2.799999999999999822, 1.399999999999999911, -2.050000000000000266 ) ) ;
#2793 = STYLED_ITEM ( 'NONE', ( #4052 ), #207 ) ;
#2794 = ORIENTED_EDGE ( 'NONE', *, *, #7478, .F. ) ;
#2795 = LINE ( 'NONE', #4170, #5502 ) ;
#2796 = STYLED_ITEM ( 'NONE', ( #4582 ), #1685 ) ;
#2797 = DIRECTION ( 'NONE',  ( 0.000000000000000000, -1.000000000000000000, 0.000000000000000000 ) ) ;
#2798 = ORIENTED_EDGE ( 'NONE', *, *, #637, .T. ) ;
#2799 = SURFACE_STYLE_FILL_AREA ( #5743 ) ;
#2800 = VECTOR ( 'NONE', #3968, 1000.000000000000114 ) ;
#2801 = PRESENTATION_STYLE_ASSIGNMENT (( #1059 ) ) ;
#2802 = SURFACE_STYLE_FILL_AREA ( #6298 ) ;
#2803 = PRESENTATION_LAYER_ASSIGNMENT (  '', '', ( #7136 ) ) ;
#2804 = FILL_AREA_STYLE ('',( #1064 ) ) ;
#2805 = VECTOR ( 'NONE', #1960, 1000.000000000000000 ) ;
#2806 =( LENGTH_UNIT ( ) NAMED_UNIT ( * ) SI_UNIT ( .MILLI., .METRE. ) );
#2807 = VECTOR ( 'NONE', #6643, 1000.000000000000000 ) ;
#2808 = FILL_AREA_STYLE_COLOUR ( '', #3648 ) ;
#2809 = DIRECTION ( 'NONE',  ( -0.000000000000000000, -1.000000000000000000, -0.000000000000000000 ) ) ;
#2810 =( NAMED_UNIT ( * ) SI_UNIT ( $, .STERADIAN. ) SOLID_ANGLE_UNIT ( ) );
#2811 = FACE_OUTER_BOUND ( 'NONE', #3211, .T. ) ;
#2812 = EDGE_LOOP ( 'NONE', ( #2438, #1727, #3856, #5250, #6919, #7568, #4350, #5837, #5166, #6809, #6583, #197, #7050, #5736, #1844, #5797, #3896, #681, #2505, #4514, #4622, #1021, #5124, #1246, #6826, #890 ) ) ;
#2813 = VECTOR ( 'NONE', #2061, 1000.000000000000000 ) ;
#2814 = ORIENTED_EDGE ( 'NONE', *, *, #2572, .T. ) ;
#2815 =( GEOMETRIC_REPRESENTATION_CONTEXT ( 3 ) GLOBAL_UNCERTAINTY_ASSIGNED_CONTEXT ( ( #6213 ) ) GLOBAL_UNIT_ASSIGNED_CONTEXT ( ( #7139, #2325, #4686 ) ) REPRESENTATION_CONTEXT ( 'NONE', 'WORKASPACE' ) );
#2816 = EDGE_CURVE ( 'NONE', #2045, #6979, #4098, .T. ) ;
#2817 = ADVANCED_FACE ( 'NONE', ( #1219 ), #1684, .T. ) ;
#2818 = ORIENTED_EDGE ( 'NONE', *, *, #500, .T. ) ;
#2819 = CARTESIAN_POINT ( 'NONE',  ( 0.000000000000000000, 0.000000000000000000, -2.049900000000000500 ) ) ;
#2820 = ORIENTED_EDGE ( 'NONE', *, *, #4573, .T. ) ;
#2821 = STYLED_ITEM ( 'NONE', ( #6425 ), #1213 ) ;
#2822 = CARTESIAN_POINT ( 'NONE',  ( -3.349900000000000766, 0.9000000000000000222, 1.500001000000000140 ) ) ;
#2823 = EDGE_CURVE ( 'NONE', #798, #3938, #2392, .T. ) ;
#2824 = EDGE_CURVE ( 'NONE', #1016, #4126, #629, .T. ) ;
#2825 = VECTOR ( 'NONE', #1412, 1000.000000000000000 ) ;
#2826 = LINE ( 'NONE', #7565, #5008 ) ;
#2827 = DIRECTION ( 'NONE',  ( -1.000000000000000000, -0.000000000000000000, -1.057758217059029964E-16 ) ) ;
#2828 = ORIENTED_EDGE ( 'NONE', *, *, #2247, .F. ) ;
#2829 = FILL_AREA_STYLE ('',( #2707 ) ) ;
#2830 = PLANE ( 'NONE',  #5431 ) ;
#2831 = SURFACE_SIDE_STYLE ('',( #5694 ) ) ;
#2832 = COLOUR_RGB ( '',0.7960784313725489669, 0.8235294117647058432, 0.9372549019607843146 ) ;
#2833 = EDGE_CURVE ( 'NONE', #902, #1978, #4612, .T. ) ;
#2834 = PRESENTATION_LAYER_ASSIGNMENT (  '', '', ( #6532 ) ) ;
#2835 = LINE ( 'NONE', #502, #3731 ) ;
#2836 = COLOUR_RGB ( '',0.000000000000000000, 0.000000000000000000, 1.000000000000000000 ) ;
#2837 = EDGE_LOOP ( 'NONE', ( #7107, #1533, #1387, #3966 ) ) ;
#2838 = MECHANICAL_DESIGN_GEOMETRIC_PRESENTATION_REPRESENTATION (  '', ( #1493 ), #2587 ) ;
#2839 = LINE ( 'NONE', #7455, #4433 ) ;
#2840 = LINE ( 'NONE', #2130, #2233 ) ;
#2841 = ORIENTED_EDGE ( 'NONE', *, *, #2963, .T. ) ;
#2842 = VECTOR ( 'NONE', #1254, 1000.000000000000000 ) ;
#2843 = DIRECTION ( 'NONE',  ( 0.000000000000000000, -0.000000000000000000, -1.000000000000000000 ) ) ;
#2844 = FACE_OUTER_BOUND ( 'NONE', #2616, .T. ) ;
#2845 = CARTESIAN_POINT ( 'NONE',  ( -3.149999999999999467, 0.6999999999999930722, 1.500001000000001028 ) ) ;
#2846 =( NAMED_UNIT ( * ) PLANE_ANGLE_UNIT ( ) SI_UNIT ( $, .RADIAN. ) );
#2847 = COLOUR_RGB ( '',0.7960784313725489669, 0.8235294117647058432, 0.9372549019607843146 ) ;
#2848 = COLOUR_RGB ( '',0.7960784313725489669, 0.8235294117647058432, 0.9372549019607843146 ) ;
#2849 =( LENGTH_UNIT ( ) NAMED_UNIT ( * ) SI_UNIT ( .MILLI., .METRE. ) );
#2850 =( NAMED_UNIT ( * ) PLANE_ANGLE_UNIT ( ) SI_UNIT ( $, .RADIAN. ) );
#2851 = FILL_AREA_STYLE_COLOUR ( '', #4088 ) ;
#2852 = CARTESIAN_POINT ( 'NONE',  ( 3.149999999999999911, 1.399999999999999911, 1.500001000000000140 ) ) ;
#2853 = CARTESIAN_POINT ( 'NONE',  ( -0.9999999999999995559, 0.1498999999999999777, -1.249999999999997780 ) ) ;
#2854 = CARTESIAN_POINT ( 'NONE',  ( 2.500000000000000000, 0.1498999999999999777, -1.249999999999997780 ) ) ;
#2855 = ORIENTED_EDGE ( 'NONE', *, *, #4331, .T. ) ;
#2856 = AXIS2_PLACEMENT_3D ( 'NONE', #978, #474, #2677 ) ;
#2857 = ORIENTED_EDGE ( 'NONE', *, *, #7526, .F. ) ;
#2858 = SURFACE_STYLE_FILL_AREA ( #3417 ) ;
#2859 = VERTEX_POINT ( 'NONE', #6549 ) ;
#2860 =( NAMED_UNIT ( * ) SI_UNIT ( $, .STERADIAN. ) SOLID_ANGLE_UNIT ( ) );
#2861 = PRESENTATION_STYLE_ASSIGNMENT (( #4670 ) ) ;
#2862 = LINE ( 'NONE', #5863, #7354 ) ;
#2863 = SURFACE_STYLE_USAGE ( .BOTH. , #493 ) ;
#2864 = LINE ( 'NONE', #1706, #4414 ) ;
#2865 = ORIENTED_EDGE ( 'NONE', *, *, #4760, .F. ) ;
#2866 = CARTESIAN_POINT ( 'NONE',  ( 1.500000000000000000, -0.4999999999881765689, 0.000000000000000000 ) ) ;
#2867 = SURFACE_STYLE_FILL_AREA ( #3492 ) ;
#2868 = UNCERTAINTY_MEASURE_WITH_UNIT (LENGTH_MEASURE( 1.000000000000000082E-05 ), #3547, 'distance_accuracy_value', 'NONE');
#2869 = AXIS2_PLACEMENT_3D ( 'NONE', #2647, #6865, #2037 ) ;
#2870 = LINE ( 'NONE', #2348, #4482 ) ;
#2871 = ADVANCED_FACE ( 'NONE', ( #2844 ), #2879, .F. ) ;
#2872 = ORIENTED_EDGE ( 'NONE', *, *, #6083, .T. ) ;
#2873 = LINE ( 'NONE', #5838, #6797 ) ;
#2874 = ADVANCED_FACE ( 'NONE', ( #4852 ), #2559, .F. ) ;
#2875 = UNCERTAINTY_MEASURE_WITH_UNIT (LENGTH_MEASURE( 1.000000000000000082E-05 ), #5718, 'distance_accuracy_value', 'NONE');
#2876 = EDGE_LOOP ( 'NONE', ( #6916, #539, #3611 ) ) ;
#2877 = DIRECTION ( 'NONE',  ( -0.3713906763541062750, -0.9284766908852583045, -0.000000000000000000 ) ) ;
#2878 = ORIENTED_EDGE ( 'NONE', *, *, #2670, .F. ) ;
#2879 = PLANE ( 'NONE',  #852 ) ;
#2880 = DIRECTION ( 'NONE',  ( 1.000000000000000000, 0.000000000000000000, -0.000000000000000000 ) ) ;
#2881 = PLANE ( 'NONE',  #1335 ) ;
#2882 = DIRECTION ( 'NONE',  ( -0.000000000000000000, -1.000000000000000000, -0.000000000000000000 ) ) ;
#2883 = CARTESIAN_POINT ( 'NONE',  ( 2.000000000000000000, -0.0001000000000000000048, 0.3500000000000002554 ) ) ;
#2884 =( GEOMETRIC_REPRESENTATION_CONTEXT ( 3 ) GLOBAL_UNCERTAINTY_ASSIGNED_CONTEXT ( ( #354 ) ) GLOBAL_UNIT_ASSIGNED_CONTEXT ( ( #7367, #5649, #7524 ) ) REPRESENTATION_CONTEXT ( 'NONE', 'WORKASPACE' ) );
#2885 = SURFACE_STYLE_USAGE ( .BOTH. , #6948 ) ;
#2886 = DIRECTION ( 'NONE',  ( 0.000000000000000000, -1.000000000000000000, 2.464095846557964399E-16 ) ) ;
#2887 = VERTEX_POINT ( 'NONE', #114 ) ;
#2888 = PRESENTATION_LAYER_ASSIGNMENT (  '', '', ( #1773 ) ) ;
#2889 = ORIENTED_EDGE ( 'NONE', *, *, #2476, .T. ) ;
#2890 = CARTESIAN_POINT ( 'NONE',  ( -1.999999999999999112, 0.1498999999999999777, 0.3500000000000001443 ) ) ;
#2891 = FILL_AREA_STYLE ('',( #6420 ) ) ;
#2892 = FILL_AREA_STYLE ('',( #7673 ) ) ;
#2893 = PLANE ( 'NONE',  #2643 ) ;
#2894 = ORIENTED_EDGE ( 'NONE', *, *, #6792, .F. ) ;
#2895 = CARTESIAN_POINT ( 'NONE',  ( 0.9999999999999995559, 0.1498999999999999777, -1.249999999999997780 ) ) ;
#2896 = VECTOR ( 'NONE', #4919, 1000.000000000000000 ) ;
#2897 = ORIENTED_EDGE ( 'NONE', *, *, #4753, .T. ) ;
#2898 = PRESENTATION_STYLE_ASSIGNMENT (( #7607 ) ) ;
#2899 = AXIS2_PLACEMENT_3D ( 'NONE', #5571, #4983, #3160 ) ;
#2900 = ORIENTED_EDGE ( 'NONE', *, *, #3549, .T. ) ;
#2901 = FACE_OUTER_BOUND ( 'NONE', #2477, .T. ) ;
#2902 = FILL_AREA_STYLE ('',( #3468 ) ) ;
#2903 = LINE ( 'NONE', #31, #3165 ) ;
#2904 = EDGE_CURVE ( 'NONE', #4137, #3308, #1375, .T. ) ;
#2905 = EDGE_CURVE ( 'NONE', #3894, #2487, #4934, .T. ) ;
#2906 = ORIENTED_EDGE ( 'NONE', *, *, #6887, .F. ) ;
#2907 = MECHANICAL_DESIGN_GEOMETRIC_PRESENTATION_REPRESENTATION (  '', ( #3023 ), #684 ) ;
#2908 =( LENGTH_UNIT ( ) NAMED_UNIT ( * ) SI_UNIT ( .MILLI., .METRE. ) );
#2909 = ADVANCED_FACE ( 'NONE', ( #669 ), #824, .T. ) ;
#2910 = EDGE_CURVE ( 'NONE', #5979, #3398, #6626, .T. ) ;
#2911 = VERTEX_POINT ( 'NONE', #6735 ) ;
#2912 = DIRECTION ( 'NONE',  ( -0.3713906763541044986, 0.9284766908852589706, 0.000000000000000000 ) ) ;
#2913 = FILL_AREA_STYLE ('',( #7175 ) ) ;
#2914 = COLOUR_RGB ( '',0.000000000000000000, 0.000000000000000000, 1.000000000000000000 ) ;
#2915 = CARTESIAN_POINT ( 'NONE',  ( -1.999999999999998668, -0.0001000000000000000048, -1.249999999999997780 ) ) ;
#2916 = CARTESIAN_POINT ( 'NONE',  ( -0.2010090322181518063, 1.199999999999999956, 0.9499999999999998446 ) ) ;
#2917 = UNCERTAINTY_MEASURE_WITH_UNIT (LENGTH_MEASURE( 1.000000000000000082E-05 ), #4618, 'distance_accuracy_value', 'NONE');
#2918 = FACE_BOUND ( 'NONE', #446, .T. ) ;
#2919 = LINE ( 'NONE', #5281, #6077 ) ;
#2920 = MECHANICAL_DESIGN_GEOMETRIC_PRESENTATION_REPRESENTATION (  '', ( #5518 ), #6876 ) ;
#2921 = CARTESIAN_POINT ( 'NONE',  ( -3.350000000000000533, 0.2598999999998395927, 0.5000002888567938175 ) ) ;
#2922 = AXIS2_PLACEMENT_3D ( 'NONE', #1948, #2159, #3245 ) ;
#2923 = ORIENTED_EDGE ( 'NONE', *, *, #3136, .F. ) ;
#2924 = STYLED_ITEM ( 'NONE', ( #2861 ), #593 ) ;
#2925 = ORIENTED_EDGE ( 'NONE', *, *, #6236, .T. ) ;
#2926 =( NAMED_UNIT ( * ) SI_UNIT ( $, .STERADIAN. ) SOLID_ANGLE_UNIT ( ) );
#2927 = LINE ( 'NONE', #6485, #5022 ) ;
#2928 = CARTESIAN_POINT ( 'NONE',  ( 1.199999999999999956, 2.899999999999999911, 1.750000000000000000 ) ) ;
#2929 = DIRECTION ( 'NONE',  ( -0.000000000000000000, 0.000000000000000000, 1.000000000000000000 ) ) ;
#2930 = DIRECTION ( 'NONE',  ( -0.000000000000000000, -1.000000000000000000, -0.000000000000000000 ) ) ;
#2931 = CARTESIAN_POINT ( 'NONE',  ( 0.9499999999999998446, 1.399999999999999911, 2.050000000000000266 ) ) ;
#2932 =( LENGTH_UNIT ( ) NAMED_UNIT ( * ) SI_UNIT ( .MILLI., .METRE. ) );
#2933 = VERTEX_POINT ( 'NONE', #5460 ) ;
#2934 = STYLED_ITEM ( 'NONE', ( #3598 ), #3329 ) ;
#2935 = FILL_AREA_STYLE_COLOUR ( '', #6286 ) ;
#2936 = SURFACE_STYLE_FILL_AREA ( #5037 ) ;
#2937 = UNCERTAINTY_MEASURE_WITH_UNIT (LENGTH_MEASURE( 1.000000000000000082E-05 ), #2471, 'distance_accuracy_value', 'NONE');
#2938 = ORIENTED_EDGE ( 'NONE', *, *, #3371, .F. ) ;
#2939 = VECTOR ( 'NONE', #4083, 1000.000000000000000 ) ;
#2940 = PLANE ( 'NONE',  #5964 ) ;
#2941 = DIRECTION ( 'NONE',  ( 1.000000000000000000, -0.000000000000000000, -1.057758217059029964E-16 ) ) ;
#2942 = VERTEX_POINT ( 'NONE', #1457 ) ;
#2943 = DIRECTION ( 'NONE',  ( -1.000000000000000000, 0.000000000000000000, 0.000000000000000000 ) ) ;
#2944 = VECTOR ( 'NONE', #4801, 1000.000000000000000 ) ;
#2945 =( NAMED_UNIT ( * ) SI_UNIT ( $, .STERADIAN. ) SOLID_ANGLE_UNIT ( ) );
#2946 = CARTESIAN_POINT ( 'NONE',  ( -1.701009032218152806, 1.399999999999999911, -2.049900000000000500 ) ) ;
#2947 = UNCERTAINTY_MEASURE_WITH_UNIT (LENGTH_MEASURE( 1.000000000000000082E-05 ), #7433, 'distance_accuracy_value', 'NONE');
#2948 = PRESENTATION_LAYER_ASSIGNMENT (  '', '', ( #6297 ) ) ;
#2949 = CARTESIAN_POINT ( 'NONE',  ( 3.350000000000000533, 1.199999999999999956, 1.500000000000000000 ) ) ;
#2950 = LINE ( 'NONE', #1173, #6453 ) ;
#2951 = DIRECTION ( 'NONE',  ( -0.000000000000000000, 0.000000000000000000, 1.000000000000000000 ) ) ;
#2952 = EDGE_CURVE ( 'NONE', #2725, #6649, #2599, .T. ) ;
#2953 = CARTESIAN_POINT ( 'NONE',  ( -1.999999999999999112, 0.1498999999999999777, 0.8500000000000001998 ) ) ;
#2954 = CARTESIAN_POINT ( 'NONE',  ( 3.149999999999999911, -0.4999999999881765689, 2.050000000000000266 ) ) ;
#2955 = SURFACE_SIDE_STYLE ('',( #4031 ) ) ;
#2956 = EDGE_CURVE ( 'NONE', #4966, #1832, #5379, .T. ) ;
#2957 = EDGE_CURVE ( 'NONE', #6784, #3455, #752, .T. ) ;
#2958 = CARTESIAN_POINT ( 'NONE',  ( -3.149999999999999467, 0.6500000000000000222, -2.049989999999999757 ) ) ;
#2959 = LINE ( 'NONE', #5317, #6883 ) ;
#2960 = ADVANCED_FACE ( 'NONE', ( #7256 ), #4822, .F. ) ;
#2961 = ORIENTED_EDGE ( 'NONE', *, *, #1563, .T. ) ;
#2962 = FILL_AREA_STYLE ('',( #2365 ) ) ;
#2963 = EDGE_CURVE ( 'NONE', #383, #4328, #6211, .T. ) ;
#2964 = ORIENTED_EDGE ( 'NONE', *, *, #6364, .T. ) ;
#2965 = CARTESIAN_POINT ( 'NONE',  ( -2.050000000000000266, 0.1499999999999999944, -2.050000000000000266 ) ) ;
#2966 = PRESENTATION_STYLE_ASSIGNMENT (( #6454 ) ) ;
#2967 = CARTESIAN_POINT ( 'NONE',  ( 2.499999999999999556, 0.1498999999999999777, 0.8500000000000003109 ) ) ;
#2968 = DIRECTION ( 'NONE',  ( 1.807003620809173646E-16, 0.000000000000000000, -1.000000000000000000 ) ) ;
#2969 = LINE ( 'NONE', #3531, #5133 ) ;
#2970 = FILL_AREA_STYLE ('',( #1154 ) ) ;
#2971 = EDGE_LOOP ( 'NONE', ( #5347, #2558, #2228, #6036 ) ) ;
#2972 = CARTESIAN_POINT ( 'NONE',  ( 3.149999999999999911, 0.2598999999998395927, -2.049989999999999757 ) ) ;
#2973 = VERTEX_POINT ( 'NONE', #1639 ) ;
#2974 = PLANE ( 'NONE',  #4040 ) ;
#2975 = COLOUR_RGB ( '',1.000000000000000000, 0.5019607843137254832, 0.000000000000000000 ) ;
#2976 =( NAMED_UNIT ( * ) SI_UNIT ( $, .STERADIAN. ) SOLID_ANGLE_UNIT ( ) );
#2977 = ORIENTED_EDGE ( 'NONE', *, *, #6929, .T. ) ;
#2978 = CARTESIAN_POINT ( 'NONE',  ( -2.499999999999998224, -0.0001000000000000000048, -0.7499999999999977796 ) ) ;
#2979 = SURFACE_SIDE_STYLE ('',( #6324 ) ) ;
#2980 =( GEOMETRIC_REPRESENTATION_CONTEXT ( 3 ) GLOBAL_UNCERTAINTY_ASSIGNED_CONTEXT ( ( #71 ) ) GLOBAL_UNIT_ASSIGNED_CONTEXT ( ( #5274, #1836, #4141 ) ) REPRESENTATION_CONTEXT ( 'NONE', 'WORKASPACE' ) );
#2981 = ORIENTED_EDGE ( 'NONE', *, *, #305, .F. ) ;
#2982 = SURFACE_SIDE_STYLE ('',( #508 ) ) ;
#2983 = SURFACE_SIDE_STYLE ('',( #2321 ) ) ;
#2984 = CARTESIAN_POINT ( 'NONE',  ( -3.349900000000001210, 0.9000000000000000222, -2.050000000000000266 ) ) ;
#2985 = ORIENTED_EDGE ( 'NONE', *, *, #3043, .T. ) ;
#2986 = CARTESIAN_POINT ( 'NONE',  ( 1.451009032218151917, 1.199999999999999956, 2.050000000000000266 ) ) ;
#2987 = CARTESIAN_POINT ( 'NONE',  ( 3.349900000000001210, 0.6999999999999999556, 2.050000000000000266 ) ) ;
#2988 = DIRECTION ( 'NONE',  ( 0.000000000000000000, 0.000000000000000000, 1.000000000000000000 ) ) ;
#2989 = PRESENTATION_STYLE_ASSIGNMENT (( #7105 ) ) ;
#2990 =( NAMED_UNIT ( * ) PLANE_ANGLE_UNIT ( ) SI_UNIT ( $, .RADIAN. ) );
#2991 = ORIENTED_EDGE ( 'NONE', *, *, #5350, .T. ) ;
#2992 = PLANE ( 'NONE',  #4746 ) ;
#2993 = ORIENTED_EDGE ( 'NONE', *, *, #2290, .T. ) ;
#2994 = ADVANCED_FACE ( 'NONE', ( #530 ), #7043, .F. ) ;
#2995 = CARTESIAN_POINT ( 'NONE',  ( 0.2500000000000000000, 1.199999999999999956, 2.449999999999999734 ) ) ;
#2996 = DIRECTION ( 'NONE',  ( 0.000000000000000000, 0.000000000000000000, 1.000000000000000000 ) ) ;
#2997 = LINE ( 'NONE', #48, #1586 ) ;
#2998 = SURFACE_STYLE_USAGE ( .BOTH. , #4671 ) ;
#2999 = CARTESIAN_POINT ( 'NONE',  ( -1.701009032218152583, 1.399999999999999911, 2.050000000000000266 ) ) ;
#3000 = FILL_AREA_STYLE_COLOUR ( '', #166 ) ;
#3001 = ORIENTED_EDGE ( 'NONE', *, *, #643, .T. ) ;
#3002 = LINE ( 'NONE', #53, #2768 ) ;
#3003 = LINE ( 'NONE', #54, #2944 ) ;
#3004 = VERTEX_POINT ( 'NONE', #1497 ) ;
#3005 = FILL_AREA_STYLE_COLOUR ( '', #960 ) ;
#3006 = VECTOR ( 'NONE', #2709, 1000.000000000000000 ) ;
#3007 = SURFACE_SIDE_STYLE ('',( #655 ) ) ;
#3008 = LINE ( 'NONE', #2496, #6138 ) ;
#3009 = UNCERTAINTY_MEASURE_WITH_UNIT (LENGTH_MEASURE( 1.000000000000000082E-05 ), #5722, 'distance_accuracy_value', 'NONE');
#3010 = VERTEX_POINT ( 'NONE', #6391 ) ;
#3011 = LINE ( 'NONE', #1887, #426 ) ;
#3012 = COLOUR_RGB ( '',1.000000000000000000, 0.5019607843137254832, 0.000000000000000000 ) ;
#3013 = ORIENTED_EDGE ( 'NONE', *, *, #4651, .F. ) ;
#3014 = CARTESIAN_POINT ( 'NONE',  ( 1.701009032218151917, 1.399999999999999911, 2.050000000000000266 ) ) ;
#3015 = PLANE ( 'NONE',  #2208 ) ;
#3016 = LINE ( 'NONE', #6040, #1203 ) ;
#3017 = UNCERTAINTY_MEASURE_WITH_UNIT (LENGTH_MEASURE( 1.000000000000000082E-05 ), #1104, 'distance_accuracy_value', 'NONE');
#3018 = CARTESIAN_POINT ( 'NONE',  ( -2.250504516109076203, 1.199999999999999956, 1.849999999999999867 ) ) ;
#3019 =( GEOMETRIC_REPRESENTATION_CONTEXT ( 3 ) GLOBAL_UNCERTAINTY_ASSIGNED_CONTEXT ( ( #3746 ) ) GLOBAL_UNIT_ASSIGNED_CONTEXT ( ( #3275, #3311, #7483 ) ) REPRESENTATION_CONTEXT ( 'NONE', 'WORKASPACE' ) );
#3020 = MECHANICAL_DESIGN_GEOMETRIC_PRESENTATION_REPRESENTATION (  '', ( #6114 ), #4381 ) ;
#3021 = EDGE_LOOP ( 'NONE', ( #2351, #2818, #6734, #4445 ) ) ;
#3022 =( LENGTH_UNIT ( ) NAMED_UNIT ( * ) SI_UNIT ( .MILLI., .METRE. ) );
#3023 = STYLED_ITEM ( 'NONE', ( #6300 ), #6366 ) ;
#3024 =( NAMED_UNIT ( * ) PLANE_ANGLE_UNIT ( ) SI_UNIT ( $, .RADIAN. ) );
#3025 = FACE_BOUND ( 'NONE', #5661, .T. ) ;
#3026 = CARTESIAN_POINT ( 'NONE',  ( 3.350000000000000089, 1.399999999999999911, -1.500000000000000000 ) ) ;
#3027 = SURFACE_SIDE_STYLE ('',( #9 ) ) ;
#3028 = VERTEX_POINT ( 'NONE', #2057 ) ;
#3029 = ORIENTED_EDGE ( 'NONE', *, *, #5840, .F. ) ;
#3030 = VECTOR ( 'NONE', #1520, 1000.000000000000000 ) ;
#3031 = DIRECTION ( 'NONE',  ( 0.000000000000000000, 0.000000000000000000, 1.000000000000000000 ) ) ;
#3032 = CARTESIAN_POINT ( 'NONE',  ( -3.350000000000000089, 0.1499999999999999667, 2.050000000000000266 ) ) ;
#3033 = AXIS2_PLACEMENT_3D ( 'NONE', #3759, #5098, #6140 ) ;
#3034 = SURFACE_STYLE_USAGE ( .BOTH. , #5477 ) ;
#3035 = DIRECTION ( 'NONE',  ( 0.9284766908852583045, -0.3713906763541062750, 0.000000000000000000 ) ) ;
#3036 = ORIENTED_EDGE ( 'NONE', *, *, #7526, .T. ) ;
#3037 = CARTESIAN_POINT ( 'NONE',  ( 3.149999999999999911, -0.4999999999881765689, 2.050000000000000266 ) ) ;
#3038 = SURFACE_SIDE_STYLE ('',( #4872 ) ) ;
#3039 = ORIENTED_EDGE ( 'NONE', *, *, #6080, .T. ) ;
#3040 =( NAMED_UNIT ( * ) SI_UNIT ( $, .STERADIAN. ) SOLID_ANGLE_UNIT ( ) );
#3041 = COLOUR_RGB ( '',0.000000000000000000, 0.000000000000000000, 1.000000000000000000 ) ;
#3042 = EDGE_CURVE ( 'NONE', #4555, #1013, #2864, .T. ) ;
#3043 = EDGE_CURVE ( 'NONE', #6673, #6061, #597, .T. ) ;
#3044 = FACE_OUTER_BOUND ( 'NONE', #3716, .T. ) ;
#3045 = ORIENTED_EDGE ( 'NONE', *, *, #4609, .T. ) ;
#3046 = EDGE_CURVE ( 'NONE', #2045, #5471, #867, .T. ) ;
#3047 = EDGE_CURVE ( 'NONE', #1653, #5913, #273, .T. ) ;
#3048 = DIRECTION ( 'NONE',  ( 7.885121045569205776E-16, 0.000000000000000000, -1.000000000000000000 ) ) ;
#3049 = FILL_AREA_STYLE_COLOUR ( '', #7150 ) ;
#3050 = ORIENTED_EDGE ( 'NONE', *, *, #5369, .F. ) ;
#3051 = VERTEX_POINT ( 'NONE', #4403 ) ;
#3052 = CARTESIAN_POINT ( 'NONE',  ( -3.350000000000000089, 1.399999999999999911, -2.050000000000000266 ) ) ;
#3053 = FILL_AREA_STYLE ('',( #2553 ) ) ;
#3054 = DIRECTION ( 'NONE',  ( -0.000000000000000000, -1.000000000000000000, -0.000000000000000000 ) ) ;
#3055 = VECTOR ( 'NONE', #320, 1000.000000000000000 ) ;
#3056 = PLANE ( 'NONE',  #1535 ) ;
#3057 = PRESENTATION_LAYER_ASSIGNMENT (  '', '', ( #1222 ) ) ;
#3059 = ORIENTED_EDGE ( 'NONE', *, *, #2572, .F. ) ;
#3058 = COLOUR_RGB ( '',0.000000000000000000, 0.000000000000000000, 1.000000000000000000 ) ;
#3060 = PRESENTATION_STYLE_ASSIGNMENT (( #2478 ) ) ;
#3061 = PLANE ( 'NONE',  #2595 ) ;
#3062 = DIRECTION ( 'NONE',  ( 0.000000000000000000, 1.000000000000000000, 0.000000000000000000 ) ) ;
#3063 = CIRCLE ( 'NONE', #5055, 0.4000000000000000222 ) ;
#3064 = DIRECTION ( 'NONE',  ( 0.000000000000000000, -1.000000000000000000, 0.000000000000000000 ) ) ;
#3065 = CARTESIAN_POINT ( 'NONE',  ( -3.149999999999999911, 0.2598999999998395927, -1.500000000000000000 ) ) ;
#3066 = FACE_OUTER_BOUND ( 'NONE', #2198, .T. ) ;
#3067 = CARTESIAN_POINT ( 'NONE',  ( -1.500000000000000000, -0.4999999999881765689, -0.1999999999497958925 ) ) ;
#3068 =( LENGTH_UNIT ( ) NAMED_UNIT ( * ) SI_UNIT ( .MILLI., .METRE. ) );
#3069 = ORIENTED_EDGE ( 'NONE', *, *, #4609, .F. ) ;
#3070 = VECTOR ( 'NONE', #2546, 1000.000000000000000 ) ;
#3071 = EDGE_LOOP ( 'NONE', ( #5583, #5739, #3315 ) ) ;
#3072 = PRESENTATION_STYLE_ASSIGNMENT (( #6527 ) ) ;
#3073 = COLOUR_RGB ( '',1.000000000000000000, 0.5019607843137254832, 0.000000000000000000 ) ;
#3074 = CARTESIAN_POINT ( 'NONE',  ( -3.350000000000000089, 0.6999999999999930722, 2.050000000000000266 ) ) ;
#3075 = DIRECTION ( 'NONE',  ( 0.000000000000000000, 6.564934471693303908E-07, -0.9999999999997843947 ) ) ;
#3076 = DIRECTION ( 'NONE',  ( 0.000000000000000000, -0.000000000000000000, -1.000000000000000000 ) ) ;
#3077 = VERTEX_POINT ( 'NONE', #1239 ) ;
#3078 = FACE_OUTER_BOUND ( 'NONE', #3242, .T. ) ;
#3079 = VERTEX_POINT ( 'NONE', #693 ) ;
#3080 = LINE ( 'NONE', #3724, #3638 ) ;
#3081 = STYLED_ITEM ( 'NONE', ( #965 ), #3906 ) ;
#3082 = UNCERTAINTY_MEASURE_WITH_UNIT (LENGTH_MEASURE( 1.000000000000000082E-05 ), #1271, 'distance_accuracy_value', 'NONE');
#3083 = ORIENTED_EDGE ( 'NONE', *, *, #1413, .F. ) ;
#3084 =( NAMED_UNIT ( * ) PLANE_ANGLE_UNIT ( ) SI_UNIT ( $, .RADIAN. ) );
#3085 = ORIENTED_EDGE ( 'NONE', *, *, #3185, .F. ) ;
#3086 = CARTESIAN_POINT ( 'NONE',  ( -2.049999999999999822, 0.1499999999999999667, -2.050000000000000266 ) ) ;
#3087 = VECTOR ( 'NONE', #987, 1000.000000000000000 ) ;
#3088 = VERTEX_POINT ( 'NONE', #2494 ) ;
#3089 = LINE ( 'NONE', #6160, #4955 ) ;
#3090 = DIRECTION ( 'NONE',  ( 1.000000000000000000, -0.000000000000000000, 1.084202172485505297E-16 ) ) ;
#3091 = DIRECTION ( 'NONE',  ( 1.057758217059029964E-16, 2.464095846557964399E-16, 1.000000000000000000 ) ) ;
#3092 = UNCERTAINTY_MEASURE_WITH_UNIT (LENGTH_MEASURE( 1.000000000000000082E-05 ), #4676, 'distance_accuracy_value', 'NONE');
#3093 =( GEOMETRIC_REPRESENTATION_CONTEXT ( 3 ) GLOBAL_UNCERTAINTY_ASSIGNED_CONTEXT ( ( #7356 ) ) GLOBAL_UNIT_ASSIGNED_CONTEXT ( ( #5462, #2601, #7299 ) ) REPRESENTATION_CONTEXT ( 'NONE', 'WORKASPACE' ) );
#3094 = DIRECTION ( 'NONE',  ( 4.818676322157800333E-16, 0.000000000000000000, 1.000000000000000000 ) ) ;
#3095 = ORIENTED_EDGE ( 'NONE', *, *, #4177, .F. ) ;
#3096 = EDGE_CURVE ( 'NONE', #5263, #3933, #2375, .T. ) ;
#3097 = ADVANCED_FACE ( 'NONE', ( #3078 ), #7675, .T. ) ;
#3098 = ORIENTED_EDGE ( 'NONE', *, *, #6229, .T. ) ;
#3099 = CARTESIAN_POINT ( 'NONE',  ( 1.701009032218151917, 1.399999999999999911, 2.050000000000000266 ) ) ;
#3100 = EDGE_CURVE ( 'NONE', #817, #3999, #4199, .T. ) ;
#3101 = EDGE_CURVE ( 'NONE', #6763, #6130, #3003, .T. ) ;
#3102 =( NAMED_UNIT ( * ) PLANE_ANGLE_UNIT ( ) SI_UNIT ( $, .RADIAN. ) );
#3103 = VECTOR ( 'NONE', #4658, 1000.000000000000000 ) ;
#3104 =( LENGTH_UNIT ( ) NAMED_UNIT ( * ) SI_UNIT ( .MILLI., .METRE. ) );
#3105 = PLANE ( 'NONE',  #4773 ) ;
#3106 =( LENGTH_UNIT ( ) NAMED_UNIT ( * ) SI_UNIT ( .MILLI., .METRE. ) );
#3107 = EDGE_LOOP ( 'NONE', ( #4390, #7296, #2270, #4022 ) ) ;
#3108 = ORIENTED_EDGE ( 'NONE', *, *, #1915, .T. ) ;
#3109 = LINE ( 'NONE', #160, #6124 ) ;
#3110 = LINE ( 'NONE', #7151, #3782 ) ;
#3111 = ORIENTED_EDGE ( 'NONE', *, *, #2384, .F. ) ;
#3112 = CARTESIAN_POINT ( 'NONE',  ( 1.701009032218152806, 1.199999999999999956, -2.049900000000000500 ) ) ;
#3113 = ORIENTED_EDGE ( 'NONE', *, *, #1028, .F. ) ;
#3114 = COLOUR_RGB ( '',0.000000000000000000, 0.000000000000000000, 1.000000000000000000 ) ;
#3115 = ORIENTED_EDGE ( 'NONE', *, *, #3195, .T. ) ;
#3116 = FILL_AREA_STYLE ('',( #5530 ) ) ;
#3117 = FACE_OUTER_BOUND ( 'NONE', #751, .T. ) ;
#3118 = SURFACE_SIDE_STYLE ('',( #6614 ) ) ;
#3119 =( NAMED_UNIT ( * ) PLANE_ANGLE_UNIT ( ) SI_UNIT ( $, .RADIAN. ) );
#3120 = CARTESIAN_POINT ( 'NONE',  ( -3.350000000000000089, 0.7000000000000060618, 2.050000000000000266 ) ) ;
#3121 = AXIS2_PLACEMENT_3D ( 'NONE', #7638, #6531, #2968 ) ;
#3122 = ORIENTED_EDGE ( 'NONE', *, *, #2630, .F. ) ;
#3123 =( NAMED_UNIT ( * ) PLANE_ANGLE_UNIT ( ) SI_UNIT ( $, .RADIAN. ) );
#3124 = DIRECTION ( 'NONE',  ( 1.000000000000000000, 0.000000000000000000, -1.057758217059029840E-16 ) ) ;
#3125 = ORIENTED_EDGE ( 'NONE', *, *, #2963, .F. ) ;
#3126 = VERTEX_POINT ( 'NONE', #1852 ) ;
#3127 = MECHANICAL_DESIGN_GEOMETRIC_PRESENTATION_REPRESENTATION (  '', ( #4880 ), #5486 ) ;
#3128 = ADVANCED_FACE ( 'NONE', ( #4232 ), #4081, .T. ) ;
#3129 = EDGE_CURVE ( 'NONE', #6681, #1299, #7080, .T. ) ;
#3130 = PLANE ( 'NONE',  #7268 ) ;
#3131 = AXIS2_PLACEMENT_3D ( 'NONE', #2744, #3314, #4519 ) ;
#3132 = FILL_AREA_STYLE_COLOUR ( '', #4257 ) ;
#3133 = VECTOR ( 'NONE', #4704, 1000.000000000000000 ) ;
#3134 = EDGE_CURVE ( 'NONE', #6968, #2594, #6490, .T. ) ;
#3135 = UNCERTAINTY_MEASURE_WITH_UNIT (LENGTH_MEASURE( 1.000000000000000082E-05 ), #5519, 'distance_accuracy_value', 'NONE');
#3136 = EDGE_CURVE ( 'NONE', #6350, #2608, #2582, .T. ) ;
#3137 = DIRECTION ( 'NONE',  ( -0.000000000000000000, 1.000000000000000000, -0.000000000000000000 ) ) ;
#3138 = FILL_AREA_STYLE ('',( #792 ) ) ;
#3139 =( NAMED_UNIT ( * ) PLANE_ANGLE_UNIT ( ) SI_UNIT ( $, .RADIAN. ) );
#3140 = DIRECTION ( 'NONE',  ( 0.000000000000000000, 0.000000000000000000, 1.000000000000000000 ) ) ;
#3141 = LINE ( 'NONE', #1508, #2317 ) ;
#3142 = EDGE_LOOP ( 'NONE', ( #904, #3532, #4745, #2132 ) ) ;
#3143 = AXIS2_PLACEMENT_3D ( 'NONE', #7509, #6906, #1139 ) ;
#3144 = CARTESIAN_POINT ( 'NONE',  ( -1.148990967781847949, 1.199999999999999956, 1.750000000000000000 ) ) ;
#3145 = ORIENTED_EDGE ( 'NONE', *, *, #4132, .F. ) ;
#3146 =( LENGTH_UNIT ( ) NAMED_UNIT ( * ) SI_UNIT ( .MILLI., .METRE. ) );
#3147 = STYLED_ITEM ( 'NONE', ( #6087 ), #6747 ) ;
#3148 = DIRECTION ( 'NONE',  ( -1.000000000000000000, 0.000000000000000000, -0.000000000000000000 ) ) ;
#3149 = STYLED_ITEM ( 'NONE', ( #5641 ), #5458 ) ;
#3150 = LINE ( 'NONE', #2038, #77 ) ;
#3151 =( LENGTH_UNIT ( ) NAMED_UNIT ( * ) SI_UNIT ( .MILLI., .METRE. ) );
#3152 = DIRECTION ( 'NONE',  ( 0.000000000000000000, 0.000000000000000000, 1.000000000000000000 ) ) ;
#3153 = ORIENTED_EDGE ( 'NONE', *, *, #150, .F. ) ;
#3154 = DIRECTION ( 'NONE',  ( -0.000000000000000000, 0.000000000000000000, -1.000000000000000000 ) ) ;
#3155 = AXIS2_PLACEMENT_3D ( 'NONE', #4879, #5409, #5985 ) ;
#3156 = ORIENTED_EDGE ( 'NONE', *, *, #4075, .T. ) ;
#3157 = PLANE ( 'NONE',  #6367 ) ;
#3158 = VECTOR ( 'NONE', #237, 1000.000000000000000 ) ;
#3159 = ORIENTED_EDGE ( 'NONE', *, *, #3594, .T. ) ;
#3160 = DIRECTION ( 'NONE',  ( 1.057758217059029840E-16, 0.000000000000000000, 1.000000000000000000 ) ) ;
#3161 = FILL_AREA_STYLE ('',( #3049 ) ) ;
#3162 = VERTEX_POINT ( 'NONE', #3112 ) ;
#3163 = SURFACE_STYLE_FILL_AREA ( #6810 ) ;
#3164 = AXIS2_PLACEMENT_3D ( 'NONE', #3813, #6015, #210 ) ;
#3165 = VECTOR ( 'NONE', #4019, 1000.000000000000000 ) ;
#3166 = PLANE ( 'NONE',  #4688 ) ;
#3167 = SURFACE_SIDE_STYLE ('',( #4968 ) ) ;
#3168 = AXIS2_PLACEMENT_3D ( 'NONE', #6374, #442, #1590 ) ;
#3169 = AXIS2_PLACEMENT_3D ( 'NONE', #2186, #445, #3345 ) ;
#3170 = ORIENTED_EDGE ( 'NONE', *, *, #4372, .T. ) ;
#3171 = STYLED_ITEM ( 'NONE', ( #7553 ), #837 ) ;
#3172 = AXIS2_PLACEMENT_3D ( 'NONE', #591, #2951, #6550 ) ;
#3173 = CARTESIAN_POINT ( 'NONE',  ( 3.350000000000000533, 1.399999999999999911, 1.500000000000000000 ) ) ;
#3174 = VECTOR ( 'NONE', #5594, 1000.000000000000000 ) ;
#3175 = FACE_OUTER_BOUND ( 'NONE', #2812, .T. ) ;
#3176 = AXIS2_PLACEMENT_3D ( 'NONE', #5547, #711, #3707 ) ;
#3177 = LINE ( 'NONE', #6216, #6419 ) ;
#3178 = ADVANCED_FACE ( 'NONE', ( #6680 ), #3722, .F. ) ;
#3179 = ORIENTED_EDGE ( 'NONE', *, *, #594, .F. ) ;
#3180 = FILL_AREA_STYLE_COLOUR ( '', #3511 ) ;
#3181 =( NAMED_UNIT ( * ) PLANE_ANGLE_UNIT ( ) SI_UNIT ( $, .RADIAN. ) );
#3182 = ORIENTED_EDGE ( 'NONE', *, *, #4654, .F. ) ;
#3183 = VECTOR ( 'NONE', #1929, 1000.000000000000000 ) ;
#3184 = EDGE_CURVE ( 'NONE', #924, #6968, #5847, .T. ) ;
#3185 = EDGE_CURVE ( 'NONE', #2859, #4435, #7400, .T. ) ;
#3186 = LINE ( 'NONE', #6828, #5541 ) ;
#3187 = CARTESIAN_POINT ( 'NONE',  ( -3.149999999999999467, 0.6500000000000000222, -2.049989999999999757 ) ) ;
#3188 = EDGE_CURVE ( 'NONE', #4468, #3875, #1482, .T. ) ;
#3189 = CARTESIAN_POINT ( 'NONE',  ( -1.999999999999998668, -0.0001000000000000000048, -1.249999999999997780 ) ) ;
#3190 = CARTESIAN_POINT ( 'NONE',  ( -3.349899999999999434, 0.000000000000000000, -2.641504972683513029E-15 ) ) ;
#3191 = ORIENTED_EDGE ( 'NONE', *, *, #6556, .T. ) ;
#3192 = VECTOR ( 'NONE', #3254, 1000.000000000000000 ) ;
#3193 = CARTESIAN_POINT ( 'NONE',  ( 0.09999999999999829858, 2.899999999999999911, 0.9499999999999999556 ) ) ;
#3194 = VERTEX_POINT ( 'NONE', #4389 ) ;
#3195 = EDGE_CURVE ( 'NONE', #1598, #346, #771, .T. ) ;
#3196 = EDGE_CURVE ( 'NONE', #6950, #1851, #3815, .T. ) ;
#3197 = PLANE ( 'NONE',  #2899 ) ;
#3198 = EDGE_LOOP ( 'NONE', ( #6043, #476, #853, #7329 ) ) ;
#3199 = AXIS2_PLACEMENT_3D ( 'NONE', #541, #4683, #663 ) ;
#3200 =( NAMED_UNIT ( * ) SI_UNIT ( $, .STERADIAN. ) SOLID_ANGLE_UNIT ( ) );
#3201 = ORIENTED_EDGE ( 'NONE', *, *, #359, .T. ) ;
#3202 = SURFACE_STYLE_FILL_AREA ( #2545 ) ;
#3203 = CARTESIAN_POINT ( 'NONE',  ( -0.5000000000000004441, -0.0001000000000000000048, 0.8500000000000003109 ) ) ;
#3204 = ORIENTED_EDGE ( 'NONE', *, *, #891, .T. ) ;
#3205 = LINE ( 'NONE', #2549, #5172 ) ;
#3206 =( GEOMETRIC_REPRESENTATION_CONTEXT ( 3 ) GLOBAL_UNCERTAINTY_ASSIGNED_CONTEXT ( ( #3781 ) ) GLOBAL_UNIT_ASSIGNED_CONTEXT ( ( #2058, #347, #2211 ) ) REPRESENTATION_CONTEXT ( 'NONE', 'WORKASPACE' ) );
#3207 = FACE_OUTER_BOUND ( 'NONE', #1284, .T. ) ;
#3208 = CARTESIAN_POINT ( 'NONE',  ( 2.450000000000000178, 0.1499999999999999944, -2.949999999999999734 ) ) ;
#3209 = CARTESIAN_POINT ( 'NONE',  ( 2.800009999999999444, 1.399989999999999846, 1.683334000000000330 ) ) ;
#3210 = AXIS2_PLACEMENT_3D ( 'NONE', #4711, #1125, #574 ) ;
#3211 = EDGE_LOOP ( 'NONE', ( #736, #6030, #4097, #2265 ) ) ;
#3212 = CARTESIAN_POINT ( 'NONE',  ( 2.799999999999999822, 1.199999999999999956, -2.050000000000000266 ) ) ;
#3213 = CARTESIAN_POINT ( 'NONE',  ( 3.349999999999999645, 0.6499999999999930278, 1.500001000000001028 ) ) ;
#3214 = VECTOR ( 'NONE', #1545, 1000.000000000000000 ) ;
#3215 = LINE ( 'NONE', #828, #5391 ) ;
#3216 =( LENGTH_UNIT ( ) NAMED_UNIT ( * ) SI_UNIT ( .MILLI., .METRE. ) );
#3217 = SURFACE_SIDE_STYLE ('',( #192 ) ) ;
#3218 =( LENGTH_UNIT ( ) NAMED_UNIT ( * ) SI_UNIT ( .MILLI., .METRE. ) );
#3219 = PRESENTATION_LAYER_ASSIGNMENT (  '', '', ( #6803 ) ) ;
#3220 = ORIENTED_EDGE ( 'NONE', *, *, #1564, .F. ) ;
#3221 =( NAMED_UNIT ( * ) PLANE_ANGLE_UNIT ( ) SI_UNIT ( $, .RADIAN. ) );
#3222 = DIRECTION ( 'NONE',  ( -0.7071067811865489050, 0.7071067811865462405, -1.916616770854220261E-16 ) ) ;
#3223 = ORIENTED_EDGE ( 'NONE', *, *, #1118, .F. ) ;
#3224 = STYLED_ITEM ( 'NONE', ( #509 ), #4509 ) ;
#3225 = CARTESIAN_POINT ( 'NONE',  ( -2.050000000000000266, 0.1499999999999999944, -2.949999999999999734 ) ) ;
#3226 = UNCERTAINTY_MEASURE_WITH_UNIT (LENGTH_MEASURE( 1.000000000000000082E-05 ), #6988, 'distance_accuracy_value', 'NONE');
#3227 = DIRECTION ( 'NONE',  ( 0.000000000000000000, -0.000000000000000000, 1.000000000000000000 ) ) ;
#3228 = FACE_OUTER_BOUND ( 'NONE', #5568, .T. ) ;
#3229 = SURFACE_SIDE_STYLE ('',( #4503 ) ) ;
#3230 = DIRECTION ( 'NONE',  ( -0.000000000000000000, -1.000000000000000000, -0.000000000000000000 ) ) ;
#3231 = SURFACE_STYLE_USAGE ( .BOTH. , #3766 ) ;
#3232 = ORIENTED_EDGE ( 'NONE', *, *, #6121, .T. ) ;
#3233 = ADVANCED_FACE ( 'NONE', ( #2079 ), #913, .F. ) ;
#3234 = EDGE_CURVE ( 'NONE', #6806, #5729, #1659, .T. ) ;
#3235 = VERTEX_POINT ( 'NONE', #522 ) ;
#3236 =( NAMED_UNIT ( * ) SI_UNIT ( $, .STERADIAN. ) SOLID_ANGLE_UNIT ( ) );
#3237 = DIRECTION ( 'NONE',  ( 0.000000000000000000, 0.000000000000000000, -1.000000000000000000 ) ) ;
#3238 = PRESENTATION_STYLE_ASSIGNMENT (( #7369 ) ) ;
#3239 = EDGE_CURVE ( 'NONE', #5857, #3576, #1822, .T. ) ;
#3240 = ADVANCED_FACE ( 'NONE', ( #6993 ), #374, .F. ) ;
#3241 = CARTESIAN_POINT ( 'NONE',  ( 2.250504516109076203, 1.199999999999999956, 1.850000000000000089 ) ) ;
#3242 = EDGE_LOOP ( 'NONE', ( #1405, #5292, #1932, #5675 ) ) ;
#3243 = DIRECTION ( 'NONE',  ( 0.000000000000000000, 0.000000000000000000, 1.000000000000000000 ) ) ;
#3244 = PLANE ( 'NONE',  #7171 ) ;
#3245 = DIRECTION ( 'NONE',  ( 0.000000000000000000, 0.000000000000000000, -1.000000000000000000 ) ) ;
#3246 = UNCERTAINTY_MEASURE_WITH_UNIT (LENGTH_MEASURE( 1.000000000000000082E-05 ), #4602, 'distance_accuracy_value', 'NONE');
#3247 = PLANE ( 'NONE',  #33 ) ;
#3248 = VECTOR ( 'NONE', #2473, 1000.000000000000000 ) ;
#3249 = ORIENTED_EDGE ( 'NONE', *, *, #4366, .F. ) ;
#3250 = SURFACE_SIDE_STYLE ('',( #5081 ) ) ;
#3251 = LINE ( 'NONE', #2749, #3833 ) ;
#3252 = UNCERTAINTY_MEASURE_WITH_UNIT (LENGTH_MEASURE( 1.000000000000000082E-05 ), #3709, 'distance_accuracy_value', 'NONE');
#3253 = FILL_AREA_STYLE ('',( #3132 ) ) ;
#3254 = DIRECTION ( 'NONE',  ( 0.000000000000000000, 1.000000000000000000, 0.000000000000000000 ) ) ;
#3255 = AXIS2_PLACEMENT_3D ( 'NONE', #1629, #5102, #3962 ) ;
#3256 =( NAMED_UNIT ( * ) PLANE_ANGLE_UNIT ( ) SI_UNIT ( $, .RADIAN. ) );
#3257 = LINE ( 'NONE', #5628, #3055 ) ;
#3258 = ORIENTED_EDGE ( 'NONE', *, *, #1909, .T. ) ;
#3259 = FILL_AREA_STYLE ('',( #839 ) ) ;
#3260 = AXIS2_PLACEMENT_3D ( 'NONE', #4046, #7074, #1763 ) ;
#3261 = STYLED_ITEM ( 'NONE', ( #4117 ), #2244 ) ;
#3262 = DIRECTION ( 'NONE',  ( 1.000000000000000000, 0.000000000000000000, 2.168404344971010594E-16 ) ) ;
#3263 = CARTESIAN_POINT ( 'NONE',  ( -3.350000000000000533, 0.9000000000000000222, -1.500001000000000140 ) ) ;
#3264 = DIRECTION ( 'NONE',  ( -1.000000000000000000, -0.000000000000000000, 0.000000000000000000 ) ) ;
#3265 = DIRECTION ( 'NONE',  ( 2.168404344971012566E-16, -0.000000000000000000, 1.000000000000000000 ) ) ;
#3266 = FILL_AREA_STYLE_COLOUR ( '', #6732 ) ;
#3267 = CARTESIAN_POINT ( 'NONE',  ( -2.800009999999996779, 1.200000000000005063, -2.050000000000000266 ) ) ;
#3268 = AXIS2_PLACEMENT_3D ( 'NONE', #2819, #3971, #5251 ) ;
#3269 =( LENGTH_UNIT ( ) NAMED_UNIT ( * ) SI_UNIT ( .MILLI., .METRE. ) );
#3270 = ORIENTED_EDGE ( 'NONE', *, *, #7226, .F. ) ;
#3271 = FACE_OUTER_BOUND ( 'NONE', #6473, .T. ) ;
#3272 =( GEOMETRIC_REPRESENTATION_CONTEXT ( 3 ) GLOBAL_UNCERTAINTY_ASSIGNED_CONTEXT ( ( #3135 ) ) GLOBAL_UNIT_ASSIGNED_CONTEXT ( ( #5519, #2488, #7112 ) ) REPRESENTATION_CONTEXT ( 'NONE', 'WORKASPACE' ) );
#3273 = ORIENTED_EDGE ( 'NONE', *, *, #7429, .T. ) ;
#3274 = PRESENTATION_LAYER_ASSIGNMENT (  '', '', ( #7629 ) ) ;
#3275 =( LENGTH_UNIT ( ) NAMED_UNIT ( * ) SI_UNIT ( .MILLI., .METRE. ) );
#3276 = CARTESIAN_POINT ( 'NONE',  ( -1.500000000000000000, -0.4999999999881765689, 0.000000000000000000 ) ) ;
#3277 = ORIENTED_EDGE ( 'NONE', *, *, #1772, .F. ) ;
#3278 = DIRECTION ( 'NONE',  ( 0.9396926207859080948, 0.000000000000000000, 0.3420201433256695456 ) ) ;
#3279 = EDGE_CURVE ( 'NONE', #3875, #1819, #2117, .T. ) ;
#3280 = ORIENTED_EDGE ( 'NONE', *, *, #1401, .F. ) ;
#3281 = AXIS2_PLACEMENT_3D ( 'NONE', #2443, #2988, #4296 ) ;
#3282 = SURFACE_SIDE_STYLE ('',( #2784 ) ) ;
#3283 = DIRECTION ( 'NONE',  ( -0.000000000000000000, 0.000000000000000000, -1.000000000000000000 ) ) ;
#3284 = ADVANCED_FACE ( 'NONE', ( #6339 ), #3448, .F. ) ;
#3285 = ADVANCED_FACE ( 'NONE', ( #2811 ), #7439, .F. ) ;
#3286 = LINE ( 'NONE', #345, #3006 ) ;
#3287 = VECTOR ( 'NONE', #808, 1000.000000000000000 ) ;
#3288 = VECTOR ( 'NONE', #3327, 1000.000000000000000 ) ;
#3289 = ORIENTED_EDGE ( 'NONE', *, *, #2062, .T. ) ;
#3290 = PLANE ( 'NONE',  #6181 ) ;
#3291 = PRESENTATION_LAYER_ASSIGNMENT (  '', '', ( #2297 ) ) ;
#3292 = FACE_OUTER_BOUND ( 'NONE', #5483, .T. ) ;
#3293 = ORIENTED_EDGE ( 'NONE', *, *, #6421, .F. ) ;
#3294 = UNCERTAINTY_MEASURE_WITH_UNIT (LENGTH_MEASURE( 1.000000000000000082E-05 ), #1618, 'distance_accuracy_value', 'NONE');
#3295 = CARTESIAN_POINT ( 'NONE',  ( -3.350000000000000533, 0.2598999999998395927, -2.049989999999999757 ) ) ;
#3296 = VECTOR ( 'NONE', #7022, 1000.000000000000000 ) ;
#3297 = ORIENTED_EDGE ( 'NONE', *, *, #3100, .T. ) ;
#3298 = VECTOR ( 'NONE', #409, 1000.000000000000000 ) ;
#3299 = ORIENTED_EDGE ( 'NONE', *, *, #3279, .T. ) ;
#3300 = LINE ( 'NONE', #2726, #3828 ) ;
#3301 =( GEOMETRIC_REPRESENTATION_CONTEXT ( 3 ) GLOBAL_UNCERTAINTY_ASSIGNED_CONTEXT ( ( #4312 ) ) GLOBAL_UNIT_ASSIGNED_CONTEXT ( ( #6035, #3123, #175 ) ) REPRESENTATION_CONTEXT ( 'NONE', 'WORKASPACE' ) );
#3302 = CARTESIAN_POINT ( 'NONE',  ( -1.701009032218152806, 1.399999999999999911, -2.050000000000000266 ) ) ;
#3303 =( GEOMETRIC_REPRESENTATION_CONTEXT ( 3 ) GLOBAL_UNCERTAINTY_ASSIGNED_CONTEXT ( ( #625 ) ) GLOBAL_UNIT_ASSIGNED_CONTEXT ( ( #155, #836, #2522 ) ) REPRESENTATION_CONTEXT ( 'NONE', 'WORKASPACE' ) );
#3304 = LINE ( 'NONE', #2645, #6378 ) ;
#3305 =( NAMED_UNIT ( * ) SI_UNIT ( $, .STERADIAN. ) SOLID_ANGLE_UNIT ( ) );
#3306 = VECTOR ( 'NONE', #7564, 1000.000000000000000 ) ;
#3307 = DIRECTION ( 'NONE',  ( 1.000000000000000000, 0.000000000000000000, -0.000000000000000000 ) ) ;
#3308 = VERTEX_POINT ( 'NONE', #6595 ) ;
#3309 = EDGE_LOOP ( 'NONE', ( #6804, #281, #3951, #5936 ) ) ;
#3310 = COLOUR_RGB ( '',1.000000000000000000, 0.5019607843137254832, 0.000000000000000000 ) ;
#3311 =( NAMED_UNIT ( * ) PLANE_ANGLE_UNIT ( ) SI_UNIT ( $, .RADIAN. ) );
#3312 = VERTEX_POINT ( 'NONE', #6478 ) ;
#3313 = CARTESIAN_POINT ( 'NONE',  ( 1.000000000000000000, 0.1498999999999999777, 0.8500000000000001998 ) ) ;
#3314 = DIRECTION ( 'NONE',  ( 0.000000000000000000, -1.000000000000000000, 0.000000000000000000 ) ) ;
#3315 = ORIENTED_EDGE ( 'NONE', *, *, #6885, .F. ) ;
#3316 = SURFACE_STYLE_FILL_AREA ( #5730 ) ;
#3317 = DIRECTION ( 'NONE',  ( 0.000000000000000000, 0.000000000000000000, -1.000000000000000000 ) ) ;
#3318 = FACE_OUTER_BOUND ( 'NONE', #3107, .T. ) ;
#3319 = VECTOR ( 'NONE', #1380, 1000.000000000000000 ) ;
#3320 = FILL_AREA_STYLE ('',( #2161 ) ) ;
#3321 = DIRECTION ( 'NONE',  ( 0.7071067811865479058, -0.7071067811865471286, 0.000000000000000000 ) ) ;
#3322 = UNCERTAINTY_MEASURE_WITH_UNIT (LENGTH_MEASURE( 1.000000000000000082E-05 ), #3863, 'distance_accuracy_value', 'NONE');
#3323 =( GEOMETRIC_REPRESENTATION_CONTEXT ( 3 ) GLOBAL_UNCERTAINTY_ASSIGNED_CONTEXT ( ( #7294 ) ) GLOBAL_UNIT_ASSIGNED_CONTEXT ( ( #421, #3826, #2051 ) ) REPRESENTATION_CONTEXT ( 'NONE', 'WORKASPACE' ) );
#3324 = EDGE_CURVE ( 'NONE', #5358, #1768, #1875, .T. ) ;
#3325 = ORIENTED_EDGE ( 'NONE', *, *, #1164, .F. ) ;
#3326 = CARTESIAN_POINT ( 'NONE',  ( 2.000000000000000000, 0.1498999999999999777, 0.8500000000000001998 ) ) ;
#3327 = DIRECTION ( 'NONE',  ( -0.000000000000000000, 1.000000000000000000, -0.000000000000000000 ) ) ;
#3328 = CARTESIAN_POINT ( 'NONE',  ( 3.149999999999999467, 0.6999999999999930722, 1.500001000000001028 ) ) ;
#3329 = ADVANCED_FACE ( 'NONE', ( #2404 ), #605, .F. ) ;
#3330 = EDGE_LOOP ( 'NONE', ( #7069, #7199, #2427, #7081 ) ) ;
#3331 = EDGE_CURVE ( 'NONE', #388, #5412, #2959, .T. ) ;
#3332 = AXIS2_PLACEMENT_3D ( 'NONE', #7352, #6180, #797 ) ;
#3333 = CARTESIAN_POINT ( 'NONE',  ( -1.701009032218152583, 1.199999999999999956, 2.050000000000000266 ) ) ;
#3334 = ORIENTED_EDGE ( 'NONE', *, *, #3371, .T. ) ;
#3335 = FILL_AREA_STYLE_COLOUR ( '', #4423 ) ;
#3336 = CARTESIAN_POINT ( 'NONE',  ( -3.350000000000000533, 0.2598999999998395927, 2.049989999999999757 ) ) ;
#3337 = FACE_OUTER_BOUND ( 'NONE', #4903, .T. ) ;
#3338 = VECTOR ( 'NONE', #3321, 1000.000000000000000 ) ;
#3339 = FILL_AREA_STYLE ('',( #6260 ) ) ;
#3340 = SURFACE_STYLE_USAGE ( .BOTH. , #847 ) ;
#3341 = SURFACE_STYLE_FILL_AREA ( #407 ) ;
#3342 =( LENGTH_UNIT ( ) NAMED_UNIT ( * ) SI_UNIT ( .MILLI., .METRE. ) );
#3343 = FACE_OUTER_BOUND ( 'NONE', #5170, .T. ) ;
#3344 = PRESENTATION_STYLE_ASSIGNMENT (( #7438 ) ) ;
#3345 = DIRECTION ( 'NONE',  ( 0.000000000000000000, 0.000000000000000000, 1.000000000000000000 ) ) ;
#3346 = EDGE_LOOP ( 'NONE', ( #1593, #963 ) ) ;
#3347 = DIRECTION ( 'NONE',  ( 0.000000000000000000, 0.000000000000000000, -1.000000000000000000 ) ) ;
#3348 = ORIENTED_EDGE ( 'NONE', *, *, #3239, .T. ) ;
#3349 = FACE_OUTER_BOUND ( 'NONE', #6617, .T. ) ;
#3350 = ORIENTED_EDGE ( 'NONE', *, *, #2109, .F. ) ;
#3351 = CARTESIAN_POINT ( 'NONE',  ( 1.500000000000000000, -0.4999999999881765689, 0.000000000000000000 ) ) ;
#3352 = LINE ( 'NONE', #458, #1467 ) ;
#3353 = LINE ( 'NONE', #5191, #3745 ) ;
#3354 = ORIENTED_EDGE ( 'NONE', *, *, #2331, .F. ) ;
#3355 = PRESENTATION_STYLE_ASSIGNMENT (( #7532 ) ) ;
#3356 = FILL_AREA_STYLE ('',( #5579 ) ) ;
#3357 = FILL_AREA_STYLE_COLOUR ( '', #6264 ) ;
#3358 = SURFACE_SIDE_STYLE ('',( #1009 ) ) ;
#3359 = ORIENTED_EDGE ( 'NONE', *, *, #6730, .T. ) ;
#3360 = LINE ( 'NONE', #2792, #5210 ) ;
#3361 = PRESENTATION_LAYER_ASSIGNMENT (  '', '', ( #660 ) ) ;
#3362 = ORIENTED_EDGE ( 'NONE', *, *, #7462, .F. ) ;
#3363 = SURFACE_SIDE_STYLE ('',( #7546 ) ) ;
#3364 = ORIENTED_EDGE ( 'NONE', *, *, #3234, .T. ) ;
#3365 = DIRECTION ( 'NONE',  ( 0.000000000000000000, 1.000000000000000000, 0.000000000000000000 ) ) ;
#3366 = ADVANCED_FACE ( 'NONE', ( #2295 ), #4661, .T. ) ;
#3367 = MECHANICAL_DESIGN_GEOMETRIC_PRESENTATION_REPRESENTATION (  '', ( #1773 ), #3609 ) ;
#3368 = FILL_AREA_STYLE ('',( #6331 ) ) ;
#3369 = ADVANCED_FACE ( 'NONE', ( #795 ), #5013, .F. ) ;
#3370 =( NAMED_UNIT ( * ) SI_UNIT ( $, .STERADIAN. ) SOLID_ANGLE_UNIT ( ) );
#3371 = EDGE_CURVE ( 'NONE', #6575, #4871, #3141, .T. ) ;
#3372 = ADVANCED_FACE ( 'NONE', ( #3678 ), #5552, .F. ) ;
#3373 = MECHANICAL_DESIGN_GEOMETRIC_PRESENTATION_REPRESENTATION (  '', ( #6971 ), #3614 ) ;
#3374 = FILL_AREA_STYLE ('',( #2851 ) ) ;
#3375 = PRESENTATION_STYLE_ASSIGNMENT (( #5716 ) ) ;
#3376 = CARTESIAN_POINT ( 'NONE',  ( 0.5499999999999997113, 0.000000000000000000, 2.050000000000000266 ) ) ;
#3377 = PLANE ( 'NONE',  #3395 ) ;
#3378 = DIRECTION ( 'NONE',  ( 0.000000000000000000, 1.000000000000000000, 0.000000000000000000 ) ) ;
#3379 = DIRECTION ( 'NONE',  ( 1.000000000000000000, 0.000000000000000000, 0.000000000000000000 ) ) ;
#3380 = ADVANCED_FACE ( 'NONE', ( #4260 ), #1990, .F. ) ;
#3381 = ORIENTED_EDGE ( 'NONE', *, *, #6027, .T. ) ;
#3382 = VECTOR ( 'NONE', #6547, 1000.000000000000000 ) ;
#3383 = VERTEX_POINT ( 'NONE', #5470 ) ;
#3384 = ORIENTED_EDGE ( 'NONE', *, *, #349, .T. ) ;
#3385 = FACE_OUTER_BOUND ( 'NONE', #6901, .T. ) ;
#3386 = ORIENTED_EDGE ( 'NONE', *, *, #7172, .F. ) ;
#3387 = VECTOR ( 'NONE', #6104, 1000.000000000000000 ) ;
#3388 = DIRECTION ( 'NONE',  ( -0.000000000000000000, 1.000000000000000000, 0.000000000000000000 ) ) ;
#3389 = DIRECTION ( 'NONE',  ( 0.000000000000000000, -1.000000000000000000, 0.000000000000000000 ) ) ;
#3390 = DIRECTION ( 'NONE',  ( -0.9396926207859082059, 0.000000000000000000, 0.3420201433256691015 ) ) ;
#3391 = VERTEX_POINT ( 'NONE', #5674 ) ;
#3392 =( NAMED_UNIT ( * ) PLANE_ANGLE_UNIT ( ) SI_UNIT ( $, .RADIAN. ) );
#3393 = CARTESIAN_POINT ( 'NONE',  ( 1.451009032218151917, 0.8000000000000000444, 1.750000000000000000 ) ) ;
#3394 = MECHANICAL_DESIGN_GEOMETRIC_PRESENTATION_REPRESENTATION (  '', ( #4763 ), #2664 ) ;
#3395 = AXIS2_PLACEMENT_3D ( 'NONE', #1031, #372, #1515 ) ;
#3396 = LINE ( 'NONE', #2205, #783 ) ;
#3397 = VECTOR ( 'NONE', #2133, 1000.000000000000000 ) ;
#3398 = VERTEX_POINT ( 'NONE', #7549 ) ;
#3399 = ORIENTED_EDGE ( 'NONE', *, *, #5319, .T. ) ;
#3400 =( GEOMETRIC_REPRESENTATION_CONTEXT ( 3 ) GLOBAL_UNCERTAINTY_ASSIGNED_CONTEXT ( ( #2714 ) ) GLOBAL_UNIT_ASSIGNED_CONTEXT ( ( #1626, #5099, #6987 ) ) REPRESENTATION_CONTEXT ( 'NONE', 'WORKASPACE' ) );
#3401 = CARTESIAN_POINT ( 'NONE',  ( 1.701009032218151695, 1.399989999999999846, 1.749999999999999778 ) ) ;
#3402 = CARTESIAN_POINT ( 'NONE',  ( 0.000000000000000000, 1.399989999999999846, 0.000000000000000000 ) ) ;
#3403 = DIRECTION ( 'NONE',  ( -1.000000000000000000, 0.000000000000000000, -0.000000000000000000 ) ) ;
#3404 =( GEOMETRIC_REPRESENTATION_CONTEXT ( 3 ) GLOBAL_UNCERTAINTY_ASSIGNED_CONTEXT ( ( #3874 ) ) GLOBAL_UNIT_ASSIGNED_CONTEXT ( ( #5565, #4388, #163 ) ) REPRESENTATION_CONTEXT ( 'NONE', 'WORKASPACE' ) );
#3405 = AXIS2_PLACEMENT_3D ( 'NONE', #3526, #3969, #2225 ) ;
#3406 = STYLED_ITEM ( 'NONE', ( #3719 ), #826 ) ;
#3407 = LINE ( 'NONE', #5788, #5139 ) ;
#3408 = ADVANCED_FACE ( 'NONE', ( #2177 ), #5207, .T. ) ;
#3409 = AXIS2_PLACEMENT_3D ( 'NONE', #6006, #5247, #7630 ) ;
#3410 = CARTESIAN_POINT ( 'NONE',  ( 2.800009999999999444, 1.399989999999999846, 1.500001000000000140 ) ) ;
#3411 = CARTESIAN_POINT ( 'NONE',  ( 1.701009032218152139, 1.399999999999999911, 0.8499999999999998668 ) ) ;
#3412 = CARTESIAN_POINT ( 'NONE',  ( -2.499999999999998668, 0.1498999999999999777, 0.8500000000000000888 ) ) ;
#3413 = ORIENTED_EDGE ( 'NONE', *, *, #6835, .F. ) ;
#3414 = ADVANCED_FACE ( 'NONE', ( #4579 ), #6365, .F. ) ;
#3415 = AXIS2_PLACEMENT_3D ( 'NONE', #6859, #1623, #3921 ) ;
#3416 = ORIENTED_EDGE ( 'NONE', *, *, #4904, .F. ) ;
#3417 = FILL_AREA_STYLE ('',( #6954 ) ) ;
#3418 = EDGE_CURVE ( 'NONE', #2911, #683, #6218, .T. ) ;
#3419 = VERTEX_POINT ( 'NONE', #903 ) ;
#3420 = MECHANICAL_DESIGN_GEOMETRIC_PRESENTATION_REPRESENTATION (  '', ( #2821 ), #7408 ) ;
#3421 =( NAMED_UNIT ( * ) PLANE_ANGLE_UNIT ( ) SI_UNIT ( $, .RADIAN. ) );
#3422 = FACE_OUTER_BOUND ( 'NONE', #4630, .T. ) ;
#3423 =( NAMED_UNIT ( * ) SI_UNIT ( $, .STERADIAN. ) SOLID_ANGLE_UNIT ( ) );
#3424 = FACE_OUTER_BOUND ( 'NONE', #1363, .T. ) ;
#3425 = EDGE_CURVE ( 'NONE', #7255, #2673, #3257, .T. ) ;
#3426 = VERTEX_POINT ( 'NONE', #2686 ) ;
#3427 = EDGE_CURVE ( 'NONE', #683, #1471, #5053, .T. ) ;
#3428 = CARTESIAN_POINT ( 'NONE',  ( -0.5000000000000000000, 0.1498999999999999777, -1.249999999999997780 ) ) ;
#3429 = B_SPLINE_CURVE_WITH_KNOTS ( 'NONE', 3,
 ( #1530, #5118, #5076, #7449 ),
 .UNSPECIFIED., .F., .F.,
 ( 4, 4 ),
 ( 0.000000000000000000, 1.000000000000000000 ),
 .UNSPECIFIED. ) ;
#3430 =( NAMED_UNIT ( * ) PLANE_ANGLE_UNIT ( ) SI_UNIT ( $, .RADIAN. ) );
#3431 = DIRECTION ( 'NONE',  ( 1.000000000000000000, -0.000000000000000000, -0.000000000000000000 ) ) ;
#3432 = AXIS2_PLACEMENT_3D ( 'NONE', #4206, #6579, #1285 ) ;
#3433 = VERTEX_POINT ( 'NONE', #6825 ) ;
#3434 = VECTOR ( 'NONE', #6977, 1000.000000000000000 ) ;
#3435 = CARTESIAN_POINT ( 'NONE',  ( 3.149999999999999911, 0.2598999999998395927, 0.5000002888567938175 ) ) ;
#3436 = DIRECTION ( 'NONE',  ( -0.000000000000000000, 0.000000000000000000, -1.000000000000000000 ) ) ;
#3437 = ORIENTED_EDGE ( 'NONE', *, *, #5702, .F. ) ;
#3438 = AXIS2_PLACEMENT_3D ( 'NONE', #6244, #2791, #3980 ) ;
#3439 = ORIENTED_EDGE ( 'NONE', *, *, #2910, .T. ) ;
#3440 = FILL_AREA_STYLE_COLOUR ( '', #2848 ) ;
#3441 = LINE ( 'NONE', #947, #1860 ) ;
#3442 = STYLED_ITEM ( 'NONE', ( #2015 ), #3799 ) ;
#3443 = LINE ( 'NONE', #6407, #3296 ) ;
#3444 = UNCERTAINTY_MEASURE_WITH_UNIT (LENGTH_MEASURE( 1.000000000000000082E-05 ), #3764, 'distance_accuracy_value', 'NONE');
#3445 = FILL_AREA_STYLE ('',( #3848 ) ) ;
#3446 = AXIS2_PLACEMENT_3D ( 'NONE', #6257, #402, #4615 ) ;
#3447 = FILL_AREA_STYLE ('',( #4068 ) ) ;
#3448 = PLANE ( 'NONE',  #4532 ) ;
#3449 = VERTEX_POINT ( 'NONE', #945 ) ;
#3450 = ORIENTED_EDGE ( 'NONE', *, *, #648, .F. ) ;
#3451 = FACE_OUTER_BOUND ( 'NONE', #3142, .T. ) ;
#3452 = DIRECTION ( 'NONE',  ( -0.000000000000000000, 1.000000000000000000, -0.000000000000000000 ) ) ;
#3453 = DIRECTION ( 'NONE',  ( 0.000000000000000000, 0.000000000000000000, -1.000000000000000000 ) ) ;
#3454 = COLOUR_RGB ( '',1.000000000000000000, 0.5019607843137254832, 0.000000000000000000 ) ;
#3455 = VERTEX_POINT ( 'NONE', #1543 ) ;
#3456 = EDGE_CURVE ( 'NONE', #2678, #7484, #3882, .T. ) ;
#3457 =( NAMED_UNIT ( * ) PLANE_ANGLE_UNIT ( ) SI_UNIT ( $, .RADIAN. ) );
#3458 = ADVANCED_FACE ( 'NONE', ( #1220 ), #3554, .F. ) ;
#3459 = DIRECTION ( 'NONE',  ( -1.000000000000000000, -0.000000000000000000, -0.000000000000000000 ) ) ;
#3460 = UNCERTAINTY_MEASURE_WITH_UNIT (LENGTH_MEASURE( 1.000000000000000082E-05 ), #5954, 'distance_accuracy_value', 'NONE');
#3461 = VECTOR ( 'NONE', #6373, 1000.000000000000000 ) ;
#3462 = ADVANCED_FACE ( 'NONE', ( #5380 ), #2358, .T. ) ;
#3463 = EDGE_CURVE ( 'NONE', #7680, #4091, #1136, .T. ) ;
#3464 = EDGE_LOOP ( 'NONE', ( #7174, #4601, #4839, #6210 ) ) ;
#3465 = VECTOR ( 'NONE', #2568, 1000.000000000000000 ) ;
#3466 = FACE_OUTER_BOUND ( 'NONE', #816, .T. ) ;
#3467 = FACE_OUTER_BOUND ( 'NONE', #4236, .T. ) ;
#3468 = FILL_AREA_STYLE_COLOUR ( '', #1259 ) ;
#3469 = CARTESIAN_POINT ( 'NONE',  ( -3.149999999999999911, 0.2598999999998395927, 0.5000002888567938175 ) ) ;
#3470 = UNCERTAINTY_MEASURE_WITH_UNIT (LENGTH_MEASURE( 1.000000000000000082E-05 ), #6605, 'distance_accuracy_value', 'NONE');
#3471 = VERTEX_POINT ( 'NONE', #1174 ) ;
#3472 = DIRECTION ( 'NONE',  ( -0.000000000000000000, 0.000000000000000000, -1.000000000000000000 ) ) ;
#3473 = ORIENTED_EDGE ( 'NONE', *, *, #2016, .T. ) ;
#3474 = DIRECTION ( 'NONE',  ( 0.000000000000000000, 0.000000000000000000, 1.000000000000000000 ) ) ;
#3475 = DIRECTION ( 'NONE',  ( -0.000000000000000000, -1.000000000000000000, -0.000000000000000000 ) ) ;
#3476 = FILL_AREA_STYLE_COLOUR ( '', #5818 ) ;
#3477 = CARTESIAN_POINT ( 'NONE',  ( 3.350000000000000533, 0.9000000000000000222, -2.050000000000000266 ) ) ;
#3478 = LINE ( 'NONE', #5852, #6001 ) ;
#3479 = DIRECTION ( 'NONE',  ( -0.3713906763541044986, 0.9284766908852589706, -0.000000000000000000 ) ) ;
#3480 = DIRECTION ( 'NONE',  ( 0.000000000000000000, 0.000000000000000000, 1.000000000000000000 ) ) ;
#3481 = SURFACE_STYLE_USAGE ( .BOTH. , #7664 ) ;
#3482 = ORIENTED_EDGE ( 'NONE', *, *, #2824, .T. ) ;
#3483 = MECHANICAL_DESIGN_GEOMETRIC_PRESENTATION_REPRESENTATION (  '', ( #3991 ), #1898 ) ;
#3484 = ORIENTED_EDGE ( 'NONE', *, *, #6929, .F. ) ;
#3485 =( NAMED_UNIT ( * ) PLANE_ANGLE_UNIT ( ) SI_UNIT ( $, .RADIAN. ) );
#3486 = CARTESIAN_POINT ( 'NONE',  ( 1.000000000000000000, -0.0001000000000000000048, -0.7499999999999980016 ) ) ;
#3487 = DIRECTION ( 'NONE',  ( -0.9396926207859082059, 0.000000000000000000, -0.3420201433256691015 ) ) ;
#3488 = DIRECTION ( 'NONE',  ( -4.818676322157800333E-16, 0.000000000000000000, 1.000000000000000000 ) ) ;
#3489 = PLANE ( 'NONE',  #550 ) ;
#3490 = CARTESIAN_POINT ( 'NONE',  ( 1.250000000000000000, 1.199999999999999956, 1.750000000000000000 ) ) ;
#3491 = ORIENTED_EDGE ( 'NONE', *, *, #3506, .T. ) ;
#3492 = FILL_AREA_STYLE ('',( #501 ) ) ;
#3493 = PRESENTATION_LAYER_ASSIGNMENT (  '', '', ( #6848 ) ) ;
#3494 = LINE ( 'NONE', #2268, #1036 ) ;
#3495 = VECTOR ( 'NONE', #97, 1000.000000000000000 ) ;
#3496 = DIRECTION ( 'NONE',  ( 4.818676322157800333E-16, 0.000000000000000000, 1.000000000000000000 ) ) ;
#3497 = VERTEX_POINT ( 'NONE', #4099 ) ;
#3498 = VECTOR ( 'NONE', #5057, 1000.000000000000000 ) ;
#3499 = VECTOR ( 'NONE', #6488, 1000.000000000000000 ) ;
#3500 = SURFACE_STYLE_USAGE ( .BOTH. , #1167 ) ;
#3501 = ADVANCED_FACE ( 'NONE', ( #5960 ), #631, .F. ) ;
#3502 = PRESENTATION_STYLE_ASSIGNMENT (( #544 ) ) ;
#3503 = ORIENTED_EDGE ( 'NONE', *, *, #7429, .F. ) ;
#3504 = STYLED_ITEM ( 'NONE', ( #5125 ), #6786 ) ;
#3505 = PRESENTATION_LAYER_ASSIGNMENT (  '', '', ( #4253 ) ) ;
#3506 = EDGE_CURVE ( 'NONE', #3433, #692, #1834, .T. ) ;
#3507 = ORIENTED_EDGE ( 'NONE', *, *, #5148, .T. ) ;
#3508 = DIRECTION ( 'NONE',  ( -1.000000000000000000, 0.000000000000000000, 0.000000000000000000 ) ) ;
#3509 = PRESENTATION_STYLE_ASSIGNMENT (( #7020 ) ) ;
#3510 = VECTOR ( 'NONE', #4090, 1000.000000000000000 ) ;
#3511 = COLOUR_RGB ( '',1.000000000000000000, 0.000000000000000000, 1.000000000000000000 ) ;
#3512 = DIRECTION ( 'NONE',  ( 0.000000000000000000, 0.000000000000000000, -1.000000000000000000 ) ) ;
#3513 = PRESENTATION_STYLE_ASSIGNMENT (( #4101 ) ) ;
#3514 = VECTOR ( 'NONE', #4945, 1000.000000000000000 ) ;
#3515 = DIRECTION ( 'NONE',  ( 1.000000000000000000, 0.000000000000000000, -0.000000000000000000 ) ) ;
#3516 = SURFACE_STYLE_USAGE ( .BOTH. , #6519 ) ;
#3517 = SURFACE_SIDE_STYLE ('',( #5853 ) ) ;
#3518 = PRESENTATION_LAYER_ASSIGNMENT (  '', '', ( #5518 ) ) ;
#3519 =( LENGTH_UNIT ( ) NAMED_UNIT ( * ) SI_UNIT ( .MILLI., .METRE. ) );
#3520 = MECHANICAL_DESIGN_GEOMETRIC_PRESENTATION_REPRESENTATION (  '', ( #1584 ), #187 ) ;
#3521 = MECHANICAL_DESIGN_GEOMETRIC_PRESENTATION_REPRESENTATION (  '', ( #7136 ), #6760 ) ;
#3522 = DIRECTION ( 'NONE',  ( -0.000000000000000000, -1.000000000000000000, -0.000000000000000000 ) ) ;
#3523 = ORIENTED_EDGE ( 'NONE', *, *, #1410, .T. ) ;
#3524 = CARTESIAN_POINT ( 'NONE',  ( 1.000000000000000000, 0.1498999999999999777, 0.8500000000000001998 ) ) ;
#3525 =( GEOMETRIC_REPRESENTATION_CONTEXT ( 3 ) GLOBAL_UNCERTAINTY_ASSIGNED_CONTEXT ( ( #6574 ) ) GLOBAL_UNIT_ASSIGNED_CONTEXT ( ( #5177, #2763, #1656 ) ) REPRESENTATION_CONTEXT ( 'NONE', 'WORKASPACE' ) );
#3526 = CARTESIAN_POINT ( 'NONE',  ( -3.149999999999999467, 0.6999999999999999556, -2.049989999999999757 ) ) ;
#3527 = VERTEX_POINT ( 'NONE', #3590 ) ;
#3528 = CARTESIAN_POINT ( 'NONE',  ( 3.350000000000000533, 0.6998999999998395394, 2.888567937125127537E-07 ) ) ;
#3529 = DIRECTION ( 'NONE',  ( 0.000000000000000000, 1.000000000000000000, 0.000000000000000000 ) ) ;
#3530 = CARTESIAN_POINT ( 'NONE',  ( -1.999999999999999112, -0.0001000000000000000048, 0.3500000000000001443 ) ) ;
#3531 = CARTESIAN_POINT ( 'NONE',  ( 3.149999999999999911, 0.2598999999998395927, -2.049989999999999757 ) ) ;
#3532 = ORIENTED_EDGE ( 'NONE', *, *, #5616, .T. ) ;
#3533 = VECTOR ( 'NONE', #1871, 1000.000000000000000 ) ;
#3534 = DIRECTION ( 'NONE',  ( -1.000000000000000000, 0.000000000000000000, 0.000000000000000000 ) ) ;
#3535 = ORIENTED_EDGE ( 'NONE', *, *, #462, .F. ) ;
#3536 = STYLED_ITEM ( 'NONE', ( #2068 ), #3372 ) ;
#3537 = SURFACE_STYLE_USAGE ( .BOTH. , #1200 ) ;
#3538 =( LENGTH_UNIT ( ) NAMED_UNIT ( * ) SI_UNIT ( .MILLI., .METRE. ) );
#3539 = UNCERTAINTY_MEASURE_WITH_UNIT (LENGTH_MEASURE( 1.000000000000000082E-05 ), #2849, 'distance_accuracy_value', 'NONE');
#3540 = ORIENTED_EDGE ( 'NONE', *, *, #5930, .F. ) ;
#3541 = VECTOR ( 'NONE', #365, 1000.000000000000114 ) ;
#3542 = PRESENTATION_STYLE_ASSIGNMENT (( #4053 ) ) ;
#3543 = PRESENTATION_LAYER_ASSIGNMENT (  '', '', ( #6895 ) ) ;
#3544 = DIRECTION ( 'NONE',  ( 0.000000000000000000, 0.000000000000000000, 1.000000000000000000 ) ) ;
#3545 = ORIENTED_EDGE ( 'NONE', *, *, #4573, .F. ) ;
#3546 = AXIS2_PLACEMENT_3D ( 'NONE', #341, #7602, #7448 ) ;
#3547 =( LENGTH_UNIT ( ) NAMED_UNIT ( * ) SI_UNIT ( .MILLI., .METRE. ) );
#3548 = STYLED_ITEM ( 'NONE', ( #1736 ), #3128 ) ;
#3549 = EDGE_CURVE ( 'NONE', #2554, #902, #671, .T. ) ;
#3550 = UNCERTAINTY_MEASURE_WITH_UNIT (LENGTH_MEASURE( 1.000000000000000082E-05 ), #2447, 'distance_accuracy_value', 'NONE');
#3551 = ORIENTED_EDGE ( 'NONE', *, *, #7027, .T. ) ;
#3552 = CONICAL_SURFACE ( 'NONE', #226, 0.3999999999564352038, 0.7853981633974482790 ) ;
#3553 = DIRECTION ( 'NONE',  ( 0.000000000000000000, -0.000000000000000000, 1.000000000000000000 ) ) ;
#3554 = PLANE ( 'NONE',  #3172 ) ;
#3555 = DIRECTION ( 'NONE',  ( 1.000000000000000000, -0.000000000000000000, -0.000000000000000000 ) ) ;
#3556 = EDGE_CURVE ( 'NONE', #1832, #4990, #7257, .T. ) ;
#3557 = EDGE_CURVE ( 'NONE', #3010, #3999, #5998, .T. ) ;
#3558 = LINE ( 'NONE', #665, #6506 ) ;
#3559 = AXIS2_PLACEMENT_3D ( 'NONE', #477, #2797, #2843 ) ;
#3560 = CARTESIAN_POINT ( 'NONE',  ( 3.350000000000000533, 0.9000000000000000222, -1.500001000000000140 ) ) ;
#3561 = CARTESIAN_POINT ( 'NONE',  ( -1.500000000000000000, -0.3000000000383806764, -0.3999999999564352038 ) ) ;
#3562 = EDGE_CURVE ( 'NONE', #5810, #1918, #6169, .T. ) ;
#3563 = ADVANCED_FACE ( 'NONE', ( #6701 ), #5461, .T. ) ;
#3564 = FACE_BOUND ( 'NONE', #6710, .T. ) ;
#3565 = SURFACE_SIDE_STYLE ('',( #6591 ) ) ;
#3566 = APPLICATION_PROTOCOL_DEFINITION ( 'draft international standard', 'automotive_design', 1998, #7533 ) ;
#3567 = FACE_OUTER_BOUND ( 'NONE', #2448, .T. ) ;
#3568 = PRESENTATION_LAYER_ASSIGNMENT (  '', '', ( #5918 ) ) ;
#3569 = ORIENTED_EDGE ( 'NONE', *, *, #1413, .T. ) ;
#3570 = AXIS2_PLACEMENT_3D ( 'NONE', #4138, #3589, #3553 ) ;
#3571 = ORIENTED_EDGE ( 'NONE', *, *, #3562, .T. ) ;
#3572 = FILL_AREA_STYLE ('',( #1233 ) ) ;
#3573 = SURFACE_STYLE_USAGE ( .BOTH. , #1235 ) ;
#3574 = LINE ( 'NONE', #2262, #5239 ) ;
#3575 = SURFACE_STYLE_FILL_AREA ( #2970 ) ;
#3576 = VERTEX_POINT ( 'NONE', #232 ) ;
#3577 = ORIENTED_EDGE ( 'NONE', *, *, #7469, .F. ) ;
#3578 = VECTOR ( 'NONE', #4419, 1000.000000000000000 ) ;
#3579 = FILL_AREA_STYLE_COLOUR ( '', #1124 ) ;
#3580 = CARTESIAN_POINT ( 'NONE',  ( 0.2500000000000000000, 1.199999999999999956, 2.449999999999999734 ) ) ;
#3581 = ORIENTED_EDGE ( 'NONE', *, *, #1956, .T. ) ;
#3582 = DIRECTION ( 'NONE',  ( 1.000000000000000000, 0.000000000000000000, -0.000000000000000000 ) ) ;
#3583 = LINE ( 'NONE', #980, #3510 ) ;
#3584 = MECHANICAL_DESIGN_GEOMETRIC_PRESENTATION_REPRESENTATION (  '', ( #888 ), #1381 ) ;
#3585 = VERTEX_POINT ( 'NONE', #1414 ) ;
#3586 = SURFACE_STYLE_FILL_AREA ( #2352 ) ;
#3587 = COLOUR_RGB ( '',1.000000000000000000, 0.5019607843137254832, 0.000000000000000000 ) ;
#3588 = LINE ( 'NONE', #72, #1047 ) ;
#3589 = DIRECTION ( 'NONE',  ( 0.000000000000000000, 1.000000000000000000, 0.000000000000000000 ) ) ;
#3590 = CARTESIAN_POINT ( 'NONE',  ( -2.499999999999998224, 0.1498999999999999777, -1.249999999999997780 ) ) ;
#3591 = CARTESIAN_POINT ( 'NONE',  ( 3.033336666666666570, 1.399996666666666778, 1.500001000000000140 ) ) ;
#3592 =( GEOMETRIC_REPRESENTATION_CONTEXT ( 3 ) GLOBAL_UNCERTAINTY_ASSIGNED_CONTEXT ( ( #5123 ) ) GLOBAL_UNIT_ASSIGNED_CONTEXT ( ( #1506, #3256, #985 ) ) REPRESENTATION_CONTEXT ( 'NONE', 'WORKASPACE' ) );
#3593 = SURFACE_STYLE_FILL_AREA ( #3138 ) ;
#3594 = EDGE_CURVE ( 'NONE', #6230, #6429, #2479, .T. ) ;
#3595 = EDGE_CURVE ( 'NONE', #1823, #615, #2024, .T. ) ;
#3596 = SURFACE_STYLE_FILL_AREA ( #758 ) ;
#3597 = SURFACE_STYLE_FILL_AREA ( #3447 ) ;
#3598 = PRESENTATION_STYLE_ASSIGNMENT (( #1843 ) ) ;
#3599 = ORIENTED_EDGE ( 'NONE', *, *, #4956, .T. ) ;
#3600 = ADVANCED_FACE ( 'NONE', ( #4214 ), #3061, .T. ) ;
#3601 = ORIENTED_EDGE ( 'NONE', *, *, #1408, .F. ) ;
#3602 = MECHANICAL_DESIGN_GEOMETRIC_PRESENTATION_REPRESENTATION (  '', ( #6468 ), #2253 ) ;
#3603 = DIRECTION ( 'NONE',  ( -0.000000000000000000, -0.000000000000000000, 1.000000000000000000 ) ) ;
#3604 = SURFACE_STYLE_FILL_AREA ( #3641 ) ;
#3605 = LINE ( 'NONE', #5975, #6608 ) ;
#3606 = ORIENTED_EDGE ( 'NONE', *, *, #4222, .F. ) ;
#3607 = ORIENTED_EDGE ( 'NONE', *, *, #636, .T. ) ;
#3608 =( NAMED_UNIT ( * ) PLANE_ANGLE_UNIT ( ) SI_UNIT ( $, .RADIAN. ) );
#3609 =( GEOMETRIC_REPRESENTATION_CONTEXT ( 3 ) GLOBAL_UNCERTAINTY_ASSIGNED_CONTEXT ( ( #7584 ) ) GLOBAL_UNIT_ASSIGNED_CONTEXT ( ( #5038, #307, #2127 ) ) REPRESENTATION_CONTEXT ( 'NONE', 'WORKASPACE' ) );
#3610 = DIRECTION ( 'NONE',  ( -0.000000000000000000, -0.000000000000000000, -1.000000000000000000 ) ) ;
#3611 = ORIENTED_EDGE ( 'NONE', *, *, #5663, .T. ) ;
#3612 = SURFACE_STYLE_USAGE ( .BOTH. , #1322 ) ;
#3613 = CARTESIAN_POINT ( 'NONE',  ( 3.149999999999999467, 0.6999999999999999556, -1.500001000000000140 ) ) ;
#3614 =( GEOMETRIC_REPRESENTATION_CONTEXT ( 3 ) GLOBAL_UNCERTAINTY_ASSIGNED_CONTEXT ( ( #1748 ) ) GLOBAL_UNIT_ASSIGNED_CONTEXT ( ( #3151, #5397, #95 ) ) REPRESENTATION_CONTEXT ( 'NONE', 'WORKASPACE' ) );
#3615 = VECTOR ( 'NONE', #1185, 1000.000000000000000 ) ;
#3616 = ORIENTED_EDGE ( 'NONE', *, *, #149, .T. ) ;
#3617 = ORIENTED_EDGE ( 'NONE', *, *, #782, .F. ) ;
#3618 = DIRECTION ( 'NONE',  ( 1.807003620809173646E-16, 0.000000000000000000, -1.000000000000000000 ) ) ;
#3619 = DIRECTION ( 'NONE',  ( -0.000000000000000000, -0.000000000000000000, -1.000000000000000000 ) ) ;
#3620 = PRESENTATION_LAYER_ASSIGNMENT (  '', '', ( #7494 ) ) ;
#3621 = DIRECTION ( 'NONE',  ( -1.000000000000000000, -0.000000000000000000, -0.000000000000000000 ) ) ;
#3622 = PRESENTATION_STYLE_ASSIGNMENT (( #7252 ) ) ;
#3623 = VECTOR ( 'NONE', #612, 1000.000000000000000 ) ;
#3624 = ORIENTED_EDGE ( 'NONE', *, *, #696, .F. ) ;
#3625 = DIRECTION ( 'NONE',  ( 0.9999999995918134044, -2.857224491130961656E-05, 0.000000000000000000 ) ) ;
#3626 = LINE ( 'NONE', #2284, #7177 ) ;
#3627 = VECTOR ( 'NONE', #3681, 1000.000000000000000 ) ;
#3628 = LINE ( 'NONE', #2481, #6517 ) ;
#3629 = MECHANICAL_DESIGN_GEOMETRIC_PRESENTATION_REPRESENTATION (  '', ( #4636 ), #311 ) ;
#3630 = CARTESIAN_POINT ( 'NONE',  ( 3.349900000000000766, 0.9000000000000000222, -1.500001000000000140 ) ) ;
#3631 = CARTESIAN_POINT ( 'NONE',  ( 1.451009032218151917, 0.8000000000000000444, 1.750000000000000000 ) ) ;
#3632 = LINE ( 'NONE', #1262, #4386 ) ;
#3633 = LINE ( 'NONE', #124, #7073 ) ;
#3634 = VECTOR ( 'NONE', #7262, 1000.000000000000114 ) ;
#3635 = STYLED_ITEM ( 'NONE', ( #6594 ), #5615 ) ;
#3636 = ORIENTED_EDGE ( 'NONE', *, *, #5704, .T. ) ;
#3637 = VERTEX_POINT ( 'NONE', #4894 ) ;
#3638 = VECTOR ( 'NONE', #7197, 1000.000000000000000 ) ;
#3639 = PLANE ( 'NONE',  #4380 ) ;
#3640 = FILL_AREA_STYLE_COLOUR ( '', #7124 ) ;
#3641 = FILL_AREA_STYLE ('',( #6057 ) ) ;
#3642 = PRESENTATION_LAYER_ASSIGNMENT (  '', '', ( #939 ) ) ;
#3643 = CARTESIAN_POINT ( 'NONE',  ( -3.149999999999999467, 0.6999999999999999556, -1.500001000000000140 ) ) ;
#3644 = CARTESIAN_POINT ( 'NONE',  ( 2.050000000000000266, 0.1499999999999999944, 2.949999999999999734 ) ) ;
#3645 = VERTEX_POINT ( 'NONE', #4571 ) ;
#3646 = DIRECTION ( 'NONE',  ( 0.000000000000000000, 0.000000000000000000, -1.000000000000000000 ) ) ;
#3647 = EDGE_LOOP ( 'NONE', ( #1791, #170, #2209, #2093 ) ) ;
#3648 = COLOUR_RGB ( '',0.000000000000000000, 0.000000000000000000, 1.000000000000000000 ) ;
#3649 = FILL_AREA_STYLE_COLOUR ( '', #1931 ) ;
#3650 = ADVANCED_FACE ( 'NONE', ( #2094 ), #3290, .F. ) ;
#3651 = EDGE_LOOP ( 'NONE', ( #6093, #6329, #415, #1518 ) ) ;
#3652 = EDGE_LOOP ( 'NONE', ( #7293, #1314, #138, #6725 ) ) ;
#3653 = SURFACE_STYLE_USAGE ( .BOTH. , #6069 ) ;
#3654 = MECHANICAL_DESIGN_GEOMETRIC_PRESENTATION_REPRESENTATION (  '', ( #3918 ), #584 ) ;
#3655 =( NAMED_UNIT ( * ) SI_UNIT ( $, .STERADIAN. ) SOLID_ANGLE_UNIT ( ) );
#3656 = ADVANCED_FACE ( 'NONE', ( #7495 ), #933, .F. ) ;
#3657 = EDGE_CURVE ( 'NONE', #7669, #3497, #6357, .T. ) ;
#3658 = LINE ( 'NONE', #4136, #1432 ) ;
#3659 = ORIENTED_EDGE ( 'NONE', *, *, #5156, .T. ) ;
#3660 = SURFACE_STYLE_USAGE ( .BOTH. , #7246 ) ;
#3661 = ORIENTED_EDGE ( 'NONE', *, *, #153, .T. ) ;
#3662 = CARTESIAN_POINT ( 'NONE',  ( 0.000000000000000000, 0.000000000000000000, -2.049989999999999757 ) ) ;
#3663 = LINE ( 'NONE', #4288, #2353 ) ;
#3664 = SURFACE_STYLE_FILL_AREA ( #2018 ) ;
#3665 = STYLED_ITEM ( 'NONE', ( #2801 ), #3408 ) ;
#3666 = CARTESIAN_POINT ( 'NONE',  ( 0.9499999999999999556, 0.1499999999999999944, -2.050000000000000266 ) ) ;
#3667 = STYLED_ITEM ( 'NONE', ( #3238 ), #1464 ) ;
#3669 = ORIENTED_EDGE ( 'NONE', *, *, #1554, .F. ) ;
#3668 = VECTOR ( 'NONE', #4747, 1000.000000000000000 ) ;
#3670 = CARTESIAN_POINT ( 'NONE',  ( 3.349900000000000766, 0.9000000000000000222, 1.500001000000000140 ) ) ;
#3671 = SURFACE_STYLE_USAGE ( .BOTH. , #116 ) ;
#3672 = SURFACE_STYLE_FILL_AREA ( #2633 ) ;
#3673 = COLOUR_RGB ( '',1.000000000000000000, 0.5019607843137254832, 0.000000000000000000 ) ;
#3674 = FILL_AREA_STYLE ('',( #1338 ) ) ;
#3675 = LINE ( 'NONE', #6, #2162 ) ;
#3676 = DIRECTION ( 'NONE',  ( 0.000000000000000000, -1.000000000000000000, 0.000000000000000000 ) ) ;
#3677 = CARTESIAN_POINT ( 'NONE',  ( 0.09999999999999809042, 1.399999999999999911, 2.050000000000000266 ) ) ;
#3678 = FACE_OUTER_BOUND ( 'NONE', #3198, .T. ) ;
#3679 = ORIENTED_EDGE ( 'NONE', *, *, #6742, .T. ) ;
#3680 = ORIENTED_EDGE ( 'NONE', *, *, #5512, .T. ) ;
#3681 = DIRECTION ( 'NONE',  ( 0.000000000000000000, -0.000000000000000000, 1.000000000000000000 ) ) ;
#3682 = DIRECTION ( 'NONE',  ( 0.000000000000000000, -1.000000000000000000, -0.000000000000000000 ) ) ;
#3683 = COLOUR_RGB ( '',0.7960784313725489669, 0.8235294117647058432, 0.9372549019607843146 ) ;
#3684 = DIRECTION ( 'NONE',  ( -1.000000000000000000, 0.000000000000000000, 0.000000000000000000 ) ) ;
#3685 = LINE ( 'NONE', #2454, #1290 ) ;
#3686 = DIRECTION ( 'NONE',  ( -0.000000000000000000, -1.000000000000000000, -0.000000000000000000 ) ) ;
#3687 = ORIENTED_EDGE ( 'NONE', *, *, #2148, .T. ) ;
#3688 = ORIENTED_EDGE ( 'NONE', *, *, #2338, .T. ) ;
#3689 = CARTESIAN_POINT ( 'NONE',  ( 0.000000000000000000, 0.1498999999999999777, 0.000000000000000000 ) ) ;
#3690 = PRESENTATION_LAYER_ASSIGNMENT (  '', '', ( #5200 ) ) ;
#3691 = ORIENTED_EDGE ( 'NONE', *, *, #1605, .F. ) ;
#3692 = EDGE_LOOP ( 'NONE', ( #4951, #6233, #1846, #3726, #3491 ) ) ;
#3693 = SURFACE_SIDE_STYLE ('',( #220 ) ) ;
#3694 = LINE ( 'NONE', #6577, #2167 ) ;
#3695 = DIRECTION ( 'NONE',  ( 0.000000000000000000, 1.000000000000000000, 0.000000000000000000 ) ) ;
#3696 =( GEOMETRIC_REPRESENTATION_CONTEXT ( 3 ) GLOBAL_UNCERTAINTY_ASSIGNED_CONTEXT ( ( #385 ) ) GLOBAL_UNIT_ASSIGNED_CONTEXT ( ( #1992, #5554, #6220 ) ) REPRESENTATION_CONTEXT ( 'NONE', 'WORKASPACE' ) );
#3697 = EDGE_CURVE ( 'NONE', #4933, #2569, #5620, .T. ) ;
#3698 = EDGE_CURVE ( 'NONE', #3714, #3010, #2839, .T. ) ;
#3699 = ORIENTED_EDGE ( 'NONE', *, *, #3184, .T. ) ;
#3700 = ORIENTED_EDGE ( 'NONE', *, *, #6466, .T. ) ;
#3701 = SURFACE_STYLE_FILL_AREA ( #2552 ) ;
#3702 = FACE_OUTER_BOUND ( 'NONE', #5064, .T. ) ;
#3703 = ADVANCED_FACE ( 'NONE', ( #2129 ), #6850, .F. ) ;
#3704 = EDGE_CURVE ( 'NONE', #1699, #1918, #7090, .T. ) ;
#3705 = LINE ( 'NONE', #5454, #1889 ) ;
#3706 = VERTEX_POINT ( 'NONE', #4173 ) ;
#3707 = DIRECTION ( 'NONE',  ( 1.000000000000000000, 0.000000000000000000, -0.000000000000000000 ) ) ;
#3708 = VECTOR ( 'NONE', #7130, 1000.000000000000000 ) ;
#3709 =( LENGTH_UNIT ( ) NAMED_UNIT ( * ) SI_UNIT ( .MILLI., .METRE. ) );
#3710 = VECTOR ( 'NONE', #5507, 1000.000000000000000 ) ;
#3711 = CARTESIAN_POINT ( 'NONE',  ( -0.9999999999999995559, 0.1498999999999999777, -0.7499999999999978906 ) ) ;
#3712 = LINE ( 'NONE', #3026, #7070 ) ;
#3713 = DIRECTION ( 'NONE',  ( 0.000000000000000000, -1.000000000000000000, 0.000000000000000000 ) ) ;
#3714 = VERTEX_POINT ( 'NONE', #7610 ) ;
#3715 = AXIS2_PLACEMENT_3D ( 'NONE', #319, #3365, #1718 ) ;
#3716 = EDGE_LOOP ( 'NONE', ( #5120, #3098, #7427, #1039 ) ) ;
#3717 = PLANE ( 'NONE',  #5498 ) ;
#3718 = CARTESIAN_POINT ( 'NONE',  ( 2.449999999999999734, 0.1499999999999999667, 2.949999999999999734 ) ) ;
#3719 = PRESENTATION_STYLE_ASSIGNMENT (( #3849 ) ) ;
#3720 =( NAMED_UNIT ( * ) SI_UNIT ( $, .STERADIAN. ) SOLID_ANGLE_UNIT ( ) );
#3721 = PRESENTATION_STYLE_ASSIGNMENT (( #2492 ) ) ;
#3722 = PLANE ( 'NONE',  #6152 ) ;
#3723 = PRESENTATION_STYLE_ASSIGNMENT (( #4309 ) ) ;
#3724 = CARTESIAN_POINT ( 'NONE',  ( -3.349900000000000766, 0.9000000000000000222, 1.500001000000000140 ) ) ;
#3725 = MECHANICAL_DESIGN_GEOMETRIC_PRESENTATION_REPRESENTATION (  '', ( #525 ), #5835 ) ;
#3726 = ORIENTED_EDGE ( 'NONE', *, *, #1554, .T. ) ;
#3727 = LINE ( 'NONE', #5408, #679 ) ;
#3728 = PRESENTATION_STYLE_ASSIGNMENT (( #1399 ) ) ;
#3729 = DIRECTION ( 'NONE',  ( -0.000000000000000000, 0.000000000000000000, -1.000000000000000000 ) ) ;
#3730 = LINE ( 'NONE', #5446, #5365 ) ;
#3731 = VECTOR ( 'NONE', #2382, 1000.000000000000000 ) ;
#3732 = EDGE_LOOP ( 'NONE', ( #7322, #5760, #651 ) ) ;
#3733 = ORIENTED_EDGE ( 'NONE', *, *, #3196, .T. ) ;
#3734 = CARTESIAN_POINT ( 'NONE',  ( 2.500000000000000000, 0.1498999999999999777, -0.7499999999999977796 ) ) ;
#3735 = FILL_AREA_STYLE_COLOUR ( '', #6587 ) ;
#3736 = EDGE_CURVE ( 'NONE', #2767, #1877, #1784, .T. ) ;
#3737 = ADVANCED_FACE ( 'NONE', ( #6545 ), #1247, .T. ) ;
#3738 = ORIENTED_EDGE ( 'NONE', *, *, #256, .F. ) ;
#3739 = MECHANICAL_DESIGN_GEOMETRIC_PRESENTATION_REPRESENTATION (  '', ( #5244 ), #1422 ) ;
#3740 = DIRECTION ( 'NONE',  ( -0.000000000000000000, -1.000000000000000000, -0.000000000000000000 ) ) ;
#3741 = FACE_OUTER_BOUND ( 'NONE', #1184, .T. ) ;
#3742 = CARTESIAN_POINT ( 'NONE',  ( -2.499999999999998224, 0.1498999999999999777, -1.249999999999997780 ) ) ;
#3743 = ADVANCED_FACE ( 'NONE', ( #2901 ), #5300, .F. ) ;
#3744 = MECHANICAL_DESIGN_GEOMETRIC_PRESENTATION_REPRESENTATION (  '', ( #2652 ), #2271 ) ;
#3745 = VECTOR ( 'NONE', #923, 1000.000000000000000 ) ;
#3746 = UNCERTAINTY_MEASURE_WITH_UNIT (LENGTH_MEASURE( 1.000000000000000082E-05 ), #3275, 'distance_accuracy_value', 'NONE');
#3747 = FILL_AREA_STYLE_COLOUR ( '', #1617 ) ;
#3748 = EDGE_CURVE ( 'NONE', #2381, #4301, #4056, .T. ) ;
#3749 = ORIENTED_EDGE ( 'NONE', *, *, #4462, .F. ) ;
#3750 = EDGE_CURVE ( 'NONE', #4317, #7255, #2873, .T. ) ;
#3751 = LINE ( 'NONE', #2401, #6866 ) ;
#3752 =( LENGTH_UNIT ( ) NAMED_UNIT ( * ) SI_UNIT ( .MILLI., .METRE. ) );
#3753 = EDGE_LOOP ( 'NONE', ( #5299, #3818, #914, #3571 ) ) ;
#3754 = VECTOR ( 'NONE', #5595, 1000.000000000000000 ) ;
#3755 = STYLED_ITEM ( 'NONE', ( #1693 ), #5557 ) ;
#3756 = MECHANICAL_DESIGN_GEOMETRIC_PRESENTATION_REPRESENTATION (  '', ( #6142 ), #452 ) ;
#3757 = CARTESIAN_POINT ( 'NONE',  ( 0.9999999999999995559, 0.1498999999999999777, -0.7499999999999978906 ) ) ;
#3758 = CARTESIAN_POINT ( 'NONE',  ( -3.149999999999999467, 0.6999999999999930722, 1.500001000000001028 ) ) ;
#3759 = CARTESIAN_POINT ( 'NONE',  ( 3.149999999999999911, 0.2598999999998395927, 1.500000288856793818 ) ) ;
#3760 = MECHANICAL_DESIGN_GEOMETRIC_PRESENTATION_REPRESENTATION (  '', ( #3147 ), #2402 ) ;
#3761 = LINE ( 'NONE', #7188, #7617 ) ;
#3762 = MECHANICAL_DESIGN_GEOMETRIC_PRESENTATION_REPRESENTATION (  '', ( #6384 ), #2666 ) ;
#3763 =( LENGTH_UNIT ( ) NAMED_UNIT ( * ) SI_UNIT ( .MILLI., .METRE. ) );
#3764 =( LENGTH_UNIT ( ) NAMED_UNIT ( * ) SI_UNIT ( .MILLI., .METRE. ) );
#3765 = ORIENTED_EDGE ( 'NONE', *, *, #3195, .F. ) ;
#3766 = SURFACE_SIDE_STYLE ('',( #5025 ) ) ;
#3767 = ORIENTED_EDGE ( 'NONE', *, *, #4220, .T. ) ;
#3768 = PLANE ( 'NONE',  #1291 ) ;
#3769 = CARTESIAN_POINT ( 'NONE',  ( -3.149999999999999911, 0.2599003282466580411, -0.5000000000002154943 ) ) ;
#3770 = COLOUR_RGB ( '',0.7960784313725489669, 0.8235294117647058432, 0.9372549019607843146 ) ;
#3771 = COLOUR_RGB ( '',0.7960784313725489669, 0.8235294117647058432, 0.9372549019607843146 ) ;
#3772 = ORIENTED_EDGE ( 'NONE', *, *, #2011, .T. ) ;
#3773 = VECTOR ( 'NONE', #7501, 1000.000000000000000 ) ;
#3774 = ORIENTED_EDGE ( 'NONE', *, *, #680, .T. ) ;
#3775 = FILL_AREA_STYLE ('',( #1442 ) ) ;
#3776 = CARTESIAN_POINT ( 'NONE',  ( -1.000000000000000000, -0.0001000000000000000048, 0.3500000000000002554 ) ) ;
#3777 =( GEOMETRIC_REPRESENTATION_CONTEXT ( 3 ) GLOBAL_UNCERTAINTY_ASSIGNED_CONTEXT ( ( #7198 ) ) GLOBAL_UNIT_ASSIGNED_CONTEXT ( ( #4352, #5482, #5981 ) ) REPRESENTATION_CONTEXT ( 'NONE', 'WORKASPACE' ) );
#3778 = ORIENTED_EDGE ( 'NONE', *, *, #6021, .F. ) ;
#3779 = CARTESIAN_POINT ( 'NONE',  ( 2.000000000000000000, 0.1498999999999999777, 0.8500000000000001998 ) ) ;
#3780 = LINE ( 'NONE', #6161, #5876 ) ;
#3781 = UNCERTAINTY_MEASURE_WITH_UNIT (LENGTH_MEASURE( 1.000000000000000082E-05 ), #2058, 'distance_accuracy_value', 'NONE');
#3782 = VECTOR ( 'NONE', #161, 1000.000000000000000 ) ;
#3783 = CARTESIAN_POINT ( 'NONE',  ( 2.000000000000000444, -0.0001000000000000000048, -1.249999999999997780 ) ) ;
#3784 = ORIENTED_EDGE ( 'NONE', *, *, #6985, .F. ) ;
#3785 = DIRECTION ( 'NONE',  ( 0.000000000000000000, 1.000000000000000000, 0.000000000000000000 ) ) ;
#3786 = VECTOR ( 'NONE', #4334, 1000.000000000000000 ) ;
#3787 = PRESENTATION_STYLE_ASSIGNMENT (( #1982 ) ) ;
#3788 = AXIS2_PLACEMENT_3D ( 'NONE', #4339, #4976, #5591 ) ;
#3789 = DIRECTION ( 'NONE',  ( 1.807003620809173646E-16, 0.000000000000000000, -1.000000000000000000 ) ) ;
#3790 = UNCERTAINTY_MEASURE_WITH_UNIT (LENGTH_MEASURE( 1.000000000000000082E-05 ), #2255, 'distance_accuracy_value', 'NONE');
#3791 = CARTESIAN_POINT ( 'NONE',  ( 3.149999999999999911, 0.6499999999999999112, -2.049994999999999568 ) ) ;
#3792 = PRESENTATION_LAYER_ASSIGNMENT (  '', '', ( #6163 ) ) ;
#3793 = CARTESIAN_POINT ( 'NONE',  ( -3.350000000000000089, 1.199999999999999956, -2.050000000000000266 ) ) ;
#3794 =( GEOMETRIC_REPRESENTATION_CONTEXT ( 3 ) GLOBAL_UNCERTAINTY_ASSIGNED_CONTEXT ( ( #4575 ) ) GLOBAL_UNIT_ASSIGNED_CONTEXT ( ( #5223, #2234, #2264 ) ) REPRESENTATION_CONTEXT ( 'NONE', 'WORKASPACE' ) );
#3795 = PLANE ( 'NONE',  #2922 ) ;
#3796 = FILL_AREA_STYLE ('',( #2135 ) ) ;
#3797 = ORIENTED_EDGE ( 'NONE', *, *, #1018, .T. ) ;
#3798 = CARTESIAN_POINT ( 'NONE',  ( 2.049999999999999822, 0.1499999999999999944, -2.949999999999999734 ) ) ;
#3799 = ADVANCED_FACE ( 'NONE', ( #3466 ), #7051, .F. ) ;
#3800 = SURFACE_STYLE_USAGE ( .BOTH. , #4902 ) ;
#3801 = EDGE_CURVE ( 'NONE', #470, #6110, #6694, .T. ) ;
#3802 = ORIENTED_EDGE ( 'NONE', *, *, #4372, .F. ) ;
#3803 = VECTOR ( 'NONE', #3729, 1000.000000000000000 ) ;
#3804 = SURFACE_STYLE_FILL_AREA ( #2690 ) ;
#3805 = ADVANCED_FACE ( 'NONE', ( #5492 ), #3166, .F. ) ;
#3806 = EDGE_CURVE ( 'NONE', #5538, #2569, #4885, .T. ) ;
#3807 = LINE ( 'NONE', #6185, #809 ) ;
#3808 = LINE ( 'NONE', #6757, #5515 ) ;
#3809 = MECHANICAL_DESIGN_GEOMETRIC_PRESENTATION_REPRESENTATION (  '', ( #7413 ), #4678 ) ;
#3810 = FACE_OUTER_BOUND ( 'NONE', #318, .T. ) ;
#3811 = SURFACE_STYLE_FILL_AREA ( #7470 ) ;
#3812 = FACE_OUTER_BOUND ( 'NONE', #1964, .T. ) ;
#3813 = CARTESIAN_POINT ( 'NONE',  ( 3.149999999999999911, 1.199999999999999956, 1.500000000000000000 ) ) ;
#3814 = MECHANICAL_DESIGN_GEOMETRIC_PRESENTATION_REPRESENTATION (  '', ( #4300 ), #2708 ) ;
#3815 = LINE ( 'NONE', #6194, #2562 ) ;
#3816 = ORIENTED_EDGE ( 'NONE', *, *, #1835, .F. ) ;
#3817 = DIRECTION ( 'NONE',  ( 0.000000000000000000, -0.000000000000000000, 1.000000000000000000 ) ) ;
#3818 = ORIENTED_EDGE ( 'NONE', *, *, #6597, .F. ) ;
#3819 = DIRECTION ( 'NONE',  ( -1.274775326820788869E-16, 0.000000000000000000, -1.000000000000000000 ) ) ;
#3820 = PLANE ( 'NONE',  #6362 ) ;
#3821 = ORIENTED_EDGE ( 'NONE', *, *, #3657, .F. ) ;
#3822 = LINE ( 'NONE', #1930, #6486 ) ;
#3823 = EDGE_LOOP ( 'NONE', ( #4313, #4920, #4588, #3901 ) ) ;
#3824 = DIRECTION ( 'NONE',  ( -1.000000000000000000, 0.000000000000000000, 0.000000000000000000 ) ) ;
#3825 = MECHANICAL_DESIGN_GEOMETRIC_PRESENTATION_REPRESENTATION (  '', ( #4193 ), #626 ) ;
#3826 =( NAMED_UNIT ( * ) PLANE_ANGLE_UNIT ( ) SI_UNIT ( $, .RADIAN. ) );
#3827 = FILL_AREA_STYLE ('',( #3357 ) ) ;
#3828 = VECTOR ( 'NONE', #7551, 1000.000000000000000 ) ;
#3829 = EDGE_LOOP ( 'NONE', ( #5186, #1669, #7649, #4039 ) ) ;
#3830 = FILL_AREA_STYLE ('',( #5154 ) ) ;
#3831 = SURFACE_SIDE_STYLE ('',( #3871 ) ) ;
#3832 =( LENGTH_UNIT ( ) NAMED_UNIT ( * ) SI_UNIT ( .MILLI., .METRE. ) );
#3833 = VECTOR ( 'NONE', #6970, 1000.000000000000000 ) ;
#3834 = LINE ( 'NONE', #3742, #4160 ) ;
#3835 = SURFACE_STYLE_FILL_AREA ( #6854 ) ;
#3836 = CARTESIAN_POINT ( 'NONE',  ( -3.349900000000000766, 0.9000000000000000222, -1.500001000000000140 ) ) ;
#3837 = AXIS2_PLACEMENT_3D ( 'NONE', #1785, #3436, #6434 ) ;
#3838 = VERTEX_POINT ( 'NONE', #4845 ) ;
#3839 = DIRECTION ( 'NONE',  ( 1.000000000000000000, -0.000000000000000000, -0.000000000000000000 ) ) ;
#3840 = DIRECTION ( 'NONE',  ( -4.818676322157800333E-16, 0.000000000000000000, 1.000000000000000000 ) ) ;
#3841 = ORIENTED_EDGE ( 'NONE', *, *, #6656, .F. ) ;
#3842 = LINE ( 'NONE', #3144, #3578 ) ;
#3843 = VECTOR ( 'NONE', #3676, 1000.000000000000000 ) ;
#3844 = LINE ( 'NONE', #877, #5787 ) ;
#3845 = FACE_OUTER_BOUND ( 'NONE', #1088, .T. ) ;
#3846 = EDGE_CURVE ( 'NONE', #3497, #6053, #227, .T. ) ;
#3847 = LINE ( 'NONE', #4344, #7645 ) ;
#3848 = FILL_AREA_STYLE_COLOUR ( '', #7063 ) ;
#3849 = SURFACE_STYLE_USAGE ( .BOTH. , #1479 ) ;
#3850 = SURFACE_STYLE_FILL_AREA ( #995 ) ;
#3851 = SURFACE_STYLE_USAGE ( .BOTH. , #6869 ) ;
#3852 = DIRECTION ( 'NONE',  ( -0.000000000000000000, -0.000000000000000000, 1.000000000000000000 ) ) ;
#3853 = MECHANICAL_DESIGN_GEOMETRIC_PRESENTATION_REPRESENTATION (  '', ( #4341 ), #3977 ) ;
#3854 = EDGE_CURVE ( 'NONE', #6843, #762, #1449, .T. ) ;
#3855 = PRESENTATION_STYLE_ASSIGNMENT (( #806 ) ) ;
#3856 = ORIENTED_EDGE ( 'NONE', *, *, #4996, .T. ) ;
#3857 = EDGE_CURVE ( 'NONE', #2150, #1742, #4243, .T. ) ;
#3858 = CARTESIAN_POINT ( 'NONE',  ( 0.5000000000000004441, -0.0001000000000000000048, 0.8500000000000003109 ) ) ;
#3859 = EDGE_LOOP ( 'NONE', ( #5908, #5268, #5184, #2460 ) ) ;
#3860 = EDGE_CURVE ( 'NONE', #346, #4871, #3089, .T. ) ;
#3861 = SURFACE_STYLE_USAGE ( .BOTH. , #1523 ) ;
#3862 = ORIENTED_EDGE ( 'NONE', *, *, #972, .T. ) ;
#3863 =( LENGTH_UNIT ( ) NAMED_UNIT ( * ) SI_UNIT ( .MILLI., .METRE. ) );
#3864 = DIRECTION ( 'NONE',  ( -1.000000000000000000, -0.000000000000000000, 0.000000000000000000 ) ) ;
#3865 = ORIENTED_EDGE ( 'NONE', *, *, #503, .F. ) ;
#3866 = STYLED_ITEM ( 'NONE', ( #2087 ), #6986 ) ;
#3867 = FILL_AREA_STYLE ('',( #925 ) ) ;
#3868 = LINE ( 'NONE', #6240, #4104 ) ;
#3869 = COLOUR_RGB ( '',1.000000000000000000, 0.5019607843137254832, 0.000000000000000000 ) ;
#3870 = ORIENTED_EDGE ( 'NONE', *, *, #3324, .T. ) ;
#3871 = SURFACE_STYLE_FILL_AREA ( #1613 ) ;
#3872 = LINE ( 'NONE', #6245, #4070 ) ;
#3873 = VECTOR ( 'NONE', #4444, 1000.000000000000000 ) ;
#3874 = UNCERTAINTY_MEASURE_WITH_UNIT (LENGTH_MEASURE( 1.000000000000000082E-05 ), #5565, 'distance_accuracy_value', 'NONE');
#3875 = VERTEX_POINT ( 'NONE', #1935 ) ;
#3876 = PLANE ( 'NONE',  #1798 ) ;
#3877 = FILL_AREA_STYLE ('',( #6821 ) ) ;
#3878 = SURFACE_STYLE_FILL_AREA ( #3796 ) ;
#3879 = AXIS2_PLACEMENT_3D ( 'NONE', #5598, #2184, #7514 ) ;
#3880 = ORIENTED_EDGE ( 'NONE', *, *, #4413, .T. ) ;
#3881 = LINE ( 'NONE', #6785, #4978 ) ;
#3882 = LINE ( 'NONE', #362, #4665 ) ;
#3883 = ORIENTED_EDGE ( 'NONE', *, *, #3854, .T. ) ;
#3884 =( NAMED_UNIT ( * ) SI_UNIT ( $, .STERADIAN. ) SOLID_ANGLE_UNIT ( ) );
#3885 = VECTOR ( 'NONE', #335, 1000.000000000000000 ) ;
#3886 = LINE ( 'NONE', #3302, #3541 ) ;
#3887 = DIRECTION ( 'NONE',  ( -0.3420201433256695456, 0.000000000000000000, -0.9396926207859080948 ) ) ;
#3888 = CARTESIAN_POINT ( 'NONE',  ( -1.701009032218152806, 1.199999999999999956, -2.049900000000000500 ) ) ;
#3889 =( NAMED_UNIT ( * ) PLANE_ANGLE_UNIT ( ) SI_UNIT ( $, .RADIAN. ) );
#3890 = MECHANICAL_DESIGN_GEOMETRIC_PRESENTATION_REPRESENTATION (  '', ( #2785 ), #3272 ) ;
#3891 = VECTOR ( 'NONE', #3864, 1000.000000000000000 ) ;
#3892 = VERTEX_POINT ( 'NONE', #1370 ) ;
#3893 = VECTOR ( 'NONE', #2140, 1000.000000000000000 ) ;
#3894 = VERTEX_POINT ( 'NONE', #3014 ) ;
#3895 =( NAMED_UNIT ( * ) PLANE_ANGLE_UNIT ( ) SI_UNIT ( $, .RADIAN. ) );
#3896 = ORIENTED_EDGE ( 'NONE', *, *, #3990, .F. ) ;
#3897 = CARTESIAN_POINT ( 'NONE',  ( -3.349900000000001210, 0.9000000000000000222, -2.050000000000000266 ) ) ;
#3898 = AXIS2_PLACEMENT_3D ( 'NONE', #676, #639, #7067 ) ;
#3899 = FILL_AREA_STYLE ('',( #1562 ) ) ;
#3900 = CARTESIAN_POINT ( 'NONE',  ( 1.250000000000000000, 0.8000000000000000444, 2.449999999999999734 ) ) ;
#3901 = ORIENTED_EDGE ( 'NONE', *, *, #1605, .T. ) ;
#3902 = SURFACE_STYLE_FILL_AREA ( #2829 ) ;
#3904 = MECHANICAL_DESIGN_GEOMETRIC_PRESENTATION_REPRESENTATION (  '', ( #1803 ), #5262 ) ;
#3903 = VECTOR ( 'NONE', #85, 1000.000000000000000 ) ;
#3905 = EDGE_CURVE ( 'NONE', #321, #1882, #5372, .T. ) ;
#3906 = ADVANCED_FACE ( 'NONE', ( #4441 ), #1529, .F. ) ;
#3907 = EDGE_CURVE ( 'NONE', #293, #3497, #4524, .T. ) ;
#3908 = ADVANCED_FACE ( 'NONE', ( #302 ), #3244, .T. ) ;
#3909 = VECTOR ( 'NONE', #3610, 1000.000000000000000 ) ;
#3910 = VECTOR ( 'NONE', #6555, 1000.000000000000000 ) ;
#3911 = ORIENTED_EDGE ( 'NONE', *, *, #6175, .F. ) ;
#3912 = FILL_AREA_STYLE ('',( #1574 ) ) ;
#3913 = ORIENTED_EDGE ( 'NONE', *, *, #2521, .T. ) ;
#3914 = DIRECTION ( 'NONE',  ( -4.818676322157800333E-16, -0.000000000000000000, -1.000000000000000000 ) ) ;
#3915 = UNCERTAINTY_MEASURE_WITH_UNIT (LENGTH_MEASURE( 1.000000000000000082E-05 ), #1514, 'distance_accuracy_value', 'NONE');
#3916 = CARTESIAN_POINT ( 'NONE',  ( 3.149999999999999911, 0.6998999999998395394, 0.5000002888567937065 ) ) ;
#3917 = CARTESIAN_POINT ( 'NONE',  ( 2.000000000000000444, 0.1498999999999999777, -0.7499999999999978906 ) ) ;
#3918 = STYLED_ITEM ( 'NONE', ( #5639 ), #784 ) ;
#3919 = MECHANICAL_DESIGN_GEOMETRIC_PRESENTATION_REPRESENTATION (  '', ( #2934 ), #4401 ) ;
#3920 = FILL_AREA_STYLE_COLOUR ( '', #1649 ) ;
#3921 = DIRECTION ( 'NONE',  ( 0.000000000000000000, 0.000000000000000000, 1.000000000000000000 ) ) ;
#3922 = ORIENTED_EDGE ( 'NONE', *, *, #7280, .F. ) ;
#3923 = PLANE ( 'NONE',  #6317 ) ;
#3924 = PRESENTATION_LAYER_ASSIGNMENT (  '', '', ( #4541 ) ) ;
#3925 = CARTESIAN_POINT ( 'NONE',  ( -3.350000000000000089, 0.000000000000000000, 2.050000000000000266 ) ) ;
#3926 = FACE_OUTER_BOUND ( 'NONE', #3652, .T. ) ;
#3927 = DIRECTION ( 'NONE',  ( 1.000000000000000000, 0.000000000000000000, 2.168404344971010594E-16 ) ) ;
#3928 = CARTESIAN_POINT ( 'NONE',  ( -3.350000000000000089, -0.0001000000000000000048, 2.050000000000000266 ) ) ;
#3929 = FILL_AREA_STYLE_COLOUR ( '', #3012 ) ;
#3930 = DIRECTION ( 'NONE',  ( 1.000000000000000000, 0.000000000000000000, -2.168404344971010594E-16 ) ) ;
#3931 = LINE ( 'NONE', #7555, #5388 ) ;
#3932 = AXIS2_PLACEMENT_3D ( 'NONE', #1325, #106, #2467 ) ;
#3933 = VERTEX_POINT ( 'NONE', #384 ) ;
#3934 = PRESENTATION_LAYER_ASSIGNMENT (  '', '', ( #2437 ) ) ;
#3935 = ORIENTED_EDGE ( 'NONE', *, *, #5320, .T. ) ;
#3936 =( GEOMETRIC_REPRESENTATION_CONTEXT ( 3 ) GLOBAL_UNCERTAINTY_ASSIGNED_CONTEXT ( ( #6965 ) ) GLOBAL_UNIT_ASSIGNED_CONTEXT ( ( #4642, #6501, #5915 ) ) REPRESENTATION_CONTEXT ( 'NONE', 'WORKASPACE' ) );
#3937 = LINE ( 'NONE', #2773, #7231 ) ;
#3938 = VERTEX_POINT ( 'NONE', #5117 ) ;
#3939 = FACE_OUTER_BOUND ( 'NONE', #5109, .T. ) ;
#3940 =( NAMED_UNIT ( * ) PLANE_ANGLE_UNIT ( ) SI_UNIT ( $, .RADIAN. ) );
#3941 = SURFACE_SIDE_STYLE ('',( #1004 ) ) ;
#3942 = EDGE_LOOP ( 'NONE', ( #5442, #6721, #6340, #957 ) ) ;
#3943 = PLANE ( 'NONE',  #1714 ) ;
#3944 = FILL_AREA_STYLE ('',( #2126 ) ) ;
#3945 = CARTESIAN_POINT ( 'NONE',  ( -2.049999999999999822, 0.1499999999999999667, -2.949999999999999734 ) ) ;
#3946 = UNCERTAINTY_MEASURE_WITH_UNIT (LENGTH_MEASURE( 1.000000000000000082E-05 ), #6775, 'distance_accuracy_value', 'NONE');
#3947 = CARTESIAN_POINT ( 'NONE',  ( -0.8578375576248268297, 1.399999999999999911, 2.356889319134312544 ) ) ;
#3948 = ADVANCED_FACE ( 'NONE', ( #3207 ), #7488, .F. ) ;
#3949 = ADVANCED_FACE ( 'NONE', ( #5193 ), #1091, .F. ) ;
#3950 =( GEOMETRIC_REPRESENTATION_CONTEXT ( 3 ) GLOBAL_UNCERTAINTY_ASSIGNED_CONTEXT ( ( #864 ) ) GLOBAL_UNIT_ASSIGNED_CONTEXT ( ( #6319, #4405, #5664 ) ) REPRESENTATION_CONTEXT ( 'NONE', 'WORKASPACE' ) );
#3951 = ORIENTED_EDGE ( 'NONE', *, *, #4854, .F. ) ;
#3952 = EDGE_CURVE ( 'NONE', #4916, #4966, #7005, .T. ) ;
#3953 = PRESENTATION_STYLE_ASSIGNMENT (( #1014 ) ) ;
#3954 = LINE ( 'NONE', #4446, #4836 ) ;
#3955 = MECHANICAL_DESIGN_GEOMETRIC_PRESENTATION_REPRESENTATION (  '', ( #5309 ), #5922 ) ;
#3956 = ORIENTED_EDGE ( 'NONE', *, *, #3806, .F. ) ;
#3957 = LINE ( 'NONE', #5087, #2543 ) ;
#3958 = CARTESIAN_POINT ( 'NONE',  ( 1.000000000000000000, 0.1498999999999999777, 0.3500000000000002554 ) ) ;
#3959 = VERTEX_POINT ( 'NONE', #616 ) ;
#3960 = MECHANICAL_DESIGN_GEOMETRIC_PRESENTATION_REPRESENTATION (  '', ( #6803 ), #2980 ) ;
#3961 = CARTESIAN_POINT ( 'NONE',  ( 1.250000000000000000, 0.8000000000000000444, 2.449999999999999734 ) ) ;
#3962 = DIRECTION ( 'NONE',  ( 0.000000000000000000, 0.000000000000000000, 1.000000000000000000 ) ) ;
#3963 = FACE_OUTER_BOUND ( 'NONE', #7240, .T. ) ;
#3964 = DIRECTION ( 'NONE',  ( -0.000000000000000000, -1.000000000000000000, -0.000000000000000000 ) ) ;
#3965 = PRESENTATION_STYLE_ASSIGNMENT (( #2766 ) ) ;
#3966 = ORIENTED_EDGE ( 'NONE', *, *, #5045, .T. ) ;
#3967 = MECHANICAL_DESIGN_GEOMETRIC_PRESENTATION_REPRESENTATION (  '', ( #5707 ), #4587 ) ;
#3968 = DIRECTION ( 'NONE',  ( -0.9999999995918134044, 2.857224491130961656E-05, 0.000000000000000000 ) ) ;
#3969 = DIRECTION ( 'NONE',  ( -0.000000000000000000, 1.000000000000000000, 0.000000000000000000 ) ) ;
#3970 = ORIENTED_EDGE ( 'NONE', *, *, #6507, .F. ) ;
#3971 = DIRECTION ( 'NONE',  ( 0.000000000000000000, 0.000000000000000000, -1.000000000000000000 ) ) ;
#3972 = ORIENTED_EDGE ( 'NONE', *, *, #3736, .F. ) ;
#3973 = DIRECTION ( 'NONE',  ( 0.000000000000000000, -1.000000000000000000, 0.000000000000000000 ) ) ;
#3974 = FILL_AREA_STYLE ('',( #5689 ) ) ;
#3975 = EDGE_LOOP ( 'NONE', ( #2511, #5525, #5296, #5305 ) ) ;
#3976 = LINE ( 'NONE', #7487, #4418 ) ;
#3977 =( GEOMETRIC_REPRESENTATION_CONTEXT ( 3 ) GLOBAL_UNCERTAINTY_ASSIGNED_CONTEXT ( ( #4723 ) ) GLOBAL_UNIT_ASSIGNED_CONTEXT ( ( #398, #1654, #4493 ) ) REPRESENTATION_CONTEXT ( 'NONE', 'WORKASPACE' ) );
#3978 = SURFACE_STYLE_USAGE ( .BOTH. , #6927 ) ;
#3979 = ORIENTED_EDGE ( 'NONE', *, *, #5935, .T. ) ;
#3980 = DIRECTION ( 'NONE',  ( 0.000000000000000000, -0.000000000000000000, 1.000000000000000000 ) ) ;
#3981 =( LENGTH_UNIT ( ) NAMED_UNIT ( * ) SI_UNIT ( .MILLI., .METRE. ) );
#3982 = VECTOR ( 'NONE', #6164, 1000.000000000000000 ) ;
#3983 = ORIENTED_EDGE ( 'NONE', *, *, #2207, .T. ) ;
#3984 = ADVANCED_FACE ( 'NONE', ( #2236 ), #2830, .F. ) ;
#3985 = ADVANCED_FACE ( 'NONE', ( #7604 ), #6426, .F. ) ;
#3986 = PRESENTATION_STYLE_ASSIGNMENT (( #4535 ) ) ;
#3987 = ORIENTED_EDGE ( 'NONE', *, *, #4691, .F. ) ;
#3988 = VECTOR ( 'NONE', #5221, 1000.000000000000114 ) ;
#3989 = FACE_OUTER_BOUND ( 'NONE', #653, .T. ) ;
#3990 = EDGE_CURVE ( 'NONE', #4958, #2767, #198, .T. ) ;
#3991 = STYLED_ITEM ( 'NONE', ( #2649 ), #7621 ) ;
#3992 = ADVANCED_FACE ( 'NONE', ( #876 ), #2070, .F. ) ;
#3993 = EDGE_CURVE ( 'NONE', #5370, #5592, #3842, .T. ) ;
#3994 = SURFACE_STYLE_USAGE ( .BOTH. , #950 ) ;
#3995 = LINE ( 'NONE', #7625, #3461 ) ;
#3996 = LINE ( 'NONE', #2254, #6272 ) ;
#3997 = PRESENTATION_STYLE_ASSIGNMENT (( #1073 ) ) ;
#3998 = ORIENTED_EDGE ( 'NONE', *, *, #2475, .T. ) ;
#3999 = VERTEX_POINT ( 'NONE', #6790 ) ;
#4000 = FACE_OUTER_BOUND ( 'NONE', #6852, .T. ) ;
#4001 = ORIENTED_EDGE ( 'NONE', *, *, #6417, .F. ) ;
#4002 = CIRCLE ( 'NONE', #4626, 0.1999999999497958925 ) ;
#4003 = SURFACE_SIDE_STYLE ('',( #2229 ) ) ;
#4004 = CARTESIAN_POINT ( 'NONE',  ( 2.799999999999999822, 1.199999999999999956, -2.050000000000000266 ) ) ;
#4005 = PRESENTATION_LAYER_ASSIGNMENT (  '', '', ( #7375 ) ) ;
#4006 = CARTESIAN_POINT ( 'NONE',  ( -2.250504516109076203, 1.199999999999999956, -1.850000000000000089 ) ) ;
#4007 = PLANE ( 'NONE',  #5842 ) ;
#4008 = DIRECTION ( 'NONE',  ( -0.000000000000000000, 1.000000000000000000, -0.000000000000000000 ) ) ;
#4009 = FILL_AREA_STYLE_COLOUR ( '', #7540 ) ;
#4010 = VERTEX_POINT ( 'NONE', #1241 ) ;
#4011 = DIRECTION ( 'NONE',  ( 1.000000000000000000, -0.000000000000000000, 1.057758217059029840E-16 ) ) ;
#4012 = FILL_AREA_STYLE ('',( #6963 ) ) ;
#4013 = LINE ( 'NONE', #6463, #827 ) ;
#4014 = COLOUR_RGB ( '',0.000000000000000000, 0.000000000000000000, 1.000000000000000000 ) ;
#4015 =( GEOMETRIC_REPRESENTATION_CONTEXT ( 3 ) GLOBAL_UNCERTAINTY_ASSIGNED_CONTEXT ( ( #2289 ) ) GLOBAL_UNIT_ASSIGNED_CONTEXT ( ( #7066, #520, #6376 ) ) REPRESENTATION_CONTEXT ( 'NONE', 'WORKASPACE' ) );
#4016 = DIRECTION ( 'NONE',  ( 0.000000000000000000, 0.000000000000000000, 1.000000000000000000 ) ) ;
#4017 = ORIENTED_EDGE ( 'NONE', *, *, #4042, .T. ) ;
#4018 = DIRECTION ( 'NONE',  ( 0.000000000000000000, 0.000000000000000000, -1.000000000000000000 ) ) ;
#4019 = DIRECTION ( 'NONE',  ( 0.000000000000000000, 1.000000000000000000, 0.000000000000000000 ) ) ;
#4020 = UNCERTAINTY_MEASURE_WITH_UNIT (LENGTH_MEASURE( 1.000000000000000082E-05 ), #2597, 'distance_accuracy_value', 'NONE');
#4021 = VECTOR ( 'NONE', #5807, 1000.000000000000000 ) ;
#4022 = ORIENTED_EDGE ( 'NONE', *, *, #3990, .T. ) ;
#4023 =( GEOMETRIC_REPRESENTATION_CONTEXT ( 3 ) GLOBAL_UNCERTAINTY_ASSIGNED_CONTEXT ( ( #7542 ) ) GLOBAL_UNIT_ASSIGNED_CONTEXT ( ( #2611, #5058, #3305 ) ) REPRESENTATION_CONTEXT ( 'NONE', 'WORKASPACE' ) );
#4024 = PLANE ( 'NONE',  #3559 ) ;
#4025 = EDGE_LOOP ( 'NONE', ( #641, #6318, #6018, #4059 ) ) ;
#4026 = LINE ( 'NONE', #590, #5456 ) ;
#4027 =( GEOMETRIC_REPRESENTATION_CONTEXT ( 3 ) GLOBAL_UNCERTAINTY_ASSIGNED_CONTEXT ( ( #3082 ) ) GLOBAL_UNIT_ASSIGNED_CONTEXT ( ( #1271, #2370, #94 ) ) REPRESENTATION_CONTEXT ( 'NONE', 'WORKASPACE' ) );
#4028 = SURFACE_STYLE_FILL_AREA ( #2913 ) ;
#4029 = CARTESIAN_POINT ( 'NONE',  ( -1.701009032218152806, 1.399999999999999911, -2.049900000000000500 ) ) ;
#4030 = AXIS2_PLACEMENT_3D ( 'NONE', #484, #3378, #6870 ) ;
#4031 = SURFACE_STYLE_FILL_AREA ( #2804 ) ;
#4032 = CARTESIAN_POINT ( 'NONE',  ( 0.2500000000000000000, 0.8000000000000000444, 2.449999999999999734 ) ) ;
#4033 =( GEOMETRIC_REPRESENTATION_CONTEXT ( 3 ) GLOBAL_UNCERTAINTY_ASSIGNED_CONTEXT ( ( #4644 ) ) GLOBAL_UNIT_ASSIGNED_CONTEXT ( ( #3269, #6062, #4915 ) ) REPRESENTATION_CONTEXT ( 'NONE', 'WORKASPACE' ) );
#4034 = CARTESIAN_POINT ( 'NONE',  ( 3.350000000000000533, 0.2598999999998395927, 0.5000002888567938175 ) ) ;
#4035 = EDGE_CURVE ( 'NONE', #7539, #456, #1510, .T. ) ;
#4036 = EDGE_CURVE ( 'NONE', #2973, #1434, #4299, .T. ) ;
#4037 = DIRECTION ( 'NONE',  ( -0.3713906763541045541, 0.9284766908852589706, 0.000000000000000000 ) ) ;
#4038 = DIRECTION ( 'NONE',  ( 0.000000000000000000, 0.9999999999997843947, 6.564934470904793526E-07 ) ) ;
#4039 = ORIENTED_EDGE ( 'NONE', *, *, #2384, .T. ) ;
#4040 = AXIS2_PLACEMENT_3D ( 'NONE', #7082, #654, #7641 ) ;
#4041 = ADVANCED_FACE ( 'NONE', ( #4165 ), #2415, .T. ) ;
#4042 = EDGE_CURVE ( 'NONE', #1419, #3637, #2178, .T. ) ;
#4043 = ORIENTED_EDGE ( 'NONE', *, *, #4220, .F. ) ;
#4044 = LINE ( 'NONE', #2341, #4887 ) ;
#4045 = AXIS2_PLACEMENT_3D ( 'NONE', #2705, #2743, #6235 ) ;
#4046 = CARTESIAN_POINT ( 'NONE',  ( 2.050000000000000266, 0.1499999999999999944, 2.949999999999999734 ) ) ;
#4047 =( LENGTH_UNIT ( ) NAMED_UNIT ( * ) SI_UNIT ( .MILLI., .METRE. ) );
#4048 = PLANE ( 'NONE',  #3121 ) ;
#4049 = CARTESIAN_POINT ( 'NONE',  ( 0.2500000000000000000, 1.199999999999999956, 2.449999999999999734 ) ) ;
#4050 = DIRECTION ( 'NONE',  ( -0.000000000000000000, 1.000000000000000000, -0.000000000000000000 ) ) ;
#4051 = ORIENTED_EDGE ( 'NONE', *, *, #6027, .F. ) ;
#4052 = PRESENTATION_STYLE_ASSIGNMENT (( #4754 ) ) ;
#4053 = SURFACE_STYLE_USAGE ( .BOTH. , #7125 ) ;
#4054 = ORIENTED_EDGE ( 'NONE', *, *, #3046, .T. ) ;
#4055 = VECTOR ( 'NONE', #1503, 1000.000000000000000 ) ;
#4056 = LINE ( 'NONE', #3435, #2462 ) ;
#4057 = FILL_AREA_STYLE_COLOUR ( '', #2836 ) ;
#4058 = VERTEX_POINT ( 'NONE', #5241 ) ;
#4059 = ORIENTED_EDGE ( 'NONE', *, *, #2528, .T. ) ;
#4060 = CARTESIAN_POINT ( 'NONE',  ( -3.149999999999999911, -0.4999999999881765689, -2.050000000000000266 ) ) ;
#4061 =( NAMED_UNIT ( * ) SI_UNIT ( $, .STERADIAN. ) SOLID_ANGLE_UNIT ( ) );
#4062 = CARTESIAN_POINT ( 'NONE',  ( -1.701009032218152583, 1.199999999999999956, 1.750000000000000222 ) ) ;
#4063 = AXIS2_PLACEMENT_3D ( 'NONE', #3052, #3124, #2596 ) ;
#4064 = SURFACE_SIDE_STYLE ('',( #1027 ) ) ;
#4065 = DIRECTION ( 'NONE',  ( -1.000000000000000000, 0.000000000000000000, -4.818676322157800333E-16 ) ) ;
#4066 = VECTOR ( 'NONE', #5056, 1000.000000000000000 ) ;
#4067 = FILL_AREA_STYLE ('',( #7626 ) ) ;
#4068 = FILL_AREA_STYLE_COLOUR ( '', #4397 ) ;
#4069 = ORIENTED_EDGE ( 'NONE', *, *, #299, .F. ) ;
#4070 = VECTOR ( 'NONE', #934, 1000.000000000000000 ) ;
#4071 = ADVANCED_FACE ( 'NONE', ( #3989 ), #3923, .F. ) ;
#4072 = VERTEX_POINT ( 'NONE', #4496 ) ;
#4073 = DIRECTION ( 'NONE',  ( 0.000000000000000000, 0.000000000000000000, -1.000000000000000000 ) ) ;
#4074 = SURFACE_SIDE_STYLE ('',( #610 ) ) ;
#4075 = EDGE_CURVE ( 'NONE', #6673, #3576, #5745, .T. ) ;
#4076 = FILL_AREA_STYLE_COLOUR ( '', #5343 ) ;
#4077 = EDGE_CURVE ( 'NONE', #7683, #5725, #4540, .T. ) ;
#4078 = SURFACE_STYLE_FILL_AREA ( #6456 ) ;
#4079 = DIRECTION ( 'NONE',  ( -1.000000000000000000, -0.000000000000000000, -2.168404344971010594E-16 ) ) ;
#4080 = STYLED_ITEM ( 'NONE', ( #6661 ), #4517 ) ;
#4081 = CYLINDRICAL_SURFACE ( 'NONE', #7153, 0.4000000000000000222 ) ;
#4082 = ORIENTED_EDGE ( 'NONE', *, *, #5194, .T. ) ;
#4083 = DIRECTION ( 'NONE',  ( -0.000000000000000000, -1.000000000000000000, -0.000000000000000000 ) ) ;
#4084 = DIRECTION ( 'NONE',  ( 0.000000000000000000, 0.000000000000000000, -1.000000000000000000 ) ) ;
#4085 = SURFACE_SIDE_STYLE ('',( #7045 ) ) ;
#4086 = CARTESIAN_POINT ( 'NONE',  ( 0.5500000000000001554, 0.1499999999999999667, -2.050000000000000266 ) ) ;
#4087 = EDGE_CURVE ( 'NONE', #1243, #6345, #3441, .T. ) ;
#4088 = COLOUR_RGB ( '',0.7960784313725489669, 0.8235294117647058432, 0.9372549019607843146 ) ;
#4089 = CARTESIAN_POINT ( 'NONE',  ( 3.350000000000000533, 0.6998999999998395394, 0.5000002888567937065 ) ) ;
#4090 = DIRECTION ( 'NONE',  ( 0.000000000000000000, 0.000000000000000000, -1.000000000000000000 ) ) ;
#4091 = VERTEX_POINT ( 'NONE', #4029 ) ;
#4092 = SURFACE_STYLE_USAGE ( .BOTH. , #6500 ) ;
#4093 = SURFACE_STYLE_USAGE ( .BOTH. , #7166 ) ;
#4094 = UNCERTAINTY_MEASURE_WITH_UNIT (LENGTH_MEASURE( 1.000000000000000082E-05 ), #7297, 'distance_accuracy_value', 'NONE');
#4095 = EDGE_LOOP ( 'NONE', ( #4454, #75, #2002, #4624 ) ) ;
#4096 = LINE ( 'NONE', #5168, #6912 ) ;
#4097 = ORIENTED_EDGE ( 'NONE', *, *, #7173, .F. ) ;
#4098 = LINE ( 'NONE', #5919, #4442 ) ;
#4099 = CARTESIAN_POINT ( 'NONE',  ( 0.9499999999999999556, 0.1499999999999999667, -2.050000000000000266 ) ) ;
#4100 = VECTOR ( 'NONE', #6283, 1000.000000000000000 ) ;
#4101 = SURFACE_STYLE_USAGE ( .BOTH. , #596 ) ;
#4102 = DIRECTION ( 'NONE',  ( -1.000000000000000000, -0.000000000000000000, 1.057758217059029964E-16 ) ) ;
#4103 = DIRECTION ( 'NONE',  ( 0.000000000000000000, 0.000000000000000000, 1.000000000000000000 ) ) ;
#4104 = VECTOR ( 'NONE', #927, 1000.000000000000000 ) ;
#4105 = SHAPE_DEFINITION_REPRESENTATION ( #5377, #603 ) ;
#4106 = CARTESIAN_POINT ( 'NONE',  ( 2.000000000000000000, 0.1498999999999999777, 0.8500000000000001998 ) ) ;
#4107 =( NAMED_UNIT ( * ) SI_UNIT ( $, .STERADIAN. ) SOLID_ANGLE_UNIT ( ) );
#4108 =( NAMED_UNIT ( * ) SI_UNIT ( $, .STERADIAN. ) SOLID_ANGLE_UNIT ( ) );
#4109 = VERTEX_POINT ( 'NONE', #6406 ) ;
#4110 = DIRECTION ( 'NONE',  ( 1.000000000000000000, -0.000000000000000000, 0.000000000000000000 ) ) ;
#4111 = EDGE_LOOP ( 'NONE', ( #2624, #2985, #886, #1232 ) ) ;
#4112 = CARTESIAN_POINT ( 'NONE',  ( 0.5500000000000000444, 0.1499999999999999944, -2.949999999999999734 ) ) ;
#4113 = CARTESIAN_POINT ( 'NONE',  ( 2.449999999999999734, 0.000000000000000000, 2.949999999999999734 ) ) ;
#4114 = DIRECTION ( 'NONE',  ( -0.000000000000000000, -1.000000000000000000, -0.000000000000000000 ) ) ;
#4115 = LINE ( 'NONE', #1703, #667 ) ;
#4116 = FACE_OUTER_BOUND ( 'NONE', #2277, .T. ) ;
#4117 = PRESENTATION_STYLE_ASSIGNMENT (( #51 ) ) ;
#4118 = EDGE_LOOP ( 'NONE', ( #1927, #5652, #4262, #4762, #1357, #3201 ) ) ;
#4119 = EDGE_CURVE ( 'NONE', #6130, #4933, #3300, .T. ) ;
#4120 = DIRECTION ( 'NONE',  ( 1.000000000000000000, -0.000000000000000000, -0.000000000000000000 ) ) ;
#4121 = EDGE_LOOP ( 'NONE', ( #6610, #1240, #5805, #5436 ) ) ;
#4122 = MECHANICAL_DESIGN_GEOMETRIC_PRESENTATION_REPRESENTATION (  '', ( #7375 ), #4506 ) ;
#4123 = FILL_AREA_STYLE ('',( #7008 ) ) ;
#4124 = CARTESIAN_POINT ( 'NONE',  ( -3.349900000000001210, 0.6999999999999999556, 2.050000000000000266 ) ) ;
#4125 = EDGE_CURVE ( 'NONE', #2594, #5979, #6861, .T. ) ;
#4126 = VERTEX_POINT ( 'NONE', #3336 ) ;
#4127 = COLOUR_RGB ( '',1.000000000000000000, 0.5019607843137254832, 0.000000000000000000 ) ;
#4128 = MECHANICAL_DESIGN_GEOMETRIC_PRESENTATION_REPRESENTATION (  '', ( #1681 ), #4015 ) ;
#4129 =( NAMED_UNIT ( * ) SI_UNIT ( $, .STERADIAN. ) SOLID_ANGLE_UNIT ( ) );
#4130 = FILL_AREA_STYLE_COLOUR ( '', #6413 ) ;
#4131 = EDGE_CURVE ( 'NONE', #3471, #1886, #5711, .T. ) ;
#4132 = EDGE_CURVE ( 'NONE', #5690, #3892, #519, .T. ) ;
#4133 = CARTESIAN_POINT ( 'NONE',  ( -2.250504516109076203, 1.399999999999999911, 1.849999999999999867 ) ) ;
#4134 = VECTOR ( 'NONE', #3914, 1000.000000000000000 ) ;
#4135 = MECHANICAL_DESIGN_GEOMETRIC_PRESENTATION_REPRESENTATION (  '', ( #561 ), #4764 ) ;
#4136 = CARTESIAN_POINT ( 'NONE',  ( -3.149999999999999911, 0.2598999999998395927, 0.5000002888567938175 ) ) ;
#4137 = VERTEX_POINT ( 'NONE', #1753 ) ;
#4138 = CARTESIAN_POINT ( 'NONE',  ( 0.09999999999999809042, 2.899999999999999911, 1.750000000000000000 ) ) ;
#4139 = VECTOR ( 'NONE', #2941, 1000.000000000000000 ) ;
#4140 = STYLED_ITEM ( 'NONE', ( #6206 ), #200 ) ;
#4141 =( NAMED_UNIT ( * ) SI_UNIT ( $, .STERADIAN. ) SOLID_ANGLE_UNIT ( ) );
#4142 = CARTESIAN_POINT ( 'NONE',  ( -3.349900000000001210, 0.7000000000000000666, -2.050000000000000266 ) ) ;
#4143 = CARTESIAN_POINT ( 'NONE',  ( -3.149999999999999911, 1.399999999999999911, 1.500000000000000000 ) ) ;
#4144 = CARTESIAN_POINT ( 'NONE',  ( 2.049999999999999822, 0.000000000000000000, -2.949999999999999734 ) ) ;
#4145 = LINE ( 'NONE', #3631, #512 ) ;
#4146 = VECTOR ( 'NONE', #889, 1000.000000000000000 ) ;
#4147 = CARTESIAN_POINT ( 'NONE',  ( 0.5500000000000001554, 0.1499999999999999944, -2.050000000000000266 ) ) ;
#4148 = VECTOR ( 'NONE', #729, 1000.000000000000000 ) ;
#4149 = ORIENTED_EDGE ( 'NONE', *, *, #5144, .F. ) ;
#4150 =( NAMED_UNIT ( * ) SI_UNIT ( $, .STERADIAN. ) SOLID_ANGLE_UNIT ( ) );
#4151 = MECHANICAL_DESIGN_GEOMETRIC_PRESENTATION_REPRESENTATION (  '', ( #2924 ), #7264 ) ;
#4152 = EDGE_LOOP ( 'NONE', ( #5072, #125, #5050, #375 ) ) ;
#4153 = ORIENTED_EDGE ( 'NONE', *, *, #5663, .F. ) ;
#4154 = FILL_AREA_STYLE_COLOUR ( '', #1447 ) ;
#4155 = SURFACE_STYLE_USAGE ( .BOTH. , #687 ) ;
#4156 = DIRECTION ( 'NONE',  ( 1.000000000000000000, 0.000000000000000000, 0.000000000000000000 ) ) ;
#4157 = FACE_OUTER_BOUND ( 'NONE', #3021, .T. ) ;
#4158 = DIRECTION ( 'NONE',  ( 1.000000000000000000, -0.000000000000000000, 1.057758217059029964E-16 ) ) ;
#4159 = ORIENTED_EDGE ( 'NONE', *, *, #1615, .F. ) ;
#4160 = VECTOR ( 'NONE', #6741, 1000.000000000000000 ) ;
#4161 = LINE ( 'NONE', #5355, #6107 ) ;
#4162 = SURFACE_SIDE_STYLE ('',( #572 ) ) ;
#4163 = EDGE_LOOP ( 'NONE', ( #5996, #2376, #3159, #3661 ) ) ;
#4164 = PRESENTATION_LAYER_ASSIGNMENT (  '', '', ( #7281 ) ) ;
#4165 = FACE_OUTER_BOUND ( 'NONE', #1558, .T. ) ;
#4166 = SURFACE_STYLE_USAGE ( .BOTH. , #4085 ) ;
#4167 = PRESENTATION_STYLE_ASSIGNMENT (( #4713 ) ) ;
#4168 = ORIENTED_EDGE ( 'NONE', *, *, #4327, .F. ) ;
#4169 = FACE_OUTER_BOUND ( 'NONE', #2153, .T. ) ;
#4170 = CARTESIAN_POINT ( 'NONE',  ( 3.350000000000000089, 1.399999999999999911, -1.500000000000000000 ) ) ;
#4171 = ORIENTED_EDGE ( 'NONE', *, *, #5276, .F. ) ;
#4172 = VECTOR ( 'NONE', #6688, 1000.000000000000000 ) ;
#4173 = CARTESIAN_POINT ( 'NONE',  ( -2.449999999999999734, 0.1499999999999999667, -2.050000000000000266 ) ) ;
#4174 = CYLINDRICAL_SURFACE ( 'NONE', #7550, 0.4000000000000000222 ) ;
#4175 = UNCERTAINTY_MEASURE_WITH_UNIT (LENGTH_MEASURE( 1.000000000000000082E-05 ), #1825, 'distance_accuracy_value', 'NONE');
#4176 = CARTESIAN_POINT ( 'NONE',  ( 0.9999999999999995559, 0.1498999999999999777, -0.7499999999999978906 ) ) ;
#4177 = EDGE_CURVE ( 'NONE', #4933, #5682, #3626, .T. ) ;
#4178 =( GEOMETRIC_REPRESENTATION_CONTEXT ( 3 ) GLOBAL_UNCERTAINTY_ASSIGNED_CONTEXT ( ( #5789 ) ) GLOBAL_UNIT_ASSIGNED_CONTEXT ( ( #4187, #5466, #1296 ) ) REPRESENTATION_CONTEXT ( 'NONE', 'WORKASPACE' ) );
#4179 = EDGE_CURVE ( 'NONE', #4993, #3959, #4825, .T. ) ;
#4180 = ADVANCED_FACE ( 'NONE', ( #632 ), #6000, .T. ) ;
#4181 = DIRECTION ( 'NONE',  ( -0.000000000000000000, 1.000000000000000000, 0.000000000000000000 ) ) ;
#4182 = CARTESIAN_POINT ( 'NONE',  ( 0.2499999999999999445, 0.8000000000000000444, 2.449999999999999734 ) ) ;
#4183 = COLOUR_RGB ( '',0.000000000000000000, 0.000000000000000000, 1.000000000000000000 ) ;
#4184 = SURFACE_STYLE_FILL_AREA ( #3674 ) ;
#4185 = ADVANCED_FACE ( 'NONE', ( #1221 ), #4652, .F. ) ;
#4186 =( NAMED_UNIT ( * ) PLANE_ANGLE_UNIT ( ) SI_UNIT ( $, .RADIAN. ) );
#4187 =( LENGTH_UNIT ( ) NAMED_UNIT ( * ) SI_UNIT ( .MILLI., .METRE. ) );
#4188 = CARTESIAN_POINT ( 'NONE',  ( 1.999999999999999556, -0.0001000000000000000048, 0.3500000000000000333 ) ) ;
#4189 = MECHANICAL_DESIGN_GEOMETRIC_PRESENTATION_REPRESENTATION (  '', ( #5200 ), #369 ) ;
#4190 = SURFACE_SIDE_STYLE ('',( #1145 ) ) ;
#4191 = VERTEX_POINT ( 'NONE', #4062 ) ;
#4192 = ORIENTED_EDGE ( 'NONE', *, *, #2727, .F. ) ;
#4193 = STYLED_ITEM ( 'NONE', ( #5774 ), #3949 ) ;
#4194 = CARTESIAN_POINT ( 'NONE',  ( 0.5500000000000001554, 0.000000000000000000, 2.050000000000000266 ) ) ;
#4195 = CARTESIAN_POINT ( 'NONE',  ( 2.000000000000000444, 0.1498999999999999777, -0.7499999999999978906 ) ) ;
#4196 = LINE ( 'NONE', #2407, #4790 ) ;
#4197 = DIRECTION ( 'NONE',  ( 0.000000000000000000, -1.000000000000000000, 0.000000000000000000 ) ) ;
#4198 = ORIENTED_EDGE ( 'NONE', *, *, #1255, .F. ) ;
#4199 = LINE ( 'NONE', #5357, #6291 ) ;
#4200 = ORIENTED_EDGE ( 'NONE', *, *, #2670, .T. ) ;
#4201 =( LENGTH_UNIT ( ) NAMED_UNIT ( * ) SI_UNIT ( .MILLI., .METRE. ) );
#4202 = ORIENTED_EDGE ( 'NONE', *, *, #5280, .T. ) ;
#4203 = CARTESIAN_POINT ( 'NONE',  ( 0.9499999999999998446, 0.000000000000000000, -2.050000000000000266 ) ) ;
#4204 = DIRECTION ( 'NONE',  ( 4.818676322157800333E-16, 0.000000000000000000, -1.000000000000000000 ) ) ;
#4205 = ORIENTED_EDGE ( 'NONE', *, *, #1465, .F. ) ;
#4206 = CARTESIAN_POINT ( 'NONE',  ( 3.349900000000001210, 0.9000000000000000222, 2.050000000000000266 ) ) ;
#4207 = DIRECTION ( 'NONE',  ( 0.000000000000000000, 0.000000000000000000, 1.000000000000000000 ) ) ;
#4208 = PLANE ( 'NONE',  #3837 ) ;
#4209 = STYLED_ITEM ( 'NONE', ( #5136 ), #4566 ) ;
#4210 = LINE ( 'NONE', #5453, #1462 ) ;
#4211 = DIRECTION ( 'NONE',  ( 0.000000000000000000, -6.564934471693304967E-07, 0.9999999999997846167 ) ) ;
#4212 = VERTEX_POINT ( 'NONE', #6586 ) ;
#4213 = SURFACE_STYLE_FILL_AREA ( #5997 ) ;
#4214 = FACE_OUTER_BOUND ( 'NONE', #6167, .T. ) ;
#4215 = PRODUCT_DEFINITION ( 'UNKNOWN', '', #1782, #432 ) ;
#4216 = DIRECTION ( 'NONE',  ( 0.000000000000000000, -1.000000000000000000, 0.000000000000000000 ) ) ;
#4217 = FILL_AREA_STYLE_COLOUR ( '', #7419 ) ;
#4218 = FACE_OUTER_BOUND ( 'NONE', #6937, .T. ) ;
#4219 = FILL_AREA_STYLE_COLOUR ( '', #7531 ) ;
#4220 = EDGE_CURVE ( 'NONE', #5622, #5966, #7021, .T. ) ;
#4221 = EDGE_LOOP ( 'NONE', ( #3223, #1277, #3036, #4474 ) ) ;
#4222 = EDGE_CURVE ( 'NONE', #4876, #7616, #6442, .T. ) ;
#4223 = EDGE_CURVE ( 'NONE', #1243, #388, #382, .T. ) ;
#4224 = ORIENTED_EDGE ( 'NONE', *, *, #6465, .T. ) ;
#4225 = VECTOR ( 'NONE', #178, 1000.000000000000114 ) ;
#4226 = DIRECTION ( 'NONE',  ( -1.000000000000000000, 0.000000000000000000, 4.818676322157800333E-16 ) ) ;
#4227 = FACE_OUTER_BOUND ( 'NONE', #7095, .T. ) ;
#4228 = FACE_OUTER_BOUND ( 'NONE', #7547, .T. ) ;
#4229 = CARTESIAN_POINT ( 'NONE',  ( 1.451009032218151917, 0.8000000000000000444, 1.750000000000000000 ) ) ;
#4230 = DIRECTION ( 'NONE',  ( 4.818676322157800333E-16, 0.000000000000000000, -1.000000000000000000 ) ) ;
#4231 = EDGE_LOOP ( 'NONE', ( #2820, #3111, #3922, #3913 ) ) ;
#4232 = FACE_OUTER_BOUND ( 'NONE', #6268, .T. ) ;
#4233 = ORIENTED_EDGE ( 'NONE', *, *, #5841, .F. ) ;
#4234 =( GEOMETRIC_REPRESENTATION_CONTEXT ( 3 ) GLOBAL_UNCERTAINTY_ASSIGNED_CONTEXT ( ( #1133 ) ) GLOBAL_UNIT_ASSIGNED_CONTEXT ( ( #1808, #2343, #2409 ) ) REPRESENTATION_CONTEXT ( 'NONE', 'WORKASPACE' ) );
#4235 = LINE ( 'NONE', #4917, #3287 ) ;
#4236 = EDGE_LOOP ( 'NONE', ( #2772, #7195, #958, #2756 ) ) ;
#4237 = LINE ( 'NONE', #7200, #5363 ) ;
#4238 = DIRECTION ( 'NONE',  ( 1.000000000000000000, -0.000000000000000000, 1.057758217059029964E-16 ) ) ;
#4239 = AXIS2_PLACEMENT_3D ( 'NONE', #4347, #6717, #2577 ) ;
#4240 = COLOUR_RGB ( '',0.7960784313725489669, 0.8235294117647058432, 0.9372549019607843146 ) ;
#4241 = ORIENTED_EDGE ( 'NONE', *, *, #6028, .T. ) ;
#4242 = FACE_OUTER_BOUND ( 'NONE', #4557, .T. ) ;
#4243 = LINE ( 'NONE', #67, #5692 ) ;
#4244 = AXIS2_PLACEMENT_3D ( 'NONE', #7310, #6056, #4909 ) ;
#4245 =( NAMED_UNIT ( * ) SI_UNIT ( $, .STERADIAN. ) SOLID_ANGLE_UNIT ( ) );
#4246 =( GEOMETRIC_REPRESENTATION_CONTEXT ( 3 ) GLOBAL_UNCERTAINTY_ASSIGNED_CONTEXT ( ( #3470 ) ) GLOBAL_UNIT_ASSIGNED_CONTEXT ( ( #6605, #4744, #5399 ) ) REPRESENTATION_CONTEXT ( 'NONE', 'WORKASPACE' ) );
#4247 = AXIS2_PLACEMENT_3D ( 'NONE', #6385, #1116, #4667 ) ;
#4248 = VECTOR ( 'NONE', #7096, 1000.000000000000000 ) ;
#4249 = ORIENTED_EDGE ( 'NONE', *, *, #3993, .F. ) ;
#4250 = CARTESIAN_POINT ( 'NONE',  ( 3.349999999999999645, 0.6500000000000000222, -2.049989999999999757 ) ) ;
#4251 = DIRECTION ( 'NONE',  ( -0.000000000000000000, -0.000000000000000000, 1.000000000000000000 ) ) ;
#4252 =( GEOMETRIC_REPRESENTATION_CONTEXT ( 3 ) GLOBAL_UNCERTAINTY_ASSIGNED_CONTEXT ( ( #6630 ) ) GLOBAL_UNIT_ASSIGNED_CONTEXT ( ( #3146, #5970, #5474 ) ) REPRESENTATION_CONTEXT ( 'NONE', 'WORKASPACE' ) );
#4253 = STYLED_ITEM ( 'NONE', ( #6990 ), #5517 ) ;
#4254 = PRESENTATION_LAYER_ASSIGNMENT (  '', '', ( #4636 ) ) ;
#4255 = CARTESIAN_POINT ( 'NONE',  ( -3.350000000000000089, 0.000000000000000000, 2.050000000000000266 ) ) ;
#4256 = PRESENTATION_STYLE_ASSIGNMENT (( #6132 ) ) ;
#4257 = COLOUR_RGB ( '',0.000000000000000000, 0.000000000000000000, 1.000000000000000000 ) ;
#4259 = AXIS2_PLACEMENT_3D ( 'NONE', #7205, #6727, #4207 ) ;
#4258 = AXIS2_PLACEMENT_3D ( 'NONE', #4297, #3713, #4937 ) ;
#4260 = FACE_OUTER_BOUND ( 'NONE', #2583, .T. ) ;
#4261 = VERTEX_POINT ( 'NONE', #7140 ) ;
#4262 = ORIENTED_EDGE ( 'NONE', *, *, #6380, .F. ) ;
#4263 = EDGE_CURVE ( 'NONE', #6110, #6117, #1175, .T. ) ;
#4264 = ADVANCED_FACE ( 'NONE', ( #592 ), #672, .F. ) ;
#4265 = LINE ( 'NONE', #6096, #5510 ) ;
#4266 = VECTOR ( 'NONE', #6907, 1000.000000000000000 ) ;
#4267 = CARTESIAN_POINT ( 'NONE',  ( 1.701009032218152806, 1.199999999999999956, -2.049900000000000500 ) ) ;
#4268 = FILL_AREA_STYLE_COLOUR ( '', #2163 ) ;
#4269 = CARTESIAN_POINT ( 'NONE',  ( 3.149999999999999467, 0.6999999999999999556, -2.049989999999999757 ) ) ;
#4270 = ORIENTED_EDGE ( 'NONE', *, *, #4810, .T. ) ;
#4271 = ADVANCED_FACE ( 'NONE', ( #3741 ), #6737, .F. ) ;
#4272 = FILL_AREA_STYLE ('',( #2042 ) ) ;
#4273 = EDGE_LOOP ( 'NONE', ( #3601, #7035, #4171, #3083, #2740 ) ) ;
#4274 = EDGE_CURVE ( 'NONE', #1123, #5322, #1376, .T. ) ;
#4275 = CARTESIAN_POINT ( 'NONE',  ( 0.5500000000000001554, 1.399999999999999911, -2.050000000000000266 ) ) ;
#4276 = LINE ( 'NONE', #214, #2293 ) ;
#4277 = ORIENTED_EDGE ( 'NONE', *, *, #1688, .T. ) ;
#4278 = CARTESIAN_POINT ( 'NONE',  ( 0.5000000000000000000, 0.1498999999999999777, -1.249999999999997780 ) ) ;
#4279 = ORIENTED_EDGE ( 'NONE', *, *, #7620, .F. ) ;
#4280 = DIRECTION ( 'NONE',  ( -1.000000000000000000, -0.000000000000000000, 0.000000000000000000 ) ) ;
#4281 = MECHANICAL_DESIGN_GEOMETRIC_PRESENTATION_REPRESENTATION (  '', ( #3171 ), #6399 ) ;
#4282 = FACE_OUTER_BOUND ( 'NONE', #7210, .T. ) ;
#4283 = STYLED_ITEM ( 'NONE', ( #3997 ), #3240 ) ;
#4284 = ORIENTED_EDGE ( 'NONE', *, *, #1258, .T. ) ;
#4285 = SURFACE_STYLE_FILL_AREA ( #301 ) ;
#4286 = ORIENTED_EDGE ( 'NONE', *, *, #1826, .F. ) ;
#4287 =( GEOMETRIC_REPRESENTATION_CONTEXT ( 3 ) GLOBAL_UNCERTAINTY_ASSIGNED_CONTEXT ( ( #4714 ) ) GLOBAL_UNIT_ASSIGNED_CONTEXT ( ( #2034, #2138, #6299 ) ) REPRESENTATION_CONTEXT ( 'NONE', 'WORKASPACE' ) );
#4288 = CARTESIAN_POINT ( 'NONE',  ( -1.701009032218152583, 1.199999999999999956, 2.050000000000000266 ) ) ;
#4289 = VERTEX_POINT ( 'NONE', #6170 ) ;
#4290 =( NAMED_UNIT ( * ) SI_UNIT ( $, .STERADIAN. ) SOLID_ANGLE_UNIT ( ) );
#4292 = VERTEX_POINT ( 'NONE', #3213 ) ;
#4291 = VECTOR ( 'NONE', #5584, 1000.000000000000000 ) ;
#4293 =( NAMED_UNIT ( * ) PLANE_ANGLE_UNIT ( ) SI_UNIT ( $, .RADIAN. ) );
#4294 = SURFACE_SIDE_STYLE ('',( #2561 ) ) ;
#4295 = DIRECTION ( 'NONE',  ( 0.000000000000000000, 1.000000000000000000, 0.000000000000000000 ) ) ;
#4296 = DIRECTION ( 'NONE',  ( 1.000000000000000000, 0.000000000000000000, -0.000000000000000000 ) ) ;
#4297 = CARTESIAN_POINT ( 'NONE',  ( 1.701009032218152806, 1.199999999999999956, -2.049900000000000500 ) ) ;
#4298 = ORIENTED_EDGE ( 'NONE', *, *, #3188, .T. ) ;
#4299 = LINE ( 'NONE', #7428, #5696 ) ;
#4300 = STYLED_ITEM ( 'NONE', ( #1716 ), #4855 ) ;
#4301 = VERTEX_POINT ( 'NONE', #118 ) ;
#4302 = DIRECTION ( 'NONE',  ( 0.000000000000000000, 0.7071067810860616198, 0.7071067812870334146 ) ) ;
#4303 = PRESENTATION_LAYER_ASSIGNMENT (  '', '', ( #6791 ) ) ;
#4304 = CARTESIAN_POINT ( 'NONE',  ( -3.350000000000000533, 0.2599003282466580411, -0.5000000000002154943 ) ) ;
#4305 = FACE_OUTER_BOUND ( 'NONE', #4715, .T. ) ;
#4306 = SURFACE_SIDE_STYLE ('',( #6060 ) ) ;
#4307 = DIRECTION ( 'NONE',  ( 0.000000000000000000, -1.000000000000000000, 0.000000000000000000 ) ) ;
#4308 = EDGE_LOOP ( 'NONE', ( #3841, #137, #1566, #2659 ) ) ;
#4309 = SURFACE_STYLE_USAGE ( .BOTH. , #4953 ) ;
#4310 = CARTESIAN_POINT ( 'NONE',  ( 1.000000000000000000, -0.0001000000000000000048, 0.3500000000000002554 ) ) ;
#4311 = COLOUR_RGB ( '',0.7960784313725489669, 0.8235294117647058432, 0.9372549019607843146 ) ;
#4312 = UNCERTAINTY_MEASURE_WITH_UNIT (LENGTH_MEASURE( 1.000000000000000082E-05 ), #6035, 'distance_accuracy_value', 'NONE');
#4313 = ORIENTED_EDGE ( 'NONE', *, *, #4653, .T. ) ;
#4314 = DIRECTION ( 'NONE',  ( 0.000000000000000000, 0.9999999999997846167, 6.564934470904793526E-07 ) ) ;
#4315 = ADVANCED_FACE ( 'NONE', ( #1499 ), #7213, .T. ) ;
#4316 = EDGE_CURVE ( 'NONE', #3426, #5192, #2840, .T. ) ;
#4317 = VERTEX_POINT ( 'NONE', #5621 ) ;
#4318 = DIRECTION ( 'NONE',  ( 0.000000000000000000, -1.000000000000000000, 0.000000000000000000 ) ) ;
#4319 = FILL_AREA_STYLE ('',( #6654 ) ) ;
#4320 = DIRECTION ( 'NONE',  ( 0.000000000000000000, 1.000000000000000000, -0.000000000000000000 ) ) ;
#4321 = LINE ( 'NONE', #2592, #2777 ) ;
#4322 = PRESENTATION_LAYER_ASSIGNMENT (  '', '', ( #5929 ) ) ;
#4323 = ORIENTED_EDGE ( 'NONE', *, *, #7128, .T. ) ;
#4324 = CARTESIAN_POINT ( 'NONE',  ( 0.9499999999999998446, 0.000000000000000000, 2.050000000000000266 ) ) ;
#4325 = VERTEX_POINT ( 'NONE', #6935 ) ;
#4326 =( LENGTH_UNIT ( ) NAMED_UNIT ( * ) SI_UNIT ( .MILLI., .METRE. ) );
#4327 = EDGE_CURVE ( 'NONE', #331, #7539, #2713, .T. ) ;
#4328 = VERTEX_POINT ( 'NONE', #6320 ) ;
#4329 = VECTOR ( 'NONE', #1137, 1000.000000000000000 ) ;
#4330 = DIRECTION ( 'NONE',  ( -1.000000000000000000, 0.000000000000000000, 0.000000000000000000 ) ) ;
#4331 = EDGE_CURVE ( 'NONE', #1683, #5094, #5082, .T. ) ;
#4332 = ORIENTED_EDGE ( 'NONE', *, *, #7027, .F. ) ;
#4333 = PRESENTATION_LAYER_ASSIGNMENT (  '', '', ( #386 ) ) ;
#4334 = DIRECTION ( 'NONE',  ( 1.000000000000000000, -0.000000000000000000, -0.000000000000000000 ) ) ;
#4335 = CARTESIAN_POINT ( 'NONE',  ( -1.999999999999999112, 0.1498999999999999777, -0.7499999999999978906 ) ) ;
#4336 = ORIENTED_EDGE ( 'NONE', *, *, #5836, .T. ) ;
#4337 = DIRECTION ( 'NONE',  ( -1.000000000000000000, 0.000000000000000000, 0.000000000000000000 ) ) ;
#4338 = DIRECTION ( 'NONE',  ( -0.000000000000000000, 1.000000000000000000, 0.000000000000000000 ) ) ;
#4339 = CARTESIAN_POINT ( 'NONE',  ( -3.350000000000000089, 0.000000000000000000, 2.050000000000000266 ) ) ;
#4340 = ORIENTED_EDGE ( 'NONE', *, *, #1735, .T. ) ;
#4341 = STYLED_ITEM ( 'NONE', ( #4578 ), #2674 ) ;
#4342 = DIRECTION ( 'NONE',  ( 0.000000000000000000, -0.000000000000000000, -1.000000000000000000 ) ) ;
#4343 = CARTESIAN_POINT ( 'NONE',  ( 1.000000000000000000, 0.1498999999999999777, 0.8500000000000001998 ) ) ;
#4344 = CARTESIAN_POINT ( 'NONE',  ( -3.149999999999997247, 1.400000000000005684, 1.500001000000000140 ) ) ;
#4345 = CARTESIAN_POINT ( 'NONE',  ( 3.033333333333333659, 1.399999999999999911, -1.500000000000000000 ) ) ;
#4346 = DIRECTION ( 'NONE',  ( 0.3420201433256692125, 0.000000000000000000, 0.9396926207859083169 ) ) ;
#4347 = CARTESIAN_POINT ( 'NONE',  ( 3.349899999999999434, 0.000000000000000000, -2.641504972683513029E-15 ) ) ;
#4348 = CYLINDRICAL_SURFACE ( 'NONE', #5140, 0.4000000000000000222 ) ;
#4349 = LINE ( 'NONE', #4269, #7259 ) ;
#4350 = ORIENTED_EDGE ( 'NONE', *, *, #1835, .T. ) ;
#4351 = ORIENTED_EDGE ( 'NONE', *, *, #7034, .T. ) ;
#4352 =( LENGTH_UNIT ( ) NAMED_UNIT ( * ) SI_UNIT ( .MILLI., .METRE. ) );
#4353 = VECTOR ( 'NONE', #3278, 1000.000000000000114 ) ;
#4354 = ORIENTED_EDGE ( 'NONE', *, *, #4604, .T. ) ;
#4355 = LINE ( 'NONE', #104, #926 ) ;
#4356 = DIRECTION ( 'NONE',  ( -0.000000000000000000, -0.000000000000000000, 1.000000000000000000 ) ) ;
#4357 =( LENGTH_UNIT ( ) NAMED_UNIT ( * ) SI_UNIT ( .MILLI., .METRE. ) );
#4358 = ORIENTED_EDGE ( 'NONE', *, *, #2332, .T. ) ;
#4359 = CARTESIAN_POINT ( 'NONE',  ( -2.799999999999999822, 1.199999999999999956, -2.050000000000000266 ) ) ;
#4360 = DIRECTION ( 'NONE',  ( -0.3713906763541062750, -0.9284766908852583045, 0.000000000000000000 ) ) ;
#4361 = SURFACE_SIDE_STYLE ('',( #3701 ) ) ;
#4362 = PLANE ( 'NONE',  #4259 ) ;
#4363 = SURFACE_STYLE_USAGE ( .BOTH. , #7207 ) ;
#4364 = PRESENTATION_LAYER_ASSIGNMENT (  '', '', ( #5481 ) ) ;
#4365 = FACE_OUTER_BOUND ( 'NONE', #6176, .T. ) ;
#4366 = EDGE_CURVE ( 'NONE', #1230, #1674, #3360, .T. ) ;
#4367 = ADVANCED_FACE ( 'NONE', ( #7541 ), #4572, .F. ) ;
#4368 = EDGE_LOOP ( 'NONE', ( #2300, #4233, #3688, #3778 ) ) ;
#4369 = VECTOR ( 'NONE', #1828, 1000.000000000000000 ) ;
#4370 = EDGE_CURVE ( 'NONE', #4328, #4646, #2245, .T. ) ;
#4371 = DIRECTION ( 'NONE',  ( -0.000000000000000000, -1.000000000000000000, -0.000000000000000000 ) ) ;
#4372 = EDGE_CURVE ( 'NONE', #7371, #4126, #3251, .T. ) ;
#4373 =( NAMED_UNIT ( * ) SI_UNIT ( $, .STERADIAN. ) SOLID_ANGLE_UNIT ( ) );
#4374 = DIRECTION ( 'NONE',  ( -8.673617379884035472E-16, -0.000000000000000000, 1.000000000000000000 ) ) ;
#4375 = VECTOR ( 'NONE', #298, 1000.000000000000000 ) ;
#4376 = DIRECTION ( 'NONE',  ( 7.885121045569205776E-16, 0.000000000000000000, 1.000000000000000000 ) ) ;
#4377 = CARTESIAN_POINT ( 'NONE',  ( 1.701009032218151917, 1.399989999999999846, 0.9499999999999998446 ) ) ;
#4378 =( LENGTH_UNIT ( ) NAMED_UNIT ( * ) SI_UNIT ( .MILLI., .METRE. ) );
#4379 = ORIENTED_EDGE ( 'NONE', *, *, #1647, .T. ) ;
#4380 = AXIS2_PLACEMENT_3D ( 'NONE', #159, #4226, #4868 ) ;
#4381 =( GEOMETRIC_REPRESENTATION_CONTEXT ( 3 ) GLOBAL_UNCERTAINTY_ASSIGNED_CONTEXT ( ( #3444 ) ) GLOBAL_UNIT_ASSIGNED_CONTEXT ( ( #3764, #801, #6099 ) ) REPRESENTATION_CONTEXT ( 'NONE', 'WORKASPACE' ) );
#4382 = DIRECTION ( 'NONE',  ( 4.818676322157800333E-16, 0.000000000000000000, 1.000000000000000000 ) ) ;
#4383 = UNCERTAINTY_MEASURE_WITH_UNIT (LENGTH_MEASURE( 1.000000000000000082E-05 ), #5374, 'distance_accuracy_value', 'NONE');
#4384 = VECTOR ( 'NONE', #2882, 1000.000000000000000 ) ;
#4385 =( NAMED_UNIT ( * ) PLANE_ANGLE_UNIT ( ) SI_UNIT ( $, .RADIAN. ) );
#4386 = VECTOR ( 'NONE', #5387, 1000.000000000000000 ) ;
#4387 = SURFACE_STYLE_FILL_AREA ( #1512 ) ;
#4388 =( NAMED_UNIT ( * ) PLANE_ANGLE_UNIT ( ) SI_UNIT ( $, .RADIAN. ) );
#4389 = CARTESIAN_POINT ( 'NONE',  ( 0.09999999999999845124, 2.699999999999998401, 1.750000000000000000 ) ) ;
#4390 = ORIENTED_EDGE ( 'NONE', *, *, #3736, .T. ) ;
#4391 =( GEOMETRIC_REPRESENTATION_CONTEXT ( 3 ) GLOBAL_UNCERTAINTY_ASSIGNED_CONTEXT ( ( #6023 ) ) GLOBAL_UNIT_ASSIGNED_CONTEXT ( ( #6915, #5570, #7441 ) ) REPRESENTATION_CONTEXT ( 'NONE', 'WORKASPACE' ) );
#4392 = ORIENTED_EDGE ( 'NONE', *, *, #2200, .T. ) ;
#4393 = AXIS2_PLACEMENT_3D ( 'NONE', #4781, #601, #1757 ) ;
#4394 = DIRECTION ( 'NONE',  ( -0.000000000000000000, 1.000000000000000000, 0.000000000000000000 ) ) ;
#4395 = ORIENTED_EDGE ( 'NONE', *, *, #3185, .T. ) ;
#4396 = PLANE ( 'NONE',  #2689 ) ;
#4397 = COLOUR_RGB ( '',0.000000000000000000, 0.000000000000000000, 1.000000000000000000 ) ;
#4398 = SURFACE_STYLE_USAGE ( .BOTH. , #3282 ) ;
#4399 = SURFACE_STYLE_USAGE ( .BOTH. , #2831 ) ;
#4400 = COLOUR_RGB ( '',0.7960784313725489669, 0.8235294117647058432, 0.9372549019607843146 ) ;
#4401 =( GEOMETRIC_REPRESENTATION_CONTEXT ( 3 ) GLOBAL_UNCERTAINTY_ASSIGNED_CONTEXT ( ( #3550 ) ) GLOBAL_UNIT_ASSIGNED_CONTEXT ( ( #2447, #7106, #4108 ) ) REPRESENTATION_CONTEXT ( 'NONE', 'WORKASPACE' ) );
#4402 = ORIENTED_EDGE ( 'NONE', *, *, #1371, .F. ) ;
#4403 = CARTESIAN_POINT ( 'NONE',  ( -1.500000000000000000, -0.2999999999999999889, 0.3999999999948158913 ) ) ;
#4404 = STYLED_ITEM ( 'NONE', ( #5537 ), #1267 ) ;
#4405 =( NAMED_UNIT ( * ) PLANE_ANGLE_UNIT ( ) SI_UNIT ( $, .RADIAN. ) );
#4406 = COLOUR_RGB ( '',1.000000000000000000, 0.5019607843137254832, 0.000000000000000000 ) ;
#4407 = PRESENTATION_STYLE_ASSIGNMENT (( #2060 ) ) ;
#4408 = EDGE_CURVE ( 'NONE', #859, #6464, #6817, .T. ) ;
#4409 = UNCERTAINTY_MEASURE_WITH_UNIT (LENGTH_MEASURE( 1.000000000000000082E-05 ), #3106, 'distance_accuracy_value', 'NONE');
#4410 = CARTESIAN_POINT ( 'NONE',  ( -3.349999999999999645, 0.6500000000000000222, -2.049989999999999757 ) ) ;
#4411 = LINE ( 'NONE', #5085, #1686 ) ;
#4412 = ADVANCED_FACE ( 'NONE', ( #5043 ), #2095, .F. ) ;
#4413 = EDGE_CURVE ( 'NONE', #6955, #1598, #3954, .T. ) ;
#4414 = VECTOR ( 'NONE', #4050, 1000.000000000000000 ) ;
#4415 = DIRECTION ( 'NONE',  ( 1.000000000000000000, 0.000000000000000000, 0.000000000000000000 ) ) ;
#4416 = ORIENTED_EDGE ( 'NONE', *, *, #6597, .T. ) ;
#4417 = ORIENTED_EDGE ( 'NONE', *, *, #971, .T. ) ;
#4418 = VECTOR ( 'NONE', #6961, 1000.000000000000000 ) ;
#4419 = DIRECTION ( 'NONE',  ( 0.000000000000000000, 0.000000000000000000, 1.000000000000000000 ) ) ;
#4420 = DIRECTION ( 'NONE',  ( 0.000000000000000000, 0.000000000000000000, -1.000000000000000000 ) ) ;
#4421 = CARTESIAN_POINT ( 'NONE',  ( 3.350000000000000089, 1.199999999999999956, -2.050000000000000266 ) ) ;
#4422 = DIRECTION ( 'NONE',  ( 1.355252715606883008E-16, 1.355252715606878817E-16, 1.000000000000000000 ) ) ;
#4423 = COLOUR_RGB ( '',0.000000000000000000, 0.000000000000000000, 1.000000000000000000 ) ;
#4424 = CARTESIAN_POINT ( 'NONE',  ( -1.701009032218152806, 1.199999999999999956, -2.050000000000000266 ) ) ;
#4425 = CARTESIAN_POINT ( 'NONE',  ( 2.000000000000000444, 0.1498999999999999777, -0.7499999999999978906 ) ) ;
#4426 = SURFACE_STYLE_FILL_AREA ( #6266 ) ;
#4427 = PLANE ( 'NONE',  #1056 ) ;
#4428 = VECTOR ( 'NONE', #778, 1000.000000000000000 ) ;
#4429 = FILL_AREA_STYLE_COLOUR ( '', #5039 ) ;
#4430 = ORIENTED_EDGE ( 'NONE', *, *, #4998, .T. ) ;
#4431 = CARTESIAN_POINT ( 'NONE',  ( 1.701009032218152139, 1.199999999999999956, 0.8499999999999998668 ) ) ;
#4432 = ORIENTED_EDGE ( 'NONE', *, *, #4998, .F. ) ;
#4433 = VECTOR ( 'NONE', #976, 999.9999999999998863 ) ;
#4434 = PLANE ( 'NONE',  #3268 ) ;
#4435 = VERTEX_POINT ( 'NONE', #1614 ) ;
#4436 =( NAMED_UNIT ( * ) SI_UNIT ( $, .STERADIAN. ) SOLID_ANGLE_UNIT ( ) );
#4437 = CARTESIAN_POINT ( 'NONE',  ( 3.149999999999999467, 0.6999999999999999556, -1.500001000000000140 ) ) ;
#4438 = VERTEX_POINT ( 'NONE', #1015 ) ;
#4439 =( NAMED_UNIT ( * ) SI_UNIT ( $, .STERADIAN. ) SOLID_ANGLE_UNIT ( ) );
#4440 = COLOUR_RGB ( '',1.000000000000000000, 0.5019607843137254832, 0.000000000000000000 ) ;
#4441 = FACE_OUTER_BOUND ( 'NONE', #6877, .T. ) ;
#4442 = VECTOR ( 'NONE', #3508, 1000.000000000000000 ) ;
#4443 = PRESENTATION_STYLE_ASSIGNMENT (( #6208 ) ) ;
#4444 = DIRECTION ( 'NONE',  ( 1.000000000000000000, 0.000000000000000000, 0.000000000000000000 ) ) ;
#4445 = ORIENTED_EDGE ( 'NONE', *, *, #928, .T. ) ;
#4446 = CARTESIAN_POINT ( 'NONE',  ( -2.449999999999999734, 1.399999999999999911, 2.050000000000000266 ) ) ;
#4447 = COLOUR_RGB ( '',1.000000000000000000, 0.5019607843137254832, 0.000000000000000000 ) ;
#4448 = ORIENTED_EDGE ( 'NONE', *, *, #1076, .F. ) ;
#4449 = SURFACE_STYLE_FILL_AREA ( #3253 ) ;
#4450 = UNCERTAINTY_MEASURE_WITH_UNIT (LENGTH_MEASURE( 1.000000000000000082E-05 ), #7239, 'distance_accuracy_value', 'NONE');
#4451 = CARTESIAN_POINT ( 'NONE',  ( -2.250504516109076203, 1.399999999999999911, -1.850000000000000089 ) ) ;
#4452 = FACE_OUTER_BOUND ( 'NONE', #4121, .T. ) ;
#4453 = STYLED_ITEM ( 'NONE', ( #5059 ), #4565 ) ;
#4454 = ORIENTED_EDGE ( 'NONE', *, *, #642, .F. ) ;
#4455 = LINE ( 'NONE', #1022, #646 ) ;
#4456 = DIRECTION ( 'NONE',  ( 0.000000000000000000, 1.000000000000000000, 0.000000000000000000 ) ) ;
#4457 = VERTEX_POINT ( 'NONE', #1534 ) ;
#4458 = LINE ( 'NONE', #5712, #7276 ) ;
#4459 = LINE ( 'NONE', #989, #7378 ) ;
#4460 = UNCERTAINTY_MEASURE_WITH_UNIT (LENGTH_MEASURE( 1.000000000000000082E-05 ), #6447, 'distance_accuracy_value', 'NONE');
#4461 = FILL_AREA_STYLE_COLOUR ( '', #7586 ) ;
#4462 = EDGE_CURVE ( 'NONE', #4292, #4289, #3872, .T. ) ;
#4463 = ADVANCED_FACE ( 'NONE', ( #3292 ), #7456, .F. ) ;
#4464 = DIRECTION ( 'NONE',  ( 0.000000000000000000, 1.000000000000000000, 0.000000000000000000 ) ) ;
#4465 = DIRECTION ( 'NONE',  ( -8.673617379884035472E-16, -0.000000000000000000, 1.000000000000000000 ) ) ;
#4466 = SURFACE_STYLE_FILL_AREA ( #5213 ) ;
#4467 = FILL_AREA_STYLE_COLOUR ( '', #2308 ) ;
#4468 = VERTEX_POINT ( 'NONE', #2386 ) ;
#4469 = ADVANCED_FACE ( 'NONE', ( #1130 ), #4208, .F. ) ;
#4470 = LINE ( 'NONE', #955, #5272 ) ;
#4471 = EDGE_CURVE ( 'NONE', #5911, #5370, #4769, .T. ) ;
#4472 = ORIENTED_EDGE ( 'NONE', *, *, #3188, .F. ) ;
#4473 = PRESENTATION_STYLE_ASSIGNMENT (( #2151 ) ) ;
#4474 = ORIENTED_EDGE ( 'NONE', *, *, #594, .T. ) ;
#4475 = LINE ( 'NONE', #3900, #1676 ) ;
#4476 = ORIENTED_EDGE ( 'NONE', *, *, #4132, .T. ) ;
#4477 = CARTESIAN_POINT ( 'NONE',  ( 3.149999999999999911, 0.6999999999999930722, 2.050000000000000266 ) ) ;
#4478 = CIRCLE ( 'NONE', #2020, 0.5000000000000000000 ) ;
#4479 = DIRECTION ( 'NONE',  ( -1.000000000000000000, 0.000000000000000000, 7.885121045569206762E-16 ) ) ;
#4480 = FILL_AREA_STYLE ('',( #303 ) ) ;
#4481 = PRESENTATION_STYLE_ASSIGNMENT (( #1609 ) ) ;
#4482 = VECTOR ( 'NONE', #7575, 1000.000000000000000 ) ;
#4483 = EDGE_LOOP ( 'NONE', ( #5107, #434, #3069, #2961 ) ) ;
#4484 = FILL_AREA_STYLE_COLOUR ( '', #7059 ) ;
#4485 = UNCERTAINTY_MEASURE_WITH_UNIT (LENGTH_MEASURE( 1.000000000000000082E-05 ), #4378, 'distance_accuracy_value', 'NONE');
#4486 = ORIENTED_EDGE ( 'NONE', *, *, #3952, .F. ) ;
#4487 = DIRECTION ( 'NONE',  ( -1.000000000000000000, -0.000000000000000000, -2.168404344971010594E-16 ) ) ;
#4488 = CARTESIAN_POINT ( 'NONE',  ( -0.5000000000000000000, 0.1498999999999999777, -0.7499999999999977796 ) ) ;
#4489 = CARTESIAN_POINT ( 'NONE',  ( 3.149999999999999911, 0.6998999999998395394, 2.888567937336678780E-07 ) ) ;
#4490 = STYLED_ITEM ( 'NONE', ( #4800 ), #2104 ) ;
#4491 = ORIENTED_EDGE ( 'NONE', *, *, #3993, .T. ) ;
#4492 = ORIENTED_EDGE ( 'NONE', *, *, #1956, .F. ) ;
#4493 =( NAMED_UNIT ( * ) SI_UNIT ( $, .STERADIAN. ) SOLID_ANGLE_UNIT ( ) );
#4494 = FILL_AREA_STYLE_COLOUR ( '', #844 ) ;
#4495 = ORIENTED_EDGE ( 'NONE', *, *, #2762, .F. ) ;
#4496 = CARTESIAN_POINT ( 'NONE',  ( 0.5500000000000001554, 0.000000000000000000, 2.949999999999999734 ) ) ;
#4497 = MECHANICAL_DESIGN_GEOMETRIC_PRESENTATION_REPRESENTATION (  '', ( #7494 ), #1673 ) ;
#4498 = DIRECTION ( 'NONE',  ( -2.168404344971010594E-16, 0.000000000000000000, 1.000000000000000000 ) ) ;
#4499 = DIRECTION ( 'NONE',  ( -2.168404344971010594E-16, 0.000000000000000000, 1.000000000000000000 ) ) ;
#4500 = PLANE ( 'NONE',  #7324 ) ;
#4501 = DIRECTION ( 'NONE',  ( -0.9999999995918134044, -2.857224491007049545E-05, 0.000000000000000000 ) ) ;
#4502 =( LENGTH_UNIT ( ) NAMED_UNIT ( * ) SI_UNIT ( .MILLI., .METRE. ) );
#4503 = SURFACE_STYLE_FILL_AREA ( #6191 ) ;
#4504 = CARTESIAN_POINT ( 'NONE',  ( -0.5000000000000004441, 0.1498999999999999777, 0.8500000000000003109 ) ) ;
#4505 = VECTOR ( 'NONE', #7554, 1000.000000000000000 ) ;
#4506 =( GEOMETRIC_REPRESENTATION_CONTEXT ( 3 ) GLOBAL_UNCERTAINTY_ASSIGNED_CONTEXT ( ( #1995 ) ) GLOBAL_UNIT_ASSIGNED_CONTEXT ( ( #418, #6348, #7446 ) ) REPRESENTATION_CONTEXT ( 'NONE', 'WORKASPACE' ) );
#4507 = ORIENTED_EDGE ( 'NONE', *, *, #1965, .T. ) ;
#4508 = CARTESIAN_POINT ( 'NONE',  ( -2.050000000000000266, 0.1499999999999999944, -2.949999999999999734 ) ) ;
#4509 = ADVANCED_FACE ( 'NONE', ( #4643 ), #5955, .F. ) ;
#4510 = EDGE_CURVE ( 'NONE', #2767, #5538, #3663, .T. ) ;
#4511 =( GEOMETRIC_REPRESENTATION_CONTEXT ( 3 ) GLOBAL_UNCERTAINTY_ASSIGNED_CONTEXT ( ( #3294 ) ) GLOBAL_UNIT_ASSIGNED_CONTEXT ( ( #1618, #1204, #1162 ) ) REPRESENTATION_CONTEXT ( 'NONE', 'WORKASPACE' ) );
#4512 = ORIENTED_EDGE ( 'NONE', *, *, #5512, .F. ) ;
#4513 = VECTOR ( 'NONE', #728, 1000.000000000000000 ) ;
#4514 = ORIENTED_EDGE ( 'NONE', *, *, #7480, .F. ) ;
#4515 = PLANE ( 'NONE',  #4863 ) ;
#4516 = PRESENTATION_LAYER_ASSIGNMENT (  '', '', ( #932 ) ) ;
#4517 = ADVANCED_FACE ( 'NONE', ( #5451 ), #7512, .T. ) ;
#4518 = EDGE_CURVE ( 'NONE', #1918, #7163, #6831, .T. ) ;
#4519 = DIRECTION ( 'NONE',  ( 0.000000000000000000, -0.000000000000000000, -1.000000000000000000 ) ) ;
#4520 = VERTEX_POINT ( 'NONE', #5021 ) ;
#4521 = AXIS2_PLACEMENT_3D ( 'NONE', #776, #2501, #4204 ) ;
#4522 = CARTESIAN_POINT ( 'NONE',  ( -3.149999999999999467, 0.6500000000000000222, -2.049989999999999757 ) ) ;
#4523 =( GEOMETRIC_REPRESENTATION_CONTEXT ( 3 ) GLOBAL_UNCERTAINTY_ASSIGNED_CONTEXT ( ( #2680 ) ) GLOBAL_UNIT_ASSIGNED_CONTEXT ( ( #7636, #3421, #2860 ) ) REPRESENTATION_CONTEXT ( 'NONE', 'WORKASPACE' ) );
#4524 = LINE ( 'NONE', #5075, #6051 ) ;
#4525 =( NAMED_UNIT ( * ) SI_UNIT ( $, .STERADIAN. ) SOLID_ANGLE_UNIT ( ) );
#4526 = CARTESIAN_POINT ( 'NONE',  ( -3.349999999999998757, 0.9000000000000060174, 2.050000000000000266 ) ) ;
#4527 = VECTOR ( 'NONE', #3154, 1000.000000000000000 ) ;
#4528 = VECTOR ( 'NONE', #2627, 1000.000000000000000 ) ;
#4529 = EDGE_LOOP ( 'NONE', ( #1196, #6438, #1811, #1527, #5128, #1114, #2736 ) ) ;
#4530 = VECTOR ( 'NONE', #7039, 1000.000000000000000 ) ;
#4531 = DIRECTION ( 'NONE',  ( -0.000000000000000000, -1.000000000000000000, -0.000000000000000000 ) ) ;
#4532 = AXIS2_PLACEMENT_3D ( 'NONE', #5142, #3379, #5063 ) ;
#4533 = ORIENTED_EDGE ( 'NONE', *, *, #3456, .F. ) ;
#4534 = CARTESIAN_POINT ( 'NONE',  ( -3.149999999999999467, 0.6999999999999999556, -2.050000000000000266 ) ) ;
#4535 = SURFACE_STYLE_USAGE ( .BOTH. , #3363 ) ;
#4536 = MECHANICAL_DESIGN_GEOMETRIC_PRESENTATION_REPRESENTATION (  '', ( #3406 ), #712 ) ;
#4537 = MECHANICAL_DESIGN_GEOMETRIC_PRESENTATION_REPRESENTATION (  '', ( #3536 ), #3303 ) ;
#4538 = CARTESIAN_POINT ( 'NONE',  ( 0.5499999999999999334, 0.000000000000000000, -2.050000000000000266 ) ) ;
#4539 = SURFACE_SIDE_STYLE ('',( #5092 ) ) ;
#4540 = LINE ( 'NONE', #6904, #3214 ) ;
#4541 = STYLED_ITEM ( 'NONE', ( #6492 ), #1217 ) ;
#4542 = DIRECTION ( 'NONE',  ( -1.000000000000000000, 0.000000000000000000, 0.000000000000000000 ) ) ;
#4543 = VECTOR ( 'NONE', #146, 1000.000000000000000 ) ;
#4544 = LINE ( 'NONE', #517, #4384 ) ;
#4545 = UNCERTAINTY_MEASURE_WITH_UNIT (LENGTH_MEASURE( 1.000000000000000082E-05 ), #2908, 'distance_accuracy_value', 'NONE');
#4546 = DIRECTION ( 'NONE',  ( -2.857224491007049545E-05, 0.9999999995918134044, 0.000000000000000000 ) ) ;
#4547 = LINE ( 'NONE', #6910, #35 ) ;
#4548 = SURFACE_STYLE_FILL_AREA ( #408 ) ;
#4549 = PRESENTATION_STYLE_ASSIGNMENT (( #6718 ) ) ;
#4550 = VECTOR ( 'NONE', #4320, 1000.000000000000000 ) ;
#4551 =( NAMED_UNIT ( * ) PLANE_ANGLE_UNIT ( ) SI_UNIT ( $, .RADIAN. ) );
#4552 = ORIENTED_EDGE ( 'NONE', *, *, #1068, .T. ) ;
#4553 = MECHANICAL_DESIGN_GEOMETRIC_PRESENTATION_REPRESENTATION (  '', ( #7023 ), #7147 ) ;
#4554 = LINE ( 'NONE', #2770, #3030 ) ;
#4555 = VERTEX_POINT ( 'NONE', #5597 ) ;
#4556 = CARTESIAN_POINT ( 'NONE',  ( 2.799999999999999822, 1.399999999999999911, -1.866666666666666918 ) ) ;
#4557 = EDGE_LOOP ( 'NONE', ( #4402, #5845, #158, #7404 ) ) ;
#4558 = FILL_AREA_STYLE ('',( #7637 ) ) ;
#4559 = CARTESIAN_POINT ( 'NONE',  ( 2.449999999999999734, 0.1499999999999999944, -2.050000000000000266 ) ) ;
#4560 = EDGE_CURVE ( 'NONE', #5054, #7014, #5100, .T. ) ;
#4561 = SURFACE_STYLE_USAGE ( .BOTH. , #2197 ) ;
#4562 = ORIENTED_EDGE ( 'NONE', *, *, #3134, .F. ) ;
#4563 =( NAMED_UNIT ( * ) SI_UNIT ( $, .STERADIAN. ) SOLID_ANGLE_UNIT ( ) );
#4564 = AXIS2_PLACEMENT_3D ( 'NONE', #4335, #6783, #1578 ) ;
#4565 = ADVANCED_FACE ( 'NONE', ( #909 ), #4500, .T. ) ;
#4566 = ADVANCED_FACE ( 'NONE', ( #3228 ), #4982, .F. ) ;
#4567 = FILL_AREA_STYLE ('',( #5159 ) ) ;
#4568 = ADVANCED_FACE ( 'NONE', ( #3810 ), #6188, .F. ) ;
#4569 = EDGE_LOOP ( 'NONE', ( #3399, #2235, #243, #2339 ) ) ;
#4570 = AXIS2_PLACEMENT_3D ( 'NONE', #1102, #2, #2357 ) ;
#4571 = CARTESIAN_POINT ( 'NONE',  ( 2.800004999999999633, 1.399994999999999878, -1.500000500000000292 ) ) ;
#4572 = PLANE ( 'NONE',  #2856 ) ;
#4573 = EDGE_CURVE ( 'NONE', #5672, #2118, #1758, .T. ) ;
#4574 = EDGE_CURVE ( 'NONE', #4072, #4971, #2919, .T. ) ;
#4575 = UNCERTAINTY_MEASURE_WITH_UNIT (LENGTH_MEASURE( 1.000000000000000082E-05 ), #5223, 'distance_accuracy_value', 'NONE');
#4576 = CARTESIAN_POINT ( 'NONE',  ( 2.050000000000000266, 0.000000000000000000, -2.050000000000000266 ) ) ;
#4577 = ORIENTED_EDGE ( 'NONE', *, *, #5665, .F. ) ;
#4578 = PRESENTATION_STYLE_ASSIGNMENT (( #943 ) ) ;
#4579 = FACE_OUTER_BOUND ( 'NONE', #6892, .T. ) ;
#4580 = CARTESIAN_POINT ( 'NONE',  ( -3.149999999999999911, 0.2598999999998395927, 0.5000002888567938175 ) ) ;
#4581 = CARTESIAN_POINT ( 'NONE',  ( 2.000000000000000000, 0.1498999999999999777, 0.3500000000000002554 ) ) ;
#4582 = PRESENTATION_STYLE_ASSIGNMENT (( #3994 ) ) ;
#4583 = DIRECTION ( 'NONE',  ( 0.000000000000000000, 0.000000000000000000, -1.000000000000000000 ) ) ;
#4584 =( NAMED_UNIT ( * ) SI_UNIT ( $, .STERADIAN. ) SOLID_ANGLE_UNIT ( ) );
#4585 = SURFACE_STYLE_FILL_AREA ( #5681 ) ;
#4586 = ORIENTED_EDGE ( 'NONE', *, *, #2584, .T. ) ;
#4587 =( GEOMETRIC_REPRESENTATION_CONTEXT ( 3 ) GLOBAL_UNCERTAINTY_ASSIGNED_CONTEXT ( ( #1140 ) ) GLOBAL_UNIT_ASSIGNED_CONTEXT ( ( #1747, #30, #1863 ) ) REPRESENTATION_CONTEXT ( 'NONE', 'WORKASPACE' ) );
#4588 = ORIENTED_EDGE ( 'NONE', *, *, #3748, .F. ) ;
#4589 = LINE ( 'NONE', #4194, #3627 ) ;
#4590 = ORIENTED_EDGE ( 'NONE', *, *, #1652, .T. ) ;
#4591 = FILL_AREA_STYLE_COLOUR ( '', #1149 ) ;
#4592 = LINE ( 'NONE', #2890, #1319 ) ;
#4593 =( NAMED_UNIT ( * ) PLANE_ANGLE_UNIT ( ) SI_UNIT ( $, .RADIAN. ) );
#4594 = LINE ( 'NONE', #6958, #5862 ) ;
#4595 = DIRECTION ( 'NONE',  ( 0.000000000000000000, 0.000000000000000000, 1.000000000000000000 ) ) ;
#4596 = EDGE_LOOP ( 'NONE', ( #6882, #3606, #5945, #5040 ) ) ;
#4597 = DIRECTION ( 'NONE',  ( 0.000000000000000000, 0.000000000000000000, 1.000000000000000000 ) ) ;
#4598 = DIRECTION ( 'NONE',  ( 1.000000000000000000, 0.000000000000000000, 0.000000000000000000 ) ) ;
#4599 = AXIS2_PLACEMENT_3D ( 'NONE', #6670, #5590, #6091 ) ;
#4600 =( LENGTH_UNIT ( ) NAMED_UNIT ( * ) SI_UNIT ( .MILLI., .METRE. ) );
#4601 = ORIENTED_EDGE ( 'NONE', *, *, #2285, .F. ) ;
#4602 =( LENGTH_UNIT ( ) NAMED_UNIT ( * ) SI_UNIT ( .MILLI., .METRE. ) );
#4603 =( NAMED_UNIT ( * ) PLANE_ANGLE_UNIT ( ) SI_UNIT ( $, .RADIAN. ) );
#4604 = EDGE_CURVE ( 'NONE', #798, #6720, #2292, .T. ) ;
#4605 = VECTOR ( 'NONE', #6807, 1000.000000000000000 ) ;
#4606 = EDGE_CURVE ( 'NONE', #3308, #5690, #2217, .T. ) ;
#4607 = ORIENTED_EDGE ( 'NONE', *, *, #1255, .T. ) ;
#4608 = CARTESIAN_POINT ( 'NONE',  ( -3.149999999999997247, 1.400000000000005684, -1.500001000000000140 ) ) ;
#4609 = EDGE_CURVE ( 'NONE', #3383, #6526, #7662, .T. ) ;
#4610 = ADVANCED_FACE ( 'NONE', ( #1180 ), #1692, .F. ) ;
#4611 = ORIENTED_EDGE ( 'NONE', *, *, #1651, .T. ) ;
#4612 = LINE ( 'NONE', #7137, #6193 ) ;
#4613 =( NAMED_UNIT ( * ) SI_UNIT ( $, .STERADIAN. ) SOLID_ANGLE_UNIT ( ) );
#4614 = SURFACE_SIDE_STYLE ('',( #7504 ) ) ;
#4615 = DIRECTION ( 'NONE',  ( -0.3713906763541062750, -0.9284766908852583045, 0.000000000000000000 ) ) ;
#4616 = AXIS2_PLACEMENT_3D ( 'NONE', #4425, #6302, #2115 ) ;
#4617 =( NAMED_UNIT ( * ) SI_UNIT ( $, .STERADIAN. ) SOLID_ANGLE_UNIT ( ) );
#4618 =( LENGTH_UNIT ( ) NAMED_UNIT ( * ) SI_UNIT ( .MILLI., .METRE. ) );
#4619 = SURFACE_STYLE_FILL_AREA ( #4067 ) ;
#4620 = DIRECTION ( 'NONE',  ( -0.000000000000000000, -0.000000000000000000, -1.000000000000000000 ) ) ;
#4621 = CARTESIAN_POINT ( 'NONE',  ( -0.2010090322181518063, 1.199999999999999956, 0.9499999999999998446 ) ) ;
#4622 = ORIENTED_EDGE ( 'NONE', *, *, #2189, .T. ) ;
#4623 = COLOUR_RGB ( '',0.7960784313725489669, 0.8235294117647058432, 0.9372549019607843146 ) ;
#4624 = ORIENTED_EDGE ( 'NONE', *, *, #6512, .T. ) ;
#4625 = PLANE ( 'NONE',  #2395 ) ;
#4626 = AXIS2_PLACEMENT_3D ( 'NONE', #658, #6576, #217 ) ;
#4627 = DIRECTION ( 'NONE',  ( -0.9396926207859083169, 0.000000000000000000, 0.3420201433256691570 ) ) ;
#4628 = LINE ( 'NONE', #7672, #2025 ) ;
#4629 = FACE_OUTER_BOUND ( 'NONE', #4118, .T. ) ;
#4630 = EDGE_LOOP ( 'NONE', ( #4249, #1963, #1762, #1663 ) ) ;
#4631 =( LENGTH_UNIT ( ) NAMED_UNIT ( * ) SI_UNIT ( .MILLI., .METRE. ) );
#4632 = SURFACE_SIDE_STYLE ('',( #1774 ) ) ;
#4633 = DIRECTION ( 'NONE',  ( -1.000000000000000000, 0.000000000000000000, -0.000000000000000000 ) ) ;
#4634 = AXIS2_PLACEMENT_3D ( 'NONE', #3528, #5900, #609 ) ;
#4635 = AXIS2_PLACEMENT_3D ( 'NONE', #4106, #5821, #4659 ) ;
#4636 = STYLED_ITEM ( 'NONE', ( #2989 ), #2621 ) ;
#4637 = UNCERTAINTY_MEASURE_WITH_UNIT (LENGTH_MEASURE( 1.000000000000000082E-05 ), #6388, 'distance_accuracy_value', 'NONE');
#4638 = ORIENTED_EDGE ( 'NONE', *, *, #357, .T. ) ;
#4639 = CARTESIAN_POINT ( 'NONE',  ( 0.5000000000000004441, 0.1498999999999999777, 0.8500000000000003109 ) ) ;
#4640 = CIRCLE ( 'NONE', #1799, 0.2000000000000000944 ) ;
#4641 = ORIENTED_EDGE ( 'NONE', *, *, #5887, .F. ) ;
#4642 =( LENGTH_UNIT ( ) NAMED_UNIT ( * ) SI_UNIT ( .MILLI., .METRE. ) );
#4643 = FACE_OUTER_BOUND ( 'NONE', #3823, .T. ) ;
#4644 = UNCERTAINTY_MEASURE_WITH_UNIT (LENGTH_MEASURE( 1.000000000000000082E-05 ), #3269, 'distance_accuracy_value', 'NONE');
#4645 = COLOUR_RGB ( '',1.000000000000000000, 0.5019607843137254832, 0.000000000000000000 ) ;
#4646 = VERTEX_POINT ( 'NONE', #6946 ) ;
#4647 = PRESENTATION_LAYER_ASSIGNMENT (  '', '', ( #6394 ) ) ;
#4648 = CARTESIAN_POINT ( 'NONE',  ( -1.000000000000000000, -0.0001000000000000000048, 0.8500000000000000888 ) ) ;
#4649 = ORIENTED_EDGE ( 'NONE', *, *, #6462, .F. ) ;
#4650 = DIRECTION ( 'NONE',  ( -0.000000000000000000, -0.000000000000000000, 1.000000000000000000 ) ) ;
#4651 = EDGE_CURVE ( 'NONE', #4435, #1768, #3995, .T. ) ;
#4652 = PLANE ( 'NONE',  #5582 ) ;
#4653 = EDGE_CURVE ( 'NONE', #7414, #321, #1066, .T. ) ;
#4654 = EDGE_CURVE ( 'NONE', #859, #3088, #3712, .T. ) ;
#4655 =( GEOMETRIC_REPRESENTATION_CONTEXT ( 3 ) GLOBAL_UNCERTAINTY_ASSIGNED_CONTEXT ( ( #7605 ) ) GLOBAL_UNIT_ASSIGNED_CONTEXT ( ( #4730, #1026, #6943 ) ) REPRESENTATION_CONTEXT ( 'NONE', 'WORKASPACE' ) );
#4656 = LINE ( 'NONE', #3961, #4505 ) ;
#4657 = PRESENTATION_LAYER_ASSIGNMENT (  '', '', ( #2684 ) ) ;
#4658 = DIRECTION ( 'NONE',  ( 0.000000000000000000, 0.000000000000000000, 1.000000000000000000 ) ) ;
#4659 = DIRECTION ( 'NONE',  ( 1.000000000000000000, 0.000000000000000000, 2.168404344971010594E-16 ) ) ;
#4660 = FACE_OUTER_BOUND ( 'NONE', #1301, .T. ) ;
#4661 = PLANE ( 'NONE',  #5784 ) ;
#4662 = EDGE_CURVE ( 'NONE', #4126, #5966, #5385, .T. ) ;
#4663 = ORIENTED_EDGE ( 'NONE', *, *, #1909, .F. ) ;
#4664 =( GEOMETRIC_REPRESENTATION_CONTEXT ( 3 ) GLOBAL_UNCERTAINTY_ASSIGNED_CONTEXT ( ( #7535 ) ) GLOBAL_UNIT_ASSIGNED_CONTEXT ( ( #2377, #3608, #3040 ) ) REPRESENTATION_CONTEXT ( 'NONE', 'WORKASPACE' ) );
#4665 = VECTOR ( 'NONE', #3475, 1000.000000000000000 ) ;
#4666 = ORIENTED_EDGE ( 'NONE', *, *, #1214, .T. ) ;
#4667 = DIRECTION ( 'NONE',  ( 0.000000000000000000, -0.000000000000000000, 1.000000000000000000 ) ) ;
#4668 = ORIENTED_EDGE ( 'NONE', *, *, #5924, .T. ) ;
#4669 = MECHANICAL_DESIGN_GEOMETRIC_PRESENTATION_REPRESENTATION (  '', ( #3667 ), #6650 ) ;
#4670 = SURFACE_STYLE_USAGE ( .BOTH. , #7563 ) ;
#4671 = SURFACE_SIDE_STYLE ('',( #7040 ) ) ;
#4672 = AXIS2_PLACEMENT_3D ( 'NONE', #1087, #2827, #4595 ) ;
#4673 = DIRECTION ( 'NONE',  ( -1.000000000000000000, 0.000000000000000000, -4.818676322157800333E-16 ) ) ;
#4674 = LINE ( 'NONE', #613, #1902 ) ;
#4675 = ORIENTED_EDGE ( 'NONE', *, *, #1775, .T. ) ;
#4676 =( LENGTH_UNIT ( ) NAMED_UNIT ( * ) SI_UNIT ( .MILLI., .METRE. ) );
#4677 = DIRECTION ( 'NONE',  ( 1.000000000000000000, 0.000000000000000000, 0.000000000000000000 ) ) ;
#4678 =( GEOMETRIC_REPRESENTATION_CONTEXT ( 3 ) GLOBAL_UNCERTAINTY_ASSIGNED_CONTEXT ( ( #3460 ) ) GLOBAL_UNIT_ASSIGNED_CONTEXT ( ( #5954, #4816, #7165 ) ) REPRESENTATION_CONTEXT ( 'NONE', 'WORKASPACE' ) );
#4679 = EDGE_LOOP ( 'NONE', ( #413, #2187, #1697, #5958 ) ) ;
#4680 = CARTESIAN_POINT ( 'NONE',  ( -2.449999999999999734, 0.000000000000000000, -2.050000000000000266 ) ) ;
#4681 = EDGE_LOOP ( 'NONE', ( #734, #4432, #7407, #1411 ) ) ;
#4682 = VECTOR ( 'NONE', #395, 1000.000000000000000 ) ;
#4683 = DIRECTION ( 'NONE',  ( 0.000000000000000000, 0.000000000000000000, -1.000000000000000000 ) ) ;
#4684 = PRESENTATION_STYLE_ASSIGNMENT (( #7091 ) ) ;
#4685 = VECTOR ( 'NONE', #472, 1000.000000000000000 ) ;
#4686 =( NAMED_UNIT ( * ) SI_UNIT ( $, .STERADIAN. ) SOLID_ANGLE_UNIT ( ) );
#4687 = SURFACE_SIDE_STYLE ('',( #5848 ) ) ;
#4688 = AXIS2_PLACEMENT_3D ( 'NONE', #7248, #1329, #5539 ) ;
#4689 =( NAMED_UNIT ( * ) PLANE_ANGLE_UNIT ( ) SI_UNIT ( $, .RADIAN. ) );
#4690 = PLANE ( 'NONE',  #935 ) ;
#4691 = EDGE_CURVE ( 'NONE', #3419, #4261, #6089, .T. ) ;
#4692 = CARTESIAN_POINT ( 'NONE',  ( 2.449999999999999289, 1.399999999999999911, 2.050000000000000266 ) ) ;
#4693 =( GEOMETRIC_REPRESENTATION_CONTEXT ( 3 ) GLOBAL_UNCERTAINTY_ASSIGNED_CONTEXT ( ( #1250 ) ) GLOBAL_UNIT_ASSIGNED_CONTEXT ( ( #4979, #1954, #5016 ) ) REPRESENTATION_CONTEXT ( 'NONE', 'WORKASPACE' ) );
#4694 = FILL_AREA_STYLE ('',( #1726 ) ) ;
#4695 = EDGE_LOOP ( 'NONE', ( #1441, #1483, #6423, #2374 ) ) ;
#4696 = PRESENTATION_LAYER_ASSIGNMENT (  '', '', ( #6440 ) ) ;
#4697 = ORIENTED_EDGE ( 'NONE', *, *, #972, .F. ) ;
#4698 = EDGE_CURVE ( 'NONE', #1323, #563, #4145, .T. ) ;
#4699 = LINE ( 'NONE', #526, #7623 ) ;
#4700 = ADVANCED_FACE ( 'NONE', ( #1261 ), #1227, .F. ) ;
#4701 = CARTESIAN_POINT ( 'NONE',  ( 0.9999999999999995559, 0.1498999999999999777, -1.249999999999997780 ) ) ;
#4702 = CARTESIAN_POINT ( 'NONE',  ( 0.5000000000000000000, -0.0001000000000000000048, -1.249999999999997780 ) ) ;
#4703 = CARTESIAN_POINT ( 'NONE',  ( 2.500000000000000000, 0.1498999999999999777, -0.7499999999999977796 ) ) ;
#4704 = DIRECTION ( 'NONE',  ( 0.000000000000000000, 1.000000000000000000, 0.000000000000000000 ) ) ;
#4705 = ORIENTED_EDGE ( 'NONE', *, *, #3907, .T. ) ;
#4706 = ADVANCED_FACE ( 'NONE', ( #1873 ), #6559, .T. ) ;
#4707 =( NAMED_UNIT ( * ) PLANE_ANGLE_UNIT ( ) SI_UNIT ( $, .RADIAN. ) );
#4708 = VERTEX_POINT ( 'NONE', #3067 ) ;
#4709 = EDGE_CURVE ( 'NONE', #2598, #615, #1904, .T. ) ;
#4710 =( NAMED_UNIT ( * ) PLANE_ANGLE_UNIT ( ) SI_UNIT ( $, .RADIAN. ) );
#4711 = CARTESIAN_POINT ( 'NONE',  ( -0.5000000000000004441, 0.1498999999999999777, 0.8500000000000003109 ) ) ;
#4712 = DIRECTION ( 'NONE',  ( 0.000000000000000000, 0.000000000000000000, -1.000000000000000000 ) ) ;
#4713 = SURFACE_STYLE_USAGE ( .BOTH. , #1776 ) ;
#4714 = UNCERTAINTY_MEASURE_WITH_UNIT (LENGTH_MEASURE( 1.000000000000000082E-05 ), #2034, 'distance_accuracy_value', 'NONE');
#4715 = EDGE_LOOP ( 'NONE', ( #2790, #2923, #730, #4925 ) ) ;
#4716 = CARTESIAN_POINT ( 'NONE',  ( 2.000000000000000444, -0.0001000000000000000048, -1.249999999999997780 ) ) ;
#4717 = CARTESIAN_POINT ( 'NONE',  ( 3.350000000000000533, 1.399999999999999911, 1.500000000000000000 ) ) ;
#4718 = ORIENTED_EDGE ( 'NONE', *, *, #4824, .F. ) ;
#4719 = VECTOR ( 'NONE', #6252, 1000.000000000000000 ) ;
#4720 = DIRECTION ( 'NONE',  ( 0.000000000000000000, 0.000000000000000000, 1.000000000000000000 ) ) ;
#4721 =( LENGTH_UNIT ( ) NAMED_UNIT ( * ) SI_UNIT ( .MILLI., .METRE. ) );
#4722 = DIRECTION ( 'NONE',  ( 1.000000000000000000, 0.000000000000000000, 0.000000000000000000 ) ) ;
#4723 = UNCERTAINTY_MEASURE_WITH_UNIT (LENGTH_MEASURE( 1.000000000000000082E-05 ), #398, 'distance_accuracy_value', 'NONE');
#4724 = DIRECTION ( 'NONE',  ( 0.000000000000000000, 1.000000000000000000, 0.000000000000000000 ) ) ;
#4725 = ORIENTED_EDGE ( 'NONE', *, *, #4125, .T. ) ;
#4726 = DIRECTION ( 'NONE',  ( -1.000000000000000000, -0.000000000000000000, -1.057758217059029964E-16 ) ) ;
#4727 =( NAMED_UNIT ( * ) PLANE_ANGLE_UNIT ( ) SI_UNIT ( $, .RADIAN. ) );
#4728 = SURFACE_STYLE_FILL_AREA ( #552 ) ;
#4729 = VECTOR ( 'NONE', #6621, 1000.000000000000000 ) ;
#4730 =( LENGTH_UNIT ( ) NAMED_UNIT ( * ) SI_UNIT ( .MILLI., .METRE. ) );
#4731 = SURFACE_SIDE_STYLE ('',( #6518 ) ) ;
#4732 = FILL_AREA_STYLE ('',( #5927 ) ) ;
#4733 =( NAMED_UNIT ( * ) PLANE_ANGLE_UNIT ( ) SI_UNIT ( $, .RADIAN. ) );
#4734 = SURFACE_STYLE_FILL_AREA ( #1759 ) ;
#4735 = LINE ( 'NONE', #2363, #1310 ) ;
#4736 =( NAMED_UNIT ( * ) PLANE_ANGLE_UNIT ( ) SI_UNIT ( $, .RADIAN. ) );
#4737 = ORIENTED_EDGE ( 'NONE', *, *, #6934, .T. ) ;
#4738 = SURFACE_SIDE_STYLE ('',( #11 ) ) ;
#4739 = EDGE_LOOP ( 'NONE', ( #3085, #7518, #5029, #6607, #3870, #3013 ) ) ;
#4740 = DIRECTION ( 'NONE',  ( 1.000000000000000000, -0.000000000000000000, 1.057758217059029840E-16 ) ) ;
#4741 = DIRECTION ( 'NONE',  ( -0.000000000000000000, 1.000000000000000000, 0.000000000000000000 ) ) ;
#4742 = CARTESIAN_POINT ( 'NONE',  ( 1.500000000000000000, -0.2999999999999999889, 0.000000000000000000 ) ) ;
#4743 = DIRECTION ( 'NONE',  ( -0.000000000000000000, -0.000000000000000000, 1.000000000000000000 ) ) ;
#4744 =( NAMED_UNIT ( * ) PLANE_ANGLE_UNIT ( ) SI_UNIT ( $, .RADIAN. ) );
#4745 = ORIENTED_EDGE ( 'NONE', *, *, #6364, .F. ) ;
#4746 = AXIS2_PLACEMENT_3D ( 'NONE', #3524, #4110, #5897 ) ;
#4747 = DIRECTION ( 'NONE',  ( -1.000000000000000000, -0.000000000000000000, 0.000000000000000000 ) ) ;
#4748 = ORIENTED_EDGE ( 'NONE', *, *, #6874, .T. ) ;
#4749 = CARTESIAN_POINT ( 'NONE',  ( -0.5000000000000004441, 0.1498999999999999777, 0.3500000000000002554 ) ) ;
#4750 = EDGE_CURVE ( 'NONE', #1148, #456, #1841, .T. ) ;
#4751 = CARTESIAN_POINT ( 'NONE',  ( -3.149999999999999911, 1.199999999999999956, 1.500000000000000000 ) ) ;
#4752 = FILL_AREA_STYLE_COLOUR ( '', #6600 ) ;
#4753 = EDGE_CURVE ( 'NONE', #5472, #6117, #1539, .T. ) ;
#4754 = SURFACE_STYLE_USAGE ( .BOTH. , #7084 ) ;
#4755 =( GEOMETRIC_REPRESENTATION_CONTEXT ( 3 ) GLOBAL_UNCERTAINTY_ASSIGNED_CONTEXT ( ( #4859 ) ) GLOBAL_UNIT_ASSIGNED_CONTEXT ( ( #2532, #1959, #127 ) ) REPRESENTATION_CONTEXT ( 'NONE', 'WORKASPACE' ) );
#4756 = ORIENTED_EDGE ( 'NONE', *, *, #350, .T. ) ;
#4757 = COLOUR_RGB ( '',1.000000000000000000, 0.5019607843137254832, 0.000000000000000000 ) ;
#4758 =( NAMED_UNIT ( * ) PLANE_ANGLE_UNIT ( ) SI_UNIT ( $, .RADIAN. ) );
#4759 = EDGE_CURVE ( 'NONE', #1851, #3391, #7390, .T. ) ;
#4760 = EDGE_CURVE ( 'NONE', #1034, #2381, #4820, .T. ) ;
#4761 = FACE_OUTER_BOUND ( 'NONE', #5224, .T. ) ;
#4762 = ORIENTED_EDGE ( 'NONE', *, *, #3418, .T. ) ;
#4763 = STYLED_ITEM ( 'NONE', ( #2329 ), #6557 ) ;
#4764 =( GEOMETRIC_REPRESENTATION_CONTEXT ( 3 ) GLOBAL_UNCERTAINTY_ASSIGNED_CONTEXT ( ( #518 ) ) GLOBAL_UNIT_ASSIGNED_CONTEXT ( ( #952, #6911, #5103 ) ) REPRESENTATION_CONTEXT ( 'NONE', 'WORKASPACE' ) );
#4765 = CARTESIAN_POINT ( 'NONE',  ( 2.000000000000000444, -0.0001000000000000000048, -0.7499999999999978906 ) ) ;
#4766 = ADVANCED_FACE ( 'NONE', ( #5088 ), #5671, .F. ) ;
#4767 =( NAMED_UNIT ( * ) SI_UNIT ( $, .STERADIAN. ) SOLID_ANGLE_UNIT ( ) );
#4768 = VECTOR ( 'NONE', #3964, 1000.000000000000000 ) ;
#4769 = LINE ( 'NONE', #623, #3708 ) ;
#4770 = CARTESIAN_POINT ( 'NONE',  ( -3.350000000000000533, 0.6998999999998395394, 0.5000002888567937065 ) ) ;
#4771 = LINE ( 'NONE', #666, #3382 ) ;
#4772 = VERTEX_POINT ( 'NONE', #356 ) ;
#4773 = AXIS2_PLACEMENT_3D ( 'NONE', #4255, #2520, #1382 ) ;
#4774 = DIRECTION ( 'NONE',  ( -1.000000000000000000, 0.000000000000000000, 0.000000000000000000 ) ) ;
#4775 = CARTESIAN_POINT ( 'NONE',  ( 0.09999999999999829858, 2.899999999999999911, 0.9499999999999999556 ) ) ;
#4776 = PRESENTATION_LAYER_ASSIGNMENT (  '', '', ( #5157 ) ) ;
#4777 = MECHANICAL_DESIGN_GEOMETRIC_PRESENTATION_REPRESENTATION (  '', ( #2793 ), #4908 ) ;
#4778 = MECHANICAL_DESIGN_GEOMETRIC_PRESENTATION_REPRESENTATION (  '', ( #6394 ), #4023 ) ;
#4779 = LINE ( 'NONE', #7180, #1445 ) ;
#4780 = UNCERTAINTY_MEASURE_WITH_UNIT (LENGTH_MEASURE( 1.000000000000000082E-05 ), #7412, 'distance_accuracy_value', 'NONE');
#4781 = CARTESIAN_POINT ( 'NONE',  ( -3.350000000000000089, -0.0001000000000000000048, -2.050000000000000266 ) ) ;
#4782 = DIRECTION ( 'NONE',  ( 0.9396926207859083169, 0.000000000000000000, -0.3420201433256689905 ) ) ;
#4783 = STYLED_ITEM ( 'NONE', ( #5065 ), #498 ) ;
#4784 = CARTESIAN_POINT ( 'NONE',  ( -3.149999999999999467, 0.6500000000000000222, -2.049989999999999757 ) ) ;
#4785 = FILL_AREA_STYLE ('',( #1181 ) ) ;
#4786 = COLOUR_RGB ( '',0.7960784313725489669, 0.8235294117647058432, 0.9372549019607843146 ) ;
#4787 = PRESENTATION_LAYER_ASSIGNMENT (  '', '', ( #6879 ) ) ;
#4788 = DIRECTION ( 'NONE',  ( 0.000000000000000000, 0.000000000000000000, -1.000000000000000000 ) ) ;
#4789 = ORIENTED_EDGE ( 'NONE', *, *, #3657, .T. ) ;
#4790 = VECTOR ( 'NONE', #4869, 1000.000000000000114 ) ;
#4791 = VECTOR ( 'NONE', #7233, 1000.000000000000000 ) ;
#4792 = ORIENTED_EDGE ( 'NONE', *, *, #4471, .T. ) ;
#4793 = SURFACE_SIDE_STYLE ('',( #726 ) ) ;
#4794 = SURFACE_STYLE_USAGE ( .BOTH. , #6141 ) ;
#4795 = DIRECTION ( 'NONE',  ( -0.000000000000000000, 1.000000000000000000, 0.000000000000000000 ) ) ;
#4796 = LINE ( 'NONE', #4049, #427 ) ;
#4797 = CARTESIAN_POINT ( 'NONE',  ( 1.000000000000000000, 0.1498999999999999777, 0.8500000000000001998 ) ) ;
#4798 = VERTEX_POINT ( 'NONE', #7424 ) ;
#4799 = AXIS2_PLACEMENT_3D ( 'NONE', #5679, #3265, #1426 ) ;
#4800 = PRESENTATION_STYLE_ASSIGNMENT (( #7108 ) ) ;
#4801 = DIRECTION ( 'NONE',  ( 1.016439536705160653E-16, 0.000000000000000000, 1.000000000000000000 ) ) ;
#4802 = AXIS2_PLACEMENT_3D ( 'NONE', #4864, #242, #7220 ) ;
#4803 = LINE ( 'NONE', #4749, #2939 ) ;
#4804 = PRESENTATION_STYLE_ASSIGNMENT (( #5360 ) ) ;
#4805 = DIRECTION ( 'NONE',  ( -0.000000000000000000, 1.000000000000000000, 0.000000000000000000 ) ) ;
#4806 = SURFACE_SIDE_STYLE ('',( #2417 ) ) ;
#4807 = DIRECTION ( 'NONE',  ( -0.000000000000000000, -1.000000000000000000, -0.000000000000000000 ) ) ;
#4808 = STYLED_ITEM ( 'NONE', ( #3060 ), #2874 ) ;
#4809 = SURFACE_STYLE_USAGE ( .BOTH. , #5575 ) ;
#4810 = EDGE_CURVE ( 'NONE', #1396, #1823, #6705, .T. ) ;
#4811 = ORIENTED_EDGE ( 'NONE', *, *, #15, .T. ) ;
#4812 = LINE ( 'NONE', #5952, #6540 ) ;
#4813 = COLOUR_RGB ( '',0.7960784313725489669, 0.8235294117647058432, 0.9372549019607843146 ) ;
#4814 = ADVANCED_FACE ( 'NONE', ( #4452 ), #7461, .F. ) ;
#4815 = DIRECTION ( 'NONE',  ( -0.000000000000000000, -0.000000000000000000, 1.000000000000000000 ) ) ;
#4816 =( NAMED_UNIT ( * ) PLANE_ANGLE_UNIT ( ) SI_UNIT ( $, .RADIAN. ) );
#4817 = DIRECTION ( 'NONE',  ( -1.000000000000000000, 0.000000000000000000, -1.084202172485505297E-16 ) ) ;
#4818 = FACE_OUTER_BOUND ( 'NONE', #5318, .T. ) ;
#4819 = EDGE_CURVE ( 'NONE', #98, #5810, #5588, .T. ) ;
#4820 = CIRCLE ( 'NONE', #6782, 0.5000000000000002220 ) ;
#4821 = ORIENTED_EDGE ( 'NONE', *, *, #4408, .F. ) ;
#4822 = CYLINDRICAL_SURFACE ( 'NONE', #1347, 0.5000000000000000000 ) ;
#4823 = EDGE_CURVE ( 'NONE', #6880, #6968, #3177, .T. ) ;
#4824 = EDGE_CURVE ( 'NONE', #2537, #2973, #2064, .T. ) ;
#4825 = LINE ( 'NONE', #2953, #2468 ) ;
#4826 =( NAMED_UNIT ( * ) SI_UNIT ( $, .STERADIAN. ) SOLID_ANGLE_UNIT ( ) );
#4827 = ORIENTED_EDGE ( 'NONE', *, *, #4560, .T. ) ;
#4828 = ORIENTED_EDGE ( 'NONE', *, *, #2424, .F. ) ;
#4829 = CARTESIAN_POINT ( 'NONE',  ( 1.500000000000000000, -0.3000000000383806764, 0.3999999999564352038 ) ) ;
#4830 = CARTESIAN_POINT ( 'NONE',  ( -0.2010090322181517231, 1.199999999999999956, 1.749999999999999778 ) ) ;
#4831 = DIRECTION ( 'NONE',  ( 0.000000000000000000, 0.000000000000000000, 1.000000000000000000 ) ) ;
#4832 = PRESENTATION_STYLE_ASSIGNMENT (( #7190 ) ) ;
#4833 = CARTESIAN_POINT ( 'NONE',  ( 1.701009032218152806, 1.399999999999999911, -2.049900000000000500 ) ) ;
#4834 = DIRECTION ( 'NONE',  ( 0.000000000000000000, 0.000000000000000000, -1.000000000000000000 ) ) ;
#4835 = ORIENTED_EDGE ( 'NONE', *, *, #2727, .T. ) ;
#4836 = VECTOR ( 'NONE', #4531, 1000.000000000000000 ) ;
#4837 =( NAMED_UNIT ( * ) PLANE_ANGLE_UNIT ( ) SI_UNIT ( $, .RADIAN. ) );
#4838 = PLANE ( 'NONE',  #185 ) ;
#4839 = ORIENTED_EDGE ( 'NONE', *, *, #5228, .F. ) ;
#4840 = CARTESIAN_POINT ( 'NONE',  ( -3.149999999999999911, 0.2598999999998395927, -2.049989999999999757 ) ) ;
#4841 = CARTESIAN_POINT ( 'NONE',  ( 3.149999999999999911, 0.2598999999998394816, -2.049994999999999568 ) ) ;
#4842 = PRESENTATION_STYLE_ASSIGNMENT (( #777 ) ) ;
#4843 = ORIENTED_EDGE ( 'NONE', *, *, #7221, .F. ) ;
#4844 = ORIENTED_EDGE ( 'NONE', *, *, #5616, .F. ) ;
#4845 = CARTESIAN_POINT ( 'NONE',  ( 2.050000000000000266, 0.1499999999999999667, -2.050000000000000266 ) ) ;
#4846 = CARTESIAN_POINT ( 'NONE',  ( -1.500000000000000000, -0.2999999999999999889, 0.000000000000000000 ) ) ;
#4847 = COLOUR_RGB ( '',0.7960784313725489669, 0.8235294117647058432, 0.9372549019607843146 ) ;
#4848 = CARTESIAN_POINT ( 'NONE',  ( 3.349900000000001210, 0.9000000000000000222, -2.050000000000000266 ) ) ;
#4849 = CARTESIAN_POINT ( 'NONE',  ( 3.149999999999999911, 1.399999999999999911, -1.500001000000000140 ) ) ;
#4850 = VERTEX_POINT ( 'NONE', #901 ) ;
#4851 = ORIENTED_EDGE ( 'NONE', *, *, #2956, .T. ) ;
#4852 = FACE_OUTER_BOUND ( 'NONE', #4163, .T. ) ;
#4853 = DIRECTION ( 'NONE',  ( 0.000000000000000000, 0.000000000000000000, 1.000000000000000000 ) ) ;
#4854 = EDGE_CURVE ( 'NONE', #5192, #6671, #983, .T. ) ;
#4855 = ADVANCED_FACE ( 'NONE', ( #1986 ), #238, .F. ) ;
#4856 = CARTESIAN_POINT ( 'NONE',  ( -2.799999999999999822, 1.399999999999999911, 1.683333333333333348 ) ) ;
#4857 = SURFACE_SIDE_STYLE ('',( #2482 ) ) ;
#4858 = EDGE_CURVE ( 'NONE', #6130, #5729, #6940, .T. ) ;
#4859 = UNCERTAINTY_MEASURE_WITH_UNIT (LENGTH_MEASURE( 1.000000000000000082E-05 ), #2532, 'distance_accuracy_value', 'NONE');
#4860 = ADVANCED_FACE ( 'NONE', ( #7056 ), #4024, .T. ) ;
#4861 = FACE_OUTER_BOUND ( 'NONE', #3975, .T. ) ;
#4862 = CARTESIAN_POINT ( 'NONE',  ( 0.9499999999999999556, 0.1499999999999999667, 2.949999999999999734 ) ) ;
#4863 = AXIS2_PLACEMENT_3D ( 'NONE', #337, #6275, #6881 ) ;
#4864 = CARTESIAN_POINT ( 'NONE',  ( 0.000000000000000000, 0.8000000000000000444, 0.000000000000000000 ) ) ;
#4865 = ORIENTED_EDGE ( 'NONE', *, *, #6648, .T. ) ;
#4866 = ORIENTED_EDGE ( 'NONE', *, *, #6417, .T. ) ;
#4867 = VECTOR ( 'NONE', #2787, 999.9999999999998863 ) ;
#4868 = DIRECTION ( 'NONE',  ( 4.818676322157800333E-16, 0.000000000000000000, 1.000000000000000000 ) ) ;
#4869 = DIRECTION ( 'NONE',  ( -0.9999999995918134044, -2.857224491007049206E-05, 0.000000000000000000 ) ) ;
#4870 = DIRECTION ( 'NONE',  ( 7.885121045569206762E-16, 0.000000000000000000, -1.000000000000000000 ) ) ;
#4871 = VERTEX_POINT ( 'NONE', #1749 ) ;
#4872 = SURFACE_STYLE_FILL_AREA ( #5978 ) ;
#4873 = EDGE_LOOP ( 'NONE', ( #1006, #7458, #1907, #7234 ) ) ;
#4874 = DIRECTION ( 'NONE',  ( 0.000000000000000000, 0.000000000000000000, -1.000000000000000000 ) ) ;
#4875 = UNCERTAINTY_MEASURE_WITH_UNIT (LENGTH_MEASURE( 1.000000000000000082E-05 ), #2309, 'distance_accuracy_value', 'NONE');
#4876 = VERTEX_POINT ( 'NONE', #433 ) ;
#4877 = DIRECTION ( 'NONE',  ( 0.000000000000000000, 1.000000000000000000, -0.000000000000000000 ) ) ;
#4878 = VERTEX_POINT ( 'NONE', #2949 ) ;
#4879 = CARTESIAN_POINT ( 'NONE',  ( -0.5000000000000000000, 0.1498999999999999777, -0.7499999999999977796 ) ) ;
#4880 = STYLED_ITEM ( 'NONE', ( #3723 ), #2017 ) ;
#4881 = CARTESIAN_POINT ( 'NONE',  ( -3.350000000000000089, 0.000000000000000000, -2.949999999999999734 ) ) ;
#4882 = CARTESIAN_POINT ( 'NONE',  ( -1.500000000000000000, -0.2999999999999999889, 0.000000000000000000 ) ) ;
#4883 = VERTEX_POINT ( 'NONE', #7015 ) ;
#4884 = DIRECTION ( 'NONE',  ( -1.057758217059029840E-16, 0.000000000000000000, -1.000000000000000000 ) ) ;
#4885 = LINE ( 'NONE', #6075, #6430 ) ;
#4886 = CARTESIAN_POINT ( 'NONE',  ( -2.499999999999998668, -0.0001000000000000000048, 0.3500000000000000888 ) ) ;
#4887 = VECTOR ( 'NONE', #7036, 1000.000000000000000 ) ;
#4888 = FILL_AREA_STYLE_COLOUR ( '', #3454 ) ;
#4889 = COLOUR_RGB ( '',0.7960784313725489669, 0.8235294117647058432, 0.9372549019607843146 ) ;
#4890 = LINE ( 'NONE', #749, #3982 ) ;
#4891 =( GEOMETRIC_REPRESENTATION_CONTEXT ( 3 ) GLOBAL_UNCERTAINTY_ASSIGNED_CONTEXT ( ( #7025 ) ) GLOBAL_UNIT_ASSIGNED_CONTEXT ( ( #4357, #894, #5535 ) ) REPRESENTATION_CONTEXT ( 'NONE', 'WORKASPACE' ) );
#4892 = ORIENTED_EDGE ( 'NONE', *, *, #1169, .F. ) ;
#4893 = FILL_AREA_STYLE_COLOUR ( '', #1223 ) ;
#4894 = CARTESIAN_POINT ( 'NONE',  ( 2.049999999999999822, 0.1499999999999999667, 2.050000000000000266 ) ) ;
#4895 = DIRECTION ( 'NONE',  ( 0.000000000000000000, -1.000000000000000000, 0.000000000000000000 ) ) ;
#4896 = MECHANICAL_DESIGN_GEOMETRIC_PRESENTATION_REPRESENTATION (  '', ( #7386 ), #1573 ) ;
#4897 = PLANE ( 'NONE',  #436 ) ;
#4898 = FACE_OUTER_BOUND ( 'NONE', #5084, .T. ) ;
#4899 = CYLINDRICAL_SURFACE ( 'NONE', #4599, 0.5000000000000000000 ) ;
#4900 = VECTOR ( 'NONE', #1379, 1000.000000000000000 ) ;
#4901 = PRESENTATION_LAYER_ASSIGNMENT (  '', '', ( #3635 ) ) ;
#4902 = SURFACE_SIDE_STYLE ('',( #721 ) ) ;
#4903 = EDGE_LOOP ( 'NONE', ( #7530, #5599, #1861, #3998 ) ) ;
#4904 = EDGE_CURVE ( 'NONE', #5480, #2608, #6472, .T. ) ;
#4905 = VECTOR ( 'NONE', #2134, 1000.000000000000000 ) ;
#4906 = EDGE_CURVE ( 'NONE', #1579, #7482, #4096, .T. ) ;
#4907 = EDGE_LOOP ( 'NONE', ( #6562, #3669, #4811, #5478 ) ) ;
#4908 =( GEOMETRIC_REPRESENTATION_CONTEXT ( 3 ) GLOBAL_UNCERTAINTY_ASSIGNED_CONTEXT ( ( #2786 ) ) GLOBAL_UNIT_ASSIGNED_CONTEXT ( ( #5295, #2347, #6494 ) ) REPRESENTATION_CONTEXT ( 'NONE', 'WORKASPACE' ) );
#4909 = DIRECTION ( 'NONE',  ( 0.000000000000000000, 0.000000000000000000, -1.000000000000000000 ) ) ;
#4910 = VECTOR ( 'NONE', #1592, 1000.000000000000000 ) ;
#4911 = VECTOR ( 'NONE', #1211, 1000.000000000000000 ) ;
#4912 = EDGE_CURVE ( 'NONE', #6230, #6350, #5236, .T. ) ;
#4913 = PRESENTATION_STYLE_ASSIGNMENT (( #5398 ) ) ;
#4914 = CARTESIAN_POINT ( 'NONE',  ( 3.149999999999999911, 0.6998999999998395394, 0.5000002888567937065 ) ) ;
#4915 =( NAMED_UNIT ( * ) SI_UNIT ( $, .STERADIAN. ) SOLID_ANGLE_UNIT ( ) );
#4916 = VERTEX_POINT ( 'NONE', #4648 ) ;
#4917 = CARTESIAN_POINT ( 'NONE',  ( -3.350000000000000089, 0.1499999999999999667, -2.050000000000000266 ) ) ;
#4918 = EDGE_LOOP ( 'NONE', ( #448, #6769, #5400, #1111 ) ) ;
#4919 = DIRECTION ( 'NONE',  ( -0.000000000000000000, -1.000000000000000000, -0.000000000000000000 ) ) ;
#4920 = ORIENTED_EDGE ( 'NONE', *, *, #1779, .F. ) ;
#4921 = FACE_OUTER_BOUND ( 'NONE', #3330, .T. ) ;
#4922 = STYLED_ITEM ( 'NONE', ( #3513 ), #842 ) ;
#4923 = CARTESIAN_POINT ( 'NONE',  ( 1.250000000000000000, 1.199999999999999956, 1.750000000000000000 ) ) ;
#4924 = PLANE ( 'NONE',  #3131 ) ;
#4925 = ORIENTED_EDGE ( 'NONE', *, *, #6837, .T. ) ;
#4926 =( NAMED_UNIT ( * ) PLANE_ANGLE_UNIT ( ) SI_UNIT ( $, .RADIAN. ) );
#4927 = PRESENTATION_LAYER_ASSIGNMENT (  '', '', ( #2821 ) ) ;
#4928 = DIRECTION ( 'NONE',  ( -0.9396926207859083169, 0.000000000000000000, -0.3420201433256689905 ) ) ;
#4929 = VECTOR ( 'NONE', #7588, 1000.000000000000000 ) ;
#4930 = DIRECTION ( 'NONE',  ( -1.000000000000000000, 0.000000000000000000, 4.818676322157800333E-16 ) ) ;
#4931 = STYLED_ITEM ( 'NONE', ( #3355 ), #1304 ) ;
#4933 = VERTEX_POINT ( 'NONE', #3401 ) ;
#4932 = PRESENTATION_LAYER_ASSIGNMENT (  '', '', ( #3548 ) ) ;
#4934 = LINE ( 'NONE', #3099, #2825 ) ;
#4935 = LINE ( 'NONE', #3173, #1086 ) ;
#4936 = LINE ( 'NONE', #277, #3397 ) ;
#4937 = DIRECTION ( 'NONE',  ( 0.000000000000000000, -0.000000000000000000, -1.000000000000000000 ) ) ;
#4938 = FILL_AREA_STYLE_COLOUR ( '', #1395 ) ;
#4939 = CARTESIAN_POINT ( 'NONE',  ( 3.149999999999999911, 1.199999999999999956, -1.500000000000000000 ) ) ;
#4940 = ORIENTED_EDGE ( 'NONE', *, *, #1615, .T. ) ;
#4941 = PRESENTATION_LAYER_ASSIGNMENT (  '', '', ( #1493 ) ) ;
#4942 = EDGE_CURVE ( 'NONE', #4438, #331, #7585, .T. ) ;
#4943 = DIRECTION ( 'NONE',  ( -0.000000000000000000, -1.000000000000000000, -0.000000000000000000 ) ) ;
#4944 = UNCERTAINTY_MEASURE_WITH_UNIT (LENGTH_MEASURE( 1.000000000000000082E-05 ), #2333, 'distance_accuracy_value', 'NONE');
#4945 = DIRECTION ( 'NONE',  ( -1.000000000000000000, -0.000000000000000000, 1.057758217059029964E-16 ) ) ;
#4946 = CARTESIAN_POINT ( 'NONE',  ( -1.999999999999999112, -0.0001000000000000000048, 0.8500000000000001998 ) ) ;
#4947 = VECTOR ( 'NONE', #7298, 1000.000000000000000 ) ;
#4948 = CARTESIAN_POINT ( 'NONE',  ( -2.449999999999999734, 0.1499999999999999944, -2.949999999999999734 ) ) ;
#4949 = CARTESIAN_POINT ( 'NONE',  ( -3.149999999999999911, 0.2599009847401052009, -1.500000000000000000 ) ) ;
#4950 = CARTESIAN_POINT ( 'NONE',  ( 0.000000000000000000, 0.1498999999999999777, 0.000000000000000000 ) ) ;
#4951 = ORIENTED_EDGE ( 'NONE', *, *, #5319, .F. ) ;
#4952 = ORIENTED_EDGE ( 'NONE', *, *, #3047, .T. ) ;
#4953 = SURFACE_SIDE_STYLE ('',( #6020 ) ) ;
#4954 = CARTESIAN_POINT ( 'NONE',  ( 0.9499999999999999556, 0.1499999999999999944, 2.949999999999999734 ) ) ;
#4955 = VECTOR ( 'NONE', #5449, 1000.000000000000000 ) ;
#4956 = EDGE_CURVE ( 'NONE', #924, #5979, #6326, .T. ) ;
#4957 = EDGE_CURVE ( 'NONE', #1536, #101, #1682, .T. ) ;
#4958 = VERTEX_POINT ( 'NONE', #2503 ) ;
#4959 = DIRECTION ( 'NONE',  ( 0.000000000000000000, 0.000000000000000000, 1.000000000000000000 ) ) ;
#4960 = ORIENTED_EDGE ( 'NONE', *, *, #5793, .T. ) ;
#4961 =( NAMED_UNIT ( * ) PLANE_ANGLE_UNIT ( ) SI_UNIT ( $, .RADIAN. ) );
#4962 = CARTESIAN_POINT ( 'NONE',  ( -1.701009032218152806, 1.399999999999999911, -2.050000000000000266 ) ) ;
#4963 = EDGE_CURVE ( 'NONE', #3051, #2065, #1105, .T. ) ;
#4964 = CARTESIAN_POINT ( 'NONE',  ( 2.000000000000000000, -0.0001000000000000000048, 0.8500000000000001998 ) ) ;
#4965 =( GEOMETRIC_REPRESENTATION_CONTEXT ( 3 ) GLOBAL_UNCERTAINTY_ASSIGNED_CONTEXT ( ( #3092 ) ) GLOBAL_UNIT_ASSIGNED_CONTEXT ( ( #4676, #534, #7643 ) ) REPRESENTATION_CONTEXT ( 'NONE', 'WORKASPACE' ) );
#4966 = VERTEX_POINT ( 'NONE', #3776 ) ;
#4967 = ORIENTED_EDGE ( 'NONE', *, *, #2823, .F. ) ;
#4968 = SURFACE_STYLE_FILL_AREA ( #819 ) ;
#4969 = PLANE ( 'NONE',  #5886 ) ;
#4970 = CARTESIAN_POINT ( 'NONE',  ( -2.499999999999998224, 0.1498999999999999777, -0.7499999999999977796 ) ) ;
#4971 = VERTEX_POINT ( 'NONE', #6508 ) ;
#4972 = DIRECTION ( 'NONE',  ( 0.000000000000000000, -0.000000000000000000, 1.000000000000000000 ) ) ;
#4973 = LINE ( 'NONE', #2026, #6155 ) ;
#4974 = SURFACE_SIDE_STYLE ('',( #2604 ) ) ;
#4975 = CARTESIAN_POINT ( 'NONE',  ( 0.9499999999999999556, 0.000000000000000000, 2.050000000000000266 ) ) ;
#4976 = DIRECTION ( 'NONE',  ( 0.000000000000000000, 1.000000000000000000, 0.000000000000000000 ) ) ;
#4977 = EDGE_LOOP ( 'NONE', ( #363, #3972, #7003, #6219 ) ) ;
#4978 = VECTOR ( 'NONE', #7502, 1000.000000000000000 ) ;
#4979 =( LENGTH_UNIT ( ) NAMED_UNIT ( * ) SI_UNIT ( .MILLI., .METRE. ) );
#4980 = SURFACE_SIDE_STYLE ('',( #3804 ) ) ;
#4981 = SURFACE_STYLE_USAGE ( .BOTH. , #2731 ) ;
#4982 = PLANE ( 'NONE',  #2869 ) ;
#4983 = DIRECTION ( 'NONE',  ( -1.000000000000000000, 0.000000000000000000, 1.057758217059029840E-16 ) ) ;
#4984 = FILL_AREA_STYLE_COLOUR ( '', #1163 ) ;
#4985 =( NAMED_UNIT ( * ) PLANE_ANGLE_UNIT ( ) SI_UNIT ( $, .RADIAN. ) );
#4986 = CARTESIAN_POINT ( 'NONE',  ( 3.150000000000000355, 0.5199666666666129533, -2.050000000000000266 ) ) ;
#4987 = ORIENTED_EDGE ( 'NONE', *, *, #4574, .T. ) ;
#4988 = CARTESIAN_POINT ( 'NONE',  ( 3.349900000000001210, 0.9000000000000000222, -2.050000000000000266 ) ) ;
#4989 = MECHANICAL_DESIGN_GEOMETRIC_PRESENTATION_REPRESENTATION (  '', ( #3866 ), #1283 ) ;
#4990 = VERTEX_POINT ( 'NONE', #3203 ) ;
#4991 = DIRECTION ( 'NONE',  ( 0.000000000000000000, -0.000000000000000000, -1.000000000000000000 ) ) ;
#4992 = DIRECTION ( 'NONE',  ( 0.000000000000000000, 0.000000000000000000, 1.000000000000000000 ) ) ;
#4993 = VERTEX_POINT ( 'NONE', #5304 ) ;
#4994 = FILL_AREA_STYLE ('',( #6346 ) ) ;
#4995 = FACE_OUTER_BOUND ( 'NONE', #3346, .T. ) ;
#4996 = EDGE_CURVE ( 'NONE', #4261, #1978, #6772, .T. ) ;
#4997 = COLOUR_RGB ( '',0.000000000000000000, 0.000000000000000000, 1.000000000000000000 ) ;
#4998 = EDGE_CURVE ( 'NONE', #645, #1882, #1, .T. ) ;
#4999 = ORIENTED_EDGE ( 'NONE', *, *, #1775, .F. ) ;
#5000 = SURFACE_SIDE_STYLE ('',( #4285 ) ) ;
#5001 = PRESENTATION_STYLE_ASSIGNMENT (( #228 ) ) ;
#5002 = AXIS2_PLACEMENT_3D ( 'NONE', #5315, #3480, #7663 ) ;
#5003 = PRESENTATION_LAYER_ASSIGNMENT (  '', '', ( #670 ) ) ;
#5004 = EDGE_CURVE ( 'NONE', #3714, #817, #223, .T. ) ;
#5005 = DIRECTION ( 'NONE',  ( 0.000000000000000000, -0.000000000000000000, 1.000000000000000000 ) ) ;
#5006 = COLOUR_RGB ( '',1.000000000000000000, 0.5019607843137254832, 0.000000000000000000 ) ;
#5007 = LINE ( 'NONE', #1461, #2813 ) ;
#5008 = VECTOR ( 'NONE', #2232, 1000.000000000000000 ) ;
#5009 = FACE_BOUND ( 'NONE', #5430, .T. ) ;
#5010 = PRESENTATION_STYLE_ASSIGNMENT (( #2638 ) ) ;
#5011 =( NAMED_UNIT ( * ) PLANE_ANGLE_UNIT ( ) SI_UNIT ( $, .RADIAN. ) );
#5012 = ORIENTED_EDGE ( 'NONE', *, *, #3279, .F. ) ;
#5013 = PLANE ( 'NONE',  #3788 ) ;
#5014 = ORIENTED_EDGE ( 'NONE', *, *, #2290, .F. ) ;
#5015 = CIRCLE ( 'NONE', #4634, 0.5000000000000000000 ) ;
#5016 =( NAMED_UNIT ( * ) SI_UNIT ( $, .STERADIAN. ) SOLID_ANGLE_UNIT ( ) );
#5017 = DIRECTION ( 'NONE',  ( 1.000000000000000000, 0.000000000000000000, 0.000000000000000000 ) ) ;
#5018 =( LENGTH_UNIT ( ) NAMED_UNIT ( * ) SI_UNIT ( .MILLI., .METRE. ) );
#5019 = CARTESIAN_POINT ( 'NONE',  ( -2.499999999999998668, -0.0001000000000000000048, 0.8500000000000000888 ) ) ;
#5020 = PRESENTATION_LAYER_ASSIGNMENT (  '', '', ( #3147 ) ) ;
#5021 = CARTESIAN_POINT ( 'NONE',  ( 1.399999999999999911, 1.399999999999999911, 0.9499999999999998446 ) ) ;
#5022 = VECTOR ( 'NONE', #3529, 1000.000000000000000 ) ;
#5023 = SURFACE_STYLE_USAGE ( .BOTH. , #328 ) ;
#5024 = SURFACE_STYLE_USAGE ( .BOTH. , #3229 ) ;
#5025 = SURFACE_STYLE_FILL_AREA ( #4272 ) ;
#5026 = ORIENTED_EDGE ( 'NONE', *, *, #6985, .T. ) ;
#5027 = DIRECTION ( 'NONE',  ( -0.000000000000000000, 1.000000000000000000, 0.000000000000000000 ) ) ;
#5028 = STYLED_ITEM ( 'NONE', ( #134 ), #439 ) ;
#5029 = ORIENTED_EDGE ( 'NONE', *, *, #1017, .T. ) ;
#5030 = CARTESIAN_POINT ( 'NONE',  ( -2.449999999999999734, 0.1499999999999999944, 2.949999999999999734 ) ) ;
#5031 = ORIENTED_EDGE ( 'NONE', *, *, #4810, .F. ) ;
#5032 = LINE ( 'NONE', #7410, #3891 ) ;
#5033 =( GEOMETRIC_REPRESENTATION_CONTEXT ( 3 ) GLOBAL_UNCERTAINTY_ASSIGNED_CONTEXT ( ( #5405 ) ) GLOBAL_UNIT_ASSIGNED_CONTEXT ( ( #4047, #4593, #7000 ) ) REPRESENTATION_CONTEXT ( 'NONE', 'WORKASPACE' ) );
#5034 = ORIENTED_EDGE ( 'NONE', *, *, #1169, .T. ) ;
#5035 = FILL_AREA_STYLE_COLOUR ( '', #1481 ) ;
#5036 =( LENGTH_UNIT ( ) NAMED_UNIT ( * ) SI_UNIT ( .MILLI., .METRE. ) );
#5037 = FILL_AREA_STYLE ('',( #2090 ) ) ;
#5038 =( LENGTH_UNIT ( ) NAMED_UNIT ( * ) SI_UNIT ( .MILLI., .METRE. ) );
#5039 = COLOUR_RGB ( '',0.7960784313725489669, 0.8235294117647058432, 0.9372549019607843146 ) ;
#5040 = ORIENTED_EDGE ( 'NONE', *, *, #2240, .F. ) ;
#5041 = MECHANICAL_DESIGN_GEOMETRIC_PRESENTATION_REPRESENTATION (  '', ( #4541 ), #4664 ) ;
#5042 = VECTOR ( 'NONE', #4456, 1000.000000000000000 ) ;
#5043 = FACE_OUTER_BOUND ( 'NONE', #300, .T. ) ;
#5044 = UNCERTAINTY_MEASURE_WITH_UNIT (LENGTH_MEASURE( 1.000000000000000082E-05 ), #6922, 'distance_accuracy_value', 'NONE');
#5045 = EDGE_CURVE ( 'NONE', #3471, #1952, #4321, .T. ) ;
#5046 = ORIENTED_EDGE ( 'NONE', *, *, #6080, .F. ) ;
#5047 = AXIS2_PLACEMENT_3D ( 'NONE', #2866, #6351, #5225 ) ;
#5048 = MECHANICAL_DESIGN_GEOMETRIC_PRESENTATION_REPRESENTATION (  '', ( #2437 ), #3794 ) ;
#5049 = EDGE_CURVE ( 'NONE', #5648, #4971, #1789, .T. ) ;
#5050 = ORIENTED_EDGE ( 'NONE', *, *, #4906, .F. ) ;
#5051 = EDGE_CURVE ( 'NONE', #2683, #1311, #3730, .T. ) ;
#5052 = LINE ( 'NONE', #7548, #7337 ) ;
#5053 = LINE ( 'NONE', #2103, #5042 ) ;
#5054 = VERTEX_POINT ( 'NONE', #1490 ) ;
#5055 = AXIS2_PLACEMENT_3D ( 'NONE', #4846, #1936, #746 ) ;
#5056 = DIRECTION ( 'NONE',  ( -1.000000000000000000, 0.000000000000000000, 2.168404344971010594E-16 ) ) ;
#5057 = DIRECTION ( 'NONE',  ( 0.9396926207859083169, 0.000000000000000000, -0.3420201433256690460 ) ) ;
#5058 =( NAMED_UNIT ( * ) PLANE_ANGLE_UNIT ( ) SI_UNIT ( $, .RADIAN. ) );
#5059 = PRESENTATION_STYLE_ASSIGNMENT (( #3340 ) ) ;
#5060 = SURFACE_SIDE_STYLE ('',( #3811 ) ) ;
#5061 = CARTESIAN_POINT ( 'NONE',  ( -1.999999999999999112, -0.0001000000000000000048, -0.7499999999999978906 ) ) ;
#5062 = PRESENTATION_LAYER_ASSIGNMENT (  '', '', ( #5799 ) ) ;
#5063 = DIRECTION ( 'NONE',  ( 0.000000000000000000, 0.000000000000000000, -1.000000000000000000 ) ) ;
#5064 = EDGE_LOOP ( 'NONE', ( #1524, #3599, #807, #4562 ) ) ;
#5065 = PRESENTATION_STYLE_ASSIGNMENT (( #1595 ) ) ;
#5066 = ORIENTED_EDGE ( 'NONE', *, *, #4035, .F. ) ;
#5067 = MECHANICAL_DESIGN_GEOMETRIC_PRESENTATION_REPRESENTATION (  '', ( #6791 ), #3206 ) ;
#5068 = DIRECTION ( 'NONE',  ( 0.000000000000000000, -1.000000000000000000, 0.000000000000000000 ) ) ;
#5069 = ORIENTED_EDGE ( 'NONE', *, *, #6730, .F. ) ;
#5070 = CARTESIAN_POINT ( 'NONE',  ( 0.000000000000000000, -0.0001000000000000000048, 0.000000000000000000 ) ) ;
#5071 = CARTESIAN_POINT ( 'NONE',  ( -1.500000000000000000, -9.999999999994822059E-05, 0.000000000000000000 ) ) ;
#5072 = ORIENTED_EDGE ( 'NONE', *, *, #149, .F. ) ;
#5073 = CARTESIAN_POINT ( 'NONE',  ( 1.250000000000000000, 1.199999999999999956, 1.750000000000000000 ) ) ;
#5074 = VECTOR ( 'NONE', #141, 1000.000000000000000 ) ;
#5075 = CARTESIAN_POINT ( 'NONE',  ( -3.350000000000000089, 0.1499999999999999667, -2.050000000000000266 ) ) ;
#5076 = CARTESIAN_POINT ( 'NONE',  ( -2.800009999999996779, 1.399990000000004953, -1.866667000000000520 ) ) ;
#5077 = CARTESIAN_POINT ( 'NONE',  ( 2.449999999999999734, 0.000000000000000000, 2.949999999999999734 ) ) ;
#5078 = LINE ( 'NONE', #1820, #7094 ) ;
#5079 = MECHANICAL_DESIGN_GEOMETRIC_PRESENTATION_REPRESENTATION (  '', ( #5929 ), #5815 ) ;
#5080 = ORIENTED_EDGE ( 'NONE', *, *, #3704, .T. ) ;
#5081 = SURFACE_STYLE_FILL_AREA ( #3912 ) ;
#5082 = LINE ( 'NONE', #5121, #2729 ) ;
#5083 = VECTOR ( 'NONE', #6358, 1000.000000000000000 ) ;
#5084 = EDGE_LOOP ( 'NONE', ( #3679, #5326, #309, #1751 ) ) ;
#5085 = CARTESIAN_POINT ( 'NONE',  ( 3.350000000000000533, 0.2599009847401052009, -1.500000000000000000 ) ) ;
#5086 = UNCERTAINTY_MEASURE_WITH_UNIT (LENGTH_MEASURE( 1.000000000000000082E-05 ), #6956, 'distance_accuracy_value', 'NONE');
#5087 = CARTESIAN_POINT ( 'NONE',  ( -2.449999999999999734, 0.1499999999999999667, 2.949999999999999734 ) ) ;
#5088 = FACE_OUTER_BOUND ( 'NONE', #1035, .T. ) ;
#5089 = ORIENTED_EDGE ( 'NONE', *, *, #3748, .T. ) ;
#5090 = FACE_OUTER_BOUND ( 'NONE', #2405, .T. ) ;
#5091 = EDGE_CURVE ( 'NONE', #6526, #6615, #2010, .T. ) ;
#5092 = SURFACE_STYLE_FILL_AREA ( #3368 ) ;
#5093 = EDGE_CURVE ( 'NONE', #762, #5672, #5488, .T. ) ;
#5094 = VERTEX_POINT ( 'NONE', #7326 ) ;
#5095 = SURFACE_STYLE_USAGE ( .BOTH. , #2106 ) ;
#5096 = CARTESIAN_POINT ( 'NONE',  ( 3.149999999999999911, 1.399999999999999911, -2.050000000000000266 ) ) ;
#5097 = LINE ( 'NONE', #7308, #2278 ) ;
#5098 = DIRECTION ( 'NONE',  ( 0.000000000000000000, 1.000000000000000000, 0.000000000000000000 ) ) ;
#5099 =( NAMED_UNIT ( * ) PLANE_ANGLE_UNIT ( ) SI_UNIT ( $, .RADIAN. ) );
#5100 = LINE ( 'NONE', #951, #6569 ) ;
#5101 = CARTESIAN_POINT ( 'NONE',  ( -1.701009032218152583, 1.399999999999999911, 2.050000000000000266 ) ) ;
#5102 = DIRECTION ( 'NONE',  ( -1.000000000000000000, 0.000000000000000000, 0.000000000000000000 ) ) ;
#5103 =( NAMED_UNIT ( * ) SI_UNIT ( $, .STERADIAN. ) SOLID_ANGLE_UNIT ( ) );
#5104 = DIRECTION ( 'NONE',  ( 0.000000000000000000, 0.000000000000000000, -1.000000000000000000 ) ) ;
#5105 = COLOUR_RGB ( '',1.000000000000000000, 0.000000000000000000, 1.000000000000000000 ) ;
#5106 = FILL_AREA_STYLE ('',( #4467 ) ) ;
#5107 = ORIENTED_EDGE ( 'NONE', *, *, #1025, .T. ) ;
#5108 = CARTESIAN_POINT ( 'NONE',  ( -2.800009999999996779, 1.399990000000004953, -2.050000000000000266 ) ) ;
#5109 = EDGE_LOOP ( 'NONE', ( #6148, #6469, #5162, #1679 ) ) ;
#5110 = SURFACE_SIDE_STYLE ('',( #2739 ) ) ;
#5111 = ORIENTED_EDGE ( 'NONE', *, *, #6380, .T. ) ;
#5112 = CARTESIAN_POINT ( 'NONE',  ( -3.350000000000000089, 0.000000000000000000, 2.050000000000000266 ) ) ;
#5113 = PLANE ( 'NONE',  #2203 ) ;
#5114 = PRESENTATION_STYLE_ASSIGNMENT (( #381 ) ) ;
#5115 = ORIENTED_EDGE ( 'NONE', *, *, #6939, .T. ) ;
#5116 = DIRECTION ( 'NONE',  ( 0.000000000000000000, -1.000000000000000000, 0.000000000000000000 ) ) ;
#5117 = CARTESIAN_POINT ( 'NONE',  ( -3.149999999999999911, 0.2598999999998395927, -2.049989999999999757 ) ) ;
#5118 = CARTESIAN_POINT ( 'NONE',  ( -2.800009999999996779, 1.399990000000004953, -1.683334000000000330 ) ) ;
#5119 = LINE ( 'NONE', #3947, #4100 ) ;
#5120 = ORIENTED_EDGE ( 'NONE', *, *, #2957, .T. ) ;
#5121 = CARTESIAN_POINT ( 'NONE',  ( -2.050000000000000266, 0.1499999999999999944, 2.949999999999999734 ) ) ;
#5122 = PRESENTATION_LAYER_ASSIGNMENT (  '', '', ( #6971 ) ) ;
#5123 = UNCERTAINTY_MEASURE_WITH_UNIT (LENGTH_MEASURE( 1.000000000000000082E-05 ), #1506, 'distance_accuracy_value', 'NONE');
#5124 = ORIENTED_EDGE ( 'NONE', *, *, #1165, .F. ) ;
#5125 = PRESENTATION_STYLE_ASSIGNMENT (( #6467 ) ) ;
#5126 = FACE_OUTER_BOUND ( 'NONE', #2971, .T. ) ;
#5127 = CARTESIAN_POINT ( 'NONE',  ( 3.349900000000000766, 0.9000000000000000222, -1.500001000000000140 ) ) ;
#5128 = ORIENTED_EDGE ( 'NONE', *, *, #4274, .T. ) ;
#5129 = ORIENTED_EDGE ( 'NONE', *, *, #4223, .F. ) ;
#5130 = LINE ( 'NONE', #5709, #4719 ) ;
#5131 = FILL_AREA_STYLE_COLOUR ( '', #1251 ) ;
#5132 = VECTOR ( 'NONE', #6026, 1000.000000000000000 ) ;
#5133 = VECTOR ( 'NONE', #4743, 1000.000000000000000 ) ;
#5134 = CARTESIAN_POINT ( 'NONE',  ( 3.349900000000000766, 0.9000000000000000222, -1.500001000000000140 ) ) ;
#5135 = CARTESIAN_POINT ( 'NONE',  ( 3.149999999999999467, 1.199999999999999956, -1.500000000000000000 ) ) ;
#5136 = PRESENTATION_STYLE_ASSIGNMENT (( #1589 ) ) ;
#5137 =( NAMED_UNIT ( * ) PLANE_ANGLE_UNIT ( ) SI_UNIT ( $, .RADIAN. ) );
#5138 = CARTESIAN_POINT ( 'NONE',  ( 2.500000000000000000, -0.0001000000000000000048, -0.7499999999999977796 ) ) ;
#5139 = VECTOR ( 'NONE', #555, 1000.000000000000000 ) ;
#5140 = AXIS2_PLACEMENT_3D ( 'NONE', #7230, #6014, #3152 ) ;
#5141 = EDGE_CURVE ( 'NONE', #1299, #7346, #3822, .T. ) ;
#5142 = CARTESIAN_POINT ( 'NONE',  ( -3.149999999999999911, -0.4999999999881765689, 2.050000000000000266 ) ) ;
#5143 = EDGE_LOOP ( 'NONE', ( #6383, #5976, #6537, #5942 ) ) ;
#5144 = EDGE_CURVE ( 'NONE', #1886, #7371, #3658, .T. ) ;
#5145 = SURFACE_STYLE_USAGE ( .BOTH. , #4806 ) ;
#5146 = ORIENTED_EDGE ( 'NONE', *, *, #308, .T. ) ;
#5147 = AXIS2_PLACEMENT_3D ( 'NONE', #5902, #4740, #6999 ) ;
#5148 = EDGE_CURVE ( 'NONE', #2554, #5622, #2355, .T. ) ;
#5149 = ORIENTED_EDGE ( 'NONE', *, *, #2202, .T. ) ;
#5150 =( LENGTH_UNIT ( ) NAMED_UNIT ( * ) SI_UNIT ( .MILLI., .METRE. ) );
#5151 = SURFACE_SIDE_STYLE ('',( #1042 ) ) ;
#5152 = DIRECTION ( 'NONE',  ( -4.818676322157800333E-16, -0.000000000000000000, 1.000000000000000000 ) ) ;
#5153 = ADVANCED_FACE ( 'NONE', ( #4995 ), #4924, .T. ) ;
#5154 = FILL_AREA_STYLE_COLOUR ( '', #3058 ) ;
#5155 = ORIENTED_EDGE ( 'NONE', *, *, #2764, .T. ) ;
#5156 = EDGE_CURVE ( 'NONE', #1323, #1877, #339, .T. ) ;
#5157 = STYLED_ITEM ( 'NONE', ( #3728 ), #6890 ) ;
#5158 = SURFACE_STYLE_USAGE ( .BOTH. , #2201 ) ;
#5159 = FILL_AREA_STYLE_COLOUR ( '', #4997 ) ;
#5160 = COLOUR_RGB ( '',0.7960784313725489669, 0.8235294117647058432, 0.9372549019607843146 ) ;
#5161 = VECTOR ( 'NONE', #6503, 1000.000000000000000 ) ;
#5162 = ORIENTED_EDGE ( 'NONE', *, *, #6236, .F. ) ;
#5163 = DIRECTION ( 'NONE',  ( 0.000000000000000000, -0.000000000000000000, -1.000000000000000000 ) ) ;
#5164 = MECHANICAL_DESIGN_GEOMETRIC_PRESENTATION_REPRESENTATION (  '', ( #7009 ), #4027 ) ;
#5165 = CARTESIAN_POINT ( 'NONE',  ( 1.000000000000000000, -0.0001000000000000000048, 0.8500000000000001998 ) ) ;
#5166 = ORIENTED_EDGE ( 'NONE', *, *, #688, .F. ) ;
#5167 = CARTESIAN_POINT ( 'NONE',  ( -0.2010090322181518063, 1.399989999999999846, 0.9499999999999998446 ) ) ;
#5168 = CARTESIAN_POINT ( 'NONE',  ( 0.5000000000000000000, -0.0001000000000000000048, -0.7499999999999977796 ) ) ;
#5169 = VECTOR ( 'NONE', #7342, 1000.000000000000000 ) ;
#5170 = EDGE_LOOP ( 'NONE', ( #5931, #3179, #6063, #10 ) ) ;
#5171 = PRESENTATION_STYLE_ASSIGNMENT (( #1580 ) ) ;
#5172 = VECTOR ( 'NONE', #7328, 1000.000000000000000 ) ;
#5173 = FACE_OUTER_BOUND ( 'NONE', #3692, .T. ) ;
#5174 = CARTESIAN_POINT ( 'NONE',  ( -0.5000000000000000000, 0.1498999999999999777, -0.7499999999999977796 ) ) ;
#5175 = UNCERTAINTY_MEASURE_WITH_UNIT (LENGTH_MEASURE( 1.000000000000000082E-05 ), #3981, 'distance_accuracy_value', 'NONE');
#5176 = SURFACE_SIDE_STYLE ('',( #2361 ) ) ;
#5177 =( LENGTH_UNIT ( ) NAMED_UNIT ( * ) SI_UNIT ( .MILLI., .METRE. ) );
#5178 = PLANE ( 'NONE',  #7505 ) ;
#5179 = LINE ( 'NONE', #1032, #4910 ) ;
#5180 =( NAMED_UNIT ( * ) SI_UNIT ( $, .STERADIAN. ) SOLID_ANGLE_UNIT ( ) );
#5181 = ORIENTED_EDGE ( 'NONE', *, *, #3506, .F. ) ;
#5182 = VECTOR ( 'NONE', #4120, 1000.000000000000000 ) ;
#5183 = ORIENTED_EDGE ( 'NONE', *, *, #2021, .T. ) ;
#5184 = ORIENTED_EDGE ( 'NONE', *, *, #7376, .F. ) ;
#5185 = PLANE ( 'NONE',  #7492 ) ;
#5186 = ORIENTED_EDGE ( 'NONE', *, *, #6421, .T. ) ;
#5187 =( NAMED_UNIT ( * ) PLANE_ANGLE_UNIT ( ) SI_UNIT ( $, .RADIAN. ) );
#5188 = SURFACE_STYLE_USAGE ( .BOTH. , #5937 ) ;
#5189 = DIRECTION ( 'NONE',  ( 0.7071067811865486830, 0.7071067811865464625, -1.916616770854218289E-16 ) ) ;
#5190 = CARTESIAN_POINT ( 'NONE',  ( -1.500000000000000000, -0.5000000000000000000, 0.4000000000000000222 ) ) ;
#5191 = CARTESIAN_POINT ( 'NONE',  ( -3.350000000000000089, 0.1499999999999999667, -2.050000000000000266 ) ) ;
#5192 = VERTEX_POINT ( 'NONE', #7527 ) ;
#5193 = FACE_OUTER_BOUND ( 'NONE', #2876, .T. ) ;
#5194 = EDGE_CURVE ( 'NONE', #3079, #924, #6310, .T. ) ;
#5195 = LINE ( 'NONE', #5258, #64 ) ;
#5196 = VECTOR ( 'NONE', #4251, 1000.000000000000000 ) ;
#5197 =( LENGTH_UNIT ( ) NAMED_UNIT ( * ) SI_UNIT ( .MILLI., .METRE. ) );
#5198 = EDGE_CURVE ( 'NONE', #6403, #6767, #1565, .T. ) ;
#5199 = EDGE_CURVE ( 'NONE', #1800, #3126, #2196, .T. ) ;
#5200 = STYLED_ITEM ( 'NONE', ( #2508 ), #3805 ) ;
#5201 = ORIENTED_EDGE ( 'NONE', *, *, #4274, .F. ) ;
#5202 = FILL_AREA_STYLE ('',( #582 ) ) ;
#5203 = SURFACE_STYLE_FILL_AREA ( #5781 ) ;
#5204 = UNCERTAINTY_MEASURE_WITH_UNIT (LENGTH_MEASURE( 1.000000000000000082E-05 ), #7181, 'distance_accuracy_value', 'NONE');
#5205 = STYLED_ITEM ( 'NONE', ( #322 ), #3985 ) ;
#5206 = FILL_AREA_STYLE ('',( #3440 ) ) ;
#5207 = CYLINDRICAL_SURFACE ( 'NONE', #3415, 0.4000000000000000222 ) ;
#5208 = DIRECTION ( 'NONE',  ( 1.000000000000000000, -0.000000000000000000, 0.000000000000000000 ) ) ;
#5209 = MANIFOLD_SOLID_BREP ( '∂Øƒ - âüÇµèoÇµ15', #2574 ) ;
#5210 = VECTOR ( 'NONE', #5667, 1000.000000000000114 ) ;
#5211 = PLANE ( 'NONE',  #3143 ) ;
#5212 = PRESENTATION_STYLE_ASSIGNMENT (( #5245 ) ) ;
#5213 = FILL_AREA_STYLE ('',( #373 ) ) ;
#5214 = DIRECTION ( 'NONE',  ( 1.016439536705160653E-16, 0.000000000000000000, 1.000000000000000000 ) ) ;
#5215 = EDGE_LOOP ( 'NONE', ( #6226, #2748, #6449, #3738 ) ) ;
#5216 = MECHANICAL_DESIGN_GEOMETRIC_PRESENTATION_REPRESENTATION (  '', ( #4209 ), #5 ) ;
#5217 = VERTEX_POINT ( 'NONE', #1601 ) ;
#5218 = ORIENTED_EDGE ( 'NONE', *, *, #4370, .T. ) ;
#5219 = FILL_AREA_STYLE ('',( #4154 ) ) ;
#5220 =( NAMED_UNIT ( * ) PLANE_ANGLE_UNIT ( ) SI_UNIT ( $, .RADIAN. ) );
#5221 = DIRECTION ( 'NONE',  ( -0.9396926207859080948, 0.000000000000000000, 0.3420201433256695456 ) ) ;
#5222 = PRESENTATION_STYLE_ASSIGNMENT (( #2863 ) ) ;
#5223 =( LENGTH_UNIT ( ) NAMED_UNIT ( * ) SI_UNIT ( .MILLI., .METRE. ) );
#5224 = EDGE_LOOP ( 'NONE', ( #5149, #3045, #581, #4638 ) ) ;
#5225 = DIRECTION ( 'NONE',  ( 0.000000000000000000, 0.000000000000000000, 1.000000000000000000 ) ) ;
#5226 = LINE ( 'NONE', #3580, #2669 ) ;
#5227 = FILL_AREA_STYLE ('',( #7681 ) ) ;
#5228 = EDGE_CURVE ( 'NONE', #3706, #1396, #3353, .T. ) ;
#5229 = ORIENTED_EDGE ( 'NONE', *, *, #3331, .F. ) ;
#5230 = EDGE_CURVE ( 'NONE', #2045, #3449, #5728, .T. ) ;
#5231 = DIRECTION ( 'NONE',  ( 0.000000000000000000, 0.000000000000000000, -1.000000000000000000 ) ) ;
#5232 = EDGE_CURVE ( 'NONE', #2942, #4850, #5499, .T. ) ;
#5233 = AXIS2_PLACEMENT_3D ( 'NONE', #2557, #4930, #3094 ) ;
#5234 = ORIENTED_EDGE ( 'NONE', *, *, #975, .F. ) ;
#5235 = EDGE_CURVE ( 'NONE', #4850, #2942, #304, .T. ) ;
#5236 = LINE ( 'NONE', #4608, #481 ) ;
#5237 = ORIENTED_EDGE ( 'NONE', *, *, #6696, .F. ) ;
#5238 = PRESENTATION_STYLE_ASSIGNMENT (( #6980 ) ) ;
#5239 = VECTOR ( 'NONE', #7116, 1000.000000000000000 ) ;
#5240 = CARTESIAN_POINT ( 'NONE',  ( -3.149999999999999467, 0.6499999999999930278, 2.049990000000000645 ) ) ;
#5241 = CARTESIAN_POINT ( 'NONE',  ( 2.799999999999998934, 1.199999999999999956, 2.050000000000000266 ) ) ;
#5242 = FILL_AREA_STYLE_COLOUR ( '', #4400 ) ;
#5243 =( GEOMETRIC_REPRESENTATION_CONTEXT ( 3 ) GLOBAL_UNCERTAINTY_ASSIGNED_CONTEXT ( ( #981 ) ) GLOBAL_UNIT_ASSIGNED_CONTEXT ( ( #6677, #1391, #1353 ) ) REPRESENTATION_CONTEXT ( 'NONE', 'WORKASPACE' ) );
#5244 = STYLED_ITEM ( 'NONE', ( #6539 ), #2055 ) ;
#5245 = SURFACE_STYLE_USAGE ( .BOTH. , #3517 ) ;
#5246 = CARTESIAN_POINT ( 'NONE',  ( -2.050000000000000266, 0.000000000000000000, -2.050000000000000266 ) ) ;
#5247 = DIRECTION ( 'NONE',  ( -1.000000000000000000, 0.000000000000000000, 0.000000000000000000 ) ) ;
#5248 = ORIENTED_EDGE ( 'NONE', *, *, #6742, .F. ) ;
#5249 = VECTOR ( 'NONE', #4712, 1000.000000000000000 ) ;
#5250 = ORIENTED_EDGE ( 'NONE', *, *, #2833, .F. ) ;
#5251 = DIRECTION ( 'NONE',  ( -1.000000000000000000, 0.000000000000000000, -0.000000000000000000 ) ) ;
#5252 = COLOUR_RGB ( '',1.000000000000000000, 0.5019607843137254832, 0.000000000000000000 ) ;
#5253 = FACE_OUTER_BOUND ( 'NONE', #2619, .T. ) ;
#5254 = PLANE ( 'NONE',  #2059 ) ;
#5255 = PRESENTATION_STYLE_ASSIGNMENT (( #2998 ) ) ;
#5256 = FILL_AREA_STYLE ('',( #3000 ) ) ;
#5257 = ORIENTED_EDGE ( 'NONE', *, *, #3857, .T. ) ;
#5258 = CARTESIAN_POINT ( 'NONE',  ( 1.399999999999999689, 2.700000000000000178, 0.9499999999999999556 ) ) ;
#5259 = COLOUR_RGB ( '',0.000000000000000000, 0.000000000000000000, 1.000000000000000000 ) ;
#5260 = ORIENTED_EDGE ( 'NONE', *, *, #7028, .F. ) ;
#5262 =( GEOMETRIC_REPRESENTATION_CONTEXT ( 3 ) GLOBAL_UNCERTAINTY_ASSIGNED_CONTEXT ( ( #2463 ) ) GLOBAL_UNIT_ASSIGNED_CONTEXT ( ( #466, #6888, #1642 ) ) REPRESENTATION_CONTEXT ( 'NONE', 'WORKASPACE' ) );
#5261 = STYLED_ITEM ( 'NONE', ( #2230 ), #5802 ) ;
#5263 = VERTEX_POINT ( 'NONE', #5650 ) ;
#5264 = FILL_AREA_STYLE ('',( #1128 ) ) ;
#5265 = SURFACE_STYLE_FILL_AREA ( #2902 ) ;
#5266 = UNCERTAINTY_MEASURE_WITH_UNIT (LENGTH_MEASURE( 1.000000000000000082E-05 ), #2146, 'distance_accuracy_value', 'NONE');
#5267 = CIRCLE ( 'NONE', #7393, 0.5000000000000000000 ) ;
#5268 = ORIENTED_EDGE ( 'NONE', *, *, #3418, .F. ) ;
#5269 = COLOUR_RGB ( '',0.7960784313725489669, 0.8235294117647058432, 0.9372549019607843146 ) ;
#5270 =( NAMED_UNIT ( * ) PLANE_ANGLE_UNIT ( ) SI_UNIT ( $, .RADIAN. ) );
#5271 = EDGE_LOOP ( 'NONE', ( #4737, #2097, #779, #3523 ) ) ;
#5272 = VECTOR ( 'NONE', #994, 1000.000000000000000 ) ;
#5273 = PRESENTATION_STYLE_ASSIGNMENT (( #1103 ) ) ;
#5274 =( LENGTH_UNIT ( ) NAMED_UNIT ( * ) SI_UNIT ( .MILLI., .METRE. ) );
#5275 = EDGE_CURVE ( 'NONE', #1034, #1742, #2826, .T. ) ;
#5276 = EDGE_CURVE ( 'NONE', #563, #7159, #4475, .T. ) ;
#5277 = CARTESIAN_POINT ( 'NONE',  ( 0.2500000000000000000, 1.199999999999999956, 2.449999999999999734 ) ) ;
#5278 = COLOUR_RGB ( '',0.000000000000000000, 0.000000000000000000, 1.000000000000000000 ) ;
#5279 = DIRECTION ( 'NONE',  ( -1.000000000000000000, -0.000000000000000000, -0.000000000000000000 ) ) ;
#5280 = EDGE_CURVE ( 'NONE', #3449, #6007, #4594, .T. ) ;
#5281 = CARTESIAN_POINT ( 'NONE',  ( 0.5500000000000000444, 0.1499999999999999944, 2.949999999999999734 ) ) ;
#5282 = FILL_AREA_STYLE_COLOUR ( '', #1183 ) ;
#5283 = CYLINDRICAL_SURFACE ( 'NONE', #3898, 0.5000000000000000000 ) ;
#5284 = ORIENTED_EDGE ( 'NONE', *, *, #6656, .T. ) ;
#5285 = VECTOR ( 'NONE', #6862, 1000.000000000000000 ) ;
#5286 = ORIENTED_EDGE ( 'NONE', *, *, #1371, .T. ) ;
#5287 =( GEOMETRIC_REPRESENTATION_CONTEXT ( 3 ) GLOBAL_UNCERTAINTY_ASSIGNED_CONTEXT ( ( #5881 ) ) GLOBAL_UNIT_ASSIGNED_CONTEXT ( ( #6655, #3119, #3655 ) ) REPRESENTATION_CONTEXT ( 'NONE', 'WORKASPACE' ) );
#5288 = LINE ( 'NONE', #4701, #5780 ) ;
#5289 = CARTESIAN_POINT ( 'NONE',  ( 0.9999999999999995559, -0.0001000000000000000048, -1.249999999999997780 ) ) ;
#5290 = PLANE ( 'NONE',  #2160 ) ;
#5291 = FACE_OUTER_BOUND ( 'NONE', #334, .T. ) ;
#5292 = ORIENTED_EDGE ( 'NONE', *, *, #5569, .T. ) ;
#5293 = SURFACE_SIDE_STYLE ('',( #5359 ) ) ;
#5294 =( NAMED_UNIT ( * ) SI_UNIT ( $, .STERADIAN. ) SOLID_ANGLE_UNIT ( ) );
#5295 =( LENGTH_UNIT ( ) NAMED_UNIT ( * ) SI_UNIT ( .MILLI., .METRE. ) );
#5296 = ORIENTED_EDGE ( 'NONE', *, *, #700, .T. ) ;
#5297 = FACE_OUTER_BOUND ( 'NONE', #6094, .T. ) ;
#5298 = CARTESIAN_POINT ( 'NONE',  ( -3.149999999999999911, 1.399999999999999911, 2.050000000000000266 ) ) ;
#5299 = ORIENTED_EDGE ( 'NONE', *, *, #4518, .T. ) ;
#5300 = PLANE ( 'NONE',  #6552 ) ;
#5301 = CARTESIAN_POINT ( 'NONE',  ( -1.500000000000000000, -0.5000000000000000000, 0.000000000000000000 ) ) ;
#5302 = ORIENTED_EDGE ( 'NONE', *, *, #2528, .F. ) ;
#5303 = MECHANICAL_DESIGN_GEOMETRIC_PRESENTATION_REPRESENTATION (  '', ( #5918 ), #7047 ) ;
#5304 = CARTESIAN_POINT ( 'NONE',  ( -1.999999999999999112, 0.1498999999999999777, 0.8500000000000001998 ) ) ;
#5305 = ORIENTED_EDGE ( 'NONE', *, *, #5934, .F. ) ;
#5306 =( LENGTH_UNIT ( ) NAMED_UNIT ( * ) SI_UNIT ( .MILLI., .METRE. ) );
#5307 = CARTESIAN_POINT ( 'NONE',  ( 2.050000000000000266, 0.1499999999999999944, -2.050000000000000266 ) ) ;
#5308 = SURFACE_STYLE_FILL_AREA ( #7656 ) ;
#5309 = STYLED_ITEM ( 'NONE', ( #6886 ), #3908 ) ;
#5310 = FACE_OUTER_BOUND ( 'NONE', #1509, .T. ) ;
#5311 = PLANE ( 'NONE',  #3281 ) ;
#5312 =( NAMED_UNIT ( * ) PLANE_ANGLE_UNIT ( ) SI_UNIT ( $, .RADIAN. ) );
#5313 = EDGE_CURVE ( 'NONE', #6897, #6082, #6390, .T. ) ;
#5314 = EDGE_CURVE ( 'NONE', #937, #7255, #5032, .T. ) ;
#5315 = CARTESIAN_POINT ( 'NONE',  ( 0.000000000000000000, 0.000000000000000000, 0.000000000000000000 ) ) ;
#5316 =( NAMED_UNIT ( * ) PLANE_ANGLE_UNIT ( ) SI_UNIT ( $, .RADIAN. ) );
#5317 = CARTESIAN_POINT ( 'NONE',  ( 6.123233995736766036E-17, 0.1498999999999999777, 0.5000000000000000000 ) ) ;
#5318 = EDGE_LOOP ( 'NONE', ( #351, #5183, #2814, #5950 ) ) ;
#5319 = EDGE_CURVE ( 'NONE', #3235, #692, #4796, .T. ) ;
#5320 = EDGE_CURVE ( 'NONE', #7676, #796, #7117, .T. ) ;
#5321 = AXIS2_PLACEMENT_3D ( 'NONE', #7416, #5699, #2165 ) ;
#5322 = VERTEX_POINT ( 'NONE', #1121 ) ;
#5323 = SURFACE_SIDE_STYLE ('',( #2858 ) ) ;
#5324 = DIRECTION ( 'NONE',  ( 1.000000000000000000, -0.000000000000000000, -0.000000000000000000 ) ) ;
#5325 = PLANE ( 'NONE',  #2653 ) ;
#5326 = ORIENTED_EDGE ( 'NONE', *, *, #2527, .F. ) ;
#5327 = CARTESIAN_POINT ( 'NONE',  ( -3.350000000000000089, 1.399999999999999911, 1.750000000000000000 ) ) ;
#5328 = ORIENTED_EDGE ( 'NONE', *, *, #4709, .T. ) ;
#5329 = FACE_OUTER_BOUND ( 'NONE', #5143, .T. ) ;
#5330 =( NAMED_UNIT ( * ) SI_UNIT ( $, .STERADIAN. ) SOLID_ANGLE_UNIT ( ) );
#5331 = CARTESIAN_POINT ( 'NONE',  ( -0.5000000000000004441, 0.1498999999999999777, 0.8500000000000003109 ) ) ;
#5332 = MECHANICAL_DESIGN_GEOMETRIC_PRESENTATION_REPRESENTATION (  '', ( #1531 ), #6820 ) ;
#5333 = DIRECTION ( 'NONE',  ( -1.000000000000000000, -0.000000000000000000, -2.168404344971010594E-16 ) ) ;
#5334 = DIRECTION ( 'NONE',  ( 1.084202172485505297E-16, 0.000000000000000000, -1.000000000000000000 ) ) ;
#5335 = UNCERTAINTY_MEASURE_WITH_UNIT (LENGTH_MEASURE( 1.000000000000000082E-05 ), #7503, 'distance_accuracy_value', 'NONE');
#5336 = DIRECTION ( 'NONE',  ( -1.000000000000000000, -0.000000000000000000, 1.057758217059029964E-16 ) ) ;
#5337 = EDGE_LOOP ( 'NONE', ( #3821, #731, #3059, #4705 ) ) ;
#5338 = SURFACE_STYLE_FILL_AREA ( #1752 ) ;
#5339 = DIRECTION ( 'NONE',  ( 0.000000000000000000, -0.000000000000000000, -1.000000000000000000 ) ) ;
#5340 = DIRECTION ( 'NONE',  ( 0.000000000000000000, -1.000000000000000000, 0.000000000000000000 ) ) ;
#5341 = LINE ( 'NONE', #3561, #2049 ) ;
#5342 =( NAMED_UNIT ( * ) SI_UNIT ( $, .STERADIAN. ) SOLID_ANGLE_UNIT ( ) );
#5343 = COLOUR_RGB ( '',1.000000000000000000, 0.5019607843137254832, 0.000000000000000000 ) ;
#5344 = ORIENTED_EDGE ( 'NONE', *, *, #3594, .F. ) ;
#5345 = FACE_OUTER_BOUND ( 'NONE', #1146, .T. ) ;
#5346 = ADVANCED_FACE ( 'NONE', ( #4116 ), #5325, .F. ) ;
#5347 = ORIENTED_EDGE ( 'NONE', *, *, #2145, .T. ) ;
#5348 = DIRECTION ( 'NONE',  ( 0.000000000000000000, -1.000000000000000000, 0.000000000000000000 ) ) ;
#5349 = CARTESIAN_POINT ( 'NONE',  ( 2.916666666666666963, 1.399999999999999911, -1.500000000000000000 ) ) ;
#5350 = EDGE_CURVE ( 'NONE', #3875, #98, #7600, .T. ) ;
#5351 = EDGE_CURVE ( 'NONE', #4990, #4916, #7002, .T. ) ;
#5352 = CARTESIAN_POINT ( 'NONE',  ( -1.148990967781847949, 1.199999999999999956, 1.750000000000000000 ) ) ;
#5353 = DIRECTION ( 'NONE',  ( -0.000000000000000000, 1.000000000000000000, -0.000000000000000000 ) ) ;
#5354 = ORIENTED_EDGE ( 'NONE', *, *, #2062, .F. ) ;
#5355 = CARTESIAN_POINT ( 'NONE',  ( 1.451009032218151917, 1.199999999999999956, 1.750000000000000000 ) ) ;
#5356 = AXIS2_PLACEMENT_3D ( 'NONE', #3276, #4394, #4992 ) ;
#5357 = CARTESIAN_POINT ( 'NONE',  ( -3.350000000000000533, 0.2599003282466580411, -0.5000000000002154943 ) ) ;
#5358 = VERTEX_POINT ( 'NONE', #570 ) ;
#5359 = SURFACE_STYLE_FILL_AREA ( #532 ) ;
#5360 = SURFACE_STYLE_USAGE ( .BOTH. , #3007 ) ;
#5361 = DIRECTION ( 'NONE',  ( 0.000000000000000000, -0.000000000000000000, -1.000000000000000000 ) ) ;
#5362 = EDGE_CURVE ( 'NONE', #6968, #7497, #2969, .T. ) ;
#5363 = VECTOR ( 'NONE', #6613, 1000.000000000000000 ) ;
#5364 = ORIENTED_EDGE ( 'NONE', *, *, #4942, .T. ) ;
#5365 = VECTOR ( 'NONE', #3695, 1000.000000000000000 ) ;
#5366 = CARTESIAN_POINT ( 'NONE',  ( 2.050000000000000266, 0.1499999999999999944, 2.949999999999999734 ) ) ;
#5367 = DIRECTION ( 'NONE',  ( 0.000000000000000000, 0.000000000000000000, -1.000000000000000000 ) ) ;
#5368 = ADVANCED_FACE ( 'NONE', ( #4157 ), #1766, .F. ) ;
#5369 = EDGE_CURVE ( 'NONE', #5617, #4191, #2344, .T. ) ;
#5370 = VERTEX_POINT ( 'NONE', #5352 ) ;
#5371 =( GEOMETRIC_REPRESENTATION_CONTEXT ( 3 ) GLOBAL_UNCERTAINTY_ASSIGNED_CONTEXT ( ( #5635 ) ) GLOBAL_UNIT_ASSIGNED_CONTEXT ( ( #850, #767, #689 ) ) REPRESENTATION_CONTEXT ( 'NONE', 'WORKASPACE' ) );
#5372 = LINE ( 'NONE', #2428, #2340 ) ;
#5373 = SURFACE_SIDE_STYLE ('',( #1129 ) ) ;
#5374 =( LENGTH_UNIT ( ) NAMED_UNIT ( * ) SI_UNIT ( .MILLI., .METRE. ) );
#5375 = VECTOR ( 'NONE', #1905, 1000.000000000000000 ) ;
#5376 = CARTESIAN_POINT ( 'NONE',  ( 3.149999999999999911, 1.199999999999999956, 1.500000000000000000 ) ) ;
#5377 = PRODUCT_DEFINITION_SHAPE ( 'NONE', 'NONE',  #4215 ) ;
#5378 = ORIENTED_EDGE ( 'NONE', *, *, #2108, .T. ) ;
#5379 = LINE ( 'NONE', #6044, #4543 ) ;
#5380 = FACE_OUTER_BOUND ( 'NONE', #2260, .T. ) ;
#5381 = CARTESIAN_POINT ( 'NONE',  ( 3.149999999999999911, 1.399999999999999911, 1.500001000000000140 ) ) ;
#5382 = DIRECTION ( 'NONE',  ( 0.000000000000000000, -0.000000000000000000, -1.000000000000000000 ) ) ;
#5383 =( NAMED_UNIT ( * ) PLANE_ANGLE_UNIT ( ) SI_UNIT ( $, .RADIAN. ) );
#5384 = FACE_BOUND ( 'NONE', #7288, .T. ) ;
#5385 = LINE ( 'NONE', #2445, #3710 ) ;
#5386 = PRESENTATION_LAYER_ASSIGNMENT (  '', '', ( #2924 ) ) ;
#5387 = DIRECTION ( 'NONE',  ( -1.000000000000000000, 0.000000000000000000, 7.856280381640351711E-16 ) ) ;
#5388 = VECTOR ( 'NONE', #2220, 1000.000000000000000 ) ;
#5389 =( LENGTH_UNIT ( ) NAMED_UNIT ( * ) SI_UNIT ( .MILLI., .METRE. ) );
#5390 = ORIENTED_EDGE ( 'NONE', *, *, #1257, .T. ) ;
#5391 = VECTOR ( 'NONE', #4374, 1000.000000000000000 ) ;
#5392 = VECTOR ( 'NONE', #2655, 1000.000000000000000 ) ;
#5393 = EDGE_LOOP ( 'NONE', ( #6644, #7270, #1890, #3299 ) ) ;
#5394 = CARTESIAN_POINT ( 'NONE',  ( 2.049999999999999822, 0.1499999999999999667, -2.949999999999999734 ) ) ;
#5395 = LINE ( 'NONE', #4830, #1901 ) ;
#5396 = CARTESIAN_POINT ( 'NONE',  ( 1.000000000000000000, 0.1498999999999999777, 0.8500000000000001998 ) ) ;
#5397 =( NAMED_UNIT ( * ) PLANE_ANGLE_UNIT ( ) SI_UNIT ( $, .RADIAN. ) );
#5398 = SURFACE_STYLE_USAGE ( .BOTH. , #7311 ) ;
#5399 =( NAMED_UNIT ( * ) SI_UNIT ( $, .STERADIAN. ) SOLID_ANGLE_UNIT ( ) );
#5400 = ORIENTED_EDGE ( 'NONE', *, *, #2016, .F. ) ;
#5401 = MECHANICAL_DESIGN_GEOMETRIC_PRESENTATION_REPRESENTATION (  '', ( #4404 ), #3301 ) ;
#5402 = DIRECTION ( 'NONE',  ( -1.000000000000000000, 0.000000000000000000, -0.000000000000000000 ) ) ;
#5403 = ORIENTED_EDGE ( 'NONE', *, *, #1017, .F. ) ;
#5404 = PLANE ( 'NONE',  #2176 ) ;
#5405 = UNCERTAINTY_MEASURE_WITH_UNIT (LENGTH_MEASURE( 1.000000000000000082E-05 ), #4047, 'distance_accuracy_value', 'NONE');
#5406 = EDGE_LOOP ( 'NONE', ( #1802, #1288, #1398, #4866 ) ) ;
#5407 =( GEOMETRIC_REPRESENTATION_CONTEXT ( 3 ) GLOBAL_UNCERTAINTY_ASSIGNED_CONTEXT ( ( #2313 ) ) GLOBAL_UNIT_ASSIGNED_CONTEXT ( ( #4631, #3392, #1528 ) ) REPRESENTATION_CONTEXT ( 'NONE', 'WORKASPACE' ) );
#5408 = CARTESIAN_POINT ( 'NONE',  ( -3.349999999999998757, 0.9000000000000060174, 1.500001000000000140 ) ) ;
#5409 = DIRECTION ( 'NONE',  ( 1.000000000000000000, -0.000000000000000000, 0.000000000000000000 ) ) ;
#5410 = ADVANCED_FACE ( 'NONE', ( #4629 ), #5290, .F. ) ;
#5411 = ADVANCED_FACE ( 'NONE', ( #3424 ), #5803, .F. ) ;
#5412 = VERTEX_POINT ( 'NONE', #2039 ) ;
#5413 = EDGE_LOOP ( 'NONE', ( #2258, #4577, #1583, #4430 ) ) ;
#5414 = FILL_AREA_STYLE_COLOUR ( '', #7049 ) ;
#5415 = SURFACE_STYLE_FILL_AREA ( #3053 ) ;
#5416 = SURFACE_SIDE_STYLE ('',( #6039 ) ) ;
#5417 = ADVANCED_FACE ( 'NONE', ( #6146 ), #4348, .T. ) ;
#5418 = ADVANCED_FACE ( 'NONE', ( #4305 ), #1273, .F. ) ;
#5419 = VECTOR ( 'NONE', #6157, 1000.000000000000000 ) ;
#5420 = ORIENTED_EDGE ( 'NONE', *, *, #3196, .F. ) ;
#5421 = CARTESIAN_POINT ( 'NONE',  ( 0.000000000000000000, 0.000000000000000000, 2.049989999999999757 ) ) ;
#5422 = DIRECTION ( 'NONE',  ( -1.016439536705160653E-16, 0.000000000000000000, -1.000000000000000000 ) ) ;
#5423 = PLANE ( 'NONE',  #948 ) ;
#5424 = DIRECTION ( 'NONE',  ( 0.3420201433256689905, 0.000000000000000000, 0.9396926207859083169 ) ) ;
#5425 = DIRECTION ( 'NONE',  ( -1.000000000000000000, 0.000000000000000000, -0.000000000000000000 ) ) ;
#5426 = CARTESIAN_POINT ( 'NONE',  ( 1.250000000000000000, 0.8000000000000000444, 2.449999999999999734 ) ) ;
#5427 = FILL_AREA_STYLE ('',( #6750 ) ) ;
#5428 = ORIENTED_EDGE ( 'NONE', *, *, #1165, .T. ) ;
#5429 = VECTOR ( 'NONE', #4774, 1000.000000000000000 ) ;
#5430 = EDGE_LOOP ( 'NONE', ( #4001, #4663, #7129, #6823 ) ) ;
#5431 = AXIS2_PLACEMENT_3D ( 'NONE', #5831, #6461, #4597 ) ;
#5432 = DIRECTION ( 'NONE',  ( 0.000000000000000000, 1.000000000000000000, -0.000000000000000000 ) ) ;
#5433 = CARTESIAN_POINT ( 'NONE',  ( 0.2500000000000000000, 0.8000000000000000444, 2.449999999999999734 ) ) ;
#5434 =( LENGTH_UNIT ( ) NAMED_UNIT ( * ) SI_UNIT ( .MILLI., .METRE. ) );
#5435 = PLANE ( 'NONE',  #4030 ) ;
#5436 = ORIENTED_EDGE ( 'NONE', *, *, #399, .T. ) ;
#5437 = FILL_AREA_STYLE ('',( #6536 ) ) ;
#5438 = EDGE_LOOP ( 'NONE', ( #606, #2052, #3911, #5608 ) ) ;
#5439 = MECHANICAL_DESIGN_GEOMETRIC_PRESENTATION_REPRESENTATION (  '', ( #122 ), #6444 ) ;
#5440 = DIRECTION ( 'NONE',  ( 0.000000000000000000, 0.000000000000000000, 1.000000000000000000 ) ) ;
#5441 = FACE_OUTER_BOUND ( 'NONE', #2524, .T. ) ;
#5442 = ORIENTED_EDGE ( 'NONE', *, *, #7421, .T. ) ;
#5443 = ORIENTED_EDGE ( 'NONE', *, *, #2380, .T. ) ;
#5444 = LINE ( 'NONE', #2466, #2539 ) ;
#5445 = VECTOR ( 'NONE', #2113, 1000.000000000000000 ) ;
#5446 = CARTESIAN_POINT ( 'NONE',  ( 3.150000000000000355, 1.399999999999999911, 2.050000000000000266 ) ) ;
#5447 = EDGE_LOOP ( 'NONE', ( #4607, #7477, #974, #6665 ) ) ;
#5448 = EDGE_LOOP ( 'NONE', ( #7622, #2538, #3249, #7313, #5344, #6953, #979, #3204, #513, #3270, #6914, #6052, #401, #2706, #5795, #1602, #3145, #1207, #5917, #2872, #4865, #1080, #7425, #4492 ) ) ;
#5449 = DIRECTION ( 'NONE',  ( 1.000000000000000000, 0.000000000000000000, -0.000000000000000000 ) ) ;
#5450 = PRESENTATION_STYLE_ASSIGNMENT (( #6076 ) ) ;
#5451 = FACE_OUTER_BOUND ( 'NONE', #4221, .T. ) ;
#5452 = MECHANICAL_DESIGN_GEOMETRIC_PRESENTATION_REPRESENTATION (  '', ( #770 ), #6816 ) ;
#5453 = CARTESIAN_POINT ( 'NONE',  ( -0.2010090322181518063, 1.399989999999999846, 0.9499999999999998446 ) ) ;
#5454 = CARTESIAN_POINT ( 'NONE',  ( -3.350000000000000533, 0.2599009847401052009, -1.500000000000000000 ) ) ;
#5455 = VERTEX_POINT ( 'NONE', #4833 ) ;
#5456 = VECTOR ( 'NONE', #2912, 1000.000000000000114 ) ;
#5457 = EDGE_CURVE ( 'NONE', #4958, #1323, #7191, .T. ) ;
#5458 = ADVANCED_FACE ( 'NONE', ( #3963 ), #5178, .F. ) ;
#5459 = EDGE_LOOP ( 'NONE', ( #3273, #7601, #1894, #2048 ) ) ;
#5460 = CARTESIAN_POINT ( 'NONE',  ( 0.5499999999999999334, 0.1499999999999999667, 2.050000000000000266 ) ) ;
#5461 = PLANE ( 'NONE',  #2215 ) ;
#5462 =( LENGTH_UNIT ( ) NAMED_UNIT ( * ) SI_UNIT ( .MILLI., .METRE. ) );
#5463 = ADVANCED_FACE ( 'NONE', ( #3343 ), #3377, .F. ) ;
#5464 = FACE_OUTER_BOUND ( 'NONE', #6975, .T. ) ;
#5465 = UNCERTAINTY_MEASURE_WITH_UNIT (LENGTH_MEASURE( 1.000000000000000082E-05 ), #5150, 'distance_accuracy_value', 'NONE');
#5466 =( NAMED_UNIT ( * ) PLANE_ANGLE_UNIT ( ) SI_UNIT ( $, .RADIAN. ) );
#5467 = CARTESIAN_POINT ( 'NONE',  ( -1.148990967781847949, 1.199999999999999956, 2.050000000000000266 ) ) ;
#5468 = SURFACE_STYLE_FILL_AREA ( #1469 ) ;
#5469 = AXIS2_PLACEMENT_3D ( 'NONE', #6698, #4330, #1980 ) ;
#5470 = CARTESIAN_POINT ( 'NONE',  ( -3.149999999999999467, 0.6500000000000000222, -2.049989999999999757 ) ) ;
#5471 = VERTEX_POINT ( 'NONE', #2116 ) ;
#5472 = VERTEX_POINT ( 'NONE', #443 ) ;
#5473 = PRESENTATION_LAYER_ASSIGNMENT (  '', '', ( #1158 ) ) ;
#5474 =( NAMED_UNIT ( * ) SI_UNIT ( $, .STERADIAN. ) SOLID_ANGLE_UNIT ( ) );
#5475 = PRESENTATION_STYLE_ASSIGNMENT (( #4794 ) ) ;
#5476 = FACE_OUTER_BOUND ( 'NONE', #1001, .T. ) ;
#5477 = SURFACE_SIDE_STYLE ('',( #5564 ) ) ;
#5478 = ORIENTED_EDGE ( 'NONE', *, *, #7566, .T. ) ;
#5479 = CARTESIAN_POINT ( 'NONE',  ( 3.149999999999999911, 0.2598999999998394816, -2.049994999999999568 ) ) ;
#5480 = VERTEX_POINT ( 'NONE', #6224 ) ;
#5481 = STYLED_ITEM ( 'NONE', ( #5640 ), #7658 ) ;
#5482 =( NAMED_UNIT ( * ) PLANE_ANGLE_UNIT ( ) SI_UNIT ( $, .RADIAN. ) );
#5483 = EDGE_LOOP ( 'NONE', ( #7363, #2722, #7596, #1631 ) ) ;
#5484 = LINE ( 'NONE', #6651, #2896 ) ;
#5485 = PRESENTATION_STYLE_ASSIGNMENT (( #2590 ) ) ;
#5486 =( GEOMETRIC_REPRESENTATION_CONTEXT ( 3 ) GLOBAL_UNCERTAINTY_ASSIGNED_CONTEXT ( ( #2096 ) ) GLOBAL_UNIT_ASSIGNED_CONTEXT ( ( #4201, #4837, #7196 ) ) REPRESENTATION_CONTEXT ( 'NONE', 'WORKASPACE' ) );
#5487 = PLANE ( 'NONE',  #4045 ) ;
#5488 = LINE ( 'NONE', #4964, #2041 ) ;
#5489 = ORIENTED_EDGE ( 'NONE', *, *, #5794, .T. ) ;
#5490 = DIRECTION ( 'NONE',  ( 0.000000000000000000, 0.000000000000000000, 1.000000000000000000 ) ) ;
#5491 = ORIENTED_EDGE ( 'NONE', *, *, #500, .F. ) ;
#5492 = FACE_OUTER_BOUND ( 'NONE', #3859, .T. ) ;
#5493 =( NAMED_UNIT ( * ) SI_UNIT ( $, .STERADIAN. ) SOLID_ANGLE_UNIT ( ) );
#5494 = MECHANICAL_DESIGN_GEOMETRIC_PRESENTATION_REPRESENTATION (  '', ( #6113 ), #549 ) ;
#5495 = ORIENTED_EDGE ( 'NONE', *, *, #3846, .T. ) ;
#5496 =( NAMED_UNIT ( * ) PLANE_ANGLE_UNIT ( ) SI_UNIT ( $, .RADIAN. ) );
#5497 = DIRECTION ( 'NONE',  ( 1.000000000000000000, -0.000000000000000000, -0.000000000000000000 ) ) ;
#5498 = AXIS2_PLACEMENT_3D ( 'NONE', #2995, #5348, #1547 ) ;
#5499 = CIRCLE ( 'NONE', #805, 0.4000000000000000222 ) ;
#5500 = VERTEX_POINT ( 'NONE', #911 ) ;
#5501 = DIRECTION ( 'NONE',  ( 0.000000000000000000, -1.000000000000000000, 0.000000000000000000 ) ) ;
#5502 = VECTOR ( 'NONE', #1245, 1000.000000000000000 ) ;
#5503 = AXIS2_PLACEMENT_3D ( 'NONE', #602, #2362, #5854 ) ;
#5504 = MECHANICAL_DESIGN_GEOMETRIC_PRESENTATION_REPRESENTATION (  '', ( #932 ), #7381 ) ;
#5505 = CARTESIAN_POINT ( 'NONE',  ( 3.349900000000001210, 0.9000000000000000222, 2.050000000000000266 ) ) ;
#5506 = CARTESIAN_POINT ( 'NONE',  ( 3.350000000000000533, 0.6999003282465632303, -0.4999997111430987129 ) ) ;
#5507 = DIRECTION ( 'NONE',  ( 0.000000000000000000, 1.000000000000000000, 0.000000000000000000 ) ) ;
#5508 = CARTESIAN_POINT ( 'NONE',  ( 0.09999999999999809042, 2.899999999999999911, 1.750000000000000000 ) ) ;
#5509 = VECTOR ( 'NONE', #7087, 1000.000000000000000 ) ;
#5511 = PRESENTATION_LAYER_ASSIGNMENT (  '', '', ( #4140 ) ) ;
#5510 = VECTOR ( 'NONE', #3682, 1000.000000000000000 ) ;
#5512 = EDGE_CURVE ( 'NONE', #2164, #614, #2650, .T. ) ;
#5513 = EDGE_CURVE ( 'NONE', #7616, #7484, #2765, .T. ) ;
#5514 = ORIENTED_EDGE ( 'NONE', *, *, #1821, .T. ) ;
#5515 = VECTOR ( 'NONE', #367, 1000.000000000000000 ) ;
#5516 = ADVANCED_FACE ( 'NONE', ( #7474 ), #1480, .F. ) ;
#5517 = ADVANCED_FACE ( 'NONE', ( #7029 ), #1143, .T. ) ;
#5518 = STYLED_ITEM ( 'NONE', ( #2190 ), #444 ) ;
#5519 =( LENGTH_UNIT ( ) NAMED_UNIT ( * ) SI_UNIT ( .MILLI., .METRE. ) );
#5520 = PLANE ( 'NONE',  #4244 ) ;
#5521 = VECTOR ( 'NONE', #4620, 1000.000000000000000 ) ;
#5522 = FILL_AREA_STYLE_COLOUR ( '', #2533 ) ;
#5523 = SURFACE_STYLE_FILL_AREA ( #7359 ) ;
#5524 = PRESENTATION_STYLE_ASSIGNMENT (( #3231 ) ) ;
#5525 = ORIENTED_EDGE ( 'NONE', *, *, #4604, .F. ) ;
#5526 = PRESENTATION_LAYER_ASSIGNMENT (  '', '', ( #831 ) ) ;
#5527 = CARTESIAN_POINT ( 'NONE',  ( 3.350000000000000533, 0.2598999999998395927, 0.5000002888567938175 ) ) ;
#5528 = PRESENTATION_LAYER_ASSIGNMENT (  '', '', ( #1596 ) ) ;
#5529 = ORIENTED_EDGE ( 'NONE', *, *, #4819, .F. ) ;
#5530 = FILL_AREA_STYLE_COLOUR ( '', #2040 ) ;
#5531 = MECHANICAL_DESIGN_GEOMETRIC_PRESENTATION_REPRESENTATION (  '', ( #1610 ), #2323 ) ;
#5532 = FILL_AREA_STYLE_COLOUR ( '', #5006 ) ;
#5533 = CARTESIAN_POINT ( 'NONE',  ( -3.350000000000000089, 0.000000000000000000, -2.050000000000000266 ) ) ;
#5534 = DIRECTION ( 'NONE',  ( -1.000000000000000000, 0.000000000000000000, 0.000000000000000000 ) ) ;
#5535 =( NAMED_UNIT ( * ) SI_UNIT ( $, .STERADIAN. ) SOLID_ANGLE_UNIT ( ) );
#5536 = ORIENTED_EDGE ( 'NONE', *, *, #6835, .T. ) ;
#5537 = PRESENTATION_STYLE_ASSIGNMENT (( #3660 ) ) ;
#5538 = VERTEX_POINT ( 'NONE', #558 ) ;
#5539 = DIRECTION ( 'NONE',  ( 0.000000000000000000, -0.000000000000000000, 1.000000000000000000 ) ) ;
#5540 = FILL_AREA_STYLE_COLOUR ( '', #3673 ) ;
#5541 = VECTOR ( 'NONE', #1546, 1000.000000000000000 ) ;
#5542 = MECHANICAL_DESIGN_GEOMETRIC_PRESENTATION_REPRESENTATION (  '', ( #3548 ), #1831 ) ;
#5543 = FACE_OUTER_BOUND ( 'NONE', #88, .T. ) ;
#5544 = PRESENTATION_LAYER_ASSIGNMENT (  '', '', ( #7282 ) ) ;
#5546 = ORIENTED_EDGE ( 'NONE', *, *, #5228, .T. ) ;
#5545 = VECTOR ( 'NONE', #5567, 1000.000000000000000 ) ;
#5547 = CARTESIAN_POINT ( 'NONE',  ( 0.5500000000000000444, 0.1499999999999999944, 2.949999999999999734 ) ) ;
#5548 = CARTESIAN_POINT ( 'NONE',  ( -2.800004999999998745, 1.399995000000002321, 2.050000000000000266 ) ) ;
#5549 =( NAMED_UNIT ( * ) PLANE_ANGLE_UNIT ( ) SI_UNIT ( $, .RADIAN. ) );
#5550 = CARTESIAN_POINT ( 'NONE',  ( 2.050000000000000266, 0.1499999999999999944, -2.050000000000000266 ) ) ;
#5551 = CARTESIAN_POINT ( 'NONE',  ( 2.000000000000000444, 0.1498999999999999777, -0.7499999999999978906 ) ) ;
#5552 = PLANE ( 'NONE',  #4802 ) ;
#5553 = ORIENTED_EDGE ( 'NONE', *, *, #7321, .F. ) ;
#5554 =( NAMED_UNIT ( * ) PLANE_ANGLE_UNIT ( ) SI_UNIT ( $, .RADIAN. ) );
#5555 = PRESENTATION_LAYER_ASSIGNMENT (  '', '', ( #1360 ) ) ;
#5556 = CARTESIAN_POINT ( 'NONE',  ( -3.149999999999997247, 1.400000000000005684, 2.050000000000000266 ) ) ;
#5557 = ADVANCED_FACE ( 'NONE', ( #638 ), #5790, .T. ) ;
#5558 = CARTESIAN_POINT ( 'NONE',  ( -2.800004999999998745, 1.399995000000002321, -1.500000500000000292 ) ) ;
#5559 = EDGE_CURVE ( 'NONE', #5412, #6345, #7254, .T. ) ;
#5560 = SURFACE_SIDE_STYLE ('',( #881 ) ) ;
#5561 =( NAMED_UNIT ( * ) SI_UNIT ( $, .STERADIAN. ) SOLID_ANGLE_UNIT ( ) );
#5562 = VECTOR ( 'NONE', #4650, 1000.000000000000000 ) ;
#5563 = DIRECTION ( 'NONE',  ( 0.9396926207859083169, 0.000000000000000000, -0.3420201433256692125 ) ) ;
#5564 = SURFACE_STYLE_FILL_AREA ( #6566 ) ;
#5565 =( LENGTH_UNIT ( ) NAMED_UNIT ( * ) SI_UNIT ( .MILLI., .METRE. ) );
#5566 = EDGE_CURVE ( 'NONE', #5370, #4191, #3632, .T. ) ;
#5567 = DIRECTION ( 'NONE',  ( 1.000000000000000000, 0.000000000000000000, 0.000000000000000000 ) ) ;
#5568 = EDGE_LOOP ( 'NONE', ( #6596, #5907, #6254, #2364, #702, #741 ) ) ;
#5569 = EDGE_CURVE ( 'NONE', #3383, #3938, #2249, .T. ) ;
#5570 =( NAMED_UNIT ( * ) PLANE_ANGLE_UNIT ( ) SI_UNIT ( $, .RADIAN. ) );
#5571 = CARTESIAN_POINT ( 'NONE',  ( 3.350000000000000089, 1.399999999999999911, -2.050000000000000266 ) ) ;
#5572 = PLANE ( 'NONE',  #2154 ) ;
#5573 = EDGE_CURVE ( 'NONE', #7640, #3028, #833, .T. ) ;
#5574 =( LENGTH_UNIT ( ) NAMED_UNIT ( * ) SI_UNIT ( .MILLI., .METRE. ) );
#5575 = SURFACE_SIDE_STYLE ('',( #3202 ) ) ;
#5576 = CARTESIAN_POINT ( 'NONE',  ( 0.5500000000000000444, 0.1499999999999999944, 2.949999999999999734 ) ) ;
#5577 = STYLED_ITEM ( 'NONE', ( #1624 ), #4071 ) ;
#5578 = ORIENTED_EDGE ( 'NONE', *, *, #2276, .F. ) ;
#5579 = FILL_AREA_STYLE_COLOUR ( '', #2847 ) ;
#5580 = DIRECTION ( 'NONE',  ( 0.000000000000000000, 1.000000000000000000, 0.000000000000000000 ) ) ;
#5581 = DIRECTION ( 'NONE',  ( 4.818676322157800333E-16, 0.000000000000000000, -1.000000000000000000 ) ) ;
#5582 = AXIS2_PLACEMENT_3D ( 'NONE', #553, #4216, #5339 ) ;
#5583 = ORIENTED_EDGE ( 'NONE', *, *, #2371, .T. ) ;
#5584 = DIRECTION ( 'NONE',  ( -0.000000000000000000, 1.000000000000000000, -0.000000000000000000 ) ) ;
#5585 = CARTESIAN_POINT ( 'NONE',  ( 0.09999999999999829858, 2.699999999999999289, 0.9499999999999999556 ) ) ;
#5586 = CARTESIAN_POINT ( 'NONE',  ( -3.149999999999999911, -0.0001000000000001650610, 2.050000000000000266 ) ) ;
#5587 = FACE_OUTER_BOUND ( 'NONE', #5393, .T. ) ;
#5588 = LINE ( 'NONE', #3917, #229 ) ;
#5589 = ORIENTED_EDGE ( 'NONE', *, *, #1689, .T. ) ;
#5590 = DIRECTION ( 'NONE',  ( 1.000000000000000000, -0.000000000000000000, -1.057758217059029964E-16 ) ) ;
#5591 = DIRECTION ( 'NONE',  ( 0.000000000000000000, -0.000000000000000000, 1.000000000000000000 ) ) ;
#5592 = VERTEX_POINT ( 'NONE', #5467 ) ;
#5593 = SURFACE_SIDE_STYLE ('',( #244 ) ) ;
#5594 = DIRECTION ( 'NONE',  ( -1.000000000000000000, 0.000000000000000000, 2.168404344971010594E-16 ) ) ;
#5595 = DIRECTION ( 'NONE',  ( 1.000000000000000000, 0.000000000000000000, 0.000000000000000000 ) ) ;
#5596 = CARTESIAN_POINT ( 'NONE',  ( 3.149999999999999467, 0.6499999999999930278, 2.049990000000000645 ) ) ;
#5597 = CARTESIAN_POINT ( 'NONE',  ( -2.799999999999999822, 1.199999999999999956, 2.050000000000000266 ) ) ;
#5598 = CARTESIAN_POINT ( 'NONE',  ( 1.701009032218152806, 1.199999999999999956, -2.050000000000000266 ) ) ;
#5599 = ORIENTED_EDGE ( 'NONE', *, *, #6280, .F. ) ;
#5600 = DIRECTION ( 'NONE',  ( 0.000000000000000000, 0.000000000000000000, 1.000000000000000000 ) ) ;
#5601 = AXIS2_PLACEMENT_3D ( 'NONE', #5112, #6309, #1002 ) ;
#5602 = ORIENTED_EDGE ( 'NONE', *, *, #2675, .F. ) ;
#5603 = EDGE_CURVE ( 'NONE', #2933, #7683, #794, .T. ) ;
#5604 = CARTESIAN_POINT ( 'NONE',  ( -1.500000000000000000, -0.2999999999999999889, -0.3999999999948158913 ) ) ;
#5605 = PLANE ( 'NONE',  #5469 ) ;
#5606 = DIRECTION ( 'NONE',  ( -0.000000000000000000, 1.000000000000000000, -0.000000000000000000 ) ) ;
#5607 = STYLED_ITEM ( 'NONE', ( #2898 ), #7336 ) ;
#5608 = ORIENTED_EDGE ( 'NONE', *, *, #2718, .T. ) ;
#5609 = LINE ( 'NONE', #4324, #2315 ) ;
#5610 = CARTESIAN_POINT ( 'NONE',  ( 1.000000000000000000, 0.1498999999999999777, 0.3500000000000002554 ) ) ;
#5611 = EDGE_CURVE ( 'NONE', #3933, #5358, #6004, .T. ) ;
#5612 = FACE_OUTER_BOUND ( 'NONE', #621, .T. ) ;
#5613 = CARTESIAN_POINT ( 'NONE',  ( 2.500000000000000000, -0.0001000000000000000048, -1.249999999999997780 ) ) ;
#5614 = VECTOR ( 'NONE', #4677, 1000.000000000000000 ) ;
#5615 = ADVANCED_FACE ( 'NONE', ( #4218 ), #6633, .F. ) ;
#5616 = EDGE_CURVE ( 'NONE', #7033, #2933, #194, .T. ) ;
#5617 = VERTEX_POINT ( 'NONE', #7144 ) ;
#5618 = DIRECTION ( 'NONE',  ( -0.000000000000000000, -1.000000000000000000, -0.000000000000000000 ) ) ;
#5619 = STYLED_ITEM ( 'NONE', ( #3721 ), #2366 ) ;
#5620 = LINE ( 'NONE', #5779, #4685 ) ;
#5621 = CARTESIAN_POINT ( 'NONE',  ( 0.5499999999999998224, 0.1499999999999999667, -2.949999999999999734 ) ) ;
#5622 = VERTEX_POINT ( 'NONE', #2567 ) ;
#5623 = PRESENTATION_LAYER_ASSIGNMENT (  '', '', ( #2652 ) ) ;
#5624 = PRESENTATION_LAYER_ASSIGNMENT (  '', '', ( #6114 ) ) ;
#5625 = PRESENTATION_STYLE_ASSIGNMENT (( #236 ) ) ;
#5626 = DIRECTION ( 'NONE',  ( 0.000000000000000000, 0.000000000000000000, -1.000000000000000000 ) ) ;
#5627 = PLANE ( 'NONE',  #3715 ) ;
#5628 = CARTESIAN_POINT ( 'NONE',  ( 0.5499999999999997113, 0.000000000000000000, 2.050000000000000266 ) ) ;
#5629 = ORIENTED_EDGE ( 'NONE', *, *, #7469, .T. ) ;
#5630 = VECTOR ( 'NONE', #366, 1000.000000000000000 ) ;
#5631 =( GEOMETRIC_REPRESENTATION_CONTEXT ( 3 ) GLOBAL_UNCERTAINTY_ASSIGNED_CONTEXT ( ( #7432 ) ) GLOBAL_UNIT_ASSIGNED_CONTEXT ( ( #2077, #5137, #996 ) ) REPRESENTATION_CONTEXT ( 'NONE', 'WORKASPACE' ) );
#5632 = DIRECTION ( 'NONE',  ( -0.000000000000000000, 1.000000000000000000, -0.000000000000000000 ) ) ;
#5633 = LINE ( 'NONE', #3925, #6776 ) ;
#5634 = DIRECTION ( 'NONE',  ( 1.000000000000000000, 0.000000000000000000, 0.000000000000000000 ) ) ;
#5635 = UNCERTAINTY_MEASURE_WITH_UNIT (LENGTH_MEASURE( 1.000000000000000082E-05 ), #850, 'distance_accuracy_value', 'NONE');
#5636 = PRESENTATION_STYLE_ASSIGNMENT (( #6796 ) ) ;
#5638 = PRESENTATION_LAYER_ASSIGNMENT (  '', '', ( #1803 ) ) ;
#5637 = COLOUR_RGB ( '',0.000000000000000000, 0.000000000000000000, 1.000000000000000000 ) ;
#5639 = PRESENTATION_STYLE_ASSIGNMENT (( #6832 ) ) ;
#5640 = PRESENTATION_STYLE_ASSIGNMENT (( #287 ) ) ;
#5641 = PRESENTATION_STYLE_ASSIGNMENT (( #6303 ) ) ;
#5642 = CARTESIAN_POINT ( 'NONE',  ( -3.149999999999999467, 0.6499999999999930278, 1.500001000000001028 ) ) ;
#5643 = ORIENTED_EDGE ( 'NONE', *, *, #1772, .T. ) ;
#5644 = AXIS2_PLACEMENT_3D ( 'NONE', #5947, #1817, #535 ) ;
#5645 = EDGE_LOOP ( 'NONE', ( #4851, #7562, #7010, #6683 ) ) ;
#5646 = DIRECTION ( 'NONE',  ( 0.9396926207859083169, 0.000000000000000000, -0.3420201433256690460 ) ) ;
#5647 = MECHANICAL_DESIGN_GEOMETRIC_PRESENTATION_REPRESENTATION (  '', ( #1807 ), #6871 ) ;
#5648 = VERTEX_POINT ( 'NONE', #4862 ) ;
#5649 =( NAMED_UNIT ( * ) PLANE_ANGLE_UNIT ( ) SI_UNIT ( $, .RADIAN. ) );
#5650 = CARTESIAN_POINT ( 'NONE',  ( 1.399999999999999911, 1.399999999999999911, 1.750000000000000000 ) ) ;
#5651 = VECTOR ( 'NONE', #2778, 1000.000000000000114 ) ;
#5652 = ORIENTED_EDGE ( 'NONE', *, *, #5148, .F. ) ;
#5653 =( NAMED_UNIT ( * ) PLANE_ANGLE_UNIT ( ) SI_UNIT ( $, .RADIAN. ) );
#5654 = PLANE ( 'NONE',  #1062 ) ;
#5655 = UNCERTAINTY_MEASURE_WITH_UNIT (LENGTH_MEASURE( 1.000000000000000082E-05 ), #5036, 'distance_accuracy_value', 'NONE');
#5656 = MECHANICAL_DESIGN_GEOMETRIC_PRESENTATION_REPRESENTATION (  '', ( #2560 ), #2305 ) ;
#5657 = FACE_OUTER_BOUND ( 'NONE', #7232, .T. ) ;
#5658 = MECHANICAL_DESIGN_GEOMETRIC_PRESENTATION_REPRESENTATION (  '', ( #7013 ), #6284 ) ;
#5659 = ADVANCED_FACE ( 'NONE', ( #1342 ), #3105, .F. ) ;
#5660 = ADVANCED_FACE ( 'NONE', ( #4898 ), #6090, .F. ) ;
#5661 = EDGE_LOOP ( 'NONE', ( #316, #7597, #7121, #7089 ) ) ;
#5662 = VECTOR ( 'NONE', #4542, 1000.000000000000000 ) ;
#5663 = EDGE_CURVE ( 'NONE', #3312, #6649, #4640, .T. ) ;
#5664 =( NAMED_UNIT ( * ) SI_UNIT ( $, .STERADIAN. ) SOLID_ANGLE_UNIT ( ) );
#5665 = EDGE_CURVE ( 'NONE', #2683, #4289, #3751, .T. ) ;
#5666 =( GEOMETRIC_REPRESENTATION_CONTEXT ( 3 ) GLOBAL_UNCERTAINTY_ASSIGNED_CONTEXT ( ( #1500 ) ) GLOBAL_UNIT_ASSIGNED_CONTEXT ( ( #3022, #1719, #4061 ) ) REPRESENTATION_CONTEXT ( 'NONE', 'WORKASPACE' ) );
#5667 = DIRECTION ( 'NONE',  ( 0.9396926207859082059, 0.000000000000000000, 0.3420201433256691015 ) ) ;
#5668 = ORIENTED_EDGE ( 'NONE', *, *, #6972, .T. ) ;
#5669 = MECHANICAL_DESIGN_GEOMETRIC_PRESENTATION_REPRESENTATION (  '', ( #4808 ), #1484 ) ;
#5670 = DIRECTION ( 'NONE',  ( -0.000000000000000000, -0.000000000000000000, 1.000000000000000000 ) ) ;
#5671 = PLANE ( 'NONE',  #4564 ) ;
#5672 = VERTEX_POINT ( 'NONE', #4188 ) ;
#5673 = PLANE ( 'NONE',  #5719 ) ;
#5674 = CARTESIAN_POINT ( 'NONE',  ( -3.349900000000000766, 0.6999999999999999556, -1.500001000000000140 ) ) ;
#5675 = ORIENTED_EDGE ( 'NONE', *, *, #7472, .T. ) ;
#5676 = FILL_AREA_STYLE ('',( #3335 ) ) ;
#5677 = PRESENTATION_LAYER_ASSIGNMENT (  '', '', ( #7291 ) ) ;
#5678 = DIRECTION ( 'NONE',  ( 1.000000000000000000, 0.000000000000000000, 0.000000000000000000 ) ) ;
#5679 = CARTESIAN_POINT ( 'NONE',  ( -1.999999999999999112, 0.1498999999999999777, -0.7499999999999978906 ) ) ;
#5680 = CARTESIAN_POINT ( 'NONE',  ( 1.000000000000000000, 0.1498999999999999777, 0.8500000000000001998 ) ) ;
#5681 = FILL_AREA_STYLE ('',( #6913 ) ) ;
#5682 = VERTEX_POINT ( 'NONE', #4377 ) ;
#5683 = LINE ( 'NONE', #4988, #1815 ) ;
#5684 = ORIENTED_EDGE ( 'NONE', *, *, #6976, .T. ) ;
#5685 = PRESENTATION_LAYER_ASSIGNMENT (  '', '', ( #1110 ) ) ;
#5686 = FACE_OUTER_BOUND ( 'NONE', #7418, .T. ) ;
#5687 = ORIENTED_EDGE ( 'NONE', *, *, #4759, .F. ) ;
#5688 = LINE ( 'NONE', #3313, #6962 ) ;
#5689 = FILL_AREA_STYLE_COLOUR ( '', #6728 ) ;
#5690 = VERTEX_POINT ( 'NONE', #1468 ) ;
#5691 = SURFACE_STYLE_USAGE ( .BOTH. , #1044 ) ;
#5692 = VECTOR ( 'NONE', #745, 999.9999999999998863 ) ;
#5693 =( NAMED_UNIT ( * ) PLANE_ANGLE_UNIT ( ) SI_UNIT ( $, .RADIAN. ) );
#5694 = SURFACE_STYLE_FILL_AREA ( #3827 ) ;
#5695 = LINE ( 'NONE', #6315, #4867 ) ;
#5696 = VECTOR ( 'NONE', #6538, 1000.000000000000000 ) ;
#5697 = EDGE_LOOP ( 'NONE', ( #6381, #1660, #52, #4224 ) ) ;
#5698 = SURFACE_STYLE_FILL_AREA ( #7383 ) ;
#5699 = DIRECTION ( 'NONE',  ( 0.000000000000000000, -1.000000000000000000, 0.000000000000000000 ) ) ;
#5700 = MECHANICAL_DESIGN_GEOMETRIC_PRESENTATION_REPRESENTATION (  '', ( #1868 ), #2350 ) ;
#5701 = LINE ( 'NONE', #393, #4139 ) ;
#5702 = EDGE_CURVE ( 'NONE', #6311, #1707, #6748, .T. ) ;
#5703 = UNCERTAINTY_MEASURE_WITH_UNIT (LENGTH_MEASURE( 1.000000000000000082E-05 ), #4502, 'distance_accuracy_value', 'NONE');
#5704 = EDGE_CURVE ( 'NONE', #5810, #4468, #874, .T. ) ;
#5705 = LINE ( 'NONE', #3295, #703 ) ;
#5706 = SURFACE_STYLE_USAGE ( .BOTH. , #6250 ) ;
#5707 = STYLED_ITEM ( 'NONE', ( #1098 ), #4469 ) ;
#5708 = EDGE_LOOP ( 'NONE', ( #1403, #5896, #2083, #2711 ) ) ;
#5709 = CARTESIAN_POINT ( 'NONE',  ( 1.701009032218152806, 1.199999999999999956, -2.050000000000000266 ) ) ;
#5710 = ORIENTED_EDGE ( 'NONE', *, *, #4087, .T. ) ;
#5711 = LINE ( 'NONE', #4580, #6199 ) ;
#5712 = CARTESIAN_POINT ( 'NONE',  ( 0.000000000000000000, 1.199999999999999956, 2.050000000000000266 ) ) ;
#5713 = CARTESIAN_POINT ( 'NONE',  ( 2.050000000000000266, 0.1499999999999999944, 2.949999999999999734 ) ) ;
#5714 = LINE ( 'NONE', #2761, #4266 ) ;
#5715 = SURFACE_STYLE_FILL_AREA ( #6908 ) ;
#5716 = SURFACE_STYLE_USAGE ( .BOTH. , #7513 ) ;
#5717 =( NAMED_UNIT ( * ) SI_UNIT ( $, .STERADIAN. ) SOLID_ANGLE_UNIT ( ) );
#5718 =( LENGTH_UNIT ( ) NAMED_UNIT ( * ) SI_UNIT ( .MILLI., .METRE. ) );
#5719 = AXIS2_PLACEMENT_3D ( 'NONE', #3402, #6902, #6363 ) ;
#5720 = CARTESIAN_POINT ( 'NONE',  ( 3.149999999999999911, 1.199999999999999956, -1.500000000000000000 ) ) ;
#5721 = VERTEX_POINT ( 'NONE', #2606 ) ;
#5722 =( LENGTH_UNIT ( ) NAMED_UNIT ( * ) SI_UNIT ( .MILLI., .METRE. ) );
#5723 = ORIENTED_EDGE ( 'NONE', *, *, #2527, .T. ) ;
#5724 = CARTESIAN_POINT ( 'NONE',  ( 3.349900000000000766, 0.6999999999999999556, 1.500001000000001250 ) ) ;
#5725 = VERTEX_POINT ( 'NONE', #4975 ) ;
#5726 =( NAMED_UNIT ( * ) SI_UNIT ( $, .STERADIAN. ) SOLID_ANGLE_UNIT ( ) );
#5727 = SURFACE_STYLE_USAGE ( .BOTH. , #1764 ) ;
#5728 = LINE ( 'NONE', #6923, #1050 ) ;
#5729 = VERTEX_POINT ( 'NONE', #7347 ) ;
#5730 = FILL_AREA_STYLE ('',( #964 ) ) ;
#5731 = MECHANICAL_DESIGN_GEOMETRIC_PRESENTATION_REPRESENTATION (  '', ( #7214 ), #7209 ) ;
#5732 = SURFACE_STYLE_FILL_AREA ( #3356 ) ;
#5733 = UNCERTAINTY_MEASURE_WITH_UNIT (LENGTH_MEASURE( 1.000000000000000082E-05 ), #705, 'distance_accuracy_value', 'NONE');
#5734 = LINE ( 'NONE', #1012, #3873 ) ;
#5735 = MECHANICAL_DESIGN_GEOMETRIC_PRESENTATION_REPRESENTATION (  '', ( #7218 ), #6592 ) ;
#5736 = ORIENTED_EDGE ( 'NONE', *, *, #2671, .F. ) ;
#5737 = CARTESIAN_POINT ( 'NONE',  ( 0.2500000000000000000, 1.199999999999999956, 2.449999999999999734 ) ) ;
#5738 = UNCERTAINTY_MEASURE_WITH_UNIT (LENGTH_MEASURE( 1.000000000000000082E-05 ), #1122, 'distance_accuracy_value', 'NONE');
#5739 = ORIENTED_EDGE ( 'NONE', *, *, #4606, .F. ) ;
#5740 = PLANE ( 'NONE',  #1182 ) ;
#5741 =( LENGTH_UNIT ( ) NAMED_UNIT ( * ) SI_UNIT ( .MILLI., .METRE. ) );
#5742 = EDGE_LOOP ( 'NONE', ( #2925, #4987, #2964, #391 ) ) ;
#5743 = FILL_AREA_STYLE ('',( #3920 ) ) ;
#5744 =( NAMED_UNIT ( * ) PLANE_ANGLE_UNIT ( ) SI_UNIT ( $, .RADIAN. ) );
#5745 = LINE ( 'NONE', #1687, #2224 ) ;
#5746 = AXIS2_PLACEMENT_3D ( 'NONE', #1969, #7161, #2542 ) ;
#5747 = STYLED_ITEM ( 'NONE', ( #1704 ), #5410 ) ;
#5748 = LINE ( 'NONE', #5174, #5755 ) ;
#5749 =( NAMED_UNIT ( * ) SI_UNIT ( $, .STERADIAN. ) SOLID_ANGLE_UNIT ( ) );
#5750 = EDGE_CURVE ( 'NONE', #2594, #6306, #2030, .T. ) ;
#5751 = DIRECTION ( 'NONE',  ( -1.000000000000000000, -0.000000000000000000, -0.000000000000000000 ) ) ;
#5752 = ADVANCED_FACE ( 'NONE', ( #2261 ), #1082, .T. ) ;
#5753 = SURFACE_STYLE_FILL_AREA ( #6761 ) ;
#5754 =( NAMED_UNIT ( * ) SI_UNIT ( $, .STERADIAN. ) SOLID_ANGLE_UNIT ( ) );
#5755 = VECTOR ( 'NONE', #1625, 1000.000000000000000 ) ;
#5756 = PRESENTATION_LAYER_ASSIGNMENT (  '', '', ( #3149 ) ) ;
#5757 = ORIENTED_EDGE ( 'NONE', *, *, #455, .F. ) ;
#5758 =( GEOMETRIC_REPRESENTATION_CONTEXT ( 3 ) GLOBAL_UNCERTAINTY_ASSIGNED_CONTEXT ( ( #2875 ) ) GLOBAL_UNIT_ASSIGNED_CONTEXT ( ( #5718, #3889, #2810 ) ) REPRESENTATION_CONTEXT ( 'NONE', 'WORKASPACE' ) );
#5759 = EDGE_CURVE ( 'NONE', #3999, #1952, #5765, .T. ) ;
#5760 = ORIENTED_EDGE ( 'NONE', *, *, #790, .F. ) ;
#5761 = ADVANCED_FACE ( 'NONE', ( #1702 ), #7114, .T. ) ;
#5762 = CARTESIAN_POINT ( 'NONE',  ( -1.999999999999999112, 0.1498999999999999777, -0.7499999999999978906 ) ) ;
#5763 = COLOUR_RGB ( '',0.7960784313725489669, 0.8235294117647058432, 0.9372549019607843146 ) ;
#5764 = ORIENTED_EDGE ( 'NONE', *, *, #6891, .T. ) ;
#5766 =( GEOMETRIC_REPRESENTATION_CONTEXT ( 3 ) GLOBAL_UNCERTAINTY_ASSIGNED_CONTEXT ( ( #5948 ) ) GLOBAL_UNIT_ASSIGNED_CONTEXT ( ( #2746, #2157, #4525 ) ) REPRESENTATION_CONTEXT ( 'NONE', 'WORKASPACE' ) );
#5765 = CIRCLE ( 'NONE', #5147, 0.5000000000000002220 ) ;
#5767 = VERTEX_POINT ( 'NONE', #6418 ) ;
#5768 = DIRECTION ( 'NONE',  ( 0.000000000000000000, 0.000000000000000000, 1.000000000000000000 ) ) ;
#5769 = CARTESIAN_POINT ( 'NONE',  ( -3.149999999999999467, 0.6999999999999999556, -1.500001000000000140 ) ) ;
#5770 = LINE ( 'NONE', #5190, #3306 ) ;
#5771 = CARTESIAN_POINT ( 'NONE',  ( -1.500000000000000000, -9.999999999994822059E-05, 0.000000000000000000 ) ) ;
#5772 = EDGE_LOOP ( 'NONE', ( #7222, #551 ) ) ;
#5773 = SURFACE_SIDE_STYLE ('',( #3902 ) ) ;
#5774 = PRESENTATION_STYLE_ASSIGNMENT (( #1159 ) ) ;
#5775 = AXIS2_PLACEMENT_3D ( 'NONE', #5596, #2646, #205 ) ;
#5776 = PRESENTATION_LAYER_ASSIGNMENT (  '', '', ( #4783 ) ) ;
#5777 = MECHANICAL_DESIGN_GEOMETRIC_PRESENTATION_REPRESENTATION (  '', ( #6879 ), #829 ) ;
#5778 = ORIENTED_EDGE ( 'NONE', *, *, #4119, .T. ) ;
#5779 = CARTESIAN_POINT ( 'NONE',  ( 1.701009032218151695, 1.399989999999999846, 1.749999999999999778 ) ) ;
#5780 = VECTOR ( 'NONE', #4114, 1000.000000000000000 ) ;
#5781 = FILL_AREA_STYLE ('',( #4484 ) ) ;
#5782 = ORIENTED_EDGE ( 'NONE', *, *, #6321, .F. ) ;
#5783 = AXIS2_PLACEMENT_3D ( 'NONE', #1722, #482, #6443 ) ;
#5785 = ORIENTED_EDGE ( 'NONE', *, *, #3101, .T. ) ;
#5784 = AXIS2_PLACEMENT_3D ( 'NONE', #1384, #3222, #6092 ) ;
#5786 = DIRECTION ( 'NONE',  ( -0.000000000000000000, 0.000000000000000000, 1.000000000000000000 ) ) ;
#5787 = VECTOR ( 'NONE', #4420, 1000.000000000000000 ) ;
#5788 = CARTESIAN_POINT ( 'NONE',  ( 3.149999999999999911, 1.399999999999999911, 1.500001000000000140 ) ) ;
#5789 = UNCERTAINTY_MEASURE_WITH_UNIT (LENGTH_MEASURE( 1.000000000000000082E-05 ), #4187, 'distance_accuracy_value', 'NONE');
#5790 = PLANE ( 'NONE',  #920 ) ;
#5791 = COLOUR_RGB ( '',0.000000000000000000, 0.000000000000000000, 1.000000000000000000 ) ;
#5792 = VERTEX_POINT ( 'NONE', #4113 ) ;
#5793 = EDGE_CURVE ( 'NONE', #3194, #383, #1117, .T. ) ;
#5794 = EDGE_CURVE ( 'NONE', #4325, #3004, #4592, .T. ) ;
#5795 = ORIENTED_EDGE ( 'NONE', *, *, #637, .F. ) ;
#5796 = SURFACE_STYLE_USAGE ( .BOTH. , #5323 ) ;
#5797 = ORIENTED_EDGE ( 'NONE', *, *, #4510, .F. ) ;
#5798 = PRESENTATION_STYLE_ASSIGNMENT (( #6387 ) ) ;
#5799 = STYLED_ITEM ( 'NONE', ( #635 ), #4706 ) ;
#5800 = FACE_OUTER_BOUND ( 'NONE', #463, .T. ) ;
#5801 = EDGE_CURVE ( 'NONE', #6575, #5094, #2927, .T. ) ;
#5802 = ADVANCED_FACE ( 'NONE', ( #5253 ), #1805, .T. ) ;
#5803 = PLANE ( 'NONE',  #1055 ) ;
#5804 = SURFACE_STYLE_FILL_AREA ( #6959 ) ;
#5805 = ORIENTED_EDGE ( 'NONE', *, *, #884, .F. ) ;
#5806 =( NAMED_UNIT ( * ) SI_UNIT ( $, .STERADIAN. ) SOLID_ANGLE_UNIT ( ) );
#5807 = DIRECTION ( 'NONE',  ( 1.000000000000000000, 0.000000000000000000, -0.000000000000000000 ) ) ;
#5808 = STYLED_ITEM ( 'NONE', ( #3787 ), #3600 ) ;
#5809 = EDGE_CURVE ( 'NONE', #924, #6403, #3761, .T. ) ;
#5810 = VERTEX_POINT ( 'NONE', #4195 ) ;
#5811 = DIRECTION ( 'NONE',  ( -0.000000000000000000, -1.000000000000000000, 2.464095846557964399E-16 ) ) ;
#5812 = CARTESIAN_POINT ( 'NONE',  ( -1.701009032218152806, 1.399999999999999911, -2.049900000000000500 ) ) ;
#5813 = SURFACE_STYLE_USAGE ( .BOTH. , #664 ) ;
#5814 = UNCERTAINTY_MEASURE_WITH_UNIT (LENGTH_MEASURE( 1.000000000000000082E-05 ), #6147, 'distance_accuracy_value', 'NONE');
#5815 =( GEOMETRIC_REPRESENTATION_CONTEXT ( 3 ) GLOBAL_UNCERTAINTY_ASSIGNED_CONTEXT ( ( #1010 ) ) GLOBAL_UNIT_ASSIGNED_CONTEXT ( ( #5819, #6332, #3884 ) ) REPRESENTATION_CONTEXT ( 'NONE', 'WORKASPACE' ) );
#5816 = ORIENTED_EDGE ( 'NONE', *, *, #4177, .T. ) ;
#5817 = SURFACE_STYLE_FILL_AREA ( #5206 ) ;
#5818 = COLOUR_RGB ( '',1.000000000000000000, 0.5019607843137254832, 0.000000000000000000 ) ;
#5819 =( LENGTH_UNIT ( ) NAMED_UNIT ( * ) SI_UNIT ( .MILLI., .METRE. ) );
#5820 = DIRECTION ( 'NONE',  ( 1.000000000000000000, -1.084202172485503842E-15, 0.000000000000000000 ) ) ;
#5821 = DIRECTION ( 'NONE',  ( -2.168404344971010594E-16, 0.000000000000000000, 1.000000000000000000 ) ) ;
#5822 = FILL_AREA_STYLE_COLOUR ( '', #7632 ) ;
#5823 =( NAMED_UNIT ( * ) SI_UNIT ( $, .STERADIAN. ) SOLID_ANGLE_UNIT ( ) );
#5824 = VERTEX_POINT ( 'NONE', #2451 ) ;
#5825 = VECTOR ( 'NONE', #4103, 1000.000000000000000 ) ;
#5826 = ORIENTED_EDGE ( 'NONE', *, *, #3697, .F. ) ;
#5827 = DIRECTION ( 'NONE',  ( 0.7071067811865484609, 0.7071067811865465735, 0.000000000000000000 ) ) ;
#5828 = SURFACE_STYLE_FILL_AREA ( #2892 ) ;
#5829 = CARTESIAN_POINT ( 'NONE',  ( -2.449999999999999734, 0.1499999999999999944, -2.050000000000000266 ) ) ;
#5830 = CARTESIAN_POINT ( 'NONE',  ( 1.500000000000000000, -0.2999999999999999889, 0.000000000000000000 ) ) ;
#5831 = CARTESIAN_POINT ( 'NONE',  ( -2.499999999999998224, 0.1498999999999999777, -0.7499999999999977796 ) ) ;
#5832 = PLANE ( 'NONE',  #1581 ) ;
#5833 = DIRECTION ( 'NONE',  ( 1.000000000000000000, 0.000000000000000000, -4.818676322157800333E-16 ) ) ;
#5834 = EDGE_CURVE ( 'NONE', #3126, #5054, #4265, .T. ) ;
#5835 =( GEOMETRIC_REPRESENTATION_CONTEXT ( 3 ) GLOBAL_UNCERTAINTY_ASSIGNED_CONTEXT ( ( #5926 ) ) GLOBAL_UNIT_ASSIGNED_CONTEXT ( ( #708, #820, #4290 ) ) REPRESENTATION_CONTEXT ( 'NONE', 'WORKASPACE' ) );
#5836 = EDGE_CURVE ( 'NONE', #1877, #2569, #5395, .T. ) ;
#5837 = ORIENTED_EDGE ( 'NONE', *, *, #5051, .T. ) ;
#5838 = CARTESIAN_POINT ( 'NONE',  ( 0.5499999999999996003, 0.1499999999999999944, -2.949999999999999734 ) ) ;
#5839 =( NAMED_UNIT ( * ) PLANE_ANGLE_UNIT ( ) SI_UNIT ( $, .RADIAN. ) );
#5840 = EDGE_CURVE ( 'NONE', #5824, #3645, #2166, .T. ) ;
#5841 = EDGE_CURVE ( 'NONE', #5866, #5792, #7228, .T. ) ;
#5842 = AXIS2_PLACEMENT_3D ( 'NONE', #6389, #2929, #2302 ) ;
#5843 = ORIENTED_EDGE ( 'NONE', *, *, #2769, .F. ) ;
#5844 =( NAMED_UNIT ( * ) PLANE_ANGLE_UNIT ( ) SI_UNIT ( $, .RADIAN. ) );
#5845 = ORIENTED_EDGE ( 'NONE', *, *, #1361, .T. ) ;
#5846 = SURFACE_STYLE_USAGE ( .BOTH. , #1833 ) ;
#5847 = B_SPLINE_CURVE_WITH_KNOTS ( 'NONE', 3,
 ( #2615, #4986, #7360, #5479 ),
 .UNSPECIFIED., .F., .F.,
 ( 4, 4 ),
 ( 0.1136105430583517345, 1.000000000000000000 ),
 .UNSPECIFIED. ) ;
#5848 = SURFACE_STYLE_FILL_AREA ( #7176 ) ;
#5849 = PLANE ( 'NONE',  #6771 ) ;
#5850 = LINE ( 'NONE', #6984, #169 ) ;
#5851 = PRESENTATION_LAYER_ASSIGNMENT (  '', '', ( #424 ) ) ;
#5852 = CARTESIAN_POINT ( 'NONE',  ( 0.9499999999999999556, 0.1499999999999999667, 2.949999999999999734 ) ) ;
#5853 = SURFACE_STYLE_FILL_AREA ( #3374 ) ;
#5854 = DIRECTION ( 'NONE',  ( 1.000000000000000000, 0.000000000000000000, 0.000000000000000000 ) ) ;
#5855 = DIRECTION ( 'NONE',  ( 0.000000000000000000, -0.000000000000000000, -1.000000000000000000 ) ) ;
#5856 = SURFACE_SIDE_STYLE ('',( #6448 ) ) ;
#5857 = VERTEX_POINT ( 'NONE', #1879 ) ;
#5858 = PRESENTATION_LAYER_ASSIGNMENT (  '', '', ( #6113 ) ) ;
#5859 =( GEOMETRIC_REPRESENTATION_CONTEXT ( 3 ) GLOBAL_UNCERTAINTY_ASSIGNED_CONTEXT ( ( #390 ) ) GLOBAL_UNIT_ASSIGNED_CONTEXT ( ( #2008, #6068, #6686 ) ) REPRESENTATION_CONTEXT ( 'NONE', 'WORKASPACE' ) );
#5860 = ORIENTED_EDGE ( 'NONE', *, *, #1218, .T. ) ;
#5861 = DIRECTION ( 'NONE',  ( -0.3420201433256691570, 0.000000000000000000, -0.9396926207859083169 ) ) ;
#5862 = VECTOR ( 'NONE', #4008, 1000.000000000000000 ) ;
#5863 = CARTESIAN_POINT ( 'NONE',  ( 1.451009032218151917, 0.8000000000000000444, 2.050000000000000266 ) ) ;
#5864 =( NAMED_UNIT ( * ) PLANE_ANGLE_UNIT ( ) SI_UNIT ( $, .RADIAN. ) );
#5865 = CARTESIAN_POINT ( 'NONE',  ( 3.149999999999999911, -0.0001000000000001650610, 2.050000000000000266 ) ) ;
#5866 = VERTEX_POINT ( 'NONE', #3718 ) ;
#5867 = FILL_AREA_STYLE_COLOUR ( '', #7055 ) ;
#5868 =( NAMED_UNIT ( * ) PLANE_ANGLE_UNIT ( ) SI_UNIT ( $, .RADIAN. ) );
#5869 = LINE ( 'NONE', #5910, #7261 ) ;
#5870 =( GEOMETRIC_REPRESENTATION_CONTEXT ( 3 ) GLOBAL_UNCERTAINTY_ASSIGNED_CONTEXT ( ( #4460 ) ) GLOBAL_UNIT_ASSIGNED_CONTEXT ( ( #6447, #5316, #2219 ) ) REPRESENTATION_CONTEXT ( 'NONE', 'WORKASPACE' ) );
#5871 = VECTOR ( 'NONE', #2886, 1000.000000000000000 ) ;
#5872 = ORIENTED_EDGE ( 'NONE', *, *, #6788, .T. ) ;
#5873 = DIRECTION ( 'NONE',  ( 0.000000000000000000, 0.000000000000000000, -1.000000000000000000 ) ) ;
#5874 = LINE ( 'NONE', #5298, #1801 ) ;
#5875 = VECTOR ( 'NONE', #139, 1000.000000000000000 ) ;
#5876 = VECTOR ( 'NONE', #5992, 1000.000000000000000 ) ;
#5877 = VERTEX_POINT ( 'NONE', #2406 ) ;
#5878 =( GEOMETRIC_REPRESENTATION_CONTEXT ( 3 ) GLOBAL_UNCERTAINTY_ASSIGNED_CONTEXT ( ( #5204 ) ) GLOBAL_UNIT_ASSIGNED_CONTEXT ( ( #7181, #4186, #5962 ) ) REPRESENTATION_CONTEXT ( 'NONE', 'WORKASPACE' ) );
#5879 = CARTESIAN_POINT ( 'NONE',  ( 3.149999999999999467, 0.000000000000000000, -2.115516434118059927E-17 ) ) ;
#5880 = DIRECTION ( 'NONE',  ( -0.000000000000000000, 1.000000000000000000, 0.000000000000000000 ) ) ;
#5881 = UNCERTAINTY_MEASURE_WITH_UNIT (LENGTH_MEASURE( 1.000000000000000082E-05 ), #6655, 'distance_accuracy_value', 'NONE');
#5882 = STYLED_ITEM ( 'NONE', ( #4167 ), #255 ) ;
#5883 = ADVANCED_FACE ( 'NONE', ( #4227 ), #5520, .T. ) ;
#5884 = EDGE_CURVE ( 'NONE', #1013, #5721, #3109, .T. ) ;
#5885 = MECHANICAL_DESIGN_GEOMETRIC_PRESENTATION_REPRESENTATION (  '', ( #5619 ), #3404 ) ;
#5886 = AXIS2_PLACEMENT_3D ( 'NONE', #177, #2555, #4928 ) ;
#5887 = EDGE_CURVE ( 'NONE', #5094, #6955, #6715, .T. ) ;
#5888 = ADVANCED_FACE ( 'NONE', ( #1306 ), #6675, .F. ) ;
#5889 = ORIENTED_EDGE ( 'NONE', *, *, #6507, .T. ) ;
#5890 = DIRECTION ( 'NONE',  ( 7.885121045569205776E-16, -0.000000000000000000, 1.000000000000000000 ) ) ;
#5891 = VECTOR ( 'NONE', #1191, 1000.000000000000000 ) ;
#5892 = DIRECTION ( 'NONE',  ( -0.000000000000000000, -0.000000000000000000, 1.000000000000000000 ) ) ;
#5893 =( NAMED_UNIT ( * ) SI_UNIT ( $, .STERADIAN. ) SOLID_ANGLE_UNIT ( ) );
#5894 = FACE_BOUND ( 'NONE', #7338, .T. ) ;
#5895 =( NAMED_UNIT ( * ) SI_UNIT ( $, .STERADIAN. ) SOLID_ANGLE_UNIT ( ) );
#5896 = ORIENTED_EDGE ( 'NONE', *, *, #5314, .F. ) ;
#5897 = DIRECTION ( 'NONE',  ( 0.000000000000000000, 0.000000000000000000, -1.000000000000000000 ) ) ;
#5898 = VECTOR ( 'NONE', #2393, 1000.000000000000000 ) ;
#5899 = ORIENTED_EDGE ( 'NONE', *, *, #3136, .T. ) ;
#5900 = DIRECTION ( 'NONE',  ( 1.000000000000000000, 0.000000000000000000, -1.057758217059029840E-16 ) ) ;
#5901 =( GEOMETRIC_REPRESENTATION_CONTEXT ( 3 ) GLOBAL_UNCERTAINTY_ASSIGNED_CONTEXT ( ( #3322 ) ) GLOBAL_UNIT_ASSIGNED_CONTEXT ( ( #3863, #3940, #4436 ) ) REPRESENTATION_CONTEXT ( 'NONE', 'WORKASPACE' ) );
#5902 = CARTESIAN_POINT ( 'NONE',  ( -3.350000000000000533, 0.6998999999998395394, 2.888567937125127537E-07 ) ) ;
#5903 = FILL_AREA_STYLE_COLOUR ( '', #7648 ) ;
#5904 = CARTESIAN_POINT ( 'NONE',  ( 3.149999999999999911, 0.2599009847401052009, -1.500000000000000000 ) ) ;
#5905 = CARTESIAN_POINT ( 'NONE',  ( -2.050000000000000266, 0.1499999999999999944, 2.949999999999999734 ) ) ;
#5906 = DIRECTION ( 'NONE',  ( -1.000000000000000000, 0.000000000000000000, 1.274775326820788869E-16 ) ) ;
#5907 = ORIENTED_EDGE ( 'NONE', *, *, #6874, .F. ) ;
#5908 = ORIENTED_EDGE ( 'NONE', *, *, #6887, .T. ) ;
#5909 = PRESENTATION_STYLE_ASSIGNMENT (( #3537 ) ) ;
#5910 = CARTESIAN_POINT ( 'NONE',  ( 3.149999999999999911, 0.6999999999999999556, 2.049989999999999757 ) ) ;
#5911 = VERTEX_POINT ( 'NONE', #206 ) ;
#5912 = CARTESIAN_POINT ( 'NONE',  ( -3.350000000000000089, 1.399999999999999911, 2.050000000000000266 ) ) ;
#5913 = VERTEX_POINT ( 'NONE', #1270 ) ;
#5914 = PRESENTATION_LAYER_ASSIGNMENT (  '', '', ( #4300 ) ) ;
#5915 =( NAMED_UNIT ( * ) SI_UNIT ( $, .STERADIAN. ) SOLID_ANGLE_UNIT ( ) );
#5916 = CARTESIAN_POINT ( 'NONE',  ( 2.499999999999999556, -0.0001000000000000000048, 0.3500000000000002554 ) ) ;
#5917 = ORIENTED_EDGE ( 'NONE', *, *, #5840, .T. ) ;
#5918 = STYLED_ITEM ( 'NONE', ( #6045 ), #3563 ) ;
#5919 = CARTESIAN_POINT ( 'NONE',  ( 2.799999999999999822, 1.199999999999999956, -2.050000000000000266 ) ) ;
#5920 = EDGE_CURVE ( 'NONE', #7486, #3959, #2575, .T. ) ;
#5921 = DIRECTION ( 'NONE',  ( -0.000000000000000000, -1.000000000000000000, -0.000000000000000000 ) ) ;
#5922 =( GEOMETRIC_REPRESENTATION_CONTEXT ( 3 ) GLOBAL_UNCERTAINTY_ASSIGNED_CONTEXT ( ( #5655 ) ) GLOBAL_UNIT_ASSIGNED_CONTEXT ( ( #5036, #5693, #861 ) ) REPRESENTATION_CONTEXT ( 'NONE', 'WORKASPACE' ) );
#5923 = CARTESIAN_POINT ( 'NONE',  ( -2.800004999999998745, 1.399995000000002321, 1.500000500000000292 ) ) ;
#5924 = EDGE_CURVE ( 'NONE', #2782, #331, #685, .T. ) ;
#5925 = EDGE_CURVE ( 'NONE', #272, #7616, #2464, .T. ) ;
#5926 = UNCERTAINTY_MEASURE_WITH_UNIT (LENGTH_MEASURE( 1.000000000000000082E-05 ), #708, 'distance_accuracy_value', 'NONE');
#5927 = FILL_AREA_STYLE_COLOUR ( '', #6499 ) ;
#5928 = SURFACE_STYLE_USAGE ( .BOTH. , #3565 ) ;
#5929 = STYLED_ITEM ( 'NONE', ( #4804 ), #4041 ) ;
#5930 = EDGE_CURVE ( 'NONE', #4708, #174, #4002, .T. ) ;
#5931 = ORIENTED_EDGE ( 'NONE', *, *, #4366, .T. ) ;
#5932 =( LENGTH_UNIT ( ) NAMED_UNIT ( * ) SI_UNIT ( .MILLI., .METRE. ) );
#5933 = VECTOR ( 'NONE', #5892, 1000.000000000000000 ) ;
#5934 = EDGE_CURVE ( 'NONE', #2256, #6880, #1280, .T. ) ;
#5935 = EDGE_CURVE ( 'NONE', #257, #1813, #3727, .T. ) ;
#5936 = ORIENTED_EDGE ( 'NONE', *, *, #4316, .F. ) ;
#5937 = SURFACE_SIDE_STYLE ('',( #566 ) ) ;
#5938 = DIRECTION ( 'NONE',  ( 1.000000000000000000, 0.000000000000000000, 0.000000000000000000 ) ) ;
#5939 = DIRECTION ( 'NONE',  ( 0.000000000000000000, 0.000000000000000000, 1.000000000000000000 ) ) ;
#5940 = CARTESIAN_POINT ( 'NONE',  ( -1.701009032218152583, 1.199999999999999956, 2.050000000000000266 ) ) ;
#5941 = LINE ( 'NONE', #4797, #7619 ) ;
#5942 = ORIENTED_EDGE ( 'NONE', *, *, #2424, .T. ) ;
#5943 = COLOUR_RGB ( '',0.000000000000000000, 0.000000000000000000, 1.000000000000000000 ) ;
#5944 =( NAMED_UNIT ( * ) SI_UNIT ( $, .STERADIAN. ) SOLID_ANGLE_UNIT ( ) );
#5945 = ORIENTED_EDGE ( 'NONE', *, *, #7421, .F. ) ;
#5946 = FILL_AREA_STYLE ('',( #3579 ) ) ;
#5947 = CARTESIAN_POINT ( 'NONE',  ( -1.000000000000000000, 0.1498999999999999777, 0.8500000000000001998 ) ) ;
#5948 = UNCERTAINTY_MEASURE_WITH_UNIT (LENGTH_MEASURE( 1.000000000000000082E-05 ), #2746, 'distance_accuracy_value', 'NONE');
#5949 = LINE ( 'NONE', #2420, #43 ) ;
#5950 = ORIENTED_EDGE ( 'NONE', *, *, #3750, .T. ) ;
#5951 = PRESENTATION_LAYER_ASSIGNMENT (  '', '', ( #135 ) ) ;
#5952 = CARTESIAN_POINT ( 'NONE',  ( 1.451009032218151917, 0.8000000000000000444, 1.750000000000000000 ) ) ;
#5953 = DIRECTION ( 'NONE',  ( -0.000000000000000000, -0.000000000000000000, -1.000000000000000000 ) ) ;
#5954 =( LENGTH_UNIT ( ) NAMED_UNIT ( * ) SI_UNIT ( .MILLI., .METRE. ) );
#5955 = PLANE ( 'NONE',  #6813 ) ;
#5956 = LINE ( 'NONE', #6435, #5161 ) ;
#5957 = DIRECTION ( 'NONE',  ( -0.000000000000000000, 1.000000000000000000, -0.000000000000000000 ) ) ;
#5958 = ORIENTED_EDGE ( 'NONE', *, *, #6327, .T. ) ;
#5959 = DIRECTION ( 'NONE',  ( 1.057758217059029840E-16, -0.000000000000000000, 1.000000000000000000 ) ) ;
#5960 = FACE_OUTER_BOUND ( 'NONE', #4739, .T. ) ;
#5961 =( NAMED_UNIT ( * ) SI_UNIT ( $, .STERADIAN. ) SOLID_ANGLE_UNIT ( ) );
#5962 =( NAMED_UNIT ( * ) SI_UNIT ( $, .STERADIAN. ) SOLID_ANGLE_UNIT ( ) );
#5963 = DIRECTION ( 'NONE',  ( -0.000000000000000000, -1.000000000000000000, 2.464095846557964399E-16 ) ) ;
#5964 = AXIS2_PLACEMENT_3D ( 'NONE', #4639, #1093, #4016 ) ;
#5965 = PRESENTATION_STYLE_ASSIGNMENT (( #3481 ) ) ;
#5966 = VERTEX_POINT ( 'NONE', #6722 ) ;
#5967 = MECHANICAL_DESIGN_GEOMETRIC_PRESENTATION_REPRESENTATION (  '', ( #670 ), #5859 ) ;
#5968 = ORIENTED_EDGE ( 'NONE', *, *, #2242, .F. ) ;
#5969 = EDGE_CURVE ( 'NONE', #3576, #5857, #6243, .T. ) ;
#5970 =( NAMED_UNIT ( * ) PLANE_ANGLE_UNIT ( ) SI_UNIT ( $, .RADIAN. ) );
#5971 = EDGE_CURVE ( 'NONE', #1760, #3077, #4237, .T. ) ;
#5972 = DIRECTION ( 'NONE',  ( -0.000000000000000000, -1.000000000000000000, -0.000000000000000000 ) ) ;
#5973 = CARTESIAN_POINT ( 'NONE',  ( -3.349900000000000766, 0.6999999999999999556, 1.500001000000001250 ) ) ;
#5974 = CARTESIAN_POINT ( 'NONE',  ( -3.149999999999997247, 1.400000000000005684, -1.500001000000000140 ) ) ;
#5975 = CARTESIAN_POINT ( 'NONE',  ( -2.050000000000000266, 1.399999999999999911, -2.050000000000000266 ) ) ;
#5976 = ORIENTED_EDGE ( 'NONE', *, *, #5573, .F. ) ;
#5977 = EDGE_CURVE ( 'NONE', #1635, #1034, #3011, .T. ) ;
#5978 = FILL_AREA_STYLE ('',( #1276 ) ) ;
#5979 = VERTEX_POINT ( 'NONE', #812 ) ;
#5980 = EDGE_CURVE ( 'NONE', #5358, #4520, #4355, .T. ) ;
#5981 =( NAMED_UNIT ( * ) SI_UNIT ( $, .STERADIAN. ) SOLID_ANGLE_UNIT ( ) );
#5982 = ORIENTED_EDGE ( 'NONE', *, *, #7376, .T. ) ;
#5983 = VECTOR ( 'NONE', #1638, 1000.000000000000000 ) ;
#5984 = PRESENTATION_STYLE_ASSIGNMENT (( #3612 ) ) ;
#5985 = DIRECTION ( 'NONE',  ( 0.000000000000000000, 0.000000000000000000, -1.000000000000000000 ) ) ;
#5986 = CARTESIAN_POINT ( 'NONE',  ( 2.449999999999999289, 0.000000000000000000, 2.050000000000000266 ) ) ;
#5987 = EDGE_LOOP ( 'NONE', ( #3616, #4512, #259, #3607 ) ) ;
#5988 = VECTOR ( 'NONE', #4302, 1000.000000000000000 ) ;
#5989 = CARTESIAN_POINT ( 'NONE',  ( 1.500000000000000000, -0.3000000000383806764, 0.000000000000000000 ) ) ;
#5990 = PRESENTATION_LAYER_ASSIGNMENT (  '', '', ( #1681 ) ) ;
#5991 =( LENGTH_UNIT ( ) NAMED_UNIT ( * ) SI_UNIT ( .MILLI., .METRE. ) );
#5992 = DIRECTION ( 'NONE',  ( -0.000000000000000000, -0.000000000000000000, 1.000000000000000000 ) ) ;
#5993 = CARTESIAN_POINT ( 'NONE',  ( 3.149999999999999911, 0.2598999999998395927, 0.5000002888567938175 ) ) ;
#5994 =( NAMED_UNIT ( * ) SI_UNIT ( $, .STERADIAN. ) SOLID_ANGLE_UNIT ( ) );
#5995 = STYLED_ITEM ( 'NONE', ( #1294 ), #6647 ) ;
#5996 = ORIENTED_EDGE ( 'NONE', *, *, #462, .T. ) ;
#5997 = FILL_AREA_STYLE ('',( #4893 ) ) ;
#5998 = LINE ( 'NONE', #825, #7164 ) ;
#5999 = MECHANICAL_DESIGN_GEOMETRIC_PRESENTATION_REPRESENTATION (  '', ( #5882 ), #7520 ) ;
#6000 = PLANE ( 'NONE',  #2110 ) ;
#6001 = VECTOR ( 'NONE', #556, 1000.000000000000000 ) ;
#6002 =( LENGTH_UNIT ( ) NAMED_UNIT ( * ) SI_UNIT ( .MILLI., .METRE. ) );
#6003 = FACE_BOUND ( 'NONE', #4596, .T. ) ;
#6004 = LINE ( 'NONE', #3677, #3903 ) ;
#6005 = SURFACE_SIDE_STYLE ('',( #5468 ) ) ;
#6006 = CARTESIAN_POINT ( 'NONE',  ( 0.5000000000000000000, 0.1498999999999999777, -0.7499999999999977796 ) ) ;
#6007 = VERTEX_POINT ( 'NONE', #2006 ) ;
#6008 = PRESENTATION_LAYER_ASSIGNMENT (  '', '', ( #3918 ) ) ;
#6009 = AXIS2_PLACEMENT_3D ( 'NONE', #5720, #7476, #3307 ) ;
#6010 = VERTEX_POINT ( 'NONE', #4278 ) ;
#6011 = PLANE ( 'NONE',  #1305 ) ;
#6012 = PRESENTATION_STYLE_ASSIGNMENT (( #4155 ) ) ;
#6013 = LINE ( 'NONE', #4267, #7362 ) ;
#6014 = DIRECTION ( 'NONE',  ( 0.000000000000000000, 1.000000000000000000, 0.000000000000000000 ) ) ;
#6015 = DIRECTION ( 'NONE',  ( -0.000000000000000000, -0.000000000000000000, 1.000000000000000000 ) ) ;
#6016 = ORIENTED_EDGE ( 'NONE', *, *, #2910, .F. ) ;
#6017 = CIRCLE ( 'NONE', #6893, 0.2000000000000000944 ) ;
#6018 = ORIENTED_EDGE ( 'NONE', *, *, #887, .T. ) ;
#6019 = PRESENTATION_LAYER_ASSIGNMENT (  '', '', ( #3665 ) ) ;
#6020 = SURFACE_STYLE_FILL_AREA ( #644 ) ;
#6021 = EDGE_CURVE ( 'NONE', #5913, #6568, #775, .T. ) ;
#6022 = LINE ( 'NONE', #4954, #1067 ) ;
#6023 = UNCERTAINTY_MEASURE_WITH_UNIT (LENGTH_MEASURE( 1.000000000000000082E-05 ), #6915, 'distance_accuracy_value', 'NONE');
#6024 = ORIENTED_EDGE ( 'NONE', *, *, #4760, .T. ) ;
#6025 = STYLED_ITEM ( 'NONE', ( #4842 ), #1459 ) ;
#6026 = DIRECTION ( 'NONE',  ( 1.000000000000000000, -0.000000000000000000, -0.000000000000000000 ) ) ;
#6027 = EDGE_CURVE ( 'NONE', #3938, #6653, #62, .T. ) ;
#6028 = EDGE_CURVE ( 'NONE', #5767, #1536, #5484, .T. ) ;
#6029 = COLOUR_RGB ( '',1.000000000000000000, 0.5019607843137254832, 0.000000000000000000 ) ;
#6030 = ORIENTED_EDGE ( 'NONE', *, *, #5925, .F. ) ;
#6031 = CARTESIAN_POINT ( 'NONE',  ( -2.449999999999999734, 0.1499999999999999667, 2.050000000000000266 ) ) ;
#6032 = LINE ( 'NONE', #7202, #216 ) ;
#6033 = FILL_AREA_STYLE_COLOUR ( '', #1908 ) ;
#6034 = ORIENTED_EDGE ( 'NONE', *, *, #6793, .T. ) ;
#6035 =( LENGTH_UNIT ( ) NAMED_UNIT ( * ) SI_UNIT ( .MILLI., .METRE. ) );
#6036 = ORIENTED_EDGE ( 'NONE', *, *, #4179, .T. ) ;
#6037 = DIRECTION ( 'NONE',  ( 0.000000000000000000, -1.000000000000000000, -0.000000000000000000 ) ) ;
#6038 = EDGE_CURVE ( 'NONE', #2170, #838, #5949, .T. ) ;
#6039 = SURFACE_STYLE_FILL_AREA ( #2510 ) ;
#6040 = CARTESIAN_POINT ( 'NONE',  ( -2.499999999999998224, 0.1498999999999999777, -0.7499999999999977796 ) ) ;
#6041 = DIRECTION ( 'NONE',  ( -0.9284766908852589706, -0.3713906763541045541, 0.000000000000000000 ) ) ;
#6042 = AXIS2_PLACEMENT_3D ( 'NONE', #5550, #1418, #6822 ) ;
#6043 = ORIENTED_EDGE ( 'NONE', *, *, #4698, .T. ) ;
#6044 = CARTESIAN_POINT ( 'NONE',  ( -1.000000000000000000, -0.0001000000000000000048, 0.3500000000000002554 ) ) ;
#6045 = PRESENTATION_STYLE_ASSIGNMENT (( #3671 ) ) ;
#6046 =( NAMED_UNIT ( * ) SI_UNIT ( $, .STERADIAN. ) SOLID_ANGLE_UNIT ( ) );
#6047 = COLOUR_RGB ( '',0.000000000000000000, 0.000000000000000000, 1.000000000000000000 ) ;
#6048 = LINE ( 'NONE', #38, #3634 ) ;
#6049 = SURFACE_STYLE_USAGE ( .BOTH. , #121 ) ;
#6050 = CARTESIAN_POINT ( 'NONE',  ( -3.149999999999999911, 0.5199666666666131754, -2.049989999999999757 ) ) ;
#6051 = VECTOR ( 'NONE', #6811, 1000.000000000000000 ) ;
#6052 = ORIENTED_EDGE ( 'NONE', *, *, #643, .F. ) ;
#6053 = VERTEX_POINT ( 'NONE', #4203 ) ;
#6054 = PRESENTATION_LAYER_ASSIGNMENT (  '', '', ( #5205 ) ) ;
#6055 = SURFACE_SIDE_STYLE ('',( #763 ) ) ;
#6056 = DIRECTION ( 'NONE',  ( 0.000000000000000000, -1.000000000000000000, 0.000000000000000000 ) ) ;
#6057 = FILL_AREA_STYLE_COLOUR ( '', #3041 ) ;
#6058 = CARTESIAN_POINT ( 'NONE',  ( -2.050000000000000266, 0.1499999999999999944, 2.949999999999999734 ) ) ;
#6059 = CARTESIAN_POINT ( 'NONE',  ( -0.2010090322181518063, 1.399989999999999846, 0.9499999999999998446 ) ) ;
#6060 = SURFACE_STYLE_FILL_AREA ( #768 ) ;
#6061 = VERTEX_POINT ( 'NONE', #172 ) ;
#6062 =( NAMED_UNIT ( * ) PLANE_ANGLE_UNIT ( ) SI_UNIT ( $, .RADIAN. ) );
#6063 = ORIENTED_EDGE ( 'NONE', *, *, #1257, .F. ) ;
#6064 = CARTESIAN_POINT ( 'NONE',  ( 6.123233995736766036E-17, 0.1498999999999999777, 0.5000000000000000000 ) ) ;
#6065 = EDGE_LOOP ( 'NONE', ( #3325, #1552, #4641, #2486 ) ) ;
#6066 = CARTESIAN_POINT ( 'NONE',  ( 3.150000000000000355, -0.0001000000000000000048, -2.050000000000000266 ) ) ;
#6067 = VERTEX_POINT ( 'NONE', #6684 ) ;
#6068 =( NAMED_UNIT ( * ) PLANE_ANGLE_UNIT ( ) SI_UNIT ( $, .RADIAN. ) );
#6069 = SURFACE_SIDE_STYLE ('',( #6723 ) ) ;
#6070 = PRESENTATION_LAYER_ASSIGNMENT (  '', '', ( #3224 ) ) ;
#6071 = LINE ( 'NONE', #5986, #3803 ) ;
#6072 = ADVANCED_FACE ( 'NONE', ( #1397 ), #3157, .F. ) ;
#6073 = DIRECTION ( 'NONE',  ( 1.000000000000000000, 0.000000000000000000, 0.000000000000000000 ) ) ;
#6074 = ORIENTED_EDGE ( 'NONE', *, *, #1170, .T. ) ;
#6075 = CARTESIAN_POINT ( 'NONE',  ( 1.701009032218151917, 1.199999999999999956, 2.050000000000000266 ) ) ;
#6076 = SURFACE_STYLE_USAGE ( .BOTH. , #268 ) ;
#6077 = VECTOR ( 'NONE', #1142, 1000.000000000000000 ) ;
#6078 =( NAMED_UNIT ( * ) SI_UNIT ( $, .STERADIAN. ) SOLID_ANGLE_UNIT ( ) );
#6079 = ADVANCED_FACE ( 'NONE', ( #5686 ), #5572, .T. ) ;
#6080 = EDGE_CURVE ( 'NONE', #5538, #6897, #3937, .T. ) ;
#6081 = PRESENTATION_LAYER_ASSIGNMENT (  '', '', ( #1531 ) ) ;
#6082 = VERTEX_POINT ( 'NONE', #6307 ) ;
#6083 = EDGE_CURVE ( 'NONE', #3645, #5471, #6585, .T. ) ;
#6084 = CARTESIAN_POINT ( 'NONE',  ( -2.049999999999999822, 0.1499999999999999944, -2.949999999999999734 ) ) ;
#6085 = EDGE_CURVE ( 'NONE', #4058, #5538, #6273, .T. ) ;
#6086 = DIRECTION ( 'NONE',  ( 0.000000000000000000, -0.000000000000000000, -1.000000000000000000 ) ) ;
#6087 = PRESENTATION_STYLE_ASSIGNMENT (( #2565 ) ) ;
#6088 = UNCERTAINTY_MEASURE_WITH_UNIT (LENGTH_MEASURE( 1.000000000000000082E-05 ), #1150, 'distance_accuracy_value', 'NONE');
#6089 = LINE ( 'NONE', #84, #3843 ) ;
#6090 = PLANE ( 'NONE',  #4258 ) ;
#6091 = DIRECTION ( 'NONE',  ( 0.000000000000000000, 0.000000000000000000, -1.000000000000000000 ) ) ;
#6092 = DIRECTION ( 'NONE',  ( -0.7071067811865462405, -0.7071067811865489050, 0.000000000000000000 ) ) ;
#6093 = ORIENTED_EDGE ( 'NONE', *, *, #4560, .F. ) ;
#6094 = EDGE_LOOP ( 'NONE', ( #6414, #1540, #7079, #65 ) ) ;
#6095 = FILL_AREA_STYLE ('',( #1303 ) ) ;
#6096 = CARTESIAN_POINT ( 'NONE',  ( 2.449999999999999289, 1.399999999999999911, -2.050000000000000266 ) ) ;
#6097 = FACE_OUTER_BOUND ( 'NONE', #130, .T. ) ;
#6098 = PLANE ( 'NONE',  #6599 ) ;
#6099 =( NAMED_UNIT ( * ) SI_UNIT ( $, .STERADIAN. ) SOLID_ANGLE_UNIT ( ) );
#6100 = CARTESIAN_POINT ( 'NONE',  ( 0.000000000000000000, 0.8000000000000000444, 0.000000000000000000 ) ) ;
#6101 = EDGE_LOOP ( 'NONE', ( #5428, #710, #6134 ) ) ;
#6102 = CARTESIAN_POINT ( 'NONE',  ( 0.3000000000000000444, 2.899999999999999911, 1.750000000000000000 ) ) ;
#6103 = ORIENTED_EDGE ( 'NONE', *, *, #6316, .F. ) ;
#6104 = DIRECTION ( 'NONE',  ( -0.000000000000000000, -0.000000000000000000, 1.000000000000000000 ) ) ;
#6105 = EDGE_LOOP ( 'NONE', ( #3802, #4149, #4284, #3482 ) ) ;
#6106 = FILL_AREA_STYLE ('',( #5532 ) ) ;
#6107 = VECTOR ( 'NONE', #6535, 1000.000000000000000 ) ;
#6108 = LINE ( 'NONE', #1400, #4172 ) ;
#6109 = DIRECTION ( 'NONE',  ( 0.000000000000000000, 0.000000000000000000, -1.000000000000000000 ) ) ;
#6110 = VERTEX_POINT ( 'NONE', #6878 ) ;
#6111 = FILL_AREA_STYLE_COLOUR ( '', #1096 ) ;
#6112 = CARTESIAN_POINT ( 'NONE',  ( 3.350000000000000977, 0.9000000000000000222, 2.050000000000000266 ) ) ;
#6113 = STYLED_ITEM ( 'NONE', ( #5984 ), #6072 ) ;
#6114 = STYLED_ITEM ( 'NONE', ( #5222 ), #5411 ) ;
#6115 = SURFACE_SIDE_STYLE ('',( #7208 ) ) ;
#6116 = VECTOR ( 'NONE', #1106, 1000.000000000000000 ) ;
#6117 = VERTEX_POINT ( 'NONE', #5724 ) ;
#6118 =( NAMED_UNIT ( * ) SI_UNIT ( $, .STERADIAN. ) SOLID_ANGLE_UNIT ( ) );
#6119 =( NAMED_UNIT ( * ) PLANE_ANGLE_UNIT ( ) SI_UNIT ( $, .RADIAN. ) );
#6120 =( NAMED_UNIT ( * ) PLANE_ANGLE_UNIT ( ) SI_UNIT ( $, .RADIAN. ) );
#6121 = EDGE_CURVE ( 'NONE', #2170, #6843, #2702, .T. ) ;
#6122 = ADVANCED_FACE ( 'NONE', ( #6839 ), #258, .F. ) ;
#6123 = VECTOR ( 'NONE', #4487, 1000.000000000000000 ) ;
#6124 = VECTOR ( 'NONE', #6602, 1000.000000000000114 ) ;
#6125 = DIRECTION ( 'NONE',  ( 0.000000000000000000, -1.000000000000000000, 0.000000000000000000 ) ) ;
#6126 = DIRECTION ( 'NONE',  ( 1.000000000000000000, 0.000000000000000000, -2.168404344971010594E-16 ) ) ;
#6127 = ADVANCED_FACE ( 'NONE', ( #3349 ), #4434, .T. ) ;
#6128 = ADVANCED_FACE ( 'NONE', ( #4000 ), #6998, .T. ) ;
#6129 = FILL_AREA_STYLE ('',( #3747 ) ) ;
#6130 = VERTEX_POINT ( 'NONE', #2299 ) ;
#6131 = DIRECTION ( 'NONE',  ( 0.000000000000000000, 0.000000000000000000, -1.000000000000000000 ) ) ;
#6132 = SURFACE_STYLE_USAGE ( .BOTH. , #7030 ) ;
#6133 = DIRECTION ( 'NONE',  ( 0.000000000000000000, 0.000000000000000000, 1.000000000000000000 ) ) ;
#6134 = ORIENTED_EDGE ( 'NONE', *, *, #887, .F. ) ;
#6135 = DIRECTION ( 'NONE',  ( 0.000000000000000000, -1.000000000000000000, 0.000000000000000000 ) ) ;
#6136 = VECTOR ( 'NONE', #355, 1000.000000000000000 ) ;
#6137 = LINE ( 'NONE', #841, #7016 ) ;
#6138 = VECTOR ( 'NONE', #6682, 1000.000000000000000 ) ;
#6139 = CARTESIAN_POINT ( 'NONE',  ( -0.9999999999999995559, 0.1498999999999999777, -1.249999999999997780 ) ) ;
#6140 = DIRECTION ( 'NONE',  ( 0.000000000000000000, -0.000000000000000000, 1.000000000000000000 ) ) ;
#6141 = SURFACE_SIDE_STYLE ('',( #7273 ) ) ;
#6142 = STYLED_ITEM ( 'NONE', ( #4549 ), #2431 ) ;
#6143 =( LENGTH_UNIT ( ) NAMED_UNIT ( * ) SI_UNIT ( .MILLI., .METRE. ) );
#6144 = COLOUR_RGB ( '',1.000000000000000000, 0.5019607843137254832, 0.000000000000000000 ) ;
#6145 = DIRECTION ( 'NONE',  ( -0.000000000000000000, 1.000000000000000000, -0.000000000000000000 ) ) ;
#6146 = FACE_OUTER_BOUND ( 'NONE', #1166, .T. ) ;
#6147 =( LENGTH_UNIT ( ) NAMED_UNIT ( * ) SI_UNIT ( .MILLI., .METRE. ) );
#6148 = ORIENTED_EDGE ( 'NONE', *, *, #7128, .F. ) ;
#6149 = ORIENTED_EDGE ( 'NONE', *, *, #688, .T. ) ;
#6150 = VECTOR ( 'NONE', #5938, 1000.000000000000000 ) ;
#6151 = DIRECTION ( 'NONE',  ( 0.000000000000000000, -0.9999999999997843947, -6.564934470904793526E-07 ) ) ;
#6152 = AXIS2_PLACEMENT_3D ( 'NONE', #6100, #4307, #2696 ) ;
#6153 = EDGE_LOOP ( 'NONE', ( #1393, #3473, #1612, #2500 ) ) ;
#6154 = LINE ( 'NONE', #1888, #7511 ) ;
#6155 = VECTOR ( 'NONE', #1983, 1000.000000000000000 ) ;
#6156 = MECHANICAL_DESIGN_GEOMETRIC_PRESENTATION_REPRESENTATION (  '', ( #1600 ), #5666 ) ;
#6157 = DIRECTION ( 'NONE',  ( 1.000000000000000000, -0.000000000000000000, 0.000000000000000000 ) ) ;
#6158 = ORIENTED_EDGE ( 'NONE', *, *, #5925, .T. ) ;
#6159 =( NAMED_UNIT ( * ) PLANE_ANGLE_UNIT ( ) SI_UNIT ( $, .RADIAN. ) );
#6160 = CARTESIAN_POINT ( 'NONE',  ( -3.350000000000000089, 0.000000000000000000, 2.949999999999999734 ) ) ;
#6161 = CARTESIAN_POINT ( 'NONE',  ( 0.9999999999999995559, -0.0001000000000000000048, -0.7499999999999978906 ) ) ;
#6162 = LINE ( 'NONE', #269, #4528 ) ;
#6163 = STYLED_ITEM ( 'NONE', ( #1492 ), #1265 ) ;
#6164 = DIRECTION ( 'NONE',  ( 1.000000000000000000, -0.000000000000000000, -0.000000000000000000 ) ) ;
#6165 = MECHANICAL_DESIGN_GEOMETRIC_PRESENTATION_REPRESENTATION (  '', ( #6025 ), #5287 ) ;
#6167 = EDGE_LOOP ( 'NONE', ( #5589, #7317, #6386, #4332 ) ) ;
#6166 = MECHANICAL_DESIGN_GEOMETRIC_PRESENTATION_REPRESENTATION (  '', ( #6532 ), #856 ) ;
#6168 = DIRECTION ( 'NONE',  ( 0.000000000000000000, 0.000000000000000000, 1.000000000000000000 ) ) ;
#6169 = LINE ( 'NONE', #1336, #988 ) ;
#6170 = CARTESIAN_POINT ( 'NONE',  ( 3.349999999999999645, 0.6499999999999930278, 2.049990000000000645 ) ) ;
#6171 = CARTESIAN_POINT ( 'NONE',  ( -2.050000000000000266, 0.1499999999999999944, 2.949999999999999734 ) ) ;
#6172 = VECTOR ( 'NONE', #1650, 1000.000000000000000 ) ;
#6173 = FACE_OUTER_BOUND ( 'NONE', #3309, .T. ) ;
#6174 = FILL_AREA_STYLE_COLOUR ( '', #7007 ) ;
#6175 = EDGE_CURVE ( 'NONE', #4883, #6010, #4044, .T. ) ;
#6176 = EDGE_LOOP ( 'NONE', ( #5860, #3108, #4789, #5495 ) ) ;
#6177 = DIRECTION ( 'NONE',  ( -0.000000000000000000, -1.000000000000000000, 0.000000000000000000 ) ) ;
#6178 = SURFACE_STYLE_USAGE ( .BOTH. , #6635 ) ;
#6179 = ORIENTED_EDGE ( 'NONE', *, *, #977, .F. ) ;
#6180 = DIRECTION ( 'NONE',  ( -0.000000000000000000, 0.000000000000000000, 1.000000000000000000 ) ) ;
#6181 = AXIS2_PLACEMENT_3D ( 'NONE', #5737, #6894, #5163 ) ;
#6182 = EDGE_CURVE ( 'NONE', #257, #6649, #4699, .T. ) ;
#6183 = ADVANCED_FACE ( 'NONE', ( #3385 ), #1701, .F. ) ;
#6184 = LINE ( 'NONE', #5556, #7653 ) ;
#6185 = CARTESIAN_POINT ( 'NONE',  ( 2.499999999999999556, -0.0001000000000000000048, 0.8500000000000003109 ) ) ;
#6186 = UNCERTAINTY_MEASURE_WITH_UNIT (LENGTH_MEASURE( 1.000000000000000082E-05 ), #5434, 'distance_accuracy_value', 'NONE');
#6187 = FILL_AREA_STYLE ('',( #1477 ) ) ;
#6188 = PLANE ( 'NONE',  #1519 ) ;
#6189 = PRESENTATION_LAYER_ASSIGNMENT (  '', '', ( #3081 ) ) ;
#6190 = ADVANCED_FACE ( 'NONE', ( #3451 ), #5185, .F. ) ;
#6191 = FILL_AREA_STYLE ('',( #2143 ) ) ;
#6192 = LINE ( 'NONE', #883, #2418 ) ;
#6193 = VECTOR ( 'NONE', #4181, 1000.000000000000000 ) ;
#6194 = CARTESIAN_POINT ( 'NONE',  ( -3.349900000000001210, 0.9000000000000000222, -2.050000000000000266 ) ) ;
#6195 = ORIENTED_EDGE ( 'NONE', *, *, #4858, .F. ) ;
#6196 = ADVANCED_FACE ( 'NONE', ( #7072 ), #1190, .F. ) ;
#6197 = CARTESIAN_POINT ( 'NONE',  ( 3.349900000000001210, 0.9000000000000000222, 2.050000000000000266 ) ) ;
#6198 = EDGE_CURVE ( 'NONE', #1742, #7414, #5015, .T. ) ;
#6199 = VECTOR ( 'NONE', #2757, 1000.000000000000000 ) ;
#6200 = ORIENTED_EDGE ( 'NONE', *, *, #4858, .T. ) ;
#6201 = FILL_AREA_STYLE ('',( #6768 ) ) ;
#6202 = LINE ( 'NONE', #7154, #2155 ) ;
#6203 = FACE_OUTER_BOUND ( 'NONE', #3753, .T. ) ;
#6204 = ORIENTED_EDGE ( 'NONE', *, *, #4087, .F. ) ;
#6205 =( LENGTH_UNIT ( ) NAMED_UNIT ( * ) SI_UNIT ( .MILLI., .METRE. ) );
#6206 = PRESENTATION_STYLE_ASSIGNMENT (( #4399 ) ) ;
#6207 = CARTESIAN_POINT ( 'NONE',  ( 2.449999999999999734, 0.1499999999999999944, -2.949999999999999734 ) ) ;
#6208 = SURFACE_STYLE_USAGE ( .BOTH. , #3358 ) ;
#6209 = PRESENTATION_LAYER_ASSIGNMENT (  '', '', ( #1868 ) ) ;
#6210 = ORIENTED_EDGE ( 'NONE', *, *, #1112, .F. ) ;
#6211 = LINE ( 'NONE', #2781, #218 ) ;
#6212 = SURFACE_STYLE_USAGE ( .BOTH. , #1498 ) ;
#6213 = UNCERTAINTY_MEASURE_WITH_UNIT (LENGTH_MEASURE( 1.000000000000000082E-05 ), #7139, 'distance_accuracy_value', 'NONE');
#6214 = CARTESIAN_POINT ( 'NONE',  ( -2.800004999999998745, 1.399995000000002321, 1.500000500000000292 ) ) ;
#6215 =( NAMED_UNIT ( * ) SI_UNIT ( $, .STERADIAN. ) SOLID_ANGLE_UNIT ( ) );
#6216 = CARTESIAN_POINT ( 'NONE',  ( 3.149999999999999911, -0.4999999999881765689, -2.050000000000000266 ) ) ;
#6217 = ORIENTED_EDGE ( 'NONE', *, *, #5230, .F. ) ;
#6218 = LINE ( 'NONE', #2845, #4929 ) ;
#6219 = ORIENTED_EDGE ( 'NONE', *, *, #3806, .T. ) ;
#6220 =( NAMED_UNIT ( * ) SI_UNIT ( $, .STERADIAN. ) SOLID_ANGLE_UNIT ( ) );
#6221 = LINE ( 'NONE', #1473, #5285 ) ;
#6222 = DIRECTION ( 'NONE',  ( -0.9396926207859080948, 0.000000000000000000, 0.3420201433256695456 ) ) ;
#6223 = CARTESIAN_POINT ( 'NONE',  ( 2.000000000000000000, -0.0001000000000000000048, 0.8500000000000001998 ) ) ;
#6224 = CARTESIAN_POINT ( 'NONE',  ( -3.149999999999997247, 1.400000000000005684, -2.050000000000000266 ) ) ;
#6225 = CARTESIAN_POINT ( 'NONE',  ( -2.250504516109076203, 1.199999999999999956, 1.849999999999999867 ) ) ;
#6226 = ORIENTED_EDGE ( 'NONE', *, *, #5141, .F. ) ;
#6227 = ADVANCED_FACE ( 'NONE', ( #453 ), #4625, .F. ) ;
#6228 = PRESENTATION_LAYER_ASSIGNMENT (  '', '', ( #3866 ) ) ;
#6229 = EDGE_CURVE ( 'NONE', #3455, #1760, #1634, .T. ) ;
#6230 = VERTEX_POINT ( 'NONE', #2227 ) ;
#6231 = SURFACE_SIDE_STYLE ('',( #379 ) ) ;
#6232 = PRESENTATION_STYLE_ASSIGNMENT (( #3861 ) ) ;
#6233 = ORIENTED_EDGE ( 'NONE', *, *, #404, .T. ) ;
#6234 = CARTESIAN_POINT ( 'NONE',  ( -3.149999999999999911, 0.6999999999999999556, 2.049989999999999757 ) ) ;
#6235 = DIRECTION ( 'NONE',  ( 0.000000000000000000, -0.000000000000000000, -1.000000000000000000 ) ) ;
#6236 = EDGE_CURVE ( 'NONE', #7683, #4072, #4589, .T. ) ;
#6237 = ADVANCED_FACE ( 'NONE', ( #1847 ), #3639, .T. ) ;
#6238 = ORIENTED_EDGE ( 'NONE', *, *, #4331, .F. ) ;
#6239 =( GEOMETRIC_REPRESENTATION_CONTEXT ( 3 ) GLOBAL_UNCERTAINTY_ASSIGNED_CONTEXT ( ( #3915 ) ) GLOBAL_UNIT_ASSIGNED_CONTEXT ( ( #1514, #2694, #7592 ) ) REPRESENTATION_CONTEXT ( 'NONE', 'WORKASPACE' ) );
#6240 = CARTESIAN_POINT ( 'NONE',  ( -2.449999999999999734, 0.000000000000000000, -2.050000000000000266 ) ) ;
#6241 = MECHANICAL_DESIGN_GEOMETRIC_PRESENTATION_REPRESENTATION (  '', ( #424 ), #7224 ) ;
#6242 = ORIENTED_EDGE ( 'NONE', *, *, #3595, .F. ) ;
#6243 = CIRCLE ( 'NONE', #5746, 0.4000000000000000222 ) ;
#6244 = CARTESIAN_POINT ( 'NONE',  ( 0.000000000000000000, 0.1498999999999999777, 0.000000000000000000 ) ) ;
#6245 = CARTESIAN_POINT ( 'NONE',  ( 3.349999999999999645, 0.6499999999999930278, 2.049990000000000645 ) ) ;
#6246 = ORIENTED_EDGE ( 'NONE', *, *, #4035, .T. ) ;
#6247 = AXIS2_PLACEMENT_3D ( 'NONE', #4112, #4073, #6416 ) ;
#6248 = UNCERTAINTY_MEASURE_WITH_UNIT (LENGTH_MEASURE( 1.000000000000000082E-05 ), #3216, 'distance_accuracy_value', 'NONE');
#6249 = CARTESIAN_POINT ( 'NONE',  ( 1.399999999999999911, 2.700000000000000178, 0.9499999999999999556 ) ) ;
#6250 = SURFACE_SIDE_STYLE ('',( #3878 ) ) ;
#6251 = ORIENTED_EDGE ( 'NONE', *, *, #2904, .F. ) ;
#6252 = DIRECTION ( 'NONE',  ( -0.000000000000000000, 1.000000000000000000, -0.000000000000000000 ) ) ;
#6253 = SURFACE_STYLE_FILL_AREA ( #7464 ) ;
#6254 = ORIENTED_EDGE ( 'NONE', *, *, #7277, .F. ) ;
#6255 = PRESENTATION_LAYER_ASSIGNMENT (  '', '', ( #3023 ) ) ;
#6256 = COLOUR_RGB ( '',1.000000000000000000, 0.5019607843137254832, 0.000000000000000000 ) ;
#6257 = CARTESIAN_POINT ( 'NONE',  ( -3.149999999999997247, 1.400000000000005684, 1.500001000000000140 ) ) ;
#6258 = CARTESIAN_POINT ( 'NONE',  ( 1.399999999999999689, 2.899999999999999911, 1.750000000000000000 ) ) ;
#6259 = LINE ( 'NONE', #5134, #6525 ) ;
#6260 = FILL_AREA_STYLE_COLOUR ( '', #4127 ) ;
#6261 = PRESENTATION_LAYER_ASSIGNMENT (  '', '', ( #1922 ) ) ;
#6262 = DIRECTION ( 'NONE',  ( 0.000000000000000000, -0.000000000000000000, -1.000000000000000000 ) ) ;
#6264 = COLOUR_RGB ( '',0.000000000000000000, 0.000000000000000000, 1.000000000000000000 ) ;
#6263 = MECHANICAL_DESIGN_GEOMETRIC_PRESENTATION_REPRESENTATION (  '', ( #5261 ), #4523 ) ;
#6265 =( NAMED_UNIT ( * ) PLANE_ANGLE_UNIT ( ) SI_UNIT ( $, .RADIAN. ) );
#6266 = FILL_AREA_STYLE ('',( #1550 ) ) ;
#6267 = MECHANICAL_DESIGN_GEOMETRIC_PRESENTATION_REPRESENTATION (  '', ( #2796 ), #3400 ) ;
#6268 = EDGE_LOOP ( 'NONE', ( #1100, #55, #6996, #1444 ) ) ;
#6269 = CARTESIAN_POINT ( 'NONE',  ( -0.8578375576248268297, 1.199999999999999956, 2.356889319134312544 ) ) ;
#6270 = PRESENTATION_LAYER_ASSIGNMENT (  '', '', ( #5028 ) ) ;
#6271 = ORIENTED_EDGE ( 'NONE', *, *, #1025, .F. ) ;
#6272 = VECTOR ( 'NONE', #1658, 1000.000000000000000 ) ;
#6273 = LINE ( 'NONE', #294, #3885 ) ;
#6274 = ORIENTED_EDGE ( 'NONE', *, *, #2053, .T. ) ;
#6275 = DIRECTION ( 'NONE',  ( 0.000000000000000000, 1.000000000000000000, 0.000000000000000000 ) ) ;
#6276 = CONICAL_SURFACE ( 'NONE', #1698, 0.3999999999564352038, 0.7853981635395568262 ) ;
#6277 = B_SPLINE_CURVE_WITH_KNOTS ( 'NONE', 3,
 ( #7374, #3209, #422, #7333 ),
 .UNSPECIFIED., .F., .F.,
 ( 4, 4 ),
 ( 0.000000000000000000, 1.000000000000000000 ),
 .UNSPECIFIED. ) ;
#6278 = VERTEX_POINT ( 'NONE', #2450 ) ;
#6279 = SURFACE_SIDE_STYLE ('',( #6353 ) ) ;
#6280 = EDGE_CURVE ( 'NONE', #3455, #4916, #7149, .T. ) ;
#6281 = ADVANCED_FACE ( 'NONE', ( #1804 ), #6011, .T. ) ;
#6282 = AXIS2_PLACEMENT_3D ( 'NONE', #715, #3064, #5382 ) ;
#6283 = DIRECTION ( 'NONE',  ( -0.9396926207859083169, 0.000000000000000000, -0.3420201433256690460 ) ) ;
#6284 =( GEOMETRIC_REPRESENTATION_CONTEXT ( 3 ) GLOBAL_UNCERTAINTY_ASSIGNED_CONTEXT ( ( #2322 ) ) GLOBAL_UNIT_ASSIGNED_CONTEXT ( ( #5389, #2990, #640 ) ) REPRESENTATION_CONTEXT ( 'NONE', 'WORKASPACE' ) );
#6285 = ORIENTED_EDGE ( 'NONE', *, *, #3324, .F. ) ;
#6286 = COLOUR_RGB ( '',0.7960784313725489669, 0.8235294117647058432, 0.9372549019607843146 ) ;
#6287 = AXIS2_PLACEMENT_3D ( 'NONE', #4939, #6133, #7304 ) ;
#6288 = EDGE_LOOP ( 'NONE', ( #5115, #3437, #378, #3153 ) ) ;
#6289 = AXIS2_PLACEMENT_3D ( 'NONE', #4522, #5116, #7569 ) ;
#6290 = LINE ( 'NONE', #2383, #6497 ) ;
#6291 = VECTOR ( 'NONE', #652, 999.9999999999998863 ) ;
#6292 = LINE ( 'NONE', #2172, #3288 ) ;
#6293 = DIRECTION ( 'NONE',  ( 1.000000000000000000, 0.000000000000000000, -1.057758217059029840E-16 ) ) ;
#6294 = ORIENTED_EDGE ( 'NONE', *, *, #447, .T. ) ;
#6295 =( NAMED_UNIT ( * ) SI_UNIT ( $, .STERADIAN. ) SOLID_ANGLE_UNIT ( ) );
#6296 = ORIENTED_EDGE ( 'NONE', *, *, #1521, .T. ) ;
#6297 = STYLED_ITEM ( 'NONE', ( #5450 ), #68 ) ;
#6298 = FILL_AREA_STYLE ('',( #5131 ) ) ;
#6299 =( NAMED_UNIT ( * ) SI_UNIT ( $, .STERADIAN. ) SOLID_ANGLE_UNIT ( ) );
#6300 = PRESENTATION_STYLE_ASSIGNMENT (( #2571 ) ) ;
#6301 = PLANE ( 'NONE',  #5775 ) ;
#6302 = DIRECTION ( 'NONE',  ( -2.168404344971010594E-16, 0.000000000000000000, 1.000000000000000000 ) ) ;
#6303 = SURFACE_STYLE_USAGE ( .BOTH. , #1591 ) ;
#6304 = AXIS2_PLACEMENT_3D ( 'NONE', #4882, #1443, #858 ) ;
#6305 = EDGE_LOOP ( 'NONE', ( #725, #3956, #5643, #6491, #657, #5201, #3350, #3095 ) ) ;
#6306 = VERTEX_POINT ( 'NONE', #7271 ) ;
#6307 = CARTESIAN_POINT ( 'NONE',  ( 2.250504516109076203, 1.399999999999999911, 1.850000000000000089 ) ) ;
#6308 = ORIENTED_EDGE ( 'NONE', *, *, #3101, .F. ) ;
#6309 = DIRECTION ( 'NONE',  ( 0.000000000000000000, 1.000000000000000000, 0.000000000000000000 ) ) ;
#6310 = LINE ( 'NONE', #1667, #5983 ) ;
#6311 = VERTEX_POINT ( 'NONE', #5394 ) ;
#6312 = PRESENTATION_LAYER_ASSIGNMENT (  '', '', ( #5309 ) ) ;
#6313 = DIRECTION ( 'NONE',  ( -1.000000000000000000, 0.000000000000000000, -0.000000000000000000 ) ) ;
#6314 = LINE ( 'NONE', #617, #5614 ) ;
#6315 = CARTESIAN_POINT ( 'NONE',  ( 3.149999999999999911, 0.2599009847401052009, -1.500000000000000000 ) ) ;
#6316 = EDGE_CURVE ( 'NONE', #174, #3051, #1958, .T. ) ;
#6317 = AXIS2_PLACEMENT_3D ( 'NONE', #7506, #480, #6981 ) ;
#6318 = ORIENTED_EDGE ( 'NONE', *, *, #3042, .F. ) ;
#6319 =( LENGTH_UNIT ( ) NAMED_UNIT ( * ) SI_UNIT ( .MILLI., .METRE. ) );
#6320 = CARTESIAN_POINT ( 'NONE',  ( 1.199999999999999956, 2.899999999999999911, 1.750000000000000000 ) ) ;
#6321 = EDGE_CURVE ( 'NONE', #6719, #6061, #91, .T. ) ;
#6322 = ADVANCED_FACE ( 'NONE', ( #203 ), #3717, .F. ) ;
#6323 = ORIENTED_EDGE ( 'NONE', *, *, #6746, .F. ) ;
#6324 = SURFACE_STYLE_FILL_AREA ( #6898 ) ;
#6325 = DIRECTION ( 'NONE',  ( -0.000000000000000000, 1.000000000000000000, -0.000000000000000000 ) ) ;
#6326 = LINE ( 'NONE', #2248, #3434 ) ;
#6327 = EDGE_CURVE ( 'NONE', #4878, #3088, #845, .T. ) ;
#6328 = ADVANCED_FACE ( 'NONE', ( #3845 ), #6794, .T. ) ;
#6329 = ORIENTED_EDGE ( 'NONE', *, *, #5834, .F. ) ;
#6330 = SURFACE_SIDE_STYLE ('',( #6858 ) ) ;
#6331 = FILL_AREA_STYLE_COLOUR ( '', #4406 ) ;
#6332 =( NAMED_UNIT ( * ) PLANE_ANGLE_UNIT ( ) SI_UNIT ( $, .RADIAN. ) );
#6333 = FACE_OUTER_BOUND ( 'NONE', #4569, .T. ) ;
#6334 = UNCERTAINTY_MEASURE_WITH_UNIT (LENGTH_MEASURE( 1.000000000000000082E-05 ), #5741, 'distance_accuracy_value', 'NONE');
#6335 = LINE ( 'NONE', #7, #822 ) ;
#6336 = CARTESIAN_POINT ( 'NONE',  ( 1.500000000000000000, -0.4999999999881765689, -0.2000000000066393113 ) ) ;
#6337 = CARTESIAN_POINT ( 'NONE',  ( -0.9999999999999995559, 0.1498999999999999777, -0.7499999999999978906 ) ) ;
#6338 =( GEOMETRIC_REPRESENTATION_CONTEXT ( 3 ) GLOBAL_UNCERTAINTY_ASSIGNED_CONTEXT ( ( #4485 ) ) GLOBAL_UNIT_ASSIGNED_CONTEXT ( ( #4378, #3221, #4826 ) ) REPRESENTATION_CONTEXT ( 'NONE', 'WORKASPACE' ) );
#6339 = FACE_OUTER_BOUND ( 'NONE', #2513, .T. ) ;
#6340 = ORIENTED_EDGE ( 'NONE', *, *, #7132, .F. ) ;
#6341 = EDGE_LOOP ( 'NONE', ( #1074, #3617, #774, #4241 ) ) ;
#6342 = LINE ( 'NONE', #5762, #74 ) ;
#6343 = EDGE_LOOP ( 'NONE', ( #2056, #3691, #2865, #2738 ) ) ;
#6344 = CARTESIAN_POINT ( 'NONE',  ( 0.5500000000000000444, 0.1499999999999999944, 2.949999999999999734 ) ) ;
#6345 = VERTEX_POINT ( 'NONE', #2610 ) ;
#6346 = FILL_AREA_STYLE_COLOUR ( '', #1657 ) ;
#6347 = LINE ( 'NONE', #527, #4530 ) ;
#6348 =( NAMED_UNIT ( * ) PLANE_ANGLE_UNIT ( ) SI_UNIT ( $, .RADIAN. ) );
#6349 = PRESENTATION_STYLE_ASSIGNMENT (( #4561 ) ) ;
#6350 = VERTEX_POINT ( 'NONE', #3263 ) ;
#6351 = DIRECTION ( 'NONE',  ( -0.000000000000000000, 1.000000000000000000, 0.000000000000000000 ) ) ;
#6352 = PRESENTATION_LAYER_ASSIGNMENT (  '', '', ( #6468 ) ) ;
#6353 = SURFACE_STYLE_FILL_AREA ( #4480 ) ;
#6354 = CARTESIAN_POINT ( 'NONE',  ( -1.148990967781847949, 0.8000000000000000444, 1.750000000000000000 ) ) ;
#6355 = PRESENTATION_LAYER_ASSIGNMENT (  '', '', ( #5607 ) ) ;
#6356 = VERTEX_POINT ( 'NONE', #4343 ) ;
#6357 = LINE ( 'NONE', #2712, #108 ) ;
#6358 = DIRECTION ( 'NONE',  ( -0.000000000000000000, -0.000000000000000000, 1.000000000000000000 ) ) ;
#6359 = UNCERTAINTY_MEASURE_WITH_UNIT (LENGTH_MEASURE( 1.000000000000000082E-05 ), #2932, 'distance_accuracy_value', 'NONE');
#6360 = ORIENTED_EDGE ( 'NONE', *, *, #5920, .T. ) ;
#6361 = CARTESIAN_POINT ( 'NONE',  ( 1.451009032218151917, 0.8000000000000000444, 1.750000000000000000 ) ) ;
#6362 = AXIS2_PLACEMENT_3D ( 'NONE', #1488, #7406, #918 ) ;
#6363 = DIRECTION ( 'NONE',  ( 0.000000000000000000, -0.000000000000000000, -1.000000000000000000 ) ) ;
#6364 = EDGE_CURVE ( 'NONE', #4971, #2933, #3304, .T. ) ;
#6365 = PLANE ( 'NONE',  #2191 ) ;
#6366 = ADVANCED_FACE ( 'NONE', ( #3926 ), #949, .T. ) ;
#6367 = AXIS2_PLACEMENT_3D ( 'NONE', #2085, #3819, #7364 ) ;
#6368 = STYLED_ITEM ( 'NONE', ( #2047 ), #5153 ) ;
#6369 =( NAMED_UNIT ( * ) SI_UNIT ( $, .STERADIAN. ) SOLID_ANGLE_UNIT ( ) );
#6370 = EDGE_CURVE ( 'NONE', #456, #2782, #2035, .T. ) ;
#6371 = EDGE_CURVE ( 'NONE', #6860, #1661, #4459, .T. ) ;
#6372 = CARTESIAN_POINT ( 'NONE',  ( 2.449999999999999734, 0.000000000000000000, 2.050000000000000266 ) ) ;
#6373 = DIRECTION ( 'NONE',  ( -0.7071067811865481278, -0.7071067811865470176, 0.000000000000000000 ) ) ;
#6374 = CARTESIAN_POINT ( 'NONE',  ( -3.350000000000000089, 0.000000000000000000, 2.050000000000000266 ) ) ;
#6375 = APPLICATION_PROTOCOL_DEFINITION ( 'draft international standard', 'automotive_design', 1998, #1436 ) ;
#6376 =( NAMED_UNIT ( * ) SI_UNIT ( $, .STERADIAN. ) SOLID_ANGLE_UNIT ( ) );
#6377 = LINE ( 'NONE', #1071, #5521 ) ;
#6378 = VECTOR ( 'NONE', #1423, 1000.000000000000000 ) ;
#6379 = AXIS2_PLACEMENT_3D ( 'NONE', #5974, #3035, #96 ) ;
#6380 = EDGE_CURVE ( 'NONE', #2911, #2554, #7355, .T. ) ;
#6381 = ORIENTED_EDGE ( 'NONE', *, *, #6733, .T. ) ;
#6382 = CIRCLE ( 'NONE', #3164, 0.2000000000000000944 ) ;
#6383 = ORIENTED_EDGE ( 'NONE', *, *, #2239, .T. ) ;
#6384 = STYLED_ITEM ( 'NONE', ( #2966 ), #5752 ) ;
#6385 = CARTESIAN_POINT ( 'NONE',  ( 0.000000000000000000, 1.399999999999999911, 0.000000000000000000 ) ) ;
#6386 = ORIENTED_EDGE ( 'NONE', *, *, #2824, .F. ) ;
#6387 = SURFACE_STYLE_USAGE ( .BOTH. , #4003 ) ;
#6388 =( LENGTH_UNIT ( ) NAMED_UNIT ( * ) SI_UNIT ( .MILLI., .METRE. ) );
#6389 = CARTESIAN_POINT ( 'NONE',  ( 0.000000000000000000, 0.000000000000000000, 2.049989999999999757 ) ) ;
#6390 = LINE ( 'NONE', #3241, #7238 ) ;
#6391 = CARTESIAN_POINT ( 'NONE',  ( -3.149999999999999911, 0.6999003282465632303, -0.4999997111430987129 ) ) ;
#6392 = ORIENTED_EDGE ( 'NONE', *, *, #599, .T. ) ;
#6393 = AXIS2_PLACEMENT_3D ( 'NONE', #292, #7519, #3347 ) ;
#6394 = STYLED_ITEM ( 'NONE', ( #5636 ), #1555 ) ;
#6395 = LINE ( 'NONE', #4716, #2634 ) ;
#6396 = ORIENTED_EDGE ( 'NONE', *, *, #6502, .T. ) ;
#6397 = DIRECTION ( 'NONE',  ( 1.000000000000000000, 0.000000000000000000, 0.000000000000000000 ) ) ;
#6398 = DIRECTION ( 'NONE',  ( 0.000000000000000000, 0.000000000000000000, 1.000000000000000000 ) ) ;
#6399 =( GEOMETRIC_REPRESENTATION_CONTEXT ( 3 ) GLOBAL_UNCERTAINTY_ASSIGNED_CONTEXT ( ( #3539 ) ) GLOBAL_UNIT_ASSIGNED_CONTEXT ( ( #2849, #2328, #6369 ) ) REPRESENTATION_CONTEXT ( 'NONE', 'WORKASPACE' ) );
#6400 = CARTESIAN_POINT ( 'NONE',  ( 1.199999999999999956, 2.899999999999999911, 1.750000000000000000 ) ) ;
#6401 = LINE ( 'NONE', #624, #1818 ) ;
#6402 =( GEOMETRIC_REPRESENTATION_CONTEXT ( 3 ) GLOBAL_UNCERTAINTY_ASSIGNED_CONTEXT ( ( #3790 ) ) GLOBAL_UNIT_ASSIGNED_CONTEXT ( ( #2255, #1033, #5823 ) ) REPRESENTATION_CONTEXT ( 'NONE', 'WORKASPACE' ) );
#6403 = VERTEX_POINT ( 'NONE', #2730 ) ;
#6404 = UNCERTAINTY_MEASURE_WITH_UNIT (LENGTH_MEASURE( 1.000000000000000082E-05 ), #5197, 'distance_accuracy_value', 'NONE');
#6405 = SURFACE_SIDE_STYLE ('',( #4028 ) ) ;
#6406 = CARTESIAN_POINT ( 'NONE',  ( -0.5000000000000000000, -0.0001000000000000000048, -0.7499999999999977796 ) ) ;
#6407 = CARTESIAN_POINT ( 'NONE',  ( 1.701009032218152806, 1.399999999999999911, -2.049900000000000500 ) ) ;
#6408 = CARTESIAN_POINT ( 'NONE',  ( -2.049999999999999822, 0.000000000000000000, 2.050000000000000266 ) ) ;
#6409 = UNCERTAINTY_MEASURE_WITH_UNIT (LENGTH_MEASURE( 1.000000000000000082E-05 ), #1943, 'distance_accuracy_value', 'NONE');
#6410 = DIRECTION ( 'NONE',  ( -1.000000000000000000, 0.000000000000000000, 2.710505431213760099E-16 ) ) ;
#6411 = CARTESIAN_POINT ( 'NONE',  ( 0.000000000000000000, -0.0001000000000000000048, 0.000000000000000000 ) ) ;
#6412 = FACE_OUTER_BOUND ( 'NONE', #4308, .T. ) ;
#6413 = COLOUR_RGB ( '',0.000000000000000000, 0.000000000000000000, 1.000000000000000000 ) ;
#6414 = ORIENTED_EDGE ( 'NONE', *, *, #6370, .T. ) ;
#6415 = ORIENTED_EDGE ( 'NONE', *, *, #7280, .T. ) ;
#6416 = DIRECTION ( 'NONE',  ( -1.000000000000000000, 0.000000000000000000, -0.000000000000000000 ) ) ;
#6417 = EDGE_CURVE ( 'NONE', #1653, #6523, #5097, .T. ) ;
#6418 = CARTESIAN_POINT ( 'NONE',  ( -2.499999999999998668, 0.1498999999999999777, 0.8500000000000000888 ) ) ;
#6419 = VECTOR ( 'NONE', #2639, 1000.000000000000000 ) ;
#6420 = FILL_AREA_STYLE_COLOUR ( '', #1331 ) ;
#6421 = EDGE_CURVE ( 'NONE', #2118, #838, #3807, .T. ) ;
#6422 = SURFACE_SIDE_STYLE ('',( #310 ) ) ;
#6423 = ORIENTED_EDGE ( 'NONE', *, *, #6657, .T. ) ;
#6424 = EDGE_CURVE ( 'NONE', #6860, #1327, #907, .T. ) ;
#6425 = PRESENTATION_STYLE_ASSIGNMENT (( #1814 ) ) ;
#6426 = PLANE ( 'NONE',  #1740 ) ;
#6427 = COLOUR_RGB ( '',0.000000000000000000, 0.000000000000000000, 1.000000000000000000 ) ;
#6428 = UNCERTAINTY_MEASURE_WITH_UNIT (LENGTH_MEASURE( 1.000000000000000082E-05 ), #3538, 'distance_accuracy_value', 'NONE');
#6429 = VERTEX_POINT ( 'NONE', #5558 ) ;
#6430 = VECTOR ( 'NONE', #3618, 1000.000000000000000 ) ;
#6431 = ORIENTED_EDGE ( 'NONE', *, *, #4263, .F. ) ;
#6432 = DIRECTION ( 'NONE',  ( -0.000000000000000000, -1.000000000000000000, 0.000000000000000000 ) ) ;
#6433 = SURFACE_STYLE_USAGE ( .BOTH. , #2982 ) ;
#6434 = DIRECTION ( 'NONE',  ( -1.000000000000000000, 0.000000000000000000, 0.000000000000000000 ) ) ;
#6435 = CARTESIAN_POINT ( 'NONE',  ( -1.999999999999999112, 0.1498999999999999777, 0.8500000000000001998 ) ) ;
#6436 = UNCERTAINTY_MEASURE_WITH_UNIT (LENGTH_MEASURE( 1.000000000000000082E-05 ), #99, 'distance_accuracy_value', 'NONE');
#6437 = MECHANICAL_DESIGN_GEOMETRIC_PRESENTATION_REPRESENTATION (  '', ( #5577 ), #7576 ) ;
#6438 = ORIENTED_EDGE ( 'NONE', *, *, #2108, .F. ) ;
#6439 = FILL_AREA_STYLE_COLOUR ( '', #392 ) ;
#6440 = STYLED_ITEM ( 'NONE', ( #4 ), #4264 ) ;
#6441 = DIRECTION ( 'NONE',  ( 4.818676322157800333E-16, 0.000000000000000000, 1.000000000000000000 ) ) ;
#6442 = LINE ( 'NONE', #2915, #1511 ) ;
#6443 = DIRECTION ( 'NONE',  ( -0.9999999995918134044, 2.857224491130961656E-05, 0.000000000000000000 ) ) ;
#6444 =( GEOMETRIC_REPRESENTATION_CONTEXT ( 3 ) GLOBAL_UNCERTAINTY_ASSIGNED_CONTEXT ( ( #2693 ) ) GLOBAL_UNIT_ASSIGNED_CONTEXT ( ( #4721, #6471, #2945 ) ) REPRESENTATION_CONTEXT ( 'NONE', 'WORKASPACE' ) );
#6445 = CARTESIAN_POINT ( 'NONE',  ( -3.149999999999999467, 0.6500000000000000222, -1.500001000000000140 ) ) ;
#6446 = CARTESIAN_POINT ( 'NONE',  ( -3.149999999999999911, -0.0001000000000000000048, -2.050000000000000266 ) ) ;
#6447 =( LENGTH_UNIT ( ) NAMED_UNIT ( * ) SI_UNIT ( .MILLI., .METRE. ) );
#6448 = SURFACE_STYLE_FILL_AREA ( #4694 ) ;
#6449 = ORIENTED_EDGE ( 'NONE', *, *, #404, .F. ) ;
#6450 = PRESENTATION_LAYER_ASSIGNMENT (  '', '', ( #770 ) ) ;
#6451 =( NAMED_UNIT ( * ) PLANE_ANGLE_UNIT ( ) SI_UNIT ( $, .RADIAN. ) );
#6452 = ORIENTED_EDGE ( 'NONE', *, *, #3857, .F. ) ;
#6453 = VECTOR ( 'NONE', #3474, 1000.000000000000000 ) ;
#6454 = SURFACE_STYLE_USAGE ( .BOTH. , #4074 ) ;
#6455 = PLANE ( 'NONE',  #1077 ) ;
#6456 = FILL_AREA_STYLE ('',( #1809 ) ) ;
#6457 = FACE_OUTER_BOUND ( 'NONE', #5645, .T. ) ;
#6458 = DIRECTION ( 'NONE',  ( 0.000000000000000000, 1.000000000000000000, 0.000000000000000000 ) ) ;
#6459 = ORIENTED_EDGE ( 'NONE', *, *, #1068, .F. ) ;
#6460 = EDGE_CURVE ( 'NONE', #813, #1823, #325, .T. ) ;
#6461 = DIRECTION ( 'NONE',  ( -1.000000000000000000, 0.000000000000000000, 0.000000000000000000 ) ) ;
#6462 = EDGE_CURVE ( 'NONE', #3894, #6082, #2692, .T. ) ;
#6463 = CARTESIAN_POINT ( 'NONE',  ( -2.050000000000000266, 0.1499999999999999944, 2.949999999999999734 ) ) ;
#6464 = VERTEX_POINT ( 'NONE', #3477 ) ;
#6465 = EDGE_CURVE ( 'NONE', #1327, #1665, #5748, .T. ) ;
#6466 = EDGE_CURVE ( 'NONE', #98, #1699, #5850, .T. ) ;
#6467 = SURFACE_STYLE_USAGE ( .BOTH. , #2979 ) ;
#6468 = STYLED_ITEM ( 'NONE', ( #5798 ), #7127 ) ;
#6469 = ORIENTED_EDGE ( 'NONE', *, *, #1521, .F. ) ;
#6470 = SURFACE_STYLE_FILL_AREA ( #5264 ) ;
#6471 =( NAMED_UNIT ( * ) PLANE_ANGLE_UNIT ( ) SI_UNIT ( $, .RADIAN. ) );
#6472 = LINE ( 'NONE', #2213, #2327 ) ;
#6473 = EDGE_LOOP ( 'NONE', ( #6706, #6642, #5046 ) ) ;
#6474 = CARTESIAN_POINT ( 'NONE',  ( 0.000000000000000000, 0.1498999999999999777, 0.000000000000000000 ) ) ;
#6475 = UNCERTAINTY_MEASURE_WITH_UNIT (LENGTH_MEASURE( 1.000000000000000082E-05 ), #6002, 'distance_accuracy_value', 'NONE');
#6476 = CARTESIAN_POINT ( 'NONE',  ( 3.149999999999999911, 1.399999999999999911, 1.500001000000000140 ) ) ;
#6477 = CARTESIAN_POINT ( 'NONE',  ( -3.350000000000000977, 0.9000000000000000222, -2.050000000000000266 ) ) ;
#6478 = CARTESIAN_POINT ( 'NONE',  ( -3.149999999999999911, 1.399999999999999911, 1.500000000000000000 ) ) ;
#6479 = ORIENTED_EDGE ( 'NONE', *, *, #7478, .T. ) ;
#6480 = LINE ( 'NONE', #6524, #3615 ) ;
#6481 = AXIS2_PLACEMENT_3D ( 'NONE', #5030, #2121, #7405 ) ;
#6482 = VECTOR ( 'NONE', #4158, 1000.000000000000000 ) ;
#6483 = ORIENTED_EDGE ( 'NONE', *, *, #1606, .T. ) ;
#6484 = VECTOR ( 'NONE', #247, 1000.000000000000000 ) ;
#6485 = CARTESIAN_POINT ( 'NONE',  ( -2.050000000000000266, 1.399999999999999911, 2.050000000000000266 ) ) ;
#6486 = VECTOR ( 'NONE', #264, 1000.000000000000000 ) ;
#6487 = PLANE ( 'NONE',  #7012 ) ;
#6488 = DIRECTION ( 'NONE',  ( -1.000000000000000000, -0.000000000000000000, -2.168404344971010594E-16 ) ) ;
#6489 = ORIENTED_EDGE ( 'NONE', *, *, #1415, .T. ) ;
#6490 = LINE ( 'NONE', #2972, #5545 ) ;
#6491 = ORIENTED_EDGE ( 'NONE', *, *, #2905, .T. ) ;
#6492 = PRESENTATION_STYLE_ASSIGNMENT (( #1771 ) ) ;
#6493 = CARTESIAN_POINT ( 'NONE',  ( -1.000000000000000000, -0.0001000000000000000048, 0.8500000000000001998 ) ) ;
#6494 =( NAMED_UNIT ( * ) SI_UNIT ( $, .STERADIAN. ) SOLID_ANGLE_UNIT ( ) );
#6495 = PRESENTATION_LAYER_ASSIGNMENT (  '', '', ( #6618 ) ) ;
#6496 = SURFACE_STYLE_FILL_AREA ( #4123 ) ;
#6497 = VECTOR ( 'NONE', #1744, 1000.000000000000000 ) ;
#6498 = ORIENTED_EDGE ( 'NONE', *, *, #7272, .F. ) ;
#6499 = COLOUR_RGB ( '',0.000000000000000000, 0.000000000000000000, 1.000000000000000000 ) ;
#6500 = SURFACE_SIDE_STYLE ('',( #7579 ) ) ;
#6501 =( NAMED_UNIT ( * ) PLANE_ANGLE_UNIT ( ) SI_UNIT ( $, .RADIAN. ) );
#6502 = EDGE_CURVE ( 'NONE', #7159, #2663, #4656, .T. ) ;
#6503 = DIRECTION ( 'NONE',  ( -1.000000000000000000, 0.000000000000000000, -2.168404344971010594E-16 ) ) ;
#6504 = UNCERTAINTY_MEASURE_WITH_UNIT (LENGTH_MEASURE( 1.000000000000000082E-05 ), #5306, 'distance_accuracy_value', 'NONE');
#6505 = COLOUR_RGB ( '',0.7960784313725489669, 0.8235294117647058432, 0.9372549019607843146 ) ;
#6506 = VECTOR ( 'NONE', #2246, 1000.000000000000000 ) ;
#6507 = EDGE_CURVE ( 'NONE', #5824, #1043, #7590, .T. ) ;
#6508 = CARTESIAN_POINT ( 'NONE',  ( 0.5500000000000000444, 0.1499999999999999944, 2.949999999999999734 ) ) ;
#6509 = CARTESIAN_POINT ( 'NONE',  ( 3.349900000000001210, 0.9000000000000000222, 2.050000000000000266 ) ) ;
#6510 = ADVANCED_FACE ( 'NONE', ( #1065 ), #5211, .F. ) ;
#6511 = CARTESIAN_POINT ( 'NONE',  ( -1.701009032218152806, 1.199999999999999956, -2.049900000000000500 ) ) ;
#6512 = EDGE_CURVE ( 'NONE', #5690, #4010, #3407, .T. ) ;
#6513 = MECHANICAL_DESIGN_GEOMETRIC_PRESENTATION_REPRESENTATION (  '', ( #7403 ), #1089 ) ;
#6514 = CARTESIAN_POINT ( 'NONE',  ( 1.399999999999999689, 2.700000000000000178, 0.9499999999999998446 ) ) ;
#6515 = DIRECTION ( 'NONE',  ( 0.000000000000000000, -0.000000000000000000, 1.000000000000000000 ) ) ;
#6516 = CARTESIAN_POINT ( 'NONE',  ( -2.800004999999998745, 1.399995000000002321, 2.050000000000000266 ) ) ;
#6517 = VECTOR ( 'NONE', #7099, 999.9999999999998863 ) ;
#6518 = SURFACE_STYLE_FILL_AREA ( #2359 ) ;
#6519 = SURFACE_SIDE_STYLE ('',( #1797 ) ) ;
#6520 =( NAMED_UNIT ( * ) PLANE_ANGLE_UNIT ( ) SI_UNIT ( $, .RADIAN. ) );
#6521 = LINE ( 'NONE', #2921, #5871 ) ;
#6522 = CARTESIAN_POINT ( 'NONE',  ( -1.999999999999998668, 0.1498999999999999777, -1.249999999999997780 ) ) ;
#6523 = VERTEX_POINT ( 'NONE', #6372 ) ;
#6524 = CARTESIAN_POINT ( 'NONE',  ( 0.5000000000000000000, 0.1498999999999999777, -1.249999999999997780 ) ) ;
#6525 = VECTOR ( 'NONE', #245, 1000.000000000000000 ) ;
#6526 = VERTEX_POINT ( 'NONE', #6445 ) ;
#6527 = SURFACE_STYLE_USAGE ( .BOTH. , #4793 ) ;
#6528 = MECHANICAL_DESIGN_GEOMETRIC_PRESENTATION_REPRESENTATION (  '', ( #7282 ), #5407 ) ;
#6529 = DIRECTION ( 'NONE',  ( -0.000000000000000000, -0.000000000000000000, 1.000000000000000000 ) ) ;
#6530 = SURFACE_STYLE_FILL_AREA ( #611 ) ;
#6531 = DIRECTION ( 'NONE',  ( 1.000000000000000000, 0.000000000000000000, 1.807003620809173646E-16 ) ) ;
#6532 = STYLED_ITEM ( 'NONE', ( #5524 ), #3178 ) ;
#6533 = LINE ( 'NONE', #2931, #3133 ) ;
#6534 = ORIENTED_EDGE ( 'NONE', *, *, #1696, .F. ) ;
#6535 = DIRECTION ( 'NONE',  ( -1.000000000000000000, 0.000000000000000000, 0.000000000000000000 ) ) ;
#6536 = FILL_AREA_STYLE_COLOUR ( '', #6029 ) ;
#6537 = ORIENTED_EDGE ( 'NONE', *, *, #6733, .F. ) ;
#6538 = DIRECTION ( 'NONE',  ( -0.000000000000000000, 1.000000000000000000, -0.000000000000000000 ) ) ;
#6539 = PRESENTATION_STYLE_ASSIGNMENT (( #4166 ) ) ;
#6540 = VECTOR ( 'NONE', #1368, 1000.000000000000000 ) ;
#6541 = VERTEX_POINT ( 'NONE', #4581 ) ;
#6542 = DIRECTION ( 'NONE',  ( -1.000000000000000000, 0.000000000000000000, -0.000000000000000000 ) ) ;
#6543 = ORIENTED_EDGE ( 'NONE', *, *, #4651, .T. ) ;
#6544 = VECTOR ( 'NONE', #5333, 1000.000000000000000 ) ;
#6545 = FACE_OUTER_BOUND ( 'NONE', #6288, .T. ) ;
#6546 = SURFACE_STYLE_USAGE ( .BOTH. , #5373 ) ;
#6547 = DIRECTION ( 'NONE',  ( -1.000000000000000000, 0.000000000000000000, -2.168404344971010594E-16 ) ) ;
#6548 = MECHANICAL_DESIGN_GEOMETRIC_PRESENTATION_REPRESENTATION (  '', ( #5808 ), #485 ) ;
#6549 = CARTESIAN_POINT ( 'NONE',  ( 1.199999999999999734, 2.899999999999999911, 0.9499999999999996225 ) ) ;
#6550 = DIRECTION ( 'NONE',  ( 1.000000000000000000, 0.000000000000000000, 0.000000000000000000 ) ) ;
#6551 = DIRECTION ( 'NONE',  ( 0.000000000000000000, -1.000000000000000000, 0.000000000000000000 ) ) ;
#6552 = AXIS2_PLACEMENT_3D ( 'NONE', #507, #6397, #7650 ) ;
#6553 = EDGE_CURVE ( 'NONE', #614, #1579, #6944, .T. ) ;
#6554 = EDGE_CURVE ( 'NONE', #1327, #2887, #1723, .T. ) ;
#6555 = DIRECTION ( 'NONE',  ( -0.000000000000000000, 1.000000000000000000, -0.000000000000000000 ) ) ;
#6556 = EDGE_CURVE ( 'NONE', #1123, #6806, #438, .T. ) ;
#6557 = ADVANCED_FACE ( 'NONE', ( #6333 ), #4690, .T. ) ;
#6558 = FACE_BOUND ( 'NONE', #1920, .T. ) ;
#6559 = PLANE ( 'NONE',  #7552 ) ;
#6560 = CARTESIAN_POINT ( 'NONE',  ( 3.350000000000000533, 0.2598999999998395927, -2.049989999999999757 ) ) ;
#6561 = STYLED_ITEM ( 'NONE', ( #275 ), #4271 ) ;
#6562 = ORIENTED_EDGE ( 'NONE', *, *, #7480, .T. ) ;
#6563 = DIRECTION ( 'NONE',  ( -0.000000000000000000, -1.000000000000000000, -0.000000000000000000 ) ) ;
#6564 = CARTESIAN_POINT ( 'NONE',  ( 2.000000000000000444, 0.1498999999999999777, -1.249999999999997780 ) ) ;
#6565 = LINE ( 'NONE', #5396, #5891 ) ;
#6566 = FILL_AREA_STYLE ('',( #6604 ) ) ;
#6567 = DIRECTION ( 'NONE',  ( -1.000000000000000000, 0.000000000000000000, 2.168404344971010594E-16 ) ) ;
#6568 = VERTEX_POINT ( 'NONE', #406 ) ;
#6569 = VECTOR ( 'NONE', #3264, 1000.000000000000000 ) ;
#6570 =( NAMED_UNIT ( * ) PLANE_ANGLE_UNIT ( ) SI_UNIT ( $, .RADIAN. ) );
#6571 = CARTESIAN_POINT ( 'NONE',  ( -1.500000000000000000, -0.5000000000000000000, 0.000000000000000000 ) ) ;
#6572 = ORIENTED_EDGE ( 'NONE', *, *, #2833, .T. ) ;
#6573 = DIRECTION ( 'NONE',  ( 0.000000000000000000, -1.000000000000000000, 0.000000000000000000 ) ) ;
#6574 = UNCERTAINTY_MEASURE_WITH_UNIT (LENGTH_MEASURE( 1.000000000000000082E-05 ), #5177, 'distance_accuracy_value', 'NONE');
#6575 = VERTEX_POINT ( 'NONE', #6408 ) ;
#6576 = DIRECTION ( 'NONE',  ( -0.000000000000000000, 1.000000000000000000, 0.000000000000000000 ) ) ;
#6577 = CARTESIAN_POINT ( 'NONE',  ( -3.350000000000000089, 0.000000000000000000, -2.949999999999999734 ) ) ;
#6578 = ORIENTED_EDGE ( 'NONE', *, *, #5977, .F. ) ;
#6579 = DIRECTION ( 'NONE',  ( 0.000000000000000000, 1.000000000000000000, 0.000000000000000000 ) ) ;
#6580 = SURFACE_STYLE_USAGE ( .BOTH. , #4361 ) ;
#6581 = LINE ( 'NONE', #2626, #7031 ) ;
#6582 = UNCERTAINTY_MEASURE_WITH_UNIT (LENGTH_MEASURE( 1.000000000000000082E-05 ), #4326, 'distance_accuracy_value', 'NONE');
#6583 = ORIENTED_EDGE ( 'NONE', *, *, #6746, .T. ) ;
#6584 =( NAMED_UNIT ( * ) SI_UNIT ( $, .STERADIAN. ) SOLID_ANGLE_UNIT ( ) );
#6585 = B_SPLINE_CURVE_WITH_KNOTS ( 'NONE', 3,
 ( #2658, #2193, #4556, #1440 ),
 .UNSPECIFIED., .F., .F.,
 ( 4, 4 ),
 ( 0.000000000000000000, 1.000000000000000000 ),
 .UNSPECIFIED. ) ;
#6586 = CARTESIAN_POINT ( 'NONE',  ( -2.499999999999998224, -0.0001000000000000000048, -0.7499999999999977796 ) ) ;
#6587 = COLOUR_RGB ( '',0.000000000000000000, 0.000000000000000000, 1.000000000000000000 ) ;
#6588 =( NAMED_UNIT ( * ) PLANE_ANGLE_UNIT ( ) SI_UNIT ( $, .RADIAN. ) );
#6589 =( LENGTH_UNIT ( ) NAMED_UNIT ( * ) SI_UNIT ( .MILLI., .METRE. ) );
#6590 = FACE_BOUND ( 'NONE', #7290, .T. ) ;
#6591 = SURFACE_STYLE_FILL_AREA ( #7302 ) ;
#6592 =( GEOMETRIC_REPRESENTATION_CONTEXT ( 3 ) GLOBAL_UNCERTAINTY_ASSIGNED_CONTEXT ( ( #7500 ) ) GLOBAL_UNIT_ASSIGNED_CONTEXT ( ( #4600, #4758, #3423 ) ) REPRESENTATION_CONTEXT ( 'NONE', 'WORKASPACE' ) );
#6593 = EDGE_CURVE ( 'NONE', #5824, #3088, #6995, .T. ) ;
#6594 = PRESENTATION_STYLE_ASSIGNMENT (( #1950 ) ) ;
#6595 = CARTESIAN_POINT ( 'NONE',  ( 3.350000000000000533, 0.9000000000000000222, 1.500001000000000140 ) ) ;
#6596 = ORIENTED_EDGE ( 'NONE', *, *, #6696, .T. ) ;
#6597 = EDGE_CURVE ( 'NONE', #4468, #7163, #4544, .T. ) ;
#6598 = EDGE_CURVE ( 'NONE', #942, #3312, #1224, .T. ) ;
#6599 = AXIS2_PLACEMENT_3D ( 'NONE', #6058, #4197, #208 ) ;
#6600 = COLOUR_RGB ( '',0.7960784313725489669, 0.8235294117647058432, 0.9372549019607843146 ) ;
#6601 = EDGE_LOOP ( 'NONE', ( #2174, #3569, #7522, #3659, #4336, #5826, #176, #6200, #5378, #290, #1127, #6074 ) ) ;
#6602 = DIRECTION ( 'NONE',  ( -0.9999999995918134044, 2.857224491130961656E-05, 0.000000000000000000 ) ) ;
#6603 = LINE ( 'NONE', #2453, #2676 ) ;
#6604 = FILL_AREA_STYLE_COLOUR ( '', #7223 ) ;
#6605 =( LENGTH_UNIT ( ) NAMED_UNIT ( * ) SI_UNIT ( .MILLI., .METRE. ) );
#6606 = VECTOR ( 'NONE', #2446, 1000.000000000000000 ) ;
#6607 = ORIENTED_EDGE ( 'NONE', *, *, #5980, .F. ) ;
#6608 = VECTOR ( 'NONE', #690, 1000.000000000000000 ) ;
#6609 =( NAMED_UNIT ( * ) PLANE_ANGLE_UNIT ( ) SI_UNIT ( $, .RADIAN. ) );
#6610 = ORIENTED_EDGE ( 'NONE', *, *, #5199, .F. ) ;
#6611 = SURFACE_SIDE_STYLE ('',( #6646 ) ) ;
#6612 = EDGE_LOOP ( 'NONE', ( #5229, #5129, #5710, #4351 ) ) ;
#6613 = DIRECTION ( 'NONE',  ( 1.000000000000000000, 0.000000000000000000, 0.000000000000000000 ) ) ;
#6614 = SURFACE_STYLE_FILL_AREA ( #3775 ) ;
#6615 = VERTEX_POINT ( 'NONE', #7215 ) ;
#6616 = VECTOR ( 'NONE', #5634, 1000.000000000000000 ) ;
#6617 = EDGE_LOOP ( 'NONE', ( #3581, #2336, #6951, #2716 ) ) ;
#6618 = STYLED_ITEM ( 'NONE', ( #4913 ), #5417 ) ;
#6619 = FACE_OUTER_BOUND ( 'NONE', #1853, .T. ) ;
#6620 = CARTESIAN_POINT ( 'NONE',  ( 1.000000000000000000, -0.0001000000000000000048, 0.3500000000000002554 ) ) ;
#6621 = DIRECTION ( 'NONE',  ( 4.818676322157800333E-16, 0.000000000000000000, -1.000000000000000000 ) ) ;
#6622 = PRESENTATION_LAYER_ASSIGNMENT (  '', '', ( #5995 ) ) ;
#6624 = VECTOR ( 'NONE', #5580, 1000.000000000000000 ) ;
#6623 = VECTOR ( 'NONE', #5425, 1000.000000000000000 ) ;
#6625 = ORIENTED_EDGE ( 'NONE', *, *, #3427, .F. ) ;
#6626 = LINE ( 'NONE', #4250, #6899 ) ;
#6627 = FILL_AREA_STYLE ('',( #1941 ) ) ;
#6628 = PRESENTATION_LAYER_ASSIGNMENT (  '', '', ( #1807 ) ) ;
#6629 = DIRECTION ( 'NONE',  ( 8.659560563585529986E-17, 0.7071067810860616198, -0.7071067812870334146 ) ) ;
#6630 = UNCERTAINTY_MEASURE_WITH_UNIT (LENGTH_MEASURE( 1.000000000000000082E-05 ), #3146, 'distance_accuracy_value', 'NONE');
#6631 =( NAMED_UNIT ( * ) SI_UNIT ( $, .STERADIAN. ) SOLID_ANGLE_UNIT ( ) );
#6632 = VECTOR ( 'NONE', #7115, 1000.000000000000000 ) ;
#6633 = PLANE ( 'NONE',  #2283 ) ;
#6634 =( LENGTH_UNIT ( ) NAMED_UNIT ( * ) SI_UNIT ( .MILLI., .METRE. ) );
#6635 = SURFACE_SIDE_STYLE ('',( #1470 ) ) ;
#6636 = ORIENTED_EDGE ( 'NONE', *, *, #1915, .F. ) ;
#6637 = VECTOR ( 'NONE', #5214, 1000.000000000000000 ) ;
#6638 = EDGE_LOOP ( 'NONE', ( #7491, #5302, #3865, #4835 ) ) ;
#6639 = CARTESIAN_POINT ( 'NONE',  ( 3.149999999999999911, 1.399999999999999911, -1.500000000000000000 ) ) ;
#6640 = CARTESIAN_POINT ( 'NONE',  ( -1.500000000000000000, -0.3000000000383806764, 0.000000000000000000 ) ) ;
#6641 = FACE_OUTER_BOUND ( 'NONE', #167, .T. ) ;
#6642 = ORIENTED_EDGE ( 'NONE', *, *, #7462, .T. ) ;
#6643 = DIRECTION ( 'NONE',  ( -1.000000000000000000, -0.000000000000000000, 0.000000000000000000 ) ) ;
#6644 = ORIENTED_EDGE ( 'NONE', *, *, #2474, .T. ) ;
#6645 = AXIS2_PLACEMENT_3D ( 'NONE', #5307, #2281, #6441 ) ;
#6646 = SURFACE_STYLE_FILL_AREA ( #1435 ) ;
#6647 = ADVANCED_FACE ( 'NONE', ( #634, #5894, #598, #5464 ), #5311, .F. ) ;
#6648 = EDGE_CURVE ( 'NONE', #5471, #6007, #6048, .T. ) ;
#6649 = VERTEX_POINT ( 'NONE', #81 ) ;
#6650 =( GEOMETRIC_REPRESENTATION_CONTEXT ( 3 ) GLOBAL_UNCERTAINTY_ASSIGNED_CONTEXT ( ( #5044 ) ) GLOBAL_UNIT_ASSIGNED_CONTEXT ( ( #6922, #1637, #7485 ) ) REPRESENTATION_CONTEXT ( 'NONE', 'WORKASPACE' ) );
#6651 = CARTESIAN_POINT ( 'NONE',  ( -2.499999999999998668, 0.1498999999999999777, 0.8500000000000000888 ) ) ;
#6652 = AXIS2_PLACEMENT_3D ( 'NONE', #1897, #1289, #3625 ) ;
#6653 = VERTEX_POINT ( 'NONE', #3065 ) ;
#6654 = FILL_AREA_STYLE_COLOUR ( '', #7349 ) ;
#6655 =( LENGTH_UNIT ( ) NAMED_UNIT ( * ) SI_UNIT ( .MILLI., .METRE. ) );
#6656 = EDGE_CURVE ( 'NONE', #4708, #2065, #5341, .T. ) ;
#6657 = EDGE_CURVE ( 'NONE', #1148, #4457, #3675, .T. ) ;
#6658 = EDGE_LOOP ( 'NONE', ( #5687, #6483, #182, #5629 ) ) ;
#6659 = ORIENTED_EDGE ( 'NONE', *, *, #213, .F. ) ;
#6660 = VECTOR ( 'NONE', #3619, 1000.000000000000000 ) ;
#6661 = PRESENTATION_STYLE_ASSIGNMENT (( #706 ) ) ;
#6662 = EDGE_LOOP ( 'NONE', ( #2977, #6415, #7361, #3232 ) ) ;
#6663 = PLANE ( 'NONE',  #5233 ) ;
#6664 = AXIS2_PLACEMENT_3D ( 'NONE', #6361, #2280, #2173 ) ;
#6665 = ORIENTED_EDGE ( 'NONE', *, *, #6038, .T. ) ;
#6666 = DIRECTION ( 'NONE',  ( -1.000000000000000000, -0.000000000000000000, -1.057758217059029964E-16 ) ) ;
#6667 = MECHANICAL_DESIGN_GEOMETRIC_PRESENTATION_REPRESENTATION (  '', ( #2710 ), #111 ) ;
#6668 = CARTESIAN_POINT ( 'NONE',  ( -3.149999999999999467, 0.6499999999999930278, 2.049990000000000645 ) ) ;
#6669 = CARTESIAN_POINT ( 'NONE',  ( -2.050000000000000266, 0.000000000000000000, 2.050000000000000266 ) ) ;
#6670 = CARTESIAN_POINT ( 'NONE',  ( 3.149999999999999911, 0.6998999999998395394, 2.888567937336678780E-07 ) ) ;
#6671 = VERTEX_POINT ( 'NONE', #3630 ) ;
#6672 = CARTESIAN_POINT ( 'NONE',  ( 0.2500000000000000000, 1.199999999999999956, 2.449999999999999734 ) ) ;
#6673 = VERTEX_POINT ( 'NONE', #2399 ) ;
#6674 = VECTOR ( 'NONE', #1024, 1000.000000000000000 ) ;
#6675 = PLANE ( 'NONE',  #1430 ) ;
#6676 = PRESENTATION_STYLE_ASSIGNMENT (( #3573 ) ) ;
#6677 =( LENGTH_UNIT ( ) NAMED_UNIT ( * ) SI_UNIT ( .MILLI., .METRE. ) );
#6678 = DIRECTION ( 'NONE',  ( 1.000000000000000000, 0.000000000000000000, -0.000000000000000000 ) ) ;
#6679 = LINE ( 'NONE', #3644, #297 ) ;
#6680 = FACE_OUTER_BOUND ( 'NONE', #4907, .T. ) ;
#6681 = VERTEX_POINT ( 'NONE', #1340 ) ;
#6682 = DIRECTION ( 'NONE',  ( -0.000000000000000000, 1.000000000000000000, -0.000000000000000000 ) ) ;
#6683 = ORIENTED_EDGE ( 'NONE', *, *, #7377, .T. ) ;
#6684 = CARTESIAN_POINT ( 'NONE',  ( -3.349900000000000766, 0.9000000000000000222, -1.500001000000000140 ) ) ;
#6685 = ORIENTED_EDGE ( 'NONE', *, *, #349, .F. ) ;
#6686 =( NAMED_UNIT ( * ) SI_UNIT ( $, .STERADIAN. ) SOLID_ANGLE_UNIT ( ) );
#6687 = FACE_OUTER_BOUND ( 'NONE', #1648, .T. ) ;
#6688 = DIRECTION ( 'NONE',  ( 1.000000000000000000, -0.000000000000000000, -0.000000000000000000 ) ) ;
#6689 = CARTESIAN_POINT ( 'NONE',  ( -2.499999999999998668, -0.0001000000000000000048, 0.8500000000000000888 ) ) ;
#6690 = EDGE_CURVE ( 'NONE', #4457, #2782, #4779, .T. ) ;
#6691 = ADVANCED_FACE ( 'NONE', ( #2517 ), #4897, .F. ) ;
#6692 = ORIENTED_EDGE ( 'NONE', *, *, #5980, .T. ) ;
#6693 = LINE ( 'NONE', #1446, #1830 ) ;
#6694 = LINE ( 'NONE', #6726, #5074 ) ;
#6695 =( NAMED_UNIT ( * ) SI_UNIT ( $, .STERADIAN. ) SOLID_ANGLE_UNIT ( ) );
#6696 = EDGE_CURVE ( 'NONE', #6306, #2150, #4411, .T. ) ;
#6697 = ADVANCED_FACE ( 'NONE', ( #6173 ), #3876, .T. ) ;
#6698 = CARTESIAN_POINT ( 'NONE',  ( 2.000000000000000444, 0.1498999999999999777, -0.7499999999999978906 ) ) ;
#6699 = EDGE_LOOP ( 'NONE', ( #3749, #5578, #511, #7057 ) ) ;
#6700 = CARTESIAN_POINT ( 'NONE',  ( 0.000000000000000000, 0.1498999999999999777, 0.000000000000000000 ) ) ;
#6701 = FACE_OUTER_BOUND ( 'NONE', #895, .T. ) ;
#6702 = LINE ( 'NONE', #6171, #5169 ) ;
#6703 =( LENGTH_UNIT ( ) NAMED_UNIT ( * ) SI_UNIT ( .MILLI., .METRE. ) );
#6704 = UNCERTAINTY_MEASURE_WITH_UNIT (LENGTH_MEASURE( 1.000000000000000082E-05 ), #1557, 'distance_accuracy_value', 'NONE');
#6705 = LINE ( 'NONE', #941, #735 ) ;
#6706 = ORIENTED_EDGE ( 'NONE', *, *, #6085, .F. ) ;
#6707 = CARTESIAN_POINT ( 'NONE',  ( -0.9999999999999995559, 0.1498999999999999777, -0.7499999999999978906 ) ) ;
#6708 = PRESENTATION_STYLE_ASSIGNMENT (( #1989 ) ) ;
#6709 = AXIS2_PLACEMENT_3D ( 'NONE', #3666, #1865, #781 ) ;
#6710 = EDGE_LOOP ( 'NONE', ( #577, #5069, #3503, #3450 ) ) ;
#6711 = SURFACE_STYLE_FILL_AREA ( #3259 ) ;
#6712 = AXIS2_PLACEMENT_3D ( 'NONE', #4742, #492, #5939 ) ;
#6713 = DIRECTION ( 'NONE',  ( -0.000000000000000000, -0.000000000000000000, 1.000000000000000000 ) ) ;
#6714 = FILL_AREA_STYLE ('',( #2112 ) ) ;
#6715 = LINE ( 'NONE', #3032, #2789 ) ;
#6716 =( NAMED_UNIT ( * ) SI_UNIT ( $, .STERADIAN. ) SOLID_ANGLE_UNIT ( ) );
#6717 = DIRECTION ( 'NONE',  ( 1.000000000000000000, 0.000000000000000000, -7.885121045569206762E-16 ) ) ;
#6718 = SURFACE_STYLE_USAGE ( .BOTH. , #4306 ) ;
#6719 = VERTEX_POINT ( 'NONE', #2717 ) ;
#6720 = VERTEX_POINT ( 'NONE', #5586 ) ;
#6721 = ORIENTED_EDGE ( 'NONE', *, *, #915, .F. ) ;
#6722 = CARTESIAN_POINT ( 'NONE',  ( -3.350000000000000533, 0.6499999999999930278, 2.049989999999999757 ) ) ;
#6723 = SURFACE_STYLE_FILL_AREA ( #4319 ) ;
#6724 = CARTESIAN_POINT ( 'NONE',  ( 3.149999999999999911, 0.2598999999998395927, 2.049989999999999757 ) ) ;
#6725 = ORIENTED_EDGE ( 'NONE', *, *, #5144, .T. ) ;
#6726 = CARTESIAN_POINT ( 'NONE',  ( 3.349900000000001210, 0.9000000000000000222, 2.050000000000000266 ) ) ;
#6727 = DIRECTION ( 'NONE',  ( 0.000000000000000000, 1.000000000000000000, -0.000000000000000000 ) ) ;
#6728 = COLOUR_RGB ( '',1.000000000000000000, 1.000000000000000000, 1.000000000000000000 ) ;
#6729 = PLANE ( 'NONE',  #6709 ) ;
#6730 = EDGE_CURVE ( 'NONE', #2887, #4109, #4936, .T. ) ;
#6731 = AXIS2_PLACEMENT_3D ( 'NONE', #6863, #2111, #1475 ) ;
#6732 = COLOUR_RGB ( '',0.7960784313725489669, 0.8235294117647058432, 0.9372549019607843146 ) ;
#6733 = EDGE_CURVE ( 'NONE', #1665, #7640, #7301, .T. ) ;
#6734 = ORIENTED_EDGE ( 'NONE', *, *, #3860, .T. ) ;
#6735 = CARTESIAN_POINT ( 'NONE',  ( -3.149999999999999467, 0.6999999999999930722, 1.500001000000001028 ) ) ;
#6736 = SURFACE_STYLE_FILL_AREA ( #6627 ) ;
#6737 = PLANE ( 'NONE',  #2605 ) ;
#6738 = PRESENTATION_LAYER_ASSIGNMENT (  '', '', ( #3504 ) ) ;
#6739 = UNCERTAINTY_MEASURE_WITH_UNIT (LENGTH_MEASURE( 1.000000000000000082E-05 ), #3752, 'distance_accuracy_value', 'NONE');
#6740 =( GEOMETRIC_REPRESENTATION_CONTEXT ( 3 ) GLOBAL_UNCERTAINTY_ASSIGNED_CONTEXT ( ( #4944 ) ) GLOBAL_UNIT_ASSIGNED_CONTEXT ( ( #2333, #6520, #4584 ) ) REPRESENTATION_CONTEXT ( 'NONE', 'WORKASPACE' ) );
#6741 = DIRECTION ( 'NONE',  ( -0.000000000000000000, -1.000000000000000000, -0.000000000000000000 ) ) ;
#6742 = EDGE_CURVE ( 'NONE', #6979, #2973, #6743, .T. ) ;
#6743 = LINE ( 'NONE', #3793, #2531 ) ;
#6744 = LINE ( 'NONE', #278, #2672 ) ;
#6745 = PRESENTATION_STYLE_ASSIGNMENT (( #5706 ) ) ;
#6746 = EDGE_CURVE ( 'NONE', #470, #107, #830, .T. ) ;
#6747 = ADVANCED_FACE ( 'NONE', ( #5009, #2098, #7389, #3175 ), #2063, .F. ) ;
#6748 = LINE ( 'NONE', #3798, #2050 ) ;
#6749 =( NAMED_UNIT ( * ) PLANE_ANGLE_UNIT ( ) SI_UNIT ( $, .RADIAN. ) );
#6750 = FILL_AREA_STYLE_COLOUR ( '', #1474 ) ;
#6751 = ORIENTED_EDGE ( 'NONE', *, *, #1688, .F. ) ;
#6752 = PRESENTATION_STYLE_ASSIGNMENT (( #7267 ) ) ;
#6753 = COLOUR_RGB ( '',1.000000000000000000, 0.5019607843137254832, 0.000000000000000000 ) ;
#6754 = LINE ( 'NONE', #403, #5662 ) ;
#6755 = MECHANICAL_DESIGN_GEOMETRIC_PRESENTATION_REPRESENTATION (  '', ( #831 ), #5033 ) ;
#6756 =( NAMED_UNIT ( * ) PLANE_ANGLE_UNIT ( ) SI_UNIT ( $, .RADIAN. ) );
#6757 = CARTESIAN_POINT ( 'NONE',  ( -3.350000000000000089, 0.000000000000000000, 2.949999999999999734 ) ) ;
#6758 = VECTOR ( 'NONE', #912, 1000.000000000000000 ) ;
#6759 = CARTESIAN_POINT ( 'NONE',  ( -3.149999999999999911, -0.0001000000000001650610, -2.050000000000000266 ) ) ;
#6760 =( GEOMETRIC_REPRESENTATION_CONTEXT ( 3 ) GLOBAL_UNCERTAINTY_ASSIGNED_CONTEXT ( ( #4020 ) ) GLOBAL_UNIT_ASSIGNED_CONTEXT ( ( #2597, #5496, #5994 ) ) REPRESENTATION_CONTEXT ( 'NONE', 'WORKASPACE' ) );
#6761 = FILL_AREA_STYLE ('',( #4984 ) ) ;
#6762 = CARTESIAN_POINT ( 'NONE',  ( -2.449999999999999734, 0.000000000000000000, 2.050000000000000266 ) ) ;
#6763 = VERTEX_POINT ( 'NONE', #5167 ) ;
#6764 = MECHANICAL_DESIGN_GEOMETRIC_PRESENTATION_REPRESENTATION (  '', ( #461 ), #7402 ) ;
#6765 = DIRECTION ( 'NONE',  ( 1.000000000000000000, -0.000000000000000000, 1.057758217059029964E-16 ) ) ;
#6766 = MECHANICAL_DESIGN_GEOMETRIC_PRESENTATION_REPRESENTATION (  '', ( #1596 ), #4033 ) ;
#6767 = VERTEX_POINT ( 'NONE', #7499 ) ;
#6768 = FILL_AREA_STYLE_COLOUR ( '', #1049 ) ;
#6769 = ORIENTED_EDGE ( 'NONE', *, *, #1974, .F. ) ;
#6770 = LINE ( 'NONE', #6234, #2750 ) ;
#6771 = AXIS2_PLACEMENT_3D ( 'NONE', #5277, #5208, #7062 ) ;
#6772 = LINE ( 'NONE', #3120, #5419 ) ;
#6773 = EDGE_LOOP ( 'NONE', ( #3001, #6751, #5968, #6294 ) ) ;
#6774 = CARTESIAN_POINT ( 'NONE',  ( 1.250000000000000000, 1.199999999999999956, 2.449999999999999734 ) ) ;
#6775 =( LENGTH_UNIT ( ) NAMED_UNIT ( * ) SI_UNIT ( .MILLI., .METRE. ) );
#6776 = VECTOR ( 'NONE', #2728, 1000.000000000000000 ) ;
#6777 = ORIENTED_EDGE ( 'NONE', *, *, #747, .F. ) ;
#6778 = FILL_AREA_STYLE_COLOUR ( '', #4183 ) ;
#6779 = FILL_AREA_STYLE ('',( #7385 ) ) ;
#6780 = AXIS2_PLACEMENT_3D ( 'NONE', #3662, #7292, #7249 ) ;
#6781 = DIRECTION ( 'NONE',  ( 0.000000000000000000, 0.000000000000000000, 1.000000000000000000 ) ) ;
#6782 = AXIS2_PLACEMENT_3D ( 'NONE', #4489, #6293, #5626 ) ;
#6783 = DIRECTION ( 'NONE',  ( 1.000000000000000000, -0.000000000000000000, 8.673617379884035472E-16 ) ) ;
#6784 = VERTEX_POINT ( 'NONE', #5331 ) ;
#6785 = CARTESIAN_POINT ( 'NONE',  ( 0.5000000000000000000, 0.1498999999999999777, -0.7499999999999977796 ) ) ;
#6786 = ADVANCED_FACE ( 'NONE', ( #4761 ), #5740, .T. ) ;
#6787 = PRESENTATION_STYLE_ASSIGNMENT (( #6178 ) ) ;
#6788 = EDGE_CURVE ( 'NONE', #3398, #859, #2795, .T. ) ;
#6789 = ORIENTED_EDGE ( 'NONE', *, *, #7277, .T. ) ;
#6790 = CARTESIAN_POINT ( 'NONE',  ( -3.350000000000000533, 0.6999003282465632303, -0.4999997111430987129 ) ) ;
#6791 = STYLED_ITEM ( 'NONE', ( #7415 ), #3650 ) ;
#6792 = EDGE_CURVE ( 'NONE', #6568, #3637, #1576, .T. ) ;
#6793 = EDGE_CURVE ( 'NONE', #1707, #7014, #28, .T. ) ;
#6794 = PLANE ( 'NONE',  #2525 ) ;
#6795 = UNCERTAINTY_MEASURE_WITH_UNIT (LENGTH_MEASURE( 1.000000000000000082E-05 ), #2410, 'distance_accuracy_value', 'NONE');
#6796 = SURFACE_STYLE_USAGE ( .BOTH. , #5560 ) ;
#6797 = VECTOR ( 'NONE', #6432, 1000.000000000000000 ) ;
#6798 = LINE ( 'NONE', #249, #7536 ) ;
#6799 = CARTESIAN_POINT ( 'NONE',  ( 0.9500000000000001776, 0.1499999999999999944, -2.949999999999999734 ) ) ;
#6800 = FILL_AREA_STYLE ('',( #4429 ) ) ;
#6801 = EDGE_LOOP ( 'NONE', ( #1356, #7187, #3280, #4827 ) ) ;
#6802 = FACE_OUTER_BOUND ( 'NONE', #2589, .T. ) ;
#6803 = STYLED_ITEM ( 'NONE', ( #2440 ), #4180 ) ;
#6804 = ORIENTED_EDGE ( 'NONE', *, *, #1975, .F. ) ;
#6805 = FILL_AREA_STYLE ('',( #414 ) ) ;
#6806 = VERTEX_POINT ( 'NONE', #6938 ) ;
#6807 = DIRECTION ( 'NONE',  ( -7.885121045569205776E-16, 0.000000000000000000, -1.000000000000000000 ) ) ;
#6808 = DIRECTION ( 'NONE',  ( 0.000000000000000000, 1.000000000000000000, 0.000000000000000000 ) ) ;
#6809 = ORIENTED_EDGE ( 'NONE', *, *, #3801, .F. ) ;
#6810 = FILL_AREA_STYLE ('',( #6111 ) ) ;
#6811 = DIRECTION ( 'NONE',  ( 1.000000000000000000, 0.000000000000000000, -0.000000000000000000 ) ) ;
#6812 = DIRECTION ( 'NONE',  ( -0.9396926207859083169, 0.000000000000000000, -0.3420201433256691570 ) ) ;
#6813 = AXIS2_PLACEMENT_3D ( 'NONE', #5993, #3091, #1893 ) ;
#6814 = CARTESIAN_POINT ( 'NONE',  ( 2.800009999999999444, 1.399989999999999846, -1.500001000000000140 ) ) ;
#6815 = EDGE_LOOP ( 'NONE', ( #1053, #573, #5536, #7578 ) ) ;
#6816 =( GEOMETRIC_REPRESENTATION_CONTEXT ( 3 ) GLOBAL_UNCERTAINTY_ASSIGNED_CONTEXT ( ( #3226 ) ) GLOBAL_UNIT_ASSIGNED_CONTEXT ( ( #6988, #5312, #5749 ) ) REPRESENTATION_CONTEXT ( 'NONE', 'WORKASPACE' ) );
#6817 = LINE ( 'NONE', #7496, #3 ) ;
#6818 = UNCERTAINTY_MEASURE_WITH_UNIT (LENGTH_MEASURE( 1.000000000000000082E-05 ), #3519, 'distance_accuracy_value', 'NONE');
#6819 = EDGE_LOOP ( 'NONE', ( #103, #5012, #4472, #4416 ) ) ;
#6820 =( GEOMETRIC_REPRESENTATION_CONTEXT ( 3 ) GLOBAL_UNCERTAINTY_ASSIGNED_CONTEXT ( ( #6739 ) ) GLOBAL_UNIT_ASSIGNED_CONTEXT ( ( #3752, #3181, #195 ) ) REPRESENTATION_CONTEXT ( 'NONE', 'WORKASPACE' ) );
#6821 = FILL_AREA_STYLE_COLOUR ( '', #1192 ) ;
#6822 = DIRECTION ( 'NONE',  ( 0.000000000000000000, -0.000000000000000000, -1.000000000000000000 ) ) ;
#6823 = ORIENTED_EDGE ( 'NONE', *, *, #1738, .F. ) ;
#6824 = CARTESIAN_POINT ( 'NONE',  ( -1.999999999999999112, 0.1498999999999999777, -0.7499999999999978906 ) ) ;
#6825 = CARTESIAN_POINT ( 'NONE',  ( 0.2499999999999999445, 0.8000000000000000444, 2.050000000000000266 ) ) ;
#6826 = ORIENTED_EDGE ( 'NONE', *, *, #5884, .T. ) ;
#6827 = DIRECTION ( 'NONE',  ( 0.000000000000000000, 1.000000000000000000, 0.000000000000000000 ) ) ;
#6828 = CARTESIAN_POINT ( 'NONE',  ( 0.2500000000000003886, 1.199999999999999956, 1.750000000000000000 ) ) ;
#6829 = SURFACE_SIDE_STYLE ('',( #2073 ) ) ;
#6830 = FACE_OUTER_BOUND ( 'NONE', #4681, .T. ) ;
#6831 = LINE ( 'NONE', #2612, #5445 ) ;
#6832 = SURFACE_STYLE_USAGE ( .BOTH. , #5060 ) ;
#6833 =( NAMED_UNIT ( * ) SI_UNIT ( $, .STERADIAN. ) SOLID_ANGLE_UNIT ( ) );
#6834 =( NAMED_UNIT ( * ) PLANE_ANGLE_UNIT ( ) SI_UNIT ( $, .RADIAN. ) );
#6835 = EDGE_CURVE ( 'NONE', #1471, #3419, #6290, .T. ) ;
#6836 = ORIENTED_EDGE ( 'NONE', *, *, #1315, .T. ) ;
#6837 = EDGE_CURVE ( 'NONE', #6230, #5480, #3583, .T. ) ;
#6838 = ORIENTED_EDGE ( 'NONE', *, *, #4131, .F. ) ;
#6839 = FACE_OUTER_BOUND ( 'NONE', #2318, .T. ) ;
#6840 = EDGE_CURVE ( 'NONE', #6230, #3312, #5874, .T. ) ;
#6841 = ORIENTED_EDGE ( 'NONE', *, *, #5513, .T. ) ;
#6842 = DIRECTION ( 'NONE',  ( 1.000000000000000000, -0.000000000000000000, 2.710505431213760099E-16 ) ) ;
#6843 = VERTEX_POINT ( 'NONE', #3326 ) ;
#6844 = DIRECTION ( 'NONE',  ( 0.000000000000000000, 1.000000000000000000, 0.000000000000000000 ) ) ;
#6845 = DIRECTION ( 'NONE',  ( 7.885121045569206762E-16, 0.000000000000000000, 1.000000000000000000 ) ) ;
#6846 = FILL_AREA_STYLE_COLOUR ( '', #1934 ) ;
#6847 = ORIENTED_EDGE ( 'NONE', *, *, #5887, .T. ) ;
#6848 = STYLED_ITEM ( 'NONE', ( #14 ), #6196 ) ;
#6849 = VECTOR ( 'NONE', #5353, 1000.000000000000000 ) ;
#6850 = PLANE ( 'NONE',  #1242 ) ;
#6851 = SURFACE_STYLE_USAGE ( .BOTH. , #7580 ) ;
#6852 = EDGE_LOOP ( 'NONE', ( #2356, #1911, #6274, #6636 ) ) ;
#6853 = VECTOR ( 'NONE', #1194, 1000.000000000000000 ) ;
#6854 = FILL_AREA_STYLE ('',( #190 ) ) ;
#6855 = DIRECTION ( 'NONE',  ( 1.000000000000000000, -0.000000000000000000, -1.057758217059029964E-16 ) ) ;
#6856 = CARTESIAN_POINT ( 'NONE',  ( 0.5000000000000004441, 0.1498999999999999777, 0.8500000000000003109 ) ) ;
#6857 = ORIENTED_EDGE ( 'NONE', *, *, #5230, .T. ) ;
#6858 = SURFACE_STYLE_FILL_AREA ( #435 ) ;
#6859 = CARTESIAN_POINT ( 'NONE',  ( 1.500000000000000000, -0.5000000000000000000, 0.000000000000000000 ) ) ;
#6860 = VERTEX_POINT ( 'NONE', #579 ) ;
#6861 = LINE ( 'NONE', #7466, #3087 ) ;
#6862 = DIRECTION ( 'NONE',  ( -0.000000000000000000, 1.000000000000000000, 0.000000000000000000 ) ) ;
#6863 = CARTESIAN_POINT ( 'NONE',  ( -3.149999999999999911, 0.2598999999998395927, 0.5000002888567938175 ) ) ;
#6864 =( GEOMETRIC_REPRESENTATION_CONTEXT ( 3 ) GLOBAL_UNCERTAINTY_ASSIGNED_CONTEXT ( ( #1985 ) ) GLOBAL_UNIT_ASSIGNED_CONTEXT ( ( #2591, #4961, #697 ) ) REPRESENTATION_CONTEXT ( 'NONE', 'WORKASPACE' ) );
#6865 = DIRECTION ( 'NONE',  ( 6.944113381887672933E-23, 0.9999999999997845057, 6.564934471693304967E-07 ) ) ;
#6866 = VECTOR ( 'NONE', #1842, 1000.000000000000000 ) ;
#6867 = FACE_OUTER_BOUND ( 'NONE', #1644, .T. ) ;
#6868 =( NAMED_UNIT ( * ) PLANE_ANGLE_UNIT ( ) SI_UNIT ( $, .RADIAN. ) );
#6869 = SURFACE_SIDE_STYLE ('',( #4426 ) ) ;
#6870 = DIRECTION ( 'NONE',  ( 0.000000000000000000, -0.000000000000000000, 1.000000000000000000 ) ) ;
#6871 =( GEOMETRIC_REPRESENTATION_CONTEXT ( 3 ) GLOBAL_UNCERTAINTY_ASSIGNED_CONTEXT ( ( #2947 ) ) GLOBAL_UNIT_ASSIGNED_CONTEXT ( ( #7433, #991, #2074 ) ) REPRESENTATION_CONTEXT ( 'NONE', 'WORKASPACE' ) );
#6872 = SURFACE_STYLE_FILL_AREA ( #7556 ) ;
#6873 = ORIENTED_EDGE ( 'NONE', *, *, #7331, .T. ) ;
#6874 = EDGE_CURVE ( 'NONE', #1635, #2150, #5701, .T. ) ;
#6875 = CARTESIAN_POINT ( 'NONE',  ( 0.000000000000000000, 0.1498999999999999777, 0.000000000000000000 ) ) ;
#6876 =( GEOMETRIC_REPRESENTATION_CONTEXT ( 3 ) GLOBAL_UNCERTAINTY_ASSIGNED_CONTEXT ( ( #3009 ) ) GLOBAL_UNIT_ASSIGNED_CONTEXT ( ( #5722, #1553, #332 ) ) REPRESENTATION_CONTEXT ( 'NONE', 'WORKASPACE' ) );
#6877 = EDGE_LOOP ( 'NONE', ( #4668, #694, #5602, #27 ) ) ;
#6878 = CARTESIAN_POINT ( 'NONE',  ( 3.349900000000001210, 0.6999999999999966249, 2.050000000000000266 ) ) ;
#6879 = STYLED_ITEM ( 'NONE', ( #4443 ), #2012 ) ;
#6880 = VERTEX_POINT ( 'NONE', #7682 ) ;
#6881 = DIRECTION ( 'NONE',  ( 0.000000000000000000, -0.000000000000000000, 1.000000000000000000 ) ) ;
#6882 = ORIENTED_EDGE ( 'NONE', *, *, #5513, .F. ) ;
#6883 = VECTOR ( 'NONE', #3522, 1000.000000000000000 ) ;
#6884 = PRESENTATION_STYLE_ASSIGNMENT (( #5691 ) ) ;
#6885 = EDGE_CURVE ( 'NONE', #4878, #3308, #2349, .T. ) ;
#6886 = PRESENTATION_STYLE_ASSIGNMENT (( #4398 ) ) ;
#6887 = EDGE_CURVE ( 'NONE', #4261, #683, #1781, .T. ) ;
#6888 =( NAMED_UNIT ( * ) PLANE_ANGLE_UNIT ( ) SI_UNIT ( $, .RADIAN. ) );
#6889 = LINE ( 'NONE', #5077, #2551 ) ;
#6890 = ADVANCED_FACE ( 'NONE', ( #7241 ), #1364, .F. ) ;
#6891 = EDGE_CURVE ( 'NONE', #2598, #7394, #1859, .T. ) ;
#6892 = EDGE_LOOP ( 'NONE', ( #3935, #4192, #3122, #3050, #4277 ) ) ;
#6893 = AXIS2_PLACEMENT_3D ( 'NONE', #2071, #2758, #5678 ) ;
#6894 = DIRECTION ( 'NONE',  ( 0.000000000000000000, -1.000000000000000000, 0.000000000000000000 ) ) ;
#6895 = STYLED_ITEM ( 'NONE', ( #5273 ), #3501 ) ;
#6896 = PRESENTATION_STYLE_ASSIGNMENT (( #6851 ) ) ;
#6897 = VERTEX_POINT ( 'NONE', #105 ) ;
#6898 = FILL_AREA_STYLE ('',( #620 ) ) ;
#6899 = VECTOR ( 'NONE', #231, 1000.000000000000000 ) ;
#6900 = LINE ( 'NONE', #6249, #3773 ) ;
#6901 = EDGE_LOOP ( 'NONE', ( #4379, #2223, #113, #6692 ) ) ;
#6902 = DIRECTION ( 'NONE',  ( 0.000000000000000000, -1.000000000000000000, 0.000000000000000000 ) ) ;
#6903 = PRESENTATION_STYLE_ASSIGNMENT (( #1023 ) ) ;
#6904 = CARTESIAN_POINT ( 'NONE',  ( -3.350000000000000089, 0.000000000000000000, 2.050000000000000266 ) ) ;
#6905 = CARTESIAN_POINT ( 'NONE',  ( -1.701009032218152583, 1.199999999999999956, 2.050000000000000266 ) ) ;
#6906 = DIRECTION ( 'NONE',  ( 1.000000000000000000, 0.000000000000000000, -0.000000000000000000 ) ) ;
#6907 = DIRECTION ( 'NONE',  ( -0.000000000000000000, 1.000000000000000000, -0.000000000000000000 ) ) ;
#6908 = FILL_AREA_STYLE ('',( #4461 ) ) ;
#6909 = CARTESIAN_POINT ( 'NONE',  ( 1.250000000000000000, 0.8000000000000000444, 1.750000000000000000 ) ) ;
#6910 = CARTESIAN_POINT ( 'NONE',  ( -2.450000000000000178, 0.1499999999999999944, -2.949999999999999734 ) ) ;
#6911 =( NAMED_UNIT ( * ) PLANE_ANGLE_UNIT ( ) SI_UNIT ( $, .RADIAN. ) );
#6912 = VECTOR ( 'NONE', #1621, 1000.000000000000000 ) ;
#6913 = FILL_AREA_STYLE_COLOUR ( '', #465 ) ;
#6914 = ORIENTED_EDGE ( 'NONE', *, *, #5320, .F. ) ;
#6915 =( LENGTH_UNIT ( ) NAMED_UNIT ( * ) SI_UNIT ( .MILLI., .METRE. ) );
#6916 = ORIENTED_EDGE ( 'NONE', *, *, #6182, .F. ) ;
#6917 = COLOUR_RGB ( '',1.000000000000000000, 0.000000000000000000, 1.000000000000000000 ) ;
#6918 = DIRECTION ( 'NONE',  ( 0.000000000000000000, -0.000000000000000000, -1.000000000000000000 ) ) ;
#6919 = ORIENTED_EDGE ( 'NONE', *, *, #1651, .F. ) ;
#6920 = PRESENTATION_STYLE_ASSIGNMENT (( #5727 ) ) ;
#6921 = PRESENTATION_LAYER_ASSIGNMENT (  '', '', ( #2465 ) ) ;
#6922 =( LENGTH_UNIT ( ) NAMED_UNIT ( * ) SI_UNIT ( .MILLI., .METRE. ) );
#6923 = CARTESIAN_POINT ( 'NONE',  ( 2.799999999999999822, 1.199999999999999956, -2.050000000000000266 ) ) ;
#6924 = EDGE_LOOP ( 'NONE', ( #1938, #1866, #2457, #3680 ) ) ;
#6925 = PRESENTATION_LAYER_ASSIGNMENT (  '', '', ( #1501 ) ) ;
#6926 = CARTESIAN_POINT ( 'NONE',  ( -3.349899999999999434, 0.000000000000000000, 2.641504972683513029E-15 ) ) ;
#6927 = SURFACE_SIDE_STYLE ('',( #387 ) ) ;
#6928 = MECHANICAL_DESIGN_GEOMETRIC_PRESENTATION_REPRESENTATION (  '', ( #878 ), #4965 ) ;
#6929 = EDGE_CURVE ( 'NONE', #6843, #6541, #2544, .T. ) ;
#6930 = EDGE_CURVE ( 'NONE', #1311, #5472, #5444, .T. ) ;
#6931 = ORIENTED_EDGE ( 'NONE', *, *, #5004, .F. ) ;
#6932 = ADVANCED_FACE ( 'NONE', ( #4921 ), #2622, .T. ) ;
#6933 = SURFACE_STYLE_USAGE ( .BOTH. , #3250 ) ;
#6934 = EDGE_CURVE ( 'NONE', #225, #2164, #7286, .T. ) ;
#6935 = CARTESIAN_POINT ( 'NONE',  ( -2.499999999999998668, 0.1498999999999999777, 0.3500000000000000888 ) ) ;
#6936 = PRESENTATION_LAYER_ASSIGNMENT (  '', '', ( #888 ) ) ;
#6937 = EDGE_LOOP ( 'NONE', ( #3384, #1328, #7654, #7285, #3125, #2307 ) ) ;
#6938 = CARTESIAN_POINT ( 'NONE',  ( -0.2010090322181518063, 1.199999999999999956, 0.9499999999999998446 ) ) ;
#6939 = EDGE_CURVE ( 'NONE', #1715, #1707, #3694, .T. ) ;
#6940 = LINE ( 'NONE', #587, #6172 ) ;
#6941 = AXIS2_PLACEMENT_3D ( 'NONE', #1249, #5334, #4817 ) ;
#6942 = ORIENTED_EDGE ( 'NONE', *, *, #7034, .F. ) ;
#6943 =( NAMED_UNIT ( * ) SI_UNIT ( $, .STERADIAN. ) SOLID_ANGLE_UNIT ( ) );
#6944 = LINE ( 'NONE', #2287, #1793 ) ;
#6945 = UNCERTAINTY_MEASURE_WITH_UNIT (LENGTH_MEASURE( 1.000000000000000082E-05 ), #1549, 'distance_accuracy_value', 'NONE');
#6946 = CARTESIAN_POINT ( 'NONE',  ( 1.399999999999999689, 2.700000000000000178, 1.750000000000000000 ) ) ;
#6947 = FACE_OUTER_BOUND ( 'NONE', #5708, .T. ) ;
#6948 = SURFACE_SIDE_STYLE ('',( #4734 ) ) ;
#6949 = DIRECTION ( 'NONE',  ( 0.000000000000000000, 0.000000000000000000, 1.000000000000000000 ) ) ;
#6950 = VERTEX_POINT ( 'NONE', #1972 ) ;
#6951 = ORIENTED_EDGE ( 'NONE', *, *, #7335, .T. ) ;
#6952 = DIRECTION ( 'NONE',  ( -1.000000000000000000, 0.000000000000000000, 2.168404344971012566E-16 ) ) ;
#6953 = ORIENTED_EDGE ( 'NONE', *, *, #6840, .T. ) ;
#6954 = FILL_AREA_STYLE_COLOUR ( '', #2516 ) ;
#6955 = VERTEX_POINT ( 'NONE', #6031 ) ;
#6956 =( LENGTH_UNIT ( ) NAMED_UNIT ( * ) SI_UNIT ( .MILLI., .METRE. ) );
#6957 = CARTESIAN_POINT ( 'NONE',  ( -2.049999999999999822, 0.000000000000000000, -2.949999999999999734 ) ) ;
#6958 = CARTESIAN_POINT ( 'NONE',  ( 2.250504516109076203, 1.199999999999999956, -1.850000000000000089 ) ) ;
#6959 = FILL_AREA_STYLE ('',( #4009 ) ) ;
#6960 = ORIENTED_EDGE ( 'NONE', *, *, #5603, .F. ) ;
#6961 = DIRECTION ( 'NONE',  ( -0.000000000000000000, -0.000000000000000000, 1.000000000000000000 ) ) ;
#6962 = VECTOR ( 'NONE', #2741, 1000.000000000000000 ) ;
#6963 = FILL_AREA_STYLE_COLOUR ( '', #1377 ) ;
#6964 = CARTESIAN_POINT ( 'NONE',  ( -3.350000000000000533, 0.2598999999998395927, -1.500000000000000000 ) ) ;
#6965 = UNCERTAINTY_MEASURE_WITH_UNIT (LENGTH_MEASURE( 1.000000000000000082E-05 ), #4642, 'distance_accuracy_value', 'NONE');
#6966 = DIRECTION ( 'NONE',  ( -1.000000000000000000, 0.000000000000000000, 0.000000000000000000 ) ) ;
#6967 = MECHANICAL_DESIGN_GEOMETRIC_PRESENTATION_REPRESENTATION (  '', ( #5607 ), #789 ) ;
#6968 = VERTEX_POINT ( 'NONE', #4841 ) ;
#6969 =( NAMED_UNIT ( * ) PLANE_ANGLE_UNIT ( ) SI_UNIT ( $, .RADIAN. ) );
#6970 = DIRECTION ( 'NONE',  ( 0.000000000000000000, 0.000000000000000000, 1.000000000000000000 ) ) ;
#6971 = STYLED_ITEM ( 'NONE', ( #727 ), #7582 ) ;
#6972 = EDGE_CURVE ( 'NONE', #2065, #4850, #6154, .T. ) ;
#6973 = CARTESIAN_POINT ( 'NONE',  ( 3.149999999999999467, 0.6499999999999930278, 1.500001000000001028 ) ) ;
#6974 = UNCERTAINTY_MEASURE_WITH_UNIT (LENGTH_MEASURE( 1.000000000000000082E-05 ), #3104, 'distance_accuracy_value', 'NONE');
#6975 = EDGE_LOOP ( 'NONE', ( #5248, #1737, #4054, #3624, #126, #5757, #2385, #7523, #4082, #3699, #2687, #7148, #397, #2586, #547, #7401, #5420, #3687, #3416, #3535, #3220, #140 ) ) ;
#6976 = EDGE_CURVE ( 'NONE', #6767, #5192, #7201, .T. ) ;
#6977 = DIRECTION ( 'NONE',  ( 1.000000000000000000, -0.000000000000000000, 1.057758217059029964E-16 ) ) ;
#6978 = VECTOR ( 'NONE', #5906, 1000.000000000000000 ) ;
#6979 = VERTEX_POINT ( 'NONE', #2009 ) ;
#6980 = SURFACE_STYLE_USAGE ( .BOTH. , #7587 ) ;
#6981 = DIRECTION ( 'NONE',  ( 0.000000000000000000, 0.000000000000000000, -1.000000000000000000 ) ) ;
#6982 = ADVANCED_FACE ( 'NONE', ( #6687 ), #1324, .F. ) ;
#6983 = AXIS2_PLACEMENT_3D ( 'NONE', #5905, #3453, #2303 ) ;
#6984 = CARTESIAN_POINT ( 'NONE',  ( 2.500000000000000000, 0.1498999999999999777, -0.7499999999999977796 ) ) ;
#6985 = EDGE_CURVE ( 'NONE', #6067, #6950, #416, .T. ) ;
#6986 = ADVANCED_FACE ( 'NONE', ( #2195 ), #4515, .F. ) ;
#6987 =( NAMED_UNIT ( * ) SI_UNIT ( $, .STERADIAN. ) SOLID_ANGLE_UNIT ( ) );
#6988 =( LENGTH_UNIT ( ) NAMED_UNIT ( * ) SI_UNIT ( .MILLI., .METRE. ) );
#6989 = PRODUCT_CONTEXT ( 'NONE', #7533, 'mechanical' ) ;
#6990 = PRESENTATION_STYLE_ASSIGNMENT (( #483 ) ) ;
#6991 = CARTESIAN_POINT ( 'NONE',  ( 3.149999999999999911, 0.2599003282466580411, -0.5000000000002154943 ) ) ;
#6992 =( GEOMETRIC_REPRESENTATION_CONTEXT ( 3 ) GLOBAL_UNCERTAINTY_ASSIGNED_CONTEXT ( ( #6186 ) ) GLOBAL_UNIT_ASSIGNED_CONTEXT ( ( #5434, #162, #3720 ) ) REPRESENTATION_CONTEXT ( 'NONE', 'WORKASPACE' ) );
#6993 = FACE_OUTER_BOUND ( 'NONE', #565, .T. ) ;
#6994 = ORIENTED_EDGE ( 'NONE', *, *, #7119, .T. ) ;
#6995 = CIRCLE ( 'NONE', #564, 0.2000000000000000944 ) ;
#6996 = ORIENTED_EDGE ( 'NONE', *, *, #1465, .T. ) ;
#6997 = MECHANICAL_DESIGN_GEOMETRIC_PRESENTATION_REPRESENTATION (  '', ( #3755 ), #6740 ) ;
#6998 = PLANE ( 'NONE',  #6247 ) ;
#6999 = DIRECTION ( 'NONE',  ( 0.000000000000000000, 0.000000000000000000, -1.000000000000000000 ) ) ;
#7000 =( NAMED_UNIT ( * ) SI_UNIT ( $, .STERADIAN. ) SOLID_ANGLE_UNIT ( ) );
#7001 = DIRECTION ( 'NONE',  ( 0.000000000000000000, 0.000000000000000000, 1.000000000000000000 ) ) ;
#7002 = LINE ( 'NONE', #2373, #3499 ) ;
#7003 = ORIENTED_EDGE ( 'NONE', *, *, #4510, .T. ) ;
#7004 = VECTOR ( 'NONE', #2003, 1000.000000000000000 ) ;
#7005 = LINE ( 'NONE', #6493, #7307 ) ;
#7006 = DIRECTION ( 'NONE',  ( 0.000000000000000000, 0.000000000000000000, -1.000000000000000000 ) ) ;
#7007 = COLOUR_RGB ( '',0.7960784313725489669, 0.8235294117647058432, 0.9372549019607843146 ) ;
#7008 = FILL_AREA_STYLE_COLOUR ( '', #3869 ) ;
#7009 = STYLED_ITEM ( 'NONE', ( #6012 ), #739 ) ;
#7010 = ORIENTED_EDGE ( 'NONE', *, *, #5971, .F. ) ;
#7011 = DIRECTION ( 'NONE',  ( 0.000000000000000000, -0.000000000000000000, -1.000000000000000000 ) ) ;
#7012 = AXIS2_PLACEMENT_3D ( 'NONE', #327, #4346, #5563 ) ;
#7013 = STYLED_ITEM ( 'NONE', ( #677 ), #3285 ) ;
#7014 = VERTEX_POINT ( 'NONE', #1636 ) ;
#7015 = CARTESIAN_POINT ( 'NONE',  ( 0.5000000000000000000, 0.1498999999999999777, -0.7499999999999977796 ) ) ;
#7016 = VECTOR ( 'NONE', #324, 1000.000000000000000 ) ;
#7018 = ORIENTED_EDGE ( 'NONE', *, *, #4957, .F. ) ;
#7017 = MECHANICAL_DESIGN_GEOMETRIC_PRESENTATION_REPRESENTATION (  '', ( #7281 ), #7409 ) ;
#7019 =( LENGTH_UNIT ( ) NAMED_UNIT ( * ) SI_UNIT ( .MILLI., .METRE. ) );
#7020 = SURFACE_STYLE_USAGE ( .BOTH. , #78 ) ;
#7021 = LINE ( 'NONE', #1720, #5933 ) ;
#7022 = DIRECTION ( 'NONE',  ( -0.000000000000000000, -0.000000000000000000, -1.000000000000000000 ) ) ;
#7023 = STYLED_ITEM ( 'NONE', ( #1668 ), #2960 ) ;
#7024 = CARTESIAN_POINT ( 'NONE',  ( 3.149999999999999911, 1.399999999999999911, -1.500001000000000140 ) ) ;
#7025 = UNCERTAINTY_MEASURE_WITH_UNIT (LENGTH_MEASURE( 1.000000000000000082E-05 ), #4357, 'distance_accuracy_value', 'NONE');
#7026 = DIRECTION ( 'NONE',  ( 1.000000000000000000, 0.000000000000000000, 0.000000000000000000 ) ) ;
#7027 = EDGE_CURVE ( 'NONE', #902, #1016, #6770, .T. ) ;
#7028 = EDGE_CURVE ( 'NONE', #6979, #3449, #2704, .T. ) ;
#7029 = FACE_OUTER_BOUND ( 'NONE', #4679, .T. ) ;
#7030 = SURFACE_SIDE_STYLE ('',( #2294 ) ) ;
#7031 = VECTOR ( 'NONE', #3090, 1000.000000000000000 ) ;
#7032 = DIRECTION ( 'NONE',  ( 0.000000000000000000, 1.000000000000000000, 0.000000000000000000 ) ) ;
#7033 = VERTEX_POINT ( 'NONE', #1489 ) ;
#7034 = EDGE_CURVE ( 'NONE', #6345, #5412, #4478, .T. ) ;
#7035 = ORIENTED_EDGE ( 'NONE', *, *, #6502, .F. ) ;
#7036 = DIRECTION ( 'NONE',  ( 0.000000000000000000, 0.000000000000000000, -1.000000000000000000 ) ) ;
#7037 =( NAMED_UNIT ( * ) SI_UNIT ( $, .STERADIAN. ) SOLID_ANGLE_UNIT ( ) );
#7038 = COLOUR_RGB ( '',0.7960784313725489669, 0.8235294117647058432, 0.9372549019607843146 ) ;
#7039 = DIRECTION ( 'NONE',  ( -0.000000000000000000, -1.000000000000000000, -0.000000000000000000 ) ) ;
#7040 = SURFACE_STYLE_FILL_AREA ( #2372 ) ;
#7041 = SURFACE_STYLE_USAGE ( .BOTH. , #50 ) ;
#7042 = DIRECTION ( 'NONE',  ( 1.000000000000000000, -0.000000000000000000, 4.818676322157800333E-16 ) ) ;
#7043 = CYLINDRICAL_SURFACE ( 'NONE', #4672, 0.5000000000000002220 ) ;
#7044 = ORIENTED_EDGE ( 'NONE', *, *, #1312, .F. ) ;
#7045 = SURFACE_STYLE_FILL_AREA ( #7122 ) ;
#7046 = FACE_OUTER_BOUND ( 'NONE', #4231, .T. ) ;
#7047 =( GEOMETRIC_REPRESENTATION_CONTEXT ( 3 ) GLOBAL_UNCERTAINTY_ASSIGNED_CONTEXT ( ( #3252 ) ) GLOBAL_UNIT_ASSIGNED_CONTEXT ( ( #3709, #6119, #7340 ) ) REPRESENTATION_CONTEXT ( 'NONE', 'WORKASPACE' ) );
#7048 = DIRECTION ( 'NONE',  ( -4.818676322157800333E-16, 0.000000000000000000, -1.000000000000000000 ) ) ;
#7049 = COLOUR_RGB ( '',0.000000000000000000, 0.000000000000000000, 1.000000000000000000 ) ;
#7050 = ORIENTED_EDGE ( 'NONE', *, *, #7172, .T. ) ;
#7051 = PLANE ( 'NONE',  #4063 ) ;
#7052 = FILL_AREA_STYLE_COLOUR ( '', #3587 ) ;
#7053 = LINE ( 'NONE', #2946, #2419 ) ;
#7054 = UNCERTAINTY_MEASURE_WITH_UNIT (LENGTH_MEASURE( 1.000000000000000082E-05 ), #6634, 'distance_accuracy_value', 'NONE');
#7055 = COLOUR_RGB ( '',0.7960784313725489669, 0.8235294117647058432, 0.9372549019607843146 ) ;
#7056 = FACE_OUTER_BOUND ( 'NONE', #6662, .T. ) ;
#7057 = ORIENTED_EDGE ( 'NONE', *, *, #5665, .T. ) ;
#7058 = CARTESIAN_POINT ( 'NONE',  ( 0.5000000000000004441, -0.0001000000000000000048, 0.3500000000000002554 ) ) ;
#7059 = COLOUR_RGB ( '',0.7960784313725489669, 0.8235294117647058432, 0.9372549019607843146 ) ;
#7060 = FILL_AREA_STYLE_COLOUR ( '', #961 ) ;
#7061 = SURFACE_STYLE_USAGE ( .BOTH. , #4687 ) ;
#7062 = DIRECTION ( 'NONE',  ( 0.000000000000000000, 0.000000000000000000, -1.000000000000000000 ) ) ;
#7063 = COLOUR_RGB ( '',1.000000000000000000, 0.000000000000000000, 1.000000000000000000 ) ;
#7064 = SURFACE_STYLE_USAGE ( .BOTH. , #4064 ) ;
#7065 = PRESENTATION_STYLE_ASSIGNMENT (( #1107 ) ) ;
#7066 =( LENGTH_UNIT ( ) NAMED_UNIT ( * ) SI_UNIT ( .MILLI., .METRE. ) );
#7067 = DIRECTION ( 'NONE',  ( 0.000000000000000000, 0.000000000000000000, -1.000000000000000000 ) ) ;
#7068 = PRESENTATION_STYLE_ASSIGNMENT (( #562 ) ) ;
#7069 = ORIENTED_EDGE ( 'NONE', *, *, #1401, .T. ) ;
#7070 = VECTOR ( 'NONE', #1341, 1000.000000000000000 ) ;
#7071 = EDGE_LOOP ( 'NONE', ( #3334, #954, #3765, #2156 ) ) ;
#7072 = FACE_OUTER_BOUND ( 'NONE', #6153, .T. ) ;
#7073 = VECTOR ( 'NONE', #2484, 1000.000000000000000 ) ;
#7074 = DIRECTION ( 'NONE',  ( 0.000000000000000000, 0.000000000000000000, 1.000000000000000000 ) ) ;
#7075 = CARTESIAN_POINT ( 'NONE',  ( -1.701009032218152806, 1.199999999999999956, -2.050000000000000266 ) ) ;
#7076 = EDGE_CURVE ( 'NONE', #6356, #7539, #5688, .T. ) ;
#7077 = DIRECTION ( 'NONE',  ( 0.000000000000000000, 0.000000000000000000, -1.000000000000000000 ) ) ;
#7078 = SURFACE_STYLE_USAGE ( .BOTH. , #2304 ) ;
#7079 = ORIENTED_EDGE ( 'NONE', *, *, #6657, .F. ) ;
#7080 = LINE ( 'NONE', #3490, #5182 ) ;
#7081 = ORIENTED_EDGE ( 'NONE', *, *, #5834, .T. ) ;
#7082 = CARTESIAN_POINT ( 'NONE',  ( -0.9999999999999995559, 0.1498999999999999777, -0.7499999999999978906 ) ) ;
#7083 = FILL_AREA_STYLE ('',( #5867 ) ) ;
#7084 = SURFACE_SIDE_STYLE ('',( #2936 ) ) ;
#7085 = ADVANCED_FACE ( 'NONE', ( #3939 ), #1040, .F. ) ;
#7086 = SURFACE_SIDE_STYLE ('',( #537 ) ) ;
#7087 = DIRECTION ( 'NONE',  ( 0.000000000000000000, -1.000000000000000000, 0.000000000000000000 ) ) ;
#7088 = PRESENTATION_LAYER_ASSIGNMENT (  '', '', ( #525 ) ) ;
#7089 = ORIENTED_EDGE ( 'NONE', *, *, #7384, .F. ) ;
#7090 = LINE ( 'NONE', #4765, #6544 ) ;
#7091 = SURFACE_STYLE_USAGE ( .BOTH. , #4614 ) ;
#7092 = FILL_AREA_STYLE_COLOUR ( '', #1987 ) ;
#7093 = LINE ( 'NONE', #1971, #673 ) ;
#7094 = VECTOR ( 'NONE', #6966, 1000.000000000000000 ) ;
#7095 = EDGE_LOOP ( 'NONE', ( #4821, #6459, #5443, #7227 ) ) ;
#7096 = DIRECTION ( 'NONE',  ( -1.000000000000000000, -0.000000000000000000, -0.000000000000000000 ) ) ;
#7097 = ORIENTED_EDGE ( 'NONE', *, *, #5351, .F. ) ;
#7098 =( GEOMETRIC_REPRESENTATION_CONTEXT ( 3 ) GLOBAL_UNCERTAINTY_ASSIGNED_CONTEXT ( ( #1619 ) ) GLOBAL_UNIT_ASSIGNED_CONTEXT ( ( #3342, #6265, #5717 ) ) REPRESENTATION_CONTEXT ( 'NONE', 'WORKASPACE' ) );
#7099 = DIRECTION ( 'NONE',  ( 0.9396926207859083169, 0.000000000000000000, -0.3420201433256691570 ) ) ;
#7100 = SURFACE_STYLE_USAGE ( .BOTH. , #4731 ) ;
#7101 = VECTOR ( 'NONE', #4805, 1000.000000000000000 ) ;
#7102 = CARTESIAN_POINT ( 'NONE',  ( 2.500000000000000000, -0.0001000000000000000048, -0.7499999999999977796 ) ) ;
#7103 = CARTESIAN_POINT ( 'NONE',  ( 1.399999999999999911, 2.899999999999999911, 0.9499999999999999556 ) ) ;
#7104 = SURFACE_SIDE_STYLE ('',( #4619 ) ) ;
#7105 = SURFACE_STYLE_USAGE ( .BOTH. , #3027 ) ;
#7106 =( NAMED_UNIT ( * ) PLANE_ANGLE_UNIT ( ) SI_UNIT ( $, .RADIAN. ) );
#7107 = ORIENTED_EDGE ( 'NONE', *, *, #5759, .F. ) ;
#7108 = SURFACE_STYLE_USAGE ( .BOTH. , #4738 ) ;
#7109 = MECHANICAL_DESIGN_GEOMETRIC_PRESENTATION_REPRESENTATION (  '', ( #2775 ), #3019 ) ;
#7110 = PRESENTATION_LAYER_ASSIGNMENT (  '', '', ( #6368 ) ) ;
#7111 = ORIENTED_EDGE ( 'NONE', *, *, #2189, .F. ) ;
#7112 =( NAMED_UNIT ( * ) SI_UNIT ( $, .STERADIAN. ) SOLID_ANGLE_UNIT ( ) );
#7113 = VECTOR ( 'NONE', #5279, 1000.000000000000000 ) ;
#7114 = PLANE ( 'NONE',  #3260 ) ;
#7115 = DIRECTION ( 'NONE',  ( -0.000000000000000000, -0.000000000000000000, 1.000000000000000000 ) ) ;
#7116 = DIRECTION ( 'NONE',  ( -1.000000000000000000, -0.000000000000000000, 1.057758217059029964E-16 ) ) ;
#7117 = LINE ( 'NONE', #2999, #2526 ) ;
#7118 = ORIENTED_EDGE ( 'NONE', *, *, #5801, .T. ) ;
#7119 = EDGE_CURVE ( 'NONE', #6719, #524, #144, .T. ) ;
#7120 = PRESENTATION_STYLE_ASSIGNMENT (( #2459 ) ) ;
#7121 = ORIENTED_EDGE ( 'NONE', *, *, #2474, .F. ) ;
#7122 = FILL_AREA_STYLE ('',( #4752 ) ) ;
#7123 = MECHANICAL_DESIGN_GEOMETRIC_PRESENTATION_REPRESENTATION (  '', ( #5995 ), #313 ) ;
#7124 = COLOUR_RGB ( '',0.7960784313725489669, 0.8235294117647058432, 0.9372549019607843146 ) ;
#7125 = SURFACE_SIDE_STYLE ('',( #6496 ) ) ;
#7126 = VECTOR ( 'NONE', #4238, 1000.000000000000000 ) ;
#7127 = ADVANCED_FACE ( 'NONE', ( #6203 ), #5605, .F. ) ;
#7128 = EDGE_CURVE ( 'NONE', #4798, #5725, #7168, .T. ) ;
#7129 = ORIENTED_EDGE ( 'NONE', *, *, #4042, .F. ) ;
#7130 = DIRECTION ( 'NONE',  ( -0.000000000000000000, 1.000000000000000000, -0.000000000000000000 ) ) ;
#7131 = ADVANCED_FACE ( 'NONE', ( #5543 ), #3056, .F. ) ;
#7132 = EDGE_CURVE ( 'NONE', #2250, #3527, #143, .T. ) ;
#7133 = AXIS2_PLACEMENT_3D ( 'NONE', #4508, #5600, #2082 ) ;
#7134 = CARTESIAN_POINT ( 'NONE',  ( 1.701009032218152806, 1.399999999999999911, -2.049900000000000500 ) ) ;
#7135 = PRESENTATION_LAYER_ASSIGNMENT (  '', '', ( #6142 ) ) ;
#7136 = STYLED_ITEM ( 'NONE', ( #1451 ), #1966 ) ;
#7137 = CARTESIAN_POINT ( 'NONE',  ( -3.149999999999999467, 0.000000000000000000, 2.050000000000000266 ) ) ;
#7138 = VECTOR ( 'NONE', #3684, 1000.000000000000000 ) ;
#7139 =( LENGTH_UNIT ( ) NAMED_UNIT ( * ) SI_UNIT ( .MILLI., .METRE. ) );
#7140 = CARTESIAN_POINT ( 'NONE',  ( -3.349900000000001210, 0.7000000000000031752, 2.050000000000000266 ) ) ;
#7141 =( LENGTH_UNIT ( ) NAMED_UNIT ( * ) SI_UNIT ( .MILLI., .METRE. ) );
#7142 = PRESENTATION_STYLE_ASSIGNMENT (( #7100 ) ) ;
#7143 = AXIS2_PLACEMENT_3D ( 'NONE', #4775, #515, #2880 ) ;
#7144 = CARTESIAN_POINT ( 'NONE',  ( -1.701009032218152583, 1.199999999999999956, 0.8500000000000003109 ) ) ;
#7145 = SURFACE_SIDE_STYLE ('',( #1229 ) ) ;
#7146 = ORIENTED_EDGE ( 'NONE', *, *, #6370, .F. ) ;
#7147 =( GEOMETRIC_REPRESENTATION_CONTEXT ( 3 ) GLOBAL_UNCERTAINTY_ASSIGNED_CONTEXT ( ( #5738 ) ) GLOBAL_UNIT_ASSIGNED_CONTEXT ( ( #1122, #7380, #898 ) ) REPRESENTATION_CONTEXT ( 'NONE', 'WORKASPACE' ) );
#7148 = ORIENTED_EDGE ( 'NONE', *, *, #700, .F. ) ;
#7149 = LINE ( 'NONE', #45, #929 ) ;
#7150 = COLOUR_RGB ( '',0.000000000000000000, 0.000000000000000000, 1.000000000000000000 ) ;
#7151 = CARTESIAN_POINT ( 'NONE',  ( -0.9999999999999995559, -0.0001000000000000000048, -0.7499999999999978906 ) ) ;
#7152 = FILL_AREA_STYLE_COLOUR ( '', #7481 ) ;
#7153 = AXIS2_PLACEMENT_3D ( 'NONE', #6571, #6458, #1155 ) ;
#7154 = CARTESIAN_POINT ( 'NONE',  ( -0.9999999999999995559, -0.0001000000000000000048, -0.7499999999999978906 ) ) ;
#7155 = ORIENTED_EDGE ( 'NONE', *, *, #3557, .T. ) ;
#7156 = ORIENTED_EDGE ( 'NONE', *, *, #5275, .F. ) ;
#7157 = FACE_OUTER_BOUND ( 'NONE', #986, .T. ) ;
#7158 = LINE ( 'NONE', #7316, #7004 ) ;
#7159 = VERTEX_POINT ( 'NONE', #7334 ) ;
#7160 =( GEOMETRIC_REPRESENTATION_CONTEXT ( 3 ) GLOBAL_UNCERTAINTY_ASSIGNED_CONTEXT ( ( #2760 ) ) GLOBAL_UNIT_ASSIGNED_CONTEXT ( ( #7263, #1949, #5342 ) ) REPRESENTATION_CONTEXT ( 'NONE', 'WORKASPACE' ) );
#7161 = DIRECTION ( 'NONE',  ( 0.000000000000000000, 1.000000000000000000, 0.000000000000000000 ) ) ;
#7162 = PRESENTATION_STYLE_ASSIGNMENT (( #4809 ) ) ;
#7163 = VERTEX_POINT ( 'NONE', #3783 ) ;
#7164 = VECTOR ( 'NONE', #6666, 1000.000000000000000 ) ;
#7165 =( NAMED_UNIT ( * ) SI_UNIT ( $, .STERADIAN. ) SOLID_ANGLE_UNIT ( ) );
#7166 = SURFACE_SIDE_STYLE ('',( #3586 ) ) ;
#7167 = EDGE_CURVE ( 'NONE', #7159, #4958, #1332, .T. ) ;
#7168 = LINE ( 'NONE', #1407, #4729 ) ;
#7169 = ADVANCED_FACE ( 'NONE', ( #4365 ), #6729, .T. ) ;
#7170 = ORIENTED_EDGE ( 'NONE', *, *, #5051, .F. ) ;
#7171 = AXIS2_PLACEMENT_3D ( 'NONE', #6926, #4479, #6845 ) ;
#7172 = EDGE_CURVE ( 'NONE', #4010, #5877, #2435, .T. ) ;
#7173 = EDGE_CURVE ( 'NONE', #3527, #272, #4890, .T. ) ;
#7174 = ORIENTED_EDGE ( 'NONE', *, *, #6891, .F. ) ;
#7175 = FILL_AREA_STYLE_COLOUR ( '', #2566 ) ;
#7176 = FILL_AREA_STYLE ('',( #2326 ) ) ;
#7177 = VECTOR ( 'NONE', #1292, 1000.000000000000000 ) ;
#7178 = CARTESIAN_POINT ( 'NONE',  ( -3.350000000000000089, 0.000000000000000000, 2.050000000000000266 ) ) ;
#7179 = ADVANCED_FACE ( 'NONE', ( #4818 ), #6663, .T. ) ;
#7180 = CARTESIAN_POINT ( 'NONE',  ( 0.5000000000000004441, 0.1498999999999999777, 0.3500000000000002554 ) ) ;
#7181 =( LENGTH_UNIT ( ) NAMED_UNIT ( * ) SI_UNIT ( .MILLI., .METRE. ) );
#7182 = DIRECTION ( 'NONE',  ( 1.000000000000000000, -0.000000000000000000, 0.000000000000000000 ) ) ;
#7183 =( GEOMETRIC_REPRESENTATION_CONTEXT ( 3 ) GLOBAL_UNCERTAINTY_ASSIGNED_CONTEXT ( ( #6409 ) ) GLOBAL_UNIT_ASSIGNED_CONTEXT ( ( #1943, #6120, #4373 ) ) REPRESENTATION_CONTEXT ( 'NONE', 'WORKASPACE' ) );
#7184 = CARTESIAN_POINT ( 'NONE',  ( -3.149999999999999911, 0.2598999999998395927, -2.049989999999999757 ) ) ;
#7185 = SURFACE_STYLE_USAGE ( .BOTH. , #4190 ) ;
#7186 = EDGE_LOOP ( 'NONE', ( #4358, #5546, #4270, #7557 ) ) ;
#7187 = ORIENTED_EDGE ( 'NONE', *, *, #6939, .F. ) ;
#7188 = CARTESIAN_POINT ( 'NONE',  ( 3.149999999999999467, 0.6500000000000000222, -2.049989999999999757 ) ) ;
#7189 = DIRECTION ( 'NONE',  ( -0.3713906763541044986, 0.9284766908852589706, -0.000000000000000000 ) ) ;
#7190 = SURFACE_STYLE_USAGE ( .BOTH. , #2490 ) ;
#7191 = LINE ( 'NONE', #4229, #4513 ) ;
#7192 = CARTESIAN_POINT ( 'NONE',  ( 3.350000000000000533, 0.6999999999999999556, 2.049989999999999757 ) ) ;
#7193 = ORIENTED_EDGE ( 'NONE', *, *, #4263, .T. ) ;
#7194 = DIRECTION ( 'NONE',  ( -0.000000000000000000, 0.000000000000000000, 1.000000000000000000 ) ) ;
#7195 = ORIENTED_EDGE ( 'NONE', *, *, #2425, .T. ) ;
#7196 =( NAMED_UNIT ( * ) SI_UNIT ( $, .STERADIAN. ) SOLID_ANGLE_UNIT ( ) );
#7197 = DIRECTION ( 'NONE',  ( -1.000000000000000000, -0.000000000000000000, -1.057758217059029964E-16 ) ) ;
#7198 = UNCERTAINTY_MEASURE_WITH_UNIT (LENGTH_MEASURE( 1.000000000000000082E-05 ), #4352, 'distance_accuracy_value', 'NONE');
#7199 = ORIENTED_EDGE ( 'NONE', *, *, #150, .T. ) ;
#7200 = CARTESIAN_POINT ( 'NONE',  ( -1.000000000000000000, 0.1498999999999999777, 0.3500000000000002554 ) ) ;
#7201 = LINE ( 'NONE', #3613, #7126 ) ;
#7202 = CARTESIAN_POINT ( 'NONE',  ( 1.500000000000000000, -0.3000000000383806764, -0.3999999999564352038 ) ) ;
#7203 = EDGE_LOOP ( 'NONE', ( #1048, #156, #410, #5364 ) ) ;
#7204 = ORIENTED_EDGE ( 'NONE', *, *, #4963, .F. ) ;
#7205 = CARTESIAN_POINT ( 'NONE',  ( 3.149999999999999467, 0.6500000000000000222, -2.049989999999999757 ) ) ;
#7206 =( NAMED_UNIT ( * ) SI_UNIT ( $, .STERADIAN. ) SOLID_ANGLE_UNIT ( ) );
#7207 = SURFACE_SIDE_STYLE ('',( #3664 ) ) ;
#7208 = SURFACE_STYLE_FILL_AREA ( #110 ) ;
#7209 =( GEOMETRIC_REPRESENTATION_CONTEXT ( 3 ) GLOBAL_UNCERTAINTY_ASSIGNED_CONTEXT ( ( #4780 ) ) GLOBAL_UNIT_ASSIGNED_CONTEXT ( ( #7412, #7489, #2092 ) ) REPRESENTATION_CONTEXT ( 'NONE', 'WORKASPACE' ) );
#7210 = EDGE_LOOP ( 'NONE', ( #6994, #5286, #2794, #5782 ) ) ;
#7211 = DIRECTION ( 'NONE',  ( -1.000000000000000000, 0.000000000000000000, 0.000000000000000000 ) ) ;
#7212 = PRODUCT_RELATED_PRODUCT_CATEGORY ( 'part', '', ( #7319 ) ) ;
#7213 = PLANE ( 'NONE',  #1005 ) ;
#7214 = STYLED_ITEM ( 'NONE', ( #4481 ), #7225 ) ;
#7215 = CARTESIAN_POINT ( 'NONE',  ( -3.349999999999999645, 0.6500000000000000222, -1.500001000000000140 ) ) ;
#7216 = CARTESIAN_POINT ( 'NONE',  ( -2.050000000000000266, 0.1499999999999999944, 2.949999999999999734 ) ) ;
#7217 = CARTESIAN_POINT ( 'NONE',  ( 2.499999999999999556, 0.1498999999999999777, 0.8500000000000003109 ) ) ;
#7218 = STYLED_ITEM ( 'NONE', ( #3542 ), #7422 ) ;
#7219 = DIRECTION ( 'NONE',  ( 0.000000000000000000, 0.000000000000000000, -1.000000000000000000 ) ) ;
#7220 = DIRECTION ( 'NONE',  ( 0.000000000000000000, -0.000000000000000000, -1.000000000000000000 ) ) ;
#7221 = EDGE_CURVE ( 'NONE', #265, #817, #3705, .T. ) ;
#7222 = ORIENTED_EDGE ( 'NONE', *, *, #5232, .T. ) ;
#7223 = COLOUR_RGB ( '',0.000000000000000000, 0.000000000000000000, 1.000000000000000000 ) ;
#7224 =( GEOMETRIC_REPRESENTATION_CONTEXT ( 3 ) GLOBAL_UNCERTAINTY_ASSIGNED_CONTEXT ( ( #7684 ) ) GLOBAL_UNIT_ASSIGNED_CONTEXT ( ( #5932, #1761, #4150 ) ) REPRESENTATION_CONTEXT ( 'NONE', 'WORKASPACE' ) );
#7225 = ADVANCED_FACE ( 'NONE', ( #2512 ), #1372, .F. ) ;
#7226 = EDGE_CURVE ( 'NONE', #796, #2120, #5119, .T. ) ;
#7227 = ORIENTED_EDGE ( 'NONE', *, *, #455, .T. ) ;
#7228 = LINE ( 'NONE', #1997, #2169 ) ;
#7229 = CARTESIAN_POINT ( 'NONE',  ( -3.349999999999999645, 0.6500000000000000222, -2.049989999999999757 ) ) ;
#7230 = CARTESIAN_POINT ( 'NONE',  ( 1.500000000000000000, -0.5000000000000000000, 0.000000000000000000 ) ) ;
#7231 = VECTOR ( 'NONE', #5646, 1000.000000000000000 ) ;
#7232 = EDGE_LOOP ( 'NONE', ( #1981, #2267, #3029, #5889 ) ) ;
#7233 = DIRECTION ( 'NONE',  ( 1.000000000000000000, 0.000000000000000000, 0.000000000000000000 ) ) ;
#7234 = ORIENTED_EDGE ( 'NONE', *, *, #5573, .T. ) ;
#7235 = DIRECTION ( 'NONE',  ( -1.057758217058802057E-16, -6.564934470904794585E-07, 0.9999999999997845057 ) ) ;
#7236 = MECHANICAL_DESIGN_GEOMETRIC_PRESENTATION_REPRESENTATION (  '', ( #1680 ), #4252 ) ;
#7237 = ORIENTED_EDGE ( 'NONE', *, *, #785, .T. ) ;
#7238 = VECTOR ( 'NONE', #5606, 1000.000000000000000 ) ;
#7239 =( LENGTH_UNIT ( ) NAMED_UNIT ( * ) SI_UNIT ( .MILLI., .METRE. ) );
#7240 = EDGE_LOOP ( 'NONE', ( #6246, #668, #2828, #1896 ) ) ;
#7241 = FACE_OUTER_BOUND ( 'NONE', #2449, .T. ) ;
#7242 = CARTESIAN_POINT ( 'NONE',  ( 1.250000000000000000, 1.199999999999999956, 2.449999999999999734 ) ) ;
#7243 = DIRECTION ( 'NONE',  ( -1.000000000000000000, -0.000000000000000000, 1.057758217059029964E-16 ) ) ;
#7244 = ORIENTED_EDGE ( 'NONE', *, *, #305, .T. ) ;
#7245 = PRESENTATION_LAYER_ASSIGNMENT (  '', '', ( #1680 ) ) ;
#7246 = SURFACE_SIDE_STYLE ('',( #3163 ) ) ;
#7247 = PRESENTATION_LAYER_ASSIGNMENT (  '', '', ( #561 ) ) ;
#7248 = CARTESIAN_POINT ( 'NONE',  ( -3.149999999999999467, 0.6999999999999930722, 2.049990000000000645 ) ) ;
#7249 = DIRECTION ( 'NONE',  ( 1.000000000000000000, 0.000000000000000000, 0.000000000000000000 ) ) ;
#7250 =( LENGTH_UNIT ( ) NAMED_UNIT ( * ) SI_UNIT ( .MILLI., .METRE. ) );
#7251 = CARTESIAN_POINT ( 'NONE',  ( -2.449999999999999734, 0.000000000000000000, -2.949999999999999734 ) ) ;
#7252 = SURFACE_STYLE_USAGE ( .BOTH. , #6115 ) ;
#7253 = MECHANICAL_DESIGN_GEOMETRIC_PRESENTATION_REPRESENTATION (  '', ( #1922 ), #59 ) ;
#7254 = CIRCLE ( 'NONE', #60, 0.5000000000000000000 ) ;
#7255 = VERTEX_POINT ( 'NONE', #1572 ) ;
#7256 = FACE_OUTER_BOUND ( 'NONE', #6612, .T. ) ;
#7257 = LINE ( 'NONE', #1900, #5196 ) ;
#7258 = SURFACE_STYLE_USAGE ( .BOTH. , #2515 ) ;
#7259 = VECTOR ( 'NONE', #3076, 1000.000000000000000 ) ;
#7260 =( NAMED_UNIT ( * ) SI_UNIT ( $, .STERADIAN. ) SOLID_ANGLE_UNIT ( ) );
#7261 = VECTOR ( 'NONE', #1885, 1000.000000000000000 ) ;
#7262 = DIRECTION ( 'NONE',  ( -0.9396926207859082059, 0.000000000000000000, 0.3420201433256691015 ) ) ;
#7263 =( LENGTH_UNIT ( ) NAMED_UNIT ( * ) SI_UNIT ( .MILLI., .METRE. ) );
#7264 =( GEOMETRIC_REPRESENTATION_CONTEXT ( 3 ) GLOBAL_UNCERTAINTY_ASSIGNED_CONTEXT ( ( #4637 ) ) GLOBAL_UNIT_ASSIGNED_CONTEXT ( ( #6388, #5220, #1041 ) ) REPRESENTATION_CONTEXT ( 'NONE', 'WORKASPACE' ) );
#7265 = FILL_AREA_STYLE_COLOUR ( '', #271 ) ;
#7266 = ORIENTED_EDGE ( 'NONE', *, *, #7472, .F. ) ;
#7267 = SURFACE_STYLE_USAGE ( .BOTH. , #1421 ) ;
#7268 = AXIS2_PLACEMENT_3D ( 'NONE', #7178, #4295, #1378 ) ;
#7269 = PRESENTATION_LAYER_ASSIGNMENT (  '', '', ( #2934 ) ) ;
#7270 = ORIENTED_EDGE ( 'NONE', *, *, #6466, .F. ) ;
#7271 = CARTESIAN_POINT ( 'NONE',  ( 3.350000000000000533, 0.2599009847401052009, -1.500000000000000000 ) ) ;
#7272 = EDGE_CURVE ( 'NONE', #6653, #3714, #3396, .T. ) ;
#7273 = SURFACE_STYLE_FILL_AREA ( #1425 ) ;
#7274 = CARTESIAN_POINT ( 'NONE',  ( 1.500000000000000000, -0.5000000000000000000, 0.4000000000000000222 ) ) ;
#7275 = DIRECTION ( 'NONE',  ( 0.000000000000000000, 0.000000000000000000, 1.000000000000000000 ) ) ;
#7276 = VECTOR ( 'NONE', #5017, 1000.000000000000000 ) ;
#7277 = EDGE_CURVE ( 'NONE', #7497, #1635, #5695, .T. ) ;
#7278 = CARTESIAN_POINT ( 'NONE',  ( 2.000000000000000444, 0.1498999999999999777, -1.249999999999997780 ) ) ;
#7279 = ORIENTED_EDGE ( 'NONE', *, *, #7659, .T. ) ;
#7280 = EDGE_CURVE ( 'NONE', #6541, #5500, #5734, .T. ) ;
#7281 = STYLED_ITEM ( 'NONE', ( #6787 ), #3380 ) ;
#7282 = STYLED_ITEM ( 'NONE', ( #6884 ), #1362 ) ;
#7283 = DIRECTION ( 'NONE',  ( 0.000000000000000000, 0.000000000000000000, -1.000000000000000000 ) ) ;
#7284 = COLOUR_RGB ( '',0.000000000000000000, 0.000000000000000000, 1.000000000000000000 ) ;
#7285 = ORIENTED_EDGE ( 'NONE', *, *, #4370, .F. ) ;
#7286 = LINE ( 'NONE', #7323, #1186 ) ;
#7287 = FILL_AREA_STYLE ('',( #6033 ) ) ;
#7288 = EDGE_LOOP ( 'NONE', ( #4168, #2368, #7146, #5066 ) ) ;
#7289 = CARTESIAN_POINT ( 'NONE',  ( -2.800004999999998745, 1.399995000000002321, -2.050000000000000266 ) ) ;
#7290 = EDGE_LOOP ( 'NONE', ( #1556, #4198, #3293, #3545 ) ) ;
#7291 = STYLED_ITEM ( 'NONE', ( #4684 ), #26 ) ;
#7292 = DIRECTION ( 'NONE',  ( 0.000000000000000000, 0.000000000000000000, -1.000000000000000000 ) ) ;
#7293 = ORIENTED_EDGE ( 'NONE', *, *, #2581, .F. ) ;
#7294 = UNCERTAINTY_MEASURE_WITH_UNIT (LENGTH_MEASURE( 1.000000000000000082E-05 ), #421, 'distance_accuracy_value', 'NONE');
#7295 = DIRECTION ( 'NONE',  ( 0.3713906763541045541, -0.9284766908852589706, 0.000000000000000000 ) ) ;
#7296 = ORIENTED_EDGE ( 'NONE', *, *, #5156, .F. ) ;
#7297 =( LENGTH_UNIT ( ) NAMED_UNIT ( * ) SI_UNIT ( .MILLI., .METRE. ) );
#7298 = DIRECTION ( 'NONE',  ( 1.000000000000000000, 0.000000000000000000, 0.000000000000000000 ) ) ;
#7299 =( NAMED_UNIT ( * ) SI_UNIT ( $, .STERADIAN. ) SOLID_ANGLE_UNIT ( ) );
#7300 = CARTESIAN_POINT ( 'NONE',  ( 1.451009032218151917, 0.8000000000000000444, 2.050000000000000266 ) ) ;
#7301 = LINE ( 'NONE', #3711, #6123 ) ;
#7302 = FILL_AREA_STYLE ('',( #4217 ) ) ;
#7303 = CARTESIAN_POINT ( 'NONE',  ( -3.149999999999999911, 1.199999999999999956, 1.500000000000000000 ) ) ;
#7304 = DIRECTION ( 'NONE',  ( 1.000000000000000000, 0.000000000000000000, -0.000000000000000000 ) ) ;
#7305 = ORIENTED_EDGE ( 'NONE', *, *, #5194, .F. ) ;
#7306 = CARTESIAN_POINT ( 'NONE',  ( 1.451009032218151917, 0.8000000000000000444, 2.050000000000000266 ) ) ;
#7307 = VECTOR ( 'NONE', #4084, 1000.000000000000000 ) ;
#7308 = CARTESIAN_POINT ( 'NONE',  ( -3.350000000000000089, 0.000000000000000000, 2.050000000000000266 ) ) ;
#7309 = LINE ( 'NONE', #1996, #1926 ) ;
#7310 = CARTESIAN_POINT ( 'NONE',  ( 3.349900000000001210, 0.9000000000000000222, -2.050000000000000266 ) ) ;
#7311 = SURFACE_SIDE_STYLE ('',( #2455 ) ) ;
#7312 = DIRECTION ( 'NONE',  ( -1.000000000000000000, 0.000000000000000000, -7.885121045569206762E-16 ) ) ;
#7313 = ORIENTED_EDGE ( 'NONE', *, *, #153, .F. ) ;
#7314 = CARTESIAN_POINT ( 'NONE',  ( -3.349999999999998757, 0.9000000000000060174, -1.500001000000000140 ) ) ;
#7315 = ORIENTED_EDGE ( 'NONE', *, *, #6593, .T. ) ;
#7316 = CARTESIAN_POINT ( 'NONE',  ( 0.09999999999999807654, 2.899999999999999911, 1.750000000000000000 ) ) ;
#7317 = ORIENTED_EDGE ( 'NONE', *, *, #4662, .F. ) ;
#7318 = CARTESIAN_POINT ( 'NONE',  ( -1.999999999999998668, 0.1498999999999999777, -1.249999999999997780 ) ) ;
#7319 = PRODUCT ( 'SSSS820101', 'SSSS820101', '', ( #6989 ) ) ;
#7320 = ADVANCED_FACE ( 'NONE', ( #5657 ), #3247, .F. ) ;
#7321 = EDGE_CURVE ( 'NONE', #7394, #1967, #3868, .T. ) ;
#7322 = ORIENTED_EDGE ( 'NONE', *, *, #4912, .T. ) ;
#7323 = CARTESIAN_POINT ( 'NONE',  ( 0.9999999999999995559, 0.1498999999999999777, -0.7499999999999978906 ) ) ;
#7324 = AXIS2_PLACEMENT_3D ( 'NONE', #368, #882, #6262 ) ;
#7325 = SURFACE_STYLE_FILL_AREA ( #3161 ) ;
#7326 = CARTESIAN_POINT ( 'NONE',  ( -2.049999999999999822, 0.1499999999999999667, 2.050000000000000266 ) ) ;
#7327 = ORIENTED_EDGE ( 'NONE', *, *, #1824, .F. ) ;
#7328 = DIRECTION ( 'NONE',  ( -1.000000000000000000, -0.000000000000000000, -2.168404344971010594E-16 ) ) ;
#7329 = ORIENTED_EDGE ( 'NONE', *, *, #5457, .T. ) ;
#7330 = CARTESIAN_POINT ( 'NONE',  ( 0.9499999999999998446, 1.399999999999999911, -2.050000000000000266 ) ) ;
#7331 = EDGE_CURVE ( 'NONE', #4301, #645, #3286, .T. ) ;
#7332 =( NAMED_UNIT ( * ) PLANE_ANGLE_UNIT ( ) SI_UNIT ( $, .RADIAN. ) );
#7333 = CARTESIAN_POINT ( 'NONE',  ( 2.800004999999999633, 1.399997499999999784, 2.050000000000000266 ) ) ;
#7334 = CARTESIAN_POINT ( 'NONE',  ( 1.250000000000000000, 0.8000000000000000444, 2.050000000000000266 ) ) ;
#7335 = EDGE_CURVE ( 'NONE', #3162, #7680, #5078, .T. ) ;
#7336 = ADVANCED_FACE ( 'NONE', ( #5297 ), #2940, .F. ) ;
#7337 = VECTOR ( 'NONE', #2685, 1000.000000000000000 ) ;
#7338 = EDGE_LOOP ( 'NONE', ( #2222, #743, #804, #6179 ) ) ;
#7339 = CARTESIAN_POINT ( 'NONE',  ( -3.350000000000000089, 1.199999999999999956, -2.050000000000000266 ) ) ;
#7340 =( NAMED_UNIT ( * ) SI_UNIT ( $, .STERADIAN. ) SOLID_ANGLE_UNIT ( ) );
#7341 = DIRECTION ( 'NONE',  ( 0.000000000000000000, -0.000000000000000000, -1.000000000000000000 ) ) ;
#7342 = DIRECTION ( 'NONE',  ( 0.000000000000000000, 1.000000000000000000, 0.000000000000000000 ) ) ;
#7343 = UNCERTAINTY_MEASURE_WITH_UNIT (LENGTH_MEASURE( 1.000000000000000082E-05 ), #6589, 'distance_accuracy_value', 'NONE');
#7344 = LINE ( 'NONE', #2027, #7516 ) ;
#7345 = SURFACE_STYLE_USAGE ( .BOTH. , #4974 ) ;
#7346 = VERTEX_POINT ( 'NONE', #468 ) ;
#7347 = CARTESIAN_POINT ( 'NONE',  ( -0.2010090322181518063, 1.199999999999999956, 1.750000000000000000 ) ) ;
#7348 = SURFACE_STYLE_USAGE ( .BOTH. , #6005 ) ;
#7349 = COLOUR_RGB ( '',1.000000000000000000, 0.000000000000000000, 1.000000000000000000 ) ;
#7350 = FILL_AREA_STYLE_COLOUR ( '', #469 ) ;
#7351 = EDGE_LOOP ( 'NONE', ( #7097, #1505, #851, #4486 ) ) ;
#7352 = CARTESIAN_POINT ( 'NONE',  ( -3.149999999999999911, 1.199999999999999956, -1.500000000000000000 ) ) ;
#7353 = PLANE ( 'NONE',  #1945 ) ;
#7354 = VECTOR ( 'NONE', #5324, 1000.000000000000000 ) ;
#7355 = LINE ( 'NONE', #3758, #6484 ) ;
#7356 = UNCERTAINTY_MEASURE_WITH_UNIT (LENGTH_MEASURE( 1.000000000000000082E-05 ), #5462, 'distance_accuracy_value', 'NONE');
#7357 =( NAMED_UNIT ( * ) SI_UNIT ( $, .STERADIAN. ) SOLID_ANGLE_UNIT ( ) );
#7358 = FACE_OUTER_BOUND ( 'NONE', #4918, .T. ) ;
#7359 = FILL_AREA_STYLE ('',( #2535 ) ) ;
#7360 = CARTESIAN_POINT ( 'NONE',  ( 3.150000000000000355, 0.3899333333332259954, -2.050000000000000266 ) ) ;
#7361 = ORIENTED_EDGE ( 'NONE', *, *, #740, .T. ) ;
#7362 = VECTOR ( 'NONE', #1916, 1000.000000000000000 ) ;
#7363 = ORIENTED_EDGE ( 'NONE', *, *, #112, .T. ) ;
#7364 = DIRECTION ( 'NONE',  ( -1.000000000000000000, 0.000000000000000000, 1.274775326820788869E-16 ) ) ;
#7365 =( NAMED_UNIT ( * ) PLANE_ANGLE_UNIT ( ) SI_UNIT ( $, .RADIAN. ) );
#7366 = EDGE_LOOP ( 'NONE', ( #1268, #2580, #3484, #3883 ) ) ;
#7367 =( LENGTH_UNIT ( ) NAMED_UNIT ( * ) SI_UNIT ( .MILLI., .METRE. ) );
#7368 =( GEOMETRIC_REPRESENTATION_CONTEXT ( 3 ) GLOBAL_UNCERTAINTY_ASSIGNED_CONTEXT ( ( #6436 ) ) GLOBAL_UNIT_ASSIGNED_CONTEXT ( ( #99, #6570, #5944 ) ) REPRESENTATION_CONTEXT ( 'NONE', 'WORKASPACE' ) );
#7369 = SURFACE_STYLE_USAGE ( .BOTH. , #5151 ) ;
#7370 = SURFACE_STYLE_FILL_AREA ( #7287 ) ;
#7371 = VERTEX_POINT ( 'NONE', #1743 ) ;
#7372 = PLANE ( 'NONE',  #5644 ) ;
#7373 = VECTOR ( 'NONE', #7283, 1000.000000000000000 ) ;
#7374 = CARTESIAN_POINT ( 'NONE',  ( 2.800004999999999633, 1.399994999999999878, 1.500000500000000292 ) ) ;
#7375 = STYLED_ITEM ( 'NONE', ( #5114 ), #5209 ) ;
#7376 = EDGE_CURVE ( 'NONE', #1978, #2911, #2835, .T. ) ;
#7377 = EDGE_CURVE ( 'NONE', #1760, #4966, #2870, .T. ) ;
#7378 = VECTOR ( 'NONE', #4943, 1000.000000000000000 ) ;
#7379 = ORIENTED_EDGE ( 'NONE', *, *, #4854, .T. ) ;
#7380 =( NAMED_UNIT ( * ) PLANE_ANGLE_UNIT ( ) SI_UNIT ( $, .RADIAN. ) );
#7381 =( GEOMETRIC_REPRESENTATION_CONTEXT ( 3 ) GLOBAL_UNCERTAINTY_ASSIGNED_CONTEXT ( ( #7054 ) ) GLOBAL_UNIT_ASSIGNED_CONTEXT ( ( #6634, #6749, #2607 ) ) REPRESENTATION_CONTEXT ( 'NONE', 'WORKASPACE' ) );
#7382 = ADVANCED_FACE ( 'NONE', ( #4169 ), #2316, .F. ) ;
#7383 = FILL_AREA_STYLE ('',( #6778 ) ) ;
#7384 = EDGE_CURVE ( 'NONE', #7163, #1819, #6395, .T. ) ;
#7385 = FILL_AREA_STYLE_COLOUR ( '', #4447 ) ;
#7386 = STYLED_ITEM ( 'NONE', ( #5625 ), #6697 ) ;
#7387 = VECTOR ( 'NONE', #5827, 1000.000000000000000 ) ;
#7388 = LINE ( 'NONE', #4410, #2564 ) ;
#7389 = FACE_BOUND ( 'NONE', #6065, .T. ) ;
#7390 = LINE ( 'NONE', #2028, #863 ) ;
#7391 = ORIENTED_EDGE ( 'NONE', *, *, #4574, .F. ) ;
#7392 = FILL_AREA_STYLE_COLOUR ( '', #5105 ) ;
#7393 = AXIS2_PLACEMENT_3D ( 'NONE', #3689, #6573, #4874 ) ;
#7394 = VERTEX_POINT ( 'NONE', #4680 ) ;
#7395 = PRESENTATION_LAYER_ASSIGNMENT (  '', '', ( #66 ) ) ;
#7396 = CARTESIAN_POINT ( 'NONE',  ( 3.149999999999999911, 0.6999003282465632303, -0.4999997111430987129 ) ) ;
#7397 = FILL_AREA_STYLE_COLOUR ( '', #5943 ) ;
#7398 = FACE_OUTER_BOUND ( 'NONE', #2493, .T. ) ;
#7399 = PRESENTATION_STYLE_ASSIGNMENT (( #5024 ) ) ;
#7400 = LINE ( 'NONE', #3193, #2807 ) ;
#7401 = ORIENTED_EDGE ( 'NONE', *, *, #1606, .F. ) ;
#7402 =( GEOMETRIC_REPRESENTATION_CONTEXT ( 3 ) GLOBAL_UNCERTAINTY_ASSIGNED_CONTEXT ( ( #7679 ) ) GLOBAL_UNIT_ASSIGNED_CONTEXT ( ( #6143, #7435, #2732 ) ) REPRESENTATION_CONTEXT ( 'NONE', 'WORKASPACE' ) );
#7403 = STYLED_ITEM ( 'NONE', ( #7068 ), #3366 ) ;
#7404 = ORIENTED_EDGE ( 'NONE', *, *, #3043, .F. ) ;
#7405 = DIRECTION ( 'NONE',  ( -4.818676322157800333E-16, 0.000000000000000000, -1.000000000000000000 ) ) ;
#7406 = DIRECTION ( 'NONE',  ( -1.000000000000000000, 0.000000000000000000, 0.000000000000000000 ) ) ;
#7407 = ORIENTED_EDGE ( 'NONE', *, *, #7331, .F. ) ;
#7408 =( GEOMETRIC_REPRESENTATION_CONTEXT ( 3 ) GLOBAL_UNCERTAINTY_ASSIGNED_CONTEXT ( ( #4875 ) ) GLOBAL_UNIT_ASSIGNED_CONTEXT ( ( #2309, #4710, #1199 ) ) REPRESENTATION_CONTEXT ( 'NONE', 'WORKASPACE' ) );
#7409 =( GEOMETRIC_REPRESENTATION_CONTEXT ( 3 ) GLOBAL_UNCERTAINTY_ASSIGNED_CONTEXT ( ( #4409 ) ) GLOBAL_UNIT_ASSIGNED_CONTEXT ( ( #3106, #1344, #196 ) ) REPRESENTATION_CONTEXT ( 'NONE', 'WORKASPACE' ) );
#7410 = CARTESIAN_POINT ( 'NONE',  ( -3.350000000000000089, 0.000000000000000000, -2.949999999999999734 ) ) ;
#7411 = ORIENTED_EDGE ( 'NONE', *, *, #1075, .F. ) ;
#7412 =( LENGTH_UNIT ( ) NAMED_UNIT ( * ) SI_UNIT ( .MILLI., .METRE. ) );
#7413 = STYLED_ITEM ( 'NONE', ( #542 ), #57 ) ;
#7414 = VERTEX_POINT ( 'NONE', #4089 ) ;
#7415 = PRESENTATION_STYLE_ASSIGNMENT (( #6933 ) ) ;
#7416 = CARTESIAN_POINT ( 'NONE',  ( 2.050000000000000266, 0.1499999999999999944, 2.949999999999999734 ) ) ;
#7417 = EDGE_CURVE ( 'NONE', #7482, #7465, #3494, .T. ) ;
#7418 = EDGE_LOOP ( 'NONE', ( #5354, #3540 ) ) ;
#7419 = COLOUR_RGB ( '',1.000000000000000000, 0.5019607843137254832, 0.000000000000000000 ) ;
#7420 = CARTESIAN_POINT ( 'NONE',  ( 3.349899999999999434, 0.000000000000000000, 2.641504972683513029E-15 ) ) ;
#7421 = EDGE_CURVE ( 'NONE', #4212, #4876, #1778, .T. ) ;
#7422 = ADVANCED_FACE ( 'NONE', ( #578 ), #4048, .F. ) ;
#7423 = CARTESIAN_POINT ( 'NONE',  ( 3.149999999999999911, 0.2599003282466580411, -0.5000000000002154943 ) ) ;
#7424 = CARTESIAN_POINT ( 'NONE',  ( 0.9499999999999998446, 0.000000000000000000, 2.949999999999999734 ) ) ;
#7425 = ORIENTED_EDGE ( 'NONE', *, *, #835, .F. ) ;
#7426 =( LENGTH_UNIT ( ) NAMED_UNIT ( * ) SI_UNIT ( .MILLI., .METRE. ) );
#7427 = ORIENTED_EDGE ( 'NONE', *, *, #5971, .T. ) ;
#7428 = CARTESIAN_POINT ( 'NONE',  ( -1.701009032218152806, 1.199999999999999956, -2.050000000000000266 ) ) ;
#7429 = EDGE_CURVE ( 'NONE', #1661, #2887, #1236, .T. ) ;
#7430 = DIRECTION ( 'NONE',  ( -0.3713906763541062750, -0.9284766908852583045, 0.000000000000000000 ) ) ;
#7431 = CARTESIAN_POINT ( 'NONE',  ( 0.5000000000000004441, -0.0001000000000000000048, 0.8500000000000003109 ) ) ;
#7432 = UNCERTAINTY_MEASURE_WITH_UNIT (LENGTH_MEASURE( 1.000000000000000082E-05 ), #2077, 'distance_accuracy_value', 'NONE');
#7433 =( LENGTH_UNIT ( ) NAMED_UNIT ( * ) SI_UNIT ( .MILLI., .METRE. ) );
#7434 =( NAMED_UNIT ( * ) PLANE_ANGLE_UNIT ( ) SI_UNIT ( $, .RADIAN. ) );
#7435 =( NAMED_UNIT ( * ) PLANE_ANGLE_UNIT ( ) SI_UNIT ( $, .RADIAN. ) );
#7436 = CARTESIAN_POINT ( 'NONE',  ( -1.701009032218152583, 1.399999999999999911, 0.8500000000000003109 ) ) ;
#7437 = DIRECTION ( 'NONE',  ( 2.168404344971010594E-16, -0.000000000000000000, 1.000000000000000000 ) ) ;
#7438 = SURFACE_STYLE_USAGE ( .BOTH. , #7475 ) ;
#7439 = PLANE ( 'NONE',  #2423 ) ;
#7440 = ORIENTED_EDGE ( 'NONE', *, *, #13, .T. ) ;
#7441 =( NAMED_UNIT ( * ) SI_UNIT ( $, .STERADIAN. ) SOLID_ANGLE_UNIT ( ) );
#7442 = COLOUR_RGB ( '',1.000000000000000000, 0.5019607843137254832, 0.000000000000000000 ) ;
#7443 = ORIENTED_EDGE ( 'NONE', *, *, #6327, .F. ) ;
#7444 = DIRECTION ( 'NONE',  ( -1.000000000000000000, -0.000000000000000000, -2.168404344971010594E-16 ) ) ;
#7445 = ORIENTED_EDGE ( 'NONE', *, *, #3549, .F. ) ;
#7446 =( NAMED_UNIT ( * ) SI_UNIT ( $, .STERADIAN. ) SOLID_ANGLE_UNIT ( ) );
#7447 = ORIENTED_EDGE ( 'NONE', *, *, #6512, .F. ) ;
#7448 = DIRECTION ( 'NONE',  ( 0.000000000000000000, -0.000000000000000000, 1.000000000000000000 ) ) ;
#7449 = CARTESIAN_POINT ( 'NONE',  ( -2.800004999999998745, 1.399995000000002321, -2.050000000000000266 ) ) ;
#7450 = FACE_OUTER_BOUND ( 'NONE', #6658, .T. ) ;
#7451 = PRESENTATION_LAYER_ASSIGNMENT (  '', '', ( #4080 ) ) ;
#7452 = DIRECTION ( 'NONE',  ( -1.000000000000000000, 0.000000000000000000, 0.000000000000000000 ) ) ;
#7453 = ORIENTED_EDGE ( 'NONE', *, *, #400, .F. ) ;
#7454 = MECHANICAL_DESIGN_GEOMETRIC_PRESENTATION_REPRESENTATION (  '', ( #1525 ), #7160 ) ;
#7455 = CARTESIAN_POINT ( 'NONE',  ( -3.149999999999999911, 0.2599003282466580411, -0.5000000000002154943 ) ) ;
#7456 = PLANE ( 'NONE',  #6941 ) ;
#7457 = UNCERTAINTY_MEASURE_WITH_UNIT (LENGTH_MEASURE( 1.000000000000000082E-05 ), #1724, 'distance_accuracy_value', 'NONE');
#7458 = ORIENTED_EDGE ( 'NONE', *, *, #6371, .F. ) ;
#7459 = DIRECTION ( 'NONE',  ( 1.000000000000000000, 0.000000000000000000, 7.885121045569206762E-16 ) ) ;
#7460 = PLANE ( 'NONE',  #2054 ) ;
#7461 = PLANE ( 'NONE',  #6042 ) ;
#7462 = EDGE_CURVE ( 'NONE', #4058, #6897, #49, .T. ) ;
#7463 = ORIENTED_EDGE ( 'NONE', *, *, #2276, .T. ) ;
#7464 = FILL_AREA_STYLE ('',( #4494 ) ) ;
#7465 = VERTEX_POINT ( 'NONE', #5289 ) ;
#7466 = CARTESIAN_POINT ( 'NONE',  ( 3.350000000000000533, 0.6999999999999999556, -2.049989999999999757 ) ) ;
#7467 = FILL_AREA_STYLE_COLOUR ( '', #588 ) ;
#7468 = SURFACE_STYLE_FILL_AREA ( #6714 ) ;
#7469 = EDGE_CURVE ( 'NONE', #628, #3391, #3574, .T. ) ;
#7470 = FILL_AREA_STYLE ('',( #2648 ) ) ;
#7471 = AXIS2_PLACEMENT_3D ( 'NONE', #6354, #7452, #970 ) ;
#7472 = EDGE_CURVE ( 'NONE', #4772, #7609, #1193, .T. ) ;
#7473 = PLANE ( 'NONE',  #3879 ) ;
#7474 = FACE_OUTER_BOUND ( 'NONE', #5447, .T. ) ;
#7475 = SURFACE_SIDE_STYLE ('',( #4466 ) ) ;
#7476 = DIRECTION ( 'NONE',  ( 0.000000000000000000, 0.000000000000000000, 1.000000000000000000 ) ) ;
#7477 = ORIENTED_EDGE ( 'NONE', *, *, #3854, .F. ) ;
#7478 = EDGE_CURVE ( 'NONE', #6061, #6673, #1287, .T. ) ;
#7479 = LINE ( 'NONE', #5108, #2800 ) ;
#7480 = EDGE_CURVE ( 'NONE', #224, #3433, #2862, .T. ) ;
#7481 = COLOUR_RGB ( '',1.000000000000000000, 0.5019607843137254832, 0.000000000000000000 ) ;
#7482 = VERTEX_POINT ( 'NONE', #4702 ) ;
#7483 =( NAMED_UNIT ( * ) SI_UNIT ( $, .STERADIAN. ) SOLID_ANGLE_UNIT ( ) );
#7484 = VERTEX_POINT ( 'NONE', #1119 ) ;
#7485 =( NAMED_UNIT ( * ) SI_UNIT ( $, .STERADIAN. ) SOLID_ANGLE_UNIT ( ) );
#7486 = VERTEX_POINT ( 'NONE', #3530 ) ;
#7487 = CARTESIAN_POINT ( 'NONE',  ( -1.999999999999999112, 0.1498999999999999777, 0.8500000000000001998 ) ) ;
#7488 = PLANE ( 'NONE',  #3210 ) ;
#7489 =( NAMED_UNIT ( * ) PLANE_ANGLE_UNIT ( ) SI_UNIT ( $, .RADIAN. ) );
#7490 = PRESENTATION_LAYER_ASSIGNMENT (  '', '', ( #4490 ) ) ;
#7491 = ORIENTED_EDGE ( 'NONE', *, *, #7226, .T. ) ;
#7492 = AXIS2_PLACEMENT_3D ( 'NONE', #6344, #7635, #488 ) ;
#7493 = VECTOR ( 'NONE', #962, 1000.000000000000000 ) ;
#7494 = STYLED_ITEM ( 'NONE', ( #1767 ), #2337 ) ;
#7495 = FACE_OUTER_BOUND ( 'NONE', #4695, .T. ) ;
#7496 = CARTESIAN_POINT ( 'NONE',  ( 3.350000000000000533, 0.9000000000000000222, -1.500001000000000140 ) ) ;
#7497 = VERTEX_POINT ( 'NONE', #5904 ) ;
#7498 = MECHANICAL_DESIGN_GEOMETRIC_PRESENTATION_REPRESENTATION (  '', ( #6368 ), #4891 ) ;
#7499 = CARTESIAN_POINT ( 'NONE',  ( 3.149999999999999467, 0.6999999999999999556, -1.500001000000000140 ) ) ;
#7500 = UNCERTAINTY_MEASURE_WITH_UNIT (LENGTH_MEASURE( 1.000000000000000082E-05 ), #4600, 'distance_accuracy_value', 'NONE');
#7501 = DIRECTION ( 'NONE',  ( -2.710505431213760099E-16, -0.000000000000000000, -1.000000000000000000 ) ) ;
#7502 = DIRECTION ( 'NONE',  ( -0.000000000000000000, -1.000000000000000000, -0.000000000000000000 ) ) ;
#7503 =( LENGTH_UNIT ( ) NAMED_UNIT ( * ) SI_UNIT ( .MILLI., .METRE. ) );
#7504 = SURFACE_STYLE_FILL_AREA ( #5676 ) ;
#7505 = AXIS2_PLACEMENT_3D ( 'NONE', #5680, #7437, #3930 ) ;
#7506 = CARTESIAN_POINT ( 'NONE',  ( -1.999999999999999112, 0.1498999999999999777, 0.8500000000000001998 ) ) ;
#7507 = DIRECTION ( 'NONE',  ( -0.000000000000000000, -1.000000000000000000, -0.000000000000000000 ) ) ;
#7508 = SURFACE_STYLE_USAGE ( .BOTH. , #4980 ) ;
#7509 = CARTESIAN_POINT ( 'NONE',  ( 1.701009032218152806, 1.399999999999999911, -2.049900000000000500 ) ) ;
#7510 = UNCERTAINTY_MEASURE_WITH_UNIT (LENGTH_MEASURE( 1.000000000000000082E-05 ), #3218, 'distance_accuracy_value', 'NONE');
#7511 = VECTOR ( 'NONE', #1281, 1000.000000000000000 ) ;
#7512 = PLANE ( 'NONE',  #2737 ) ;
#7513 = SURFACE_SIDE_STYLE ('',( #3341 ) ) ;
#7514 = DIRECTION ( 'NONE',  ( 0.9396926207859080948, 0.000000000000000000, 0.3420201433256695456 ) ) ;
#7515 = PRESENTATION_STYLE_ASSIGNMENT (( #3851 ) ) ;
#7516 = VECTOR ( 'NONE', #3137, 1000.000000000000000 ) ;
#7517 = DIRECTION ( 'NONE',  ( -1.000000000000000000, 0.000000000000000000, 0.000000000000000000 ) ) ;
#7518 = ORIENTED_EDGE ( 'NONE', *, *, #262, .F. ) ;
#7519 = DIRECTION ( 'NONE',  ( 0.000000000000000000, -1.000000000000000000, -0.000000000000000000 ) ) ;
#7520 =( GEOMETRIC_REPRESENTATION_CONTEXT ( 3 ) GLOBAL_UNCERTAINTY_ASSIGNED_CONTEXT ( ( #6428 ) ) GLOBAL_UNIT_ASSIGNED_CONTEXT ( ( #3538, #5868, #2976 ) ) REPRESENTATION_CONTEXT ( 'NONE', 'WORKASPACE' ) );
#7521 = ADVANCED_FACE ( 'NONE', ( #569 ), #4007, .T. ) ;
#7522 = ORIENTED_EDGE ( 'NONE', *, *, #4698, .F. ) ;
#7523 = ORIENTED_EDGE ( 'NONE', *, *, #263, .F. ) ;
#7524 =( NAMED_UNIT ( * ) SI_UNIT ( $, .STERADIAN. ) SOLID_ANGLE_UNIT ( ) );
#7525 = DIRECTION ( 'NONE',  ( -1.000000000000000000, -0.000000000000000000, -1.057758217059029964E-16 ) ) ;
#7526 = EDGE_CURVE ( 'NONE', #2973, #145, #1084, .T. ) ;
#7527 = CARTESIAN_POINT ( 'NONE',  ( 3.349900000000000766, 0.6999999999999999556, -1.500001000000000140 ) ) ;
#7528 = MECHANICAL_DESIGN_GEOMETRIC_PRESENTATION_REPRESENTATION (  '', ( #2297 ), #3525 ) ;
#7529 = DIRECTION ( 'NONE',  ( 1.000000000000000000, -0.000000000000000000, 0.000000000000000000 ) ) ;
#7530 = ORIENTED_EDGE ( 'NONE', *, *, #5351, .T. ) ;
#7531 = COLOUR_RGB ( '',0.7960784313725489669, 0.8235294117647058432, 0.9372549019607843146 ) ;
#7532 = SURFACE_STYLE_USAGE ( .BOTH. , #5773 ) ;
#7533 = APPLICATION_CONTEXT ( 'automotive_design' ) ;
#7534 = DIRECTION ( 'NONE',  ( 1.000000000000000000, 0.000000000000000000, -0.000000000000000000 ) ) ;
#7535 = UNCERTAINTY_MEASURE_WITH_UNIT (LENGTH_MEASURE( 1.000000000000000082E-05 ), #2377, 'distance_accuracy_value', 'NONE');
#7536 = VECTOR ( 'NONE', #370, 1000.000000000000000 ) ;
#7537 = SURFACE_STYLE_FILL_AREA ( #3320 ) ;
#7538 =( GEOMETRIC_REPRESENTATION_CONTEXT ( 3 ) GLOBAL_UNCERTAINTY_ASSIGNED_CONTEXT ( ( #2635 ) ) GLOBAL_UNIT_ASSIGNED_CONTEXT ( ( #7426, #5744, #4613 ) ) REPRESENTATION_CONTEXT ( 'NONE', 'WORKASPACE' ) );
#7539 = VERTEX_POINT ( 'NONE', #1765 ) ;
#7540 = COLOUR_RGB ( '',1.000000000000000000, 0.5019607843137254832, 0.000000000000000000 ) ;
#7541 = FACE_OUTER_BOUND ( 'NONE', #5987, .T. ) ;
#7542 = UNCERTAINTY_MEASURE_WITH_UNIT (LENGTH_MEASURE( 1.000000000000000082E-05 ), #2611, 'distance_accuracy_value', 'NONE');
#7543 = ORIENTED_EDGE ( 'NONE', *, *, #5313, .T. ) ;
#7544 = PRESENTATION_LAYER_ASSIGNMENT (  '', '', ( #3667 ) ) ;
#7545 = DIRECTION ( 'NONE',  ( -1.000000000000000000, 0.000000000000000000, 0.000000000000000000 ) ) ;
#7546 = SURFACE_STYLE_FILL_AREA ( #1101 ) ;
#7547 = EDGE_LOOP ( 'NONE', ( #4843, #4159, #4448, #3381, #1486, #7558 ) ) ;
#7548 = CARTESIAN_POINT ( 'NONE',  ( 2.799999999999999822, 1.199999999999999956, 2.050000000000000266 ) ) ;
#7549 = CARTESIAN_POINT ( 'NONE',  ( 3.349999999999999645, 0.6500000000000000222, -1.500001000000000140 ) ) ;
#7550 = AXIS2_PLACEMENT_3D ( 'NONE', #5301, #583, #6398 ) ;
#7551 = DIRECTION ( 'NONE',  ( 1.000000000000000000, 0.000000000000000000, 0.000000000000000000 ) ) ;
#7552 = AXIS2_PLACEMENT_3D ( 'NONE', #719, #5424, #4782 ) ;
#7553 = PRESENTATION_STYLE_ASSIGNMENT (( #1178 ) ) ;
#7554 = DIRECTION ( 'NONE',  ( 0.000000000000000000, 0.000000000000000000, 1.000000000000000000 ) ) ;
#7555 = CARTESIAN_POINT ( 'NONE',  ( 2.000000000000000000, 0.1498999999999999777, 0.3500000000000002554 ) ) ;
#7556 = FILL_AREA_STYLE ('',( #2735 ) ) ;
#7557 = ORIENTED_EDGE ( 'NONE', *, *, #6460, .F. ) ;
#7558 = ORIENTED_EDGE ( 'NONE', *, *, #5004, .T. ) ;
#7559 = ORIENTED_EDGE ( 'NONE', *, *, #4408, .T. ) ;
#7560 = PRESENTATION_LAYER_ASSIGNMENT (  '', '', ( #4193 ) ) ;
#7561 = CARTESIAN_POINT ( 'NONE',  ( -1.000000000000000000, 0.1498999999999999777, 0.8500000000000001998 ) ) ;
#7562 = ORIENTED_EDGE ( 'NONE', *, *, #1214, .F. ) ;
#7563 = SURFACE_SIDE_STYLE ('',( #567 ) ) ;
#7564 = DIRECTION ( 'NONE',  ( 0.000000000000000000, 1.000000000000000000, 0.000000000000000000 ) ) ;
#7565 = CARTESIAN_POINT ( 'NONE',  ( 3.149999999999999911, 0.6999003282465632303, -0.4999997111430987129 ) ) ;
#7566 = EDGE_CURVE ( 'NONE', #5911, #224, #4628, .T. ) ;
#7567 = CARTESIAN_POINT ( 'NONE',  ( 0.000000000000000000, 0.1498999999999999777, 0.000000000000000000 ) ) ;
#7568 = ORIENTED_EDGE ( 'NONE', *, *, #540, .F. ) ;
#7569 = DIRECTION ( 'NONE',  ( 0.000000000000000000, -0.000000000000000000, -1.000000000000000000 ) ) ;
#7570 = COLOUR_RGB ( '',1.000000000000000000, 0.5019607843137254832, 0.000000000000000000 ) ;
#7571 = FILL_AREA_STYLE ('',( #2266 ) ) ;
#7572 = DIRECTION ( 'NONE',  ( -0.7071067811865483499, 0.7071067811865467956, 0.000000000000000000 ) ) ;
#7573 = EDGE_CURVE ( 'NONE', #1013, #2120, #4115, .T. ) ;
#7574 = ADVANCED_FACE ( 'NONE', ( #4228 ), #2534, .T. ) ;
#7575 = DIRECTION ( 'NONE',  ( -0.000000000000000000, -1.000000000000000000, -0.000000000000000000 ) ) ;
#7576 =( GEOMETRIC_REPRESENTATION_CONTEXT ( 3 ) GLOBAL_UNCERTAINTY_ASSIGNED_CONTEXT ( ( #3017 ) ) GLOBAL_UNIT_ASSIGNED_CONTEXT ( ( #1104, #2846, #3370 ) ) REPRESENTATION_CONTEXT ( 'NONE', 'WORKASPACE' ) );
#7577 = ADVANCED_FACE ( 'NONE', ( #1998 ), #6098, .F. ) ;
#7578 = ORIENTED_EDGE ( 'NONE', *, *, #585, .T. ) ;
#7579 = SURFACE_STYLE_FILL_AREA ( #5202 ) ;
#7580 = SURFACE_SIDE_STYLE ('',( #5203 ) ) ;
#7581 = PRESENTATION_LAYER_ASSIGNMENT (  '', '', ( #6561 ) ) ;
#7582 = ADVANCED_FACE ( 'NONE', ( #1427 ), #1961, .T. ) ;
#7583 = ORIENTED_EDGE ( 'NONE', *, *, #5559, .F. ) ;
#7584 = UNCERTAINTY_MEASURE_WITH_UNIT (LENGTH_MEASURE( 1.000000000000000082E-05 ), #5038, 'distance_accuracy_value', 'NONE');
#7585 = LINE ( 'NONE', #3958, #1968 ) ;
#7586 = COLOUR_RGB ( '',1.000000000000000000, 0.5019607843137254832, 0.000000000000000000 ) ;
#7587 = SURFACE_SIDE_STYLE ('',( #5817 ) ) ;
#7588 = DIRECTION ( 'NONE',  ( -1.000000000000000000, -0.000000000000000000, 1.057758217059029964E-16 ) ) ;
#7589 = CARTESIAN_POINT ( 'NONE',  ( 2.499999999999999556, -0.0001000000000000000048, 0.8500000000000003109 ) ) ;
#7590 = LINE ( 'NONE', #7024, #1176 ) ;
#7591 = CARTESIAN_POINT ( 'NONE',  ( 0.9999999999999995559, 0.1498999999999999777, -1.249999999999997780 ) ) ;
#7592 =( NAMED_UNIT ( * ) SI_UNIT ( $, .STERADIAN. ) SOLID_ANGLE_UNIT ( ) );
#7593 = DIRECTION ( 'NONE',  ( 0.9284766908852589706, 0.3713906763541045541, -0.000000000000000000 ) ) ;
#7594 = DIRECTION ( 'NONE',  ( -1.000000000000000000, 0.000000000000000000, -0.000000000000000000 ) ) ;
#7595 = ORIENTED_EDGE ( 'NONE', *, *, #2332, .F. ) ;
#7596 = ORIENTED_EDGE ( 'NONE', *, *, #5794, .F. ) ;
#7597 = ORIENTED_EDGE ( 'NONE', *, *, #3704, .F. ) ;
#7598 =( LENGTH_UNIT ( ) NAMED_UNIT ( * ) SI_UNIT ( .MILLI., .METRE. ) );
#7599 = CARTESIAN_POINT ( 'NONE',  ( -0.9999999999999995559, -0.0001000000000000000048, -1.249999999999997780 ) ) ;
#7600 = LINE ( 'NONE', #4703, #6853 ) ;
#7601 = ORIENTED_EDGE ( 'NONE', *, *, #6554, .F. ) ;
#7602 = DIRECTION ( 'NONE',  ( 0.000000000000000000, 1.000000000000000000, 0.000000000000000000 ) ) ;
#7603 = VECTOR ( 'NONE', #5497, 1000.000000000000000 ) ;
#7604 = FACE_OUTER_BOUND ( 'NONE', #5215, .T. ) ;
#7605 = UNCERTAINTY_MEASURE_WITH_UNIT (LENGTH_MEASURE( 1.000000000000000082E-05 ), #4730, 'distance_accuracy_value', 'NONE');
#7606 = ORIENTED_EDGE ( 'NONE', *, *, #2145, .F. ) ;
#7607 = SURFACE_STYLE_USAGE ( .BOTH. , #7086 ) ;
#7608 = VECTOR ( 'NONE', #1734, 1000.000000000000000 ) ;
#7609 = VERTEX_POINT ( 'NONE', #7229 ) ;
#7610 = CARTESIAN_POINT ( 'NONE',  ( -3.149999999999999911, 0.2599003282466580411, -0.5000000000002154943 ) ) ;
#7611 = CARTESIAN_POINT ( 'NONE',  ( 3.149999999999999467, 0.6999999999999999556, -2.049989999999999757 ) ) ;
#7612 = CIRCLE ( 'NONE', #5356, 0.1999999999497958925 ) ;
#7613 = UNCERTAINTY_MEASURE_WITH_UNIT (LENGTH_MEASURE( 1.000000000000000082E-05 ), #2001, 'distance_accuracy_value', 'NONE');
#7614 = EDGE_CURVE ( 'NONE', #6464, #1043, #3685, .T. ) ;
#7615 = EDGE_CURVE ( 'NONE', #6526, #628, #766, .T. ) ;
#7616 = VERTEX_POINT ( 'NONE', #3189 ) ;
#7617 = VECTOR ( 'NONE', #2996, 1000.000000000000000 ) ;
#7618 = DIRECTION ( 'NONE',  ( -0.000000000000000000, -1.000000000000000000, -0.000000000000000000 ) ) ;
#7619 = VECTOR ( 'NONE', #6567, 1000.000000000000000 ) ;
#7620 = EDGE_CURVE ( 'NONE', #3162, #6979, #6013, .T. ) ;
#7621 = ADVANCED_FACE ( 'NONE', ( #6641 ), #371, .F. ) ;
#7622 = ORIENTED_EDGE ( 'NONE', *, *, #63, .T. ) ;
#7623 = VECTOR ( 'NONE', #1079, 1000.000000000000000 ) ;
#7624 = SURFACE_STYLE_FILL_AREA ( #1755 ) ;
#7625 = CARTESIAN_POINT ( 'NONE',  ( 0.2999999999999999889, 2.899999999999999911, 0.9499999999999999556 ) ) ;
#7626 = FILL_AREA_STYLE_COLOUR ( '', #1794 ) ;
#7627 = FILL_AREA_STYLE ('',( #5822 ) ) ;
#7628 = VECTOR ( 'NONE', #1038, 1000.000000000000000 ) ;
#7629 = STYLED_ITEM ( 'NONE', ( #1428 ), #5418 ) ;
#7630 = DIRECTION ( 'NONE',  ( 0.000000000000000000, 0.000000000000000000, 1.000000000000000000 ) ) ;
#7631 = EDGE_LOOP ( 'NONE', ( #2657, #2485, #6857, #4202 ) ) ;
#7632 = COLOUR_RGB ( '',0.000000000000000000, 0.000000000000000000, 1.000000000000000000 ) ;
#7633 = ORIENTED_EDGE ( 'NONE', *, *, #4956, .F. ) ;
#7634 = MECHANICAL_DESIGN_GEOMETRIC_PRESENTATION_REPRESENTATION (  '', ( #3635 ), #1061 ) ;
#7635 = DIRECTION ( 'NONE',  ( 0.000000000000000000, -1.000000000000000000, 0.000000000000000000 ) ) ;
#7636 =( LENGTH_UNIT ( ) NAMED_UNIT ( * ) SI_UNIT ( .MILLI., .METRE. ) );
#7637 = FILL_AREA_STYLE_COLOUR ( '', #580 ) ;
#7638 = CARTESIAN_POINT ( 'NONE',  ( 1.701009032218151917, 1.199999999999999956, 2.050000000000000266 ) ) ;
#7639 = SURFACE_STYLE_FILL_AREA ( #5256 ) ;
#7640 = VERTEX_POINT ( 'NONE', #6337 ) ;
#7641 = DIRECTION ( 'NONE',  ( 1.000000000000000000, 0.000000000000000000, 2.168404344971010594E-16 ) ) ;
#7642 = PRESENTATION_LAYER_ASSIGNMENT (  '', '', ( #5882 ) ) ;
#7643 =( NAMED_UNIT ( * ) SI_UNIT ( $, .STERADIAN. ) SOLID_ANGLE_UNIT ( ) );
#7644 = CARTESIAN_POINT ( 'NONE',  ( -1.148990967781847949, 0.8000000000000000444, 2.050000000000000266 ) ) ;
#7645 = VECTOR ( 'NONE', #908, 1000.000000000000000 ) ;
#7646 = ORIENTED_EDGE ( 'NONE', *, *, #1361, .F. ) ;
#7647 = CARTESIAN_POINT ( 'NONE',  ( -2.449999999999999734, 0.1499999999999999944, -2.050000000000000266 ) ) ;
#7648 = COLOUR_RGB ( '',1.000000000000000000, 0.5019607843137254832, 0.000000000000000000 ) ;
#7649 = ORIENTED_EDGE ( 'NONE', *, *, #740, .F. ) ;
#7650 = DIRECTION ( 'NONE',  ( 0.000000000000000000, 0.000000000000000000, -1.000000000000000000 ) ) ;
#7651 = FILL_AREA_STYLE ('',( #4057 ) ) ;
#7652 = ORIENTED_EDGE ( 'NONE', *, *, #5934, .T. ) ;
#7653 = VECTOR ( 'NONE', #7430, 1000.000000000000114 ) ;
#7654 = ORIENTED_EDGE ( 'NONE', *, *, #1829, .F. ) ;
#7655 = LINE ( 'NONE', #6509, #1138 ) ;
#7656 = FILL_AREA_STYLE ('',( #3476 ) ) ;
#7657 = COLOUR_RGB ( '',1.000000000000000000, 0.5019607843137254832, 0.000000000000000000 ) ;
#7658 = ADVANCED_FACE ( 'NONE', ( #3812 ), #7473, .F. ) ;
#7659 = EDGE_CURVE ( 'NONE', #1967, #813, #4547, .T. ) ;
#7660 = AXIS2_PLACEMENT_3D ( 'NONE', #5830, #3785, #6168 ) ;
#7661 = FILL_AREA_STYLE ('',( #1756 ) ) ;
#7662 = LINE ( 'NONE', #2958, #3103 ) ;
#7663 = DIRECTION ( 'NONE',  ( 1.000000000000000000, 0.000000000000000000, 0.000000000000000000 ) ) ;
#7664 = SURFACE_SIDE_STYLE ('',( #3597 ) ) ;
#7665 = STYLED_ITEM ( 'NONE', ( #5001 ), #117 ) ;
#7666 =( LENGTH_UNIT ( ) NAMED_UNIT ( * ) SI_UNIT ( .MILLI., .METRE. ) );
#7667 = ADVANCED_FACE ( 'NONE', ( #7398 ), #2076, .F. ) ;
#7668 = EDGE_LOOP ( 'NONE', ( #6942, #7583 ) ) ;
#7669 = VERTEX_POINT ( 'NONE', #6799 ) ;
#7670 =( GEOMETRIC_REPRESENTATION_CONTEXT ( 3 ) GLOBAL_UNCERTAINTY_ASSIGNED_CONTEXT ( ( #7510 ) ) GLOBAL_UNIT_ASSIGNED_CONTEXT ( ( #3218, #5011, #2682 ) ) REPRESENTATION_CONTEXT ( 'NONE', 'WORKASPACE' ) );
#7671 = DIRECTION ( 'NONE',  ( 0.000000000000000000, -0.000000000000000000, -1.000000000000000000 ) ) ;
#7672 = CARTESIAN_POINT ( 'NONE',  ( -1.148990967781847949, 0.8000000000000000444, 1.750000000000000000 ) ) ;
#7673 = FILL_AREA_STYLE_COLOUR ( '', #1790 ) ;
#7674 = PLANE ( 'NONE',  #2518 ) ;
#7675 = PLANE ( 'NONE',  #473 ) ;
#7676 = VERTEX_POINT ( 'NONE', #7436 ) ;
#7677 = SURFACE_STYLE_FILL_AREA ( #7083 ) ;
#7678 = STYLED_ITEM ( 'NONE', ( #3953 ), #3656 ) ;
#7679 = UNCERTAINTY_MEASURE_WITH_UNIT (LENGTH_MEASURE( 1.000000000000000082E-05 ), #6143, 'distance_accuracy_value', 'NONE');
#7680 = VERTEX_POINT ( 'NONE', #3888 ) ;
#7681 = FILL_AREA_STYLE_COLOUR ( '', #1542 ) ;
#7682 = CARTESIAN_POINT ( 'NONE',  ( 3.149999999999999911, -0.0001000000000001650610, -2.050000000000000266 ) ) ;
#7683 = VERTEX_POINT ( 'NONE', #3376 ) ;
#7684 = UNCERTAINTY_MEASURE_WITH_UNIT (LENGTH_MEASURE( 1.000000000000000082E-05 ), #5932, 'distance_accuracy_value', 'NONE');
#7685 = PRESENTATION_LAYER_ASSIGNMENT (  '', '', ( #5577 ) ) ;
ENDSEC;
END-ISO-10303-21;
