ISO-10303-21;
HEADER;
FILE_DESCRIPTION (( 'STEP AP214' ),
    '1' );
FILE_NAME ('SW3dPS-TSOT-23.STEP',
    '2009-09-28T11:01:21',
    ( 'SysAdmin' ),
    ( 'SolidWorks' ),
    'SwSTEP 2.0',
    'SolidWorks 2009',
    '' );
FILE_SCHEMA (( 'AUTOMOTIVE_DESIGN' ));
ENDSEC;

DATA;
#1 = UNCERTAINTY_MEASURE_WITH_UNIT (LENGTH_MEASURE( 1.000000000000000100E-005 ), #4, 'distance_accuracy_value', 'NONE');
#2 =( NAMED_UNIT ( * ) SI_UNIT ( $, .STERADIAN. ) SOLID_ANGLE_UNIT ( ) );
#3 =( NAMED_UNIT ( * ) PLANE_ANGLE_UNIT ( ) SI_UNIT ( $, .RADIAN. ) );
#4 =( LENGTH_UNIT ( ) NAMED_UNIT ( * ) SI_UNIT ( .MILLI., .METRE. ) );
#5 = MECHANICAL_DESIGN_GEOMETRIC_PRESENTATION_REPRESENTATION (  '', ( #7 ), #123 ) ;
#6 = PRESENTATION_LAYER_ASSIGNMENT (  '', '', ( #7 ) ) ;
#7 = STYLED_ITEM ( 'NONE', ( #8 ), #1458 ) ;
#8 = PRESENTATION_STYLE_ASSIGNMENT (( #9 ) ) ;
#9 = SURFACE_STYLE_USAGE ( .BOTH. , #10 ) ;
#10 = SURFACE_SIDE_STYLE ('',( #11 ) ) ;
#11 = SURFACE_STYLE_FILL_AREA ( #12 ) ;
#12 = FILL_AREA_STYLE ('',( #19 ) ) ;
#13 = COLOUR_RGB ( '',1.000000000000000000, 1.000000000000000000, 1.000000000000000000 ) ;
#14 = FACE_OUTER_BOUND ( 'NONE', #1459, .T. ) ;
#15 = DIRECTION ( 'NONE',  ( -0.0000000000000000000, -0.0000000000000000000, -1.000000000000000000 ) ) ;
#16 = VECTOR ( 'NONE', #15, 1000.000000000000000 ) ;
#17 = CARTESIAN_POINT ( 'NONE',  ( -1.115005164524712500, 0.02493381726752363600, 1.137500000000000000 ) ) ;
#18 = LINE ( 'NONE', #17, #16 ) ;
#19 = FILL_AREA_STYLE_COLOUR ( '', #13 ) ;
#20 = DIRECTION ( 'NONE',  ( -1.000000000000000000, 0.0000000000000000000, 0.0000000000000000000 ) ) ;
#21 = DIRECTION ( 'NONE',  ( -0.0000000000000000000, -0.0000000000000000000, -1.000000000000000000 ) ) ;
#22 = CARTESIAN_POINT ( 'NONE',  ( -1.118491394234618900, 0.06478160519119338700, -0.7625000000000000700 ) ) ;
#23 = AXIS2_PLACEMENT_3D ( 'NONE', #22, #21, #20 ) ;
#24 = CYLINDRICAL_SURFACE ( 'NONE', #23, 0.03999999999999989000 ) ;
#25 =( GEOMETRIC_REPRESENTATION_CONTEXT ( 3 ) GLOBAL_UNCERTAINTY_ASSIGNED_CONTEXT ( ( #213 ) ) GLOBAL_UNIT_ASSIGNED_CONTEXT ( ( #216, #215, #214 ) ) REPRESENTATION_CONTEXT ( 'NONE', 'WORKASPACE' ) );
#26 = DIRECTION ( 'NONE',  ( 1.000000000000000000, 0.0000000000000000000, 0.0000000000000000000 ) ) ;
#27 = DIRECTION ( 'NONE',  ( 0.0000000000000000000, 0.0000000000000000000, 1.000000000000000000 ) ) ;
#28 = CARTESIAN_POINT ( 'NONE',  ( 0.0000000000000000000, 0.0000000000000000000, 0.0000000000000000000 ) ) ;
#29 =( GEOMETRIC_REPRESENTATION_CONTEXT ( 3 ) GLOBAL_UNCERTAINTY_ASSIGNED_CONTEXT ( ( #30 ) ) GLOBAL_UNIT_ASSIGNED_CONTEXT ( ( #33, #32, #31 ) ) REPRESENTATION_CONTEXT ( 'NONE', 'WORKASPACE' ) );
#30 = UNCERTAINTY_MEASURE_WITH_UNIT (LENGTH_MEASURE( 1.000000000000000100E-005 ), #33, 'distance_accuracy_value', 'NONE');
#31 =( NAMED_UNIT ( * ) SI_UNIT ( $, .STERADIAN. ) SOLID_ANGLE_UNIT ( ) );
#32 =( NAMED_UNIT ( * ) PLANE_ANGLE_UNIT ( ) SI_UNIT ( $, .RADIAN. ) );
#33 =( LENGTH_UNIT ( ) NAMED_UNIT ( * ) SI_UNIT ( .MILLI., .METRE. ) );
#34 = MECHANICAL_DESIGN_GEOMETRIC_PRESENTATION_REPRESENTATION (  '', ( #36 ), #29 ) ;
#35 = PRESENTATION_LAYER_ASSIGNMENT (  '', '', ( #36 ) ) ;
#36 = STYLED_ITEM ( 'NONE', ( #37 ), #196 ) ;
#37 = PRESENTATION_STYLE_ASSIGNMENT (( #38 ) ) ;
#38 = SURFACE_STYLE_USAGE ( .BOTH. , #39 ) ;
#39 = SURFACE_SIDE_STYLE ('',( #40 ) ) ;
#40 = SURFACE_STYLE_FILL_AREA ( #41 ) ;
#41 = FILL_AREA_STYLE ('',( #194 ) ) ;
#42 = MECHANICAL_DESIGN_GEOMETRIC_PRESENTATION_REPRESENTATION (  '', ( #44 ), #83 ) ;
#43 = PRESENTATION_LAYER_ASSIGNMENT (  '', '', ( #44 ) ) ;
#44 = STYLED_ITEM ( 'NONE', ( #45 ), #1501 ) ;
#45 = PRESENTATION_STYLE_ASSIGNMENT (( #46 ) ) ;
#46 = SURFACE_STYLE_USAGE ( .BOTH. , #47 ) ;
#47 = SURFACE_SIDE_STYLE ('',( #48 ) ) ;
#48 = SURFACE_STYLE_FILL_AREA ( #49 ) ;
#49 = FILL_AREA_STYLE ('',( #56 ) ) ;
#50 = COLOUR_RGB ( '',1.000000000000000000, 1.000000000000000000, 1.000000000000000000 ) ;
#51 = FACE_OUTER_BOUND ( 'NONE', #1541, .T. ) ;
#52 = DIRECTION ( 'NONE',  ( -0.0000000000000000000, -0.0000000000000000000, -1.000000000000000000 ) ) ;
#53 = VECTOR ( 'NONE', #52, 1000.000000000000000 ) ;
#54 = CARTESIAN_POINT ( 'NONE',  ( -0.9693427283798211600, 0.4660759692896380700, 1.137500000000000000 ) ) ;
#55 = LINE ( 'NONE', #54, #53 ) ;
#56 = FILL_AREA_STYLE_COLOUR ( '', #50 ) ;
#57 = DIRECTION ( 'NONE',  ( 1.000000000000000000, -4.336808689942017700E-016, 0.0000000000000000000 ) ) ;
#58 = DIRECTION ( 'NONE',  ( -4.336808689942017700E-016, -1.000000000000000000, 0.0000000000000000000 ) ) ;
#59 = CARTESIAN_POINT ( 'NONE',  ( -0.6500000000000000200, 0.4574999999999999100, 1.137500000000000000 ) ) ;
#60 = AXIS2_PLACEMENT_3D ( 'NONE', #59, #58, #57 ) ;
#61 = PLANE ( 'NONE',  #60 ) ;
#62 =( GEOMETRIC_REPRESENTATION_CONTEXT ( 3 ) GLOBAL_UNCERTAINTY_ASSIGNED_CONTEXT ( ( #63 ) ) GLOBAL_UNIT_ASSIGNED_CONTEXT ( ( #66, #65, #64 ) ) REPRESENTATION_CONTEXT ( 'NONE', 'WORKASPACE' ) );
#63 = UNCERTAINTY_MEASURE_WITH_UNIT (LENGTH_MEASURE( 1.000000000000000100E-005 ), #66, 'distance_accuracy_value', 'NONE');
#64 =( NAMED_UNIT ( * ) SI_UNIT ( $, .STERADIAN. ) SOLID_ANGLE_UNIT ( ) );
#65 =( NAMED_UNIT ( * ) PLANE_ANGLE_UNIT ( ) SI_UNIT ( $, .RADIAN. ) );
#66 =( LENGTH_UNIT ( ) NAMED_UNIT ( * ) SI_UNIT ( .MILLI., .METRE. ) );
#67 = CARTESIAN_POINT ( 'NONE',  ( -0.9693427283798211600, 0.4660759692896380700, 0.7624999999999999600 ) ) ;
#68 = CARTESIAN_POINT ( 'NONE',  ( -1.404793565851121300, 0.05479070839504601700, 0.7624999999999999600 ) ) ;
#69 = DIRECTION ( 'NONE',  ( -0.08715574274765965100, 0.9961946980917454300, 0.0000000000000000000 ) ) ;
#70 = VECTOR ( 'NONE', #69, 1000.000000000000000 ) ;
#71 = CARTESIAN_POINT ( 'NONE',  ( -1.399999999999999900, 0.0000000000000000000, 1.137500000000000000 ) ) ;
#72 = LINE ( 'NONE', #71, #70 ) ;
#73 = CARTESIAN_POINT ( 'NONE',  ( -1.404793565851121300, 0.05479070839504601700, 1.137500000000000000 ) ) ;
#74 = DIRECTION ( 'NONE',  ( 1.000000000000000000, -0.0000000000000000000, -0.0000000000000000000 ) ) ;
#75 = VECTOR ( 'NONE', #74, 1000.000000000000000 ) ;
#76 = CARTESIAN_POINT ( 'NONE',  ( -0.6500000000000000200, 0.5124999999999999600, 1.137500000000000000 ) ) ;
#77 = LINE ( 'NONE', #76, #75 ) ;
#78 = DIRECTION ( 'NONE',  ( -0.3810129238618399900, -0.9245697117309498200, 0.0000000000000000000 ) ) ;
#79 = DIRECTION ( 'NONE',  ( -0.9245697117309498200, 0.3810129238618399900, 0.0000000000000000000 ) ) ;
#80 = CARTESIAN_POINT ( 'NONE',  ( -0.9693427283798211600, 0.4660759692896380700, 1.137500000000000000 ) ) ;
#81 = AXIS2_PLACEMENT_3D ( 'NONE', #80, #79, #78 ) ;
#82 = PLANE ( 'NONE',  #81 ) ;
#83 =( GEOMETRIC_REPRESENTATION_CONTEXT ( 3 ) GLOBAL_UNCERTAINTY_ASSIGNED_CONTEXT ( ( #84 ) ) GLOBAL_UNIT_ASSIGNED_CONTEXT ( ( #87, #86, #85 ) ) REPRESENTATION_CONTEXT ( 'NONE', 'WORKASPACE' ) );
#84 = UNCERTAINTY_MEASURE_WITH_UNIT (LENGTH_MEASURE( 1.000000000000000100E-005 ), #87, 'distance_accuracy_value', 'NONE');
#85 =( NAMED_UNIT ( * ) SI_UNIT ( $, .STERADIAN. ) SOLID_ANGLE_UNIT ( ) );
#86 =( NAMED_UNIT ( * ) PLANE_ANGLE_UNIT ( ) SI_UNIT ( $, .RADIAN. ) );
#87 =( LENGTH_UNIT ( ) NAMED_UNIT ( * ) SI_UNIT ( .MILLI., .METRE. ) );
#88 = MECHANICAL_DESIGN_GEOMETRIC_PRESENTATION_REPRESENTATION (  '', ( #90 ), #62 ) ;
#89 = PRESENTATION_LAYER_ASSIGNMENT (  '', '', ( #90 ) ) ;
#90 = STYLED_ITEM ( 'NONE', ( #91 ), #1493 ) ;
#91 = PRESENTATION_STYLE_ASSIGNMENT (( #92 ) ) ;
#92 = SURFACE_STYLE_USAGE ( .BOTH. , #93 ) ;
#93 = SURFACE_SIDE_STYLE ('',( #94 ) ) ;
#94 = SURFACE_STYLE_FILL_AREA ( #95 ) ;
#95 = FILL_AREA_STYLE ('',( #102 ) ) ;
#96 = COLOUR_RGB ( '',1.000000000000000000, 1.000000000000000000, 1.000000000000000000 ) ;
#97 = FACE_OUTER_BOUND ( 'NONE', #1060, .T. ) ;
#98 = DIRECTION ( 'NONE',  ( 0.9961946980917455500, 0.08715574274765845700, 0.0000000000000000000 ) ) ;
#99 = VECTOR ( 'NONE', #98, 1000.000000000000100 ) ;
#100 = CARTESIAN_POINT ( 'NONE',  ( -1.128884804356739200, 0.07892959719328251900, 1.137500000000000000 ) ) ;
#101 = LINE ( 'NONE', #100, #99 ) ;
#102 = FILL_AREA_STYLE_COLOUR ( '', #96 ) ;
#103 = CARTESIAN_POINT ( 'NONE',  ( -1.128884804356739200, 0.07892959719328251900, 1.137500000000000000 ) ) ;
#104 = DIRECTION ( 'NONE',  ( 0.3810129238618399900, 0.9245697117309498200, 0.0000000000000000000 ) ) ;
#105 = VECTOR ( 'NONE', #104, 1000.000000000000100 ) ;
#106 = CARTESIAN_POINT ( 'NONE',  ( -0.9693427283798211600, 0.4660759692896380700, 1.137500000000000000 ) ) ;
#107 = LINE ( 'NONE', #106, #105 ) ;
#108 = CARTESIAN_POINT ( 'NONE',  ( -0.9693427283798211600, 0.4660759692896380700, 1.137500000000000000 ) ) ;
#109 = CARTESIAN_POINT ( 'NONE',  ( -1.128884804356739200, 0.07892959719328251900, 0.7624999999999999600 ) ) ;
#110 = DIRECTION ( 'NONE',  ( 0.3810129238618399900, 0.9245697117309498200, 0.0000000000000000000 ) ) ;
#111 = VECTOR ( 'NONE', #110, 1000.000000000000100 ) ;
#112 = CARTESIAN_POINT ( 'NONE',  ( -0.9693427283798211600, 0.4660759692896380700, 0.7624999999999999600 ) ) ;
#113 = LINE ( 'NONE', #112, #111 ) ;
#114 = DIRECTION ( 'NONE',  ( -0.0000000000000000000, -0.0000000000000000000, -1.000000000000000000 ) ) ;
#115 = VECTOR ( 'NONE', #114, 1000.000000000000000 ) ;
#116 = CARTESIAN_POINT ( 'NONE',  ( -1.081508605765380900, 0.04954108823671980000, 1.137500000000000000 ) ) ;
#117 = LINE ( 'NONE', #116, #115 ) ;
#118 = DIRECTION ( 'NONE',  ( -1.000000000000000000, 0.0000000000000000000, 0.0000000000000000000 ) ) ;
#119 = DIRECTION ( 'NONE',  ( -0.0000000000000000000, -0.0000000000000000000, -1.000000000000000000 ) ) ;
#120 = CARTESIAN_POINT ( 'NONE',  ( -1.118491394234618900, 0.06478160519119338700, 1.137500000000000000 ) ) ;
#121 = AXIS2_PLACEMENT_3D ( 'NONE', #120, #119, #118 ) ;
#122 = CYLINDRICAL_SURFACE ( 'NONE', #121, 0.03999999999999989000 ) ;
#123 =( GEOMETRIC_REPRESENTATION_CONTEXT ( 3 ) GLOBAL_UNCERTAINTY_ASSIGNED_CONTEXT ( ( #1 ) ) GLOBAL_UNIT_ASSIGNED_CONTEXT ( ( #4, #3, #2 ) ) REPRESENTATION_CONTEXT ( 'NONE', 'WORKASPACE' ) );
#124 =( NAMED_UNIT ( * ) PLANE_ANGLE_UNIT ( ) SI_UNIT ( $, .RADIAN. ) );
#125 =( LENGTH_UNIT ( ) NAMED_UNIT ( * ) SI_UNIT ( .MILLI., .METRE. ) );
#126 = MECHANICAL_DESIGN_GEOMETRIC_PRESENTATION_REPRESENTATION (  '', ( #128 ), #191 ) ;
#127 = PRESENTATION_LAYER_ASSIGNMENT (  '', '', ( #128 ) ) ;
#128 = STYLED_ITEM ( 'NONE', ( #129 ), #1549 ) ;
#129 = PRESENTATION_STYLE_ASSIGNMENT (( #130 ) ) ;
#130 = SURFACE_STYLE_USAGE ( .BOTH. , #131 ) ;
#131 = SURFACE_SIDE_STYLE ('',( #132 ) ) ;
#132 = SURFACE_STYLE_FILL_AREA ( #133 ) ;
#133 = FILL_AREA_STYLE ('',( #141 ) ) ;
#134 = COLOUR_RGB ( '',0.2509803921568627400, 0.2509803921568627400, 0.2509803921568627400 ) ;
#135 = FACE_OUTER_BOUND ( 'NONE', #1550, .T. ) ;
#136 = DIRECTION ( 'NONE',  ( 1.000000000000000000, 0.0000000000000000000, 0.0000000000000000000 ) ) ;
#137 = DIRECTION ( 'NONE',  ( -0.0000000000000000000, -0.0000000000000000000, -1.000000000000000000 ) ) ;
#138 = CARTESIAN_POINT ( 'NONE',  ( -0.9000000000000000200, 0.4374999999999999400, 1.137500000000000000 ) ) ;
#139 = AXIS2_PLACEMENT_3D ( 'NONE', #138, #137, #136 ) ;
#140 = CIRCLE ( 'NONE', #139, 0.07499999999999998300 ) ;
#141 = FILL_AREA_STYLE_COLOUR ( '', #134 ) ;
#142 = DIRECTION ( 'NONE',  ( -0.0000000000000000000, -0.0000000000000000000, -1.000000000000000000 ) ) ;
#143 = VECTOR ( 'NONE', #142, 1000.000000000000000 ) ;
#144 = CARTESIAN_POINT ( 'NONE',  ( -1.128884804356739200, 0.07892959719328251900, 1.137500000000000000 ) ) ;
#145 = LINE ( 'NONE', #144, #143 ) ;
#146 = DIRECTION ( 'NONE',  ( 0.0000000000000000000, 0.0000000000000000000, 1.000000000000000000 ) ) ;
#147 = DIRECTION ( 'NONE',  ( 0.0000000000000000000, 1.000000000000000000, 0.0000000000000000000 ) ) ;
#148 = CARTESIAN_POINT ( 'NONE',  ( 0.6000000000000000900, 0.8374999999999996900, 0.9499999999999999600 ) ) ;
#149 = AXIS2_PLACEMENT_3D ( 'NONE', #148, #147, #146 ) ;
#150 = CIRCLE ( 'NONE', #149, 0.1000000000000001600 ) ;
#151 = DIRECTION ( 'NONE',  ( 0.9961946980917455500, 0.08715574274765845700, 0.0000000000000000000 ) ) ;
#152 = VECTOR ( 'NONE', #151, 1000.000000000000100 ) ;
#153 = CARTESIAN_POINT ( 'NONE',  ( -1.128884804356739200, 0.07892959719328251900, 0.7624999999999999600 ) ) ;
#154 = LINE ( 'NONE', #153, #152 ) ;
#155 = DIRECTION ( 'NONE',  ( -0.08715574274765965100, 0.9961946980917454300, 0.0000000000000000000 ) ) ;
#156 = VECTOR ( 'NONE', #155, 1000.000000000000000 ) ;
#157 = CARTESIAN_POINT ( 'NONE',  ( -1.399999999999999900, 0.0000000000000000000, 0.7624999999999999600 ) ) ;
#158 = LINE ( 'NONE', #157, #156 ) ;
#159 =( LENGTH_UNIT ( ) NAMED_UNIT ( * ) SI_UNIT ( .MILLI., .METRE. ) );
#160 = AXIS2_PLACEMENT_3D ( 'NONE', #28, #27, #26 ) ;
#161 = DIRECTION ( 'NONE',  ( -0.0000000000000000000, -0.0000000000000000000, -1.000000000000000000 ) ) ;
#162 = VECTOR ( 'NONE', #161, 1000.000000000000000 ) ;
#163 = CARTESIAN_POINT ( 'NONE',  ( -1.115005164524712500, 0.02493381726752363600, -0.7625000000000000700 ) ) ;
#164 = LINE ( 'NONE', #163, #162 ) ;
#165 = DIRECTION ( 'NONE',  ( 0.0000000000000000000, 0.0000000000000000000, 1.000000000000000000 ) ) ;
#166 = DIRECTION ( 'NONE',  ( 0.0000000000000000000, 1.000000000000000000, -0.0000000000000000000 ) ) ;
#167 = CARTESIAN_POINT ( 'NONE',  ( -0.6500000000000000200, 0.5124999999999999600, 1.137500000000000000 ) ) ;
#168 = AXIS2_PLACEMENT_3D ( 'NONE', #167, #166, #165 ) ;
#169 = PLANE ( 'NONE',  #168 ) ;
#170 =( GEOMETRIC_REPRESENTATION_CONTEXT ( 3 ) GLOBAL_UNCERTAINTY_ASSIGNED_CONTEXT ( ( #171 ) ) GLOBAL_UNIT_ASSIGNED_CONTEXT ( ( #174, #173, #172 ) ) REPRESENTATION_CONTEXT ( 'NONE', 'WORKASPACE' ) );
#171 = UNCERTAINTY_MEASURE_WITH_UNIT (LENGTH_MEASURE( 1.000000000000000100E-005 ), #174, 'distance_accuracy_value', 'NONE');
#172 =( NAMED_UNIT ( * ) SI_UNIT ( $, .STERADIAN. ) SOLID_ANGLE_UNIT ( ) );
#173 =( NAMED_UNIT ( * ) PLANE_ANGLE_UNIT ( ) SI_UNIT ( $, .RADIAN. ) );
#174 =( LENGTH_UNIT ( ) NAMED_UNIT ( * ) SI_UNIT ( .MILLI., .METRE. ) );
#175 = MECHANICAL_DESIGN_GEOMETRIC_PRESENTATION_REPRESENTATION (  '', ( #177 ), #170 ) ;
#176 = PRESENTATION_LAYER_ASSIGNMENT (  '', '', ( #177 ) ) ;
#177 = STYLED_ITEM ( 'NONE', ( #178 ), #1554 ) ;
#178 = PRESENTATION_STYLE_ASSIGNMENT (( #179 ) ) ;
#179 = SURFACE_STYLE_USAGE ( .BOTH. , #180 ) ;
#180 = SURFACE_SIDE_STYLE ('',( #181 ) ) ;
#181 = SURFACE_STYLE_FILL_AREA ( #182 ) ;
#182 = FILL_AREA_STYLE ('',( #189 ) ) ;
#183 = COLOUR_RGB ( '',1.000000000000000000, 1.000000000000000000, 1.000000000000000000 ) ;
#184 = DIRECTION ( 'NONE',  ( 0.0000000000000000000, -0.0000000000000000000, 1.000000000000000000 ) ) ;
#185 = DIRECTION ( 'NONE',  ( 0.0000000000000000000, 1.000000000000000000, 0.0000000000000000000 ) ) ;
#186 = CARTESIAN_POINT ( 'NONE',  ( 0.6000000000000000900, 0.8374999999999996900, 0.9499999999999999600 ) ) ;
#187 = AXIS2_PLACEMENT_3D ( 'NONE', #186, #185, #184 ) ;
#188 = FACE_OUTER_BOUND ( 'NONE', #1107, .T. ) ;
#189 = FILL_AREA_STYLE_COLOUR ( '', #183 ) ;
#190 = PLANE ( 'NONE',  #187 ) ;
#191 =( GEOMETRIC_REPRESENTATION_CONTEXT ( 3 ) GLOBAL_UNCERTAINTY_ASSIGNED_CONTEXT ( ( #192 ) ) GLOBAL_UNIT_ASSIGNED_CONTEXT ( ( #125, #124, #193 ) ) REPRESENTATION_CONTEXT ( 'NONE', 'WORKASPACE' ) );
#192 = UNCERTAINTY_MEASURE_WITH_UNIT (LENGTH_MEASURE( 1.000000000000000100E-005 ), #125, 'distance_accuracy_value', 'NONE');
#193 =( NAMED_UNIT ( * ) SI_UNIT ( $, .STERADIAN. ) SOLID_ANGLE_UNIT ( ) );
#194 = FILL_AREA_STYLE_COLOUR ( '', #195 ) ;
#195 = COLOUR_RGB ( '',0.7529411764705882200, 0.7529411764705882200, 0.7529411764705882200 ) ;
#196 = ADVANCED_BREP_SHAPE_REPRESENTATION ( 'SW3dPS-TSOT-23', ( #690, #160 ), #197 ) ;
#197 =( GEOMETRIC_REPRESENTATION_CONTEXT ( 3 ) GLOBAL_UNCERTAINTY_ASSIGNED_CONTEXT ( ( #198 ) ) GLOBAL_UNIT_ASSIGNED_CONTEXT ( ( #159, #200, #199 ) ) REPRESENTATION_CONTEXT ( 'NONE', 'WORKASPACE' ) );
#198 = UNCERTAINTY_MEASURE_WITH_UNIT (LENGTH_MEASURE( 1.000000000000000100E-005 ), #159, 'distance_accuracy_value', 'NONE');
#199 =( NAMED_UNIT ( * ) SI_UNIT ( $, .STERADIAN. ) SOLID_ANGLE_UNIT ( ) );
#200 =( NAMED_UNIT ( * ) PLANE_ANGLE_UNIT ( ) SI_UNIT ( $, .RADIAN. ) );
#201 = PRODUCT_DEFINITION_SHAPE ( 'NONE', 'NONE',  #205 ) ;
#202 = APPLICATION_CONTEXT ( 'automotive_design' ) ;
#203 = PRODUCT_RELATED_PRODUCT_CATEGORY ( 'part', '', ( #210 ) ) ;
#204 = PRODUCT_DEFINITION_FORMATION_WITH_SPECIFIED_SOURCE ( 'ANY', '', #210, .NOT_KNOWN. ) ;
#205 = PRODUCT_DEFINITION ( 'UNKNOWN', '', #204, #206 ) ;
#206 = PRODUCT_DEFINITION_CONTEXT ( 'detailed design', #208, 'design' ) ;
#207 = APPLICATION_PROTOCOL_DEFINITION ( 'draft international standard', 'automotive_design', 1998, #208 ) ;
#208 = APPLICATION_CONTEXT ( 'automotive_design' ) ;
#209 = SHAPE_DEFINITION_REPRESENTATION ( #201, #196 ) ;
#210 = PRODUCT ( 'SW3dPS-TSOT-23', 'SW3dPS-TSOT-23', '', ( #211 ) ) ;
#211 = PRODUCT_CONTEXT ( 'NONE', #202, 'mechanical' ) ;
#212 = APPLICATION_PROTOCOL_DEFINITION ( 'draft international standard', 'automotive_design', 1998, #202 ) ;
#213 = UNCERTAINTY_MEASURE_WITH_UNIT (LENGTH_MEASURE( 1.000000000000000100E-005 ), #216, 'distance_accuracy_value', 'NONE');
#214 =( NAMED_UNIT ( * ) SI_UNIT ( $, .STERADIAN. ) SOLID_ANGLE_UNIT ( ) );
#215 =( NAMED_UNIT ( * ) PLANE_ANGLE_UNIT ( ) SI_UNIT ( $, .RADIAN. ) );
#216 =( LENGTH_UNIT ( ) NAMED_UNIT ( * ) SI_UNIT ( .MILLI., .METRE. ) );
#217 = MECHANICAL_DESIGN_GEOMETRIC_PRESENTATION_REPRESENTATION (  '', ( #219 ), #25 ) ;
#218 = PRESENTATION_LAYER_ASSIGNMENT (  '', '', ( #219 ) ) ;
#219 = STYLED_ITEM ( 'NONE', ( #220 ), #1439 ) ;
#220 = PRESENTATION_STYLE_ASSIGNMENT (( #221 ) ) ;
#221 = SURFACE_STYLE_USAGE ( .BOTH. , #222 ) ;
#222 = SURFACE_SIDE_STYLE ('',( #223 ) ) ;
#223 = SURFACE_STYLE_FILL_AREA ( #224 ) ;
#224 = FILL_AREA_STYLE ('',( #230 ) ) ;
#225 = COLOUR_RGB ( '',1.000000000000000000, 1.000000000000000000, 1.000000000000000000 ) ;
#226 = DIRECTION ( 'NONE',  ( 0.0000000000000000000, 0.0000000000000000000, 1.000000000000000000 ) ) ;
#227 = DIRECTION ( 'NONE',  ( -0.0000000000000000000, 1.000000000000000000, -0.0000000000000000000 ) ) ;
#228 = AXIS2_PLACEMENT_3D ( 'NONE', #231, #227, #226 ) ;
#229 = FACE_OUTER_BOUND ( 'NONE', #1494, .T. ) ;
#230 = FILL_AREA_STYLE_COLOUR ( '', #225 ) ;
#231 = CARTESIAN_POINT ( 'NONE',  ( 0.6000000000000000900, 0.8374999999999996900, 0.9499999999999999600 ) ) ;
#232 = CYLINDRICAL_SURFACE ( 'NONE', #228, 0.1000000000000001600 ) ;
#233 = DIRECTION ( 'NONE',  ( -1.000000000000000000, 0.0000000000000000000, 0.0000000000000000000 ) ) ;
#234 = DIRECTION ( 'NONE',  ( -0.0000000000000000000, -0.0000000000000000000, -1.000000000000000000 ) ) ;
#235 = CARTESIAN_POINT ( 'NONE',  ( -0.9000000000000000200, 0.4374999999999999400, 1.137500000000000000 ) ) ;
#236 = AXIS2_PLACEMENT_3D ( 'NONE', #235, #234, #233 ) ;
#237 = FACE_OUTER_BOUND ( 'NONE', #1436, .T. ) ;
#238 = CYLINDRICAL_SURFACE ( 'NONE', #236, 0.02000000000000005200 ) ;
#239 =( GEOMETRIC_REPRESENTATION_CONTEXT ( 3 ) GLOBAL_UNCERTAINTY_ASSIGNED_CONTEXT ( ( #300 ) ) GLOBAL_UNIT_ASSIGNED_CONTEXT ( ( #303, #302, #301 ) ) REPRESENTATION_CONTEXT ( 'NONE', 'WORKASPACE' ) );
#240 =( NAMED_UNIT ( * ) PLANE_ANGLE_UNIT ( ) SI_UNIT ( $, .RADIAN. ) );
#241 =( LENGTH_UNIT ( ) NAMED_UNIT ( * ) SI_UNIT ( .MILLI., .METRE. ) );
#242 = MECHANICAL_DESIGN_GEOMETRIC_PRESENTATION_REPRESENTATION (  '', ( #244 ), #400 ) ;
#243 = PRESENTATION_LAYER_ASSIGNMENT (  '', '', ( #244 ) ) ;
#244 = STYLED_ITEM ( 'NONE', ( #245 ), #1404 ) ;
#245 = PRESENTATION_STYLE_ASSIGNMENT (( #246 ) ) ;
#246 = SURFACE_STYLE_USAGE ( .BOTH. , #247 ) ;
#247 = SURFACE_SIDE_STYLE ('',( #248 ) ) ;
#248 = SURFACE_STYLE_FILL_AREA ( #249 ) ;
#249 = FILL_AREA_STYLE ('',( #256 ) ) ;
#250 = COLOUR_RGB ( '',1.000000000000000000, 1.000000000000000000, 1.000000000000000000 ) ;
#251 = DIRECTION ( 'NONE',  ( -1.000000000000000000, 0.0000000000000000000, 0.0000000000000000000 ) ) ;
#252 = DIRECTION ( 'NONE',  ( -0.0000000000000000000, -0.0000000000000000000, -1.000000000000000000 ) ) ;
#253 = CARTESIAN_POINT ( 'NONE',  ( -0.9000000000000000200, 0.4374999999999999400, 1.137500000000000000 ) ) ;
#254 = AXIS2_PLACEMENT_3D ( 'NONE', #253, #252, #251 ) ;
#255 = FACE_OUTER_BOUND ( 'NONE', #1405, .T. ) ;
#256 = FILL_AREA_STYLE_COLOUR ( '', #250 ) ;
#257 = CYLINDRICAL_SURFACE ( 'NONE', #254, 0.07499999999999998300 ) ;
#258 =( GEOMETRIC_REPRESENTATION_CONTEXT ( 3 ) GLOBAL_UNCERTAINTY_ASSIGNED_CONTEXT ( ( #359 ) ) GLOBAL_UNIT_ASSIGNED_CONTEXT ( ( #362, #361, #360 ) ) REPRESENTATION_CONTEXT ( 'NONE', 'WORKASPACE' ) );
#259 = PRESENTATION_LAYER_ASSIGNMENT (  '', '', ( #260 ) ) ;
#260 = STYLED_ITEM ( 'NONE', ( #261 ), #1360 ) ;
#261 = PRESENTATION_STYLE_ASSIGNMENT (( #262 ) ) ;
#262 = SURFACE_STYLE_USAGE ( .BOTH. , #263 ) ;
#263 = SURFACE_SIDE_STYLE ('',( #264 ) ) ;
#264 = SURFACE_STYLE_FILL_AREA ( #265 ) ;
#265 = FILL_AREA_STYLE ('',( #269 ) ) ;
#266 = COLOUR_RGB ( '',1.000000000000000000, 1.000000000000000000, 1.000000000000000000 ) ;
#267 = FACE_OUTER_BOUND ( 'NONE', #1349, .T. ) ;
#268 = CARTESIAN_POINT ( 'NONE',  ( -1.404793565851121300, 0.05479070839504601700, 0.1875000000000000000 ) ) ;
#269 = FILL_AREA_STYLE_COLOUR ( '', #266 ) ;
#270 = DIRECTION ( 'NONE',  ( 0.9961946980917455500, 0.08715574274765845700, 0.0000000000000000000 ) ) ;
#271 = VECTOR ( 'NONE', #270, 1000.000000000000100 ) ;
#272 = CARTESIAN_POINT ( 'NONE',  ( -1.128884804356739200, 0.07892959719328251900, 0.1875000000000000000 ) ) ;
#273 = LINE ( 'NONE', #272, #271 ) ;
#274 = UNCERTAINTY_MEASURE_WITH_UNIT (LENGTH_MEASURE( 1.000000000000000100E-005 ), #277, 'distance_accuracy_value', 'NONE');
#275 =( NAMED_UNIT ( * ) SI_UNIT ( $, .STERADIAN. ) SOLID_ANGLE_UNIT ( ) );
#276 =( NAMED_UNIT ( * ) PLANE_ANGLE_UNIT ( ) SI_UNIT ( $, .RADIAN. ) );
#277 =( LENGTH_UNIT ( ) NAMED_UNIT ( * ) SI_UNIT ( .MILLI., .METRE. ) );
#278 = MECHANICAL_DESIGN_GEOMETRIC_PRESENTATION_REPRESENTATION (  '', ( #280 ), #358 ) ;
#279 = PRESENTATION_LAYER_ASSIGNMENT (  '', '', ( #280 ) ) ;
#280 = STYLED_ITEM ( 'NONE', ( #281 ), #1385 ) ;
#281 = PRESENTATION_STYLE_ASSIGNMENT (( #282 ) ) ;
#282 = SURFACE_STYLE_USAGE ( .BOTH. , #283 ) ;
#283 = SURFACE_SIDE_STYLE ('',( #284 ) ) ;
#284 = SURFACE_STYLE_FILL_AREA ( #285 ) ;
#285 = FILL_AREA_STYLE ('',( #286 ) ) ;
#286 = FILL_AREA_STYLE_COLOUR ( '', #287 ) ;
#287 = COLOUR_RGB ( '',1.000000000000000000, 1.000000000000000000, 1.000000000000000000 ) ;
#288 = FACE_OUTER_BOUND ( 'NONE', #1386, .T. ) ;
#289 = CARTESIAN_POINT ( 'NONE',  ( -0.9693427283798211600, 0.4660759692896380700, -0.1875000000000000000 ) ) ;
#290 = DIRECTION ( 'NONE',  ( 0.3810129238618399900, 0.9245697117309498200, 0.0000000000000000000 ) ) ;
#291 = VECTOR ( 'NONE', #290, 1000.000000000000100 ) ;
#292 = CARTESIAN_POINT ( 'NONE',  ( -0.9693427283798211600, 0.4660759692896380700, -0.1875000000000000000 ) ) ;
#293 = LINE ( 'NONE', #292, #291 ) ;
#294 = DIRECTION ( 'NONE',  ( -1.000000000000000000, 0.0000000000000000000, 0.0000000000000000000 ) ) ;
#295 = DIRECTION ( 'NONE',  ( -0.0000000000000000000, -0.0000000000000000000, -1.000000000000000000 ) ) ;
#296 = CARTESIAN_POINT ( 'NONE',  ( -0.9000000000000000200, 0.4374999999999999400, 0.1875000000000000000 ) ) ;
#297 = AXIS2_PLACEMENT_3D ( 'NONE', #296, #295, #294 ) ;
#298 = CYLINDRICAL_SURFACE ( 'NONE', #297, 0.02000000000000005200 ) ;
#299 =( GEOMETRIC_REPRESENTATION_CONTEXT ( 3 ) GLOBAL_UNCERTAINTY_ASSIGNED_CONTEXT ( ( #408 ) ) GLOBAL_UNIT_ASSIGNED_CONTEXT ( ( #411, #410, #409 ) ) REPRESENTATION_CONTEXT ( 'NONE', 'WORKASPACE' ) );
#300 = UNCERTAINTY_MEASURE_WITH_UNIT (LENGTH_MEASURE( 1.000000000000000100E-005 ), #303, 'distance_accuracy_value', 'NONE');
#301 =( NAMED_UNIT ( * ) SI_UNIT ( $, .STERADIAN. ) SOLID_ANGLE_UNIT ( ) );
#302 =( NAMED_UNIT ( * ) PLANE_ANGLE_UNIT ( ) SI_UNIT ( $, .RADIAN. ) );
#303 =( LENGTH_UNIT ( ) NAMED_UNIT ( * ) SI_UNIT ( .MILLI., .METRE. ) );
#304 = MECHANICAL_DESIGN_GEOMETRIC_PRESENTATION_REPRESENTATION (  '', ( #306 ), #239 ) ;
#305 = PRESENTATION_LAYER_ASSIGNMENT (  '', '', ( #306 ) ) ;
#306 = STYLED_ITEM ( 'NONE', ( #307 ), #1430 ) ;
#307 = PRESENTATION_STYLE_ASSIGNMENT (( #308 ) ) ;
#308 = SURFACE_STYLE_USAGE ( .BOTH. , #309 ) ;
#309 = SURFACE_SIDE_STYLE ('',( #310 ) ) ;
#310 = SURFACE_STYLE_FILL_AREA ( #311 ) ;
#311 = FILL_AREA_STYLE ('',( #318 ) ) ;
#312 = COLOUR_RGB ( '',1.000000000000000000, 1.000000000000000000, 1.000000000000000000 ) ;
#313 = FACE_OUTER_BOUND ( 'NONE', #1526, .T. ) ;
#314 = DIRECTION ( 'NONE',  ( -0.0000000000000000000, -0.0000000000000000000, -1.000000000000000000 ) ) ;
#315 = VECTOR ( 'NONE', #314, 1000.000000000000000 ) ;
#316 = CARTESIAN_POINT ( 'NONE',  ( -1.399999999999999900, 0.0000000000000000000, 1.137500000000000000 ) ) ;
#317 = LINE ( 'NONE', #316, #315 ) ;
#318 = FILL_AREA_STYLE_COLOUR ( '', #312 ) ;
#319 = DIRECTION ( 'NONE',  ( 0.08715574274765965100, -0.9961946980917454300, 0.0000000000000000000 ) ) ;
#320 = DIRECTION ( 'NONE',  ( -0.9961946980917454300, -0.08715574274765965100, 0.0000000000000000000 ) ) ;
#321 = CARTESIAN_POINT ( 'NONE',  ( -1.399999999999999900, 0.0000000000000000000, 1.137500000000000000 ) ) ;
#322 = AXIS2_PLACEMENT_3D ( 'NONE', #321, #320, #319 ) ;
#323 = PLANE ( 'NONE',  #322 ) ;
#324 =( GEOMETRIC_REPRESENTATION_CONTEXT ( 3 ) GLOBAL_UNCERTAINTY_ASSIGNED_CONTEXT ( ( #325 ) ) GLOBAL_UNIT_ASSIGNED_CONTEXT ( ( #328, #327, #326 ) ) REPRESENTATION_CONTEXT ( 'NONE', 'WORKASPACE' ) );
#325 = UNCERTAINTY_MEASURE_WITH_UNIT (LENGTH_MEASURE( 1.000000000000000100E-005 ), #328, 'distance_accuracy_value', 'NONE');
#326 =( NAMED_UNIT ( * ) SI_UNIT ( $, .STERADIAN. ) SOLID_ANGLE_UNIT ( ) );
#327 =( NAMED_UNIT ( * ) PLANE_ANGLE_UNIT ( ) SI_UNIT ( $, .RADIAN. ) );
#328 =( LENGTH_UNIT ( ) NAMED_UNIT ( * ) SI_UNIT ( .MILLI., .METRE. ) );
#329 = MECHANICAL_DESIGN_GEOMETRIC_PRESENTATION_REPRESENTATION (  '', ( #331 ), #324 ) ;
#330 = PRESENTATION_LAYER_ASSIGNMENT (  '', '', ( #331 ) ) ;
#331 = STYLED_ITEM ( 'NONE', ( #332 ), #1425 ) ;
#332 = PRESENTATION_STYLE_ASSIGNMENT (( #333 ) ) ;
#333 = SURFACE_STYLE_USAGE ( .BOTH. , #334 ) ;
#334 = SURFACE_SIDE_STYLE ('',( #335 ) ) ;
#335 = SURFACE_STYLE_FILL_AREA ( #336 ) ;
#336 = FILL_AREA_STYLE ('',( #343 ) ) ;
#337 = COLOUR_RGB ( '',1.000000000000000000, 1.000000000000000000, 1.000000000000000000 ) ;
#338 = FACE_OUTER_BOUND ( 'NONE', #1426, .T. ) ;
#339 = DIRECTION ( 'NONE',  ( -0.0000000000000000000, -0.0000000000000000000, -1.000000000000000000 ) ) ;
#340 = VECTOR ( 'NONE', #339, 1000.000000000000000 ) ;
#341 = CARTESIAN_POINT ( 'NONE',  ( -1.404793565851121300, 0.05479070839504601700, 1.137500000000000000 ) ) ;
#342 = LINE ( 'NONE', #341, #340 ) ;
#343 = FILL_AREA_STYLE_COLOUR ( '', #337 ) ;
#344 = DIRECTION ( 'NONE',  ( -0.9961946980917455500, -0.08715574274765847100, 0.0000000000000000000 ) ) ;
#345 = DIRECTION ( 'NONE',  ( -0.08715574274765847100, 0.9961946980917455500, 0.0000000000000000000 ) ) ;
#346 = CARTESIAN_POINT ( 'NONE',  ( -1.128884804356739200, 0.07892959719328251900, 1.137500000000000000 ) ) ;
#347 = AXIS2_PLACEMENT_3D ( 'NONE', #346, #345, #344 ) ;
#348 = PLANE ( 'NONE',  #347 ) ;
#349 =( GEOMETRIC_REPRESENTATION_CONTEXT ( 3 ) GLOBAL_UNCERTAINTY_ASSIGNED_CONTEXT ( ( #350 ) ) GLOBAL_UNIT_ASSIGNED_CONTEXT ( ( #383, #352, #351 ) ) REPRESENTATION_CONTEXT ( 'NONE', 'WORKASPACE' ) );
#350 = UNCERTAINTY_MEASURE_WITH_UNIT (LENGTH_MEASURE( 1.000000000000000100E-005 ), #383, 'distance_accuracy_value', 'NONE');
#351 =( NAMED_UNIT ( * ) SI_UNIT ( $, .STERADIAN. ) SOLID_ANGLE_UNIT ( ) );
#352 =( NAMED_UNIT ( * ) PLANE_ANGLE_UNIT ( ) SI_UNIT ( $, .RADIAN. ) );
#353 = DIRECTION ( 'NONE',  ( 0.3810129238618398300, 0.9245697117309498200, 0.0000000000000000000 ) ) ;
#354 = DIRECTION ( 'NONE',  ( 0.9245697117309499300, -0.3810129238618398800, 0.0000000000000000000 ) ) ;
#355 = CARTESIAN_POINT ( 'NONE',  ( -0.9184913942346189000, 0.4451202584772367400, 1.137500000000000000 ) ) ;
#356 = AXIS2_PLACEMENT_3D ( 'NONE', #355, #354, #353 ) ;
#357 = PLANE ( 'NONE',  #356 ) ;
#358 =( GEOMETRIC_REPRESENTATION_CONTEXT ( 3 ) GLOBAL_UNCERTAINTY_ASSIGNED_CONTEXT ( ( #274 ) ) GLOBAL_UNIT_ASSIGNED_CONTEXT ( ( #277, #276, #275 ) ) REPRESENTATION_CONTEXT ( 'NONE', 'WORKASPACE' ) );
#359 = UNCERTAINTY_MEASURE_WITH_UNIT (LENGTH_MEASURE( 1.000000000000000100E-005 ), #362, 'distance_accuracy_value', 'NONE');
#360 =( NAMED_UNIT ( * ) SI_UNIT ( $, .STERADIAN. ) SOLID_ANGLE_UNIT ( ) );
#361 =( NAMED_UNIT ( * ) PLANE_ANGLE_UNIT ( ) SI_UNIT ( $, .RADIAN. ) );
#362 =( LENGTH_UNIT ( ) NAMED_UNIT ( * ) SI_UNIT ( .MILLI., .METRE. ) );
#363 = MECHANICAL_DESIGN_GEOMETRIC_PRESENTATION_REPRESENTATION (  '', ( #365 ), #258 ) ;
#364 = PRESENTATION_LAYER_ASSIGNMENT (  '', '', ( #365 ) ) ;
#365 = STYLED_ITEM ( 'NONE', ( #366 ), #1399 ) ;
#366 = PRESENTATION_STYLE_ASSIGNMENT (( #367 ) ) ;
#367 = SURFACE_STYLE_USAGE ( .BOTH. , #368 ) ;
#368 = SURFACE_SIDE_STYLE ('',( #369 ) ) ;
#369 = SURFACE_STYLE_FILL_AREA ( #370 ) ;
#370 = FILL_AREA_STYLE ('',( #378 ) ) ;
#371 = COLOUR_RGB ( '',1.000000000000000000, 1.000000000000000000, 1.000000000000000000 ) ;
#372 = FACE_OUTER_BOUND ( 'NONE', #1400, .T. ) ;
#373 = DIRECTION ( 'NONE',  ( 1.000000000000000000, 0.0000000000000000000, 0.0000000000000000000 ) ) ;
#374 = DIRECTION ( 'NONE',  ( -0.0000000000000000000, -0.0000000000000000000, -1.000000000000000000 ) ) ;
#375 = CARTESIAN_POINT ( 'NONE',  ( -0.9000000000000000200, 0.4374999999999999400, 0.7624999999999999600 ) ) ;
#376 = AXIS2_PLACEMENT_3D ( 'NONE', #375, #374, #373 ) ;
#377 = CIRCLE ( 'NONE', #376, 0.07499999999999998300 ) ;
#378 = FILL_AREA_STYLE_COLOUR ( '', #371 ) ;
#379 = DIRECTION ( 'NONE',  ( -0.0000000000000000000, -0.0000000000000000000, -1.000000000000000000 ) ) ;
#380 = VECTOR ( 'NONE', #379, 1000.000000000000000 ) ;
#381 = CARTESIAN_POINT ( 'NONE',  ( -0.9184913942346189000, 0.4451202584772367400, 1.137500000000000000 ) ) ;
#382 = LINE ( 'NONE', #381, #380 ) ;
#383 =( LENGTH_UNIT ( ) NAMED_UNIT ( * ) SI_UNIT ( .MILLI., .METRE. ) );
#384 = MECHANICAL_DESIGN_GEOMETRIC_PRESENTATION_REPRESENTATION (  '', ( #386 ), #349 ) ;
#385 = PRESENTATION_LAYER_ASSIGNMENT (  '', '', ( #386 ) ) ;
#386 = STYLED_ITEM ( 'NONE', ( #387 ), #1418 ) ;
#387 = PRESENTATION_STYLE_ASSIGNMENT (( #388 ) ) ;
#388 = SURFACE_STYLE_USAGE ( .BOTH. , #389 ) ;
#389 = SURFACE_SIDE_STYLE ('',( #390 ) ) ;
#390 = SURFACE_STYLE_FILL_AREA ( #391 ) ;
#391 = FILL_AREA_STYLE ('',( #398 ) ) ;
#392 = COLOUR_RGB ( '',1.000000000000000000, 1.000000000000000000, 1.000000000000000000 ) ;
#393 = DIRECTION ( 'NONE',  ( 0.9961946980917455500, 0.08715574274765851300, 0.0000000000000000000 ) ) ;
#394 = DIRECTION ( 'NONE',  ( 0.08715574274765851300, -0.9961946980917455500, 0.0000000000000000000 ) ) ;
#395 = CARTESIAN_POINT ( 'NONE',  ( -1.115005164524712500, 0.02493381726752359400, 1.137500000000000000 ) ) ;
#396 = AXIS2_PLACEMENT_3D ( 'NONE', #395, #394, #393 ) ;
#397 = FACE_OUTER_BOUND ( 'NONE', #1419, .T. ) ;
#398 = FILL_AREA_STYLE_COLOUR ( '', #392 ) ;
#399 = PLANE ( 'NONE',  #396 ) ;
#400 =( GEOMETRIC_REPRESENTATION_CONTEXT ( 3 ) GLOBAL_UNCERTAINTY_ASSIGNED_CONTEXT ( ( #401 ) ) GLOBAL_UNIT_ASSIGNED_CONTEXT ( ( #241, #240, #402 ) ) REPRESENTATION_CONTEXT ( 'NONE', 'WORKASPACE' ) );
#401 = UNCERTAINTY_MEASURE_WITH_UNIT (LENGTH_MEASURE( 1.000000000000000100E-005 ), #241, 'distance_accuracy_value', 'NONE');
#402 =( NAMED_UNIT ( * ) SI_UNIT ( $, .STERADIAN. ) SOLID_ANGLE_UNIT ( ) );
#403 = UNCERTAINTY_MEASURE_WITH_UNIT (LENGTH_MEASURE( 1.000000000000000100E-005 ), #406, 'distance_accuracy_value', 'NONE');
#404 =( NAMED_UNIT ( * ) SI_UNIT ( $, .STERADIAN. ) SOLID_ANGLE_UNIT ( ) );
#405 =( NAMED_UNIT ( * ) PLANE_ANGLE_UNIT ( ) SI_UNIT ( $, .RADIAN. ) );
#406 =( LENGTH_UNIT ( ) NAMED_UNIT ( * ) SI_UNIT ( .MILLI., .METRE. ) );
#407 = MECHANICAL_DESIGN_GEOMETRIC_PRESENTATION_REPRESENTATION (  '', ( #260 ), #432 ) ;
#408 = UNCERTAINTY_MEASURE_WITH_UNIT (LENGTH_MEASURE( 1.000000000000000100E-005 ), #411, 'distance_accuracy_value', 'NONE');
#409 =( NAMED_UNIT ( * ) SI_UNIT ( $, .STERADIAN. ) SOLID_ANGLE_UNIT ( ) );
#410 =( NAMED_UNIT ( * ) PLANE_ANGLE_UNIT ( ) SI_UNIT ( $, .RADIAN. ) );
#411 =( LENGTH_UNIT ( ) NAMED_UNIT ( * ) SI_UNIT ( .MILLI., .METRE. ) );
#412 = MECHANICAL_DESIGN_GEOMETRIC_PRESENTATION_REPRESENTATION (  '', ( #414 ), #299 ) ;
#413 = PRESENTATION_LAYER_ASSIGNMENT (  '', '', ( #414 ) ) ;
#414 = STYLED_ITEM ( 'NONE', ( #415 ), #1366 ) ;
#415 = PRESENTATION_STYLE_ASSIGNMENT (( #416 ) ) ;
#416 = SURFACE_STYLE_USAGE ( .BOTH. , #417 ) ;
#417 = SURFACE_SIDE_STYLE ('',( #418 ) ) ;
#418 = SURFACE_STYLE_FILL_AREA ( #419 ) ;
#419 = FILL_AREA_STYLE ('',( #426 ) ) ;
#420 = COLOUR_RGB ( '',1.000000000000000000, 1.000000000000000000, 1.000000000000000000 ) ;
#421 = FACE_OUTER_BOUND ( 'NONE', #1367, .T. ) ;
#422 = DIRECTION ( 'NONE',  ( -0.0000000000000000000, -0.0000000000000000000, -1.000000000000000000 ) ) ;
#423 = VECTOR ( 'NONE', #422, 1000.000000000000000 ) ;
#424 = CARTESIAN_POINT ( 'NONE',  ( -0.9184913942346189000, 0.4451202584772367400, 0.1875000000000000000 ) ) ;
#425 = LINE ( 'NONE', #424, #423 ) ;
#426 = FILL_AREA_STYLE_COLOUR ( '', #420 ) ;
#427 = DIRECTION ( 'NONE',  ( 0.0000000000000000000, 0.0000000000000000000, 1.000000000000000000 ) ) ;
#428 = DIRECTION ( 'NONE',  ( 0.0000000000000000000, 1.000000000000000000, -0.0000000000000000000 ) ) ;
#429 = CARTESIAN_POINT ( 'NONE',  ( -0.6500000000000000200, 0.5124999999999999600, 0.1875000000000000000 ) ) ;
#430 = AXIS2_PLACEMENT_3D ( 'NONE', #429, #428, #427 ) ;
#431 = PLANE ( 'NONE',  #430 ) ;
#432 =( GEOMETRIC_REPRESENTATION_CONTEXT ( 3 ) GLOBAL_UNCERTAINTY_ASSIGNED_CONTEXT ( ( #403 ) ) GLOBAL_UNIT_ASSIGNED_CONTEXT ( ( #406, #405, #404 ) ) REPRESENTATION_CONTEXT ( 'NONE', 'WORKASPACE' ) );
#433 = VERTEX_POINT ( 'NONE', #1481 ) ;
#434 = EDGE_CURVE ( 'NONE', #467, #442, #1480, .T. ) ;
#435 = EDGE_CURVE ( 'NONE', #433, #436, #1476, .T. ) ;
#436 = VERTEX_POINT ( 'NONE', #1472 ) ;
#437 = ORIENTED_EDGE ( 'NONE', *, *, #435, .F. ) ;
#438 = EDGE_CURVE ( 'NONE', #582, #573, #1471, .T. ) ;
#439 = ORIENTED_EDGE ( 'NONE', *, *, #572, .T. ) ;
#440 = ORIENTED_EDGE ( 'NONE', *, *, #441, .T. ) ;
#441 = EDGE_CURVE ( 'NONE', #514, #442, #1467, .T. ) ;
#442 = VERTEX_POINT ( 'NONE', #1463 ) ;
#443 = ORIENTED_EDGE ( 'NONE', *, *, #434, .F. ) ;
#444 = VERTEX_POINT ( 'NONE', #1417 ) ;
#445 = ORIENTED_EDGE ( 'NONE', *, *, #446, .F. ) ;
#446 = EDGE_CURVE ( 'NONE', #478, #444, #1416, .T. ) ;
#447 = ADVANCED_FACE ( 'NONE', ( #1412 ), #1411, .T. ) ;
#448 = EDGE_LOOP ( 'NONE', ( #546, #612, #437, #659 ) ) ;
#449 = EDGE_CURVE ( 'NONE', #698, #527, #1382, .T. ) ;
#450 = ORIENTED_EDGE ( 'NONE', *, *, #451, .T. ) ;
#451 = EDGE_CURVE ( 'NONE', #698, #452, #1378, .T. ) ;
#452 = VERTEX_POINT ( 'NONE', #1374 ) ;
#453 = ORIENTED_EDGE ( 'NONE', *, *, #454, .T. ) ;
#454 = EDGE_CURVE ( 'NONE', #452, #592, #1372, .T. ) ;
#455 = ADVANCED_FACE ( 'NONE', ( #1452 ), #1516, .F. ) ;
#456 = EDGE_LOOP ( 'NONE', ( #457, #458, #460, #461, #465, #466, #439, #440, #443, #468 ) ) ;
#457 = ORIENTED_EDGE ( 'NONE', *, *, #747, .T. ) ;
#458 = ORIENTED_EDGE ( 'NONE', *, *, #459, .T. ) ;
#459 = EDGE_CURVE ( 'NONE', #744, #553, #1573, .T. ) ;
#460 = ORIENTED_EDGE ( 'NONE', *, *, #552, .T. ) ;
#461 = ORIENTED_EDGE ( 'NONE', *, *, #464, .T. ) ;
#462 = ORIENTED_EDGE ( 'NONE', *, *, #463, .T. ) ;
#463 = EDGE_CURVE ( 'NONE', #761, #527, #1569, .T. ) ;
#464 = EDGE_CURVE ( 'NONE', #550, #668, #1565, .T. ) ;
#465 = ORIENTED_EDGE ( 'NONE', *, *, #584, .T. ) ;
#466 = ORIENTED_EDGE ( 'NONE', *, *, #438, .T. ) ;
#467 = VERTEX_POINT ( 'NONE', #1561 ) ;
#468 = ORIENTED_EDGE ( 'NONE', *, *, #469, .T. ) ;
#469 = EDGE_CURVE ( 'NONE', #467, #748, #1560, .T. ) ;
#470 = ADVANCED_FACE ( 'NONE', ( #1556 ), #1540, .T. ) ;
#471 = EDGE_LOOP ( 'NONE', ( #472, #473, #476, #479 ) ) ;
#472 = ORIENTED_EDGE ( 'NONE', *, *, #434, .T. ) ;
#473 = ORIENTED_EDGE ( 'NONE', *, *, #474, .T. ) ;
#474 = EDGE_CURVE ( 'NONE', #442, #475, #1533, .T. ) ;
#475 = VERTEX_POINT ( 'NONE', #1535 ) ;
#476 = ORIENTED_EDGE ( 'NONE', *, *, #477, .F. ) ;
#477 = EDGE_CURVE ( 'NONE', #478, #475, #1534, .T. ) ;
#478 = VERTEX_POINT ( 'NONE', #1394 ) ;
#479 = ORIENTED_EDGE ( 'NONE', *, *, #481, .T. ) ;
#480 = EDGE_LOOP ( 'NONE', ( #483, #484, #487, #445 ) ) ;
#481 = EDGE_CURVE ( 'NONE', #478, #467, #1508, .T. ) ;
#482 = ADVANCED_FACE ( 'NONE', ( #1393 ), #1502, .F. ) ;
#483 = ORIENTED_EDGE ( 'NONE', *, *, #477, .T. ) ;
#484 = ORIENTED_EDGE ( 'NONE', *, *, #485, .T. ) ;
#485 = EDGE_CURVE ( 'NONE', #475, #486, #1581, .T. ) ;
#486 = VERTEX_POINT ( 'NONE', #1640 ) ;
#487 = ORIENTED_EDGE ( 'NONE', *, *, #488, .F. ) ;
#488 = EDGE_CURVE ( 'NONE', #444, #486, #1636, .T. ) ;
#489 = ORIENTED_EDGE ( 'NONE', *, *, #765, .F. ) ;
#490 = ORIENTED_EDGE ( 'NONE', *, *, #687, .F. ) ;
#491 = ADVANCED_FACE ( 'NONE', ( #1606 ), #1637, .F. ) ;
#492 = ORIENTED_EDGE ( 'NONE', *, *, #493, .F. ) ;
#493 = EDGE_CURVE ( 'NONE', #774, #778, #1682, .T. ) ;
#494 = ADVANCED_FACE ( 'NONE', ( #1674 ), #1654, .F. ) ;
#495 = EDGE_LOOP ( 'NONE', ( #496, #682, #779, #782 ) ) ;
#496 = ORIENTED_EDGE ( 'NONE', *, *, #718, .T. ) ;
#497 = ADVANCED_FACE ( 'NONE', ( #1652, #1647 ), #1663, .F. ) ;
#498 = ORIENTED_EDGE ( 'NONE', *, *, #678, .F. ) ;
#499 = ORIENTED_EDGE ( 'NONE', *, *, #510, .F. ) ;
#500 = ORIENTED_EDGE ( 'NONE', *, *, #765, .T. ) ;
#501 = VERTEX_POINT ( 'NONE', #1662 ) ;
#502 = ORIENTED_EDGE ( 'NONE', *, *, #503, .T. ) ;
#503 = EDGE_CURVE ( 'NONE', #501, #504, #1661, .T. ) ;
#504 = VERTEX_POINT ( 'NONE', #1748 ) ;
#505 = ORIENTED_EDGE ( 'NONE', *, *, #506, .T. ) ;
#506 = EDGE_CURVE ( 'NONE', #504, #507, #1747, .T. ) ;
#507 = VERTEX_POINT ( 'NONE', #1742 ) ;
#508 = VERTEX_POINT ( 'NONE', #1741 ) ;
#509 = ORIENTED_EDGE ( 'NONE', *, *, #438, .F. ) ;
#510 = EDGE_CURVE ( 'NONE', #688, #511, #1740, .T. ) ;
#511 = VERTEX_POINT ( 'NONE', #1736 ) ;
#512 = ORIENTED_EDGE ( 'NONE', *, *, #513, .T. ) ;
#513 = EDGE_CURVE ( 'NONE', #511, #514, #1735, .T. ) ;
#514 = VERTEX_POINT ( 'NONE', #1731 ) ;
#515 = VERTEX_POINT ( 'NONE', #1730 ) ;
#516 = ORIENTED_EDGE ( 'NONE', *, *, #517, .T. ) ;
#517 = EDGE_CURVE ( 'NONE', #515, #518, #1729, .T. ) ;
#518 = VERTEX_POINT ( 'NONE', #1782 ) ;
#519 = ORIENTED_EDGE ( 'NONE', *, *, #520, .F. ) ;
#520 = EDGE_CURVE ( 'NONE', #521, #518, #1781, .T. ) ;
#521 = VERTEX_POINT ( 'NONE', #1777 ) ;
#522 = ORIENTED_EDGE ( 'NONE', *, *, #523, .F. ) ;
#523 = EDGE_CURVE ( 'NONE', #524, #521, #1776, .T. ) ;
#524 = VERTEX_POINT ( 'NONE', #1772 ) ;
#525 = EDGE_CURVE ( 'NONE', #553, #555, #1771, .T. ) ;
#526 = EDGE_LOOP ( 'NONE', ( #772, #775, #776, #492 ) ) ;
#527 = VERTEX_POINT ( 'NONE', #1767 ) ;
#528 = ORIENTED_EDGE ( 'NONE', *, *, #449, .F. ) ;
#529 = EDGE_LOOP ( 'NONE', ( #925, #977, #926, #531 ) ) ;
#530 = ORIENTED_EDGE ( 'NONE', *, *, #631, .F. ) ;
#531 = ORIENTED_EDGE ( 'NONE', *, *, #532, .T. ) ;
#532 = EDGE_CURVE ( 'NONE', #978, #892, #1766, .T. ) ;
#533 = EDGE_LOOP ( 'NONE', ( #948, #979, #888, #891 ) ) ;
#534 = ORIENTED_EDGE ( 'NONE', *, *, #535, .F. ) ;
#535 = EDGE_CURVE ( 'NONE', #536, #638, #1762, .T. ) ;
#536 = VERTEX_POINT ( 'NONE', #1758 ) ;
#537 = ORIENTED_EDGE ( 'NONE', *, *, #538, .F. ) ;
#538 = EDGE_CURVE ( 'NONE', #539, #536, #1757, .T. ) ;
#539 = VERTEX_POINT ( 'NONE', #1753 ) ;
#540 = ORIENTED_EDGE ( 'NONE', *, *, #541, .F. ) ;
#541 = EDGE_CURVE ( 'NONE', #736, #539, #1752, .T. ) ;
#542 = ORIENTED_EDGE ( 'NONE', *, *, #543, .F. ) ;
#543 = EDGE_CURVE ( 'NONE', #544, #739, #1722, .T. ) ;
#544 = VERTEX_POINT ( 'NONE', #1717 ) ;
#545 = ORIENTED_EDGE ( 'NONE', *, *, #717, .T. ) ;
#546 = ORIENTED_EDGE ( 'NONE', *, *, #488, .T. ) ;
#547 = VERTEX_POINT ( 'NONE', #1716 ) ;
#548 = ORIENTED_EDGE ( 'NONE', *, *, #549, .F. ) ;
#549 = EDGE_CURVE ( 'NONE', #550, #547, #1715, .T. ) ;
#550 = VERTEX_POINT ( 'NONE', #1711 ) ;
#551 = ORIENTED_EDGE ( 'NONE', *, *, #552, .F. ) ;
#552 = EDGE_CURVE ( 'NONE', #553, #550, #1710, .T. ) ;
#553 = VERTEX_POINT ( 'NONE', #1706 ) ;
#554 = ORIENTED_EDGE ( 'NONE', *, *, #525, .T. ) ;
#555 = VERTEX_POINT ( 'NONE', #1705 ) ;
#556 = ORIENTED_EDGE ( 'NONE', *, *, #557, .T. ) ;
#557 = EDGE_CURVE ( 'NONE', #524, #558, #1704, .T. ) ;
#558 = VERTEX_POINT ( 'NONE', #1700 ) ;
#559 = ORIENTED_EDGE ( 'NONE', *, *, #560, .T. ) ;
#560 = EDGE_CURVE ( 'NONE', #558, #561, #1699, .T. ) ;
#561 = VERTEX_POINT ( 'NONE', #1695 ) ;
#562 = ORIENTED_EDGE ( 'NONE', *, *, #563, .F. ) ;
#563 = EDGE_CURVE ( 'NONE', #564, #561, #1603, .T. ) ;
#564 = VERTEX_POINT ( 'NONE', #1599 ) ;
#565 = ORIENTED_EDGE ( 'NONE', *, *, #566, .F. ) ;
#566 = EDGE_CURVE ( 'NONE', #567, #564, #1598, .T. ) ;
#567 = VERTEX_POINT ( 'NONE', #1594 ) ;
#568 = VERTEX_POINT ( 'NONE', #1593 ) ;
#569 = ORIENTED_EDGE ( 'NONE', *, *, #570, .T. ) ;
#570 = EDGE_CURVE ( 'NONE', #568, #515, #1592, .T. ) ;
#571 = ORIENTED_EDGE ( 'NONE', *, *, #572, .F. ) ;
#572 = EDGE_CURVE ( 'NONE', #573, #514, #1588, .T. ) ;
#573 = VERTEX_POINT ( 'NONE', #1614 ) ;
#574 = ORIENTED_EDGE ( 'NONE', *, *, #575, .T. ) ;
#575 = EDGE_CURVE ( 'NONE', #573, #576, #1613, .T. ) ;
#576 = VERTEX_POINT ( 'NONE', #1609 ) ;
#577 = ORIENTED_EDGE ( 'NONE', *, *, #578, .T. ) ;
#578 = EDGE_CURVE ( 'NONE', #576, #579, #1624, .T. ) ;
#579 = VERTEX_POINT ( 'NONE', #1620 ) ;
#580 = ORIENTED_EDGE ( 'NONE', *, *, #581, .F. ) ;
#581 = EDGE_CURVE ( 'NONE', #582, #579, #1619, .T. ) ;
#582 = VERTEX_POINT ( 'NONE', #1615 ) ;
#583 = ORIENTED_EDGE ( 'NONE', *, *, #584, .F. ) ;
#584 = EDGE_CURVE ( 'NONE', #668, #582, #1582, .T. ) ;
#585 = ORIENTED_EDGE ( 'NONE', *, *, #586, .T. ) ;
#586 = EDGE_CURVE ( 'NONE', #555, #745, #1983, .T. ) ;
#587 = ADVANCED_FACE ( 'NONE', ( #1783 ), #1961, .F. ) ;
#588 = EDGE_LOOP ( 'NONE', ( #589, #593, #569, #516, #519, #522, #556, #559, #562, #565, #697, #699, #462, #528, #450, #453 ) ) ;
#589 = ORIENTED_EDGE ( 'NONE', *, *, #590, .F. ) ;
#590 = EDGE_CURVE ( 'NONE', #591, #592, #1792, .T. ) ;
#591 = VERTEX_POINT ( 'NONE', #1784 ) ;
#592 = VERTEX_POINT ( 'NONE', #1785 ) ;
#593 = ORIENTED_EDGE ( 'NONE', *, *, #594, .F. ) ;
#594 = EDGE_CURVE ( 'NONE', #568, #591, #1978, .T. ) ;
#595 = ADVANCED_FACE ( 'NONE', ( #1974 ), #1829, .F. ) ;
#596 = ORIENTED_EDGE ( 'NONE', *, *, #738, .T. ) ;
#597 = ORIENTED_EDGE ( 'NONE', *, *, #623, .F. ) ;
#598 = ORIENTED_EDGE ( 'NONE', *, *, #599, .F. ) ;
#599 = EDGE_CURVE ( 'NONE', #603, #638, #1812, .T. ) ;
#600 = ORIENTED_EDGE ( 'NONE', *, *, #602, .F. ) ;
#601 = ORIENTED_EDGE ( 'NONE', *, *, #602, .T. ) ;
#602 = EDGE_CURVE ( 'NONE', #630, #603, #1804, .T. ) ;
#603 = VERTEX_POINT ( 'NONE', #1800 ) ;
#604 = ORIENTED_EDGE ( 'NONE', *, *, #631, .T. ) ;
#605 = ADVANCED_FACE ( 'NONE', ( #1955 ), #1939, .F. ) ;
#606 = ORIENTED_EDGE ( 'NONE', *, *, #541, .T. ) ;
#607 = ORIENTED_EDGE ( 'NONE', *, *, #608, .F. ) ;
#608 = EDGE_CURVE ( 'NONE', #641, #539, #1934, .T. ) ;
#609 = ORIENTED_EDGE ( 'NONE', *, *, #640, .F. ) ;
#610 = ORIENTED_EDGE ( 'NONE', *, *, #623, .T. ) ;
#611 = EDGE_CURVE ( 'NONE', #567, #508, #1930, .T. ) ;
#612 = ORIENTED_EDGE ( 'NONE', *, *, #770, .T. ) ;
#613 = ADVANCED_FACE ( 'NONE', ( #1925 ), #1910, .F. ) ;
#614 = EDGE_LOOP ( 'NONE', ( #615, #616, #703, #704 ) ) ;
#615 = ORIENTED_EDGE ( 'NONE', *, *, #538, .T. ) ;
#616 = ORIENTED_EDGE ( 'NONE', *, *, #702, .F. ) ;
#617 = ORIENTED_EDGE ( 'NONE', *, *, #618, .F. ) ;
#618 = EDGE_CURVE ( 'NONE', #619, #544, #1878, .T. ) ;
#619 = VERTEX_POINT ( 'NONE', #1874 ) ;
#620 = ORIENTED_EDGE ( 'NONE', *, *, #621, .F. ) ;
#621 = EDGE_CURVE ( 'NONE', #778, #619, #1872, .T. ) ;
#622 = ORIENTED_EDGE ( 'NONE', *, *, #777, .F. ) ;
#623 = EDGE_CURVE ( 'NONE', #627, #736, #1873, .T. ) ;
#624 = ORIENTED_EDGE ( 'NONE', *, *, #639, .F. ) ;
#625 = ORIENTED_EDGE ( 'NONE', *, *, #712, .T. ) ;
#626 = EDGE_LOOP ( 'NONE', ( #606, #607, #609, #610 ) ) ;
#627 = VERTEX_POINT ( 'NONE', #1864 ) ;
#628 = ORIENTED_EDGE ( 'NONE', *, *, #629, .T. ) ;
#629 = EDGE_CURVE ( 'NONE', #641, #630, #1863, .T. ) ;
#630 = VERTEX_POINT ( 'NONE', #1859 ) ;
#631 = EDGE_CURVE ( 'NONE', #603, #781, #1857, .T. ) ;
#632 = ADVANCED_FACE ( 'NONE', ( #1894 ), #1904, .T. ) ;
#633 = EDGE_LOOP ( 'NONE', ( #634, #635, #636, #534, #537, #540, #737, #542, #617, #620, #622 ) ) ;
#634 = ORIENTED_EDGE ( 'NONE', *, *, #557, .F. ) ;
#635 = ORIENTED_EDGE ( 'NONE', *, *, #718, .F. ) ;
#636 = ORIENTED_EDGE ( 'NONE', *, *, #637, .F. ) ;
#637 = EDGE_CURVE ( 'NONE', #638, #719, #1899, .T. ) ;
#638 = VERTEX_POINT ( 'NONE', #1853 ) ;
#639 = EDGE_CURVE ( 'NONE', #507, #627, #1852, .T. ) ;
#640 = EDGE_CURVE ( 'NONE', #627, #641, #1848, .T. ) ;
#641 = VERTEX_POINT ( 'NONE', #1844 ) ;
#642 = ADVANCED_FACE ( 'NONE', ( #1843 ), #1793, .F. ) ;
#643 = EDGE_LOOP ( 'NONE', ( #644, #645, #647, #648 ) ) ;
#644 = ORIENTED_EDGE ( 'NONE', *, *, #621, .T. ) ;
#645 = ORIENTED_EDGE ( 'NONE', *, *, #646, .F. ) ;
#646 = EDGE_CURVE ( 'NONE', #501, #619, #1824, .T. ) ;
#647 = ORIENTED_EDGE ( 'NONE', *, *, #790, .F. ) ;
#648 = ORIENTED_EDGE ( 'NONE', *, *, #493, .T. ) ;
#649 = EDGE_LOOP ( 'NONE', ( #650, #652, #653, #654, #655, #656 ) ) ;
#650 = ORIENTED_EDGE ( 'NONE', *, *, #651, .T. ) ;
#651 = EDGE_CURVE ( 'NONE', #514, #761, #2074, .T. ) ;
#652 = ORIENTED_EDGE ( 'NONE', *, *, #665, .F. ) ;
#653 = ORIENTED_EDGE ( 'NONE', *, *, #770, .F. ) ;
#654 = ORIENTED_EDGE ( 'NONE', *, *, #485, .F. ) ;
#655 = ORIENTED_EDGE ( 'NONE', *, *, #474, .F. ) ;
#656 = ORIENTED_EDGE ( 'NONE', *, *, #441, .F. ) ;
#657 = ADVANCED_FACE ( 'NONE', ( #2092 ), #2100, .F. ) ;
#658 = ORIENTED_EDGE ( 'NONE', *, *, #639, .T. ) ;
#659 = ORIENTED_EDGE ( 'NONE', *, *, #660, .T. ) ;
#660 = EDGE_CURVE ( 'NONE', #433, #444, #2094, .T. ) ;
#661 = ADVANCED_FACE ( 'NONE', ( #2194 ), #2175, .F. ) ;
#662 = EDGE_LOOP ( 'NONE', ( #663, #664, #666, #667, #763, #764, #754, #755, #757, #758 ) ) ;
#663 = ORIENTED_EDGE ( 'NONE', *, *, #435, .T. ) ;
#664 = ORIENTED_EDGE ( 'NONE', *, *, #665, .T. ) ;
#665 = EDGE_CURVE ( 'NONE', #436, #761, #2071, .T. ) ;
#666 = ORIENTED_EDGE ( 'NONE', *, *, #760, .F. ) ;
#667 = ORIENTED_EDGE ( 'NONE', *, *, #762, .F. ) ;
#668 = VERTEX_POINT ( 'NONE', #2063 ) ;
#669 = ADVANCED_FACE ( 'NONE', ( #2064 ), #2141, .F. ) ;
#670 = ORIENTED_EDGE ( 'NONE', *, *, #671, .F. ) ;
#671 = EDGE_CURVE ( 'NONE', #672, #673, #2136, .T. ) ;
#672 = VERTEX_POINT ( 'NONE', #2131 ) ;
#673 = VERTEX_POINT ( 'NONE', #2130 ) ;
#674 = ORIENTED_EDGE ( 'NONE', *, *, #675, .T. ) ;
#675 = EDGE_CURVE ( 'NONE', #672, #676, #2129, .T. ) ;
#676 = VERTEX_POINT ( 'NONE', #2125 ) ;
#677 = ORIENTED_EDGE ( 'NONE', *, *, #678, .T. ) ;
#678 = EDGE_CURVE ( 'NONE', #676, #679, #2124, .T. ) ;
#679 = VERTEX_POINT ( 'NONE', #2119 ) ;
#680 = ORIENTED_EDGE ( 'NONE', *, *, #740, .F. ) ;
#681 = EDGE_LOOP ( 'NONE', ( #742, #746, #749, #689, #512, #571, #574, #577, #580, #583, #692, #695, #548, #551, #554, #585 ) ) ;
#682 = ORIENTED_EDGE ( 'NONE', *, *, #523, .T. ) ;
#683 = ADVANCED_FACE ( 'NONE', ( #2118 ), #2059, .F. ) ;
#684 = EDGE_LOOP ( 'NONE', ( #685, #686, #489, #490 ) ) ;
#685 = ORIENTED_EDGE ( 'NONE', *, *, #730, .T. ) ;
#686 = ORIENTED_EDGE ( 'NONE', *, *, #451, .F. ) ;
#687 = EDGE_CURVE ( 'NONE', #748, #688, #2054, .T. ) ;
#688 = VERTEX_POINT ( 'NONE', #2047 ) ;
#689 = ORIENTED_EDGE ( 'NONE', *, *, #510, .T. ) ;
#690 = MANIFOLD_SOLID_BREP ( 'NONE', #1496 ) ;
#691 = EDGE_LOOP ( 'NONE', ( #670, #674, #677, #680 ) ) ;
#692 = ORIENTED_EDGE ( 'NONE', *, *, #693, .T. ) ;
#693 = EDGE_CURVE ( 'NONE', #668, #694, #2005, .T. ) ;
#694 = VERTEX_POINT ( 'NONE', #2001 ) ;
#695 = ORIENTED_EDGE ( 'NONE', *, *, #696, .T. ) ;
#696 = EDGE_CURVE ( 'NONE', #694, #547, #2000, .T. ) ;
#697 = ORIENTED_EDGE ( 'NONE', *, *, #611, .T. ) ;
#698 = VERTEX_POINT ( 'NONE', #1996 ) ;
#699 = ORIENTED_EDGE ( 'NONE', *, *, #760, .T. ) ;
#700 = ADVANCED_FACE ( 'NONE', ( #1995 ), #2076, .F. ) ;
#701 = EDGE_LOOP ( 'NONE', ( #715, #716, #733, #734 ) ) ;
#702 = EDGE_CURVE ( 'NONE', #630, #536, #2041, .T. ) ;
#703 = ORIENTED_EDGE ( 'NONE', *, *, #629, .F. ) ;
#704 = ORIENTED_EDGE ( 'NONE', *, *, #608, .T. ) ;
#705 = ADVANCED_FACE ( 'NONE', ( #2037 ), #2022, .F. ) ;
#706 = EDGE_LOOP ( 'NONE', ( #707, #598, #600, #980 ) ) ;
#707 = ORIENTED_EDGE ( 'NONE', *, *, #535, .T. ) ;
#708 = ORIENTED_EDGE ( 'NONE', *, *, #640, .T. ) ;
#709 = EDGE_LOOP ( 'NONE', ( #710, #711, #713, #545 ) ) ;
#710 = ORIENTED_EDGE ( 'NONE', *, *, #543, .T. ) ;
#711 = ORIENTED_EDGE ( 'NONE', *, *, #712, .F. ) ;
#712 = EDGE_CURVE ( 'NONE', #507, #739, #2173, .T. ) ;
#713 = ORIENTED_EDGE ( 'NONE', *, *, #506, .F. ) ;
#714 = EDGE_LOOP ( 'NONE', ( #596, #597, #624, #625 ) ) ;
#715 = ORIENTED_EDGE ( 'NONE', *, *, #618, .T. ) ;
#716 = ORIENTED_EDGE ( 'NONE', *, *, #717, .F. ) ;
#717 = EDGE_CURVE ( 'NONE', #504, #544, #2169, .T. ) ;
#718 = EDGE_CURVE ( 'NONE', #719, #524, #2165, .T. ) ;
#719 = VERTEX_POINT ( 'NONE', #2161 ) ;
#720 = ORIENTED_EDGE ( 'NONE', *, *, #768, .T. ) ;
#721 = ORIENTED_EDGE ( 'NONE', *, *, #463, .F. ) ;
#722 = ORIENTED_EDGE ( 'NONE', *, *, #651, .F. ) ;
#723 = ORIENTED_EDGE ( 'NONE', *, *, #513, .F. ) ;
#724 = EDGE_LOOP ( 'NONE', ( #725, #726, #727, #728, #729, #731 ) ) ;
#725 = ORIENTED_EDGE ( 'NONE', *, *, #481, .F. ) ;
#726 = ORIENTED_EDGE ( 'NONE', *, *, #446, .T. ) ;
#727 = ORIENTED_EDGE ( 'NONE', *, *, #660, .F. ) ;
#728 = ORIENTED_EDGE ( 'NONE', *, *, #759, .F. ) ;
#729 = ORIENTED_EDGE ( 'NONE', *, *, #730, .F. ) ;
#730 = EDGE_CURVE ( 'NONE', #748, #452, #2159, .T. ) ;
#731 = ORIENTED_EDGE ( 'NONE', *, *, #469, .F. ) ;
#732 = ADVANCED_FACE ( 'NONE', ( #2155 ), #2318, .F. ) ;
#733 = ORIENTED_EDGE ( 'NONE', *, *, #503, .F. ) ;
#734 = ORIENTED_EDGE ( 'NONE', *, *, #646, .T. ) ;
#735 = ADVANCED_FACE ( 'NONE', ( #2317 ), #2262, .T. ) ;
#736 = VERTEX_POINT ( 'NONE', #2261 ) ;
#737 = ORIENTED_EDGE ( 'NONE', *, *, #738, .F. ) ;
#738 = EDGE_CURVE ( 'NONE', #739, #736, #2256, .T. ) ;
#739 = VERTEX_POINT ( 'NONE', #2252 ) ;
#740 = EDGE_CURVE ( 'NONE', #673, #679, #2250, .T. ) ;
#741 = ADVANCED_FACE ( 'NONE', ( #2246 ), #2231, .F. ) ;
#742 = ORIENTED_EDGE ( 'NONE', *, *, #743, .F. ) ;
#743 = EDGE_CURVE ( 'NONE', #744, #745, #2221, .T. ) ;
#744 = VERTEX_POINT ( 'NONE', #2214 ) ;
#745 = VERTEX_POINT ( 'NONE', #2213 ) ;
#746 = ORIENTED_EDGE ( 'NONE', *, *, #747, .F. ) ;
#747 = EDGE_CURVE ( 'NONE', #748, #744, #2212, .T. ) ;
#748 = VERTEX_POINT ( 'NONE', #2208 ) ;
#749 = ORIENTED_EDGE ( 'NONE', *, *, #687, .T. ) ;
#750 = ORIENTED_EDGE ( 'NONE', *, *, #751, .F. ) ;
#751 = EDGE_CURVE ( 'NONE', #679, #676, #2207, .T. ) ;
#752 = EDGE_LOOP ( 'NONE', ( #499, #500, #766, #767 ) ) ;
#753 = EDGE_CURVE ( 'NONE', #518, #558, #2202, .T. ) ;
#754 = ORIENTED_EDGE ( 'NONE', *, *, #517, .F. ) ;
#755 = ORIENTED_EDGE ( 'NONE', *, *, #756, .F. ) ;
#756 = EDGE_CURVE ( 'NONE', #592, #515, #2198, .T. ) ;
#757 = ORIENTED_EDGE ( 'NONE', *, *, #454, .F. ) ;
#758 = ORIENTED_EDGE ( 'NONE', *, *, #759, .T. ) ;
#759 = EDGE_CURVE ( 'NONE', #452, #433, #2301, .T. ) ;
#760 = EDGE_CURVE ( 'NONE', #508, #761, #2297, .T. ) ;
#761 = VERTEX_POINT ( 'NONE', #2293 ) ;
#762 = EDGE_CURVE ( 'NONE', #561, #508, #2292, .T. ) ;
#763 = ORIENTED_EDGE ( 'NONE', *, *, #560, .F. ) ;
#764 = ORIENTED_EDGE ( 'NONE', *, *, #753, .F. ) ;
#765 = EDGE_CURVE ( 'NONE', #688, #698, #2288, .T. ) ;
#766 = ORIENTED_EDGE ( 'NONE', *, *, #449, .T. ) ;
#767 = ORIENTED_EDGE ( 'NONE', *, *, #768, .F. ) ;
#768 = EDGE_CURVE ( 'NONE', #511, #527, #2284, .T. ) ;
#769 = ADVANCED_FACE ( 'NONE', ( #2279 ), #2384, .F. ) ;
#770 = EDGE_CURVE ( 'NONE', #486, #436, #2226, .T. ) ;
#771 = EDGE_LOOP ( 'NONE', ( #720, #721, #722, #723 ) ) ;
#772 = ORIENTED_EDGE ( 'NONE', *, *, #773, .F. ) ;
#773 = EDGE_CURVE ( 'NONE', #518, #774, #2379, .T. ) ;
#774 = VERTEX_POINT ( 'NONE', #2375 ) ;
#775 = ORIENTED_EDGE ( 'NONE', *, *, #753, .T. ) ;
#776 = ORIENTED_EDGE ( 'NONE', *, *, #777, .T. ) ;
#777 = EDGE_CURVE ( 'NONE', #558, #778, #2374, .T. ) ;
#778 = VERTEX_POINT ( 'NONE', #2370 ) ;
#779 = ORIENTED_EDGE ( 'NONE', *, *, #780, .F. ) ;
#780 = EDGE_CURVE ( 'NONE', #781, #521, #2369, .T. ) ;
#781 = VERTEX_POINT ( 'NONE', #2365 ) ;
#782 = ORIENTED_EDGE ( 'NONE', *, *, #783, .T. ) ;
#783 = EDGE_CURVE ( 'NONE', #781, #719, #2363, .T. ) ;
#784 = ADVANCED_FACE ( 'NONE', ( #2359 ), #2409, .F. ) ;
#785 = EDGE_LOOP ( 'NONE', ( #786, #787, #788, #789, #502, #505, #658, #708, #628, #601, #604 ) ) ;
#786 = ORIENTED_EDGE ( 'NONE', *, *, #780, .T. ) ;
#787 = ORIENTED_EDGE ( 'NONE', *, *, #520, .T. ) ;
#788 = ORIENTED_EDGE ( 'NONE', *, *, #773, .T. ) ;
#789 = ORIENTED_EDGE ( 'NONE', *, *, #790, .T. ) ;
#790 = EDGE_CURVE ( 'NONE', #774, #501, #2408, .T. ) ;
#791 = EDGE_LOOP ( 'NONE', ( #750, #498 ) ) ;
#792 = VERTEX_POINT ( 'NONE', #2399 ) ;
#793 = ADVANCED_FACE ( 'NONE', ( #2398 ), #2354, .F. ) ;
#794 = VERTEX_POINT ( 'NONE', #2349 ) ;
#795 = ORIENTED_EDGE ( 'NONE', *, *, #796, .T. ) ;
#796 = EDGE_CURVE ( 'NONE', #794, #797, #2348, .T. ) ;
#797 = VERTEX_POINT ( 'NONE', #2344 ) ;
#798 = VERTEX_POINT ( 'NONE', #2343 ) ;
#799 = ORIENTED_EDGE ( 'NONE', *, *, #863, .F. ) ;
#800 = ORIENTED_EDGE ( 'NONE', *, *, #989, .T. ) ;
#801 = ADVANCED_FACE ( 'NONE', ( #2342 ), #2497, .F. ) ;
#802 = EDGE_LOOP ( 'NONE', ( #803, #804, #806, #807 ) ) ;
#803 = ORIENTED_EDGE ( 'NONE', *, *, #868, .T. ) ;
#804 = ORIENTED_EDGE ( 'NONE', *, *, #805, .F. ) ;
#805 = EDGE_CURVE ( 'NONE', #988, #866, #2498, .T. ) ;
#806 = ORIENTED_EDGE ( 'NONE', *, *, #817, .F. ) ;
#807 = ORIENTED_EDGE ( 'NONE', *, *, #938, .T. ) ;
#808 = ADVANCED_FACE ( 'NONE', ( #2531 ), #2624, .F. ) ;
#809 = EDGE_LOOP ( 'NONE', ( #875, #876, #878, #879 ) ) ;
#810 = EDGE_CURVE ( 'NONE', #814, #958, #2464, .T. ) ;
#811 = ADVANCED_FACE ( 'NONE', ( #2465 ), #2573, .T. ) ;
#812 = ORIENTED_EDGE ( 'NONE', *, *, #813, .T. ) ;
#813 = EDGE_CURVE ( 'NONE', #988, #814, #2568, .T. ) ;
#814 = VERTEX_POINT ( 'NONE', #2564 ) ;
#815 = ORIENTED_EDGE ( 'NONE', *, *, #874, .T. ) ;
#816 = ORIENTED_EDGE ( 'NONE', *, *, #989, .F. ) ;
#817 = EDGE_CURVE ( 'NONE', #941, #988, #2562, .T. ) ;
#818 = ADVANCED_FACE ( 'NONE', ( #2558 ), #2602, .F. ) ;
#819 = ADVANCED_FACE ( 'NONE', ( #2600 ), #2446, .T. ) ;
#820 = EDGE_LOOP ( 'NONE', ( #981, #982, #893, #896, #970, #930, #945, #924, #960, #963, #965 ) ) ;
#821 = ORIENTED_EDGE ( 'NONE', *, *, #822, .T. ) ;
#822 = EDGE_CURVE ( 'NONE', #792, #823, #2441, .T. ) ;
#823 = VERTEX_POINT ( 'NONE', #2492 ) ;
#824 = ORIENTED_EDGE ( 'NONE', *, *, #825, .T. ) ;
#825 = EDGE_CURVE ( 'NONE', #823, #968, #2491, .T. ) ;
#826 = ORIENTED_EDGE ( 'NONE', *, *, #827, .F. ) ;
#827 = EDGE_CURVE ( 'NONE', #828, #1016, #2487, .T. ) ;
#828 = VERTEX_POINT ( 'NONE', #2483 ) ;
#829 = ORIENTED_EDGE ( 'NONE', *, *, #942, .F. ) ;
#830 = EDGE_CURVE ( 'NONE', #837, #1013, #2481, .T. ) ;
#831 = ORIENTED_EDGE ( 'NONE', *, *, #836, .F. ) ;
#832 = ORIENTED_EDGE ( 'NONE', *, *, #1006, .T. ) ;
#833 = ADVANCED_FACE ( 'NONE', ( #2477 ), #2615, .F. ) ;
#834 = EDGE_LOOP ( 'NONE', ( #815, #816, #990, #991 ) ) ;
#835 = ORIENTED_EDGE ( 'NONE', *, *, #836, .T. ) ;
#836 = EDGE_CURVE ( 'NONE', #901, #837, #2613, .T. ) ;
#837 = VERTEX_POINT ( 'NONE', #2437 ) ;
#838 = ORIENTED_EDGE ( 'NONE', *, *, #839, .T. ) ;
#839 = EDGE_CURVE ( 'NONE', #837, #840, #2436, .T. ) ;
#840 = VERTEX_POINT ( 'NONE', #2432 ) ;
#841 = ORIENTED_EDGE ( 'NONE', *, *, #863, .T. ) ;
#842 = VERTEX_POINT ( 'NONE', #2431 ) ;
#843 = ORIENTED_EDGE ( 'NONE', *, *, #756, .T. ) ;
#844 = ORIENTED_EDGE ( 'NONE', *, *, #845, .T. ) ;
#845 = EDGE_CURVE ( 'NONE', #515, #846, #2430, .T. ) ;
#846 = VERTEX_POINT ( 'NONE', #2426 ) ;
#847 = ORIENTED_EDGE ( 'NONE', *, *, #1028, .F. ) ;
#848 = ORIENTED_EDGE ( 'NONE', *, *, #994, .F. ) ;
#849 = ORIENTED_EDGE ( 'NONE', *, *, #1033, .T. ) ;
#850 = ADVANCED_FACE ( 'NONE', ( #2425 ), #2521, .F. ) ;
#851 = EDGE_LOOP ( 'NONE', ( #852, #853, #903, #904 ) ) ;
#852 = ORIENTED_EDGE ( 'NONE', *, *, #946, .T. ) ;
#853 = ORIENTED_EDGE ( 'NONE', *, *, #1027, .F. ) ;
#854 = VERTEX_POINT ( 'NONE', #2516 ) ;
#855 = VERTEX_POINT ( 'NONE', #2515 ) ;
#856 = EDGE_LOOP ( 'NONE', ( #857, #858, #860, #861 ) ) ;
#857 = ORIENTED_EDGE ( 'NONE', *, *, #942, .T. ) ;
#858 = ORIENTED_EDGE ( 'NONE', *, *, #859, .F. ) ;
#859 = EDGE_CURVE ( 'NONE', #898, #828, #2514, .T. ) ;
#860 = ORIENTED_EDGE ( 'NONE', *, *, #1059, .F. ) ;
#861 = ORIENTED_EDGE ( 'NONE', *, *, #1028, .T. ) ;
#862 = EDGE_LOOP ( 'NONE', ( #1004, #1005, #1007, #1008 ) ) ;
#863 = EDGE_CURVE ( 'NONE', #840, #941, #2510, .T. ) ;
#864 = ORIENTED_EDGE ( 'NONE', *, *, #865, .F. ) ;
#865 = EDGE_CURVE ( 'NONE', #866, #798, #2506, .T. ) ;
#866 = VERTEX_POINT ( 'NONE', #2502 ) ;
#867 = ORIENTED_EDGE ( 'NONE', *, *, #868, .F. ) ;
#868 = EDGE_CURVE ( 'NONE', #869, #866, #2501, .T. ) ;
#869 = VERTEX_POINT ( 'NONE', #2581 ) ;
#870 = ORIENTED_EDGE ( 'NONE', *, *, #871, .F. ) ;
#871 = EDGE_CURVE ( 'NONE', #872, #869, #2580, .T. ) ;
#872 = VERTEX_POINT ( 'NONE', #2576 ) ;
#873 = ORIENTED_EDGE ( 'NONE', *, *, #874, .F. ) ;
#874 = EDGE_CURVE ( 'NONE', #1013, #872, #2574, .T. ) ;
#875 = ORIENTED_EDGE ( 'NONE', *, *, #865, .T. ) ;
#876 = ORIENTED_EDGE ( 'NONE', *, *, #877, .F. ) ;
#877 = EDGE_CURVE ( 'NONE', #814, #798, #2642, .T. ) ;
#878 = ORIENTED_EDGE ( 'NONE', *, *, #813, .F. ) ;
#879 = ORIENTED_EDGE ( 'NONE', *, *, #805, .T. ) ;
#880 = ADVANCED_FACE ( 'NONE', ( #2789 ), #2682, .T. ) ;
#881 = EDGE_LOOP ( 'NONE', ( #882, #1238, #1340, #1287 ) ) ;
#882 = ORIENTED_EDGE ( 'NONE', *, *, #886, .T. ) ;
#883 = ORIENTED_EDGE ( 'NONE', *, *, #570, .F. ) ;
#884 = ORIENTED_EDGE ( 'NONE', *, *, #1054, .F. ) ;
#885 = ORIENTED_EDGE ( 'NONE', *, *, #886, .F. ) ;
#886 = EDGE_CURVE ( 'NONE', #798, #1055, #2640, .T. ) ;
#887 = ADVANCED_FACE ( 'NONE', ( #2695 ), #2630, .T. ) ;
#888 = ORIENTED_EDGE ( 'NONE', *, *, #889, .T. ) ;
#889 = EDGE_CURVE ( 'NONE', #508, #890, #2663, .T. ) ;
#890 = VERTEX_POINT ( 'NONE', #2659 ) ;
#891 = ORIENTED_EDGE ( 'NONE', *, *, #976, .F. ) ;
#892 = VERTEX_POINT ( 'NONE', #2658 ) ;
#893 = ORIENTED_EDGE ( 'NONE', *, *, #894, .F. ) ;
#894 = EDGE_CURVE ( 'NONE', #895, #892, #2657, .T. ) ;
#895 = VERTEX_POINT ( 'NONE', #2652 ) ;
#896 = ORIENTED_EDGE ( 'NONE', *, *, #897, .F. ) ;
#897 = EDGE_CURVE ( 'NONE', #969, #895, #2651, .T. ) ;
#898 = VERTEX_POINT ( 'NONE', #2647 ) ;
#899 = ORIENTED_EDGE ( 'NONE', *, *, #900, .T. ) ;
#900 = EDGE_CURVE ( 'NONE', #898, #901, #2646, .T. ) ;
#901 = VERTEX_POINT ( 'NONE', #2782 ) ;
#902 = ADVANCED_FACE ( 'NONE', ( #2781 ), #2768, .F. ) ;
#903 = ORIENTED_EDGE ( 'NONE', *, *, #1017, .F. ) ;
#904 = ORIENTED_EDGE ( 'NONE', *, *, #1040, .T. ) ;
#905 = ADVANCED_FACE ( 'NONE', ( #2766 ), #2746, .F. ) ;
#906 = EDGE_LOOP ( 'NONE', ( #907, #908, #950, #951 ) ) ;
#907 = ORIENTED_EDGE ( 'NONE', *, *, #931, .T. ) ;
#908 = ORIENTED_EDGE ( 'NONE', *, *, #909, .F. ) ;
#909 = EDGE_CURVE ( 'NONE', #794, #972, #2822, .T. ) ;
#910 = ADVANCED_FACE ( 'NONE', ( #2818 ), #2714, .F. ) ;
#911 = EDGE_LOOP ( 'NONE', ( #973, #974, #975, #821, #824, #993, #934, #914, #795, #947, #1024 ) ) ;
#912 = ORIENTED_EDGE ( 'NONE', *, *, #637, .T. ) ;
#913 = ADVANCED_FACE ( 'NONE', ( #2712 ), #2679, .F. ) ;
#914 = ORIENTED_EDGE ( 'NONE', *, *, #983, .T. ) ;
#915 = ORIENTED_EDGE ( 'NONE', *, *, #599, .T. ) ;
#916 = ORIENTED_EDGE ( 'NONE', *, *, #796, .F. ) ;
#917 = ORIENTED_EDGE ( 'NONE', *, *, #909, .T. ) ;
#918 = ADVANCED_FACE ( 'NONE', ( #2674 ), #2742, .F. ) ;
#919 = EDGE_LOOP ( 'NONE', ( #920, #921, #1043, #1044 ) ) ;
#920 = ORIENTED_EDGE ( 'NONE', *, *, #897, .T. ) ;
#921 = ORIENTED_EDGE ( 'NONE', *, *, #922, .F. ) ;
#922 = EDGE_CURVE ( 'NONE', #1023, #895, #2737, .T. ) ;
#923 = ORIENTED_EDGE ( 'NONE', *, *, #961, .T. ) ;
#924 = ORIENTED_EDGE ( 'NONE', *, *, #959, .F. ) ;
#925 = ORIENTED_EDGE ( 'NONE', *, *, #928, .T. ) ;
#926 = ORIENTED_EDGE ( 'NONE', *, *, #927, .F. ) ;
#927 = EDGE_CURVE ( 'NONE', #978, #564, #2733, .T. ) ;
#928 = EDGE_CURVE ( 'NONE', #892, #567, #2729, .T. ) ;
#929 = ORIENTED_EDGE ( 'NONE', *, *, #783, .F. ) ;
#930 = ORIENTED_EDGE ( 'NONE', *, *, #931, .F. ) ;
#931 = EDGE_CURVE ( 'NONE', #932, #972, #2725, .T. ) ;
#932 = VERTEX_POINT ( 'NONE', #2981 ) ;
#933 = VERTEX_POINT ( 'NONE', #2829 ) ;
#934 = ORIENTED_EDGE ( 'NONE', *, *, #1017, .T. ) ;
#935 = EDGE_LOOP ( 'NONE', ( #936, #937, #799, #800 ) ) ;
#936 = ORIENTED_EDGE ( 'NONE', *, *, #871, .T. ) ;
#937 = ORIENTED_EDGE ( 'NONE', *, *, #938, .F. ) ;
#938 = EDGE_CURVE ( 'NONE', #941, #869, #3027, .T. ) ;
#939 = ORIENTED_EDGE ( 'NONE', *, *, #810, .T. ) ;
#940 = EDGE_LOOP ( 'NONE', ( #883, #884, #885, #864, #867, #870, #873, #1014, #826, #829, #943 ) ) ;
#941 = VERTEX_POINT ( 'NONE', #2982 ) ;
#942 = EDGE_CURVE ( 'NONE', #846, #828, #2951, .T. ) ;
#943 = ORIENTED_EDGE ( 'NONE', *, *, #845, .F. ) ;
#944 = ADVANCED_FACE ( 'NONE', ( #2991 ), #2955, .F. ) ;
#945 = ORIENTED_EDGE ( 'NONE', *, *, #946, .F. ) ;
#946 = EDGE_CURVE ( 'NONE', #854, #932, #3009, .T. ) ;
#947 = ORIENTED_EDGE ( 'NONE', *, *, #1022, .T. ) ;
#948 = ORIENTED_EDGE ( 'NONE', *, *, #949, .F. ) ;
#949 = EDGE_CURVE ( 'NONE', #561, #792, #3041, .T. ) ;
#950 = ORIENTED_EDGE ( 'NONE', *, *, #983, .F. ) ;
#951 = ORIENTED_EDGE ( 'NONE', *, *, #1027, .T. ) ;
#952 = ADVANCED_FACE ( 'NONE', ( #3037 ), #2855, .F. ) ;
#953 = EDGE_LOOP ( 'NONE', ( #1001, #1002, #916, #917 ) ) ;
#954 = ORIENTED_EDGE ( 'NONE', *, *, #976, .T. ) ;
#955 = ORIENTED_EDGE ( 'NONE', *, *, #594, .T. ) ;
#956 = ORIENTED_EDGE ( 'NONE', *, *, #957, .F. ) ;
#957 = EDGE_CURVE ( 'NONE', #958, #591, #2850, .T. ) ;
#958 = VERTEX_POINT ( 'NONE', #2846 ) ;
#959 = EDGE_CURVE ( 'NONE', #855, #854, #2845, .T. ) ;
#960 = ORIENTED_EDGE ( 'NONE', *, *, #961, .F. ) ;
#961 = EDGE_CURVE ( 'NONE', #962, #855, #2840, .T. ) ;
#962 = VERTEX_POINT ( 'NONE', #2836 ) ;
#963 = ORIENTED_EDGE ( 'NONE', *, *, #964, .F. ) ;
#964 = EDGE_CURVE ( 'NONE', #890, #962, #2834, .T. ) ;
#965 = ORIENTED_EDGE ( 'NONE', *, *, #889, .F. ) ;
#966 = ADVANCED_FACE ( 'NONE', ( #2873 ), #2857, .F. ) ;
#967 = EDGE_LOOP ( 'NONE', ( #1018, #1019, #1041, #954 ) ) ;
#968 = VERTEX_POINT ( 'NONE', #2886 ) ;
#969 = VERTEX_POINT ( 'NONE', #2882 ) ;
#970 = ORIENTED_EDGE ( 'NONE', *, *, #971, .F. ) ;
#971 = EDGE_CURVE ( 'NONE', #972, #969, #2881, .T. ) ;
#972 = VERTEX_POINT ( 'NONE', #2877 ) ;
#973 = ORIENTED_EDGE ( 'NONE', *, *, #927, .T. ) ;
#974 = ORIENTED_EDGE ( 'NONE', *, *, #563, .T. ) ;
#975 = ORIENTED_EDGE ( 'NONE', *, *, #949, .T. ) ;
#976 = EDGE_CURVE ( 'NONE', #792, #890, #3023, .T. ) ;
#977 = ORIENTED_EDGE ( 'NONE', *, *, #566, .T. ) ;
#978 = VERTEX_POINT ( 'NONE', #3019 ) ;
#979 = ORIENTED_EDGE ( 'NONE', *, *, #762, .T. ) ;
#980 = ORIENTED_EDGE ( 'NONE', *, *, #702, .T. ) ;
#981 = ORIENTED_EDGE ( 'NONE', *, *, #611, .F. ) ;
#982 = ORIENTED_EDGE ( 'NONE', *, *, #928, .F. ) ;
#983 = EDGE_CURVE ( 'NONE', #1026, #794, #3017, .T. ) ;
#984 = ADVANCED_FACE ( 'NONE', ( #3013 ), #2904, .T. ) ;
#985 = EDGE_LOOP ( 'NONE', ( #986, #1239, #1097, #1100 ) ) ;
#986 = ORIENTED_EDGE ( 'NONE', *, *, #464, .F. ) ;
#987 = ORIENTED_EDGE ( 'NONE', *, *, #817, .T. ) ;
#988 = VERTEX_POINT ( 'NONE', #3002 ) ;
#989 = EDGE_CURVE ( 'NONE', #840, #872, #3000, .T. ) ;
#990 = ORIENTED_EDGE ( 'NONE', *, *, #839, .F. ) ;
#991 = ORIENTED_EDGE ( 'NONE', *, *, #830, .T. ) ;
#992 = ADVANCED_FACE ( 'NONE', ( #2897 ), #2943, .F. ) ;
#993 = ORIENTED_EDGE ( 'NONE', *, *, #994, .T. ) ;
#994 = EDGE_CURVE ( 'NONE', #968, #933, #2942, .T. ) ;
#995 = ORIENTED_EDGE ( 'NONE', *, *, #996, .T. ) ;
#996 = EDGE_CURVE ( 'NONE', #958, #1055, #2932, .T. ) ;
#997 = ADVANCED_FACE ( 'NONE', ( #2928 ), #2979, .F. ) ;
#998 = EDGE_LOOP ( 'NONE', ( #999, #843, #844, #847 ) ) ;
#999 = ORIENTED_EDGE ( 'NONE', *, *, #1000, .F. ) ;
#1000 = EDGE_CURVE ( 'NONE', #592, #842, #2974, .T. ) ;
#1001 = ORIENTED_EDGE ( 'NONE', *, *, #971, .T. ) ;
#1002 = ORIENTED_EDGE ( 'NONE', *, *, #1003, .F. ) ;
#1003 = EDGE_CURVE ( 'NONE', #797, #969, #2970, .T. ) ;
#1004 = ORIENTED_EDGE ( 'NONE', *, *, #827, .T. ) ;
#1005 = ORIENTED_EDGE ( 'NONE', *, *, #1006, .F. ) ;
#1006 = EDGE_CURVE ( 'NONE', #901, #1016, #2966, .T. ) ;
#1007 = ORIENTED_EDGE ( 'NONE', *, *, #900, .F. ) ;
#1008 = ORIENTED_EDGE ( 'NONE', *, *, #859, .T. ) ;
#1009 = ADVANCED_FACE ( 'NONE', ( #2957 ), #3187, .T. ) ;
#1010 = EDGE_LOOP ( 'NONE', ( #1011, #1012, #831, #832 ) ) ;
#1011 = ORIENTED_EDGE ( 'NONE', *, *, #1015, .T. ) ;
#1012 = ORIENTED_EDGE ( 'NONE', *, *, #830, .F. ) ;
#1013 = VERTEX_POINT ( 'NONE', #3173 ) ;
#1014 = ORIENTED_EDGE ( 'NONE', *, *, #1015, .F. ) ;
#1015 = EDGE_CURVE ( 'NONE', #1016, #1013, #3211, .T. ) ;
#1016 = VERTEX_POINT ( 'NONE', #3206 ) ;
#1017 = EDGE_CURVE ( 'NONE', #933, #1026, #3205, .T. ) ;
#1018 = ORIENTED_EDGE ( 'NONE', *, *, #964, .T. ) ;
#1019 = ORIENTED_EDGE ( 'NONE', *, *, #1020, .F. ) ;
#1020 = EDGE_CURVE ( 'NONE', #823, #962, #3166, .T. ) ;
#1021 = EDGE_LOOP ( 'NONE', ( #912, #929, #530, #915 ) ) ;
#1022 = EDGE_CURVE ( 'NONE', #797, #1023, #3098, .T. ) ;
#1023 = VERTEX_POINT ( 'NONE', #3094 ) ;
#1024 = ORIENTED_EDGE ( 'NONE', *, *, #1025, .T. ) ;
#1025 = EDGE_CURVE ( 'NONE', #1023, #978, #3093, .T. ) ;
#1026 = VERTEX_POINT ( 'NONE', #3088 ) ;
#1027 = EDGE_CURVE ( 'NONE', #1026, #932, #3087, .T. ) ;
#1028 = EDGE_CURVE ( 'NONE', #842, #846, #3083, .T. ) ;
#1029 = ADVANCED_FACE ( 'NONE', ( #3078 ), #3202, .F. ) ;
#1030 = EDGE_LOOP ( 'NONE', ( #1031, #1032, #1057, #1058, #899, #835, #838, #841, #987, #812, #939 ) ) ;
#1031 = ORIENTED_EDGE ( 'NONE', *, *, #957, .T. ) ;
#1032 = ORIENTED_EDGE ( 'NONE', *, *, #590, .T. ) ;
#1033 = EDGE_CURVE ( 'NONE', #968, #855, #3196, .T. ) ;
#1034 = ORIENTED_EDGE ( 'NONE', *, *, #825, .F. ) ;
#1035 = ORIENTED_EDGE ( 'NONE', *, *, #1020, .T. ) ;
#1036 = ADVANCED_FACE ( 'NONE', ( #3192 ), #3065, .T. ) ;
#1037 = EDGE_LOOP ( 'NONE', ( #1038, #1039, #848, #849 ) ) ;
#1038 = ORIENTED_EDGE ( 'NONE', *, *, #959, .T. ) ;
#1039 = ORIENTED_EDGE ( 'NONE', *, *, #1040, .F. ) ;
#1040 = EDGE_CURVE ( 'NONE', #933, #854, #3059, .T. ) ;
#1041 = ORIENTED_EDGE ( 'NONE', *, *, #822, .F. ) ;
#1042 = EDGE_LOOP ( 'NONE', ( #923, #1056, #1034, #1035 ) ) ;
#1043 = ORIENTED_EDGE ( 'NONE', *, *, #1022, .F. ) ;
#1044 = ORIENTED_EDGE ( 'NONE', *, *, #1003, .T. ) ;
#1045 = ADVANCED_FACE ( 'NONE', ( #3055 ), #3117, .T. ) ;
#1046 = EDGE_LOOP ( 'NONE', ( #1047, #1048, #1049, #1050 ) ) ;
#1047 = ORIENTED_EDGE ( 'NONE', *, *, #894, .T. ) ;
#1048 = ORIENTED_EDGE ( 'NONE', *, *, #532, .F. ) ;
#1049 = ORIENTED_EDGE ( 'NONE', *, *, #1025, .F. ) ;
#1050 = ORIENTED_EDGE ( 'NONE', *, *, #922, .T. ) ;
#1051 = ADVANCED_FACE ( 'NONE', ( #3115 ), #3145, .F. ) ;
#1052 = EDGE_LOOP ( 'NONE', ( #1053, #955, #956, #995 ) ) ;
#1053 = ORIENTED_EDGE ( 'NONE', *, *, #1054, .T. ) ;
#1054 = EDGE_CURVE ( 'NONE', #1055, #568, #3158, .T. ) ;
#1055 = VERTEX_POINT ( 'NONE', #3154 ) ;
#1056 = ORIENTED_EDGE ( 'NONE', *, *, #1033, .F. ) ;
#1057 = ORIENTED_EDGE ( 'NONE', *, *, #1000, .T. ) ;
#1058 = ORIENTED_EDGE ( 'NONE', *, *, #1059, .T. ) ;
#1059 = EDGE_CURVE ( 'NONE', #842, #898, #3153, .T. ) ;
#1060 = EDGE_LOOP ( 'NONE', ( #1061, #1134, #1065, #1068 ) ) ;
#1061 = ORIENTED_EDGE ( 'NONE', *, *, #459, .F. ) ;
#1062 = ORIENTED_EDGE ( 'NONE', *, *, #1181, .T. ) ;
#1063 = ORIENTED_EDGE ( 'NONE', *, *, #1178, .T. ) ;
#1064 = ORIENTED_EDGE ( 'NONE', *, *, #1555, .T. ) ;
#1065 = ORIENTED_EDGE ( 'NONE', *, *, #1066, .T. ) ;
#1066 = EDGE_CURVE ( 'NONE', #1136, #1067, #3142, .T. ) ;
#1067 = VERTEX_POINT ( 'NONE', #3138 ) ;
#1068 = ORIENTED_EDGE ( 'NONE', *, *, #1069, .F. ) ;
#1069 = EDGE_CURVE ( 'NONE', #553, #1067, #3136, .T. ) ;
#1070 = ADVANCED_FACE ( 'NONE', ( #3132 ), #3309, .F. ) ;
#1071 = EDGE_LOOP ( 'NONE', ( #1103, #1104, #1105, #1106, #1488, #1491, #1511, #1131, #1079, #1082, #1085 ) ) ;
#1072 = EDGE_LOOP ( 'NONE', ( #1073, #1513, #1514, #1553 ) ) ;
#1073 = ORIENTED_EDGE ( 'NONE', *, *, #1138, .F. ) ;
#1074 = ORIENTED_EDGE ( 'NONE', *, *, #1075, .T. ) ;
#1075 = EDGE_CURVE ( 'NONE', #1126, #1076, #3277, .T. ) ;
#1076 = VERTEX_POINT ( 'NONE', #3273 ) ;
#1077 = ORIENTED_EDGE ( 'NONE', *, *, #1523, .T. ) ;
#1078 = ORIENTED_EDGE ( 'NONE', *, *, #1176, .T. ) ;
#1079 = ORIENTED_EDGE ( 'NONE', *, *, #1080, .F. ) ;
#1080 = EDGE_CURVE ( 'NONE', #1081, #1133, #3281, .T. ) ;
#1081 = VERTEX_POINT ( 'NONE', #3271 ) ;
#1082 = ORIENTED_EDGE ( 'NONE', *, *, #1083, .F. ) ;
#1083 = EDGE_CURVE ( 'NONE', #1084, #1081, #3270, .T. ) ;
#1084 = VERTEX_POINT ( 'NONE', #3314 ) ;
#1085 = ORIENTED_EDGE ( 'NONE', *, *, #1088, .F. ) ;
#1086 = ORIENTED_EDGE ( 'NONE', *, *, #1141, .F. ) ;
#1087 = ORIENTED_EDGE ( 'NONE', *, *, #1137, .F. ) ;
#1088 = EDGE_CURVE ( 'NONE', #1136, #1084, #3312, .T. ) ;
#1089 = ADVANCED_FACE ( 'NONE', ( #3313 ), #3235, .T. ) ;
#1090 = EDGE_LOOP ( 'NONE', ( #1091, #1092, #1118, #1121, #1124, #1074, #1077, #1484, #1482, #1390, #1438 ) ) ;
#1091 = ORIENTED_EDGE ( 'NONE', *, *, #525, .F. ) ;
#1092 = ORIENTED_EDGE ( 'NONE', *, *, #1069, .T. ) ;
#1093 = ORIENTED_EDGE ( 'NONE', *, *, #1094, .F. ) ;
#1094 = EDGE_CURVE ( 'NONE', #1182, #1139, #3230, .T. ) ;
#1095 = EDGE_CURVE ( 'NONE', #550, #1096, #3226, .T. ) ;
#1096 = VERTEX_POINT ( 'NONE', #3222 ) ;
#1097 = ORIENTED_EDGE ( 'NONE', *, *, #1098, .T. ) ;
#1098 = EDGE_CURVE ( 'NONE', #1096, #1099, #3221, .T. ) ;
#1099 = VERTEX_POINT ( 'NONE', #3217 ) ;
#1100 = ORIENTED_EDGE ( 'NONE', *, *, #1101, .F. ) ;
#1101 = EDGE_CURVE ( 'NONE', #668, #1099, #3215, .T. ) ;
#1102 = ADVANCED_FACE ( 'NONE', ( #3247 ), #3256, .F. ) ;
#1103 = ORIENTED_EDGE ( 'NONE', *, *, #1135, .F. ) ;
#1104 = ORIENTED_EDGE ( 'NONE', *, *, #743, .T. ) ;
#1105 = ORIENTED_EDGE ( 'NONE', *, *, #1509, .F. ) ;
#1106 = ORIENTED_EDGE ( 'NONE', *, *, #1546, .F. ) ;
#1107 = EDGE_LOOP ( 'NONE', ( #1108, #1109, #1112, #1441 ) ) ;
#1108 = ORIENTED_EDGE ( 'NONE', *, *, #586, .F. ) ;
#1109 = ORIENTED_EDGE ( 'NONE', *, *, #1110, .F. ) ;
#1110 = EDGE_CURVE ( 'NONE', #1111, #555, #3307, .T. ) ;
#1111 = VERTEX_POINT ( 'NONE', #3303 ) ;
#1112 = ORIENTED_EDGE ( 'NONE', *, *, #1113, .F. ) ;
#1113 = EDGE_CURVE ( 'NONE', #1114, #1111, #3302, .T. ) ;
#1114 = VERTEX_POINT ( 'NONE', #3298 ) ;
#1115 = ORIENTED_EDGE ( 'NONE', *, *, #1137, .T. ) ;
#1116 = ADVANCED_FACE ( 'NONE', ( #3297 ), #3400, .F. ) ;
#1117 = ORIENTED_EDGE ( 'NONE', *, *, #1555, .F. ) ;
#1118 = ORIENTED_EDGE ( 'NONE', *, *, #1119, .T. ) ;
#1119 = EDGE_CURVE ( 'NONE', #1067, #1120, #3418, .T. ) ;
#1120 = VERTEX_POINT ( 'NONE', #3411 ) ;
#1121 = ORIENTED_EDGE ( 'NONE', *, *, #1122, .T. ) ;
#1122 = EDGE_CURVE ( 'NONE', #1120, #1123, #3454, .T. ) ;
#1123 = VERTEX_POINT ( 'NONE', #3455 ) ;
#1124 = ORIENTED_EDGE ( 'NONE', *, *, #1125, .T. ) ;
#1125 = EDGE_CURVE ( 'NONE', #1123, #1126, #3406, .T. ) ;
#1126 = VERTEX_POINT ( 'NONE', #3408 ) ;
#1127 = ORIENTED_EDGE ( 'NONE', *, *, #1147, .F. ) ;
#1128 = ADVANCED_FACE ( 'NONE', ( #3449 ), #3357, .T. ) ;
#1129 = EDGE_LOOP ( 'NONE', ( #1086, #1093, #1062, #1115 ) ) ;
#1130 = VERTEX_POINT ( 'NONE', #3365 ) ;
#1131 = ORIENTED_EDGE ( 'NONE', *, *, #1132, .F. ) ;
#1132 = EDGE_CURVE ( 'NONE', #1133, #1130, #3347, .T. ) ;
#1133 = VERTEX_POINT ( 'NONE', #3343 ) ;
#1134 = ORIENTED_EDGE ( 'NONE', *, *, #1135, .T. ) ;
#1135 = EDGE_CURVE ( 'NONE', #744, #1136, #3437, .T. ) ;
#1136 = VERTEX_POINT ( 'NONE', #3433 ) ;
#1137 = EDGE_CURVE ( 'NONE', #1179, #1142, #3428, .T. ) ;
#1138 = EDGE_CURVE ( 'NONE', #1299, #1139, #3353, .T. ) ;
#1139 = VERTEX_POINT ( 'NONE', #3349 ) ;
#1140 = ORIENTED_EDGE ( 'NONE', *, *, #1141, .T. ) ;
#1141 = EDGE_CURVE ( 'NONE', #1139, #1142, #3348, .T. ) ;
#1142 = VERTEX_POINT ( 'NONE', #3369 ) ;
#1143 = ORIENTED_EDGE ( 'NONE', *, *, #1144, .T. ) ;
#1144 = EDGE_CURVE ( 'NONE', #1142, #1145, #3364, .T. ) ;
#1145 = VERTEX_POINT ( 'NONE', #3359 ) ;
#1146 = ORIENTED_EDGE ( 'NONE', *, *, #1147, .T. ) ;
#1147 = EDGE_CURVE ( 'NONE', #1145, #1148, #3424, .T. ) ;
#1148 = VERTEX_POINT ( 'NONE', #3420 ) ;
#1149 = ORIENTED_EDGE ( 'NONE', *, *, #1150, .T. ) ;
#1150 = EDGE_CURVE ( 'NONE', #1148, #1151, #3419, .T. ) ;
#1151 = VERTEX_POINT ( 'NONE', #3413 ) ;
#1152 = ORIENTED_EDGE ( 'NONE', *, *, #1254, .F. ) ;
#1153 = ORIENTED_EDGE ( 'NONE', *, *, #1154, .F. ) ;
#1154 = EDGE_CURVE ( 'NONE', #1155, #1293, #3412, .T. ) ;
#1155 = VERTEX_POINT ( 'NONE', #3395 ) ;
#1156 = ORIENTED_EDGE ( 'NONE', *, *, #575, .F. ) ;
#1157 = ORIENTED_EDGE ( 'NONE', *, *, #1188, .T. ) ;
#1158 = ORIENTED_EDGE ( 'NONE', *, *, #1138, .T. ) ;
#1159 = VERTEX_POINT ( 'NONE', #3394 ) ;
#1160 = ORIENTED_EDGE ( 'NONE', *, *, #1161, .F. ) ;
#1161 = EDGE_CURVE ( 'NONE', #1159, #1182, #3392, .T. ) ;
#1162 = ADVANCED_FACE ( 'NONE', ( #3341 ), #3387, .T. ) ;
#1163 = EDGE_LOOP ( 'NONE', ( #1156, #1157, #1158, #1140, #1143, #1146, #1149, #1164, #1167, #1170, #1202 ) ) ;
#1164 = ORIENTED_EDGE ( 'NONE', *, *, #1165, .T. ) ;
#1165 = EDGE_CURVE ( 'NONE', #1151, #1166, #3382, .T. ) ;
#1166 = VERTEX_POINT ( 'NONE', #3378 ) ;
#1167 = ORIENTED_EDGE ( 'NONE', *, *, #1168, .T. ) ;
#1168 = EDGE_CURVE ( 'NONE', #1166, #1169, #3376, .T. ) ;
#1169 = VERTEX_POINT ( 'NONE', #3479 ) ;
#1170 = ORIENTED_EDGE ( 'NONE', *, *, #1201, .T. ) ;
#1171 = ADVANCED_FACE ( 'NONE', ( #3475 ), #3464, .F. ) ;
#1172 = ORIENTED_EDGE ( 'NONE', *, *, #1220, .F. ) ;
#1173 = ORIENTED_EDGE ( 'NONE', *, *, #1174, .T. ) ;
#1174 = EDGE_CURVE ( 'NONE', #1159, #1299, #3459, .T. ) ;
#1175 = ORIENTED_EDGE ( 'NONE', *, *, #1188, .F. ) ;
#1176 = EDGE_CURVE ( 'NONE', #1298, #1200, #3569, .T. ) ;
#1177 = ORIENTED_EDGE ( 'NONE', *, *, #1178, .F. ) ;
#1178 = EDGE_CURVE ( 'NONE', #1179, #1298, #3570, .T. ) ;
#1179 = VERTEX_POINT ( 'NONE', #3492 ) ;
#1180 = ORIENTED_EDGE ( 'NONE', *, *, #1181, .F. ) ;
#1181 = EDGE_CURVE ( 'NONE', #1182, #1179, #3577, .T. ) ;
#1182 = VERTEX_POINT ( 'NONE', #3575 ) ;
#1183 = EDGE_LOOP ( 'NONE', ( #1184, #1185, #1187, #1223 ) ) ;
#1184 = ORIENTED_EDGE ( 'NONE', *, *, #1165, .F. ) ;
#1185 = ORIENTED_EDGE ( 'NONE', *, *, #1186, .F. ) ;
#1186 = EDGE_CURVE ( 'NONE', #1197, #1151, #3531, .T. ) ;
#1187 = ORIENTED_EDGE ( 'NONE', *, *, #1192, .T. ) ;
#1188 = EDGE_CURVE ( 'NONE', #573, #1299, #3551, .T. ) ;
#1189 = EDGE_LOOP ( 'NONE', ( #1172, #1212, #1152, #1153, #1221, #1191, #1198, #1297, #1177, #1180, #1160 ) ) ;
#1190 = VERTEX_POINT ( 'NONE', #3505 ) ;
#1191 = ORIENTED_EDGE ( 'NONE', *, *, #1192, .F. ) ;
#1192 = EDGE_CURVE ( 'NONE', #1197, #1190, #3508, .T. ) ;
#1193 = ORIENTED_EDGE ( 'NONE', *, *, #1199, .T. ) ;
#1194 = ORIENTED_EDGE ( 'NONE', *, *, #1186, .T. ) ;
#1195 = ADVANCED_FACE ( 'NONE', ( #3558 ), #3529, .T. ) ;
#1196 = EDGE_LOOP ( 'NONE', ( #1127, #1117, #1078, #1495 ) ) ;
#1197 = VERTEX_POINT ( 'NONE', #3537 ) ;
#1198 = ORIENTED_EDGE ( 'NONE', *, *, #1199, .F. ) ;
#1199 = EDGE_CURVE ( 'NONE', #1200, #1197, #3526, .T. ) ;
#1200 = VERTEX_POINT ( 'NONE', #3573 ) ;
#1201 = EDGE_CURVE ( 'NONE', #1169, #1290, #3571, .T. ) ;
#1202 = ORIENTED_EDGE ( 'NONE', *, *, #1289, .T. ) ;
#1203 = ADVANCED_FACE ( 'NONE', ( #3572 ), #3490, .T. ) ;
#1204 = EDGE_LOOP ( 'NONE', ( #1205, #1206, #1208, #1209 ) ) ;
#1205 = ORIENTED_EDGE ( 'NONE', *, *, #1201, .F. ) ;
#1206 = ORIENTED_EDGE ( 'NONE', *, *, #1207, .F. ) ;
#1207 = EDGE_CURVE ( 'NONE', #1155, #1169, #3584, .T. ) ;
#1208 = ORIENTED_EDGE ( 'NONE', *, *, #1154, .T. ) ;
#1209 = ORIENTED_EDGE ( 'NONE', *, *, #1292, .T. ) ;
#1210 = ADVANCED_FACE ( 'NONE', ( #3521 ), #3483, .T. ) ;
#1211 = EDGE_LOOP ( 'NONE', ( #1213, #1214, #1216, #1217 ) ) ;
#1212 = ORIENTED_EDGE ( 'NONE', *, *, #581, .T. ) ;
#1213 = ORIENTED_EDGE ( 'NONE', *, *, #1168, .F. ) ;
#1214 = ORIENTED_EDGE ( 'NONE', *, *, #1215, .F. ) ;
#1215 = EDGE_CURVE ( 'NONE', #1190, #1166, #3602, .T. ) ;
#1216 = ORIENTED_EDGE ( 'NONE', *, *, #1222, .T. ) ;
#1217 = ORIENTED_EDGE ( 'NONE', *, *, #1207, .T. ) ;
#1218 = ADVANCED_FACE ( 'NONE', ( #3598 ), #3730, .T. ) ;
#1219 = ORIENTED_EDGE ( 'NONE', *, *, #1220, .T. ) ;
#1220 = EDGE_CURVE ( 'NONE', #582, #1159, #3736, .T. ) ;
#1221 = ORIENTED_EDGE ( 'NONE', *, *, #1222, .F. ) ;
#1222 = EDGE_CURVE ( 'NONE', #1190, #1155, #3731, .T. ) ;
#1223 = ORIENTED_EDGE ( 'NONE', *, *, #1215, .T. ) ;
#1224 = ADVANCED_FACE ( 'NONE', ( #3744 ), #3641, .T. ) ;
#1225 = EDGE_LOOP ( 'NONE', ( #1226, #1227, #1193, #1194 ) ) ;
#1226 = ORIENTED_EDGE ( 'NONE', *, *, #1150, .F. ) ;
#1227 = ORIENTED_EDGE ( 'NONE', *, *, #1228, .F. ) ;
#1228 = EDGE_CURVE ( 'NONE', #1200, #1148, #3636, .T. ) ;
#1229 = VERTEX_POINT ( 'NONE', #3632 ) ;
#1230 = ORIENTED_EDGE ( 'NONE', *, *, #1231, .F. ) ;
#1231 = EDGE_CURVE ( 'NONE', #1286, #1229, #3631, .T. ) ;
#1232 = ORIENTED_EDGE ( 'NONE', *, *, #1233, .T. ) ;
#1233 = EDGE_CURVE ( 'NONE', #1369, #1345, #3677, .T. ) ;
#1234 = EDGE_LOOP ( 'NONE', ( #1271, #1272, #1258, #1259 ) ) ;
#1235 = EDGE_CURVE ( 'NONE', #1343, #1341, #3673, .T. ) ;
#1236 = ORIENTED_EDGE ( 'NONE', *, *, #1237, .F. ) ;
#1237 = EDGE_CURVE ( 'NONE', #1096, #1343, #3668, .T. ) ;
#1238 = ORIENTED_EDGE ( 'NONE', *, *, #996, .F. ) ;
#1239 = ORIENTED_EDGE ( 'NONE', *, *, #1095, .T. ) ;
#1240 = ORIENTED_EDGE ( 'NONE', *, *, #1344, .F. ) ;
#1241 = ORIENTED_EDGE ( 'NONE', *, *, #1309, .T. ) ;
#1242 = ADVANCED_FACE ( 'NONE', ( #3663 ), #3626, .T. ) ;
#1243 = EDGE_LOOP ( 'NONE', ( #1244, #1245, #1247, #1248 ) ) ;
#1244 = ORIENTED_EDGE ( 'NONE', *, *, #1316, .F. ) ;
#1245 = ORIENTED_EDGE ( 'NONE', *, *, #1246, .F. ) ;
#1246 = EDGE_CURVE ( 'NONE', #1341, #1338, #3621, .T. ) ;
#1247 = ORIENTED_EDGE ( 'NONE', *, *, #1284, .T. ) ;
#1248 = ORIENTED_EDGE ( 'NONE', *, *, #1329, .T. ) ;
#1249 = EDGE_LOOP ( 'NONE', ( #1361, #1362, #1364, #1365 ) ) ;
#1250 = ORIENTED_EDGE ( 'NONE', *, *, #1251, .T. ) ;
#1251 = EDGE_CURVE ( 'NONE', #1323, #1324, #3617, .T. ) ;
#1252 = ORIENTED_EDGE ( 'NONE', *, *, #1368, .T. ) ;
#1253 = ORIENTED_EDGE ( 'NONE', *, *, #1254, .T. ) ;
#1254 = EDGE_CURVE ( 'NONE', #1293, #579, #3613, .T. ) ;
#1255 = ADVANCED_FACE ( 'NONE', ( #3608 ), #3693, .T. ) ;
#1256 = EDGE_LOOP ( 'NONE', ( #509, #1219, #1173, #1175 ) ) ;
#1257 = ORIENTED_EDGE ( 'NONE', *, *, #693, .F. ) ;
#1258 = ORIENTED_EDGE ( 'NONE', *, *, #1352, .T. ) ;
#1259 = ORIENTED_EDGE ( 'NONE', *, *, #1347, .T. ) ;
#1260 = ADVANCED_FACE ( 'NONE', ( #3691 ), #3752, .T. ) ;
#1261 = EDGE_LOOP ( 'NONE', ( #1262, #1263, #1265, #1266 ) ) ;
#1262 = ORIENTED_EDGE ( 'NONE', *, *, #1368, .F. ) ;
#1263 = ORIENTED_EDGE ( 'NONE', *, *, #1264, .F. ) ;
#1264 = EDGE_CURVE ( 'NONE', #1286, #1324, #3724, .T. ) ;
#1265 = ORIENTED_EDGE ( 'NONE', *, *, #1231, .T. ) ;
#1266 = ORIENTED_EDGE ( 'NONE', *, *, #1273, .T. ) ;
#1267 = ADVANCED_FACE ( 'NONE', ( #3720 ), #3947, .T. ) ;
#1268 = EDGE_LOOP ( 'NONE', ( #1300, #1301, #1303, #1304 ) ) ;
#1269 = ORIENTED_EDGE ( 'NONE', *, *, #1344, .T. ) ;
#1270 = ADVANCED_FACE ( 'NONE', ( #3945 ), #3851, .T. ) ;
#1271 = ORIENTED_EDGE ( 'NONE', *, *, #1233, .F. ) ;
#1272 = ORIENTED_EDGE ( 'NONE', *, *, #1273, .F. ) ;
#1273 = EDGE_CURVE ( 'NONE', #1229, #1369, #3846, .T. ) ;
#1274 = EDGE_LOOP ( 'NONE', ( #1257, #1314, #1312, #1336, #1315, #1318, #1321, #1250, #1252, #1232, #1269 ) ) ;
#1275 = ORIENTED_EDGE ( 'NONE', *, *, #578, .F. ) ;
#1276 = ORIENTED_EDGE ( 'NONE', *, *, #549, .T. ) ;
#1277 = ORIENTED_EDGE ( 'NONE', *, *, #1278, .F. ) ;
#1278 = EDGE_CURVE ( 'NONE', #1279, #1359, #3842, .T. ) ;
#1279 = VERTEX_POINT ( 'NONE', #3838 ) ;
#1280 = ORIENTED_EDGE ( 'NONE', *, *, #1281, .F. ) ;
#1281 = EDGE_CURVE ( 'NONE', #1282, #1279, #3837, .T. ) ;
#1282 = VERTEX_POINT ( 'NONE', #3915 ) ;
#1283 = ORIENTED_EDGE ( 'NONE', *, *, #1284, .F. ) ;
#1284 = EDGE_CURVE ( 'NONE', #1341, #1282, #3914, .T. ) ;
#1285 = ORIENTED_EDGE ( 'NONE', *, *, #1356, .F. ) ;
#1286 = VERTEX_POINT ( 'NONE', #3909 ) ;
#1287 = ORIENTED_EDGE ( 'NONE', *, *, #877, .T. ) ;
#1288 = ORIENTED_EDGE ( 'NONE', *, *, #1289, .F. ) ;
#1289 = EDGE_CURVE ( 'NONE', #1290, #576, #3908, .T. ) ;
#1290 = VERTEX_POINT ( 'NONE', #3904 ) ;
#1291 = ORIENTED_EDGE ( 'NONE', *, *, #1292, .F. ) ;
#1292 = EDGE_CURVE ( 'NONE', #1293, #1290, #3903, .T. ) ;
#1293 = VERTEX_POINT ( 'NONE', #3899 ) ;
#1294 = ADVANCED_FACE ( 'NONE', ( #3898 ), #3832, .T. ) ;
#1295 = VERTEX_POINT ( 'NONE', #3827 ) ;
#1296 = ADVANCED_FACE ( 'NONE', ( #3826 ), #3884, .T. ) ;
#1297 = ORIENTED_EDGE ( 'NONE', *, *, #1176, .F. ) ;
#1298 = VERTEX_POINT ( 'NONE', #3879 ) ;
#1299 = VERTEX_POINT ( 'NONE', #3878 ) ;
#1300 = ORIENTED_EDGE ( 'NONE', *, *, #1251, .F. ) ;
#1301 = ORIENTED_EDGE ( 'NONE', *, *, #1302, .F. ) ;
#1302 = EDGE_CURVE ( 'NONE', #1359, #1323, #3876, .T. ) ;
#1303 = ORIENTED_EDGE ( 'NONE', *, *, #1358, .T. ) ;
#1304 = ORIENTED_EDGE ( 'NONE', *, *, #1264, .T. ) ;
#1305 = ADVANCED_FACE ( 'NONE', ( #3872 ), #3857, .T. ) ;
#1306 = EDGE_LOOP ( 'NONE', ( #1307, #1308, #1310, #1311 ) ) ;
#1307 = ORIENTED_EDGE ( 'NONE', *, *, #1322, .F. ) ;
#1308 = ORIENTED_EDGE ( 'NONE', *, *, #1309, .F. ) ;
#1309 = EDGE_CURVE ( 'NONE', #1279, #1320, #3978, .T. ) ;
#1310 = ORIENTED_EDGE ( 'NONE', *, *, #1278, .T. ) ;
#1311 = ORIENTED_EDGE ( 'NONE', *, *, #1302, .T. ) ;
#1312 = ORIENTED_EDGE ( 'NONE', *, *, #1313, .T. ) ;
#1313 = EDGE_CURVE ( 'NONE', #1099, #1295, #3974, .T. ) ;
#1314 = ORIENTED_EDGE ( 'NONE', *, *, #1101, .T. ) ;
#1315 = ORIENTED_EDGE ( 'NONE', *, *, #1316, .T. ) ;
#1316 = EDGE_CURVE ( 'NONE', #1338, #1317, #3969, .T. ) ;
#1317 = VERTEX_POINT ( 'NONE', #3964 ) ;
#1318 = ORIENTED_EDGE ( 'NONE', *, *, #1319, .T. ) ;
#1319 = EDGE_CURVE ( 'NONE', #1317, #1320, #3963, .T. ) ;
#1320 = VERTEX_POINT ( 'NONE', #3959 ) ;
#1321 = ORIENTED_EDGE ( 'NONE', *, *, #1322, .T. ) ;
#1322 = EDGE_CURVE ( 'NONE', #1320, #1323, #3958, .T. ) ;
#1323 = VERTEX_POINT ( 'NONE', #3954 ) ;
#1324 = VERTEX_POINT ( 'NONE', #3953 ) ;
#1325 = ADVANCED_FACE ( 'NONE', ( #3952 ), #3798, .T. ) ;
#1326 = EDGE_LOOP ( 'NONE', ( #1327, #1328, #1339, #1241 ) ) ;
#1327 = ORIENTED_EDGE ( 'NONE', *, *, #1319, .F. ) ;
#1328 = ORIENTED_EDGE ( 'NONE', *, *, #1329, .F. ) ;
#1329 = EDGE_CURVE ( 'NONE', #1282, #1317, #3792, .T. ) ;
#1330 = ORIENTED_EDGE ( 'NONE', *, *, #1313, .F. ) ;
#1331 = ORIENTED_EDGE ( 'NONE', *, *, #1098, .F. ) ;
#1332 = ORIENTED_EDGE ( 'NONE', *, *, #1237, .T. ) ;
#1333 = ORIENTED_EDGE ( 'NONE', *, *, #1363, .T. ) ;
#1334 = ADVANCED_FACE ( 'NONE', ( #3788 ), #3773, .T. ) ;
#1335 = EDGE_LOOP ( 'NONE', ( #1275, #1288, #1291, #1253 ) ) ;
#1336 = ORIENTED_EDGE ( 'NONE', *, *, #1337, .T. ) ;
#1337 = EDGE_CURVE ( 'NONE', #1295, #1338, #3768, .T. ) ;
#1338 = VERTEX_POINT ( 'NONE', #3764 ) ;
#1339 = ORIENTED_EDGE ( 'NONE', *, *, #1281, .T. ) ;
#1340 = ORIENTED_EDGE ( 'NONE', *, *, #810, .F. ) ;
#1341 = VERTEX_POINT ( 'NONE', #3763 ) ;
#1342 = ORIENTED_EDGE ( 'NONE', *, *, #1235, .F. ) ;
#1343 = VERTEX_POINT ( 'NONE', #3762 ) ;
#1344 = EDGE_CURVE ( 'NONE', #1345, #694, #3761, .T. ) ;
#1345 = VERTEX_POINT ( 'NONE', #3931 ) ;
#1346 = ORIENTED_EDGE ( 'NONE', *, *, #1347, .F. ) ;
#1347 = EDGE_CURVE ( 'NONE', #1348, #1345, #3930, .T. ) ;
#1348 = VERTEX_POINT ( 'NONE', #3926 ) ;
#1349 = EDGE_LOOP ( 'NONE', ( #1350, #1240, #1346, #1355 ) ) ;
#1350 = ORIENTED_EDGE ( 'NONE', *, *, #696, .F. ) ;
#1351 = ORIENTED_EDGE ( 'NONE', *, *, #1352, .F. ) ;
#1352 = EDGE_CURVE ( 'NONE', #1229, #1348, #3925, .T. ) ;
#1353 = EDGE_LOOP ( 'NONE', ( #1354, #1276, #1285, #1351, #1230, #1357, #1277, #1280, #1283, #1342, #1236 ) ) ;
#1354 = ORIENTED_EDGE ( 'NONE', *, *, #1095, .F. ) ;
#1355 = ORIENTED_EDGE ( 'NONE', *, *, #1356, .T. ) ;
#1356 = EDGE_CURVE ( 'NONE', #1348, #547, #3920, .T. ) ;
#1357 = ORIENTED_EDGE ( 'NONE', *, *, #1358, .F. ) ;
#1358 = EDGE_CURVE ( 'NONE', #1359, #1286, #273, .T. ) ;
#1359 = VERTEX_POINT ( 'NONE', #268 ) ;
#1360 = ADVANCED_FACE ( 'NONE', ( #267 ), #431, .T. ) ;
#1361 = ORIENTED_EDGE ( 'NONE', *, *, #1337, .F. ) ;
#1362 = ORIENTED_EDGE ( 'NONE', *, *, #1363, .F. ) ;
#1363 = EDGE_CURVE ( 'NONE', #1343, #1295, #425, .T. ) ;
#1364 = ORIENTED_EDGE ( 'NONE', *, *, #1235, .T. ) ;
#1365 = ORIENTED_EDGE ( 'NONE', *, *, #1246, .T. ) ;
#1366 = ADVANCED_FACE ( 'NONE', ( #421 ), #298, .F. ) ;
#1367 = EDGE_LOOP ( 'NONE', ( #1330, #1331, #1332, #1333 ) ) ;
#1368 = EDGE_CURVE ( 'NONE', #1324, #1369, #293, .T. ) ;
#1369 = VERTEX_POINT ( 'NONE', #289 ) ;
#1370 = VECTOR ( 'NONE', #1453, 1000.000000000000000 ) ;
#1371 = CARTESIAN_POINT ( 'NONE',  ( 0.8125000000000000000, 0.4574999999999999600, 1.500000000000000000 ) ) ;
#1372 = LINE ( 'NONE', #1371, #1370 ) ;
#1373 = FILL_AREA_STYLE_COLOUR ( '', #1451 ) ;
#1374 = CARTESIAN_POINT ( 'NONE',  ( 0.8125000000000000000, 0.4574999999999999600, 1.500000000000000000 ) ) ;
#1375 = DIRECTION ( 'NONE',  ( 0.08641570524680507200, -0.9877360307509845900, 0.1300379154054207600 ) ) ;
#1376 = VECTOR ( 'NONE', #1375, 1000.000000000000000 ) ;
#1377 = CARTESIAN_POINT ( 'NONE',  ( 0.8125000000000000000, 0.4574999999999999600, 1.500000000000000000 ) ) ;
#1378 = LINE ( 'NONE', #1377, #1376 ) ;
#1379 = DIRECTION ( 'NONE',  ( -0.0000000000000000000, -0.0000000000000000000, -1.000000000000000000 ) ) ;
#1380 = VECTOR ( 'NONE', #1379, 1000.000000000000000 ) ;
#1381 = CARTESIAN_POINT ( 'NONE',  ( 0.7775045345896302000, 0.8574999999999997100, 1.500000000000000000 ) ) ;
#1382 = LINE ( 'NONE', #1381, #1380 ) ;
#1383 = ORIENTED_EDGE ( 'NONE', *, *, #1080, .T. ) ;
#1384 = ORIENTED_EDGE ( 'NONE', *, *, #1455, .T. ) ;
#1385 = ADVANCED_FACE ( 'NONE', ( #288 ), #357, .T. ) ;
#1386 = EDGE_LOOP ( 'NONE', ( #1387, #1388, #1524, #1525 ) ) ;
#1387 = ORIENTED_EDGE ( 'NONE', *, *, #1122, .F. ) ;
#1388 = ORIENTED_EDGE ( 'NONE', *, *, #1389, .F. ) ;
#1389 = EDGE_CURVE ( 'NONE', #1084, #1120, #382, .T. ) ;
#1390 = ORIENTED_EDGE ( 'NONE', *, *, #1391, .T. ) ;
#1391 = EDGE_CURVE ( 'NONE', #1522, #1111, #377, .T. ) ;
#1392 = AXIS2_PLACEMENT_3D ( 'NONE', #1503, #1584, #1583 ) ;
#1393 = FACE_OUTER_BOUND ( 'NONE', #480, .T. ) ;
#1394 = CARTESIAN_POINT ( 'NONE',  ( -0.6911978771223265000, 0.007500000000000019700, 1.379422863405998000 ) ) ;
#1395 = DIRECTION ( 'NONE',  ( -0.0000000000000000000, -0.0000000000000000000, -1.000000000000000000 ) ) ;
#1396 = VECTOR ( 'NONE', #1395, 1000.000000000000000 ) ;
#1397 = CARTESIAN_POINT ( 'NONE',  ( -0.6911978771223265000, 0.007500000000000033500, 1.500000000000000000 ) ) ;
#1398 = CARTESIAN_POINT ( 'NONE',  ( -0.6911978771223265000, 0.007500000000000019700, -1.379422863405998000 ) ) ;
#1399 = ADVANCED_FACE ( 'NONE', ( #372 ), #257, .T. ) ;
#1400 = EDGE_LOOP ( 'NONE', ( #1401, #1497, #1499, #1500 ) ) ;
#1401 = ORIENTED_EDGE ( 'NONE', *, *, #1391, .F. ) ;
#1402 = ORIENTED_EDGE ( 'NONE', *, *, #1512, .T. ) ;
#1403 = ORIENTED_EDGE ( 'NONE', *, *, #1422, .T. ) ;
#1404 = ADVANCED_FACE ( 'NONE', ( #255 ), #399, .T. ) ;
#1405 = EDGE_LOOP ( 'NONE', ( #1406, #1454, #1456, #1457 ) ) ;
#1406 = ORIENTED_EDGE ( 'NONE', *, *, #1075, .F. ) ;
#1407 = DIRECTION ( 'NONE',  ( -1.000000000000000000, 0.0000000000000000000, 0.0000000000000000000 ) ) ;
#1408 = DIRECTION ( 'NONE',  ( -0.0000000000000000000, -0.0000000000000000000, -1.000000000000000000 ) ) ;
#1409 = AXIS2_PLACEMENT_3D ( 'NONE', #1410, #1408, #1407 ) ;
#1410 = CARTESIAN_POINT ( 'NONE',  ( 0.6911978771223265000, 0.05750000000000003000, 1.500000000000000000 ) ) ;
#1411 = CYLINDRICAL_SURFACE ( 'NONE', #1409, 0.05000000000000002400 ) ;
#1412 = FACE_OUTER_BOUND ( 'NONE', #448, .T. ) ;
#1413 = DIRECTION ( 'NONE',  ( 1.000000000000000000, -0.0000000000000000000, -0.0000000000000000000 ) ) ;
#1414 = VECTOR ( 'NONE', #1413, 1000.000000000000000 ) ;
#1415 = CARTESIAN_POINT ( 'NONE',  ( -0.8125000000000000000, 0.007500000000000019700, 1.379422863405998000 ) ) ;
#1416 = LINE ( 'NONE', #1415, #1414 ) ;
#1417 = CARTESIAN_POINT ( 'NONE',  ( 0.6911978771223261700, 0.007500000000000019700, 1.379422863405998000 ) ) ;
#1418 = ADVANCED_FACE ( 'NONE', ( #397 ), #348, .T. ) ;
#1419 = EDGE_LOOP ( 'NONE', ( #1420, #1421, #1423, #1424 ) ) ;
#1420 = ORIENTED_EDGE ( 'NONE', *, *, #1527, .F. ) ;
#1421 = ORIENTED_EDGE ( 'NONE', *, *, #1422, .F. ) ;
#1422 = EDGE_CURVE ( 'NONE', #1510, #1521, #342, .T. ) ;
#1423 = ORIENTED_EDGE ( 'NONE', *, *, #1492, .T. ) ;
#1424 = ORIENTED_EDGE ( 'NONE', *, *, #1544, .T. ) ;
#1425 = ADVANCED_FACE ( 'NONE', ( #338 ), #323, .T. ) ;
#1426 = EDGE_LOOP ( 'NONE', ( #1427, #1428, #1402, #1403 ) ) ;
#1427 = ORIENTED_EDGE ( 'NONE', *, *, #1523, .F. ) ;
#1428 = ORIENTED_EDGE ( 'NONE', *, *, #1429, .F. ) ;
#1429 = EDGE_CURVE ( 'NONE', #1130, #1076, #317, .T. ) ;
#1430 = ADVANCED_FACE ( 'NONE', ( #313 ), #238, .F. ) ;
#1431 = ORIENTED_EDGE ( 'NONE', *, *, #1119, .F. ) ;
#1432 = ORIENTED_EDGE ( 'NONE', *, *, #1066, .F. ) ;
#1433 = ORIENTED_EDGE ( 'NONE', *, *, #1088, .T. ) ;
#1434 = ORIENTED_EDGE ( 'NONE', *, *, #1389, .T. ) ;
#1435 = ADVANCED_FACE ( 'NONE', ( #237 ), #232, .F. ) ;
#1436 = EDGE_LOOP ( 'NONE', ( #1437, #1528, #1547, #1548 ) ) ;
#1437 = ORIENTED_EDGE ( 'NONE', *, *, #675, .F. ) ;
#1438 = ORIENTED_EDGE ( 'NONE', *, *, #1110, .T. ) ;
#1439 = ADVANCED_FACE ( 'NONE', ( #229 ), #24, .T. ) ;
#1440 = ORIENTED_EDGE ( 'NONE', *, *, #1144, .F. ) ;
#1441 = ORIENTED_EDGE ( 'NONE', *, *, #1509, .T. ) ;
#1442 =( LENGTH_UNIT ( ) NAMED_UNIT ( * ) SI_UNIT ( .MILLI., .METRE. ) );
#1443 = MECHANICAL_DESIGN_GEOMETRIC_PRESENTATION_REPRESENTATION (  '', ( #1445 ), #1517 ) ;
#1444 = PRESENTATION_LAYER_ASSIGNMENT (  '', '', ( #1445 ) ) ;
#1445 = STYLED_ITEM ( 'NONE', ( #1446 ), #455 ) ;
#1446 = PRESENTATION_STYLE_ASSIGNMENT (( #1447 ) ) ;
#1447 = SURFACE_STYLE_USAGE ( .BOTH. , #1448 ) ;
#1448 = SURFACE_SIDE_STYLE ('',( #1449 ) ) ;
#1449 = SURFACE_STYLE_FILL_AREA ( #1450 ) ;
#1450 = FILL_AREA_STYLE ('',( #1373 ) ) ;
#1451 = COLOUR_RGB ( '',0.5019607843137254800, 0.5019607843137254800, 0.5019607843137254800 ) ;
#1452 = FACE_OUTER_BOUND ( 'NONE', #456, .T. ) ;
#1453 = DIRECTION ( 'NONE',  ( -0.0000000000000000000, -0.0000000000000000000, -1.000000000000000000 ) ) ;
#1454 = ORIENTED_EDGE ( 'NONE', *, *, #1455, .F. ) ;
#1455 = EDGE_CURVE ( 'NONE', #1133, #1126, #18, .T. ) ;
#1456 = ORIENTED_EDGE ( 'NONE', *, *, #1132, .T. ) ;
#1457 = ORIENTED_EDGE ( 'NONE', *, *, #1429, .T. ) ;
#1458 = ADVANCED_FACE ( 'NONE', ( #14 ), #122, .T. ) ;
#1459 = EDGE_LOOP ( 'NONE', ( #1460, #1461, #1383, #1384 ) ) ;
#1460 = ORIENTED_EDGE ( 'NONE', *, *, #1125, .F. ) ;
#1461 = ORIENTED_EDGE ( 'NONE', *, *, #1462, .F. ) ;
#1462 = EDGE_CURVE ( 'NONE', #1081, #1123, #117, .T. ) ;
#1463 = CARTESIAN_POINT ( 'NONE',  ( -0.7404382647729369500, 0.04881759111665351400, -1.390493878578904100 ) ) ;
#1464 = DIRECTION ( 'NONE',  ( 0.1679009179374290900, -0.9522134233956638400, 0.2551448178209362900 ) ) ;
#1465 = VECTOR ( 'NONE', #1464, 1000.000000000000100 ) ;
#1466 = CARTESIAN_POINT ( 'NONE',  ( -0.6166122555299988800, -0.6534346038986336100, -1.202325970041579800 ) ) ;
#1467 = LINE ( 'NONE', #1466, #1465 ) ;
#1468 = DIRECTION ( 'NONE',  ( -0.0000000000000000000, -0.0000000000000000000, -1.000000000000000000 ) ) ;
#1469 = VECTOR ( 'NONE', #1468, 1000.000000000000000 ) ;
#1470 = CARTESIAN_POINT ( 'NONE',  ( -0.8125000000000000000, 0.4574999999999999600, 1.500000000000000000 ) ) ;
#1471 = LINE ( 'NONE', #1470, #1469 ) ;
#1472 = CARTESIAN_POINT ( 'NONE',  ( 0.7404382647729369500, 0.04881759111665350000, -1.390493878578904500 ) ) ;
#1473 = DIRECTION ( 'NONE',  ( -0.0000000000000000000, -0.0000000000000000000, -1.000000000000000000 ) ) ;
#1474 = VECTOR ( 'NONE', #1473, 1000.000000000000000 ) ;
#1475 = CARTESIAN_POINT ( 'NONE',  ( 0.7404382647729369500, 0.04881759111665352800, 1.500000000000000000 ) ) ;
#1476 = LINE ( 'NONE', #1475, #1474 ) ;
#1477 = DIRECTION ( 'NONE',  ( -0.0000000000000000000, -0.0000000000000000000, -1.000000000000000000 ) ) ;
#1478 = VECTOR ( 'NONE', #1477, 1000.000000000000000 ) ;
#1479 = CARTESIAN_POINT ( 'NONE',  ( -0.7404382647729369500, 0.04881759111665351400, 1.500000000000000000 ) ) ;
#1480 = LINE ( 'NONE', #1479, #1478 ) ;
#1481 = CARTESIAN_POINT ( 'NONE',  ( 0.7404382647729369500, 0.04881759111665352800, 1.390493878578904300 ) ) ;
#1482 = ORIENTED_EDGE ( 'NONE', *, *, #1483, .T. ) ;
#1483 = EDGE_CURVE ( 'NONE', #1485, #1522, #113, .T. ) ;
#1484 = ORIENTED_EDGE ( 'NONE', *, *, #1527, .T. ) ;
#1485 = VERTEX_POINT ( 'NONE', #109 ) ;
#1486 = ORIENTED_EDGE ( 'NONE', *, *, #1498, .T. ) ;
#1487 = VERTEX_POINT ( 'NONE', #108 ) ;
#1488 = ORIENTED_EDGE ( 'NONE', *, *, #1489, .F. ) ;
#1489 = EDGE_CURVE ( 'NONE', #1490, #1487, #107, .T. ) ;
#1490 = VERTEX_POINT ( 'NONE', #103 ) ;
#1491 = ORIENTED_EDGE ( 'NONE', *, *, #1492, .F. ) ;
#1492 = EDGE_CURVE ( 'NONE', #1510, #1490, #101, .T. ) ;
#1493 = ADVANCED_FACE ( 'NONE', ( #97 ), #61, .T. ) ;
#1494 = EDGE_LOOP ( 'NONE', ( #1440, #1087, #1063, #1064 ) ) ;
#1495 = ORIENTED_EDGE ( 'NONE', *, *, #1228, .T. ) ;
#1496 = CLOSED_SHELL ( 'NONE', ( #669, #741, #587, #455, #470, #482, #447, #661, #497, #769, #732, #657, #683, #491, #494, #784, #632, #642, #700, #735, #595, #605, #613, #705, #887, #913, #793, #910, #819, #966, #902, #1036, #850, #905, #952, #918, #1045, #1051, #997, #1029, #811, #944, #818, #1009, #833, #992, #801, #808, #880, #1360, #984, #1102, #1294, #1270, #1260, #1267, #1305, #1325, #1242, #1296, #1366, #1334, #1255, #1171, #1162, #1203, #1210, #1218, #1224, #1195, #1439, #1128, #1116, #1554, #1493, #1070, #1089, #1399, #1501, #1418, #1425, #1404, #1458, #1385, #1430, #1435, #1549 ) ) ;
#1497 = ORIENTED_EDGE ( 'NONE', *, *, #1498, .F. ) ;
#1498 = EDGE_CURVE ( 'NONE', #1487, #1522, #55, .T. ) ;
#1499 = ORIENTED_EDGE ( 'NONE', *, *, #1546, .T. ) ;
#1500 = ORIENTED_EDGE ( 'NONE', *, *, #1113, .T. ) ;
#1501 = ADVANCED_FACE ( 'NONE', ( #51 ), #82, .T. ) ;
#1502 = PLANE ( 'NONE',  #1392 ) ;
#1503 = CARTESIAN_POINT ( 'NONE',  ( -0.6911978771223265000, 0.007500000000000019700, 1.500000000000000000 ) ) ;
#1504 = CARTESIAN_POINT ( 'NONE',  ( -0.7404382647729369500, 0.04881759111665351400, 1.390493878578904300 ) ) ;
#1505 = CARTESIAN_POINT ( 'NONE',  ( -0.7360300902552254800, 0.02381759111665350900, 1.383795148768126600 ) ) ;
#1506 = CARTESIAN_POINT ( 'NONE',  ( -0.7165835424194702000, 0.007500000000000033500, 1.379422863405997700 ) ) ;
#1507 = CARTESIAN_POINT ( 'NONE',  ( -0.6911978771223265000, 0.007500000000000019700, 1.379422863405998000 ) ) ;
#1508 =( BOUNDED_CURVE ( )  B_SPLINE_CURVE ( 3, ( #1507, #1506, #1505, #1504 ),
 .UNSPECIFIED., .F., .T. ) 
 B_SPLINE_CURVE_WITH_KNOTS ( ( 4, 4 ),
 ( 0.0000000000000000000, 1.396263401595463100 ),
 .UNSPECIFIED. ) 
 CURVE ( )  GEOMETRIC_REPRESENTATION_ITEM ( )  RATIONAL_B_SPLINE_CURVE ( ( 1.000000000000000000, 0.8440296287459855300, 0.8440296287459855300, 1.000000000000000000 ) ) 
 REPRESENTATION_ITEM ( '' )  );
#1509 = EDGE_CURVE ( 'NONE', #1114, #745, #77, .T. ) ;
#1510 = VERTEX_POINT ( 'NONE', #73 ) ;
#1511 = ORIENTED_EDGE ( 'NONE', *, *, #1512, .F. ) ;
#1512 = EDGE_CURVE ( 'NONE', #1130, #1510, #72, .T. ) ;
#1513 = ORIENTED_EDGE ( 'NONE', *, *, #1174, .F. ) ;
#1514 = ORIENTED_EDGE ( 'NONE', *, *, #1161, .T. ) ;
#1515 = AXIS2_PLACEMENT_3D ( 'NONE', #1576, #1575, #1574 ) ;
#1516 = PLANE ( 'NONE',  #1515 ) ;
#1517 =( GEOMETRIC_REPRESENTATION_CONTEXT ( 3 ) GLOBAL_UNCERTAINTY_ASSIGNED_CONTEXT ( ( #1518 ) ) GLOBAL_UNIT_ASSIGNED_CONTEXT ( ( #1442, #1520, #1519 ) ) REPRESENTATION_CONTEXT ( 'NONE', 'WORKASPACE' ) );
#1518 = UNCERTAINTY_MEASURE_WITH_UNIT (LENGTH_MEASURE( 1.000000000000000100E-005 ), #1442, 'distance_accuracy_value', 'NONE');
#1519 =( NAMED_UNIT ( * ) SI_UNIT ( $, .STERADIAN. ) SOLID_ANGLE_UNIT ( ) );
#1520 =( NAMED_UNIT ( * ) PLANE_ANGLE_UNIT ( ) SI_UNIT ( $, .RADIAN. ) );
#1521 = VERTEX_POINT ( 'NONE', #68 ) ;
#1522 = VERTEX_POINT ( 'NONE', #67 ) ;
#1523 = EDGE_CURVE ( 'NONE', #1076, #1521, #158, .T. ) ;
#1524 = ORIENTED_EDGE ( 'NONE', *, *, #1083, .T. ) ;
#1525 = ORIENTED_EDGE ( 'NONE', *, *, #1462, .T. ) ;
#1526 = EDGE_LOOP ( 'NONE', ( #1431, #1432, #1433, #1434 ) ) ;
#1527 = EDGE_CURVE ( 'NONE', #1521, #1485, #154, .T. ) ;
#1528 = ORIENTED_EDGE ( 'NONE', *, *, #1529, .F. ) ;
#1529 = EDGE_CURVE ( 'NONE', #673, #672, #150, .T. ) ;
#1530 = CARTESIAN_POINT ( 'NONE',  ( -0.7165835424194703100, 0.007500000000000037000, -1.379422863405998200 ) ) ;
#1531 = CARTESIAN_POINT ( 'NONE',  ( -0.7360300902552254800, 0.02381759111665348100, -1.383795148768126400 ) ) ;
#1532 = CARTESIAN_POINT ( 'NONE',  ( -0.7404382647729369500, 0.04881759111665351400, -1.390493878578904100 ) ) ;
#1533 =( BOUNDED_CURVE ( )  B_SPLINE_CURVE ( 3, ( #1532, #1531, #1530, #1398 ),
 .UNSPECIFIED., .F., .T. ) 
 B_SPLINE_CURVE_WITH_KNOTS ( ( 4, 4 ),
 ( 1.745329251994331100, 3.141592653589793100 ),
 .UNSPECIFIED. ) 
 CURVE ( )  GEOMETRIC_REPRESENTATION_ITEM ( )  RATIONAL_B_SPLINE_CURVE ( ( 1.000000000000000000, 0.8440296287459856400, 0.8440296287459856400, 1.000000000000000000 ) ) 
 REPRESENTATION_ITEM ( '' )  );
#1534 = LINE ( 'NONE', #1397, #1396 ) ;
#1535 = CARTESIAN_POINT ( 'NONE',  ( -0.6911978771223265000, 0.007500000000000019700, -1.379422863405998000 ) ) ;
#1536 = DIRECTION ( 'NONE',  ( -1.000000000000000000, 0.0000000000000000000, 0.0000000000000000000 ) ) ;
#1537 = DIRECTION ( 'NONE',  ( -0.0000000000000000000, -0.0000000000000000000, -1.000000000000000000 ) ) ;
#1538 = CARTESIAN_POINT ( 'NONE',  ( -0.6911978771223265000, 0.05750000000000003000, 1.500000000000000000 ) ) ;
#1539 = AXIS2_PLACEMENT_3D ( 'NONE', #1538, #1537, #1536 ) ;
#1540 = CYLINDRICAL_SURFACE ( 'NONE', #1539, 0.05000000000000002400 ) ;
#1541 = EDGE_LOOP ( 'NONE', ( #1542, #1543, #1545, #1486 ) ) ;
#1542 = ORIENTED_EDGE ( 'NONE', *, *, #1483, .F. ) ;
#1543 = ORIENTED_EDGE ( 'NONE', *, *, #1544, .F. ) ;
#1544 = EDGE_CURVE ( 'NONE', #1490, #1485, #145, .T. ) ;
#1545 = ORIENTED_EDGE ( 'NONE', *, *, #1489, .T. ) ;
#1546 = EDGE_CURVE ( 'NONE', #1487, #1114, #140, .T. ) ;
#1547 = ORIENTED_EDGE ( 'NONE', *, *, #740, .T. ) ;
#1548 = ORIENTED_EDGE ( 'NONE', *, *, #751, .T. ) ;
#1549 = ADVANCED_FACE ( 'NONE', ( #135 ), #190, .T. ) ;
#1550 = EDGE_LOOP ( 'NONE', ( #1551, #1552 ) ) ;
#1551 = ORIENTED_EDGE ( 'NONE', *, *, #1529, .T. ) ;
#1552 = ORIENTED_EDGE ( 'NONE', *, *, #671, .T. ) ;
#1553 = ORIENTED_EDGE ( 'NONE', *, *, #1094, .T. ) ;
#1554 = ADVANCED_FACE ( 'NONE', ( #188 ), #169, .T. ) ;
#1555 = EDGE_CURVE ( 'NONE', #1298, #1145, #164, .T. ) ;
#1556 = FACE_OUTER_BOUND ( 'NONE', #471, .T. ) ;
#1557 = DIRECTION ( 'NONE',  ( -0.1679009179374290900, 0.9522134233956638400, 0.2551448178209362900 ) ) ;
#1558 = VECTOR ( 'NONE', #1557, 1000.000000000000100 ) ;
#1559 = CARTESIAN_POINT ( 'NONE',  ( -0.7451294028873387500, 0.07542235741817669700, 1.397622604224216100 ) ) ;
#1560 = LINE ( 'NONE', #1559, #1558 ) ;
#1561 = CARTESIAN_POINT ( 'NONE',  ( -0.7404382647729369500, 0.04881759111665351400, 1.390493878578904300 ) ) ;
#1562 = DIRECTION ( 'NONE',  ( -0.0000000000000000000, -0.0000000000000000000, -1.000000000000000000 ) ) ;
#1563 = VECTOR ( 'NONE', #1562, 1000.000000000000000 ) ;
#1564 = CARTESIAN_POINT ( 'NONE',  ( -0.8125000000000000000, 0.4574999999999999600, 1.500000000000000000 ) ) ;
#1565 = LINE ( 'NONE', #1564, #1563 ) ;
#1566 = DIRECTION ( 'NONE',  ( -0.08641570524680507200, 0.9877360307509845900, 0.1300379154054207600 ) ) ;
#1567 = VECTOR ( 'NONE', #1566, 1000.000000000000000 ) ;
#1568 = CARTESIAN_POINT ( 'NONE',  ( 0.7787880454942485200, 0.8428294032290477600, -1.449270421671037900 ) ) ;
#1569 = LINE ( 'NONE', #1568, #1567 ) ;
#1570 = DIRECTION ( 'NONE',  ( -0.0000000000000000000, -0.0000000000000000000, -1.000000000000000000 ) ) ;
#1571 = VECTOR ( 'NONE', #1570, 1000.000000000000000 ) ;
#1572 = CARTESIAN_POINT ( 'NONE',  ( -0.8125000000000000000, 0.4574999999999999600, 1.500000000000000000 ) ) ;
#1573 = LINE ( 'NONE', #1572, #1571 ) ;
#1574 = DIRECTION ( 'NONE',  ( -0.1736481776669308600, 0.9848077530122080200, 0.0000000000000000000 ) ) ;
#1575 = DIRECTION ( 'NONE',  ( 0.9848077530122080200, 0.1736481776669308600, -0.0000000000000000000 ) ) ;
#1576 = CARTESIAN_POINT ( 'NONE',  ( -0.7404382647729369500, 0.04881759111665351400, 1.500000000000000000 ) ) ;
#1577 = CARTESIAN_POINT ( 'NONE',  ( -0.8125000000000000000, 0.4574999999999999600, 1.500000000000000000 ) ) ;
#1578 = DIRECTION ( 'NONE',  ( 1.000000000000000000, -0.0000000000000000000, -0.0000000000000000000 ) ) ;
#1579 = VECTOR ( 'NONE', #1578, 1000.000000000000000 ) ;
#1580 = CARTESIAN_POINT ( 'NONE',  ( -0.8125000000000000000, 0.007500000000000019700, -1.379422863405998000 ) ) ;
#1581 = LINE ( 'NONE', #1580, #1579 ) ;
#1582 = LINE ( 'NONE', #1577, #1980 ) ;
#1583 = DIRECTION ( 'NONE',  ( 0.0000000000000000000, -0.0000000000000000000, 1.000000000000000000 ) ) ;
#1584 = DIRECTION ( 'NONE',  ( 0.0000000000000000000, 1.000000000000000000, 0.0000000000000000000 ) ) ;
#1585 = DIRECTION ( 'NONE',  ( -0.0000000000000000000, -0.0000000000000000000, -1.000000000000000000 ) ) ;
#1586 = VECTOR ( 'NONE', #1585, 1000.000000000000000 ) ;
#1587 = CARTESIAN_POINT ( 'NONE',  ( -0.8125000000000000000, 0.4574999999999999600, 1.500000000000000000 ) ) ;
#1588 = LINE ( 'NONE', #1587, #1586 ) ;
#1589 = DIRECTION ( 'NONE',  ( 0.08715574274765861000, -0.9961946980917454300, 0.0000000000000000000 ) ) ;
#1590 = VECTOR ( 'NONE', #1589, 1000.000000000000100 ) ;
#1591 = CARTESIAN_POINT ( 'NONE',  ( 0.8125000000000000000, 0.4574999999999999600, 0.7624999999999999600 ) ) ;
#1592 = LINE ( 'NONE', #1591, #1590 ) ;
#1593 = CARTESIAN_POINT ( 'NONE',  ( 0.8076881235060742200, 0.5124999999999999600, 0.7624999999999999600 ) ) ;
#1594 = CARTESIAN_POINT ( 'NONE',  ( 0.8076881235060742200, 0.5124999999999999600, -1.137500000000000000 ) ) ;
#1595 = DIRECTION ( 'NONE',  ( 0.0000000000000000000, 0.0000000000000000000, 1.000000000000000000 ) ) ;
#1596 = VECTOR ( 'NONE', #1595, 1000.000000000000000 ) ;
#1597 = CARTESIAN_POINT ( 'NONE',  ( 0.8076881235060742200, 0.5124999999999999600, 1.500000000000000000 ) ) ;
#1598 = LINE ( 'NONE', #1597, #1596 ) ;
#1599 = CARTESIAN_POINT ( 'NONE',  ( 0.8076881235060742200, 0.5124999999999999600, -0.7625000000000001800 ) ) ;
#1600 = DIRECTION ( 'NONE',  ( 0.08715574274765861000, -0.9961946980917454300, 0.0000000000000000000 ) ) ;
#1601 = VECTOR ( 'NONE', #1600, 1000.000000000000100 ) ;
#1602 = CARTESIAN_POINT ( 'NONE',  ( 0.8125000000000000000, 0.4574999999999999600, -0.7625000000000001800 ) ) ;
#1603 = LINE ( 'NONE', #1602, #1601 ) ;
#1604 = FILL_AREA_STYLE_COLOUR ( '', #1605 ) ;
#1605 = COLOUR_RGB ( '',1.000000000000000000, 1.000000000000000000, 1.000000000000000000 ) ;
#1606 = FACE_OUTER_BOUND ( 'NONE', #526, .T. ) ;
#1607 = DIRECTION ( 'NONE',  ( -0.0000000000000000000, -0.0000000000000000000, -1.000000000000000000 ) ) ;
#1608 = VECTOR ( 'NONE', #1607, 1000.000000000000000 ) ;
#1609 = CARTESIAN_POINT ( 'NONE',  ( -0.8076881235060741100, 0.5124999999999999600, -1.137500000000000000 ) ) ;
#1610 = DIRECTION ( 'NONE',  ( 0.08715574274765861000, 0.9961946980917454300, 0.0000000000000000000 ) ) ;
#1611 = VECTOR ( 'NONE', #1610, 1000.000000000000100 ) ;
#1612 = CARTESIAN_POINT ( 'NONE',  ( -0.7775045345896302000, 0.8574999999999997100, -1.137500000000000000 ) ) ;
#1613 = LINE ( 'NONE', #1612, #1611 ) ;
#1614 = CARTESIAN_POINT ( 'NONE',  ( -0.8125000000000000000, 0.4574999999999999600, -1.137500000000000000 ) ) ;
#1615 = CARTESIAN_POINT ( 'NONE',  ( -0.8125000000000000000, 0.4575000000000000200, -0.7625000000000001800 ) ) ;
#1616 = DIRECTION ( 'NONE',  ( 0.08715574274765861000, 0.9961946980917454300, 0.0000000000000000000 ) ) ;
#1617 = VECTOR ( 'NONE', #1616, 1000.000000000000100 ) ;
#1618 = CARTESIAN_POINT ( 'NONE',  ( -0.7775045345896302000, 0.8574999999999997100, -0.7625000000000001800 ) ) ;
#1619 = LINE ( 'NONE', #1618, #1617 ) ;
#1620 = CARTESIAN_POINT ( 'NONE',  ( -0.8076881235060741100, 0.5124999999999999600, -0.7625000000000001800 ) ) ;
#1621 = DIRECTION ( 'NONE',  ( 0.0000000000000000000, 0.0000000000000000000, 1.000000000000000000 ) ) ;
#1622 = VECTOR ( 'NONE', #1621, 1000.000000000000000 ) ;
#1623 = CARTESIAN_POINT ( 'NONE',  ( -0.8076881235060742200, 0.5124999999999999600, 1.500000000000000000 ) ) ;
#1624 = LINE ( 'NONE', #1623, #1622 ) ;
#1625 = PRESENTATION_LAYER_ASSIGNMENT (  '', '', ( #1626 ) ) ;
#1626 = STYLED_ITEM ( 'NONE', ( #1627 ), #491 ) ;
#1627 = PRESENTATION_STYLE_ASSIGNMENT (( #1628 ) ) ;
#1628 = SURFACE_STYLE_USAGE ( .BOTH. , #1629 ) ;
#1629 = SURFACE_SIDE_STYLE ('',( #1630 ) ) ;
#1630 = SURFACE_STYLE_FILL_AREA ( #1635 ) ;
#1631 =( NAMED_UNIT ( * ) PLANE_ANGLE_UNIT ( ) SI_UNIT ( $, .RADIAN. ) );
#1632 =( LENGTH_UNIT ( ) NAMED_UNIT ( * ) SI_UNIT ( .MILLI., .METRE. ) );
#1633 = MECHANICAL_DESIGN_GEOMETRIC_PRESENTATION_REPRESENTATION (  '', ( #1626 ), #1639 ) ;
#1634 = CARTESIAN_POINT ( 'NONE',  ( 0.6911978771223265000, 0.007500000000000019700, 1.500000000000000000 ) ) ;
#1635 = FILL_AREA_STYLE ('',( #1604 ) ) ;
#1636 = LINE ( 'NONE', #1634, #1608 ) ;
#1637 = PLANE ( 'NONE',  #1638 ) ;
#1638 = AXIS2_PLACEMENT_3D ( 'NONE', #1686, #1685, #1684 ) ;
#1639 =( GEOMETRIC_REPRESENTATION_CONTEXT ( 3 ) GLOBAL_UNCERTAINTY_ASSIGNED_CONTEXT ( ( #1672 ) ) GLOBAL_UNIT_ASSIGNED_CONTEXT ( ( #1632, #1631, #1673 ) ) REPRESENTATION_CONTEXT ( 'NONE', 'WORKASPACE' ) );
#1640 = CARTESIAN_POINT ( 'NONE',  ( 0.6911978771223265000, 0.007500000000000033500, -1.379422863405998200 ) ) ;
#1641 = PRESENTATION_STYLE_ASSIGNMENT (( #1642 ) ) ;
#1642 = SURFACE_STYLE_USAGE ( .BOTH. , #1643 ) ;
#1643 = SURFACE_SIDE_STYLE ('',( #1644 ) ) ;
#1644 = SURFACE_STYLE_FILL_AREA ( #1645 ) ;
#1645 = FILL_AREA_STYLE ('',( #1653 ) ) ;
#1646 = COLOUR_RGB ( '',0.5019607843137254800, 0.5019607843137254800, 0.5019607843137254800 ) ;
#1647 = FACE_OUTER_BOUND ( 'NONE', #752, .T. ) ;
#1648 = DIRECTION ( 'NONE',  ( 0.0000000000000000000, -0.0000000000000000000, -1.000000000000000000 ) ) ;
#1649 = DIRECTION ( 'NONE',  ( 0.0000000000000000000, -1.000000000000000000, 0.0000000000000000000 ) ) ;
#1650 = CARTESIAN_POINT ( 'NONE',  ( 0.6500000000000000200, 0.5124999999999999600, 0.1875000000000000000 ) ) ;
#1651 = AXIS2_PLACEMENT_3D ( 'NONE', #1650, #1649, #1648 ) ;
#1652 = FACE_BOUND ( 'NONE', #791, .T. ) ;
#1653 = FILL_AREA_STYLE_COLOUR ( '', #1646 ) ;
#1654 = PLANE ( 'NONE',  #1651 ) ;
#1655 =( GEOMETRIC_REPRESENTATION_CONTEXT ( 3 ) GLOBAL_UNCERTAINTY_ASSIGNED_CONTEXT ( ( #1656 ) ) GLOBAL_UNIT_ASSIGNED_CONTEXT ( ( #1689, #1688, #1687 ) ) REPRESENTATION_CONTEXT ( 'NONE', 'WORKASPACE' ) );
#1656 = UNCERTAINTY_MEASURE_WITH_UNIT (LENGTH_MEASURE( 1.000000000000000100E-005 ), #1689, 'distance_accuracy_value', 'NONE');
#1657 = DIRECTION ( 'NONE',  ( 0.0000000000000000000, -0.0000000000000000000, -1.000000000000000000 ) ) ;
#1658 = DIRECTION ( 'NONE',  ( 0.0000000000000000000, -1.000000000000000000, 0.0000000000000000000 ) ) ;
#1659 = CARTESIAN_POINT ( 'NONE',  ( 0.7775045345896302000, 0.8574999999999997100, 1.500000000000000000 ) ) ;
#1660 = AXIS2_PLACEMENT_3D ( 'NONE', #1659, #1658, #1657 ) ;
#1661 = LINE ( 'NONE', #1751, #1750 ) ;
#1662 = CARTESIAN_POINT ( 'NONE',  ( 0.9184913942346189000, 0.4451202584772367400, 0.1875000000000000000 ) ) ;
#1663 = PLANE ( 'NONE',  #1660 ) ;
#1664 =( GEOMETRIC_REPRESENTATION_CONTEXT ( 3 ) GLOBAL_UNCERTAINTY_ASSIGNED_CONTEXT ( ( #1665 ) ) GLOBAL_UNIT_ASSIGNED_CONTEXT ( ( #1668, #1667, #1666 ) ) REPRESENTATION_CONTEXT ( 'NONE', 'WORKASPACE' ) );
#1665 = UNCERTAINTY_MEASURE_WITH_UNIT (LENGTH_MEASURE( 1.000000000000000100E-005 ), #1668, 'distance_accuracy_value', 'NONE');
#1666 =( NAMED_UNIT ( * ) SI_UNIT ( $, .STERADIAN. ) SOLID_ANGLE_UNIT ( ) );
#1667 =( NAMED_UNIT ( * ) PLANE_ANGLE_UNIT ( ) SI_UNIT ( $, .RADIAN. ) );
#1668 =( LENGTH_UNIT ( ) NAMED_UNIT ( * ) SI_UNIT ( .MILLI., .METRE. ) );
#1669 = MECHANICAL_DESIGN_GEOMETRIC_PRESENTATION_REPRESENTATION (  '', ( #1671 ), #1664 ) ;
#1670 = PRESENTATION_LAYER_ASSIGNMENT (  '', '', ( #1671 ) ) ;
#1671 = STYLED_ITEM ( 'NONE', ( #1641 ), #497 ) ;
#1672 = UNCERTAINTY_MEASURE_WITH_UNIT (LENGTH_MEASURE( 1.000000000000000100E-005 ), #1632, 'distance_accuracy_value', 'NONE');
#1673 =( NAMED_UNIT ( * ) SI_UNIT ( $, .STERADIAN. ) SOLID_ANGLE_UNIT ( ) );
#1674 = FACE_OUTER_BOUND ( 'NONE', #495, .T. ) ;
#1675 = SURFACE_SIDE_STYLE ('',( #1676 ) ) ;
#1676 = SURFACE_STYLE_FILL_AREA ( #1677 ) ;
#1677 = FILL_AREA_STYLE ('',( #1683 ) ) ;
#1678 = COLOUR_RGB ( '',1.000000000000000000, 1.000000000000000000, 1.000000000000000000 ) ;
#1679 = DIRECTION ( 'NONE',  ( -0.0000000000000000000, -0.0000000000000000000, -1.000000000000000000 ) ) ;
#1680 = VECTOR ( 'NONE', #1679, 1000.000000000000000 ) ;
#1681 = CARTESIAN_POINT ( 'NONE',  ( 0.9000000000000000200, 0.4575000000000000200, 0.1875000000000000000 ) ) ;
#1682 = LINE ( 'NONE', #1681, #1680 ) ;
#1683 = FILL_AREA_STYLE_COLOUR ( '', #1678 ) ;
#1684 = DIRECTION ( 'NONE',  ( -1.000000000000000000, -4.336808689942017700E-016, 0.0000000000000000000 ) ) ;
#1685 = DIRECTION ( 'NONE',  ( -4.336808689942017700E-016, 1.000000000000000000, 0.0000000000000000000 ) ) ;
#1686 = CARTESIAN_POINT ( 'NONE',  ( 0.6500000000000000200, 0.4574999999999999100, 0.1875000000000000000 ) ) ;
#1687 =( NAMED_UNIT ( * ) SI_UNIT ( $, .STERADIAN. ) SOLID_ANGLE_UNIT ( ) );
#1688 =( NAMED_UNIT ( * ) PLANE_ANGLE_UNIT ( ) SI_UNIT ( $, .RADIAN. ) );
#1689 =( LENGTH_UNIT ( ) NAMED_UNIT ( * ) SI_UNIT ( .MILLI., .METRE. ) );
#1690 = MECHANICAL_DESIGN_GEOMETRIC_PRESENTATION_REPRESENTATION (  '', ( #1692 ), #1655 ) ;
#1691 = PRESENTATION_LAYER_ASSIGNMENT (  '', '', ( #1692 ) ) ;
#1692 = STYLED_ITEM ( 'NONE', ( #1693 ), #494 ) ;
#1693 = PRESENTATION_STYLE_ASSIGNMENT (( #1694 ) ) ;
#1694 = SURFACE_STYLE_USAGE ( .BOTH. , #1675 ) ;
#1695 = CARTESIAN_POINT ( 'NONE',  ( 0.8125000000000000000, 0.4574999999999999600, -0.7625000000000001800 ) ) ;
#1696 = DIRECTION ( 'NONE',  ( -0.0000000000000000000, -0.0000000000000000000, -1.000000000000000000 ) ) ;
#1697 = VECTOR ( 'NONE', #1696, 1000.000000000000000 ) ;
#1698 = CARTESIAN_POINT ( 'NONE',  ( 0.8125000000000000000, 0.4574999999999999600, 1.500000000000000000 ) ) ;
#1699 = LINE ( 'NONE', #1698, #1697 ) ;
#1700 = CARTESIAN_POINT ( 'NONE',  ( 0.8125000000000000000, 0.4574999999999999600, -0.1874999999999999400 ) ) ;
#1701 = DIRECTION ( 'NONE',  ( 0.08715574274765861000, -0.9961946980917454300, 0.0000000000000000000 ) ) ;
#1702 = VECTOR ( 'NONE', #1701, 1000.000000000000100 ) ;
#1703 = CARTESIAN_POINT ( 'NONE',  ( 0.8125000000000000000, 0.4574999999999999600, -0.1874999999999999400 ) ) ;
#1704 = LINE ( 'NONE', #1703, #1702 ) ;
#1705 = CARTESIAN_POINT ( 'NONE',  ( -0.8076881235060741100, 0.5124999999999999600, 0.7624999999999999600 ) ) ;
#1706 = CARTESIAN_POINT ( 'NONE',  ( -0.8125000000000000000, 0.4574999999999999600, 0.7624999999999999600 ) ) ;
#1707 = DIRECTION ( 'NONE',  ( -0.0000000000000000000, -0.0000000000000000000, -1.000000000000000000 ) ) ;
#1708 = VECTOR ( 'NONE', #1707, 1000.000000000000000 ) ;
#1709 = CARTESIAN_POINT ( 'NONE',  ( -0.8125000000000000000, 0.4574999999999999600, 1.500000000000000000 ) ) ;
#1710 = LINE ( 'NONE', #1709, #1708 ) ;
#1711 = CARTESIAN_POINT ( 'NONE',  ( -0.8125000000000000000, 0.4575000000000000200, 0.1874999999999999700 ) ) ;
#1712 = DIRECTION ( 'NONE',  ( 0.08715574274765861000, 0.9961946980917454300, 0.0000000000000000000 ) ) ;
#1713 = VECTOR ( 'NONE', #1712, 1000.000000000000100 ) ;
#1714 = CARTESIAN_POINT ( 'NONE',  ( -0.7775045345896302000, 0.8574999999999997100, 0.1874999999999999400 ) ) ;
#1715 = LINE ( 'NONE', #1714, #1713 ) ;
#1716 = CARTESIAN_POINT ( 'NONE',  ( -0.8076881235060741100, 0.5124999999999999600, 0.1874999999999999700 ) ) ;
#1717 = CARTESIAN_POINT ( 'NONE',  ( 1.081508605765380900, 0.04954108823671980000, -0.1875000000000000000 ) ) ;
#1718 = DIRECTION ( 'NONE',  ( 1.000000000000000000, 0.0000000000000000000, 0.0000000000000000000 ) ) ;
#1719 = DIRECTION ( 'NONE',  ( 0.0000000000000000000, 0.0000000000000000000, 1.000000000000000000 ) ) ;
#1720 = CARTESIAN_POINT ( 'NONE',  ( 1.118491394234618900, 0.06478160519119338700, -0.1875000000000000000 ) ) ;
#1721 = AXIS2_PLACEMENT_3D ( 'NONE', #1720, #1719, #1718 ) ;
#1722 = CIRCLE ( 'NONE', #1721, 0.03999999999999989000 ) ;
#1723 = DIRECTION ( 'NONE',  ( 0.08715574274765965100, 0.9961946980917454300, 0.0000000000000000000 ) ) ;
#1724 = VECTOR ( 'NONE', #1723, 1000.000000000000000 ) ;
#1725 = CARTESIAN_POINT ( 'NONE',  ( 1.399999999999999900, 0.0000000000000000000, -0.1875000000000000000 ) ) ;
#1726 = DIRECTION ( 'NONE',  ( -0.0000000000000000000, -0.0000000000000000000, -1.000000000000000000 ) ) ;
#1727 = VECTOR ( 'NONE', #1726, 1000.000000000000000 ) ;
#1728 = CARTESIAN_POINT ( 'NONE',  ( 0.8125000000000000000, 0.4574999999999999600, 1.500000000000000000 ) ) ;
#1729 = LINE ( 'NONE', #1728, #1727 ) ;
#1730 = CARTESIAN_POINT ( 'NONE',  ( 0.8125000000000000000, 0.4575000000000000200, 0.7624999999999999600 ) ) ;
#1731 = CARTESIAN_POINT ( 'NONE',  ( -0.8125000000000000000, 0.4574999999999999600, -1.500000000000000000 ) ) ;
#1732 = DIRECTION ( 'NONE',  ( -0.08641570524680507200, -0.9877360307509845900, -0.1300379154054207600 ) ) ;
#1733 = VECTOR ( 'NONE', #1732, 1000.000000000000000 ) ;
#1734 = CARTESIAN_POINT ( 'NONE',  ( -0.7443843484851100400, 1.236065459451852500, -1.397499912727891100 ) ) ;
#1735 = LINE ( 'NONE', #1734, #1733 ) ;
#1736 = CARTESIAN_POINT ( 'NONE',  ( -0.7775045345896304200, 0.8574999999999997100, -1.447339000965044600 ) ) ;
#1737 = DIRECTION ( 'NONE',  ( -0.0000000000000000000, -0.0000000000000000000, -1.000000000000000000 ) ) ;
#1738 = VECTOR ( 'NONE', #1737, 1000.000000000000000 ) ;
#1739 = CARTESIAN_POINT ( 'NONE',  ( -0.7775045345896302000, 0.8574999999999997100, 1.500000000000000000 ) ) ;
#1740 = LINE ( 'NONE', #1739, #1738 ) ;
#1741 = CARTESIAN_POINT ( 'NONE',  ( 0.8125000000000000000, 0.4575000000000000200, -1.137500000000000000 ) ) ;
#1742 = CARTESIAN_POINT ( 'NONE',  ( 1.115005164524712500, 0.02493381726752363600, 0.1875000000000000000 ) ) ;
#1743 = DIRECTION ( 'NONE',  ( 1.000000000000000000, 0.0000000000000000000, 0.0000000000000000000 ) ) ;
#1744 = DIRECTION ( 'NONE',  ( 0.0000000000000000000, 0.0000000000000000000, 1.000000000000000000 ) ) ;
#1745 = CARTESIAN_POINT ( 'NONE',  ( 1.118491394234618900, 0.06478160519119338700, 0.1875000000000000000 ) ) ;
#1746 = AXIS2_PLACEMENT_3D ( 'NONE', #1745, #1744, #1743 ) ;
#1747 = CIRCLE ( 'NONE', #1746, 0.03999999999999989000 ) ;
#1748 = CARTESIAN_POINT ( 'NONE',  ( 1.081508605765380900, 0.04954108823671980000, 0.1875000000000000000 ) ) ;
#1749 = DIRECTION ( 'NONE',  ( 0.3810129238618398800, -0.9245697117309499300, 0.0000000000000000000 ) ) ;
#1750 = VECTOR ( 'NONE', #1749, 999.9999999999998900 ) ;
#1751 = CARTESIAN_POINT ( 'NONE',  ( 0.9184913942346189000, 0.4451202584772367400, 0.1875000000000000000 ) ) ;
#1752 = LINE ( 'NONE', #1725, #1724 ) ;
#1753 = CARTESIAN_POINT ( 'NONE',  ( 1.404793565851121300, 0.05479070839504601700, -0.1875000000000000000 ) ) ;
#1754 = DIRECTION ( 'NONE',  ( -0.9961946980917455500, 0.08715574274765845700, -0.0000000000000000000 ) ) ;
#1755 = VECTOR ( 'NONE', #1754, 1000.000000000000100 ) ;
#1756 = CARTESIAN_POINT ( 'NONE',  ( 1.128884804356739200, 0.07892959719328251900, -0.1875000000000000000 ) ) ;
#1757 = LINE ( 'NONE', #1756, #1755 ) ;
#1758 = CARTESIAN_POINT ( 'NONE',  ( 1.128884804356739200, 0.07892959719328251900, -0.1875000000000000000 ) ) ;
#1759 = DIRECTION ( 'NONE',  ( -0.3810129238618399900, 0.9245697117309498200, -0.0000000000000000000 ) ) ;
#1760 = VECTOR ( 'NONE', #1759, 1000.000000000000100 ) ;
#1761 = CARTESIAN_POINT ( 'NONE',  ( 0.9693427283798211600, 0.4660759692896380700, -0.1875000000000000000 ) ) ;
#1762 = LINE ( 'NONE', #1761, #1760 ) ;
#1763 = DIRECTION ( 'NONE',  ( -0.0000000000000000000, -0.0000000000000000000, -1.000000000000000000 ) ) ;
#1764 = VECTOR ( 'NONE', #1763, 1000.000000000000000 ) ;
#1765 = CARTESIAN_POINT ( 'NONE',  ( 0.9000000000000000200, 0.5124999999999999600, -0.7625000000000000700 ) ) ;
#1766 = LINE ( 'NONE', #1765, #1764 ) ;
#1767 = CARTESIAN_POINT ( 'NONE',  ( 0.7775045345896298700, 0.8574999999999997100, -1.447339000965044600 ) ) ;
#1768 = DIRECTION ( 'NONE',  ( 0.08715574274765861000, 0.9961946980917454300, 0.0000000000000000000 ) ) ;
#1769 = VECTOR ( 'NONE', #1768, 1000.000000000000100 ) ;
#1770 = CARTESIAN_POINT ( 'NONE',  ( -0.7775045345896302000, 0.8574999999999997100, 0.7624999999999999600 ) ) ;
#1771 = LINE ( 'NONE', #1770, #1769 ) ;
#1772 = CARTESIAN_POINT ( 'NONE',  ( 0.8076881235060741100, 0.5124999999999999600, -0.1874999999999999700 ) ) ;
#1773 = DIRECTION ( 'NONE',  ( 0.0000000000000000000, 0.0000000000000000000, 1.000000000000000000 ) ) ;
#1774 = VECTOR ( 'NONE', #1773, 1000.000000000000000 ) ;
#1775 = CARTESIAN_POINT ( 'NONE',  ( 0.8076881235060742200, 0.5124999999999999600, 1.500000000000000000 ) ) ;
#1776 = LINE ( 'NONE', #1775, #1774 ) ;
#1777 = CARTESIAN_POINT ( 'NONE',  ( 0.8076881235060741100, 0.5124999999999999600, 0.1874999999999999700 ) ) ;
#1778 = DIRECTION ( 'NONE',  ( 0.08715574274765861000, -0.9961946980917454300, 0.0000000000000000000 ) ) ;
#1779 = VECTOR ( 'NONE', #1778, 1000.000000000000100 ) ;
#1780 = CARTESIAN_POINT ( 'NONE',  ( 0.8125000000000000000, 0.4574999999999999600, 0.1874999999999999400 ) ) ;
#1781 = LINE ( 'NONE', #1780, #1779 ) ;
#1782 = CARTESIAN_POINT ( 'NONE',  ( 0.8125000000000000000, 0.4574999999999999600, 0.1874999999999999700 ) ) ;
#1783 = FACE_OUTER_BOUND ( 'NONE', #588, .T. ) ;
#1784 = CARTESIAN_POINT ( 'NONE',  ( 0.8076881235060742200, 0.5124999999999999600, 1.137500000000000000 ) ) ;
#1785 = CARTESIAN_POINT ( 'NONE',  ( 0.8125000000000000000, 0.4574999999999999600, 1.137500000000000000 ) ) ;
#1786 = DIRECTION ( 'NONE',  ( 0.08715574274765861000, -0.9961946980917454300, 0.0000000000000000000 ) ) ;
#1787 = VECTOR ( 'NONE', #1786, 1000.000000000000100 ) ;
#1788 = CARTESIAN_POINT ( 'NONE',  ( 0.8125000000000000000, 0.4574999999999999600, 1.137500000000000000 ) ) ;
#1789 = DIRECTION ( 'NONE',  ( 0.08715574274765861000, -0.9961946980917454300, 0.0000000000000000000 ) ) ;
#1790 = DIRECTION ( 'NONE',  ( -0.9961946980917455500, -0.08715574274765862400, 0.0000000000000000000 ) ) ;
#1791 = CARTESIAN_POINT ( 'NONE',  ( 0.8125000000000000000, 0.4574999999999999600, 1.500000000000000000 ) ) ;
#1792 = LINE ( 'NONE', #1788, #1787 ) ;
#1793 = CYLINDRICAL_SURFACE ( 'NONE', #1828, 0.02000000000000005200 ) ;
#1794 =( GEOMETRIC_REPRESENTATION_CONTEXT ( 3 ) GLOBAL_UNCERTAINTY_ASSIGNED_CONTEXT ( ( #1795 ) ) GLOBAL_UNIT_ASSIGNED_CONTEXT ( ( #1798, #1797, #1796 ) ) REPRESENTATION_CONTEXT ( 'NONE', 'WORKASPACE' ) );
#1795 = UNCERTAINTY_MEASURE_WITH_UNIT (LENGTH_MEASURE( 1.000000000000000100E-005 ), #1798, 'distance_accuracy_value', 'NONE');
#1796 =( NAMED_UNIT ( * ) SI_UNIT ( $, .STERADIAN. ) SOLID_ANGLE_UNIT ( ) );
#1797 =( NAMED_UNIT ( * ) PLANE_ANGLE_UNIT ( ) SI_UNIT ( $, .RADIAN. ) );
#1798 =( LENGTH_UNIT ( ) NAMED_UNIT ( * ) SI_UNIT ( .MILLI., .METRE. ) );
#1799 = MECHANICAL_DESIGN_GEOMETRIC_PRESENTATION_REPRESENTATION (  '', ( #1835 ), #1794 ) ;
#1800 = CARTESIAN_POINT ( 'NONE',  ( 0.9693427283798211600, 0.4660759692896380700, 0.1875000000000000000 ) ) ;
#1801 = DIRECTION ( 'NONE',  ( -0.3810129238618399900, 0.9245697117309498200, -0.0000000000000000000 ) ) ;
#1802 = VECTOR ( 'NONE', #1801, 1000.000000000000100 ) ;
#1803 = CARTESIAN_POINT ( 'NONE',  ( 0.9693427283798211600, 0.4660759692896380700, 0.1875000000000000000 ) ) ;
#1804 = LINE ( 'NONE', #1803, #1802 ) ;
#1805 = DIRECTION ( 'NONE',  ( -0.0000000000000000000, -0.0000000000000000000, -1.000000000000000000 ) ) ;
#1806 = VECTOR ( 'NONE', #1805, 1000.000000000000000 ) ;
#1807 = CARTESIAN_POINT ( 'NONE',  ( 0.9693427283798211600, 0.4660759692896380700, 0.1875000000000000000 ) ) ;
#1808 = DIRECTION ( 'NONE',  ( -0.9961946980917455500, 0.08715574274765851300, 0.0000000000000000000 ) ) ;
#1809 = DIRECTION ( 'NONE',  ( 0.08715574274765851300, 0.9961946980917455500, -0.0000000000000000000 ) ) ;
#1810 = CARTESIAN_POINT ( 'NONE',  ( 1.115005164524712500, 0.02493381726752359400, 0.1875000000000000000 ) ) ;
#1811 = AXIS2_PLACEMENT_3D ( 'NONE', #1810, #1809, #1808 ) ;
#1812 = LINE ( 'NONE', #1807, #1806 ) ;
#1813 = FILL_AREA_STYLE_COLOUR ( '', #1814 ) ;
#1814 = COLOUR_RGB ( '',0.5019607843137254800, 0.5019607843137254800, 0.5019607843137254800 ) ;
#1815 = DIRECTION ( 'NONE',  ( 0.0000000000000000000, 0.0000000000000000000, 1.000000000000000000 ) ) ;
#1816 = DIRECTION ( 'NONE',  ( -0.0000000000000000000, -0.0000000000000000000, -1.000000000000000000 ) ) ;
#1817 = SURFACE_STYLE_USAGE ( .BOTH. , #1818 ) ;
#1818 = SURFACE_SIDE_STYLE ('',( #1819 ) ) ;
#1819 = SURFACE_STYLE_FILL_AREA ( #1820 ) ;
#1820 = FILL_AREA_STYLE ('',( #1813 ) ) ;
#1821 = DIRECTION ( 'NONE',  ( -0.0000000000000000000, -0.0000000000000000000, -1.000000000000000000 ) ) ;
#1822 = VECTOR ( 'NONE', #1821, 1000.000000000000000 ) ;
#1823 = CARTESIAN_POINT ( 'NONE',  ( 0.9184913942346189000, 0.4451202584772367400, 0.1875000000000000000 ) ) ;
#1824 = LINE ( 'NONE', #1823, #1822 ) ;
#1825 = DIRECTION ( 'NONE',  ( -1.000000000000000000, 0.0000000000000000000, 0.0000000000000000000 ) ) ;
#1826 = DIRECTION ( 'NONE',  ( -0.0000000000000000000, -0.0000000000000000000, -1.000000000000000000 ) ) ;
#1827 = CARTESIAN_POINT ( 'NONE',  ( 0.9000000000000000200, 0.4374999999999999400, 0.1875000000000000000 ) ) ;
#1828 = AXIS2_PLACEMENT_3D ( 'NONE', #1827, #1826, #1825 ) ;
#1829 = PLANE ( 'NONE',  #1811 ) ;
#1830 =( GEOMETRIC_REPRESENTATION_CONTEXT ( 3 ) GLOBAL_UNCERTAINTY_ASSIGNED_CONTEXT ( ( #1831 ) ) GLOBAL_UNIT_ASSIGNED_CONTEXT ( ( #1964, #1833, #1832 ) ) REPRESENTATION_CONTEXT ( 'NONE', 'WORKASPACE' ) );
#1831 = UNCERTAINTY_MEASURE_WITH_UNIT (LENGTH_MEASURE( 1.000000000000000100E-005 ), #1964, 'distance_accuracy_value', 'NONE');
#1832 =( NAMED_UNIT ( * ) SI_UNIT ( $, .STERADIAN. ) SOLID_ANGLE_UNIT ( ) );
#1833 =( NAMED_UNIT ( * ) PLANE_ANGLE_UNIT ( ) SI_UNIT ( $, .RADIAN. ) );
#1834 = PRESENTATION_LAYER_ASSIGNMENT (  '', '', ( #1835 ) ) ;
#1835 = STYLED_ITEM ( 'NONE', ( #1836 ), #642 ) ;
#1836 = PRESENTATION_STYLE_ASSIGNMENT (( #1837 ) ) ;
#1837 = SURFACE_STYLE_USAGE ( .BOTH. , #1838 ) ;
#1838 = SURFACE_SIDE_STYLE ('',( #1839 ) ) ;
#1839 = SURFACE_STYLE_FILL_AREA ( #1840 ) ;
#1840 = FILL_AREA_STYLE ('',( #1841 ) ) ;
#1841 = FILL_AREA_STYLE_COLOUR ( '', #1842 ) ;
#1842 = COLOUR_RGB ( '',1.000000000000000000, 1.000000000000000000, 1.000000000000000000 ) ;
#1843 = FACE_OUTER_BOUND ( 'NONE', #643, .T. ) ;
#1844 = CARTESIAN_POINT ( 'NONE',  ( 1.404793565851121300, 0.05479070839504601700, 0.1875000000000000000 ) ) ;
#1845 = DIRECTION ( 'NONE',  ( 0.08715574274765965100, 0.9961946980917454300, 0.0000000000000000000 ) ) ;
#1846 = VECTOR ( 'NONE', #1845, 1000.000000000000000 ) ;
#1847 = CARTESIAN_POINT ( 'NONE',  ( 1.399999999999999900, 0.0000000000000000000, 0.1875000000000000000 ) ) ;
#1848 = LINE ( 'NONE', #1847, #1846 ) ;
#1849 = DIRECTION ( 'NONE',  ( 0.9961946980917455500, -0.08715574274765851300, 0.0000000000000000000 ) ) ;
#1850 = VECTOR ( 'NONE', #1849, 1000.000000000000000 ) ;
#1851 = CARTESIAN_POINT ( 'NONE',  ( 1.115005164524712500, 0.02493381726752359400, 0.1875000000000000000 ) ) ;
#1852 = LINE ( 'NONE', #1851, #1850 ) ;
#1853 = CARTESIAN_POINT ( 'NONE',  ( 0.9693427283798211600, 0.4660759692896380700, -0.1875000000000000000 ) ) ;
#1854 = DIRECTION ( 'NONE',  ( -1.000000000000000000, 0.0000000000000000000, 0.0000000000000000000 ) ) ;
#1855 = DIRECTION ( 'NONE',  ( 0.0000000000000000000, 0.0000000000000000000, 1.000000000000000000 ) ) ;
#1856 = CARTESIAN_POINT ( 'NONE',  ( 0.9000000000000000200, 0.4374999999999999400, 0.1875000000000000000 ) ) ;
#1857 = CIRCLE ( 'NONE', #1897, 0.07499999999999998300 ) ;
#1858 = FILL_AREA_STYLE_COLOUR ( '', #1893 ) ;
#1859 = CARTESIAN_POINT ( 'NONE',  ( 1.128884804356739200, 0.07892959719328251900, 0.1875000000000000000 ) ) ;
#1860 = DIRECTION ( 'NONE',  ( -0.9961946980917455500, 0.08715574274765845700, -0.0000000000000000000 ) ) ;
#1861 = VECTOR ( 'NONE', #1860, 1000.000000000000100 ) ;
#1862 = CARTESIAN_POINT ( 'NONE',  ( 1.128884804356739200, 0.07892959719328251900, 0.1875000000000000000 ) ) ;
#1863 = LINE ( 'NONE', #1862, #1861 ) ;
#1864 = CARTESIAN_POINT ( 'NONE',  ( 1.399999999999999900, 0.0000000000000000000, 0.1875000000000000000 ) ) ;
#1865 = DIRECTION ( 'NONE',  ( -0.0000000000000000000, -0.0000000000000000000, -1.000000000000000000 ) ) ;
#1866 = VECTOR ( 'NONE', #1865, 1000.000000000000000 ) ;
#1867 = CARTESIAN_POINT ( 'NONE',  ( 1.399999999999999900, 0.0000000000000000000, 0.1875000000000000000 ) ) ;
#1868 = DIRECTION ( 'NONE',  ( -1.000000000000000000, 0.0000000000000000000, 0.0000000000000000000 ) ) ;
#1869 = DIRECTION ( 'NONE',  ( -0.0000000000000000000, -0.0000000000000000000, -1.000000000000000000 ) ) ;
#1870 = CARTESIAN_POINT ( 'NONE',  ( 0.9000000000000000200, 0.4374999999999999400, -0.1875000000000000000 ) ) ;
#1871 = AXIS2_PLACEMENT_3D ( 'NONE', #1870, #1869, #1868 ) ;
#1872 = CIRCLE ( 'NONE', #1871, 0.02000000000000005200 ) ;
#1873 = LINE ( 'NONE', #1867, #1866 ) ;
#1874 = CARTESIAN_POINT ( 'NONE',  ( 0.9184913942346189000, 0.4451202584772367400, -0.1875000000000000000 ) ) ;
#1875 = DIRECTION ( 'NONE',  ( 0.3810129238618398800, -0.9245697117309499300, 0.0000000000000000000 ) ) ;
#1876 = VECTOR ( 'NONE', #1875, 999.9999999999998900 ) ;
#1877 = CARTESIAN_POINT ( 'NONE',  ( 0.9184913942346189000, 0.4451202584772367400, -0.1875000000000000000 ) ) ;
#1878 = LINE ( 'NONE', #1877, #1876 ) ;
#1879 =( NAMED_UNIT ( * ) PLANE_ANGLE_UNIT ( ) SI_UNIT ( $, .RADIAN. ) );
#1880 =( GEOMETRIC_REPRESENTATION_CONTEXT ( 3 ) GLOBAL_UNCERTAINTY_ASSIGNED_CONTEXT ( ( #1881 ) ) GLOBAL_UNIT_ASSIGNED_CONTEXT ( ( #1884, #1883, #1882 ) ) REPRESENTATION_CONTEXT ( 'NONE', 'WORKASPACE' ) );
#1881 = UNCERTAINTY_MEASURE_WITH_UNIT (LENGTH_MEASURE( 1.000000000000000100E-005 ), #1884, 'distance_accuracy_value', 'NONE');
#1882 =( NAMED_UNIT ( * ) SI_UNIT ( $, .STERADIAN. ) SOLID_ANGLE_UNIT ( ) );
#1883 =( NAMED_UNIT ( * ) PLANE_ANGLE_UNIT ( ) SI_UNIT ( $, .RADIAN. ) );
#1884 =( LENGTH_UNIT ( ) NAMED_UNIT ( * ) SI_UNIT ( .MILLI., .METRE. ) );
#1885 = MECHANICAL_DESIGN_GEOMETRIC_PRESENTATION_REPRESENTATION (  '', ( #1887 ), #1880 ) ;
#1886 = PRESENTATION_LAYER_ASSIGNMENT (  '', '', ( #1887 ) ) ;
#1887 = STYLED_ITEM ( 'NONE', ( #1888 ), #632 ) ;
#1888 = PRESENTATION_STYLE_ASSIGNMENT (( #1889 ) ) ;
#1889 = SURFACE_STYLE_USAGE ( .BOTH. , #1890 ) ;
#1890 = SURFACE_SIDE_STYLE ('',( #1891 ) ) ;
#1891 = SURFACE_STYLE_FILL_AREA ( #1892 ) ;
#1892 = FILL_AREA_STYLE ('',( #1858 ) ) ;
#1893 = COLOUR_RGB ( '',1.000000000000000000, 1.000000000000000000, 1.000000000000000000 ) ;
#1894 = FACE_OUTER_BOUND ( 'NONE', #633, .T. ) ;
#1895 = DIRECTION ( 'NONE',  ( -1.000000000000000000, 0.0000000000000000000, 0.0000000000000000000 ) ) ;
#1896 = DIRECTION ( 'NONE',  ( 0.0000000000000000000, 0.0000000000000000000, 1.000000000000000000 ) ) ;
#1897 = AXIS2_PLACEMENT_3D ( 'NONE', #1856, #1896, #1895 ) ;
#1898 = AXIS2_PLACEMENT_3D ( 'NONE', #1905, #1855, #1854 ) ;
#1899 = CIRCLE ( 'NONE', #1898, 0.07499999999999998300 ) ;
#1900 = DIRECTION ( 'NONE',  ( -1.000000000000000000, 0.0000000000000000000, 0.0000000000000000000 ) ) ;
#1901 = DIRECTION ( 'NONE',  ( -0.0000000000000000000, 0.0000000000000000000, -1.000000000000000000 ) ) ;
#1902 = CARTESIAN_POINT ( 'NONE',  ( 0.9000000000000000200, 0.4374999999999999400, -0.1875000000000000000 ) ) ;
#1903 = AXIS2_PLACEMENT_3D ( 'NONE', #1902, #1901, #1900 ) ;
#1904 = PLANE ( 'NONE',  #1903 ) ;
#1905 = CARTESIAN_POINT ( 'NONE',  ( 0.9000000000000000200, 0.4374999999999999400, -0.1875000000000000000 ) ) ;
#1906 = DIRECTION ( 'NONE',  ( 0.9961946980917455500, -0.08715574274765847100, 0.0000000000000000000 ) ) ;
#1907 = DIRECTION ( 'NONE',  ( -0.08715574274765847100, -0.9961946980917455500, 0.0000000000000000000 ) ) ;
#1908 = CARTESIAN_POINT ( 'NONE',  ( 1.128884804356739200, 0.07892959719328251900, 0.1875000000000000000 ) ) ;
#1909 = AXIS2_PLACEMENT_3D ( 'NONE', #1908, #1907, #1906 ) ;
#1910 = PLANE ( 'NONE',  #1909 ) ;
#1911 =( GEOMETRIC_REPRESENTATION_CONTEXT ( 3 ) GLOBAL_UNCERTAINTY_ASSIGNED_CONTEXT ( ( #1912 ) ) GLOBAL_UNIT_ASSIGNED_CONTEXT ( ( #1915, #1914, #1913 ) ) REPRESENTATION_CONTEXT ( 'NONE', 'WORKASPACE' ) );
#1912 = UNCERTAINTY_MEASURE_WITH_UNIT (LENGTH_MEASURE( 1.000000000000000100E-005 ), #1915, 'distance_accuracy_value', 'NONE');
#1913 =( NAMED_UNIT ( * ) SI_UNIT ( $, .STERADIAN. ) SOLID_ANGLE_UNIT ( ) );
#1914 =( NAMED_UNIT ( * ) PLANE_ANGLE_UNIT ( ) SI_UNIT ( $, .RADIAN. ) );
#1915 =( LENGTH_UNIT ( ) NAMED_UNIT ( * ) SI_UNIT ( .MILLI., .METRE. ) );
#1916 = MECHANICAL_DESIGN_GEOMETRIC_PRESENTATION_REPRESENTATION (  '', ( #1918 ), #1911 ) ;
#1917 = PRESENTATION_LAYER_ASSIGNMENT (  '', '', ( #1918 ) ) ;
#1918 = STYLED_ITEM ( 'NONE', ( #1919 ), #613 ) ;
#1919 = PRESENTATION_STYLE_ASSIGNMENT (( #1920 ) ) ;
#1920 = SURFACE_STYLE_USAGE ( .BOTH. , #1921 ) ;
#1921 = SURFACE_SIDE_STYLE ('',( #1922 ) ) ;
#1922 = SURFACE_STYLE_FILL_AREA ( #1923 ) ;
#1923 = FILL_AREA_STYLE ('',( #1929 ) ) ;
#1924 = COLOUR_RGB ( '',1.000000000000000000, 1.000000000000000000, 1.000000000000000000 ) ;
#1925 = FACE_OUTER_BOUND ( 'NONE', #614, .T. ) ;
#1926 = DIRECTION ( 'NONE',  ( 0.08715574274765861000, -0.9961946980917454300, 0.0000000000000000000 ) ) ;
#1927 = VECTOR ( 'NONE', #1926, 1000.000000000000100 ) ;
#1928 = CARTESIAN_POINT ( 'NONE',  ( 0.8125000000000000000, 0.4574999999999999600, -1.137500000000000000 ) ) ;
#1929 = FILL_AREA_STYLE_COLOUR ( '', #1924 ) ;
#1930 = LINE ( 'NONE', #1928, #1927 ) ;
#1931 = DIRECTION ( 'NONE',  ( -0.0000000000000000000, -0.0000000000000000000, -1.000000000000000000 ) ) ;
#1932 = VECTOR ( 'NONE', #1931, 1000.000000000000000 ) ;
#1933 = CARTESIAN_POINT ( 'NONE',  ( 1.404793565851121300, 0.05479070839504601700, 0.1875000000000000000 ) ) ;
#1934 = LINE ( 'NONE', #1933, #1932 ) ;
#1935 = DIRECTION ( 'NONE',  ( -0.08715574274765965100, -0.9961946980917454300, 0.0000000000000000000 ) ) ;
#1936 = DIRECTION ( 'NONE',  ( -0.9961946980917454300, 0.08715574274765965100, 0.0000000000000000000 ) ) ;
#1937 = CARTESIAN_POINT ( 'NONE',  ( 1.399999999999999900, 0.0000000000000000000, 0.1875000000000000000 ) ) ;
#1938 = AXIS2_PLACEMENT_3D ( 'NONE', #1937, #1936, #1935 ) ;
#1939 = PLANE ( 'NONE',  #1938 ) ;
#1940 =( GEOMETRIC_REPRESENTATION_CONTEXT ( 3 ) GLOBAL_UNCERTAINTY_ASSIGNED_CONTEXT ( ( #1941 ) ) GLOBAL_UNIT_ASSIGNED_CONTEXT ( ( #1944, #1943, #1942 ) ) REPRESENTATION_CONTEXT ( 'NONE', 'WORKASPACE' ) );
#1941 = UNCERTAINTY_MEASURE_WITH_UNIT (LENGTH_MEASURE( 1.000000000000000100E-005 ), #1944, 'distance_accuracy_value', 'NONE');
#1942 =( NAMED_UNIT ( * ) SI_UNIT ( $, .STERADIAN. ) SOLID_ANGLE_UNIT ( ) );
#1943 =( NAMED_UNIT ( * ) PLANE_ANGLE_UNIT ( ) SI_UNIT ( $, .RADIAN. ) );
#1944 =( LENGTH_UNIT ( ) NAMED_UNIT ( * ) SI_UNIT ( .MILLI., .METRE. ) );
#1945 = MECHANICAL_DESIGN_GEOMETRIC_PRESENTATION_REPRESENTATION (  '', ( #1947 ), #1940 ) ;
#1946 = PRESENTATION_LAYER_ASSIGNMENT (  '', '', ( #1947 ) ) ;
#1947 = STYLED_ITEM ( 'NONE', ( #1948 ), #605 ) ;
#1948 = PRESENTATION_STYLE_ASSIGNMENT (( #1949 ) ) ;
#1949 = SURFACE_STYLE_USAGE ( .BOTH. , #1950 ) ;
#1950 = SURFACE_SIDE_STYLE ('',( #1951 ) ) ;
#1951 = SURFACE_STYLE_FILL_AREA ( #1952 ) ;
#1952 = FILL_AREA_STYLE ('',( #1953 ) ) ;
#1953 = FILL_AREA_STYLE_COLOUR ( '', #1954 ) ;
#1954 = COLOUR_RGB ( '',1.000000000000000000, 1.000000000000000000, 1.000000000000000000 ) ;
#1955 = FACE_OUTER_BOUND ( 'NONE', #626, .T. ) ;
#1956 =( LENGTH_UNIT ( ) NAMED_UNIT ( * ) SI_UNIT ( .MILLI., .METRE. ) );
#1957 = MECHANICAL_DESIGN_GEOMETRIC_PRESENTATION_REPRESENTATION (  '', ( #1959 ), #1963 ) ;
#1958 = PRESENTATION_LAYER_ASSIGNMENT (  '', '', ( #1959 ) ) ;
#1959 = STYLED_ITEM ( 'NONE', ( #1960 ), #587 ) ;
#1960 = PRESENTATION_STYLE_ASSIGNMENT (( #1817 ) ) ;
#1961 = PLANE ( 'NONE',  #1962 ) ;
#1962 = AXIS2_PLACEMENT_3D ( 'NONE', #1791, #1790, #1789 ) ;
#1963 =( GEOMETRIC_REPRESENTATION_CONTEXT ( 3 ) GLOBAL_UNCERTAINTY_ASSIGNED_CONTEXT ( ( #1984 ) ) GLOBAL_UNIT_ASSIGNED_CONTEXT ( ( #1956, #1879, #1985 ) ) REPRESENTATION_CONTEXT ( 'NONE', 'WORKASPACE' ) );
#1964 =( LENGTH_UNIT ( ) NAMED_UNIT ( * ) SI_UNIT ( .MILLI., .METRE. ) );
#1965 = MECHANICAL_DESIGN_GEOMETRIC_PRESENTATION_REPRESENTATION (  '', ( #1967 ), #1830 ) ;
#1966 = PRESENTATION_LAYER_ASSIGNMENT (  '', '', ( #1967 ) ) ;
#1967 = STYLED_ITEM ( 'NONE', ( #1968 ), #595 ) ;
#1968 = PRESENTATION_STYLE_ASSIGNMENT (( #1969 ) ) ;
#1969 = SURFACE_STYLE_USAGE ( .BOTH. , #1970 ) ;
#1970 = SURFACE_SIDE_STYLE ('',( #1971 ) ) ;
#1971 = SURFACE_STYLE_FILL_AREA ( #1972 ) ;
#1972 = FILL_AREA_STYLE ('',( #1979 ) ) ;
#1973 = COLOUR_RGB ( '',1.000000000000000000, 1.000000000000000000, 1.000000000000000000 ) ;
#1974 = FACE_OUTER_BOUND ( 'NONE', #714, .T. ) ;
#1975 = DIRECTION ( 'NONE',  ( 0.0000000000000000000, 0.0000000000000000000, 1.000000000000000000 ) ) ;
#1976 = VECTOR ( 'NONE', #1975, 1000.000000000000000 ) ;
#1977 = CARTESIAN_POINT ( 'NONE',  ( 0.8076881235060742200, 0.5124999999999999600, 1.500000000000000000 ) ) ;
#1978 = LINE ( 'NONE', #1977, #1976 ) ;
#1979 = FILL_AREA_STYLE_COLOUR ( '', #1973 ) ;
#1980 = VECTOR ( 'NONE', #1816, 1000.000000000000000 ) ;
#1981 = VECTOR ( 'NONE', #1815, 1000.000000000000000 ) ;
#1982 = CARTESIAN_POINT ( 'NONE',  ( -0.8076881235060742200, 0.5124999999999999600, 1.500000000000000000 ) ) ;
#1983 = LINE ( 'NONE', #1982, #1981 ) ;
#1984 = UNCERTAINTY_MEASURE_WITH_UNIT (LENGTH_MEASURE( 1.000000000000000100E-005 ), #1956, 'distance_accuracy_value', 'NONE');
#1985 =( NAMED_UNIT ( * ) SI_UNIT ( $, .STERADIAN. ) SOLID_ANGLE_UNIT ( ) );
#1986 = PRESENTATION_LAYER_ASSIGNMENT (  '', '', ( #1987 ) ) ;
#1987 = STYLED_ITEM ( 'NONE', ( #1988 ), #700 ) ;
#1988 = PRESENTATION_STYLE_ASSIGNMENT (( #1989 ) ) ;
#1989 = SURFACE_STYLE_USAGE ( .BOTH. , #1990 ) ;
#1990 = SURFACE_SIDE_STYLE ('',( #1991 ) ) ;
#1991 = SURFACE_STYLE_FILL_AREA ( #1992 ) ;
#1992 = FILL_AREA_STYLE ('',( #1993 ) ) ;
#1993 = FILL_AREA_STYLE_COLOUR ( '', #1994 ) ;
#1994 = COLOUR_RGB ( '',1.000000000000000000, 1.000000000000000000, 1.000000000000000000 ) ;
#1995 = FACE_OUTER_BOUND ( 'NONE', #701, .T. ) ;
#1996 = CARTESIAN_POINT ( 'NONE',  ( 0.7775045345896298700, 0.8574999999999997100, 1.447339000965044600 ) ) ;
#1997 = DIRECTION ( 'NONE',  ( 0.0000000000000000000, 0.0000000000000000000, 1.000000000000000000 ) ) ;
#1998 = VECTOR ( 'NONE', #1997, 1000.000000000000000 ) ;
#1999 = CARTESIAN_POINT ( 'NONE',  ( -0.8076881235060742200, 0.5124999999999999600, 1.500000000000000000 ) ) ;
#2000 = LINE ( 'NONE', #1999, #1998 ) ;
#2001 = CARTESIAN_POINT ( 'NONE',  ( -0.8076881235060741100, 0.5124999999999999600, -0.1874999999999999700 ) ) ;
#2002 = DIRECTION ( 'NONE',  ( 0.08715574274765861000, 0.9961946980917454300, 0.0000000000000000000 ) ) ;
#2003 = VECTOR ( 'NONE', #2002, 1000.000000000000100 ) ;
#2004 = CARTESIAN_POINT ( 'NONE',  ( -0.7775045345896302000, 0.8574999999999997100, -0.1874999999999999400 ) ) ;
#2005 = LINE ( 'NONE', #2004, #2003 ) ;
#2006 =( GEOMETRIC_REPRESENTATION_CONTEXT ( 3 ) GLOBAL_UNCERTAINTY_ASSIGNED_CONTEXT ( ( #2007 ) ) GLOBAL_UNIT_ASSIGNED_CONTEXT ( ( #2010, #2009, #2008 ) ) REPRESENTATION_CONTEXT ( 'NONE', 'WORKASPACE' ) );
#2007 = UNCERTAINTY_MEASURE_WITH_UNIT (LENGTH_MEASURE( 1.000000000000000100E-005 ), #2010, 'distance_accuracy_value', 'NONE');
#2008 =( NAMED_UNIT ( * ) SI_UNIT ( $, .STERADIAN. ) SOLID_ANGLE_UNIT ( ) );
#2009 =( NAMED_UNIT ( * ) PLANE_ANGLE_UNIT ( ) SI_UNIT ( $, .RADIAN. ) );
#2010 =( LENGTH_UNIT ( ) NAMED_UNIT ( * ) SI_UNIT ( .MILLI., .METRE. ) );
#2011 = MECHANICAL_DESIGN_GEOMETRIC_PRESENTATION_REPRESENTATION (  '', ( #2013 ), #2006 ) ;
#2012 = PRESENTATION_LAYER_ASSIGNMENT (  '', '', ( #2013 ) ) ;
#2013 = STYLED_ITEM ( 'NONE', ( #2014 ), #690 ) ;
#2014 = PRESENTATION_STYLE_ASSIGNMENT (( #2015 ) ) ;
#2015 = SURFACE_STYLE_USAGE ( .BOTH. , #2016 ) ;
#2016 = SURFACE_SIDE_STYLE ('',( #2017 ) ) ;
#2017 = SURFACE_STYLE_FILL_AREA ( #2048 ) ;
#2018 = DIRECTION ( 'NONE',  ( 0.3810129238618399900, -0.9245697117309498200, 0.0000000000000000000 ) ) ;
#2019 = DIRECTION ( 'NONE',  ( -0.9245697117309498200, -0.3810129238618399900, 0.0000000000000000000 ) ) ;
#2020 = CARTESIAN_POINT ( 'NONE',  ( 0.9693427283798211600, 0.4660759692896380700, 0.1875000000000000000 ) ) ;
#2021 = AXIS2_PLACEMENT_3D ( 'NONE', #2020, #2019, #2018 ) ;
#2022 = PLANE ( 'NONE',  #2021 ) ;
#2023 =( GEOMETRIC_REPRESENTATION_CONTEXT ( 3 ) GLOBAL_UNCERTAINTY_ASSIGNED_CONTEXT ( ( #2024 ) ) GLOBAL_UNIT_ASSIGNED_CONTEXT ( ( #2027, #2026, #2025 ) ) REPRESENTATION_CONTEXT ( 'NONE', 'WORKASPACE' ) );
#2024 = UNCERTAINTY_MEASURE_WITH_UNIT (LENGTH_MEASURE( 1.000000000000000100E-005 ), #2027, 'distance_accuracy_value', 'NONE');
#2025 =( NAMED_UNIT ( * ) SI_UNIT ( $, .STERADIAN. ) SOLID_ANGLE_UNIT ( ) );
#2026 =( NAMED_UNIT ( * ) PLANE_ANGLE_UNIT ( ) SI_UNIT ( $, .RADIAN. ) );
#2027 =( LENGTH_UNIT ( ) NAMED_UNIT ( * ) SI_UNIT ( .MILLI., .METRE. ) );
#2028 = MECHANICAL_DESIGN_GEOMETRIC_PRESENTATION_REPRESENTATION (  '', ( #2030 ), #2023 ) ;
#2029 = PRESENTATION_LAYER_ASSIGNMENT (  '', '', ( #2030 ) ) ;
#2030 = STYLED_ITEM ( 'NONE', ( #2031 ), #705 ) ;
#2031 = PRESENTATION_STYLE_ASSIGNMENT (( #2032 ) ) ;
#2032 = SURFACE_STYLE_USAGE ( .BOTH. , #2033 ) ;
#2033 = SURFACE_SIDE_STYLE ('',( #2034 ) ) ;
#2034 = SURFACE_STYLE_FILL_AREA ( #2035 ) ;
#2035 = FILL_AREA_STYLE ('',( #2042 ) ) ;
#2036 = COLOUR_RGB ( '',1.000000000000000000, 1.000000000000000000, 1.000000000000000000 ) ;
#2037 = FACE_OUTER_BOUND ( 'NONE', #706, .T. ) ;
#2038 = DIRECTION ( 'NONE',  ( -0.0000000000000000000, -0.0000000000000000000, -1.000000000000000000 ) ) ;
#2039 = VECTOR ( 'NONE', #2038, 1000.000000000000000 ) ;
#2040 = CARTESIAN_POINT ( 'NONE',  ( 1.128884804356739200, 0.07892959719328251900, 0.1875000000000000000 ) ) ;
#2041 = LINE ( 'NONE', #2040, #2039 ) ;
#2042 = FILL_AREA_STYLE_COLOUR ( '', #2036 ) ;
#2043 = DIRECTION ( 'NONE',  ( -0.3810129238618398300, 0.9245697117309498200, 0.0000000000000000000 ) ) ;
#2044 = DIRECTION ( 'NONE',  ( 0.9245697117309499300, 0.3810129238618398800, -0.0000000000000000000 ) ) ;
#2045 = CARTESIAN_POINT ( 'NONE',  ( 0.9184913942346189000, 0.4451202584772367400, 0.1875000000000000000 ) ) ;
#2046 = AXIS2_PLACEMENT_3D ( 'NONE', #2045, #2044, #2043 ) ;
#2047 = CARTESIAN_POINT ( 'NONE',  ( -0.7775045345896304200, 0.8574999999999997100, 1.447339000965044600 ) ) ;
#2048 = FILL_AREA_STYLE ('',( #2049 ) ) ;
#2049 = FILL_AREA_STYLE_COLOUR ( '', #2050 ) ;
#2050 = COLOUR_RGB ( '',0.7529411764705882200, 0.7529411764705882200, 0.7529411764705882200 ) ;
#2051 = DIRECTION ( 'NONE',  ( 0.08641570524680507200, 0.9877360307509845900, -0.1300379154054207600 ) ) ;
#2052 = VECTOR ( 'NONE', #2051, 1000.000000000000000 ) ;
#2053 = CARTESIAN_POINT ( 'NONE',  ( -0.7780963029908615200, 0.8507360562228047900, 1.448229491056852900 ) ) ;
#2054 = LINE ( 'NONE', #2053, #2052 ) ;
#2055 = DIRECTION ( 'NONE',  ( 0.0000000000000000000, 0.9914448613738113800, -0.1305261922200444700 ) ) ;
#2056 = DIRECTION ( 'NONE',  ( 0.0000000000000000000, -0.1305261922200444700, -0.9914448613738113800 ) ) ;
#2057 = CARTESIAN_POINT ( 'NONE',  ( -0.8125000000000000000, 0.4574999999999999600, 1.500000000000000000 ) ) ;
#2058 = AXIS2_PLACEMENT_3D ( 'NONE', #2057, #2056, #2055 ) ;
#2059 = PLANE ( 'NONE',  #2058 ) ;
#2060 =( GEOMETRIC_REPRESENTATION_CONTEXT ( 3 ) GLOBAL_UNCERTAINTY_ASSIGNED_CONTEXT ( ( #2061 ) ) GLOBAL_UNIT_ASSIGNED_CONTEXT ( ( #2107, #2106, #2062 ) ) REPRESENTATION_CONTEXT ( 'NONE', 'WORKASPACE' ) );
#2061 = UNCERTAINTY_MEASURE_WITH_UNIT (LENGTH_MEASURE( 1.000000000000000100E-005 ), #2107, 'distance_accuracy_value', 'NONE');
#2062 =( NAMED_UNIT ( * ) SI_UNIT ( $, .STERADIAN. ) SOLID_ANGLE_UNIT ( ) );
#2063 = CARTESIAN_POINT ( 'NONE',  ( -0.8125000000000000000, 0.4574999999999999600, -0.1874999999999999400 ) ) ;
#2064 = FACE_OUTER_BOUND ( 'NONE', #691, .T. ) ;
#2065 = DIRECTION ( 'NONE',  ( 0.1679009179374290900, 0.9522134233956638400, -0.2551448178209362900 ) ) ;
#2066 = VECTOR ( 'NONE', #2065, 1000.000000000000100 ) ;
#2067 = CARTESIAN_POINT ( 'NONE',  ( 0.6166122555299988800, -0.6534346038986336100, -1.202325970041579800 ) ) ;
#2068 = DIRECTION ( 'NONE',  ( -0.1736481776669308600, -0.9848077530122080200, 0.0000000000000000000 ) ) ;
#2069 = DIRECTION ( 'NONE',  ( -0.9848077530122080200, 0.1736481776669308600, 0.0000000000000000000 ) ) ;
#2070 = CARTESIAN_POINT ( 'NONE',  ( 0.7404382647729369500, 0.04881759111665351400, 1.500000000000000000 ) ) ;
#2071 = LINE ( 'NONE', #2067, #2066 ) ;
#2072 = VECTOR ( 'NONE', #2093, 1000.000000000000000 ) ;
#2073 = CARTESIAN_POINT ( 'NONE',  ( -0.8125000000000000000, 0.4574999999999999600, -1.500000000000000000 ) ) ;
#2074 = LINE ( 'NONE', #2073, #2072 ) ;
#2075 = FILL_AREA_STYLE_COLOUR ( '', #2091 ) ;
#2076 = PLANE ( 'NONE',  #2046 ) ;
#2077 =( GEOMETRIC_REPRESENTATION_CONTEXT ( 3 ) GLOBAL_UNCERTAINTY_ASSIGNED_CONTEXT ( ( #2078 ) ) GLOBAL_UNIT_ASSIGNED_CONTEXT ( ( #2081, #2080, #2079 ) ) REPRESENTATION_CONTEXT ( 'NONE', 'WORKASPACE' ) );
#2078 = UNCERTAINTY_MEASURE_WITH_UNIT (LENGTH_MEASURE( 1.000000000000000100E-005 ), #2081, 'distance_accuracy_value', 'NONE');
#2079 =( NAMED_UNIT ( * ) SI_UNIT ( $, .STERADIAN. ) SOLID_ANGLE_UNIT ( ) );
#2080 =( NAMED_UNIT ( * ) PLANE_ANGLE_UNIT ( ) SI_UNIT ( $, .RADIAN. ) );
#2081 =( LENGTH_UNIT ( ) NAMED_UNIT ( * ) SI_UNIT ( .MILLI., .METRE. ) );
#2082 = MECHANICAL_DESIGN_GEOMETRIC_PRESENTATION_REPRESENTATION (  '', ( #1987 ), #2077 ) ;
#2083 = MECHANICAL_DESIGN_GEOMETRIC_PRESENTATION_REPRESENTATION (  '', ( #2085 ), #2101 ) ;
#2084 = PRESENTATION_LAYER_ASSIGNMENT (  '', '', ( #2085 ) ) ;
#2085 = STYLED_ITEM ( 'NONE', ( #2086 ), #657 ) ;
#2086 = PRESENTATION_STYLE_ASSIGNMENT (( #2087 ) ) ;
#2087 = SURFACE_STYLE_USAGE ( .BOTH. , #2088 ) ;
#2088 = SURFACE_SIDE_STYLE ('',( #2089 ) ) ;
#2089 = SURFACE_STYLE_FILL_AREA ( #2090 ) ;
#2090 = FILL_AREA_STYLE ('',( #2075 ) ) ;
#2091 = COLOUR_RGB ( '',0.5019607843137254800, 0.5019607843137254800, 0.5019607843137254800 ) ;
#2092 = FACE_OUTER_BOUND ( 'NONE', #771, .T. ) ;
#2093 = DIRECTION ( 'NONE',  ( 1.000000000000000000, -0.0000000000000000000, -0.0000000000000000000 ) ) ;
#2094 =( BOUNDED_CURVE ( )  B_SPLINE_CURVE ( 3, ( #2192, #2191, #2190, #2189 ),
 .UNSPECIFIED., .F., .T. ) 
 B_SPLINE_CURVE_WITH_KNOTS ( ( 4, 4 ),
 ( 4.886921905584122400, 6.283185307179592400 ),
 .UNSPECIFIED. ) 
 CURVE ( )  GEOMETRIC_REPRESENTATION_ITEM ( )  RATIONAL_B_SPLINE_CURVE ( ( 1.000000000000000000, 0.8440296287459840800, 0.8440296287459840800, 1.000000000000000000 ) ) 
 REPRESENTATION_ITEM ( '' )  );
#2095 = FILL_AREA_STYLE_COLOUR ( '', #2193 ) ;
#2096 = DIRECTION ( 'NONE',  ( 0.0000000000000000000, -0.9914448613738113800, -0.1305261922200444700 ) ) ;
#2097 = DIRECTION ( 'NONE',  ( 0.0000000000000000000, -0.1305261922200444700, 0.9914448613738113800 ) ) ;
#2098 = CARTESIAN_POINT ( 'NONE',  ( -0.8125000000000000000, 0.4574999999999999600, -1.500000000000000000 ) ) ;
#2099 = AXIS2_PLACEMENT_3D ( 'NONE', #2098, #2097, #2096 ) ;
#2100 = PLANE ( 'NONE',  #2099 ) ;
#2101 =( GEOMETRIC_REPRESENTATION_CONTEXT ( 3 ) GLOBAL_UNCERTAINTY_ASSIGNED_CONTEXT ( ( #2102 ) ) GLOBAL_UNIT_ASSIGNED_CONTEXT ( ( #2105, #2104, #2103 ) ) REPRESENTATION_CONTEXT ( 'NONE', 'WORKASPACE' ) );
#2102 = UNCERTAINTY_MEASURE_WITH_UNIT (LENGTH_MEASURE( 1.000000000000000100E-005 ), #2105, 'distance_accuracy_value', 'NONE');
#2103 =( NAMED_UNIT ( * ) SI_UNIT ( $, .STERADIAN. ) SOLID_ANGLE_UNIT ( ) );
#2104 =( NAMED_UNIT ( * ) PLANE_ANGLE_UNIT ( ) SI_UNIT ( $, .RADIAN. ) );
#2105 =( LENGTH_UNIT ( ) NAMED_UNIT ( * ) SI_UNIT ( .MILLI., .METRE. ) );
#2106 =( NAMED_UNIT ( * ) PLANE_ANGLE_UNIT ( ) SI_UNIT ( $, .RADIAN. ) );
#2107 =( LENGTH_UNIT ( ) NAMED_UNIT ( * ) SI_UNIT ( .MILLI., .METRE. ) );
#2108 = MECHANICAL_DESIGN_GEOMETRIC_PRESENTATION_REPRESENTATION (  '', ( #2110 ), #2060 ) ;
#2109 = PRESENTATION_LAYER_ASSIGNMENT (  '', '', ( #2110 ) ) ;
#2110 = STYLED_ITEM ( 'NONE', ( #2111 ), #683 ) ;
#2111 = PRESENTATION_STYLE_ASSIGNMENT (( #2112 ) ) ;
#2112 = SURFACE_STYLE_USAGE ( .BOTH. , #2113 ) ;
#2113 = SURFACE_SIDE_STYLE ('',( #2114 ) ) ;
#2114 = SURFACE_STYLE_FILL_AREA ( #2115 ) ;
#2115 = FILL_AREA_STYLE ('',( #2116 ) ) ;
#2116 = FILL_AREA_STYLE_COLOUR ( '', #2117 ) ;
#2117 = COLOUR_RGB ( '',0.5019607843137254800, 0.5019607843137254800, 0.5019607843137254800 ) ;
#2118 = FACE_OUTER_BOUND ( 'NONE', #684, .T. ) ;
#2119 = CARTESIAN_POINT ( 'NONE',  ( 0.6000000000000000900, 0.8574999999999997100, 1.050000000000000000 ) ) ;
#2120 = DIRECTION ( 'NONE',  ( 0.0000000000000000000, 0.0000000000000000000, 1.000000000000000000 ) ) ;
#2121 = DIRECTION ( 'NONE',  ( 0.0000000000000000000, 1.000000000000000000, 0.0000000000000000000 ) ) ;
#2122 = CARTESIAN_POINT ( 'NONE',  ( 0.6000000000000000900, 0.8574999999999997100, 0.9499999999999999600 ) ) ;
#2123 = AXIS2_PLACEMENT_3D ( 'NONE', #2122, #2121, #2120 ) ;
#2124 = CIRCLE ( 'NONE', #2123, 0.1000000000000001600 ) ;
#2125 = CARTESIAN_POINT ( 'NONE',  ( 0.6000000000000000900, 0.8574999999999997100, 0.8499999999999998700 ) ) ;
#2126 = DIRECTION ( 'NONE',  ( -0.0000000000000000000, 1.000000000000000000, -0.0000000000000000000 ) ) ;
#2127 = VECTOR ( 'NONE', #2126, 1000.000000000000000 ) ;
#2128 = CARTESIAN_POINT ( 'NONE',  ( 0.6000000000000000900, 0.8374999999999996900, 0.8499999999999998700 ) ) ;
#2129 = LINE ( 'NONE', #2128, #2127 ) ;
#2130 = CARTESIAN_POINT ( 'NONE',  ( 0.6000000000000000900, 0.8374999999999996900, 1.050000000000000000 ) ) ;
#2131 = CARTESIAN_POINT ( 'NONE',  ( 0.6000000000000000900, 0.8374999999999996900, 0.8499999999999998700 ) ) ;
#2132 = DIRECTION ( 'NONE',  ( 0.0000000000000000000, 0.0000000000000000000, 1.000000000000000000 ) ) ;
#2133 = DIRECTION ( 'NONE',  ( 0.0000000000000000000, 1.000000000000000000, 0.0000000000000000000 ) ) ;
#2134 = CARTESIAN_POINT ( 'NONE',  ( 0.6000000000000000900, 0.8374999999999996900, 0.9499999999999999600 ) ) ;
#2135 = AXIS2_PLACEMENT_3D ( 'NONE', #2134, #2133, #2132 ) ;
#2136 = CIRCLE ( 'NONE', #2135, 0.1000000000000001600 ) ;
#2137 = DIRECTION ( 'NONE',  ( 0.0000000000000000000, 0.0000000000000000000, 1.000000000000000000 ) ) ;
#2138 = DIRECTION ( 'NONE',  ( -0.0000000000000000000, 1.000000000000000000, -0.0000000000000000000 ) ) ;
#2139 = CARTESIAN_POINT ( 'NONE',  ( 0.6000000000000000900, 0.8374999999999996900, 0.9499999999999999600 ) ) ;
#2140 = AXIS2_PLACEMENT_3D ( 'NONE', #2139, #2138, #2137 ) ;
#2141 = CYLINDRICAL_SURFACE ( 'NONE', #2140, 0.1000000000000001600 ) ;
#2142 = UNCERTAINTY_MEASURE_WITH_UNIT (LENGTH_MEASURE( 1.000000000000000100E-005 ), #2145, 'distance_accuracy_value', 'NONE');
#2143 =( NAMED_UNIT ( * ) SI_UNIT ( $, .STERADIAN. ) SOLID_ANGLE_UNIT ( ) );
#2144 =( NAMED_UNIT ( * ) PLANE_ANGLE_UNIT ( ) SI_UNIT ( $, .RADIAN. ) );
#2145 =( LENGTH_UNIT ( ) NAMED_UNIT ( * ) SI_UNIT ( .MILLI., .METRE. ) );
#2146 = MECHANICAL_DESIGN_GEOMETRIC_PRESENTATION_REPRESENTATION (  '', ( #2148 ), #2356 ) ;
#2147 = PRESENTATION_LAYER_ASSIGNMENT (  '', '', ( #2148 ) ) ;
#2148 = STYLED_ITEM ( 'NONE', ( #2149 ), #732 ) ;
#2149 = PRESENTATION_STYLE_ASSIGNMENT (( #2150 ) ) ;
#2150 = SURFACE_STYLE_USAGE ( .BOTH. , #2151 ) ;
#2151 = SURFACE_SIDE_STYLE ('',( #2152 ) ) ;
#2152 = SURFACE_STYLE_FILL_AREA ( #2153 ) ;
#2153 = FILL_AREA_STYLE ('',( #2160 ) ) ;
#2154 = COLOUR_RGB ( '',0.5019607843137254800, 0.5019607843137254800, 0.5019607843137254800 ) ;
#2155 = FACE_OUTER_BOUND ( 'NONE', #649, .T. ) ;
#2156 = DIRECTION ( 'NONE',  ( 1.000000000000000000, -0.0000000000000000000, -0.0000000000000000000 ) ) ;
#2157 = VECTOR ( 'NONE', #2156, 1000.000000000000000 ) ;
#2158 = CARTESIAN_POINT ( 'NONE',  ( -0.8125000000000000000, 0.4574999999999999600, 1.500000000000000000 ) ) ;
#2159 = LINE ( 'NONE', #2158, #2157 ) ;
#2160 = FILL_AREA_STYLE_COLOUR ( '', #2154 ) ;
#2161 = CARTESIAN_POINT ( 'NONE',  ( 0.9000000000000000200, 0.5124999999999999600, -0.1875000000000000000 ) ) ;
#2162 = DIRECTION ( 'NONE',  ( -1.000000000000000000, -0.0000000000000000000, -0.0000000000000000000 ) ) ;
#2163 = VECTOR ( 'NONE', #2162, 1000.000000000000000 ) ;
#2164 = CARTESIAN_POINT ( 'NONE',  ( 0.6500000000000000200, 0.5124999999999999600, -0.1875000000000000000 ) ) ;
#2165 = LINE ( 'NONE', #2164, #2163 ) ;
#2166 = DIRECTION ( 'NONE',  ( -0.0000000000000000000, -0.0000000000000000000, -1.000000000000000000 ) ) ;
#2167 = VECTOR ( 'NONE', #2166, 1000.000000000000000 ) ;
#2168 = CARTESIAN_POINT ( 'NONE',  ( 1.081508605765380900, 0.04954108823671980000, 0.1875000000000000000 ) ) ;
#2169 = LINE ( 'NONE', #2168, #2167 ) ;
#2170 = DIRECTION ( 'NONE',  ( -0.0000000000000000000, -0.0000000000000000000, -1.000000000000000000 ) ) ;
#2171 = VECTOR ( 'NONE', #2170, 1000.000000000000000 ) ;
#2172 = CARTESIAN_POINT ( 'NONE',  ( 1.115005164524712500, 0.02493381726752363600, 0.1875000000000000000 ) ) ;
#2173 = LINE ( 'NONE', #2172, #2171 ) ;
#2174 = AXIS2_PLACEMENT_3D ( 'NONE', #2070, #2069, #2068 ) ;
#2175 = PLANE ( 'NONE',  #2174 ) ;
#2176 =( GEOMETRIC_REPRESENTATION_CONTEXT ( 3 ) GLOBAL_UNCERTAINTY_ASSIGNED_CONTEXT ( ( #2177 ) ) GLOBAL_UNIT_ASSIGNED_CONTEXT ( ( #2180, #2179, #2178 ) ) REPRESENTATION_CONTEXT ( 'NONE', 'WORKASPACE' ) );
#2177 = UNCERTAINTY_MEASURE_WITH_UNIT (LENGTH_MEASURE( 1.000000000000000100E-005 ), #2180, 'distance_accuracy_value', 'NONE');
#2178 =( NAMED_UNIT ( * ) SI_UNIT ( $, .STERADIAN. ) SOLID_ANGLE_UNIT ( ) );
#2179 =( NAMED_UNIT ( * ) PLANE_ANGLE_UNIT ( ) SI_UNIT ( $, .RADIAN. ) );
#2180 =( LENGTH_UNIT ( ) NAMED_UNIT ( * ) SI_UNIT ( .MILLI., .METRE. ) );
#2181 = MECHANICAL_DESIGN_GEOMETRIC_PRESENTATION_REPRESENTATION (  '', ( #2183 ), #2176 ) ;
#2182 = PRESENTATION_LAYER_ASSIGNMENT (  '', '', ( #2183 ) ) ;
#2183 = STYLED_ITEM ( 'NONE', ( #2184 ), #661 ) ;
#2184 = PRESENTATION_STYLE_ASSIGNMENT (( #2185 ) ) ;
#2185 = SURFACE_STYLE_USAGE ( .BOTH. , #2186 ) ;
#2186 = SURFACE_SIDE_STYLE ('',( #2187 ) ) ;
#2187 = SURFACE_STYLE_FILL_AREA ( #2188 ) ;
#2188 = FILL_AREA_STYLE ('',( #2095 ) ) ;
#2189 = CARTESIAN_POINT ( 'NONE',  ( 0.6911978771223261700, 0.007500000000000019700, 1.379422863405998000 ) ) ;
#2190 = CARTESIAN_POINT ( 'NONE',  ( 0.7165835424194699800, 0.007499999999999874000, 1.379422863405998200 ) ) ;
#2191 = CARTESIAN_POINT ( 'NONE',  ( 0.7360300902552253700, 0.02381759111665340100, 1.383795148768126400 ) ) ;
#2192 = CARTESIAN_POINT ( 'NONE',  ( 0.7404382647729369500, 0.04881759111665352800, 1.390493878578904300 ) ) ;
#2193 = COLOUR_RGB ( '',0.5019607843137254800, 0.5019607843137254800, 0.5019607843137254800 ) ;
#2194 = FACE_OUTER_BOUND ( 'NONE', #662, .T. ) ;
#2195 = DIRECTION ( 'NONE',  ( -0.0000000000000000000, -0.0000000000000000000, -1.000000000000000000 ) ) ;
#2196 = VECTOR ( 'NONE', #2195, 1000.000000000000000 ) ;
#2197 = CARTESIAN_POINT ( 'NONE',  ( 0.8125000000000000000, 0.4574999999999999600, 1.500000000000000000 ) ) ;
#2198 = LINE ( 'NONE', #2197, #2196 ) ;
#2199 = DIRECTION ( 'NONE',  ( -0.0000000000000000000, -0.0000000000000000000, -1.000000000000000000 ) ) ;
#2200 = VECTOR ( 'NONE', #2199, 1000.000000000000000 ) ;
#2201 = CARTESIAN_POINT ( 'NONE',  ( 0.8125000000000000000, 0.4574999999999999600, 1.500000000000000000 ) ) ;
#2202 = LINE ( 'NONE', #2201, #2200 ) ;
#2203 = DIRECTION ( 'NONE',  ( 0.0000000000000000000, 0.0000000000000000000, 1.000000000000000000 ) ) ;
#2204 = DIRECTION ( 'NONE',  ( 0.0000000000000000000, 1.000000000000000000, 0.0000000000000000000 ) ) ;
#2205 = CARTESIAN_POINT ( 'NONE',  ( 0.6000000000000000900, 0.8574999999999997100, 0.9499999999999999600 ) ) ;
#2206 = AXIS2_PLACEMENT_3D ( 'NONE', #2205, #2204, #2203 ) ;
#2207 = CIRCLE ( 'NONE', #2206, 0.1000000000000001600 ) ;
#2208 = CARTESIAN_POINT ( 'NONE',  ( -0.8125000000000000000, 0.4574999999999999600, 1.500000000000000000 ) ) ;
#2209 = DIRECTION ( 'NONE',  ( -0.0000000000000000000, -0.0000000000000000000, -1.000000000000000000 ) ) ;
#2210 = VECTOR ( 'NONE', #2209, 1000.000000000000000 ) ;
#2211 = CARTESIAN_POINT ( 'NONE',  ( -0.8125000000000000000, 0.4574999999999999600, 1.500000000000000000 ) ) ;
#2212 = LINE ( 'NONE', #2211, #2210 ) ;
#2213 = CARTESIAN_POINT ( 'NONE',  ( -0.8076881235060741100, 0.5124999999999999600, 1.137500000000000000 ) ) ;
#2214 = CARTESIAN_POINT ( 'NONE',  ( -0.8125000000000000000, 0.4575000000000000200, 1.137500000000000000 ) ) ;
#2215 = DIRECTION ( 'NONE',  ( 0.08715574274765861000, 0.9961946980917454300, 0.0000000000000000000 ) ) ;
#2216 = VECTOR ( 'NONE', #2215, 1000.000000000000100 ) ;
#2217 = CARTESIAN_POINT ( 'NONE',  ( -0.7775045345896302000, 0.8574999999999997100, 1.137500000000000000 ) ) ;
#2218 = DIRECTION ( 'NONE',  ( 0.08715574274765861000, 0.9961946980917454300, 0.0000000000000000000 ) ) ;
#2219 = DIRECTION ( 'NONE',  ( 0.9961946980917455500, -0.08715574274765862400, 0.0000000000000000000 ) ) ;
#2220 = AXIS2_PLACEMENT_3D ( 'NONE', #2230, #2219, #2218 ) ;
#2221 = LINE ( 'NONE', #2217, #2216 ) ;
#2222 = CARTESIAN_POINT ( 'NONE',  ( 0.7404382647729369500, 0.04881759111665350000, -1.390493878578904500 ) ) ;
#2223 = CARTESIAN_POINT ( 'NONE',  ( 0.7360300902552253700, 0.02381759111665351200, -1.383795148768125900 ) ) ;
#2224 = CARTESIAN_POINT ( 'NONE',  ( 0.7165835424194702000, 0.007500000000000030100, -1.379422863405998200 ) ) ;
#2225 = CARTESIAN_POINT ( 'NONE',  ( 0.6911978771223265000, 0.007500000000000033500, -1.379422863405998200 ) ) ;
#2226 =( BOUNDED_CURVE ( )  B_SPLINE_CURVE ( 3, ( #2225, #2224, #2223, #2222 ),
 .UNSPECIFIED., .F., .T. ) 
 B_SPLINE_CURVE_WITH_KNOTS ( ( 4, 4 ),
 ( 3.141592653589793100, 4.537856055185256900 ),
 .UNSPECIFIED. ) 
 CURVE ( )  GEOMETRIC_REPRESENTATION_ITEM ( )  RATIONAL_B_SPLINE_CURVE ( ( 1.000000000000000000, 0.8440296287459851900, 0.8440296287459851900, 1.000000000000000000 ) ) 
 REPRESENTATION_ITEM ( '' )  );
#2227 = DIRECTION ( 'NONE',  ( 0.0000000000000000000, 0.9659258262890699800, 0.2588190451025145800 ) ) ;
#2228 = DIRECTION ( 'NONE',  ( 0.0000000000000000000, 0.2588190451025145800, -0.9659258262890699800 ) ) ;
#2229 = CARTESIAN_POINT ( 'NONE',  ( -0.8125000000000000000, 0.4574999999999999600, 1.500000000000000000 ) ) ;
#2230 = CARTESIAN_POINT ( 'NONE',  ( -0.7775045345896302000, 0.8574999999999997100, 1.500000000000000000 ) ) ;
#2231 = PLANE ( 'NONE',  #2220 ) ;
#2232 =( GEOMETRIC_REPRESENTATION_CONTEXT ( 3 ) GLOBAL_UNCERTAINTY_ASSIGNED_CONTEXT ( ( #2233 ) ) GLOBAL_UNIT_ASSIGNED_CONTEXT ( ( #2236, #2235, #2234 ) ) REPRESENTATION_CONTEXT ( 'NONE', 'WORKASPACE' ) );
#2233 = UNCERTAINTY_MEASURE_WITH_UNIT (LENGTH_MEASURE( 1.000000000000000100E-005 ), #2236, 'distance_accuracy_value', 'NONE');
#2234 =( NAMED_UNIT ( * ) SI_UNIT ( $, .STERADIAN. ) SOLID_ANGLE_UNIT ( ) );
#2235 =( NAMED_UNIT ( * ) PLANE_ANGLE_UNIT ( ) SI_UNIT ( $, .RADIAN. ) );
#2236 =( LENGTH_UNIT ( ) NAMED_UNIT ( * ) SI_UNIT ( .MILLI., .METRE. ) );
#2237 = MECHANICAL_DESIGN_GEOMETRIC_PRESENTATION_REPRESENTATION (  '', ( #2239 ), #2232 ) ;
#2238 = PRESENTATION_LAYER_ASSIGNMENT (  '', '', ( #2239 ) ) ;
#2239 = STYLED_ITEM ( 'NONE', ( #2240 ), #741 ) ;
#2240 = PRESENTATION_STYLE_ASSIGNMENT (( #2241 ) ) ;
#2241 = SURFACE_STYLE_USAGE ( .BOTH. , #2242 ) ;
#2242 = SURFACE_SIDE_STYLE ('',( #2243 ) ) ;
#2243 = SURFACE_STYLE_FILL_AREA ( #2244 ) ;
#2244 = FILL_AREA_STYLE ('',( #2251 ) ) ;
#2245 = COLOUR_RGB ( '',0.5019607843137254800, 0.5019607843137254800, 0.5019607843137254800 ) ;
#2246 = FACE_OUTER_BOUND ( 'NONE', #681, .T. ) ;
#2247 = DIRECTION ( 'NONE',  ( -0.0000000000000000000, 1.000000000000000000, -0.0000000000000000000 ) ) ;
#2248 = VECTOR ( 'NONE', #2247, 1000.000000000000000 ) ;
#2249 = CARTESIAN_POINT ( 'NONE',  ( 0.6000000000000000900, 0.8374999999999996900, 1.050000000000000000 ) ) ;
#2250 = LINE ( 'NONE', #2249, #2248 ) ;
#2251 = FILL_AREA_STYLE_COLOUR ( '', #2245 ) ;
#2252 = CARTESIAN_POINT ( 'NONE',  ( 1.115005164524712500, 0.02493381726752363600, -0.1875000000000000000 ) ) ;
#2253 = DIRECTION ( 'NONE',  ( 0.9961946980917455500, -0.08715574274765851300, 0.0000000000000000000 ) ) ;
#2254 = VECTOR ( 'NONE', #2253, 1000.000000000000000 ) ;
#2255 = CARTESIAN_POINT ( 'NONE',  ( 1.115005164524712500, 0.02493381726752359400, -0.1875000000000000000 ) ) ;
#2256 = LINE ( 'NONE', #2255, #2254 ) ;
#2257 = DIRECTION ( 'NONE',  ( -1.000000000000000000, 0.0000000000000000000, 0.0000000000000000000 ) ) ;
#2258 = DIRECTION ( 'NONE',  ( -0.0000000000000000000, -0.0000000000000000000, -1.000000000000000000 ) ) ;
#2259 = CARTESIAN_POINT ( 'NONE',  ( 1.118491394234618900, 0.06478160519119338700, 0.1875000000000000000 ) ) ;
#2260 = AXIS2_PLACEMENT_3D ( 'NONE', #2259, #2258, #2257 ) ;
#2261 = CARTESIAN_POINT ( 'NONE',  ( 1.399999999999999900, 0.0000000000000000000, -0.1875000000000000000 ) ) ;
#2262 = CYLINDRICAL_SURFACE ( 'NONE', #2260, 0.03999999999999989000 ) ;
#2263 =( GEOMETRIC_REPRESENTATION_CONTEXT ( 3 ) GLOBAL_UNCERTAINTY_ASSIGNED_CONTEXT ( ( #2264 ) ) GLOBAL_UNIT_ASSIGNED_CONTEXT ( ( #2319, #2266, #2265 ) ) REPRESENTATION_CONTEXT ( 'NONE', 'WORKASPACE' ) );
#2264 = UNCERTAINTY_MEASURE_WITH_UNIT (LENGTH_MEASURE( 1.000000000000000100E-005 ), #2319, 'distance_accuracy_value', 'NONE');
#2265 =( NAMED_UNIT ( * ) SI_UNIT ( $, .STERADIAN. ) SOLID_ANGLE_UNIT ( ) );
#2266 =( NAMED_UNIT ( * ) PLANE_ANGLE_UNIT ( ) SI_UNIT ( $, .RADIAN. ) );
#2267 =( NAMED_UNIT ( * ) SI_UNIT ( $, .STERADIAN. ) SOLID_ANGLE_UNIT ( ) );
#2268 =( NAMED_UNIT ( * ) PLANE_ANGLE_UNIT ( ) SI_UNIT ( $, .RADIAN. ) );
#2269 =( LENGTH_UNIT ( ) NAMED_UNIT ( * ) SI_UNIT ( .MILLI., .METRE. ) );
#2270 = MECHANICAL_DESIGN_GEOMETRIC_PRESENTATION_REPRESENTATION (  '', ( #2272 ), #2385 ) ;
#2271 = PRESENTATION_LAYER_ASSIGNMENT (  '', '', ( #2272 ) ) ;
#2272 = STYLED_ITEM ( 'NONE', ( #2273 ), #769 ) ;
#2273 = PRESENTATION_STYLE_ASSIGNMENT (( #2274 ) ) ;
#2274 = SURFACE_STYLE_USAGE ( .BOTH. , #2275 ) ;
#2275 = SURFACE_SIDE_STYLE ('',( #2276 ) ) ;
#2276 = SURFACE_STYLE_FILL_AREA ( #2277 ) ;
#2277 = FILL_AREA_STYLE ('',( #2283 ) ) ;
#2278 = COLOUR_RGB ( '',0.5019607843137254800, 0.5019607843137254800, 0.5019607843137254800 ) ;
#2279 = FACE_OUTER_BOUND ( 'NONE', #724, .T. ) ;
#2280 = DIRECTION ( 'NONE',  ( 1.000000000000000000, -0.0000000000000000000, -0.0000000000000000000 ) ) ;
#2281 = VECTOR ( 'NONE', #2280, 1000.000000000000000 ) ;
#2282 = CARTESIAN_POINT ( 'NONE',  ( -0.8125000000000000000, 0.8574999999999997100, -1.447339000965044600 ) ) ;
#2283 = FILL_AREA_STYLE_COLOUR ( '', #2278 ) ;
#2284 = LINE ( 'NONE', #2282, #2281 ) ;
#2285 = DIRECTION ( 'NONE',  ( 1.000000000000000000, -0.0000000000000000000, -0.0000000000000000000 ) ) ;
#2286 = VECTOR ( 'NONE', #2285, 1000.000000000000000 ) ;
#2287 = CARTESIAN_POINT ( 'NONE',  ( -0.8125000000000000000, 0.8574999999999997100, 1.447339000965044600 ) ) ;
#2288 = LINE ( 'NONE', #2287, #2286 ) ;
#2289 = DIRECTION ( 'NONE',  ( -0.0000000000000000000, -0.0000000000000000000, -1.000000000000000000 ) ) ;
#2290 = VECTOR ( 'NONE', #2289, 1000.000000000000000 ) ;
#2291 = CARTESIAN_POINT ( 'NONE',  ( 0.8125000000000000000, 0.4574999999999999600, 1.500000000000000000 ) ) ;
#2292 = LINE ( 'NONE', #2291, #2290 ) ;
#2293 = CARTESIAN_POINT ( 'NONE',  ( 0.8125000000000000000, 0.4574999999999999600, -1.500000000000000000 ) ) ;
#2294 = DIRECTION ( 'NONE',  ( -0.0000000000000000000, -0.0000000000000000000, -1.000000000000000000 ) ) ;
#2295 = VECTOR ( 'NONE', #2294, 1000.000000000000000 ) ;
#2296 = CARTESIAN_POINT ( 'NONE',  ( 0.8125000000000000000, 0.4574999999999999600, 1.500000000000000000 ) ) ;
#2297 = LINE ( 'NONE', #2296, #2295 ) ;
#2298 = DIRECTION ( 'NONE',  ( -0.1679009179374290900, -0.9522134233956638400, -0.2551448178209362900 ) ) ;
#2299 = VECTOR ( 'NONE', #2298, 1000.000000000000100 ) ;
#2300 = CARTESIAN_POINT ( 'NONE',  ( 0.7451294028873387500, 0.07542235741817669700, 1.397622604224216100 ) ) ;
#2301 = LINE ( 'NONE', #2300, #2299 ) ;
#2302 = UNCERTAINTY_MEASURE_WITH_UNIT (LENGTH_MEASURE( 1.000000000000000100E-005 ), #2305, 'distance_accuracy_value', 'NONE');
#2303 =( NAMED_UNIT ( * ) SI_UNIT ( $, .STERADIAN. ) SOLID_ANGLE_UNIT ( ) );
#2304 =( NAMED_UNIT ( * ) PLANE_ANGLE_UNIT ( ) SI_UNIT ( $, .RADIAN. ) );
#2305 =( LENGTH_UNIT ( ) NAMED_UNIT ( * ) SI_UNIT ( .MILLI., .METRE. ) );
#2306 = MECHANICAL_DESIGN_GEOMETRIC_PRESENTATION_REPRESENTATION (  '', ( #2308 ), #2410 ) ;
#2307 = PRESENTATION_LAYER_ASSIGNMENT (  '', '', ( #2308 ) ) ;
#2308 = STYLED_ITEM ( 'NONE', ( #2309 ), #784 ) ;
#2309 = PRESENTATION_STYLE_ASSIGNMENT (( #2310 ) ) ;
#2310 = SURFACE_STYLE_USAGE ( .BOTH. , #2311 ) ;
#2311 = SURFACE_SIDE_STYLE ('',( #2312 ) ) ;
#2312 = SURFACE_STYLE_FILL_AREA ( #2364 ) ;
#2313 = DIRECTION ( 'NONE',  ( 0.0000000000000000000, 0.2588190451025145800, 0.9659258262890699800 ) ) ;
#2314 = CARTESIAN_POINT ( 'NONE',  ( -0.8125000000000000000, 0.4574999999999999600, -1.500000000000000000 ) ) ;
#2315 = AXIS2_PLACEMENT_3D ( 'NONE', #2314, #2313, #2329 ) ;
#2316 = COLOUR_RGB ( '',1.000000000000000000, 1.000000000000000000, 1.000000000000000000 ) ;
#2317 = FACE_OUTER_BOUND ( 'NONE', #709, .T. ) ;
#2318 = PLANE ( 'NONE',  #2315 ) ;
#2319 =( LENGTH_UNIT ( ) NAMED_UNIT ( * ) SI_UNIT ( .MILLI., .METRE. ) );
#2320 = MECHANICAL_DESIGN_GEOMETRIC_PRESENTATION_REPRESENTATION (  '', ( #2322 ), #2263 ) ;
#2321 = PRESENTATION_LAYER_ASSIGNMENT (  '', '', ( #2322 ) ) ;
#2322 = STYLED_ITEM ( 'NONE', ( #2323 ), #735 ) ;
#2323 = PRESENTATION_STYLE_ASSIGNMENT (( #2324 ) ) ;
#2324 = SURFACE_STYLE_USAGE ( .BOTH. , #2325 ) ;
#2325 = SURFACE_SIDE_STYLE ('',( #2326 ) ) ;
#2326 = SURFACE_STYLE_FILL_AREA ( #2327 ) ;
#2327 = FILL_AREA_STYLE ('',( #2328 ) ) ;
#2328 = FILL_AREA_STYLE_COLOUR ( '', #2316 ) ;
#2329 = DIRECTION ( 'NONE',  ( 0.0000000000000000000, -0.9659258262890699800, 0.2588190451025145800 ) ) ;
#2330 =( NAMED_UNIT ( * ) PLANE_ANGLE_UNIT ( ) SI_UNIT ( $, .RADIAN. ) );
#2331 =( LENGTH_UNIT ( ) NAMED_UNIT ( * ) SI_UNIT ( .MILLI., .METRE. ) );
#2332 = MECHANICAL_DESIGN_GEOMETRIC_PRESENTATION_REPRESENTATION (  '', ( #2334 ), #2541 ) ;
#2333 = PRESENTATION_LAYER_ASSIGNMENT (  '', '', ( #2334 ) ) ;
#2334 = STYLED_ITEM ( 'NONE', ( #2335 ), #801 ) ;
#2335 = PRESENTATION_STYLE_ASSIGNMENT (( #2336 ) ) ;
#2336 = SURFACE_STYLE_USAGE ( .BOTH. , #2337 ) ;
#2337 = SURFACE_SIDE_STYLE ('',( #2338 ) ) ;
#2338 = SURFACE_STYLE_FILL_AREA ( #2339 ) ;
#2339 = FILL_AREA_STYLE ('',( #2340 ) ) ;
#2340 = FILL_AREA_STYLE_COLOUR ( '', #2341 ) ;
#2341 = COLOUR_RGB ( '',1.000000000000000000, 1.000000000000000000, 1.000000000000000000 ) ;
#2342 = FACE_OUTER_BOUND ( 'NONE', #802, .T. ) ;
#2343 = CARTESIAN_POINT ( 'NONE',  ( 0.9693427283798211600, 0.4660759692896380700, 0.7624999999999999600 ) ) ;
#2344 = CARTESIAN_POINT ( 'NONE',  ( 1.128884804356739200, 0.07892959719328251900, -0.7625000000000000700 ) ) ;
#2345 = DIRECTION ( 'NONE',  ( -0.9961946980917455500, 0.08715574274765845700, -0.0000000000000000000 ) ) ;
#2346 = VECTOR ( 'NONE', #2345, 1000.000000000000100 ) ;
#2347 = CARTESIAN_POINT ( 'NONE',  ( 1.128884804356739200, 0.07892959719328251900, -0.7625000000000000700 ) ) ;
#2348 = LINE ( 'NONE', #2347, #2346 ) ;
#2349 = CARTESIAN_POINT ( 'NONE',  ( 1.404793565851121300, 0.05479070839504601700, -0.7625000000000000700 ) ) ;
#2350 = DIRECTION ( 'NONE',  ( -1.000000000000000000, -4.336808689942017700E-016, 0.0000000000000000000 ) ) ;
#2351 = DIRECTION ( 'NONE',  ( -4.336808689942017700E-016, 1.000000000000000000, 0.0000000000000000000 ) ) ;
#2352 = CARTESIAN_POINT ( 'NONE',  ( 0.6500000000000000200, 0.4574999999999999100, -0.7625000000000000700 ) ) ;
#2353 = AXIS2_PLACEMENT_3D ( 'NONE', #2352, #2351, #2350 ) ;
#2354 = PLANE ( 'NONE',  #2353 ) ;
#2355 =( GEOMETRIC_REPRESENTATION_CONTEXT ( 3 ) GLOBAL_UNCERTAINTY_ASSIGNED_CONTEXT ( ( #2380 ) ) GLOBAL_UNIT_ASSIGNED_CONTEXT ( ( #2387, #2382, #2381 ) ) REPRESENTATION_CONTEXT ( 'NONE', 'WORKASPACE' ) );
#2356 =( GEOMETRIC_REPRESENTATION_CONTEXT ( 3 ) GLOBAL_UNCERTAINTY_ASSIGNED_CONTEXT ( ( #2142 ) ) GLOBAL_UNIT_ASSIGNED_CONTEXT ( ( #2145, #2144, #2143 ) ) REPRESENTATION_CONTEXT ( 'NONE', 'WORKASPACE' ) );
#2357 = FILL_AREA_STYLE_COLOUR ( '', #2358 ) ;
#2358 = COLOUR_RGB ( '',1.000000000000000000, 1.000000000000000000, 1.000000000000000000 ) ;
#2359 = FACE_OUTER_BOUND ( 'NONE', #785, .T. ) ;
#2360 = DIRECTION ( 'NONE',  ( -0.0000000000000000000, -0.0000000000000000000, -1.000000000000000000 ) ) ;
#2361 = VECTOR ( 'NONE', #2360, 1000.000000000000000 ) ;
#2362 = CARTESIAN_POINT ( 'NONE',  ( 0.9000000000000000200, 0.5124999999999999600, 0.1875000000000000000 ) ) ;
#2363 = LINE ( 'NONE', #2362, #2361 ) ;
#2364 = FILL_AREA_STYLE ('',( #2357 ) ) ;
#2365 = CARTESIAN_POINT ( 'NONE',  ( 0.9000000000000000200, 0.5124999999999999600, 0.1875000000000000000 ) ) ;
#2366 = DIRECTION ( 'NONE',  ( -1.000000000000000000, -0.0000000000000000000, -0.0000000000000000000 ) ) ;
#2367 = VECTOR ( 'NONE', #2366, 1000.000000000000000 ) ;
#2368 = CARTESIAN_POINT ( 'NONE',  ( 0.6500000000000000200, 0.5124999999999999600, 0.1875000000000000000 ) ) ;
#2369 = LINE ( 'NONE', #2368, #2367 ) ;
#2370 = CARTESIAN_POINT ( 'NONE',  ( 0.9000000000000000200, 0.4575000000000000200, -0.1875000000000000000 ) ) ;
#2371 = DIRECTION ( 'NONE',  ( 1.000000000000000000, 4.336808689942017700E-016, 0.0000000000000000000 ) ) ;
#2372 = VECTOR ( 'NONE', #2371, 1000.000000000000000 ) ;
#2373 = CARTESIAN_POINT ( 'NONE',  ( 0.6500000000000000200, 0.4574999999999999100, -0.1875000000000000000 ) ) ;
#2374 = LINE ( 'NONE', #2373, #2372 ) ;
#2375 = CARTESIAN_POINT ( 'NONE',  ( 0.9000000000000000200, 0.4575000000000000200, 0.1875000000000000000 ) ) ;
#2376 = DIRECTION ( 'NONE',  ( 1.000000000000000000, 4.336808689942017700E-016, 0.0000000000000000000 ) ) ;
#2377 = VECTOR ( 'NONE', #2376, 1000.000000000000000 ) ;
#2378 = CARTESIAN_POINT ( 'NONE',  ( 0.6500000000000000200, 0.4574999999999999100, 0.1875000000000000000 ) ) ;
#2379 = LINE ( 'NONE', #2378, #2377 ) ;
#2380 = UNCERTAINTY_MEASURE_WITH_UNIT (LENGTH_MEASURE( 1.000000000000000100E-005 ), #2387, 'distance_accuracy_value', 'NONE');
#2381 =( NAMED_UNIT ( * ) SI_UNIT ( $, .STERADIAN. ) SOLID_ANGLE_UNIT ( ) );
#2382 =( NAMED_UNIT ( * ) PLANE_ANGLE_UNIT ( ) SI_UNIT ( $, .RADIAN. ) );
#2383 = AXIS2_PLACEMENT_3D ( 'NONE', #2229, #2228, #2227 ) ;
#2384 = PLANE ( 'NONE',  #2383 ) ;
#2385 =( GEOMETRIC_REPRESENTATION_CONTEXT ( 3 ) GLOBAL_UNCERTAINTY_ASSIGNED_CONTEXT ( ( #2386 ) ) GLOBAL_UNIT_ASSIGNED_CONTEXT ( ( #2269, #2268, #2267 ) ) REPRESENTATION_CONTEXT ( 'NONE', 'WORKASPACE' ) );
#2386 = UNCERTAINTY_MEASURE_WITH_UNIT (LENGTH_MEASURE( 1.000000000000000100E-005 ), #2269, 'distance_accuracy_value', 'NONE');
#2387 =( LENGTH_UNIT ( ) NAMED_UNIT ( * ) SI_UNIT ( .MILLI., .METRE. ) );
#2388 = MECHANICAL_DESIGN_GEOMETRIC_PRESENTATION_REPRESENTATION (  '', ( #2390 ), #2355 ) ;
#2389 = PRESENTATION_LAYER_ASSIGNMENT (  '', '', ( #2390 ) ) ;
#2390 = STYLED_ITEM ( 'NONE', ( #2391 ), #793 ) ;
#2391 = PRESENTATION_STYLE_ASSIGNMENT (( #2392 ) ) ;
#2392 = SURFACE_STYLE_USAGE ( .BOTH. , #2393 ) ;
#2393 = SURFACE_SIDE_STYLE ('',( #2394 ) ) ;
#2394 = SURFACE_STYLE_FILL_AREA ( #2395 ) ;
#2395 = FILL_AREA_STYLE ('',( #2396 ) ) ;
#2396 = FILL_AREA_STYLE_COLOUR ( '', #2397 ) ;
#2397 = COLOUR_RGB ( '',1.000000000000000000, 1.000000000000000000, 1.000000000000000000 ) ;
#2398 = FACE_OUTER_BOUND ( 'NONE', #533, .T. ) ;
#2399 = CARTESIAN_POINT ( 'NONE',  ( 0.9000000000000000200, 0.4575000000000000200, -0.7625000000000000700 ) ) ;
#2400 = DIRECTION ( 'NONE',  ( -1.000000000000000000, 0.0000000000000000000, 0.0000000000000000000 ) ) ;
#2401 = DIRECTION ( 'NONE',  ( -0.0000000000000000000, -0.0000000000000000000, -1.000000000000000000 ) ) ;
#2402 = CARTESIAN_POINT ( 'NONE',  ( 0.9000000000000000200, 0.4374999999999999400, 0.1875000000000000000 ) ) ;
#2403 = AXIS2_PLACEMENT_3D ( 'NONE', #2402, #2401, #2400 ) ;
#2404 = DIRECTION ( 'NONE',  ( -1.000000000000000000, 0.0000000000000000000, 0.0000000000000000000 ) ) ;
#2405 = DIRECTION ( 'NONE',  ( -0.0000000000000000000, 0.0000000000000000000, -1.000000000000000000 ) ) ;
#2406 = CARTESIAN_POINT ( 'NONE',  ( 0.9000000000000000200, 0.4374999999999999400, 0.1875000000000000000 ) ) ;
#2407 = AXIS2_PLACEMENT_3D ( 'NONE', #2406, #2405, #2404 ) ;
#2408 = CIRCLE ( 'NONE', #2403, 0.02000000000000005200 ) ;
#2409 = PLANE ( 'NONE',  #2407 ) ;
#2410 =( GEOMETRIC_REPRESENTATION_CONTEXT ( 3 ) GLOBAL_UNCERTAINTY_ASSIGNED_CONTEXT ( ( #2302 ) ) GLOBAL_UNIT_ASSIGNED_CONTEXT ( ( #2305, #2304, #2303 ) ) REPRESENTATION_CONTEXT ( 'NONE', 'WORKASPACE' ) );
#2411 = UNCERTAINTY_MEASURE_WITH_UNIT (LENGTH_MEASURE( 1.000000000000000100E-005 ), #2414, 'distance_accuracy_value', 'NONE');
#2412 =( NAMED_UNIT ( * ) SI_UNIT ( $, .STERADIAN. ) SOLID_ANGLE_UNIT ( ) );
#2413 =( NAMED_UNIT ( * ) PLANE_ANGLE_UNIT ( ) SI_UNIT ( $, .RADIAN. ) );
#2414 =( LENGTH_UNIT ( ) NAMED_UNIT ( * ) SI_UNIT ( .MILLI., .METRE. ) );
#2415 = MECHANICAL_DESIGN_GEOMETRIC_PRESENTATION_REPRESENTATION (  '', ( #2417 ), #2522 ) ;
#2416 = PRESENTATION_LAYER_ASSIGNMENT (  '', '', ( #2417 ) ) ;
#2417 = STYLED_ITEM ( 'NONE', ( #2418 ), #850 ) ;
#2418 = PRESENTATION_STYLE_ASSIGNMENT (( #2419 ) ) ;
#2419 = SURFACE_STYLE_USAGE ( .BOTH. , #2420 ) ;
#2420 = SURFACE_SIDE_STYLE ('',( #2421 ) ) ;
#2421 = SURFACE_STYLE_FILL_AREA ( #2422 ) ;
#2422 = FILL_AREA_STYLE ('',( #2423 ) ) ;
#2423 = FILL_AREA_STYLE_COLOUR ( '', #2424 ) ;
#2424 = COLOUR_RGB ( '',1.000000000000000000, 1.000000000000000000, 1.000000000000000000 ) ;
#2425 = FACE_OUTER_BOUND ( 'NONE', #851, .T. ) ;
#2426 = CARTESIAN_POINT ( 'NONE',  ( 0.9000000000000000200, 0.4575000000000000200, 0.7624999999999999600 ) ) ;
#2427 = DIRECTION ( 'NONE',  ( 1.000000000000000000, 4.336808689942017700E-016, 0.0000000000000000000 ) ) ;
#2428 = VECTOR ( 'NONE', #2427, 1000.000000000000000 ) ;
#2429 = CARTESIAN_POINT ( 'NONE',  ( 0.6500000000000000200, 0.4574999999999999100, 0.7624999999999999600 ) ) ;
#2430 = LINE ( 'NONE', #2429, #2428 ) ;
#2431 = CARTESIAN_POINT ( 'NONE',  ( 0.9000000000000000200, 0.4575000000000000200, 1.137500000000000000 ) ) ;
#2432 = CARTESIAN_POINT ( 'NONE',  ( 1.399999999999999900, 0.0000000000000000000, 1.137500000000000000 ) ) ;
#2433 = DIRECTION ( 'NONE',  ( 0.9961946980917455500, -0.08715574274765851300, 0.0000000000000000000 ) ) ;
#2434 = VECTOR ( 'NONE', #2433, 1000.000000000000000 ) ;
#2435 = CARTESIAN_POINT ( 'NONE',  ( 1.115005164524712500, 0.02493381726752359400, 1.137500000000000000 ) ) ;
#2436 = LINE ( 'NONE', #2435, #2434 ) ;
#2437 = CARTESIAN_POINT ( 'NONE',  ( 1.115005164524712500, 0.02493381726752363600, 1.137500000000000000 ) ) ;
#2438 = DIRECTION ( 'NONE',  ( 1.000000000000000000, 0.0000000000000000000, 0.0000000000000000000 ) ) ;
#2439 = DIRECTION ( 'NONE',  ( 0.0000000000000000000, 0.0000000000000000000, 1.000000000000000000 ) ) ;
#2440 = AXIS2_PLACEMENT_3D ( 'NONE', #2614, #2439, #2438 ) ;
#2441 = CIRCLE ( 'NONE', #2496, 0.02000000000000005200 ) ;
#2442 = DIRECTION ( 'NONE',  ( -1.000000000000000000, 0.0000000000000000000, 0.0000000000000000000 ) ) ;
#2443 = DIRECTION ( 'NONE',  ( -0.0000000000000000000, 0.0000000000000000000, -1.000000000000000000 ) ) ;
#2444 = CARTESIAN_POINT ( 'NONE',  ( 0.9000000000000000200, 0.4374999999999999400, -1.137500000000000000 ) ) ;
#2445 = AXIS2_PLACEMENT_3D ( 'NONE', #2444, #2443, #2442 ) ;
#2446 = PLANE ( 'NONE',  #2445 ) ;
#2447 =( GEOMETRIC_REPRESENTATION_CONTEXT ( 3 ) GLOBAL_UNCERTAINTY_ASSIGNED_CONTEXT ( ( #2448 ) ) GLOBAL_UNIT_ASSIGNED_CONTEXT ( ( #2586, #2585, #2449 ) ) REPRESENTATION_CONTEXT ( 'NONE', 'WORKASPACE' ) );
#2448 = UNCERTAINTY_MEASURE_WITH_UNIT (LENGTH_MEASURE( 1.000000000000000100E-005 ), #2586, 'distance_accuracy_value', 'NONE');
#2449 =( NAMED_UNIT ( * ) SI_UNIT ( $, .STERADIAN. ) SOLID_ANGLE_UNIT ( ) );
#2450 = UNCERTAINTY_MEASURE_WITH_UNIT (LENGTH_MEASURE( 1.000000000000000100E-005 ), #2539, 'distance_accuracy_value', 'NONE');
#2451 =( NAMED_UNIT ( * ) SI_UNIT ( $, .STERADIAN. ) SOLID_ANGLE_UNIT ( ) );
#2452 =( GEOMETRIC_REPRESENTATION_CONTEXT ( 3 ) GLOBAL_UNCERTAINTY_ASSIGNED_CONTEXT ( ( #2453 ) ) GLOBAL_UNIT_ASSIGNED_CONTEXT ( ( #2544, #2543, #2454 ) ) REPRESENTATION_CONTEXT ( 'NONE', 'WORKASPACE' ) );
#2453 = UNCERTAINTY_MEASURE_WITH_UNIT (LENGTH_MEASURE( 1.000000000000000100E-005 ), #2544, 'distance_accuracy_value', 'NONE');
#2454 =( NAMED_UNIT ( * ) SI_UNIT ( $, .STERADIAN. ) SOLID_ANGLE_UNIT ( ) );
#2455 = SURFACE_SIDE_STYLE ('',( #2456 ) ) ;
#2456 = SURFACE_STYLE_FILL_AREA ( #2457 ) ;
#2457 = FILL_AREA_STYLE ('',( #2458 ) ) ;
#2458 = FILL_AREA_STYLE_COLOUR ( '', #2459 ) ;
#2459 = COLOUR_RGB ( '',1.000000000000000000, 1.000000000000000000, 1.000000000000000000 ) ;
#2460 = DIRECTION ( 'NONE',  ( -1.000000000000000000, 0.0000000000000000000, 0.0000000000000000000 ) ) ;
#2461 = DIRECTION ( 'NONE',  ( 0.0000000000000000000, 0.0000000000000000000, 1.000000000000000000 ) ) ;
#2462 = CARTESIAN_POINT ( 'NONE',  ( 0.9000000000000000200, 0.4374999999999999400, 1.137500000000000000 ) ) ;
#2463 = AXIS2_PLACEMENT_3D ( 'NONE', #2462, #2461, #2460 ) ;
#2464 = CIRCLE ( 'NONE', #2463, 0.07499999999999998300 ) ;
#2465 = FACE_OUTER_BOUND ( 'NONE', #940, .T. ) ;
#2466 = DIRECTION ( 'NONE',  ( 0.3810129238618399900, -0.9245697117309498200, 0.0000000000000000000 ) ) ;
#2467 =( LENGTH_UNIT ( ) NAMED_UNIT ( * ) SI_UNIT ( .MILLI., .METRE. ) );
#2468 = MECHANICAL_DESIGN_GEOMETRIC_PRESENTATION_REPRESENTATION (  '', ( #2470 ), #2616 ) ;
#2469 = PRESENTATION_LAYER_ASSIGNMENT (  '', '', ( #2470 ) ) ;
#2470 = STYLED_ITEM ( 'NONE', ( #2471 ), #833 ) ;
#2471 = PRESENTATION_STYLE_ASSIGNMENT (( #2472 ) ) ;
#2472 = SURFACE_STYLE_USAGE ( .BOTH. , #2473 ) ;
#2473 = SURFACE_SIDE_STYLE ('',( #2474 ) ) ;
#2474 = SURFACE_STYLE_FILL_AREA ( #2475 ) ;
#2475 = FILL_AREA_STYLE ('',( #2482 ) ) ;
#2476 = COLOUR_RGB ( '',1.000000000000000000, 1.000000000000000000, 1.000000000000000000 ) ;
#2477 = FACE_OUTER_BOUND ( 'NONE', #834, .T. ) ;
#2478 = DIRECTION ( 'NONE',  ( -0.0000000000000000000, -0.0000000000000000000, -1.000000000000000000 ) ) ;
#2479 = VECTOR ( 'NONE', #2478, 1000.000000000000000 ) ;
#2480 = CARTESIAN_POINT ( 'NONE',  ( 1.115005164524712500, 0.02493381726752363600, 1.137500000000000000 ) ) ;
#2481 = LINE ( 'NONE', #2480, #2479 ) ;
#2482 = FILL_AREA_STYLE_COLOUR ( '', #2476 ) ;
#2483 = CARTESIAN_POINT ( 'NONE',  ( 0.9184913942346189000, 0.4451202584772367400, 0.7624999999999999600 ) ) ;
#2484 = DIRECTION ( 'NONE',  ( 0.3810129238618398800, -0.9245697117309499300, 0.0000000000000000000 ) ) ;
#2485 = VECTOR ( 'NONE', #2484, 999.9999999999998900 ) ;
#2486 = CARTESIAN_POINT ( 'NONE',  ( 0.9184913942346189000, 0.4451202584772367400, 0.7624999999999999600 ) ) ;
#2487 = LINE ( 'NONE', #2486, #2485 ) ;
#2488 = DIRECTION ( 'NONE',  ( 0.3810129238618398800, -0.9245697117309499300, 0.0000000000000000000 ) ) ;
#2489 = VECTOR ( 'NONE', #2488, 999.9999999999998900 ) ;
#2490 = CARTESIAN_POINT ( 'NONE',  ( 0.9184913942346189000, 0.4451202584772367400, -0.7625000000000000700 ) ) ;
#2491 = LINE ( 'NONE', #2490, #2489 ) ;
#2492 = CARTESIAN_POINT ( 'NONE',  ( 0.9184913942346189000, 0.4451202584772367400, -0.7625000000000000700 ) ) ;
#2493 = DIRECTION ( 'NONE',  ( -1.000000000000000000, 0.0000000000000000000, 0.0000000000000000000 ) ) ;
#2494 = DIRECTION ( 'NONE',  ( -0.0000000000000000000, -0.0000000000000000000, -1.000000000000000000 ) ) ;
#2495 = CARTESIAN_POINT ( 'NONE',  ( 0.9000000000000000200, 0.4374999999999999400, -0.7625000000000000700 ) ) ;
#2496 = AXIS2_PLACEMENT_3D ( 'NONE', #2495, #2494, #2493 ) ;
#2497 = PLANE ( 'NONE',  #2500 ) ;
#2498 = LINE ( 'NONE', #2534, #2533 ) ;
#2499 = CARTESIAN_POINT ( 'NONE',  ( 1.128884804356739200, 0.07892959719328251900, 1.137500000000000000 ) ) ;
#2500 = AXIS2_PLACEMENT_3D ( 'NONE', #2499, #2537, #2536 ) ;
#2501 = LINE ( 'NONE', #2584, #2583 ) ;
#2502 = CARTESIAN_POINT ( 'NONE',  ( 1.128884804356739200, 0.07892959719328251900, 0.7624999999999999600 ) ) ;
#2503 = DIRECTION ( 'NONE',  ( -0.3810129238618399900, 0.9245697117309498200, -0.0000000000000000000 ) ) ;
#2504 = VECTOR ( 'NONE', #2503, 1000.000000000000100 ) ;
#2505 = CARTESIAN_POINT ( 'NONE',  ( 0.9693427283798211600, 0.4660759692896380700, 0.7624999999999999600 ) ) ;
#2506 = LINE ( 'NONE', #2505, #2504 ) ;
#2507 = DIRECTION ( 'NONE',  ( 0.08715574274765965100, 0.9961946980917454300, 0.0000000000000000000 ) ) ;
#2508 = VECTOR ( 'NONE', #2507, 1000.000000000000000 ) ;
#2509 = CARTESIAN_POINT ( 'NONE',  ( 1.399999999999999900, 0.0000000000000000000, 1.137500000000000000 ) ) ;
#2510 = LINE ( 'NONE', #2509, #2508 ) ;
#2511 = DIRECTION ( 'NONE',  ( -0.0000000000000000000, -0.0000000000000000000, -1.000000000000000000 ) ) ;
#2512 = VECTOR ( 'NONE', #2511, 1000.000000000000000 ) ;
#2513 = CARTESIAN_POINT ( 'NONE',  ( 0.9184913942346189000, 0.4451202584772367400, 1.137500000000000000 ) ) ;
#2514 = LINE ( 'NONE', #2513, #2512 ) ;
#2515 = CARTESIAN_POINT ( 'NONE',  ( 1.081508605765380900, 0.04954108823671980000, -1.137500000000000000 ) ) ;
#2516 = CARTESIAN_POINT ( 'NONE',  ( 1.115005164524712500, 0.02493381726752363600, -1.137500000000000000 ) ) ;
#2517 = DIRECTION ( 'NONE',  ( -0.9961946980917455500, 0.08715574274765851300, 0.0000000000000000000 ) ) ;
#2518 = DIRECTION ( 'NONE',  ( 0.08715574274765851300, 0.9961946980917455500, -0.0000000000000000000 ) ) ;
#2519 = CARTESIAN_POINT ( 'NONE',  ( 1.115005164524712500, 0.02493381726752359400, -0.7625000000000000700 ) ) ;
#2520 = AXIS2_PLACEMENT_3D ( 'NONE', #2519, #2518, #2517 ) ;
#2521 = PLANE ( 'NONE',  #2520 ) ;
#2522 =( GEOMETRIC_REPRESENTATION_CONTEXT ( 3 ) GLOBAL_UNCERTAINTY_ASSIGNED_CONTEXT ( ( #2411 ) ) GLOBAL_UNIT_ASSIGNED_CONTEXT ( ( #2414, #2413, #2412 ) ) REPRESENTATION_CONTEXT ( 'NONE', 'WORKASPACE' ) );
#2523 = PRESENTATION_LAYER_ASSIGNMENT (  '', '', ( #2524 ) ) ;
#2524 = STYLED_ITEM ( 'NONE', ( #2525 ), #808 ) ;
#2525 = PRESENTATION_STYLE_ASSIGNMENT (( #2526 ) ) ;
#2526 = SURFACE_STYLE_USAGE ( .BOTH. , #2527 ) ;
#2527 = SURFACE_SIDE_STYLE ('',( #2528 ) ) ;
#2528 = SURFACE_STYLE_FILL_AREA ( #2529 ) ;
#2529 = FILL_AREA_STYLE ('',( #2535 ) ) ;
#2530 = COLOUR_RGB ( '',1.000000000000000000, 1.000000000000000000, 1.000000000000000000 ) ;
#2531 = FACE_OUTER_BOUND ( 'NONE', #809, .T. ) ;
#2532 = DIRECTION ( 'NONE',  ( -0.0000000000000000000, -0.0000000000000000000, -1.000000000000000000 ) ) ;
#2533 = VECTOR ( 'NONE', #2532, 1000.000000000000000 ) ;
#2534 = CARTESIAN_POINT ( 'NONE',  ( 1.128884804356739200, 0.07892959719328251900, 1.137500000000000000 ) ) ;
#2535 = FILL_AREA_STYLE_COLOUR ( '', #2530 ) ;
#2536 = DIRECTION ( 'NONE',  ( 0.9961946980917455500, -0.08715574274765847100, 0.0000000000000000000 ) ) ;
#2537 = DIRECTION ( 'NONE',  ( -0.08715574274765847100, -0.9961946980917455500, 0.0000000000000000000 ) ) ;
#2538 =( NAMED_UNIT ( * ) PLANE_ANGLE_UNIT ( ) SI_UNIT ( $, .RADIAN. ) );
#2539 =( LENGTH_UNIT ( ) NAMED_UNIT ( * ) SI_UNIT ( .MILLI., .METRE. ) );
#2540 = MECHANICAL_DESIGN_GEOMETRIC_PRESENTATION_REPRESENTATION (  '', ( #2524 ), #2625 ) ;
#2541 =( GEOMETRIC_REPRESENTATION_CONTEXT ( 3 ) GLOBAL_UNCERTAINTY_ASSIGNED_CONTEXT ( ( #2620 ) ) GLOBAL_UNIT_ASSIGNED_CONTEXT ( ( #2331, #2330, #2542 ) ) REPRESENTATION_CONTEXT ( 'NONE', 'WORKASPACE' ) );
#2542 =( NAMED_UNIT ( * ) SI_UNIT ( $, .STERADIAN. ) SOLID_ANGLE_UNIT ( ) );
#2543 =( NAMED_UNIT ( * ) PLANE_ANGLE_UNIT ( ) SI_UNIT ( $, .RADIAN. ) );
#2544 =( LENGTH_UNIT ( ) NAMED_UNIT ( * ) SI_UNIT ( .MILLI., .METRE. ) );
#2545 = MECHANICAL_DESIGN_GEOMETRIC_PRESENTATION_REPRESENTATION (  '', ( #2547 ), #2452 ) ;
#2546 = PRESENTATION_LAYER_ASSIGNMENT (  '', '', ( #2547 ) ) ;
#2547 = STYLED_ITEM ( 'NONE', ( #2548 ), #811 ) ;
#2548 = PRESENTATION_STYLE_ASSIGNMENT (( #2549 ) ) ;
#2549 = SURFACE_STYLE_USAGE ( .BOTH. , #2455 ) ;
#2550 = PRESENTATION_LAYER_ASSIGNMENT (  '', '', ( #2551 ) ) ;
#2551 = STYLED_ITEM ( 'NONE', ( #2552 ), #818 ) ;
#2552 = PRESENTATION_STYLE_ASSIGNMENT (( #2553 ) ) ;
#2553 = SURFACE_STYLE_USAGE ( .BOTH. , #2554 ) ;
#2554 = SURFACE_SIDE_STYLE ('',( #2555 ) ) ;
#2555 = SURFACE_STYLE_FILL_AREA ( #2556 ) ;
#2556 = FILL_AREA_STYLE ('',( #2563 ) ) ;
#2557 = COLOUR_RGB ( '',1.000000000000000000, 1.000000000000000000, 1.000000000000000000 ) ;
#2558 = FACE_OUTER_BOUND ( 'NONE', #862, .T. ) ;
#2559 = DIRECTION ( 'NONE',  ( -0.9961946980917455500, 0.08715574274765845700, -0.0000000000000000000 ) ) ;
#2560 = VECTOR ( 'NONE', #2559, 1000.000000000000100 ) ;
#2561 = CARTESIAN_POINT ( 'NONE',  ( 1.128884804356739200, 0.07892959719328251900, 1.137500000000000000 ) ) ;
#2562 = LINE ( 'NONE', #2561, #2560 ) ;
#2563 = FILL_AREA_STYLE_COLOUR ( '', #2557 ) ;
#2564 = CARTESIAN_POINT ( 'NONE',  ( 0.9693427283798211600, 0.4660759692896380700, 1.137500000000000000 ) ) ;
#2565 = DIRECTION ( 'NONE',  ( -0.3810129238618399900, 0.9245697117309498200, -0.0000000000000000000 ) ) ;
#2566 = VECTOR ( 'NONE', #2565, 1000.000000000000100 ) ;
#2567 = CARTESIAN_POINT ( 'NONE',  ( 0.9693427283798211600, 0.4660759692896380700, 1.137500000000000000 ) ) ;
#2568 = LINE ( 'NONE', #2567, #2566 ) ;
#2569 = DIRECTION ( 'NONE',  ( -1.000000000000000000, 0.0000000000000000000, 0.0000000000000000000 ) ) ;
#2570 = DIRECTION ( 'NONE',  ( -0.0000000000000000000, 0.0000000000000000000, -1.000000000000000000 ) ) ;
#2571 = CARTESIAN_POINT ( 'NONE',  ( 0.9000000000000000200, 0.4374999999999999400, 0.7624999999999999600 ) ) ;
#2572 = AXIS2_PLACEMENT_3D ( 'NONE', #2571, #2570, #2569 ) ;
#2573 = PLANE ( 'NONE',  #2572 ) ;
#2574 = LINE ( 'NONE', #2799, #2800 ) ;
#2575 = SURFACE_STYLE_USAGE ( .BOTH. , #2958 ) ;
#2576 = CARTESIAN_POINT ( 'NONE',  ( 1.399999999999999900, 0.0000000000000000000, 0.7624999999999999600 ) ) ;
#2577 = DIRECTION ( 'NONE',  ( 0.08715574274765965100, 0.9961946980917454300, 0.0000000000000000000 ) ) ;
#2578 = VECTOR ( 'NONE', #2577, 1000.000000000000000 ) ;
#2579 = CARTESIAN_POINT ( 'NONE',  ( 1.399999999999999900, 0.0000000000000000000, 0.7624999999999999600 ) ) ;
#2580 = LINE ( 'NONE', #2579, #2578 ) ;
#2581 = CARTESIAN_POINT ( 'NONE',  ( 1.404793565851121300, 0.05479070839504601700, 0.7624999999999999600 ) ) ;
#2582 = DIRECTION ( 'NONE',  ( -0.9961946980917455500, 0.08715574274765845700, -0.0000000000000000000 ) ) ;
#2583 = VECTOR ( 'NONE', #2582, 1000.000000000000100 ) ;
#2584 = CARTESIAN_POINT ( 'NONE',  ( 1.128884804356739200, 0.07892959719328251900, 0.7624999999999999600 ) ) ;
#2585 =( NAMED_UNIT ( * ) PLANE_ANGLE_UNIT ( ) SI_UNIT ( $, .RADIAN. ) );
#2586 =( LENGTH_UNIT ( ) NAMED_UNIT ( * ) SI_UNIT ( .MILLI., .METRE. ) );
#2587 = MECHANICAL_DESIGN_GEOMETRIC_PRESENTATION_REPRESENTATION (  '', ( #2589 ), #2447 ) ;
#2588 = PRESENTATION_LAYER_ASSIGNMENT (  '', '', ( #2589 ) ) ;
#2589 = STYLED_ITEM ( 'NONE', ( #2590 ), #819 ) ;
#2590 = PRESENTATION_STYLE_ASSIGNMENT (( #2591 ) ) ;
#2591 = SURFACE_STYLE_USAGE ( .BOTH. , #2592 ) ;
#2592 = SURFACE_SIDE_STYLE ('',( #2593 ) ) ;
#2593 = SURFACE_STYLE_FILL_AREA ( #2594 ) ;
#2594 = FILL_AREA_STYLE ('',( #2601 ) ) ;
#2595 = COLOUR_RGB ( '',1.000000000000000000, 1.000000000000000000, 1.000000000000000000 ) ;
#2596 = DIRECTION ( 'NONE',  ( -0.3810129238618398300, 0.9245697117309498200, 0.0000000000000000000 ) ) ;
#2597 = DIRECTION ( 'NONE',  ( 0.9245697117309499300, 0.3810129238618398800, -0.0000000000000000000 ) ) ;
#2598 = CARTESIAN_POINT ( 'NONE',  ( 0.9184913942346189000, 0.4451202584772367400, 1.137500000000000000 ) ) ;
#2599 = AXIS2_PLACEMENT_3D ( 'NONE', #2598, #2597, #2596 ) ;
#2600 = FACE_OUTER_BOUND ( 'NONE', #820, .T. ) ;
#2601 = FILL_AREA_STYLE_COLOUR ( '', #2595 ) ;
#2602 = PLANE ( 'NONE',  #2599 ) ;
#2603 =( GEOMETRIC_REPRESENTATION_CONTEXT ( 3 ) GLOBAL_UNCERTAINTY_ASSIGNED_CONTEXT ( ( #2604 ) ) GLOBAL_UNIT_ASSIGNED_CONTEXT ( ( #2607, #2606, #2605 ) ) REPRESENTATION_CONTEXT ( 'NONE', 'WORKASPACE' ) );
#2604 = UNCERTAINTY_MEASURE_WITH_UNIT (LENGTH_MEASURE( 1.000000000000000100E-005 ), #2607, 'distance_accuracy_value', 'NONE');
#2605 =( NAMED_UNIT ( * ) SI_UNIT ( $, .STERADIAN. ) SOLID_ANGLE_UNIT ( ) );
#2606 =( NAMED_UNIT ( * ) PLANE_ANGLE_UNIT ( ) SI_UNIT ( $, .RADIAN. ) );
#2607 =( LENGTH_UNIT ( ) NAMED_UNIT ( * ) SI_UNIT ( .MILLI., .METRE. ) );
#2608 = MECHANICAL_DESIGN_GEOMETRIC_PRESENTATION_REPRESENTATION (  '', ( #2551 ), #2603 ) ;
#2609 = DIRECTION ( 'NONE',  ( -0.9961946980917455500, 0.08715574274765851300, 0.0000000000000000000 ) ) ;
#2610 = DIRECTION ( 'NONE',  ( 0.08715574274765851300, 0.9961946980917455500, -0.0000000000000000000 ) ) ;
#2611 = CARTESIAN_POINT ( 'NONE',  ( 1.115005164524712500, 0.02493381726752359400, 1.137500000000000000 ) ) ;
#2612 = AXIS2_PLACEMENT_3D ( 'NONE', #2611, #2610, #2609 ) ;
#2613 = CIRCLE ( 'NONE', #2440, 0.03999999999999989000 ) ;
#2614 = CARTESIAN_POINT ( 'NONE',  ( 1.118491394234618900, 0.06478160519119338700, 1.137500000000000000 ) ) ;
#2615 = PLANE ( 'NONE',  #2612 ) ;
#2616 =( GEOMETRIC_REPRESENTATION_CONTEXT ( 3 ) GLOBAL_UNCERTAINTY_ASSIGNED_CONTEXT ( ( #2617 ) ) GLOBAL_UNIT_ASSIGNED_CONTEXT ( ( #2467, #2619, #2618 ) ) REPRESENTATION_CONTEXT ( 'NONE', 'WORKASPACE' ) );
#2617 = UNCERTAINTY_MEASURE_WITH_UNIT (LENGTH_MEASURE( 1.000000000000000100E-005 ), #2467, 'distance_accuracy_value', 'NONE');
#2618 =( NAMED_UNIT ( * ) SI_UNIT ( $, .STERADIAN. ) SOLID_ANGLE_UNIT ( ) );
#2619 =( NAMED_UNIT ( * ) PLANE_ANGLE_UNIT ( ) SI_UNIT ( $, .RADIAN. ) );
#2620 = UNCERTAINTY_MEASURE_WITH_UNIT (LENGTH_MEASURE( 1.000000000000000100E-005 ), #2331, 'distance_accuracy_value', 'NONE');
#2621 = DIRECTION ( 'NONE',  ( -0.9245697117309498200, -0.3810129238618399900, 0.0000000000000000000 ) ) ;
#2622 = CARTESIAN_POINT ( 'NONE',  ( 0.9693427283798211600, 0.4660759692896380700, 1.137500000000000000 ) ) ;
#2623 = AXIS2_PLACEMENT_3D ( 'NONE', #2622, #2621, #2466 ) ;
#2624 = PLANE ( 'NONE',  #2623 ) ;
#2625 =( GEOMETRIC_REPRESENTATION_CONTEXT ( 3 ) GLOBAL_UNCERTAINTY_ASSIGNED_CONTEXT ( ( #2450 ) ) GLOBAL_UNIT_ASSIGNED_CONTEXT ( ( #2539, #2538, #2451 ) ) REPRESENTATION_CONTEXT ( 'NONE', 'WORKASPACE' ) );
#2626 = DIRECTION ( 'NONE',  ( -1.000000000000000000, 0.0000000000000000000, 0.0000000000000000000 ) ) ;
#2627 = DIRECTION ( 'NONE',  ( -0.0000000000000000000, -0.0000000000000000000, -1.000000000000000000 ) ) ;
#2628 = CARTESIAN_POINT ( 'NONE',  ( 0.9000000000000000200, 0.4374999999999999400, 0.1875000000000000000 ) ) ;
#2629 = AXIS2_PLACEMENT_3D ( 'NONE', #2628, #2627, #2626 ) ;
#2630 = CYLINDRICAL_SURFACE ( 'NONE', #2629, 0.07499999999999998300 ) ;
#2631 =( GEOMETRIC_REPRESENTATION_CONTEXT ( 3 ) GLOBAL_UNCERTAINTY_ASSIGNED_CONTEXT ( ( #2632 ) ) GLOBAL_UNIT_ASSIGNED_CONTEXT ( ( #2805, #2804, #2633 ) ) REPRESENTATION_CONTEXT ( 'NONE', 'WORKASPACE' ) );
#2632 = UNCERTAINTY_MEASURE_WITH_UNIT (LENGTH_MEASURE( 1.000000000000000100E-005 ), #2805, 'distance_accuracy_value', 'NONE');
#2633 =( NAMED_UNIT ( * ) SI_UNIT ( $, .STERADIAN. ) SOLID_ANGLE_UNIT ( ) );
#2634 =( GEOMETRIC_REPRESENTATION_CONTEXT ( 3 ) GLOBAL_UNCERTAINTY_ASSIGNED_CONTEXT ( ( #2635 ) ) GLOBAL_UNIT_ASSIGNED_CONTEXT ( ( #2698, #2697, #2696 ) ) REPRESENTATION_CONTEXT ( 'NONE', 'WORKASPACE' ) );
#2635 = UNCERTAINTY_MEASURE_WITH_UNIT (LENGTH_MEASURE( 1.000000000000000100E-005 ), #2698, 'distance_accuracy_value', 'NONE');
#2636 = DIRECTION ( 'NONE',  ( -1.000000000000000000, 0.0000000000000000000, 0.0000000000000000000 ) ) ;
#2637 = DIRECTION ( 'NONE',  ( -0.0000000000000000000, -0.0000000000000000000, -1.000000000000000000 ) ) ;
#2638 = CARTESIAN_POINT ( 'NONE',  ( 0.9000000000000000200, 0.4374999999999999400, 1.137500000000000000 ) ) ;
#2639 = AXIS2_PLACEMENT_3D ( 'NONE', #2638, #2637, #2636 ) ;
#2640 = CIRCLE ( 'NONE', #2694, 0.07499999999999998300 ) ;
#2641 = DIRECTION ( 'NONE',  ( 0.9961946980917455500, -0.08715574274765851300, 0.0000000000000000000 ) ) ;
#2642 = LINE ( 'NONE', #2792, #2791 ) ;
#2643 = FILL_AREA_STYLE_COLOUR ( '', #2788 ) ;
#2644 =( NAMED_UNIT ( * ) PLANE_ANGLE_UNIT ( ) SI_UNIT ( $, .RADIAN. ) );
#2645 =( LENGTH_UNIT ( ) NAMED_UNIT ( * ) SI_UNIT ( .MILLI., .METRE. ) );
#2646 = LINE ( 'NONE', #2785, #2784 ) ;
#2647 = CARTESIAN_POINT ( 'NONE',  ( 0.9184913942346189000, 0.4451202584772367400, 1.137500000000000000 ) ) ;
#2648 = DIRECTION ( 'NONE',  ( -0.3810129238618399900, 0.9245697117309498200, -0.0000000000000000000 ) ) ;
#2649 = VECTOR ( 'NONE', #2648, 1000.000000000000100 ) ;
#2650 = CARTESIAN_POINT ( 'NONE',  ( 0.9693427283798211600, 0.4660759692896380700, -1.137500000000000000 ) ) ;
#2651 = LINE ( 'NONE', #2650, #2649 ) ;
#2652 = CARTESIAN_POINT ( 'NONE',  ( 0.9693427283798211600, 0.4660759692896380700, -1.137500000000000000 ) ) ;
#2653 = DIRECTION ( 'NONE',  ( -1.000000000000000000, 0.0000000000000000000, 0.0000000000000000000 ) ) ;
#2654 = DIRECTION ( 'NONE',  ( 0.0000000000000000000, 0.0000000000000000000, 1.000000000000000000 ) ) ;
#2655 = CARTESIAN_POINT ( 'NONE',  ( 0.9000000000000000200, 0.4374999999999999400, -1.137500000000000000 ) ) ;
#2656 = AXIS2_PLACEMENT_3D ( 'NONE', #2655, #2654, #2653 ) ;
#2657 = CIRCLE ( 'NONE', #2656, 0.07499999999999998300 ) ;
#2658 = CARTESIAN_POINT ( 'NONE',  ( 0.9000000000000000200, 0.5124999999999999600, -1.137500000000000000 ) ) ;
#2659 = CARTESIAN_POINT ( 'NONE',  ( 0.9000000000000000200, 0.4575000000000000200, -1.137500000000000000 ) ) ;
#2660 = DIRECTION ( 'NONE',  ( 1.000000000000000000, 4.336808689942017700E-016, 0.0000000000000000000 ) ) ;
#2661 = VECTOR ( 'NONE', #2660, 1000.000000000000000 ) ;
#2662 = CARTESIAN_POINT ( 'NONE',  ( 0.6500000000000000200, 0.4574999999999999100, -1.137500000000000000 ) ) ;
#2663 = LINE ( 'NONE', #2662, #2661 ) ;
#2664 =( NAMED_UNIT ( * ) PLANE_ANGLE_UNIT ( ) SI_UNIT ( $, .RADIAN. ) );
#2665 =( LENGTH_UNIT ( ) NAMED_UNIT ( * ) SI_UNIT ( .MILLI., .METRE. ) );
#2666 = MECHANICAL_DESIGN_GEOMETRIC_PRESENTATION_REPRESENTATION (  '', ( #2668 ), #2743 ) ;
#2667 = PRESENTATION_LAYER_ASSIGNMENT (  '', '', ( #2668 ) ) ;
#2668 = STYLED_ITEM ( 'NONE', ( #2669 ), #918 ) ;
#2669 = PRESENTATION_STYLE_ASSIGNMENT (( #2670 ) ) ;
#2670 = SURFACE_STYLE_USAGE ( .BOTH. , #2671 ) ;
#2671 = SURFACE_SIDE_STYLE ('',( #2672 ) ) ;
#2672 = SURFACE_STYLE_FILL_AREA ( #2680 ) ;
#2673 = COLOUR_RGB ( '',1.000000000000000000, 1.000000000000000000, 1.000000000000000000 ) ;
#2674 = FACE_OUTER_BOUND ( 'NONE', #919, .T. ) ;
#2675 = DIRECTION ( 'NONE',  ( 0.0000000000000000000, -0.0000000000000000000, -1.000000000000000000 ) ) ;
#2676 = DIRECTION ( 'NONE',  ( 0.0000000000000000000, -1.000000000000000000, 0.0000000000000000000 ) ) ;
#2677 = CARTESIAN_POINT ( 'NONE',  ( 0.6500000000000000200, 0.5124999999999999600, -0.7625000000000000700 ) ) ;
#2678 = AXIS2_PLACEMENT_3D ( 'NONE', #2677, #2676, #2675 ) ;
#2679 = PLANE ( 'NONE',  #2678 ) ;
#2680 = FILL_AREA_STYLE ('',( #2681 ) ) ;
#2681 = FILL_AREA_STYLE_COLOUR ( '', #2673 ) ;
#2682 = CYLINDRICAL_SURFACE ( 'NONE', #2639, 0.07499999999999998300 ) ;
#2683 =( GEOMETRIC_REPRESENTATION_CONTEXT ( 3 ) GLOBAL_UNCERTAINTY_ASSIGNED_CONTEXT ( ( #2827 ) ) GLOBAL_UNIT_ASSIGNED_CONTEXT ( ( #2645, #2644, #2828 ) ) REPRESENTATION_CONTEXT ( 'NONE', 'WORKASPACE' ) );
#2684 = PRESENTATION_STYLE_ASSIGNMENT (( #2685 ) ) ;
#2685 = SURFACE_STYLE_USAGE ( .BOTH. , #2686 ) ;
#2686 = SURFACE_SIDE_STYLE ('',( #2687 ) ) ;
#2687 = SURFACE_STYLE_FILL_AREA ( #2688 ) ;
#2688 = FILL_AREA_STYLE ('',( #2689 ) ) ;
#2689 = FILL_AREA_STYLE_COLOUR ( '', #2690 ) ;
#2690 = COLOUR_RGB ( '',1.000000000000000000, 1.000000000000000000, 1.000000000000000000 ) ;
#2691 = DIRECTION ( 'NONE',  ( -1.000000000000000000, 0.0000000000000000000, 0.0000000000000000000 ) ) ;
#2692 = DIRECTION ( 'NONE',  ( 0.0000000000000000000, 0.0000000000000000000, 1.000000000000000000 ) ) ;
#2693 = CARTESIAN_POINT ( 'NONE',  ( 0.9000000000000000200, 0.4374999999999999400, 0.7624999999999999600 ) ) ;
#2694 = AXIS2_PLACEMENT_3D ( 'NONE', #2693, #2692, #2691 ) ;
#2695 = FACE_OUTER_BOUND ( 'NONE', #1021, .T. ) ;
#2696 =( NAMED_UNIT ( * ) SI_UNIT ( $, .STERADIAN. ) SOLID_ANGLE_UNIT ( ) );
#2697 =( NAMED_UNIT ( * ) PLANE_ANGLE_UNIT ( ) SI_UNIT ( $, .RADIAN. ) );
#2698 =( LENGTH_UNIT ( ) NAMED_UNIT ( * ) SI_UNIT ( .MILLI., .METRE. ) );
#2699 = MECHANICAL_DESIGN_GEOMETRIC_PRESENTATION_REPRESENTATION (  '', ( #2701 ), #2634 ) ;
#2700 = PRESENTATION_LAYER_ASSIGNMENT (  '', '', ( #2701 ) ) ;
#2701 = STYLED_ITEM ( 'NONE', ( #2702 ), #913 ) ;
#2702 = PRESENTATION_STYLE_ASSIGNMENT (( #2703 ) ) ;
#2703 = SURFACE_STYLE_USAGE ( .BOTH. , #2704 ) ;
#2704 = SURFACE_SIDE_STYLE ('',( #2705 ) ) ;
#2705 = SURFACE_STYLE_FILL_AREA ( #2706 ) ;
#2706 = FILL_AREA_STYLE ('',( #2713 ) ) ;
#2707 = COLOUR_RGB ( '',1.000000000000000000, 1.000000000000000000, 1.000000000000000000 ) ;
#2708 = DIRECTION ( 'NONE',  ( -1.000000000000000000, 0.0000000000000000000, 0.0000000000000000000 ) ) ;
#2709 = DIRECTION ( 'NONE',  ( -0.0000000000000000000, 0.0000000000000000000, -1.000000000000000000 ) ) ;
#2710 = CARTESIAN_POINT ( 'NONE',  ( 0.9000000000000000200, 0.4374999999999999400, -0.7625000000000000700 ) ) ;
#2711 = AXIS2_PLACEMENT_3D ( 'NONE', #2710, #2709, #2708 ) ;
#2712 = FACE_OUTER_BOUND ( 'NONE', #529, .T. ) ;
#2713 = FILL_AREA_STYLE_COLOUR ( '', #2707 ) ;
#2714 = PLANE ( 'NONE',  #2711 ) ;
#2715 =( GEOMETRIC_REPRESENTATION_CONTEXT ( 3 ) GLOBAL_UNCERTAINTY_ASSIGNED_CONTEXT ( ( #2716 ) ) GLOBAL_UNIT_ASSIGNED_CONTEXT ( ( #2719, #2718, #2717 ) ) REPRESENTATION_CONTEXT ( 'NONE', 'WORKASPACE' ) );
#2716 = UNCERTAINTY_MEASURE_WITH_UNIT (LENGTH_MEASURE( 1.000000000000000100E-005 ), #2719, 'distance_accuracy_value', 'NONE');
#2717 =( NAMED_UNIT ( * ) SI_UNIT ( $, .STERADIAN. ) SOLID_ANGLE_UNIT ( ) );
#2718 =( NAMED_UNIT ( * ) PLANE_ANGLE_UNIT ( ) SI_UNIT ( $, .RADIAN. ) );
#2719 =( LENGTH_UNIT ( ) NAMED_UNIT ( * ) SI_UNIT ( .MILLI., .METRE. ) );
#2720 = STYLED_ITEM ( 'NONE', ( #2724 ), #1009 ) ;
#2721 = DIRECTION ( 'NONE',  ( 0.08715574274765965100, 0.9961946980917454300, 0.0000000000000000000 ) ) ;
#2722 = VECTOR ( 'NONE', #2721, 1000.000000000000000 ) ;
#2723 = CARTESIAN_POINT ( 'NONE',  ( 1.399999999999999900, 0.0000000000000000000, -1.137500000000000000 ) ) ;
#2724 = PRESENTATION_STYLE_ASSIGNMENT (( #2575 ) ) ;
#2725 = LINE ( 'NONE', #2723, #2722 ) ;
#2726 = DIRECTION ( 'NONE',  ( -1.000000000000000000, -0.0000000000000000000, -0.0000000000000000000 ) ) ;
#2727 = VECTOR ( 'NONE', #2726, 1000.000000000000000 ) ;
#2728 = CARTESIAN_POINT ( 'NONE',  ( 0.6500000000000000200, 0.5124999999999999600, -1.137500000000000000 ) ) ;
#2729 = LINE ( 'NONE', #2728, #2727 ) ;
#2730 = DIRECTION ( 'NONE',  ( -1.000000000000000000, -0.0000000000000000000, -0.0000000000000000000 ) ) ;
#2731 = VECTOR ( 'NONE', #2730, 1000.000000000000000 ) ;
#2732 = CARTESIAN_POINT ( 'NONE',  ( 0.6500000000000000200, 0.5124999999999999600, -0.7625000000000000700 ) ) ;
#2733 = LINE ( 'NONE', #2732, #2731 ) ;
#2734 = DIRECTION ( 'NONE',  ( -0.0000000000000000000, -0.0000000000000000000, -1.000000000000000000 ) ) ;
#2735 = VECTOR ( 'NONE', #2734, 1000.000000000000000 ) ;
#2736 = CARTESIAN_POINT ( 'NONE',  ( 0.9693427283798211600, 0.4660759692896380700, -0.7625000000000000700 ) ) ;
#2737 = LINE ( 'NONE', #2736, #2735 ) ;
#2738 = DIRECTION ( 'NONE',  ( 0.3810129238618399900, -0.9245697117309498200, 0.0000000000000000000 ) ) ;
#2739 = DIRECTION ( 'NONE',  ( -0.9245697117309498200, -0.3810129238618399900, 0.0000000000000000000 ) ) ;
#2740 = CARTESIAN_POINT ( 'NONE',  ( 0.9693427283798211600, 0.4660759692896380700, -0.7625000000000000700 ) ) ;
#2741 = AXIS2_PLACEMENT_3D ( 'NONE', #2740, #2739, #2738 ) ;
#2742 = PLANE ( 'NONE',  #2741 ) ;
#2743 =( GEOMETRIC_REPRESENTATION_CONTEXT ( 3 ) GLOBAL_UNCERTAINTY_ASSIGNED_CONTEXT ( ( #2744 ) ) GLOBAL_UNIT_ASSIGNED_CONTEXT ( ( #2665, #2664, #2745 ) ) REPRESENTATION_CONTEXT ( 'NONE', 'WORKASPACE' ) );
#2744 = UNCERTAINTY_MEASURE_WITH_UNIT (LENGTH_MEASURE( 1.000000000000000100E-005 ), #2665, 'distance_accuracy_value', 'NONE');
#2745 =( NAMED_UNIT ( * ) SI_UNIT ( $, .STERADIAN. ) SOLID_ANGLE_UNIT ( ) );
#2746 = PLANE ( 'NONE',  #2747 ) ;
#2747 = AXIS2_PLACEMENT_3D ( 'NONE', #2826, #2825, #2824 ) ;
#2748 =( GEOMETRIC_REPRESENTATION_CONTEXT ( 3 ) GLOBAL_UNCERTAINTY_ASSIGNED_CONTEXT ( ( #2749 ) ) GLOBAL_UNIT_ASSIGNED_CONTEXT ( ( #2752, #2751, #2750 ) ) REPRESENTATION_CONTEXT ( 'NONE', 'WORKASPACE' ) );
#2749 = UNCERTAINTY_MEASURE_WITH_UNIT (LENGTH_MEASURE( 1.000000000000000100E-005 ), #2752, 'distance_accuracy_value', 'NONE');
#2750 =( NAMED_UNIT ( * ) SI_UNIT ( $, .STERADIAN. ) SOLID_ANGLE_UNIT ( ) );
#2751 =( NAMED_UNIT ( * ) PLANE_ANGLE_UNIT ( ) SI_UNIT ( $, .RADIAN. ) );
#2752 =( LENGTH_UNIT ( ) NAMED_UNIT ( * ) SI_UNIT ( .MILLI., .METRE. ) );
#2753 = MECHANICAL_DESIGN_GEOMETRIC_PRESENTATION_REPRESENTATION (  '', ( #2755 ), #2748 ) ;
#2754 = PRESENTATION_LAYER_ASSIGNMENT (  '', '', ( #2755 ) ) ;
#2755 = STYLED_ITEM ( 'NONE', ( #2756 ), #905 ) ;
#2756 = PRESENTATION_STYLE_ASSIGNMENT (( #2757 ) ) ;
#2757 = SURFACE_STYLE_USAGE ( .BOTH. , #2758 ) ;
#2758 = SURFACE_SIDE_STYLE ('',( #2759 ) ) ;
#2759 = SURFACE_STYLE_FILL_AREA ( #2760 ) ;
#2760 = FILL_AREA_STYLE ('',( #2767 ) ) ;
#2761 = COLOUR_RGB ( '',1.000000000000000000, 1.000000000000000000, 1.000000000000000000 ) ;
#2762 = DIRECTION ( 'NONE',  ( -0.3810129238618398300, 0.9245697117309498200, 0.0000000000000000000 ) ) ;
#2763 = DIRECTION ( 'NONE',  ( 0.9245697117309499300, 0.3810129238618398800, -0.0000000000000000000 ) ) ;
#2764 = CARTESIAN_POINT ( 'NONE',  ( 0.9184913942346189000, 0.4451202584772367400, -0.7625000000000000700 ) ) ;
#2765 = AXIS2_PLACEMENT_3D ( 'NONE', #2764, #2763, #2762 ) ;
#2766 = FACE_OUTER_BOUND ( 'NONE', #906, .T. ) ;
#2767 = FILL_AREA_STYLE_COLOUR ( '', #2761 ) ;
#2768 = PLANE ( 'NONE',  #2765 ) ;
#2769 =( GEOMETRIC_REPRESENTATION_CONTEXT ( 3 ) GLOBAL_UNCERTAINTY_ASSIGNED_CONTEXT ( ( #2801 ) ) GLOBAL_UNIT_ASSIGNED_CONTEXT ( ( #2770, #2803, #2802 ) ) REPRESENTATION_CONTEXT ( 'NONE', 'WORKASPACE' ) );
#2770 =( LENGTH_UNIT ( ) NAMED_UNIT ( * ) SI_UNIT ( .MILLI., .METRE. ) );
#2771 = MECHANICAL_DESIGN_GEOMETRIC_PRESENTATION_REPRESENTATION (  '', ( #2773 ), #2769 ) ;
#2772 = PRESENTATION_LAYER_ASSIGNMENT (  '', '', ( #2773 ) ) ;
#2773 = STYLED_ITEM ( 'NONE', ( #2774 ), #902 ) ;
#2774 = PRESENTATION_STYLE_ASSIGNMENT (( #2775 ) ) ;
#2775 = SURFACE_STYLE_USAGE ( .BOTH. , #2776 ) ;
#2776 = SURFACE_SIDE_STYLE ('',( #2777 ) ) ;
#2777 = SURFACE_STYLE_FILL_AREA ( #2778 ) ;
#2778 = FILL_AREA_STYLE ('',( #2779 ) ) ;
#2779 = FILL_AREA_STYLE_COLOUR ( '', #2780 ) ;
#2780 = COLOUR_RGB ( '',1.000000000000000000, 1.000000000000000000, 1.000000000000000000 ) ;
#2781 = FACE_OUTER_BOUND ( 'NONE', #1042, .T. ) ;
#2782 = CARTESIAN_POINT ( 'NONE',  ( 1.081508605765380900, 0.04954108823671980000, 1.137500000000000000 ) ) ;
#2783 = DIRECTION ( 'NONE',  ( 0.3810129238618398800, -0.9245697117309499300, 0.0000000000000000000 ) ) ;
#2784 = VECTOR ( 'NONE', #2783, 999.9999999999998900 ) ;
#2785 = CARTESIAN_POINT ( 'NONE',  ( 0.9184913942346189000, 0.4451202584772367400, 1.137500000000000000 ) ) ;
#2786 = SURFACE_STYLE_FILL_AREA ( #2787 ) ;
#2787 = FILL_AREA_STYLE ('',( #2643 ) ) ;
#2788 = COLOUR_RGB ( '',1.000000000000000000, 1.000000000000000000, 1.000000000000000000 ) ;
#2789 = FACE_OUTER_BOUND ( 'NONE', #881, .T. ) ;
#2790 = DIRECTION ( 'NONE',  ( -0.0000000000000000000, -0.0000000000000000000, -1.000000000000000000 ) ) ;
#2791 = VECTOR ( 'NONE', #2790, 1000.000000000000000 ) ;
#2792 = CARTESIAN_POINT ( 'NONE',  ( 0.9693427283798211600, 0.4660759692896380700, 1.137500000000000000 ) ) ;
#2793 = MECHANICAL_DESIGN_GEOMETRIC_PRESENTATION_REPRESENTATION (  '', ( #2795 ), #2683 ) ;
#2794 = PRESENTATION_LAYER_ASSIGNMENT (  '', '', ( #2795 ) ) ;
#2795 = STYLED_ITEM ( 'NONE', ( #2796 ), #880 ) ;
#2796 = PRESENTATION_STYLE_ASSIGNMENT (( #2797 ) ) ;
#2797 = SURFACE_STYLE_USAGE ( .BOTH. , #2798 ) ;
#2798 = SURFACE_SIDE_STYLE ('',( #2786 ) ) ;
#2799 = CARTESIAN_POINT ( 'NONE',  ( 1.115005164524712500, 0.02493381726752359400, 0.7624999999999999600 ) ) ;
#2800 = VECTOR ( 'NONE', #2641, 1000.000000000000000 ) ;
#2801 = UNCERTAINTY_MEASURE_WITH_UNIT (LENGTH_MEASURE( 1.000000000000000100E-005 ), #2770, 'distance_accuracy_value', 'NONE');
#2802 =( NAMED_UNIT ( * ) SI_UNIT ( $, .STERADIAN. ) SOLID_ANGLE_UNIT ( ) );
#2803 =( NAMED_UNIT ( * ) PLANE_ANGLE_UNIT ( ) SI_UNIT ( $, .RADIAN. ) );
#2804 =( NAMED_UNIT ( * ) PLANE_ANGLE_UNIT ( ) SI_UNIT ( $, .RADIAN. ) );
#2805 =( LENGTH_UNIT ( ) NAMED_UNIT ( * ) SI_UNIT ( .MILLI., .METRE. ) );
#2806 = MECHANICAL_DESIGN_GEOMETRIC_PRESENTATION_REPRESENTATION (  '', ( #2808 ), #2631 ) ;
#2807 = PRESENTATION_LAYER_ASSIGNMENT (  '', '', ( #2808 ) ) ;
#2808 = STYLED_ITEM ( 'NONE', ( #2684 ), #887 ) ;
#2809 = MECHANICAL_DESIGN_GEOMETRIC_PRESENTATION_REPRESENTATION (  '', ( #2811 ), #2715 ) ;
#2810 = PRESENTATION_LAYER_ASSIGNMENT (  '', '', ( #2811 ) ) ;
#2811 = STYLED_ITEM ( 'NONE', ( #2812 ), #910 ) ;
#2812 = PRESENTATION_STYLE_ASSIGNMENT (( #2813 ) ) ;
#2813 = SURFACE_STYLE_USAGE ( .BOTH. , #2814 ) ;
#2814 = SURFACE_SIDE_STYLE ('',( #2815 ) ) ;
#2815 = SURFACE_STYLE_FILL_AREA ( #2816 ) ;
#2816 = FILL_AREA_STYLE ('',( #2823 ) ) ;
#2817 = COLOUR_RGB ( '',1.000000000000000000, 1.000000000000000000, 1.000000000000000000 ) ;
#2818 = FACE_OUTER_BOUND ( 'NONE', #911, .T. ) ;
#2819 = DIRECTION ( 'NONE',  ( -0.0000000000000000000, -0.0000000000000000000, -1.000000000000000000 ) ) ;
#2820 = VECTOR ( 'NONE', #2819, 1000.000000000000000 ) ;
#2821 = CARTESIAN_POINT ( 'NONE',  ( 1.404793565851121300, 0.05479070839504601700, -0.7625000000000000700 ) ) ;
#2822 = LINE ( 'NONE', #2821, #2820 ) ;
#2823 = FILL_AREA_STYLE_COLOUR ( '', #2817 ) ;
#2824 = DIRECTION ( 'NONE',  ( -0.08715574274765965100, -0.9961946980917454300, 0.0000000000000000000 ) ) ;
#2825 = DIRECTION ( 'NONE',  ( -0.9961946980917454300, 0.08715574274765965100, 0.0000000000000000000 ) ) ;
#2826 = CARTESIAN_POINT ( 'NONE',  ( 1.399999999999999900, 0.0000000000000000000, -0.7625000000000000700 ) ) ;
#2827 = UNCERTAINTY_MEASURE_WITH_UNIT (LENGTH_MEASURE( 1.000000000000000100E-005 ), #2645, 'distance_accuracy_value', 'NONE');
#2828 =( NAMED_UNIT ( * ) SI_UNIT ( $, .STERADIAN. ) SOLID_ANGLE_UNIT ( ) );
#2829 = CARTESIAN_POINT ( 'NONE',  ( 1.115005164524712500, 0.02493381726752363600, -0.7625000000000000700 ) ) ;
#2830 = DIRECTION ( 'NONE',  ( -1.000000000000000000, 0.0000000000000000000, 0.0000000000000000000 ) ) ;
#2831 = DIRECTION ( 'NONE',  ( -0.0000000000000000000, -0.0000000000000000000, -1.000000000000000000 ) ) ;
#2832 = CARTESIAN_POINT ( 'NONE',  ( 0.9000000000000000200, 0.4374999999999999400, -1.137500000000000000 ) ) ;
#2833 = AXIS2_PLACEMENT_3D ( 'NONE', #2832, #2831, #2830 ) ;
#2834 = CIRCLE ( 'NONE', #2833, 0.02000000000000005200 ) ;
#2835 = FILL_AREA_STYLE_COLOUR ( '', #2872 ) ;
#2836 = CARTESIAN_POINT ( 'NONE',  ( 0.9184913942346189000, 0.4451202584772367400, -1.137500000000000000 ) ) ;
#2837 = DIRECTION ( 'NONE',  ( 0.3810129238618398800, -0.9245697117309499300, 0.0000000000000000000 ) ) ;
#2838 = VECTOR ( 'NONE', #2837, 999.9999999999998900 ) ;
#2839 = CARTESIAN_POINT ( 'NONE',  ( 0.9184913942346189000, 0.4451202584772367400, -1.137500000000000000 ) ) ;
#2840 = LINE ( 'NONE', #2839, #2838 ) ;
#2841 = DIRECTION ( 'NONE',  ( 1.000000000000000000, 0.0000000000000000000, 0.0000000000000000000 ) ) ;
#2842 = DIRECTION ( 'NONE',  ( 0.0000000000000000000, 0.0000000000000000000, 1.000000000000000000 ) ) ;
#2843 = CARTESIAN_POINT ( 'NONE',  ( 1.118491394234618900, 0.06478160519119338700, -1.137500000000000000 ) ) ;
#2844 = AXIS2_PLACEMENT_3D ( 'NONE', #2843, #2842, #2841 ) ;
#2845 = CIRCLE ( 'NONE', #2844, 0.03999999999999989000 ) ;
#2846 = CARTESIAN_POINT ( 'NONE',  ( 0.9000000000000000200, 0.5124999999999999600, 1.137500000000000000 ) ) ;
#2847 = DIRECTION ( 'NONE',  ( -1.000000000000000000, -0.0000000000000000000, -0.0000000000000000000 ) ) ;
#2848 = VECTOR ( 'NONE', #2847, 1000.000000000000000 ) ;
#2849 = CARTESIAN_POINT ( 'NONE',  ( 0.6500000000000000200, 0.5124999999999999600, 1.137500000000000000 ) ) ;
#2850 = LINE ( 'NONE', #2849, #2848 ) ;
#2851 = DIRECTION ( 'NONE',  ( 0.9961946980917455500, -0.08715574274765847100, 0.0000000000000000000 ) ) ;
#2852 = DIRECTION ( 'NONE',  ( -0.08715574274765847100, -0.9961946980917455500, 0.0000000000000000000 ) ) ;
#2853 = CARTESIAN_POINT ( 'NONE',  ( 1.128884804356739200, 0.07892959719328251900, -0.7625000000000000700 ) ) ;
#2854 = AXIS2_PLACEMENT_3D ( 'NONE', #2853, #2852, #2851 ) ;
#2855 = PLANE ( 'NONE',  #2854 ) ;
#2856 =( GEOMETRIC_REPRESENTATION_CONTEXT ( 3 ) GLOBAL_UNCERTAINTY_ASSIGNED_CONTEXT ( ( #2899 ) ) GLOBAL_UNIT_ASSIGNED_CONTEXT ( ( #2902, #2901, #2900 ) ) REPRESENTATION_CONTEXT ( 'NONE', 'WORKASPACE' ) );
#2857 = CYLINDRICAL_SURFACE ( 'NONE', #2858, 0.02000000000000005200 ) ;
#2858 = AXIS2_PLACEMENT_3D ( 'NONE', #2885, #2884, #2883 ) ;
#2859 =( GEOMETRIC_REPRESENTATION_CONTEXT ( 3 ) GLOBAL_UNCERTAINTY_ASSIGNED_CONTEXT ( ( #2860 ) ) GLOBAL_UNIT_ASSIGNED_CONTEXT ( ( #2863, #2862, #2861 ) ) REPRESENTATION_CONTEXT ( 'NONE', 'WORKASPACE' ) );
#2860 = UNCERTAINTY_MEASURE_WITH_UNIT (LENGTH_MEASURE( 1.000000000000000100E-005 ), #2863, 'distance_accuracy_value', 'NONE');
#2861 =( NAMED_UNIT ( * ) SI_UNIT ( $, .STERADIAN. ) SOLID_ANGLE_UNIT ( ) );
#2862 =( NAMED_UNIT ( * ) PLANE_ANGLE_UNIT ( ) SI_UNIT ( $, .RADIAN. ) );
#2863 =( LENGTH_UNIT ( ) NAMED_UNIT ( * ) SI_UNIT ( .MILLI., .METRE. ) );
#2864 = MECHANICAL_DESIGN_GEOMETRIC_PRESENTATION_REPRESENTATION (  '', ( #2866 ), #2859 ) ;
#2865 = PRESENTATION_LAYER_ASSIGNMENT (  '', '', ( #2866 ) ) ;
#2866 = STYLED_ITEM ( 'NONE', ( #2867 ), #966 ) ;
#2867 = PRESENTATION_STYLE_ASSIGNMENT (( #2868 ) ) ;
#2868 = SURFACE_STYLE_USAGE ( .BOTH. , #2869 ) ;
#2869 = SURFACE_SIDE_STYLE ('',( #2870 ) ) ;
#2870 = SURFACE_STYLE_FILL_AREA ( #2871 ) ;
#2871 = FILL_AREA_STYLE ('',( #2835 ) ) ;
#2872 = COLOUR_RGB ( '',1.000000000000000000, 1.000000000000000000, 1.000000000000000000 ) ;
#2873 = FACE_OUTER_BOUND ( 'NONE', #967, .T. ) ;
#2874 = UNCERTAINTY_MEASURE_WITH_UNIT (LENGTH_MEASURE( 1.000000000000000100E-005 ), #2918, 'distance_accuracy_value', 'NONE');
#2875 =( NAMED_UNIT ( * ) SI_UNIT ( $, .STERADIAN. ) SOLID_ANGLE_UNIT ( ) );
#2876 =( NAMED_UNIT ( * ) PLANE_ANGLE_UNIT ( ) SI_UNIT ( $, .RADIAN. ) );
#2877 = CARTESIAN_POINT ( 'NONE',  ( 1.404793565851121300, 0.05479070839504601700, -1.137500000000000000 ) ) ;
#2878 = DIRECTION ( 'NONE',  ( -0.9961946980917455500, 0.08715574274765845700, -0.0000000000000000000 ) ) ;
#2879 = VECTOR ( 'NONE', #2878, 1000.000000000000100 ) ;
#2880 = CARTESIAN_POINT ( 'NONE',  ( 1.128884804356739200, 0.07892959719328251900, -1.137500000000000000 ) ) ;
#2881 = LINE ( 'NONE', #2880, #2879 ) ;
#2882 = CARTESIAN_POINT ( 'NONE',  ( 1.128884804356739200, 0.07892959719328251900, -1.137500000000000000 ) ) ;
#2883 = DIRECTION ( 'NONE',  ( -1.000000000000000000, 0.0000000000000000000, 0.0000000000000000000 ) ) ;
#2884 = DIRECTION ( 'NONE',  ( -0.0000000000000000000, -0.0000000000000000000, -1.000000000000000000 ) ) ;
#2885 = CARTESIAN_POINT ( 'NONE',  ( 0.9000000000000000200, 0.4374999999999999400, -0.7625000000000000700 ) ) ;
#2886 = CARTESIAN_POINT ( 'NONE',  ( 1.081508605765380900, 0.04954108823671980000, -0.7625000000000000700 ) ) ;
#2887 =( LENGTH_UNIT ( ) NAMED_UNIT ( * ) SI_UNIT ( .MILLI., .METRE. ) );
#2888 = MECHANICAL_DESIGN_GEOMETRIC_PRESENTATION_REPRESENTATION (  '', ( #2890 ), #2944 ) ;
#2889 = PRESENTATION_LAYER_ASSIGNMENT (  '', '', ( #2890 ) ) ;
#2890 = STYLED_ITEM ( 'NONE', ( #2891 ), #992 ) ;
#2891 = PRESENTATION_STYLE_ASSIGNMENT (( #2892 ) ) ;
#2892 = SURFACE_STYLE_USAGE ( .BOTH. , #2893 ) ;
#2893 = SURFACE_SIDE_STYLE ('',( #2894 ) ) ;
#2894 = SURFACE_STYLE_FILL_AREA ( #2895 ) ;
#2895 = FILL_AREA_STYLE ('',( #3001 ) ) ;
#2896 = COLOUR_RGB ( '',1.000000000000000000, 1.000000000000000000, 1.000000000000000000 ) ;
#2897 = FACE_OUTER_BOUND ( 'NONE', #935, .T. ) ;
#2898 = DIRECTION ( 'NONE',  ( -0.0000000000000000000, -0.0000000000000000000, -1.000000000000000000 ) ) ;
#2899 = UNCERTAINTY_MEASURE_WITH_UNIT (LENGTH_MEASURE( 1.000000000000000100E-005 ), #2902, 'distance_accuracy_value', 'NONE');
#2900 =( NAMED_UNIT ( * ) SI_UNIT ( $, .STERADIAN. ) SOLID_ANGLE_UNIT ( ) );
#2901 =( NAMED_UNIT ( * ) PLANE_ANGLE_UNIT ( ) SI_UNIT ( $, .RADIAN. ) );
#2902 =( LENGTH_UNIT ( ) NAMED_UNIT ( * ) SI_UNIT ( .MILLI., .METRE. ) );
#2903 = AXIS2_PLACEMENT_3D ( 'NONE', #3005, #3004, #3003 ) ;
#2904 = PLANE ( 'NONE',  #2903 ) ;
#2905 =( GEOMETRIC_REPRESENTATION_CONTEXT ( 3 ) GLOBAL_UNCERTAINTY_ASSIGNED_CONTEXT ( ( #2906 ) ) GLOBAL_UNIT_ASSIGNED_CONTEXT ( ( #2909, #2908, #2907 ) ) REPRESENTATION_CONTEXT ( 'NONE', 'WORKASPACE' ) );
#2906 = UNCERTAINTY_MEASURE_WITH_UNIT (LENGTH_MEASURE( 1.000000000000000100E-005 ), #2909, 'distance_accuracy_value', 'NONE');
#2907 =( NAMED_UNIT ( * ) SI_UNIT ( $, .STERADIAN. ) SOLID_ANGLE_UNIT ( ) );
#2908 =( NAMED_UNIT ( * ) PLANE_ANGLE_UNIT ( ) SI_UNIT ( $, .RADIAN. ) );
#2909 =( LENGTH_UNIT ( ) NAMED_UNIT ( * ) SI_UNIT ( .MILLI., .METRE. ) );
#2910 = MECHANICAL_DESIGN_GEOMETRIC_PRESENTATION_REPRESENTATION (  '', ( #2912 ), #2905 ) ;
#2911 = PRESENTATION_LAYER_ASSIGNMENT (  '', '', ( #2912 ) ) ;
#2912 = STYLED_ITEM ( 'NONE', ( #2913 ), #984 ) ;
#2913 = PRESENTATION_STYLE_ASSIGNMENT (( #2914 ) ) ;
#2914 = SURFACE_STYLE_USAGE ( .BOTH. , #2915 ) ;
#2915 = SURFACE_SIDE_STYLE ('',( #2916 ) ) ;
#2916 = SURFACE_STYLE_FILL_AREA ( #2917 ) ;
#2917 = FILL_AREA_STYLE ('',( #3018 ) ) ;
#2918 =( LENGTH_UNIT ( ) NAMED_UNIT ( * ) SI_UNIT ( .MILLI., .METRE. ) );
#2919 = MECHANICAL_DESIGN_GEOMETRIC_PRESENTATION_REPRESENTATION (  '', ( #2921 ), #2980 ) ;
#2920 = PRESENTATION_LAYER_ASSIGNMENT (  '', '', ( #2921 ) ) ;
#2921 = STYLED_ITEM ( 'NONE', ( #2922 ), #997 ) ;
#2922 = PRESENTATION_STYLE_ASSIGNMENT (( #2923 ) ) ;
#2923 = SURFACE_STYLE_USAGE ( .BOTH. , #2924 ) ;
#2924 = SURFACE_SIDE_STYLE ('',( #2925 ) ) ;
#2925 = SURFACE_STYLE_FILL_AREA ( #2926 ) ;
#2926 = FILL_AREA_STYLE ('',( #2933 ) ) ;
#2927 = COLOUR_RGB ( '',1.000000000000000000, 1.000000000000000000, 1.000000000000000000 ) ;
#2928 = FACE_OUTER_BOUND ( 'NONE', #998, .T. ) ;
#2929 = DIRECTION ( 'NONE',  ( -0.0000000000000000000, -0.0000000000000000000, -1.000000000000000000 ) ) ;
#2930 = VECTOR ( 'NONE', #2929, 1000.000000000000000 ) ;
#2931 = CARTESIAN_POINT ( 'NONE',  ( 0.9000000000000000200, 0.5124999999999999600, 1.137500000000000000 ) ) ;
#2932 = LINE ( 'NONE', #2931, #2930 ) ;
#2933 = FILL_AREA_STYLE_COLOUR ( '', #2927 ) ;
#2934 = DIRECTION ( 'NONE',  ( 1.000000000000000000, 0.0000000000000000000, 0.0000000000000000000 ) ) ;
#2935 = DIRECTION ( 'NONE',  ( 0.0000000000000000000, 0.0000000000000000000, 1.000000000000000000 ) ) ;
#2936 = CARTESIAN_POINT ( 'NONE',  ( 1.118491394234618900, 0.06478160519119338700, -0.7625000000000000700 ) ) ;
#2937 = AXIS2_PLACEMENT_3D ( 'NONE', #2936, #2935, #2934 ) ;
#2938 = DIRECTION ( 'NONE',  ( -0.08715574274765965100, -0.9961946980917454300, 0.0000000000000000000 ) ) ;
#2939 = DIRECTION ( 'NONE',  ( -0.9961946980917454300, 0.08715574274765965100, 0.0000000000000000000 ) ) ;
#2940 = CARTESIAN_POINT ( 'NONE',  ( 1.399999999999999900, 0.0000000000000000000, 1.137500000000000000 ) ) ;
#2941 = AXIS2_PLACEMENT_3D ( 'NONE', #2940, #2939, #2938 ) ;
#2942 = CIRCLE ( 'NONE', #2937, 0.03999999999999989000 ) ;
#2943 = PLANE ( 'NONE',  #2941 ) ;
#2944 =( GEOMETRIC_REPRESENTATION_CONTEXT ( 3 ) GLOBAL_UNCERTAINTY_ASSIGNED_CONTEXT ( ( #2945 ) ) GLOBAL_UNIT_ASSIGNED_CONTEXT ( ( #2887, #2947, #2946 ) ) REPRESENTATION_CONTEXT ( 'NONE', 'WORKASPACE' ) );
#2945 = UNCERTAINTY_MEASURE_WITH_UNIT (LENGTH_MEASURE( 1.000000000000000100E-005 ), #2887, 'distance_accuracy_value', 'NONE');
#2946 =( NAMED_UNIT ( * ) SI_UNIT ( $, .STERADIAN. ) SOLID_ANGLE_UNIT ( ) );
#2947 =( NAMED_UNIT ( * ) PLANE_ANGLE_UNIT ( ) SI_UNIT ( $, .RADIAN. ) );
#2948 = DIRECTION ( 'NONE',  ( -0.0000000000000000000, -0.0000000000000000000, -1.000000000000000000 ) ) ;
#2949 = CARTESIAN_POINT ( 'NONE',  ( 0.9000000000000000200, 0.4374999999999999400, 0.7624999999999999600 ) ) ;
#2950 = AXIS2_PLACEMENT_3D ( 'NONE', #2949, #2948, #2992 ) ;
#2951 = CIRCLE ( 'NONE', #2950, 0.02000000000000005200 ) ;
#2952 = FILL_AREA_STYLE_COLOUR ( '', #2990 ) ;
#2953 = CARTESIAN_POINT ( 'NONE',  ( 0.9000000000000000200, 0.4374999999999999400, 1.137500000000000000 ) ) ;
#2954 = AXIS2_PLACEMENT_3D ( 'NONE', #2953, #3011, #3010 ) ;
#2955 = CYLINDRICAL_SURFACE ( 'NONE', #2954, 0.02000000000000005200 ) ;
#2956 =( GEOMETRIC_REPRESENTATION_CONTEXT ( 3 ) GLOBAL_UNCERTAINTY_ASSIGNED_CONTEXT ( ( #2993 ) ) GLOBAL_UNIT_ASSIGNED_CONTEXT ( ( #2996, #2995, #2994 ) ) REPRESENTATION_CONTEXT ( 'NONE', 'WORKASPACE' ) );
#2957 = FACE_OUTER_BOUND ( 'NONE', #1010, .T. ) ;
#2958 = SURFACE_SIDE_STYLE ('',( #2959 ) ) ;
#2959 = SURFACE_STYLE_FILL_AREA ( #2960 ) ;
#2960 = FILL_AREA_STYLE ('',( #2965 ) ) ;
#2961 = COLOUR_RGB ( '',1.000000000000000000, 1.000000000000000000, 1.000000000000000000 ) ;
#2962 = DIRECTION ( 'NONE',  ( -0.0000000000000000000, -0.0000000000000000000, -1.000000000000000000 ) ) ;
#2963 = VECTOR ( 'NONE', #2962, 1000.000000000000000 ) ;
#2964 = CARTESIAN_POINT ( 'NONE',  ( 1.081508605765380900, 0.04954108823671980000, 1.137500000000000000 ) ) ;
#2965 = FILL_AREA_STYLE_COLOUR ( '', #2961 ) ;
#2966 = LINE ( 'NONE', #2964, #2963 ) ;
#2967 = DIRECTION ( 'NONE',  ( -0.0000000000000000000, -0.0000000000000000000, -1.000000000000000000 ) ) ;
#2968 = VECTOR ( 'NONE', #2967, 1000.000000000000000 ) ;
#2969 = CARTESIAN_POINT ( 'NONE',  ( 1.128884804356739200, 0.07892959719328251900, -0.7625000000000000700 ) ) ;
#2970 = LINE ( 'NONE', #2969, #2968 ) ;
#2971 = DIRECTION ( 'NONE',  ( 1.000000000000000000, 4.336808689942017700E-016, 0.0000000000000000000 ) ) ;
#2972 = VECTOR ( 'NONE', #2971, 1000.000000000000000 ) ;
#2973 = CARTESIAN_POINT ( 'NONE',  ( 0.6500000000000000200, 0.4574999999999999100, 1.137500000000000000 ) ) ;
#2974 = LINE ( 'NONE', #2973, #2972 ) ;
#2975 = DIRECTION ( 'NONE',  ( -1.000000000000000000, -4.336808689942017700E-016, 0.0000000000000000000 ) ) ;
#2976 = DIRECTION ( 'NONE',  ( -4.336808689942017700E-016, 1.000000000000000000, 0.0000000000000000000 ) ) ;
#2977 = CARTESIAN_POINT ( 'NONE',  ( 0.6500000000000000200, 0.4574999999999999100, 1.137500000000000000 ) ) ;
#2978 = AXIS2_PLACEMENT_3D ( 'NONE', #2977, #2976, #2975 ) ;
#2979 = PLANE ( 'NONE',  #2978 ) ;
#2980 =( GEOMETRIC_REPRESENTATION_CONTEXT ( 3 ) GLOBAL_UNCERTAINTY_ASSIGNED_CONTEXT ( ( #2874 ) ) GLOBAL_UNIT_ASSIGNED_CONTEXT ( ( #2918, #2876, #2875 ) ) REPRESENTATION_CONTEXT ( 'NONE', 'WORKASPACE' ) );
#2981 = CARTESIAN_POINT ( 'NONE',  ( 1.399999999999999900, 0.0000000000000000000, -1.137500000000000000 ) ) ;
#2982 = CARTESIAN_POINT ( 'NONE',  ( 1.404793565851121300, 0.05479070839504601700, 1.137500000000000000 ) ) ;
#2983 = PRESENTATION_LAYER_ASSIGNMENT (  '', '', ( #2984 ) ) ;
#2984 = STYLED_ITEM ( 'NONE', ( #2985 ), #944 ) ;
#2985 = PRESENTATION_STYLE_ASSIGNMENT (( #2986 ) ) ;
#2986 = SURFACE_STYLE_USAGE ( .BOTH. , #2987 ) ;
#2987 = SURFACE_SIDE_STYLE ('',( #2988 ) ) ;
#2988 = SURFACE_STYLE_FILL_AREA ( #2989 ) ;
#2989 = FILL_AREA_STYLE ('',( #2952 ) ) ;
#2990 = COLOUR_RGB ( '',1.000000000000000000, 1.000000000000000000, 1.000000000000000000 ) ;
#2991 = FACE_OUTER_BOUND ( 'NONE', #856, .T. ) ;
#2992 = DIRECTION ( 'NONE',  ( -1.000000000000000000, 0.0000000000000000000, 0.0000000000000000000 ) ) ;
#2993 = UNCERTAINTY_MEASURE_WITH_UNIT (LENGTH_MEASURE( 1.000000000000000100E-005 ), #2996, 'distance_accuracy_value', 'NONE');
#2994 =( NAMED_UNIT ( * ) SI_UNIT ( $, .STERADIAN. ) SOLID_ANGLE_UNIT ( ) );
#2995 =( NAMED_UNIT ( * ) PLANE_ANGLE_UNIT ( ) SI_UNIT ( $, .RADIAN. ) );
#2996 =( LENGTH_UNIT ( ) NAMED_UNIT ( * ) SI_UNIT ( .MILLI., .METRE. ) );
#2997 = MECHANICAL_DESIGN_GEOMETRIC_PRESENTATION_REPRESENTATION (  '', ( #2984 ), #2956 ) ;
#2998 = VECTOR ( 'NONE', #2898, 1000.000000000000000 ) ;
#2999 = CARTESIAN_POINT ( 'NONE',  ( 1.399999999999999900, 0.0000000000000000000, 1.137500000000000000 ) ) ;
#3000 = LINE ( 'NONE', #2999, #2998 ) ;
#3001 = FILL_AREA_STYLE_COLOUR ( '', #2896 ) ;
#3002 = CARTESIAN_POINT ( 'NONE',  ( 1.128884804356739200, 0.07892959719328251900, 1.137500000000000000 ) ) ;
#3003 = DIRECTION ( 'NONE',  ( 1.000000000000000000, -4.336808689942017700E-016, 0.0000000000000000000 ) ) ;
#3004 = DIRECTION ( 'NONE',  ( -4.336808689942017700E-016, -1.000000000000000000, 0.0000000000000000000 ) ) ;
#3005 = CARTESIAN_POINT ( 'NONE',  ( -0.6500000000000000200, 0.4574999999999999100, 0.1875000000000000000 ) ) ;
#3006 = DIRECTION ( 'NONE',  ( 0.9961946980917455500, -0.08715574274765851300, 0.0000000000000000000 ) ) ;
#3007 = VECTOR ( 'NONE', #3006, 1000.000000000000000 ) ;
#3008 = CARTESIAN_POINT ( 'NONE',  ( 1.115005164524712500, 0.02493381726752359400, -1.137500000000000000 ) ) ;
#3009 = LINE ( 'NONE', #3008, #3007 ) ;
#3010 = DIRECTION ( 'NONE',  ( -1.000000000000000000, 0.0000000000000000000, 0.0000000000000000000 ) ) ;
#3011 = DIRECTION ( 'NONE',  ( -0.0000000000000000000, -0.0000000000000000000, -1.000000000000000000 ) ) ;
#3012 = COLOUR_RGB ( '',1.000000000000000000, 1.000000000000000000, 1.000000000000000000 ) ;
#3013 = FACE_OUTER_BOUND ( 'NONE', #985, .T. ) ;
#3014 = DIRECTION ( 'NONE',  ( 0.08715574274765965100, 0.9961946980917454300, 0.0000000000000000000 ) ) ;
#3015 = VECTOR ( 'NONE', #3014, 1000.000000000000000 ) ;
#3016 = CARTESIAN_POINT ( 'NONE',  ( 1.399999999999999900, 0.0000000000000000000, -0.7625000000000000700 ) ) ;
#3017 = LINE ( 'NONE', #3016, #3015 ) ;
#3018 = FILL_AREA_STYLE_COLOUR ( '', #3012 ) ;
#3019 = CARTESIAN_POINT ( 'NONE',  ( 0.9000000000000000200, 0.5124999999999999600, -0.7625000000000000700 ) ) ;
#3020 = DIRECTION ( 'NONE',  ( -0.0000000000000000000, -0.0000000000000000000, -1.000000000000000000 ) ) ;
#3021 = VECTOR ( 'NONE', #3020, 1000.000000000000000 ) ;
#3022 = CARTESIAN_POINT ( 'NONE',  ( 0.9000000000000000200, 0.4575000000000000200, -0.7625000000000000700 ) ) ;
#3023 = LINE ( 'NONE', #3022, #3021 ) ;
#3024 = DIRECTION ( 'NONE',  ( -0.0000000000000000000, -0.0000000000000000000, -1.000000000000000000 ) ) ;
#3025 = VECTOR ( 'NONE', #3024, 1000.000000000000000 ) ;
#3026 = CARTESIAN_POINT ( 'NONE',  ( 1.404793565851121300, 0.05479070839504601700, 1.137500000000000000 ) ) ;
#3027 = LINE ( 'NONE', #3026, #3025 ) ;
#3028 = MECHANICAL_DESIGN_GEOMETRIC_PRESENTATION_REPRESENTATION (  '', ( #3030 ), #2856 ) ;
#3029 = PRESENTATION_LAYER_ASSIGNMENT (  '', '', ( #3030 ) ) ;
#3030 = STYLED_ITEM ( 'NONE', ( #3031 ), #952 ) ;
#3031 = PRESENTATION_STYLE_ASSIGNMENT (( #3032 ) ) ;
#3032 = SURFACE_STYLE_USAGE ( .BOTH. , #3033 ) ;
#3033 = SURFACE_SIDE_STYLE ('',( #3034 ) ) ;
#3034 = SURFACE_STYLE_FILL_AREA ( #3035 ) ;
#3035 = FILL_AREA_STYLE ('',( #3042 ) ) ;
#3036 = COLOUR_RGB ( '',1.000000000000000000, 1.000000000000000000, 1.000000000000000000 ) ;
#3037 = FACE_OUTER_BOUND ( 'NONE', #953, .T. ) ;
#3038 = DIRECTION ( 'NONE',  ( 1.000000000000000000, 4.336808689942017700E-016, 0.0000000000000000000 ) ) ;
#3039 = VECTOR ( 'NONE', #3038, 1000.000000000000000 ) ;
#3040 = CARTESIAN_POINT ( 'NONE',  ( 0.6500000000000000200, 0.4574999999999999100, -0.7625000000000000700 ) ) ;
#3041 = LINE ( 'NONE', #3040, #3039 ) ;
#3042 = FILL_AREA_STYLE_COLOUR ( '', #3036 ) ;
#3043 = PRESENTATION_LAYER_ASSIGNMENT (  '', '', ( #2720 ) ) ;
#3044 =( LENGTH_UNIT ( ) NAMED_UNIT ( * ) SI_UNIT ( .MILLI., .METRE. ) );
#3045 =( LENGTH_UNIT ( ) NAMED_UNIT ( * ) SI_UNIT ( .MILLI., .METRE. ) );
#3046 = MECHANICAL_DESIGN_GEOMETRIC_PRESENTATION_REPRESENTATION (  '', ( #3048 ), #3118 ) ;
#3047 = PRESENTATION_LAYER_ASSIGNMENT (  '', '', ( #3048 ) ) ;
#3048 = STYLED_ITEM ( 'NONE', ( #3049 ), #1045 ) ;
#3049 = PRESENTATION_STYLE_ASSIGNMENT (( #3050 ) ) ;
#3050 = SURFACE_STYLE_USAGE ( .BOTH. , #3051 ) ;
#3051 = SURFACE_SIDE_STYLE ('',( #3052 ) ) ;
#3052 = SURFACE_STYLE_FILL_AREA ( #3053 ) ;
#3053 = FILL_AREA_STYLE ('',( #3060 ) ) ;
#3054 = COLOUR_RGB ( '',1.000000000000000000, 1.000000000000000000, 1.000000000000000000 ) ;
#3055 = FACE_OUTER_BOUND ( 'NONE', #1046, .T. ) ;
#3056 = DIRECTION ( 'NONE',  ( -0.0000000000000000000, -0.0000000000000000000, -1.000000000000000000 ) ) ;
#3057 = VECTOR ( 'NONE', #3056, 1000.000000000000000 ) ;
#3058 = CARTESIAN_POINT ( 'NONE',  ( 1.115005164524712500, 0.02493381726752363600, -0.7625000000000000700 ) ) ;
#3059 = LINE ( 'NONE', #3058, #3057 ) ;
#3060 = FILL_AREA_STYLE_COLOUR ( '', #3054 ) ;
#3061 = DIRECTION ( 'NONE',  ( -1.000000000000000000, 0.0000000000000000000, 0.0000000000000000000 ) ) ;
#3062 = DIRECTION ( 'NONE',  ( -0.0000000000000000000, -0.0000000000000000000, -1.000000000000000000 ) ) ;
#3063 = CARTESIAN_POINT ( 'NONE',  ( 1.118491394234618900, 0.06478160519119338700, -0.7625000000000000700 ) ) ;
#3064 = AXIS2_PLACEMENT_3D ( 'NONE', #3063, #3062, #3061 ) ;
#3065 = CYLINDRICAL_SURFACE ( 'NONE', #3064, 0.03999999999999989000 ) ;
#3066 =( NAMED_UNIT ( * ) SI_UNIT ( $, .STERADIAN. ) SOLID_ANGLE_UNIT ( ) );
#3067 =( NAMED_UNIT ( * ) PLANE_ANGLE_UNIT ( ) SI_UNIT ( $, .RADIAN. ) );
#3068 =( LENGTH_UNIT ( ) NAMED_UNIT ( * ) SI_UNIT ( .MILLI., .METRE. ) );
#3069 = MECHANICAL_DESIGN_GEOMETRIC_PRESENTATION_REPRESENTATION (  '', ( #3071 ), #3203 ) ;
#3070 = PRESENTATION_LAYER_ASSIGNMENT (  '', '', ( #3071 ) ) ;
#3071 = STYLED_ITEM ( 'NONE', ( #3072 ), #1029 ) ;
#3072 = PRESENTATION_STYLE_ASSIGNMENT (( #3073 ) ) ;
#3073 = SURFACE_STYLE_USAGE ( .BOTH. , #3074 ) ;
#3074 = SURFACE_SIDE_STYLE ('',( #3075 ) ) ;
#3075 = SURFACE_STYLE_FILL_AREA ( #3076 ) ;
#3076 = FILL_AREA_STYLE ('',( #3082 ) ) ;
#3077 = COLOUR_RGB ( '',1.000000000000000000, 1.000000000000000000, 1.000000000000000000 ) ;
#3078 = FACE_OUTER_BOUND ( 'NONE', #1030, .T. ) ;
#3079 = DIRECTION ( 'NONE',  ( -0.0000000000000000000, -0.0000000000000000000, -1.000000000000000000 ) ) ;
#3080 = VECTOR ( 'NONE', #3079, 1000.000000000000000 ) ;
#3081 = CARTESIAN_POINT ( 'NONE',  ( 0.9000000000000000200, 0.4575000000000000200, 1.137500000000000000 ) ) ;
#3082 = FILL_AREA_STYLE_COLOUR ( '', #3077 ) ;
#3083 = LINE ( 'NONE', #3081, #3080 ) ;
#3084 = DIRECTION ( 'NONE',  ( -0.0000000000000000000, -0.0000000000000000000, -1.000000000000000000 ) ) ;
#3085 = VECTOR ( 'NONE', #3084, 1000.000000000000000 ) ;
#3086 = CARTESIAN_POINT ( 'NONE',  ( 1.399999999999999900, 0.0000000000000000000, -0.7625000000000000700 ) ) ;
#3087 = LINE ( 'NONE', #3086, #3085 ) ;
#3088 = CARTESIAN_POINT ( 'NONE',  ( 1.399999999999999900, 0.0000000000000000000, -0.7625000000000000700 ) ) ;
#3089 = DIRECTION ( 'NONE',  ( -1.000000000000000000, 0.0000000000000000000, 0.0000000000000000000 ) ) ;
#3090 = DIRECTION ( 'NONE',  ( 0.0000000000000000000, 0.0000000000000000000, 1.000000000000000000 ) ) ;
#3091 = CARTESIAN_POINT ( 'NONE',  ( 0.9000000000000000200, 0.4374999999999999400, -0.7625000000000000700 ) ) ;
#3092 = AXIS2_PLACEMENT_3D ( 'NONE', #3091, #3090, #3089 ) ;
#3093 = CIRCLE ( 'NONE', #3092, 0.07499999999999998300 ) ;
#3094 = CARTESIAN_POINT ( 'NONE',  ( 0.9693427283798211600, 0.4660759692896380700, -0.7625000000000000700 ) ) ;
#3095 = DIRECTION ( 'NONE',  ( -0.3810129238618399900, 0.9245697117309498200, -0.0000000000000000000 ) ) ;
#3096 = VECTOR ( 'NONE', #3095, 1000.000000000000100 ) ;
#3097 = CARTESIAN_POINT ( 'NONE',  ( 0.9693427283798211600, 0.4660759692896380700, -0.7625000000000000700 ) ) ;
#3098 = LINE ( 'NONE', #3097, #3096 ) ;
#3099 =( NAMED_UNIT ( * ) SI_UNIT ( $, .STERADIAN. ) SOLID_ANGLE_UNIT ( ) );
#3100 =( NAMED_UNIT ( * ) PLANE_ANGLE_UNIT ( ) SI_UNIT ( $, .RADIAN. ) );
#3101 =( LENGTH_UNIT ( ) NAMED_UNIT ( * ) SI_UNIT ( .MILLI., .METRE. ) );
#3102 = MECHANICAL_DESIGN_GEOMETRIC_PRESENTATION_REPRESENTATION (  '', ( #3104 ), #3146 ) ;
#3103 = PRESENTATION_LAYER_ASSIGNMENT (  '', '', ( #3104 ) ) ;
#3104 = STYLED_ITEM ( 'NONE', ( #3105 ), #1051 ) ;
#3105 = PRESENTATION_STYLE_ASSIGNMENT (( #3106 ) ) ;
#3106 = SURFACE_STYLE_USAGE ( .BOTH. , #3107 ) ;
#3107 = SURFACE_SIDE_STYLE ('',( #3108 ) ) ;
#3108 = SURFACE_STYLE_FILL_AREA ( #3109 ) ;
#3109 = FILL_AREA_STYLE ('',( #3116 ) ) ;
#3110 = COLOUR_RGB ( '',1.000000000000000000, 1.000000000000000000, 1.000000000000000000 ) ;
#3111 = DIRECTION ( 'NONE',  ( -1.000000000000000000, 0.0000000000000000000, 0.0000000000000000000 ) ) ;
#3112 = DIRECTION ( 'NONE',  ( -0.0000000000000000000, -0.0000000000000000000, -1.000000000000000000 ) ) ;
#3113 = CARTESIAN_POINT ( 'NONE',  ( 0.9000000000000000200, 0.4374999999999999400, -0.7625000000000000700 ) ) ;
#3114 = AXIS2_PLACEMENT_3D ( 'NONE', #3113, #3112, #3111 ) ;
#3115 = FACE_OUTER_BOUND ( 'NONE', #1052, .T. ) ;
#3116 = FILL_AREA_STYLE_COLOUR ( '', #3110 ) ;
#3117 = CYLINDRICAL_SURFACE ( 'NONE', #3114, 0.07499999999999998300 ) ;
#3118 =( GEOMETRIC_REPRESENTATION_CONTEXT ( 3 ) GLOBAL_UNCERTAINTY_ASSIGNED_CONTEXT ( ( #3119 ) ) GLOBAL_UNIT_ASSIGNED_CONTEXT ( ( #3045, #3121, #3120 ) ) REPRESENTATION_CONTEXT ( 'NONE', 'WORKASPACE' ) );
#3119 = UNCERTAINTY_MEASURE_WITH_UNIT (LENGTH_MEASURE( 1.000000000000000100E-005 ), #3045, 'distance_accuracy_value', 'NONE');
#3120 =( NAMED_UNIT ( * ) SI_UNIT ( $, .STERADIAN. ) SOLID_ANGLE_UNIT ( ) );
#3121 =( NAMED_UNIT ( * ) PLANE_ANGLE_UNIT ( ) SI_UNIT ( $, .RADIAN. ) );
#3122 =( LENGTH_UNIT ( ) NAMED_UNIT ( * ) SI_UNIT ( .MILLI., .METRE. ) );
#3123 = MECHANICAL_DESIGN_GEOMETRIC_PRESENTATION_REPRESENTATION (  '', ( #3125 ), #3252 ) ;
#3124 = PRESENTATION_LAYER_ASSIGNMENT (  '', '', ( #3125 ) ) ;
#3125 = STYLED_ITEM ( 'NONE', ( #3126 ), #1070 ) ;
#3126 = PRESENTATION_STYLE_ASSIGNMENT (( #3127 ) ) ;
#3127 = SURFACE_STYLE_USAGE ( .BOTH. , #3128 ) ;
#3128 = SURFACE_SIDE_STYLE ('',( #3129 ) ) ;
#3129 = SURFACE_STYLE_FILL_AREA ( #3130 ) ;
#3130 = FILL_AREA_STYLE ('',( #3137 ) ) ;
#3131 = COLOUR_RGB ( '',1.000000000000000000, 1.000000000000000000, 1.000000000000000000 ) ;
#3132 = FACE_OUTER_BOUND ( 'NONE', #1071, .T. ) ;
#3133 = DIRECTION ( 'NONE',  ( -1.000000000000000000, 4.336808689942017700E-016, 0.0000000000000000000 ) ) ;
#3134 = VECTOR ( 'NONE', #3133, 1000.000000000000000 ) ;
#3135 = CARTESIAN_POINT ( 'NONE',  ( -0.6500000000000000200, 0.4574999999999999100, 0.7624999999999999600 ) ) ;
#3136 = LINE ( 'NONE', #3135, #3134 ) ;
#3137 = FILL_AREA_STYLE_COLOUR ( '', #3131 ) ;
#3138 = CARTESIAN_POINT ( 'NONE',  ( -0.9000000000000000200, 0.4575000000000000200, 0.7624999999999999600 ) ) ;
#3139 = DIRECTION ( 'NONE',  ( -0.0000000000000000000, -0.0000000000000000000, -1.000000000000000000 ) ) ;
#3140 = VECTOR ( 'NONE', #3139, 1000.000000000000000 ) ;
#3141 = CARTESIAN_POINT ( 'NONE',  ( -0.9000000000000000200, 0.4575000000000000200, 1.137500000000000000 ) ) ;
#3142 = LINE ( 'NONE', #3141, #3140 ) ;
#3143 =( NAMED_UNIT ( * ) PLANE_ANGLE_UNIT ( ) SI_UNIT ( $, .RADIAN. ) );
#3144 = UNCERTAINTY_MEASURE_WITH_UNIT (LENGTH_MEASURE( 1.000000000000000100E-005 ), #3044, 'distance_accuracy_value', 'NONE');
#3145 = PLANE ( 'NONE',  #3162 ) ;
#3146 =( GEOMETRIC_REPRESENTATION_CONTEXT ( 3 ) GLOBAL_UNCERTAINTY_ASSIGNED_CONTEXT ( ( #3147 ) ) GLOBAL_UNIT_ASSIGNED_CONTEXT ( ( #3101, #3100, #3099 ) ) REPRESENTATION_CONTEXT ( 'NONE', 'WORKASPACE' ) );
#3147 = UNCERTAINTY_MEASURE_WITH_UNIT (LENGTH_MEASURE( 1.000000000000000100E-005 ), #3101, 'distance_accuracy_value', 'NONE');
#3148 = MECHANICAL_DESIGN_GEOMETRIC_PRESENTATION_REPRESENTATION (  '', ( #2720 ), #3188 ) ;
#3149 = DIRECTION ( 'NONE',  ( -1.000000000000000000, 0.0000000000000000000, 0.0000000000000000000 ) ) ;
#3150 = DIRECTION ( 'NONE',  ( -0.0000000000000000000, -0.0000000000000000000, -1.000000000000000000 ) ) ;
#3151 = CARTESIAN_POINT ( 'NONE',  ( 0.9000000000000000200, 0.4374999999999999400, 1.137500000000000000 ) ) ;
#3152 = AXIS2_PLACEMENT_3D ( 'NONE', #3151, #3150, #3149 ) ;
#3153 = CIRCLE ( 'NONE', #3152, 0.02000000000000005200 ) ;
#3154 = CARTESIAN_POINT ( 'NONE',  ( 0.9000000000000000200, 0.5124999999999999600, 0.7624999999999999600 ) ) ;
#3155 = DIRECTION ( 'NONE',  ( -1.000000000000000000, -0.0000000000000000000, -0.0000000000000000000 ) ) ;
#3156 = VECTOR ( 'NONE', #3155, 1000.000000000000000 ) ;
#3157 = CARTESIAN_POINT ( 'NONE',  ( 0.6500000000000000200, 0.5124999999999999600, 0.7624999999999999600 ) ) ;
#3158 = LINE ( 'NONE', #3157, #3156 ) ;
#3159 = DIRECTION ( 'NONE',  ( 0.0000000000000000000, -0.0000000000000000000, -1.000000000000000000 ) ) ;
#3160 = DIRECTION ( 'NONE',  ( 0.0000000000000000000, -1.000000000000000000, 0.0000000000000000000 ) ) ;
#3161 = CARTESIAN_POINT ( 'NONE',  ( 0.6500000000000000200, 0.5124999999999999600, 1.137500000000000000 ) ) ;
#3162 = AXIS2_PLACEMENT_3D ( 'NONE', #3161, #3160, #3159 ) ;
#3163 = DIRECTION ( 'NONE',  ( -0.0000000000000000000, -0.0000000000000000000, -1.000000000000000000 ) ) ;
#3164 = VECTOR ( 'NONE', #3163, 1000.000000000000000 ) ;
#3165 = CARTESIAN_POINT ( 'NONE',  ( 0.9184913942346189000, 0.4451202584772367400, -0.7625000000000000700 ) ) ;
#3166 = LINE ( 'NONE', #3165, #3164 ) ;
#3167 = DIRECTION ( 'NONE',  ( 0.9961946980917455500, -0.08715574274765851300, 0.0000000000000000000 ) ) ;
#3168 = VECTOR ( 'NONE', #3167, 1000.000000000000000 ) ;
#3169 = CARTESIAN_POINT ( 'NONE',  ( 1.115005164524712500, 0.02493381726752359400, -0.7625000000000000700 ) ) ;
#3170 = DIRECTION ( 'NONE',  ( -1.000000000000000000, 0.0000000000000000000, 0.0000000000000000000 ) ) ;
#3171 = DIRECTION ( 'NONE',  ( -0.0000000000000000000, -0.0000000000000000000, -1.000000000000000000 ) ) ;
#3172 = AXIS2_PLACEMENT_3D ( 'NONE', #3186, #3171, #3170 ) ;
#3173 = CARTESIAN_POINT ( 'NONE',  ( 1.115005164524712500, 0.02493381726752363600, 0.7624999999999999600 ) ) ;
#3174 =( NAMED_UNIT ( * ) SI_UNIT ( $, .STERADIAN. ) SOLID_ANGLE_UNIT ( ) );
#3175 =( GEOMETRIC_REPRESENTATION_CONTEXT ( 3 ) GLOBAL_UNCERTAINTY_ASSIGNED_CONTEXT ( ( #3176 ) ) GLOBAL_UNIT_ASSIGNED_CONTEXT ( ( #3179, #3178, #3177 ) ) REPRESENTATION_CONTEXT ( 'NONE', 'WORKASPACE' ) );
#3176 = UNCERTAINTY_MEASURE_WITH_UNIT (LENGTH_MEASURE( 1.000000000000000100E-005 ), #3179, 'distance_accuracy_value', 'NONE');
#3177 =( NAMED_UNIT ( * ) SI_UNIT ( $, .STERADIAN. ) SOLID_ANGLE_UNIT ( ) );
#3178 =( NAMED_UNIT ( * ) PLANE_ANGLE_UNIT ( ) SI_UNIT ( $, .RADIAN. ) );
#3179 =( LENGTH_UNIT ( ) NAMED_UNIT ( * ) SI_UNIT ( .MILLI., .METRE. ) );
#3180 = MECHANICAL_DESIGN_GEOMETRIC_PRESENTATION_REPRESENTATION (  '', ( #3182 ), #3175 ) ;
#3181 = PRESENTATION_LAYER_ASSIGNMENT (  '', '', ( #3182 ) ) ;
#3182 = STYLED_ITEM ( 'NONE', ( #3183 ), #1036 ) ;
#3183 = PRESENTATION_STYLE_ASSIGNMENT (( #3184 ) ) ;
#3184 = SURFACE_STYLE_USAGE ( .BOTH. , #3185 ) ;
#3185 = SURFACE_SIDE_STYLE ('',( #3189 ) ) ;
#3186 = CARTESIAN_POINT ( 'NONE',  ( 1.118491394234618900, 0.06478160519119338700, 1.137500000000000000 ) ) ;
#3187 = CYLINDRICAL_SURFACE ( 'NONE', #3172, 0.03999999999999989000 ) ;
#3188 =( GEOMETRIC_REPRESENTATION_CONTEXT ( 3 ) GLOBAL_UNCERTAINTY_ASSIGNED_CONTEXT ( ( #3144 ) ) GLOBAL_UNIT_ASSIGNED_CONTEXT ( ( #3044, #3143, #3174 ) ) REPRESENTATION_CONTEXT ( 'NONE', 'WORKASPACE' ) );
#3189 = SURFACE_STYLE_FILL_AREA ( #3190 ) ;
#3190 = FILL_AREA_STYLE ('',( #3197 ) ) ;
#3191 = COLOUR_RGB ( '',1.000000000000000000, 1.000000000000000000, 1.000000000000000000 ) ;
#3192 = FACE_OUTER_BOUND ( 'NONE', #1037, .T. ) ;
#3193 = DIRECTION ( 'NONE',  ( -0.0000000000000000000, -0.0000000000000000000, -1.000000000000000000 ) ) ;
#3194 = VECTOR ( 'NONE', #3193, 1000.000000000000000 ) ;
#3195 = CARTESIAN_POINT ( 'NONE',  ( 1.081508605765380900, 0.04954108823671980000, -0.7625000000000000700 ) ) ;
#3196 = LINE ( 'NONE', #3195, #3194 ) ;
#3197 = FILL_AREA_STYLE_COLOUR ( '', #3191 ) ;
#3198 = DIRECTION ( 'NONE',  ( -1.000000000000000000, 0.0000000000000000000, 0.0000000000000000000 ) ) ;
#3199 = DIRECTION ( 'NONE',  ( -0.0000000000000000000, 0.0000000000000000000, -1.000000000000000000 ) ) ;
#3200 = CARTESIAN_POINT ( 'NONE',  ( 0.9000000000000000200, 0.4374999999999999400, 1.137500000000000000 ) ) ;
#3201 = AXIS2_PLACEMENT_3D ( 'NONE', #3200, #3199, #3198 ) ;
#3202 = PLANE ( 'NONE',  #3201 ) ;
#3203 =( GEOMETRIC_REPRESENTATION_CONTEXT ( 3 ) GLOBAL_UNCERTAINTY_ASSIGNED_CONTEXT ( ( #3204 ) ) GLOBAL_UNIT_ASSIGNED_CONTEXT ( ( #3068, #3067, #3066 ) ) REPRESENTATION_CONTEXT ( 'NONE', 'WORKASPACE' ) );
#3204 = UNCERTAINTY_MEASURE_WITH_UNIT (LENGTH_MEASURE( 1.000000000000000100E-005 ), #3068, 'distance_accuracy_value', 'NONE');
#3205 = LINE ( 'NONE', #3169, #3168 ) ;
#3206 = CARTESIAN_POINT ( 'NONE',  ( 1.081508605765380900, 0.04954108823671980000, 0.7624999999999999600 ) ) ;
#3207 = DIRECTION ( 'NONE',  ( 1.000000000000000000, 0.0000000000000000000, 0.0000000000000000000 ) ) ;
#3208 = DIRECTION ( 'NONE',  ( 0.0000000000000000000, 0.0000000000000000000, 1.000000000000000000 ) ) ;
#3209 = CARTESIAN_POINT ( 'NONE',  ( 1.118491394234618900, 0.06478160519119338700, 0.7624999999999999600 ) ) ;
#3210 = AXIS2_PLACEMENT_3D ( 'NONE', #3209, #3208, #3207 ) ;
#3211 = CIRCLE ( 'NONE', #3210, 0.03999999999999989000 ) ;
#3212 =( NAMED_UNIT ( * ) SI_UNIT ( $, .STERADIAN. ) SOLID_ANGLE_UNIT ( ) );
#3213 =( NAMED_UNIT ( * ) PLANE_ANGLE_UNIT ( ) SI_UNIT ( $, .RADIAN. ) );
#3214 =( LENGTH_UNIT ( ) NAMED_UNIT ( * ) SI_UNIT ( .MILLI., .METRE. ) );
#3215 = LINE ( 'NONE', #3250, #3249 ) ;
#3216 = FILL_AREA_STYLE_COLOUR ( '', #3246 ) ;
#3217 = CARTESIAN_POINT ( 'NONE',  ( -0.9000000000000000200, 0.4575000000000000200, -0.1875000000000000000 ) ) ;
#3218 = DIRECTION ( 'NONE',  ( -0.0000000000000000000, -0.0000000000000000000, -1.000000000000000000 ) ) ;
#3219 = VECTOR ( 'NONE', #3218, 1000.000000000000000 ) ;
#3220 = CARTESIAN_POINT ( 'NONE',  ( -0.9000000000000000200, 0.4575000000000000200, 0.1875000000000000000 ) ) ;
#3221 = LINE ( 'NONE', #3220, #3219 ) ;
#3222 = CARTESIAN_POINT ( 'NONE',  ( -0.9000000000000000200, 0.4575000000000000200, 0.1875000000000000000 ) ) ;
#3223 = DIRECTION ( 'NONE',  ( -1.000000000000000000, 4.336808689942017700E-016, 0.0000000000000000000 ) ) ;
#3224 = VECTOR ( 'NONE', #3223, 1000.000000000000000 ) ;
#3225 = CARTESIAN_POINT ( 'NONE',  ( -0.6500000000000000200, 0.4574999999999999100, 0.1875000000000000000 ) ) ;
#3226 = LINE ( 'NONE', #3225, #3224 ) ;
#3227 = DIRECTION ( 'NONE',  ( -0.0000000000000000000, -0.0000000000000000000, -1.000000000000000000 ) ) ;
#3228 = VECTOR ( 'NONE', #3227, 1000.000000000000000 ) ;
#3229 = CARTESIAN_POINT ( 'NONE',  ( -0.9184913942346189000, 0.4451202584772367400, -0.7625000000000000700 ) ) ;
#3230 = LINE ( 'NONE', #3229, #3228 ) ;
#3231 = DIRECTION ( 'NONE',  ( 1.000000000000000000, 0.0000000000000000000, 0.0000000000000000000 ) ) ;
#3232 = DIRECTION ( 'NONE',  ( 0.0000000000000000000, 0.0000000000000000000, -1.000000000000000000 ) ) ;
#3233 = CARTESIAN_POINT ( 'NONE',  ( -0.9000000000000000200, 0.4374999999999999400, 0.7624999999999999600 ) ) ;
#3234 = AXIS2_PLACEMENT_3D ( 'NONE', #3233, #3232, #3231 ) ;
#3235 = PLANE ( 'NONE',  #3234 ) ;
#3236 =( NAMED_UNIT ( * ) PLANE_ANGLE_UNIT ( ) SI_UNIT ( $, .RADIAN. ) );
#3237 =( LENGTH_UNIT ( ) NAMED_UNIT ( * ) SI_UNIT ( .MILLI., .METRE. ) );
#3238 = MECHANICAL_DESIGN_GEOMETRIC_PRESENTATION_REPRESENTATION (  '', ( #3240 ), #3257 ) ;
#3239 = PRESENTATION_LAYER_ASSIGNMENT (  '', '', ( #3240 ) ) ;
#3240 = STYLED_ITEM ( 'NONE', ( #3241 ), #1102 ) ;
#3241 = PRESENTATION_STYLE_ASSIGNMENT (( #3242 ) ) ;
#3242 = SURFACE_STYLE_USAGE ( .BOTH. , #3243 ) ;
#3243 = SURFACE_SIDE_STYLE ('',( #3244 ) ) ;
#3244 = SURFACE_STYLE_FILL_AREA ( #3245 ) ;
#3245 = FILL_AREA_STYLE ('',( #3216 ) ) ;
#3246 = COLOUR_RGB ( '',1.000000000000000000, 1.000000000000000000, 1.000000000000000000 ) ;
#3247 = FACE_OUTER_BOUND ( 'NONE', #1353, .T. ) ;
#3248 = DIRECTION ( 'NONE',  ( -1.000000000000000000, 4.336808689942017700E-016, 0.0000000000000000000 ) ) ;
#3249 = VECTOR ( 'NONE', #3248, 1000.000000000000000 ) ;
#3250 = CARTESIAN_POINT ( 'NONE',  ( -0.6500000000000000200, 0.4574999999999999100, -0.1875000000000000000 ) ) ;
#3251 =( NAMED_UNIT ( * ) SI_UNIT ( $, .STERADIAN. ) SOLID_ANGLE_UNIT ( ) );
#3252 =( GEOMETRIC_REPRESENTATION_CONTEXT ( 3 ) GLOBAL_UNCERTAINTY_ASSIGNED_CONTEXT ( ( #3266 ) ) GLOBAL_UNIT_ASSIGNED_CONTEXT ( ( #3122, #3315, #3251 ) ) REPRESENTATION_CONTEXT ( 'NONE', 'WORKASPACE' ) );
#3253 = DIRECTION ( 'NONE',  ( 0.0000000000000000000, 0.0000000000000000000, -1.000000000000000000 ) ) ;
#3254 = CARTESIAN_POINT ( 'NONE',  ( -0.9000000000000000200, 0.4374999999999999400, 0.1875000000000000000 ) ) ;
#3255 = AXIS2_PLACEMENT_3D ( 'NONE', #3254, #3253, #3308 ) ;
#3256 = PLANE ( 'NONE',  #3255 ) ;
#3257 =( GEOMETRIC_REPRESENTATION_CONTEXT ( 3 ) GLOBAL_UNCERTAINTY_ASSIGNED_CONTEXT ( ( #3258 ) ) GLOBAL_UNIT_ASSIGNED_CONTEXT ( ( #3237, #3236, #3259 ) ) REPRESENTATION_CONTEXT ( 'NONE', 'WORKASPACE' ) );
#3258 = UNCERTAINTY_MEASURE_WITH_UNIT (LENGTH_MEASURE( 1.000000000000000100E-005 ), #3237, 'distance_accuracy_value', 'NONE');
#3259 =( NAMED_UNIT ( * ) SI_UNIT ( $, .STERADIAN. ) SOLID_ANGLE_UNIT ( ) );
#3260 =( GEOMETRIC_REPRESENTATION_CONTEXT ( 3 ) GLOBAL_UNCERTAINTY_ASSIGNED_CONTEXT ( ( #3261 ) ) GLOBAL_UNIT_ASSIGNED_CONTEXT ( ( #3214, #3213, #3212 ) ) REPRESENTATION_CONTEXT ( 'NONE', 'WORKASPACE' ) );
#3261 = UNCERTAINTY_MEASURE_WITH_UNIT (LENGTH_MEASURE( 1.000000000000000100E-005 ), #3214, 'distance_accuracy_value', 'NONE');
#3262 = DIRECTION ( 'NONE',  ( 1.000000000000000000, 0.0000000000000000000, 0.0000000000000000000 ) ) ;
#3263 = DIRECTION ( 'NONE',  ( 0.0000000000000000000, 0.0000000000000000000, -1.000000000000000000 ) ) ;
#3264 = CARTESIAN_POINT ( 'NONE',  ( -0.9000000000000000200, 0.4374999999999999400, 1.137500000000000000 ) ) ;
#3265 = AXIS2_PLACEMENT_3D ( 'NONE', #3264, #3263, #3262 ) ;
#3266 = UNCERTAINTY_MEASURE_WITH_UNIT (LENGTH_MEASURE( 1.000000000000000100E-005 ), #3122, 'distance_accuracy_value', 'NONE');
#3267 = DIRECTION ( 'NONE',  ( -0.3810129238618398800, -0.9245697117309499300, 0.0000000000000000000 ) ) ;
#3268 = VECTOR ( 'NONE', #3267, 999.9999999999998900 ) ;
#3269 = CARTESIAN_POINT ( 'NONE',  ( -0.9184913942346189000, 0.4451202584772367400, 1.137500000000000000 ) ) ;
#3270 = LINE ( 'NONE', #3269, #3268 ) ;
#3271 = CARTESIAN_POINT ( 'NONE',  ( -1.081508605765380900, 0.04954108823671980000, 1.137500000000000000 ) ) ;
#3272 = DIRECTION ( 'NONE',  ( -1.000000000000000000, 0.0000000000000000000, 0.0000000000000000000 ) ) ;
#3273 = CARTESIAN_POINT ( 'NONE',  ( -1.399999999999999900, 0.0000000000000000000, 0.7624999999999999600 ) ) ;
#3274 = DIRECTION ( 'NONE',  ( -0.9961946980917455500, -0.08715574274765851300, 0.0000000000000000000 ) ) ;
#3275 = VECTOR ( 'NONE', #3274, 1000.000000000000000 ) ;
#3276 = CARTESIAN_POINT ( 'NONE',  ( -1.115005164524712500, 0.02493381726752359400, 0.7624999999999999600 ) ) ;
#3277 = LINE ( 'NONE', #3276, #3275 ) ;
#3278 = DIRECTION ( 'NONE',  ( -0.0000000000000000000, -0.0000000000000000000, -1.000000000000000000 ) ) ;
#3279 = CARTESIAN_POINT ( 'NONE',  ( -1.118491394234618900, 0.06478160519119338700, 1.137500000000000000 ) ) ;
#3280 = AXIS2_PLACEMENT_3D ( 'NONE', #3279, #3278, #3272 ) ;
#3281 = CIRCLE ( 'NONE', #3280, 0.03999999999999989000 ) ;
#3282 =( GEOMETRIC_REPRESENTATION_CONTEXT ( 3 ) GLOBAL_UNCERTAINTY_ASSIGNED_CONTEXT ( ( #3283 ) ) GLOBAL_UNIT_ASSIGNED_CONTEXT ( ( #3286, #3285, #3284 ) ) REPRESENTATION_CONTEXT ( 'NONE', 'WORKASPACE' ) );
#3283 = UNCERTAINTY_MEASURE_WITH_UNIT (LENGTH_MEASURE( 1.000000000000000100E-005 ), #3286, 'distance_accuracy_value', 'NONE');
#3284 =( NAMED_UNIT ( * ) SI_UNIT ( $, .STERADIAN. ) SOLID_ANGLE_UNIT ( ) );
#3285 =( NAMED_UNIT ( * ) PLANE_ANGLE_UNIT ( ) SI_UNIT ( $, .RADIAN. ) );
#3286 =( LENGTH_UNIT ( ) NAMED_UNIT ( * ) SI_UNIT ( .MILLI., .METRE. ) );
#3287 = MECHANICAL_DESIGN_GEOMETRIC_PRESENTATION_REPRESENTATION (  '', ( #3289 ), #3282 ) ;
#3288 = PRESENTATION_LAYER_ASSIGNMENT (  '', '', ( #3289 ) ) ;
#3289 = STYLED_ITEM ( 'NONE', ( #3290 ), #1116 ) ;
#3290 = PRESENTATION_STYLE_ASSIGNMENT (( #3291 ) ) ;
#3291 = SURFACE_STYLE_USAGE ( .BOTH. , #3292 ) ;
#3292 = SURFACE_SIDE_STYLE ('',( #3293 ) ) ;
#3293 = SURFACE_STYLE_FILL_AREA ( #3294 ) ;
#3294 = FILL_AREA_STYLE ('',( #3295 ) ) ;
#3295 = FILL_AREA_STYLE_COLOUR ( '', #3296 ) ;
#3296 = COLOUR_RGB ( '',1.000000000000000000, 1.000000000000000000, 1.000000000000000000 ) ;
#3297 = FACE_OUTER_BOUND ( 'NONE', #1072, .T. ) ;
#3298 = CARTESIAN_POINT ( 'NONE',  ( -0.9000000000000000200, 0.5124999999999999600, 1.137500000000000000 ) ) ;
#3299 = DIRECTION ( 'NONE',  ( -0.0000000000000000000, -0.0000000000000000000, -1.000000000000000000 ) ) ;
#3300 = VECTOR ( 'NONE', #3299, 1000.000000000000000 ) ;
#3301 = CARTESIAN_POINT ( 'NONE',  ( -0.9000000000000000200, 0.5124999999999999600, 1.137500000000000000 ) ) ;
#3302 = LINE ( 'NONE', #3301, #3300 ) ;
#3303 = CARTESIAN_POINT ( 'NONE',  ( -0.9000000000000000200, 0.5124999999999999600, 0.7624999999999999600 ) ) ;
#3304 = DIRECTION ( 'NONE',  ( 1.000000000000000000, -0.0000000000000000000, -0.0000000000000000000 ) ) ;
#3305 = VECTOR ( 'NONE', #3304, 1000.000000000000000 ) ;
#3306 = CARTESIAN_POINT ( 'NONE',  ( -0.6500000000000000200, 0.5124999999999999600, 0.7624999999999999600 ) ) ;
#3307 = LINE ( 'NONE', #3306, #3305 ) ;
#3308 = DIRECTION ( 'NONE',  ( 1.000000000000000000, 0.0000000000000000000, 0.0000000000000000000 ) ) ;
#3309 = PLANE ( 'NONE',  #3265 ) ;
#3310 = CARTESIAN_POINT ( 'NONE',  ( -0.9000000000000000200, 0.4374999999999999400, 1.137500000000000000 ) ) ;
#3311 = AXIS2_PLACEMENT_3D ( 'NONE', #3310, #3327, #3326 ) ;
#3312 = CIRCLE ( 'NONE', #3311, 0.02000000000000005200 ) ;
#3313 = FACE_OUTER_BOUND ( 'NONE', #1090, .T. ) ;
#3314 = CARTESIAN_POINT ( 'NONE',  ( -0.9184913942346189000, 0.4451202584772367400, 1.137500000000000000 ) ) ;
#3315 =( NAMED_UNIT ( * ) PLANE_ANGLE_UNIT ( ) SI_UNIT ( $, .RADIAN. ) );
#3316 = MECHANICAL_DESIGN_GEOMETRIC_PRESENTATION_REPRESENTATION (  '', ( #3318 ), #3260 ) ;
#3317 = PRESENTATION_LAYER_ASSIGNMENT (  '', '', ( #3318 ) ) ;
#3318 = STYLED_ITEM ( 'NONE', ( #3319 ), #1089 ) ;
#3319 = PRESENTATION_STYLE_ASSIGNMENT (( #3320 ) ) ;
#3320 = SURFACE_STYLE_USAGE ( .BOTH. , #3321 ) ;
#3321 = SURFACE_SIDE_STYLE ('',( #3322 ) ) ;
#3322 = SURFACE_STYLE_FILL_AREA ( #3323 ) ;
#3323 = FILL_AREA_STYLE ('',( #3324 ) ) ;
#3324 = FILL_AREA_STYLE_COLOUR ( '', #3325 ) ;
#3325 = COLOUR_RGB ( '',1.000000000000000000, 1.000000000000000000, 1.000000000000000000 ) ;
#3326 = DIRECTION ( 'NONE',  ( 1.000000000000000000, 0.0000000000000000000, 0.0000000000000000000 ) ) ;
#3327 = DIRECTION ( 'NONE',  ( -0.0000000000000000000, 0.0000000000000000000, 1.000000000000000000 ) ) ;
#3328 = UNCERTAINTY_MEASURE_WITH_UNIT (LENGTH_MEASURE( 1.000000000000000100E-005 ), #3331, 'distance_accuracy_value', 'NONE');
#3329 =( NAMED_UNIT ( * ) SI_UNIT ( $, .STERADIAN. ) SOLID_ANGLE_UNIT ( ) );
#3330 =( NAMED_UNIT ( * ) PLANE_ANGLE_UNIT ( ) SI_UNIT ( $, .RADIAN. ) );
#3331 =( LENGTH_UNIT ( ) NAMED_UNIT ( * ) SI_UNIT ( .MILLI., .METRE. ) );
#3332 = MECHANICAL_DESIGN_GEOMETRIC_PRESENTATION_REPRESENTATION (  '', ( #3334 ), #3388 ) ;
#3333 = PRESENTATION_LAYER_ASSIGNMENT (  '', '', ( #3334 ) ) ;
#3334 = STYLED_ITEM ( 'NONE', ( #3335 ), #1162 ) ;
#3335 = PRESENTATION_STYLE_ASSIGNMENT (( #3336 ) ) ;
#3336 = SURFACE_STYLE_USAGE ( .BOTH. , #3337 ) ;
#3337 = SURFACE_SIDE_STYLE ('',( #3338 ) ) ;
#3338 = SURFACE_STYLE_FILL_AREA ( #3339 ) ;
#3339 = FILL_AREA_STYLE ('',( #3393 ) ) ;
#3340 = COLOUR_RGB ( '',1.000000000000000000, 1.000000000000000000, 1.000000000000000000 ) ;
#3341 = FACE_OUTER_BOUND ( 'NONE', #1163, .T. ) ;
#3342 = DIRECTION ( 'NONE',  ( 1.000000000000000000, 0.0000000000000000000, 0.0000000000000000000 ) ) ;
#3343 = CARTESIAN_POINT ( 'NONE',  ( -1.115005164524712500, 0.02493381726752363600, 1.137500000000000000 ) ) ;
#3344 = DIRECTION ( 'NONE',  ( -0.9961946980917455500, -0.08715574274765851300, 0.0000000000000000000 ) ) ;
#3345 = VECTOR ( 'NONE', #3344, 1000.000000000000000 ) ;
#3346 = CARTESIAN_POINT ( 'NONE',  ( -1.115005164524712500, 0.02493381726752359400, 1.137500000000000000 ) ) ;
#3347 = LINE ( 'NONE', #3346, #3345 ) ;
#3348 = LINE ( 'NONE', #3372, #3371 ) ;
#3349 = CARTESIAN_POINT ( 'NONE',  ( -0.9184913942346189000, 0.4451202584772367400, -1.137500000000000000 ) ) ;
#3350 = DIRECTION ( 'NONE',  ( 1.000000000000000000, 0.0000000000000000000, 0.0000000000000000000 ) ) ;
#3351 = DIRECTION ( 'NONE',  ( -0.0000000000000000000, 0.0000000000000000000, 1.000000000000000000 ) ) ;
#3352 = AXIS2_PLACEMENT_3D ( 'NONE', #3429, #3351, #3350 ) ;
#3353 = CIRCLE ( 'NONE', #3352, 0.02000000000000005200 ) ;
#3354 =( NAMED_UNIT ( * ) SI_UNIT ( $, .STERADIAN. ) SOLID_ANGLE_UNIT ( ) );
#3355 =( NAMED_UNIT ( * ) PLANE_ANGLE_UNIT ( ) SI_UNIT ( $, .RADIAN. ) );
#3356 = AXIS2_PLACEMENT_3D ( 'NONE', #3368, #3367, #3366 ) ;
#3357 = PLANE ( 'NONE',  #3356 ) ;
#3358 =( GEOMETRIC_REPRESENTATION_CONTEXT ( 3 ) GLOBAL_UNCERTAINTY_ASSIGNED_CONTEXT ( ( #3430 ) ) GLOBAL_UNIT_ASSIGNED_CONTEXT ( ( #3439, #3355, #3354 ) ) REPRESENTATION_CONTEXT ( 'NONE', 'WORKASPACE' ) );
#3359 = CARTESIAN_POINT ( 'NONE',  ( -1.115005164524712500, 0.02493381726752363600, -1.137500000000000000 ) ) ;
#3360 = DIRECTION ( 'NONE',  ( -1.000000000000000000, 0.0000000000000000000, 0.0000000000000000000 ) ) ;
#3361 = DIRECTION ( 'NONE',  ( -0.0000000000000000000, -0.0000000000000000000, -1.000000000000000000 ) ) ;
#3362 = CARTESIAN_POINT ( 'NONE',  ( -1.118491394234618900, 0.06478160519119338700, -1.137500000000000000 ) ) ;
#3363 = AXIS2_PLACEMENT_3D ( 'NONE', #3362, #3361, #3360 ) ;
#3364 = CIRCLE ( 'NONE', #3363, 0.03999999999999989000 ) ;
#3365 = CARTESIAN_POINT ( 'NONE',  ( -1.399999999999999900, 0.0000000000000000000, 1.137500000000000000 ) ) ;
#3366 = DIRECTION ( 'NONE',  ( 0.3810129238618398300, 0.9245697117309498200, 0.0000000000000000000 ) ) ;
#3367 = DIRECTION ( 'NONE',  ( 0.9245697117309499300, -0.3810129238618398800, 0.0000000000000000000 ) ) ;
#3368 = CARTESIAN_POINT ( 'NONE',  ( -0.9184913942346189000, 0.4451202584772367400, -0.7625000000000000700 ) ) ;
#3369 = CARTESIAN_POINT ( 'NONE',  ( -1.081508605765380900, 0.04954108823671980000, -1.137500000000000000 ) ) ;
#3370 = DIRECTION ( 'NONE',  ( -0.3810129238618398800, -0.9245697117309499300, 0.0000000000000000000 ) ) ;
#3371 = VECTOR ( 'NONE', #3370, 999.9999999999998900 ) ;
#3372 = CARTESIAN_POINT ( 'NONE',  ( -0.9184913942346189000, 0.4451202584772367400, -1.137500000000000000 ) ) ;
#3373 = DIRECTION ( 'NONE',  ( 0.3810129238618399900, 0.9245697117309498200, 0.0000000000000000000 ) ) ;
#3374 = VECTOR ( 'NONE', #3373, 1000.000000000000100 ) ;
#3375 = CARTESIAN_POINT ( 'NONE',  ( -0.9693427283798211600, 0.4660759692896380700, -1.137500000000000000 ) ) ;
#3376 = LINE ( 'NONE', #3375, #3374 ) ;
#3377 =( GEOMETRIC_REPRESENTATION_CONTEXT ( 3 ) GLOBAL_UNCERTAINTY_ASSIGNED_CONTEXT ( ( #3493 ) ) GLOBAL_UNIT_ASSIGNED_CONTEXT ( ( #3588, #3495, #3494 ) ) REPRESENTATION_CONTEXT ( 'NONE', 'WORKASPACE' ) );
#3378 = CARTESIAN_POINT ( 'NONE',  ( -1.128884804356739200, 0.07892959719328251900, -1.137500000000000000 ) ) ;
#3379 = DIRECTION ( 'NONE',  ( 0.9961946980917455500, 0.08715574274765845700, 0.0000000000000000000 ) ) ;
#3380 = VECTOR ( 'NONE', #3379, 1000.000000000000100 ) ;
#3381 = CARTESIAN_POINT ( 'NONE',  ( -1.128884804356739200, 0.07892959719328251900, -1.137500000000000000 ) ) ;
#3382 = LINE ( 'NONE', #3381, #3380 ) ;
#3383 = DIRECTION ( 'NONE',  ( 1.000000000000000000, 0.0000000000000000000, 0.0000000000000000000 ) ) ;
#3384 = DIRECTION ( 'NONE',  ( 0.0000000000000000000, 0.0000000000000000000, -1.000000000000000000 ) ) ;
#3385 = CARTESIAN_POINT ( 'NONE',  ( -0.9000000000000000200, 0.4374999999999999400, -1.137500000000000000 ) ) ;
#3386 = AXIS2_PLACEMENT_3D ( 'NONE', #3385, #3384, #3383 ) ;
#3387 = PLANE ( 'NONE',  #3386 ) ;
#3388 =( GEOMETRIC_REPRESENTATION_CONTEXT ( 3 ) GLOBAL_UNCERTAINTY_ASSIGNED_CONTEXT ( ( #3328 ) ) GLOBAL_UNIT_ASSIGNED_CONTEXT ( ( #3331, #3330, #3329 ) ) REPRESENTATION_CONTEXT ( 'NONE', 'WORKASPACE' ) );
#3389 = DIRECTION ( 'NONE',  ( -0.0000000000000000000, 0.0000000000000000000, 1.000000000000000000 ) ) ;
#3390 = CARTESIAN_POINT ( 'NONE',  ( -0.9000000000000000200, 0.4374999999999999400, -0.7625000000000000700 ) ) ;
#3391 = AXIS2_PLACEMENT_3D ( 'NONE', #3390, #3389, #3342 ) ;
#3392 = CIRCLE ( 'NONE', #3391, 0.02000000000000005200 ) ;
#3393 = FILL_AREA_STYLE_COLOUR ( '', #3340 ) ;
#3394 = CARTESIAN_POINT ( 'NONE',  ( -0.9000000000000000200, 0.4575000000000000200, -0.7625000000000000700 ) ) ;
#3395 = CARTESIAN_POINT ( 'NONE',  ( -0.9693427283798211600, 0.4660759692896380700, -0.7625000000000000700 ) ) ;
#3396 = DIRECTION ( 'NONE',  ( 1.000000000000000000, 0.0000000000000000000, 0.0000000000000000000 ) ) ;
#3397 = DIRECTION ( 'NONE',  ( -0.0000000000000000000, -0.0000000000000000000, -1.000000000000000000 ) ) ;
#3398 = CARTESIAN_POINT ( 'NONE',  ( -0.9000000000000000200, 0.4374999999999999400, -0.7625000000000000700 ) ) ;
#3399 = AXIS2_PLACEMENT_3D ( 'NONE', #3398, #3397, #3396 ) ;
#3400 = CYLINDRICAL_SURFACE ( 'NONE', #3438, 0.02000000000000005200 ) ;
#3401 = DIRECTION ( 'NONE',  ( -0.3810129238618398800, -0.9245697117309499300, 0.0000000000000000000 ) ) ;
#3402 = VECTOR ( 'NONE', #3401, 999.9999999999998900 ) ;
#3403 = CARTESIAN_POINT ( 'NONE',  ( -0.9184913942346189000, 0.4451202584772367400, 0.7624999999999999600 ) ) ;
#3404 = DIRECTION ( 'NONE',  ( -0.0000000000000000000, 0.0000000000000000000, 1.000000000000000000 ) ) ;
#3405 = CARTESIAN_POINT ( 'NONE',  ( -0.9000000000000000200, 0.4374999999999999400, 0.7624999999999999600 ) ) ;
#3406 = CIRCLE ( 'NONE', #3453, 0.03999999999999989000 ) ;
#3407 = FILL_AREA_STYLE ('',( #3447 ) ) ;
#3408 = CARTESIAN_POINT ( 'NONE',  ( -1.115005164524712500, 0.02493381726752363600, 0.7624999999999999600 ) ) ;
#3409 = CARTESIAN_POINT ( 'NONE',  ( -0.9000000000000000200, 0.4374999999999999400, -0.7625000000000000700 ) ) ;
#3410 = DIRECTION ( 'NONE',  ( -0.0000000000000000000, -0.0000000000000000000, -1.000000000000000000 ) ) ;
#3411 = CARTESIAN_POINT ( 'NONE',  ( -0.9184913942346189000, 0.4451202584772367400, 0.7624999999999999600 ) ) ;
#3412 = CIRCLE ( 'NONE', #3399, 0.07499999999999998300 ) ;
#3413 = CARTESIAN_POINT ( 'NONE',  ( -1.404793565851121300, 0.05479070839504601700, -1.137500000000000000 ) ) ;
#3414 = DIRECTION ( 'NONE',  ( -0.08715574274765965100, 0.9961946980917454300, 0.0000000000000000000 ) ) ;
#3415 = VECTOR ( 'NONE', #3414, 1000.000000000000000 ) ;
#3416 = CARTESIAN_POINT ( 'NONE',  ( -1.399999999999999900, 0.0000000000000000000, -1.137500000000000000 ) ) ;
#3417 = AXIS2_PLACEMENT_3D ( 'NONE', #3405, #3404, #3431 ) ;
#3418 = CIRCLE ( 'NONE', #3417, 0.02000000000000005200 ) ;
#3419 = LINE ( 'NONE', #3416, #3415 ) ;
#3420 = CARTESIAN_POINT ( 'NONE',  ( -1.399999999999999900, 0.0000000000000000000, -1.137500000000000000 ) ) ;
#3421 = DIRECTION ( 'NONE',  ( -0.9961946980917455500, -0.08715574274765851300, 0.0000000000000000000 ) ) ;
#3422 = VECTOR ( 'NONE', #3421, 1000.000000000000000 ) ;
#3423 = CARTESIAN_POINT ( 'NONE',  ( -1.115005164524712500, 0.02493381726752359400, -1.137500000000000000 ) ) ;
#3424 = LINE ( 'NONE', #3423, #3422 ) ;
#3425 = DIRECTION ( 'NONE',  ( -0.0000000000000000000, -0.0000000000000000000, -1.000000000000000000 ) ) ;
#3426 = VECTOR ( 'NONE', #3425, 1000.000000000000000 ) ;
#3427 = CARTESIAN_POINT ( 'NONE',  ( -1.081508605765380900, 0.04954108823671980000, -0.7625000000000000700 ) ) ;
#3428 = LINE ( 'NONE', #3427, #3426 ) ;
#3429 = CARTESIAN_POINT ( 'NONE',  ( -0.9000000000000000200, 0.4374999999999999400, -1.137500000000000000 ) ) ;
#3430 = UNCERTAINTY_MEASURE_WITH_UNIT (LENGTH_MEASURE( 1.000000000000000100E-005 ), #3439, 'distance_accuracy_value', 'NONE');
#3431 = DIRECTION ( 'NONE',  ( 1.000000000000000000, 0.0000000000000000000, 0.0000000000000000000 ) ) ;
#3432 = DIRECTION ( 'NONE',  ( -1.000000000000000000, 0.0000000000000000000, 0.0000000000000000000 ) ) ;
#3433 = CARTESIAN_POINT ( 'NONE',  ( -0.9000000000000000200, 0.4575000000000000200, 1.137500000000000000 ) ) ;
#3434 = DIRECTION ( 'NONE',  ( -1.000000000000000000, 4.336808689942017700E-016, 0.0000000000000000000 ) ) ;
#3435 = VECTOR ( 'NONE', #3434, 1000.000000000000000 ) ;
#3436 = CARTESIAN_POINT ( 'NONE',  ( -0.6500000000000000200, 0.4574999999999999100, 1.137500000000000000 ) ) ;
#3437 = LINE ( 'NONE', #3436, #3435 ) ;
#3438 = AXIS2_PLACEMENT_3D ( 'NONE', #3409, #3410, #3432 ) ;
#3439 =( LENGTH_UNIT ( ) NAMED_UNIT ( * ) SI_UNIT ( .MILLI., .METRE. ) );
#3440 = MECHANICAL_DESIGN_GEOMETRIC_PRESENTATION_REPRESENTATION (  '', ( #3442 ), #3358 ) ;
#3441 = PRESENTATION_LAYER_ASSIGNMENT (  '', '', ( #3442 ) ) ;
#3442 = STYLED_ITEM ( 'NONE', ( #3443 ), #1128 ) ;
#3443 = PRESENTATION_STYLE_ASSIGNMENT (( #3444 ) ) ;
#3444 = SURFACE_STYLE_USAGE ( .BOTH. , #3445 ) ;
#3445 = SURFACE_SIDE_STYLE ('',( #3446 ) ) ;
#3446 = SURFACE_STYLE_FILL_AREA ( #3407 ) ;
#3447 = FILL_AREA_STYLE_COLOUR ( '', #3448 ) ;
#3448 = COLOUR_RGB ( '',1.000000000000000000, 1.000000000000000000, 1.000000000000000000 ) ;
#3449 = FACE_OUTER_BOUND ( 'NONE', #1129, .T. ) ;
#3450 = DIRECTION ( 'NONE',  ( -1.000000000000000000, 0.0000000000000000000, 0.0000000000000000000 ) ) ;
#3451 = DIRECTION ( 'NONE',  ( -0.0000000000000000000, -0.0000000000000000000, -1.000000000000000000 ) ) ;
#3452 = CARTESIAN_POINT ( 'NONE',  ( -1.118491394234618900, 0.06478160519119338700, 0.7624999999999999600 ) ) ;
#3453 = AXIS2_PLACEMENT_3D ( 'NONE', #3452, #3451, #3450 ) ;
#3454 = LINE ( 'NONE', #3403, #3402 ) ;
#3455 = CARTESIAN_POINT ( 'NONE',  ( -1.081508605765380900, 0.04954108823671980000, 0.7624999999999999600 ) ) ;
#3456 = DIRECTION ( 'NONE',  ( -0.0000000000000000000, -0.0000000000000000000, -1.000000000000000000 ) ) ;
#3457 = VECTOR ( 'NONE', #3456, 1000.000000000000000 ) ;
#3458 = CARTESIAN_POINT ( 'NONE',  ( -0.9000000000000000200, 0.4575000000000000200, -0.7625000000000000700 ) ) ;
#3459 = LINE ( 'NONE', #3458, #3457 ) ;
#3460 = DIRECTION ( 'NONE',  ( 1.000000000000000000, 0.0000000000000000000, 0.0000000000000000000 ) ) ;
#3461 = DIRECTION ( 'NONE',  ( 0.0000000000000000000, 0.0000000000000000000, -1.000000000000000000 ) ) ;
#3462 = CARTESIAN_POINT ( 'NONE',  ( -0.9000000000000000200, 0.4374999999999999400, -0.7625000000000000700 ) ) ;
#3463 = AXIS2_PLACEMENT_3D ( 'NONE', #3462, #3461, #3460 ) ;
#3464 = PLANE ( 'NONE',  #3463 ) ;
#3465 =( GEOMETRIC_REPRESENTATION_CONTEXT ( 3 ) GLOBAL_UNCERTAINTY_ASSIGNED_CONTEXT ( ( #3468 ) ) GLOBAL_UNIT_ASSIGNED_CONTEXT ( ( #3473, #3470, #3469 ) ) REPRESENTATION_CONTEXT ( 'NONE', 'WORKASPACE' ) );
#3466 = FILL_AREA_STYLE ('',( #3476 ) ) ;
#3467 = COLOUR_RGB ( '',1.000000000000000000, 1.000000000000000000, 1.000000000000000000 ) ;
#3468 = UNCERTAINTY_MEASURE_WITH_UNIT (LENGTH_MEASURE( 1.000000000000000100E-005 ), #3473, 'distance_accuracy_value', 'NONE');
#3469 =( NAMED_UNIT ( * ) SI_UNIT ( $, .STERADIAN. ) SOLID_ANGLE_UNIT ( ) );
#3470 =( NAMED_UNIT ( * ) PLANE_ANGLE_UNIT ( ) SI_UNIT ( $, .RADIAN. ) );
#3471 = PRESENTATION_STYLE_ASSIGNMENT (( #3472 ) ) ;
#3472 = SURFACE_STYLE_USAGE ( .BOTH. , #3477 ) ;
#3473 =( LENGTH_UNIT ( ) NAMED_UNIT ( * ) SI_UNIT ( .MILLI., .METRE. ) );
#3474 = MECHANICAL_DESIGN_GEOMETRIC_PRESENTATION_REPRESENTATION (  '', ( #3481 ), #3465 ) ;
#3475 = FACE_OUTER_BOUND ( 'NONE', #1189, .T. ) ;
#3476 = FILL_AREA_STYLE_COLOUR ( '', #3467 ) ;
#3477 = SURFACE_SIDE_STYLE ('',( #3478 ) ) ;
#3478 = SURFACE_STYLE_FILL_AREA ( #3466 ) ;
#3479 = CARTESIAN_POINT ( 'NONE',  ( -0.9693427283798211600, 0.4660759692896380700, -1.137500000000000000 ) ) ;
#3480 = PRESENTATION_LAYER_ASSIGNMENT (  '', '', ( #3481 ) ) ;
#3481 = STYLED_ITEM ( 'NONE', ( #3471 ), #1171 ) ;
#3482 = AXIS2_PLACEMENT_3D ( 'NONE', #3606, #3605, #3604 ) ;
#3483 = PLANE ( 'NONE',  #3482 ) ;
#3484 =( GEOMETRIC_REPRESENTATION_CONTEXT ( 3 ) GLOBAL_UNCERTAINTY_ASSIGNED_CONTEXT ( ( #3485 ) ) GLOBAL_UNIT_ASSIGNED_CONTEXT ( ( #3512, #3511, #3510 ) ) REPRESENTATION_CONTEXT ( 'NONE', 'WORKASPACE' ) );
#3485 = UNCERTAINTY_MEASURE_WITH_UNIT (LENGTH_MEASURE( 1.000000000000000100E-005 ), #3512, 'distance_accuracy_value', 'NONE');
#3486 = DIRECTION ( 'NONE',  ( -0.3810129238618398800, -0.9245697117309499300, 0.0000000000000000000 ) ) ;
#3487 = VECTOR ( 'NONE', #3486, 999.9999999999998900 ) ;
#3488 = CARTESIAN_POINT ( 'NONE',  ( -0.9000000000000000200, 0.4374999999999999400, -0.7625000000000000700 ) ) ;
#3489 = AXIS2_PLACEMENT_3D ( 'NONE', #3488, #3587, #3586 ) ;
#3490 = CYLINDRICAL_SURFACE ( 'NONE', #3489, 0.07499999999999998300 ) ;
#3491 =( GEOMETRIC_REPRESENTATION_CONTEXT ( 3 ) GLOBAL_UNCERTAINTY_ASSIGNED_CONTEXT ( ( #3499 ) ) GLOBAL_UNIT_ASSIGNED_CONTEXT ( ( #3565, #3501, #3500 ) ) REPRESENTATION_CONTEXT ( 'NONE', 'WORKASPACE' ) );
#3492 = CARTESIAN_POINT ( 'NONE',  ( -1.081508605765380900, 0.04954108823671980000, -0.7625000000000000700 ) ) ;
#3493 = UNCERTAINTY_MEASURE_WITH_UNIT (LENGTH_MEASURE( 1.000000000000000100E-005 ), #3588, 'distance_accuracy_value', 'NONE');
#3494 =( NAMED_UNIT ( * ) SI_UNIT ( $, .STERADIAN. ) SOLID_ANGLE_UNIT ( ) );
#3495 =( NAMED_UNIT ( * ) PLANE_ANGLE_UNIT ( ) SI_UNIT ( $, .RADIAN. ) );
#3496 = DIRECTION ( 'NONE',  ( -1.000000000000000000, 4.336808689942017700E-016, 0.0000000000000000000 ) ) ;
#3497 = VECTOR ( 'NONE', #3496, 1000.000000000000000 ) ;
#3498 = UNCERTAINTY_MEASURE_WITH_UNIT (LENGTH_MEASURE( 1.000000000000000100E-005 ), #3564, 'distance_accuracy_value', 'NONE');
#3499 = UNCERTAINTY_MEASURE_WITH_UNIT (LENGTH_MEASURE( 1.000000000000000100E-005 ), #3565, 'distance_accuracy_value', 'NONE');
#3500 =( NAMED_UNIT ( * ) SI_UNIT ( $, .STERADIAN. ) SOLID_ANGLE_UNIT ( ) );
#3501 =( NAMED_UNIT ( * ) PLANE_ANGLE_UNIT ( ) SI_UNIT ( $, .RADIAN. ) );
#3502 =( NAMED_UNIT ( * ) SI_UNIT ( $, .STERADIAN. ) SOLID_ANGLE_UNIT ( ) );
#3503 =( NAMED_UNIT ( * ) PLANE_ANGLE_UNIT ( ) SI_UNIT ( $, .RADIAN. ) );
#3504 = CARTESIAN_POINT ( 'NONE',  ( -1.118491394234618900, 0.06478160519119338700, -0.7625000000000000700 ) ) ;
#3505 = CARTESIAN_POINT ( 'NONE',  ( -1.128884804356739200, 0.07892959719328251900, -0.7625000000000000700 ) ) ;
#3506 = VECTOR ( 'NONE', #3559, 1000.000000000000100 ) ;
#3507 = CARTESIAN_POINT ( 'NONE',  ( -1.128884804356739200, 0.07892959719328251900, -0.7625000000000000700 ) ) ;
#3508 = LINE ( 'NONE', #3507, #3506 ) ;
#3509 = FILL_AREA_STYLE_COLOUR ( '', #3557 ) ;
#3510 =( NAMED_UNIT ( * ) SI_UNIT ( $, .STERADIAN. ) SOLID_ANGLE_UNIT ( ) );
#3511 =( NAMED_UNIT ( * ) PLANE_ANGLE_UNIT ( ) SI_UNIT ( $, .RADIAN. ) );
#3512 =( LENGTH_UNIT ( ) NAMED_UNIT ( * ) SI_UNIT ( .MILLI., .METRE. ) );
#3513 = MECHANICAL_DESIGN_GEOMETRIC_PRESENTATION_REPRESENTATION (  '', ( #3515 ), #3484 ) ;
#3514 = PRESENTATION_LAYER_ASSIGNMENT (  '', '', ( #3515 ) ) ;
#3515 = STYLED_ITEM ( 'NONE', ( #3516 ), #1210 ) ;
#3516 = PRESENTATION_STYLE_ASSIGNMENT (( #3517 ) ) ;
#3517 = SURFACE_STYLE_USAGE ( .BOTH. , #3518 ) ;
#3518 = SURFACE_SIDE_STYLE ('',( #3519 ) ) ;
#3519 = SURFACE_STYLE_FILL_AREA ( #3585 ) ;
#3520 = COLOUR_RGB ( '',1.000000000000000000, 1.000000000000000000, 1.000000000000000000 ) ;
#3521 = FACE_OUTER_BOUND ( 'NONE', #1211, .T. ) ;
#3522 = AXIS2_PLACEMENT_3D ( 'NONE', #3504, #3578, #3532 ) ;
#3523 = VECTOR ( 'NONE', #3552, 1000.000000000000000 ) ;
#3524 = VECTOR ( 'NONE', #3574, 1000.000000000000000 ) ;
#3525 = CARTESIAN_POINT ( 'NONE',  ( -1.399999999999999900, 0.0000000000000000000, -0.7625000000000000700 ) ) ;
#3526 = LINE ( 'NONE', #3525, #3524 ) ;
#3527 = DIRECTION ( 'NONE',  ( 0.9961946980917455500, 0.08715574274765851300, 0.0000000000000000000 ) ) ;
#3528 = AXIS2_PLACEMENT_3D ( 'NONE', #3536, #3535, #3527 ) ;
#3529 = PLANE ( 'NONE',  #3528 ) ;
#3530 =( GEOMETRIC_REPRESENTATION_CONTEXT ( 3 ) GLOBAL_UNCERTAINTY_ASSIGNED_CONTEXT ( ( #3498 ) ) GLOBAL_UNIT_ASSIGNED_CONTEXT ( ( #3564, #3503, #3502 ) ) REPRESENTATION_CONTEXT ( 'NONE', 'WORKASPACE' ) );
#3531 = LINE ( 'NONE', #3579, #3534 ) ;
#3532 = DIRECTION ( 'NONE',  ( -1.000000000000000000, 0.0000000000000000000, 0.0000000000000000000 ) ) ;
#3533 = DIRECTION ( 'NONE',  ( -0.0000000000000000000, -0.0000000000000000000, -1.000000000000000000 ) ) ;
#3534 = VECTOR ( 'NONE', #3533, 1000.000000000000000 ) ;
#3535 = DIRECTION ( 'NONE',  ( 0.08715574274765851300, -0.9961946980917455500, 0.0000000000000000000 ) ) ;
#3536 = CARTESIAN_POINT ( 'NONE',  ( -1.115005164524712500, 0.02493381726752359400, -0.7625000000000000700 ) ) ;
#3537 = CARTESIAN_POINT ( 'NONE',  ( -1.404793565851121300, 0.05479070839504601700, -0.7625000000000000700 ) ) ;
#3538 = CARTESIAN_POINT ( 'NONE',  ( -1.115005164524712500, 0.02493381726752359400, -0.7625000000000000700 ) ) ;
#3539 = PRESENTATION_STYLE_ASSIGNMENT (( #3540 ) ) ;
#3540 = SURFACE_STYLE_USAGE ( .BOTH. , #3541 ) ;
#3541 = SURFACE_SIDE_STYLE ('',( #3542 ) ) ;
#3542 = SURFACE_STYLE_FILL_AREA ( #3543 ) ;
#3543 = FILL_AREA_STYLE ('',( #3544 ) ) ;
#3544 = FILL_AREA_STYLE_COLOUR ( '', #3545 ) ;
#3545 = COLOUR_RGB ( '',1.000000000000000000, 1.000000000000000000, 1.000000000000000000 ) ;
#3546 = DIRECTION ( 'NONE',  ( 1.000000000000000000, 0.0000000000000000000, 0.0000000000000000000 ) ) ;
#3547 = DIRECTION ( 'NONE',  ( -0.0000000000000000000, -0.0000000000000000000, -1.000000000000000000 ) ) ;
#3548 = CARTESIAN_POINT ( 'NONE',  ( -0.9000000000000000200, 0.4374999999999999400, -1.137500000000000000 ) ) ;
#3549 = AXIS2_PLACEMENT_3D ( 'NONE', #3548, #3547, #3546 ) ;
#3550 = CARTESIAN_POINT ( 'NONE',  ( -0.6500000000000000200, 0.4574999999999999100, -1.137500000000000000 ) ) ;
#3551 = LINE ( 'NONE', #3550, #3497 ) ;
#3552 = DIRECTION ( 'NONE',  ( -0.9961946980917455500, -0.08715574274765851300, 0.0000000000000000000 ) ) ;
#3553 = SURFACE_STYLE_USAGE ( .BOTH. , #3554 ) ;
#3554 = SURFACE_SIDE_STYLE ('',( #3555 ) ) ;
#3555 = SURFACE_STYLE_FILL_AREA ( #3556 ) ;
#3556 = FILL_AREA_STYLE ('',( #3509 ) ) ;
#3557 = COLOUR_RGB ( '',1.000000000000000000, 1.000000000000000000, 1.000000000000000000 ) ;
#3558 = FACE_OUTER_BOUND ( 'NONE', #1196, .T. ) ;
#3559 = DIRECTION ( 'NONE',  ( 0.9961946980917455500, 0.08715574274765845700, 0.0000000000000000000 ) ) ;
#3560 = MECHANICAL_DESIGN_GEOMETRIC_PRESENTATION_REPRESENTATION (  '', ( #3562 ), #3530 ) ;
#3561 = PRESENTATION_LAYER_ASSIGNMENT (  '', '', ( #3562 ) ) ;
#3562 = STYLED_ITEM ( 'NONE', ( #3563 ), #1195 ) ;
#3563 = PRESENTATION_STYLE_ASSIGNMENT (( #3553 ) ) ;
#3564 =( LENGTH_UNIT ( ) NAMED_UNIT ( * ) SI_UNIT ( .MILLI., .METRE. ) );
#3565 =( LENGTH_UNIT ( ) NAMED_UNIT ( * ) SI_UNIT ( .MILLI., .METRE. ) );
#3566 = MECHANICAL_DESIGN_GEOMETRIC_PRESENTATION_REPRESENTATION (  '', ( #3568 ), #3491 ) ;
#3567 = PRESENTATION_LAYER_ASSIGNMENT (  '', '', ( #3568 ) ) ;
#3568 = STYLED_ITEM ( 'NONE', ( #3539 ), #1203 ) ;
#3569 = LINE ( 'NONE', #3538, #3523 ) ;
#3570 = CIRCLE ( 'NONE', #3522, 0.03999999999999989000 ) ;
#3571 = CIRCLE ( 'NONE', #3549, 0.07499999999999998300 ) ;
#3572 = FACE_OUTER_BOUND ( 'NONE', #1204, .T. ) ;
#3573 = CARTESIAN_POINT ( 'NONE',  ( -1.399999999999999900, 0.0000000000000000000, -0.7625000000000000700 ) ) ;
#3574 = DIRECTION ( 'NONE',  ( -0.08715574274765965100, 0.9961946980917454300, 0.0000000000000000000 ) ) ;
#3575 = CARTESIAN_POINT ( 'NONE',  ( -0.9184913942346189000, 0.4451202584772367400, -0.7625000000000000700 ) ) ;
#3576 = CARTESIAN_POINT ( 'NONE',  ( -0.9184913942346189000, 0.4451202584772367400, -0.7625000000000000700 ) ) ;
#3577 = LINE ( 'NONE', #3576, #3487 ) ;
#3578 = DIRECTION ( 'NONE',  ( -0.0000000000000000000, -0.0000000000000000000, -1.000000000000000000 ) ) ;
#3579 = CARTESIAN_POINT ( 'NONE',  ( -1.404793565851121300, 0.05479070839504601700, -0.7625000000000000700 ) ) ;
#3580 = FILL_AREA_STYLE_COLOUR ( '', #3520 ) ;
#3581 = DIRECTION ( 'NONE',  ( -0.0000000000000000000, -0.0000000000000000000, -1.000000000000000000 ) ) ;
#3582 = VECTOR ( 'NONE', #3581, 1000.000000000000000 ) ;
#3583 = CARTESIAN_POINT ( 'NONE',  ( -0.9693427283798211600, 0.4660759692896380700, -0.7625000000000000700 ) ) ;
#3584 = LINE ( 'NONE', #3583, #3582 ) ;
#3585 = FILL_AREA_STYLE ('',( #3580 ) ) ;
#3586 = DIRECTION ( 'NONE',  ( -1.000000000000000000, 0.0000000000000000000, 0.0000000000000000000 ) ) ;
#3587 = DIRECTION ( 'NONE',  ( -0.0000000000000000000, -0.0000000000000000000, -1.000000000000000000 ) ) ;
#3588 =( LENGTH_UNIT ( ) NAMED_UNIT ( * ) SI_UNIT ( .MILLI., .METRE. ) );
#3589 = MECHANICAL_DESIGN_GEOMETRIC_PRESENTATION_REPRESENTATION (  '', ( #3591 ), #3377 ) ;
#3590 = PRESENTATION_LAYER_ASSIGNMENT (  '', '', ( #3591 ) ) ;
#3591 = STYLED_ITEM ( 'NONE', ( #3592 ), #1218 ) ;
#3592 = PRESENTATION_STYLE_ASSIGNMENT (( #3593 ) ) ;
#3593 = SURFACE_STYLE_USAGE ( .BOTH. , #3594 ) ;
#3594 = SURFACE_SIDE_STYLE ('',( #3595 ) ) ;
#3595 = SURFACE_STYLE_FILL_AREA ( #3596 ) ;
#3596 = FILL_AREA_STYLE ('',( #3603 ) ) ;
#3597 = COLOUR_RGB ( '',1.000000000000000000, 1.000000000000000000, 1.000000000000000000 ) ;
#3598 = FACE_OUTER_BOUND ( 'NONE', #1183, .T. ) ;
#3599 = DIRECTION ( 'NONE',  ( -0.0000000000000000000, -0.0000000000000000000, -1.000000000000000000 ) ) ;
#3600 = VECTOR ( 'NONE', #3599, 1000.000000000000000 ) ;
#3601 = CARTESIAN_POINT ( 'NONE',  ( -1.128884804356739200, 0.07892959719328251900, -0.7625000000000000700 ) ) ;
#3602 = LINE ( 'NONE', #3601, #3600 ) ;
#3603 = FILL_AREA_STYLE_COLOUR ( '', #3597 ) ;
#3604 = DIRECTION ( 'NONE',  ( -0.3810129238618399900, -0.9245697117309498200, 0.0000000000000000000 ) ) ;
#3605 = DIRECTION ( 'NONE',  ( -0.9245697117309498200, 0.3810129238618399900, 0.0000000000000000000 ) ) ;
#3606 = CARTESIAN_POINT ( 'NONE',  ( -0.9693427283798211600, 0.4660759692896380700, -0.7625000000000000700 ) ) ;
#3607 = COLOUR_RGB ( '',1.000000000000000000, 1.000000000000000000, 1.000000000000000000 ) ;
#3608 = FACE_OUTER_BOUND ( 'NONE', #1256, .T. ) ;
#3609 = DIRECTION ( 'NONE',  ( 1.000000000000000000, -0.0000000000000000000, -0.0000000000000000000 ) ) ;
#3610 = VECTOR ( 'NONE', #3609, 1000.000000000000000 ) ;
#3611 = CARTESIAN_POINT ( 'NONE',  ( -0.6500000000000000200, 0.5124999999999999600, -0.7625000000000000700 ) ) ;
#3612 = FILL_AREA_STYLE_COLOUR ( '', #3607 ) ;
#3613 = LINE ( 'NONE', #3611, #3610 ) ;
#3614 = DIRECTION ( 'NONE',  ( 0.9961946980917455500, 0.08715574274765845700, 0.0000000000000000000 ) ) ;
#3615 = VECTOR ( 'NONE', #3614, 1000.000000000000100 ) ;
#3616 = CARTESIAN_POINT ( 'NONE',  ( -1.128884804356739200, 0.07892959719328251900, -0.1875000000000000000 ) ) ;
#3617 = LINE ( 'NONE', #3616, #3615 ) ;
#3618 = DIRECTION ( 'NONE',  ( -0.0000000000000000000, -0.0000000000000000000, -1.000000000000000000 ) ) ;
#3619 = VECTOR ( 'NONE', #3618, 1000.000000000000000 ) ;
#3620 = CARTESIAN_POINT ( 'NONE',  ( -1.081508605765380900, 0.04954108823671980000, 0.1875000000000000000 ) ) ;
#3621 = LINE ( 'NONE', #3620, #3619 ) ;
#3622 = DIRECTION ( 'NONE',  ( -1.000000000000000000, 0.0000000000000000000, 0.0000000000000000000 ) ) ;
#3623 = DIRECTION ( 'NONE',  ( -0.0000000000000000000, -0.0000000000000000000, -1.000000000000000000 ) ) ;
#3624 = AXIS2_PLACEMENT_3D ( 'NONE', #3625, #3623, #3622 ) ;
#3625 = CARTESIAN_POINT ( 'NONE',  ( -1.118491394234618900, 0.06478160519119338700, 0.1875000000000000000 ) ) ;
#3626 = CYLINDRICAL_SURFACE ( 'NONE', #3624, 0.03999999999999989000 ) ;
#3627 = CARTESIAN_POINT ( 'NONE',  ( -0.9000000000000000200, 0.4374999999999999400, -0.1875000000000000000 ) ) ;
#3628 = DIRECTION ( 'NONE',  ( 0.3810129238618399900, 0.9245697117309498200, 0.0000000000000000000 ) ) ;
#3629 = VECTOR ( 'NONE', #3628, 1000.000000000000100 ) ;
#3630 = CARTESIAN_POINT ( 'NONE',  ( -0.9693427283798211600, 0.4660759692896380700, 0.1875000000000000000 ) ) ;
#3631 = LINE ( 'NONE', #3630, #3629 ) ;
#3632 = CARTESIAN_POINT ( 'NONE',  ( -0.9693427283798211600, 0.4660759692896380700, 0.1875000000000000000 ) ) ;
#3633 = DIRECTION ( 'NONE',  ( -0.0000000000000000000, -0.0000000000000000000, -1.000000000000000000 ) ) ;
#3634 = VECTOR ( 'NONE', #3633, 1000.000000000000000 ) ;
#3635 = CARTESIAN_POINT ( 'NONE',  ( -1.399999999999999900, 0.0000000000000000000, -0.7625000000000000700 ) ) ;
#3636 = LINE ( 'NONE', #3635, #3634 ) ;
#3637 = DIRECTION ( 'NONE',  ( 0.08715574274765965100, -0.9961946980917454300, 0.0000000000000000000 ) ) ;
#3638 = DIRECTION ( 'NONE',  ( -0.9961946980917454300, -0.08715574274765965100, 0.0000000000000000000 ) ) ;
#3639 = CARTESIAN_POINT ( 'NONE',  ( -1.399999999999999900, 0.0000000000000000000, -0.7625000000000000700 ) ) ;
#3640 = AXIS2_PLACEMENT_3D ( 'NONE', #3639, #3638, #3637 ) ;
#3641 = PLANE ( 'NONE',  #3640 ) ;
#3642 =( GEOMETRIC_REPRESENTATION_CONTEXT ( 3 ) GLOBAL_UNCERTAINTY_ASSIGNED_CONTEXT ( ( #3643 ) ) GLOBAL_UNIT_ASSIGNED_CONTEXT ( ( #3646, #3645, #3644 ) ) REPRESENTATION_CONTEXT ( 'NONE', 'WORKASPACE' ) );
#3643 = UNCERTAINTY_MEASURE_WITH_UNIT (LENGTH_MEASURE( 1.000000000000000100E-005 ), #3646, 'distance_accuracy_value', 'NONE');
#3644 =( NAMED_UNIT ( * ) SI_UNIT ( $, .STERADIAN. ) SOLID_ANGLE_UNIT ( ) );
#3645 =( NAMED_UNIT ( * ) PLANE_ANGLE_UNIT ( ) SI_UNIT ( $, .RADIAN. ) );
#3646 =( LENGTH_UNIT ( ) NAMED_UNIT ( * ) SI_UNIT ( .MILLI., .METRE. ) );
#3647 = MECHANICAL_DESIGN_GEOMETRIC_PRESENTATION_REPRESENTATION (  '', ( #3737 ), #3642 ) ;
#3648 = PRESENTATION_LAYER_ASSIGNMENT (  '', '', ( #3737 ) ) ;
#3649 =( GEOMETRIC_REPRESENTATION_CONTEXT ( 3 ) GLOBAL_UNCERTAINTY_ASSIGNED_CONTEXT ( ( #3650 ) ) GLOBAL_UNIT_ASSIGNED_CONTEXT ( ( #3653, #3652, #3651 ) ) REPRESENTATION_CONTEXT ( 'NONE', 'WORKASPACE' ) );
#3650 = UNCERTAINTY_MEASURE_WITH_UNIT (LENGTH_MEASURE( 1.000000000000000100E-005 ), #3653, 'distance_accuracy_value', 'NONE');
#3651 =( NAMED_UNIT ( * ) SI_UNIT ( $, .STERADIAN. ) SOLID_ANGLE_UNIT ( ) );
#3652 =( NAMED_UNIT ( * ) PLANE_ANGLE_UNIT ( ) SI_UNIT ( $, .RADIAN. ) );
#3653 =( LENGTH_UNIT ( ) NAMED_UNIT ( * ) SI_UNIT ( .MILLI., .METRE. ) );
#3654 = MECHANICAL_DESIGN_GEOMETRIC_PRESENTATION_REPRESENTATION (  '', ( #3656 ), #3649 ) ;
#3655 = PRESENTATION_LAYER_ASSIGNMENT (  '', '', ( #3656 ) ) ;
#3656 = STYLED_ITEM ( 'NONE', ( #3657 ), #1242 ) ;
#3657 = PRESENTATION_STYLE_ASSIGNMENT (( #3658 ) ) ;
#3658 = SURFACE_STYLE_USAGE ( .BOTH. , #3659 ) ;
#3659 = SURFACE_SIDE_STYLE ('',( #3660 ) ) ;
#3660 = SURFACE_STYLE_FILL_AREA ( #3661 ) ;
#3661 = FILL_AREA_STYLE ('',( #3669 ) ) ;
#3662 = COLOUR_RGB ( '',1.000000000000000000, 1.000000000000000000, 1.000000000000000000 ) ;
#3663 = FACE_OUTER_BOUND ( 'NONE', #1243, .T. ) ;
#3664 = DIRECTION ( 'NONE',  ( 1.000000000000000000, 0.0000000000000000000, 0.0000000000000000000 ) ) ;
#3665 = DIRECTION ( 'NONE',  ( -0.0000000000000000000, 0.0000000000000000000, 1.000000000000000000 ) ) ;
#3666 = CARTESIAN_POINT ( 'NONE',  ( -0.9000000000000000200, 0.4374999999999999400, 0.1875000000000000000 ) ) ;
#3667 = AXIS2_PLACEMENT_3D ( 'NONE', #3666, #3665, #3664 ) ;
#3668 = CIRCLE ( 'NONE', #3667, 0.02000000000000005200 ) ;
#3669 = FILL_AREA_STYLE_COLOUR ( '', #3662 ) ;
#3670 = DIRECTION ( 'NONE',  ( -0.3810129238618398800, -0.9245697117309499300, 0.0000000000000000000 ) ) ;
#3671 = VECTOR ( 'NONE', #3670, 999.9999999999998900 ) ;
#3672 = CARTESIAN_POINT ( 'NONE',  ( -0.9184913942346189000, 0.4451202584772367400, 0.1875000000000000000 ) ) ;
#3673 = LINE ( 'NONE', #3672, #3671 ) ;
#3674 = DIRECTION ( 'NONE',  ( 1.000000000000000000, 0.0000000000000000000, 0.0000000000000000000 ) ) ;
#3675 = DIRECTION ( 'NONE',  ( -0.0000000000000000000, -0.0000000000000000000, -1.000000000000000000 ) ) ;
#3676 = AXIS2_PLACEMENT_3D ( 'NONE', #3627, #3675, #3674 ) ;
#3677 = CIRCLE ( 'NONE', #3676, 0.07499999999999998300 ) ;
#3678 = MECHANICAL_DESIGN_GEOMETRIC_PRESENTATION_REPRESENTATION (  '', ( #3680 ), #3753 ) ;
#3679 = PRESENTATION_LAYER_ASSIGNMENT (  '', '', ( #3680 ) ) ;
#3680 = STYLED_ITEM ( 'NONE', ( #3681 ), #1260 ) ;
#3681 = PRESENTATION_STYLE_ASSIGNMENT (( #3682 ) ) ;
#3682 = SURFACE_STYLE_USAGE ( .BOTH. , #3683 ) ;
#3683 = SURFACE_SIDE_STYLE ('',( #3684 ) ) ;
#3684 = SURFACE_STYLE_FILL_AREA ( #3685 ) ;
#3685 = FILL_AREA_STYLE ('',( #3692 ) ) ;
#3686 = COLOUR_RGB ( '',1.000000000000000000, 1.000000000000000000, 1.000000000000000000 ) ;
#3687 = DIRECTION ( 'NONE',  ( 1.000000000000000000, -4.336808689942017700E-016, 0.0000000000000000000 ) ) ;
#3688 = DIRECTION ( 'NONE',  ( -4.336808689942017700E-016, -1.000000000000000000, 0.0000000000000000000 ) ) ;
#3689 = CARTESIAN_POINT ( 'NONE',  ( -0.6500000000000000200, 0.4574999999999999100, -0.7625000000000000700 ) ) ;
#3690 = AXIS2_PLACEMENT_3D ( 'NONE', #3689, #3688, #3687 ) ;
#3691 = FACE_OUTER_BOUND ( 'NONE', #1261, .T. ) ;
#3692 = FILL_AREA_STYLE_COLOUR ( '', #3686 ) ;
#3693 = PLANE ( 'NONE',  #3690 ) ;
#3694 =( GEOMETRIC_REPRESENTATION_CONTEXT ( 3 ) GLOBAL_UNCERTAINTY_ASSIGNED_CONTEXT ( ( #3695 ) ) GLOBAL_UNIT_ASSIGNED_CONTEXT ( ( #3698, #3697, #3696 ) ) REPRESENTATION_CONTEXT ( 'NONE', 'WORKASPACE' ) );
#3695 = UNCERTAINTY_MEASURE_WITH_UNIT (LENGTH_MEASURE( 1.000000000000000100E-005 ), #3698, 'distance_accuracy_value', 'NONE');
#3696 =( NAMED_UNIT ( * ) SI_UNIT ( $, .STERADIAN. ) SOLID_ANGLE_UNIT ( ) );
#3697 =( NAMED_UNIT ( * ) PLANE_ANGLE_UNIT ( ) SI_UNIT ( $, .RADIAN. ) );
#3698 =( LENGTH_UNIT ( ) NAMED_UNIT ( * ) SI_UNIT ( .MILLI., .METRE. ) );
#3699 = MECHANICAL_DESIGN_GEOMETRIC_PRESENTATION_REPRESENTATION (  '', ( #3701 ), #3694 ) ;
#3700 = PRESENTATION_LAYER_ASSIGNMENT (  '', '', ( #3701 ) ) ;
#3701 = STYLED_ITEM ( 'NONE', ( #3702 ), #1255 ) ;
#3702 = PRESENTATION_STYLE_ASSIGNMENT (( #3703 ) ) ;
#3703 = SURFACE_STYLE_USAGE ( .BOTH. , #3704 ) ;
#3704 = SURFACE_SIDE_STYLE ('',( #3705 ) ) ;
#3705 = SURFACE_STYLE_FILL_AREA ( #3706 ) ;
#3706 = FILL_AREA_STYLE ('',( #3612 ) ) ;
#3707 = UNCERTAINTY_MEASURE_WITH_UNIT (LENGTH_MEASURE( 1.000000000000000100E-005 ), #3710, 'distance_accuracy_value', 'NONE');
#3708 =( NAMED_UNIT ( * ) SI_UNIT ( $, .STERADIAN. ) SOLID_ANGLE_UNIT ( ) );
#3709 =( NAMED_UNIT ( * ) PLANE_ANGLE_UNIT ( ) SI_UNIT ( $, .RADIAN. ) );
#3710 =( LENGTH_UNIT ( ) NAMED_UNIT ( * ) SI_UNIT ( .MILLI., .METRE. ) );
#3711 = MECHANICAL_DESIGN_GEOMETRIC_PRESENTATION_REPRESENTATION (  '', ( #3713 ), #3948 ) ;
#3712 = PRESENTATION_LAYER_ASSIGNMENT (  '', '', ( #3713 ) ) ;
#3713 = STYLED_ITEM ( 'NONE', ( #3714 ), #1267 ) ;
#3714 = PRESENTATION_STYLE_ASSIGNMENT (( #3715 ) ) ;
#3715 = SURFACE_STYLE_USAGE ( .BOTH. , #3716 ) ;
#3716 = SURFACE_SIDE_STYLE ('',( #3717 ) ) ;
#3717 = SURFACE_STYLE_FILL_AREA ( #3718 ) ;
#3718 = FILL_AREA_STYLE ('',( #3725 ) ) ;
#3719 = COLOUR_RGB ( '',1.000000000000000000, 1.000000000000000000, 1.000000000000000000 ) ;
#3720 = FACE_OUTER_BOUND ( 'NONE', #1268, .T. ) ;
#3721 = DIRECTION ( 'NONE',  ( -0.0000000000000000000, -0.0000000000000000000, -1.000000000000000000 ) ) ;
#3722 = VECTOR ( 'NONE', #3721, 1000.000000000000000 ) ;
#3723 = CARTESIAN_POINT ( 'NONE',  ( -1.128884804356739200, 0.07892959719328251900, 0.1875000000000000000 ) ) ;
#3724 = LINE ( 'NONE', #3723, #3722 ) ;
#3725 = FILL_AREA_STYLE_COLOUR ( '', #3719 ) ;
#3726 = DIRECTION ( 'NONE',  ( -0.9961946980917455500, -0.08715574274765847100, 0.0000000000000000000 ) ) ;
#3727 = DIRECTION ( 'NONE',  ( -0.08715574274765847100, 0.9961946980917455500, 0.0000000000000000000 ) ) ;
#3728 = CARTESIAN_POINT ( 'NONE',  ( -1.128884804356739200, 0.07892959719328251900, -0.7625000000000000700 ) ) ;
#3729 = AXIS2_PLACEMENT_3D ( 'NONE', #3728, #3727, #3726 ) ;
#3730 = PLANE ( 'NONE',  #3729 ) ;
#3731 = LINE ( 'NONE', #3747, #3746 ) ;
#3732 = FILL_AREA_STYLE_COLOUR ( '', #3743 ) ;
#3733 = DIRECTION ( 'NONE',  ( -1.000000000000000000, 4.336808689942017700E-016, 0.0000000000000000000 ) ) ;
#3734 = VECTOR ( 'NONE', #3733, 1000.000000000000000 ) ;
#3735 = CARTESIAN_POINT ( 'NONE',  ( -0.6500000000000000200, 0.4574999999999999100, -0.7625000000000000700 ) ) ;
#3736 = LINE ( 'NONE', #3735, #3734 ) ;
#3737 = STYLED_ITEM ( 'NONE', ( #3738 ), #1224 ) ;
#3738 = PRESENTATION_STYLE_ASSIGNMENT (( #3739 ) ) ;
#3739 = SURFACE_STYLE_USAGE ( .BOTH. , #3740 ) ;
#3740 = SURFACE_SIDE_STYLE ('',( #3741 ) ) ;
#3741 = SURFACE_STYLE_FILL_AREA ( #3742 ) ;
#3742 = FILL_AREA_STYLE ('',( #3732 ) ) ;
#3743 = COLOUR_RGB ( '',1.000000000000000000, 1.000000000000000000, 1.000000000000000000 ) ;
#3744 = FACE_OUTER_BOUND ( 'NONE', #1225, .T. ) ;
#3745 = DIRECTION ( 'NONE',  ( 0.3810129238618399900, 0.9245697117309498200, 0.0000000000000000000 ) ) ;
#3746 = VECTOR ( 'NONE', #3745, 1000.000000000000100 ) ;
#3747 = CARTESIAN_POINT ( 'NONE',  ( -0.9693427283798211600, 0.4660759692896380700, -0.7625000000000000700 ) ) ;
#3748 = DIRECTION ( 'NONE',  ( -0.3810129238618399900, -0.9245697117309498200, 0.0000000000000000000 ) ) ;
#3749 = DIRECTION ( 'NONE',  ( -0.9245697117309498200, 0.3810129238618399900, 0.0000000000000000000 ) ) ;
#3750 = CARTESIAN_POINT ( 'NONE',  ( -0.9693427283798211600, 0.4660759692896380700, 0.1875000000000000000 ) ) ;
#3751 = AXIS2_PLACEMENT_3D ( 'NONE', #3750, #3749, #3748 ) ;
#3752 = PLANE ( 'NONE',  #3751 ) ;
#3753 =( GEOMETRIC_REPRESENTATION_CONTEXT ( 3 ) GLOBAL_UNCERTAINTY_ASSIGNED_CONTEXT ( ( #3754 ) ) GLOBAL_UNIT_ASSIGNED_CONTEXT ( ( #3757, #3756, #3755 ) ) REPRESENTATION_CONTEXT ( 'NONE', 'WORKASPACE' ) );
#3754 = UNCERTAINTY_MEASURE_WITH_UNIT (LENGTH_MEASURE( 1.000000000000000100E-005 ), #3757, 'distance_accuracy_value', 'NONE');
#3755 =( NAMED_UNIT ( * ) SI_UNIT ( $, .STERADIAN. ) SOLID_ANGLE_UNIT ( ) );
#3756 =( NAMED_UNIT ( * ) PLANE_ANGLE_UNIT ( ) SI_UNIT ( $, .RADIAN. ) );
#3757 =( LENGTH_UNIT ( ) NAMED_UNIT ( * ) SI_UNIT ( .MILLI., .METRE. ) );
#3758 = DIRECTION ( 'NONE',  ( 1.000000000000000000, -0.0000000000000000000, -0.0000000000000000000 ) ) ;
#3759 = VECTOR ( 'NONE', #3758, 1000.000000000000000 ) ;
#3760 = CARTESIAN_POINT ( 'NONE',  ( -0.6500000000000000200, 0.5124999999999999600, -0.1875000000000000000 ) ) ;
#3761 = LINE ( 'NONE', #3760, #3759 ) ;
#3762 = CARTESIAN_POINT ( 'NONE',  ( -0.9184913942346189000, 0.4451202584772367400, 0.1875000000000000000 ) ) ;
#3763 = CARTESIAN_POINT ( 'NONE',  ( -1.081508605765380900, 0.04954108823671980000, 0.1875000000000000000 ) ) ;
#3764 = CARTESIAN_POINT ( 'NONE',  ( -1.081508605765380900, 0.04954108823671980000, -0.1875000000000000000 ) ) ;
#3765 = DIRECTION ( 'NONE',  ( -0.3810129238618398800, -0.9245697117309499300, 0.0000000000000000000 ) ) ;
#3766 = VECTOR ( 'NONE', #3765, 999.9999999999998900 ) ;
#3767 = CARTESIAN_POINT ( 'NONE',  ( -0.9184913942346189000, 0.4451202584772367400, -0.1875000000000000000 ) ) ;
#3768 = LINE ( 'NONE', #3767, #3766 ) ;
#3769 = DIRECTION ( 'NONE',  ( 0.0000000000000000000, 0.0000000000000000000, 1.000000000000000000 ) ) ;
#3770 = DIRECTION ( 'NONE',  ( 0.0000000000000000000, 1.000000000000000000, -0.0000000000000000000 ) ) ;
#3771 = CARTESIAN_POINT ( 'NONE',  ( -0.6500000000000000200, 0.5124999999999999600, -0.7625000000000000700 ) ) ;
#3772 = AXIS2_PLACEMENT_3D ( 'NONE', #3771, #3770, #3769 ) ;
#3773 = PLANE ( 'NONE',  #3772 ) ;
#3774 =( GEOMETRIC_REPRESENTATION_CONTEXT ( 3 ) GLOBAL_UNCERTAINTY_ASSIGNED_CONTEXT ( ( #3775 ) ) GLOBAL_UNIT_ASSIGNED_CONTEXT ( ( #3778, #3777, #3776 ) ) REPRESENTATION_CONTEXT ( 'NONE', 'WORKASPACE' ) );
#3775 = UNCERTAINTY_MEASURE_WITH_UNIT (LENGTH_MEASURE( 1.000000000000000100E-005 ), #3778, 'distance_accuracy_value', 'NONE');
#3776 =( NAMED_UNIT ( * ) SI_UNIT ( $, .STERADIAN. ) SOLID_ANGLE_UNIT ( ) );
#3777 =( NAMED_UNIT ( * ) PLANE_ANGLE_UNIT ( ) SI_UNIT ( $, .RADIAN. ) );
#3778 =( LENGTH_UNIT ( ) NAMED_UNIT ( * ) SI_UNIT ( .MILLI., .METRE. ) );
#3779 = MECHANICAL_DESIGN_GEOMETRIC_PRESENTATION_REPRESENTATION (  '', ( #3781 ), #3774 ) ;
#3780 = PRESENTATION_LAYER_ASSIGNMENT (  '', '', ( #3781 ) ) ;
#3781 = STYLED_ITEM ( 'NONE', ( #3782 ), #1334 ) ;
#3782 = PRESENTATION_STYLE_ASSIGNMENT (( #3783 ) ) ;
#3783 = SURFACE_STYLE_USAGE ( .BOTH. , #3784 ) ;
#3784 = SURFACE_SIDE_STYLE ('',( #3785 ) ) ;
#3785 = SURFACE_STYLE_FILL_AREA ( #3786 ) ;
#3786 = FILL_AREA_STYLE ('',( #3793 ) ) ;
#3787 = COLOUR_RGB ( '',1.000000000000000000, 1.000000000000000000, 1.000000000000000000 ) ;
#3788 = FACE_OUTER_BOUND ( 'NONE', #1335, .T. ) ;
#3789 = DIRECTION ( 'NONE',  ( -0.0000000000000000000, -0.0000000000000000000, -1.000000000000000000 ) ) ;
#3790 = VECTOR ( 'NONE', #3789, 1000.000000000000000 ) ;
#3791 = CARTESIAN_POINT ( 'NONE',  ( -1.115005164524712500, 0.02493381726752363600, 0.1875000000000000000 ) ) ;
#3792 = LINE ( 'NONE', #3791, #3790 ) ;
#3793 = FILL_AREA_STYLE_COLOUR ( '', #3787 ) ;
#3794 = DIRECTION ( 'NONE',  ( 0.9961946980917455500, 0.08715574274765851300, 0.0000000000000000000 ) ) ;
#3795 = DIRECTION ( 'NONE',  ( 0.08715574274765851300, -0.9961946980917455500, 0.0000000000000000000 ) ) ;
#3796 = CARTESIAN_POINT ( 'NONE',  ( -1.115005164524712500, 0.02493381726752359400, 0.1875000000000000000 ) ) ;
#3797 = AXIS2_PLACEMENT_3D ( 'NONE', #3796, #3795, #3794 ) ;
#3798 = PLANE ( 'NONE',  #3797 ) ;
#3799 =( GEOMETRIC_REPRESENTATION_CONTEXT ( 3 ) GLOBAL_UNCERTAINTY_ASSIGNED_CONTEXT ( ( #3800 ) ) GLOBAL_UNIT_ASSIGNED_CONTEXT ( ( #3803, #3802, #3801 ) ) REPRESENTATION_CONTEXT ( 'NONE', 'WORKASPACE' ) );
#3800 = UNCERTAINTY_MEASURE_WITH_UNIT (LENGTH_MEASURE( 1.000000000000000100E-005 ), #3803, 'distance_accuracy_value', 'NONE');
#3801 =( NAMED_UNIT ( * ) SI_UNIT ( $, .STERADIAN. ) SOLID_ANGLE_UNIT ( ) );
#3802 =( NAMED_UNIT ( * ) PLANE_ANGLE_UNIT ( ) SI_UNIT ( $, .RADIAN. ) );
#3803 =( LENGTH_UNIT ( ) NAMED_UNIT ( * ) SI_UNIT ( .MILLI., .METRE. ) );
#3804 = MECHANICAL_DESIGN_GEOMETRIC_PRESENTATION_REPRESENTATION (  '', ( #3806 ), #3799 ) ;
#3805 = PRESENTATION_LAYER_ASSIGNMENT (  '', '', ( #3806 ) ) ;
#3806 = STYLED_ITEM ( 'NONE', ( #3807 ), #1325 ) ;
#3807 = PRESENTATION_STYLE_ASSIGNMENT (( #3808 ) ) ;
#3808 = SURFACE_STYLE_USAGE ( .BOTH. , #3809 ) ;
#3809 = SURFACE_SIDE_STYLE ('',( #3810 ) ) ;
#3810 = SURFACE_STYLE_FILL_AREA ( #3949 ) ;
#3811 =( GEOMETRIC_REPRESENTATION_CONTEXT ( 3 ) GLOBAL_UNCERTAINTY_ASSIGNED_CONTEXT ( ( #3812 ) ) GLOBAL_UNIT_ASSIGNED_CONTEXT ( ( #3815, #3814, #3813 ) ) REPRESENTATION_CONTEXT ( 'NONE', 'WORKASPACE' ) );
#3812 = UNCERTAINTY_MEASURE_WITH_UNIT (LENGTH_MEASURE( 1.000000000000000100E-005 ), #3815, 'distance_accuracy_value', 'NONE');
#3813 =( NAMED_UNIT ( * ) SI_UNIT ( $, .STERADIAN. ) SOLID_ANGLE_UNIT ( ) );
#3814 =( NAMED_UNIT ( * ) PLANE_ANGLE_UNIT ( ) SI_UNIT ( $, .RADIAN. ) );
#3815 =( LENGTH_UNIT ( ) NAMED_UNIT ( * ) SI_UNIT ( .MILLI., .METRE. ) );
#3816 = MECHANICAL_DESIGN_GEOMETRIC_PRESENTATION_REPRESENTATION (  '', ( #3818 ), #3811 ) ;
#3817 = PRESENTATION_LAYER_ASSIGNMENT (  '', '', ( #3818 ) ) ;
#3818 = STYLED_ITEM ( 'NONE', ( #3819 ), #1296 ) ;
#3819 = PRESENTATION_STYLE_ASSIGNMENT (( #3820 ) ) ;
#3820 = SURFACE_STYLE_USAGE ( .BOTH. , #3821 ) ;
#3821 = SURFACE_SIDE_STYLE ('',( #3822 ) ) ;
#3822 = SURFACE_STYLE_FILL_AREA ( #3823 ) ;
#3823 = FILL_AREA_STYLE ('',( #3824 ) ) ;
#3824 = FILL_AREA_STYLE_COLOUR ( '', #3825 ) ;
#3825 = COLOUR_RGB ( '',1.000000000000000000, 1.000000000000000000, 1.000000000000000000 ) ;
#3826 = FACE_OUTER_BOUND ( 'NONE', #1249, .T. ) ;
#3827 = CARTESIAN_POINT ( 'NONE',  ( -0.9184913942346189000, 0.4451202584772367400, -0.1875000000000000000 ) ) ;
#3828 = DIRECTION ( 'NONE',  ( 1.000000000000000000, 0.0000000000000000000, 0.0000000000000000000 ) ) ;
#3829 = DIRECTION ( 'NONE',  ( 0.0000000000000000000, 0.0000000000000000000, -1.000000000000000000 ) ) ;
#3830 = CARTESIAN_POINT ( 'NONE',  ( -0.9000000000000000200, 0.4374999999999999400, -0.1875000000000000000 ) ) ;
#3831 = AXIS2_PLACEMENT_3D ( 'NONE', #3830, #3829, #3828 ) ;
#3832 = PLANE ( 'NONE',  #3831 ) ;
#3833 =( GEOMETRIC_REPRESENTATION_CONTEXT ( 3 ) GLOBAL_UNCERTAINTY_ASSIGNED_CONTEXT ( ( #3834 ) ) GLOBAL_UNIT_ASSIGNED_CONTEXT ( ( #3887, #3886, #3885 ) ) REPRESENTATION_CONTEXT ( 'NONE', 'WORKASPACE' ) );
#3834 = UNCERTAINTY_MEASURE_WITH_UNIT (LENGTH_MEASURE( 1.000000000000000100E-005 ), #3887, 'distance_accuracy_value', 'NONE');
#3835 = DIRECTION ( 'NONE',  ( -0.9961946980917455500, -0.08715574274765851300, 0.0000000000000000000 ) ) ;
#3836 = CARTESIAN_POINT ( 'NONE',  ( -1.115005164524712500, 0.02493381726752359400, 0.1875000000000000000 ) ) ;
#3837 = LINE ( 'NONE', #3836, #3916 ) ;
#3838 = CARTESIAN_POINT ( 'NONE',  ( -1.399999999999999900, 0.0000000000000000000, 0.1875000000000000000 ) ) ;
#3839 = DIRECTION ( 'NONE',  ( -0.08715574274765965100, 0.9961946980917454300, 0.0000000000000000000 ) ) ;
#3840 = VECTOR ( 'NONE', #3839, 1000.000000000000000 ) ;
#3841 = CARTESIAN_POINT ( 'NONE',  ( -1.399999999999999900, 0.0000000000000000000, 0.1875000000000000000 ) ) ;
#3842 = LINE ( 'NONE', #3841, #3840 ) ;
#3843 = DIRECTION ( 'NONE',  ( -0.0000000000000000000, -0.0000000000000000000, -1.000000000000000000 ) ) ;
#3844 = VECTOR ( 'NONE', #3843, 1000.000000000000000 ) ;
#3845 = CARTESIAN_POINT ( 'NONE',  ( -0.9693427283798211600, 0.4660759692896380700, 0.1875000000000000000 ) ) ;
#3846 = LINE ( 'NONE', #3845, #3844 ) ;
#3847 = DIRECTION ( 'NONE',  ( -1.000000000000000000, 0.0000000000000000000, 0.0000000000000000000 ) ) ;
#3848 = DIRECTION ( 'NONE',  ( -0.0000000000000000000, -0.0000000000000000000, -1.000000000000000000 ) ) ;
#3849 = CARTESIAN_POINT ( 'NONE',  ( -0.9000000000000000200, 0.4374999999999999400, 0.1875000000000000000 ) ) ;
#3850 = AXIS2_PLACEMENT_3D ( 'NONE', #3849, #3848, #3847 ) ;
#3851 = CYLINDRICAL_SURFACE ( 'NONE', #3850, 0.07499999999999998300 ) ;
#3852 =( GEOMETRIC_REPRESENTATION_CONTEXT ( 3 ) GLOBAL_UNCERTAINTY_ASSIGNED_CONTEXT ( ( #3853 ) ) GLOBAL_UNIT_ASSIGNED_CONTEXT ( ( #3856, #3855, #3854 ) ) REPRESENTATION_CONTEXT ( 'NONE', 'WORKASPACE' ) );
#3853 = UNCERTAINTY_MEASURE_WITH_UNIT (LENGTH_MEASURE( 1.000000000000000100E-005 ), #3856, 'distance_accuracy_value', 'NONE');
#3854 =( NAMED_UNIT ( * ) SI_UNIT ( $, .STERADIAN. ) SOLID_ANGLE_UNIT ( ) );
#3855 =( NAMED_UNIT ( * ) PLANE_ANGLE_UNIT ( ) SI_UNIT ( $, .RADIAN. ) );
#3856 =( LENGTH_UNIT ( ) NAMED_UNIT ( * ) SI_UNIT ( .MILLI., .METRE. ) );
#3857 = PLANE ( 'NONE',  #3982 ) ;
#3858 =( GEOMETRIC_REPRESENTATION_CONTEXT ( 3 ) GLOBAL_UNCERTAINTY_ASSIGNED_CONTEXT ( ( #3859 ) ) GLOBAL_UNIT_ASSIGNED_CONTEXT ( ( #3862, #3861, #3860 ) ) REPRESENTATION_CONTEXT ( 'NONE', 'WORKASPACE' ) );
#3859 = UNCERTAINTY_MEASURE_WITH_UNIT (LENGTH_MEASURE( 1.000000000000000100E-005 ), #3862, 'distance_accuracy_value', 'NONE');
#3860 =( NAMED_UNIT ( * ) SI_UNIT ( $, .STERADIAN. ) SOLID_ANGLE_UNIT ( ) );
#3861 =( NAMED_UNIT ( * ) PLANE_ANGLE_UNIT ( ) SI_UNIT ( $, .RADIAN. ) );
#3862 =( LENGTH_UNIT ( ) NAMED_UNIT ( * ) SI_UNIT ( .MILLI., .METRE. ) );
#3863 = MECHANICAL_DESIGN_GEOMETRIC_PRESENTATION_REPRESENTATION (  '', ( #3865 ), #3858 ) ;
#3864 = PRESENTATION_LAYER_ASSIGNMENT (  '', '', ( #3865 ) ) ;
#3865 = STYLED_ITEM ( 'NONE', ( #3866 ), #1305 ) ;
#3866 = PRESENTATION_STYLE_ASSIGNMENT (( #3867 ) ) ;
#3867 = SURFACE_STYLE_USAGE ( .BOTH. , #3868 ) ;
#3868 = SURFACE_SIDE_STYLE ('',( #3869 ) ) ;
#3869 = SURFACE_STYLE_FILL_AREA ( #3870 ) ;
#3870 = FILL_AREA_STYLE ('',( #3877 ) ) ;
#3871 = COLOUR_RGB ( '',1.000000000000000000, 1.000000000000000000, 1.000000000000000000 ) ;
#3872 = FACE_OUTER_BOUND ( 'NONE', #1306, .T. ) ;
#3873 = DIRECTION ( 'NONE',  ( -0.0000000000000000000, -0.0000000000000000000, -1.000000000000000000 ) ) ;
#3874 = VECTOR ( 'NONE', #3873, 1000.000000000000000 ) ;
#3875 = CARTESIAN_POINT ( 'NONE',  ( -1.404793565851121300, 0.05479070839504601700, 0.1875000000000000000 ) ) ;
#3876 = LINE ( 'NONE', #3875, #3874 ) ;
#3877 = FILL_AREA_STYLE_COLOUR ( '', #3871 ) ;
#3878 = CARTESIAN_POINT ( 'NONE',  ( -0.9000000000000000200, 0.4575000000000000200, -1.137500000000000000 ) ) ;
#3879 = CARTESIAN_POINT ( 'NONE',  ( -1.115005164524712500, 0.02493381726752363600, -0.7625000000000000700 ) ) ;
#3880 = DIRECTION ( 'NONE',  ( 0.3810129238618398300, 0.9245697117309498200, 0.0000000000000000000 ) ) ;
#3881 = DIRECTION ( 'NONE',  ( 0.9245697117309499300, -0.3810129238618398800, 0.0000000000000000000 ) ) ;
#3882 = CARTESIAN_POINT ( 'NONE',  ( -0.9184913942346189000, 0.4451202584772367400, 0.1875000000000000000 ) ) ;
#3883 = AXIS2_PLACEMENT_3D ( 'NONE', #3882, #3881, #3880 ) ;
#3884 = PLANE ( 'NONE',  #3883 ) ;
#3885 =( NAMED_UNIT ( * ) SI_UNIT ( $, .STERADIAN. ) SOLID_ANGLE_UNIT ( ) );
#3886 =( NAMED_UNIT ( * ) PLANE_ANGLE_UNIT ( ) SI_UNIT ( $, .RADIAN. ) );
#3887 =( LENGTH_UNIT ( ) NAMED_UNIT ( * ) SI_UNIT ( .MILLI., .METRE. ) );
#3888 = MECHANICAL_DESIGN_GEOMETRIC_PRESENTATION_REPRESENTATION (  '', ( #3890 ), #3833 ) ;
#3889 = PRESENTATION_LAYER_ASSIGNMENT (  '', '', ( #3890 ) ) ;
#3890 = STYLED_ITEM ( 'NONE', ( #3891 ), #1294 ) ;
#3891 = PRESENTATION_STYLE_ASSIGNMENT (( #3892 ) ) ;
#3892 = SURFACE_STYLE_USAGE ( .BOTH. , #3893 ) ;
#3893 = SURFACE_SIDE_STYLE ('',( #3894 ) ) ;
#3894 = SURFACE_STYLE_FILL_AREA ( #3895 ) ;
#3895 = FILL_AREA_STYLE ('',( #3896 ) ) ;
#3896 = FILL_AREA_STYLE_COLOUR ( '', #3897 ) ;
#3897 = COLOUR_RGB ( '',1.000000000000000000, 1.000000000000000000, 1.000000000000000000 ) ;
#3898 = FACE_OUTER_BOUND ( 'NONE', #1274, .T. ) ;
#3899 = CARTESIAN_POINT ( 'NONE',  ( -0.9000000000000000200, 0.5124999999999999600, -0.7625000000000000700 ) ) ;
#3900 = DIRECTION ( 'NONE',  ( -0.0000000000000000000, -0.0000000000000000000, -1.000000000000000000 ) ) ;
#3901 = VECTOR ( 'NONE', #3900, 1000.000000000000000 ) ;
#3902 = CARTESIAN_POINT ( 'NONE',  ( -0.9000000000000000200, 0.5124999999999999600, -0.7625000000000000700 ) ) ;
#3903 = LINE ( 'NONE', #3902, #3901 ) ;
#3904 = CARTESIAN_POINT ( 'NONE',  ( -0.9000000000000000200, 0.5124999999999999600, -1.137500000000000000 ) ) ;
#3905 = DIRECTION ( 'NONE',  ( 1.000000000000000000, -0.0000000000000000000, -0.0000000000000000000 ) ) ;
#3906 = VECTOR ( 'NONE', #3905, 1000.000000000000000 ) ;
#3907 = CARTESIAN_POINT ( 'NONE',  ( -0.6500000000000000200, 0.5124999999999999600, -1.137500000000000000 ) ) ;
#3908 = LINE ( 'NONE', #3907, #3906 ) ;
#3909 = CARTESIAN_POINT ( 'NONE',  ( -1.128884804356739200, 0.07892959719328251900, 0.1875000000000000000 ) ) ;
#3910 = DIRECTION ( 'NONE',  ( -1.000000000000000000, 0.0000000000000000000, 0.0000000000000000000 ) ) ;
#3911 = DIRECTION ( 'NONE',  ( -0.0000000000000000000, -0.0000000000000000000, -1.000000000000000000 ) ) ;
#3912 = CARTESIAN_POINT ( 'NONE',  ( -1.118491394234618900, 0.06478160519119338700, 0.1875000000000000000 ) ) ;
#3913 = AXIS2_PLACEMENT_3D ( 'NONE', #3912, #3911, #3910 ) ;
#3914 = CIRCLE ( 'NONE', #3913, 0.03999999999999989000 ) ;
#3915 = CARTESIAN_POINT ( 'NONE',  ( -1.115005164524712500, 0.02493381726752363600, 0.1875000000000000000 ) ) ;
#3916 = VECTOR ( 'NONE', #3835, 1000.000000000000000 ) ;
#3917 = DIRECTION ( 'NONE',  ( 1.000000000000000000, -0.0000000000000000000, -0.0000000000000000000 ) ) ;
#3918 = VECTOR ( 'NONE', #3917, 1000.000000000000000 ) ;
#3919 = CARTESIAN_POINT ( 'NONE',  ( -0.6500000000000000200, 0.5124999999999999600, 0.1875000000000000000 ) ) ;
#3920 = LINE ( 'NONE', #3919, #3918 ) ;
#3921 = DIRECTION ( 'NONE',  ( 1.000000000000000000, 0.0000000000000000000, 0.0000000000000000000 ) ) ;
#3922 = DIRECTION ( 'NONE',  ( -0.0000000000000000000, -0.0000000000000000000, -1.000000000000000000 ) ) ;
#3923 = CARTESIAN_POINT ( 'NONE',  ( -0.9000000000000000200, 0.4374999999999999400, 0.1875000000000000000 ) ) ;
#3924 = AXIS2_PLACEMENT_3D ( 'NONE', #3923, #3922, #3921 ) ;
#3925 = CIRCLE ( 'NONE', #3924, 0.07499999999999998300 ) ;
#3926 = CARTESIAN_POINT ( 'NONE',  ( -0.9000000000000000200, 0.5124999999999999600, 0.1875000000000000000 ) ) ;
#3927 = DIRECTION ( 'NONE',  ( -0.0000000000000000000, -0.0000000000000000000, -1.000000000000000000 ) ) ;
#3928 = VECTOR ( 'NONE', #3927, 1000.000000000000000 ) ;
#3929 = CARTESIAN_POINT ( 'NONE',  ( -0.9000000000000000200, 0.5124999999999999600, 0.1875000000000000000 ) ) ;
#3930 = LINE ( 'NONE', #3929, #3928 ) ;
#3931 = CARTESIAN_POINT ( 'NONE',  ( -0.9000000000000000200, 0.5124999999999999600, -0.1875000000000000000 ) ) ;
#3932 = MECHANICAL_DESIGN_GEOMETRIC_PRESENTATION_REPRESENTATION (  '', ( #3934 ), #3852 ) ;
#3933 = PRESENTATION_LAYER_ASSIGNMENT (  '', '', ( #3934 ) ) ;
#3934 = STYLED_ITEM ( 'NONE', ( #3935 ), #1270 ) ;
#3935 = PRESENTATION_STYLE_ASSIGNMENT (( #3936 ) ) ;
#3936 = SURFACE_STYLE_USAGE ( .BOTH. , #3937 ) ;
#3937 = SURFACE_SIDE_STYLE ('',( #3938 ) ) ;
#3938 = SURFACE_STYLE_FILL_AREA ( #3939 ) ;
#3939 = FILL_AREA_STYLE ('',( #3946 ) ) ;
#3940 = COLOUR_RGB ( '',1.000000000000000000, 1.000000000000000000, 1.000000000000000000 ) ;
#3941 = DIRECTION ( 'NONE',  ( -0.9961946980917455500, -0.08715574274765847100, 0.0000000000000000000 ) ) ;
#3942 = DIRECTION ( 'NONE',  ( -0.08715574274765847100, 0.9961946980917455500, 0.0000000000000000000 ) ) ;
#3943 = CARTESIAN_POINT ( 'NONE',  ( -1.128884804356739200, 0.07892959719328251900, 0.1875000000000000000 ) ) ;
#3944 = AXIS2_PLACEMENT_3D ( 'NONE', #3943, #3942, #3941 ) ;
#3945 = FACE_OUTER_BOUND ( 'NONE', #1234, .T. ) ;
#3946 = FILL_AREA_STYLE_COLOUR ( '', #3940 ) ;
#3947 = PLANE ( 'NONE',  #3944 ) ;
#3948 =( GEOMETRIC_REPRESENTATION_CONTEXT ( 3 ) GLOBAL_UNCERTAINTY_ASSIGNED_CONTEXT ( ( #3707 ) ) GLOBAL_UNIT_ASSIGNED_CONTEXT ( ( #3710, #3709, #3708 ) ) REPRESENTATION_CONTEXT ( 'NONE', 'WORKASPACE' ) );
#3949 = FILL_AREA_STYLE ('',( #3950 ) ) ;
#3950 = FILL_AREA_STYLE_COLOUR ( '', #3951 ) ;
#3951 = COLOUR_RGB ( '',1.000000000000000000, 1.000000000000000000, 1.000000000000000000 ) ;
#3952 = FACE_OUTER_BOUND ( 'NONE', #1326, .T. ) ;
#3953 = CARTESIAN_POINT ( 'NONE',  ( -1.128884804356739200, 0.07892959719328251900, -0.1875000000000000000 ) ) ;
#3954 = CARTESIAN_POINT ( 'NONE',  ( -1.404793565851121300, 0.05479070839504601700, -0.1875000000000000000 ) ) ;
#3955 = DIRECTION ( 'NONE',  ( -0.08715574274765965100, 0.9961946980917454300, 0.0000000000000000000 ) ) ;
#3956 = VECTOR ( 'NONE', #3955, 1000.000000000000000 ) ;
#3957 = CARTESIAN_POINT ( 'NONE',  ( -1.399999999999999900, 0.0000000000000000000, -0.1875000000000000000 ) ) ;
#3958 = LINE ( 'NONE', #3957, #3956 ) ;
#3959 = CARTESIAN_POINT ( 'NONE',  ( -1.399999999999999900, 0.0000000000000000000, -0.1875000000000000000 ) ) ;
#3960 = DIRECTION ( 'NONE',  ( -0.9961946980917455500, -0.08715574274765851300, 0.0000000000000000000 ) ) ;
#3961 = VECTOR ( 'NONE', #3960, 1000.000000000000000 ) ;
#3962 = CARTESIAN_POINT ( 'NONE',  ( -1.115005164524712500, 0.02493381726752359400, -0.1875000000000000000 ) ) ;
#3963 = LINE ( 'NONE', #3962, #3961 ) ;
#3964 = CARTESIAN_POINT ( 'NONE',  ( -1.115005164524712500, 0.02493381726752363600, -0.1875000000000000000 ) ) ;
#3965 = DIRECTION ( 'NONE',  ( -1.000000000000000000, 0.0000000000000000000, 0.0000000000000000000 ) ) ;
#3966 = DIRECTION ( 'NONE',  ( -0.0000000000000000000, -0.0000000000000000000, -1.000000000000000000 ) ) ;
#3967 = CARTESIAN_POINT ( 'NONE',  ( -1.118491394234618900, 0.06478160519119338700, -0.1875000000000000000 ) ) ;
#3968 = AXIS2_PLACEMENT_3D ( 'NONE', #3967, #3966, #3965 ) ;
#3969 = CIRCLE ( 'NONE', #3968, 0.03999999999999989000 ) ;
#3970 = DIRECTION ( 'NONE',  ( 1.000000000000000000, 0.0000000000000000000, 0.0000000000000000000 ) ) ;
#3971 = DIRECTION ( 'NONE',  ( -0.0000000000000000000, 0.0000000000000000000, 1.000000000000000000 ) ) ;
#3972 = CARTESIAN_POINT ( 'NONE',  ( -0.9000000000000000200, 0.4374999999999999400, -0.1875000000000000000 ) ) ;
#3973 = AXIS2_PLACEMENT_3D ( 'NONE', #3972, #3971, #3970 ) ;
#3974 = CIRCLE ( 'NONE', #3973, 0.02000000000000005200 ) ;
#3975 = DIRECTION ( 'NONE',  ( -0.0000000000000000000, -0.0000000000000000000, -1.000000000000000000 ) ) ;
#3976 = VECTOR ( 'NONE', #3975, 1000.000000000000000 ) ;
#3977 = CARTESIAN_POINT ( 'NONE',  ( -1.399999999999999900, 0.0000000000000000000, 0.1875000000000000000 ) ) ;
#3978 = LINE ( 'NONE', #3977, #3976 ) ;
#3979 = DIRECTION ( 'NONE',  ( 0.08715574274765965100, -0.9961946980917454300, 0.0000000000000000000 ) ) ;
#3980 = DIRECTION ( 'NONE',  ( -0.9961946980917454300, -0.08715574274765965100, 0.0000000000000000000 ) ) ;
#3981 = CARTESIAN_POINT ( 'NONE',  ( -1.399999999999999900, 0.0000000000000000000, 0.1875000000000000000 ) ) ;
#3982 = AXIS2_PLACEMENT_3D ( 'NONE', #3981, #3980, #3979 ) ;
ENDSEC;
END-ISO-10303-21;
