ISO-10303-21;
HEADER;
FILE_DESCRIPTION (( 'STEP AP214' ),
    '1' );
FILE_NAME ('User Library-XQFN-16-1.STEP',
    '2019-01-16T11:52:37',
    ( '' ),
    ( '' ),
    'SwSTEP 2.0',
    'SolidWorks 2018',
    '' );
FILE_SCHEMA (( 'AUTOMOTIVE_DESIGN' ));
ENDSEC;

DATA;
#1 = FILL_AREA_STYLE ('',( #6132 ) ) ;
#2 = FACE_OUTER_BOUND ( 'NONE', #6116, .T. ) ;
#3 = ORIENTED_EDGE ( 'NONE', *, *, #6790, .F. ) ;
#4 = FILL_AREA_STYLE_COLOUR ( '', #9911 ) ;
#5 = PLANE ( 'NONE',  #8174 ) ;
#6 = PRESENTATION_LAYER_ASSIGNMENT (  '', '', ( #2501 ) ) ;
#7 =( NAMED_UNIT ( * ) PLANE_ANGLE_UNIT ( ) SI_UNIT ( $, .RADIAN. ) );
#8 = CARTESIAN_POINT ( 'NONE',  ( 0.6250000000000004441, 0.5400000000000000355, 0.2637673139767615083 ) ) ;
#9 = ORIENTED_EDGE ( 'NONE', *, *, #4460, .F. ) ;
#10 = SURFACE_STYLE_USAGE ( .BOTH. , #6203 ) ;
#11 = CARTESIAN_POINT ( 'NONE',  ( 0.2275641025641027271, 0.5400000000000000355, 0.1740237242331717227 ) ) ;
#12 = ORIENTED_EDGE ( 'NONE', *, *, #3382, .T. ) ;
#13 = COLOUR_RGB ( '',0.6666666666666666297, 0.6941176470588235059, 0.7647058823529411242 ) ;
#14 = CARTESIAN_POINT ( 'NONE',  ( 0.6635443204459300359, 0.5500000000000001554, 0.2493104157199825532 ) ) ;
#15 = DIRECTION ( 'NONE',  ( 1.000000000000000000, -0.0000000000000000000, -0.0000000000000000000 ) ) ;
#16 = ORIENTED_EDGE ( 'NONE', *, *, #6747, .F. ) ;
#17 = EDGE_CURVE ( 'NONE', #864, #3771, #127, .T. ) ;
#18 = CARTESIAN_POINT ( 'NONE',  ( -0.2243589743589743390, 0.5400000000000000355, 0.1582985639767614805 ) ) ;
#19 = FILL_AREA_STYLE ('',( #9895 ) ) ;
#20 = ORIENTED_EDGE ( 'NONE', *, *, #3512, .F. ) ;
#21 = CARTESIAN_POINT ( 'NONE',  ( 0.0000000000000000000, 0.5500000000000000444, 0.0000000000000000000 ) ) ;
#22 = CARTESIAN_POINT ( 'NONE',  ( 0.6100000000000000977, 0.0000000000000000000, -0.2000000000000003997 ) ) ;
#23 = CARTESIAN_POINT ( 'NONE',  ( -0.2860859347448747592, 0.5400000000000001465, 0.2699655066330169384 ) ) ;
#24 = ORIENTED_EDGE ( 'NONE', *, *, #1985, .T. ) ;
#25 = CARTESIAN_POINT ( 'NONE',  ( 0.7019230769230774269, 0.5400000000000000355, 0.2128358235921461172 ) ) ;
#26 = MECHANICAL_DESIGN_GEOMETRIC_PRESENTATION_REPRESENTATION (  '', ( #5386 ), #4760 ) ;
#27 = ORIENTED_EDGE ( 'NONE', *, *, #8335, .F. ) ;
#28 = CARTESIAN_POINT ( 'NONE',  ( 0.5000000000000004441, 0.0000000000000000000, 1.009999999999999343 ) ) ;
#29 =( LENGTH_UNIT ( ) NAMED_UNIT ( * ) SI_UNIT ( .MILLI., .METRE. ) );
#31 = ADVANCED_FACE ( 'NONE', ( #5431 ), #2493, .F. ) ;
#30 = PRESENTATION_LAYER_ASSIGNMENT (  '', '', ( #8680 ) ) ;
#32 = EDGE_CURVE ( 'NONE', #7670, #9602, #623, .T. ) ;
#33 =( NAMED_UNIT ( * ) SI_UNIT ( $, .STERADIAN. ) SOLID_ANGLE_UNIT ( ) );
#34 = FACE_OUTER_BOUND ( 'NONE', #3379, .T. ) ;
#35 = EDGE_CURVE ( 'NONE', #4409, #8633, #6997, .T. ) ;
#36 = CARTESIAN_POINT ( 'NONE',  ( 0.6793543693711296960, 0.5400000000000000355, 0.2191895159266324111 ) ) ;
#37 = DIRECTION ( 'NONE',  ( -0.0000000000000000000, 0.0000000000000000000, 1.000000000000000000 ) ) ;
#38 = EDGE_CURVE ( 'NONE', #8975, #7904, #7603, .T. ) ;
#39 = ORIENTED_EDGE ( 'NONE', *, *, #6614, .F. ) ;
#40 = MECHANICAL_DESIGN_GEOMETRIC_PRESENTATION_REPRESENTATION (  '', ( #6243 ), #2689 ) ;
#41 = B_SPLINE_CURVE_WITH_KNOTS ( 'NONE', 3,
 ( #9316, #7853, #860, #7079, #9348, #4031, #3352, #4780, #4743, #1679, #6376, #2555, #7884, #138, #7926 ),
 .UNSPECIFIED., .F., .F.,
 ( 4, 1, 1, 1, 1, 1, 1, 1, 1, 1, 1, 1, 4 ),
 ( 0.0000000000000000000, 0.08594794314412788905, 0.1691252118806902960, 0.2503991071860496298, 0.3322897361388357784, 0.4133642879158809236, 0.4941722833711887919, 0.5760217353866375900, 0.6607569692540067319, 0.7457831259137428503, 0.8300435929752231212, 0.9140275458206825743, 1.000000000000000000 ),
 .UNSPECIFIED. ) ;
#42 = CARTESIAN_POINT ( 'NONE',  ( -0.9100000000000002531, 0.1270000000000000018, 0.4999999999999994449 ) ) ;
#43 = ORIENTED_EDGE ( 'NONE', *, *, #976, .T. ) ;
#44 = DIRECTION ( 'NONE',  ( -0.0000000000000000000, 1.000000000000000000, -0.0000000000000000000 ) ) ;
#45 = VECTOR ( 'NONE', #1703, 1000.000000000000000 ) ;
#46 = CARTESIAN_POINT ( 'NONE',  ( 0.2275641025641027271, 0.5400000000000000355, 0.1740237242331717227 ) ) ;
#47 = CARTESIAN_POINT ( 'NONE',  ( -0.4999999999999995559, 0.0000000000000000000, 1.309999999999999609 ) ) ;
#48 = VECTOR ( 'NONE', #1875, 1000.000000000000000 ) ;
#49 =( LENGTH_UNIT ( ) NAMED_UNIT ( * ) SI_UNIT ( .MILLI., .METRE. ) );
#50 = VECTOR ( 'NONE', #7110, 1000.000000000000000 ) ;
#51 =( NAMED_UNIT ( * ) PLANE_ANGLE_UNIT ( ) SI_UNIT ( $, .RADIAN. ) );
#52 = PRESENTATION_LAYER_ASSIGNMENT (  '', '', ( #9519 ) ) ;
#53 = CARTESIAN_POINT ( 'NONE',  ( -0.2467948717948718063, 0.5499999999999999334, 0.1576475223100948231 ) ) ;
#54 = DIRECTION ( 'NONE',  ( -1.000000000000000000, -0.0000000000000000000, -0.0000000000000000000 ) ) ;
#55 = DIRECTION ( 'NONE',  ( -0.5390871699424965025, 0.0000000000000000000, -0.8422499766716469161 ) ) ;
#56 = VECTOR ( 'NONE', #8600, 1000.000000000000000 ) ;
#57 = CARTESIAN_POINT ( 'NONE',  ( -0.4774672417080040865, 0.5400000000000002576, 0.1078841983245599767 ) ) ;
#58 = DIRECTION ( 'NONE',  ( 0.0000000000000000000, 0.0000000000000000000, -1.000000000000000000 ) ) ;
#59 = ADVANCED_FACE ( 'NONE', ( #8564 ), #5506, .F. ) ;
#60 = LINE ( 'NONE', #4217, #3831 ) ;
#61 = DIRECTION ( 'NONE',  ( -1.000000000000000000, 0.0000000000000000000, 0.0000000000000000000 ) ) ;
#62 = LINE ( 'NONE', #3121, #5245 ) ;
#63 = CARTESIAN_POINT ( 'NONE',  ( 0.6302952996466512081, 0.5500000000000001554, 0.1388356076693167129 ) ) ;
#64 = CARTESIAN_POINT ( 'NONE',  ( 0.5627224722424630787, 0.5400000000000001465, 0.1625215618693655606 ) ) ;
#65 = CARTESIAN_POINT ( 'NONE',  ( 0.6277544070512826035, 0.5500000000000001554, 0.1387673139767615083 ) ) ;
#66 = UNCERTAINTY_MEASURE_WITH_UNIT (LENGTH_MEASURE( 1.000000000000000082E-05 ), #5736, 'distance_accuracy_value', 'NONE');
#67 = VECTOR ( 'NONE', #6145, 1000.000000000000000 ) ;
#68 = CARTESIAN_POINT ( 'NONE',  ( -0.001702724358974296547, 0.5500000000000000444, 0.03299808320753071927 ) ) ;
#69 = ORIENTED_EDGE ( 'NONE', *, *, #6272, .F. ) ;
#70 = CARTESIAN_POINT ( 'NONE',  ( 0.1858974358974359864, 0.5500000000000000444, 0.03299808320753071927 ) ) ;
#71 = AXIS2_PLACEMENT_3D ( 'NONE', #2271, #9229, #1511 ) ;
#72 = COLOUR_RGB ( '',0.6666666666666666297, 0.6941176470588235059, 0.7647058823529411242 ) ;
#73 = ORIENTED_EDGE ( 'NONE', *, *, #5060, .F. ) ;
#74 = CARTESIAN_POINT ( 'NONE',  ( -0.4999999999999995559, 0.1270000000000000018, -1.309999999999999609 ) ) ;
#75 = PRESENTATION_STYLE_ASSIGNMENT (( #7044 ) ) ;
#76 = EDGE_CURVE ( 'NONE', #6287, #1484, #4277, .T. ) ;
#77 = DIRECTION ( 'NONE',  ( -0.0000000000000000000, 1.000000000000000000, -0.0000000000000000000 ) ) ;
#78 = PRESENTATION_STYLE_ASSIGNMENT (( #5684 ) ) ;
#79 = ORIENTED_EDGE ( 'NONE', *, *, #2192, .F. ) ;
#80 = ORIENTED_EDGE ( 'NONE', *, *, #32, .F. ) ;
#81 =( NAMED_UNIT ( * ) SI_UNIT ( $, .STERADIAN. ) SOLID_ANGLE_UNIT ( ) );
#82 = VERTEX_POINT ( 'NONE', #2424 ) ;
#83 = ADVANCED_FACE ( 'NONE', ( #6531 ), #4826, .T. ) ;
#84 = PRESENTATION_STYLE_ASSIGNMENT (( #7347 ) ) ;
#85 = CARTESIAN_POINT ( 'NONE',  ( -0.6776342147435898688, 0.5400000000000000355, 0.03299808320753071927 ) ) ;
#86 = ORIENTED_EDGE ( 'NONE', *, *, #172, .F. ) ;
#87 =( NAMED_UNIT ( * ) SI_UNIT ( $, .STERADIAN. ) SOLID_ANGLE_UNIT ( ) );
#88 = CARTESIAN_POINT ( 'NONE',  ( -0.2336639160882881538, 0.5500000000000000444, 0.1070514003782534057 ) ) ;
#89 = LINE ( 'NONE', #1104, #8043 ) ;
#90 = DIRECTION ( 'NONE',  ( 0.0000000000000000000, 0.0000000000000000000, 1.000000000000000000 ) ) ;
#91 = AXIS2_PLACEMENT_3D ( 'NONE', #6275, #9354, #5604 ) ;
#92 =( LENGTH_UNIT ( ) NAMED_UNIT ( * ) SI_UNIT ( .MILLI., .METRE. ) );
#93 = EDGE_LOOP ( 'NONE', ( #9372, #9622, #7920, #9698 ) ) ;
#94 = DIRECTION ( 'NONE',  ( -0.0000000000000000000, 1.000000000000000000, -0.0000000000000000000 ) ) ;
#95 = CARTESIAN_POINT ( 'NONE',  ( 0.6237980769230773159, 0.5500000000000000444, 0.2894083396177871137 ) ) ;
#96 = EDGE_CURVE ( 'NONE', #8206, #3454, #5190, .T. ) ;
#97 = CARTESIAN_POINT ( 'NONE',  ( -0.4537722024362326745, 0.5499999999999998224, 0.1110818447347388105 ) ) ;
#98 = CARTESIAN_POINT ( 'NONE',  ( 0.6748994524275687690, 0.5500000000000000444, 0.1551149077396023201 ) ) ;
#99 = EDGE_CURVE ( 'NONE', #9393, #5767, #4156, .T. ) ;
#100 = DIRECTION ( 'NONE',  ( -1.000000000000000000, 0.0000000000000000000, 0.0000000000000000000 ) ) ;
#101 = DIRECTION ( 'NONE',  ( -0.0000000000000000000, -0.0000000000000000000, -1.000000000000000000 ) ) ;
#102 =( GEOMETRIC_REPRESENTATION_CONTEXT ( 3 ) GLOBAL_UNCERTAINTY_ASSIGNED_CONTEXT ( ( #3466 ) ) GLOBAL_UNIT_ASSIGNED_CONTEXT ( ( #6055, #5289, #669 ) ) REPRESENTATION_CONTEXT ( 'NONE', 'WORKASPACE' ) );
#103 = LINE ( 'NONE', #9527, #4004 ) ;
#104 = CARTESIAN_POINT ( 'NONE',  ( -0.2733859504368569282, 0.5400000000000000355, 0.08799677657361133776 ) ) ;
#105 = MECHANICAL_DESIGN_GEOMETRIC_PRESENTATION_REPRESENTATION (  '', ( #971 ), #3952 ) ;
#106 = VECTOR ( 'NONE', #3587, 1000.000000000000000 ) ;
#107 = ORIENTED_EDGE ( 'NONE', *, *, #1336, .F. ) ;
#108 = SURFACE_STYLE_USAGE ( .BOTH. , #6337 ) ;
#109 = B_SPLINE_CURVE_WITH_KNOTS ( 'NONE', 3,
 ( #9400, #4762, #3172, #8504, #3937, #6257, #915, #57, #6283, #2497, #7835, #7134, #2636, #5715, #2573, #4245, #1019, #8710, #8033, #1905, #7901, #1838, #9433, #7973, #987, #7204, #9468 ),
 .UNSPECIFIED., .F., .F.,
 ( 4, 1, 1, 1, 1, 1, 1, 1, 1, 1, 1, 1, 1, 1, 1, 1, 1, 1, 1, 1, 1, 1, 1, 1, 4 ),
 ( 0.0000000000000000000, 0.04294674328312002992, 0.08559174927016312273, 0.1273442348477958064, 0.1691210933082148704, 0.2106332667734658048, 0.2525241407022987272, 0.2943009991627178468, 0.3368059667078248665, 0.3791196007503850329, 0.4208686033260864989, 0.4620374625207039898, 0.5028251959424981932, 0.5436015190109770856, 0.5843628611434203979, 0.6255204156466199761, 0.6670122666286020241, 0.7085517546538071532, 0.7498891096823182556, 0.7910176817309438890, 0.8320676863961223857, 0.8733740728916946638, 0.9148883481149933106, 0.9570532567168801297, 1.000000000000000000 ),
 .UNSPECIFIED. ) ;
#110 = ADVANCED_FACE ( 'NONE', ( #9747 ), #6416, .F. ) ;
#111 = EDGE_CURVE ( 'NONE', #7376, #9574, #5669, .T. ) ;
#112 =( LENGTH_UNIT ( ) NAMED_UNIT ( * ) SI_UNIT ( .MILLI., .METRE. ) );
#113 = CARTESIAN_POINT ( 'NONE',  ( -0.09999999999999961697, 0.0000000000000000000, -1.309999999999999609 ) ) ;
#114 = PRESENTATION_LAYER_ASSIGNMENT (  '', '', ( #2756 ) ) ;
#115 = ORIENTED_EDGE ( 'NONE', *, *, #7723, .T. ) ;
#116 = CARTESIAN_POINT ( 'NONE',  ( 0.6018629807692312816, 0.5400000000000000355, 0.1411711601306076258 ) ) ;
#117 = CARTESIAN_POINT ( 'NONE',  ( -0.4647435897435897023, 0.5400000000000000355, 0.1589996857716332868 ) ) ;
#118 =( LENGTH_UNIT ( ) NAMED_UNIT ( * ) SI_UNIT ( .MILLI., .METRE. ) );
#119 =( LENGTH_UNIT ( ) NAMED_UNIT ( * ) SI_UNIT ( .MILLI., .METRE. ) );
#120 = CARTESIAN_POINT ( 'NONE',  ( -0.4602905428372121022, 0.5500000000000000444, 0.07754176937656888369 ) ) ;
#121 = CARTESIAN_POINT ( 'NONE',  ( -0.2999999999999994893, 0.05000000000000000278, -1.300000000000000266 ) ) ;
#122 = CARTESIAN_POINT ( 'NONE',  ( -0.2986278044871794601, 0.5500000000000000444, 0.2494443973100947953 ) ) ;
#123 = VERTEX_POINT ( 'NONE', #2593 ) ;
#124 = CARTESIAN_POINT ( 'NONE',  ( -0.4999999999999995559, 0.1270000000000000018, 1.309999999999999609 ) ) ;
#125 = CARTESIAN_POINT ( 'NONE',  ( -0.4647160299484173196, 0.5400000000000000355, 0.1565436390536885658 ) ) ;
#126 = CARTESIAN_POINT ( 'NONE',  ( 0.7017156782827406181, 0.5500000000000001554, 0.2052444716271484282 ) ) ;
#127 = LINE ( 'NONE', #4001, #9392 ) ;
#128 = CARTESIAN_POINT ( 'NONE',  ( 0.5578262310113537570, 0.5400000000000001465, 0.1722097553847279083 ) ) ;
#129 = DIRECTION ( 'NONE',  ( 0.7743642351587074479, 0.0000000000000000000, -0.6327400977550498018 ) ) ;
#130 = ADVANCED_FACE ( 'NONE', ( #6397 ), #9557, .F. ) ;
#131 = STYLED_ITEM ( 'NONE', ( #5176 ), #3520 ) ;
#132 = COLOUR_RGB ( '',1.000000000000000000, 1.000000000000000000, 1.000000000000000000 ) ;
#133 = CARTESIAN_POINT ( 'NONE',  ( 0.7000000000000002887, 0.1270000000000000018, -1.300000000000000266 ) ) ;
#134 = UNCERTAINTY_MEASURE_WITH_UNIT (LENGTH_MEASURE( 1.000000000000000082E-05 ), #2132, 'distance_accuracy_value', 'NONE');
#135 = CARTESIAN_POINT ( 'NONE',  ( -0.4104749589422161393, 0.5400000000000000355, 0.06638721438429986965 ) ) ;
#136 = DIRECTION ( 'NONE',  ( 0.0000000000000000000, 0.0000000000000000000, 1.000000000000000000 ) ) ;
#137 = ORIENTED_EDGE ( 'NONE', *, *, #8989, .F. ) ;
#138 = CARTESIAN_POINT ( 'NONE',  ( 0.6272958350818605977, 0.5500000000000000444, 0.2892829392981194903 ) ) ;
#139 = VERTEX_POINT ( 'NONE', #2702 ) ;
#140 = ORIENTED_EDGE ( 'NONE', *, *, #4006, .T. ) ;
#141 =( NAMED_UNIT ( * ) SI_UNIT ( $, .STERADIAN. ) SOLID_ANGLE_UNIT ( ) );
#142 =( NAMED_UNIT ( * ) SI_UNIT ( $, .STERADIAN. ) SOLID_ANGLE_UNIT ( ) );
#143 = ORIENTED_EDGE ( 'NONE', *, *, #2863, .T. ) ;
#144 = PLANE ( 'NONE',  #1233 ) ;
#145 = ORIENTED_EDGE ( 'NONE', *, *, #5201, .T. ) ;
#146 = VECTOR ( 'NONE', #3820, 1000.000000000000114 ) ;
#147 = CARTESIAN_POINT ( 'NONE',  ( -0.9000000000000002442, 0.05000000000000000278, -1.300000000000000266 ) ) ;
#148 = PRESENTATION_STYLE_ASSIGNMENT (( #10 ) ) ;
#149 = EDGE_CURVE ( 'NONE', #9748, #4875, #3901, .T. ) ;
#150 = SURFACE_STYLE_USAGE ( .BOTH. , #841 ) ;
#151 = EDGE_CURVE ( 'NONE', #8397, #1726, #3954, .T. ) ;
#152 = PLANE ( 'NONE',  #8943 ) ;
#153 = FILL_AREA_STYLE_COLOUR ( '', #668 ) ;
#154 = VERTEX_POINT ( 'NONE', #3596 ) ;
#155 = DIRECTION ( 'NONE',  ( -0.0000000000000000000, -1.000000000000000000, -0.0000000000000000000 ) ) ;
#156 = DIRECTION ( 'NONE',  ( 0.0000000000000000000, 1.000000000000000000, 0.0000000000000000000 ) ) ;
#157 =( NAMED_UNIT ( * ) SI_UNIT ( $, .STERADIAN. ) SOLID_ANGLE_UNIT ( ) );
#158 =( GEOMETRIC_REPRESENTATION_CONTEXT ( 3 ) GLOBAL_UNCERTAINTY_ASSIGNED_CONTEXT ( ( #3394 ) ) GLOBAL_UNIT_ASSIGNED_CONTEXT ( ( #219, #2514, #7157 ) ) REPRESENTATION_CONTEXT ( 'NONE', 'WORKASPACE' ) );
#159 = CARTESIAN_POINT ( 'NONE',  ( -0.4628430131376962131, 0.5499999999999998224, 0.1374633990768670266 ) ) ;
#160 = CARTESIAN_POINT ( 'NONE',  ( -0.05128205128205132191, 0.5500000000000000444, 0.1612032114126589200 ) ) ;
#161 =( GEOMETRIC_REPRESENTATION_CONTEXT ( 3 ) GLOBAL_UNCERTAINTY_ASSIGNED_CONTEXT ( ( #2724 ) ) GLOBAL_UNIT_ASSIGNED_CONTEXT ( ( #4253, #6431, #9603 ) ) REPRESENTATION_CONTEXT ( 'NONE', 'WORKASPACE' ) );
#162 = CARTESIAN_POINT ( 'NONE',  ( 0.5633173458469367123, 0.5500000000000000444, 0.2602531781822859380 ) ) ;
#163 = CARTESIAN_POINT ( 'NONE',  ( 0.6235226923609195060, 0.5400000000000001465, 0.1388772422075209845 ) ) ;
#164 = AXIS2_PLACEMENT_3D ( 'NONE', #5220, #3171, #5513 ) ;
#165 = PLANE ( 'NONE',  #4513 ) ;
#166 = LINE ( 'NONE', #2739, #4998 ) ;
#167 = FACE_OUTER_BOUND ( 'NONE', #944, .T. ) ;
#168 = CARTESIAN_POINT ( 'NONE',  ( 0.6426403141202183811, 0.5400000000000000355, 0.1400046025345051959 ) ) ;
#169 = CARTESIAN_POINT ( 'NONE',  ( -0.4332374932377451304, 0.5399999999999999245, 0.08311147269930281578 ) ) ;
#170 = SURFACE_STYLE_USAGE ( .BOTH. , #931 ) ;
#171 = DIRECTION ( 'NONE',  ( 0.0000000000000000000, -0.0000000000000000000, -1.000000000000000000 ) ) ;
#172 = EDGE_CURVE ( 'NONE', #8666, #4982, #4609, .T. ) ;
#173 = UNCERTAINTY_MEASURE_WITH_UNIT (LENGTH_MEASURE( 1.000000000000000082E-05 ), #3774, 'distance_accuracy_value', 'NONE');
#174 = STYLED_ITEM ( 'NONE', ( #8703 ), #6852 ) ;
#175 = COLOUR_RGB ( '',1.000000000000000000, 1.000000000000000000, 1.000000000000000000 ) ;
#176 =( NAMED_UNIT ( * ) PLANE_ANGLE_UNIT ( ) SI_UNIT ( $, .RADIAN. ) );
#177 = LINE ( 'NONE', #3353, #2515 ) ;
#178 = CARTESIAN_POINT ( 'NONE',  ( -0.9100000000000002531, 0.0000000000000000000, 0.4999999999999994449 ) ) ;
#179 = LINE ( 'NONE', #8003, #8859 ) ;
#180 = CARTESIAN_POINT ( 'NONE',  ( 0.6062608576966119767, 0.5399999999999999245, 0.1404701700839223188 ) ) ;
#181 = ADVANCED_FACE ( 'NONE', ( #7123 ), #8900, .T. ) ;
#182 = B_SPLINE_SURFACE_WITH_KNOTS ( 'NONE', 3, 1, ( 
 ( #9715, #2009 ),
 ( #4370, #5853 ),
 ( #1982, #7435 ),
 ( #5113, #5822 ),
 ( #2042, #8137 ),
 ( #1247, #8853 ),
 ( #5881, #4292 ),
 ( #7349, #1279 ),
 ( #9645, #2780 ),
 ( #8109, #5058 ),
 ( #2844, #444 ),
 ( #2878, #1221 ),
 ( #8176, #6602 ),
 ( #7377, #8202 ),
 ( #670, #6057 ),
 ( #8343, #7607 ),
 ( #6018, #2916 ),
 ( #6692, #9805 ),
 ( #4431, #8238 ) ),
 .UNSPECIFIED., .F., .F., .F.,
 ( 4, 1, 1, 1, 1, 1, 1, 1, 1, 1, 1, 1, 1, 1, 1, 1, 4 ),
 ( 2, 2 ),
 ( 0.0000000000000000000, 0.06113791491562086539, 0.1199938438512141992, 0.1782253215076179398, 0.2362564202618984144, 0.2949293769549097832, 0.3547157488097541500, 0.4167296639241630518, 0.4806644084708288633, 0.5458317702108662628, 0.6097581054261661526, 0.6729712284742215278, 0.7360168691676631791, 0.7998393981920316476, 0.8647753566655679291, 0.9310876232725695534, 1.000000000000000000 ),
 ( 0.0000000000000000000, 1.000000000000000000 ),
 .UNSPECIFIED. ) ;
#183 = VECTOR ( 'NONE', #8073, 1000.000000000000000 ) ;
#184 = CARTESIAN_POINT ( 'NONE',  ( 0.9100000000000002531, 0.1270000000000000018, -0.7000000000000005107 ) ) ;
#185 = LINE ( 'NONE', #8300, #2521 ) ;
#186 = FILL_AREA_STYLE ('',( #2567 ) ) ;
#187 = UNCERTAINTY_MEASURE_WITH_UNIT (LENGTH_MEASURE( 1.000000000000000082E-05 ), #2091, 'distance_accuracy_value', 'NONE');
#188 = LINE ( 'NONE', #375, #4545 ) ;
#189 = CARTESIAN_POINT ( 'NONE',  ( -0.3987164247328644495, 0.5500000000000000444, 0.03332874189816979055 ) ) ;
#190 = VECTOR ( 'NONE', #1614, 1000.000000000000000 ) ;
#191 = FILL_AREA_STYLE_COLOUR ( '', #3814 ) ;
#192 = ORIENTED_EDGE ( 'NONE', *, *, #7053, .F. ) ;
#193 = FILL_AREA_STYLE ('',( #4925 ) ) ;
#194 = CARTESIAN_POINT ( 'NONE',  ( -0.4242486589629290705, 0.5499999999999999334, 0.2406034758313011501 ) ) ;
#195 =( NAMED_UNIT ( * ) SI_UNIT ( $, .STERADIAN. ) SOLID_ANGLE_UNIT ( ) );
#196 = CARTESIAN_POINT ( 'NONE',  ( 0.5945493033345792266, 0.5500000000000000444, 0.2840348857322645415 ) ) ;
#197 = VERTEX_POINT ( 'NONE', #1993 ) ;
#198 = STYLED_ITEM ( 'NONE', ( #7102 ), #7813 ) ;
#199 = DIRECTION ( 'NONE',  ( 0.0000000000000000000, 0.0000000000000000000, 1.000000000000000000 ) ) ;
#200 = VECTOR ( 'NONE', #7024, 1000.000000000000000 ) ;
#201 = CARTESIAN_POINT ( 'NONE',  ( -0.3112362177066161917, 0.5500000000000003775, 0.2557885271421278528 ) ) ;
#202 = VERTEX_POINT ( 'NONE', #7390 ) ;
#203 = PRESENTATION_STYLE_ASSIGNMENT (( #2895 ) ) ;
#204 = PRODUCT_DEFINITION_FORMATION_WITH_SPECIFIED_SOURCE ( 'ANY', '', #8054, .NOT_KNOWN. ) ;
#205 = ORIENTED_EDGE ( 'NONE', *, *, #1264, .F. ) ;
#206 = FILL_AREA_STYLE_COLOUR ( '', #5253 ) ;
#207 = CARTESIAN_POINT ( 'NONE',  ( 0.5000000000000004441, 0.05000000000000000278, 0.0000000000000000000 ) ) ;
#208 = ORIENTED_EDGE ( 'NONE', *, *, #8822, .F. ) ;
#209 =( NAMED_UNIT ( * ) PLANE_ANGLE_UNIT ( ) SI_UNIT ( $, .RADIAN. ) );
#210 = ORIENTED_EDGE ( 'NONE', *, *, #1869, .F. ) ;
#211 = CARTESIAN_POINT ( 'NONE',  ( 0.5482096259844424502, 0.5400000000000001465, 0.2166497080338448955 ) ) ;
#212 = CARTESIAN_POINT ( 'NONE',  ( -0.4380673736081140968, 0.5499999999999999334, 0.08810150321857432298 ) ) ;
#213 = FACE_OUTER_BOUND ( 'NONE', #6010, .T. ) ;
#214 = CARTESIAN_POINT ( 'NONE',  ( -0.6999999999999994005, 0.1270000000000000018, -1.309999999999999609 ) ) ;
#215 = FACE_OUTER_BOUND ( 'NONE', #449, .T. ) ;
#216 =( GEOMETRIC_REPRESENTATION_CONTEXT ( 3 ) GLOBAL_UNCERTAINTY_ASSIGNED_CONTEXT ( ( #5626 ) ) GLOBAL_UNIT_ASSIGNED_CONTEXT ( ( #9795, #1372, #6682 ) ) REPRESENTATION_CONTEXT ( 'NONE', 'WORKASPACE' ) );
#217 = ORIENTED_EDGE ( 'NONE', *, *, #4317, .F. ) ;
#218 = VERTEX_POINT ( 'NONE', #7364 ) ;
#219 =( LENGTH_UNIT ( ) NAMED_UNIT ( * ) SI_UNIT ( .MILLI., .METRE. ) );
#220 = EDGE_CURVE ( 'NONE', #1535, #6408, #8800, .T. ) ;
#221 = CARTESIAN_POINT ( 'NONE',  ( 0.5536349346090194690, 0.5500000000000000444, 0.1824358277121444494 ) ) ;
#222 = VECTOR ( 'NONE', #8661, 1000.000000000000000 ) ;
#223 = FACE_OUTER_BOUND ( 'NONE', #3538, .T. ) ;
#224 = CARTESIAN_POINT ( 'NONE',  ( 0.7000000000000002887, 0.0000000000000000000, 1.009999999999999343 ) ) ;
#225 = ORIENTED_EDGE ( 'NONE', *, *, #1383, .F. ) ;
#226 = CARTESIAN_POINT ( 'NONE',  ( -0.2561028544453846645, 0.5400000000000001465, 0.2452842399465932077 ) ) ;
#227 = CARTESIAN_POINT ( 'NONE',  ( 0.6804245366569907638, 0.5500000000000002665, 0.1600624045813069107 ) ) ;
#228 = MECHANICAL_DESIGN_GEOMETRIC_PRESENTATION_REPRESENTATION (  '', ( #882 ), #3174 ) ;
#229 =( NAMED_UNIT ( * ) PLANE_ANGLE_UNIT ( ) SI_UNIT ( $, .RADIAN. ) );
#230 = FILL_AREA_STYLE ('',( #4114 ) ) ;
#231 = VERTEX_POINT ( 'NONE', #5833 ) ;
#232 =( NAMED_UNIT ( * ) SI_UNIT ( $, .STERADIAN. ) SOLID_ANGLE_UNIT ( ) );
#233 =( GEOMETRIC_REPRESENTATION_CONTEXT ( 3 ) GLOBAL_UNCERTAINTY_ASSIGNED_CONTEXT ( ( #9196 ) ) GLOBAL_UNIT_ASSIGNED_CONTEXT ( ( #2236, #5144, #9792 ) ) REPRESENTATION_CONTEXT ( 'NONE', 'WORKASPACE' ) );
#234 = FILL_AREA_STYLE_COLOUR ( '', #7205 ) ;
#235 = LINE ( 'NONE', #1298, #8173 ) ;
#236 =( NAMED_UNIT ( * ) SI_UNIT ( $, .STERADIAN. ) SOLID_ANGLE_UNIT ( ) );
#237 = MECHANICAL_DESIGN_GEOMETRIC_PRESENTATION_REPRESENTATION (  '', ( #3877 ), #6234 ) ;
#238 = EDGE_CURVE ( 'NONE', #1077, #9583, #8554, .T. ) ;
#239 = FILL_AREA_STYLE ('',( #6395 ) ) ;
#240 = VECTOR ( 'NONE', #1577, 1000.000000000000000 ) ;
#241 = VECTOR ( 'NONE', #350, 1000.000000000000000 ) ;
#242 = ORIENTED_EDGE ( 'NONE', *, *, #1805, .T. ) ;
#243 = EDGE_CURVE ( 'NONE', #2836, #9695, #5801, .T. ) ;
#244 = CARTESIAN_POINT ( 'NONE',  ( -0.05128205128205132191, 0.5500000000000000444, 0.1355621857716332868 ) ) ;
#245 = ADVANCED_FACE ( 'NONE', ( #4041 ), #6613, .F. ) ;
#246 = CARTESIAN_POINT ( 'NONE',  ( 0.6000000000000004219, 0.04999999999999999584, -1.009999999999999565 ) ) ;
#247 = PRESENTATION_LAYER_ASSIGNMENT (  '', '', ( #1815 ) ) ;
#248 = FILL_AREA_STYLE_COLOUR ( '', #8007 ) ;
#249 = MECHANICAL_DESIGN_GEOMETRIC_PRESENTATION_REPRESENTATION (  '', ( #6572 ), #7464 ) ;
#250 = FILL_AREA_STYLE_COLOUR ( '', #4456 ) ;
#251 = PRESENTATION_LAYER_ASSIGNMENT (  '', '', ( #6307 ) ) ;
#252 = VERTEX_POINT ( 'NONE', #7413 ) ;
#253 = PLANE ( 'NONE',  #5131 ) ;
#254 =( GEOMETRIC_REPRESENTATION_CONTEXT ( 3 ) GLOBAL_UNCERTAINTY_ASSIGNED_CONTEXT ( ( #4795 ) ) GLOBAL_UNIT_ASSIGNED_CONTEXT ( ( #4225, #1130, #3453 ) ) REPRESENTATION_CONTEXT ( 'NONE', 'WORKASPACE' ) );
#255 = VECTOR ( 'NONE', #4921, 1000.000000000000000 ) ;
#256 = DIRECTION ( 'NONE',  ( 0.8422499766716470271, 0.0000000000000000000, -0.5390871699424965025 ) ) ;
#257 = UNCERTAINTY_MEASURE_WITH_UNIT (LENGTH_MEASURE( 1.000000000000000082E-05 ), #3682, 'distance_accuracy_value', 'NONE');
#258 = LINE ( 'NONE', #3005, #1849 ) ;
#259 = VERTEX_POINT ( 'NONE', #5129 ) ;
#260 = DIRECTION ( 'NONE',  ( 0.0000000000000000000, 0.0000000000000000000, 1.000000000000000000 ) ) ;
#261 = CARTESIAN_POINT ( 'NONE',  ( -0.2471132842308177424, 0.5500000000000001554, 0.1688507822281404280 ) ) ;
#262 = MECHANICAL_DESIGN_GEOMETRIC_PRESENTATION_REPRESENTATION (  '', ( #9014 ), #777 ) ;
#263 = CARTESIAN_POINT ( 'NONE',  ( 0.7007028502241802181, 0.5499999999999999334, 0.1978422236657111921 ) ) ;
#264 = DIRECTION ( 'NONE',  ( 0.0000000000000000000, 5.545121758437700373E-13, 1.000000000000000000 ) ) ;
#265 = SURFACE_STYLE_USAGE ( .BOTH. , #6457 ) ;
#266 =( LENGTH_UNIT ( ) NAMED_UNIT ( * ) SI_UNIT ( .MILLI., .METRE. ) );
#267 = ORIENTED_EDGE ( 'NONE', *, *, #7977, .F. ) ;
#268 = VECTOR ( 'NONE', #4086, 1000.000000000000000 ) ;
#269 = UNCERTAINTY_MEASURE_WITH_UNIT (LENGTH_MEASURE( 1.000000000000000082E-05 ), #7231, 'distance_accuracy_value', 'NONE');
#270 = ORIENTED_EDGE ( 'NONE', *, *, #38, .F. ) ;
#271 = CARTESIAN_POINT ( 'NONE',  ( -0.09999999999999961697, 0.1270000000000000018, -1.309999999999999609 ) ) ;
#272 = EDGE_LOOP ( 'NONE', ( #569, #6170, #4622, #7561, #9935, #7182, #5205, #2420 ) ) ;
#273 = PLANE ( 'NONE',  #2468 ) ;
#274 = CARTESIAN_POINT ( 'NONE',  ( 0.6039680902875351753, 0.5500000000000001554, 0.2871568216443169952 ) ) ;
#275 = AXIS2_PLACEMENT_3D ( 'NONE', #1747, #7114, #171 ) ;
#276 = DIRECTION ( 'NONE',  ( 0.0000000000000000000, 0.0000000000000000000, -1.000000000000000000 ) ) ;
#277 = CARTESIAN_POINT ( 'NONE',  ( 0.6628848519836584297, 0.5400000000000001465, 0.1470474398369419344 ) ) ;
#278 = DIRECTION ( 'NONE',  ( 0.0000000000000000000, 0.0000000000000000000, 1.000000000000000000 ) ) ;
#279 = EDGE_LOOP ( 'NONE', ( #5325, #9571, #1702, #3514 ) ) ;
#280 = ORIENTED_EDGE ( 'NONE', *, *, #4575, .F. ) ;
#281 = LINE ( 'NONE', #74, #4753 ) ;
#282 = CARTESIAN_POINT ( 'NONE',  ( -0.8999999999999996891, 0.5500000000000000444, 0.2999999999999997113 ) ) ;
#283 = FILL_AREA_STYLE_COLOUR ( '', #1197 ) ;
#284 = CARTESIAN_POINT ( 'NONE',  ( 0.9100000000000002531, 0.1270000000000000018, 0.4999999999999994449 ) ) ;
#285 = ORIENTED_EDGE ( 'NONE', *, *, #3575, .T. ) ;
#286 = ADVANCED_FACE ( 'NONE', ( #2964 ), #2055, .T. ) ;
#287 = B_SPLINE_SURFACE_WITH_KNOTS ( 'NONE', 3, 1, ( 
 ( #6215, #768 ),
 ( #9296, #7799 ),
 ( #6150, #7050 ),
 ( #8465, #9231 ),
 ( #4656, #9328 ),
 ( #2494, #3932 ),
 ( #3166, #5509 ),
 ( #840, #2453 ),
 ( #3233, #6919 ),
 ( #911, #8499 ),
 ( #7830, #4756 ),
 ( #3271, #1690 ),
 ( #2380, #1622 ),
 ( #8597, #88 ),
 ( #4043, #4623 ),
 ( #4686, #6184 ),
 ( #9949, #872 ),
 ( #1554, #6986 ),
 ( #18, #6956 ) ),
 .UNSPECIFIED., .F., .F., .F.,
 ( 4, 1, 1, 1, 1, 1, 1, 1, 1, 1, 1, 1, 1, 1, 1, 1, 4 ),
 ( 2, 2 ),
 ( 0.0000000000000000000, 0.06566701266557030403, 0.1289742151073971221, 0.1909276749603058820, 0.2519487749183338399, 0.3126942235710620244, 0.3738296131874436212, 0.4362009092567651347, 0.4998805412082639177, 0.5635601731597624786, 0.6259314692290842697, 0.6870668588454658110, 0.7478123074981939400, 0.8088334074562217868, 0.8707868673091307965, 0.9343329873344297098, 0.9999999999999998890 ),
 ( 0.0000000000000000000, 1.000000000000000000 ),
 .UNSPECIFIED. ) ;
#288 = FACE_OUTER_BOUND ( 'NONE', #8442, .T. ) ;
#289 = CARTESIAN_POINT ( 'NONE',  ( 0.5850479963980054210, 0.5499999999999997113, 0.1788572957893494741 ) ) ;
#290 = CIRCLE ( 'NONE', #2195, 0.1000000000000002415 ) ;
#291 = CARTESIAN_POINT ( 'NONE',  ( 0.6543066385350763126, 0.5400000000000000355, 0.1725095674036692117 ) ) ;
#292 = EDGE_CURVE ( 'NONE', #9684, #7624, #3784, .T. ) ;
#293 = SURFACE_SIDE_STYLE ('',( #6455 ) ) ;
#294 = ORIENTED_EDGE ( 'NONE', *, *, #4707, .F. ) ;
#295 = SURFACE_SIDE_STYLE ('',( #376 ) ) ;
#296 = EDGE_CURVE ( 'NONE', #231, #5232, #1963, .T. ) ;
#297 =( NAMED_UNIT ( * ) SI_UNIT ( $, .STERADIAN. ) SOLID_ANGLE_UNIT ( ) );
#298 = CARTESIAN_POINT ( 'NONE',  ( -0.4466712235747273274, 0.5499999999999999334, 0.2175748631805408673 ) ) ;
#299 =( NAMED_UNIT ( * ) SI_UNIT ( $, .STERADIAN. ) SOLID_ANGLE_UNIT ( ) );
#300 = EDGE_CURVE ( 'NONE', #8423, #8480, #1348, .T. ) ;
#301 = STYLED_ITEM ( 'NONE', ( #426 ), #5345 ) ;
#302 = CARTESIAN_POINT ( 'NONE',  ( 0.3000000000000003775, 0.1270000000000000018, 1.299999999999999600 ) ) ;
#303 = FACE_OUTER_BOUND ( 'NONE', #8062, .T. ) ;
#304 = ORIENTED_EDGE ( 'NONE', *, *, #5326, .F. ) ;
#305 =( NAMED_UNIT ( * ) SI_UNIT ( $, .STERADIAN. ) SOLID_ANGLE_UNIT ( ) );
#306 = CARTESIAN_POINT ( 'NONE',  ( 0.5945493033345792266, 0.5400000000000000355, 0.2840348857322645415 ) ) ;
#307 = AXIS2_PLACEMENT_3D ( 'NONE', #9363, #7096, #7272 ) ;
#308 = LINE ( 'NONE', #641, #1265 ) ;
#309 = UNCERTAINTY_MEASURE_WITH_UNIT (LENGTH_MEASURE( 1.000000000000000082E-05 ), #1508, 'distance_accuracy_value', 'NONE');
#310 = CARTESIAN_POINT ( 'NONE',  ( -0.2659755608974359031, 0.5500000000000000444, 0.2551535319254794598 ) ) ;
#311 = EDGE_CURVE ( 'NONE', #3568, #5184, #4973, .T. ) ;
#312 = CARTESIAN_POINT ( 'NONE',  ( 0.5484730943305554662, 0.5499999999999998224, 0.2233269322614511998 ) ) ;
#313 = EDGE_LOOP ( 'NONE', ( #8694, #3800, #9, #5034, #5910 ) ) ;
#314 = SURFACE_STYLE_USAGE ( .BOTH. , #9548 ) ;
#315 = PRESENTATION_LAYER_ASSIGNMENT (  '', '', ( #2415 ) ) ;
#316 = LINE ( 'NONE', #1694, #3372 ) ;
#317 = PRESENTATION_LAYER_ASSIGNMENT (  '', '', ( #9722 ) ) ;
#318 = PRESENTATION_STYLE_ASSIGNMENT (( #5083 ) ) ;
#319 = CARTESIAN_POINT ( 'NONE',  ( -0.6121794871794873361, 0.5400000000000000355, 0.1757264485921460895 ) ) ;
#320 = PLANE ( 'NONE',  #1428 ) ;
#321 = LINE ( 'NONE', #7629, #8748 ) ;
#322 = ORIENTED_EDGE ( 'NONE', *, *, #7894, .F. ) ;
#323 = CARTESIAN_POINT ( 'NONE',  ( -0.6099999999999996536, 0.1270000000000000018, 0.09999999999999950595 ) ) ;
#324 = VERTEX_POINT ( 'NONE', #3693 ) ;
#325 = PRESENTATION_STYLE_ASSIGNMENT (( #8273 ) ) ;
#326 = FILL_AREA_STYLE_COLOUR ( '', #9217 ) ;
#327 = ORIENTED_EDGE ( 'NONE', *, *, #6107, .T. ) ;
#328 = SURFACE_STYLE_USAGE ( .BOTH. , #2668 ) ;
#329 = CARTESIAN_POINT ( 'NONE',  ( 0.9100000000000002531, 0.1270000000000000018, 0.6999999999999997335 ) ) ;
#330 = COLOUR_RGB ( '',0.6666666666666666297, 0.6941176470588235059, 0.7647058823529411242 ) ;
#331 = CARTESIAN_POINT ( 'NONE',  ( -0.3589934012199679225, 0.5400000000000000355, 0.02662570845493186442 ) ) ;
#332 = EDGE_LOOP ( 'NONE', ( #6952, #2110, #3269, #4989, #9451, #7262 ) ) ;
#333 = CARTESIAN_POINT ( 'NONE',  ( -0.3762847248767835495, 0.5500000000000000444, 0.2620174016834342368 ) ) ;
#334 = FACE_OUTER_BOUND ( 'NONE', #6702, .T. ) ;
#335 = VERTEX_POINT ( 'NONE', #1328 ) ;
#336 = DIRECTION ( 'NONE',  ( -0.0000000000000000000, -1.000000000000000000, -0.0000000000000000000 ) ) ;
#337 = ORIENTED_EDGE ( 'NONE', *, *, #1994, .T. ) ;
#338 = AXIS2_PLACEMENT_3D ( 'NONE', #7720, #3850, #3156 ) ;
#339 = DIRECTION ( 'NONE',  ( 0.0000000000000000000, 0.0000000000000000000, -1.000000000000000000 ) ) ;
#340 = PRESENTATION_STYLE_ASSIGNMENT (( #7684 ) ) ;
#341 = SURFACE_STYLE_USAGE ( .BOTH. , #7944 ) ;
#342 = ORIENTED_EDGE ( 'NONE', *, *, #6077, .F. ) ;
#343 = PLANE ( 'NONE',  #3720 ) ;
#344 = PRESENTATION_LAYER_ASSIGNMENT (  '', '', ( #8650 ) ) ;
#345 = DIRECTION ( 'NONE',  ( 1.000000000000000000, -0.0000000000000000000, -0.0000000000000000000 ) ) ;
#346 = ADVANCED_FACE ( 'NONE', ( #3319 ), #7520, .T. ) ;
#347 = ORIENTED_EDGE ( 'NONE', *, *, #8413, .F. ) ;
#348 = CARTESIAN_POINT ( 'NONE',  ( 0.1000000000000004774, 0.5500000000000000444, -1.300000000000000266 ) ) ;
#349 = FILL_AREA_STYLE ('',( #5796 ) ) ;
#350 = DIRECTION ( 'NONE',  ( -0.0000000000000000000, -1.000000000000000000, -0.0000000000000000000 ) ) ;
#351 = VECTOR ( 'NONE', #7570, 1000.000000000000000 ) ;
#352 = DIRECTION ( 'NONE',  ( 0.0000000000000000000, 0.0000000000000000000, -1.000000000000000000 ) ) ;
#353 = VECTOR ( 'NONE', #3917, 1000.000000000000000 ) ;
#354 = EDGE_CURVE ( 'NONE', #1131, #989, #1458, .T. ) ;
#355 = FILL_AREA_STYLE ('',( #9518 ) ) ;
#356 = LINE ( 'NONE', #8728, #1093 ) ;
#357 = ORIENTED_EDGE ( 'NONE', *, *, #3188, .F. ) ;
#358 = FILL_AREA_STYLE ('',( #2728 ) ) ;
#359 = LINE ( 'NONE', #4478, #3766 ) ;
#360 = CARTESIAN_POINT ( 'NONE',  ( -0.2345465727802790445, 0.5400000000000001465, 0.2114215578298661857 ) ) ;
#361 = CARTESIAN_POINT ( 'NONE',  ( 0.6249679964681422728, 0.5400000000000001465, 0.1644642903308779769 ) ) ;
#362 = DIRECTION ( 'NONE',  ( 0.0000000000000000000, 0.0000000000000000000, -1.000000000000000000 ) ) ;
#363 = CARTESIAN_POINT ( 'NONE',  ( 0.8999999999999998002, 0.05000000000000000278, -1.300000000000000266 ) ) ;
#364 = VECTOR ( 'NONE', #6071, 1000.000000000000000 ) ;
#365 = MECHANICAL_DESIGN_GEOMETRIC_PRESENTATION_REPRESENTATION (  '', ( #9821 ), #2803 ) ;
#366 =( LENGTH_UNIT ( ) NAMED_UNIT ( * ) SI_UNIT ( .MILLI., .METRE. ) );
#367 = ORIENTED_EDGE ( 'NONE', *, *, #8157, .F. ) ;
#368 = FILL_AREA_STYLE_COLOUR ( '', #783 ) ;
#369 = FACE_OUTER_BOUND ( 'NONE', #4499, .T. ) ;
#370 = AXIS2_PLACEMENT_3D ( 'NONE', #3987, #8451, #9930 ) ;
#371 = EDGE_CURVE ( 'NONE', #5750, #7059, #8072, .T. ) ;
#372 = CARTESIAN_POINT ( 'NONE',  ( -0.6100000000000005418, 0.1270000000000000018, -0.6000000000000004219 ) ) ;
#373 = EDGE_CURVE ( 'NONE', #8135, #4833, #1971, .T. ) ;
#374 = CARTESIAN_POINT ( 'NONE',  ( -0.4868527713393550616, 0.5400000000000001465, 0.1722619886162300440 ) ) ;
#375 = CARTESIAN_POINT ( 'NONE',  ( 0.5000000000000004441, 0.1270000000000000018, -1.009999999999999343 ) ) ;
#376 = SURFACE_STYLE_FILL_AREA ( #5838 ) ;
#377 = EDGE_CURVE ( 'NONE', #9666, #1136, #5555, .T. ) ;
#378 = SURFACE_STYLE_USAGE ( .BOTH. , #1242 ) ;
#379 = ORIENTED_EDGE ( 'NONE', *, *, #443, .T. ) ;
#380 = SURFACE_SIDE_STYLE ('',( #3988 ) ) ;
#381 =( GEOMETRIC_REPRESENTATION_CONTEXT ( 3 ) GLOBAL_UNCERTAINTY_ASSIGNED_CONTEXT ( ( #1316 ) ) GLOBAL_UNIT_ASSIGNED_CONTEXT ( ( #7094, #2529, #7871 ) ) REPRESENTATION_CONTEXT ( 'NONE', 'WORKASPACE' ) );
#382 = CARTESIAN_POINT ( 'NONE',  ( -0.9100000000000002531, 0.1270000000000000018, 0.6999999999999997335 ) ) ;
#383 = SURFACE_STYLE_USAGE ( .BOTH. , #2817 ) ;
#384 = DIRECTION ( 'NONE',  ( 0.0000000000000000000, 0.0000000000000000000, -1.000000000000000000 ) ) ;
#385 = MECHANICAL_DESIGN_GEOMETRIC_PRESENTATION_REPRESENTATION (  '', ( #5214 ), #5735 ) ;
#386 =( NAMED_UNIT ( * ) PLANE_ANGLE_UNIT ( ) SI_UNIT ( $, .RADIAN. ) );
#387 = ORIENTED_EDGE ( 'NONE', *, *, #3809, .F. ) ;
#388 = UNCERTAINTY_MEASURE_WITH_UNIT (LENGTH_MEASURE( 1.000000000000000082E-05 ), #2441, 'distance_accuracy_value', 'NONE');
#389 = VERTEX_POINT ( 'NONE', #5179 ) ;
#390 = CARTESIAN_POINT ( 'NONE',  ( -0.4644651805489576346, 0.5499999999999997113, 0.1697144091222473339 ) ) ;
#391 = ORIENTED_EDGE ( 'NONE', *, *, #9502, .F. ) ;
#392 = DIRECTION ( 'NONE',  ( 0.0000000000000000000, -0.0000000000000000000, -1.000000000000000000 ) ) ;
#393 = ADVANCED_FACE ( 'NONE', ( #741 ), #5246, .T. ) ;
#394 = VERTEX_POINT ( 'NONE', #9768 ) ;
#395 = ORIENTED_EDGE ( 'NONE', *, *, #1647, .F. ) ;
#396 = DIRECTION ( 'NONE',  ( 0.0000000000000000000, -0.0000000000000000000, -1.000000000000000000 ) ) ;
#397 =( GEOMETRIC_REPRESENTATION_CONTEXT ( 3 ) GLOBAL_UNCERTAINTY_ASSIGNED_CONTEXT ( ( #3189 ) ) GLOBAL_UNIT_ASSIGNED_CONTEXT ( ( #9256, #6819, #3794 ) ) REPRESENTATION_CONTEXT ( 'NONE', 'WORKASPACE' ) );
#398 = CARTESIAN_POINT ( 'NONE',  ( -0.2647371867755042296, 0.5500000000000000444, 0.09867858805755611029 ) ) ;
#399 = ORIENTED_EDGE ( 'NONE', *, *, #6354, .F. ) ;
#400 = DIRECTION ( 'NONE',  ( 0.0000000000000000000, 0.0000000000000000000, 1.000000000000000000 ) ) ;
#401 = ORIENTED_EDGE ( 'NONE', *, *, #8546, .T. ) ;
#402 = CARTESIAN_POINT ( 'NONE',  ( 0.3237179487179489001, 0.5400000000000000355, 0.1996647498741973836 ) ) ;
#403 = COLOUR_RGB ( '',0.6666666666666666297, 0.6941176470588235059, 0.7647058823529411242 ) ;
#404 = COLOUR_RGB ( '',1.000000000000000000, 1.000000000000000000, 1.000000000000000000 ) ;
#405 = FILL_AREA_STYLE_COLOUR ( '', #5747 ) ;
#406 = CARTESIAN_POINT ( 'NONE',  ( -0.4490528899183571787, 0.5400000000000000355, 0.2514340889735305340 ) ) ;
#407 = CARTESIAN_POINT ( 'NONE',  ( -0.05128205128205132191, 0.5400000000000000355, 0.03299808320753071927 ) ) ;
#408 = CARTESIAN_POINT ( 'NONE',  ( -0.1506410256410256887, 0.5400000000000000355, 0.1355621857716332868 ) ) ;
#409 = ORIENTED_EDGE ( 'NONE', *, *, #1032, .F. ) ;
#410 = CARTESIAN_POINT ( 'NONE',  ( -0.6999999999999995115, 0.1270000000000000018, 1.309999999999999609 ) ) ;
#411 = LINE ( 'NONE', #8507, #1495 ) ;
#412 =( NAMED_UNIT ( * ) PLANE_ANGLE_UNIT ( ) SI_UNIT ( $, .RADIAN. ) );
#413 = CARTESIAN_POINT ( 'NONE',  ( -0.3560196314102563875, 0.5400000000000000355, 0.02658782679727431791 ) ) ;
#414 = DIRECTION ( 'NONE',  ( -0.0000000000000000000, -1.000000000000000000, -0.0000000000000000000 ) ) ;
#415 = ORIENTED_EDGE ( 'NONE', *, *, #5511, .F. ) ;
#416 = EDGE_CURVE ( 'NONE', #4232, #9637, #2337, .T. ) ;
#417 = DIRECTION ( 'NONE',  ( -1.000000000000000000, 0.0000000000000000000, 0.0000000000000000000 ) ) ;
#418 = PRESENTATION_STYLE_ASSIGNMENT (( #1840 ) ) ;
#419 = SURFACE_STYLE_FILL_AREA ( #9777 ) ;
#420 = CARTESIAN_POINT ( 'NONE',  ( 0.6443981032528426356, 0.5400000000000000355, 0.2870576484368195236 ) ) ;
#421 = MECHANICAL_DESIGN_GEOMETRIC_PRESENTATION_REPRESENTATION (  '', ( #7834 ), #2729 ) ;
#422 = FILL_AREA_STYLE_COLOUR ( '', #846 ) ;
#423 = LINE ( 'NONE', #3842, #1902 ) ;
#424 = EDGE_CURVE ( 'NONE', #2896, #4917, #7249, .T. ) ;
#425 = SURFACE_STYLE_FILL_AREA ( #5724 ) ;
#426 = PRESENTATION_STYLE_ASSIGNMENT (( #6247 ) ) ;
#427 = CARTESIAN_POINT ( 'NONE',  ( -0.2522694428900430497, 0.5500000000000000444, 0.1230779967185268303 ) ) ;
#428 = SURFACE_SIDE_STYLE ('',( #4332 ) ) ;
#429 = CARTESIAN_POINT ( 'NONE',  ( 0.5000000000000004441, 0.0000000000000000000, 1.309999999999999387 ) ) ;
#430 = PRESENTATION_STYLE_ASSIGNMENT (( #7236 ) ) ;
#431 = EDGE_CURVE ( 'NONE', #8524, #4333, #5904, .T. ) ;
#432 = AXIS2_PLACEMENT_3D ( 'NONE', #382, #1100, #8791 ) ;
#433 = CARTESIAN_POINT ( 'NONE',  ( -0.6500000000000001332, 0.5500000000000000444, -1.175000000000000266 ) ) ;
#434 = COLOUR_RGB ( '',0.6666666666666666297, 0.6941176470588235059, 0.7647058823529411242 ) ;
#435 = ORIENTED_EDGE ( 'NONE', *, *, #3758, .T. ) ;
#436 = CARTESIAN_POINT ( 'NONE',  ( -0.3583085969858886832, 0.5500000000000001554, 0.05225835603466437440 ) ) ;
#437 = CARTESIAN_POINT ( 'NONE',  ( 0.9000000000000001332, 0.1270000000000000018, 0.4999999999999993339 ) ) ;
#439 = ADVANCED_FACE ( 'NONE', ( #6156 ), #637, .T. ) ;
#438 =( GEOMETRIC_REPRESENTATION_CONTEXT ( 3 ) GLOBAL_UNCERTAINTY_ASSIGNED_CONTEXT ( ( #7346 ) ) GLOBAL_UNIT_ASSIGNED_CONTEXT ( ( #2071, #574, #5947 ) ) REPRESENTATION_CONTEXT ( 'NONE', 'WORKASPACE' ) );
#440 = VECTOR ( 'NONE', #7374, 1000.000000000000000 ) ;
#441 = ORIENTED_EDGE ( 'NONE', *, *, #1249, .F. ) ;
#442 = SURFACE_SIDE_STYLE ('',( #2177 ) ) ;
#443 = EDGE_CURVE ( 'NONE', #1966, #6187, #2460, .T. ) ;
#444 = CARTESIAN_POINT ( 'NONE',  ( 0.6587791803474273289, 0.5500000000000000444, 0.1754823928606717709 ) ) ;
#445 = FILL_AREA_STYLE ('',( #9646 ) ) ;
#446 = CARTESIAN_POINT ( 'NONE',  ( 0.6067995878281566835, 0.5499999999999996003, 0.1663899186548048470 ) ) ;
#447 = PRESENTATION_LAYER_ASSIGNMENT (  '', '', ( #5920 ) ) ;
#448 = ORIENTED_EDGE ( 'NONE', *, *, #6979, .F. ) ;
#449 = EDGE_LOOP ( 'NONE', ( #3135, #5581, #9038, #2326, #1672, #905, #8634, #509, #5520, #7899, #3065, #7745, #755, #1681, #5556, #7579, #5496, #4768, #6758, #5751 ) ) ;
#450 = ORIENTED_EDGE ( 'NONE', *, *, #9239, .T. ) ;
#451 = VERTEX_POINT ( 'NONE', #2068 ) ;
#452 = UNCERTAINTY_MEASURE_WITH_UNIT (LENGTH_MEASURE( 1.000000000000000082E-05 ), #6486, 'distance_accuracy_value', 'NONE');
#453 = CARTESIAN_POINT ( 'NONE',  ( -0.4603695337105636054, 0.5499999999999994893, 0.1901287645152289763 ) ) ;
#454 = UNCERTAINTY_MEASURE_WITH_UNIT (LENGTH_MEASURE( 1.000000000000000082E-05 ), #8274, 'distance_accuracy_value', 'NONE');
#455 = LINE ( 'NONE', #2181, #7924 ) ;
#456 = DIRECTION ( 'NONE',  ( 0.0000000000000000000, 0.0000000000000000000, 1.000000000000000000 ) ) ;
#457 = VECTOR ( 'NONE', #9563, 1000.000000000000000 ) ;
#458 = ORIENTED_EDGE ( 'NONE', *, *, #8530, .T. ) ;
#459 =( NAMED_UNIT ( * ) PLANE_ANGLE_UNIT ( ) SI_UNIT ( $, .RADIAN. ) );
#460 = DIRECTION ( 'NONE',  ( 1.084202172485506406E-15, 0.0000000000000000000, 1.000000000000000000 ) ) ;
#461 = CARTESIAN_POINT ( 'NONE',  ( -0.2576390037672254274, 0.5499999999999999334, 0.1104741515294211246 ) ) ;
#462 = DIRECTION ( 'NONE',  ( 0.0000000000000000000, -0.0000000000000000000, 1.000000000000000000 ) ) ;
#463 = VECTOR ( 'NONE', #7152, 1000.000000000000000 ) ;
#464 = CARTESIAN_POINT ( 'NONE',  ( -0.3701678650921277347, 0.5399999999999999245, 0.05307103511161639225 ) ) ;
#465 = FILL_AREA_STYLE_COLOUR ( '', #4961 ) ;
#466 = DIRECTION ( 'NONE',  ( -1.668003342285391551E-16, 0.0000000000000000000, -1.000000000000000000 ) ) ;
#467 = ORIENTED_EDGE ( 'NONE', *, *, #8352, .F. ) ;
#468 = VECTOR ( 'NONE', #2398, 1000.000000000000000 ) ;
#469 = PRESENTATION_STYLE_ASSIGNMENT (( #1697 ) ) ;
#470 = ORIENTED_EDGE ( 'NONE', *, *, #2121, .F. ) ;
#471 = CARTESIAN_POINT ( 'NONE',  ( 0.1634615384615385469, 0.5400000000000000355, 0.03299808320753071927 ) ) ;
#472 = CARTESIAN_POINT ( 'NONE',  ( 0.6793707266886671592, 0.5500000000000000444, 0.2091314310937930632 ) ) ;
#473 = CARTESIAN_POINT ( 'NONE',  ( 0.6679186698717952675, 0.5400000000000000355, 0.04015954154086405492 ) ) ;
#474 = FILL_AREA_STYLE_COLOUR ( '', #4008 ) ;
#475 = SURFACE_STYLE_FILL_AREA ( #2488 ) ;
#476 = CARTESIAN_POINT ( 'NONE',  ( 0.5850479963980054210, 0.5499999999999993783, 0.1788572957893494741 ) ) ;
#477 = ORIENTED_EDGE ( 'NONE', *, *, #6371, .T. ) ;
#478 = EDGE_CURVE ( 'NONE', #7975, #9393, #258, .T. ) ;
#479 = FILL_AREA_STYLE ('',( #2084 ) ) ;
#480 = EDGE_CURVE ( 'NONE', #7342, #6485, #4269, .T. ) ;
#481 = FILL_AREA_STYLE_COLOUR ( '', #2193 ) ;
#482 = ADVANCED_FACE ( 'NONE', ( #7125 ), #6917, .T. ) ;
#483 = UNCERTAINTY_MEASURE_WITH_UNIT (LENGTH_MEASURE( 1.000000000000000082E-05 ), #5408, 'distance_accuracy_value', 'NONE');
#484 = LINE ( 'NONE', #8692, #3423 ) ;
#485 = ORIENTED_EDGE ( 'NONE', *, *, #2986, .F. ) ;
#486 = ORIENTED_EDGE ( 'NONE', *, *, #4948, .F. ) ;
#487 = CARTESIAN_POINT ( 'NONE',  ( -0.1506410256410256887, 0.5400000000000000355, 0.1612032114126589200 ) ) ;
#488 =( LENGTH_UNIT ( ) NAMED_UNIT ( * ) SI_UNIT ( .MILLI., .METRE. ) );
#489 = PRESENTATION_LAYER_ASSIGNMENT (  '', '', ( #6361 ) ) ;
#490 = CARTESIAN_POINT ( 'NONE',  ( 0.7018214265742052094, 0.5400000000000000355, 0.2163343738740619859 ) ) ;
#491 = APPLICATION_CONTEXT ( 'automotive_design' ) ;
#492 = AXIS2_PLACEMENT_3D ( 'NONE', #6324, #9403, #8679 ) ;
#493 = SURFACE_STYLE_USAGE ( .BOTH. , #428 ) ;
#494 = DIRECTION ( 'NONE',  ( 0.0000000000000000000, 0.0000000000000000000, -1.000000000000000000 ) ) ;
#495 = SURFACE_STYLE_FILL_AREA ( #5901 ) ;
#496 = COLOUR_RGB ( '',0.6666666666666666297, 0.6941176470588235059, 0.7647058823529411242 ) ;
#497 = MECHANICAL_DESIGN_GEOMETRIC_PRESENTATION_REPRESENTATION (  '', ( #2940 ), #7917 ) ;
#498 = ORIENTED_EDGE ( 'NONE', *, *, #377, .F. ) ;
#499 =( NAMED_UNIT ( * ) SI_UNIT ( $, .STERADIAN. ) SOLID_ANGLE_UNIT ( ) );
#500 = EDGE_CURVE ( 'NONE', #8803, #3943, #4728, .T. ) ;
#501 = CARTESIAN_POINT ( 'NONE',  ( -0.4364493624662613702, 0.5499999999999999334, 0.05336914895936141490 ) ) ;
#502 = DIRECTION ( 'NONE',  ( -3.614007241618349264E-16, -0.0000000000000000000, 1.000000000000000000 ) ) ;
#503 = DIRECTION ( 'NONE',  ( 8.131516293641279311E-16, 0.0000000000000000000, 1.000000000000000000 ) ) ;
#505 =( GEOMETRIC_REPRESENTATION_CONTEXT ( 3 ) GLOBAL_UNCERTAINTY_ASSIGNED_CONTEXT ( ( #6148 ) ) GLOBAL_UNIT_ASSIGNED_CONTEXT ( ( #3224, #6339, #3258 ) ) REPRESENTATION_CONTEXT ( 'NONE', 'WORKASPACE' ) );
#504 = PRESENTATION_STYLE_ASSIGNMENT (( #7173 ) ) ;
#506 = ORIENTED_EDGE ( 'NONE', *, *, #7337, .T. ) ;
#507 = CARTESIAN_POINT ( 'NONE',  ( 0.5480769230769235723, 0.5400000000000001465, 0.2132865447459922903 ) ) ;
#508 = DIRECTION ( 'NONE',  ( 0.0000000000000000000, 0.0000000000000000000, 1.000000000000000000 ) ) ;
#509 = ORIENTED_EDGE ( 'NONE', *, *, #7529, .T. ) ;
#510 = FILL_AREA_STYLE_COLOUR ( '', #1068 ) ;
#511 = VERTEX_POINT ( 'NONE', #2348 ) ;
#512 = DIRECTION ( 'NONE',  ( 1.000000000000000000, 0.0000000000000000000, 0.0000000000000000000 ) ) ;
#513 = FILL_AREA_STYLE_COLOUR ( '', #1817 ) ;
#514 = B_SPLINE_SURFACE_WITH_KNOTS ( 'NONE', 3, 1, ( 
 ( #4274, #2831 ),
 ( #490, #5868 ),
 ( #7587, #1365 ),
 ( #5964, #6000 ),
 ( #3030, #9830 ),
 ( #2233, #1399 ),
 ( #4453, #9884 ),
 ( #7487, #6748 ),
 ( #4418, #2965 ),
 ( #8360, #8991 ),
 ( #2933, #559 ),
 ( #2196, #7521 ),
 ( #3760, #8253 ),
 ( #2162, #9758 ),
 ( #5305, #3697 ) ),
 .UNSPECIFIED., .F., .F., .F.,
 ( 4, 1, 1, 1, 1, 1, 1, 1, 1, 1, 1, 1, 4 ),
 ( 2, 2 ),
 ( 0.0000000000000000000, 0.08594794314412788905, 0.1691252118806902960, 0.2503991071860496298, 0.3322897361388357784, 0.4133642879158809236, 0.4941722833711887919, 0.5760217353866375900, 0.6607569692540067319, 0.7457831259137428503, 0.8300435929752231212, 0.9140275458206825743, 1.000000000000000000 ),
 ( 0.0000000000000000000, 1.000000000000000000 ),
 .UNSPECIFIED. ) ;
#515 = LINE ( 'NONE', #5322, #5930 ) ;
#516 = CARTESIAN_POINT ( 'NONE',  ( -0.9100000000000002531, 0.1270000000000000018, 0.09999999999999950595 ) ) ;
#517 = DIRECTION ( 'NONE',  ( -1.000000000000000000, 0.0000000000000000000, 0.0000000000000000000 ) ) ;
#518 = STYLED_ITEM ( 'NONE', ( #3545 ), #7499 ) ;
#519 = CARTESIAN_POINT ( 'NONE',  ( -0.5999999999999995337, 0.1270000000000000018, 1.009999999999999787 ) ) ;
#520 = PLANE ( 'NONE',  #7578 ) ;
#521 = PRESENTATION_LAYER_ASSIGNMENT (  '', '', ( #5687 ) ) ;
#522 = SURFACE_STYLE_USAGE ( .BOTH. , #4457 ) ;
#523 = VERTEX_POINT ( 'NONE', #7597 ) ;
#524 = COLOUR_RGB ( '',1.000000000000000000, 1.000000000000000000, 1.000000000000000000 ) ;
#525 = CARTESIAN_POINT ( 'NONE',  ( -0.5176282051282052876, 0.5400000000000000355, 0.2829980832075307262 ) ) ;
#526 = VECTOR ( 'NONE', #4530, 1000.000000000000000 ) ;
#527 = SURFACE_SIDE_STYLE ('',( #3155 ) ) ;
#528 = ORIENTED_EDGE ( 'NONE', *, *, #3182, .T. ) ;
#529 = CARTESIAN_POINT ( 'NONE',  ( -0.4999999999999995559, 0.1270000000000000018, -1.309999999999999609 ) ) ;
#530 = COLOUR_RGB ( '',0.6666666666666666297, 0.6941176470588235059, 0.7647058823529411242 ) ;
#531 = DIRECTION ( 'NONE',  ( 0.0000000000000000000, 0.0000000000000000000, 1.000000000000000000 ) ) ;
#532 =( LENGTH_UNIT ( ) NAMED_UNIT ( * ) SI_UNIT ( .MILLI., .METRE. ) );
#533 = ADVANCED_FACE ( 'NONE', ( #617 ), #1443, .F. ) ;
#534 = CARTESIAN_POINT ( 'NONE',  ( 0.6668497356005872456, 0.5500000000000001554, 0.1825330990258335895 ) ) ;
#535 = CARTESIAN_POINT ( 'NONE',  ( -0.6500000000000001332, 0.5400000000000000355, -1.050000000000000266 ) ) ;
#536 = CARTESIAN_POINT ( 'NONE',  ( 0.6594899919068388794, 0.5399999999999999245, 0.2526761605932171251 ) ) ;
#537 = LINE ( 'NONE', #1210, #2376 ) ;
#538 = FILL_AREA_STYLE_COLOUR ( '', #9248 ) ;
#539 = EDGE_CURVE ( 'NONE', #9259, #9339, #1579, .T. ) ;
#540 = CARTESIAN_POINT ( 'NONE',  ( 0.6100000000000000977, 0.04999999999999999584, -0.2000000000000003997 ) ) ;
#541 = DIRECTION ( 'NONE',  ( 0.6322048658461618675, 0.0000000000000000000, 0.7748012697462726139 ) ) ;
#542 = VECTOR ( 'NONE', #5376, 1000.000000000000000 ) ;
#543 = VECTOR ( 'NONE', #7889, 1000.000000000000000 ) ;
#544 = COLOUR_RGB ( '',0.6666666666666666297, 0.6941176470588235059, 0.7647058823529411242 ) ;
#545 = CARTESIAN_POINT ( 'NONE',  ( -0.3012557464491095183, 0.5400000000000000355, 0.06644905542208263960 ) ) ;
#546 = LINE ( 'NONE', #1117, #5610 ) ;
#547 = PRESENTATION_LAYER_ASSIGNMENT (  '', '', ( #6598 ) ) ;
#548 = FACE_OUTER_BOUND ( 'NONE', #5972, .T. ) ;
#549 = ORIENTED_EDGE ( 'NONE', *, *, #5508, .T. ) ;
#550 = DIRECTION ( 'NONE',  ( 1.000000000000000000, 0.0000000000000000000, 0.0000000000000000000 ) ) ;
#551 = STYLED_ITEM ( 'NONE', ( #4900 ), #3268 ) ;
#552 = LINE ( 'NONE', #3136, #5956 ) ;
#553 =( NAMED_UNIT ( * ) PLANE_ANGLE_UNIT ( ) SI_UNIT ( $, .RADIAN. ) );
#554 = MECHANICAL_DESIGN_GEOMETRIC_PRESENTATION_REPRESENTATION (  '', ( #8680 ), #5389 ) ;
#555 = FILL_AREA_STYLE ('',( #2159 ) ) ;
#556 = EDGE_CURVE ( 'NONE', #5701, #7013, #4367, .T. ) ;
#557 = LINE ( 'NONE', #5344, #7046 ) ;
#558 = EDGE_CURVE ( 'NONE', #4063, #4982, #5070, .T. ) ;
#559 = CARTESIAN_POINT ( 'NONE',  ( 0.6542089602110100488, 0.5500000000000000444, 0.2838458454308999124 ) ) ;
#560 = DIRECTION ( 'NONE',  ( 0.0000000000000000000, 0.0000000000000000000, 1.000000000000000000 ) ) ;
#561 =( NAMED_UNIT ( * ) SI_UNIT ( $, .STERADIAN. ) SOLID_ANGLE_UNIT ( ) );
#562 = EDGE_LOOP ( 'NONE', ( #210, #1106, #4230, #1738 ) ) ;
#563 =( NAMED_UNIT ( * ) SI_UNIT ( $, .STERADIAN. ) SOLID_ANGLE_UNIT ( ) );
#564 = EDGE_CURVE ( 'NONE', #2530, #2046, #9252, .T. ) ;
#565 = ORIENTED_EDGE ( 'NONE', *, *, #6560, .T. ) ;
#566 = VECTOR ( 'NONE', #6126, 1000.000000000000000 ) ;
#567 = PRESENTATION_LAYER_ASSIGNMENT (  '', '', ( #702 ) ) ;
#568 = SURFACE_SIDE_STYLE ('',( #6574 ) ) ;
#569 = ORIENTED_EDGE ( 'NONE', *, *, #4214, .F. ) ;
#570 = PRESENTATION_LAYER_ASSIGNMENT (  '', '', ( #6572 ) ) ;
#571 = CIRCLE ( 'NONE', #8013, 0.09999999999999982514 ) ;
#572 = CARTESIAN_POINT ( 'NONE',  ( -0.4848200249600598810, 0.5499999999999999334, 0.1327889418547946176 ) ) ;
#573 = COLOUR_RGB ( '',0.6666666666666666297, 0.6941176470588235059, 0.7647058823529411242 ) ;
#574 =( NAMED_UNIT ( * ) PLANE_ANGLE_UNIT ( ) SI_UNIT ( $, .RADIAN. ) );
#575 = AXIS2_PLACEMENT_3D ( 'NONE', #8132, #5847, #8911 ) ;
#576 = PLANE ( 'NONE',  #1896 ) ;
#577 = ORIENTED_EDGE ( 'NONE', *, *, #2740, .F. ) ;
#578 = CARTESIAN_POINT ( 'NONE',  ( 0.6249679964681422728, 0.5500000000000001554, 0.1644642903308779769 ) ) ;
#579 = CARTESIAN_POINT ( 'NONE',  ( 0.5601958021571038504, 0.5399999999999998135, 0.1675125358679624976 ) ) ;
#580 = ORIENTED_EDGE ( 'NONE', *, *, #9253, .T. ) ;
#581 = CARTESIAN_POINT ( 'NONE',  ( 0.6773364582200533945, 0.5500000000000002665, 0.2287658552040447990 ) ) ;
#582 = LINE ( 'NONE', #6401, #2421 ) ;
#583 =( LENGTH_UNIT ( ) NAMED_UNIT ( * ) SI_UNIT ( .MILLI., .METRE. ) );
#584 = ORIENTED_EDGE ( 'NONE', *, *, #2859, .T. ) ;
#585 = UNCERTAINTY_MEASURE_WITH_UNIT (LENGTH_MEASURE( 1.000000000000000082E-05 ), #4347, 'distance_accuracy_value', 'NONE');
#586 = CARTESIAN_POINT ( 'NONE',  ( 0.1634615384615385469, 0.5400000000000000355, 0.03299808320753071927 ) ) ;
#587 = MECHANICAL_DESIGN_GEOMETRIC_PRESENTATION_REPRESENTATION (  '', ( #9519 ), #2697 ) ;
#588 = COLOUR_RGB ( '',0.6666666666666666297, 0.6941176470588235059, 0.7647058823529411242 ) ;
#589 = ORIENTED_EDGE ( 'NONE', *, *, #9253, .F. ) ;
#590 = AXIS2_PLACEMENT_3D ( 'NONE', #2029, #9428, #494 ) ;
#591 = CARTESIAN_POINT ( 'NONE',  ( -0.2733859504368569282, 0.5400000000000000355, 0.08799677657361133776 ) ) ;
#592 = LINE ( 'NONE', #2014, #5873 ) ;
#593 = LINE ( 'NONE', #917, #1934 ) ;
#594 =( NAMED_UNIT ( * ) PLANE_ANGLE_UNIT ( ) SI_UNIT ( $, .RADIAN. ) );
#595 = ADVANCED_FACE ( 'NONE', ( #7116 ), #6143, .T. ) ;
#596 = DIRECTION ( 'NONE',  ( 0.0000000000000000000, 0.0000000000000000000, -1.000000000000000000 ) ) ;
#597 =( LENGTH_UNIT ( ) NAMED_UNIT ( * ) SI_UNIT ( .MILLI., .METRE. ) );
#598 = PLANE ( 'NONE',  #4035 ) ;
#599 = CARTESIAN_POINT ( 'NONE',  ( 0.0000000000000000000, 0.05000000000000000278, -0.3000000000000005995 ) ) ;
#600 = VERTEX_POINT ( 'NONE', #2620 ) ;
#601 = VECTOR ( 'NONE', #6637, 1000.000000000000000 ) ;
#602 = AXIS2_PLACEMENT_3D ( 'NONE', #540, #5884, #1283 ) ;
#603 = CARTESIAN_POINT ( 'NONE',  ( -0.3517441639106456130, 0.5499999999999999334, 0.2637392874953461419 ) ) ;
#604 =( NAMED_UNIT ( * ) PLANE_ANGLE_UNIT ( ) SI_UNIT ( $, .RADIAN. ) );
#605 = EDGE_CURVE ( 'NONE', #6664, #8520, #9739, .T. ) ;
#606 = CARTESIAN_POINT ( 'NONE',  ( 0.6250000000000004441, 0.5500000000000000444, 0.2637673139767615083 ) ) ;
#607 = DIRECTION ( 'NONE',  ( 1.000000000000000000, 0.0000000000000000000, -0.0000000000000000000 ) ) ;
#608 = CARTESIAN_POINT ( 'NONE',  ( -0.4777996855571819967, 0.5400000000000000355, 0.2092504031058845526 ) ) ;
#609 = ORIENTED_EDGE ( 'NONE', *, *, #2721, .F. ) ;
#610 = CARTESIAN_POINT ( 'NONE',  ( 0.4423076923076926792, 0.5400000000000000355, 0.2829980832075307262 ) ) ;
#611 = CARTESIAN_POINT ( 'NONE',  ( 0.6250000000000004441, 0.5500000000000000444, 0.2637673139767615083 ) ) ;
#612 = DIRECTION ( 'NONE',  ( -0.0000000000000000000, -1.000000000000000000, -0.0000000000000000000 ) ) ;
#613 = CARTESIAN_POINT ( 'NONE',  ( 0.5713220435601117364, 0.5399999999999999245, 0.2042229707491469426 ) ) ;
#614 = VECTOR ( 'NONE', #2357, 1000.000000000000000 ) ;
#615 = AXIS2_PLACEMENT_3D ( 'NONE', #1076, #8772, #4266 ) ;
#616 = UNCERTAINTY_MEASURE_WITH_UNIT (LENGTH_MEASURE( 1.000000000000000082E-05 ), #6962, 'distance_accuracy_value', 'NONE');
#617 = FACE_OUTER_BOUND ( 'NONE', #4508, .T. ) ;
#618 = ORIENTED_EDGE ( 'NONE', *, *, #753, .F. ) ;
#619 = CARTESIAN_POINT ( 'NONE',  ( -0.3943165859147567676, 0.5500000000000001554, 0.2842960902181757010 ) ) ;
#620 = EDGE_CURVE ( 'NONE', #324, #8774, #7707, .T. ) ;
#621 = CARTESIAN_POINT ( 'NONE',  ( -0.2576390037672254274, 0.5399999999999999245, 0.1104741515294211246 ) ) ;
#622 = FILL_AREA_STYLE ('',( #9878 ) ) ;
#623 = LINE ( 'NONE', #8639, #7484 ) ;
#624 = DIRECTION ( 'NONE',  ( -0.0000000000000000000, 1.000000000000000000, -0.0000000000000000000 ) ) ;
#625 = EDGE_CURVE ( 'NONE', #82, #4821, #7956, .T. ) ;
#626 = AXIS2_PLACEMENT_3D ( 'NONE', #5662, #1066, #5630 ) ;
#627 =( NAMED_UNIT ( * ) PLANE_ANGLE_UNIT ( ) SI_UNIT ( $, .RADIAN. ) );
#628 = ORIENTED_EDGE ( 'NONE', *, *, #5060, .T. ) ;
#629 = MECHANICAL_DESIGN_GEOMETRIC_PRESENTATION_REPRESENTATION (  '', ( #4454 ), #2745 ) ;
#630 = DIRECTION ( 'NONE',  ( 1.000000000000000000, 0.0000000000000000000, 0.0000000000000000000 ) ) ;
#631 = ORIENTED_EDGE ( 'NONE', *, *, #377, .T. ) ;
#632 = CARTESIAN_POINT ( 'NONE',  ( -0.2513984967139215043, 0.5500000000000001554, 0.1903443112978265572 ) ) ;
#633 = MECHANICAL_DESIGN_GEOMETRIC_PRESENTATION_REPRESENTATION (  '', ( #9573 ), #9118 ) ;
#634 = ORIENTED_EDGE ( 'NONE', *, *, #5374, .F. ) ;
#635 = DIRECTION ( 'NONE',  ( -0.0000000000000000000, -1.000000000000000000, -0.0000000000000000000 ) ) ;
#636 = EDGE_CURVE ( 'NONE', #5658, #9104, #4033, .T. ) ;
#637 = PLANE ( 'NONE',  #1895 ) ;
#638 = ORIENTED_EDGE ( 'NONE', *, *, #2558, .T. ) ;
#639 = DIRECTION ( 'NONE',  ( 0.0000000000000000000, 0.0000000000000000000, -1.000000000000000000 ) ) ;
#640 = MECHANICAL_DESIGN_GEOMETRIC_PRESENTATION_REPRESENTATION (  '', ( #4789 ), #3646 ) ;
#641 = CARTESIAN_POINT ( 'NONE',  ( -0.6999999999999995115, 0.1270000000000000018, 1.309999999999999609 ) ) ;
#642 = ADVANCED_FACE ( 'NONE', ( #3893 ), #7850, .F. ) ;
#643 = ORIENTED_EDGE ( 'NONE', *, *, #1866, .T. ) ;
#644 = CARTESIAN_POINT ( 'NONE',  ( 0.5947920961033511533, 0.5500000000000000444, 0.2556572569896251590 ) ) ;
#645 = VECTOR ( 'NONE', #3407, 1000.000000000000000 ) ;
#646 = SURFACE_SIDE_STYLE ('',( #7398 ) ) ;
#647 = CARTESIAN_POINT ( 'NONE',  ( 0.6785594201622626720, 0.5500000000000001554, 0.2240718034955502813 ) ) ;
#648 = CARTESIAN_POINT ( 'NONE',  ( -0.2783219165715821175, 0.5400000000000000355, 0.2339037522570286687 ) ) ;
#649 = CARTESIAN_POINT ( 'NONE',  ( 0.9100000000000002531, 0.1270000000000000018, 0.4999999999999994449 ) ) ;
#650 = ORIENTED_EDGE ( 'NONE', *, *, #960, .F. ) ;
#651 = LINE ( 'NONE', #3140, #1750 ) ;
#652 = VECTOR ( 'NONE', #3974, 1000.000000000000114 ) ;
#653 = CARTESIAN_POINT ( 'NONE',  ( -0.2467948717948718063, 0.5400000000000000355, 0.1576475223100948231 ) ) ;
#654 = LINE ( 'NONE', #1329, #8110 ) ;
#655 = SURFACE_STYLE_FILL_AREA ( #5238 ) ;
#656 = PLANE ( 'NONE',  #7596 ) ;
#657 = DIRECTION ( 'NONE',  ( 0.0000000000000000000, -1.000000000000000000, 0.0000000000000000000 ) ) ;
#658 = FACE_OUTER_BOUND ( 'NONE', #5429, .T. ) ;
#659 = PRESENTATION_STYLE_ASSIGNMENT (( #4596 ) ) ;
#660 = CARTESIAN_POINT ( 'NONE',  ( 0.3000000000000003775, 0.0000000000000000000, -1.309999999999999387 ) ) ;
#661 = DIRECTION ( 'NONE',  ( -0.0000000000000000000, 1.000000000000000000, -0.0000000000000000000 ) ) ;
#662 = SURFACE_SIDE_STYLE ('',( #5372 ) ) ;
#663 = CARTESIAN_POINT ( 'NONE',  ( 0.6358614866674757726, 0.5499999999999998224, 0.2629560938272449966 ) ) ;
#664 = FILL_AREA_STYLE ('',( #9797 ) ) ;
#665 = CARTESIAN_POINT ( 'NONE',  ( 0.5726586751762783312, 0.5499999999999999334, 0.2287685697394984119 ) ) ;
#666 =( NAMED_UNIT ( * ) PLANE_ANGLE_UNIT ( ) SI_UNIT ( $, .RADIAN. ) );
#667 = CARTESIAN_POINT ( 'NONE',  ( 0.1858974358974359864, 0.5500000000000000444, 0.2829980832075307262 ) ) ;
#668 = COLOUR_RGB ( '',0.6666666666666666297, 0.6941176470588235059, 0.7647058823529411242 ) ;
#669 =( NAMED_UNIT ( * ) SI_UNIT ( $, .STERADIAN. ) SOLID_ANGLE_UNIT ( ) );
#670 = CARTESIAN_POINT ( 'NONE',  ( 0.6396077243356841358, 0.5400000000000000355, 0.1663965993273414656 ) ) ;
#671 = CARTESIAN_POINT ( 'NONE',  ( -0.3178863522565567035, 0.5499999999999998224, 0.2841985966716498724 ) ) ;
#672 = VECTOR ( 'NONE', #7124, 1000.000000000000000 ) ;
#673 = VECTOR ( 'NONE', #873, 1000.000000000000000 ) ;
#674 = EDGE_CURVE ( 'NONE', #3771, #4216, #1460, .T. ) ;
#675 = LINE ( 'NONE', #9357, #9206 ) ;
#676 = EDGE_CURVE ( 'NONE', #3054, #6471, #6866, .T. ) ;
#677 = ORIENTED_EDGE ( 'NONE', *, *, #2619, .F. ) ;
#678 = CARTESIAN_POINT ( 'NONE',  ( 0.5904634387815019814, 0.5400000000000000355, 0.2526943817383582869 ) ) ;
#679 = FACE_OUTER_BOUND ( 'NONE', #4810, .T. ) ;
#680 = ORIENTED_EDGE ( 'NONE', *, *, #7628, .T. ) ;
#681 = CARTESIAN_POINT ( 'NONE',  ( -0.4490528899183571787, 0.5500000000000000444, 0.2514340889735305340 ) ) ;
#682 = VECTOR ( 'NONE', #8476, 1000.000000000000000 ) ;
#683 = CARTESIAN_POINT ( 'NONE',  ( -0.2782051964138006483, 0.5499999999999993783, 0.08304657694527442513 ) ) ;
#684 = MECHANICAL_DESIGN_GEOMETRIC_PRESENTATION_REPRESENTATION (  '', ( #301 ), #1733 ) ;
#685 = FACE_OUTER_BOUND ( 'NONE', #6026, .T. ) ;
#686 = DIRECTION ( 'NONE',  ( 0.0000000000000000000, 1.000000000000000000, 0.0000000000000000000 ) ) ;
#687 = ORIENTED_EDGE ( 'NONE', *, *, #7320, .F. ) ;
#688 = MECHANICAL_DESIGN_GEOMETRIC_PRESENTATION_REPRESENTATION (  '', ( #8609 ), #1737 ) ;
#689 = PRESENTATION_STYLE_ASSIGNMENT (( #5936 ) ) ;
#690 = ORIENTED_EDGE ( 'NONE', *, *, #3440, .F. ) ;
#691 = VERTEX_POINT ( 'NONE', #9446 ) ;
#692 = STYLED_ITEM ( 'NONE', ( #3962 ), #8773 ) ;
#693 = UNCERTAINTY_MEASURE_WITH_UNIT (LENGTH_MEASURE( 1.000000000000000082E-05 ), #6250, 'distance_accuracy_value', 'NONE');
#694 = COLOUR_RGB ( '',0.6666666666666666297, 0.6941176470588235059, 0.7647058823529411242 ) ;
#695 = ORIENTED_EDGE ( 'NONE', *, *, #7076, .T. ) ;
#696 = EDGE_CURVE ( 'NONE', #3297, #8091, #484, .T. ) ;
#697 = CARTESIAN_POINT ( 'NONE',  ( -0.3294333177309709537, 0.5500000000000002665, 0.02879258023798501528 ) ) ;
#698 = CARTESIAN_POINT ( 'NONE',  ( 0.0000000000000000000, 0.5500000000000000444, 0.0000000000000000000 ) ) ;
#699 = PRESENTATION_LAYER_ASSIGNMENT (  '', '', ( #9125 ) ) ;
#700 = LINE ( 'NONE', #1901, #7909 ) ;
#701 = ORIENTED_EDGE ( 'NONE', *, *, #676, .T. ) ;
#702 = STYLED_ITEM ( 'NONE', ( #6428 ), #6596 ) ;
#703 = CARTESIAN_POINT ( 'NONE',  ( -0.4567803014464456579, 0.5399999999999998135, 0.1996829414025468596 ) ) ;
#704 = ADVANCED_FACE ( 'NONE', ( #2 ), #5664, .T. ) ;
#705 = FILL_AREA_STYLE ('',( #9026 ) ) ;
#706 = DIRECTION ( 'NONE',  ( 0.0000000000000000000, -0.0000000000000000000, -1.000000000000000000 ) ) ;
#707 = UNCERTAINTY_MEASURE_WITH_UNIT (LENGTH_MEASURE( 1.000000000000000082E-05 ), #8892, 'distance_accuracy_value', 'NONE');
#708 = CARTESIAN_POINT ( 'NONE',  ( 0.6100000000000000977, 0.0000000000000000000, -0.1000000000000001860 ) ) ;
#709 = SURFACE_SIDE_STYLE ('',( #8380 ) ) ;
#710 = B_SPLINE_SURFACE_WITH_KNOTS ( 'NONE', 3, 1, ( 
 ( #1240, #6617 ),
 ( #8934, #8674 ),
 ( #1015, #1797 ),
 ( #2596, #7560 ),
 ( #3765, #8225 ),
 ( #1403, #9089 ),
 ( #2939, #632 ),
 ( #5140, #6006 ),
 ( #5175, #2897 ),
 ( #2166, #6782 ),
 ( #1367, #6716 ) ),
 .UNSPECIFIED., .F., .F., .F.,
 ( 4, 1, 1, 1, 1, 1, 1, 1, 4 ),
 ( 2, 2 ),
 ( 0.0000000000000000000, 0.1315262635769307298, 0.2587179924131622344, 0.3827297268112473394, 0.5050597936177655400, 0.6263067267417242734, 0.7481632880963786647, 0.8726877911473310823, 1.000000000000000000 ),
 ( 0.0000000000000000000, 1.000000000000000000 ),
 .UNSPECIFIED. ) ;
#711 = FILL_AREA_STYLE ('',( #9134 ) ) ;
#712 =( NAMED_UNIT ( * ) SI_UNIT ( $, .STERADIAN. ) SOLID_ANGLE_UNIT ( ) );
#713 = FILL_AREA_STYLE ('',( #8409 ) ) ;
#714 = CARTESIAN_POINT ( 'NONE',  ( 0.6794871794871798487, 0.5500000000000000444, 0.2141879870536845809 ) ) ;
#715 = CARTESIAN_POINT ( 'NONE',  ( -0.2915999750538497137, 0.5500000000000002665, 0.2733163196203818868 ) ) ;
#716 = SURFACE_STYLE_FILL_AREA ( #2659 ) ;
#717 = ORIENTED_EDGE ( 'NONE', *, *, #6020, .F. ) ;
#718 = CARTESIAN_POINT ( 'NONE',  ( -0.4820648137382188003, 0.5499999999999999334, 0.1974400825875917975 ) ) ;
#719 = CARTESIAN_POINT ( 'NONE',  ( -0.4490528899183571787, 0.5400000000000000355, 0.2514340889735305340 ) ) ;
#720 = CARTESIAN_POINT ( 'NONE',  ( -0.09999999999999961697, 0.0000000000000000000, -1.009999999999999565 ) ) ;
#721 = MECHANICAL_DESIGN_GEOMETRIC_PRESENTATION_REPRESENTATION (  '', ( #198 ), #8320 ) ;
#722 = FILL_AREA_STYLE_COLOUR ( '', #2926 ) ;
#723 = CARTESIAN_POINT ( 'NONE',  ( -0.3269230769230769273, 0.5400000000000000355, 0.1804339806434281379 ) ) ;
#724 = VERTEX_POINT ( 'NONE', #1000 ) ;
#725 = DIRECTION ( 'NONE',  ( -0.0000000000000000000, -1.000000000000000000, -0.0000000000000000000 ) ) ;
#726 = CARTESIAN_POINT ( 'NONE',  ( 0.7000000000000002887, 0.05000000000000000278, 0.0000000000000000000 ) ) ;
#727 = CARTESIAN_POINT ( 'NONE',  ( -0.3560196314102563875, 0.5500000000000000444, 0.02658782679727431791 ) ) ;
#728 = ORIENTED_EDGE ( 'NONE', *, *, #2123, .T. ) ;
#729 = CIRCLE ( 'NONE', #6198, 0.09999999999999993616 ) ;
#730 = AXIS2_PLACEMENT_3D ( 'NONE', #8019, #8763, #4229 ) ;
#731 = ORIENTED_EDGE ( 'NONE', *, *, #4026, .T. ) ;
#732 = CARTESIAN_POINT ( 'NONE',  ( -0.3580615957419579498, 0.5400000000000002576, 0.2636930745041762281 ) ) ;
#733 = DIRECTION ( 'NONE',  ( 0.0000000000000000000, 1.000000000000000000, 0.0000000000000000000 ) ) ;
#734 = EDGE_CURVE ( 'NONE', #9305, #6485, #1208, .T. ) ;
#735 = CARTESIAN_POINT ( 'NONE',  ( -0.6999999999999994005, 0.5500000000000000444, -1.300000000000000266 ) ) ;
#736 = PLANE ( 'NONE',  #4588 ) ;
#737 = DIRECTION ( 'NONE',  ( -1.000000000000000000, 0.0000000000000000000, 0.0000000000000000000 ) ) ;
#738 = DIRECTION ( 'NONE',  ( 0.0000000000000000000, 0.0000000000000000000, -1.000000000000000000 ) ) ;
#739 = LINE ( 'NONE', #4859, #6024 ) ;
#740 = CARTESIAN_POINT ( 'NONE',  ( -0.4999999999999995559, 0.04999999999999999584, 1.009999999999999565 ) ) ;
#741 = FACE_OUTER_BOUND ( 'NONE', #7065, .T. ) ;
#742 = ORIENTED_EDGE ( 'NONE', *, *, #7348, .T. ) ;
#743 = CARTESIAN_POINT ( 'NONE',  ( -0.3361883684470983180, 0.5400000000000001465, 0.2882248905715693588 ) ) ;
#744 = STYLED_ITEM ( 'NONE', ( #7319 ), #4704 ) ;
#745 = ORIENTED_EDGE ( 'NONE', *, *, #1096, .T. ) ;
#746 = CARTESIAN_POINT ( 'NONE',  ( 0.6141385475280549677, 0.5399999999999999245, 0.2629560453554062316 ) ) ;
#747 = MECHANICAL_DESIGN_GEOMETRIC_PRESENTATION_REPRESENTATION (  '', ( #8676 ), #6093 ) ;
#748 = LINE ( 'NONE', #1700, #6163 ) ;
#749 = ORIENTED_EDGE ( 'NONE', *, *, #5973, .T. ) ;
#750 = CARTESIAN_POINT ( 'NONE',  ( 0.0000000000000000000, 0.05000000000000000278, 0.2999999999999997113 ) ) ;
#752 = ADVANCED_FACE ( 'NONE', ( #2317 ), #5631, .F. ) ;
#751 =( GEOMETRIC_REPRESENTATION_CONTEXT ( 3 ) GLOBAL_UNCERTAINTY_ASSIGNED_CONTEXT ( ( #7766 ) ) GLOBAL_UNIT_ASSIGNED_CONTEXT ( ( #967, #4161, #1814 ) ) REPRESENTATION_CONTEXT ( 'NONE', 'WORKASPACE' ) );
#753 = EDGE_CURVE ( 'NONE', #4232, #2280, #9135, .T. ) ;
#754 = CARTESIAN_POINT ( 'NONE',  ( 0.5850479963980054210, 0.5399999999999997025, 0.1788572957893494741 ) ) ;
#755 = ORIENTED_EDGE ( 'NONE', *, *, #8681, .F. ) ;
#756 = CARTESIAN_POINT ( 'NONE',  ( -0.2610152076608495131, 0.5400000000000000355, 0.1044672426751594302 ) ) ;
#757 = VERTEX_POINT ( 'NONE', #8051 ) ;
#758 = LINE ( 'NONE', #4049, #5221 ) ;
#759 = CARTESIAN_POINT ( 'NONE',  ( -0.9000000000000002442, 0.05000000000000000278, -1.300000000000000266 ) ) ;
#760 = AXIS2_PLACEMENT_3D ( 'NONE', #992, #8783, #1056 ) ;
#761 = CARTESIAN_POINT ( 'NONE',  ( -0.2824134802378257536, 0.5500000000000000444, 0.04789592812390814497 ) ) ;
#762 = CARTESIAN_POINT ( 'NONE',  ( 0.6100000000000005418, 0.1270000000000000018, -0.5000000000000002220 ) ) ;
#763 =( GEOMETRIC_REPRESENTATION_CONTEXT ( 3 ) GLOBAL_UNCERTAINTY_ASSIGNED_CONTEXT ( ( #5110 ) ) GLOBAL_UNIT_ASSIGNED_CONTEXT ( ( #7801, #5542, #3972 ) ) REPRESENTATION_CONTEXT ( 'NONE', 'WORKASPACE' ) );
#764 = CARTESIAN_POINT ( 'NONE',  ( 0.7019230769230774269, 0.5400000000000000355, 0.2128358235921461172 ) ) ;
#765 = DIRECTION ( 'NONE',  ( 1.000000000000000000, 0.0000000000000000000, 0.0000000000000000000 ) ) ;
#766 =( LENGTH_UNIT ( ) NAMED_UNIT ( * ) SI_UNIT ( .MILLI., .METRE. ) );
#767 = ORIENTED_EDGE ( 'NONE', *, *, #8530, .F. ) ;
#768 = CARTESIAN_POINT ( 'NONE',  ( -0.3560196314102563875, 0.5500000000000000444, 0.02658782679727431791 ) ) ;
#769 = STYLED_ITEM ( 'NONE', ( #6974 ), #1009 ) ;
#770 = CARTESIAN_POINT ( 'NONE',  ( 0.01602564102564108667, 0.5500000000000000444, 0.2829980832075307262 ) ) ;
#771 = DIRECTION ( 'NONE',  ( -1.000000000000000000, 0.0000000000000000000, 1.668003342285391551E-16 ) ) ;
#772 = CARTESIAN_POINT ( 'NONE',  ( 0.3000000000000003775, 0.0000000000000000000, 1.309999999999999387 ) ) ;
#773 = DIRECTION ( 'NONE',  ( 0.0000000000000000000, 0.0000000000000000000, -1.000000000000000000 ) ) ;
#774 = DIRECTION ( 'NONE',  ( -0.0000000000000000000, -1.000000000000000000, -0.0000000000000000000 ) ) ;
#775 = CARTESIAN_POINT ( 'NONE',  ( -0.3001975920379448270, 0.5499999999999998224, 0.2776353315341046901 ) ) ;
#776 = COLOUR_RGB ( '',0.2509803921568627416, 0.2509803921568627416, 0.2509803921568627416 ) ;
#777 =( GEOMETRIC_REPRESENTATION_CONTEXT ( 3 ) GLOBAL_UNCERTAINTY_ASSIGNED_CONTEXT ( ( #6284 ) ) GLOBAL_UNIT_ASSIGNED_CONTEXT ( ( #7131, #4144, #4179 ) ) REPRESENTATION_CONTEXT ( 'NONE', 'WORKASPACE' ) );
#778 = LINE ( 'NONE', #1600, #45 ) ;
#779 = CARTESIAN_POINT ( 'NONE',  ( 0.5794781471916182758, 0.5400000000000000355, 0.2416602270457988144 ) ) ;
#780 = CARTESIAN_POINT ( 'NONE',  ( 0.5495367173850366216, 0.5400000000000000355, 0.1974933473780596804 ) ) ;
#781 = CARTESIAN_POINT ( 'NONE',  ( -0.1999999999999995393, 0.04999999999999999584, 0.9099999999999999201 ) ) ;
#782 = DIRECTION ( 'NONE',  ( -1.000000000000000000, -0.0000000000000000000, -0.0000000000000000000 ) ) ;
#783 = COLOUR_RGB ( '',1.000000000000000000, 1.000000000000000000, 1.000000000000000000 ) ;
#784 = FACE_OUTER_BOUND ( 'NONE', #1749, .T. ) ;
#785 = CARTESIAN_POINT ( 'NONE',  ( -0.2647371867755042296, 0.5400000000000000355, 0.09867858805755611029 ) ) ;
#786 = CARTESIAN_POINT ( 'NONE',  ( 0.5000000000000004441, 0.1270000000000000018, 1.009999999999999343 ) ) ;
#787 = CARTESIAN_POINT ( 'NONE',  ( -0.3425414864833927764, 0.5500000000000001554, 0.02691083528530775759 ) ) ;
#788 = EDGE_LOOP ( 'NONE', ( #1990, #1140, #9056, #3424 ) ) ;
#789 = SURFACE_STYLE_USAGE ( .BOTH. , #5401 ) ;
#790 = DIRECTION ( 'NONE',  ( -0.0000000000000000000, 1.000000000000000000, -0.0000000000000000000 ) ) ;
#791 = ADVANCED_FACE ( 'NONE', ( #2445 ), #6571, .F. ) ;
#792 = SURFACE_STYLE_FILL_AREA ( #5994 ) ;
#793 =( NAMED_UNIT ( * ) SI_UNIT ( $, .STERADIAN. ) SOLID_ANGLE_UNIT ( ) );
#794 = CIRCLE ( 'NONE', #8693, 0.09999999999999982514 ) ;
#795 = CARTESIAN_POINT ( 'NONE',  ( -0.2294816308842940189, 0.5400000000000001465, 0.1190862771741552500 ) ) ;
#796 = PRESENTATION_STYLE_ASSIGNMENT (( #9554 ) ) ;
#797 = CARTESIAN_POINT ( 'NONE',  ( 0.3237179487179489001, 0.5500000000000000444, 0.1740237242331717227 ) ) ;
#798 = LINE ( 'NONE', #7532, #9810 ) ;
#799 = LINE ( 'NONE', #2060, #1286 ) ;
#800 = B_SPLINE_SURFACE_WITH_KNOTS ( 'NONE', 3, 1, ( 
 ( #811, #2503 ),
 ( #6194, #63 ),
 ( #850, #3213 ),
 ( #7063, #6227 ),
 ( #6259, #8543 ),
 ( #1595, #2429 ),
 ( #3981, #5482 ),
 ( #8580, #4735 ),
 ( #2467, #98 ),
 ( #6293, #4769 ),
 ( #961, #7744 ),
 ( #8514, #3176 ),
 ( #3945, #1736 ),
 ( #9337, #4698 ),
 ( #9275, #5448 ),
 ( #4807, #3281 ),
 ( #1634, #126 ),
 ( #5521, #7808 ),
 ( #25, #1665 ) ),
 .UNSPECIFIED., .F., .F., .F.,
 ( 4, 1, 1, 1, 1, 1, 1, 1, 1, 1, 1, 1, 1, 1, 1, 1, 4 ),
 ( 2, 2 ),
 ( 0.0000000000000000000, 0.06523080374202966381, 0.1284048960032228848, 0.1900670715964787594, 0.2509433657682800245, 0.3115458328521431008, 0.3728628021568292095, 0.4350236738562388017, 0.4990717247070431961, 0.5630910750496620487, 0.6255101063303749598, 0.6866800359296492129, 0.7472825030135125113, 0.8085634952159587163, 0.8707421035159857992, 0.9343409515059122317, 1.000000000000000000 ),
 ( 0.0000000000000000000, 1.000000000000000000 ),
 .UNSPECIFIED. ) ;
#801 = CARTESIAN_POINT ( 'NONE',  ( 0.8999999999999998002, 0.5500000000000000444, -1.300000000000000266 ) ) ;
#802 = ORIENTED_EDGE ( 'NONE', *, *, #4142, .F. ) ;
#803 = ORIENTED_EDGE ( 'NONE', *, *, #3435, .T. ) ;
#804 = PLANE ( 'NONE',  #5599 ) ;
#805 = VECTOR ( 'NONE', #8408, 1000.000000000000000 ) ;
#806 =( LENGTH_UNIT ( ) NAMED_UNIT ( * ) SI_UNIT ( .MILLI., .METRE. ) );
#807 = EDGE_LOOP ( 'NONE', ( #3625, #267, #680, #379 ) ) ;
#808 = EDGE_CURVE ( 'NONE', #9407, #1912, #1450, .T. ) ;
#809 = VECTOR ( 'NONE', #4372, 1000.000000000000000 ) ;
#810 = EDGE_CURVE ( 'NONE', #6907, #9508, #1897, .T. ) ;
#811 = CARTESIAN_POINT ( 'NONE',  ( 0.6277544070512824925, 0.5400000000000000355, 0.1387673139767614805 ) ) ;
#812 = VECTOR ( 'NONE', #8168, 1000.000000000000000 ) ;
#813 = CIRCLE ( 'NONE', #951, 0.09999999999999993616 ) ;
#814 = VERTEX_POINT ( 'NONE', #7220 ) ;
#815 = EDGE_CURVE ( 'NONE', #8913, #7376, #4953, .T. ) ;
#816 = SURFACE_SIDE_STYLE ('',( #1644 ) ) ;
#817 = VERTEX_POINT ( 'NONE', #3420 ) ;
#818 = CARTESIAN_POINT ( 'NONE',  ( 0.6230468750000004441, 0.5400000000000000355, 0.1644083396177871415 ) ) ;
#819 = LINE ( 'NONE', #4706, #4682 ) ;
#820 = VERTEX_POINT ( 'NONE', #5059 ) ;
#821 = DIRECTION ( 'NONE',  ( 0.0000000000000000000, 1.000000000000000000, 0.0000000000000000000 ) ) ;
#822 = STYLED_ITEM ( 'NONE', ( #1379 ), #1886 ) ;
#823 = LINE ( 'NONE', #6240, #222 ) ;
#824 = CARTESIAN_POINT ( 'NONE',  ( 0.5000000000000004441, 0.5500000000000000444, 1.299999999999999600 ) ) ;
#825 = PRESENTATION_LAYER_ASSIGNMENT (  '', '', ( #7721 ) ) ;
#826 = ORIENTED_EDGE ( 'NONE', *, *, #7049, .F. ) ;
#827 = B_SPLINE_CURVE_WITH_KNOTS ( 'NONE', 3,
 ( #7627, #8461, #4526, #663, #3895, #2206, #9862, #5312, #6888, #14, #3068, #5403, #3832, #7563, #1551, #1442, #9160, #4589, #6147 ),
 .UNSPECIFIED., .F., .F.,
 ( 4, 1, 1, 1, 1, 1, 1, 1, 1, 1, 1, 1, 1, 1, 1, 1, 4 ),
 ( 0.0000000000000000000, 0.06796237149445517878, 0.1332834028675221882, 0.1978352977570553006, 0.2608919865309878849, 0.3233765044831751201, 0.3863500754690875061, 0.4496377310517126191, 0.5147953269783565045, 0.5792399132410284146, 0.6418141777582883067, 0.7013585647860582917, 0.7607267659857195330, 0.8192220679243875647, 0.8787161693846300414, 0.9381473540533080691, 1.000000000000000000 ),
 .UNSPECIFIED. ) ;
#828 = ADVANCED_FACE ( 'NONE', ( #7353 ), #8111, .T. ) ;
#829 = EDGE_CURVE ( 'NONE', #8990, #259, #5409, .T. ) ;
#830 = SURFACE_STYLE_USAGE ( .BOTH. , #8427 ) ;
#831 = SURFACE_STYLE_FILL_AREA ( #1499 ) ;
#832 = DIRECTION ( 'NONE',  ( -0.0000000000000000000, 0.0000000000000000000, 1.000000000000000000 ) ) ;
#833 = FACE_OUTER_BOUND ( 'NONE', #3367, .T. ) ;
#834 = CARTESIAN_POINT ( 'NONE',  ( 0.5760216346153850253, 0.5499999999999999334, 0.1406703588485563594 ) ) ;
#835 =( GEOMETRIC_REPRESENTATION_CONTEXT ( 3 ) GLOBAL_UNCERTAINTY_ASSIGNED_CONTEXT ( ( #5935 ) ) GLOBAL_UNIT_ASSIGNED_CONTEXT ( ( #1269, #2098, #2871 ) ) REPRESENTATION_CONTEXT ( 'NONE', 'WORKASPACE' ) );
#836 = SURFACE_STYLE_FILL_AREA ( #2585 ) ;
#837 = STYLED_ITEM ( 'NONE', ( #7256 ), #7264 ) ;
#838 =( NAMED_UNIT ( * ) SI_UNIT ( $, .STERADIAN. ) SOLID_ANGLE_UNIT ( ) );
#839 = DIRECTION ( 'NONE',  ( -0.5391904756110241781, 0.0000000000000000000, -0.8421838463247544038 ) ) ;
#840 = CARTESIAN_POINT ( 'NONE',  ( -0.2824134802378257536, 0.5400000000000000355, 0.04789592812390814497 ) ) ;
#841 = SURFACE_SIDE_STYLE ('',( #9807 ) ) ;
#842 = PLANE ( 'NONE',  #3249 ) ;
#843 = FACE_OUTER_BOUND ( 'NONE', #8145, .T. ) ;
#844 = EDGE_LOOP ( 'NONE', ( #4020, #1125, #4510, #7055 ) ) ;
#845 =( NAMED_UNIT ( * ) PLANE_ANGLE_UNIT ( ) SI_UNIT ( $, .RADIAN. ) );
#846 = COLOUR_RGB ( '',1.000000000000000000, 1.000000000000000000, 1.000000000000000000 ) ;
#847 = CARTESIAN_POINT ( 'NONE',  ( -0.6500000000000001332, 0.5500000000000000444, -0.9250000000000003775 ) ) ;
#848 = DIRECTION ( 'NONE',  ( 0.4966865118376849186, 0.0000000000000000000, -0.8679300138597081382 ) ) ;
#849 =( NAMED_UNIT ( * ) PLANE_ANGLE_UNIT ( ) SI_UNIT ( $, .RADIAN. ) );
#850 = CARTESIAN_POINT ( 'NONE',  ( 0.6352969711077905979, 0.5400000000000000355, 0.1389700417708021607 ) ) ;
#851 = SURFACE_STYLE_FILL_AREA ( #7491 ) ;
#852 = ORIENTED_EDGE ( 'NONE', *, *, #8357, .F. ) ;
#853 = SURFACE_SIDE_STYLE ('',( #2888 ) ) ;
#854 = CARTESIAN_POINT ( 'NONE',  ( 0.6062608576966119767, 0.5499999999999999334, 0.1404701700839223188 ) ) ;
#855 = ADVANCED_FACE ( 'NONE', ( #7816 ), #1916, .F. ) ;
#856 = AXIS2_PLACEMENT_3D ( 'NONE', #5776, #1967, #1174 ) ;
#857 = CARTESIAN_POINT ( 'NONE',  ( 0.5972335280741000174, 0.5400000000000000355, 0.1699805894889630797 ) ) ;
#858 = CARTESIAN_POINT ( 'NONE',  ( 0.6785594201622626720, 0.5400000000000001465, 0.2240718034955502813 ) ) ;
#859 = LINE ( 'NONE', #5870, #255 ) ;
#860 = CARTESIAN_POINT ( 'NONE',  ( 0.7016214027439442447, 0.5500000000000001554, 0.2232186928706441087 ) ) ;
#861 = COLOUR_RGB ( '',0.6666666666666666297, 0.6941176470588235059, 0.7647058823529411242 ) ;
#862 = ORIENTED_EDGE ( 'NONE', *, *, #6746, .T. ) ;
#863 = SURFACE_SIDE_STYLE ('',( #1048 ) ) ;
#864 = VERTEX_POINT ( 'NONE', #2691 ) ;
#865 = CARTESIAN_POINT ( 'NONE',  ( 0.5481613120059634081, 0.5499999999999999334, 0.2107119316595731096 ) ) ;
#866 = EDGE_LOOP ( 'NONE', ( #2476, #3582, #5309, #7192 ) ) ;
#867 = FACE_BOUND ( 'NONE', #1305, .T. ) ;
#868 = SURFACE_STYLE_FILL_AREA ( #555 ) ;
#869 =( NAMED_UNIT ( * ) SI_UNIT ( $, .STERADIAN. ) SOLID_ANGLE_UNIT ( ) );
#870 = ORIENTED_EDGE ( 'NONE', *, *, #9618, .F. ) ;
#871 = EDGE_CURVE ( 'NONE', #6144, #7611, #3655, .T. ) ;
#872 = CARTESIAN_POINT ( 'NONE',  ( -0.2246853404934035237, 0.5500000000000001554, 0.1448042587625409661 ) ) ;
#873 = DIRECTION ( 'NONE',  ( -0.0000000000000000000, 1.000000000000000000, -0.0000000000000000000 ) ) ;
#874 = ORIENTED_EDGE ( 'NONE', *, *, #9700, .F. ) ;
#875 = CARTESIAN_POINT ( 'NONE',  ( -0.6100000000000000977, 0.0000000000000000000, -0.2000000000000003997 ) ) ;
#876 = FILL_AREA_STYLE_COLOUR ( '', #9564 ) ;
#877 = CARTESIAN_POINT ( 'NONE',  ( -0.5999999999999995337, 0.04999999999999999584, -1.009999999999999787 ) ) ;
#878 =( LENGTH_UNIT ( ) NAMED_UNIT ( * ) SI_UNIT ( .MILLI., .METRE. ) );
#879 = VECTOR ( 'NONE', #5758, 1000.000000000000000 ) ;
#880 = VERTEX_POINT ( 'NONE', #3615 ) ;
#881 = SURFACE_SIDE_STYLE ('',( #2304 ) ) ;
#882 = STYLED_ITEM ( 'NONE', ( #796 ), #4652 ) ;
#883 = CARTESIAN_POINT ( 'NONE',  ( -0.2999999999999994893, 0.1270000000000000018, 1.309999999999999609 ) ) ;
#884 = ORIENTED_EDGE ( 'NONE', *, *, #5828, .F. ) ;
#885 = DIRECTION ( 'NONE',  ( -1.668003342285391551E-16, -0.0000000000000000000, -1.000000000000000000 ) ) ;
#886 = MECHANICAL_DESIGN_GEOMETRIC_PRESENTATION_REPRESENTATION (  '', ( #5196 ), #3177 ) ;
#887 = EDGE_LOOP ( 'NONE', ( #3732, #280, #6576, #7860 ) ) ;
#888 = VECTOR ( 'NONE', #2532, 1000.000000000000000 ) ;
#889 = CARTESIAN_POINT ( 'NONE',  ( 0.5480769230769234612, 0.5400000000000000355, 0.2132865447459922625 ) ) ;
#890 = LINE ( 'NONE', #7201, #1021 ) ;
#891 = FILL_AREA_STYLE ('',( #2432 ) ) ;
#892 = PRESENTATION_LAYER_ASSIGNMENT (  '', '', ( #2119 ) ) ;
#893 = EDGE_CURVE ( 'NONE', #154, #6292, #1692, .T. ) ;
#894 = CARTESIAN_POINT ( 'NONE',  ( -0.9100000000000002531, 0.0000000000000000000, -0.5000000000000002220 ) ) ;
#895 = ORIENTED_EDGE ( 'NONE', *, *, #1939, .F. ) ;
#896 = EDGE_CURVE ( 'NONE', #8995, #6005, #1318, .T. ) ;
#897 = UNCERTAINTY_MEASURE_WITH_UNIT (LENGTH_MEASURE( 1.000000000000000082E-05 ), #4684, 'distance_accuracy_value', 'NONE');
#898 = CARTESIAN_POINT ( 'NONE',  ( -0.2487116065675150089, 0.5400000000000001465, 0.1364184559148161890 ) ) ;
#899 =( NAMED_UNIT ( * ) SI_UNIT ( $, .STERADIAN. ) SOLID_ANGLE_UNIT ( ) );
#900 = EDGE_CURVE ( 'NONE', #1128, #3978, #9122, .T. ) ;
#901 = ORIENTED_EDGE ( 'NONE', *, *, #6354, .T. ) ;
#902 = B_SPLINE_CURVE_WITH_KNOTS ( 'NONE', 3,
 ( #8740, #3341, #4117, #8004, #8812, #9528, #4926, #298, #4183, #5582, #194, #3437, #4862, #8780, #6357, #333, #4889, #6423, #1762 ),
 .UNSPECIFIED., .F., .F.,
 ( 4, 1, 1, 1, 1, 1, 1, 1, 1, 1, 1, 1, 1, 1, 1, 1, 4 ),
 ( 0.0000000000000000000, 0.06390790770570860257, 0.1257266250228222526, 0.1861562693658086187, 0.2461040826832879280, 0.3061123364554267368, 0.3668627559233623714, 0.4290835859354382165, 0.4932513481089753071, 0.5578147107893223211, 0.6207925512431075044, 0.6827460661082978000, 0.7445343957783832067, 0.8065935673314377219, 0.8693302975165226876, 0.9337426282431766644, 1.000000000000000000 ),
 .UNSPECIFIED. ) ;
#903 = CARTESIAN_POINT ( 'NONE',  ( 0.9100000000000002531, 0.1270000000000000018, -0.5000000000000002220 ) ) ;
#904 = VECTOR ( 'NONE', #2767, 1000.000000000000000 ) ;
#905 = ORIENTED_EDGE ( 'NONE', *, *, #5702, .F. ) ;
#906 = VECTOR ( 'NONE', #3316, 1000.000000000000000 ) ;
#907 = CARTESIAN_POINT ( 'NONE',  ( 0.5656336771649221884, 0.5499999999999999334, 0.1573654595344707863 ) ) ;
#908 = FILL_AREA_STYLE ('',( #945 ) ) ;
#909 = CARTESIAN_POINT ( 'NONE',  ( -0.6999999999999994005, 0.0000000000000000000, 1.009999999999999565 ) ) ;
#910 = CARTESIAN_POINT ( 'NONE',  ( 0.9100000000000002531, 0.1270000000000000018, -0.3000000000000005995 ) ) ;
#911 = CARTESIAN_POINT ( 'NONE',  ( -0.2623350137181155173, 0.5400000000000001465, 0.06456386678074668706 ) ) ;
#912 = CARTESIAN_POINT ( 'NONE',  ( -0.4738622538362708969, 0.5399999999999999245, 0.09992236913872895587 ) ) ;
#913 = CARTESIAN_POINT ( 'NONE',  ( -0.9100000000000002531, 0.0000000000000000000, 0.09999999999999950595 ) ) ;
#914 = SURFACE_STYLE_USAGE ( .BOTH. , #3935 ) ;
#915 = CARTESIAN_POINT ( 'NONE',  ( -0.4804425548214869557, 0.5399999999999999245, 0.1160291272154046066 ) ) ;
#916 = SURFACE_SIDE_STYLE ('',( #7989 ) ) ;
#917 = CARTESIAN_POINT ( 'NONE',  ( -0.6999999999999994005, 0.1270000000000000018, -1.309999999999999609 ) ) ;
#918 = MECHANICAL_DESIGN_GEOMETRIC_PRESENTATION_REPRESENTATION (  '', ( #8842 ), #3843 ) ;
#919 =( LENGTH_UNIT ( ) NAMED_UNIT ( * ) SI_UNIT ( .MILLI., .METRE. ) );
#920 = CARTESIAN_POINT ( 'NONE',  ( 0.6018629807692312816, 0.5500000000000000444, 0.1411711601306076258 ) ) ;
#921 = AXIS2_PLACEMENT_3D ( 'NONE', #5172, #560, #2163 ) ;
#922 = VECTOR ( 'NONE', #3340, 1000.000000000000000 ) ;
#923 = CARTESIAN_POINT ( 'NONE',  ( 0.9000000000000001332, 0.05000000000000002359, 0.6999999999999996225 ) ) ;
#924 = CARTESIAN_POINT ( 'NONE',  ( -0.9100000000000002531, 0.1270000000000000018, 0.6999999999999997335 ) ) ;
#925 = VECTOR ( 'NONE', #1976, 1000.000000000000000 ) ;
#926 = DIRECTION ( 'NONE',  ( 0.0000000000000000000, 0.0000000000000000000, -1.000000000000000000 ) ) ;
#927 = ORIENTED_EDGE ( 'NONE', *, *, #1723, .T. ) ;
#928 = LINE ( 'NONE', #1370, #3014 ) ;
#929 = COLOUR_RGB ( '',1.000000000000000000, 1.000000000000000000, 1.000000000000000000 ) ;
#930 = CARTESIAN_POINT ( 'NONE',  ( -0.4280631545353683065, 0.5400000000000001465, 0.07844950275941410534 ) ) ;
#931 = SURFACE_SIDE_STYLE ('',( #2190 ) ) ;
#932 = ORIENTED_EDGE ( 'NONE', *, *, #3241, .T. ) ;
#933 = UNCERTAINTY_MEASURE_WITH_UNIT (LENGTH_MEASURE( 1.000000000000000082E-05 ), #5661, 'distance_accuracy_value', 'NONE');
#934 =( GEOMETRIC_REPRESENTATION_CONTEXT ( 3 ) GLOBAL_UNCERTAINTY_ASSIGNED_CONTEXT ( ( #3577 ) ) GLOBAL_UNIT_ASSIGNED_CONTEXT ( ( #2693, #8832, #1164 ) ) REPRESENTATION_CONTEXT ( 'NONE', 'WORKASPACE' ) );
#935 = VERTEX_POINT ( 'NONE', #2845 ) ;
#936 = CARTESIAN_POINT ( 'NONE',  ( -0.9100000000000002531, 0.1270000000000000018, 0.2999999999999997113 ) ) ;
#937 = CARTESIAN_POINT ( 'NONE',  ( -0.1999999999999995393, 0.0000000000000000000, -1.009999999999999787 ) ) ;
#938 = CIRCLE ( 'NONE', #7291, 0.1000000000000000472 ) ;
#939 = EDGE_CURVE ( 'NONE', #5886, #2754, #1437, .T. ) ;
#940 = DIRECTION ( 'NONE',  ( -1.000000000000000000, 0.0000000000000000000, 0.0000000000000000000 ) ) ;
#941 = LINE ( 'NONE', #6362, #8515 ) ;
#942 = ORIENTED_EDGE ( 'NONE', *, *, #1608, .T. ) ;
#943 = LINE ( 'NONE', #3572, #4809 ) ;
#944 = EDGE_LOOP ( 'NONE', ( #6546, #8924, #1986, #3725 ) ) ;
#945 = FILL_AREA_STYLE_COLOUR ( '', #9679 ) ;
#946 = ORIENTED_EDGE ( 'NONE', *, *, #9179, .T. ) ;
#947 = DIRECTION ( 'NONE',  ( -1.000000000000000000, -0.0000000000000000000, -0.0000000000000000000 ) ) ;
#948 = ORIENTED_EDGE ( 'NONE', *, *, #3758, .F. ) ;
#949 = SURFACE_STYLE_USAGE ( .BOTH. , #3300 ) ;
#950 = DIRECTION ( 'NONE',  ( 0.0000000000000000000, 1.000000000000000000, 0.0000000000000000000 ) ) ;
#951 = AXIS2_PLACEMENT_3D ( 'NONE', #877, #6990, #7874 ) ;
#952 = CARTESIAN_POINT ( 'NONE',  ( -0.4549212002572924352, 0.5400000000000000355, 0.07086291415428982998 ) ) ;
#954 = FACE_OUTER_BOUND ( 'NONE', #5862, .T. ) ;
#953 = SURFACE_SIDE_STYLE ('',( #9302 ) ) ;
#955 = SURFACE_SIDE_STYLE ('',( #2127 ) ) ;
#956 = MECHANICAL_DESIGN_GEOMETRIC_PRESENTATION_REPRESENTATION (  '', ( #4393 ), #233 ) ;
#957 = ORIENTED_EDGE ( 'NONE', *, *, #6509, .T. ) ;
#958 = CARTESIAN_POINT ( 'NONE',  ( 0.9000000000000000222, 0.5500000000000000444, -0.3000000000000005440 ) ) ;
#959 = FILL_AREA_STYLE_COLOUR ( '', #132 ) ;
#960 = EDGE_CURVE ( 'NONE', #3289, #197, #2937, .T. ) ;
#961 = CARTESIAN_POINT ( 'NONE',  ( 0.6854407578993437777, 0.5399999999999999245, 0.1655421891881032337 ) ) ;
#962 = SURFACE_STYLE_FILL_AREA ( #9285 ) ;
#963 = EDGE_CURVE ( 'NONE', #3978, #8084, #3047, .T. ) ;
#964 = CARTESIAN_POINT ( 'NONE',  ( 0.5503585402759203493, 0.5400000000000001465, 0.2331769309561526893 ) ) ;
#965 = CARTESIAN_POINT ( 'NONE',  ( 0.6277544070512826035, 0.5400000000000001465, 0.1387673139767615083 ) ) ;
#966 = ADVANCED_FACE ( 'NONE', ( #8897 ), #8239, .F. ) ;
#967 =( LENGTH_UNIT ( ) NAMED_UNIT ( * ) SI_UNIT ( .MILLI., .METRE. ) );
#968 =( GEOMETRIC_REPRESENTATION_CONTEXT ( 3 ) GLOBAL_UNCERTAINTY_ASSIGNED_CONTEXT ( ( #2962 ) ) GLOBAL_UNIT_ASSIGNED_CONTEXT ( ( #8076, #8890, #3552 ) ) REPRESENTATION_CONTEXT ( 'NONE', 'WORKASPACE' ) );
#969 = CARTESIAN_POINT ( 'NONE',  ( 0.6748994524275687690, 0.5399999999999999245, 0.1551149077396023201 ) ) ;
#970 = CARTESIAN_POINT ( 'NONE',  ( -0.3630807118112069354, 0.5499999999999998224, 0.05231728744284831756 ) ) ;
#971 = STYLED_ITEM ( 'NONE', ( #8350 ), #2072 ) ;
#972 = SURFACE_STYLE_FILL_AREA ( #8792 ) ;
#973 = ORIENTED_EDGE ( 'NONE', *, *, #9616, .T. ) ;
#974 = MECHANICAL_DESIGN_GEOMETRIC_PRESENTATION_REPRESENTATION (  '', ( #2875 ), #8696 ) ;
#975 = B_SPLINE_CURVE_WITH_KNOTS ( 'NONE', 3,
 ( #6420, #1835, #8737, #7270, #8031, #8956, #427, #5005, #461, #3635, #398, #2090, #1206, #1969, #5780, #4383, #1177, #7454, #8090, #6639, #6671, #5074, #7365, #6584, #1302, #2802, #7334 ),
 .UNSPECIFIED., .F., .F.,
 ( 4, 1, 1, 1, 1, 1, 1, 1, 1, 1, 1, 1, 1, 1, 1, 1, 1, 1, 1, 1, 1, 1, 1, 1, 4 ),
 ( 0.0000000000000000000, 0.04303992866940794387, 0.08508235425993379564, 0.1265459763824852424, 0.1676449120135368454, 0.2082860955153123805, 0.2486763011610194363, 0.2892947325755567678, 0.3300743209766446307, 0.3710606404109121348, 0.4115325030015794527, 0.4523412262352959345, 0.4930462642117332539, 0.5342457570078347207, 0.5761444940038723539, 0.6184447453397043937, 0.6618015866715621920, 0.7051959773844247437, 0.7479763643669152806, 0.7903109431511066152, 0.8323732575991995564, 0.8740507803589337987, 0.9158074427356551750, 0.9578498683261811308, 1.000000000000000000 ),
 .UNSPECIFIED. ) ;
#976 = EDGE_CURVE ( 'NONE', #880, #5505, #5657, .T. ) ;
#977 = DIRECTION ( 'NONE',  ( 0.0000000000000000000, 0.0000000000000000000, 1.000000000000000000 ) ) ;
#978 = DIRECTION ( 'NONE',  ( -0.0000000000000000000, -1.000000000000000000, -0.0000000000000000000 ) ) ;
#979 = PRESENTATION_LAYER_ASSIGNMENT (  '', '', ( #3716 ) ) ;
#980 = ORIENTED_EDGE ( 'NONE', *, *, #9923, .T. ) ;
#981 = CARTESIAN_POINT ( 'NONE',  ( 0.6277544070512826035, 0.5400000000000001465, 0.1387673139767615083 ) ) ;
#982 = DIRECTION ( 'NONE',  ( -1.000000000000000000, -0.0000000000000000000, -0.0000000000000000000 ) ) ;
#983 = CARTESIAN_POINT ( 'NONE',  ( 0.0000000000000000000, 0.05000000000000000278, -0.5000000000000002220 ) ) ;
#984 = CARTESIAN_POINT ( 'NONE',  ( -0.4870623779726067082, 0.5400000000000000355, 0.1501997491738564228 ) ) ;
#985 = CARTESIAN_POINT ( 'NONE',  ( -0.6121794871794873361, 0.5400000000000000355, 0.1352617050024025047 ) ) ;
#986 = CARTESIAN_POINT ( 'NONE',  ( -0.5467247596153848033, 0.5400000000000000355, 0.03299808320753071927 ) ) ;
#987 = CARTESIAN_POINT ( 'NONE',  ( -0.3648868041064635137, 0.5400000000000001465, 0.02670078214417814788 ) ) ;
#988 = COLOUR_RGB ( '',0.6666666666666666297, 0.6941176470588235059, 0.7647058823529411242 ) ;
#989 = VERTEX_POINT ( 'NONE', #5951 ) ;
#990 = VERTEX_POINT ( 'NONE', #2818 ) ;
#991 = CARTESIAN_POINT ( 'NONE',  ( 0.5633173458469367123, 0.5500000000000001554, 0.2602531781822859380 ) ) ;
#992 = CARTESIAN_POINT ( 'NONE',  ( 0.6100000000000005418, 0.1270000000000000018, -0.6000000000000004219 ) ) ;
#993 = PLANE ( 'NONE',  #4971 ) ;
#994 = CIRCLE ( 'NONE', #4166, 0.1000000000000000472 ) ;
#995 = CARTESIAN_POINT ( 'NONE',  ( 0.6137704327330709697, 0.5499999999999999334, 0.2890829600639152064 ) ) ;
#996 = DIRECTION ( 'NONE',  ( 0.0000000000000000000, 0.0000000000000000000, 1.000000000000000000 ) ) ;
#997 = PRESENTATION_LAYER_ASSIGNMENT (  '', '', ( #131 ) ) ;
#998 = ORIENTED_EDGE ( 'NONE', *, *, #96, .F. ) ;
#999 = CARTESIAN_POINT ( 'NONE',  ( 0.6690778802771250033, 0.5399999999999999245, 0.1506859305712624220 ) ) ;
#1000 = CARTESIAN_POINT ( 'NONE',  ( -0.6121794871794873361, 0.5400000000000000355, 0.1757264485921460895 ) ) ;
#1001 = ORIENTED_EDGE ( 'NONE', *, *, #8743, .T. ) ;
#1002 = PLANE ( 'NONE',  #275 ) ;
#1003 = ORIENTED_EDGE ( 'NONE', *, *, #6665, .F. ) ;
#1004 = FILL_AREA_STYLE_COLOUR ( '', #7181 ) ;
#1005 = ORIENTED_EDGE ( 'NONE', *, *, #5374, .T. ) ;
#1006 =( NAMED_UNIT ( * ) SI_UNIT ( $, .STERADIAN. ) SOLID_ANGLE_UNIT ( ) );
#1007 = ORIENTED_EDGE ( 'NONE', *, *, #8919, .T. ) ;
#1008 = CARTESIAN_POINT ( 'NONE',  ( -0.9100000000000002531, 0.1270000000000000018, 0.4999999999999994449 ) ) ;
#1009 = ADVANCED_FACE ( 'NONE', ( #843 ), #3487, .T. ) ;
#1010 = UNCERTAINTY_MEASURE_WITH_UNIT (LENGTH_MEASURE( 1.000000000000000082E-05 ), #3194, 'distance_accuracy_value', 'NONE');
#1011 = LINE ( 'NONE', #8416, #1863 ) ;
#1012 = FILL_AREA_STYLE_COLOUR ( '', #5902 ) ;
#1013 = EDGE_CURVE ( 'NONE', #259, #9286, #4646, .T. ) ;
#1014 =( NAMED_UNIT ( * ) PLANE_ANGLE_UNIT ( ) SI_UNIT ( $, .RADIAN. ) );
#1015 = CARTESIAN_POINT ( 'NONE',  ( -0.2729562859658768992, 0.5399999999999998135, 0.2284546217104564680 ) ) ;
#1016 = EDGE_CURVE ( 'NONE', #1077, #7412, #2809, .T. ) ;
#1017 = CARTESIAN_POINT ( 'NONE',  ( -0.1730769230769231282, 0.5500000000000000444, 0.2829980832075307262 ) ) ;
#1018 = DIRECTION ( 'NONE',  ( -0.0000000000000000000, 1.000000000000000000, -0.0000000000000000000 ) ) ;
#1019 = CARTESIAN_POINT ( 'NONE',  ( -0.4294591712693375252, 0.5400000000000001465, 0.04844758113256557308 ) ) ;
#1020 =( NAMED_UNIT ( * ) SI_UNIT ( $, .STERADIAN. ) SOLID_ANGLE_UNIT ( ) );
#1021 = VECTOR ( 'NONE', #5680, 1000.000000000000000 ) ;
#1023 = PRESENTATION_LAYER_ASSIGNMENT (  '', '', ( #8744 ) ) ;
#1022 = FACE_OUTER_BOUND ( 'NONE', #6609, .T. ) ;
#1024 = SURFACE_STYLE_USAGE ( .BOTH. , #5617 ) ;
#1025 = UNCERTAINTY_MEASURE_WITH_UNIT (LENGTH_MEASURE( 1.000000000000000082E-05 ), #4146, 'distance_accuracy_value', 'NONE');
#1026 = UNCERTAINTY_MEASURE_WITH_UNIT (LENGTH_MEASURE( 1.000000000000000082E-05 ), #8099, 'distance_accuracy_value', 'NONE');
#1027 = CARTESIAN_POINT ( 'NONE',  ( 0.3000000000000003775, 0.0000000000000000000, 1.309999999999999387 ) ) ;
#1028 = PRESENTATION_LAYER_ASSIGNMENT (  '', '', ( #9821 ) ) ;
#1029 =( NAMED_UNIT ( * ) PLANE_ANGLE_UNIT ( ) SI_UNIT ( $, .RADIAN. ) );
#1030 = AXIS2_PLACEMENT_3D ( 'NONE', #6902, #9814, #2327 ) ;
#1031 = LINE ( 'NONE', #7634, #8950 ) ;
#1032 = EDGE_CURVE ( 'NONE', #4565, #324, #2570, .T. ) ;
#1033 = FILL_AREA_STYLE ('',( #1818 ) ) ;
#1034 = ORIENTED_EDGE ( 'NONE', *, *, #6310, .T. ) ;
#1035 = LINE ( 'NONE', #6264, #8725 ) ;
#1036 = PLANE ( 'NONE',  #8663 ) ;
#1037 = STYLED_ITEM ( 'NONE', ( #9953 ), #704 ) ;
#1038 = AXIS2_PLACEMENT_3D ( 'NONE', #519, #6557, #1996 ) ;
#1039 = B_SPLINE_CURVE_WITH_KNOTS ( 'NONE', 3,
 ( #6288, #23, #5413, #3906, #1591, #3173, #8603, #8471, #6223, #9238, #4694 ),
 .UNSPECIFIED., .F., .F.,
 ( 4, 1, 1, 1, 1, 1, 1, 1, 4 ),
 ( 0.0000000000000000000, 0.1287770352440083810, 0.2551818927067128207, 0.3801502058277865803, 0.5033630045969955669, 0.6268586451702856666, 0.7503101344280983520, 0.8744398126914169067, 1.000000000000000000 ),
 .UNSPECIFIED. ) ;
#1040 = LINE ( 'NONE', #5783, #3714 ) ;
#1041 = SURFACE_SIDE_STYLE ('',( #3833 ) ) ;
#1042 = SURFACE_STYLE_FILL_AREA ( #7848 ) ;
#1043 = CARTESIAN_POINT ( 'NONE',  ( -0.4646497642738350309, 0.5499999999999996003, 0.1626106080078458804 ) ) ;
#1044 =( NAMED_UNIT ( * ) PLANE_ANGLE_UNIT ( ) SI_UNIT ( $, .RADIAN. ) );
#1045 = CARTESIAN_POINT ( 'NONE',  ( -0.2299606247841614048, 0.5399999999999999245, 0.1990086217440196203 ) ) ;
#1046 =( NAMED_UNIT ( * ) PLANE_ANGLE_UNIT ( ) SI_UNIT ( $, .RADIAN. ) );
#1047 = SURFACE_SIDE_STYLE ('',( #4030 ) ) ;
#1048 = SURFACE_STYLE_FILL_AREA ( #7930 ) ;
#1049 = ORIENTED_EDGE ( 'NONE', *, *, #8994, .F. ) ;
#1050 = CARTESIAN_POINT ( 'NONE',  ( 0.6794871794871798487, 0.5500000000000000444, 0.2141879870536845809 ) ) ;
#1051 = DIRECTION ( 'NONE',  ( 0.0000000000000000000, 0.0000000000000000000, 1.000000000000000000 ) ) ;
#1052 = VECTOR ( 'NONE', #1559, 1000.000000000000000 ) ;
#1053 = ORIENTED_EDGE ( 'NONE', *, *, #4371, .T. ) ;
#1054 = LINE ( 'NONE', #4667, #1407 ) ;
#1055 = STYLED_ITEM ( 'NONE', ( #2444 ), #7713 ) ;
#1056 = DIRECTION ( 'NONE',  ( 0.0000000000000000000, 0.0000000000000000000, -1.000000000000000000 ) ) ;
#1057 = CARTESIAN_POINT ( 'NONE',  ( -0.3455826287191777202, 0.5500000000000000444, 0.2891827674181218777 ) ) ;
#1058 = ORIENTED_EDGE ( 'NONE', *, *, #8208, .F. ) ;
#1059 =( GEOMETRIC_REPRESENTATION_CONTEXT ( 3 ) GLOBAL_UNCERTAINTY_ASSIGNED_CONTEXT ( ( #7460 ) ) GLOBAL_UNIT_ASSIGNED_CONTEXT ( ( #4125, #9441, #1772 ) ) REPRESENTATION_CONTEXT ( 'NONE', 'WORKASPACE' ) );
#1060 = EDGE_LOOP ( 'NONE', ( #8432, #3689, #7749, #1290 ) ) ;
#1061 = CARTESIAN_POINT ( 'NONE',  ( -0.2999999999999994893, 0.0000000000000000000, -1.309999999999999609 ) ) ;
#1062 = ORIENTED_EDGE ( 'NONE', *, *, #2807, .T. ) ;
#1063 = ADVANCED_FACE ( 'NONE', ( #4832 ), #9070, .F. ) ;
#1064 = UNCERTAINTY_MEASURE_WITH_UNIT (LENGTH_MEASURE( 1.000000000000000082E-05 ), #2211, 'distance_accuracy_value', 'NONE');
#1065 = ORIENTED_EDGE ( 'NONE', *, *, #6289, .F. ) ;
#1066 = DIRECTION ( 'NONE',  ( 1.000000000000000000, -0.0000000000000000000, 0.0000000000000000000 ) ) ;
#1067 = FILL_AREA_STYLE_COLOUR ( '', #988 ) ;
#1068 = COLOUR_RGB ( '',1.000000000000000000, 1.000000000000000000, 1.000000000000000000 ) ;
#1069 = LINE ( 'NONE', #4306, #812 ) ;
#1070 = DIRECTION ( 'NONE',  ( -1.000000000000000000, 6.512768355513748959E-14, 0.0000000000000000000 ) ) ;
#1071 = VERTEX_POINT ( 'NONE', #9139 ) ;
#1072 = SURFACE_STYLE_FILL_AREA ( #2474 ) ;
#1073 = ORIENTED_EDGE ( 'NONE', *, *, #2996, .T. ) ;
#1074 = EDGE_CURVE ( 'NONE', #9224, #9284, #6374, .T. ) ;
#1075 = SURFACE_STYLE_USAGE ( .BOTH. , #6517 ) ;
#1076 = CARTESIAN_POINT ( 'NONE',  ( 0.7000000000000002887, 0.1270000000000000018, 1.309999999999999387 ) ) ;
#1077 = VERTEX_POINT ( 'NONE', #4631 ) ;
#1078 = SURFACE_SIDE_STYLE ('',( #8389 ) ) ;
#1079 = CARTESIAN_POINT ( 'NONE',  ( -0.2513984967139215043, 0.5500000000000001554, 0.1903443112978265572 ) ) ;
#1080 = CARTESIAN_POINT ( 'NONE',  ( 0.2000000000000004274, 0.0000000000000000000, 1.009999999999999565 ) ) ;
#1081 = PRESENTATION_STYLE_ASSIGNMENT (( #5192 ) ) ;
#1082 = MECHANICAL_DESIGN_GEOMETRIC_PRESENTATION_REPRESENTATION (  '', ( #744 ), #1932 ) ;
#1083 = DIRECTION ( 'NONE',  ( -0.0000000000000000000, -1.000000000000000000, -0.0000000000000000000 ) ) ;
#1084 = COLOUR_RGB ( '',1.000000000000000000, 1.000000000000000000, 1.000000000000000000 ) ;
#1085 = CARTESIAN_POINT ( 'NONE',  ( 0.2000000000000004274, 0.1270000000000000018, 1.009999999999999565 ) ) ;
#1086 =( GEOMETRIC_REPRESENTATION_CONTEXT ( 3 ) GLOBAL_UNCERTAINTY_ASSIGNED_CONTEXT ( ( #3139 ) ) GLOBAL_UNIT_ASSIGNED_CONTEXT ( ( #8117, #8868, #2732 ) ) REPRESENTATION_CONTEXT ( 'NONE', 'WORKASPACE' ) );
#1087 =( NAMED_UNIT ( * ) SI_UNIT ( $, .STERADIAN. ) SOLID_ANGLE_UNIT ( ) );
#1088 = LINE ( 'NONE', #9905, #9242 ) ;
#1089 = PRESENTATION_LAYER_ASSIGNMENT (  '', '', ( #4703 ) ) ;
#1090 = EDGE_CURVE ( 'NONE', #2847, #8065, #2051, .T. ) ;
#1091 = DIRECTION ( 'NONE',  ( -0.6320734144662611964, 0.0000000000000000000, -0.7749085099061450155 ) ) ;
#1092 = CARTESIAN_POINT ( 'NONE',  ( -0.3466554596789258036, 0.5500000000000000444, 0.2636838530944819459 ) ) ;
#1093 = VECTOR ( 'NONE', #5703, 1000.000000000000000 ) ;
#1094 = ORIENTED_EDGE ( 'NONE', *, *, #1727, .F. ) ;
#1095 = DIRECTION ( 'NONE',  ( 0.0000000000000000000, 0.0000000000000000000, -1.000000000000000000 ) ) ;
#1096 = EDGE_CURVE ( 'NONE', #7259, #9305, #6608, .T. ) ;
#1097 = CARTESIAN_POINT ( 'NONE',  ( 0.5000000000000004441, 0.5500000000000000444, -1.300000000000000266 ) ) ;
#1098 = CARTESIAN_POINT ( 'NONE',  ( 0.9100000000000002531, 0.1270000000000000018, -0.5000000000000002220 ) ) ;
#1099 = STYLED_ITEM ( 'NONE', ( #148 ), #6554 ) ;
#1100 = DIRECTION ( 'NONE',  ( 0.0000000000000000000, 0.0000000000000000000, -1.000000000000000000 ) ) ;
#1101 = CARTESIAN_POINT ( 'NONE',  ( 0.3000000000000003775, 0.1270000000000000018, -1.309999999999999387 ) ) ;
#1102 = STYLED_ITEM ( 'NONE', ( #3130 ), #2448 ) ;
#1103 = FACE_OUTER_BOUND ( 'NONE', #7324, .T. ) ;
#1104 = CARTESIAN_POINT ( 'NONE',  ( -0.9100000000000002531, 0.1270000000000000018, -0.1000000000000001860 ) ) ;
#1105 =( GEOMETRIC_REPRESENTATION_CONTEXT ( 3 ) GLOBAL_UNCERTAINTY_ASSIGNED_CONTEXT ( ( #9850 ) ) GLOBAL_UNIT_ASSIGNED_CONTEXT ( ( #4309, #2686, #8104 ) ) REPRESENTATION_CONTEXT ( 'NONE', 'WORKASPACE' ) );
#1106 = ORIENTED_EDGE ( 'NONE', *, *, #9506, .T. ) ;
#1107 = PRESENTATION_STYLE_ASSIGNMENT (( #5166 ) ) ;
#1108 = PLANE ( 'NONE',  #6773 ) ;
#1109 = STYLED_ITEM ( 'NONE', ( #9601 ), #966 ) ;
#1110 = VECTOR ( 'NONE', #3200, 1000.000000000000000 ) ;
#1111 = CARTESIAN_POINT ( 'NONE',  ( 0.1000000000000004774, 0.1270000000000000018, 1.309999999999999387 ) ) ;
#1112 = ADVANCED_FACE ( 'NONE', ( #8414 ), #9898, .T. ) ;
#1113 = VERTEX_POINT ( 'NONE', #6765 ) ;
#1114 = DIRECTION ( 'NONE',  ( 0.0000000000000000000, 0.0000000000000000000, 1.000000000000000000 ) ) ;
#1115 = SURFACE_STYLE_USAGE ( .BOTH. , #8028 ) ;
#1116 = AXIS2_PLACEMENT_3D ( 'NONE', #2324, #6996, #260 ) ;
#1117 = CARTESIAN_POINT ( 'NONE',  ( -0.5992087339743591423, 0.5400000000000000355, 0.1554940767972742832 ) ) ;
#1118 = ORIENTED_EDGE ( 'NONE', *, *, #7628, .F. ) ;
#1119 =( NAMED_UNIT ( * ) SI_UNIT ( $, .STERADIAN. ) SOLID_ANGLE_UNIT ( ) );
#1120 = CARTESIAN_POINT ( 'NONE',  ( 0.9000000000000000222, 0.1270000000000000018, 0.09999999999999939493 ) ) ;
#1121 = PLANE ( 'NONE',  #7130 ) ;
#1122 = CARTESIAN_POINT ( 'NONE',  ( 0.3960837339743593644, 0.5500000000000000444, 0.03299808320753071927 ) ) ;
#1123 = CARTESIAN_POINT ( 'NONE',  ( -0.5176282051282052876, 0.5400000000000000355, 0.2829980832075307262 ) ) ;
#1124 = ORIENTED_EDGE ( 'NONE', *, *, #4648, .T. ) ;
#1125 = ORIENTED_EDGE ( 'NONE', *, *, #1925, .T. ) ;
#1126 = STYLED_ITEM ( 'NONE', ( #8642 ), #4357 ) ;
#1127 = CARTESIAN_POINT ( 'NONE',  ( -0.5992087339743591423, 0.5500000000000000444, 0.1554940767972742832 ) ) ;
#1128 = VERTEX_POINT ( 'NONE', #5550 ) ;
#1129 = FILL_AREA_STYLE ('',( #3585 ) ) ;
#1130 =( NAMED_UNIT ( * ) PLANE_ANGLE_UNIT ( ) SI_UNIT ( $, .RADIAN. ) );
#1131 = VERTEX_POINT ( 'NONE', #4051 ) ;
#1132 = EDGE_CURVE ( 'NONE', #7059, #6467, #593, .T. ) ;
#1133 =( NAMED_UNIT ( * ) SI_UNIT ( $, .STERADIAN. ) SOLID_ANGLE_UNIT ( ) );
#1134 = VERTEX_POINT ( 'NONE', #3142 ) ;
#1135 = LINE ( 'NONE', #4180, #7155 ) ;
#1136 = VERTEX_POINT ( 'NONE', #5478 ) ;
#1137 = FILL_AREA_STYLE_COLOUR ( '', #5050 ) ;
#1138 = CARTESIAN_POINT ( 'NONE',  ( 0.1000000000000004774, 0.1270000000000000018, -1.309999999999999387 ) ) ;
#1140 = ORIENTED_EDGE ( 'NONE', *, *, #7200, .F. ) ;
#1139 = MECHANICAL_DESIGN_GEOMETRIC_PRESENTATION_REPRESENTATION (  '', ( #1800 ), #2853 ) ;
#1141 = LINE ( 'NONE', #9673, #5826 ) ;
#1142 = VECTOR ( 'NONE', #6795, 1000.000000000000000 ) ;
#1143 = CARTESIAN_POINT ( 'NONE',  ( 0.6794871794871798487, 0.5400000000000000355, 0.2141879870536845809 ) ) ;
#1144 = EDGE_CURVE ( 'NONE', #6775, #8382, #1039, .T. ) ;
#1145 = EDGE_LOOP ( 'NONE', ( #973, #3861, #2423, #115, #7142, #2727 ) ) ;
#1146 = CARTESIAN_POINT ( 'NONE',  ( 0.6099999999999996536, 0.04999999999999999584, 0.09999999999999950595 ) ) ;
#1147 = VECTOR ( 'NONE', #100, 1000.000000000000000 ) ;
#1148 = CARTESIAN_POINT ( 'NONE',  ( 0.2000000000000004274, 0.1270000000000000018, -1.009999999999999565 ) ) ;
#1149 = EDGE_CURVE ( 'NONE', #2987, #2651, #5997, .T. ) ;
#1150 =( GEOMETRIC_REPRESENTATION_CONTEXT ( 3 ) GLOBAL_UNCERTAINTY_ASSIGNED_CONTEXT ( ( #4483 ) ) GLOBAL_UNIT_ASSIGNED_CONTEXT ( ( #8441, #9201, #4628 ) ) REPRESENTATION_CONTEXT ( 'NONE', 'WORKASPACE' ) );
#1151 = CARTESIAN_POINT ( 'NONE',  ( -0.9100000000000002531, 0.1270000000000000018, -0.7000000000000005107 ) ) ;
#1152 = SURFACE_STYLE_FILL_AREA ( #6922 ) ;
#1153 =( NAMED_UNIT ( * ) SI_UNIT ( $, .STERADIAN. ) SOLID_ANGLE_UNIT ( ) );
#1154 = PRESENTATION_LAYER_ASSIGNMENT (  '', '', ( #3444 ) ) ;
#1155 =( NAMED_UNIT ( * ) SI_UNIT ( $, .STERADIAN. ) SOLID_ANGLE_UNIT ( ) );
#1157 = ADVANCED_FACE ( 'NONE', ( #833 ), #6966, .T. ) ;
#1156 = MECHANICAL_DESIGN_GEOMETRIC_PRESENTATION_REPRESENTATION (  '', ( #3391 ), #438 ) ;
#1158 = DIRECTION ( 'NONE',  ( 0.0000000000000000000, 0.0000000000000000000, 1.000000000000000000 ) ) ;
#1159 = PLANE ( 'NONE',  #5594 ) ;
#1160 = VECTOR ( 'NONE', #4879, 1000.000000000000000 ) ;
#1161 = EDGE_CURVE ( 'NONE', #2092, #1422, #6970, .T. ) ;
#1162 =( NAMED_UNIT ( * ) SI_UNIT ( $, .STERADIAN. ) SOLID_ANGLE_UNIT ( ) );
#1163 = SURFACE_STYLE_FILL_AREA ( #8630 ) ;
#1164 =( NAMED_UNIT ( * ) SI_UNIT ( $, .STERADIAN. ) SOLID_ANGLE_UNIT ( ) );
#1165 = PRESENTATION_LAYER_ASSIGNMENT (  '', '', ( #6177 ) ) ;
#1166 = VECTOR ( 'NONE', #55, 1000.000000000000227 ) ;
#1167 = LINE ( 'NONE', #1097, #8614 ) ;
#1168 = ORIENTED_EDGE ( 'NONE', *, *, #3957, .T. ) ;
#1169 = COLOUR_RGB ( '',0.6666666666666666297, 0.6941176470588235059, 0.7647058823529411242 ) ;
#1170 = COLOUR_RGB ( '',0.6666666666666666297, 0.6941176470588235059, 0.7647058823529411242 ) ;
#1171 = CARTESIAN_POINT ( 'NONE',  ( -0.4399943394461798829, 0.5499999999999996003, 0.2257895001745790498 ) ) ;
#1172 = EDGE_LOOP ( 'NONE', ( #5443, #7817, #4750, #1178 ) ) ;
#1173 = SURFACE_STYLE_FILL_AREA ( #2040 ) ;
#1174 = DIRECTION ( 'NONE',  ( 0.0000000000000000000, -0.0000000000000000000, -1.000000000000000000 ) ) ;
#1175 = ORIENTED_EDGE ( 'NONE', *, *, #1144, .F. ) ;
#1176 = DIRECTION ( 'NONE',  ( -1.000000000000000000, 0.0000000000000000000, 0.0000000000000000000 ) ) ;
#1177 = CARTESIAN_POINT ( 'NONE',  ( -0.2949760420055269616, 0.5500000000000000444, 0.07010261141883536440 ) ) ;
#1178 = ORIENTED_EDGE ( 'NONE', *, *, #7279, .T. ) ;
#1179 = CARTESIAN_POINT ( 'NONE',  ( -0.5992087339743591423, 0.5400000000000000355, 0.1554940767972742832 ) ) ;
#1180 = ORIENTED_EDGE ( 'NONE', *, *, #4291, .T. ) ;
#1181 = VERTEX_POINT ( 'NONE', #4731 ) ;
#1182 = LINE ( 'NONE', #1127, #3028 ) ;
#1183 = DIRECTION ( 'NONE',  ( 0.0000000000000000000, -1.000000000000000000, 0.0000000000000000000 ) ) ;
#1184 = ORIENTED_EDGE ( 'NONE', *, *, #1805, .F. ) ;
#1185 = DIRECTION ( 'NONE',  ( -1.000000000000000000, 0.0000000000000000000, 0.0000000000000000000 ) ) ;
#1186 = CARTESIAN_POINT ( 'NONE',  ( -0.9000000000000002442, 0.5500000000000000444, -1.300000000000000266 ) ) ;
#1187 = ORIENTED_EDGE ( 'NONE', *, *, #2312, .F. ) ;
#1188 = CARTESIAN_POINT ( 'NONE',  ( -0.1999999999999995393, 0.1270000000000000018, 1.009999999999999787 ) ) ;
#1189 = CARTESIAN_POINT ( 'NONE',  ( 0.9000000000000000222, 0.1270000000000000018, -0.1000000000000001860 ) ) ;
#1190 =( NAMED_UNIT ( * ) SI_UNIT ( $, .STERADIAN. ) SOLID_ANGLE_UNIT ( ) );
#1191 = FACE_OUTER_BOUND ( 'NONE', #5757, .T. ) ;
#1192 = LINE ( 'NONE', #214, #2296 ) ;
#1193 = LINE ( 'NONE', #6472, #7810 ) ;
#1194 = UNCERTAINTY_MEASURE_WITH_UNIT (LENGTH_MEASURE( 1.000000000000000082E-05 ), #8917, 'distance_accuracy_value', 'NONE');
#1195 = EDGE_CURVE ( 'NONE', #2754, #1720, #9939, .T. ) ;
#1196 = CARTESIAN_POINT ( 'NONE',  ( -0.3580615957419579498, 0.5499999999999998224, 0.2636930745041762281 ) ) ;
#1197 = COLOUR_RGB ( '',0.6666666666666666297, 0.6941176470588235059, 0.7647058823529411242 ) ;
#1198 = EDGE_CURVE ( 'NONE', #5040, #7342, #2712, .T. ) ;
#1199 = EDGE_LOOP ( 'NONE', ( #687, #4444, #9529, #9207 ) ) ;
#1200 = DIRECTION ( 'NONE',  ( 0.0000000000000000000, 1.000000000000000000, -0.0000000000000000000 ) ) ;
#1201 = LINE ( 'NONE', #4447, #4255 ) ;
#1202 = ADVANCED_FACE ( 'NONE', ( #6034 ), #7838, .T. ) ;
#1203 = CARTESIAN_POINT ( 'NONE',  ( 0.8999999999999998002, 0.1270000000000000018, -1.300000000000000266 ) ) ;
#1204 = CARTESIAN_POINT ( 'NONE',  ( 0.9100000000000002531, 0.1270000000000000018, -0.5000000000000002220 ) ) ;
#1205 =( GEOMETRIC_REPRESENTATION_CONTEXT ( 3 ) GLOBAL_UNCERTAINTY_ASSIGNED_CONTEXT ( ( #6659 ) ) GLOBAL_UNIT_ASSIGNED_CONTEXT ( ( #7455, #6781, #561 ) ) REPRESENTATION_CONTEXT ( 'NONE', 'WORKASPACE' ) );
#1206 = CARTESIAN_POINT ( 'NONE',  ( -0.2733859504368569282, 0.5500000000000000444, 0.08799677657361133776 ) ) ;
#1207 = COLOUR_RGB ( '',1.000000000000000000, 1.000000000000000000, 1.000000000000000000 ) ;
#1208 = LINE ( 'NONE', #2584, #5063 ) ;
#1209 = ORIENTED_EDGE ( 'NONE', *, *, #2685, .F. ) ;
#1210 = CARTESIAN_POINT ( 'NONE',  ( 0.6237980769230773159, 0.5400000000000000355, 0.2894083396177871137 ) ) ;
#1211 = VECTOR ( 'NONE', #9623, 999.9999999999998863 ) ;
#1212 = AXIS2_PLACEMENT_3D ( 'NONE', #2457, #6256, #6921 ) ;
#1213 = SURFACE_STYLE_USAGE ( .BOTH. , #8846 ) ;
#1214 = EDGE_CURVE ( 'NONE', #5875, #123, #7226, .T. ) ;
#1215 = CARTESIAN_POINT ( 'NONE',  ( -0.3648868041064635137, 0.5500000000000001554, 0.02670078214417814788 ) ) ;
#1216 = EDGE_CURVE ( 'NONE', #1984, #7141, #1654, .T. ) ;
#1217 = ORIENTED_EDGE ( 'NONE', *, *, #9312, .F. ) ;
#1218 = VERTEX_POINT ( 'NONE', #7667 ) ;
#1219 = MECHANICAL_DESIGN_GEOMETRIC_PRESENTATION_REPRESENTATION (  '', ( #4523 ), #5021 ) ;
#1220 = DIRECTION ( 'NONE',  ( 0.0000000000000000000, -0.0000000000000000000, 1.000000000000000000 ) ) ;
#1221 = CARTESIAN_POINT ( 'NONE',  ( 0.6543066385350763126, 0.5499999999999999334, 0.1725095674036692117 ) ) ;
#1222 = DIRECTION ( 'NONE',  ( 0.6320722116947490310, 0.0000000000000000000, 0.7749094909751127469 ) ) ;
#1223 = CARTESIAN_POINT ( 'NONE',  ( 0.5972335280741000174, 0.5400000000000000355, 0.1699805894889630797 ) ) ;
#1224 = VERTEX_POINT ( 'NONE', #7566 ) ;
#1225 = SURFACE_SIDE_STYLE ('',( #1563 ) ) ;
#1226 = VERTEX_POINT ( 'NONE', #3863 ) ;
#1227 = CARTESIAN_POINT ( 'NONE',  ( 0.6996282744567537959, 0.5399999999999999245, 0.2332456004709650421 ) ) ;
#1228 = UNCERTAINTY_MEASURE_WITH_UNIT (LENGTH_MEASURE( 1.000000000000000082E-05 ), #7210, 'distance_accuracy_value', 'NONE');
#1229 = LINE ( 'NONE', #8338, #2730 ) ;
#1230 = ORIENTED_EDGE ( 'NONE', *, *, #6432, .T. ) ;
#1231 = CARTESIAN_POINT ( 'NONE',  ( 0.2000000000000004274, 0.1270000000000000018, 0.9099999999999996980 ) ) ;
#1232 = DIRECTION ( 'NONE',  ( -0.0000000000000000000, -1.000000000000000000, -0.0000000000000000000 ) ) ;
#1233 = AXIS2_PLACEMENT_3D ( 'NONE', #6313, #1716, #7861 ) ;
#1234 = FILL_AREA_STYLE_COLOUR ( '', #7621 ) ;
#1235 = VERTEX_POINT ( 'NONE', #708 ) ;
#1236 = DIRECTION ( 'NONE',  ( 0.0000000000000000000, 0.0000000000000000000, 1.000000000000000000 ) ) ;
#1237 = AXIS2_PLACEMENT_3D ( 'NONE', #8685, #2579, #996 ) ;
#1238 = VERTEX_POINT ( 'NONE', #6791 ) ;
#1239 = SURFACE_STYLE_USAGE ( .BOTH. , #4247 ) ;
#1240 = CARTESIAN_POINT ( 'NONE',  ( -0.2810496794871794601, 0.5400000000000000355, 0.2366739646177871415 ) ) ;
#1241 = CARTESIAN_POINT ( 'NONE',  ( -0.3974751373091746642, 0.5399999999999997025, 0.06019374753720231619 ) ) ;
#1242 = SURFACE_SIDE_STYLE ('',( #2654 ) ) ;
#1243 = ADVANCED_FACE ( 'NONE', ( #8255 ), #3576, .T. ) ;
#1244 = STYLED_ITEM ( 'NONE', ( #2795 ), #4400 ) ;
#1245 = PLANE ( 'NONE',  #9826 ) ;
#1246 = CARTESIAN_POINT ( 'NONE',  ( -0.9000000000000000222, 0.05000000000000000278, -0.5000000000000002220 ) ) ;
#1247 = CARTESIAN_POINT ( 'NONE',  ( 0.6754606300349863535, 0.5400000000000002576, 0.1949486615587253113 ) ) ;
#1248 = CARTESIAN_POINT ( 'NONE',  ( 0.7000000000000002887, 0.0000000000000000000, -1.309999999999999387 ) ) ;
#1249 = EDGE_CURVE ( 'NONE', #757, #5029, #798, .T. ) ;
#1250 = CARTESIAN_POINT ( 'NONE',  ( 0.5816323061586913257, 0.5400000000000002576, 0.1825564410027176732 ) ) ;
#1251 = CARTESIAN_POINT ( 'NONE',  ( -0.4466712235747273274, 0.5499999999999994893, 0.2175748631805408673 ) ) ;
#1252 = MECHANICAL_DESIGN_GEOMETRIC_PRESENTATION_REPRESENTATION (  '', ( #5577 ), #6607 ) ;
#1253 = ORIENTED_EDGE ( 'NONE', *, *, #6879, .F. ) ;
#1254 = CARTESIAN_POINT ( 'NONE',  ( -0.6999999999999994005, 0.1270000000000000018, -1.009999999999999565 ) ) ;
#1255 =( GEOMETRIC_REPRESENTATION_CONTEXT ( 3 ) GLOBAL_UNCERTAINTY_ASSIGNED_CONTEXT ( ( #8841 ) ) GLOBAL_UNIT_ASSIGNED_CONTEXT ( ( #2928, #6577, #6634 ) ) REPRESENTATION_CONTEXT ( 'NONE', 'WORKASPACE' ) );
#1256 = MECHANICAL_DESIGN_GEOMETRIC_PRESENTATION_REPRESENTATION (  '', ( #2677 ), #751 ) ;
#1257 = DIRECTION ( 'NONE',  ( -1.000000000000000000, 0.0000000000000000000, 0.0000000000000000000 ) ) ;
#1258 = EDGE_CURVE ( 'NONE', #394, #8803, #2025, .T. ) ;
#1259 = FACE_OUTER_BOUND ( 'NONE', #9538, .T. ) ;
#1260 = LINE ( 'NONE', #7188, #9904 ) ;
#1261 =( NAMED_UNIT ( * ) PLANE_ANGLE_UNIT ( ) SI_UNIT ( $, .RADIAN. ) );
#1262 = CARTESIAN_POINT ( 'NONE',  ( 0.6000000000000004219, 0.0000000000000000000, -1.009999999999999565 ) ) ;
#1263 = SURFACE_STYLE_USAGE ( .BOTH. , #3000 ) ;
#1264 = EDGE_CURVE ( 'NONE', #7017, #7670, #321, .T. ) ;
#1265 = VECTOR ( 'NONE', #502, 1000.000000000000000 ) ;
#1266 = CARTESIAN_POINT ( 'NONE',  ( -0.3178838562897904896, 0.5499999999999999334, 0.2582351491553638856 ) ) ;
#1267 = MECHANICAL_DESIGN_GEOMETRIC_PRESENTATION_REPRESENTATION (  '', ( #7787 ), #6946 ) ;
#1268 = FACE_OUTER_BOUND ( 'NONE', #1874, .T. ) ;
#1269 =( LENGTH_UNIT ( ) NAMED_UNIT ( * ) SI_UNIT ( .MILLI., .METRE. ) );
#1270 = ORIENTED_EDGE ( 'NONE', *, *, #7651, .F. ) ;
#1271 = CARTESIAN_POINT ( 'NONE',  ( -0.4332374932377451304, 0.5499999999999999334, 0.08311147269930281578 ) ) ;
#1272 = SURFACE_SIDE_STYLE ('',( #7176 ) ) ;
#1273 = STYLED_ITEM ( 'NONE', ( #8243 ), #9711 ) ;
#1274 = DIRECTION ( 'NONE',  ( -0.0000000000000000000, -1.000000000000000000, -0.0000000000000000000 ) ) ;
#1275 = SURFACE_STYLE_FILL_AREA ( #5440 ) ;
#1276 = ORIENTED_EDGE ( 'NONE', *, *, #9429, .F. ) ;
#1277 = CARTESIAN_POINT ( 'NONE',  ( 0.5000000000000004441, 0.1270000000000000018, 1.309999999999999387 ) ) ;
#1278 = COLOUR_RGB ( '',0.6666666666666666297, 0.6941176470588235059, 0.7647058823529411242 ) ;
#1279 = CARTESIAN_POINT ( 'NONE',  ( 0.6701949191941901640, 0.5500000000000000444, 0.1864981238332163727 ) ) ;
#1280 = DIRECTION ( 'NONE',  ( 0.0000000000000000000, 0.0000000000000000000, 1.000000000000000000 ) ) ;
#1281 = LINE ( 'NONE', #5481, #4433 ) ;
#1282 = LINE ( 'NONE', #6786, #4327 ) ;
#1283 = DIRECTION ( 'NONE',  ( 0.0000000000000000000, 0.0000000000000000000, 1.000000000000000000 ) ) ;
#1284 =( GEOMETRIC_REPRESENTATION_CONTEXT ( 3 ) GLOBAL_UNCERTAINTY_ASSIGNED_CONTEXT ( ( #9915 ) ) GLOBAL_UNIT_ASSIGNED_CONTEXT ( ( #3554, #2649, #9544 ) ) REPRESENTATION_CONTEXT ( 'NONE', 'WORKASPACE' ) );
#1285 = EDGE_LOOP ( 'NONE', ( #7552, #8627, #242, #6157, #1675, #3467 ) ) ;
#1286 = VECTOR ( 'NONE', #1236, 1000.000000000000000 ) ;
#1287 = VERTEX_POINT ( 'NONE', #3202 ) ;
#1288 = ORIENTED_EDGE ( 'NONE', *, *, #9575, .T. ) ;
#1289 = VECTOR ( 'NONE', #1274, 1000.000000000000000 ) ;
#1290 = ORIENTED_EDGE ( 'NONE', *, *, #8210, .T. ) ;
#1291 = PRESENTATION_LAYER_ASSIGNMENT (  '', '', ( #5414 ) ) ;
#1292 = DIRECTION ( 'NONE',  ( -0.0000000000000000000, -1.000000000000000000, -0.0000000000000000000 ) ) ;
#1293 = LINE ( 'NONE', #9481, #6474 ) ;
#1294 = PRESENTATION_STYLE_ASSIGNMENT (( #7090 ) ) ;
#1295 = DIRECTION ( 'NONE',  ( -0.0000000000000000000, -0.0000000000000000000, -1.000000000000000000 ) ) ;
#1296 = ADVANCED_FACE ( 'NONE', ( #8022 ), #287, .T. ) ;
#1297 = ORIENTED_EDGE ( 'NONE', *, *, #6409, .F. ) ;
#1298 = CARTESIAN_POINT ( 'NONE',  ( 0.6277544070512826035, 0.5400000000000001465, 0.1387673139767615083 ) ) ;
#1299 = CARTESIAN_POINT ( 'NONE',  ( 0.9100000000000002531, 0.1270000000000000018, -0.7000000000000005107 ) ) ;
#1300 = VECTOR ( 'NONE', #5489, 1000.000000000000000 ) ;
#1301 = ORIENTED_EDGE ( 'NONE', *, *, #4085, .F. ) ;
#1302 = CARTESIAN_POINT ( 'NONE',  ( -0.3488081039395646288, 0.5500000000000000444, 0.05231667502881028053 ) ) ;
#1303 = FILL_AREA_STYLE ('',( #6038 ) ) ;
#1304 = AXIS2_PLACEMENT_3D ( 'NONE', #2855, #4271, #396 ) ;
#1305 = EDGE_LOOP ( 'NONE', ( #1862, #5918, #367, #3755 ) ) ;
#1306 = FILL_AREA_STYLE ('',( #8997 ) ) ;
#1307 = CARTESIAN_POINT ( 'NONE',  ( 0.0000000000000000000, 0.05000000000000000278, 0.6999999999999997335 ) ) ;
#1308 = CARTESIAN_POINT ( 'NONE',  ( -0.4221764302159043969, 0.5499999999999999334, 0.04387072048357277404 ) ) ;
#1309 =( NAMED_UNIT ( * ) PLANE_ANGLE_UNIT ( ) SI_UNIT ( $, .RADIAN. ) );
#1310 =( NAMED_UNIT ( * ) PLANE_ANGLE_UNIT ( ) SI_UNIT ( $, .RADIAN. ) );
#1311 = CARTESIAN_POINT ( 'NONE',  ( 0.5559224781836688001, 0.5400000000000001465, 0.1767742904293165551 ) ) ;
#1312 = CARTESIAN_POINT ( 'NONE',  ( 0.6673038874701531231, 0.5400000000000000355, 0.2456409262948136829 ) ) ;
#1313 = FILL_AREA_STYLE ('',( #538 ) ) ;
#1314 = UNCERTAINTY_MEASURE_WITH_UNIT (LENGTH_MEASURE( 1.000000000000000082E-05 ), #1903, 'distance_accuracy_value', 'NONE');
#1315 = CARTESIAN_POINT ( 'NONE',  ( 0.6230468750000004441, 0.5499999999999997113, 0.1644083396177871415 ) ) ;
#1316 = UNCERTAINTY_MEASURE_WITH_UNIT (LENGTH_MEASURE( 1.000000000000000082E-05 ), #7094, 'distance_accuracy_value', 'NONE');
#1317 = CARTESIAN_POINT ( 'NONE',  ( -0.2555588942307692180, 0.5500000000000000444, 0.3022288524382999442 ) ) ;
#1318 = CIRCLE ( 'NONE', #4104, 0.1000000000000001582 ) ;
#1319 = VERTEX_POINT ( 'NONE', #9264 ) ;
#1320 = VECTOR ( 'NONE', #7301, 1000.000000000000000 ) ;
#1321 = EDGE_CURVE ( 'NONE', #6091, #6467, #2660, .T. ) ;
#1322 = EDGE_CURVE ( 'NONE', #9583, #6766, #1789, .T. ) ;
#1323 = SURFACE_SIDE_STYLE ('',( #3779 ) ) ;
#1324 = ORIENTED_EDGE ( 'NONE', *, *, #9827, .F. ) ;
#1325 =( LENGTH_UNIT ( ) NAMED_UNIT ( * ) SI_UNIT ( .MILLI., .METRE. ) );
#1326 = EDGE_CURVE ( 'NONE', #9508, #7008, #4715, .T. ) ;
#1327 = SURFACE_STYLE_FILL_AREA ( #358 ) ;
#1328 = CARTESIAN_POINT ( 'NONE',  ( -0.6121794871794873361, 0.5500000000000000444, 0.1352617050024025047 ) ) ;
#1329 = CARTESIAN_POINT ( 'NONE',  ( 0.0000000000000000000, 0.05000000000000000278, 0.4999999999999994449 ) ) ;
#1330 = APPLICATION_CONTEXT ( 'automotive_design' ) ;
#1331 = PRESENTATION_LAYER_ASSIGNMENT (  '', '', ( #9761 ) ) ;
#1332 = LINE ( 'NONE', #9699, #1845 ) ;
#1333 =( GEOMETRIC_REPRESENTATION_CONTEXT ( 3 ) GLOBAL_UNCERTAINTY_ASSIGNED_CONTEXT ( ( #9109 ) ) GLOBAL_UNIT_ASSIGNED_CONTEXT ( ( #1626, #9955, #7022 ) ) REPRESENTATION_CONTEXT ( 'NONE', 'WORKASPACE' ) );
#1334 = ORIENTED_EDGE ( 'NONE', *, *, #2859, .F. ) ;
#1335 = SURFACE_STYLE_USAGE ( .BOTH. , #6756 ) ;
#1336 = EDGE_CURVE ( 'NONE', #1113, #8468, #9694, .T. ) ;
#1337 = SURFACE_STYLE_USAGE ( .BOTH. , #527 ) ;
#1338 = ORIENTED_EDGE ( 'NONE', *, *, #1096, .F. ) ;
#1339 = DIRECTION ( 'NONE',  ( -0.5389461971344259306, 0.0000000000000000000, 0.8423401905372559506 ) ) ;
#1340 = CARTESIAN_POINT ( 'NONE',  ( -0.3701678650921277347, 0.5499999999999999334, 0.05307103511161639225 ) ) ;
#1341 = MECHANICAL_DESIGN_GEOMETRIC_PRESENTATION_REPRESENTATION (  '', ( #3263 ), #7533 ) ;
#1342 = ADVANCED_FACE ( 'NONE', ( #3619 ), #8733, .F. ) ;
#1343 = CARTESIAN_POINT ( 'NONE',  ( 0.5726586751762783312, 0.5499999999999999334, 0.2287685697394984119 ) ) ;
#1344 =( NAMED_UNIT ( * ) SI_UNIT ( $, .STERADIAN. ) SOLID_ANGLE_UNIT ( ) );
#1345 = AXIS2_PLACEMENT_3D ( 'NONE', #801, #771, #2382 ) ;
#1346 = EDGE_LOOP ( 'NONE', ( #6839, #6780, #1276, #5307 ) ) ;
#1347 = CARTESIAN_POINT ( 'NONE',  ( 0.5514699170124160998, 0.5400000000000001465, 0.1893468415404448713 ) ) ;
#1348 = LINE ( 'NONE', #1204, #3307 ) ;
#1349 = CARTESIAN_POINT ( 'NONE',  ( 0.6635443204459300359, 0.5500000000000001554, 0.2493104157199825532 ) ) ;
#1350 = CARTESIAN_POINT ( 'NONE',  ( -0.2833032852564102422, 0.5400000000000000355, 0.2682745255152230168 ) ) ;
#1351 = VERTEX_POINT ( 'NONE', #4178 ) ;
#1352 = FILL_AREA_STYLE_COLOUR ( '', #6483 ) ;
#1353 = EDGE_LOOP ( 'NONE', ( #8527, #6633, #4980, #4375 ) ) ;
#1354 = UNCERTAINTY_MEASURE_WITH_UNIT (LENGTH_MEASURE( 1.000000000000000082E-05 ), #6575, 'distance_accuracy_value', 'NONE');
#1355 = FACE_OUTER_BOUND ( 'NONE', #5141, .T. ) ;
#1356 = ORIENTED_EDGE ( 'NONE', *, *, #9243, .F. ) ;
#1357 = CARTESIAN_POINT ( 'NONE',  ( -0.2949760420055269616, 0.5400000000000000355, 0.07010261141883536440 ) ) ;
#1358 = ORIENTED_EDGE ( 'NONE', *, *, #2543, .F. ) ;
#1359 = CARTESIAN_POINT ( 'NONE',  ( -0.4280631545353683065, 0.5400000000000001465, 0.07844950275941410534 ) ) ;
#1360 = ORIENTED_EDGE ( 'NONE', *, *, #9295, .T. ) ;
#1361 = VECTOR ( 'NONE', #8286, 1000.000000000000000 ) ;
#1362 =( NAMED_UNIT ( * ) SI_UNIT ( $, .STERADIAN. ) SOLID_ANGLE_UNIT ( ) );
#1363 = MECHANICAL_DESIGN_GEOMETRIC_PRESENTATION_REPRESENTATION (  '', ( #4984 ), #2580 ) ;
#1364 = EDGE_LOOP ( 'NONE', ( #8331, #2923, #2489, #4573 ) ) ;
#1365 = CARTESIAN_POINT ( 'NONE',  ( 0.7016214027439442447, 0.5500000000000000444, 0.2232186928706441087 ) ) ;
#1366 = CARTESIAN_POINT ( 'NONE',  ( -0.2833032852564102422, 0.5400000000000000355, 0.2682745255152230168 ) ) ;
#1367 = CARTESIAN_POINT ( 'NONE',  ( -0.2467948717948718063, 0.5400000000000000355, 0.1576475223100948231 ) ) ;
#1368 = ORIENTED_EDGE ( 'NONE', *, *, #5828, .T. ) ;
#1369 = LINE ( 'NONE', #7317, #4992 ) ;
#1370 = CARTESIAN_POINT ( 'NONE',  ( -0.7035256410256411908, 0.5400000000000000355, 0.03299808320753071927 ) ) ;
#1371 = VECTOR ( 'NONE', #6218, 1000.000000000000000 ) ;
#1372 =( NAMED_UNIT ( * ) PLANE_ANGLE_UNIT ( ) SI_UNIT ( $, .RADIAN. ) );
#1373 = ORIENTED_EDGE ( 'NONE', *, *, #220, .T. ) ;
#1374 = DIRECTION ( 'NONE',  ( -1.000000000000000000, 0.0000000000000000000, 0.0000000000000000000 ) ) ;
#1375 = CARTESIAN_POINT ( 'NONE',  ( 0.5705575606185623316, 0.5500000000000000444, 0.2158772713310420088 ) ) ;
#1376 =( LENGTH_UNIT ( ) NAMED_UNIT ( * ) SI_UNIT ( .MILLI., .METRE. ) );
#1377 = CARTESIAN_POINT ( 'NONE',  ( -0.9100000000000002531, 0.1270000000000000018, -0.3000000000000005995 ) ) ;
#1378 = CARTESIAN_POINT ( 'NONE',  ( 0.6459418314695944963, 0.5499999999999998224, 0.2601791353845584465 ) ) ;
#1379 = PRESENTATION_STYLE_ASSIGNMENT (( #383 ) ) ;
#1380 = DIRECTION ( 'NONE',  ( 0.0000000000000000000, 0.0000000000000000000, 1.000000000000000000 ) ) ;
#1381 = LINE ( 'NONE', #3902, #7296 ) ;
#1382 = PRESENTATION_STYLE_ASSIGNMENT (( #3387 ) ) ;
#1383 = EDGE_CURVE ( 'NONE', #2869, #4401, #5843, .T. ) ;
#1384 = CARTESIAN_POINT ( 'NONE',  ( 0.5724840614793942351, 0.5500000000000000444, 0.1995115957933032980 ) ) ;
#1385 = LINE ( 'NONE', #7468, #542 ) ;
#1386 = SURFACE_SIDE_STYLE ('',( #792 ) ) ;
#1387 = AXIS2_PLACEMENT_3D ( 'NONE', #7232, #1757, #7127 ) ;
#1388 = FACE_OUTER_BOUND ( 'NONE', #8502, .T. ) ;
#1389 = CARTESIAN_POINT ( 'NONE',  ( -0.4332374932377451304, 0.5399999999999999245, 0.08311147269930281578 ) ) ;
#1390 = MECHANICAL_DESIGN_GEOMETRIC_PRESENTATION_REPRESENTATION (  '', ( #4019 ), #161 ) ;
#1391 = ADVANCED_FACE ( 'NONE', ( #8486 ), #7198, .F. ) ;
#1392 = LINE ( 'NONE', #772, #8249 ) ;
#1393 = CARTESIAN_POINT ( 'NONE',  ( -0.2999999999999994893, 0.0000000000000000000, -1.309999999999999609 ) ) ;
#1394 = AXIS2_PLACEMENT_3D ( 'NONE', #2363, #1637, #2331 ) ;
#1395 = CYLINDRICAL_SURFACE ( 'NONE', #8096, 0.09999999999999993616 ) ;
#1396 = EDGE_CURVE ( 'NONE', #8698, #5299, #1777, .T. ) ;
#1397 = VECTOR ( 'NONE', #3964, 1000.000000000000000 ) ;
#1398 = EDGE_CURVE ( 'NONE', #1850, #4740, #675, .T. ) ;
#1399 = CARTESIAN_POINT ( 'NONE',  ( 0.6921041906597199533, 0.5500000000000000444, 0.2517231495353542958 ) ) ;
#1400 = DIRECTION ( 'NONE',  ( -0.0000000000000000000, -1.000000000000000000, -0.0000000000000000000 ) ) ;
#1401 = SURFACE_STYLE_FILL_AREA ( #2342 ) ;
#1402 = ORIENTED_EDGE ( 'NONE', *, *, #9312, .T. ) ;
#1403 = CARTESIAN_POINT ( 'NONE',  ( -0.2552127161217210838, 0.5400000000000001465, 0.2004637907756898207 ) ) ;
#1404 = AXIS2_PLACEMENT_3D ( 'NONE', #3664, #2124, #2412 ) ;
#1405 =( NAMED_UNIT ( * ) PLANE_ANGLE_UNIT ( ) SI_UNIT ( $, .RADIAN. ) );
#1406 = ORIENTED_EDGE ( 'NONE', *, *, #5531, .T. ) ;
#1407 = VECTOR ( 'NONE', #6296, 1000.000000000000000 ) ;
#1408 = FILL_AREA_STYLE ('',( #8436 ) ) ;
#1409 = PRESENTATION_LAYER_ASSIGNMENT (  '', '', ( #1819 ) ) ;
#1410 = COLOUR_RGB ( '',0.6666666666666666297, 0.6941176470588235059, 0.7647058823529411242 ) ;
#1411 = CARTESIAN_POINT ( 'NONE',  ( 0.3237179487179489001, 0.5400000000000000355, 0.1996647498741973836 ) ) ;
#1412 = FILL_AREA_STYLE ('',( #3070 ) ) ;
#1413 = VERTEX_POINT ( 'NONE', #2524 ) ;
#1414 = CARTESIAN_POINT ( 'NONE',  ( -0.2561028544453846645, 0.5500000000000000444, 0.2452842399465932077 ) ) ;
#1415 = CARTESIAN_POINT ( 'NONE',  ( 0.5000000000000004441, 0.05000000000000000278, -1.300000000000000266 ) ) ;
#1416 = ORIENTED_EDGE ( 'NONE', *, *, #8971, .F. ) ;
#1417 = CARTESIAN_POINT ( 'NONE',  ( 0.6000000000000004219, 0.1270000000000000018, 1.009999999999999565 ) ) ;
#1418 = DIRECTION ( 'NONE',  ( 0.0000000000000000000, 1.000000000000000000, 0.0000000000000000000 ) ) ;
#1419 = ORIENTED_EDGE ( 'NONE', *, *, #6161, .F. ) ;
#1420 = FACE_OUTER_BOUND ( 'NONE', #7254, .T. ) ;
#1421 = CARTESIAN_POINT ( 'NONE',  ( 0.9000000000000001332, 0.5500000000000000444, 0.4999999999999995559 ) ) ;
#1422 = VERTEX_POINT ( 'NONE', #8640 ) ;
#1423 = CARTESIAN_POINT ( 'NONE',  ( 0.5740904954626621093, 0.5499999999999997113, 0.1949797029654818936 ) ) ;
#1424 = CIRCLE ( 'NONE', #1440, 0.1000000000000001582 ) ;
#1425 = DIRECTION ( 'NONE',  ( -0.0000000000000000000, 1.000000000000000000, -0.0000000000000000000 ) ) ;
#1426 = EDGE_LOOP ( 'NONE', ( #1184, #1790, #7873, #3178 ) ) ;
#1427 = CARTESIAN_POINT ( 'NONE',  ( -0.3685627476083792597, 0.5500000000000001554, 0.2890833027849579739 ) ) ;
#1428 = AXIS2_PLACEMENT_3D ( 'NONE', #4878, #3492, #5000 ) ;
#1429 = CARTESIAN_POINT ( 'NONE',  ( -0.2487116065675150089, 0.5400000000000001465, 0.1364184559148161890 ) ) ;
#1430 = LINE ( 'NONE', #4638, #468 ) ;
#1431 = CARTESIAN_POINT ( 'NONE',  ( -0.4647435897435897023, 0.5400000000000000355, 0.1589996857716332868 ) ) ;
#1432 =( NAMED_UNIT ( * ) PLANE_ANGLE_UNIT ( ) SI_UNIT ( $, .RADIAN. ) );
#1433 = UNCERTAINTY_MEASURE_WITH_UNIT (LENGTH_MEASURE( 1.000000000000000082E-05 ), #4071, 'distance_accuracy_value', 'NONE');
#1434 = FILL_AREA_STYLE ('',( #7559 ) ) ;
#1435 = CIRCLE ( 'NONE', #3663, 0.1000000000000000472 ) ;
#1436 = CARTESIAN_POINT ( 'NONE',  ( -0.4999999999999995559, 0.0000000000000000000, -1.009999999999999565 ) ) ;
#1437 = LINE ( 'NONE', #6693, #4251 ) ;
#1438 = ORIENTED_EDGE ( 'NONE', *, *, #829, .T. ) ;
#1439 = SURFACE_STYLE_USAGE ( .BOTH. , #3923 ) ;
#1440 = AXIS2_PLACEMENT_3D ( 'NONE', #3704, #4461, #5213 ) ;
#1441 = DIRECTION ( 'NONE',  ( 1.000000000000000000, -0.0000000000000000000, 3.614007241618349264E-16 ) ) ;
#1442 = CARTESIAN_POINT ( 'NONE',  ( 0.6785594201622626720, 0.5500000000000001554, 0.2240718034955502813 ) ) ;
#1443 = PLANE ( 'NONE',  #6314 ) ;
#1444 = ORIENTED_EDGE ( 'NONE', *, *, #8681, .T. ) ;
#1445 = EDGE_CURVE ( 'NONE', #9362, #5779, #6681, .T. ) ;
#1446 = CARTESIAN_POINT ( 'NONE',  ( 0.6089899365247679608, 0.5400000000000001465, 0.2618087968369680607 ) ) ;
#1447 = VECTOR ( 'NONE', #3196, 1000.000000000000000 ) ;
#1448 = DIRECTION ( 'NONE',  ( -0.0000000000000000000, -1.000000000000000000, -0.0000000000000000000 ) ) ;
#1449 = DIRECTION ( 'NONE',  ( -0.0000000000000000000, 1.000000000000000000, -0.0000000000000000000 ) ) ;
#1450 = LINE ( 'NONE', #1101, #6261 ) ;
#1451 = ORIENTED_EDGE ( 'NONE', *, *, #1090, .F. ) ;
#1452 = CARTESIAN_POINT ( 'NONE',  ( -0.2247155022939579527, 0.5500000000000000444, 0.1723335208761968274 ) ) ;
#1453 = CARTESIAN_POINT ( 'NONE',  ( 0.6358614866674757726, 0.5399999999999998135, 0.2629560938272449966 ) ) ;
#1454 = CARTESIAN_POINT ( 'NONE',  ( -0.3089661849070209354, 0.5400000000000001465, 0.2812293128027903433 ) ) ;
#1455 = PRESENTATION_LAYER_ASSIGNMENT (  '', '', ( #5577 ) ) ;
#1456 = CARTESIAN_POINT ( 'NONE',  ( -0.3550681089743589758, 0.5500000000000000444, 0.2894083396177871137 ) ) ;
#1457 = LINE ( 'NONE', #3093, #6390 ) ;
#1458 = LINE ( 'NONE', #6683, #8081 ) ;
#1459 = AXIS2_PLACEMENT_3D ( 'NONE', #8229, #5177, #4524 ) ;
#1460 = LINE ( 'NONE', #4095, #9384 ) ;
#1461 = VERTEX_POINT ( 'NONE', #7938 ) ;
#1462 = EDGE_LOOP ( 'NONE', ( #9922, #395, #8185, #5933 ) ) ;
#1463 = CARTESIAN_POINT ( 'NONE',  ( -0.4579618483150065256, 0.5400000000000002576, 0.2417658528313244570 ) ) ;
#1464 = ADVANCED_FACE ( 'NONE', ( #5120 ), #3338, .F. ) ;
#1465 = EDGE_CURVE ( 'NONE', #8616, #2698, #2262, .T. ) ;
#1466 = CARTESIAN_POINT ( 'NONE',  ( -0.2890441973124194264, 0.5499999999999996003, 0.07415029395470972007 ) ) ;
#1467 = VECTOR ( 'NONE', #6052, 1000.000000000000000 ) ;
#1468 = ORIENTED_EDGE ( 'NONE', *, *, #3878, .T. ) ;
#1469 = DIRECTION ( 'NONE',  ( 1.000000000000000000, 0.0000000000000000000, 0.0000000000000000000 ) ) ;
#1470 = EDGE_CURVE ( 'NONE', #4917, #2869, #546, .T. ) ;
#1471 = EDGE_LOOP ( 'NONE', ( #5983, #2706, #9282, #4241 ) ) ;
#1472 = PRESENTATION_LAYER_ASSIGNMENT (  '', '', ( #4898 ) ) ;
#1473 = CARTESIAN_POINT ( 'NONE',  ( -0.9100000000000002531, 0.1270000000000000018, -0.5000000000000002220 ) ) ;
#1474 =( GEOMETRIC_REPRESENTATION_CONTEXT ( 3 ) GLOBAL_UNCERTAINTY_ASSIGNED_CONTEXT ( ( #7120 ) ) GLOBAL_UNIT_ASSIGNED_CONTEXT ( ( #2227, #3756, #7517 ) ) REPRESENTATION_CONTEXT ( 'NONE', 'WORKASPACE' ) );
#1475 = CARTESIAN_POINT ( 'NONE',  ( -0.2244689470247067387, 0.5500000000000000444, 0.1537515091200723216 ) ) ;
#1476 = ORIENTED_EDGE ( 'NONE', *, *, #5202, .T. ) ;
#1477 = DIRECTION ( 'NONE',  ( -0.0000000000000000000, 1.000000000000000000, -0.0000000000000000000 ) ) ;
#1478 =( GEOMETRIC_REPRESENTATION_CONTEXT ( 3 ) GLOBAL_UNCERTAINTY_ASSIGNED_CONTEXT ( ( #6414 ) ) GLOBAL_UNIT_ASSIGNED_CONTEXT ( ( #9640, #5790, #8849 ) ) REPRESENTATION_CONTEXT ( 'NONE', 'WORKASPACE' ) );
#1479 = FACE_OUTER_BOUND ( 'NONE', #9477, .T. ) ;
#1480 = ORIENTED_EDGE ( 'NONE', *, *, #5797, .T. ) ;
#1481 = SURFACE_STYLE_USAGE ( .BOTH. , #4619 ) ;
#1482 = EDGE_CURVE ( 'NONE', #9286, #9574, #4093, .T. ) ;
#1483 = CARTESIAN_POINT ( 'NONE',  ( -0.1730769230769231282, 0.5400000000000000355, 0.2829980832075307262 ) ) ;
#1484 = VERTEX_POINT ( 'NONE', #9525 ) ;
#1485 = CARTESIAN_POINT ( 'NONE',  ( 0.6195080372088381804, 0.5500000000000000444, 0.2636046543551101018 ) ) ;
#1486 = MECHANICAL_DESIGN_GEOMETRIC_PRESENTATION_REPRESENTATION (  '', ( #3716 ), #1284 ) ;
#1487 = ORIENTED_EDGE ( 'NONE', *, *, #3824, .T. ) ;
#1488 = CARTESIAN_POINT ( 'NONE',  ( 0.9100000000000002531, 0.0000000000000000000, -0.1000000000000001860 ) ) ;
#1489 = PRESENTATION_STYLE_ASSIGNMENT (( #5615 ) ) ;
#1490 = DIRECTION ( 'NONE',  ( 0.0000000000000000000, 1.000000000000000000, 0.0000000000000000000 ) ) ;
#1491 = VECTOR ( 'NONE', #5565, 1000.000000000000000 ) ;
#1492 = CARTESIAN_POINT ( 'NONE',  ( -0.2915999750538497137, 0.5400000000000002576, 0.2733163196203818868 ) ) ;
#1493 = CARTESIAN_POINT ( 'NONE',  ( 0.5706452893054014819, 0.5399999999999999245, 0.2191897063129311096 ) ) ;
#1494 = ORIENTED_EDGE ( 'NONE', *, *, #7782, .F. ) ;
#1495 = VECTOR ( 'NONE', #3905, 1000.000000000000000 ) ;
#1496 = CARTESIAN_POINT ( 'NONE',  ( -0.3596152761805241904, 0.5500000000000000444, 0.2892988148748784072 ) ) ;
#1497 = VECTOR ( 'NONE', #1655, 1000.000000000000000 ) ;
#1498 = CARTESIAN_POINT ( 'NONE',  ( -0.2659755608974359031, 0.5400000000000000355, 0.2551535319254794598 ) ) ;
#1499 = FILL_AREA_STYLE ('',( #722 ) ) ;
#1500 = ORIENTED_EDGE ( 'NONE', *, *, #4514, .T. ) ;
#1501 = CARTESIAN_POINT ( 'NONE',  ( -0.4612085178758508208, 0.5400000000000000355, 0.1306156472301151505 ) ) ;
#1502 = DIRECTION ( 'NONE',  ( 1.000000000000000000, 0.0000000000000000000, 0.0000000000000000000 ) ) ;
#1503 = PRESENTATION_LAYER_ASSIGNMENT (  '', '', ( #7177 ) ) ;
#1504 =( NAMED_UNIT ( * ) PLANE_ANGLE_UNIT ( ) SI_UNIT ( $, .RADIAN. ) );
#1505 = UNCERTAINTY_MEASURE_WITH_UNIT (LENGTH_MEASURE( 1.000000000000000082E-05 ), #3734, 'distance_accuracy_value', 'NONE');
#1506 = ORIENTED_EDGE ( 'NONE', *, *, #1482, .F. ) ;
#1507 = DIRECTION ( 'NONE',  ( 0.0000000000000000000, 0.0000000000000000000, 1.000000000000000000 ) ) ;
#1508 =( LENGTH_UNIT ( ) NAMED_UNIT ( * ) SI_UNIT ( .MILLI., .METRE. ) );
#1509 = FILL_AREA_STYLE ('',( #1619 ) ) ;
#1510 = ADVANCED_FACE ( 'NONE', ( #6204 ), #7268, .T. ) ;
#1511 = DIRECTION ( 'NONE',  ( -0.5389461971344259306, 0.0000000000000000000, 0.8423401905372559506 ) ) ;
#1512 = VECTOR ( 'NONE', #3463, 1000.000000000000000 ) ;
#1513 =( NAMED_UNIT ( * ) PLANE_ANGLE_UNIT ( ) SI_UNIT ( $, .RADIAN. ) );
#1514 = CARTESIAN_POINT ( 'NONE',  ( 0.5706452893054014819, 0.5399999999999999245, 0.2191897063129311096 ) ) ;
#1515 = DIRECTION ( 'NONE',  ( -1.000000000000000000, 0.0000000000000000000, 0.0000000000000000000 ) ) ;
#1516 = FILL_AREA_STYLE_COLOUR ( '', #2470 ) ;
#1517 =( LENGTH_UNIT ( ) NAMED_UNIT ( * ) SI_UNIT ( .MILLI., .METRE. ) );
#1518 = PRESENTATION_STYLE_ASSIGNMENT (( #3305 ) ) ;
#1519 = DIRECTION ( 'NONE',  ( -1.000000000000000000, 0.0000000000000000000, 0.0000000000000000000 ) ) ;
#1520 = VECTOR ( 'NONE', #8941, 1000.000000000000000 ) ;
#1521 = FILL_AREA_STYLE_COLOUR ( '', #9480 ) ;
#1522 = SURFACE_STYLE_FILL_AREA ( #9552 ) ;
#1523 = EDGE_CURVE ( 'NONE', #1984, #8774, #188, .T. ) ;
#1524 = EDGE_CURVE ( 'NONE', #3195, #6222, #2525, .T. ) ;
#1525 = ORIENTED_EDGE ( 'NONE', *, *, #2249, .T. ) ;
#1526 =( NAMED_UNIT ( * ) PLANE_ANGLE_UNIT ( ) SI_UNIT ( $, .RADIAN. ) );
#1527 = ORIENTED_EDGE ( 'NONE', *, *, #3165, .T. ) ;
#1528 = PLANE ( 'NONE',  #8227 ) ;
#1529 = FILL_AREA_STYLE_COLOUR ( '', #544 ) ;
#1530 = LINE ( 'NONE', #750, #7186 ) ;
#1531 = STYLED_ITEM ( 'NONE', ( #5966 ), #5235 ) ;
#1532 = VERTEX_POINT ( 'NONE', #7246 ) ;
#1533 = STYLED_ITEM ( 'NONE', ( #6937 ), #1243 ) ;
#1534 = PRESENTATION_STYLE_ASSIGNMENT (( #493 ) ) ;
#1535 = VERTEX_POINT ( 'NONE', #8788 ) ;
#1536 = SURFACE_STYLE_USAGE ( .BOTH. , #6068 ) ;
#1537 = ORIENTED_EDGE ( 'NONE', *, *, #8817, .F. ) ;
#1538 = AXIS2_PLACEMENT_3D ( 'NONE', #1085, #9467, #3408 ) ;
#1539 = LINE ( 'NONE', #6435, #6591 ) ;
#1540 = ORIENTED_EDGE ( 'NONE', *, *, #2455, .T. ) ;
#1541 = EDGE_CURVE ( 'NONE', #5938, #8219, #2254, .T. ) ;
#1542 = FILL_AREA_STYLE_COLOUR ( '', #404 ) ;
#1543 =( NAMED_UNIT ( * ) PLANE_ANGLE_UNIT ( ) SI_UNIT ( $, .RADIAN. ) );
#1544 = DIRECTION ( 'NONE',  ( 0.0000000000000000000, 1.000000000000000000, 0.0000000000000000000 ) ) ;
#1545 = AXIS2_PLACEMENT_3D ( 'NONE', #9624, #5042, #1176 ) ;
#1546 = UNCERTAINTY_MEASURE_WITH_UNIT (LENGTH_MEASURE( 1.000000000000000082E-05 ), #29, 'distance_accuracy_value', 'NONE');
#1547 = ORIENTED_EDGE ( 'NONE', *, *, #1445, .T. ) ;
#1548 = PRESENTATION_LAYER_ASSIGNMENT (  '', '', ( #8626 ) ) ;
#1549 =( NAMED_UNIT ( * ) PLANE_ANGLE_UNIT ( ) SI_UNIT ( $, .RADIAN. ) );
#1550 = LINE ( 'NONE', #7178, #9473 ) ;
#1551 = CARTESIAN_POINT ( 'NONE',  ( 0.6773364582200533945, 0.5500000000000002665, 0.2287658552040447990 ) ) ;
#1552 = EDGE_LOOP ( 'NONE', ( #3505, #5993, #3750, #4009 ) ) ;
#1553 =( NAMED_UNIT ( * ) PLANE_ANGLE_UNIT ( ) SI_UNIT ( $, .RADIAN. ) );
#1554 = CARTESIAN_POINT ( 'NONE',  ( -0.2244689470247067387, 0.5400000000000000355, 0.1537515091200723216 ) ) ;
#1555 = DIRECTION ( 'NONE',  ( 1.000000000000000000, 0.0000000000000000000, 0.0000000000000000000 ) ) ;
#1556 = SURFACE_STYLE_FILL_AREA ( #4262 ) ;
#1558 = COLOUR_RGB ( '',1.000000000000000000, 1.000000000000000000, 1.000000000000000000 ) ;
#1557 = FILL_AREA_STYLE ('',( #5286 ) ) ;
#1559 = DIRECTION ( 'NONE',  ( 1.000000000000000000, 0.0000000000000000000, 0.0000000000000000000 ) ) ;
#1560 = ORIENTED_EDGE ( 'NONE', *, *, #8464, .T. ) ;
#1561 = SURFACE_STYLE_USAGE ( .BOTH. , #8540 ) ;
#1562 = DIRECTION ( 'NONE',  ( 0.0000000000000000000, 0.0000000000000000000, -1.000000000000000000 ) ) ;
#1563 = SURFACE_STYLE_FILL_AREA ( #479 ) ;
#1564 = CARTESIAN_POINT ( 'NONE',  ( -0.3596152761805241904, 0.5500000000000000444, 0.2892988148748784072 ) ) ;
#1565 = VECTOR ( 'NONE', #3088, 1000.000000000000000 ) ;
#1566 = CARTESIAN_POINT ( 'NONE',  ( 0.5483336180751551270, 0.5400000000000000355, 0.2054550636597402280 ) ) ;
#1567 = SURFACE_SIDE_STYLE ('',( #4901 ) ) ;
#1568 = UNCERTAINTY_MEASURE_WITH_UNIT (LENGTH_MEASURE( 1.000000000000000082E-05 ), #49, 'distance_accuracy_value', 'NONE');
#1569 = PLANE ( 'NONE',  #9310 ) ;
#1570 = SURFACE_STYLE_FILL_AREA ( #6410 ) ;
#1571 = CARTESIAN_POINT ( 'NONE',  ( -0.2468228078319960606, 0.5400000000000001465, 0.1552249199741471686 ) ) ;
#1572 = EDGE_LOOP ( 'NONE', ( #9236, #4355, #3395, #8820 ) ) ;
#1573 = FILL_AREA_STYLE_COLOUR ( '', #8053 ) ;
#1574 = SURFACE_STYLE_FILL_AREA ( #6556 ) ;
#1575 = DIRECTION ( 'NONE',  ( -3.614007241618349264E-16, -0.0000000000000000000, 1.000000000000000000 ) ) ;
#1576 = CARTESIAN_POINT ( 'NONE',  ( -0.2534470376139125181, 0.5500000000000000444, 0.07425592688231451299 ) ) ;
#1577 = DIRECTION ( 'NONE',  ( 1.000000000000000000, 0.0000000000000000000, 0.0000000000000000000 ) ) ;
#1578 = LINE ( 'NONE', #9833, #7467 ) ;
#1579 = LINE ( 'NONE', #3099, #9621 ) ;
#1580 = ORIENTED_EDGE ( 'NONE', *, *, #3301, .F. ) ;
#1581 = CARTESIAN_POINT ( 'NONE',  ( 0.9100000000000002531, 0.1270000000000000018, -0.5000000000000002220 ) ) ;
#1582 = VECTOR ( 'NONE', #2826, 1000.000000000000000 ) ;
#1583 = FILL_AREA_STYLE ('',( #6181 ) ) ;
#1584 = CARTESIAN_POINT ( 'NONE',  ( -0.3168573597537621134, 0.5400000000000000355, 0.03170999182272464523 ) ) ;
#1585 = EDGE_CURVE ( 'NONE', #8334, #2092, #1646, .T. ) ;
#1586 = CARTESIAN_POINT ( 'NONE',  ( 0.6352969711077905979, 0.5500000000000000444, 0.1389700417708021607 ) ) ;
#1587 = CARTESIAN_POINT ( 'NONE',  ( -0.4829242640172842771, 0.5500000000000000444, 0.1243361684839419251 ) ) ;
#1588 =( NAMED_UNIT ( * ) PLANE_ANGLE_UNIT ( ) SI_UNIT ( $, .RADIAN. ) );
#1589 = DIRECTION ( 'NONE',  ( 0.0000000000000000000, 0.0000000000000000000, 1.000000000000000000 ) ) ;
#1590 = ORIENTED_EDGE ( 'NONE', *, *, #4705, .F. ) ;
#1591 = CARTESIAN_POINT ( 'NONE',  ( -0.3089661849070209354, 0.5400000000000001465, 0.2812293128027903433 ) ) ;
#1592 = ADVANCED_FACE ( 'NONE', ( #8367 ), #273, .T. ) ;
#1593 =( GEOMETRIC_REPRESENTATION_CONTEXT ( 3 ) GLOBAL_UNCERTAINTY_ASSIGNED_CONTEXT ( ( #4598 ) ) GLOBAL_UNIT_ASSIGNED_CONTEXT ( ( #92, #5544, #7057 ) ) REPRESENTATION_CONTEXT ( 'NONE', 'WORKASPACE' ) );
#1594 = ORIENTED_EDGE ( 'NONE', *, *, #76, .F. ) ;
#1595 = CARTESIAN_POINT ( 'NONE',  ( 0.6564367818508322072, 0.5400000000000001465, 0.1440115573824928275 ) ) ;
#1596 = MECHANICAL_DESIGN_GEOMETRIC_PRESENTATION_REPRESENTATION (  '', ( #8930 ), #7394 ) ;
#1597 = ORIENTED_EDGE ( 'NONE', *, *, #6998, .F. ) ;
#1598 = COLOUR_RGB ( '',1.000000000000000000, 1.000000000000000000, 1.000000000000000000 ) ;
#1599 =( NAMED_UNIT ( * ) PLANE_ANGLE_UNIT ( ) SI_UNIT ( $, .RADIAN. ) );
#1600 = CARTESIAN_POINT ( 'NONE',  ( -0.2986278044871794601, 0.5500000000000000444, 0.2494443973100947953 ) ) ;
#1601 = MECHANICAL_DESIGN_GEOMETRIC_PRESENTATION_REPRESENTATION (  '', ( #6426 ), #7139 ) ;
#1602 = EDGE_CURVE ( 'NONE', #9717, #3054, #7406, .T. ) ;
#1603 = CARTESIAN_POINT ( 'NONE',  ( 0.6100000000000000977, 0.04999999999999999584, -0.3000000000000005995 ) ) ;
#1604 = ORIENTED_EDGE ( 'NONE', *, *, #7197, .T. ) ;
#1605 = CARTESIAN_POINT ( 'NONE',  ( 0.6794423241026030791, 0.5399999999999999245, 0.2158772070298358436 ) ) ;
#1606 = ORIENTED_EDGE ( 'NONE', *, *, #976, .F. ) ;
#1607 = CARTESIAN_POINT ( 'NONE',  ( -0.6500000000000001332, 0.5500000000000000444, -1.050000000000000266 ) ) ;
#1608 = EDGE_CURVE ( 'NONE', #523, #6287, #60, .T. ) ;
#1609 = ORIENTED_EDGE ( 'NONE', *, *, #5589, .F. ) ;
#1610 = AXIS2_PLACEMENT_3D ( 'NONE', #2670, #7971, #6527 ) ;
#1611 = B_SPLINE_CURVE_WITH_KNOTS ( 'NONE', 3,
 ( #2492, #1721, #8704, #7891, #1045, #360, #8670, #8026, #226, #5675, #4242 ),
 .UNSPECIFIED., .F., .F.,
 ( 4, 1, 1, 1, 1, 1, 1, 1, 4 ),
 ( 0.0000000000000000000, 0.1307076167532170707, 0.2570291278115441891, 0.3802316977119429842, 0.5012473315417580455, 0.6219529799761153166, 0.7443181763518821326, 0.8701288996743927751, 1.000000000000000000 ),
 .UNSPECIFIED. ) ;
#1612 =( LENGTH_UNIT ( ) NAMED_UNIT ( * ) SI_UNIT ( .MILLI., .METRE. ) );
#1613 = AXIS2_PLACEMENT_3D ( 'NONE', #7807, #3242, #6969 ) ;
#1614 = DIRECTION ( 'NONE',  ( -0.0000000000000000000, 1.000000000000000000, -0.0000000000000000000 ) ) ;
#1615 = ORIENTED_EDGE ( 'NONE', *, *, #5268, .T. ) ;
#1616 = DIRECTION ( 'NONE',  ( -8.131516293641297060E-16, 0.0000000000000000000, 1.000000000000000000 ) ) ;
#1617 = STYLED_ITEM ( 'NONE', ( #318 ), #9262 ) ;
#1618 = VERTEX_POINT ( 'NONE', #8752 ) ;
#1619 = FILL_AREA_STYLE_COLOUR ( '', #1170 ) ;
#1620 = ADVANCED_FACE ( 'NONE', ( #3004 ), #7981, .F. ) ;
#1621 = VECTOR ( 'NONE', #7724, 1000.000000000000000 ) ;
#1622 = CARTESIAN_POINT ( 'NONE',  ( -0.2390477826471273659, 0.5500000000000000444, 0.09556852096005893915 ) ) ;
#1623 = AXIS2_PLACEMENT_3D ( 'NONE', #9779, #8177, #508 ) ;
#1624 = CARTESIAN_POINT ( 'NONE',  ( -0.4848200249600598810, 0.5499999999999999334, 0.1327889418547946176 ) ) ;
#1625 = DIRECTION ( 'NONE',  ( -1.668003342285391551E-16, -0.0000000000000000000, -1.000000000000000000 ) ) ;
#1626 =( LENGTH_UNIT ( ) NAMED_UNIT ( * ) SI_UNIT ( .MILLI., .METRE. ) );
#1627 = VERTEX_POINT ( 'NONE', #5689 ) ;
#1628 = DIRECTION ( 'NONE',  ( 1.000000000000000000, 0.0000000000000000000, -0.0000000000000000000 ) ) ;
#1629 = PLANE ( 'NONE',  #5458 ) ;
#1630 = LINE ( 'NONE', #3075, #4192 ) ;
#1631 = DIRECTION ( 'NONE',  ( -0.0000000000000000000, 0.0000000000000000000, 1.000000000000000000 ) ) ;
#1632 = SURFACE_STYLE_FILL_AREA ( #7021 ) ;
#1633 = VERTEX_POINT ( 'NONE', #8009 ) ;
#1634 = CARTESIAN_POINT ( 'NONE',  ( 0.7017156782827406181, 0.5400000000000000355, 0.2052444716271484282 ) ) ;
#1635 =( LENGTH_UNIT ( ) NAMED_UNIT ( * ) SI_UNIT ( .MILLI., .METRE. ) );
#1636 = CARTESIAN_POINT ( 'NONE',  ( -0.2555588942307692180, 0.5400000000000000355, 0.3022288524382999442 ) ) ;
#1637 = DIRECTION ( 'NONE',  ( 0.0000000000000000000, 1.000000000000000000, 0.0000000000000000000 ) ) ;
#1638 = PRESENTATION_STYLE_ASSIGNMENT (( #1239 ) ) ;
#1639 = UNCERTAINTY_MEASURE_WITH_UNIT (LENGTH_MEASURE( 1.000000000000000082E-05 ), #8816, 'distance_accuracy_value', 'NONE');
#1640 = SURFACE_SIDE_STYLE ('',( #7906 ) ) ;
#1641 = VECTOR ( 'NONE', #3678, 1000.000000000000000 ) ;
#1642 = FILL_AREA_STYLE_COLOUR ( '', #5639 ) ;
#1643 = MECHANICAL_DESIGN_GEOMETRIC_PRESENTATION_REPRESENTATION (  '', ( #1244 ), #1978 ) ;
#1644 = SURFACE_STYLE_FILL_AREA ( #2081 ) ;
#1645 = DIRECTION ( 'NONE',  ( -0.0000000000000000000, -1.000000000000000000, -0.0000000000000000000 ) ) ;
#1646 = LINE ( 'NONE', #9638, #6325 ) ;
#1647 = EDGE_CURVE ( 'NONE', #259, #7376, #2513, .T. ) ;
#1648 = CARTESIAN_POINT ( 'NONE',  ( 0.5578262310113537570, 0.5500000000000001554, 0.1722097553847279083 ) ) ;
#1649 = CARTESIAN_POINT ( 'NONE',  ( -0.3006820146996193599, 0.5400000000000000355, 0.2505934064937091477 ) ) ;
#1650 = PLANE ( 'NONE',  #6928 ) ;
#1651 = LINE ( 'NONE', #7770, #8388 ) ;
#1652 = FILL_AREA_STYLE_COLOUR ( '', #1598 ) ;
#1653 =( NAMED_UNIT ( * ) SI_UNIT ( $, .STERADIAN. ) SOLID_ANGLE_UNIT ( ) );
#1654 = LINE ( 'NONE', #2313, #9329 ) ;
#1655 = DIRECTION ( 'NONE',  ( -0.0000000000000000000, -1.000000000000000000, -0.0000000000000000000 ) ) ;
#1656 = ORIENTED_EDGE ( 'NONE', *, *, #7571, .T. ) ;
#1657 = FILL_AREA_STYLE ('',( #8537 ) ) ;
#1658 = CARTESIAN_POINT ( 'NONE',  ( 0.6794871794871798487, 0.5400000000000000355, 0.2141879870536845809 ) ) ;
#1659 = FILL_AREA_STYLE_COLOUR ( '', #9408 ) ;
#1660 = SURFACE_STYLE_FILL_AREA ( #3777 ) ;
#1661 = FILL_AREA_STYLE ('',( #7058 ) ) ;
#1662 = ORIENTED_EDGE ( 'NONE', *, *, #1465, .F. ) ;
#1663 = EDGE_CURVE ( 'NONE', #8873, #1793, #9674, .T. ) ;
#1664 = CARTESIAN_POINT ( 'NONE',  ( -0.4646615420743495095, 0.5499999999999999334, 0.1516878422875881371 ) ) ;
#1665 = CARTESIAN_POINT ( 'NONE',  ( 0.7019230769230774269, 0.5500000000000001554, 0.2128358235921461172 ) ) ;
#1666 = VECTOR ( 'NONE', #1091, 1000.000000000000000 ) ;
#1667 = ORIENTED_EDGE ( 'NONE', *, *, #2172, .F. ) ;
#1668 = ORIENTED_EDGE ( 'NONE', *, *, #292, .F. ) ;
#1669 = EDGE_CURVE ( 'NONE', #9927, #2299, #7990, .T. ) ;
#1670 = CARTESIAN_POINT ( 'NONE',  ( 0.5723061986144846180, 0.5500000000000005995, 0.1463853454542346499 ) ) ;
#1671 = FILL_AREA_STYLE_COLOUR ( '', #7030 ) ;
#1672 = ORIENTED_EDGE ( 'NONE', *, *, #8596, .F. ) ;
#1673 = ADVANCED_FACE ( 'NONE', ( #1259 ), #8198, .F. ) ;
#1674 = AXIS2_PLACEMENT_3D ( 'NONE', #21, #1418, #9100 ) ;
#1675 = ORIENTED_EDGE ( 'NONE', *, *, #6680, .F. ) ;
#1676 = CARTESIAN_POINT ( 'NONE',  ( -0.3077269799859278510, 0.5400000000000001465, 0.06309018082201317545 ) ) ;
#1677 = STYLED_ITEM ( 'NONE', ( #1638 ), #1829 ) ;
#1678 = VECTOR ( 'NONE', #2097, 1000.000000000000000 ) ;
#1679 = CARTESIAN_POINT ( 'NONE',  ( 0.6635477433621778109, 0.5500000000000001554, 0.2793741989300118633 ) ) ;
#1680 = UNCERTAINTY_MEASURE_WITH_UNIT (LENGTH_MEASURE( 1.000000000000000082E-05 ), #1847, 'distance_accuracy_value', 'NONE');
#1681 = ORIENTED_EDGE ( 'NONE', *, *, #6495, .F. ) ;
#1682 = B_SPLINE_CURVE_WITH_KNOTS ( 'NONE', 3,
 ( #116, #180, #2564, #5503, #981 ),
 .UNSPECIFIED., .F., .F.,
 ( 4, 1, 4 ),
 ( 0.0000000000000000000, 0.5126593363417811799, 1.000000000000000000 ),
 .UNSPECIFIED. ) ;
#1683 = EDGE_CURVE ( 'NONE', #3687, #511, #3393, .T. ) ;
#1684 = VECTOR ( 'NONE', #3879, 1000.000000000000000 ) ;
#1685 = DIRECTION ( 'NONE',  ( 1.000000000000000000, -0.0000000000000000000, -0.0000000000000000000 ) ) ;
#1686 = EDGE_LOOP ( 'NONE', ( #9418, #1980, #450, #6515, #9037, #5894 ) ) ;
#1687 = DIRECTION ( 'NONE',  ( 1.000000000000000000, 0.0000000000000000000, 0.0000000000000000000 ) ) ;
#1688 = DIRECTION ( 'NONE',  ( -0.0000000000000000000, -1.000000000000000000, -0.0000000000000000000 ) ) ;
#1689 = DIRECTION ( 'NONE',  ( 1.000000000000000000, -0.0000000000000000000, 0.0000000000000000000 ) ) ;
#1690 = CARTESIAN_POINT ( 'NONE',  ( -0.2456670660741109569, 0.5499999999999998224, 0.08464233145346905518 ) ) ;
#1691 = CARTESIAN_POINT ( 'NONE',  ( -0.4871403591413090983, 0.5400000000000001465, 0.1561261829081556918 ) ) ;
#1692 = CIRCLE ( 'NONE', #5406, 0.1000000000000001027 ) ;
#1693 = ORIENTED_EDGE ( 'NONE', *, *, #1663, .T. ) ;
#1694 = CARTESIAN_POINT ( 'NONE',  ( 0.5000000000000004441, 0.1270000000000000018, -1.309999999999999387 ) ) ;
#1695 = COLOUR_RGB ( '',0.6666666666666666297, 0.6941176470588235059, 0.7647058823529411242 ) ;
#1696 =( NAMED_UNIT ( * ) PLANE_ANGLE_UNIT ( ) SI_UNIT ( $, .RADIAN. ) );
#1697 = SURFACE_STYLE_USAGE ( .BOTH. , #8509 ) ;
#1698 = PLANE ( 'NONE',  #1613 ) ;
#1699 = ORIENTED_EDGE ( 'NONE', *, *, #2985, .T. ) ;
#1700 = CARTESIAN_POINT ( 'NONE',  ( 0.8999999999999998002, 0.05000000000000000278, -1.300000000000000266 ) ) ;
#1701 = LINE ( 'NONE', #3261, #4261 ) ;
#1702 = ORIENTED_EDGE ( 'NONE', *, *, #1016, .T. ) ;
#1703 = DIRECTION ( 'NONE',  ( -0.6320734144662611964, 0.0000000000000000000, -0.7749085099061450155 ) ) ;
#1704 = PRESENTATION_LAYER_ASSIGNMENT (  '', '', ( #7688 ) ) ;
#1705 =( LENGTH_UNIT ( ) NAMED_UNIT ( * ) SI_UNIT ( .MILLI., .METRE. ) );
#1706 = CARTESIAN_POINT ( 'NONE',  ( 0.6898819047248814229, 0.5400000000000000355, 0.1713565703813925978 ) ) ;
#1707 = CARTESIAN_POINT ( 'NONE',  ( -0.4380673736081140968, 0.5400000000000001465, 0.08810150321857432298 ) ) ;
#1708 = ORIENTED_EDGE ( 'NONE', *, *, #5586, .F. ) ;
#1709 = LINE ( 'NONE', #9191, #5416 ) ;
#1710 = PRESENTATION_STYLE_ASSIGNMENT (( #7486 ) ) ;
#1711 = PLANE ( 'NONE',  #6532 ) ;
#1712 = ORIENTED_EDGE ( 'NONE', *, *, #5797, .F. ) ;
#1713 = ORIENTED_EDGE ( 'NONE', *, *, #2516, .T. ) ;
#1714 = CARTESIAN_POINT ( 'NONE',  ( 0.7000000000000002887, 0.0000000000000000000, -1.309999999999999387 ) ) ;
#1715 = FILL_AREA_STYLE_COLOUR ( '', #2650 ) ;
#1716 = DIRECTION ( 'NONE',  ( -0.0000000000000000000, 0.0000000000000000000, -1.000000000000000000 ) ) ;
#1717 = PRESENTATION_STYLE_ASSIGNMENT (( #949 ) ) ;
#1718 = CARTESIAN_POINT ( 'NONE',  ( -0.3178838562897904896, 0.5399999999999999245, 0.2582351491553638856 ) ) ;
#1719 = ADVANCED_FACE ( 'NONE', ( #8604 ), #9069, .T. ) ;
#1720 = VERTEX_POINT ( 'NONE', #9530 ) ;
#1721 = CARTESIAN_POINT ( 'NONE',  ( -0.2244791613604408820, 0.5400000000000000355, 0.1630298044208894348 ) ) ;
#1722 = FILL_AREA_STYLE_COLOUR ( '', #5914 ) ;
#1723 = EDGE_CURVE ( 'NONE', #7245, #3851, #6316, .T. ) ;
#1724 = DIRECTION ( 'NONE',  ( 0.0000000000000000000, 0.0000000000000000000, 1.000000000000000000 ) ) ;
#1725 = CARTESIAN_POINT ( 'NONE',  ( -0.4429625110142100808, 0.5400000000000001465, 0.05883124170473836428 ) ) ;
#1726 = VERTEX_POINT ( 'NONE', #6558 ) ;
#1727 = EDGE_CURVE ( 'NONE', #9095, #1850, #4532, .T. ) ;
#1728 = CARTESIAN_POINT ( 'NONE',  ( -0.9100000000000002531, 0.1270000000000000018, 0.4999999999999994449 ) ) ;
#1729 = DIRECTION ( 'NONE',  ( 0.0000000000000000000, 0.0000000000000000000, 1.000000000000000000 ) ) ;
#1730 = CARTESIAN_POINT ( 'NONE',  ( 0.3237179487179489001, 0.5400000000000000355, 0.1740237242331717227 ) ) ;
#1731 = ORIENTED_EDGE ( 'NONE', *, *, #1745, .T. ) ;
#1732 = CARTESIAN_POINT ( 'NONE',  ( 0.5772714466320191251, 0.5500000000000002665, 0.2743011599111695453 ) ) ;
#1733 =( GEOMETRIC_REPRESENTATION_CONTEXT ( 3 ) GLOBAL_UNCERTAINTY_ASSIGNED_CONTEXT ( ( #3694 ) ) GLOBAL_UNIT_ASSIGNED_CONTEXT ( ( #4038, #7821, #4852 ) ) REPRESENTATION_CONTEXT ( 'NONE', 'WORKASPACE' ) );
#1734 = CARTESIAN_POINT ( 'NONE',  ( -0.4647435897435897023, 0.5400000000000000355, 0.1589996857716332868 ) ) ;
#1735 = ORIENTED_EDGE ( 'NONE', *, *, #4278, .F. ) ;
#1736 = CARTESIAN_POINT ( 'NONE',  ( 0.6936123898487468464, 0.5500000000000002665, 0.1774994904526919770 ) ) ;
#1737 =( GEOMETRIC_REPRESENTATION_CONTEXT ( 3 ) GLOBAL_UNCERTAINTY_ASSIGNED_CONTEXT ( ( #6251 ) ) GLOBAL_UNIT_ASSIGNED_CONTEXT ( ( #5752, #8094, #7277 ) ) REPRESENTATION_CONTEXT ( 'NONE', 'WORKASPACE' ) );
#1738 = ORIENTED_EDGE ( 'NONE', *, *, #7320, .T. ) ;
#1739 = SURFACE_STYLE_FILL_AREA ( #9819 ) ;
#1740 = VECTOR ( 'NONE', #6037, 1000.000000000000000 ) ;
#1741 = CARTESIAN_POINT ( 'NONE',  ( 0.4423076923076926792, 0.5500000000000000444, 0.03299808320753071927 ) ) ;
#1742 = PRESENTATION_LAYER_ASSIGNMENT (  '', '', ( #4458 ) ) ;
#1743 = CARTESIAN_POINT ( 'NONE',  ( 0.5713220435601117364, 0.5399999999999999245, 0.2042229707491469426 ) ) ;
#1744 = COLOUR_RGB ( '',0.6666666666666666297, 0.6941176470588235059, 0.7647058823529411242 ) ;
#1745 = EDGE_CURVE ( 'NONE', #7117, #394, #8005, .T. ) ;
#1746 = CARTESIAN_POINT ( 'NONE',  ( -0.3840387861045065354, 0.5400000000000000355, 0.05571395840917784531 ) ) ;
#1747 = CARTESIAN_POINT ( 'NONE',  ( 0.6000000000000004219, 0.1270000000000000018, -1.009999999999999565 ) ) ;
#1748 = EDGE_CURVE ( 'NONE', #8869, #2221, #8358, .T. ) ;
#1749 = EDGE_LOOP ( 'NONE', ( #677, #4864, #5387, #2487, #8795, #3975 ) ) ;
#1750 = VECTOR ( 'NONE', #8602, 1000.000000000000000 ) ;
#1751 = LINE ( 'NONE', #2735, #9658 ) ;
#1752 = CARTESIAN_POINT ( 'NONE',  ( -0.3560196314102563875, 0.5500000000000000444, 0.02658782679727431791 ) ) ;
#1753 = VECTOR ( 'NONE', #9120, 1000.000000000000000 ) ;
#1754 = SURFACE_SIDE_STYLE ('',( #8961 ) ) ;
#1755 = PRESENTATION_STYLE_ASSIGNMENT (( #8992 ) ) ;
#1756 = CARTESIAN_POINT ( 'NONE',  ( -0.5467247596153848033, 0.5500000000000000444, 0.03299808320753071927 ) ) ;
#1757 = DIRECTION ( 'NONE',  ( -1.000000000000000000, 0.0000000000000000000, 0.0000000000000000000 ) ) ;
#1758 = ORIENTED_EDGE ( 'NONE', *, *, #2473, .F. ) ;
#1759 = CARTESIAN_POINT ( 'NONE',  ( -0.6251001602564104642, 0.5400000000000000355, 0.1554940767972742832 ) ) ;
#1760 = CIRCLE ( 'NONE', #8786, 0.1000000000000000472 ) ;
#1761 = CARTESIAN_POINT ( 'NONE',  ( -0.6999999999999995115, 0.1270000000000000018, 1.309999999999999609 ) ) ;
#1762 = CARTESIAN_POINT ( 'NONE',  ( -0.3543169070512820484, 0.5500000000000000444, 0.2637673139767615083 ) ) ;
#1763 = CARTESIAN_POINT ( 'NONE',  ( 0.01602564102564108667, 0.5500000000000000444, 0.2829980832075307262 ) ) ;
#1764 = CARTESIAN_POINT ( 'NONE',  ( 0.5503585402759203493, 0.5500000000000001554, 0.2331769309561526893 ) ) ;
#1765 = MECHANICAL_DESIGN_GEOMETRIC_PRESENTATION_REPRESENTATION (  '', ( #2089 ), #5551 ) ;
#1766 = DIRECTION ( 'NONE',  ( -0.0000000000000000000, 1.000000000000000000, -0.0000000000000000000 ) ) ;
#1767 = VECTOR ( 'NONE', #8759, 1000.000000000000000 ) ;
#1768 = UNCERTAINTY_MEASURE_WITH_UNIT (LENGTH_MEASURE( 1.000000000000000082E-05 ), #7091, 'distance_accuracy_value', 'NONE');
#1769 = CARTESIAN_POINT ( 'NONE',  ( -0.3518942288685198982, 0.5500000000000000444, 0.2893328622463006150 ) ) ;
#1770 =( GEOMETRIC_REPRESENTATION_CONTEXT ( 3 ) GLOBAL_UNCERTAINTY_ASSIGNED_CONTEXT ( ( #7655 ) ) GLOBAL_UNIT_ASSIGNED_CONTEXT ( ( #2893, #4482, #8222 ) ) REPRESENTATION_CONTEXT ( 'NONE', 'WORKASPACE' ) );
#1771 = CARTESIAN_POINT ( 'NONE',  ( 0.5855800618411558522, 0.5399999999999999245, 0.2797338658363431874 ) ) ;
#1772 =( NAMED_UNIT ( * ) SI_UNIT ( $, .STERADIAN. ) SOLID_ANGLE_UNIT ( ) );
#1773 = ADVANCED_FACE ( 'NONE', ( #658 ), #5719, .T. ) ;
#1774 = FACE_OUTER_BOUND ( 'NONE', #1060, .T. ) ;
#1775 = DIRECTION ( 'NONE',  ( -0.0000000000000000000, -1.000000000000000000, -0.0000000000000000000 ) ) ;
#1776 = CARTESIAN_POINT ( 'NONE',  ( 0.4198717948717952675, 0.5400000000000000355, 0.05863910884855633859 ) ) ;
#1777 = CIRCLE ( 'NONE', #5837, 0.09999999999999982514 ) ;
#1778 = SURFACE_STYLE_USAGE ( .BOTH. , #1640 ) ;
#1779 = CARTESIAN_POINT ( 'NONE',  ( 0.5760216346153850253, 0.5400000000000000355, 0.1406703588485563594 ) ) ;
#1780 = COLOUR_RGB ( '',1.000000000000000000, 1.000000000000000000, 1.000000000000000000 ) ;
#1781 = ORIENTED_EDGE ( 'NONE', *, *, #2473, .T. ) ;
#1782 = CARTESIAN_POINT ( 'NONE',  ( -0.4999999999999995559, 0.05000000000000000278, -1.300000000000000266 ) ) ;
#1783 = AXIS2_PLACEMENT_3D ( 'NONE', #7293, #352, #6512 ) ;
#1784 = ORIENTED_EDGE ( 'NONE', *, *, #2186, .F. ) ;
#1785 = PRESENTATION_STYLE_ASSIGNMENT (( #4767 ) ) ;
#1786 = DIRECTION ( 'NONE',  ( 0.0000000000000000000, -0.0000000000000000000, -1.000000000000000000 ) ) ;
#1787 = EDGE_CURVE ( 'NONE', #6222, #8468, #3949, .T. ) ;
#1788 = CARTESIAN_POINT ( 'NONE',  ( -0.05128205128205132191, 0.5400000000000000355, 0.05863910884855633859 ) ) ;
#1789 = LINE ( 'NONE', #5437, #6696 ) ;
#1790 = ORIENTED_EDGE ( 'NONE', *, *, #4827, .T. ) ;
#1791 = VERTEX_POINT ( 'NONE', #1937 ) ;
#1792 = VERTEX_POINT ( 'NONE', #7336 ) ;
#1793 = VERTEX_POINT ( 'NONE', #4983 ) ;
#1794 = CARTESIAN_POINT ( 'NONE',  ( 0.6793707266886671592, 0.5400000000000000355, 0.2091314310937930632 ) ) ;
#1795 = SURFACE_SIDE_STYLE ('',( #7179 ) ) ;
#1796 = PRESENTATION_LAYER_ASSIGNMENT (  '', '', ( #882 ) ) ;
#1797 = CARTESIAN_POINT ( 'NONE',  ( -0.2729562859658768992, 0.5499999999999998224, 0.2284546217104564680 ) ) ;
#1798 = SURFACE_SIDE_STYLE ('',( #2231 ) ) ;
#1799 = DIRECTION ( 'NONE',  ( -0.0000000000000000000, 1.000000000000000000, -0.0000000000000000000 ) ) ;
#1800 = STYLED_ITEM ( 'NONE', ( #1107 ), #3417 ) ;
#1801 = FILL_AREA_STYLE ('',( #3409 ) ) ;
#1802 = ORIENTED_EDGE ( 'NONE', *, *, #8291, .F. ) ;
#1803 = CARTESIAN_POINT ( 'NONE',  ( -0.6100000000000000977, 0.0000000000000000000, -0.3000000000000005995 ) ) ;
#1804 = MECHANICAL_DESIGN_GEOMETRIC_PRESENTATION_REPRESENTATION (  '', ( #4703 ), #6559 ) ;
#1805 = EDGE_CURVE ( 'NONE', #3214, #5107, #166, .T. ) ;
#1806 = CARTESIAN_POINT ( 'NONE',  ( -0.6100000000000005418, 0.1270000000000000018, -0.6000000000000004219 ) ) ;
#1807 = ORIENTED_EDGE ( 'NONE', *, *, #9163, .F. ) ;
#1808 = DIRECTION ( 'NONE',  ( 1.000000000000000000, 0.0000000000000000000, -0.0000000000000000000 ) ) ;
#1809 = VECTOR ( 'NONE', #5769, 1000.000000000000000 ) ;
#1810 = LINE ( 'NONE', #4290, #7335 ) ;
#1811 = EDGE_CURVE ( 'NONE', #2736, #4679, #1040, .T. ) ;
#1812 = CARTESIAN_POINT ( 'NONE',  ( 0.6039680902875351753, 0.5400000000000002576, 0.2871568216443169952 ) ) ;
#1813 = ORIENTED_EDGE ( 'NONE', *, *, #6563, .T. ) ;
#1814 =( NAMED_UNIT ( * ) SI_UNIT ( $, .STERADIAN. ) SOLID_ANGLE_UNIT ( ) );
#1815 = STYLED_ITEM ( 'NONE', ( #7999 ), #6045 ) ;
#1816 = CARTESIAN_POINT ( 'NONE',  ( 0.6100000000000005418, 0.0000000000000000000, -0.5000000000000002220 ) ) ;
#1817 = COLOUR_RGB ( '',1.000000000000000000, 1.000000000000000000, 1.000000000000000000 ) ;
#1818 = FILL_AREA_STYLE_COLOUR ( '', #6856 ) ;
#1819 = STYLED_ITEM ( 'NONE', ( #3617 ), #2814 ) ;
#1820 = SURFACE_STYLE_FILL_AREA ( #5517 ) ;
#1821 = ORIENTED_EDGE ( 'NONE', *, *, #3808, .F. ) ;
#1822 =( LENGTH_UNIT ( ) NAMED_UNIT ( * ) SI_UNIT ( .MILLI., .METRE. ) );
#1823 = PRESENTATION_STYLE_ASSIGNMENT (( #2118 ) ) ;
#1824 = CARTESIAN_POINT ( 'NONE',  ( 0.9000000000000000222, 0.5500000000000000444, 0.09999999999999939493 ) ) ;
#1825 =( GEOMETRIC_REPRESENTATION_CONTEXT ( 3 ) GLOBAL_UNCERTAINTY_ASSIGNED_CONTEXT ( ( #1194 ) ) GLOBAL_UNIT_ASSIGNED_CONTEXT ( ( #8917, #4432, #4349 ) ) REPRESENTATION_CONTEXT ( 'NONE', 'WORKASPACE' ) );
#1826 = ORIENTED_EDGE ( 'NONE', *, *, #1748, .F. ) ;
#1827 = DIRECTION ( 'NONE',  ( -0.0000000000000000000, -1.000000000000000000, -0.0000000000000000000 ) ) ;
#1828 = SURFACE_STYLE_FILL_AREA ( #4323 ) ;
#1829 = ADVANCED_FACE ( 'NONE', ( #7758 ), #7974, .T. ) ;
#1830 = PLANE ( 'NONE',  #1387 ) ;
#1831 = CARTESIAN_POINT ( 'NONE',  ( 0.6701949191941901640, 0.5400000000000001465, 0.1864981238332163727 ) ) ;
#1832 = MECHANICAL_DESIGN_GEOMETRIC_PRESENTATION_REPRESENTATION (  '', ( #5414 ), #2358 ) ;
#1833 =( NAMED_UNIT ( * ) PLANE_ANGLE_UNIT ( ) SI_UNIT ( $, .RADIAN. ) );
#1834 = DIRECTION ( 'NONE',  ( 0.0000000000000000000, 0.0000000000000000000, -1.000000000000000000 ) ) ;
#1835 = CARTESIAN_POINT ( 'NONE',  ( -0.2468228078319960606, 0.5500000000000001554, 0.1552249199741471686 ) ) ;
#1836 = CARTESIAN_POINT ( 'NONE',  ( 0.9100000000000002531, 0.1270000000000000018, 0.6999999999999997335 ) ) ;
#1837 = FACE_BOUND ( 'NONE', #3607, .T. ) ;
#1838 = CARTESIAN_POINT ( 'NONE',  ( -0.3905346931484536821, 0.5400000000000001465, 0.03084114750138526942 ) ) ;
#1839 = VERTEX_POINT ( 'NONE', #8066 ) ;
#1840 = SURFACE_STYLE_USAGE ( .BOTH. , #1906 ) ;
#1841 =( NAMED_UNIT ( * ) SI_UNIT ( $, .STERADIAN. ) SOLID_ANGLE_UNIT ( ) );
#1842 = DIRECTION ( 'NONE',  ( 1.000000000000000000, -0.0000000000000000000, -0.0000000000000000000 ) ) ;
#1843 = VERTEX_POINT ( 'NONE', #5047 ) ;
#1844 = DIRECTION ( 'NONE',  ( -1.000000000000000000, 0.0000000000000000000, 0.0000000000000000000 ) ) ;
#1845 = VECTOR ( 'NONE', #9491, 1000.000000000000000 ) ;
#1846 = VECTOR ( 'NONE', #8595, 1000.000000000000000 ) ;
#1847 =( LENGTH_UNIT ( ) NAMED_UNIT ( * ) SI_UNIT ( .MILLI., .METRE. ) );
#1848 =( GEOMETRIC_REPRESENTATION_CONTEXT ( 3 ) GLOBAL_UNCERTAINTY_ASSIGNED_CONTEXT ( ( #5434 ) ) GLOBAL_UNIT_ASSIGNED_CONTEXT ( ( #9018, #9881, #2230 ) ) REPRESENTATION_CONTEXT ( 'NONE', 'WORKASPACE' ) );
#1849 = VECTOR ( 'NONE', #5148, 1000.000000000000000 ) ;
#1850 = VERTEX_POINT ( 'NONE', #429 ) ;
#1851 = CARTESIAN_POINT ( 'NONE',  ( 0.6679186698717952675, 0.5500000000000000444, 0.04015954154086405492 ) ) ;
#1852 = PLANE ( 'NONE',  #8996 ) ;
#1853 = SURFACE_SIDE_STYLE ('',( #8904 ) ) ;
#1854 = EDGE_LOOP ( 'NONE', ( #4446, #6176, #5567, #1713 ) ) ;
#1855 = DIRECTION ( 'NONE',  ( -0.0000000000000000000, 1.000000000000000000, -0.0000000000000000000 ) ) ;
#1856 = COLOUR_RGB ( '',1.000000000000000000, 1.000000000000000000, 1.000000000000000000 ) ;
#1857 = VERTEX_POINT ( 'NONE', #8906 ) ;
#1858 = CARTESIAN_POINT ( 'NONE',  ( -0.5999999999999995337, 0.0000000000000000000, 0.9099999999999999201 ) ) ;
#1859 = VERTEX_POINT ( 'NONE', #6589 ) ;
#1860 =( NAMED_UNIT ( * ) PLANE_ANGLE_UNIT ( ) SI_UNIT ( $, .RADIAN. ) );
#1861 = ORIENTED_EDGE ( 'NONE', *, *, #2066, .F. ) ;
#1862 = ORIENTED_EDGE ( 'NONE', *, *, #2411, .F. ) ;
#1863 = VECTOR ( 'NONE', #1425, 1000.000000000000000 ) ;
#1864 = CARTESIAN_POINT ( 'NONE',  ( -0.5467247596153848033, 0.5400000000000000355, 0.03299808320753071927 ) ) ;
#1865 = DIRECTION ( 'NONE',  ( -0.6327400977550498018, 0.0000000000000000000, -0.7743642351587074479 ) ) ;
#1866 = EDGE_CURVE ( 'NONE', #3208, #7081, #4653, .T. ) ;
#1867 = CARTESIAN_POINT ( 'NONE',  ( 0.6748994524275687690, 0.5499999999999999334, 0.1551149077396023201 ) ) ;
#1868 =( LENGTH_UNIT ( ) NAMED_UNIT ( * ) SI_UNIT ( .MILLI., .METRE. ) );
#1869 = EDGE_CURVE ( 'NONE', #2428, #8985, #4774, .T. ) ;
#1870 = DIRECTION ( 'NONE',  ( -1.000000000000000000, 0.0000000000000000000, 0.0000000000000000000 ) ) ;
#1871 = ORIENTED_EDGE ( 'NONE', *, *, #2475, .F. ) ;
#1872 =( LENGTH_UNIT ( ) NAMED_UNIT ( * ) SI_UNIT ( .MILLI., .METRE. ) );
#1873 = DIRECTION ( 'NONE',  ( 0.0000000000000000000, 1.000000000000000000, 0.0000000000000000000 ) ) ;
#1874 = EDGE_LOOP ( 'NONE', ( #2183, #5812, #6478, #742 ) ) ;
#1875 = DIRECTION ( 'NONE',  ( 1.000000000000000000, 0.0000000000000000000, 0.0000000000000000000 ) ) ;
#1876 = EDGE_CURVE ( 'NONE', #6955, #5875, #537, .T. ) ;
#1877 = MECHANICAL_DESIGN_GEOMETRIC_PRESENTATION_REPRESENTATION (  '', ( #6361 ), #158 ) ;
#1878 = CARTESIAN_POINT ( 'NONE',  ( -0.1506410256410256887, 0.5400000000000000355, 0.2829980832075307262 ) ) ;
#1879 = ORIENTED_EDGE ( 'NONE', *, *, #3575, .F. ) ;
#1880 = EDGE_LOOP ( 'NONE', ( #8489, #73, #3138, #6788 ) ) ;
#1881 = DIRECTION ( 'NONE',  ( -0.0000000000000000000, -1.000000000000000000, -0.0000000000000000000 ) ) ;
#1882 = SURFACE_STYLE_USAGE ( .BOTH. , #8848 ) ;
#1883 =( NAMED_UNIT ( * ) SI_UNIT ( $, .STERADIAN. ) SOLID_ANGLE_UNIT ( ) );
#1884 = ORIENTED_EDGE ( 'NONE', *, *, #9387, .F. ) ;
#1886 = ADVANCED_FACE ( 'NONE', ( #2639 ), #8916, .T. ) ;
#1885 = PRESENTATION_LAYER_ASSIGNMENT (  '', '', ( #6367 ) ) ;
#1887 = DIRECTION ( 'NONE',  ( 0.0000000000000000000, 1.000000000000000000, 0.0000000000000000000 ) ) ;
#1888 = PRESENTATION_STYLE_ASSIGNMENT (( #1561 ) ) ;
#1889 = DIRECTION ( 'NONE',  ( 1.000000000000000000, 0.0000000000000000000, 0.0000000000000000000 ) ) ;
#1890 = EDGE_CURVE ( 'NONE', #2530, #2299, #9665, .T. ) ;
#1891 = FILL_AREA_STYLE ('',( #6544 ) ) ;
#1892 = EDGE_LOOP ( 'NONE', ( #580, #927, #2716, #5321 ) ) ;
#1893 = VECTOR ( 'NONE', #4058, 1000.000000000000000 ) ;
#1894 = SURFACE_STYLE_USAGE ( .BOTH. , #3486 ) ;
#1895 = AXIS2_PLACEMENT_3D ( 'NONE', #1411, #2207, #7564 ) ;
#1896 = AXIS2_PLACEMENT_3D ( 'NONE', #9636, #6565, #9065 ) ;
#1897 = B_SPLINE_CURVE_WITH_KNOTS ( 'NONE', 3,
 ( #1951, #3484, #9576, #6473, #1983 ),
 .UNSPECIFIED., .F., .F.,
 ( 4, 1, 4 ),
 ( 0.0000000000000000000, 0.5126593363417811799, 1.000000000000000000 ),
 .UNSPECIFIED. ) ;
#1898 = UNCERTAINTY_MEASURE_WITH_UNIT (LENGTH_MEASURE( 1.000000000000000082E-05 ), #6407, 'distance_accuracy_value', 'NONE');
#1899 = COLOUR_RGB ( '',1.000000000000000000, 1.000000000000000000, 1.000000000000000000 ) ;
#1900 = DIRECTION ( 'NONE',  ( -0.5390871699424965025, 0.0000000000000000000, -0.8422499766716470271 ) ) ;
#1901 = CARTESIAN_POINT ( 'NONE',  ( 0.9100000000000002531, 0.1270000000000000018, -0.1000000000000001860 ) ) ;
#1902 = VECTOR ( 'NONE', #4637, 1000.000000000000000 ) ;
#1903 =( LENGTH_UNIT ( ) NAMED_UNIT ( * ) SI_UNIT ( .MILLI., .METRE. ) );
#1904 =( NAMED_UNIT ( * ) PLANE_ANGLE_UNIT ( ) SI_UNIT ( $, .RADIAN. ) );
#1905 = CARTESIAN_POINT ( 'NONE',  ( -0.4067597474280871261, 0.5400000000000000355, 0.03624803855475817321 ) ) ;
#1906 = SURFACE_SIDE_STYLE ('',( #4195 ) ) ;
#1907 = LINE ( 'NONE', #5054, #183 ) ;
#1908 = AXIS2_PLACEMENT_3D ( 'NONE', #9755, #5168, #5931 ) ;
#1909 = SURFACE_STYLE_FILL_AREA ( #6352 ) ;
#1910 = LINE ( 'NONE', #8829, #6365 ) ;
#1911 = STYLED_ITEM ( 'NONE', ( #5364 ), #9752 ) ;
#1912 = VERTEX_POINT ( 'NONE', #3614 ) ;
#1913 = CARTESIAN_POINT ( 'NONE',  ( 0.7000000000000002887, 0.1270000000000000018, 1.009999999999999343 ) ) ;
#1914 = CARTESIAN_POINT ( 'NONE',  ( 0.1634615384615385469, 0.5400000000000000355, 0.2297629069254794321 ) ) ;
#1915 = VERTEX_POINT ( 'NONE', #3586 ) ;
#1916 = PLANE ( 'NONE',  #1623 ) ;
#1917 = FILL_AREA_STYLE_COLOUR ( '', #6713 ) ;
#1918 = EDGE_LOOP ( 'NONE', ( #7797, #2016, #3811, #506 ) ) ;
#1919 = ORIENTED_EDGE ( 'NONE', *, *, #2740, .T. ) ;
#1920 = EDGE_LOOP ( 'NONE', ( #8144, #3494, #4472, #4160 ) ) ;
#1921 = COLOUR_RGB ( '',1.000000000000000000, 1.000000000000000000, 1.000000000000000000 ) ;
#1922 = ORIENTED_EDGE ( 'NONE', *, *, #2050, .F. ) ;
#1923 = EDGE_CURVE ( 'NONE', #1839, #9927, #4410, .T. ) ;
#1924 = FACE_OUTER_BOUND ( 'NONE', #3128, .T. ) ;
#1925 = EDGE_CURVE ( 'NONE', #8075, #6593, #1369, .T. ) ;
#1926 = SURFACE_STYLE_FILL_AREA ( #705 ) ;
#1927 = DIRECTION ( 'NONE',  ( -0.0000000000000000000, -1.000000000000000000, -0.0000000000000000000 ) ) ;
#1928 = ADVANCED_FACE ( 'NONE', ( #7511 ), #182, .T. ) ;
#1929 = ORIENTED_EDGE ( 'NONE', *, *, #6351, .T. ) ;
#1930 = SURFACE_STYLE_USAGE ( .BOTH. , #3630 ) ;
#1931 = CARTESIAN_POINT ( 'NONE',  ( 0.6447465016678133320, 0.5400000000000001465, 0.1679072760510257889 ) ) ;
#1932 =( GEOMETRIC_REPRESENTATION_CONTEXT ( 3 ) GLOBAL_UNCERTAINTY_ASSIGNED_CONTEXT ( ( #2653 ) ) GLOBAL_UNIT_ASSIGNED_CONTEXT ( ( #9424, #4946, #4856 ) ) REPRESENTATION_CONTEXT ( 'NONE', 'WORKASPACE' ) );
#1933 = CARTESIAN_POINT ( 'NONE',  ( -0.6808393429487180626, 0.5400000000000000355, 0.2829980832075307262 ) ) ;
#1934 = VECTOR ( 'NONE', #3977, 1000.000000000000000 ) ;
#1935 = STYLED_ITEM ( 'NONE', ( #3363 ), #1391 ) ;
#1936 = SURFACE_SIDE_STYLE ('',( #9709 ) ) ;
#1937 = CARTESIAN_POINT ( 'NONE',  ( -0.8999999999999993561, 0.05000000000000000278, 1.299999999999999600 ) ) ;
#1938 = STYLED_ITEM ( 'NONE', ( #325 ), #8521 ) ;
#1939 = EDGE_CURVE ( 'NONE', #2902, #6929, #7635, .T. ) ;
#1940 = DIRECTION ( 'NONE',  ( 0.7863974287229258398, 0.0000000000000000000, 0.6177208787939507673 ) ) ;
#1941 = EDGE_CURVE ( 'NONE', #2046, #4438, #1141, .T. ) ;
#1942 = CARTESIAN_POINT ( 'NONE',  ( 0.6250000000000004441, 0.5500000000000000444, 0.2637673139767615083 ) ) ;
#1943 = PRESENTATION_STYLE_ASSIGNMENT (( #3397 ) ) ;
#1944 = VERTEX_POINT ( 'NONE', #4469 ) ;
#1945 = DIRECTION ( 'NONE',  ( 0.0000000000000000000, 0.0000000000000000000, 1.000000000000000000 ) ) ;
#1946 = PRESENTATION_LAYER_ASSIGNMENT (  '', '', ( #8483 ) ) ;
#1947 = SURFACE_STYLE_FILL_AREA ( #3690 ) ;
#1948 =( NAMED_UNIT ( * ) PLANE_ANGLE_UNIT ( ) SI_UNIT ( $, .RADIAN. ) );
#1949 = MECHANICAL_DESIGN_GEOMETRIC_PRESENTATION_REPRESENTATION (  '', ( #702 ), #9944 ) ;
#1950 = DIRECTION ( 'NONE',  ( 1.000000000000000000, 0.0000000000000000000, 0.0000000000000000000 ) ) ;
#1951 = CARTESIAN_POINT ( 'NONE',  ( 0.6018629807692312816, 0.5500000000000000444, 0.1411711601306076258 ) ) ;
#1952 =( GEOMETRIC_REPRESENTATION_CONTEXT ( 3 ) GLOBAL_UNCERTAINTY_ASSIGNED_CONTEXT ( ( #4481 ) ) GLOBAL_UNIT_ASSIGNED_CONTEXT ( ( #9861, #5907, #5940 ) ) REPRESENTATION_CONTEXT ( 'NONE', 'WORKASPACE' ) );
#1953 = ORIENTED_EDGE ( 'NONE', *, *, #5722, .F. ) ;
#1954 = VECTOR ( 'NONE', #8362, 1000.000000000000000 ) ;
#1955 = EDGE_LOOP ( 'NONE', ( #5052, #9533, #2235, #3916, #2239, #7470 ) ) ;
#1956 = B_SPLINE_CURVE_WITH_KNOTS ( 'NONE', 3,
 ( #1456, #1564, #5354, #6838, #9108, #8383, #9899, #6023, #5327, #4504, #4536, #9208, #6162, #2250, #718, #8445, #4634, #3839, #6092 ),
 .UNSPECIFIED., .F., .F.,
 ( 4, 1, 1, 1, 1, 1, 1, 1, 1, 1, 1, 1, 1, 1, 1, 1, 4 ),
 ( 0.0000000000000000000, 0.06598441069427887773, 0.1298376775260089155, 0.1923264853164005916, 0.2536425275300621673, 0.3149010679722001882, 0.3765395581448094386, 0.4394064860026818953, 0.5035731128955239777, 0.5677241768075022010, 0.6300096275864544015, 0.6913591876110215528, 0.7517408501832353318, 0.8122231072176319122, 0.8732972781823892250, 0.9357103752807189867, 1.000000000000000000 ),
 .UNSPECIFIED. ) ;
#1957 = SURFACE_STYLE_FILL_AREA ( #5891 ) ;
#1958 = UNCERTAINTY_MEASURE_WITH_UNIT (LENGTH_MEASURE( 1.000000000000000082E-05 ), #878, 'distance_accuracy_value', 'NONE');
#1959 = CARTESIAN_POINT ( 'NONE',  ( -0.3654466963598897444, 0.5499999999999997113, 0.2635466628742240136 ) ) ;
#1960 = UNCERTAINTY_MEASURE_WITH_UNIT (LENGTH_MEASURE( 1.000000000000000082E-05 ), #2456, 'distance_accuracy_value', 'NONE');
#1961 = ORIENTED_EDGE ( 'NONE', *, *, #9676, .F. ) ;
#1962 = PRESENTATION_STYLE_ASSIGNMENT (( #5611 ) ) ;
#1963 = LINE ( 'NONE', #5808, #5320 ) ;
#1964 = SURFACE_STYLE_USAGE ( .BOTH. , #5773 ) ;
#1965 = SURFACE_STYLE_FILL_AREA ( #8723 ) ;
#1966 = VERTEX_POINT ( 'NONE', #3679 ) ;
#1967 = DIRECTION ( 'NONE',  ( 0.0000000000000000000, -1.000000000000000000, 0.0000000000000000000 ) ) ;
#1968 =( NAMED_UNIT ( * ) PLANE_ANGLE_UNIT ( ) SI_UNIT ( $, .RADIAN. ) );
#1969 = CARTESIAN_POINT ( 'NONE',  ( -0.2782051964138006483, 0.5499999999999999334, 0.08304657694527442513 ) ) ;
#1970 = FILL_AREA_STYLE_COLOUR ( '', #7423 ) ;
#1971 = LINE ( 'NONE', #9093, #9632 ) ;
#1972 = CARTESIAN_POINT ( 'NONE',  ( -0.5208333333333334814, 0.5500000000000000444, 0.03299808320753071927 ) ) ;
#1973 = CARTESIAN_POINT ( 'NONE',  ( 0.5714418835817303144, 0.5500000000000002665, 0.2240710762821734314 ) ) ;
#1974 = ORIENTED_EDGE ( 'NONE', *, *, #35, .F. ) ;
#1975 = DIRECTION ( 'NONE',  ( -3.336006684570783101E-16, 0.0000000000000000000, -1.000000000000000000 ) ) ;
#1976 = DIRECTION ( 'NONE',  ( -0.0000000000000000000, -0.0000000000000000000, 1.000000000000000000 ) ) ;
#1977 = ADVANCED_FACE ( 'NONE', ( #288 ), #6859, .T. ) ;
#1978 =( GEOMETRIC_REPRESENTATION_CONTEXT ( 3 ) GLOBAL_UNCERTAINTY_ASSIGNED_CONTEXT ( ( #3869 ) ) GLOBAL_UNIT_ASSIGNED_CONTEXT ( ( #3860, #3769, #793 ) ) REPRESENTATION_CONTEXT ( 'NONE', 'WORKASPACE' ) );
#1979 = DIRECTION ( 'NONE',  ( 0.5389504199129375728, 0.0000000000000000000, 0.8423374887037072822 ) ) ;
#1980 = ORIENTED_EDGE ( 'NONE', *, *, #1216, .T. ) ;
#1981 = CARTESIAN_POINT ( 'NONE',  ( -0.1506410256410256887, 0.5500000000000000444, 0.1355621857716332868 ) ) ;
#1982 = CARTESIAN_POINT ( 'NONE',  ( 0.6793707266886671592, 0.5400000000000000355, 0.2091314310937930632 ) ) ;
#1983 = CARTESIAN_POINT ( 'NONE',  ( 0.6277544070512826035, 0.5500000000000001554, 0.1387673139767615083 ) ) ;
#1984 = VERTEX_POINT ( 'NONE', #9170 ) ;
#1985 = EDGE_CURVE ( 'NONE', #7904, #7975, #1031, .T. ) ;
#1986 = ORIENTED_EDGE ( 'NONE', *, *, #3304, .T. ) ;
#1987 = FACE_OUTER_BOUND ( 'NONE', #844, .T. ) ;
#1988 = CARTESIAN_POINT ( 'NONE',  ( -0.4399943394461798829, 0.5400000000000000355, 0.2257895001745790498 ) ) ;
#1990 = ORIENTED_EDGE ( 'NONE', *, *, #9749, .F. ) ;
#1989 = STYLED_ITEM ( 'NONE', ( #9077 ), #3162 ) ;
#1991 = UNCERTAINTY_MEASURE_WITH_UNIT (LENGTH_MEASURE( 1.000000000000000082E-05 ), #1376, 'distance_accuracy_value', 'NONE');
#1992 = DIRECTION ( 'NONE',  ( -0.0000000000000000000, -1.000000000000000000, -0.0000000000000000000 ) ) ;
#1993 = CARTESIAN_POINT ( 'NONE',  ( 0.1000000000000004774, 0.1270000000000000018, -1.300000000000000266 ) ) ;
#1994 = EDGE_CURVE ( 'NONE', #9633, #8838, #6660, .T. ) ;
#1995 = VECTOR ( 'NONE', #2024, 1000.000000000000000 ) ;
#1996 = DIRECTION ( 'NONE',  ( 0.0000000000000000000, -0.0000000000000000000, 1.000000000000000000 ) ) ;
#1997 = CARTESIAN_POINT ( 'NONE',  ( 0.9000000000000000222, 0.1270000000000000018, -0.3000000000000005440 ) ) ;
#1998 = DIRECTION ( 'NONE',  ( -1.000000000000000000, 0.0000000000000000000, 0.0000000000000000000 ) ) ;
#1999 = EDGE_CURVE ( 'NONE', #197, #4486, #8228, .T. ) ;
#2000 = PRESENTATION_STYLE_ASSIGNMENT (( #8946 ) ) ;
#2001 =( GEOMETRIC_REPRESENTATION_CONTEXT ( 3 ) GLOBAL_UNCERTAINTY_ASSIGNED_CONTEXT ( ( #5028 ) ) GLOBAL_UNIT_ASSIGNED_CONTEXT ( ( #9956, #6896, #6017 ) ) REPRESENTATION_CONTEXT ( 'NONE', 'WORKASPACE' ) );
#2002 = VECTOR ( 'NONE', #6083, 1000.000000000000000 ) ;
#2003 = CARTESIAN_POINT ( 'NONE',  ( -0.4166676449937667948, 0.5500000000000002665, 0.07007218740068074658 ) ) ;
#2004 = PRESENTATION_LAYER_ASSIGNMENT (  '', '', ( #2138 ) ) ;
#2005 = CARTESIAN_POINT ( 'NONE',  ( 0.6230468750000004441, 0.5500000000000000444, 0.1644083396177871415 ) ) ;
#2006 =( LENGTH_UNIT ( ) NAMED_UNIT ( * ) SI_UNIT ( .MILLI., .METRE. ) );
#2007 = LINE ( 'NONE', #6232, #4084 ) ;
#2008 = EDGE_CURVE ( 'NONE', #5257, #8034, #1630, .T. ) ;
#2009 = CARTESIAN_POINT ( 'NONE',  ( 0.6794871794871798487, 0.5499999999999999334, 0.2141879870536845809 ) ) ;
#2010 = PRESENTATION_LAYER_ASSIGNMENT (  '', '', ( #7159 ) ) ;
#2011 = LINE ( 'NONE', #986, #922 ) ;
#2012 = LINE ( 'NONE', #4190, #6209 ) ;
#2013 = VECTOR ( 'NONE', #6678, 1000.000000000000000 ) ;
#2014 = CARTESIAN_POINT ( 'NONE',  ( 0.8999999999999998002, 0.1270000000000000018, -1.300000000000000266 ) ) ;
#2015 = VECTOR ( 'NONE', #3362, 1000.000000000000000 ) ;
#2016 = ORIENTED_EDGE ( 'NONE', *, *, #9387, .T. ) ;
#2017 = CARTESIAN_POINT ( 'NONE',  ( -0.6099999999999996536, 0.0000000000000000000, 0.1999999999999995948 ) ) ;
#2018 = ADVANCED_FACE ( 'NONE', ( #2368 ), #7702, .F. ) ;
#2019 = LINE ( 'NONE', #7764, #8492 ) ;
#2020 =( NAMED_UNIT ( * ) SI_UNIT ( $, .STERADIAN. ) SOLID_ANGLE_UNIT ( ) );
#2021 = ORIENTED_EDGE ( 'NONE', *, *, #6550, .F. ) ;
#2022 = FILL_AREA_STYLE_COLOUR ( '', #6025 ) ;
#2023 = COLOUR_RGB ( '',0.6666666666666666297, 0.6941176470588235059, 0.7647058823529411242 ) ;
#2024 = DIRECTION ( 'NONE',  ( 0.0000000000000000000, 0.0000000000000000000, -1.000000000000000000 ) ) ;
#2025 = LINE ( 'NONE', #2975, #5491 ) ;
#2026 = ORIENTED_EDGE ( 'NONE', *, *, #7651, .T. ) ;
#2027 = FACE_OUTER_BOUND ( 'NONE', #4603, .T. ) ;
#2028 = ORIENTED_EDGE ( 'NONE', *, *, #7121, .F. ) ;
#2029 = CARTESIAN_POINT ( 'NONE',  ( -0.6099999999999996536, 0.1270000000000000018, 0.1999999999999995948 ) ) ;
#2030 = ORIENTED_EDGE ( 'NONE', *, *, #6879, .T. ) ;
#2031 = AXIS2_PLACEMENT_3D ( 'NONE', #1607, #4711, #7620 ) ;
#2032 = SURFACE_STYLE_FILL_AREA ( #9509 ) ;
#2033 = DIRECTION ( 'NONE',  ( -1.668003342285391551E-16, 0.0000000000000000000, -1.000000000000000000 ) ) ;
#2034 = ORIENTED_EDGE ( 'NONE', *, *, #2678, .T. ) ;
#2035 =( LENGTH_UNIT ( ) NAMED_UNIT ( * ) SI_UNIT ( .MILLI., .METRE. ) );
#2036 = PRESENTATION_STYLE_ASSIGNMENT (( #2920 ) ) ;
#2037 = PRESENTATION_STYLE_ASSIGNMENT (( #4754 ) ) ;
#2038 = CARTESIAN_POINT ( 'NONE',  ( -0.3771641468599184477, 0.5499999999999999334, 0.05414944642747142323 ) ) ;
#2039 = ORIENTED_EDGE ( 'NONE', *, *, #4749, .T. ) ;
#2040 = FILL_AREA_STYLE ('',( #4402 ) ) ;
#2041 = CARTESIAN_POINT ( 'NONE',  ( 0.5536349346090194690, 0.5400000000000000355, 0.1824358277121444494 ) ) ;
#2042 = CARTESIAN_POINT ( 'NONE',  ( 0.6772879893713951160, 0.5400000000000001465, 0.1994876579182452703 ) ) ;
#2043 = CARTESIAN_POINT ( 'NONE',  ( 0.0000000000000000000, 0.05000000000000000278, -0.7000000000000005107 ) ) ;
#2044 = ORIENTED_EDGE ( 'NONE', *, *, #6371, .F. ) ;
#2045 = CARTESIAN_POINT ( 'NONE',  ( 0.3000000000000003775, 0.1270000000000000018, 1.309999999999999387 ) ) ;
#2046 = VERTEX_POINT ( 'NONE', #5441 ) ;
#2047 = EDGE_CURVE ( 'NONE', #8571, #4232, #3094, .T. ) ;
#2048 = SURFACE_STYLE_USAGE ( .BOTH. , #1225 ) ;
#2049 = SURFACE_STYLE_FILL_AREA ( #3813 ) ;
#2050 = EDGE_CURVE ( 'NONE', #2481, #1136, #515, .T. ) ;
#2051 = LINE ( 'NONE', #4567, #8659 ) ;
#2052 = EDGE_LOOP ( 'NONE', ( #4353, #942, #4963, #2667 ) ) ;
#2053 =( NAMED_UNIT ( * ) PLANE_ANGLE_UNIT ( ) SI_UNIT ( $, .RADIAN. ) );
#2054 = CARTESIAN_POINT ( 'NONE',  ( 0.3000000000000003775, 0.04999999999999999584, 1.009999999999999343 ) ) ;
#2055 = PLANE ( 'NONE',  #1545 ) ;
#2056 = AXIS2_PLACEMENT_3D ( 'NONE', #937, #8664, #1786 ) ;
#2057 = FILL_AREA_STYLE_COLOUR ( '', #9168 ) ;
#2058 = APPLICATION_PROTOCOL_DEFINITION ( 'draft international standard', 'automotive_design', 1998, #1330 ) ;
#2059 =( GEOMETRIC_REPRESENTATION_CONTEXT ( 3 ) GLOBAL_UNCERTAINTY_ASSIGNED_CONTEXT ( ( #2261 ) ) GLOBAL_UNIT_ASSIGNED_CONTEXT ( ( #4490, #9094, #3801 ) ) REPRESENTATION_CONTEXT ( 'NONE', 'WORKASPACE' ) );
#2060 = CARTESIAN_POINT ( 'NONE',  ( -0.2999999999999994893, 0.1270000000000000018, -1.309999999999999609 ) ) ;
#2061 = EDGE_LOOP ( 'NONE', ( #4362, #5856, #5743, #2915, #2168, #3680 ) ) ;
#2062 = CARTESIAN_POINT ( 'NONE',  ( 0.4423076923076926792, 0.5400000000000000355, 0.03299808320753071927 ) ) ;
#2063 = LINE ( 'NONE', #7330, #6733 ) ;
#2064 = MECHANICAL_DESIGN_GEOMETRIC_PRESENTATION_REPRESENTATION (  '', ( #7721 ), #2614 ) ;
#2065 = UNCERTAINTY_MEASURE_WITH_UNIT (LENGTH_MEASURE( 1.000000000000000082E-05 ), #7542, 'distance_accuracy_value', 'NONE');
#2066 = EDGE_CURVE ( 'NONE', #2406, #9910, #411, .T. ) ;
#2067 = CARTESIAN_POINT ( 'NONE',  ( 0.6100000000000003197, 0.1270000000000000018, 0.5999999999999996447 ) ) ;
#2068 = CARTESIAN_POINT ( 'NONE',  ( 0.9100000000000002531, 0.1270000000000000018, 0.09999999999999950595 ) ) ;
#2069 = CARTESIAN_POINT ( 'NONE',  ( -0.3905346931484536821, 0.5500000000000001554, 0.03084114750138526942 ) ) ;
#2070 = AXIS2_PLACEMENT_3D ( 'NONE', #7465, #2973, #2135 ) ;
#2071 =( LENGTH_UNIT ( ) NAMED_UNIT ( * ) SI_UNIT ( .MILLI., .METRE. ) );
#2072 = ADVANCED_FACE ( 'NONE', ( #3925 ), #804, .F. ) ;
#2073 = ORIENTED_EDGE ( 'NONE', *, *, #9444, .F. ) ;
#2074 = CARTESIAN_POINT ( 'NONE',  ( -0.6100000000000003197, 0.04999999999999999584, 0.4999999999999994449 ) ) ;
#2075 = AXIS2_PLACEMENT_3D ( 'NONE', #6270, #5534, #4036 ) ;
#2076 = CARTESIAN_POINT ( 'NONE',  ( 0.5481613120059634081, 0.5399999999999999245, 0.2107119316595731096 ) ) ;
#2077 = FILL_AREA_STYLE_COLOUR ( '', #524 ) ;
#2078 = DIRECTION ( 'NONE',  ( -0.0000000000000000000, -1.000000000000000000, -0.0000000000000000000 ) ) ;
#2079 = UNCERTAINTY_MEASURE_WITH_UNIT (LENGTH_MEASURE( 1.000000000000000082E-05 ), #3517, 'distance_accuracy_value', 'NONE');
#2080 = CARTESIAN_POINT ( 'NONE',  ( 0.6211424289405849120, 0.5400000000000000355, 0.1644639141665436566 ) ) ;
#2081 = FILL_AREA_STYLE ('',( #8449 ) ) ;
#2082 = EDGE_LOOP ( 'NONE', ( #9513, #9277, #3742, #7312 ) ) ;
#2083 = ORIENTED_EDGE ( 'NONE', *, *, #7782, .T. ) ;
#2084 = FILL_AREA_STYLE_COLOUR ( '', #5996 ) ;
#2085 = VERTEX_POINT ( 'NONE', #847 ) ;
#2086 = CARTESIAN_POINT ( 'NONE',  ( 0.6635477433621778109, 0.5400000000000001465, 0.2793741989300118633 ) ) ;
#2087 = SURFACE_SIDE_STYLE ('',( #3410 ) ) ;
#2088 = SURFACE_SIDE_STYLE ('',( #7605 ) ) ;
#2089 = STYLED_ITEM ( 'NONE', ( #6012 ), #7757 ) ;
#2090 = CARTESIAN_POINT ( 'NONE',  ( -0.2688802061667489030, 0.5500000000000000444, 0.09317898017535029831 ) ) ;
#2091 =( LENGTH_UNIT ( ) NAMED_UNIT ( * ) SI_UNIT ( .MILLI., .METRE. ) );
#2092 = VERTEX_POINT ( 'NONE', #7674 ) ;
#2093 = FILL_AREA_STYLE ('',( #6816 ) ) ;
#2094 = ORIENTED_EDGE ( 'NONE', *, *, #7839, .T. ) ;
#2095 = DIRECTION ( 'NONE',  ( 1.000000000000000000, 0.0000000000000000000, 0.0000000000000000000 ) ) ;
#2096 = LINE ( 'NONE', #1714, #6898 ) ;
#2097 = DIRECTION ( 'NONE',  ( -0.0000000000000000000, 1.000000000000000000, -0.0000000000000000000 ) ) ;
#2098 =( NAMED_UNIT ( * ) PLANE_ANGLE_UNIT ( ) SI_UNIT ( $, .RADIAN. ) );
#2099 = ORIENTED_EDGE ( 'NONE', *, *, #9925, .T. ) ;
#2100 = SURFACE_STYLE_USAGE ( .BOTH. , #4340 ) ;
#2101 = CARTESIAN_POINT ( 'NONE',  ( -0.6808393429487180626, 0.5400000000000000355, 0.2829980832075307262 ) ) ;
#2102 = EDGE_LOOP ( 'NONE', ( #458, #9515, #3428, #1580 ) ) ;
#2103 = CARTESIAN_POINT ( 'NONE',  ( 0.9000000000000002442, 0.5500000000000000444, 1.299999999999999600 ) ) ;
#2104 = CARTESIAN_POINT ( 'NONE',  ( 0.5627224722424630787, 0.5400000000000001465, 0.1625215618693655606 ) ) ;
#2105 = CARTESIAN_POINT ( 'NONE',  ( 0.6304919537938722396, 0.5500000000000001554, 0.2636046416015364047 ) ) ;
#2106 = DIRECTION ( 'NONE',  ( 1.000000000000000000, 0.0000000000000000000, -0.0000000000000000000 ) ) ;
#2107 = EDGE_CURVE ( 'NONE', #1912, #1238, #8839, .T. ) ;
#2108 = CARTESIAN_POINT ( 'NONE',  ( -0.3549178685897436125, 0.5400000000000000355, 0.1804339806434281379 ) ) ;
#2109 = DIRECTION ( 'NONE',  ( 0.0000000000000000000, -1.000000000000000000, 0.0000000000000000000 ) ) ;
#2110 = ORIENTED_EDGE ( 'NONE', *, *, #7143, .T. ) ;
#2111 = UNCERTAINTY_MEASURE_WITH_UNIT (LENGTH_MEASURE( 1.000000000000000082E-05 ), #8407, 'distance_accuracy_value', 'NONE');
#2112 = COLOUR_RGB ( '',0.6666666666666666297, 0.6941176470588235059, 0.7647058823529411242 ) ;
#2113 = CARTESIAN_POINT ( 'NONE',  ( -0.2468780324543574101, 0.5499999999999996003, 0.1504358620795287482 ) ) ;
#2114 = ORIENTED_EDGE ( 'NONE', *, *, #3862, .F. ) ;
#2115 = DIRECTION ( 'NONE',  ( -0.0000000000000000000, 1.000000000000000000, -0.0000000000000000000 ) ) ;
#2116 = PRESENTATION_LAYER_ASSIGNMENT (  '', '', ( #5196 ) ) ;
#2117 = ADVANCED_FACE ( 'NONE', ( #4635 ), #1629, .F. ) ;
#2118 = SURFACE_STYLE_USAGE ( .BOTH. , #8324 ) ;
#2119 = STYLED_ITEM ( 'NONE', ( #8625 ), #8566 ) ;
#2120 = SURFACE_SIDE_STYLE ('',( #5546 ) ) ;
#2121 = EDGE_CURVE ( 'NONE', #4833, #5029, #3812, .T. ) ;
#2122 = LINE ( 'NONE', #1776, #50 ) ;
#2123 = EDGE_CURVE ( 'NONE', #3498, #8975, #651, .T. ) ;
#2124 = DIRECTION ( 'NONE',  ( -0.0000000000000000000, -1.000000000000000000, -0.0000000000000000000 ) ) ;
#2125 = DIRECTION ( 'NONE',  ( 0.0000000000000000000, 0.0000000000000000000, -1.000000000000000000 ) ) ;
#2126 = CARTESIAN_POINT ( 'NONE',  ( -0.8999999999999993561, 0.5500000000000000444, 1.299999999999999600 ) ) ;
#2128 = CARTESIAN_POINT ( 'NONE',  ( 0.2000000000000004274, 0.04999999999999999584, -1.009999999999999565 ) ) ;
#2127 = SURFACE_STYLE_FILL_AREA ( #193 ) ;
#2129 = EDGE_CURVE ( 'NONE', #7611, #3195, #9176, .T. ) ;
#2130 = SURFACE_STYLE_FILL_AREA ( #6828 ) ;
#2131 = MECHANICAL_DESIGN_GEOMETRIC_PRESENTATION_REPRESENTATION (  '', ( #5729 ), #3327 ) ;
#2132 =( LENGTH_UNIT ( ) NAMED_UNIT ( * ) SI_UNIT ( .MILLI., .METRE. ) );
#2133 = MECHANICAL_DESIGN_GEOMETRIC_PRESENTATION_REPRESENTATION (  '', ( #5909 ), #3193 ) ;
#2134 = VECTOR ( 'NONE', #3889, 1000.000000000000000 ) ;
#2135 = DIRECTION ( 'NONE',  ( -1.000000000000000000, 0.0000000000000000000, 0.0000000000000000000 ) ) ;
#2136 = CARTESIAN_POINT ( 'NONE',  ( -0.4697869025202104365, 0.5500000000000000444, 0.09215993506739025842 ) ) ;
#2137 = CARTESIAN_POINT ( 'NONE',  ( -0.2267268042961156360, 0.5500000000000000444, 0.1859764298368344615 ) ) ;
#2138 = STYLED_ITEM ( 'NONE', ( #4089 ), #9355 ) ;
#2139 = CARTESIAN_POINT ( 'NONE',  ( 0.5794781471916182758, 0.5500000000000000444, 0.2416602270457988144 ) ) ;
#2140 =( NAMED_UNIT ( * ) PLANE_ANGLE_UNIT ( ) SI_UNIT ( $, .RADIAN. ) );
#2141 = CARTESIAN_POINT ( 'NONE',  ( 0.6733010669068107967, 0.5500000000000001554, 0.2375749535980950511 ) ) ;
#2142 = CARTESIAN_POINT ( 'NONE',  ( -0.2860859347448747592, 0.5400000000000001465, 0.2699655066330169384 ) ) ;
#2143 = COLOUR_RGB ( '',0.6666666666666666297, 0.6941176470588235059, 0.7647058823529411242 ) ;
#2144 = COLOUR_RGB ( '',1.000000000000000000, 1.000000000000000000, 1.000000000000000000 ) ;
#2145 = DIRECTION ( 'NONE',  ( -0.0000000000000000000, 1.000000000000000000, -0.0000000000000000000 ) ) ;
#2146 = PRESENTATION_LAYER_ASSIGNMENT (  '', '', ( #2351 ) ) ;
#2147 = LINE ( 'NONE', #8295, #9087 ) ;
#2148 = VERTEX_POINT ( 'NONE', #1803 ) ;
#2149 = LINE ( 'NONE', #410, #6578 ) ;
#2150 = ORIENTED_EDGE ( 'NONE', *, *, #5445, .F. ) ;
#2151 = CARTESIAN_POINT ( 'NONE',  ( -0.3012557464491095183, 0.5499999999999994893, 0.06644905542208263960 ) ) ;
#2152 = COLOUR_RGB ( '',0.6666666666666666297, 0.6941176470588235059, 0.7647058823529411242 ) ;
#2153 = LINE ( 'NONE', #9503, #8266 ) ;
#2154 = CARTESIAN_POINT ( 'NONE',  ( -0.4537722024362326745, 0.5400000000000000355, 0.1110818447347388105 ) ) ;
#2155 = ORIENTED_EDGE ( 'NONE', *, *, #900, .T. ) ;
#2156 = VERTEX_POINT ( 'NONE', #4863 ) ;
#2157 = DIRECTION ( 'NONE',  ( 1.000000000000000000, 0.0000000000000000000, 0.0000000000000000000 ) ) ;
#2158 = ORIENTED_EDGE ( 'NONE', *, *, #7140, .T. ) ;
#2159 = FILL_AREA_STYLE_COLOUR ( '', #3559 ) ;
#2160 = VECTOR ( 'NONE', #4773, 1000.000000000000000 ) ;
#2161 = ORIENTED_EDGE ( 'NONE', *, *, #3382, .F. ) ;
#2162 = CARTESIAN_POINT ( 'NONE',  ( 0.6272958350818605977, 0.5400000000000000355, 0.2892829392981194903 ) ) ;
#2163 = DIRECTION ( 'NONE',  ( 1.000000000000000000, 0.0000000000000000000, 0.0000000000000000000 ) ) ;
#2164 = FACE_OUTER_BOUND ( 'NONE', #807, .T. ) ;
#2165 = CIRCLE ( 'NONE', #4548, 0.09999999999999982514 ) ;
#2166 = CARTESIAN_POINT ( 'NONE',  ( -0.2469017896530726341, 0.5399999999999999245, 0.1614093997372331446 ) ) ;
#2167 = MECHANICAL_DESIGN_GEOMETRIC_PRESENTATION_REPRESENTATION (  '', ( #2840 ), #6468 ) ;
#2168 = ORIENTED_EDGE ( 'NONE', *, *, #808, .F. ) ;
#2169 = FACE_OUTER_BOUND ( 'NONE', #5377, .T. ) ;
#2170 = CARTESIAN_POINT ( 'NONE',  ( -0.3047843767924914848, 0.5499999999999999334, 0.2528880361721501657 ) ) ;
#2171 = CARTESIAN_POINT ( 'NONE',  ( 0.01602564102564108667, 0.5400000000000000355, 0.2829980832075307262 ) ) ;
#2172 = EDGE_CURVE ( 'NONE', #8520, #6664, #4522, .T. ) ;
#2173 = CARTESIAN_POINT ( 'NONE',  ( 0.5826364890367545790, 0.5500000000000000444, 0.2456616606238895273 ) ) ;
#2174 = CARTESIAN_POINT ( 'NONE',  ( -0.2476318719173560279, 0.5399999999999999245, 0.2345008093955208983 ) ) ;
#2175 = ADVANCED_FACE ( 'NONE', ( #9656 ), #8711, .F. ) ;
#2177 = SURFACE_STYLE_FILL_AREA ( #349 ) ;
#2176 = CARTESIAN_POINT ( 'NONE',  ( 0.5766277668924005839, 0.5500000000000000444, 0.2376077066549550088 ) ) ;
#2178 = SURFACE_SIDE_STYLE ('',( #3141 ) ) ;
#2179 = CARTESIAN_POINT ( 'NONE',  ( 0.5656336771649221884, 0.5399999999999999245, 0.1573654595344707863 ) ) ;
#2180 = CARTESIAN_POINT ( 'NONE',  ( 0.6635443204459300359, 0.5400000000000001465, 0.2493104157199825532 ) ) ;
#2181 = CARTESIAN_POINT ( 'NONE',  ( -0.8999999999999993561, 0.05000000000000000278, 1.299999999999999600 ) ) ;
#2182 = SURFACE_STYLE_FILL_AREA ( #5989 ) ;
#2183 = ORIENTED_EDGE ( 'NONE', *, *, #9547, .F. ) ;
#2184 = PRESENTATION_LAYER_ASSIGNMENT (  '', '', ( #1989 ) ) ;
#2185 = CARTESIAN_POINT ( 'NONE',  ( -0.4178977118224568854, 0.5400000000000000355, 0.2747215797100208134 ) ) ;
#2186 = EDGE_CURVE ( 'NONE', #4905, #5184, #6054, .T. ) ;
#2187 = CARTESIAN_POINT ( 'NONE',  ( -0.2733859504368569282, 0.5499999999999994893, 0.08799677657361133776 ) ) ;
#2188 = FACE_OUTER_BOUND ( 'NONE', #7986, .T. ) ;
#2189 = DIRECTION ( 'NONE',  ( 0.0000000000000000000, 0.0000000000000000000, 1.000000000000000000 ) ) ;
#2190 = SURFACE_STYLE_FILL_AREA ( #1033 ) ;
#2191 = EDGE_LOOP ( 'NONE', ( #4138, #9349, #4968, #2158 ) ) ;
#2192 = EDGE_CURVE ( 'NONE', #3195, #1113, #5450, .T. ) ;
#2193 = COLOUR_RGB ( '',0.6666666666666666297, 0.6941176470588235059, 0.7647058823529411242 ) ;
#2194 = UNCERTAINTY_MEASURE_WITH_UNIT (LENGTH_MEASURE( 1.000000000000000082E-05 ), #266, 'distance_accuracy_value', 'NONE');
#2195 = AXIS2_PLACEMENT_3D ( 'NONE', #875, #3235, #8501 ) ;
#2196 = CARTESIAN_POINT ( 'NONE',  ( 0.6443981032528426356, 0.5400000000000000355, 0.2870576484368195236 ) ) ;
#2197 = MECHANICAL_DESIGN_GEOMETRIC_PRESENTATION_REPRESENTATION (  '', ( #1677 ), #4282 ) ;
#2198 =( NAMED_UNIT ( * ) SI_UNIT ( $, .STERADIAN. ) SOLID_ANGLE_UNIT ( ) );
#2199 = CARTESIAN_POINT ( 'NONE',  ( 0.2000000000000004274, 0.1270000000000000018, -1.009999999999999565 ) ) ;
#2200 = LINE ( 'NONE', #3365, #2590 ) ;
#2201 = AXIS2_PLACEMENT_3D ( 'NONE', #3007, #1448, #8336 ) ;
#2202 = SURFACE_STYLE_FILL_AREA ( #6149 ) ;
#2203 = ORIENTED_EDGE ( 'NONE', *, *, #5262, .F. ) ;
#2204 = DIRECTION ( 'NONE',  ( -0.0000000000000000000, 1.000000000000000000, -0.0000000000000000000 ) ) ;
#2205 = EDGE_CURVE ( 'NONE', #1720, #7259, #758, .T. ) ;
#2206 = CARTESIAN_POINT ( 'NONE',  ( 0.6459418314695944963, 0.5499999999999998224, 0.2601791353845584465 ) ) ;
#2207 = DIRECTION ( 'NONE',  ( -0.0000000000000000000, 0.0000000000000000000, -1.000000000000000000 ) ) ;
#2208 = CARTESIAN_POINT ( 'NONE',  ( 0.5705575606185623316, 0.5400000000000000355, 0.2158772713310420088 ) ) ;
#2209 = STYLED_ITEM ( 'NONE', ( #3903 ), #482 ) ;
#2210 = CARTESIAN_POINT ( 'NONE',  ( -0.3543169070512820484, 0.5400000000000000355, 0.2637673139767615083 ) ) ;
#2211 =( LENGTH_UNIT ( ) NAMED_UNIT ( * ) SI_UNIT ( .MILLI., .METRE. ) );
#2212 = CARTESIAN_POINT ( 'NONE',  ( 0.6100000000000000977, 0.0000000000000000000, -0.3000000000000005995 ) ) ;
#2213 = LINE ( 'NONE', #3803, #1467 ) ;
#2214 = ORIENTED_EDGE ( 'NONE', *, *, #2394, .F. ) ;
#2215 = DIRECTION ( 'NONE',  ( -0.0000000000000000000, -1.000000000000000000, -0.0000000000000000000 ) ) ;
#2216 = CARTESIAN_POINT ( 'NONE',  ( 0.6268546784654381865, 0.5500000000000001554, 0.2637123781629190367 ) ) ;
#2217 = DIRECTION ( 'NONE',  ( 3.614007241618349264E-16, 0.0000000000000000000, -1.000000000000000000 ) ) ;
#2218 = CARTESIAN_POINT ( 'NONE',  ( 0.5724840614793942351, 0.5499999999999997113, 0.1995115957933032980 ) ) ;
#2219 = ORIENTED_EDGE ( 'NONE', *, *, #808, .T. ) ;
#2220 = DIRECTION ( 'NONE',  ( 0.0000000000000000000, 0.0000000000000000000, 1.000000000000000000 ) ) ;
#2221 = VERTEX_POINT ( 'NONE', #7902 ) ;
#2222 = VECTOR ( 'NONE', #1881, 1000.000000000000000 ) ;
#2223 = EDGE_LOOP ( 'NONE', ( #3849, #8700, #4289, #1781, #5547, #5266 ) ) ;
#2224 =( NAMED_UNIT ( * ) PLANE_ANGLE_UNIT ( ) SI_UNIT ( $, .RADIAN. ) );
#2225 = CARTESIAN_POINT ( 'NONE',  ( -0.2576390037672254274, 0.5499999999999993783, 0.1104741515294211246 ) ) ;
#2226 = ORIENTED_EDGE ( 'NONE', *, *, #3944, .T. ) ;
#2227 =( LENGTH_UNIT ( ) NAMED_UNIT ( * ) SI_UNIT ( .MILLI., .METRE. ) );
#2228 = ORIENTED_EDGE ( 'NONE', *, *, #7073, .T. ) ;
#2229 = LINE ( 'NONE', #8390, #146 ) ;
#2230 =( NAMED_UNIT ( * ) SI_UNIT ( $, .STERADIAN. ) SOLID_ANGLE_UNIT ( ) );
#2231 = SURFACE_STYLE_FILL_AREA ( #230 ) ;
#2232 =( GEOMETRIC_REPRESENTATION_CONTEXT ( 3 ) GLOBAL_UNCERTAINTY_ASSIGNED_CONTEXT ( ( #6056 ) ) GLOBAL_UNIT_ASSIGNED_CONTEXT ( ( #7363, #9657, #8155 ) ) REPRESENTATION_CONTEXT ( 'NONE', 'WORKASPACE' ) );
#2233 = CARTESIAN_POINT ( 'NONE',  ( 0.6921041906597199533, 0.5400000000000001465, 0.2517231495353542958 ) ) ;
#2234 = DIRECTION ( 'NONE',  ( 0.0000000000000000000, -0.0000000000000000000, 1.000000000000000000 ) ) ;
#2235 = ORIENTED_EDGE ( 'NONE', *, *, #6998, .T. ) ;
#2236 =( LENGTH_UNIT ( ) NAMED_UNIT ( * ) SI_UNIT ( .MILLI., .METRE. ) );
#2237 = ADVANCED_FACE ( 'NONE', ( #3087 ), #4763, .F. ) ;
#2238 = SURFACE_STYLE_USAGE ( .BOTH. , #9892 ) ;
#2239 = ORIENTED_EDGE ( 'NONE', *, *, #8919, .F. ) ;
#2240 = DIRECTION ( 'NONE',  ( -0.0000000000000000000, 1.000000000000000000, -0.0000000000000000000 ) ) ;
#2241 = CARTESIAN_POINT ( 'NONE',  ( 0.5947920961033511533, 0.5400000000000000355, 0.2556572569896251590 ) ) ;
#2242 = CARTESIAN_POINT ( 'NONE',  ( -0.9000000000000002442, 0.1270000000000000018, -1.300000000000000266 ) ) ;
#2243 = DIRECTION ( 'NONE',  ( 0.0000000000000000000, -0.0000000000000000000, 1.000000000000000000 ) ) ;
#2244 = FILL_AREA_STYLE_COLOUR ( '', #6470 ) ;
#2245 = CARTESIAN_POINT ( 'NONE',  ( 0.6100000000000003197, 0.0000000000000000000, 0.6999999999999997335 ) ) ;
#2246 = CARTESIAN_POINT ( 'NONE',  ( 0.6410099379985354506, 0.5400000000000003686, 0.2618086189749411208 ) ) ;
#2247 = CARTESIAN_POINT ( 'NONE',  ( -0.05128205128205132191, 0.5400000000000000355, 0.03299808320753071927 ) ) ;
#2248 = EDGE_CURVE ( 'NONE', #4489, #139, #6443, .T. ) ;
#2249 = EDGE_CURVE ( 'NONE', #2748, #2085, #9167, .T. ) ;
#2250 = CARTESIAN_POINT ( 'NONE',  ( -0.4777996855571819967, 0.5500000000000000444, 0.2092504031058845526 ) ) ;
#2251 = CARTESIAN_POINT ( 'NONE',  ( -0.3550681089743589758, 0.5400000000000000355, 0.2894083396177871137 ) ) ;
#2252 = LINE ( 'NONE', #924, #8118 ) ;
#2253 = CARTESIAN_POINT ( 'NONE',  ( -0.2522694428900430497, 0.5499999999999994893, 0.1230779967185268303 ) ) ;
#2254 = LINE ( 'NONE', #3544, #9321 ) ;
#2255 = STYLED_ITEM ( 'NONE', ( #689 ), #5085 ) ;
#2256 = AXIS2_PLACEMENT_3D ( 'NONE', #4955, #336, #1051 ) ;
#2257 = CARTESIAN_POINT ( 'NONE',  ( 0.6506410256410261050, 0.5400000000000000355, 0.02658782679727431791 ) ) ;
#2258 = AXIS2_PLACEMENT_3D ( 'NONE', #9493, #2600, #7900 ) ;
#2259 = EDGE_CURVE ( 'NONE', #7842, #2902, #9880, .T. ) ;
#2260 = CARTESIAN_POINT ( 'NONE',  ( -0.09999999999999961697, 0.1270000000000000018, -1.309999999999999609 ) ) ;
#2261 = UNCERTAINTY_MEASURE_WITH_UNIT (LENGTH_MEASURE( 1.000000000000000082E-05 ), #4490, 'distance_accuracy_value', 'NONE');
#2262 = LINE ( 'NONE', #8806, #2884 ) ;
#2263 = CARTESIAN_POINT ( 'NONE',  ( -0.09999999999999961697, 0.1270000000000000018, 1.309999999999999609 ) ) ;
#2264 = LINE ( 'NONE', #1366, #190 ) ;
#2265 = ORIENTED_EDGE ( 'NONE', *, *, #7843, .F. ) ;
#2266 = CARTESIAN_POINT ( 'NONE',  ( -0.9000000000000002442, 0.5500000000000000444, -1.300000000000000266 ) ) ;
#2267 = EDGE_CURVE ( 'NONE', #9910, #4097, #3804, .T. ) ;
#2268 = MECHANICAL_DESIGN_GEOMETRIC_PRESENTATION_REPRESENTATION (  '', ( #7784 ), #6885 ) ;
#2269 = CARTESIAN_POINT ( 'NONE',  ( -0.4629350274458554626, 0.5399999999999999245, 0.1801440152173886811 ) ) ;
#2270 = ORIENTED_EDGE ( 'NONE', *, *, #371, .T. ) ;
#2271 = CARTESIAN_POINT ( 'NONE',  ( -0.5208333333333334814, 0.5400000000000000355, 0.03299808320753071927 ) ) ;
#2272 = VECTOR ( 'NONE', #155, 1000.000000000000000 ) ;
#2273 = CARTESIAN_POINT ( 'NONE',  ( 0.5744687034520526980, 0.5499999999999999334, 0.2332579696526431434 ) ) ;
#2274 = ORIENTED_EDGE ( 'NONE', *, *, #8760, .T. ) ;
#2275 =( LENGTH_UNIT ( ) NAMED_UNIT ( * ) SI_UNIT ( .MILLI., .METRE. ) );
#2276 = FILL_AREA_STYLE ('',( #1516 ) ) ;
#2277 = ORIENTED_EDGE ( 'NONE', *, *, #4579, .F. ) ;
#2278 = CARTESIAN_POINT ( 'NONE',  ( 0.4423076923076926792, 0.5500000000000000444, 0.2829980832075307262 ) ) ;
#2279 = CARTESIAN_POINT ( 'NONE',  ( 0.6237980769230773159, 0.5500000000000000444, 0.2894083396177871137 ) ) ;
#2280 = VERTEX_POINT ( 'NONE', #4476 ) ;
#2281 =( LENGTH_UNIT ( ) NAMED_UNIT ( * ) SI_UNIT ( .MILLI., .METRE. ) );
#2282 = CARTESIAN_POINT ( 'NONE',  ( -0.3455826287191777202, 0.5400000000000000355, 0.2891827674181218777 ) ) ;
#2283 = ORIENTED_EDGE ( 'NONE', *, *, #2066, .T. ) ;
#2284 = SURFACE_STYLE_FILL_AREA ( #9009 ) ;
#2285 = LINE ( 'NONE', #9326, #5500 ) ;
#2286 =( LENGTH_UNIT ( ) NAMED_UNIT ( * ) SI_UNIT ( .MILLI., .METRE. ) );
#2287 = LINE ( 'NONE', #4048, #6476 ) ;
#2288 = EDGE_LOOP ( 'NONE', ( #4107, #9427, #8037, #9534 ) ) ;
#2289 = CARTESIAN_POINT ( 'NONE',  ( -0.4820648137382188003, 0.5499999999999999334, 0.1974400825875917975 ) ) ;
#2290 = PLANE ( 'NONE',  #2504 ) ;
#2291 = ADVANCED_FACE ( 'NONE', ( #4751 ), #656, .F. ) ;
#2292 = STYLED_ITEM ( 'NONE', ( #4848 ), #7613 ) ;
#2293 = CARTESIAN_POINT ( 'NONE',  ( 0.6119648200744239874, 0.5400000000000001465, 0.1652028425418915480 ) ) ;
#2294 = ORIENTED_EDGE ( 'NONE', *, *, #5445, .T. ) ;
#2295 = SURFACE_SIDE_STYLE ('',( #6547 ) ) ;
#2296 = VECTOR ( 'NONE', #7818, 1000.000000000000000 ) ;
#2297 = STYLED_ITEM ( 'NONE', ( #1755 ), #9735 ) ;
#2298 = SURFACE_STYLE_FILL_AREA ( #6601 ) ;
#2299 = VERTEX_POINT ( 'NONE', #7617 ) ;
#2300 = CARTESIAN_POINT ( 'NONE',  ( 0.0000000000000000000, 0.5400000000000000355, 0.0000000000000000000 ) ) ;
#2301 = ORIENTED_EDGE ( 'NONE', *, *, #8743, .F. ) ;
#2302 = PRESENTATION_STYLE_ASSIGNMENT (( #2048 ) ) ;
#2303 = CARTESIAN_POINT ( 'NONE',  ( -0.2246853404934035237, 0.5500000000000001554, 0.1448042587625409661 ) ) ;
#2304 = SURFACE_STYLE_FILL_AREA ( #1661 ) ;
#2305 = EDGE_LOOP ( 'NONE', ( #1597, #8880, #6658, #6042 ) ) ;
#2306 = CARTESIAN_POINT ( 'NONE',  ( 0.9100000000000002531, 0.0000000000000000000, -0.5000000000000002220 ) ) ;
#2307 = LINE ( 'NONE', #824, #1565 ) ;
#2308 = UNCERTAINTY_MEASURE_WITH_UNIT (LENGTH_MEASURE( 1.000000000000000082E-05 ), #1868, 'distance_accuracy_value', 'NONE');
#2309 = STYLED_ITEM ( 'NONE', ( #9832 ), #4310 ) ;
#2310 = CARTESIAN_POINT ( 'NONE',  ( -0.4522745126566935503, 0.5400000000000002576, 0.2088616144082776349 ) ) ;
#2311 = CARTESIAN_POINT ( 'NONE',  ( 0.3000000000000003775, 0.0000000000000000000, 1.309999999999999387 ) ) ;
#2312 = EDGE_CURVE ( 'NONE', #6485, #4149, #2229, .T. ) ;
#2313 = CARTESIAN_POINT ( 'NONE',  ( 0.5000000000000004441, 0.05000000000000000278, 0.0000000000000000000 ) ) ;
#2314 = VECTOR ( 'NONE', #3890, 1000.000000000000000 ) ;
#2315 = SURFACE_STYLE_USAGE ( .BOTH. , #709 ) ;
#2316 = DIRECTION ( 'NONE',  ( 0.0000000000000000000, 0.0000000000000000000, -1.000000000000000000 ) ) ;
#2317 = FACE_OUTER_BOUND ( 'NONE', #2633, .T. ) ;
#2318 = ORIENTED_EDGE ( 'NONE', *, *, #4633, .T. ) ;
#2319 = FILL_AREA_STYLE ('',( #9896 ) ) ;
#2320 = CARTESIAN_POINT ( 'NONE',  ( 0.5000000000000004441, 0.1270000000000000018, -1.309999999999999387 ) ) ;
#2321 = FACE_OUTER_BOUND ( 'NONE', #9293, .T. ) ;
#2322 = CARTESIAN_POINT ( 'NONE',  ( 0.3000000000000003775, 0.1270000000000000018, -1.309999999999999387 ) ) ;
#2323 = FILL_AREA_STYLE ('',( #1521 ) ) ;
#2324 = CARTESIAN_POINT ( 'NONE',  ( -0.6100000000000000977, 0.04999999999999999584, -0.2000000000000003997 ) ) ;
#2325 = PRESENTATION_LAYER_ASSIGNMENT (  '', '', ( #1800 ) ) ;
#2326 = ORIENTED_EDGE ( 'NONE', *, *, #500, .T. ) ;
#2327 = DIRECTION ( 'NONE',  ( 2.168404344971006501E-15, 0.0000000000000000000, 1.000000000000000000 ) ) ;
#2328 = CARTESIAN_POINT ( 'NONE',  ( 0.2000000000000004274, 0.04999999999999999584, 1.009999999999999565 ) ) ;
#2329 = MECHANICAL_DESIGN_GEOMETRIC_PRESENTATION_REPRESENTATION (  '', ( #2995 ), #3511 ) ;
#2330 = EDGE_CURVE ( 'NONE', #8990, #8913, #4511, .T. ) ;
#2331 = DIRECTION ( 'NONE',  ( 0.0000000000000000000, 0.0000000000000000000, 1.000000000000000000 ) ) ;
#2332 = CARTESIAN_POINT ( 'NONE',  ( 0.6342104499429004338, 0.5400000000000001465, 0.2890350391076003667 ) ) ;
#2333 = ORIENTED_EDGE ( 'NONE', *, *, #4784, .T. ) ;
#2334 = CIRCLE ( 'NONE', #3907, 0.1000000000000001582 ) ;
#2335 = PRESENTATION_STYLE_ASSIGNMENT (( #1115 ) ) ;
#2336 =( GEOMETRIC_REPRESENTATION_CONTEXT ( 3 ) GLOBAL_UNCERTAINTY_ASSIGNED_CONTEXT ( ( #3153 ) ) GLOBAL_UNIT_ASSIGNED_CONTEXT ( ( #4073, #7018, #4113 ) ) REPRESENTATION_CONTEXT ( 'NONE', 'WORKASPACE' ) );
#2337 = LINE ( 'NONE', #1307, #6991 ) ;
#2338 = ORIENTED_EDGE ( 'NONE', *, *, #4460, .T. ) ;
#2339 = AXIS2_PLACEMENT_3D ( 'NONE', #7054, #4046, #9360 ) ;
#2340 = FILL_AREA_STYLE ('',( #6140 ) ) ;
#2341 = MECHANICAL_DESIGN_GEOMETRIC_PRESENTATION_REPRESENTATION (  '', ( #6246 ), #9189 ) ;
#2342 = FILL_AREA_STYLE ('',( #9938 ) ) ;
#2343 = MECHANICAL_DESIGN_GEOMETRIC_PRESENTATION_REPRESENTATION (  '', ( #5084 ), #4399 ) ;
#2344 = FACE_OUTER_BOUND ( 'NONE', #5629, .T. ) ;
#2345 = CARTESIAN_POINT ( 'NONE',  ( -0.4646497642738350309, 0.5400000000000000355, 0.1626106080078458804 ) ) ;
#2346 = ADVANCED_FACE ( 'NONE', ( #8340 ), #5335, .F. ) ;
#2347 = DIRECTION ( 'NONE',  ( 0.0000000000000000000, 1.000000000000000000, 0.0000000000000000000 ) ) ;
#2348 = CARTESIAN_POINT ( 'NONE',  ( -0.4647435897435897023, 0.5500000000000000444, 0.1589996857716332868 ) ) ;
#2349 = ORIENTED_EDGE ( 'NONE', *, *, #2047, .T. ) ;
#2350 = CARTESIAN_POINT ( 'NONE',  ( 0.6277544070512826035, 0.5500000000000001554, 0.1387673139767615083 ) ) ;
#2351 = STYLED_ITEM ( 'NONE', ( #7692 ), #1063 ) ;
#2352 = CARTESIAN_POINT ( 'NONE',  ( 0.6277544070512826035, 0.5500000000000001554, 0.1387673139767615083 ) ) ;
#2353 = ORIENTED_EDGE ( 'NONE', *, *, #9809, .F. ) ;
#2354 = PLANE ( 'NONE',  #1345 ) ;
#2355 =( NAMED_UNIT ( * ) SI_UNIT ( $, .STERADIAN. ) SOLID_ANGLE_UNIT ( ) );
#2356 = CARTESIAN_POINT ( 'NONE',  ( -0.6100000000000003197, 0.04999999999999999584, 0.5999999999999996447 ) ) ;
#2357 = DIRECTION ( 'NONE',  ( 0.5391851040989490418, 0.0000000000000000000, -0.8421872852981131530 ) ) ;
#2358 =( GEOMETRIC_REPRESENTATION_CONTEXT ( 3 ) GLOBAL_UNCERTAINTY_ASSIGNED_CONTEXT ( ( #5545 ) ) GLOBAL_UNIT_ASSIGNED_CONTEXT ( ( #3601, #6387, #6456 ) ) REPRESENTATION_CONTEXT ( 'NONE', 'WORKASPACE' ) );
#2359 = EDGE_LOOP ( 'NONE', ( #8180, #3309, #5164, #2026 ) ) ;
#2360 = CARTESIAN_POINT ( 'NONE',  ( 0.5826364890367545790, 0.5400000000000000355, 0.2456616606238895273 ) ) ;
#2361 = ORIENTED_EDGE ( 'NONE', *, *, #963, .T. ) ;
#2362 = FILL_AREA_STYLE ('',( #4 ) ) ;
#2363 = CARTESIAN_POINT ( 'NONE',  ( -0.1999999999999995393, 0.0000000000000000000, 1.009999999999999787 ) ) ;
#2364 = CARTESIAN_POINT ( 'NONE',  ( -0.3143518769535626478, 0.5399999999999999245, 0.06018160327596734638 ) ) ;
#2365 = DIRECTION ( 'NONE',  ( 0.7863974287229258398, 0.0000000000000000000, 0.6177208787939507673 ) ) ;
#2366 = VERTEX_POINT ( 'NONE', #2958 ) ;
#2367 = AXIS2_PLACEMENT_3D ( 'NONE', #8403, #5282, #765 ) ;
#2368 = FACE_OUTER_BOUND ( 'NONE', #7257, .T. ) ;
#2369 = VECTOR ( 'NONE', #6254, 1000.000000000000000 ) ;
#2370 = FILL_AREA_STYLE ('',( #1542 ) ) ;
#2371 = ORIENTED_EDGE ( 'NONE', *, *, #6295, .F. ) ;
#2372 = SURFACE_STYLE_USAGE ( .BOTH. , #4583 ) ;
#2373 = SURFACE_STYLE_FILL_AREA ( #7878 ) ;
#2374 = CARTESIAN_POINT ( 'NONE',  ( -0.05128205128205132191, 0.5400000000000000355, 0.1355621857716332868 ) ) ;
#2375 = CARTESIAN_POINT ( 'NONE',  ( 0.6099999999999998757, 0.1270000000000000018, 0.2999999999999997113 ) ) ;
#2376 = VECTOR ( 'NONE', #3574, 1000.000000000000000 ) ;
#2377 =( NAMED_UNIT ( * ) PLANE_ANGLE_UNIT ( ) SI_UNIT ( $, .RADIAN. ) );
#2378 = LINE ( 'NONE', #4937, #9788 ) ;
#2379 = SURFACE_SIDE_STYLE ('',( #2202 ) ) ;
#2380 = CARTESIAN_POINT ( 'NONE',  ( -0.2390477826471273659, 0.5400000000000000355, 0.09556852096005893915 ) ) ;
#2381 = CARTESIAN_POINT ( 'NONE',  ( -0.3905346931484536821, 0.5500000000000001554, 0.03084114750138526942 ) ) ;
#2382 = DIRECTION ( 'NONE',  ( 1.668003342285391551E-16, 0.0000000000000000000, 1.000000000000000000 ) ) ;
#2383 = CARTESIAN_POINT ( 'NONE',  ( 0.8999999999999998002, 0.05000000000000000278, -1.300000000000000266 ) ) ;
#2384 = CARTESIAN_POINT ( 'NONE',  ( -0.4999999999999995559, 0.1270000000000000018, 1.009999999999999565 ) ) ;
#2385 = LINE ( 'NONE', #3519, #1520 ) ;
#2386 = FILL_AREA_STYLE_COLOUR ( '', #6785 ) ;
#2387 = DIRECTION ( 'NONE',  ( -0.5390871699424965025, 0.0000000000000000000, -0.8422499766716469161 ) ) ;
#2388 = EDGE_CURVE ( 'NONE', #9286, #4489, #4782, .T. ) ;
#2389 = CARTESIAN_POINT ( 'NONE',  ( -0.09999999999999961697, 0.1270000000000000018, -1.309999999999999609 ) ) ;
#2390 = COLOUR_RGB ( '',0.6666666666666666297, 0.6941176470588235059, 0.7647058823529411242 ) ;
#2391 = EDGE_CURVE ( 'NONE', #8571, #600, #6412, .T. ) ;
#2392 = ORIENTED_EDGE ( 'NONE', *, *, #8891, .F. ) ;
#2393 =( NAMED_UNIT ( * ) PLANE_ANGLE_UNIT ( ) SI_UNIT ( $, .RADIAN. ) );
#2394 = EDGE_CURVE ( 'NONE', #6051, #2092, #6644, .T. ) ;
#2395 =( LENGTH_UNIT ( ) NAMED_UNIT ( * ) SI_UNIT ( .MILLI., .METRE. ) );
#2396 =( NAMED_UNIT ( * ) PLANE_ANGLE_UNIT ( ) SI_UNIT ( $, .RADIAN. ) );
#2397 = LINE ( 'NONE', #1913, #3010 ) ;
#2398 = DIRECTION ( 'NONE',  ( -1.000000000000000000, 0.0000000000000000000, 0.0000000000000000000 ) ) ;
#2399 = PRESENTATION_LAYER_ASSIGNMENT (  '', '', ( #1531 ) ) ;
#2400 = FACE_OUTER_BOUND ( 'NONE', #1854, .T. ) ;
#2401 = LINE ( 'NONE', #3204, #673 ) ;
#2402 = UNCERTAINTY_MEASURE_WITH_UNIT (LENGTH_MEASURE( 1.000000000000000082E-05 ), #8875, 'distance_accuracy_value', 'NONE');
#2403 = CARTESIAN_POINT ( 'NONE',  ( -0.2468780324543574101, 0.5400000000000001465, 0.1504358620795287482 ) ) ;
#2404 = AXIS2_PLACEMENT_3D ( 'NONE', #22, #1490, #4629 ) ;
#2405 = FACE_OUTER_BOUND ( 'NONE', #7826, .T. ) ;
#2406 = VERTEX_POINT ( 'NONE', #3184 ) ;
#2407 =( LENGTH_UNIT ( ) NAMED_UNIT ( * ) SI_UNIT ( .MILLI., .METRE. ) );
#2408 = ORIENTED_EDGE ( 'NONE', *, *, #9925, .F. ) ;
#2409 =( GEOMETRIC_REPRESENTATION_CONTEXT ( 3 ) GLOBAL_UNCERTAINTY_ASSIGNED_CONTEXT ( ( #5242 ) ) GLOBAL_UNIT_ASSIGNED_CONTEXT ( ( #5296, #2224, #8386 ) ) REPRESENTATION_CONTEXT ( 'NONE', 'WORKASPACE' ) );
#2410 = ORIENTED_EDGE ( 'NONE', *, *, #1326, .T. ) ;
#2411 = EDGE_CURVE ( 'NONE', #2836, #8397, #5461, .T. ) ;
#2412 = DIRECTION ( 'NONE',  ( 0.0000000000000000000, 0.0000000000000000000, -1.000000000000000000 ) ) ;
#2413 = CARTESIAN_POINT ( 'NONE',  ( -0.9100000000000002531, 0.1270000000000000018, -0.3000000000000005995 ) ) ;
#2414 = CARTESIAN_POINT ( 'NONE',  ( -0.006410256410256351053, 0.5500000000000000444, 0.03299808320753071927 ) ) ;
#2415 = STYLED_ITEM ( 'NONE', ( #9150 ), #439 ) ;
#2416 = ORIENTED_EDGE ( 'NONE', *, *, #5568, .T. ) ;
#2417 = LINE ( 'NONE', #5514, #457 ) ;
#2418 = ORIENTED_EDGE ( 'NONE', *, *, #4371, .F. ) ;
#2419 = CARTESIAN_POINT ( 'NONE',  ( -0.4399943394461798829, 0.5400000000000000355, 0.2257895001745790498 ) ) ;
#2420 = ORIENTED_EDGE ( 'NONE', *, *, #829, .F. ) ;
#2421 = VECTOR ( 'NONE', #3321, 1000.000000000000000 ) ;
#2422 = DIRECTION ( 'NONE',  ( 0.0000000000000000000, -1.000000000000000000, 0.0000000000000000000 ) ) ;
#2423 = ORIENTED_EDGE ( 'NONE', *, *, #7337, .F. ) ;
#2424 = CARTESIAN_POINT ( 'NONE',  ( 0.8999999999999999112, 0.1270000000000000018, -0.5000000000000002220 ) ) ;
#2425 = CARTESIAN_POINT ( 'NONE',  ( -0.4549212002572924352, 0.5500000000000000444, 0.07086291415428982998 ) ) ;
#2426 = CARTESIAN_POINT ( 'NONE',  ( 0.9100000000000002531, 0.1270000000000000018, 0.6999999999999997335 ) ) ;
#2427 = CARTESIAN_POINT ( 'NONE',  ( 0.3000000000000003775, 0.0000000000000000000, 1.009999999999999343 ) ) ;
#2428 = VERTEX_POINT ( 'NONE', #2435 ) ;
#2429 = CARTESIAN_POINT ( 'NONE',  ( 0.6564367818508322072, 0.5500000000000002665, 0.1440115573824928275 ) ) ;
#2430 = LINE ( 'NONE', #4224, #7088 ) ;
#2431 = CARTESIAN_POINT ( 'NONE',  ( 0.5723061986144846180, 0.5400000000000002576, 0.1463853454542346499 ) ) ;
#2432 = FILL_AREA_STYLE_COLOUR ( '', #175 ) ;
#2433 = PRESENTATION_LAYER_ASSIGNMENT (  '', '', ( #4305 ) ) ;
#2434 = SURFACE_STYLE_FILL_AREA ( #355 ) ;
#2435 = CARTESIAN_POINT ( 'NONE',  ( -0.6100000000000005418, 0.04999999999999999584, -0.7000000000000005107 ) ) ;
#2436 =( GEOMETRIC_REPRESENTATION_CONTEXT ( 3 ) GLOBAL_UNCERTAINTY_ASSIGNED_CONTEXT ( ( #9958 ) ) GLOBAL_UNIT_ASSIGNED_CONTEXT ( ( #9279, #6972, #8548 ) ) REPRESENTATION_CONTEXT ( 'NONE', 'WORKASPACE' ) );
#2437 = ORIENTED_EDGE ( 'NONE', *, *, #6238, .F. ) ;
#2438 =( NAMED_UNIT ( * ) SI_UNIT ( $, .STERADIAN. ) SOLID_ANGLE_UNIT ( ) );
#2439 = UNCERTAINTY_MEASURE_WITH_UNIT (LENGTH_MEASURE( 1.000000000000000082E-05 ), #8309, 'distance_accuracy_value', 'NONE');
#2440 = SURFACE_SIDE_STYLE ('',( #4175 ) ) ;
#2441 =( LENGTH_UNIT ( ) NAMED_UNIT ( * ) SI_UNIT ( .MILLI., .METRE. ) );
#2442 = ORIENTED_EDGE ( 'NONE', *, *, #3431, .F. ) ;
#2443 = CARTESIAN_POINT ( 'NONE',  ( 0.5687990806926608300, 0.5500000000000000444, 0.1519580545729448950 ) ) ;
#2444 = PRESENTATION_STYLE_ASSIGNMENT (( #1439 ) ) ;
#2445 = FACE_OUTER_BOUND ( 'NONE', #6992, .T. ) ;
#2446 = ORIENTED_EDGE ( 'NONE', *, *, #6432, .F. ) ;
#2447 = CARTESIAN_POINT ( 'NONE',  ( -0.2555588942307692180, 0.5400000000000000355, 0.3022288524382999442 ) ) ;
#2448 = ADVANCED_FACE ( 'NONE', ( #8496 ), #3590, .T. ) ;
#2449 =( LENGTH_UNIT ( ) NAMED_UNIT ( * ) SI_UNIT ( .MILLI., .METRE. ) );
#2450 = DIRECTION ( 'NONE',  ( -1.000000000000000000, 0.0000000000000000000, 0.0000000000000000000 ) ) ;
#2451 = DIRECTION ( 'NONE',  ( -1.000000000000000000, 0.0000000000000000000, 0.0000000000000000000 ) ) ;
#2452 = EDGE_CURVE ( 'NONE', #3747, #9095, #794, .T. ) ;
#2453 = CARTESIAN_POINT ( 'NONE',  ( -0.2824134802378257536, 0.5500000000000000444, 0.04789592812390814497 ) ) ;
#2454 = CARTESIAN_POINT ( 'NONE',  ( -0.4738622538362708969, 0.5499999999999999334, 0.09992236913872895587 ) ) ;
#2455 = EDGE_CURVE ( 'NONE', #7508, #8864, #5854, .T. ) ;
#2456 =( LENGTH_UNIT ( ) NAMED_UNIT ( * ) SI_UNIT ( .MILLI., .METRE. ) );
#2457 = CARTESIAN_POINT ( 'NONE',  ( 0.6099999999999996536, 0.0000000000000000000, 0.1999999999999995948 ) ) ;
#2458 = SURFACE_STYLE_FILL_AREA ( #5676 ) ;
#2459 = SURFACE_STYLE_USAGE ( .BOTH. , #8573 ) ;
#2460 = LINE ( 'NONE', #8197, #6268 ) ;
#2461 = ORIENTED_EDGE ( 'NONE', *, *, #5897, .T. ) ;
#2462 =( LENGTH_UNIT ( ) NAMED_UNIT ( * ) SI_UNIT ( .MILLI., .METRE. ) );
#2463 = CARTESIAN_POINT ( 'NONE',  ( -0.4612085178758508208, 0.5500000000000000444, 0.1306156472301151505 ) ) ;
#2464 = PRESENTATION_LAYER_ASSIGNMENT (  '', '', ( #3686 ) ) ;
#2465 = SURFACE_STYLE_USAGE ( .BOTH. , #9304 ) ;
#2466 = ORIENTED_EDGE ( 'NONE', *, *, #1322, .T. ) ;
#2467 = CARTESIAN_POINT ( 'NONE',  ( 0.6748994524275687690, 0.5399999999999999245, 0.1551149077396023201 ) ) ;
#2468 = AXIS2_PLACEMENT_3D ( 'NONE', #407, #1844, #5789 ) ;
#2469 = ORIENTED_EDGE ( 'NONE', *, *, #9890, .T. ) ;
#2470 = COLOUR_RGB ( '',1.000000000000000000, 1.000000000000000000, 1.000000000000000000 ) ;
#2471 = VECTOR ( 'NONE', #2387, 1000.000000000000227 ) ;
#2472 = CARTESIAN_POINT ( 'NONE',  ( 0.5760216346153850253, 0.5500000000000003775, 0.1406703588485563594 ) ) ;
#2473 = EDGE_CURVE ( 'NONE', #600, #7734, #1651, .T. ) ;
#2474 = FILL_AREA_STYLE ('',( #7748 ) ) ;
#2475 = EDGE_CURVE ( 'NONE', #5107, #9717, #1281, .T. ) ;
#2476 = ORIENTED_EDGE ( 'NONE', *, *, #1669, .F. ) ;
#2477 = CARTESIAN_POINT ( 'NONE',  ( 0.6635443204459300359, 0.5400000000000001465, 0.2493104157199825532 ) ) ;
#2478 =( LENGTH_UNIT ( ) NAMED_UNIT ( * ) SI_UNIT ( .MILLI., .METRE. ) );
#2479 = ORIENTED_EDGE ( 'NONE', *, *, #4145, .F. ) ;
#2480 = ORIENTED_EDGE ( 'NONE', *, *, #4163, .T. ) ;
#2481 = VERTEX_POINT ( 'NONE', #2389 ) ;
#2482 = B_SPLINE_CURVE_WITH_KNOTS ( 'NONE', 3,
 ( #9516, #8727, #4059, #168, #4162, #7218, #277, #999, #969, #6402, #9443, #1706, #5694, #7921, #5558, #8690, #7075, #3348, #5595 ),
 .UNSPECIFIED., .F., .F.,
 ( 4, 1, 1, 1, 1, 1, 1, 1, 1, 1, 1, 1, 1, 1, 1, 1, 4 ),
 ( 0.0000000000000000000, 0.06523080374202966381, 0.1284048960032228848, 0.1900670715964787594, 0.2509433657682800245, 0.3115458328521431008, 0.3728628021568292095, 0.4350236738562388017, 0.4990717247070431961, 0.5630910750496620487, 0.6255101063303749598, 0.6866800359296492129, 0.7472825030135125113, 0.8085634952159587163, 0.8707421035159857992, 0.9343409515059122317, 1.000000000000000000 ),
 .UNSPECIFIED. ) ;
#2483 = ADVANCED_FACE ( 'NONE', ( #2400 ), #1698, .F. ) ;
#2484 = DIRECTION ( 'NONE',  ( -1.000000000000000000, 0.0000000000000000000, 0.0000000000000000000 ) ) ;
#2485 = PRESENTATION_LAYER_ASSIGNMENT (  '', '', ( #9129 ) ) ;
#2486 = FILL_AREA_STYLE ('',( #1004 ) ) ;
#2487 = ORIENTED_EDGE ( 'NONE', *, *, #3301, .T. ) ;
#2488 = FILL_AREA_STYLE ('',( #7040 ) ) ;
#2489 = ORIENTED_EDGE ( 'NONE', *, *, #371, .F. ) ;
#2490 = LINE ( 'NONE', #5713, #6903 ) ;
#2491 = VECTOR ( 'NONE', #5340, 1000.000000000000000 ) ;
#2492 = CARTESIAN_POINT ( 'NONE',  ( -0.2243589743589743390, 0.5400000000000000355, 0.1582985639767614805 ) ) ;
#2493 = PLANE ( 'NONE',  #5725 ) ;
#2494 = CARTESIAN_POINT ( 'NONE',  ( -0.3048225651453235208, 0.5400000000000002576, 0.03589289868537365313 ) ) ;
#2495 = DIRECTION ( 'NONE',  ( 1.000000000000000000, 0.0000000000000000000, 0.0000000000000000000 ) ) ;
#2496 = ORIENTED_EDGE ( 'NONE', *, *, #7219, .T. ) ;
#2497 = CARTESIAN_POINT ( 'NONE',  ( -0.4697869025202104365, 0.5400000000000000355, 0.09215993506739025842 ) ) ;
#2498 = DIRECTION ( 'NONE',  ( -1.000000000000000000, 0.0000000000000000000, -0.0000000000000000000 ) ) ;
#2499 = COLOUR_RGB ( '',0.6666666666666666297, 0.6941176470588235059, 0.7647058823529411242 ) ;
#2500 =( NAMED_UNIT ( * ) SI_UNIT ( $, .STERADIAN. ) SOLID_ANGLE_UNIT ( ) );
#2501 = STYLED_ITEM ( 'NONE', ( #6002 ), #7918 ) ;
#2502 = PRESENTATION_STYLE_ASSIGNMENT (( #7393 ) ) ;
#2503 = CARTESIAN_POINT ( 'NONE',  ( 0.6277544070512824925, 0.5500000000000001554, 0.1387673139767614805 ) ) ;
#2504 = AXIS2_PLACEMENT_3D ( 'NONE', #1636, #129, #7774 ) ;
#2505 = DIRECTION ( 'NONE',  ( -1.000000000000000000, -0.0000000000000000000, -0.0000000000000000000 ) ) ;
#2506 = DIRECTION ( 'NONE',  ( -0.0000000000000000000, 1.000000000000000000, -0.0000000000000000000 ) ) ;
#2507 = ADVANCED_FACE ( 'NONE', ( #8251 ), #7742, .T. ) ;
#2508 = COLOUR_RGB ( '',0.6666666666666666297, 0.6941176470588235059, 0.7647058823529411242 ) ;
#2509 = CARTESIAN_POINT ( 'NONE',  ( 0.5855800618411558522, 0.5399999999999999245, 0.2797338658363431874 ) ) ;
#2510 = CARTESIAN_POINT ( 'NONE',  ( -0.4225572812807564249, 0.5499999999999997113, 0.07407962274615711995 ) ) ;
#2511 =( LENGTH_UNIT ( ) NAMED_UNIT ( * ) SI_UNIT ( .MILLI., .METRE. ) );
#2512 = CARTESIAN_POINT ( 'NONE',  ( 0.5705128205128209284, 0.5400000000000000355, 0.2141879870536845809 ) ) ;
#2513 = LINE ( 'NONE', #6465, #8854 ) ;
#2514 =( NAMED_UNIT ( * ) PLANE_ANGLE_UNIT ( ) SI_UNIT ( $, .RADIAN. ) );
#2515 = VECTOR ( 'NONE', #6271, 1000.000000000000000 ) ;
#2516 = EDGE_CURVE ( 'NONE', #1532, #4128, #9913, .T. ) ;
#2517 =( NAMED_UNIT ( * ) PLANE_ANGLE_UNIT ( ) SI_UNIT ( $, .RADIAN. ) );
#2518 = COLOUR_RGB ( '',0.6666666666666666297, 0.6941176470588235059, 0.7647058823529411242 ) ;
#2519 = UNCERTAINTY_MEASURE_WITH_UNIT (LENGTH_MEASURE( 1.000000000000000082E-05 ), #1325, 'distance_accuracy_value', 'NONE');
#2520 = CARTESIAN_POINT ( 'NONE',  ( 0.9000000000000000222, 0.1270000000000000018, 0.2999999999999997113 ) ) ;
#2521 = VECTOR ( 'NONE', #3731, 1000.000000000000000 ) ;
#2522 = VECTOR ( 'NONE', #7699, 1000.000000000000114 ) ;
#2523 = CARTESIAN_POINT ( 'NONE',  ( -0.9100000000000002531, 0.1270000000000000018, -0.7000000000000005107 ) ) ;
#2524 = CARTESIAN_POINT ( 'NONE',  ( 0.9100000000000002531, 0.0000000000000000000, -0.7000000000000005107 ) ) ;
#2525 = LINE ( 'NONE', #4284, #6808 ) ;
#2526 = MECHANICAL_DESIGN_GEOMETRIC_PRESENTATION_REPRESENTATION (  '', ( #3364 ), #3873 ) ;
#2527 = CARTESIAN_POINT ( 'NONE',  ( -0.4364493624662613702, 0.5399999999999999245, 0.05336914895936141490 ) ) ;
#2528 = FACE_OUTER_BOUND ( 'NONE', #788, .T. ) ;
#2529 =( NAMED_UNIT ( * ) PLANE_ANGLE_UNIT ( ) SI_UNIT ( $, .RADIAN. ) );
#2530 = VERTEX_POINT ( 'NONE', #2538 ) ;
#2531 = MECHANICAL_DESIGN_GEOMETRIC_PRESENTATION_REPRESENTATION (  '', ( #1989 ), #4267 ) ;
#2532 = DIRECTION ( 'NONE',  ( 0.0000000000000000000, 0.0000000000000000000, -1.000000000000000000 ) ) ;
#2533 = VECTOR ( 'NONE', #2876, 1000.000000000000000 ) ;
#2534 =( NAMED_UNIT ( * ) PLANE_ANGLE_UNIT ( ) SI_UNIT ( $, .RADIAN. ) );
#2535 = ORIENTED_EDGE ( 'NONE', *, *, #3695, .F. ) ;
#2536 = CIRCLE ( 'NONE', #1030, 0.1000000000000001027 ) ;
#2537 = EDGE_CURVE ( 'NONE', #1843, #1791, #9216, .T. ) ;
#2538 = CARTESIAN_POINT ( 'NONE',  ( -0.3560196314102563875, 0.5400000000000000355, 0.02658782679727431791 ) ) ;
#2539 = UNCERTAINTY_MEASURE_WITH_UNIT (LENGTH_MEASURE( 1.000000000000000082E-05 ), #119, 'distance_accuracy_value', 'NONE');
#2540 =( LENGTH_UNIT ( ) NAMED_UNIT ( * ) SI_UNIT ( .MILLI., .METRE. ) );
#2541 = ORIENTED_EDGE ( 'NONE', *, *, #5011, .T. ) ;
#2542 = VERTEX_POINT ( 'NONE', #2575 ) ;
#2543 = EDGE_CURVE ( 'NONE', #990, #1944, #9691, .T. ) ;
#2544 = SURFACE_SIDE_STYLE ('',( #4210 ) ) ;
#2545 = DIRECTION ( 'NONE',  ( 1.000000000000000000, 0.0000000000000000000, 0.0000000000000000000 ) ) ;
#2546 = ORIENTED_EDGE ( 'NONE', *, *, #9105, .T. ) ;
#2547 = CARTESIAN_POINT ( 'NONE',  ( -0.6100000000000005418, 0.1270000000000000018, -0.5000000000000002220 ) ) ;
#2548 = COLOUR_RGB ( '',0.6666666666666666297, 0.6941176470588235059, 0.7647058823529411242 ) ;
#2549 = STYLED_ITEM ( 'NONE', ( #5721 ), #5592 ) ;
#2550 = ORIENTED_EDGE ( 'NONE', *, *, #7704, .T. ) ;
#2551 = CARTESIAN_POINT ( 'NONE',  ( -0.4166676449937667948, 0.5500000000000000444, 0.07007218740068074658 ) ) ;
#2552 = DIRECTION ( 'NONE',  ( 1.000000000000000000, 0.0000000000000000000, 0.0000000000000000000 ) ) ;
#2553 = AXIS2_PLACEMENT_3D ( 'NONE', #8741, #4890, #8782 ) ;
#2554 = FACE_OUTER_BOUND ( 'NONE', #7701, .T. ) ;
#2555 = CARTESIAN_POINT ( 'NONE',  ( 0.6443981032528426356, 0.5500000000000000444, 0.2870576484368195236 ) ) ;
#2556 = PRESENTATION_LAYER_ASSIGNMENT (  '', '', ( #5084 ) ) ;
#2557 = ORIENTED_EDGE ( 'NONE', *, *, #6730, .F. ) ;
#2558 = EDGE_CURVE ( 'NONE', #8702, #9781, #7416, .T. ) ;
#2559 = FILL_AREA_STYLE ('',( #9350 ) ) ;
#2560 = DIRECTION ( 'NONE',  ( 1.000000000000000000, 0.0000000000000000000, 0.0000000000000000000 ) ) ;
#2561 = CARTESIAN_POINT ( 'NONE',  ( 0.5627224722424630787, 0.5500000000000001554, 0.1625215618693655606 ) ) ;
#2562 =( GEOMETRIC_REPRESENTATION_CONTEXT ( 3 ) GLOBAL_UNCERTAINTY_ASSIGNED_CONTEXT ( ( #3761 ) ) GLOBAL_UNIT_ASSIGNED_CONTEXT ( ( #2753, #3526, #4293 ) ) REPRESENTATION_CONTEXT ( 'NONE', 'WORKASPACE' ) );
#2563 = LINE ( 'NONE', #70, #463 ) ;
#2564 = CARTESIAN_POINT ( 'NONE',  ( 0.6148394138948918286, 0.5399999999999999245, 0.1391028097395513863 ) ) ;
#2565 = ADVANCED_FACE ( 'NONE', ( #2889 ), #3262, .T. ) ;
#2566 = SURFACE_STYLE_USAGE ( .BOTH. , #8730 ) ;
#2567 = FILL_AREA_STYLE_COLOUR ( '', #4972 ) ;
#2568 = DIRECTION ( 'NONE',  ( 1.000000000000000000, 0.0000000000000000000, 0.0000000000000000000 ) ) ;
#2569 = CARTESIAN_POINT ( 'NONE',  ( 0.0000000000000000000, 0.05000000000000000278, -0.7000000000000005107 ) ) ;
#2570 = LINE ( 'NONE', #1248, #8285 ) ;
#2571 = VERTEX_POINT ( 'NONE', #302 ) ;
#2572 = DIRECTION ( 'NONE',  ( -1.000000000000000000, 0.0000000000000000000, 0.0000000000000000000 ) ) ;
#2573 = CARTESIAN_POINT ( 'NONE',  ( -0.4429625110142100808, 0.5400000000000001465, 0.05883124170473836428 ) ) ;
#2574 =( NAMED_UNIT ( * ) SI_UNIT ( $, .STERADIAN. ) SOLID_ANGLE_UNIT ( ) );
#2575 = CARTESIAN_POINT ( 'NONE',  ( -0.2999999999999994893, 0.0000000000000000000, -1.009999999999999565 ) ) ;
#2576 = CARTESIAN_POINT ( 'NONE',  ( 0.6100000000000003197, 0.1270000000000000018, 0.6999999999999997335 ) ) ;
#2577 = ORIENTED_EDGE ( 'NONE', *, *, #5953, .F. ) ;
#2578 = CARTESIAN_POINT ( 'NONE',  ( -0.006410256410256351053, 0.5400000000000000355, 0.2829980832075307262 ) ) ;
#2579 = DIRECTION ( 'NONE',  ( -1.000000000000000000, 0.0000000000000000000, 0.0000000000000000000 ) ) ;
#2580 =( GEOMETRIC_REPRESENTATION_CONTEXT ( 3 ) GLOBAL_UNCERTAINTY_ASSIGNED_CONTEXT ( ( #2519 ) ) GLOBAL_UNIT_ASSIGNED_CONTEXT ( ( #1325, #1432, #1362 ) ) REPRESENTATION_CONTEXT ( 'NONE', 'WORKASPACE' ) );
#2581 = CARTESIAN_POINT ( 'NONE',  ( 0.5724840614793942351, 0.5400000000000000355, 0.1995115957933032980 ) ) ;
#2582 = PLANE ( 'NONE',  #626 ) ;
#2583 = CARTESIAN_POINT ( 'NONE',  ( -0.4504461510209261110, 0.5400000000000000355, 0.1049238324159554731 ) ) ;
#2584 = CARTESIAN_POINT ( 'NONE',  ( -0.7067307692307693845, 0.5500000000000000444, 0.2829980832075307262 ) ) ;
#2585 = FILL_AREA_STYLE ('',( #4135 ) ) ;
#2586 = ORIENTED_EDGE ( 'NONE', *, *, #5391, .F. ) ;
#2587 = ORIENTED_EDGE ( 'NONE', *, *, #676, .F. ) ;
#2588 = DIRECTION ( 'NONE',  ( 0.0000000000000000000, -0.0000000000000000000, 1.000000000000000000 ) ) ;
#2589 = CARTESIAN_POINT ( 'NONE',  ( 0.8999999999999999112, 0.5500000000000000444, -0.7000000000000005107 ) ) ;
#2590 = VECTOR ( 'NONE', #2568, 1000.000000000000000 ) ;
#2591 = PLANE ( 'NONE',  #91 ) ;
#2592 = VERTEX_POINT ( 'NONE', #4248 ) ;
#2593 = CARTESIAN_POINT ( 'NONE',  ( 0.5480769230769235723, 0.5500000000000001554, 0.2132865447459922903 ) ) ;
#2594 = EDGE_CURVE ( 'NONE', #814, #2148, #2153, .T. ) ;
#2595 = SURFACE_STYLE_USAGE ( .BOTH. , #1795 ) ;
#2596 = CARTESIAN_POINT ( 'NONE',  ( -0.2659944857593797840, 0.5400000000000002576, 0.2195183359430194214 ) ) ;
#2597 = ORIENTED_EDGE ( 'NONE', *, *, #9766, .F. ) ;
#2598 = EDGE_CURVE ( 'NONE', #3330, #9879, #4558, .T. ) ;
#2599 = DIRECTION ( 'NONE',  ( -0.0000000000000000000, 1.000000000000000000, -0.0000000000000000000 ) ) ;
#2600 = DIRECTION ( 'NONE',  ( 0.0000000000000000000, 0.0000000000000000000, 1.000000000000000000 ) ) ;
#2601 = SURFACE_SIDE_STYLE ('',( #5861 ) ) ;
#2602 = DIRECTION ( 'NONE',  ( 0.0000000000000000000, 0.0000000000000000000, 1.000000000000000000 ) ) ;
#2603 = ORIENTED_EDGE ( 'NONE', *, *, #111, .T. ) ;
#2604 = FACE_OUTER_BOUND ( 'NONE', #1880, .T. ) ;
#2605 = ORIENTED_EDGE ( 'NONE', *, *, #7260, .F. ) ;
#2606 = MECHANICAL_DESIGN_GEOMETRIC_PRESENTATION_REPRESENTATION (  '', ( #6418 ), #9931 ) ;
#2607 =( LENGTH_UNIT ( ) NAMED_UNIT ( * ) SI_UNIT ( .MILLI., .METRE. ) );
#2608 = ORIENTED_EDGE ( 'NONE', *, *, #8215, .T. ) ;
#2609 = FILL_AREA_STYLE ('',( #4868 ) ) ;
#2610 = PRESENTATION_LAYER_ASSIGNMENT (  '', '', ( #7581 ) ) ;
#2611 = EDGE_LOOP ( 'NONE', ( #3852, #8154, #2603, #901, #8326, #3450, #5225, #9856 ) ) ;
#2612 = VECTOR ( 'NONE', #5492, 1000.000000000000000 ) ;
#2613 = CARTESIAN_POINT ( 'NONE',  ( 0.5503585402759203493, 0.5500000000000000444, 0.2331769309561526893 ) ) ;
#2615 = ADVANCED_FACE ( 'NONE', ( #7064 ), #3250, .T. ) ;
#2614 =( GEOMETRIC_REPRESENTATION_CONTEXT ( 3 ) GLOBAL_UNCERTAINTY_ASSIGNED_CONTEXT ( ( #6597 ) ) GLOBAL_UNIT_ASSIGNED_CONTEXT ( ( #2395, #6971, #3179 ) ) REPRESENTATION_CONTEXT ( 'NONE', 'WORKASPACE' ) );
#2616 = DIRECTION ( 'NONE',  ( -0.0000000000000000000, -1.000000000000000000, -0.0000000000000000000 ) ) ;
#2617 = FACE_OUTER_BOUND ( 'NONE', #6988, .T. ) ;
#2618 = CARTESIAN_POINT ( 'NONE',  ( 0.5484730943305554662, 0.5399999999999998135, 0.2233269322614511998 ) ) ;
#2619 = EDGE_CURVE ( 'NONE', #2969, #1532, #941, .T. ) ;
#2620 = CARTESIAN_POINT ( 'NONE',  ( -0.6100000000000003197, 0.0000000000000000000, 0.4999999999999994449 ) ) ;
#2621 = DIRECTION ( 'NONE',  ( 6.512768355513748959E-14, 1.000000000000000000, 1.654428915923976551E-15 ) ) ;
#2622 = STYLED_ITEM ( 'NONE', ( #6875 ), #181 ) ;
#2623 = MECHANICAL_DESIGN_GEOMETRIC_PRESENTATION_REPRESENTATION (  '', ( #2865 ), #381 ) ;
#2624 = VECTOR ( 'NONE', #3887, 1000.000000000000000 ) ;
#2625 = ORIENTED_EDGE ( 'NONE', *, *, #8479, .T. ) ;
#2626 = SURFACE_STYLE_USAGE ( .BOTH. , #1041 ) ;
#2627 = ORIENTED_EDGE ( 'NONE', *, *, #8412, .T. ) ;
#2628 = VECTOR ( 'NONE', #58, 1000.000000000000000 ) ;
#2629 = CARTESIAN_POINT ( 'NONE',  ( 0.5928914680849368679, 0.5500000000000000444, 0.1725057179857588940 ) ) ;
#2630 = FACE_OUTER_BOUND ( 'NONE', #7911, .T. ) ;
#2631 = CARTESIAN_POINT ( 'NONE',  ( -0.2487632900468411401, 0.5500000000000001554, 0.1797906266732110236 ) ) ;
#2632 = CARTESIAN_POINT ( 'NONE',  ( 0.6628848519836584297, 0.5500000000000001554, 0.1470474398369419344 ) ) ;
#2633 = EDGE_LOOP ( 'NONE', ( #5087, #957, #9701, #5456, #932, #477 ) ) ;
#2634 = CARTESIAN_POINT ( 'NONE',  ( -0.6121794871794873361, 0.5400000000000000355, 0.1352617050024025047 ) ) ;
#2635 = DIRECTION ( 'NONE',  ( -1.000000000000000000, -0.0000000000000000000, -0.0000000000000000000 ) ) ;
#2636 = CARTESIAN_POINT ( 'NONE',  ( -0.4549212002572924352, 0.5400000000000000355, 0.07086291415428982998 ) ) ;
#2637 = DIRECTION ( 'NONE',  ( -0.0000000000000000000, -1.000000000000000000, -0.0000000000000000000 ) ) ;
#2638 = PRESENTATION_LAYER_ASSIGNMENT (  '', '', ( #2830 ) ) ;
#2639 = FACE_OUTER_BOUND ( 'NONE', #9335, .T. ) ;
#2640 = PRESENTATION_STYLE_ASSIGNMENT (( #2626 ) ) ;
#2641 = SURFACE_STYLE_USAGE ( .BOTH. , #7946 ) ;
#2642 = DIRECTION ( 'NONE',  ( -0.0000000000000000000, 1.000000000000000000, -0.0000000000000000000 ) ) ;
#2643 = CARTESIAN_POINT ( 'NONE',  ( 0.5484730943305554662, 0.5499999999999997113, 0.2233269322614511998 ) ) ;
#2644 = LINE ( 'NONE', #3835, #3239 ) ;
#2645 = DIRECTION ( 'NONE',  ( 0.0000000000000000000, 0.0000000000000000000, 1.000000000000000000 ) ) ;
#2646 = CARTESIAN_POINT ( 'NONE',  ( 0.5000000000000002220, 0.1270000000000000018, -1.300000000000000266 ) ) ;
#2647 = VECTOR ( 'NONE', #8635, 999.9999999999998863 ) ;
#2648 = VECTOR ( 'NONE', #541, 1000.000000000000114 ) ;
#2649 =( NAMED_UNIT ( * ) PLANE_ANGLE_UNIT ( ) SI_UNIT ( $, .RADIAN. ) );
#2650 = COLOUR_RGB ( '',0.6666666666666666297, 0.6941176470588235059, 0.7647058823529411242 ) ;
#2651 = VERTEX_POINT ( 'NONE', #7172 ) ;
#2652 = FILL_AREA_STYLE_COLOUR ( '', #330 ) ;
#2653 = UNCERTAINTY_MEASURE_WITH_UNIT (LENGTH_MEASURE( 1.000000000000000082E-05 ), #9424, 'distance_accuracy_value', 'NONE');
#2654 = SURFACE_STYLE_FILL_AREA ( #3481 ) ;
#2655 =( NAMED_UNIT ( * ) SI_UNIT ( $, .STERADIAN. ) SOLID_ANGLE_UNIT ( ) );
#2656 = VECTOR ( 'NONE', #790, 1000.000000000000000 ) ;
#2657 = COLOUR_RGB ( '',0.6666666666666666297, 0.6941176470588235059, 0.7647058823529411242 ) ;
#2658 = EDGE_CURVE ( 'NONE', #2869, #5886, #9818, .T. ) ;
#2659 = FILL_AREA_STYLE ('',( #1137 ) ) ;
#2660 = LINE ( 'NONE', #735, #5965 ) ;
#2661 = COLOUR_RGB ( '',0.6666666666666666297, 0.6941176470588235059, 0.7647058823529411242 ) ;
#2662 = ORIENTED_EDGE ( 'NONE', *, *, #3555, .F. ) ;
#2663 = EDGE_LOOP ( 'NONE', ( #5460, #6350, #4618, #9154 ) ) ;
#2664 = ADVANCED_FACE ( 'NONE', ( #9579 ), #3013, .T. ) ;
#2665 = LINE ( 'NONE', #2913, #2533 ) ;
#2666 = DIRECTION ( 'NONE',  ( 1.000000000000000000, -0.0000000000000000000, -0.0000000000000000000 ) ) ;
#2667 = ORIENTED_EDGE ( 'NONE', *, *, #2794, .T. ) ;
#2668 = SURFACE_SIDE_STYLE ('',( #2458 ) ) ;
#2669 = SURFACE_SIDE_STYLE ('',( #1909 ) ) ;
#2670 = CARTESIAN_POINT ( 'NONE',  ( 0.6000000000000004219, 0.1270000000000000018, 1.009999999999999565 ) ) ;
#2671 = CARTESIAN_POINT ( 'NONE',  ( -0.6500000000000001332, 0.5400000000000000355, -1.050000000000000266 ) ) ;
#2672 = AXIS2_PLACEMENT_3D ( 'NONE', #5760, #8885, #1095 ) ;
#2673 = CARTESIAN_POINT ( 'NONE',  ( 0.9100000000000002531, 0.1270000000000000018, -0.3000000000000005995 ) ) ;
#2674 = ORIENTED_EDGE ( 'NONE', *, *, #7775, .F. ) ;
#2675 = FILL_AREA_STYLE ('',( #368 ) ) ;
#2676 = ORIENTED_EDGE ( 'NONE', *, *, #8085, .T. ) ;
#2677 = STYLED_ITEM ( 'NONE', ( #3279 ), #8248 ) ;
#2678 = EDGE_CURVE ( 'NONE', #7624, #3568, #8981, .T. ) ;
#2679 = FILL_AREA_STYLE_COLOUR ( '', #573 ) ;
#2680 = ORIENTED_EDGE ( 'NONE', *, *, #4087, .F. ) ;
#2681 = EDGE_CURVE ( 'NONE', #4679, #9259, #2909, .T. ) ;
#2682 = VECTOR ( 'NONE', #3529, 1000.000000000000000 ) ;
#2683 = SURFACE_STYLE_FILL_AREA ( #8196 ) ;
#2684 = CARTESIAN_POINT ( 'NONE',  ( -0.4999999999999995559, 0.0000000000000000000, -1.309999999999999609 ) ) ;
#2685 = EDGE_CURVE ( 'NONE', #1238, #990, #1069, .T. ) ;
#2686 =( NAMED_UNIT ( * ) PLANE_ANGLE_UNIT ( ) SI_UNIT ( $, .RADIAN. ) );
#2687 = ORIENTED_EDGE ( 'NONE', *, *, #4999, .F. ) ;
#2688 = CARTESIAN_POINT ( 'NONE',  ( -0.001702724358974296547, 0.5400000000000000355, 0.03299808320753071927 ) ) ;
#2689 =( GEOMETRIC_REPRESENTATION_CONTEXT ( 3 ) GLOBAL_UNCERTAINTY_ASSIGNED_CONTEXT ( ( #6380 ) ) GLOBAL_UNIT_ASSIGNED_CONTEXT ( ( #8160, #3598, #8928 ) ) REPRESENTATION_CONTEXT ( 'NONE', 'WORKASPACE' ) );
#2690 =( NAMED_UNIT ( * ) SI_UNIT ( $, .STERADIAN. ) SOLID_ANGLE_UNIT ( ) );
#2691 = CARTESIAN_POINT ( 'NONE',  ( -0.9100000000000002531, 0.1270000000000000018, -0.3000000000000005995 ) ) ;
#2692 =( GEOMETRIC_REPRESENTATION_CONTEXT ( 3 ) GLOBAL_UNCERTAINTY_ASSIGNED_CONTEXT ( ( #4911 ) ) GLOBAL_UNIT_ASSIGNED_CONTEXT ( ( #4777, #8621, #4060 ) ) REPRESENTATION_CONTEXT ( 'NONE', 'WORKASPACE' ) );
#2693 =( LENGTH_UNIT ( ) NAMED_UNIT ( * ) SI_UNIT ( .MILLI., .METRE. ) );
#2694 = SURFACE_STYLE_FILL_AREA ( #1129 ) ;
#2695 = DIRECTION ( 'NONE',  ( 0.0000000000000000000, 0.0000000000000000000, 1.000000000000000000 ) ) ;
#2696 = VECTOR ( 'NONE', #7228, 1000.000000000000000 ) ;
#2697 =( GEOMETRIC_REPRESENTATION_CONTEXT ( 3 ) GLOBAL_UNCERTAINTY_ASSIGNED_CONTEXT ( ( #3031 ) ) GLOBAL_UNIT_ASSIGNED_CONTEXT ( ( #9367, #6190, #157 ) ) REPRESENTATION_CONTEXT ( 'NONE', 'WORKASPACE' ) );
#2698 = VERTEX_POINT ( 'NONE', #9634 ) ;
#2699 = CARTESIAN_POINT ( 'NONE',  ( -0.09999999999999961697, 0.1270000000000000018, 1.009999999999999565 ) ) ;
#2700 = VECTOR ( 'NONE', #2145, 1000.000000000000000 ) ;
#2701 = CARTESIAN_POINT ( 'NONE',  ( -0.1506410256410256887, 0.5400000000000000355, 0.05863910884855633859 ) ) ;
#2702 = CARTESIAN_POINT ( 'NONE',  ( -0.4647435897435897023, 0.5400000000000000355, 0.1589996857716332868 ) ) ;
#2703 = MECHANICAL_DESIGN_GEOMETRIC_PRESENTATION_REPRESENTATION (  '', ( #4732 ), #6631 ) ;
#2704 =( NAMED_UNIT ( * ) PLANE_ANGLE_UNIT ( ) SI_UNIT ( $, .RADIAN. ) );
#2705 =( NAMED_UNIT ( * ) PLANE_ANGLE_UNIT ( ) SI_UNIT ( $, .RADIAN. ) );
#2706 = ORIENTED_EDGE ( 'NONE', *, *, #4770, .F. ) ;
#2707 = FILL_AREA_STYLE_COLOUR ( '', #9560 ) ;
#2708 = LINE ( 'NONE', #2699, #9019 ) ;
#2709 = FILL_AREA_STYLE ('',( #4188 ) ) ;
#2710 = DIRECTION ( 'NONE',  ( -0.0000000000000000000, 1.000000000000000000, -0.0000000000000000000 ) ) ;
#2711 = FACE_OUTER_BOUND ( 'NONE', #3856, .T. ) ;
#2712 = LINE ( 'NONE', #6925, #614 ) ;
#2713 = FILL_AREA_STYLE_COLOUR ( '', #8125 ) ;
#2714 = ADVANCED_FACE ( 'NONE', ( #6705 ), #3603, .T. ) ;
#2715 = VECTOR ( 'NONE', #6182, 1000.000000000000000 ) ;
#2716 = ORIENTED_EDGE ( 'NONE', *, *, #9749, .T. ) ;
#2717 = CARTESIAN_POINT ( 'NONE',  ( 0.01602564102564108667, 0.5400000000000000355, 0.08668398064342813791 ) ) ;
#2718 = PLANE ( 'NONE',  #432 ) ;
#2719 = CARTESIAN_POINT ( 'NONE',  ( -0.6100000000000000977, 0.1270000000000000018, -0.2000000000000003997 ) ) ;
#2720 = EDGE_LOOP ( 'NONE', ( #8278, #6995, #2338, #9498 ) ) ;
#2721 = EDGE_CURVE ( 'NONE', #4613, #1857, #7061, .T. ) ;
#2722 = CARTESIAN_POINT ( 'NONE',  ( 0.3960837339743593644, 0.5400000000000000355, 0.03299808320753071927 ) ) ;
#2723 = PRESENTATION_STYLE_ASSIGNMENT (( #4658 ) ) ;
#2724 = UNCERTAINTY_MEASURE_WITH_UNIT (LENGTH_MEASURE( 1.000000000000000082E-05 ), #4253, 'distance_accuracy_value', 'NONE');
#2725 = ORIENTED_EDGE ( 'NONE', *, *, #4002, .T. ) ;
#2726 = CARTESIAN_POINT ( 'NONE',  ( 0.5000000000000004441, 0.1270000000000000018, 1.309999999999999387 ) ) ;
#2727 = ORIENTED_EDGE ( 'NONE', *, *, #4766, .F. ) ;
#2728 = FILL_AREA_STYLE_COLOUR ( '', #8549 ) ;
#2729 =( GEOMETRIC_REPRESENTATION_CONTEXT ( 3 ) GLOBAL_UNCERTAINTY_ASSIGNED_CONTEXT ( ( #7419 ) ) GLOBAL_UNIT_ASSIGNED_CONTEXT ( ( #6117, #1549, #8435 ) ) REPRESENTATION_CONTEXT ( 'NONE', 'WORKASPACE' ) );
#2730 = VECTOR ( 'NONE', #3516, 1000.000000000000000 ) ;
#2731 = ORIENTED_EDGE ( 'NONE', *, *, #6993, .F. ) ;
#2732 =( NAMED_UNIT ( * ) SI_UNIT ( $, .STERADIAN. ) SOLID_ANGLE_UNIT ( ) );
#2733 = CARTESIAN_POINT ( 'NONE',  ( 0.5000000000000004441, 0.1270000000000000018, -1.309999999999999387 ) ) ;
#2734 = EDGE_CURVE ( 'NONE', #6521, #8308, #5499, .T. ) ;
#2735 = CARTESIAN_POINT ( 'NONE',  ( 0.3000000000000003775, 0.1270000000000000018, 1.009999999999999343 ) ) ;
#2736 = VERTEX_POINT ( 'NONE', #5012 ) ;
#2737 = PLANE ( 'NONE',  #8980 ) ;
#2738 = ORIENTED_EDGE ( 'NONE', *, *, #3515, .T. ) ;
#2739 = CARTESIAN_POINT ( 'NONE',  ( -0.4999999999999995559, 0.1270000000000000018, -1.009999999999999565 ) ) ;
#2740 = EDGE_CURVE ( 'NONE', #5505, #4594, #938, .T. ) ;
#2742 = AXIS2_PLACEMENT_3D ( 'NONE', #610, #4430, #9742 ) ;
#2741 = LINE ( 'NONE', #4785, #6549 ) ;
#2743 = FILL_AREA_STYLE ('',( #5048 ) ) ;
#2744 = CARTESIAN_POINT ( 'NONE',  ( -0.4063769538215191157, 0.5399999999999999245, 0.2800917570271135304 ) ) ;
#2745 =( GEOMETRIC_REPRESENTATION_CONTEXT ( 3 ) GLOBAL_UNCERTAINTY_ASSIGNED_CONTEXT ( ( #1958 ) ) GLOBAL_UNIT_ASSIGNED_CONTEXT ( ( #878, #7097, #236 ) ) REPRESENTATION_CONTEXT ( 'NONE', 'WORKASPACE' ) );
#2746 = FILL_AREA_STYLE_COLOUR ( '', #5733 ) ;
#2747 = CARTESIAN_POINT ( 'NONE',  ( 0.1000000000000004774, 0.1270000000000000018, 1.309999999999999387 ) ) ;
#2748 = VERTEX_POINT ( 'NONE', #433 ) ;
#2749 = MECHANICAL_DESIGN_GEOMETRIC_PRESENTATION_REPRESENTATION (  '', ( #3254 ), #763 ) ;
#2750 =( NAMED_UNIT ( * ) PLANE_ANGLE_UNIT ( ) SI_UNIT ( $, .RADIAN. ) );
#2751 = CARTESIAN_POINT ( 'NONE',  ( -0.8999999999999999112, 0.5500000000000000444, -0.3000000000000005440 ) ) ;
#2752 = EDGE_CURVE ( 'NONE', #3683, #6346, #5132, .T. ) ;
#2753 =( LENGTH_UNIT ( ) NAMED_UNIT ( * ) SI_UNIT ( .MILLI., .METRE. ) );
#2754 = VERTEX_POINT ( 'NONE', #6562 ) ;
#2755 =( NAMED_UNIT ( * ) SI_UNIT ( $, .STERADIAN. ) SOLID_ANGLE_UNIT ( ) );
#2756 = STYLED_ITEM ( 'NONE', ( #9497 ), #595 ) ;
#2757 = B_SPLINE_CURVE_WITH_KNOTS ( 'NONE', 3,
 ( #9713, #5155, #472, #5849, #5056, #9670, #8134, #3711, #534, #5086, #5111, #2841, #7471, #5185, #5879, #6600, #6651, #578, #2005 ),
 .UNSPECIFIED., .F., .F.,
 ( 4, 1, 1, 1, 1, 1, 1, 1, 1, 1, 1, 1, 1, 1, 1, 1, 4 ),
 ( 0.0000000000000000000, 0.06113791491562086539, 0.1199938438512141992, 0.1782253215076179398, 0.2362564202618984144, 0.2949293769549097832, 0.3547157488097541500, 0.4167296639241630518, 0.4806644084708288633, 0.5458317702108662628, 0.6097581054261661526, 0.6729712284742215278, 0.7360168691676631791, 0.7998393981920316476, 0.8647753566655679291, 0.9310876232725695534, 1.000000000000000000 ),
 .UNSPECIFIED. ) ;
#2758 = VECTOR ( 'NONE', #4150, 1000.000000000000000 ) ;
#2759 = CARTESIAN_POINT ( 'NONE',  ( -0.4567803014464456579, 0.5399999999999998135, 0.1996829414025468596 ) ) ;
#2760 = FILL_AREA_STYLE_COLOUR ( '', #5479 ) ;
#2761 = ADVANCED_FACE ( 'NONE', ( #5975 ), #9734, .F. ) ;
#2762 = FACE_OUTER_BOUND ( 'NONE', #5418, .T. ) ;
#2763 = UNCERTAINTY_MEASURE_WITH_UNIT (LENGTH_MEASURE( 1.000000000000000082E-05 ), #6199, 'distance_accuracy_value', 'NONE');
#2764 = DIRECTION ( 'NONE',  ( 0.0000000000000000000, -0.0000000000000000000, 1.000000000000000000 ) ) ;
#2765 = VECTOR ( 'NONE', #5163, 1000.000000000000000 ) ;
#2766 =( LENGTH_UNIT ( ) NAMED_UNIT ( * ) SI_UNIT ( .MILLI., .METRE. ) );
#2767 = DIRECTION ( 'NONE',  ( 0.0000000000000000000, -1.000000000000000000, 0.0000000000000000000 ) ) ;
#2768 =( NAMED_UNIT ( * ) PLANE_ANGLE_UNIT ( ) SI_UNIT ( $, .RADIAN. ) );
#2769 = CARTESIAN_POINT ( 'NONE',  ( -0.6100000000000005418, 0.1270000000000000018, -0.7000000000000005107 ) ) ;
#2770 = PRESENTATION_STYLE_ASSIGNMENT (( #9432 ) ) ;
#2771 = VECTOR ( 'NONE', #4811, 1000.000000000000000 ) ;
#2772 = STYLED_ITEM ( 'NONE', ( #8895 ), #3858 ) ;
#2773 = DIRECTION ( 'NONE',  ( 0.0000000000000000000, 1.000000000000000000, 0.0000000000000000000 ) ) ;
#2774 = CARTESIAN_POINT ( 'NONE',  ( -0.4393099191832341988, 0.5399999999999999245, 0.2603214732165624046 ) ) ;
#2775 = ORIENTED_EDGE ( 'NONE', *, *, #5201, .F. ) ;
#2776 = DIRECTION ( 'NONE',  ( -0.0000000000000000000, -1.000000000000000000, -0.0000000000000000000 ) ) ;
#2777 = DIRECTION ( 'NONE',  ( 1.000000000000000000, 0.0000000000000000000, 0.0000000000000000000 ) ) ;
#2778 = SURFACE_STYLE_USAGE ( .BOTH. , #5794 ) ;
#2779 = ORIENTED_EDGE ( 'NONE', *, *, #5722, .T. ) ;
#2780 = CARTESIAN_POINT ( 'NONE',  ( 0.6668497356005872456, 0.5500000000000000444, 0.1825330990258335895 ) ) ;
#2781 = DIRECTION ( 'NONE',  ( 0.0000000000000000000, -0.0000000000000000000, 1.000000000000000000 ) ) ;
#2782 = LINE ( 'NONE', #5756, #9817 ) ;
#2783 = LINE ( 'NONE', #3276, #4806 ) ;
#2784 = VECTOR ( 'NONE', #4928, 1000.000000000000000 ) ;
#2785 = DIRECTION ( 'NONE',  ( 1.000000000000000000, 0.0000000000000000000, 0.0000000000000000000 ) ) ;
#2786 = ORIENTED_EDGE ( 'NONE', *, *, #7897, .T. ) ;
#2787 = SURFACE_STYLE_FILL_AREA ( #2093 ) ;
#2788 = ORIENTED_EDGE ( 'NONE', *, *, #3354, .T. ) ;
#2789 = VERTEX_POINT ( 'NONE', #1972 ) ;
#2790 = VECTOR ( 'NONE', #5020, 1000.000000000000114 ) ;
#2791 = ORIENTED_EDGE ( 'NONE', *, *, #9923, .F. ) ;
#2792 = EDGE_CURVE ( 'NONE', #4613, #8962, #5619, .T. ) ;
#2793 = PLANE ( 'NONE',  #4052 ) ;
#2794 = EDGE_CURVE ( 'NONE', #1484, #6521, #3501, .T. ) ;
#2795 = PRESENTATION_STYLE_ASSIGNMENT (( #2238 ) ) ;
#2796 = CARTESIAN_POINT ( 'NONE',  ( 0.01602564102564108667, 0.5400000000000000355, 0.08668398064342813791 ) ) ;
#2797 = ORIENTED_EDGE ( 'NONE', *, *, #3628, .T. ) ;
#2798 = FILL_AREA_STYLE_COLOUR ( '', #3057 ) ;
#2799 = DIRECTION ( 'NONE',  ( -0.0000000000000000000, 1.000000000000000000, -0.0000000000000000000 ) ) ;
#2800 = LINE ( 'NONE', #7919, #8523 ) ;
#2801 = STYLED_ITEM ( 'NONE', ( #8245 ), #5390 ) ;
#2802 = CARTESIAN_POINT ( 'NONE',  ( -0.3535469946221052040, 0.5500000000000000444, 0.05225815159114414327 ) ) ;
#2803 =( GEOMETRIC_REPRESENTATION_CONTEXT ( 3 ) GLOBAL_UNCERTAINTY_ASSIGNED_CONTEXT ( ( #4198 ) ) GLOBAL_UNIT_ASSIGNED_CONTEXT ( ( #4987, #3446, #305 ) ) REPRESENTATION_CONTEXT ( 'NONE', 'WORKASPACE' ) );
#2804 = FACE_OUTER_BOUND ( 'NONE', #6110, .T. ) ;
#2805 = DIRECTION ( 'NONE',  ( 0.6322048658461618675, 0.0000000000000000000, 0.7748012697462727250 ) ) ;
#2806 = STYLED_ITEM ( 'NONE', ( #1518 ), #8954 ) ;
#2807 = EDGE_CURVE ( 'NONE', #5658, #5029, #8030, .T. ) ;
#2808 = CIRCLE ( 'NONE', #5043, 0.09999999999999982514 ) ;
#2809 = LINE ( 'NONE', #2247, #6490 ) ;
#2810 = VERTEX_POINT ( 'NONE', #7397 ) ;
#2811 = CARTESIAN_POINT ( 'NONE',  ( -0.4280631545353683065, 0.5500000000000001554, 0.07844950275941410534 ) ) ;
#2812 = EDGE_CURVE ( 'NONE', #4489, #3687, #2782, .T. ) ;
#2813 = CARTESIAN_POINT ( 'NONE',  ( 0.6100000000000003197, 0.04999999999999999584, 0.4999999999999994449 ) ) ;
#2814 = ADVANCED_FACE ( 'NONE', ( #9092 ), #2901, .F. ) ;
#2815 =( GEOMETRIC_REPRESENTATION_CONTEXT ( 3 ) GLOBAL_UNCERTAINTY_ASSIGNED_CONTEXT ( ( #2959 ) ) GLOBAL_UNIT_ASSIGNED_CONTEXT ( ( #5398, #6244, #9254 ) ) REPRESENTATION_CONTEXT ( 'NONE', 'WORKASPACE' ) );
#2816 = SURFACE_STYLE_USAGE ( .BOTH. , #7252 ) ;
#2817 = SURFACE_SIDE_STYLE ('',( #3478 ) ) ;
#2818 = CARTESIAN_POINT ( 'NONE',  ( 0.1000000000000004774, 0.0000000000000000000, -1.009999999999999343 ) ) ;
#2819 = LINE ( 'NONE', #6040, #3881 ) ;
#2820 = DIRECTION ( 'NONE',  ( 1.000000000000000000, -0.0000000000000000000, 0.0000000000000000000 ) ) ;
#2821 = VERTEX_POINT ( 'NONE', #3035 ) ;
#2822 = LINE ( 'NONE', #487, #8058 ) ;
#2823 = CARTESIAN_POINT ( 'NONE',  ( -0.3580615957419579498, 0.5400000000000002576, 0.2636930745041762281 ) ) ;
#2824 = VERTEX_POINT ( 'NONE', #8332 ) ;
#2825 = LINE ( 'NONE', #2306, #2944 ) ;
#2826 = DIRECTION ( 'NONE',  ( -0.0000000000000000000, -1.000000000000000000, -0.0000000000000000000 ) ) ;
#2827 = ORIENTED_EDGE ( 'NONE', *, *, #4632, .F. ) ;
#2828 = CARTESIAN_POINT ( 'NONE',  ( -0.09999999999999982514, 0.05000000000000000278, 1.299999999999999600 ) ) ;
#2829 = CARTESIAN_POINT ( 'NONE',  ( -0.05128205128205132191, 0.5400000000000000355, 0.03299808320753071927 ) ) ;
#2830 = STYLED_ITEM ( 'NONE', ( #1943 ), #7866 ) ;
#2831 = CARTESIAN_POINT ( 'NONE',  ( 0.7019230769230774269, 0.5499999999999999334, 0.2128358235921461172 ) ) ;
#2832 = CARTESIAN_POINT ( 'NONE',  ( 0.6099999999999996536, 0.0000000000000000000, 0.1999999999999995948 ) ) ;
#2833 = DIRECTION ( 'NONE',  ( 0.0000000000000000000, 1.000000000000000000, -0.0000000000000000000 ) ) ;
#2834 = PRESENTATION_STYLE_ASSIGNMENT (( #328 ) ) ;
#2835 = UNCERTAINTY_MEASURE_WITH_UNIT (LENGTH_MEASURE( 1.000000000000000082E-05 ), #4303, 'distance_accuracy_value', 'NONE');
#2836 = VERTEX_POINT ( 'NONE', #9836 ) ;
#2837 = ORIENTED_EDGE ( 'NONE', *, *, #674, .T. ) ;
#2838 = CARTESIAN_POINT ( 'NONE',  ( -0.4602905428372121022, 0.5500000000000000444, 0.07754176937656888369 ) ) ;
#2839 = CARTESIAN_POINT ( 'NONE',  ( -0.2626500012391022043, 0.5400000000000000355, 0.2518291224111581794 ) ) ;
#2840 = STYLED_ITEM ( 'NONE', ( #6837 ), #4445 ) ;
#2841 = CARTESIAN_POINT ( 'NONE',  ( 0.6543066385350763126, 0.5500000000000000444, 0.1725095674036692117 ) ) ;
#2842 = ORIENTED_EDGE ( 'NONE', *, *, #3245, .F. ) ;
#2843 = CARTESIAN_POINT ( 'NONE',  ( -0.6100000000000000977, 0.1270000000000000018, -0.1000000000000001860 ) ) ;
#2844 = CARTESIAN_POINT ( 'NONE',  ( 0.6587791803474273289, 0.5400000000000001465, 0.1754823928606717709 ) ) ;
#2845 = CARTESIAN_POINT ( 'NONE',  ( 0.7000000000000002887, 0.0000000000000000000, -1.009999999999999343 ) ) ;
#2846 = UNCERTAINTY_MEASURE_WITH_UNIT (LENGTH_MEASURE( 1.000000000000000082E-05 ), #4212, 'distance_accuracy_value', 'NONE');
#2847 = VERTEX_POINT ( 'NONE', #6720 ) ;
#2848 = EDGE_CURVE ( 'NONE', #5658, #1792, #1282, .T. ) ;
#2849 = CARTESIAN_POINT ( 'NONE',  ( 0.5786907968180602380, 0.5399999999999999245, 0.1865185497295742123 ) ) ;
#2850 = ORIENTED_EDGE ( 'NONE', *, *, #893, .T. ) ;
#2851 = CARTESIAN_POINT ( 'NONE',  ( -0.4063407250021580652, 0.5499999999999994893, 0.2520586592742283250 ) ) ;
#2852 = CARTESIAN_POINT ( 'NONE',  ( 0.7000000000000002887, 0.1270000000000000018, -1.309999999999999387 ) ) ;
#2853 =( GEOMETRIC_REPRESENTATION_CONTEXT ( 3 ) GLOBAL_UNCERTAINTY_ASSIGNED_CONTEXT ( ( #8276 ) ) GLOBAL_UNIT_ASSIGNED_CONTEXT ( ( #5860, #2053, #8953 ) ) REPRESENTATION_CONTEXT ( 'NONE', 'WORKASPACE' ) );
#2854 = ADVANCED_FACE ( 'NONE', ( #9577 ), #6086, .T. ) ;
#2855 = CARTESIAN_POINT ( 'NONE',  ( 0.0000000000000000000, 0.5400000000000000355, 0.0000000000000000000 ) ) ;
#2856 = COLOUR_RGB ( '',0.6666666666666666297, 0.6941176470588235059, 0.7647058823529411242 ) ;
#2857 = PRESENTATION_LAYER_ASSIGNMENT (  '', '', ( #6426 ) ) ;
#2858 = SURFACE_STYLE_USAGE ( .BOTH. , #4381 ) ;
#2859 = EDGE_CURVE ( 'NONE', #1422, #8623, #7540, .T. ) ;
#2860 = VECTOR ( 'NONE', #1575, 1000.000000000000000 ) ;
#2861 =( LENGTH_UNIT ( ) NAMED_UNIT ( * ) SI_UNIT ( .MILLI., .METRE. ) );
#2862 = DIRECTION ( 'NONE',  ( -0.0000000000000000000, -1.000000000000000000, -0.0000000000000000000 ) ) ;
#2863 = EDGE_CURVE ( 'NONE', #3613, #5271, #928, .T. ) ;
#2864 = EDGE_LOOP ( 'NONE', ( #6942, #3439, #3201, #2416 ) ) ;
#2865 = STYLED_ITEM ( 'NONE', ( #9782 ), #6197 ) ;
#2866 = DIRECTION ( 'NONE',  ( 0.0000000000000000000, 0.0000000000000000000, 1.000000000000000000 ) ) ;
#2867 = VECTOR ( 'NONE', #3778, 1000.000000000000000 ) ;
#2868 = DIRECTION ( 'NONE',  ( 0.0000000000000000000, 1.000000000000000000, 0.0000000000000000000 ) ) ;
#2869 = VERTEX_POINT ( 'NONE', #525 ) ;
#2870 = PRESENTATION_LAYER_ASSIGNMENT (  '', '', ( #5909 ) ) ;
#2871 =( NAMED_UNIT ( * ) SI_UNIT ( $, .STERADIAN. ) SOLID_ANGLE_UNIT ( ) );
#2872 = LINE ( 'NONE', #3947, #7292 ) ;
#2873 = CARTESIAN_POINT ( 'NONE',  ( -0.4380673736081140968, 0.5500000000000001554, 0.08810150321857432298 ) ) ;
#2874 = CARTESIAN_POINT ( 'NONE',  ( -0.2299606247841614048, 0.5399999999999999245, 0.1990086217440196203 ) ) ;
#2875 = STYLED_ITEM ( 'NONE', ( #6087 ), #9553 ) ;
#2876 = DIRECTION ( 'NONE',  ( -1.000000000000000000, 0.0000000000000000000, 0.0000000000000000000 ) ) ;
#2877 = CARTESIAN_POINT ( 'NONE',  ( 0.5483336180751551270, 0.5400000000000000355, 0.2054550636597402280 ) ) ;
#2878 = CARTESIAN_POINT ( 'NONE',  ( 0.6543066385350763126, 0.5400000000000000355, 0.1725095674036692117 ) ) ;
#2879 = COLOUR_RGB ( '',0.6666666666666666297, 0.6941176470588235059, 0.7647058823529411242 ) ;
#2880 = UNCERTAINTY_MEASURE_WITH_UNIT (LENGTH_MEASURE( 1.000000000000000082E-05 ), #8014, 'distance_accuracy_value', 'NONE');
#2881 = PRESENTATION_STYLE_ASSIGNMENT (( #1964 ) ) ;
#2882 = AXIS2_PLACEMENT_3D ( 'NONE', #8374, #3134, #2316 ) ;
#2883 = CARTESIAN_POINT ( 'NONE',  ( -0.4324964496443048922, 0.5499999999999997113, 0.2335619486979819692 ) ) ;
#2884 = VECTOR ( 'NONE', #5746, 1000.000000000000000 ) ;
#2885 = ORIENTED_EDGE ( 'NONE', *, *, #871, .F. ) ;
#2886 = CARTESIAN_POINT ( 'NONE',  ( 0.7019230769230774269, 0.5400000000000000355, 0.2128358235921461172 ) ) ;
#2887 =( NAMED_UNIT ( * ) PLANE_ANGLE_UNIT ( ) SI_UNIT ( $, .RADIAN. ) );
#2888 = SURFACE_STYLE_FILL_AREA ( #2362 ) ;
#2889 = FACE_OUTER_BOUND ( 'NONE', #562, .T. ) ;
#2890 = LINE ( 'NONE', #7527, #9084 ) ;
#2892 = FACE_OUTER_BOUND ( 'NONE', #7165, .T. ) ;
#2891 = DIRECTION ( 'NONE',  ( -1.000000000000000000, 0.0000000000000000000, 0.0000000000000000000 ) ) ;
#2893 =( LENGTH_UNIT ( ) NAMED_UNIT ( * ) SI_UNIT ( .MILLI., .METRE. ) );
#2894 = COLOUR_RGB ( '',1.000000000000000000, 1.000000000000000000, 1.000000000000000000 ) ;
#2895 = SURFACE_STYLE_USAGE ( .BOTH. , #5274 ) ;
#2896 = VERTEX_POINT ( 'NONE', #8364 ) ;
#2897 = CARTESIAN_POINT ( 'NONE',  ( -0.2471132842308177424, 0.5500000000000001554, 0.1688507822281404280 ) ) ;
#2898 = ORIENTED_EDGE ( 'NONE', *, *, #5645, .F. ) ;
#2899 = STYLED_ITEM ( 'NONE', ( #3627 ), #4268 ) ;
#2900 = LINE ( 'NONE', #4563, #805 ) ;
#2901 = PLANE ( 'NONE',  #4903 ) ;
#2902 = VERTEX_POINT ( 'NONE', #6822 ) ;
#2903 = UNCERTAINTY_MEASURE_WITH_UNIT (LENGTH_MEASURE( 1.000000000000000082E-05 ), #4173, 'distance_accuracy_value', 'NONE');
#2904 = CARTESIAN_POINT ( 'NONE',  ( -0.3006820146996193599, 0.5400000000000000355, 0.2505934064937091477 ) ) ;
#2905 = VECTOR ( 'NONE', #2820, 1000.000000000000000 ) ;
#2906 = SURFACE_STYLE_USAGE ( .BOTH. , #2943 ) ;
#2907 = LINE ( 'NONE', #5574, #4924 ) ;
#2908 = CARTESIAN_POINT ( 'NONE',  ( -0.4425755999708290145, 0.5499999999999999334, 0.09338640087648661381 ) ) ;
#2909 = LINE ( 'NONE', #8879, #5264 ) ;
#2910 = CARTESIAN_POINT ( 'NONE',  ( 0.6230468750000004441, 0.5400000000000000355, 0.1644083396177871415 ) ) ;
#2911 = ADVANCED_FACE ( 'NONE', ( #3489 ), #3003, .T. ) ;
#2912 = VERTEX_POINT ( 'NONE', #8261 ) ;
#2913 = CARTESIAN_POINT ( 'NONE',  ( 0.9100000000000002531, 0.1270000000000000018, 0.4999999999999994449 ) ) ;
#2914 =( LENGTH_UNIT ( ) NAMED_UNIT ( * ) SI_UNIT ( .MILLI., .METRE. ) );
#2915 = ORIENTED_EDGE ( 'NONE', *, *, #6550, .T. ) ;
#2916 = CARTESIAN_POINT ( 'NONE',  ( 0.6287377542049724655, 0.5499999999999999334, 0.1645740806991878857 ) ) ;
#2917 = LINE ( 'NONE', #2547, #9351 ) ;
#2918 = SURFACE_SIDE_STYLE ('',( #2182 ) ) ;
#2919 = ORIENTED_EDGE ( 'NONE', *, *, #8165, .F. ) ;
#2920 = SURFACE_STYLE_USAGE ( .BOTH. , #4406 ) ;
#2921 = PRESENTATION_STYLE_ASSIGNMENT (( #314 ) ) ;
#2922 = LINE ( 'NONE', #4392, #1678 ) ;
#2923 = ORIENTED_EDGE ( 'NONE', *, *, #3944, .F. ) ;
#2924 = EDGE_CURVE ( 'NONE', #9344, #3738, #2890, .T. ) ;
#2925 = CARTESIAN_POINT ( 'NONE',  ( -0.2522694428900430497, 0.5400000000000000355, 0.1230779967185268303 ) ) ;
#2926 = COLOUR_RGB ( '',1.000000000000000000, 1.000000000000000000, 1.000000000000000000 ) ;
#2927 = EDGE_CURVE ( 'NONE', #1224, #8660, #185, .T. ) ;
#2928 =( LENGTH_UNIT ( ) NAMED_UNIT ( * ) SI_UNIT ( .MILLI., .METRE. ) );
#2929 = VECTOR ( 'NONE', #8695, 1000.000000000000227 ) ;
#2930 = DIRECTION ( 'NONE',  ( 0.0000000000000000000, 0.0000000000000000000, 1.000000000000000000 ) ) ;
#2931 = EDGE_CURVE ( 'NONE', #2148, #3771, #5490, .T. ) ;
#2932 = DIRECTION ( 'NONE',  ( 0.0000000000000000000, 1.000000000000000000, 0.0000000000000000000 ) ) ;
#2933 = CARTESIAN_POINT ( 'NONE',  ( 0.6542089602110100488, 0.5400000000000001465, 0.2838458454308999124 ) ) ;
#2934 =( NAMED_UNIT ( * ) PLANE_ANGLE_UNIT ( ) SI_UNIT ( $, .RADIAN. ) );
#2935 = AXIS2_PLACEMENT_3D ( 'NONE', #7170, #156, #2602 ) ;
#2936 = FILL_AREA_STYLE ('',( #2999 ) ) ;
#2937 = LINE ( 'NONE', #7437, #106 ) ;
#2938 = VERTEX_POINT ( 'NONE', #5279 ) ;
#2939 = CARTESIAN_POINT ( 'NONE',  ( -0.2513984967139215043, 0.5400000000000001465, 0.1903443112978265572 ) ) ;
#2940 = STYLED_ITEM ( 'NONE', ( #3500 ), #9045 ) ;
#2941 = EDGE_CURVE ( 'NONE', #1484, #6105, #9327, .T. ) ;
#2942 = CARTESIAN_POINT ( 'NONE',  ( -0.3391516021647830725, 0.5500000000000000444, 0.2629280946248044870 ) ) ;
#2943 = SURFACE_SIDE_STYLE ('',( #4159 ) ) ;
#2944 = VECTOR ( 'NONE', #6114, 1000.000000000000000 ) ;
#2945 = CARTESIAN_POINT ( 'NONE',  ( -0.9100000000000002531, 0.1270000000000000018, -0.3000000000000005995 ) ) ;
#2946 =( NAMED_UNIT ( * ) PLANE_ANGLE_UNIT ( ) SI_UNIT ( $, .RADIAN. ) );
#2947 = VERTEX_POINT ( 'NONE', #47 ) ;
#2948 = FILL_AREA_STYLE ('',( #8965 ) ) ;
#2949 = MECHANICAL_DESIGN_GEOMETRIC_PRESENTATION_REPRESENTATION (  '', ( #9722 ), #3127 ) ;
#2950 = CARTESIAN_POINT ( 'NONE',  ( 0.6506947908314432150, 0.5400000000000001465, 0.2581895918425476943 ) ) ;
#2951 = DIRECTION ( 'NONE',  ( -0.0000000000000000000, -1.000000000000000000, -0.0000000000000000000 ) ) ;
#2952 = COLOUR_RGB ( '',0.6666666666666666297, 0.6941176470588235059, 0.7647058823529411242 ) ;
#2953 = VECTOR ( 'NONE', #1339, 999.9999999999998863 ) ;
#2954 = VERTEX_POINT ( 'NONE', #6179 ) ;
#2955 = FILL_AREA_STYLE_COLOUR ( '', #4552 ) ;
#2956 = CARTESIAN_POINT ( 'NONE',  ( -0.3210748101501892937, 0.5399999999999999245, 0.05771814230682723035 ) ) ;
#2957 = ORIENTED_EDGE ( 'NONE', *, *, #32, .T. ) ;
#2958 = CARTESIAN_POINT ( 'NONE',  ( -0.8999999999999995781, 0.1270000000000000018, 0.6999999999999996225 ) ) ;
#2959 = UNCERTAINTY_MEASURE_WITH_UNIT (LENGTH_MEASURE( 1.000000000000000082E-05 ), #5398, 'distance_accuracy_value', 'NONE');
#2960 = ADVANCED_FACE ( 'NONE', ( #6936 ), #5402, .F. ) ;
#2961 = FILL_AREA_STYLE ('',( #9786 ) ) ;
#2962 = UNCERTAINTY_MEASURE_WITH_UNIT (LENGTH_MEASURE( 1.000000000000000082E-05 ), #8076, 'distance_accuracy_value', 'NONE');
#2963 = PRESENTATION_LAYER_ASSIGNMENT (  '', '', ( #4611 ) ) ;
#2964 = FACE_OUTER_BOUND ( 'NONE', #6522, .T. ) ;
#2965 = CARTESIAN_POINT ( 'NONE',  ( 0.6722253718036056425, 0.5499999999999999334, 0.2738987261294456577 ) ) ;
#2966 = SURFACE_SIDE_STYLE ('',( #9546 ) ) ;
#2967 = VERTEX_POINT ( 'NONE', #9945 ) ;
#2968 =( LENGTH_UNIT ( ) NAMED_UNIT ( * ) SI_UNIT ( .MILLI., .METRE. ) );
#2969 = VERTEX_POINT ( 'NONE', #3197 ) ;
#2970 = ORIENTED_EDGE ( 'NONE', *, *, #4273, .F. ) ;
#2971 = DIRECTION ( 'NONE',  ( 0.0000000000000000000, -1.000000000000000000, 0.0000000000000000000 ) ) ;
#2972 = FILL_AREA_STYLE_COLOUR ( '', #588 ) ;
#2973 = DIRECTION ( 'NONE',  ( -0.0000000000000000000, 0.0000000000000000000, -1.000000000000000000 ) ) ;
#2974 = EDGE_LOOP ( 'NONE', ( #4368, #7445, #9385, #8536 ) ) ;
#2975 = CARTESIAN_POINT ( 'NONE',  ( -0.2999999999999994893, 0.05000000000000000278, 0.0000000000000000000 ) ) ;
#2976 = CARTESIAN_POINT ( 'NONE',  ( -0.2267268042961156360, 0.5400000000000001465, 0.1859764298368344615 ) ) ;
#2977 = ORIENTED_EDGE ( 'NONE', *, *, #5391, .T. ) ;
#2978 = CARTESIAN_POINT ( 'NONE',  ( 0.5904634387815019814, 0.5500000000000000444, 0.2526943817383582869 ) ) ;
#2979 = CARTESIAN_POINT ( 'NONE',  ( -0.2243589743589743390, 0.5499999999999999334, 0.1582985639767614805 ) ) ;
#2980 = CARTESIAN_POINT ( 'NONE',  ( 0.5687990806926608300, 0.5400000000000000355, 0.1519580545729448950 ) ) ;
#2981 = CARTESIAN_POINT ( 'NONE',  ( 0.6506947908314432150, 0.5500000000000001554, 0.2581895918425476943 ) ) ;
#2982 = CARTESIAN_POINT ( 'NONE',  ( -0.3361883684470983180, 0.5500000000000001554, 0.2882248905715693588 ) ) ;
#2983 = ORIENTED_EDGE ( 'NONE', *, *, #6941, .T. ) ;
#2984 = UNCERTAINTY_MEASURE_WITH_UNIT (LENGTH_MEASURE( 1.000000000000000082E-05 ), #112, 'distance_accuracy_value', 'NONE');
#2985 = EDGE_CURVE ( 'NONE', #139, #9594, #8767, .T. ) ;
#2986 = EDGE_CURVE ( 'NONE', #1793, #218, #6695, .T. ) ;
#2987 = VERTEX_POINT ( 'NONE', #3095 ) ;
#2988 = CARTESIAN_POINT ( 'NONE',  ( -0.4777996855571819967, 0.5500000000000000444, 0.2092504031058845526 ) ) ;
#2989 = LINE ( 'NONE', #2569, #2369 ) ;
#2990 = CARTESIAN_POINT ( 'NONE',  ( -0.3077269799859278510, 0.5400000000000001465, 0.06309018082201317545 ) ) ;
#2991 = MECHANICAL_DESIGN_GEOMETRIC_PRESENTATION_REPRESENTATION (  '', ( #4203 ), #8472 ) ;
#2992 = ORIENTED_EDGE ( 'NONE', *, *, #9042, .F. ) ;
#2993 = CARTESIAN_POINT ( 'NONE',  ( -0.4040737230816930370, 0.5400000000000002576, 0.06303048445244230358 ) ) ;
#2994 =( NAMED_UNIT ( * ) SI_UNIT ( $, .STERADIAN. ) SOLID_ANGLE_UNIT ( ) );
#2995 = STYLED_ITEM ( 'NONE', ( #8977 ), #8613 ) ;
#2996 = EDGE_CURVE ( 'NONE', #9847, #7008, #4910, .T. ) ;
#2997 = VECTOR ( 'NONE', #2215, 1000.000000000000000 ) ;
#2998 = EDGE_CURVE ( 'NONE', #691, #6907, #3967, .T. ) ;
#2999 = FILL_AREA_STYLE_COLOUR ( '', #2661 ) ;
#3000 = SURFACE_SIDE_STYLE ('',( #851 ) ) ;
#3001 = PRESENTATION_LAYER_ASSIGNMENT (  '', '', ( #5209 ) ) ;
#3002 = VECTOR ( 'NONE', #3609, 1000.000000000000000 ) ;
#3003 = PLANE ( 'NONE',  #1459 ) ;
#3004 = FACE_OUTER_BOUND ( 'NONE', #7362, .T. ) ;
#3005 = CARTESIAN_POINT ( 'NONE',  ( -0.9100000000000002531, 0.0000000000000000000, 0.09999999999999950595 ) ) ;
#3006 = CARTESIAN_POINT ( 'NONE',  ( 0.5904634387815019814, 0.5500000000000000444, 0.2526943817383582869 ) ) ;
#3007 = CARTESIAN_POINT ( 'NONE',  ( -0.6100000000000005418, 0.04999999999999999584, -0.6000000000000004219 ) ) ;
#3008 = CARTESIAN_POINT ( 'NONE',  ( 0.6141385475280549677, 0.5499999999999999334, 0.2629560453554062316 ) ) ;
#3009 = CARTESIAN_POINT ( 'NONE',  ( 0.2000000000000004274, 0.04999999999999999584, 0.9099999999999996980 ) ) ;
#3010 = VECTOR ( 'NONE', #6504, 1000.000000000000000 ) ;
#3011 = CARTESIAN_POINT ( 'NONE',  ( 0.6250000000000004441, 0.5400000000000000355, 0.2637673139767615083 ) ) ;
#3012 = CARTESIAN_POINT ( 'NONE',  ( -0.3269451014291988034, 0.5500000000000001554, 0.2865753342024141004 ) ) ;
#3013 = CYLINDRICAL_SURFACE ( 'NONE', #4226, 0.1000000000000001582 ) ;
#3014 = VECTOR ( 'NONE', #4549, 1000.000000000000000 ) ;
#3015 = PRESENTATION_STYLE_ASSIGNMENT (( #6537 ) ) ;
#3016 = CARTESIAN_POINT ( 'NONE',  ( 0.5706753470443219900, 0.5400000000000002576, 0.2091454211867341817 ) ) ;
#3017 = LINE ( 'NONE', #599, #3606 ) ;
#3018 = ORIENTED_EDGE ( 'NONE', *, *, #6160, .T. ) ;
#3019 = ORIENTED_EDGE ( 'NONE', *, *, #99, .T. ) ;
#3020 = CARTESIAN_POINT ( 'NONE',  ( -0.3817034702659949374, 0.5399999999999999245, 0.2872018415887776510 ) ) ;
#3021 = MECHANICAL_DESIGN_GEOMETRIC_PRESENTATION_REPRESENTATION (  '', ( #4359 ), #5170 ) ;
#3022 = CARTESIAN_POINT ( 'NONE',  ( -0.3143518769535626478, 0.5499999999999993783, 0.06018160327596734638 ) ) ;
#3023 = VECTOR ( 'NONE', #3402, 1000.000000000000000 ) ;
#3024 = ORIENTED_EDGE ( 'NONE', *, *, #424, .F. ) ;
#3025 = PRODUCT_RELATED_PRODUCT_CATEGORY ( 'part', '', ( #8054 ) ) ;
#3026 = ORIENTED_EDGE ( 'NONE', *, *, #8665, .F. ) ;
#3027 = ORIENTED_EDGE ( 'NONE', *, *, #3700, .T. ) ;
#3028 = VECTOR ( 'NONE', #1979, 1000.000000000000227 ) ;
#3029 = VERTEX_POINT ( 'NONE', #7731 ) ;
#3030 = CARTESIAN_POINT ( 'NONE',  ( 0.6965311569742302922, 0.5400000000000000355, 0.2427979230090413221 ) ) ;
#3031 = UNCERTAINTY_MEASURE_WITH_UNIT (LENGTH_MEASURE( 1.000000000000000082E-05 ), #9367, 'distance_accuracy_value', 'NONE');
#3032 = CARTESIAN_POINT ( 'NONE',  ( -0.09999999999999961697, 0.04999999999999999584, 1.009999999999999565 ) ) ;
#3033 = MECHANICAL_DESIGN_GEOMETRIC_PRESENTATION_REPRESENTATION (  '', ( #2309 ), #8526 ) ;
#3034 = ORIENTED_EDGE ( 'NONE', *, *, #7897, .F. ) ;
#3035 = CARTESIAN_POINT ( 'NONE',  ( -0.9000000000000002442, 0.5500000000000000444, -1.300000000000000266 ) ) ;
#3036 = CYLINDRICAL_SURFACE ( 'NONE', #370, 0.1000000000000000472 ) ;
#3037 = CARTESIAN_POINT ( 'NONE',  ( 0.2000000000000004274, 0.0000000000000000000, 1.009999999999999565 ) ) ;
#3038 = CARTESIAN_POINT ( 'NONE',  ( -0.2824134802378257536, 0.5400000000000000355, 0.04789592812390814497 ) ) ;
#3039 = EDGE_CURVE ( 'NONE', #2592, #8392, #557, .T. ) ;
#3040 = CARTESIAN_POINT ( 'NONE',  ( 0.6250000000000004441, 0.5400000000000000355, 0.2637673139767615083 ) ) ;
#3041 = CARTESIAN_POINT ( 'NONE',  ( -0.1730769230769231282, 0.5400000000000000355, 0.2829980832075307262 ) ) ;
#3042 = CIRCLE ( 'NONE', #338, 0.09999999999999982514 ) ;
#3043 = CARTESIAN_POINT ( 'NONE',  ( -0.2299606247841614048, 0.5499999999999999334, 0.1990086217440196203 ) ) ;
#3044 = PLANE ( 'NONE',  #1674 ) ;
#3045 =( NAMED_UNIT ( * ) SI_UNIT ( $, .STERADIAN. ) SOLID_ANGLE_UNIT ( ) );
#3046 = AXIS2_PLACEMENT_3D ( 'NONE', #1864, #6385, #9459 ) ;
#3047 = LINE ( 'NONE', #2043, #7341 ) ;
#3048 = ORIENTED_EDGE ( 'NONE', *, *, #2848, .F. ) ;
#3049 = SURFACE_STYLE_USAGE ( .BOTH. , #3810 ) ;
#3050 = CARTESIAN_POINT ( 'NONE',  ( -0.4393099191832341988, 0.5399999999999999245, 0.2603214732165624046 ) ) ;
#3051 = EDGE_CURVE ( 'NONE', #154, #8349, #9569, .T. ) ;
#3052 = CARTESIAN_POINT ( 'NONE',  ( -0.2547429174097263771, 0.5499999999999996003, 0.1166906083418793594 ) ) ;
#3053 = PRESENTATION_STYLE_ASSIGNMENT (( #4259 ) ) ;
#3054 = VERTEX_POINT ( 'NONE', #8493 ) ;
#3055 =( NAMED_UNIT ( * ) PLANE_ANGLE_UNIT ( ) SI_UNIT ( $, .RADIAN. ) );
#3056 = EDGE_CURVE ( 'NONE', #9594, #3330, #5397, .T. ) ;
#3057 = COLOUR_RGB ( '',1.000000000000000000, 1.000000000000000000, 1.000000000000000000 ) ;
#3058 = STYLED_ITEM ( 'NONE', ( #5827 ), #5928 ) ;
#3059 = CARTESIAN_POINT ( 'NONE',  ( -0.5208333333333334814, 0.5400000000000000355, 0.03299808320753071927 ) ) ;
#3060 =( GEOMETRIC_REPRESENTATION_CONTEXT ( 3 ) GLOBAL_UNCERTAINTY_ASSIGNED_CONTEXT ( ( #707 ) ) GLOBAL_UNIT_ASSIGNED_CONTEXT ( ( #8892, #5766, #1190 ) ) REPRESENTATION_CONTEXT ( 'NONE', 'WORKASPACE' ) );
#3061 = CARTESIAN_POINT ( 'NONE',  ( -0.1730769230769231282, 0.5400000000000000355, 0.03299808320753071927 ) ) ;
#3062 = FACE_BOUND ( 'NONE', #5667, .T. ) ;
#3063 = MECHANICAL_DESIGN_GEOMETRIC_PRESENTATION_REPRESENTATION (  '', ( #6442 ), #3583 ) ;
#3064 = UNCERTAINTY_MEASURE_WITH_UNIT (LENGTH_MEASURE( 1.000000000000000082E-05 ), #5738, 'distance_accuracy_value', 'NONE');
#3065 = ORIENTED_EDGE ( 'NONE', *, *, #7332, .T. ) ;
#3066 = CARTESIAN_POINT ( 'NONE',  ( -0.3867340797888170756, 0.5400000000000000355, 0.2597102212700360679 ) ) ;
#3067 = EDGE_CURVE ( 'NONE', #9407, #3289, #4542, .T. ) ;
#3068 = CARTESIAN_POINT ( 'NONE',  ( 0.6673038874701531231, 0.5500000000000000444, 0.2456409262948136829 ) ) ;
#3069 = CARTESIAN_POINT ( 'NONE',  ( 0.1807892628205129137, 0.5400000000000000355, 0.2829980832075307262 ) ) ;
#3070 = FILL_AREA_STYLE_COLOUR ( '', #6216 ) ;
#3071 =( GEOMETRIC_REPRESENTATION_CONTEXT ( 3 ) GLOBAL_UNCERTAINTY_ASSIGNED_CONTEXT ( ( #4607 ) ) GLOBAL_UNIT_ASSIGNED_CONTEXT ( ( #7815, #5528, #4847 ) ) REPRESENTATION_CONTEXT ( 'NONE', 'WORKASPACE' ) );
#3072 = SURFACE_STYLE_USAGE ( .BOTH. , #4529 ) ;
#3073 = CARTESIAN_POINT ( 'NONE',  ( -0.2561028544453846645, 0.5500000000000001554, 0.2452842399465932077 ) ) ;
#3074 = ORIENTED_EDGE ( 'NONE', *, *, #9119, .F. ) ;
#3075 = CARTESIAN_POINT ( 'NONE',  ( -0.9000000000000002442, 0.1270000000000000018, -1.300000000000000266 ) ) ;
#3076 = CARTESIAN_POINT ( 'NONE',  ( -0.3518942288685198982, 0.5500000000000000444, 0.2893328622463006150 ) ) ;
#3077 = ORIENTED_EDGE ( 'NONE', *, *, #8876, .T. ) ;
#3078 = EDGE_LOOP ( 'NONE', ( #5393, #9485, #8391, #3634 ) ) ;
#3079 = LINE ( 'NONE', #8717, #268 ) ;
#3080 = EDGE_LOOP ( 'NONE', ( #5857, #3415, #7071, #5536 ) ) ;
#3081 = CARTESIAN_POINT ( 'NONE',  ( -0.4849713829259246212, 0.5499999999999999334, 0.1850860972477258726 ) ) ;
#3082 = DIRECTION ( 'NONE',  ( 0.0000000000000000000, -1.000000000000000000, 0.0000000000000000000 ) ) ;
#3083 = CARTESIAN_POINT ( 'NONE',  ( 0.5761534825257117465, 0.5400000000000000355, 0.1906481356657055426 ) ) ;
#3084 = ORIENTED_EDGE ( 'NONE', *, *, #3642, .F. ) ;
#3085 = CARTESIAN_POINT ( 'NONE',  ( -0.9000000000000002442, 0.05000000000000000278, -1.300000000000000266 ) ) ;
#3086 = ORIENTED_EDGE ( 'NONE', *, *, #3227, .F. ) ;
#3087 = FACE_OUTER_BOUND ( 'NONE', #8281, .T. ) ;
#3088 = DIRECTION ( 'NONE',  ( 0.0000000000000000000, -1.000000000000000000, 0.0000000000000000000 ) ) ;
#3089 = VECTOR ( 'NONE', #2891, 1000.000000000000000 ) ;
#3090 = STYLED_ITEM ( 'NONE', ( #6850 ), #3709 ) ;
#3091 =( NAMED_UNIT ( * ) SI_UNIT ( $, .STERADIAN. ) SOLID_ANGLE_UNIT ( ) );
#3092 = DIRECTION ( 'NONE',  ( 1.000000000000000000, 0.0000000000000000000, 0.0000000000000000000 ) ) ;
#3093 = CARTESIAN_POINT ( 'NONE',  ( -0.09999999999999961697, 0.0000000000000000000, 1.309999999999999609 ) ) ;
#3094 = CIRCLE ( 'NONE', #8749, 0.1000000000000001582 ) ;
#3095 = CARTESIAN_POINT ( 'NONE',  ( -0.6121794871794873361, 0.5400000000000000355, 0.1352617050024025047 ) ) ;
#3096 = VECTOR ( 'NONE', #1870, 1000.000000000000000 ) ;
#3097 = COLOUR_RGB ( '',0.6666666666666666297, 0.6941176470588235059, 0.7647058823529411242 ) ;
#3098 = CARTESIAN_POINT ( 'NONE',  ( -0.8999999999999995781, 0.5500000000000000444, 0.6999999999999996225 ) ) ;
#3099 = CARTESIAN_POINT ( 'NONE',  ( 0.6679186698717952675, 0.5400000000000000355, 0.04015954154086405492 ) ) ;
#3100 = CARTESIAN_POINT ( 'NONE',  ( 0.5904634387815019814, 0.5400000000000000355, 0.2526943817383582869 ) ) ;
#3101 =( NAMED_UNIT ( * ) PLANE_ANGLE_UNIT ( ) SI_UNIT ( $, .RADIAN. ) );
#3102 = CARTESIAN_POINT ( 'NONE',  ( 0.4198717948717952675, 0.5400000000000000355, 0.2829980832075307262 ) ) ;
#3103 = CARTESIAN_POINT ( 'NONE',  ( -0.09999999999999961697, 0.0000000000000000000, 1.309999999999999609 ) ) ;
#3104 = VECTOR ( 'NONE', #6924, 1000.000000000000000 ) ;
#3105 = CARTESIAN_POINT ( 'NONE',  ( -0.3550681089743589758, 0.5500000000000000444, 0.2894083396177871137 ) ) ;
#3106 = EDGE_CURVE ( 'NONE', #8985, #6105, #8497, .T. ) ;
#3107 = VERTEX_POINT ( 'NONE', #4791 ) ;
#3108 = EDGE_CURVE ( 'NONE', #5779, #1859, #4315, .T. ) ;
#3109 = CARTESIAN_POINT ( 'NONE',  ( 0.5993035218074244108, 0.5400000000000000355, 0.2581919836609248287 ) ) ;
#3110 = CARTESIAN_POINT ( 'NONE',  ( 0.9100000000000002531, 0.1270000000000000018, -0.7000000000000005107 ) ) ;
#3111 = ADVANCED_FACE ( 'NONE', ( #6211 ), #2591, .T. ) ;
#3112 =( GEOMETRIC_REPRESENTATION_CONTEXT ( 3 ) GLOBAL_UNCERTAINTY_ASSIGNED_CONTEXT ( ( #7241 ) ) GLOBAL_UNIT_ASSIGNED_CONTEXT ( ( #4517, #6750, #9858 ) ) REPRESENTATION_CONTEXT ( 'NONE', 'WORKASPACE' ) );
#3113 = CARTESIAN_POINT ( 'NONE',  ( -0.2522694428900430497, 0.5400000000000000355, 0.1230779967185268303 ) ) ;
#3114 = MECHANICAL_DESIGN_GEOMETRIC_PRESENTATION_REPRESENTATION (  '', ( #6738 ), #8421 ) ;
#3115 = SURFACE_STYLE_USAGE ( .BOTH. , #6106 ) ;
#3116 = PRESENTATION_LAYER_ASSIGNMENT (  '', '', ( #9057 ) ) ;
#3117 = LINE ( 'NONE', #5002, #9204 ) ;
#3118 = LINE ( 'NONE', #1498, #2648 ) ;
#3119 = EDGE_CURVE ( 'NONE', #9545, #6775, #6451, .T. ) ;
#3120 = CARTESIAN_POINT ( 'NONE',  ( -0.8999999999999993561, 0.05000000000000000278, 1.299999999999999600 ) ) ;
#3121 = CARTESIAN_POINT ( 'NONE',  ( 0.4423076923076926792, 0.5400000000000000355, 0.03299808320753071927 ) ) ;
#3122 = VECTOR ( 'NONE', #1685, 1000.000000000000000 ) ;
#3123 = ORIENTED_EDGE ( 'NONE', *, *, #7383, .T. ) ;
#3124 = DIRECTION ( 'NONE',  ( 1.000000000000000000, -0.0000000000000000000, -0.0000000000000000000 ) ) ;
#3125 = AXIS2_PLACEMENT_3D ( 'NONE', #5896, #1232, #460 ) ;
#3126 = VECTOR ( 'NONE', #7056, 1000.000000000000000 ) ;
#3127 =( GEOMETRIC_REPRESENTATION_CONTEXT ( 3 ) GLOBAL_UNCERTAINTY_ASSIGNED_CONTEXT ( ( #7025 ) ) GLOBAL_UNIT_ASSIGNED_CONTEXT ( ( #6152, #1588, #7600 ) ) REPRESENTATION_CONTEXT ( 'NONE', 'WORKASPACE' ) );
#3128 = EDGE_LOOP ( 'NONE', ( #9589, #1693, #8738, #3, #2546, #3019 ) ) ;
#3129 = FILL_AREA_STYLE_COLOUR ( '', #7213 ) ;
#3130 = PRESENTATION_STYLE_ASSIGNMENT (( #1778 ) ) ;
#3131 = DIRECTION ( 'NONE',  ( -0.0000000000000000000, 1.000000000000000000, -0.0000000000000000000 ) ) ;
#3132 = SURFACE_STYLE_USAGE ( .BOTH. , #3896 ) ;
#3133 = ORIENTED_EDGE ( 'NONE', *, *, #8683, .F. ) ;
#3134 = DIRECTION ( 'NONE',  ( 1.000000000000000000, 0.0000000000000000000, 0.0000000000000000000 ) ) ;
#3135 = ORIENTED_EDGE ( 'NONE', *, *, #7073, .F. ) ;
#3136 = CARTESIAN_POINT ( 'NONE',  ( 0.0000000000000000000, 0.05000000000000000278, -0.5000000000000002220 ) ) ;
#3137 = FILL_AREA_STYLE_COLOUR ( '', #1856 ) ;
#3138 = ORIENTED_EDGE ( 'NONE', *, *, #7049, .T. ) ;
#3139 = UNCERTAINTY_MEASURE_WITH_UNIT (LENGTH_MEASURE( 1.000000000000000082E-05 ), #8117, 'distance_accuracy_value', 'NONE');
#3140 = CARTESIAN_POINT ( 'NONE',  ( -0.9000000000000002442, 0.1270000000000000018, -1.300000000000000266 ) ) ;
#3141 = SURFACE_STYLE_FILL_AREA ( #2319 ) ;
#3142 = CARTESIAN_POINT ( 'NONE',  ( -0.1730769230769231282, 0.5400000000000000355, 0.03299808320753071927 ) ) ;
#3143 = EDGE_LOOP ( 'NONE', ( #5871, #4252, #8232, #8296, #1560, #7239, #2687, #5772, #7916, #7638, #609, #6344, #8220, #9340, #3048, #1062, #470, #1929, #5502, #5160 ) ) ;
#3144 = LINE ( 'NONE', #184, #4570 ) ;
#3145 = CARTESIAN_POINT ( 'NONE',  ( 0.5864117699973127040, 0.5400000000000000355, 0.2493046228686575383 ) ) ;
#3146 = VERTEX_POINT ( 'NONE', #1008 ) ;
#3147 = CARTESIAN_POINT ( 'NONE',  ( 0.5578262310113537570, 0.5500000000000004885, 0.1722097553847279083 ) ) ;
#3148 = CARTESIAN_POINT ( 'NONE',  ( 0.6018629807692312816, 0.5400000000000000355, 0.1411711601306076258 ) ) ;
#3149 =( GEOMETRIC_REPRESENTATION_CONTEXT ( 3 ) GLOBAL_UNCERTAINTY_ASSIGNED_CONTEXT ( ( #8074 ) ) GLOBAL_UNIT_ASSIGNED_CONTEXT ( ( #4200, #6482, #7960 ) ) REPRESENTATION_CONTEXT ( 'NONE', 'WORKASPACE' ) );
#3150 =( NAMED_UNIT ( * ) SI_UNIT ( $, .STERADIAN. ) SOLID_ANGLE_UNIT ( ) );
#3151 = UNCERTAINTY_MEASURE_WITH_UNIT (LENGTH_MEASURE( 1.000000000000000082E-05 ), #4950, 'distance_accuracy_value', 'NONE');
#3152 = ORIENTED_EDGE ( 'NONE', *, *, #1032, .T. ) ;
#3153 = UNCERTAINTY_MEASURE_WITH_UNIT (LENGTH_MEASURE( 1.000000000000000082E-05 ), #4073, 'distance_accuracy_value', 'NONE');
#3154 = DIRECTION ( 'NONE',  ( 0.0000000000000000000, -0.0000000000000000000, 1.000000000000000000 ) ) ;
#3155 = SURFACE_STYLE_FILL_AREA ( #9767 ) ;
#3156 = DIRECTION ( 'NONE',  ( 0.0000000000000000000, 0.0000000000000000000, -1.000000000000000000 ) ) ;
#3157 = ORIENTED_EDGE ( 'NONE', *, *, #4439, .T. ) ;
#3158 = VECTOR ( 'NONE', #3913, 1000.000000000000000 ) ;
#3159 =( LENGTH_UNIT ( ) NAMED_UNIT ( * ) SI_UNIT ( .MILLI., .METRE. ) );
#3160 = FILL_AREA_STYLE_COLOUR ( '', #3539 ) ;
#3161 = DIRECTION ( 'NONE',  ( -0.0000000000000000000, -1.000000000000000000, -0.0000000000000000000 ) ) ;
#3162 = ADVANCED_FACE ( 'NONE', ( #7528 ), #7934, .T. ) ;
#3163 = SURFACE_SIDE_STYLE ('',( #5149 ) ) ;
#3164 = SURFACE_SIDE_STYLE ('',( #6753 ) ) ;
#3165 = EDGE_CURVE ( 'NONE', #8065, #4594, #5607, .T. ) ;
#3166 = CARTESIAN_POINT ( 'NONE',  ( -0.2933396639028052477, 0.5399999999999999245, 0.04127660005393525566 ) ) ;
#3167 = PRESENTATION_STYLE_ASSIGNMENT (( #4265 ) ) ;
#3168 = CARTESIAN_POINT ( 'NONE',  ( -0.3821649149932537237, 0.5400000000000000355, 0.02894201112869764989 ) ) ;
#3169 = CARTESIAN_POINT ( 'NONE',  ( -0.5999999999999995337, 0.04999999999999999584, 1.009999999999999787 ) ) ;
#3170 = ORIENTED_EDGE ( 'NONE', *, *, #9635, .T. ) ;
#3171 = DIRECTION ( 'NONE',  ( -0.0000000000000000000, -1.000000000000000000, -0.0000000000000000000 ) ) ;
#3172 = CARTESIAN_POINT ( 'NONE',  ( -0.4870623779726067082, 0.5400000000000000355, 0.1501997491738564228 ) ) ;
#3173 = CARTESIAN_POINT ( 'NONE',  ( -0.3178863522565567035, 0.5399999999999998135, 0.2841985966716498724 ) ) ;
#3174 =( GEOMETRIC_REPRESENTATION_CONTEXT ( 3 ) GLOBAL_UNCERTAINTY_ASSIGNED_CONTEXT ( ( #6496 ) ) GLOBAL_UNIT_ASSIGNED_CONTEXT ( ( #8804, #3470, #9487 ) ) REPRESENTATION_CONTEXT ( 'NONE', 'WORKASPACE' ) );
#3175 = CARTESIAN_POINT ( 'NONE',  ( -0.4647435897435897023, 0.5499999999999998224, 0.1589996857716332868 ) ) ;
#3176 = CARTESIAN_POINT ( 'NONE',  ( 0.6898819047248814229, 0.5500000000000001554, 0.1713565703813925978 ) ) ;
#3177 =( GEOMETRIC_REPRESENTATION_CONTEXT ( 3 ) GLOBAL_UNCERTAINTY_ASSIGNED_CONTEXT ( ( #6985 ) ) GLOBAL_UNIT_ASSIGNED_CONTEXT ( ( #9708, #5180, #9770 ) ) REPRESENTATION_CONTEXT ( 'NONE', 'WORKASPACE' ) );
#3178 = ORIENTED_EDGE ( 'NONE', *, *, #6409, .T. ) ;
#3179 =( NAMED_UNIT ( * ) SI_UNIT ( $, .STERADIAN. ) SOLID_ANGLE_UNIT ( ) );
#3180 = CARTESIAN_POINT ( 'NONE',  ( 0.5000000000000004441, 0.1270000000000000018, -1.309999999999999387 ) ) ;
#3181 = MECHANICAL_DESIGN_GEOMETRIC_PRESENTATION_REPRESENTATION (  '', ( #2119 ), #6096 ) ;
#3182 = EDGE_CURVE ( 'NONE', #691, #7855, #1682, .T. ) ;
#3183 = CARTESIAN_POINT ( 'NONE',  ( 0.6174224925545093168, 0.5399999999999999245, 0.1645724674043930191 ) ) ;
#3184 = CARTESIAN_POINT ( 'NONE',  ( -0.6100000000000000977, 0.04999999999999999584, -0.1000000000000001721 ) ) ;
#3185 = ORIENTED_EDGE ( 'NONE', *, *, #6604, .F. ) ;
#3186 = VECTOR ( 'NONE', #2095, 1000.000000000000000 ) ;
#3187 =( NAMED_UNIT ( * ) SI_UNIT ( $, .STERADIAN. ) SOLID_ANGLE_UNIT ( ) );
#3188 = EDGE_CURVE ( 'NONE', #1461, #2789, #4662, .T. ) ;
#3189 = UNCERTAINTY_MEASURE_WITH_UNIT (LENGTH_MEASURE( 1.000000000000000082E-05 ), #9256, 'distance_accuracy_value', 'NONE');
#3190 = ORIENTED_EDGE ( 'NONE', *, *, #4087, .T. ) ;
#3191 = PRESENTATION_LAYER_ASSIGNMENT (  '', '', ( #1099 ) ) ;
#3192 = CARTESIAN_POINT ( 'NONE',  ( -0.09999999999999961697, 0.1270000000000000018, -1.300000000000000266 ) ) ;
#3193 =( GEOMETRIC_REPRESENTATION_CONTEXT ( 3 ) GLOBAL_UNCERTAINTY_ASSIGNED_CONTEXT ( ( #9808 ) ) GLOBAL_UNIT_ASSIGNED_CONTEXT ( ( #2607, #8714, #1841 ) ) REPRESENTATION_CONTEXT ( 'NONE', 'WORKASPACE' ) );
#3194 =( LENGTH_UNIT ( ) NAMED_UNIT ( * ) SI_UNIT ( .MILLI., .METRE. ) );
#3195 = VERTEX_POINT ( 'NONE', #7042 ) ;
#3196 = DIRECTION ( 'NONE',  ( -1.000000000000000000, 0.0000000000000000000, 0.0000000000000000000 ) ) ;
#3197 = CARTESIAN_POINT ( 'NONE',  ( -0.2999999999999993783, 0.1270000000000000018, 1.299999999999999600 ) ) ;
#3198 = COLOUR_RGB ( '',1.000000000000000000, 1.000000000000000000, 1.000000000000000000 ) ;
#3199 = CARTESIAN_POINT ( 'NONE',  ( -0.9100000000000002531, 0.1270000000000000018, 0.2999999999999997113 ) ) ;
#3200 = DIRECTION ( 'NONE',  ( 1.000000000000000000, 0.0000000000000000000, 0.0000000000000000000 ) ) ;
#3201 = ORIENTED_EDGE ( 'NONE', *, *, #1264, .T. ) ;
#3202 = CARTESIAN_POINT ( 'NONE',  ( 0.9000000000000000222, 0.05000000000000002359, 0.09999999999999939493 ) ) ;
#3203 = PRESENTATION_LAYER_ASSIGNMENT (  '', '', ( #7669 ) ) ;
#3204 = CARTESIAN_POINT ( 'NONE',  ( 0.4198717948717952675, 0.5400000000000000355, 0.2829980832075307262 ) ) ;
#3205 = ORIENTED_EDGE ( 'NONE', *, *, #5589, .T. ) ;
#3206 = CARTESIAN_POINT ( 'NONE',  ( -0.6999999999999994005, 0.05000000000000000278, -1.300000000000000266 ) ) ;
#3207 = FILL_AREA_STYLE ('',( #2386 ) ) ;
#3208 = VERTEX_POINT ( 'NONE', #3333 ) ;
#3209 = DIRECTION ( 'NONE',  ( 0.5390888091285608308, 0.0000000000000000000, -0.8422489274984861218 ) ) ;
#3210 = STYLED_ITEM ( 'NONE', ( #504 ), #6953 ) ;
#3211 = DIRECTION ( 'NONE',  ( -0.0000000000000000000, -0.0000000000000000000, -1.000000000000000000 ) ) ;
#3212 = VERTEX_POINT ( 'NONE', #224 ) ;
#3213 = CARTESIAN_POINT ( 'NONE',  ( 0.6352969711077905979, 0.5500000000000001554, 0.1389700417708021607 ) ) ;
#3214 = VERTEX_POINT ( 'NONE', #3229 ) ;
#3215 = COLOUR_RGB ( '',0.6666666666666666297, 0.6941176470588235059, 0.7647058823529411242 ) ;
#3216 = CARTESIAN_POINT ( 'NONE',  ( 0.6000000000000004219, 0.1270000000000000018, 1.009999999999999565 ) ) ;
#3217 = DIRECTION ( 'NONE',  ( 0.0000000000000000000, 0.0000000000000000000, -1.000000000000000000 ) ) ;
#3218 = ADVANCED_FACE ( 'NONE', ( #4423 ), #6448, .T. ) ;
#3219 = VERTEX_POINT ( 'NONE', #4976 ) ;
#3220 = CARTESIAN_POINT ( 'NONE',  ( -0.3488081039395646288, 0.5400000000000000355, 0.05231667502881028053 ) ) ;
#3221 = ORIENTED_EDGE ( 'NONE', *, *, #5122, .F. ) ;
#3222 =( GEOMETRIC_REPRESENTATION_CONTEXT ( 3 ) GLOBAL_UNCERTAINTY_ASSIGNED_CONTEXT ( ( #2065 ) ) GLOBAL_UNIT_ASSIGNED_CONTEXT ( ( #7542, #8347, #3715 ) ) REPRESENTATION_CONTEXT ( 'NONE', 'WORKASPACE' ) );
#3223 = VECTOR ( 'NONE', #7405, 1000.000000000000000 ) ;
#3224 =( LENGTH_UNIT ( ) NAMED_UNIT ( * ) SI_UNIT ( .MILLI., .METRE. ) );
#3225 = ORIENTED_EDGE ( 'NONE', *, *, #2129, .F. ) ;
#3226 = FILL_AREA_STYLE ('',( #9423 ) ) ;
#3227 = EDGE_CURVE ( 'NONE', #8702, #3683, #9793, .T. ) ;
#3228 = CARTESIAN_POINT ( 'NONE',  ( 0.5480769230769235723, 0.5500000000000001554, 0.2132865447459922903 ) ) ;
#3229 = CARTESIAN_POINT ( 'NONE',  ( -0.4999999999999995559, 0.04999999999999999584, -1.009999999999999565 ) ) ;
#3230 = VECTOR ( 'NONE', #1998, 1000.000000000000000 ) ;
#3231 = DIRECTION ( 'NONE',  ( 0.0000000000000000000, -0.0000000000000000000, 1.000000000000000000 ) ) ;
#3232 = CYLINDRICAL_SURFACE ( 'NONE', #5906, 0.09999999999999993616 ) ;
#3233 = CARTESIAN_POINT ( 'NONE',  ( -0.2720270742808624242, 0.5400000000000000355, 0.05567588741738955377 ) ) ;
#3234 = CARTESIAN_POINT ( 'NONE',  ( -0.4870623779726067082, 0.5500000000000000444, 0.1501997491738564228 ) ) ;
#3235 = DIRECTION ( 'NONE',  ( 0.0000000000000000000, 1.000000000000000000, -0.0000000000000000000 ) ) ;
#3236 = CARTESIAN_POINT ( 'NONE',  ( 0.4423076923076926792, 0.5400000000000000355, 0.2829980832075307262 ) ) ;
#3237 = LINE ( 'NONE', #8967, #1641 ) ;
#3238 = FILL_AREA_STYLE_COLOUR ( '', #8270 ) ;
#3239 = VECTOR ( 'NONE', #7630, 1000.000000000000000 ) ;
#3240 = CARTESIAN_POINT ( 'NONE',  ( -0.3583085969858886832, 0.5400000000000001465, 0.05225835603466437440 ) ) ;
#3241 = EDGE_CURVE ( 'NONE', #6832, #2967, #3360, .T. ) ;
#3242 = DIRECTION ( 'NONE',  ( 0.0000000000000000000, 0.0000000000000000000, -1.000000000000000000 ) ) ;
#3243 = VECTOR ( 'NONE', #5498, 1000.000000000000000 ) ;
#3244 =( NAMED_UNIT ( * ) SI_UNIT ( $, .STERADIAN. ) SOLID_ANGLE_UNIT ( ) );
#3245 = EDGE_CURVE ( 'NONE', #8334, #7928, #3117, .T. ) ;
#3246 = CARTESIAN_POINT ( 'NONE',  ( 0.5760216346153850253, 0.5400000000000000355, 0.1406703588485563594 ) ) ;
#3247 = DIRECTION ( 'NONE',  ( -0.0000000000000000000, -0.0000000000000000000, 1.000000000000000000 ) ) ;
#3248 = DIRECTION ( 'NONE',  ( 0.0000000000000000000, -1.000000000000000000, 0.0000000000000000000 ) ) ;
#3249 = AXIS2_PLACEMENT_3D ( 'NONE', #985, #7763, #3274 ) ;
#3250 = CYLINDRICAL_SURFACE ( 'NONE', #760, 0.1000000000000001582 ) ;
#3251 = CARTESIAN_POINT ( 'NONE',  ( -0.2576390037672254274, 0.5399999999999999245, 0.1104741515294211246 ) ) ;
#3252 = ORIENTED_EDGE ( 'NONE', *, *, #9936, .T. ) ;
#3253 = DIRECTION ( 'NONE',  ( 0.0000000000000000000, -1.000000000000000000, 0.0000000000000000000 ) ) ;
#3254 = STYLED_ITEM ( 'NONE', ( #9680 ), #9605 ) ;
#3255 = FACE_OUTER_BOUND ( 'NONE', #3332, .T. ) ;
#3256 = ORIENTED_EDGE ( 'NONE', *, *, #2863, .F. ) ;
#3257 = EDGE_CURVE ( 'NONE', #5436, #9780, #5363, .T. ) ;
#3258 =( NAMED_UNIT ( * ) SI_UNIT ( $, .STERADIAN. ) SOLID_ANGLE_UNIT ( ) );
#3259 = VECTOR ( 'NONE', #3751, 1000.000000000000000 ) ;
#3260 = CARTESIAN_POINT ( 'NONE',  ( -0.1506410256410256887, 0.5500000000000000444, 0.1355621857716332868 ) ) ;
#3261 = CARTESIAN_POINT ( 'NONE',  ( -0.9100000000000002531, 0.1270000000000000018, -0.1000000000000001860 ) ) ;
#3262 = CYLINDRICAL_SURFACE ( 'NONE', #9647, 0.1000000000000001582 ) ;
#3263 = STYLED_ITEM ( 'NONE', ( #7964 ), #393 ) ;
#3264 = ORIENTED_EDGE ( 'NONE', *, *, #5073, .F. ) ;
#3265 = VERTEX_POINT ( 'NONE', #7327 ) ;
#3266 = CARTESIAN_POINT ( 'NONE',  ( -0.3517441639106456130, 0.5399999999999999245, 0.2637392874953461419 ) ) ;
#3267 = EDGE_LOOP ( 'NONE', ( #322, #2535, #2674, #498 ) ) ;
#3268 = ADVANCED_FACE ( 'NONE', ( #6926 ), #8865, .F. ) ;
#3269 = ORIENTED_EDGE ( 'NONE', *, *, #7496, .T. ) ;
#3270 = FILL_AREA_STYLE ('',( #1652 ) ) ;
#3271 = CARTESIAN_POINT ( 'NONE',  ( -0.2456670660741109569, 0.5399999999999998135, 0.08464233145346905518 ) ) ;
#3272 = CARTESIAN_POINT ( 'NONE',  ( -0.4697869025202104365, 0.5400000000000000355, 0.09215993506739025842 ) ) ;
#3273 = LINE ( 'NONE', #2722, #7932 ) ;
#3274 = DIRECTION ( 'NONE',  ( 0.5390888091285608308, 0.0000000000000000000, -0.8422489274984861218 ) ) ;
#3275 =( LENGTH_UNIT ( ) NAMED_UNIT ( * ) SI_UNIT ( .MILLI., .METRE. ) );
#3276 = CARTESIAN_POINT ( 'NONE',  ( -0.8999999999999993561, 0.1270000000000000018, 1.299999999999999600 ) ) ;
#3277 = EDGE_LOOP ( 'NONE', ( #69, #1731, #1604, #8905 ) ) ;
#3278 = CARTESIAN_POINT ( 'NONE',  ( 0.3814102564102567761, 0.5400000000000000355, 0.05863910884855633859 ) ) ;
#3279 = PRESENTATION_STYLE_ASSIGNMENT (( #7146 ) ) ;
#3280 = CARTESIAN_POINT ( 'NONE',  ( -0.4612085178758508208, 0.5499999999999998224, 0.1306156472301151505 ) ) ;
#3281 = CARTESIAN_POINT ( 'NONE',  ( 0.7007028502241802181, 0.5500000000000000444, 0.1978422236657111921 ) ) ;
#3282 = VECTOR ( 'NONE', #725, 1000.000000000000000 ) ;
#3283 = CARTESIAN_POINT ( 'NONE',  ( 0.5945493033345792266, 0.5499999999999999334, 0.2840348857322645415 ) ) ;
#3284 = CARTESIAN_POINT ( 'NONE',  ( -0.8999999999999993561, 0.05000000000000000278, 1.299999999999999600 ) ) ;
#3285 = CARTESIAN_POINT ( 'NONE',  ( 0.01602564102564108667, 0.5500000000000000444, 0.08668398064342813791 ) ) ;
#3286 = CARTESIAN_POINT ( 'NONE',  ( 0.6137704327330709697, 0.5400000000000000355, 0.2890829600639152064 ) ) ;
#3287 = CARTESIAN_POINT ( 'NONE',  ( -0.4225572812807564249, 0.5399999999999999245, 0.07407962274615711995 ) ) ;
#3288 = CARTESIAN_POINT ( 'NONE',  ( -0.6999999999999994005, 0.0000000000000000000, -1.309999999999999609 ) ) ;
#3289 = VERTEX_POINT ( 'NONE', #1138 ) ;
#3290 = CARTESIAN_POINT ( 'NONE',  ( -0.09999999999999961697, 0.05000000000000000278, 0.0000000000000000000 ) ) ;
#3291 = COLOUR_RGB ( '',0.6666666666666666297, 0.6941176470588235059, 0.7647058823529411242 ) ;
#3292 = SURFACE_SIDE_STYLE ('',( #7505 ) ) ;
#3293 = SURFACE_STYLE_USAGE ( .BOTH. , #6381 ) ;
#3294 = CARTESIAN_POINT ( 'NONE',  ( 0.6679186698717952675, 0.5400000000000000355, 0.04015954154086405492 ) ) ;
#3295 = VECTOR ( 'NONE', #940, 1000.000000000000000 ) ;
#3296 = SURFACE_STYLE_FILL_AREA ( #1891 ) ;
#3297 = VERTEX_POINT ( 'NONE', #1111 ) ;
#3298 = CARTESIAN_POINT ( 'NONE',  ( -0.6999999999999994005, 0.1270000000000000018, 1.009999999999999565 ) ) ;
#3299 = DIRECTION ( 'NONE',  ( -0.0000000000000000000, 1.000000000000000000, -0.0000000000000000000 ) ) ;
#3300 = SURFACE_SIDE_STYLE ('',( #4039 ) ) ;
#3301 = EDGE_CURVE ( 'NONE', #8660, #1627, #6743, .T. ) ;
#3302 = FILL_AREA_STYLE_COLOUR ( '', #7896 ) ;
#3303 = CARTESIAN_POINT ( 'NONE',  ( -0.4804425548214869557, 0.5499999999999999334, 0.1160291272154046066 ) ) ;
#3304 = EDGE_CURVE ( 'NONE', #7624, #8838, #2708, .T. ) ;
#3305 = SURFACE_STYLE_USAGE ( .BOTH. , #7872 ) ;
#3306 = FACE_BOUND ( 'NONE', #8787, .T. ) ;
#3307 = VECTOR ( 'NONE', #6745, 1000.000000000000000 ) ;
#3308 = FILL_AREA_STYLE_COLOUR ( '', #8140 ) ;
#3309 = ORIENTED_EDGE ( 'NONE', *, *, #9829, .F. ) ;
#3310 = FILL_AREA_STYLE ('',( #1659 ) ) ;
#3311 = VERTEX_POINT ( 'NONE', #7263 ) ;
#3312 =( GEOMETRIC_REPRESENTATION_CONTEXT ( 3 ) GLOBAL_UNCERTAINTY_ASSIGNED_CONTEXT ( ( #388 ) ) GLOBAL_UNIT_ASSIGNED_CONTEXT ( ( #2441, #176, #142 ) ) REPRESENTATION_CONTEXT ( 'NONE', 'WORKASPACE' ) );
#3313 = CARTESIAN_POINT ( 'NONE',  ( -0.4646615420743495095, 0.5400000000000001465, 0.1516878422875881371 ) ) ;
#3314 = AXIS2_PLACEMENT_3D ( 'NONE', #8265, #531, #4462 ) ;
#3315 = DIRECTION ( 'NONE',  ( -0.0000000000000000000, -1.000000000000000000, -0.0000000000000000000 ) ) ;
#3316 = DIRECTION ( 'NONE',  ( 0.0000000000000000000, 0.0000000000000000000, -1.000000000000000000 ) ) ;
#3318 = ADVANCED_FACE ( 'NONE', ( #9500 ), #6519, .T. ) ;
#3317 = AXIS2_PLACEMENT_3D ( 'NONE', #3102, #6762, #9032 ) ;
#3319 = FACE_OUTER_BOUND ( 'NONE', #6706, .T. ) ;
#3320 = ORIENTED_EDGE ( 'NONE', *, *, #9183, .T. ) ;
#3321 = DIRECTION ( 'NONE',  ( 1.000000000000000000, -0.0000000000000000000, 0.0000000000000000000 ) ) ;
#3322 = CARTESIAN_POINT ( 'NONE',  ( -0.4280631545353683065, 0.5499999999999999334, 0.07844950275941410534 ) ) ;
#3323 = ORIENTED_EDGE ( 'NONE', *, *, #4500, .T. ) ;
#3324 = SURFACE_STYLE_USAGE ( .BOTH. , #7781 ) ;
#3325 = EDGE_CURVE ( 'NONE', #5271, #2987, #7712, .T. ) ;
#3327 =( GEOMETRIC_REPRESENTATION_CONTEXT ( 3 ) GLOBAL_UNCERTAINTY_ASSIGNED_CONTEXT ( ( #1025 ) ) GLOBAL_UNIT_ASSIGNED_CONTEXT ( ( #4146, #3366, #1119 ) ) REPRESENTATION_CONTEXT ( 'NONE', 'WORKASPACE' ) );
#3326 = LINE ( 'NONE', #1377, #879 ) ;
#3328 = ORIENTED_EDGE ( 'NONE', *, *, #7385, .F. ) ;
#3329 = PLANE ( 'NONE',  #4839 ) ;
#3330 = VERTEX_POINT ( 'NONE', #5124 ) ;
#3331 = FILL_AREA_STYLE ('',( #5569 ) ) ;
#3332 = EDGE_LOOP ( 'NONE', ( #884, #2283, #3521, #4426, #8194, #8056 ) ) ;
#3333 = CARTESIAN_POINT ( 'NONE',  ( 0.01602564102564108667, 0.5400000000000000355, 0.2829980832075307262 ) ) ;
#3334 = SURFACE_STYLE_FILL_AREA ( #5415 ) ;
#3335 = FILL_AREA_STYLE ('',( #326 ) ) ;
#3336 = SURFACE_STYLE_USAGE ( .BOTH. , #9294 ) ;
#3337 = UNCERTAINTY_MEASURE_WITH_UNIT (LENGTH_MEASURE( 1.000000000000000082E-05 ), #2449, 'distance_accuracy_value', 'NONE');
#3338 = PLANE ( 'NONE',  #4699 ) ;
#3339 = CARTESIAN_POINT ( 'NONE',  ( -0.6100000000000005418, 0.0000000000000000000, -0.6000000000000004219 ) ) ;
#3340 = DIRECTION ( 'NONE',  ( 1.000000000000000000, 0.0000000000000000000, 0.0000000000000000000 ) ) ;
#3341 = CARTESIAN_POINT ( 'NONE',  ( -0.4646497642738350309, 0.5500000000000000444, 0.1626106080078458804 ) ) ;
#3342 = CARTESIAN_POINT ( 'NONE',  ( -0.3630807118112069354, 0.5400000000000000355, 0.05231728744284831756 ) ) ;
#3343 = CARTESIAN_POINT ( 'NONE',  ( 0.6039680902875351753, 0.5500000000000002665, 0.2871568216443169952 ) ) ;
#3344 = MECHANICAL_DESIGN_GEOMETRIC_PRESENTATION_REPRESENTATION (  '', ( #2830 ), #3149 ) ;
#3345 = DIRECTION ( 'NONE',  ( -0.0000000000000000000, -1.000000000000000000, -0.0000000000000000000 ) ) ;
#3346 =( NAMED_UNIT ( * ) PLANE_ANGLE_UNIT ( ) SI_UNIT ( $, .RADIAN. ) );
#3347 = CARTESIAN_POINT ( 'NONE',  ( -0.5999999999999995337, 0.0000000000000000000, 1.009999999999999787 ) ) ;
#3348 = CARTESIAN_POINT ( 'NONE',  ( 0.7018532133338187817, 0.5400000000000000355, 0.2102786270033042693 ) ) ;
#3349 = CARTESIAN_POINT ( 'NONE',  ( -0.4040737230816930370, 0.5500000000000000444, 0.06303048445244230358 ) ) ;
#3350 = DIRECTION ( 'NONE',  ( 0.0000000000000000000, 0.0000000000000000000, 1.000000000000000000 ) ) ;
#3351 = LINE ( 'NONE', #207, #906 ) ;
#3352 = CARTESIAN_POINT ( 'NONE',  ( 0.6866054490180238945, 0.5499999999999998224, 0.2600090473623613563 ) ) ;
#3353 = CARTESIAN_POINT ( 'NONE',  ( -0.8999999999999998002, 0.5500000000000000444, 0.09999999999999939493 ) ) ;
#3354 = EDGE_CURVE ( 'NONE', #5767, #9780, #8187, .T. ) ;
#3355 = CARTESIAN_POINT ( 'NONE',  ( -0.4646497642738350309, 0.5400000000000000355, 0.1626106080078458804 ) ) ;
#3356 = VECTOR ( 'NONE', #2635, 1000.000000000000000 ) ;
#3357 =( NAMED_UNIT ( * ) PLANE_ANGLE_UNIT ( ) SI_UNIT ( $, .RADIAN. ) );
#3358 = ADVANCED_FACE ( 'NONE', ( #369 ), #9685, .T. ) ;
#3359 = CARTESIAN_POINT ( 'NONE',  ( 0.6119648200744239874, 0.5500000000000001554, 0.1652028425418915480 ) ) ;
#3360 = LINE ( 'NONE', #284, #3955 ) ;
#3361 = CARTESIAN_POINT ( 'NONE',  ( 0.6754606300349863535, 0.5400000000000002576, 0.1949486615587253113 ) ) ;
#3362 = DIRECTION ( 'NONE',  ( -1.000000000000000000, 0.0000000000000000000, 0.0000000000000000000 ) ) ;
#3363 = PRESENTATION_STYLE_ASSIGNMENT (( #9462 ) ) ;
#3364 = STYLED_ITEM ( 'NONE', ( #1534 ), #4990 ) ;
#3365 = CARTESIAN_POINT ( 'NONE',  ( -0.7035256410256411908, 0.5500000000000000444, 0.03299808320753071927 ) ) ;
#3366 =( NAMED_UNIT ( * ) PLANE_ANGLE_UNIT ( ) SI_UNIT ( $, .RADIAN. ) );
#3367 = EDGE_LOOP ( 'NONE', ( #3936, #717, #7490, #6131 ) ) ;
#3368 = SURFACE_SIDE_STYLE ('',( #6329 ) ) ;
#3369 =( LENGTH_UNIT ( ) NAMED_UNIT ( * ) SI_UNIT ( .MILLI., .METRE. ) );
#3370 = UNCERTAINTY_MEASURE_WITH_UNIT (LENGTH_MEASURE( 1.000000000000000082E-05 ), #6932, 'distance_accuracy_value', 'NONE');
#3371 = DIRECTION ( 'NONE',  ( 0.0000000000000000000, -0.0000000000000000000, 1.000000000000000000 ) ) ;
#3372 = VECTOR ( 'NONE', #90, 1000.000000000000000 ) ;
#3373 = EDGE_LOOP ( 'NONE', ( #9012, #2349, #9813, #5538 ) ) ;
#3374 = AXIS2_PLACEMENT_3D ( 'NONE', #6053, #8339, #738 ) ;
#3375 = EDGE_CURVE ( 'NONE', #6477, #6471, #4023, .T. ) ;
#3376 = CARTESIAN_POINT ( 'NONE',  ( 0.2000000000000004274, 0.0000000000000000000, -1.009999999999999565 ) ) ;
#3377 = LINE ( 'NONE', #1658, #9452 ) ;
#3378 =( LENGTH_UNIT ( ) NAMED_UNIT ( * ) SI_UNIT ( .MILLI., .METRE. ) );
#3379 = EDGE_LOOP ( 'NONE', ( #8146, #80, #205, #5821, #6242, #1301 ) ) ;
#3380 = FACE_OUTER_BOUND ( 'NONE', #4664, .T. ) ;
#3381 = ORIENTED_EDGE ( 'NONE', *, *, #9105, .F. ) ;
#3382 = EDGE_CURVE ( 'NONE', #8520, #2748, #5895, .T. ) ;
#3383 =( LENGTH_UNIT ( ) NAMED_UNIT ( * ) SI_UNIT ( .MILLI., .METRE. ) );
#3384 = VERTEX_POINT ( 'NONE', #8923 ) ;
#3385 = FILL_AREA_STYLE ('',( #5524 ) ) ;
#3386 = ORIENTED_EDGE ( 'NONE', *, *, #9756, .T. ) ;
#3387 = SURFACE_STYLE_USAGE ( .BOTH. , #6333 ) ;
#3388 = MECHANICAL_DESIGN_GEOMETRIC_PRESENTATION_REPRESENTATION (  '', ( #1102 ), #2692 ) ;
#3389 = LINE ( 'NONE', #117, #7202 ) ;
#3390 = CARTESIAN_POINT ( 'NONE',  ( 0.9100000000000002531, 0.1270000000000000018, 0.2999999999999997113 ) ) ;
#3391 = STYLED_ITEM ( 'NONE', ( #5727 ), #9412 ) ;
#3392 = ORIENTED_EDGE ( 'NONE', *, *, #5525, .T. ) ;
#3393 = B_SPLINE_CURVE_WITH_KNOTS ( 'NONE', 3,
 ( #5053, #436, #6685, #1340, #2038, #5108, #3645, #7431, #5820, #6722, #2003, #7466, #2811, #1271, #2873, #2908, #8131, #3581, #4949, #8646, #4083, #2463, #6424, #4208, #9597, #6529, #9471 ),
 .UNSPECIFIED., .F., .F.,
 ( 4, 1, 1, 1, 1, 1, 1, 1, 1, 1, 1, 1, 1, 1, 1, 1, 1, 1, 1, 1, 1, 1, 1, 1, 4 ),
 ( 0.0000000000000000000, 0.04221689380165810634, 0.08432534699000990286, 0.1258559105936463141, 0.1673077630956336659, 0.2088592911446253697, 0.2506876061395492683, 0.2928477325013350563, 0.3357450514592585922, 0.3783592435927324860, 0.4201865175514314377, 0.4615742413042141501, 0.5025272668889489980, 0.5432232369154770257, 0.5842591139918683618, 0.6252227709273665557, 0.6664840488718750677, 0.7078180804198863640, 0.7488762351019671026, 0.7898749559354324434, 0.8308609297313317432, 0.8723789095864913357, 0.9142009779753628163, 0.9566031247605727428, 1.000000000000000000 ),
 .UNSPECIFIED. ) ;
#3394 = UNCERTAINTY_MEASURE_WITH_UNIT (LENGTH_MEASURE( 1.000000000000000082E-05 ), #219, 'distance_accuracy_value', 'NONE');
#3395 = ORIENTED_EDGE ( 'NONE', *, *, #6806, .T. ) ;
#3396 = DIRECTION ( 'NONE',  ( -0.0000000000000000000, 1.000000000000000000, -0.0000000000000000000 ) ) ;
#3397 = SURFACE_STYLE_USAGE ( .BOTH. , #9484 ) ;
#3398 = MECHANICAL_DESIGN_GEOMETRIC_PRESENTATION_REPRESENTATION (  '', ( #2351 ), #7994 ) ;
#3399 = LINE ( 'NONE', #6647, #3638 ) ;
#3400 = SURFACE_SIDE_STYLE ('',( #5731 ) ) ;
#3401 = ORIENTED_EDGE ( 'NONE', *, *, #8298, .F. ) ;
#3402 = DIRECTION ( 'NONE',  ( 0.0000000000000000000, 0.0000000000000000000, 1.000000000000000000 ) ) ;
#3403 = STYLED_ITEM ( 'NONE', ( #4167 ), #7043 ) ;
#3404 =( NAMED_UNIT ( * ) SI_UNIT ( $, .STERADIAN. ) SOLID_ANGLE_UNIT ( ) );
#3405 = SURFACE_STYLE_FILL_AREA ( #6841 ) ;
#3406 =( NAMED_UNIT ( * ) SI_UNIT ( $, .STERADIAN. ) SOLID_ANGLE_UNIT ( ) );
#3407 = DIRECTION ( 'NONE',  ( -1.668003342285391551E-16, -0.0000000000000000000, -1.000000000000000000 ) ) ;
#3408 = DIRECTION ( 'NONE',  ( 0.0000000000000000000, -0.0000000000000000000, 1.000000000000000000 ) ) ;
#3409 = FILL_AREA_STYLE_COLOUR ( '', #8764 ) ;
#3410 = SURFACE_STYLE_FILL_AREA ( #8214 ) ;
#3411 = CARTESIAN_POINT ( 'NONE',  ( 0.2275641025641027271, 0.5500000000000000444, 0.1996647498741973836 ) ) ;
#3412 = DIRECTION ( 'NONE',  ( -0.0000000000000000000, -1.000000000000000000, -0.0000000000000000000 ) ) ;
#3413 = CARTESIAN_POINT ( 'NONE',  ( -0.3550681089743589758, 0.5400000000000000355, 0.2894083396177871137 ) ) ;
#3414 = VECTOR ( 'NONE', #9511, 1000.000000000000114 ) ;
#3415 = ORIENTED_EDGE ( 'NONE', *, *, #2996, .F. ) ;
#3416 = CARTESIAN_POINT ( 'NONE',  ( 0.5480769230769235723, 0.5500000000000000444, 0.2132865447459922903 ) ) ;
#3417 = ADVANCED_FACE ( 'NONE', ( #4151 ), #7359, .F. ) ;
#3418 = PRESENTATION_LAYER_ASSIGNMENT (  '', '', ( #2899 ) ) ;
#3419 = CARTESIAN_POINT ( 'NONE',  ( 0.5535863920699414242, 0.5399999999999999245, 0.2426724421268349197 ) ) ;
#3420 = CARTESIAN_POINT ( 'NONE',  ( -0.3543169070512820484, 0.5500000000000000444, 0.2637673139767615083 ) ) ;
#3421 = SURFACE_STYLE_FILL_AREA ( #7660 ) ;
#3422 = CARTESIAN_POINT ( 'NONE',  ( 0.9100000000000002531, 0.1270000000000000018, -0.3000000000000005995 ) ) ;
#3423 = VECTOR ( 'NONE', #7882, 1000.000000000000000 ) ;
#3424 = ORIENTED_EDGE ( 'NONE', *, *, #2192, .T. ) ;
#3425 = COLOUR_RGB ( '',0.6666666666666666297, 0.6941176470588235059, 0.7647058823529411242 ) ;
#3426 =( NAMED_UNIT ( * ) SI_UNIT ( $, .STERADIAN. ) SOLID_ANGLE_UNIT ( ) );
#3427 =( NAMED_UNIT ( * ) SI_UNIT ( $, .STERADIAN. ) SOLID_ANGLE_UNIT ( ) );
#3428 = ORIENTED_EDGE ( 'NONE', *, *, #8082, .T. ) ;
#3429 = CARTESIAN_POINT ( 'NONE',  ( 0.5816323061586913257, 0.5500000000000002665, 0.1825564410027176732 ) ) ;
#3430 = CARTESIAN_POINT ( 'NONE',  ( 0.1858974358974359864, 0.5500000000000000444, 0.2829980832075307262 ) ) ;
#3431 = EDGE_CURVE ( 'NONE', #2954, #8913, #8311, .T. ) ;
#3432 = FILL_AREA_STYLE_COLOUR ( '', #2894 ) ;
#3433 = FILL_AREA_STYLE ('',( #3137 ) ) ;
#3434 = ORIENTED_EDGE ( 'NONE', *, *, #9750, .T. ) ;
#3435 = EDGE_CURVE ( 'NONE', #3107, #8206, #9614, .T. ) ;
#3436 = CARTESIAN_POINT ( 'NONE',  ( -0.9000000000000000222, 0.1270000000000000018, -0.7000000000000005107 ) ) ;
#3437 = CARTESIAN_POINT ( 'NONE',  ( -0.4155052008847964218, 0.5500000000000001554, 0.2468007885627520326 ) ) ;
#3438 = PRESENTATION_STYLE_ASSIGNMENT (( #3072 ) ) ;
#3439 = ORIENTED_EDGE ( 'NONE', *, *, #9558, .F. ) ;
#3440 = EDGE_CURVE ( 'NONE', #8272, #1218, #8668, .T. ) ;
#3441 = SURFACE_SIDE_STYLE ('',( #9338 ) ) ;
#3442 = ORIENTED_EDGE ( 'NONE', *, *, #4712, .T. ) ;
#3443 = CARTESIAN_POINT ( 'NONE',  ( -0.3596152761805241904, 0.5400000000000000355, 0.2892988148748784072 ) ) ;
#3444 = STYLED_ITEM ( 'NONE', ( #5097 ), #2175 ) ;
#3445 = ORIENTED_EDGE ( 'NONE', *, *, #7453, .F. ) ;
#3446 =( NAMED_UNIT ( * ) PLANE_ANGLE_UNIT ( ) SI_UNIT ( $, .RADIAN. ) );
#3447 = CARTESIAN_POINT ( 'NONE',  ( 0.9000000000000001332, 0.05000000000000002359, 0.4999999999999995559 ) ) ;
#3448 = FILL_AREA_STYLE_COLOUR ( '', #2548 ) ;
#3449 = VECTOR ( 'NONE', #9926, 1000.000000000000000 ) ;
#3450 = ORIENTED_EDGE ( 'NONE', *, *, #4891, .T. ) ;
#3451 = DIRECTION ( 'NONE',  ( -0.8369330630277728167, 0.0000000000000000000, -0.5473052603538084426 ) ) ;
#3452 = EDGE_CURVE ( 'NONE', #9847, #6955, #6172, .T. ) ;
#3453 =( NAMED_UNIT ( * ) SI_UNIT ( $, .STERADIAN. ) SOLID_ANGLE_UNIT ( ) );
#3454 = VERTEX_POINT ( 'NONE', #1763 ) ;
#3455 =( NAMED_UNIT ( * ) PLANE_ANGLE_UNIT ( ) SI_UNIT ( $, .RADIAN. ) );
#3456 = PRESENTATION_LAYER_ASSIGNMENT (  '', '', ( #8940 ) ) ;
#3457 = EDGE_LOOP ( 'NONE', ( #2827, #5929, #3838, #826, #1175, #3541, #3133, #1961 ) ) ;
#3458 = PRESENTATION_LAYER_ASSIGNMENT (  '', '', ( #8511 ) ) ;
#3459 = B_SPLINE_CURVE_WITH_KNOTS ( 'NONE', 3,
 ( #3413, #3443, #9535, #8041, #5948, #2744, #8307, #7501, #2774, #406, #6014, #9801, #3741, #608, #9031, #4307, #374, #8881, #8819 ),
 .UNSPECIFIED., .F., .F.,
 ( 4, 1, 1, 1, 1, 1, 1, 1, 1, 1, 1, 1, 1, 1, 1, 1, 4 ),
 ( 0.0000000000000000000, 0.06598441069427887773, 0.1298376775260089155, 0.1923264853164005916, 0.2536425275300621673, 0.3149010679722001882, 0.3765395581448094386, 0.4394064860026818953, 0.5035731128955239777, 0.5677241768075022010, 0.6300096275864544015, 0.6913591876110215528, 0.7517408501832353318, 0.8122231072176319122, 0.8732972781823892250, 0.9357103752807189867, 1.000000000000000000 ),
 .UNSPECIFIED. ) ;
#3460 = FACE_OUTER_BOUND ( 'NONE', #1918, .T. ) ;
#3461 = SURFACE_STYLE_FILL_AREA ( #2370 ) ;
#3462 = ORIENTED_EDGE ( 'NONE', *, *, #300, .F. ) ;
#3463 = DIRECTION ( 'NONE',  ( 0.0000000000000000000, 1.000000000000000000, 0.0000000000000000000 ) ) ;
#3464 = UNCERTAINTY_MEASURE_WITH_UNIT (LENGTH_MEASURE( 1.000000000000000082E-05 ), #9401, 'distance_accuracy_value', 'NONE');
#3465 = CARTESIAN_POINT ( 'NONE',  ( -0.4644651805489576346, 0.5400000000000001465, 0.1697144091222473339 ) ) ;
#3466 = UNCERTAINTY_MEASURE_WITH_UNIT (LENGTH_MEASURE( 1.000000000000000082E-05 ), #6055, 'distance_accuracy_value', 'NONE');
#3467 = ORIENTED_EDGE ( 'NONE', *, *, #4320, .F. ) ;
#3468 = ADVANCED_FACE ( 'NONE', ( #8425 ), #6579, .T. ) ;
#3469 = VECTOR ( 'NONE', #3553, 1000.000000000000000 ) ;
#3470 =( NAMED_UNIT ( * ) PLANE_ANGLE_UNIT ( ) SI_UNIT ( $, .RADIAN. ) );
#3471 = FACE_OUTER_BOUND ( 'NONE', #4867, .T. ) ;
#3472 =( NAMED_UNIT ( * ) SI_UNIT ( $, .STERADIAN. ) SOLID_ANGLE_UNIT ( ) );
#3473 = ORIENTED_EDGE ( 'NONE', *, *, #9756, .F. ) ;
#3474 = DIRECTION ( 'NONE',  ( -0.7659313974733098496, 0.0000000000000000000, 0.6429223081870644174 ) ) ;
#3475 = DIRECTION ( 'NONE',  ( -0.0000000000000000000, -1.000000000000000000, -0.0000000000000000000 ) ) ;
#3476 = DIRECTION ( 'NONE',  ( 0.0000000000000000000, -0.0000000000000000000, 1.000000000000000000 ) ) ;
#3477 = MECHANICAL_DESIGN_GEOMETRIC_PRESENTATION_REPRESENTATION (  '', ( #4611 ), #3986 ) ;
#3478 = SURFACE_STYLE_FILL_AREA ( #8968 ) ;
#3479 = FILL_AREA_STYLE ('',( #5720 ) ) ;
#3480 = FILL_AREA_STYLE_COLOUR ( '', #4786 ) ;
#3481 = FILL_AREA_STYLE ('',( #2713 ) ) ;
#3482 = DIRECTION ( 'NONE',  ( 0.0000000000000000000, 1.000000000000000000, 0.0000000000000000000 ) ) ;
#3483 = PRESENTATION_STYLE_ASSIGNMENT (( #3998 ) ) ;
#3484 = CARTESIAN_POINT ( 'NONE',  ( 0.6062608576966119767, 0.5499999999999999334, 0.1404701700839223188 ) ) ;
#3485 = COLOUR_RGB ( '',0.6666666666666666297, 0.6941176470588235059, 0.7647058823529411242 ) ;
#3486 = SURFACE_SIDE_STYLE ('',( #9232 ) ) ;
#3487 = B_SPLINE_SURFACE_WITH_KNOTS ( 'NONE', 3, 1, ( 
 ( #1350, #5159 ),
 ( #2142, #6085 ),
 ( #1492, #715 ),
 ( #6860, #775 ),
 ( #1454, #7636 ),
 ( #5291, #671 ),
 ( #6899, #3012 ),
 ( #743, #2982 ),
 ( #2282, #8313 ),
 ( #6059, #3076 ),
 ( #7675, #3105 ) ),
 .UNSPECIFIED., .F., .F., .F.,
 ( 4, 1, 1, 1, 1, 1, 1, 1, 4 ),
 ( 2, 2 ),
 ( 0.0000000000000000000, 0.1287770352440083810, 0.2551818927067128207, 0.3801502058277865803, 0.5033630045969955669, 0.6268586451702856666, 0.7503101344280983520, 0.8744398126914169067, 1.000000000000000000 ),
 ( 0.0000000000000000000, 1.000000000000000000 ),
 .UNSPECIFIED. ) ;
#3488 = VERTEX_POINT ( 'NONE', #5127 ) ;
#3489 = FACE_OUTER_BOUND ( 'NONE', #3670, .T. ) ;
#3490 = LINE ( 'NONE', #3041, #9907 ) ;
#3491 = EDGE_CURVE ( 'NONE', #3384, #8334, #5887, .T. ) ;
#3492 = DIRECTION ( 'NONE',  ( 0.0000000000000000000, -0.0000000000000000000, 1.000000000000000000 ) ) ;
#3493 = EDGE_CURVE ( 'NONE', #3029, #9284, #8181, .T. ) ;
#3494 = ORIENTED_EDGE ( 'NONE', *, *, #1585, .F. ) ;
#3495 =( LENGTH_UNIT ( ) NAMED_UNIT ( * ) SI_UNIT ( .MILLI., .METRE. ) );
#3496 = UNCERTAINTY_MEASURE_WITH_UNIT (LENGTH_MEASURE( 1.000000000000000082E-05 ), #1635, 'distance_accuracy_value', 'NONE');
#3497 = DIRECTION ( 'NONE',  ( -0.0000000000000000000, 0.0000000000000000000, 1.000000000000000000 ) ) ;
#3498 = VERTEX_POINT ( 'NONE', #8955 ) ;
#3499 = CARTESIAN_POINT ( 'NONE',  ( 0.0000000000000000000, 0.5399999999999998135, 0.0000000000000000000 ) ) ;
#3500 = PRESENTATION_STYLE_ASSIGNMENT (( #5261 ) ) ;
#3501 = LINE ( 'NONE', #1151, #4102 ) ;
#3503 = PRESENTATION_STYLE_ASSIGNMENT (( #2459 ) ) ;
#3502 = CARTESIAN_POINT ( 'NONE',  ( 0.6000000000000004219, 0.04999999999999999584, 0.9099999999999996980 ) ) ;
#3504 = COLOUR_RGB ( '',1.000000000000000000, 1.000000000000000000, 1.000000000000000000 ) ;
#3505 = ORIENTED_EDGE ( 'NONE', *, *, #556, .T. ) ;
#3506 = PRESENTATION_LAYER_ASSIGNMENT (  '', '', ( #8930 ) ) ;
#3507 = DIRECTION ( 'NONE',  ( 0.0000000000000000000, -1.000000000000000000, 0.0000000000000000000 ) ) ;
#3508 = ORIENTED_EDGE ( 'NONE', *, *, #8683, .T. ) ;
#3509 = DIRECTION ( 'NONE',  ( -0.0000000000000000000, -1.000000000000000000, -0.0000000000000000000 ) ) ;
#3510 = ORIENTED_EDGE ( 'NONE', *, *, #9890, .F. ) ;
#3511 =( GEOMETRIC_REPRESENTATION_CONTEXT ( 3 ) GLOBAL_UNCERTAINTY_ASSIGNED_CONTEXT ( ( #5970 ) ) GLOBAL_UNIT_ASSIGNED_CONTEXT ( ( #1517, #5288, #712 ) ) REPRESENTATION_CONTEXT ( 'NONE', 'WORKASPACE' ) );
#3512 = EDGE_CURVE ( 'NONE', #8828, #5216, #2063, .T. ) ;
#3513 = DIRECTION ( 'NONE',  ( 0.0000000000000000000, 0.0000000000000000000, 1.000000000000000000 ) ) ;
#3514 = ORIENTED_EDGE ( 'NONE', *, *, #7977, .T. ) ;
#3515 = EDGE_CURVE ( 'NONE', #2789, #6893, #7459, .T. ) ;
#3516 = DIRECTION ( 'NONE',  ( 0.0000000000000000000, -1.000000000000000000, 0.0000000000000000000 ) ) ;
#3517 =( LENGTH_UNIT ( ) NAMED_UNIT ( * ) SI_UNIT ( .MILLI., .METRE. ) );
#3518 = MECHANICAL_DESIGN_GEOMETRIC_PRESENTATION_REPRESENTATION (  '', ( #7982 ), #5018 ) ;
#3519 = CARTESIAN_POINT ( 'NONE',  ( 0.3000000000000003775, 0.5500000000000000444, -1.300000000000000266 ) ) ;
#3520 = ADVANCED_FACE ( 'NONE', ( #2321 ), #5041, .F. ) ;
#3521 = ORIENTED_EDGE ( 'NONE', *, *, #5511, .T. ) ;
#3522 = PLANE ( 'NONE',  #6744 ) ;
#3523 = MECHANICAL_DESIGN_GEOMETRIC_PRESENTATION_REPRESENTATION (  '', ( #9319 ), #8299 ) ;
#3524 = PLANE ( 'NONE',  #9883 ) ;
#3525 = DIRECTION ( 'NONE',  ( -0.0000000000000000000, 1.000000000000000000, -0.0000000000000000000 ) ) ;
#3526 =( NAMED_UNIT ( * ) PLANE_ANGLE_UNIT ( ) SI_UNIT ( $, .RADIAN. ) );
#3527 = AXIS2_PLACEMENT_3D ( 'NONE', #372, #1183, #6646 ) ;
#3528 = ORIENTED_EDGE ( 'NONE', *, *, #9882, .F. ) ;
#3529 = DIRECTION ( 'NONE',  ( -0.0000000000000000000, -0.0000000000000000000, -1.000000000000000000 ) ) ;
#3530 = COLOUR_RGB ( '',0.6666666666666666297, 0.6941176470588235059, 0.7647058823529411242 ) ;
#3531 = B_SPLINE_CURVE_WITH_KNOTS ( 'NONE', 3,
 ( #2979, #6858, #1452, #7601, #3043, #7632, #8375, #9066, #3073, #4466, #6794 ),
 .UNSPECIFIED., .F., .F.,
 ( 4, 1, 1, 1, 1, 1, 1, 1, 4 ),
 ( 0.0000000000000000000, 0.1307076167532170707, 0.2570291278115441891, 0.3802316977119429842, 0.5012473315417580455, 0.6219529799761153166, 0.7443181763518821326, 0.8701288996743927751, 1.000000000000000000 ),
 .UNSPECIFIED. ) ;
#3532 = CARTESIAN_POINT ( 'NONE',  ( -0.4629350274458554626, 0.5499999999999994893, 0.1801440152173886811 ) ) ;
#3533 = ORIENTED_EDGE ( 'NONE', *, *, #3452, .F. ) ;
#3534 =( NAMED_UNIT ( * ) SI_UNIT ( $, .STERADIAN. ) SOLID_ANGLE_UNIT ( ) );
#3535 = CARTESIAN_POINT ( 'NONE',  ( -0.5208333333333334814, 0.5500000000000000444, 0.03299808320753071927 ) ) ;
#3536 =( NAMED_UNIT ( * ) SI_UNIT ( $, .STERADIAN. ) SOLID_ANGLE_UNIT ( ) );
#3537 = STYLED_ITEM ( 'NONE', ( #1081 ), #8059 ) ;
#3538 = EDGE_LOOP ( 'NONE', ( #6625, #4710, #2094, #8246 ) ) ;
#3539 = COLOUR_RGB ( '',0.2509803921568627416, 0.2509803921568627416, 0.2509803921568627416 ) ;
#3540 = CARTESIAN_POINT ( 'NONE',  ( 0.9000000000000001332, 0.5500000000000000444, 0.6999999999999996225 ) ) ;
#3541 = ORIENTED_EDGE ( 'NONE', *, *, #3119, .F. ) ;
#3542 = FILL_AREA_STYLE ('',( #2707 ) ) ;
#3543 = DIRECTION ( 'NONE',  ( -0.0000000000000000000, -1.000000000000000000, -0.0000000000000000000 ) ) ;
#3544 = CARTESIAN_POINT ( 'NONE',  ( 0.9100000000000002531, 0.0000000000000000000, 0.6999999999999997335 ) ) ;
#3545 = PRESENTATION_STYLE_ASSIGNMENT (( #1263 ) ) ;
#3546 = VECTOR ( 'NONE', #9027, 1000.000000000000000 ) ;
#3547 = DIRECTION ( 'NONE',  ( 0.0000000000000000000, -0.0000000000000000000, 1.000000000000000000 ) ) ;
#3548 =( GEOMETRIC_REPRESENTATION_CONTEXT ( 3 ) GLOBAL_UNCERTAINTY_ASSIGNED_CONTEXT ( ( #1433 ) ) GLOBAL_UNIT_ASSIGNED_CONTEXT ( ( #4071, #3966, #8495 ) ) REPRESENTATION_CONTEXT ( 'NONE', 'WORKASPACE' ) );
#3549 = SURFACE_STYLE_FILL_AREA ( #9301 ) ;
#3550 = ORIENTED_EDGE ( 'NONE', *, *, #4766, .T. ) ;
#3551 = DIRECTION ( 'NONE',  ( -0.0000000000000000000, 1.000000000000000000, -0.0000000000000000000 ) ) ;
#3552 =( NAMED_UNIT ( * ) SI_UNIT ( $, .STERADIAN. ) SOLID_ANGLE_UNIT ( ) );
#3553 = DIRECTION ( 'NONE',  ( -0.0000000000000000000, 1.000000000000000000, -0.0000000000000000000 ) ) ;
#3554 =( LENGTH_UNIT ( ) NAMED_UNIT ( * ) SI_UNIT ( .MILLI., .METRE. ) );
#3555 = EDGE_CURVE ( 'NONE', #8576, #5299, #7951, .T. ) ;
#3556 = SURFACE_SIDE_STYLE ('',( #8150 ) ) ;
#3557 = LINE ( 'NONE', #8069, #4736 ) ;
#3558 = ORIENTED_EDGE ( 'NONE', *, *, #2941, .F. ) ;
#3559 = COLOUR_RGB ( '',1.000000000000000000, 1.000000000000000000, 1.000000000000000000 ) ;
#3560 = ORIENTED_EDGE ( 'NONE', *, *, #9575, .F. ) ;
#3561 = CARTESIAN_POINT ( 'NONE',  ( 0.9100000000000002531, 0.1270000000000000018, 0.09999999999999950595 ) ) ;
#3562 = MECHANICAL_DESIGN_GEOMETRIC_PRESENTATION_REPRESENTATION (  '', ( #8284 ), #4695 ) ;
#3563 = ORIENTED_EDGE ( 'NONE', *, *, #8599, .F. ) ;
#3564 = DIRECTION ( 'NONE',  ( 0.0000000000000000000, -0.0000000000000000000, 1.000000000000000000 ) ) ;
#3565 = PRESENTATION_LAYER_ASSIGNMENT (  '', '', ( #8676 ) ) ;
#3566 = ADVANCED_FACE ( 'NONE', ( #4713 ), #9590, .T. ) ;
#3567 = ORIENTED_EDGE ( 'NONE', *, *, #8798, .F. ) ;
#3568 = VERTEX_POINT ( 'NONE', #2828 ) ;
#3569 = DIRECTION ( 'NONE',  ( 1.000000000000000000, 0.0000000000000000000, 0.0000000000000000000 ) ) ;
#3570 = EDGE_CURVE ( 'NONE', #8864, #7017, #5065, .T. ) ;
#3571 = EDGE_LOOP ( 'NONE', ( #2898, #5426, #9460, #4194 ) ) ;
#3572 = CARTESIAN_POINT ( 'NONE',  ( 0.1858974358974359864, 0.5400000000000000355, 0.2829980832075307262 ) ) ;
#3573 = VERTEX_POINT ( 'NONE', #2054 ) ;
#3574 = DIRECTION ( 'NONE',  ( -0.0000000000000000000, 1.000000000000000000, -0.0000000000000000000 ) ) ;
#3575 = EDGE_CURVE ( 'NONE', #7185, #8702, #2822, .T. ) ;
#3576 = B_SPLINE_SURFACE_WITH_KNOTS ( 'NONE', 3, 1, ( 
 ( #9131, #4557 ),
 ( #2208, #1375 ),
 ( #1514, #9062 ),
 ( #4591, #4527 ),
 ( #5348, #665 ),
 ( #6122, #2273 ),
 ( #8371, #5283 ),
 ( #6759, #9839 ),
 ( #9197, #2173 ),
 ( #9894, #6891 ),
 ( #3100, #3006 ),
 ( #2241, #3772 ),
 ( #8405, #8438 ),
 ( #3737, #9164 ),
 ( #1446, #9865 ),
 ( #9798, #5217 ),
 ( #6049, #1485 ),
 ( #6078, #5314 ),
 ( #3040, #606 ) ),
 .UNSPECIFIED., .F., .F., .F.,
 ( 4, 1, 1, 1, 1, 1, 1, 1, 1, 1, 1, 1, 1, 1, 1, 1, 4 ),
 ( 2, 2 ),
 ( 0.0000000000000000000, 0.06184170298390916087, 0.1212623730944464573, 0.1807459488653168078, 0.2392309018221056849, 0.2983075587884649327, 0.3581827976158479809, 0.4203592307800687045, 0.4847924155141846159, 0.5499384837666873027, 0.6137182775404277368, 0.6766807072496334730, 0.7391541704483175490, 0.8021997032403532790, 0.8667401776163007332, 0.9320496524002467309, 1.000000000000000000 ),
 ( 0.0000000000000000000, 1.000000000000000000 ),
 .UNSPECIFIED. ) ;
#3577 = UNCERTAINTY_MEASURE_WITH_UNIT (LENGTH_MEASURE( 1.000000000000000082E-05 ), #2693, 'distance_accuracy_value', 'NONE');
#3578 = VECTOR ( 'NONE', #7038, 1000.000000000000000 ) ;
#3579 = SURFACE_STYLE_USAGE ( .BOTH. , #7428 ) ;
#3580 = STYLED_ITEM ( 'NONE', ( #7026 ), #1977 ) ;
#3581 = CARTESIAN_POINT ( 'NONE',  ( -0.4504461510209261110, 0.5500000000000000444, 0.1049238324159554731 ) ) ;
#3582 = ORIENTED_EDGE ( 'NONE', *, *, #1923, .F. ) ;
#3583 =( GEOMETRIC_REPRESENTATION_CONTEXT ( 3 ) GLOBAL_UNCERTAINTY_ASSIGNED_CONTEXT ( ( #173 ) ) GLOBAL_UNIT_ASSIGNED_CONTEXT ( ( #3774, #9199, #3864 ) ) REPRESENTATION_CONTEXT ( 'NONE', 'WORKASPACE' ) );
#3584 = DIRECTION ( 'NONE',  ( 0.0000000000000000000, 0.0000000000000000000, -1.000000000000000000 ) ) ;
#3585 = FILL_AREA_STYLE_COLOUR ( '', #4465 ) ;
#3586 = CARTESIAN_POINT ( 'NONE',  ( -0.4999999999999995559, 0.1270000000000000018, 1.299999999999999600 ) ) ;
#3587 = DIRECTION ( 'NONE',  ( 0.0000000000000000000, 0.0000000000000000000, 1.000000000000000000 ) ) ;
#3588 = UNCERTAINTY_MEASURE_WITH_UNIT (LENGTH_MEASURE( 1.000000000000000082E-05 ), #9785, 'distance_accuracy_value', 'NONE');
#3589 =( NAMED_UNIT ( * ) PLANE_ANGLE_UNIT ( ) SI_UNIT ( $, .RADIAN. ) );
#3590 = B_SPLINE_SURFACE_WITH_KNOTS ( 'NONE', 3, 1, ( 
 ( #9218, #6373 ),
 ( #7881, #6303 ),
 ( #4132, #970 ),
 ( #7849, #8691 ),
 ( #4094, #9378 ),
 ( #1746, #9416 ),
 ( #8587, #7111 ),
 ( #4029, #4846 ),
 ( #7150, #3349 ),
 ( #135, #4817 ),
 ( #5527, #2551 ),
 ( #3287, #2510 ),
 ( #930, #3322 ),
 ( #169, #5559 ),
 ( #1707, #212 ),
 ( #8657, #6334 ),
 ( #7077, #5596 ),
 ( #2583, #7922 ),
 ( #9345, #97 ),
 ( #4015, #4733 ),
 ( #7840, #6290 ),
 ( #8542, #3280 ),
 ( #5519, #159 ),
 ( #6326, #4053 ),
 ( #3313, #1664 ),
 ( #125, #3979 ),
 ( #1734, #3175 ) ),
 .UNSPECIFIED., .F., .F., .F.,
 ( 4, 1, 1, 1, 1, 1, 1, 1, 1, 1, 1, 1, 1, 1, 1, 1, 1, 1, 1, 1, 1, 1, 1, 1, 4 ),
 ( 2, 2 ),
 ( 0.0000000000000000000, 0.04221689380165810634, 0.08432534699000990286, 0.1258559105936463141, 0.1673077630956336659, 0.2088592911446253697, 0.2506876061395492683, 0.2928477325013350563, 0.3357450514592585922, 0.3783592435927324860, 0.4201865175514314377, 0.4615742413042141501, 0.5025272668889489980, 0.5432232369154770257, 0.5842591139918683618, 0.6252227709273665557, 0.6664840488718750677, 0.7078180804198863640, 0.7488762351019671026, 0.7898749559354324434, 0.8308609297313317432, 0.8723789095864913357, 0.9142009779753628163, 0.9566031247605727428, 1.000000000000000000 ),
 ( 0.0000000000000000000, 1.000000000000000000 ),
 .UNSPECIFIED. ) ;
#3591 =( NAMED_UNIT ( * ) PLANE_ANGLE_UNIT ( ) SI_UNIT ( $, .RADIAN. ) );
#3592 = COLOUR_RGB ( '',1.000000000000000000, 1.000000000000000000, 1.000000000000000000 ) ;
#3593 = PRESENTATION_STYLE_ASSIGNMENT (( #8201 ) ) ;
#3594 = CARTESIAN_POINT ( 'NONE',  ( -0.9100000000000002531, 0.0000000000000000000, 0.09999999999999950595 ) ) ;
#3595 = EDGE_LOOP ( 'NONE', ( #5368, #9812, #3797, #2219 ) ) ;
#3596 = CARTESIAN_POINT ( 'NONE',  ( 0.6099999999999998757, 0.04999999999999999584, 0.2999999999999997113 ) ) ;
#3597 = VECTOR ( 'NONE', #5700, 1000.000000000000000 ) ;
#3598 =( NAMED_UNIT ( * ) PLANE_ANGLE_UNIT ( ) SI_UNIT ( $, .RADIAN. ) );
#3599 = CARTESIAN_POINT ( 'NONE',  ( 0.3000000000000003775, 0.1270000000000000018, 1.309999999999999387 ) ) ;
#3601 =( LENGTH_UNIT ( ) NAMED_UNIT ( * ) SI_UNIT ( .MILLI., .METRE. ) );
#3600 = VECTOR ( 'NONE', #7203, 1000.000000000000000 ) ;
#3602 = MECHANICAL_DESIGN_GEOMETRIC_PRESENTATION_REPRESENTATION (  '', ( #4305 ), #4814 ) ;
#3603 = PLANE ( 'NONE',  #4716 ) ;
#3604 = COLOUR_RGB ( '',1.000000000000000000, 1.000000000000000000, 1.000000000000000000 ) ;
#3605 = CARTESIAN_POINT ( 'NONE',  ( -0.3517441639106456130, 0.5399999999999999245, 0.2637392874953461419 ) ) ;
#3606 = VECTOR ( 'NONE', #630, 1000.000000000000000 ) ;
#3607 = EDGE_LOOP ( 'NONE', ( #1476, #9909, #3621, #3434, #4054, #7379, #6964, #9249 ) ) ;
#3608 = CARTESIAN_POINT ( 'NONE',  ( -0.3821649149932537237, 0.5500000000000000444, 0.02894201112869764989 ) ) ;
#3609 = DIRECTION ( 'NONE',  ( -0.0000000000000000000, 1.000000000000000000, -0.0000000000000000000 ) ) ;
#3610 = ADVANCED_FACE ( 'NONE', ( #4943 ), #8356, .F. ) ;
#3611 = DIRECTION ( 'NONE',  ( -0.0000000000000000000, -1.000000000000000000, -0.0000000000000000000 ) ) ;
#3612 = LINE ( 'NONE', #6220, #5483 ) ;
#3613 = VERTEX_POINT ( 'NONE', #5957 ) ;
#3614 = CARTESIAN_POINT ( 'NONE',  ( 0.3000000000000003775, 0.0000000000000000000, -1.309999999999999387 ) ) ;
#3615 = CARTESIAN_POINT ( 'NONE',  ( -0.5999999999999995337, 0.04999999999999999584, 0.9099999999999999201 ) ) ;
#3616 = VECTOR ( 'NONE', #6226, 1000.000000000000000 ) ;
#3617 = PRESENTATION_STYLE_ASSIGNMENT (( #7462 ) ) ;
#3618 = FACE_OUTER_BOUND ( 'NONE', #5493, .T. ) ;
#3619 = FACE_OUTER_BOUND ( 'NONE', #7271, .T. ) ;
#3620 = SURFACE_STYLE_USAGE ( .BOTH. , #3556 ) ;
#3621 = ORIENTED_EDGE ( 'NONE', *, *, #5645, .T. ) ;
#3622 = DIRECTION ( 'NONE',  ( -0.0000000000000000000, -1.000000000000000000, -0.0000000000000000000 ) ) ;
#3623 = ORIENTED_EDGE ( 'NONE', *, *, #5568, .F. ) ;
#3624 = ORIENTED_EDGE ( 'NONE', *, *, #5525, .F. ) ;
#3625 = ORIENTED_EDGE ( 'NONE', *, *, #8279, .F. ) ;
#3626 = EDGE_CURVE ( 'NONE', #9684, #5625, #1201, .T. ) ;
#3627 = PRESENTATION_STYLE_ASSIGNMENT (( #7509 ) ) ;
#3628 = EDGE_CURVE ( 'NONE', #3883, #4100, #6378, .T. ) ;
#3629 = ORIENTED_EDGE ( 'NONE', *, *, #3491, .F. ) ;
#3630 = SURFACE_SIDE_STYLE ('',( #1574 ) ) ;
#3631 = DIRECTION ( 'NONE',  ( -0.0000000000000000000, 0.0000000000000000000, -1.000000000000000000 ) ) ;
#3632 = VECTOR ( 'NONE', #9442, 1000.000000000000000 ) ;
#3633 = MECHANICAL_DESIGN_GEOMETRIC_PRESENTATION_REPRESENTATION (  '', ( #8744 ), #3819 ) ;
#3634 = ORIENTED_EDGE ( 'NONE', *, *, #2941, .T. ) ;
#3635 = CARTESIAN_POINT ( 'NONE',  ( -0.2610152076608495131, 0.5500000000000000444, 0.1044672426751594302 ) ) ;
#3636 =( GEOMETRIC_REPRESENTATION_CONTEXT ( 3 ) GLOBAL_UNCERTAINTY_ASSIGNED_CONTEXT ( ( #5819 ) ) GLOBAL_UNIT_ASSIGNED_CONTEXT ( ( #4143, #1014, #3404 ) ) REPRESENTATION_CONTEXT ( 'NONE', 'WORKASPACE' ) );
#3637 = LINE ( 'NONE', #9417, #2682 ) ;
#3638 = VECTOR ( 'NONE', #4363, 1000.000000000000000 ) ;
#3639 = CARTESIAN_POINT ( 'NONE',  ( 0.1858974358974359864, 0.5400000000000000355, 0.2829980832075307262 ) ) ;
#3640 = MECHANICAL_DESIGN_GEOMETRIC_PRESENTATION_REPRESENTATION (  '', ( #6367 ), #4962 ) ;
#3641 = EDGE_LOOP ( 'NONE', ( #6138, #5635, #9630, #2466, #9289, #4914, #7209, #3157, #8918, #145 ) ) ;
#3642 = EDGE_CURVE ( 'NONE', #7855, #9508, #235, .T. ) ;
#3643 = SURFACE_STYLE_USAGE ( .BOTH. , #6757 ) ;
#3644 = FILL_AREA_STYLE ('',( #8264 ) ) ;
#3645 = CARTESIAN_POINT ( 'NONE',  ( -0.3908161283656435003, 0.5500000000000001554, 0.05771539358814824910 ) ) ;
#3646 =( GEOMETRIC_REPRESENTATION_CONTEXT ( 3 ) GLOBAL_UNCERTAINTY_ASSIGNED_CONTEXT ( ( #6672 ) ) GLOBAL_UNIT_ASSIGNED_CONTEXT ( ( #8988, #1968, #8926 ) ) REPRESENTATION_CONTEXT ( 'NONE', 'WORKASPACE' ) );
#3647 = VECTOR ( 'NONE', #6909, 1000.000000000000227 ) ;
#3648 = CARTESIAN_POINT ( 'NONE',  ( -0.9000000000000000222, 0.5500000000000000444, -0.5000000000000002220 ) ) ;
#3649 = STYLED_ITEM ( 'NONE', ( #3438 ), #7216 ) ;
#3650 = DIRECTION ( 'NONE',  ( 1.000000000000000000, -0.0000000000000000000, 0.0000000000000000000 ) ) ;
#3651 =( NAMED_UNIT ( * ) PLANE_ANGLE_UNIT ( ) SI_UNIT ( $, .RADIAN. ) );
#3652 = CARTESIAN_POINT ( 'NONE',  ( -0.5999999999999995337, 0.1270000000000000018, 0.9099999999999999201 ) ) ;
#3653 = FILL_AREA_STYLE_COLOUR ( '', #6353 ) ;
#3654 = SURFACE_SIDE_STYLE ('',( #7037 ) ) ;
#3655 = LINE ( 'NONE', #5114, #9361 ) ;
#3656 = ORIENTED_EDGE ( 'NONE', *, *, #5882, .F. ) ;
#3657 = CARTESIAN_POINT ( 'NONE',  ( 0.3960837339743593644, 0.5400000000000000355, 0.03299808320753071927 ) ) ;
#3658 = ADVANCED_FACE ( 'NONE', ( #6133 ), #7485, .T. ) ;
#3659 = VECTOR ( 'NONE', #15, 1000.000000000000000 ) ;
#3660 = ORIENTED_EDGE ( 'NONE', *, *, #8210, .F. ) ;
#3661 = PLANE ( 'NONE',  #1908 ) ;
#3662 = CARTESIAN_POINT ( 'NONE',  ( -0.5176282051282052876, 0.5400000000000000355, 0.2829980832075307262 ) ) ;
#3663 = AXIS2_PLACEMENT_3D ( 'NONE', #8701, #5671, #7931 ) ;
#3664 = CARTESIAN_POINT ( 'NONE',  ( 0.2000000000000004274, 0.1270000000000000018, 1.009999999999999565 ) ) ;
#3665 = CARTESIAN_POINT ( 'NONE',  ( 0.9100000000000002531, 0.1270000000000000018, 0.2999999999999997113 ) ) ;
#3666 = CARTESIAN_POINT ( 'NONE',  ( 0.9100000000000002531, 0.1270000000000000018, -0.7000000000000005107 ) ) ;
#3667 = PRODUCT_DEFINITION ( 'UNKNOWN', '', #204, #6717 ) ;
#3668 = ORIENTED_EDGE ( 'NONE', *, *, #5118, .T. ) ;
#3669 = PLANE ( 'NONE',  #6905 ) ;
#3670 = EDGE_LOOP ( 'NONE', ( #852, #3401, #9228, #4181 ) ) ;
#3671 = FILL_AREA_STYLE ('',( #6008 ) ) ;
#3672 = CARTESIAN_POINT ( 'NONE',  ( -0.3466554596789258036, 0.5400000000000000355, 0.2636838530944819459 ) ) ;
#3673 = ORIENTED_EDGE ( 'NONE', *, *, #2931, .T. ) ;
#3674 = DIRECTION ( 'NONE',  ( 1.000000000000000000, 0.0000000000000000000, -0.0000000000000000000 ) ) ;
#3675 = CARTESIAN_POINT ( 'NONE',  ( -0.4491374902305169670, 0.5499999999999998224, 0.06463066375149946474 ) ) ;
#3676 = CARTESIAN_POINT ( 'NONE',  ( -0.2247155022939579527, 0.5499999999999999334, 0.1723335208761968274 ) ) ;
#3677 = PLANE ( 'NONE',  #3374 ) ;
#3678 = DIRECTION ( 'NONE',  ( -0.0000000000000000000, -1.000000000000000000, -0.0000000000000000000 ) ) ;
#3679 = CARTESIAN_POINT ( 'NONE',  ( -0.1506410256410256887, 0.5400000000000000355, 0.05863910884855633859 ) ) ;
#3680 = ORIENTED_EDGE ( 'NONE', *, *, #5118, .F. ) ;
#3681 = EDGE_CURVE ( 'NONE', #9602, #7993, #5877, .T. ) ;
#3682 =( LENGTH_UNIT ( ) NAMED_UNIT ( * ) SI_UNIT ( .MILLI., .METRE. ) );
#3683 = VERTEX_POINT ( 'NONE', #6742 ) ;
#3684 = LINE ( 'NONE', #9562, #8446 ) ;
#3685 = CARTESIAN_POINT ( 'NONE',  ( -0.2647371867755042296, 0.5400000000000000355, 0.09867858805755611029 ) ) ;
#3686 = STYLED_ITEM ( 'NONE', ( #9469 ), #4944 ) ;
#3687 = VERTEX_POINT ( 'NONE', #9082 ) ;
#3688 = DIRECTION ( 'NONE',  ( -1.000000000000000000, 0.0000000000000000000, 0.0000000000000000000 ) ) ;
#3689 = ORIENTED_EDGE ( 'NONE', *, *, #1876, .F. ) ;
#3690 = FILL_AREA_STYLE ('',( #9824 ) ) ;
#3691 = PRESENTATION_STYLE_ASSIGNMENT (( #5898 ) ) ;
#3692 = PRESENTATION_LAYER_ASSIGNMENT (  '', '', ( #2995 ) ) ;
#3693 = CARTESIAN_POINT ( 'NONE',  ( 0.5000000000000004441, 0.0000000000000000000, -1.309999999999999387 ) ) ;
#3694 = UNCERTAINTY_MEASURE_WITH_UNIT (LENGTH_MEASURE( 1.000000000000000082E-05 ), #4038, 'distance_accuracy_value', 'NONE');
#3695 = EDGE_CURVE ( 'NONE', #9141, #2542, #9604, .T. ) ;
#3696 = LINE ( 'NONE', #7752, #2860 ) ;
#3697 = CARTESIAN_POINT ( 'NONE',  ( 0.6237980769230773159, 0.5499999999999999334, 0.2894083396177871137 ) ) ;
#3698 = DIRECTION ( 'NONE',  ( -1.000000000000000000, 0.0000000000000000000, 0.0000000000000000000 ) ) ;
#3699 = DIRECTION ( 'NONE',  ( 0.0000000000000000000, -1.000000000000000000, 0.0000000000000000000 ) ) ;
#3700 = EDGE_CURVE ( 'NONE', #8873, #5767, #359, .T. ) ;
#3701 = ORIENTED_EDGE ( 'NONE', *, *, #9058, .T. ) ;
#3702 = PRESENTATION_LAYER_ASSIGNMENT (  '', '', ( #4523 ) ) ;
#3703 = DIRECTION ( 'NONE',  ( 3.614007241618349264E-16, 0.0000000000000000000, -1.000000000000000000 ) ) ;
#3704 = CARTESIAN_POINT ( 'NONE',  ( 0.6100000000000003197, 0.0000000000000000000, 0.5999999999999996447 ) ) ;
#3705 = STYLED_ITEM ( 'NONE', ( #4678 ), #2714 ) ;
#3706 = SURFACE_STYLE_USAGE ( .BOTH. , #5976 ) ;
#3707 = CARTESIAN_POINT ( 'NONE',  ( -0.3840387861045065354, 0.5400000000000000355, 0.05571395840917784531 ) ) ;
#3708 = CARTESIAN_POINT ( 'NONE',  ( -0.2345465727802790445, 0.5400000000000001465, 0.2114215578298661857 ) ) ;
#3709 = ADVANCED_FACE ( 'NONE', ( #4012 ), #3661, .T. ) ;
#3710 = CARTESIAN_POINT ( 'NONE',  ( 0.3000000000000003775, 0.5500000000000000444, 1.299999999999999600 ) ) ;
#3711 = CARTESIAN_POINT ( 'NONE',  ( 0.6701949191941901640, 0.5500000000000001554, 0.1864981238332163727 ) ) ;
#3712 =( NAMED_UNIT ( * ) PLANE_ANGLE_UNIT ( ) SI_UNIT ( $, .RADIAN. ) );
#3713 = DIRECTION ( 'NONE',  ( -0.0000000000000000000, 1.000000000000000000, -0.0000000000000000000 ) ) ;
#3714 = VECTOR ( 'NONE', #4276, 1000.000000000000114 ) ;
#3715 =( NAMED_UNIT ( * ) SI_UNIT ( $, .STERADIAN. ) SOLID_ANGLE_UNIT ( ) );
#3716 = STYLED_ITEM ( 'NONE', ( #3053 ), #828 ) ;
#3717 = CARTESIAN_POINT ( 'NONE',  ( -0.4579618483150065256, 0.5500000000000002665, 0.2417658528313244570 ) ) ;
#3718 = VECTOR ( 'NONE', #5704, 1000.000000000000000 ) ;
#3719 = VECTOR ( 'NONE', #5885, 1000.000000000000000 ) ;
#3720 = AXIS2_PLACEMENT_3D ( 'NONE', #271, #7283, #1808 ) ;
#3721 = CARTESIAN_POINT ( 'NONE',  ( -0.2949760420055269616, 0.5499999999999994893, 0.07010261141883536440 ) ) ;
#3722 =( NAMED_UNIT ( * ) SI_UNIT ( $, .STERADIAN. ) SOLID_ANGLE_UNIT ( ) );
#3723 = FACE_OUTER_BOUND ( 'NONE', #93, .T. ) ;
#3724 = DIRECTION ( 'NONE',  ( 0.4966865118376849186, 0.0000000000000000000, -0.8679300138597081382 ) ) ;
#3725 = ORIENTED_EDGE ( 'NONE', *, *, #3736, .T. ) ;
#3726 = COLOUR_RGB ( '',1.000000000000000000, 1.000000000000000000, 1.000000000000000000 ) ;
#3727 = CARTESIAN_POINT ( 'NONE',  ( -0.6999999999999994005, 0.05000000000000000278, -1.009999999999999565 ) ) ;
#3728 = DIRECTION ( 'NONE',  ( -0.0000000000000000000, -0.0000000000000000000, -1.000000000000000000 ) ) ;
#3729 = ORIENTED_EDGE ( 'NONE', *, *, #8822, .T. ) ;
#3730 =( GEOMETRIC_REPRESENTATION_CONTEXT ( 3 ) GLOBAL_UNCERTAINTY_ASSIGNED_CONTEXT ( ( #257 ) ) GLOBAL_UNIT_ASSIGNED_CONTEXT ( ( #3682, #7476, #8240 ) ) REPRESENTATION_CONTEXT ( 'NONE', 'WORKASPACE' ) );
#3731 = DIRECTION ( 'NONE',  ( 0.0000000000000000000, 0.0000000000000000000, -1.000000000000000000 ) ) ;
#3732 = ORIENTED_EDGE ( 'NONE', *, *, #1398, .T. ) ;
#3733 = DIRECTION ( 'NONE',  ( -0.0000000000000000000, -1.000000000000000000, -0.0000000000000000000 ) ) ;
#3734 =( LENGTH_UNIT ( ) NAMED_UNIT ( * ) SI_UNIT ( .MILLI., .METRE. ) );
#3735 = LINE ( 'NONE', #85, #9466 ) ;
#3736 = EDGE_CURVE ( 'NONE', #8838, #5625, #6611, .T. ) ;
#3737 = CARTESIAN_POINT ( 'NONE',  ( 0.6040586233842186736, 0.5400000000000000355, 0.2601784906336003789 ) ) ;
#3738 = VERTEX_POINT ( 'NONE', #6809 ) ;
#3739 =( NAMED_UNIT ( * ) SI_UNIT ( $, .STERADIAN. ) SOLID_ANGLE_UNIT ( ) );
#3740 = VECTOR ( 'NONE', #4952, 1000.000000000000000 ) ;
#3741 = CARTESIAN_POINT ( 'NONE',  ( -0.4724255079586302530, 0.5400000000000002576, 0.2206152815422951219 ) ) ;
#3742 = ORIENTED_EDGE ( 'NONE', *, *, #1383, .T. ) ;
#3743 = CARTESIAN_POINT ( 'NONE',  ( 0.7000000000000002887, 0.5500000000000000444, -1.300000000000000266 ) ) ;
#3744 = ORIENTED_EDGE ( 'NONE', *, *, #6289, .T. ) ;
#3745 = CARTESIAN_POINT ( 'NONE',  ( 0.6785594201622626720, 0.5400000000000001465, 0.2240718034955502813 ) ) ;
#3746 = LINE ( 'NONE', #6265, #2160 ) ;
#3747 = VERTEX_POINT ( 'NONE', #6171 ) ;
#3748 = CARTESIAN_POINT ( 'NONE',  ( -0.3543169070512820484, 0.5400000000000000355, 0.2637673139767615083 ) ) ;
#3749 =( GEOMETRIC_REPRESENTATION_CONTEXT ( 3 ) GLOBAL_UNCERTAINTY_ASSIGNED_CONTEXT ( ( #134 ) ) GLOBAL_UNIT_ASSIGNED_CONTEXT ( ( #2132, #1405, #7492 ) ) REPRESENTATION_CONTEXT ( 'NONE', 'WORKASPACE' ) );
#3750 = ORIENTED_EDGE ( 'NONE', *, *, #696, .F. ) ;
#3751 = DIRECTION ( 'NONE',  ( -0.0000000000000000000, -1.000000000000000000, -0.0000000000000000000 ) ) ;
#3752 = EDGE_CURVE ( 'NONE', #724, #9397, #7942, .T. ) ;
#3753 = CARTESIAN_POINT ( 'NONE',  ( -0.3143518769535626478, 0.5399999999999999245, 0.06018160327596734638 ) ) ;
#3754 = FACE_OUTER_BOUND ( 'NONE', #7507, .T. ) ;
#3755 = ORIENTED_EDGE ( 'NONE', *, *, #151, .F. ) ;
#3756 =( NAMED_UNIT ( * ) PLANE_ANGLE_UNIT ( ) SI_UNIT ( $, .RADIAN. ) );
#3757 = PRESENTATION_STYLE_ASSIGNMENT (( #2816 ) ) ;
#3758 = EDGE_CURVE ( 'NONE', #6783, #4112, #2307, .T. ) ;
#3759 = PRESENTATION_LAYER_ASSIGNMENT (  '', '', ( #2549 ) ) ;
#3760 = CARTESIAN_POINT ( 'NONE',  ( 0.6342104499429004338, 0.5400000000000001465, 0.2890350391076003667 ) ) ;
#3761 = UNCERTAINTY_MEASURE_WITH_UNIT (LENGTH_MEASURE( 1.000000000000000082E-05 ), #2753, 'distance_accuracy_value', 'NONE');
#3762 = AXIS2_PLACEMENT_3D ( 'NONE', #4082, #8574, #4730 ) ;
#3763 = FILL_AREA_STYLE_COLOUR ( '', #1780 ) ;
#3764 = ORIENTED_EDGE ( 'NONE', *, *, #7284, .F. ) ;
#3765 = CARTESIAN_POINT ( 'NONE',  ( -0.2600066391765132323, 0.5400000000000000355, 0.2102292479197334363 ) ) ;
#3766 = VECTOR ( 'NONE', #7584, 1000.000000000000000 ) ;
#3767 = CARTESIAN_POINT ( 'NONE',  ( 0.2000000000000004274, 0.1270000000000000018, 1.009999999999999565 ) ) ;
#3768 = EDGE_CURVE ( 'NONE', #6521, #523, #1088, .T. ) ;
#3769 =( NAMED_UNIT ( * ) PLANE_ANGLE_UNIT ( ) SI_UNIT ( $, .RADIAN. ) );
#3770 = DIRECTION ( 'NONE',  ( 0.5473879298857832199, 0.0000000000000000000, -0.8368789961609485184 ) ) ;
#3771 = VERTEX_POINT ( 'NONE', #6139 ) ;
#3772 = CARTESIAN_POINT ( 'NONE',  ( 0.5947920961033511533, 0.5500000000000000444, 0.2556572569896251590 ) ) ;
#3773 =( GEOMETRIC_REPRESENTATION_CONTEXT ( 3 ) GLOBAL_UNCERTAINTY_ASSIGNED_CONTEXT ( ( #7609 ) ) GLOBAL_UNIT_ASSIGNED_CONTEXT ( ( #2766, #8088, #3536 ) ) REPRESENTATION_CONTEXT ( 'NONE', 'WORKASPACE' ) );
#3774 =( LENGTH_UNIT ( ) NAMED_UNIT ( * ) SI_UNIT ( .MILLI., .METRE. ) );
#3775 = DIRECTION ( 'NONE',  ( 1.084202172485503842E-15, 0.0000000000000000000, 1.000000000000000000 ) ) ;
#3776 = ORIENTED_EDGE ( 'NONE', *, *, #2807, .F. ) ;
#3777 = FILL_AREA_STYLE ('',( #2244 ) ) ;
#3778 = DIRECTION ( 'NONE',  ( 0.0000000000000000000, 0.0000000000000000000, 1.000000000000000000 ) ) ;
#3779 = SURFACE_STYLE_FILL_AREA ( #5096 ) ;
#3780 = CARTESIAN_POINT ( 'NONE',  ( 0.6673038874701531231, 0.5500000000000000444, 0.2456409262948136829 ) ) ;
#3781 = CARTESIAN_POINT ( 'NONE',  ( 0.5482096259844424502, 0.5500000000000001554, 0.2166497080338448955 ) ) ;
#3782 = CARTESIAN_POINT ( 'NONE',  ( 0.5706753470443219900, 0.5499999999999999334, 0.2091454211867341817 ) ) ;
#3783 = LINE ( 'NONE', #6142, #8430 ) ;
#3784 = CIRCLE ( 'NONE', #5151, 0.1000000000000000472 ) ;
#3785 = VECTOR ( 'NONE', #136, 1000.000000000000000 ) ;
#3786 = ORIENTED_EDGE ( 'NONE', *, *, #38, .T. ) ;
#3787 = CARTESIAN_POINT ( 'NONE',  ( -0.4288735073964305422, 0.5500000000000001554, 0.2681009171543841108 ) ) ;
#3788 = CARTESIAN_POINT ( 'NONE',  ( -0.3417550019010083262, 0.5400000000000001465, 0.05307523055677350332 ) ) ;
#3789 = CARTESIAN_POINT ( 'NONE',  ( -0.4646615420743495095, 0.5400000000000001465, 0.1516878422875881371 ) ) ;
#3790 = FACE_OUTER_BOUND ( 'NONE', #7544, .T. ) ;
#3791 = CARTESIAN_POINT ( 'NONE',  ( -0.5999999999999995337, 0.0000000000000000000, -1.009999999999999787 ) ) ;
#3792 =( GEOMETRIC_REPRESENTATION_CONTEXT ( 3 ) GLOBAL_UNCERTAINTY_ASSIGNED_CONTEXT ( ( #7108 ) ) GLOBAL_UNIT_ASSIGNED_CONTEXT ( ( #6976, #3055, #9933 ) ) REPRESENTATION_CONTEXT ( 'NONE', 'WORKASPACE' ) );
#3793 = ORIENTED_EDGE ( 'NONE', *, *, #9700, .T. ) ;
#3794 =( NAMED_UNIT ( * ) SI_UNIT ( $, .STERADIAN. ) SOLID_ANGLE_UNIT ( ) );
#3795 = UNCERTAINTY_MEASURE_WITH_UNIT (LENGTH_MEASURE( 1.000000000000000082E-05 ), #6028, 'distance_accuracy_value', 'NONE');
#3796 = LINE ( 'NONE', #3710, #8330 ) ;
#3797 = ORIENTED_EDGE ( 'NONE', *, *, #3067, .F. ) ;
#3798 =( NAMED_UNIT ( * ) PLANE_ANGLE_UNIT ( ) SI_UNIT ( $, .RADIAN. ) );
#3799 = CARTESIAN_POINT ( 'NONE',  ( -0.2720270742808624242, 0.5400000000000000355, 0.05567588741738955377 ) ) ;
#3800 = ORIENTED_EDGE ( 'NONE', *, *, #9875, .F. ) ;
#3801 =( NAMED_UNIT ( * ) SI_UNIT ( $, .STERADIAN. ) SOLID_ANGLE_UNIT ( ) );
#3802 = ORIENTED_EDGE ( 'NONE', *, *, #6863, .T. ) ;
#3803 = CARTESIAN_POINT ( 'NONE',  ( -0.006410256410256351053, 0.5400000000000000355, 0.2829980832075307262 ) ) ;
#3804 = LINE ( 'NONE', #3085, #7746 ) ;
#3805 = LINE ( 'NONE', #9593, #904 ) ;
#3806 = CARTESIAN_POINT ( 'NONE',  ( 0.6459418314695944963, 0.5399999999999998135, 0.2601791353845584465 ) ) ;
#3807 =( NAMED_UNIT ( * ) PLANE_ANGLE_UNIT ( ) SI_UNIT ( $, .RADIAN. ) );
#3808 = EDGE_CURVE ( 'NONE', #2969, #1224, #8406, .T. ) ;
#3809 = EDGE_CURVE ( 'NONE', #2085, #2748, #8781, .T. ) ;
#3810 = SURFACE_SIDE_STYLE ('',( #9652 ) ) ;
#3811 = ORIENTED_EDGE ( 'NONE', *, *, #8798, .T. ) ;
#3812 = LINE ( 'NONE', #958, #5583 ) ;
#3813 = FILL_AREA_STYLE ('',( #6805 ) ) ;
#3814 = COLOUR_RGB ( '',1.000000000000000000, 1.000000000000000000, 1.000000000000000000 ) ;
#3815 = FILL_AREA_STYLE ('',( #6165 ) ) ;
#3816 = ADVANCED_FACE ( 'NONE', ( #7809 ), #5303, .T. ) ;
#3817 = CARTESIAN_POINT ( 'NONE',  ( -0.2688802061667489030, 0.5400000000000000355, 0.09317898017535029831 ) ) ;
#3819 =( GEOMETRIC_REPRESENTATION_CONTEXT ( 3 ) GLOBAL_UNCERTAINTY_ASSIGNED_CONTEXT ( ( #7845 ) ) GLOBAL_UNIT_ASSIGNED_CONTEXT ( ( #4101, #7258, #2655 ) ) REPRESENTATION_CONTEXT ( 'NONE', 'WORKASPACE' ) );
#3818 = FACE_OUTER_BOUND ( 'NONE', #3080, .T. ) ;
#3820 = DIRECTION ( 'NONE',  ( -0.5391904756110242891, 0.0000000000000000000, -0.8421838463247542927 ) ) ;
#3821 = PRESENTATION_LAYER_ASSIGNMENT (  '', '', ( #4019 ) ) ;
#3822 = FILL_AREA_STYLE ('',( #7687 ) ) ;
#3823 =( GEOMETRIC_REPRESENTATION_CONTEXT ( 3 ) GLOBAL_UNCERTAINTY_ASSIGNED_CONTEXT ( ( #8506 ) ) GLOBAL_UNIT_ASSIGNED_CONTEXT ( ( #3275, #6153, #2355 ) ) REPRESENTATION_CONTEXT ( 'NONE', 'WORKASPACE' ) );
#3824 = EDGE_CURVE ( 'NONE', #1535, #9095, #8531, .T. ) ;
#3825 = FILL_AREA_STYLE_COLOUR ( '', #9531 ) ;
#3826 =( NAMED_UNIT ( * ) SI_UNIT ( $, .STERADIAN. ) SOLID_ANGLE_UNIT ( ) );
#3827 = CARTESIAN_POINT ( 'NONE',  ( -0.4999999999999995559, 0.1270000000000000018, 1.309999999999999609 ) ) ;
#3828 = MECHANICAL_DESIGN_GEOMETRIC_PRESENTATION_REPRESENTATION (  '', ( #2756 ), #5342 ) ;
#3829 = PRESENTATION_LAYER_ASSIGNMENT (  '', '', ( #7784 ) ) ;
#3830 = CARTESIAN_POINT ( 'NONE',  ( -0.9000000000000002442, 0.05000000000000000278, -1.300000000000000266 ) ) ;
#3831 = VECTOR ( 'NONE', #1975, 1000.000000000000000 ) ;
#3832 = CARTESIAN_POINT ( 'NONE',  ( 0.6733010669068107967, 0.5500000000000001554, 0.2375749535980950511 ) ) ;
#3833 = SURFACE_STYLE_FILL_AREA ( #5670 ) ;
#3834 = CARTESIAN_POINT ( 'NONE',  ( -0.3514724472204139860, 0.5399999999999999245, 0.02669680166717967179 ) ) ;
#3835 = CARTESIAN_POINT ( 'NONE',  ( 0.0000000000000000000, 0.05000000000000000278, 0.6999999999999997335 ) ) ;
#3836 = CARTESIAN_POINT ( 'NONE',  ( -0.5999999999999995337, 0.04999999999999999584, 1.009999999999999787 ) ) ;
#3837 = CARTESIAN_POINT ( 'NONE',  ( -0.2469017896530726341, 0.5399999999999999245, 0.1614093997372331446 ) ) ;
#3838 = ORIENTED_EDGE ( 'NONE', *, *, #4830, .F. ) ;
#3839 = CARTESIAN_POINT ( 'NONE',  ( -0.4870695118892058306, 0.5500000000000002665, 0.1635303335467292174 ) ) ;
#3840 = VERTEX_POINT ( 'NONE', #7650 ) ;
#3841 = CARTESIAN_POINT ( 'NONE',  ( -0.4870695118892058306, 0.5500000000000002665, 0.1635303335467292174 ) ) ;
#3842 = CARTESIAN_POINT ( 'NONE',  ( -0.4999999999999995559, 0.5500000000000000444, 1.299999999999999600 ) ) ;
#3843 =( GEOMETRIC_REPRESENTATION_CONTEXT ( 3 ) GLOBAL_UNCERTAINTY_ASSIGNED_CONTEXT ( ( #3064 ) ) GLOBAL_UNIT_ASSIGNED_CONTEXT ( ( #5738, #5638, #9587 ) ) REPRESENTATION_CONTEXT ( 'NONE', 'WORKASPACE' ) );
#3844 = FILL_AREA_STYLE_COLOUR ( '', #6118 ) ;
#3845 = CARTESIAN_POINT ( 'NONE',  ( 0.6733010669068107967, 0.5400000000000001465, 0.2375749535980950511 ) ) ;
#3846 = ORIENTED_EDGE ( 'NONE', *, *, #1465, .T. ) ;
#3847 = CYLINDRICAL_SURFACE ( 'NONE', #7968, 0.09999999999999982514 ) ;
#3848 =( GEOMETRIC_REPRESENTATION_CONTEXT ( 3 ) GLOBAL_UNCERTAINTY_ASSIGNED_CONTEXT ( ( #187 ) ) GLOBAL_UNIT_ASSIGNED_CONTEXT ( ( #2091, #9831, #4419 ) ) REPRESENTATION_CONTEXT ( 'NONE', 'WORKASPACE' ) );
#3849 = ORIENTED_EDGE ( 'NONE', *, *, #9047, .T. ) ;
#3850 = DIRECTION ( 'NONE',  ( 0.0000000000000000000, 1.000000000000000000, -0.0000000000000000000 ) ) ;
#3851 = VERTEX_POINT ( 'NONE', #9250 ) ;
#3852 = ORIENTED_EDGE ( 'NONE', *, *, #3431, .T. ) ;
#3853 = DIRECTION ( 'NONE',  ( -0.0000000000000000000, 1.000000000000000000, -0.0000000000000000000 ) ) ;
#3854 = DIRECTION ( 'NONE',  ( 1.000000000000000000, 0.0000000000000000000, 0.0000000000000000000 ) ) ;
#3855 = SURFACE_STYLE_FILL_AREA ( #8893 ) ;
#3856 = EDGE_LOOP ( 'NONE', ( #5504, #4915, #3027, #2788 ) ) ;
#3857 = CARTESIAN_POINT ( 'NONE',  ( -0.4242486589629290705, 0.5399999999999999245, 0.2406034758313011501 ) ) ;
#3858 = ADVANCED_FACE ( 'NONE', ( #3996 ), #8424, .T. ) ;
#3859 = CIRCLE ( 'NONE', #8290, 0.09999999999999993616 ) ;
#3860 =( LENGTH_UNIT ( ) NAMED_UNIT ( * ) SI_UNIT ( .MILLI., .METRE. ) );
#3861 = ORIENTED_EDGE ( 'NONE', *, *, #9618, .T. ) ;
#3862 = EDGE_CURVE ( 'NONE', #8774, #935, #3042, .T. ) ;
#3863 = CARTESIAN_POINT ( 'NONE',  ( -0.9100000000000002531, 0.0000000000000000000, 0.6999999999999997335 ) ) ;
#3864 =( NAMED_UNIT ( * ) SI_UNIT ( $, .STERADIAN. ) SOLID_ANGLE_UNIT ( ) );
#3865 = LINE ( 'NONE', #3422, #1809 ) ;
#3867 = FACE_OUTER_BOUND ( 'NONE', #4977, .T. ) ;
#3866 = DIRECTION ( 'NONE',  ( 0.0000000000000000000, 1.000000000000000000, 0.0000000000000000000 ) ) ;
#3868 = CARTESIAN_POINT ( 'NONE',  ( 0.8999999999999999112, 0.1270000000000000018, -0.7000000000000005107 ) ) ;
#3869 = UNCERTAINTY_MEASURE_WITH_UNIT (LENGTH_MEASURE( 1.000000000000000082E-05 ), #3860, 'distance_accuracy_value', 'NONE');
#3870 = ORIENTED_EDGE ( 'NONE', *, *, #2998, .F. ) ;
#3871 = DIRECTION ( 'NONE',  ( 1.000000000000000000, 0.0000000000000000000, -0.0000000000000000000 ) ) ;
#3872 = CARTESIAN_POINT ( 'NONE',  ( -0.2513984967139215043, 0.5400000000000001465, 0.1903443112978265572 ) ) ;
#3873 =( GEOMETRIC_REPRESENTATION_CONTEXT ( 3 ) GLOBAL_UNCERTAINTY_ASSIGNED_CONTEXT ( ( #9615 ) ) GLOBAL_UNIT_ASSIGNED_CONTEXT ( ( #366, #2768, #5811 ) ) REPRESENTATION_CONTEXT ( 'NONE', 'WORKASPACE' ) );
#3874 = ORIENTED_EDGE ( 'NONE', *, *, #815, .F. ) ;
#3875 = AXIS2_PLACEMENT_3D ( 'NONE', #7299, #8057, #392 ) ;
#3876 = CARTESIAN_POINT ( 'NONE',  ( -0.9100000000000002531, 0.1270000000000000018, 0.2999999999999997113 ) ) ;
#3877 = STYLED_ITEM ( 'NONE', ( #84 ), #8306 ) ;
#3878 = EDGE_CURVE ( 'NONE', #1843, #3883, #8288, .T. ) ;
#3879 = DIRECTION ( 'NONE',  ( -0.0000000000000000000, 1.000000000000000000, -0.0000000000000000000 ) ) ;
#3880 = UNCERTAINTY_MEASURE_WITH_UNIT (LENGTH_MEASURE( 1.000000000000000082E-05 ), #7793, 'distance_accuracy_value', 'NONE');
#3881 = VECTOR ( 'NONE', #9155, 1000.000000000000227 ) ;
#3882 = CARTESIAN_POINT ( 'NONE',  ( 0.6304919537938722396, 0.5400000000000001465, 0.2636046416015364047 ) ) ;
#3883 = VERTEX_POINT ( 'NONE', #5424 ) ;
#3884 = DIRECTION ( 'NONE',  ( 0.0000000000000000000, 1.000000000000000000, 0.0000000000000000000 ) ) ;
#3885 = PRESENTATION_LAYER_ASSIGNMENT (  '', '', ( #7080 ) ) ;
#3886 = PRESENTATION_LAYER_ASSIGNMENT (  '', '', ( #4390 ) ) ;
#3887 = DIRECTION ( 'NONE',  ( -1.000000000000000000, -0.0000000000000000000, -0.0000000000000000000 ) ) ;
#3888 = MECHANICAL_DESIGN_GEOMETRIC_PRESENTATION_REPRESENTATION (  '', ( #1819 ), #1952 ) ;
#3889 = DIRECTION ( 'NONE',  ( -0.0000000000000000000, 1.000000000000000000, -0.0000000000000000000 ) ) ;
#3890 = DIRECTION ( 'NONE',  ( -0.0000000000000000000, 1.000000000000000000, -0.0000000000000000000 ) ) ;
#3891 = FACE_BOUND ( 'NONE', #1892, .T. ) ;
#3892 = MECHANICAL_DESIGN_GEOMETRIC_PRESENTATION_REPRESENTATION (  '', ( #2138 ), #1478 ) ;
#3893 = FACE_OUTER_BOUND ( 'NONE', #8589, .T. ) ;
#3894 = ORIENTED_EDGE ( 'NONE', *, *, #1663, .F. ) ;
#3895 = CARTESIAN_POINT ( 'NONE',  ( 0.6410099379985354506, 0.5500000000000003775, 0.2618086189749411208 ) ) ;
#3896 = SURFACE_SIDE_STYLE ('',( #3971 ) ) ;
#3897 = AXIS2_PLACEMENT_3D ( 'NONE', #2719, #8078, #7253 ) ;
#3898 = PLANE ( 'NONE',  #9192 ) ;
#3899 = DIRECTION ( 'NONE',  ( -0.0000000000000000000, -1.000000000000000000, -0.0000000000000000000 ) ) ;
#3900 =( NAMED_UNIT ( * ) PLANE_ANGLE_UNIT ( ) SI_UNIT ( $, .RADIAN. ) );
#3901 = LINE ( 'NONE', #4918, #6989 ) ;
#3902 = CARTESIAN_POINT ( 'NONE',  ( 0.1807892628205129137, 0.5500000000000000444, 0.2829980832075307262 ) ) ;
#3903 = PRESENTATION_STYLE_ASSIGNMENT (( #8498 ) ) ;
#3904 = ORIENTED_EDGE ( 'NONE', *, *, #4199, .F. ) ;
#3905 = DIRECTION ( 'NONE',  ( -1.000000000000000000, 0.0000000000000000000, 0.0000000000000000000 ) ) ;
#3906 = CARTESIAN_POINT ( 'NONE',  ( -0.3001975920379448270, 0.5399999999999998135, 0.2776353315341046901 ) ) ;
#3907 = AXIS2_PLACEMENT_3D ( 'NONE', #3339, #2833, #1834 ) ;
#3908 = ORIENTED_EDGE ( 'NONE', *, *, #3941, .T. ) ;
#3909 = CARTESIAN_POINT ( 'NONE',  ( 0.6231453184961031067, 0.5400000000000001465, 0.2637123824699069696 ) ) ;
#3910 = PRESENTATION_STYLE_ASSIGNMENT (( #3336 ) ) ;
#3911 = DIRECTION ( 'NONE',  ( -0.0000000000000000000, 1.000000000000000000, -0.0000000000000000000 ) ) ;
#3912 = ADVANCED_FACE ( 'NONE', ( #9596 ), #1002, .F. ) ;
#3913 = DIRECTION ( 'NONE',  ( 0.0000000000000000000, 0.0000000000000000000, 1.000000000000000000 ) ) ;
#3914 = EDGE_LOOP ( 'NONE', ( #3152, #3656, #9520, #6890 ) ) ;
#3915 = CARTESIAN_POINT ( 'NONE',  ( 0.6459418314695944963, 0.5399999999999998135, 0.2601791353845584465 ) ) ;
#3916 = ORIENTED_EDGE ( 'NONE', *, *, #1541, .T. ) ;
#3917 = DIRECTION ( 'NONE',  ( 1.000000000000000000, 0.0000000000000000000, 0.0000000000000000000 ) ) ;
#3918 = UNCERTAINTY_MEASURE_WITH_UNIT (LENGTH_MEASURE( 1.000000000000000082E-05 ), #8957, 'distance_accuracy_value', 'NONE');
#3919 = ORIENTED_EDGE ( 'NONE', *, *, #4442, .T. ) ;
#3920 = VECTOR ( 'NONE', #9174, 1000.000000000000000 ) ;
#3921 = CARTESIAN_POINT ( 'NONE',  ( -0.3514724472204139860, 0.5499999999999999334, 0.02669680166717967179 ) ) ;
#3922 = VERTEX_POINT ( 'NONE', #5530 ) ;
#3923 = SURFACE_SIDE_STYLE ('',( #9729 ) ) ;
#3924 = EDGE_LOOP ( 'NONE', ( #4734, #1094, #5310, #304, #2597 ) ) ;
#3925 = FACE_OUTER_BOUND ( 'NONE', #3595, .T. ) ;
#3926 = CYLINDRICAL_SURFACE ( 'NONE', #1610, 0.09999999999999993616 ) ;
#3927 = LINE ( 'NONE', #3120, #7015 ) ;
#3928 = DIRECTION ( 'NONE',  ( -0.0000000000000000000, 1.000000000000000000, -0.0000000000000000000 ) ) ;
#3929 = ORIENTED_EDGE ( 'NONE', *, *, #7009, .F. ) ;
#3930 = CARTESIAN_POINT ( 'NONE',  ( -0.3425414864833927764, 0.5400000000000001465, 0.02691083528530775759 ) ) ;
#3931 = ORIENTED_EDGE ( 'NONE', *, *, #1258, .T. ) ;
#3932 = CARTESIAN_POINT ( 'NONE',  ( -0.3048225651453235208, 0.5500000000000002665, 0.03589289868537365313 ) ) ;
#3933 = CARTESIAN_POINT ( 'NONE',  ( -0.4294591712693375252, 0.5400000000000001465, 0.04844758113256557308 ) ) ;
#3934 = DIRECTION ( 'NONE',  ( -0.0000000000000000000, 1.000000000000000000, -0.0000000000000000000 ) ) ;
#3935 = SURFACE_SIDE_STYLE ('',( #1275 ) ) ;
#3936 = ORIENTED_EDGE ( 'NONE', *, *, #5663, .F. ) ;
#3937 = CARTESIAN_POINT ( 'NONE',  ( -0.4848200249600598810, 0.5399999999999999245, 0.1327889418547946176 ) ) ;
#3938 = FILL_AREA_STYLE ('',( #7740 ) ) ;
#3939 = SURFACE_STYLE_FILL_AREA ( #3938 ) ;
#3940 = COLOUR_RGB ( '',1.000000000000000000, 1.000000000000000000, 1.000000000000000000 ) ;
#3941 = EDGE_CURVE ( 'NONE', #7008, #5875, #41, .T. ) ;
#3942 = FILL_AREA_STYLE ('',( #8648 ) ) ;
#3943 = VERTEX_POINT ( 'NONE', #1782 ) ;
#3944 = EDGE_CURVE ( 'NONE', #7059, #3054, #1192, .T. ) ;
#3945 = CARTESIAN_POINT ( 'NONE',  ( 0.6936123898487468464, 0.5400000000000001465, 0.1774994904526919770 ) ) ;
#3946 = EDGE_CURVE ( 'NONE', #8623, #8666, #2563, .T. ) ;
#3947 = CARTESIAN_POINT ( 'NONE',  ( 0.3000000000000003775, 0.1270000000000000018, 1.309999999999999387 ) ) ;
#3948 = SURFACE_SIDE_STYLE ('',( #831 ) ) ;
#3949 = LINE ( 'NONE', #402, #6069 ) ;
#3950 = AXIS2_PLACEMENT_3D ( 'NONE', #9288, #7887, #977 ) ;
#3951 = CARTESIAN_POINT ( 'NONE',  ( -0.2688802061667489030, 0.5400000000000000355, 0.09317898017535029831 ) ) ;
#3952 =( GEOMETRIC_REPRESENTATION_CONTEXT ( 3 ) GLOBAL_UNCERTAINTY_ASSIGNED_CONTEXT ( ( #8901 ) ) GLOBAL_UNIT_ASSIGNED_CONTEXT ( ( #2281, #6189, #6897 ) ) REPRESENTATION_CONTEXT ( 'NONE', 'WORKASPACE' ) );
#3953 = PRESENTATION_LAYER_ASSIGNMENT (  '', '', ( #9251 ) ) ;
#3954 = B_SPLINE_CURVE_WITH_KNOTS ( 'NONE', 3,
 ( #1143, #8805, #1794, #8000, #7937, #3361, #4202, #1831, #6524, #8705, #4141, #291, #7267, #1931, #4947, #9461, #4978, #361, #5744 ),
 .UNSPECIFIED., .F., .F.,
 ( 4, 1, 1, 1, 1, 1, 1, 1, 1, 1, 1, 1, 1, 1, 1, 1, 4 ),
 ( 0.0000000000000000000, 0.06113791491562086539, 0.1199938438512141992, 0.1782253215076179398, 0.2362564202618984144, 0.2949293769549097832, 0.3547157488097541500, 0.4167296639241630518, 0.4806644084708288633, 0.5458317702108662628, 0.6097581054261661526, 0.6729712284742215278, 0.7360168691676631791, 0.7998393981920316476, 0.8647753566655679291, 0.9310876232725695534, 1.000000000000000000 ),
 .UNSPECIFIED. ) ;
#3955 = VECTOR ( 'NONE', #1827, 1000.000000000000000 ) ;
#3956 = VECTOR ( 'NONE', #7443, 1000.000000000000000 ) ;
#3957 = EDGE_CURVE ( 'NONE', #4063, #3107, #4351, .T. ) ;
#3958 = CARTESIAN_POINT ( 'NONE',  ( 0.1000000000000004774, 0.05000000000000000278, 0.0000000000000000000 ) ) ;
#3959 = PRESENTATION_STYLE_ASSIGNMENT (( #4960 ) ) ;
#3960 = DIRECTION ( 'NONE',  ( 0.0000000000000000000, 0.0000000000000000000, -1.000000000000000000 ) ) ;
#3961 = MECHANICAL_DESIGN_GEOMETRIC_PRESENTATION_REPRESENTATION (  '', ( #2415 ), #835 ) ;
#3962 = PRESENTATION_STYLE_ASSIGNMENT (( #4690 ) ) ;
#3963 = MECHANICAL_DESIGN_GEOMETRIC_PRESENTATION_REPRESENTATION (  '', ( #8511 ), #7677 ) ;
#3964 = DIRECTION ( 'NONE',  ( -1.000000000000000000, -0.0000000000000000000, -0.0000000000000000000 ) ) ;
#3965 = ADVANCED_FACE ( 'NONE', ( #6959 ), #1711, .F. ) ;
#3966 =( NAMED_UNIT ( * ) PLANE_ANGLE_UNIT ( ) SI_UNIT ( $, .RADIAN. ) );
#3967 = LINE ( 'NONE', #7696, #2656 ) ;
#3968 = VECTOR ( 'NONE', #5472, 1000.000000000000000 ) ;
#3969 = FILL_AREA_STYLE_COLOUR ( '', #7719 ) ;
#3970 = CARTESIAN_POINT ( 'NONE',  ( 0.6496966666897311393, 0.5500000000000001554, 0.1416349676719065032 ) ) ;
#3971 = SURFACE_STYLE_FILL_AREA ( #6279 ) ;
#3972 =( NAMED_UNIT ( * ) SI_UNIT ( $, .STERADIAN. ) SOLID_ANGLE_UNIT ( ) );
#3973 = PRESENTATION_STYLE_ASSIGNMENT (( #6653 ) ) ;
#3974 = DIRECTION ( 'NONE',  ( -0.5391904756110242891, 0.0000000000000000000, -0.8421838463247542927 ) ) ;
#3975 = ORIENTED_EDGE ( 'NONE', *, *, #2516, .F. ) ;
#3976 = CARTESIAN_POINT ( 'NONE',  ( 0.8999999999999999112, 0.05000000000000002359, -0.5000000000000002220 ) ) ;
#3977 = DIRECTION ( 'NONE',  ( 0.0000000000000000000, 0.0000000000000000000, 1.000000000000000000 ) ) ;
#3978 = VERTEX_POINT ( 'NONE', #8624 ) ;
#3979 = CARTESIAN_POINT ( 'NONE',  ( -0.4647160299484173196, 0.5499999999999998224, 0.1565436390536885658 ) ) ;
#3980 = SURFACE_STYLE_FILL_AREA ( #8126 ) ;
#3981 = CARTESIAN_POINT ( 'NONE',  ( 0.6628848519836584297, 0.5400000000000001465, 0.1470474398369419344 ) ) ;
#3982 = ORIENTED_EDGE ( 'NONE', *, *, #8857, .T. ) ;
#3983 = ORIENTED_EDGE ( 'NONE', *, *, #5262, .T. ) ;
#3984 = CARTESIAN_POINT ( 'NONE',  ( 0.5687990806926608300, 0.5400000000000000355, 0.1519580545729448950 ) ) ;
#3985 = ORIENTED_EDGE ( 'NONE', *, *, #9295, .F. ) ;
#3986 =( GEOMETRIC_REPRESENTATION_CONTEXT ( 3 ) GLOBAL_UNCERTAINTY_ASSIGNED_CONTEXT ( ( #9906 ) ) GLOBAL_UNIT_ASSIGNED_CONTEXT ( ( #6305, #9382, #899 ) ) REPRESENTATION_CONTEXT ( 'NONE', 'WORKASPACE' ) );
#3987 = CARTESIAN_POINT ( 'NONE',  ( -0.1999999999999995393, 0.1270000000000000018, -1.009999999999999787 ) ) ;
#3988 = SURFACE_STYLE_FILL_AREA ( #9541 ) ;
#3989 = ORIENTED_EDGE ( 'NONE', *, *, #3695, .T. ) ;
#3990 = CARTESIAN_POINT ( 'NONE',  ( -0.3012557464491095183, 0.5400000000000000355, 0.06644905542208263960 ) ) ;
#3991 = PLANE ( 'NONE',  #730 ) ;
#3992 = ORIENTED_EDGE ( 'NONE', *, *, #6035, .T. ) ;
#3993 = CIRCLE ( 'NONE', #1394, 0.1000000000000000472 ) ;
#3994 = VECTOR ( 'NONE', #5381, 1000.000000000000000 ) ;
#3995 = CARTESIAN_POINT ( 'NONE',  ( 0.5559224781836688001, 0.5500000000000001554, 0.1767742904293165551 ) ) ;
#3996 = FACE_OUTER_BOUND ( 'NONE', #6094, .T. ) ;
#3997 = LINE ( 'NONE', #5088, #5287 ) ;
#3998 = SURFACE_STYLE_USAGE ( .BOTH. , #8565 ) ;
#3999 = UNCERTAINTY_MEASURE_WITH_UNIT (LENGTH_MEASURE( 1.000000000000000082E-05 ), #8643, 'distance_accuracy_value', 'NONE');
#4000 = CARTESIAN_POINT ( 'NONE',  ( 0.0000000000000000000, 0.05000000000000000278, 0.09999999999999950595 ) ) ;
#4001 = CARTESIAN_POINT ( 'NONE',  ( -0.9100000000000002531, 0.1270000000000000018, -0.3000000000000005995 ) ) ;
#4002 = EDGE_CURVE ( 'NONE', #5782, #9141, #823, .T. ) ;
#4003 = CARTESIAN_POINT ( 'NONE',  ( -0.5176282051282052876, 0.5400000000000000355, 0.2829980832075307262 ) ) ;
#4004 = VECTOR ( 'NONE', #6027, 1000.000000000000000 ) ;
#4005 = FILL_AREA_STYLE_COLOUR ( '', #2144 ) ;
#4006 = EDGE_CURVE ( 'NONE', #4954, #7117, #5162, .T. ) ;
#4007 = FILL_AREA_STYLE_COLOUR ( '', #3940 ) ;
#4008 = COLOUR_RGB ( '',0.6666666666666666297, 0.6941176470588235059, 0.7647058823529411242 ) ;
#4009 = ORIENTED_EDGE ( 'NONE', *, *, #5903, .T. ) ;
#4010 = CARTESIAN_POINT ( 'NONE',  ( 0.3000000000000003775, 0.05000000000000000278, -1.300000000000000266 ) ) ;
#4011 =( NAMED_UNIT ( * ) SI_UNIT ( $, .STERADIAN. ) SOLID_ANGLE_UNIT ( ) );
#4012 = FACE_OUTER_BOUND ( 'NONE', #4729, .T. ) ;
#4013 = CARTESIAN_POINT ( 'NONE',  ( -0.09999999999999961697, 0.1270000000000000018, 1.309999999999999609 ) ) ;
#4014 = CARTESIAN_POINT ( 'NONE',  ( -0.5435196314102566095, 0.5500000000000000444, 0.2829980832075307262 ) ) ;
#4015 = CARTESIAN_POINT ( 'NONE',  ( -0.4567718787725331131, 0.5399999999999999245, 0.1173904182952536096 ) ) ;
#4016 = UNCERTAINTY_MEASURE_WITH_UNIT (LENGTH_MEASURE( 1.000000000000000082E-05 ), #2861, 'distance_accuracy_value', 'NONE');
#4017 = ORIENTED_EDGE ( 'NONE', *, *, #3570, .T. ) ;
#4018 = VECTOR ( 'NONE', #6949, 1000.000000000000000 ) ;
#4019 = STYLED_ITEM ( 'NONE', ( #7304 ), #1592 ) ;
#4020 = ORIENTED_EDGE ( 'NONE', *, *, #4948, .T. ) ;
#4021 = DIRECTION ( 'NONE',  ( 0.0000000000000000000, 0.0000000000000000000, -1.000000000000000000 ) ) ;
#4022 = CARTESIAN_POINT ( 'NONE',  ( 0.3814102564102567761, 0.5400000000000000355, 0.05863910884855633859 ) ) ;
#4023 = LINE ( 'NONE', #1254, #1582 ) ;
#4025 = ADVANCED_FACE ( 'NONE', ( #2164 ), #3991, .T. ) ;
#4024 =( GEOMETRIC_REPRESENTATION_CONTEXT ( 3 ) GLOBAL_UNCERTAINTY_ASSIGNED_CONTEXT ( ( #4645 ) ) GLOBAL_UNIT_ASSIGNED_CONTEXT ( ( #1705, #209, #9342 ) ) REPRESENTATION_CONTEXT ( 'NONE', 'WORKASPACE' ) );
#4026 = EDGE_CURVE ( 'NONE', #8803, #8075, #4123, .T. ) ;
#4027 = PLANE ( 'NONE',  #8987 ) ;
#4028 = EDGE_CURVE ( 'NONE', #4333, #2156, #3637, .T. ) ;
#4029 = CARTESIAN_POINT ( 'NONE',  ( -0.3974751373091746642, 0.5399999999999997025, 0.06019374753720231619 ) ) ;
#4030 = SURFACE_STYLE_FILL_AREA ( #3433 ) ;
#4031 = CARTESIAN_POINT ( 'NONE',  ( 0.6921041906597199533, 0.5500000000000001554, 0.2517231495353542958 ) ) ;
#4032 = EDGE_CURVE ( 'NONE', #5093, #5257, #89, .T. ) ;
#4033 = LINE ( 'NONE', #8658, #5893 ) ;
#4034 = EDGE_LOOP ( 'NONE', ( #86, #4683, #4616, #6230 ) ) ;
#4035 = AXIS2_PLACEMENT_3D ( 'NONE', #6070, #4516, #5237 ) ;
#4036 = DIRECTION ( 'NONE',  ( 0.0000000000000000000, 0.0000000000000000000, -1.000000000000000000 ) ) ;
#4037 = PRESENTATION_LAYER_ASSIGNMENT (  '', '', ( #4393 ) ) ;
#4038 =( LENGTH_UNIT ( ) NAMED_UNIT ( * ) SI_UNIT ( .MILLI., .METRE. ) );
#4039 = SURFACE_STYLE_FILL_AREA ( #3270 ) ;
#4040 = CARTESIAN_POINT ( 'NONE',  ( -0.3112362177066161917, 0.5400000000000003686, 0.2557885271421278528 ) ) ;
#4041 = FACE_OUTER_BOUND ( 'NONE', #9823, .T. ) ;
#4042 = DIRECTION ( 'NONE',  ( -1.000000000000000000, -0.0000000000000000000, -0.0000000000000000000 ) ) ;
#4043 = CARTESIAN_POINT ( 'NONE',  ( -0.2294816308842940189, 0.5400000000000001465, 0.1190862771741552500 ) ) ;
#4044 = DIRECTION ( 'NONE',  ( -0.0000000000000000000, 1.000000000000000000, -0.0000000000000000000 ) ) ;
#4045 = ORIENTED_EDGE ( 'NONE', *, *, #2594, .T. ) ;
#4046 = DIRECTION ( 'NONE',  ( 0.0000000000000000000, 1.000000000000000000, -0.0000000000000000000 ) ) ;
#4047 = CARTESIAN_POINT ( 'NONE',  ( -0.9000000000000002442, 0.05000000000000000278, -1.300000000000000266 ) ) ;
#4048 = CARTESIAN_POINT ( 'NONE',  ( -0.05128205128205132191, 0.5400000000000000355, 0.1612032114126589200 ) ) ;
#4049 = CARTESIAN_POINT ( 'NONE',  ( -0.6121794871794873361, 0.5500000000000000444, 0.1757264485921460895 ) ) ;
#4050 = EDGE_LOOP ( 'NONE', ( #6383, #1547, #5753, #4321, #6590, #9040 ) ) ;
#4051 = CARTESIAN_POINT ( 'NONE',  ( 0.5760216346153850253, 0.5499999999999999334, 0.1406703588485563594 ) ) ;
#4052 = AXIS2_PLACEMENT_3D ( 'NONE', #3561, #5888, #9653 ) ;
#4053 = CARTESIAN_POINT ( 'NONE',  ( -0.4638965087691837574, 0.5499999999999997113, 0.1445021107542047989 ) ) ;
#4054 = ORIENTED_EDGE ( 'NONE', *, *, #149, .T. ) ;
#4055 = CARTESIAN_POINT ( 'NONE',  ( -0.3001975920379448270, 0.5499999999999998224, 0.2776353315341046901 ) ) ;
#4056 = ORIENTED_EDGE ( 'NONE', *, *, #4068, .T. ) ;
#4057 = CARTESIAN_POINT ( 'NONE',  ( 0.6204340268764628741, 0.5499999999999999334, 0.2892991820646640955 ) ) ;
#4058 = DIRECTION ( 'NONE',  ( 1.000000000000000000, 0.0000000000000000000, 0.0000000000000000000 ) ) ;
#4059 = CARTESIAN_POINT ( 'NONE',  ( 0.6352969711077905979, 0.5400000000000000355, 0.1389700417708021607 ) ) ;
#4060 =( NAMED_UNIT ( * ) SI_UNIT ( $, .STERADIAN. ) SOLID_ANGLE_UNIT ( ) );
#4061 =( NAMED_UNIT ( * ) SI_UNIT ( $, .STERADIAN. ) SOLID_ANGLE_UNIT ( ) );
#4062 = DIRECTION ( 'NONE',  ( 0.0000000000000000000, -0.0000000000000000000, 1.000000000000000000 ) ) ;
#4063 = VERTEX_POINT ( 'NONE', #9580 ) ;
#4064 = PRESENTATION_STYLE_ASSIGNMENT (( #5380 ) ) ;
#4065 = LINE ( 'NONE', #913, #6191 ) ;
#4066 = DIRECTION ( 'NONE',  ( 0.5390888091285608308, 0.0000000000000000000, -0.8422489274984861218 ) ) ;
#4067 = DIRECTION ( 'NONE',  ( 0.0000000000000000000, 1.000000000000000000, 0.0000000000000000000 ) ) ;
#4068 = EDGE_CURVE ( 'NONE', #9300, #3384, #5759, .T. ) ;
#4069 = DIRECTION ( 'NONE',  ( -0.0000000000000000000, -1.000000000000000000, -0.0000000000000000000 ) ) ;
#4070 = ADVANCED_FACE ( 'NONE', ( #1924 ), #4969, .F. ) ;
#4071 =( LENGTH_UNIT ( ) NAMED_UNIT ( * ) SI_UNIT ( .MILLI., .METRE. ) );
#4072 = LINE ( 'NONE', #2320, #2997 ) ;
#4073 =( LENGTH_UNIT ( ) NAMED_UNIT ( * ) SI_UNIT ( .MILLI., .METRE. ) );
#4074 = UNCERTAINTY_MEASURE_WITH_UNIT (LENGTH_MEASURE( 1.000000000000000082E-05 ), #9559, 'distance_accuracy_value', 'NONE');
#4075 = DIRECTION ( 'NONE',  ( 0.0000000000000000000, -0.0000000000000000000, -1.000000000000000000 ) ) ;
#4076 = AXIS2_PLACEMENT_3D ( 'NONE', #4691, #1729, #5412 ) ;
#4077 = UNCERTAINTY_MEASURE_WITH_UNIT (LENGTH_MEASURE( 1.000000000000000082E-05 ), #2914, 'distance_accuracy_value', 'NONE');
#4078 = CARTESIAN_POINT ( 'NONE',  ( -0.4221764302159043969, 0.5399999999999999245, 0.04387072048357277404 ) ) ;
#4079 = CARTESIAN_POINT ( 'NONE',  ( 0.6100000000000000977, 0.1270000000000000018, -0.3000000000000005995 ) ) ;
#4080 = FILL_AREA_STYLE ('',( #153 ) ) ;
#4081 = CARTESIAN_POINT ( 'NONE',  ( 0.9000000000000000222, 0.05000000000000002359, -0.3000000000000005440 ) ) ;
#4082 = CARTESIAN_POINT ( 'NONE',  ( -0.9100000000000002531, 0.1270000000000000018, 0.4999999999999994449 ) ) ;
#4083 = CARTESIAN_POINT ( 'NONE',  ( -0.4592082822790987673, 0.5500000000000001554, 0.1239191042656278691 ) ) ;
#4084 = VECTOR ( 'NONE', #3217, 1000.000000000000000 ) ;
#4085 = EDGE_CURVE ( 'NONE', #7993, #7508, #3273, .T. ) ;
#4086 = DIRECTION ( 'NONE',  ( -0.0000000000000000000, 1.000000000000000000, -0.0000000000000000000 ) ) ;
#4087 = EDGE_CURVE ( 'NONE', #757, #4409, #3865, .T. ) ;
#4088 =( NAMED_UNIT ( * ) SI_UNIT ( $, .STERADIAN. ) SOLID_ANGLE_UNIT ( ) );
#4089 = PRESENTATION_STYLE_ASSIGNMENT (( #378 ) ) ;
#4090 = CARTESIAN_POINT ( 'NONE',  ( -0.6100000000000005418, 0.0000000000000000000, -0.6000000000000004219 ) ) ;
#4091 = PRESENTATION_LAYER_ASSIGNMENT (  '', '', ( #8038 ) ) ;
#4092 = CARTESIAN_POINT ( 'NONE',  ( 0.5633173458469367123, 0.5400000000000001465, 0.2602531781822859380 ) ) ;
#4093 = LINE ( 'NONE', #5710, #7051 ) ;
#4094 = CARTESIAN_POINT ( 'NONE',  ( -0.3771641468599184477, 0.5399999999999999245, 0.05414944642747142323 ) ) ;
#4095 = CARTESIAN_POINT ( 'NONE',  ( -0.9100000000000002531, 0.0000000000000000000, -0.3000000000000005995 ) ) ;
#4096 = MECHANICAL_DESIGN_GEOMETRIC_PRESENTATION_REPRESENTATION (  '', ( #3444 ), #4959 ) ;
#4097 = VERTEX_POINT ( 'NONE', #8858 ) ;
#4098 = AXIS2_PLACEMENT_3D ( 'NONE', #8373, #6855, #4592 ) ;
#4099 = SURFACE_STYLE_FILL_AREA ( #1657 ) ;
#4100 = VERTEX_POINT ( 'NONE', #8794 ) ;
#4101 =( LENGTH_UNIT ( ) NAMED_UNIT ( * ) SI_UNIT ( .MILLI., .METRE. ) );
#4102 = VECTOR ( 'NONE', #5841, 1000.000000000000000 ) ;
#4103 =( LENGTH_UNIT ( ) NAMED_UNIT ( * ) SI_UNIT ( .MILLI., .METRE. ) );
#4104 = AXIS2_PLACEMENT_3D ( 'NONE', #4470, #6729, #1280 ) ;
#4105 = ORIENTED_EDGE ( 'NONE', *, *, #8100, .T. ) ;
#4106 = VECTOR ( 'NONE', #7588, 1000.000000000000000 ) ;
#4107 = ORIENTED_EDGE ( 'NONE', *, *, #5202, .F. ) ;
#4108 = CARTESIAN_POINT ( 'NONE',  ( -0.3466554596789258036, 0.5400000000000000355, 0.2636838530944819459 ) ) ;
#4109 = EDGE_LOOP ( 'NONE', ( #1187, #7126, #6771, #3982 ) ) ;
#4110 = VECTOR ( 'NONE', #1158, 1000.000000000000000 ) ;
#4111 = CARTESIAN_POINT ( 'NONE',  ( -0.9100000000000002531, 0.1270000000000000018, -0.3000000000000005995 ) ) ;
#4112 = VERTEX_POINT ( 'NONE', #8052 ) ;
#4113 =( NAMED_UNIT ( * ) SI_UNIT ( $, .STERADIAN. ) SOLID_ANGLE_UNIT ( ) );
#4115 = SURFACE_STYLE_FILL_AREA ( #1583 ) ;
#4114 = FILL_AREA_STYLE_COLOUR ( '', #2856 ) ;
#4116 = FILL_AREA_STYLE_COLOUR ( '', #5361 ) ;
#4117 = CARTESIAN_POINT ( 'NONE',  ( -0.4644651805489576346, 0.5500000000000001554, 0.1697144091222473339 ) ) ;
#4118 = UNCERTAINTY_MEASURE_WITH_UNIT (LENGTH_MEASURE( 1.000000000000000082E-05 ), #7524, 'distance_accuracy_value', 'NONE');
#4119 = ORIENTED_EDGE ( 'NONE', *, *, #5247, .T. ) ;
#4120 = DIRECTION ( 'NONE',  ( 1.000000000000000000, 0.0000000000000000000, -0.0000000000000000000 ) ) ;
#4121 = ORIENTED_EDGE ( 'NONE', *, *, #2681, .F. ) ;
#4122 = CARTESIAN_POINT ( 'NONE',  ( 0.9100000000000002531, 0.1270000000000000018, 0.09999999999999950595 ) ) ;
#4123 = LINE ( 'NONE', #7222, #4931 ) ;
#4124 = CARTESIAN_POINT ( 'NONE',  ( 0.5772714466320191251, 0.5500000000000001554, 0.2743011599111695453 ) ) ;
#4125 =( LENGTH_UNIT ( ) NAMED_UNIT ( * ) SI_UNIT ( .MILLI., .METRE. ) );
#4126 = ADVANCED_FACE ( 'NONE', ( #9719, #7441 ), #1036, .T. ) ;
#4127 = PRESENTATION_LAYER_ASSIGNMENT (  '', '', ( #4984 ) ) ;
#4128 = VERTEX_POINT ( 'NONE', #7955 ) ;
#4129 = SURFACE_STYLE_USAGE ( .BOTH. , #5593 ) ;
#4130 = CARTESIAN_POINT ( 'NONE',  ( 0.6237980769230773159, 0.5400000000000000355, 0.2894083396177871137 ) ) ;
#4131 = ORIENTED_EDGE ( 'NONE', *, *, #7645, .F. ) ;
#4132 = CARTESIAN_POINT ( 'NONE',  ( -0.3630807118112069354, 0.5400000000000000355, 0.05231728744284831756 ) ) ;
#4133 = DIRECTION ( 'NONE',  ( 0.0000000000000000000, 0.0000000000000000000, 1.000000000000000000 ) ) ;
#4134 = ORIENTED_EDGE ( 'NONE', *, *, #5784, .T. ) ;
#4135 = FILL_AREA_STYLE_COLOUR ( '', #8649 ) ;
#4136 = CARTESIAN_POINT ( 'NONE',  ( -0.2986278044871794601, 0.5400000000000000355, 0.2494443973100947953 ) ) ;
#4137 = DIRECTION ( 'NONE',  ( -0.0000000000000000000, -0.0000000000000000000, 1.000000000000000000 ) ) ;
#4138 = ORIENTED_EDGE ( 'NONE', *, *, #4448, .T. ) ;
#4139 =( NAMED_UNIT ( * ) SI_UNIT ( $, .STERADIAN. ) SOLID_ANGLE_UNIT ( ) );
#4140 = DIRECTION ( 'NONE',  ( 1.000000000000000000, 0.0000000000000000000, 0.0000000000000000000 ) ) ;
#4141 = CARTESIAN_POINT ( 'NONE',  ( 0.6587791803474273289, 0.5400000000000001465, 0.1754823928606717709 ) ) ;
#4142 = EDGE_CURVE ( 'NONE', #4613, #8524, #5859, .T. ) ;
#4143 =( LENGTH_UNIT ( ) NAMED_UNIT ( * ) SI_UNIT ( .MILLI., .METRE. ) );
#4144 =( NAMED_UNIT ( * ) PLANE_ANGLE_UNIT ( ) SI_UNIT ( $, .RADIAN. ) );
#4145 = EDGE_CURVE ( 'NONE', #8864, #8616, #1293, .T. ) ;
#4146 =( LENGTH_UNIT ( ) NAMED_UNIT ( * ) SI_UNIT ( .MILLI., .METRE. ) );
#4147 = DIRECTION ( 'NONE',  ( 0.0000000000000000000, 0.0000000000000000000, 1.000000000000000000 ) ) ;
#4148 = CARTESIAN_POINT ( 'NONE',  ( -0.2833032852564102422, 0.5500000000000000444, 0.2682745255152230168 ) ) ;
#4149 = VERTEX_POINT ( 'NONE', #6441 ) ;
#4150 = DIRECTION ( 'NONE',  ( -0.0000000000000000000, -0.0000000000000000000, 1.000000000000000000 ) ) ;
#4151 = FACE_OUTER_BOUND ( 'NONE', #1285, .T. ) ;
#4152 = STYLED_ITEM ( 'NONE', ( #9811 ), #5182 ) ;
#4153 = DIRECTION ( 'NONE',  ( -0.0000000000000000000, -1.000000000000000000, -0.0000000000000000000 ) ) ;
#4154 = CARTESIAN_POINT ( 'NONE',  ( -0.3178838562897904896, 0.5499999999999999334, 0.2582351491553638856 ) ) ;
#4155 = MECHANICAL_DESIGN_GEOMETRIC_PRESENTATION_REPRESENTATION (  '', ( #1935 ), #8811 ) ;
#4156 = LINE ( 'NONE', #6213, #1110 ) ;
#4157 = CARTESIAN_POINT ( 'NONE',  ( 0.5484730943305554662, 0.5399999999999998135, 0.2233269322614511998 ) ) ;
#4158 = MECHANICAL_DESIGN_GEOMETRIC_PRESENTATION_REPRESENTATION (  '', ( #8426 ), #8755 ) ;
#4159 = SURFACE_STYLE_FILL_AREA ( #664 ) ;
#4160 = ORIENTED_EDGE ( 'NONE', *, *, #4273, .T. ) ;
#4161 =( NAMED_UNIT ( * ) PLANE_ANGLE_UNIT ( ) SI_UNIT ( $, .RADIAN. ) );
#4162 = CARTESIAN_POINT ( 'NONE',  ( 0.6496966666897311393, 0.5400000000000001465, 0.1416349676719065032 ) ) ;
#4163 = EDGE_CURVE ( 'NONE', #4336, #8135, #4922, .T. ) ;
#4164 = DIRECTION ( 'NONE',  ( 1.000000000000000000, -0.0000000000000000000, -0.0000000000000000000 ) ) ;
#4165 = DIRECTION ( 'NONE',  ( 1.000000000000000000, -0.0000000000000000000, -0.0000000000000000000 ) ) ;
#4167 = PRESENTATION_STYLE_ASSIGNMENT (( #2641 ) ) ;
#4166 = AXIS2_PLACEMENT_3D ( 'NONE', #3169, #3899, #3775 ) ;
#4168 = ORIENTED_EDGE ( 'NONE', *, *, #4956, .T. ) ;
#4169 = DIRECTION ( 'NONE',  ( 0.0000000000000000000, -0.0000000000000000000, 1.000000000000000000 ) ) ;
#4170 = ORIENTED_EDGE ( 'NONE', *, *, #5451, .F. ) ;
#4171 = DIRECTION ( 'NONE',  ( -0.0000000000000000000, 1.000000000000000000, -0.0000000000000000000 ) ) ;
#4172 = EDGE_LOOP ( 'NONE', ( #8818, #9455, #6911, #7659, #9474, #1217, #6944, #9381, #874, #8929, #8716, #5795, #5943, #4520, #415, #5064, #634, #4673, #6599, #4550 ) ) ;
#4173 =( LENGTH_UNIT ( ) NAMED_UNIT ( * ) SI_UNIT ( .MILLI., .METRE. ) );
#4174 = ADVANCED_FACE ( 'NONE', ( #4441 ), #5027, .F. ) ;
#4175 = SURFACE_STYLE_FILL_AREA ( #2559 ) ;
#4176 = CARTESIAN_POINT ( 'NONE',  ( 0.5888153929500875572, 0.5500000000000000444, 0.1754786592819531366 ) ) ;
#4177 = DIRECTION ( 'NONE',  ( 0.0000000000000000000, 0.0000000000000000000, -1.000000000000000000 ) ) ;
#4178 = CARTESIAN_POINT ( 'NONE',  ( -0.6100000000000005418, 0.0000000000000000000, -0.5000000000000002220 ) ) ;
#4179 =( NAMED_UNIT ( * ) SI_UNIT ( $, .STERADIAN. ) SOLID_ANGLE_UNIT ( ) );
#4180 = CARTESIAN_POINT ( 'NONE',  ( 0.9100000000000002531, 0.0000000000000000000, 0.4999999999999994449 ) ) ;
#4181 = ORIENTED_EDGE ( 'NONE', *, *, #2658, .T. ) ;
#4182 = CARTESIAN_POINT ( 'NONE',  ( 0.3960837339743593644, 0.5500000000000000444, 0.03299808320753071927 ) ) ;
#4183 = CARTESIAN_POINT ( 'NONE',  ( -0.4399943394461798829, 0.5500000000000000444, 0.2257895001745790498 ) ) ;
#4184 = ORIENTED_EDGE ( 'NONE', *, *, #1941, .F. ) ;
#4185 = FILL_AREA_STYLE_COLOUR ( '', #7035 ) ;
#4186 = SURFACE_STYLE_FILL_AREA ( #8675 ) ;
#4187 = CARTESIAN_POINT ( 'NONE',  ( 0.6272958350818605977, 0.5400000000000000355, 0.2892829392981194903 ) ) ;
#4188 = FILL_AREA_STYLE_COLOUR ( '', #6405 ) ;
#4189 = B_SPLINE_SURFACE_WITH_KNOTS ( 'NONE', 3, 1, ( 
 ( #653, #6703 ),
 ( #4473, #9015 ),
 ( #4576, #2113 ),
 ( #8387, #5165 ),
 ( #1429, #8244 ),
 ( #7482, #5231 ),
 ( #2925, #2253 ),
 ( #9852, #3052 ),
 ( #621, #2225 ),
 ( #6734, #5925 ),
 ( #3685, #7615 ),
 ( #3817, #4440 ),
 ( #591, #2187 ),
 ( #7549, #683 ),
 ( #9145, #8283 ),
 ( #9783, #1466 ),
 ( #1357, #3721 ),
 ( #545, #2151 ),
 ( #2990, #7514 ),
 ( #3753, #3022 ),
 ( #2956, #9043 ),
 ( #9078, #6774 ),
 ( #7577, #4506 ),
 ( #3788, #5995 ),
 ( #5263, #9113 ),
 ( #4539, #9876 ),
 ( #6064, #5298 ) ),
 .UNSPECIFIED., .F., .F., .F.,
 ( 4, 1, 1, 1, 1, 1, 1, 1, 1, 1, 1, 1, 1, 1, 1, 1, 1, 1, 1, 1, 1, 1, 1, 1, 4 ),
 ( 2, 2 ),
 ( 0.0000000000000000000, 0.04303992866940794387, 0.08508235425993379564, 0.1265459763824852424, 0.1676449120135368454, 0.2082860955153123805, 0.2486763011610194363, 0.2892947325755567678, 0.3300743209766446307, 0.3710606404109121348, 0.4115325030015794527, 0.4523412262352959345, 0.4930462642117332539, 0.5342457570078347207, 0.5761444940038723539, 0.6184447453397043937, 0.6618015866715621920, 0.7051959773844247437, 0.7479763643669152806, 0.7903109431511066152, 0.8323732575991995564, 0.8740507803589337987, 0.9158074427356551750, 0.9578498683261811308, 1.000000000000000000 ),
 ( 0.0000000000000000000, 1.000000000000000000 ),
 .UNSPECIFIED. ) ;
#4190 = CARTESIAN_POINT ( 'NONE',  ( 0.3237179487179489001, 0.5500000000000000444, 0.1996647498741973836 ) ) ;
#4191 = FILL_AREA_STYLE ('',( #5764 ) ) ;
#4192 = VECTOR ( 'NONE', #8410, 1000.000000000000000 ) ;
#4193 = CARTESIAN_POINT ( 'NONE',  ( 0.5698381868868355182, 0.5399999999999999245, 0.2677609971160308522 ) ) ;
#4194 = ORIENTED_EDGE ( 'NONE', *, *, #8018, .T. ) ;
#4195 = SURFACE_STYLE_FILL_AREA ( #5651 ) ;
#4196 = CARTESIAN_POINT ( 'NONE',  ( -0.9100000000000002531, 0.0000000000000000000, 0.4999999999999994449 ) ) ;
#4197 = VECTOR ( 'NONE', #3396, 1000.000000000000000 ) ;
#4198 = UNCERTAINTY_MEASURE_WITH_UNIT (LENGTH_MEASURE( 1.000000000000000082E-05 ), #4987, 'distance_accuracy_value', 'NONE');
#4199 = EDGE_CURVE ( 'NONE', #9344, #2571, #5036, .T. ) ;
#4200 =( LENGTH_UNIT ( ) NAMED_UNIT ( * ) SI_UNIT ( .MILLI., .METRE. ) );
#4201 = CARTESIAN_POINT ( 'NONE',  ( -0.1506410256410256887, 0.5400000000000000355, 0.2829980832075307262 ) ) ;
#4202 = CARTESIAN_POINT ( 'NONE',  ( 0.6730865911249566125, 0.5399999999999998135, 0.1906260953272514158 ) ) ;
#4203 = STYLED_ITEM ( 'NONE', ( #6950 ), #4813 ) ;
#4204 = DIRECTION ( 'NONE',  ( 0.0000000000000000000, 1.000000000000000000, 0.0000000000000000000 ) ) ;
#4205 = CARTESIAN_POINT ( 'NONE',  ( 0.7000000000000002887, 0.1270000000000000018, -1.309999999999999387 ) ) ;
#4206 = AXIS2_PLACEMENT_3D ( 'NONE', #6318, #6417, #1724 ) ;
#4207 = CARTESIAN_POINT ( 'NONE',  ( -0.09999999999999961697, 0.1270000000000000018, 1.309999999999999609 ) ) ;
#4208 = CARTESIAN_POINT ( 'NONE',  ( -0.4638965087691837574, 0.5499999999999999334, 0.1445021107542047989 ) ) ;
#4209 = STYLED_ITEM ( 'NONE', ( #6842 ), #8200 ) ;
#4210 = SURFACE_STYLE_FILL_AREA ( #5624 ) ;
#4211 = EDGE_CURVE ( 'NONE', #3840, #7726, #6948, .T. ) ;
#4212 =( LENGTH_UNIT ( ) NAMED_UNIT ( * ) SI_UNIT ( .MILLI., .METRE. ) );
#4213 = SURFACE_STYLE_FILL_AREA ( #4840 ) ;
#4214 = EDGE_CURVE ( 'NONE', #9879, #8990, #8883, .T. ) ;
#4215 = CARTESIAN_POINT ( 'NONE',  ( -0.3006820146996193599, 0.5500000000000000444, 0.2505934064937091477 ) ) ;
#4216 = VERTEX_POINT ( 'NONE', #5919 ) ;
#4217 = CARTESIAN_POINT ( 'NONE',  ( -0.9000000000000002442, 0.1270000000000000018, -1.300000000000000266 ) ) ;
#4218 = MECHANICAL_DESIGN_GEOMETRIC_PRESENTATION_REPRESENTATION (  '', ( #7080 ), #4388 ) ;
#4219 = ORIENTED_EDGE ( 'NONE', *, *, #6295, .T. ) ;
#4220 = ADVANCED_FACE ( 'NONE', ( #6704 ), #7154, .T. ) ;
#4221 = CIRCLE ( 'NONE', #7278, 0.1000000000000000472 ) ;
#4222 = AXIS2_PLACEMENT_3D ( 'NONE', #5836, #8871, #9625 ) ;
#4223 = ORIENTED_EDGE ( 'NONE', *, *, #8736, .F. ) ;
#4224 = CARTESIAN_POINT ( 'NONE',  ( -0.9100000000000002531, 0.0000000000000000000, -0.5000000000000002220 ) ) ;
#4225 =( LENGTH_UNIT ( ) NAMED_UNIT ( * ) SI_UNIT ( .MILLI., .METRE. ) );
#4226 = AXIS2_PLACEMENT_3D ( 'NONE', #9436, #3412, #4866 ) ;
#4227 = PRESENTATION_STYLE_ASSIGNMENT (( #3620 ) ) ;
#4228 = VECTOR ( 'NONE', #9034, 1000.000000000000000 ) ;
#4229 = DIRECTION ( 'NONE',  ( -1.000000000000000000, 0.0000000000000000000, 0.0000000000000000000 ) ) ;
#4230 = ORIENTED_EDGE ( 'NONE', *, *, #8230, .T. ) ;
#4231 = COLOUR_RGB ( '',0.6666666666666666297, 0.6941176470588235059, 0.7647058823529411242 ) ;
#4232 = VERTEX_POINT ( 'NONE', #9106 ) ;
#4233 = B_SPLINE_CURVE_WITH_KNOTS ( 'NONE', 3,
 ( #3228, #865, #8593, #7122, #6248, #221, #3995, #1648, #7011, #2561, #907, #2443, #6273, #8561, #834 ),
 .UNSPECIFIED., .F., .F.,
 ( 4, 1, 1, 1, 1, 1, 1, 1, 1, 1, 1, 1, 4 ),
 ( 0.0000000000000000000, 0.09781818961471437646, 0.1997260534018267808, 0.3052763574779412403, 0.4158114905382924165, 0.4744722311435603523, 0.5372738797760977514, 0.6036574205596565434, 0.6742988630901257663, 0.7498344853162297596, 0.8285984767571020759, 0.9123777781577812052, 1.000000000000000000 ),
 .UNSPECIFIED. ) ;
#4234 = ORIENTED_EDGE ( 'NONE', *, *, #500, .F. ) ;
#4235 = CYLINDRICAL_SURFACE ( 'NONE', #7072, 0.09999999999999993616 ) ;
#4236 = ORIENTED_EDGE ( 'NONE', *, *, #8857, .F. ) ;
#4237 = DIRECTION ( 'NONE',  ( 0.0000000000000000000, 1.000000000000000000, 0.0000000000000000000 ) ) ;
#4238 = DIRECTION ( 'NONE',  ( -1.000000000000000000, 0.0000000000000000000, 0.0000000000000000000 ) ) ;
#4239 =( NAMED_UNIT ( * ) PLANE_ANGLE_UNIT ( ) SI_UNIT ( $, .RADIAN. ) );
#4240 = UNCERTAINTY_MEASURE_WITH_UNIT (LENGTH_MEASURE( 1.000000000000000082E-05 ), #9641, 'distance_accuracy_value', 'NONE');
#4241 = ORIENTED_EDGE ( 'NONE', *, *, #9426, .T. ) ;
#4242 = CARTESIAN_POINT ( 'NONE',  ( -0.2659755608974359031, 0.5400000000000000355, 0.2551535319254794598 ) ) ;
#4243 = DIRECTION ( 'NONE',  ( 0.5389504199129375728, 0.0000000000000000000, 0.8423374887037072822 ) ) ;
#4244 = LINE ( 'NONE', #8419, #1684 ) ;
#4245 = CARTESIAN_POINT ( 'NONE',  ( -0.4364493624662613702, 0.5399999999999999245, 0.05336914895936141490 ) ) ;
#4246 = VECTOR ( 'NONE', #9644, 1000.000000000000000 ) ;
#4247 = SURFACE_SIDE_STYLE ('',( #7295 ) ) ;
#4248 = CARTESIAN_POINT ( 'NONE',  ( -0.2659755608974359031, 0.5400000000000000355, 0.2551535319254794598 ) ) ;
#4249 = CARTESIAN_POINT ( 'NONE',  ( 0.6195080372088381804, 0.5500000000000000444, 0.2636046543551101018 ) ) ;
#4250 = LINE ( 'NONE', #2589, #2696 ) ;
#4251 = VECTOR ( 'NONE', #5188, 1000.000000000000000 ) ;
#4252 = ORIENTED_EDGE ( 'NONE', *, *, #6918, .T. ) ;
#4253 =( LENGTH_UNIT ( ) NAMED_UNIT ( * ) SI_UNIT ( .MILLI., .METRE. ) );
#4254 = CARTESIAN_POINT ( 'NONE',  ( 0.0000000000000000000, 0.5500000000000000444, 0.0000000000000000000 ) ) ;
#4255 = VECTOR ( 'NONE', #6778, 1000.000000000000000 ) ;
#4256 = AXIS2_PLACEMENT_3D ( 'NONE', #2067, #2868, #5178 ) ;
#4257 = PLANE ( 'NONE',  #8814 ) ;
#4258 = SURFACE_SIDE_STYLE ('',( #2694 ) ) ;
#4259 = SURFACE_STYLE_USAGE ( .BOTH. , #4939 ) ;
#4260 = EDGE_CURVE ( 'NONE', #3568, #3738, #455, .T. ) ;
#4261 = VECTOR ( 'NONE', #7755, 1000.000000000000000 ) ;
#4262 = FILL_AREA_STYLE ('',( #1917 ) ) ;
#4263 = VERTEX_POINT ( 'NONE', #5256 ) ;
#4264 = VECTOR ( 'NONE', #550, 1000.000000000000000 ) ;
#4265 = SURFACE_STYLE_USAGE ( .BOTH. , #8836 ) ;
#4266 = DIRECTION ( 'NONE',  ( -1.000000000000000000, 0.0000000000000000000, -0.0000000000000000000 ) ) ;
#4267 =( GEOMETRIC_REPRESENTATION_CONTEXT ( 3 ) GLOBAL_UNCERTAINTY_ASSIGNED_CONTEXT ( ( #3880 ) ) GLOBAL_UNIT_ASSIGNED_CONTEXT ( ( #7793, #3357, #81 ) ) REPRESENTATION_CONTEXT ( 'NONE', 'WORKASPACE' ) );
#4268 = ADVANCED_FACE ( 'NONE', ( #2554 ), #5226, .F. ) ;
#4269 = LINE ( 'NONE', #6721, #8802 ) ;
#4270 = ORIENTED_EDGE ( 'NONE', *, *, #7775, .T. ) ;
#4271 = DIRECTION ( 'NONE',  ( 0.0000000000000000000, -1.000000000000000000, 0.0000000000000000000 ) ) ;
#4272 =( NAMED_UNIT ( * ) SI_UNIT ( $, .STERADIAN. ) SOLID_ANGLE_UNIT ( ) );
#4273 = EDGE_CURVE ( 'NONE', #7928, #1422, #4587, .T. ) ;
#4274 = CARTESIAN_POINT ( 'NONE',  ( 0.7019230769230774269, 0.5400000000000000355, 0.2128358235921461172 ) ) ;
#4275 = DIRECTION ( 'NONE',  ( -0.0000000000000000000, -1.000000000000000000, -0.0000000000000000000 ) ) ;
#4276 = DIRECTION ( 'NONE',  ( 0.5473879298857832199, 0.0000000000000000000, -0.8368789961609485184 ) ) ;
#4277 = LINE ( 'NONE', #2523, #6032 ) ;
#4278 = EDGE_CURVE ( 'NONE', #3978, #8995, #8662, .T. ) ;
#4279 = PRESENTATION_LAYER_ASSIGNMENT (  '', '', ( #4775 ) ) ;
#4280 = CARTESIAN_POINT ( 'NONE',  ( 0.9000000000000000222, 0.5500000000000000444, 0.2999999999999997113 ) ) ;
#4281 = CARTESIAN_POINT ( 'NONE',  ( -0.1506410256410256887, 0.5400000000000000355, 0.1612032114126589200 ) ) ;
#4282 =( GEOMETRIC_REPRESENTATION_CONTEXT ( 3 ) GLOBAL_UNCERTAINTY_ASSIGNED_CONTEXT ( ( #2402 ) ) GLOBAL_UNIT_ASSIGNED_CONTEXT ( ( #8875, #5813, #9664 ) ) REPRESENTATION_CONTEXT ( 'NONE', 'WORKASPACE' ) );
#4283 = ORIENTED_EDGE ( 'NONE', *, *, #5189, .F. ) ;
#4284 = CARTESIAN_POINT ( 'NONE',  ( 0.3237179487179489001, 0.5400000000000000355, 0.1740237242331717227 ) ) ;
#4285 = CARTESIAN_POINT ( 'NONE',  ( -0.006410256410256351053, 0.5400000000000000355, 0.03299808320753071927 ) ) ;
#4286 = PRESENTATION_LAYER_ASSIGNMENT (  '', '', ( #4907 ) ) ;
#4287 = DIRECTION ( 'NONE',  ( 0.0000000000000000000, -0.0000000000000000000, 1.000000000000000000 ) ) ;
#4288 = LINE ( 'NONE', #2576, #2222 ) ;
#4289 = ORIENTED_EDGE ( 'NONE', *, *, #2391, .T. ) ;
#4290 = CARTESIAN_POINT ( 'NONE',  ( -0.9000000000000002442, 0.1270000000000000018, -1.300000000000000266 ) ) ;
#4291 = EDGE_CURVE ( 'NONE', #6408, #4842, #2165, .T. ) ;
#4292 = CARTESIAN_POINT ( 'NONE',  ( 0.6730865911249566125, 0.5499999999999997113, 0.1906260953272514158 ) ) ;
#4293 =( NAMED_UNIT ( * ) SI_UNIT ( $, .STERADIAN. ) SOLID_ANGLE_UNIT ( ) );
#4294 = ORIENTED_EDGE ( 'NONE', *, *, #8366, .T. ) ;
#4295 = DIRECTION ( 'NONE',  ( 1.000000000000000000, 0.0000000000000000000, 0.0000000000000000000 ) ) ;
#4296 = PRESENTATION_LAYER_ASSIGNMENT (  '', '', ( #2209 ) ) ;
#4297 = ORIENTED_EDGE ( 'NONE', *, *, #4032, .T. ) ;
#4298 = PRESENTATION_STYLE_ASSIGNMENT (( #7885 ) ) ;
#4299 = CARTESIAN_POINT ( 'NONE',  ( -0.4242486589629290705, 0.5399999999999999245, 0.2406034758313011501 ) ) ;
#4300 = ORIENTED_EDGE ( 'NONE', *, *, #1683, .F. ) ;
#4301 = CARTESIAN_POINT ( 'NONE',  ( -0.001702724358974296547, 0.5400000000000000355, 0.03299808320753071927 ) ) ;
#4302 = CARTESIAN_POINT ( 'NONE',  ( 0.4198717948717952675, 0.5500000000000000444, 0.2829980832075307262 ) ) ;
#4303 =( LENGTH_UNIT ( ) NAMED_UNIT ( * ) SI_UNIT ( .MILLI., .METRE. ) );
#4304 = UNCERTAINTY_MEASURE_WITH_UNIT (LENGTH_MEASURE( 1.000000000000000082E-05 ), #6853, 'distance_accuracy_value', 'NONE');
#4305 = STYLED_ITEM ( 'NONE', ( #6606 ), #3912 ) ;
#4306 = CARTESIAN_POINT ( 'NONE',  ( 0.1000000000000004774, 0.0000000000000000000, -1.309999999999999387 ) ) ;
#4307 = CARTESIAN_POINT ( 'NONE',  ( -0.4849713829259246212, 0.5399999999999999245, 0.1850860972477258726 ) ) ;
#4308 =( NAMED_UNIT ( * ) PLANE_ANGLE_UNIT ( ) SI_UNIT ( $, .RADIAN. ) );
#4309 =( LENGTH_UNIT ( ) NAMED_UNIT ( * ) SI_UNIT ( .MILLI., .METRE. ) );
#4310 = ADVANCED_FACE ( 'NONE', ( #9588 ), #7275, .T. ) ;
#4311 = DIRECTION ( 'NONE',  ( 0.6322048658461618675, 0.0000000000000000000, 0.7748012697462726139 ) ) ;
#4312 = CARTESIAN_POINT ( 'NONE',  ( 0.2275641025641027271, 0.5400000000000000355, 0.1996647498741973836 ) ) ;
#4313 = SURFACE_STYLE_USAGE ( .BOTH. , #5734 ) ;
#4314 = PRESENTATION_STYLE_ASSIGNMENT (( #8652 ) ) ;
#4315 = LINE ( 'NONE', #147, #672 ) ;
#4316 = LINE ( 'NONE', #2242, #7047 ) ;
#4317 = EDGE_CURVE ( 'NONE', #9341, #7842, #3399, .T. ) ;
#4318 = CARTESIAN_POINT ( 'NONE',  ( -0.4242486589629290705, 0.5499999999999994893, 0.2406034758313011501 ) ) ;
#4319 = VECTOR ( 'NONE', #6386, 1000.000000000000000 ) ;
#4320 = EDGE_CURVE ( 'NONE', #252, #5750, #6961, .T. ) ;
#4321 = ORIENTED_EDGE ( 'NONE', *, *, #3768, .F. ) ;
#4322 = CARTESIAN_POINT ( 'NONE',  ( -0.3549178685897436125, 0.5500000000000000444, 0.1804339806434281379 ) ) ;
#4323 = FILL_AREA_STYLE ('',( #5807 ) ) ;
#4324 = ORIENTED_EDGE ( 'NONE', *, *, #3304, .F. ) ;
#4325 = FILL_AREA_STYLE_COLOUR ( '', #3198 ) ;
#4326 = PRESENTATION_LAYER_ASSIGNMENT (  '', '', ( #7208 ) ) ;
#4327 = VECTOR ( 'NONE', #5212, 1000.000000000000000 ) ;
#4328 = VECTOR ( 'NONE', #1114, 1000.000000000000000 ) ;
#4329 = ORIENTED_EDGE ( 'NONE', *, *, #9635, .F. ) ;
#4330 = STYLED_ITEM ( 'NONE', ( #418 ), #1773 ) ;
#4331 = DIRECTION ( 'NONE',  ( -1.000000000000000000, 0.0000000000000000000, -0.0000000000000000000 ) ) ;
#4332 = SURFACE_STYLE_FILL_AREA ( #5044 ) ;
#4333 = VERTEX_POINT ( 'NONE', #7463 ) ;
#4334 = DIRECTION ( 'NONE',  ( -0.7748012697462727250, 0.0000000000000000000, 0.6322048658461618675 ) ) ;
#4335 = SURFACE_STYLE_USAGE ( .BOTH. , #295 ) ;
#4336 = VERTEX_POINT ( 'NONE', #4471 ) ;
#4337 = PRESENTATION_LAYER_ASSIGNMENT (  '', '', ( #5199 ) ) ;
#4338 = LINE ( 'NONE', #2688, #7427 ) ;
#4339 = ORIENTED_EDGE ( 'NONE', *, *, #373, .F. ) ;
#4340 = SURFACE_SIDE_STYLE ('',( #7768 ) ) ;
#4341 = MECHANICAL_DESIGN_GEOMETRIC_PRESENTATION_REPRESENTATION (  '', ( #6177 ), #3773 ) ;
#4342 = DIRECTION ( 'NONE',  ( 0.0000000000000000000, 1.000000000000000000, 0.0000000000000000000 ) ) ;
#4343 = ORIENTED_EDGE ( 'NONE', *, *, #1090, .T. ) ;
#4344 = CARTESIAN_POINT ( 'NONE',  ( 0.9100000000000002531, 0.0000000000000000000, -0.5000000000000002220 ) ) ;
#4345 = MECHANICAL_DESIGN_GEOMETRIC_PRESENTATION_REPRESENTATION (  '', ( #8626 ), #9642 ) ;
#4346 = DIRECTION ( 'NONE',  ( 0.0000000000000000000, 1.000000000000000000, 0.0000000000000000000 ) ) ;
#4347 =( LENGTH_UNIT ( ) NAMED_UNIT ( * ) SI_UNIT ( .MILLI., .METRE. ) );
#4348 = COLOUR_RGB ( '',1.000000000000000000, 1.000000000000000000, 1.000000000000000000 ) ;
#4349 =( NAMED_UNIT ( * ) SI_UNIT ( $, .STERADIAN. ) SOLID_ANGLE_UNIT ( ) );
#4350 = CARTESIAN_POINT ( 'NONE',  ( 0.6174224925545093168, 0.5399999999999999245, 0.1645724674043930191 ) ) ;
#4351 = LINE ( 'NONE', #5494, #2929 ) ;
#4352 = LINE ( 'NONE', #7537, #4228 ) ;
#4353 = ORIENTED_EDGE ( 'NONE', *, *, #3768, .T. ) ;
#4354 = DIRECTION ( 'NONE',  ( -1.668003342285391551E-16, 0.0000000000000000000, -1.000000000000000000 ) ) ;
#4355 = ORIENTED_EDGE ( 'NONE', *, *, #7458, .F. ) ;
#4356 = DIRECTION ( 'NONE',  ( 0.0000000000000000000, 0.0000000000000000000, -1.000000000000000000 ) ) ;
#4357 = ADVANCED_FACE ( 'NONE', ( #7444 ), #9705, .T. ) ;
#4358 = DIRECTION ( 'NONE',  ( -1.000000000000000000, 0.0000000000000000000, 0.0000000000000000000 ) ) ;
#4359 = STYLED_ITEM ( 'NONE', ( #2302 ), #8012 ) ;
#4360 = DIRECTION ( 'NONE',  ( 0.0000000000000000000, 0.0000000000000000000, -1.000000000000000000 ) ) ;
#4361 = COLOUR_RGB ( '',1.000000000000000000, 1.000000000000000000, 1.000000000000000000 ) ;
#4362 = ORIENTED_EDGE ( 'NONE', *, *, #9368, .T. ) ;
#4363 = DIRECTION ( 'NONE',  ( 1.000000000000000000, 0.0000000000000000000, 0.0000000000000000000 ) ) ;
#4364 = CARTESIAN_POINT ( 'NONE',  ( -0.4549212002572924352, 0.5500000000000000444, 0.07086291415428982998 ) ) ;
#4365 = FACE_BOUND ( 'NONE', #9219, .T. ) ;
#4366 = FILL_AREA_STYLE_COLOUR ( '', #9318 ) ;
#4367 = LINE ( 'NONE', #2311, #3659 ) ;
#4368 = ORIENTED_EDGE ( 'NONE', *, *, #2205, .F. ) ;
#4369 = CARTESIAN_POINT ( 'NONE',  ( 0.9100000000000002531, 0.1270000000000000018, 0.2999999999999997113 ) ) ;
#4370 = CARTESIAN_POINT ( 'NONE',  ( 0.6794478728446803339, 0.5399999999999999245, 0.2124812334167374694 ) ) ;
#4371 = EDGE_CURVE ( 'NONE', #231, #8623, #2922, .T. ) ;
#4372 = DIRECTION ( 'NONE',  ( 0.0000000000000000000, 0.0000000000000000000, -1.000000000000000000 ) ) ;
#4373 =( LENGTH_UNIT ( ) NAMED_UNIT ( * ) SI_UNIT ( .MILLI., .METRE. ) );
#4374 = SURFACE_STYLE_FILL_AREA ( #6452 ) ;
#4375 = ORIENTED_EDGE ( 'NONE', *, *, #4685, .F. ) ;
#4376 = CARTESIAN_POINT ( 'NONE',  ( -0.3967264533109700064, 0.5400000000000001465, 0.2563023744178414831 ) ) ;
#4377 = AXIS2_PLACEMENT_3D ( 'NONE', #2832, #8903, #4455 ) ;
#4378 = CARTESIAN_POINT ( 'NONE',  ( 0.6921041906597199533, 0.5400000000000001465, 0.2517231495353542958 ) ) ;
#4379 = AXIS2_PLACEMENT_3D ( 'NONE', #8247, #3688, #456 ) ;
#4380 = SURFACE_STYLE_FILL_AREA ( #2709 ) ;
#4381 = SURFACE_SIDE_STYLE ('',( #8325 ) ) ;
#4382 = EDGE_CURVE ( 'NONE', #7803, #5938, #1424, .T. ) ;
#4383 = CARTESIAN_POINT ( 'NONE',  ( -0.2890441973124194264, 0.5500000000000001554, 0.07415029395470972007 ) ) ;
#4384 = SURFACE_SIDE_STYLE ('',( #655 ) ) ;
#4385 = ORIENTED_EDGE ( 'NONE', *, *, #4145, .T. ) ;
#4386 = DIRECTION ( 'NONE',  ( 0.0000000000000000000, -0.0000000000000000000, -1.000000000000000000 ) ) ;
#4387 = ORIENTED_EDGE ( 'NONE', *, *, #7439, .T. ) ;
#4388 =( GEOMETRIC_REPRESENTATION_CONTEXT ( 3 ) GLOBAL_UNCERTAINTY_ASSIGNED_CONTEXT ( ( #9681 ) ) GLOBAL_UNIT_ASSIGNED_CONTEXT ( ( #118, #6277, #87 ) ) REPRESENTATION_CONTEXT ( 'NONE', 'WORKASPACE' ) );
#4390 = STYLED_ITEM ( 'NONE', ( #659 ), #5878 ) ;
#4389 = VECTOR ( 'NONE', #3475, 1000.000000000000000 ) ;
#4391 =( NAMED_UNIT ( * ) SI_UNIT ( $, .STERADIAN. ) SOLID_ANGLE_UNIT ( ) );
#4392 = CARTESIAN_POINT ( 'NONE',  ( 0.1858974358974359864, 0.5400000000000000355, 0.03299808320753071927 ) ) ;
#4393 = STYLED_ITEM ( 'NONE', ( #7907 ), #2854 ) ;
#4394 = B_SPLINE_SURFACE_WITH_KNOTS ( 'NONE', 3, 1, ( 
 ( #889, #7710 ),
 ( #9211, #8518 ),
 ( #1566, #4771 ),
 ( #780, #8547 ),
 ( #7682, #6263 ),
 ( #6164, #5419 ),
 ( #9278, #7069 ),
 ( #128, #3147 ),
 ( #5522, #6195 ),
 ( #64, #5452 ),
 ( #8448, #6231 ),
 ( #3984, #6999 ),
 ( #2431, #1670 ),
 ( #9308, #7032 ),
 ( #3246, #2472 ) ),
 .UNSPECIFIED., .F., .F., .F.,
 ( 4, 1, 1, 1, 1, 1, 1, 1, 1, 1, 1, 1, 4 ),
 ( 2, 2 ),
 ( 0.0000000000000000000, 0.09781818961471437646, 0.1997260534018267808, 0.3052763574779412403, 0.4158114905382924165, 0.4744722311435603523, 0.5372738797760977514, 0.6036574205596565434, 0.6742988630901257663, 0.7498344853162297596, 0.8285984767571020759, 0.9123777781577812052, 1.000000000000000000 ),
 ( 0.0000000000000000000, 1.000000000000000000 ),
 .UNSPECIFIED. ) ;
#4395 = CARTESIAN_POINT ( 'NONE',  ( -0.9000000000000002442, 0.05000000000000000278, -1.300000000000000266 ) ) ;
#4396 = ORIENTED_EDGE ( 'NONE', *, *, #7053, .T. ) ;
#4397 = CARTESIAN_POINT ( 'NONE',  ( -0.4652417168135699055, 0.5500000000000000444, 0.08466417358806603566 ) ) ;
#4398 = FILL_AREA_STYLE ('',( #9772 ) ) ;
#4400 = ADVANCED_FACE ( 'NONE', ( #954 ), #8263, .T. ) ;
#4399 =( GEOMETRIC_REPRESENTATION_CONTEXT ( 3 ) GLOBAL_UNCERTAINTY_ASSIGNED_CONTEXT ( ( #1991 ) ) GLOBAL_UNIT_ASSIGNED_CONTEXT ( ( #1376, #9064, #3739 ) ) REPRESENTATION_CONTEXT ( 'NONE', 'WORKASPACE' ) );
#4401 = VERTEX_POINT ( 'NONE', #5942 ) ;
#4402 = FILL_AREA_STYLE_COLOUR ( '', #9090 ) ;
#4403 = SURFACE_SIDE_STYLE ('',( #8381 ) ) ;
#4404 = SURFACE_SIDE_STYLE ('',( #7997 ) ) ;
#4405 = LINE ( 'NONE', #3059, #7156 ) ;
#4406 = SURFACE_SIDE_STYLE ('',( #2284 ) ) ;
#4407 = MECHANICAL_DESIGN_GEOMETRIC_PRESENTATION_REPRESENTATION (  '', ( #1109 ), #8179 ) ;
#4408 = DIRECTION ( 'NONE',  ( 0.0000000000000000000, -1.000000000000000000, 0.0000000000000000000 ) ) ;
#4409 = VERTEX_POINT ( 'NONE', #8333 ) ;
#4410 = LINE ( 'NONE', #6543, #3223 ) ;
#4411 = SURFACE_STYLE_FILL_AREA ( #5351 ) ;
#4412 = MECHANICAL_DESIGN_GEOMETRIC_PRESENTATION_REPRESENTATION (  '', ( #3649 ), #5668 ) ;
#4413 = DIRECTION ( 'NONE',  ( -0.0000000000000000000, 1.000000000000000000, -0.0000000000000000000 ) ) ;
#4414 = ORIENTED_EDGE ( 'NONE', *, *, #1985, .F. ) ;
#4415 = CARTESIAN_POINT ( 'NONE',  ( 0.6965311569742302922, 0.5400000000000000355, 0.2427979230090413221 ) ) ;
#4416 = SURFACE_STYLE_USAGE ( .BOTH. , #8986 ) ;
#4417 = UNCERTAINTY_MEASURE_WITH_UNIT (LENGTH_MEASURE( 1.000000000000000082E-05 ), #6523, 'distance_accuracy_value', 'NONE');
#4418 = CARTESIAN_POINT ( 'NONE',  ( 0.6722253718036056425, 0.5400000000000000355, 0.2738987261294456577 ) ) ;
#4419 =( NAMED_UNIT ( * ) SI_UNIT ( $, .STERADIAN. ) SOLID_ANGLE_UNIT ( ) );
#4420 = CARTESIAN_POINT ( 'NONE',  ( -0.9100000000000002531, 0.1270000000000000018, -0.1000000000000001860 ) ) ;
#4421 = PRESENTATION_STYLE_ASSIGNMENT (( #9951 ) ) ;
#4422 = DIRECTION ( 'NONE',  ( 0.0000000000000000000, 0.0000000000000000000, -1.000000000000000000 ) ) ;
#4423 = FACE_OUTER_BOUND ( 'NONE', #1172, .T. ) ;
#4424 = COLOUR_RGB ( '',0.6666666666666666297, 0.6941176470588235059, 0.7647058823529411242 ) ;
#4425 = DIRECTION ( 'NONE',  ( -0.0000000000000000000, -0.0000000000000000000, -1.000000000000000000 ) ) ;
#4426 = ORIENTED_EDGE ( 'NONE', *, *, #4032, .F. ) ;
#4427 = CARTESIAN_POINT ( 'NONE',  ( -0.4870623779726067082, 0.5500000000000000444, 0.1501997491738564228 ) ) ;
#4428 =( NAMED_UNIT ( * ) SI_UNIT ( $, .STERADIAN. ) SOLID_ANGLE_UNIT ( ) );
#4429 = FACE_OUTER_BOUND ( 'NONE', #7546, .T. ) ;
#4430 = DIRECTION ( 'NONE',  ( -0.0000000000000000000, 0.0000000000000000000, -1.000000000000000000 ) ) ;
#4431 = CARTESIAN_POINT ( 'NONE',  ( 0.6230468750000004441, 0.5400000000000000355, 0.1644083396177871415 ) ) ;
#4432 =( NAMED_UNIT ( * ) PLANE_ANGLE_UNIT ( ) SI_UNIT ( $, .RADIAN. ) );
#4433 = VECTOR ( 'NONE', #3211, 1000.000000000000000 ) ;
#4434 = CARTESIAN_POINT ( 'NONE',  ( 0.5713220435601117364, 0.5499999999999996003, 0.2042229707491469426 ) ) ;
#4435 = ORIENTED_EDGE ( 'NONE', *, *, #6036, .T. ) ;
#4436 = EDGE_LOOP ( 'NONE', ( #1334, #2970, #1360, #1053 ) ) ;
#4437 = FACE_OUTER_BOUND ( 'NONE', #2864, .T. ) ;
#4438 = VERTEX_POINT ( 'NONE', #4553 ) ;
#4439 = EDGE_CURVE ( 'NONE', #9188, #6929, #8280, .T. ) ;
#4440 = CARTESIAN_POINT ( 'NONE',  ( -0.2688802061667489030, 0.5499999999999994893, 0.09317898017535029831 ) ) ;
#4441 = FACE_OUTER_BOUND ( 'NONE', #7743, .T. ) ;
#4442 = EDGE_CURVE ( 'NONE', #9637, #2366, #5275, .T. ) ;
#4443 = CARTESIAN_POINT ( 'NONE',  ( -0.4380673736081140968, 0.5400000000000001465, 0.08810150321857432298 ) ) ;
#4444 = ORIENTED_EDGE ( 'NONE', *, *, #5718, .F. ) ;
#4445 = ADVANCED_FACE ( 'NONE', ( #6715 ), #4620, .T. ) ;
#4446 = ORIENTED_EDGE ( 'NONE', *, *, #7592, .T. ) ;
#4447 = CARTESIAN_POINT ( 'NONE',  ( -0.1999999999999995393, 0.1270000000000000018, 0.9099999999999999201 ) ) ;
#4448 = EDGE_CURVE ( 'NONE', #9695, #8932, #827, .T. ) ;
#4449 = ORIENTED_EDGE ( 'NONE', *, *, #2594, .F. ) ;
#4450 = DIRECTION ( 'NONE',  ( -0.0000000000000000000, -1.000000000000000000, -0.0000000000000000000 ) ) ;
#4451 = MECHANICAL_DESIGN_GEOMETRIC_PRESENTATION_REPRESENTATION (  '', ( #2255 ), #3112 ) ;
#4452 = ORIENTED_EDGE ( 'NONE', *, *, #5648, .T. ) ;
#4453 = CARTESIAN_POINT ( 'NONE',  ( 0.6866054490180238945, 0.5399999999999998135, 0.2600090473623613563 ) ) ;
#4454 = STYLED_ITEM ( 'NONE', ( #4064 ), #2117 ) ;
#4455 = DIRECTION ( 'NONE',  ( 0.0000000000000000000, 0.0000000000000000000, 1.000000000000000000 ) ) ;
#4456 = COLOUR_RGB ( '',1.000000000000000000, 1.000000000000000000, 1.000000000000000000 ) ;
#4457 = SURFACE_SIDE_STYLE ('',( #495 ) ) ;
#4458 = STYLED_ITEM ( 'NONE', ( #5126 ), #8824 ) ;
#4459 = ORIENTED_EDGE ( 'NONE', *, *, #3039, .T. ) ;
#4460 = EDGE_CURVE ( 'NONE', #5299, #1071, #571, .T. ) ;
#4461 = DIRECTION ( 'NONE',  ( 0.0000000000000000000, 1.000000000000000000, 0.0000000000000000000 ) ) ;
#4462 = DIRECTION ( 'NONE',  ( 1.000000000000000000, 0.0000000000000000000, -0.0000000000000000000 ) ) ;
#4463 = AXIS2_PLACEMENT_3D ( 'NONE', #2733, #9488, #9591 ) ;
#4464 = PLANE ( 'NONE',  #8363 ) ;
#4465 = COLOUR_RGB ( '',1.000000000000000000, 1.000000000000000000, 1.000000000000000000 ) ;
#4466 = CARTESIAN_POINT ( 'NONE',  ( -0.2626500012391022043, 0.5500000000000000444, 0.2518291224111581794 ) ) ;
#4467 = MECHANICAL_DESIGN_GEOMETRIC_PRESENTATION_REPRESENTATION (  '', ( #3210 ), #9524 ) ;
#4468 =( NAMED_UNIT ( * ) SI_UNIT ( $, .STERADIAN. ) SOLID_ANGLE_UNIT ( ) );
#4469 = CARTESIAN_POINT ( 'NONE',  ( 0.3000000000000003775, 0.0000000000000000000, -1.009999999999999343 ) ) ;
#4470 = CARTESIAN_POINT ( 'NONE',  ( 0.6100000000000005418, 0.0000000000000000000, -0.6000000000000004219 ) ) ;
#4471 = CARTESIAN_POINT ( 'NONE',  ( 0.6100000000000000977, 0.04999999999999999584, -0.1000000000000001860 ) ) ;
#4472 = ORIENTED_EDGE ( 'NONE', *, *, #3245, .T. ) ;
#4473 = CARTESIAN_POINT ( 'NONE',  ( -0.2468228078319960606, 0.5400000000000001465, 0.1552249199741471686 ) ) ;
#4474 = ORIENTED_EDGE ( 'NONE', *, *, #6235, .T. ) ;
#4475 = LINE ( 'NONE', #2374, #1954 ) ;
#4476 = CARTESIAN_POINT ( 'NONE',  ( -0.6100000000000003197, 0.0000000000000000000, 0.6999999999999997335 ) ) ;
#4477 = VERTEX_POINT ( 'NONE', #9912 ) ;
#4478 = CARTESIAN_POINT ( 'NONE',  ( -0.6099999999999998757, 0.1270000000000000018, 0.2999999999999997113 ) ) ;
#4479 = VECTOR ( 'NONE', #5672, 1000.000000000000000 ) ;
#4480 =( LENGTH_UNIT ( ) NAMED_UNIT ( * ) SI_UNIT ( .MILLI., .METRE. ) );
#4481 = UNCERTAINTY_MEASURE_WITH_UNIT (LENGTH_MEASURE( 1.000000000000000082E-05 ), #9861, 'distance_accuracy_value', 'NONE');
#4482 =( NAMED_UNIT ( * ) PLANE_ANGLE_UNIT ( ) SI_UNIT ( $, .RADIAN. ) );
#4483 = UNCERTAINTY_MEASURE_WITH_UNIT (LENGTH_MEASURE( 1.000000000000000082E-05 ), #8441, 'distance_accuracy_value', 'NONE');
#4484 = SURFACE_SIDE_STYLE ('',( #6817 ) ) ;
#4485 = CARTESIAN_POINT ( 'NONE',  ( -0.05128205128205132191, 0.5400000000000000355, 0.05863910884855633859 ) ) ;
#4486 = VERTEX_POINT ( 'NONE', #7665 ) ;
#4487 = CARTESIAN_POINT ( 'NONE',  ( -0.9100000000000002531, 0.0000000000000000000, -0.3000000000000005995 ) ) ;
#4488 = CARTESIAN_POINT ( 'NONE',  ( -0.3391516021647830725, 0.5400000000000000355, 0.2629280946248044870 ) ) ;
#4489 = VERTEX_POINT ( 'NONE', #5370 ) ;
#4490 =( LENGTH_UNIT ( ) NAMED_UNIT ( * ) SI_UNIT ( .MILLI., .METRE. ) );
#4491 = CARTESIAN_POINT ( 'NONE',  ( 0.3000000000000003775, 0.1270000000000000018, -1.309999999999999387 ) ) ;
#4492 = ADVANCED_FACE ( 'NONE', ( #7925 ), #9947, .F. ) ;
#4493 = CARTESIAN_POINT ( 'NONE',  ( 0.6040586233842186736, 0.5500000000000000444, 0.2601784906336003789 ) ) ;
#4494 = SURFACE_SIDE_STYLE ('',( #1660 ) ) ;
#4495 = SURFACE_STYLE_FILL_AREA ( #711 ) ;
#4496 = DIRECTION ( 'NONE',  ( -0.0000000000000000000, -1.000000000000000000, -0.0000000000000000000 ) ) ;
#4497 = VECTOR ( 'NONE', #8188, 1000.000000000000000 ) ;
#4498 = CARTESIAN_POINT ( 'NONE',  ( 0.6552022709393167110, 0.5500000000000001554, 0.2556730261468869170 ) ) ;
#4499 = EDGE_LOOP ( 'NONE', ( #7681, #6306, #4870, #7672 ) ) ;
#4500 = EDGE_CURVE ( 'NONE', #5271, #2938, #3735, .T. ) ;
#4501 = CARTESIAN_POINT ( 'NONE',  ( 0.5740904954626621093, 0.5400000000000000355, 0.1949797029654818936 ) ) ;
#4502 = ORIENTED_EDGE ( 'NONE', *, *, #893, .F. ) ;
#4503 = EDGE_CURVE ( 'NONE', #4100, #2821, #5749, .T. ) ;
#4504 = CARTESIAN_POINT ( 'NONE',  ( -0.4490528899183571787, 0.5500000000000000444, 0.2514340889735305340 ) ) ;
#4505 = EDGE_LOOP ( 'NONE', ( #1712, #1500, #5302, #3929, #3442, #5457 ) ) ;
#4506 = CARTESIAN_POINT ( 'NONE',  ( -0.3347747398481563663, 0.5499999999999993783, 0.05414826518947175177 ) ) ;
#4507 = MECHANICAL_DESIGN_GEOMETRIC_PRESENTATION_REPRESENTATION (  '', ( #1531 ), #9114 ) ;
#4508 = EDGE_LOOP ( 'NONE', ( #5207, #728, #3786, #2779 ) ) ;
#4509 = DIRECTION ( 'NONE',  ( -1.000000000000000000, 0.0000000000000000000, -0.0000000000000000000 ) ) ;
#4510 = ORIENTED_EDGE ( 'NONE', *, *, #8291, .T. ) ;
#4511 = LINE ( 'NONE', #723, #1361 ) ;
#4512 = VECTOR ( 'NONE', #1083, 1000.000000000000000 ) ;
#4513 = AXIS2_PLACEMENT_3D ( 'NONE', #4090, #3248, #4739 ) ;
#4514 = EDGE_CURVE ( 'NONE', #6292, #1287, #9578, .T. ) ;
#4515 = EDGE_CURVE ( 'NONE', #1134, #3311, #2285, .T. ) ;
#4516 = DIRECTION ( 'NONE',  ( 0.0000000000000000000, -1.000000000000000000, 0.0000000000000000000 ) ) ;
#4517 =( LENGTH_UNIT ( ) NAMED_UNIT ( * ) SI_UNIT ( .MILLI., .METRE. ) );
#4518 = DIRECTION ( 'NONE',  ( -0.0000000000000000000, 0.0000000000000000000, -1.000000000000000000 ) ) ;
#4519 = AXIS2_PLACEMENT_3D ( 'NONE', #4857, #6317, #839 ) ;
#4520 = ORIENTED_EDGE ( 'NONE', *, *, #2008, .F. ) ;
#4521 = UNCERTAINTY_MEASURE_WITH_UNIT (LENGTH_MEASURE( 1.000000000000000082E-05 ), #4103, 'distance_accuracy_value', 'NONE');
#4522 = CIRCLE ( 'NONE', #2935, 0.1250000000000000000 ) ;
#4523 = STYLED_ITEM ( 'NONE', ( #6300 ), #6635 ) ;
#4524 = DIRECTION ( 'NONE',  ( 0.5389504199129376838, 0.0000000000000000000, 0.8423374887037071712 ) ) ;
#4525 = LINE ( 'NONE', #726, #6065 ) ;
#4526 = CARTESIAN_POINT ( 'NONE',  ( 0.6304919537938722396, 0.5500000000000001554, 0.2636046416015364047 ) ) ;
#4527 = CARTESIAN_POINT ( 'NONE',  ( 0.5714418835817303144, 0.5500000000000002665, 0.2240710762821734314 ) ) ;
#4528 = SURFACE_SIDE_STYLE ('',( #2130 ) ) ;
#4529 = SURFACE_SIDE_STYLE ('',( #9867 ) ) ;
#4530 = DIRECTION ( 'NONE',  ( 1.000000000000000000, 0.0000000000000000000, 0.0000000000000000000 ) ) ;
#4531 =( NAMED_UNIT ( * ) PLANE_ANGLE_UNIT ( ) SI_UNIT ( $, .RADIAN. ) );
#4532 = LINE ( 'NONE', #5008, #2758 ) ;
#4533 = SURFACE_SIDE_STYLE ('',( #4940 ) ) ;
#4534 = LINE ( 'NONE', #9169, #2002 ) ;
#4535 = DIRECTION ( 'NONE',  ( 1.000000000000000000, 0.0000000000000000000, 0.0000000000000000000 ) ) ;
#4536 = CARTESIAN_POINT ( 'NONE',  ( -0.4579618483150065256, 0.5500000000000002665, 0.2417658528313244570 ) ) ;
#4537 = CARTESIAN_POINT ( 'NONE',  ( -0.3596152761805241904, 0.5400000000000000355, 0.2892988148748784072 ) ) ;
#4538 = PRESENTATION_LAYER_ASSIGNMENT (  '', '', ( #3537 ) ) ;
#4539 = CARTESIAN_POINT ( 'NONE',  ( -0.3535469946221052040, 0.5400000000000000355, 0.05225815159114414327 ) ) ;
#4540 = DIRECTION ( 'NONE',  ( 0.0000000000000000000, 0.0000000000000000000, -1.000000000000000000 ) ) ;
#4541 = VECTOR ( 'NONE', #1018, 1000.000000000000000 ) ;
#4542 = LINE ( 'NONE', #9158, #5013 ) ;
#4543 = CYLINDRICAL_SURFACE ( 'NONE', #4098, 0.09999999999999982514 ) ;
#4544 = DIRECTION ( 'NONE',  ( 1.000000000000000000, 0.0000000000000000000, -0.0000000000000000000 ) ) ;
#4545 = VECTOR ( 'NONE', #2776, 1000.000000000000000 ) ;
#4546 = CARTESIAN_POINT ( 'NONE',  ( -0.2390477826471273659, 0.5500000000000000444, 0.09556852096005893915 ) ) ;
#4547 = ORIENTED_EDGE ( 'NONE', *, *, #9317, .T. ) ;
#4548 = AXIS2_PLACEMENT_3D ( 'NONE', #6009, #3733, #9059 ) ;
#4549 = DIRECTION ( 'NONE',  ( 1.000000000000000000, 0.0000000000000000000, 0.0000000000000000000 ) ) ;
#4550 = ORIENTED_EDGE ( 'NONE', *, *, #2986, .T. ) ;
#4551 = ADVANCED_FACE ( 'NONE', ( #213 ), #1650, .T. ) ;
#4552 = COLOUR_RGB ( '',0.6666666666666666297, 0.6941176470588235059, 0.7647058823529411242 ) ;
#4553 = CARTESIAN_POINT ( 'NONE',  ( -0.2243589743589743390, 0.5499999999999999334, 0.1582985639767614805 ) ) ;
#4554 = CARTESIAN_POINT ( 'NONE',  ( -0.2456670660741109569, 0.5399999999999998135, 0.08464233145346905518 ) ) ;
#4555 = LINE ( 'NONE', #4111, #3023 ) ;
#4556 = EDGE_CURVE ( 'NONE', #4477, #5986, #3144, .T. ) ;
#4557 = CARTESIAN_POINT ( 'NONE',  ( 0.5705128205128210395, 0.5500000000000001554, 0.2141879870536846087 ) ) ;
#4558 = LINE ( 'NONE', #9568, #1666 ) ;
#4559 = VERTEX_POINT ( 'NONE', #3199 ) ;
#4560 = CARTESIAN_POINT ( 'NONE',  ( -0.6776342147435898688, 0.5500000000000000444, 0.03299808320753071927 ) ) ;
#4561 = VECTOR ( 'NONE', #1400, 1000.000000000000000 ) ;
#4562 = ORIENTED_EDGE ( 'NONE', *, *, #6098, .F. ) ;
#4563 = CARTESIAN_POINT ( 'NONE',  ( -0.6808393429487180626, 0.5400000000000000355, 0.2829980832075307262 ) ) ;
#4564 = SURFACE_SIDE_STYLE ('',( #1152 ) ) ;
#4565 = VERTEX_POINT ( 'NONE', #7796 ) ;
#4566 =( NAMED_UNIT ( * ) SI_UNIT ( $, .STERADIAN. ) SOLID_ANGLE_UNIT ( ) );
#4567 = CARTESIAN_POINT ( 'NONE',  ( -0.6999999999999991784, 0.05000000000000000278, -2.529805069132841379E-16 ) ) ;
#4568 = EDGE_LOOP ( 'NONE', ( #3874, #9456, #1438, #6867 ) ) ;
#4569 =( GEOMETRIC_REPRESENTATION_CONTEXT ( 3 ) GLOBAL_UNCERTAINTY_ASSIGNED_CONTEXT ( ( #2194 ) ) GLOBAL_UNIT_ASSIGNED_CONTEXT ( ( #266, #2705, #1087 ) ) REPRESENTATION_CONTEXT ( 'NONE', 'WORKASPACE' ) );
#4570 = VECTOR ( 'NONE', #9292, 1000.000000000000000 ) ;
#4571 = AXIS2_PLACEMENT_3D ( 'NONE', #2017, #1200, #4356 ) ;
#4572 = COLOUR_RGB ( '',1.000000000000000000, 1.000000000000000000, 1.000000000000000000 ) ;
#4573 = ORIENTED_EDGE ( 'NONE', *, *, #6680, .T. ) ;
#4574 = CARTESIAN_POINT ( 'NONE',  ( -0.3685627476083792597, 0.5400000000000001465, 0.2890833027849579739 ) ) ;
#4575 = EDGE_CURVE ( 'NONE', #3840, #4740, #2907, .T. ) ;
#4576 = CARTESIAN_POINT ( 'NONE',  ( -0.2468780324543574101, 0.5400000000000001465, 0.1504358620795287482 ) ) ;
#4577 = B_SPLINE_SURFACE_WITH_KNOTS ( 'NONE', 3, 1, ( 
 ( #8500, #8598 ),
 ( #1691, #6217 ),
 ( #984, #3234 ),
 ( #7831, #9297 ),
 ( #7735, #1624 ),
 ( #7020, #1587 ),
 ( #6319, #3303 ),
 ( #9330, #4797 ),
 ( #912, #2454 ),
 ( #3272, #6987 ),
 ( #9359, #4757 ),
 ( #7052, #120 ),
 ( #952, #2425 ),
 ( #4724, #5510 ),
 ( #1725, #7093 ),
 ( #2527, #7870 ),
 ( #3933, #8641 ),
 ( #4078, #9265 ),
 ( #6958, #4687 ),
 ( #7762, #9396 ),
 ( #4829, #189 ),
 ( #5578, #2381 ),
 ( #3168, #9732 ),
 ( #4823, #6973 ),
 ( #9741, #8739 ),
 ( #331, #4701 ),
 ( #8011, #1752 ) ),
 .UNSPECIFIED., .F., .F., .F.,
 ( 4, 1, 1, 1, 1, 1, 1, 1, 1, 1, 1, 1, 1, 1, 1, 1, 1, 1, 1, 1, 1, 1, 1, 1, 4 ),
 ( 2, 2 ),
 ( 0.0000000000000000000, 0.04294674328312002992, 0.08559174927016312273, 0.1273442348477958064, 0.1691210933082148704, 0.2106332667734658048, 0.2525241407022987272, 0.2943009991627178468, 0.3368059667078248665, 0.3791196007503850329, 0.4208686033260864989, 0.4620374625207039898, 0.5028251959424981932, 0.5436015190109770856, 0.5843628611434203979, 0.6255204156466199761, 0.6670122666286020241, 0.7085517546538071532, 0.7498891096823182556, 0.7910176817309438890, 0.8320676863961223857, 0.8733740728916946638, 0.9148883481149933106, 0.9570532567168801297, 1.000000000000000000 ),
 ( 0.0000000000000000000, 1.000000000000000000 ),
 .UNSPECIFIED. ) ;
#4578 = PRESENTATION_STYLE_ASSIGNMENT (( #3324 ) ) ;
#4579 = EDGE_CURVE ( 'NONE', #139, #511, #3389, .T. ) ;
#4580 = PRESENTATION_LAYER_ASSIGNMENT (  '', '', ( #9567 ) ) ;
#4581 = DIRECTION ( 'NONE',  ( 1.000000000000000000, 0.0000000000000000000, 0.0000000000000000000 ) ) ;
#4582 = PRESENTATION_LAYER_ASSIGNMENT (  '', '', ( #3580 ) ) ;
#4583 = SURFACE_SIDE_STYLE ('',( #1401 ) ) ;
#4584 = COLOUR_RGB ( '',1.000000000000000000, 1.000000000000000000, 1.000000000000000000 ) ;
#4585 = ORIENTED_EDGE ( 'NONE', *, *, #431, .F. ) ;
#4586 = CARTESIAN_POINT ( 'NONE',  ( -0.5435196314102566095, 0.5400000000000000355, 0.2829980832075307262 ) ) ;
#4587 = LINE ( 'NONE', #586, #2700 ) ;
#4588 = AXIS2_PLACEMENT_3D ( 'NONE', #6151, #1555, #6920 ) ;
#4589 = CARTESIAN_POINT ( 'NONE',  ( 0.6794423241026030791, 0.5499999999999999334, 0.2158772070298358436 ) ) ;
#4590 = DIRECTION ( 'NONE',  ( 1.000000000000000000, 0.0000000000000000000, 0.0000000000000000000 ) ) ;
#4591 = CARTESIAN_POINT ( 'NONE',  ( 0.5714418835817303144, 0.5400000000000002576, 0.2240710762821734314 ) ) ;
#4592 = DIRECTION ( 'NONE',  ( 0.0000000000000000000, 0.0000000000000000000, -1.000000000000000000 ) ) ;
#4593 = SURFACE_SIDE_STYLE ('',( #4495 ) ) ;
#4594 = VERTEX_POINT ( 'NONE', #909 ) ;
#4595 = SURFACE_STYLE_USAGE ( .BOTH. , #2178 ) ;
#4596 = SURFACE_STYLE_USAGE ( .BOTH. , #646 ) ;
#4597 = PRESENTATION_STYLE_ASSIGNMENT (( #1930 ) ) ;
#4598 = UNCERTAINTY_MEASURE_WITH_UNIT (LENGTH_MEASURE( 1.000000000000000082E-05 ), #92, 'distance_accuracy_value', 'NONE');
#4599 = SURFACE_STYLE_USAGE ( .BOTH. , #9237 ) ;
#4600 = DIRECTION ( 'NONE',  ( 0.0000000000000000000, 0.0000000000000000000, 1.000000000000000000 ) ) ;
#4601 = CARTESIAN_POINT ( 'NONE',  ( 0.1000000000000004774, 0.05000000000000000278, 0.0000000000000000000 ) ) ;
#4602 = COLOUR_RGB ( '',1.000000000000000000, 1.000000000000000000, 1.000000000000000000 ) ;
#4603 = EDGE_LOOP ( 'NONE', ( #6048, #6392, #9091, #5334, #6015, #7589, #2446, #6404, #870, #7676, #1821, #2608, #6400, #6375, #7281, #5705, #9687, #3729, #948, #2039 ) ) ;
#4604 = SURFACE_STYLE_USAGE ( .BOTH. , #6772 ) ;
#4605 = CARTESIAN_POINT ( 'NONE',  ( -0.9000000000000000222, 0.5500000000000000444, -0.7000000000000005107 ) ) ;
#4606 = ADVANCED_FACE ( 'NONE', ( #5384 ), #6210, .T. ) ;
#4607 = UNCERTAINTY_MEASURE_WITH_UNIT (LENGTH_MEASURE( 1.000000000000000082E-05 ), #7815, 'distance_accuracy_value', 'NONE');
#4608 = CARTESIAN_POINT ( 'NONE',  ( 0.6773364582200533945, 0.5400000000000002576, 0.2287658552040447990 ) ) ;
#4609 = LINE ( 'NONE', #3430, #9149 ) ;
#4610 = CARTESIAN_POINT ( 'NONE',  ( 0.5740904954626621093, 0.5500000000000000444, 0.1949797029654818936 ) ) ;
#4611 = STYLED_ITEM ( 'NONE', ( #4578 ), #3965 ) ;
#4612 = SURFACE_STYLE_FILL_AREA ( #3644 ) ;
#4613 = VERTEX_POINT ( 'NONE', #2520 ) ;
#4614 =( NAMED_UNIT ( * ) SI_UNIT ( $, .STERADIAN. ) SOLID_ANGLE_UNIT ( ) );
#4615 = CARTESIAN_POINT ( 'NONE',  ( -0.3168573597537621134, 0.5500000000000000444, 0.03170999182272464523 ) ) ;
#4616 = ORIENTED_EDGE ( 'NONE', *, *, #5073, .T. ) ;
#4617 = FILL_AREA_STYLE_COLOUR ( '', #6865 ) ;
#4618 = ORIENTED_EDGE ( 'NONE', *, *, #424, .T. ) ;
#4619 = SURFACE_SIDE_STYLE ('',( #9806 ) ) ;
#4620 = PLANE ( 'NONE',  #71 ) ;
#4621 = DIRECTION ( 'NONE',  ( 0.0000000000000000000, -1.000000000000000000, 0.0000000000000000000 ) ) ;
#4622 = ORIENTED_EDGE ( 'NONE', *, *, #3056, .F. ) ;
#4623 = CARTESIAN_POINT ( 'NONE',  ( -0.2294816308842940189, 0.5500000000000001554, 0.1190862771741552500 ) ) ;
#4624 = FILL_AREA_STYLE ('',( #6124 ) ) ;
#4625 = ORIENTED_EDGE ( 'NONE', *, *, #3182, .F. ) ;
#4626 = CARTESIAN_POINT ( 'NONE',  ( -0.6121794871794873361, 0.5400000000000000355, 0.1757264485921460895 ) ) ;
#4627 = CARTESIAN_POINT ( 'NONE',  ( -0.4999999999999995559, 0.1270000000000000018, 1.309999999999999609 ) ) ;
#4628 =( NAMED_UNIT ( * ) SI_UNIT ( $, .STERADIAN. ) SOLID_ANGLE_UNIT ( ) );
#4629 = DIRECTION ( 'NONE',  ( 0.0000000000000000000, -0.0000000000000000000, 1.000000000000000000 ) ) ;
#4630 = LINE ( 'NONE', #7706, #7147 ) ;
#4631 = CARTESIAN_POINT ( 'NONE',  ( -0.05128205128205132191, 0.5400000000000000355, 0.03299808320753071927 ) ) ;
#4632 = EDGE_CURVE ( 'NONE', #2046, #2592, #1611, .T. ) ;
#4633 = EDGE_CURVE ( 'NONE', #864, #5093, #4555, .T. ) ;
#4634 = CARTESIAN_POINT ( 'NONE',  ( -0.4868527713393550616, 0.5500000000000001554, 0.1722619886162300440 ) ) ;
#4635 = FACE_OUTER_BOUND ( 'NONE', #7276, .T. ) ;
#4636 = CARTESIAN_POINT ( 'NONE',  ( 0.9100000000000002531, 0.1270000000000000018, -0.1000000000000001860 ) ) ;
#4637 = DIRECTION ( 'NONE',  ( 0.0000000000000000000, 1.000000000000000000, 0.0000000000000000000 ) ) ;
#4638 = CARTESIAN_POINT ( 'NONE',  ( 0.3237179487179489001, 0.5400000000000000355, 0.1996647498741973836 ) ) ;
#4639 = AXIS2_PLACEMENT_3D ( 'NONE', #9352, #2588, #9388 ) ;
#4640 = FILL_AREA_STYLE_COLOUR ( '', #8970 ) ;
#4641 = PRESENTATION_LAYER_ASSIGNMENT (  '', '', ( #1677 ) ) ;
#4642 = CARTESIAN_POINT ( 'NONE',  ( -0.3549178685897436125, 0.5400000000000000355, 0.1804339806434281379 ) ) ;
#4643 = ORIENTED_EDGE ( 'NONE', *, *, #9502, .T. ) ;
#4644 = PRESENTATION_LAYER_ASSIGNMENT (  '', '', ( #8426 ) ) ;
#4645 = UNCERTAINTY_MEASURE_WITH_UNIT (LENGTH_MEASURE( 1.000000000000000082E-05 ), #1705, 'distance_accuracy_value', 'NONE');
#4646 = B_SPLINE_CURVE_WITH_KNOTS ( 'NONE', 3,
 ( #5917, #648, #6130, #5323, #6834, #8345, #3872, #8411, #8379, #3837, #9172 ),
 .UNSPECIFIED., .F., .F.,
 ( 4, 1, 1, 1, 1, 1, 1, 1, 4 ),
 ( 0.0000000000000000000, 0.1315262635769307298, 0.2587179924131622344, 0.3827297268112473394, 0.5050597936177655400, 0.6263067267417242734, 0.7481632880963786647, 0.8726877911473310823, 1.000000000000000000 ),
 .UNSPECIFIED. ) ;
#4647 = FACE_OUTER_BOUND ( 'NONE', #2611, .T. ) ;
#4648 = EDGE_CURVE ( 'NONE', #9104, #5154, #700, .T. ) ;
#4649 = ORIENTED_EDGE ( 'NONE', *, *, #7121, .T. ) ;
#4650 = DIRECTION ( 'NONE',  ( -3.336006684570783101E-16, 0.0000000000000000000, -1.000000000000000000 ) ) ;
#4651 = MECHANICAL_DESIGN_GEOMETRIC_PRESENTATION_REPRESENTATION (  '', ( #8940 ), #5666 ) ;
#4652 = ADVANCED_FACE ( 'NONE', ( #2892 ), #5643, .T. ) ;
#4653 = LINE ( 'NONE', #8124, #3230 ) ;
#4654 = B_SPLINE_SURFACE_WITH_KNOTS ( 'NONE', 3, 1, ( 
 ( #7950, #4871 ),
 ( #7844, #4057 ),
 ( #6398, #995 ),
 ( #1812, #274 ),
 ( #306, #3283 ),
 ( #1771, #8684 ),
 ( #9374, #4124 ),
 ( #6330, #4894 ),
 ( #4933, #162 ),
 ( #8753, #7175 ),
 ( #5554, #5659 ),
 ( #964, #2613 ),
 ( #4157, #2643 ),
 ( #9476, #6433 ),
 ( #7215, #3416 ) ),
 .UNSPECIFIED., .F., .F., .F.,
 ( 4, 1, 1, 1, 1, 1, 1, 1, 1, 1, 1, 1, 4 ),
 ( 2, 2 ),
 ( 0.0000000000000000000, 0.08433472199262716240, 0.1670523184160737085, 0.2495660772409653561, 0.3327404818018459554, 0.4159148863627268877, 0.4978280095399953975, 0.5803725886080511875, 0.6646001210565033457, 0.7494666931126172660, 0.8325102339401407869, 0.9156392816681743207, 1.000000000000000000 ),
 ( 0.0000000000000000000, 1.000000000000000000 ),
 .UNSPECIFIED. ) ;
#4655 = SURFACE_STYLE_USAGE ( .BOTH. , #3164 ) ;
#4656 = CARTESIAN_POINT ( 'NONE',  ( -0.3168573597537621134, 0.5400000000000000355, 0.03170999182272464523 ) ) ;
#4657 = DIRECTION ( 'NONE',  ( 0.0000000000000000000, 0.0000000000000000000, 1.000000000000000000 ) ) ;
#4658 = SURFACE_STYLE_USAGE ( .BOTH. , #6960 ) ;
#4659 = CARTESIAN_POINT ( 'NONE',  ( -0.5176282051282052876, 0.5500000000000000444, 0.2829980832075307262 ) ) ;
#4660 = DIRECTION ( 'NONE',  ( -1.000000000000000000, 0.0000000000000000000, 0.0000000000000000000 ) ) ;
#4661 = CARTESIAN_POINT ( 'NONE',  ( -0.1506410256410256887, 0.5400000000000000355, 0.1355621857716332868 ) ) ;
#4662 = LINE ( 'NONE', #1756, #543 ) ;
#4663 = FACE_OUTER_BOUND ( 'NONE', #3267, .T. ) ;
#4664 = EDGE_LOOP ( 'NONE', ( #1003, #577, #2791, #4170, #7137 ) ) ;
#4665 = CARTESIAN_POINT ( 'NONE',  ( -0.5992087339743591423, 0.5500000000000000444, 0.1554940767972742832 ) ) ;
#4666 = VECTOR ( 'NONE', #9233, 1000.000000000000000 ) ;
#4667 = CARTESIAN_POINT ( 'NONE',  ( -0.8999999999999995781, 0.5500000000000000444, 0.4999999999999995559 ) ) ;
#4668 = PLANE ( 'NONE',  #1237 ) ;
#4669 = PRESENTATION_LAYER_ASSIGNMENT (  '', '', ( #8842 ) ) ;
#4670 = DIRECTION ( 'NONE',  ( 1.000000000000000000, 0.0000000000000000000, 0.0000000000000000000 ) ) ;
#4671 = SURFACE_STYLE_FILL_AREA ( #5980 ) ;
#4672 = CARTESIAN_POINT ( 'NONE',  ( 0.6755463659830874823, 0.5399999999999998135, 0.2332751043208612651 ) ) ;
#4673 = ORIENTED_EDGE ( 'NONE', *, *, #2123, .F. ) ;
#4674 = CARTESIAN_POINT ( 'NONE',  ( -0.1999999999999995393, 0.0000000000000000000, 1.009999999999999787 ) ) ;
#4675 = ORIENTED_EDGE ( 'NONE', *, *, #4556, .T. ) ;
#4676 = ORIENTED_EDGE ( 'NONE', *, *, #3862, .T. ) ;
#4677 = SURFACE_STYLE_USAGE ( .BOTH. , #5464 ) ;
#4678 = PRESENTATION_STYLE_ASSIGNMENT (( #3579 ) ) ;
#4679 = VERTEX_POINT ( 'NONE', #7868 ) ;
#4680 = CARTESIAN_POINT ( 'NONE',  ( -0.3543169070512820484, 0.5400000000000000355, 0.2637673139767615083 ) ) ;
#4681 = ORIENTED_EDGE ( 'NONE', *, *, #4575, .T. ) ;
#4682 = VECTOR ( 'NONE', #782, 1000.000000000000000 ) ;
#4683 = ORIENTED_EDGE ( 'NONE', *, *, #8036, .F. ) ;
#4684 =( LENGTH_UNIT ( ) NAMED_UNIT ( * ) SI_UNIT ( .MILLI., .METRE. ) );
#4685 = EDGE_CURVE ( 'NONE', #4216, #202, #8644, .T. ) ;
#4686 = CARTESIAN_POINT ( 'NONE',  ( -0.2265581004631660733, 0.5400000000000000355, 0.1316780502937462405 ) ) ;
#4687 = CARTESIAN_POINT ( 'NONE',  ( -0.4145602984614626396, 0.5500000000000001554, 0.03984600531921451277 ) ) ;
#4689 = VECTOR ( 'NONE', #2347, 1000.000000000000000 ) ;
#4688 = CARTESIAN_POINT ( 'NONE',  ( 0.2275641025641027271, 0.5400000000000000355, 0.1996647498741973836 ) ) ;
#4690 = SURFACE_STYLE_USAGE ( .BOTH. , #6186 ) ;
#4691 = CARTESIAN_POINT ( 'NONE',  ( -0.9000000000000002442, 0.5500000000000000444, -1.300000000000000266 ) ) ;
#4692 = ORIENTED_EDGE ( 'NONE', *, *, #9616, .F. ) ;
#4693 = CARTESIAN_POINT ( 'NONE',  ( 0.3000000000000003775, 0.0000000000000000000, -1.309999999999999387 ) ) ;
#4694 = CARTESIAN_POINT ( 'NONE',  ( -0.3550681089743589758, 0.5400000000000000355, 0.2894083396177871137 ) ) ;
#4695 =( GEOMETRIC_REPRESENTATION_CONTEXT ( 3 ) GLOBAL_UNCERTAINTY_ASSIGNED_CONTEXT ( ( #1568 ) ) GLOBAL_UNIT_ASSIGNED_CONTEXT ( ( #49, #2377, #838 ) ) REPRESENTATION_CONTEXT ( 'NONE', 'WORKASPACE' ) );
#4696 = DIRECTION ( 'NONE',  ( -0.0000000000000000000, 0.0000000000000000000, -1.000000000000000000 ) ) ;
#4697 = PRESENTATION_STYLE_ASSIGNMENT (( #9334 ) ) ;
#4698 = CARTESIAN_POINT ( 'NONE',  ( 0.6966390985355028764, 0.5500000000000002665, 0.1839678380193582596 ) ) ;
#4699 = AXIS2_PLACEMENT_3D ( 'NONE', #329, #362, #6525 ) ;
#4700 = LINE ( 'NONE', #1981, #5771 ) ;
#4701 = CARTESIAN_POINT ( 'NONE',  ( -0.3589934012199679225, 0.5500000000000000444, 0.02662570845493186442 ) ) ;
#4702 =( NAMED_UNIT ( * ) SI_UNIT ( $, .STERADIAN. ) SOLID_ANGLE_UNIT ( ) );
#4704 = ADVANCED_FACE ( 'NONE', ( #685 ), #1830, .T. ) ;
#4703 = STYLED_ITEM ( 'NONE', ( #9343 ), #8460 ) ;
#4705 = EDGE_CURVE ( 'NONE', #1966, #9341, #7062, .T. ) ;
#4706 = CARTESIAN_POINT ( 'NONE',  ( -0.9000000000000002442, 0.05000000000000000278, -1.300000000000000266 ) ) ;
#4707 = EDGE_CURVE ( 'NONE', #5022, #3265, #7083, .T. ) ;
#4708 = FACE_OUTER_BOUND ( 'NONE', #5990, .T. ) ;
#4709 = CARTESIAN_POINT ( 'NONE',  ( -0.2467948717948718063, 0.5400000000000000355, 0.1576475223100948231 ) ) ;
#4710 = ORIENTED_EDGE ( 'NONE', *, *, #539, .F. ) ;
#4711 = DIRECTION ( 'NONE',  ( 0.0000000000000000000, 1.000000000000000000, 0.0000000000000000000 ) ) ;
#4712 = EDGE_CURVE ( 'NONE', #451, #2156, #8631, .T. ) ;
#4713 = FACE_OUTER_BOUND ( 'NONE', #8394, .T. ) ;
#4714 = STYLED_ITEM ( 'NONE', ( #4298 ), #6687 ) ;
#4715 = B_SPLINE_CURVE_WITH_KNOTS ( 'NONE', 3,
 ( #2350, #7761, #1586, #8533, #3970, #5471, #2632, #4920, #1867, #227, #6454, #8707, #7129, #8672, #7967, #263, #4858, #8001, #5646 ),
 .UNSPECIFIED., .F., .F.,
 ( 4, 1, 1, 1, 1, 1, 1, 1, 1, 1, 1, 1, 1, 1, 1, 1, 4 ),
 ( 0.0000000000000000000, 0.06523080374202966381, 0.1284048960032228848, 0.1900670715964787594, 0.2509433657682800245, 0.3115458328521431008, 0.3728628021568292095, 0.4350236738562388017, 0.4990717247070431961, 0.5630910750496620487, 0.6255101063303749598, 0.6866800359296492129, 0.7472825030135125113, 0.8085634952159587163, 0.8707421035159857992, 0.9343409515059122317, 1.000000000000000000 ),
 .UNSPECIFIED. ) ;
#4716 = AXIS2_PLACEMENT_3D ( 'NONE', #7338, #6533, #2866 ) ;
#4717 = CARTESIAN_POINT ( 'NONE',  ( -0.6776342147435898688, 0.5400000000000000355, 0.03299808320753071927 ) ) ;
#4718 = SURFACE_STYLE_USAGE ( .BOTH. , #5537 ) ;
#4719 = COLOUR_RGB ( '',1.000000000000000000, 1.000000000000000000, 1.000000000000000000 ) ;
#4720 = ORIENTED_EDGE ( 'NONE', *, *, #5778, .F. ) ;
#4721 = SURFACE_STYLE_USAGE ( .BOTH. , #6315 ) ;
#4722 = UNCERTAINTY_MEASURE_WITH_UNIT (LENGTH_MEASURE( 1.000000000000000082E-05 ), #9415, 'distance_accuracy_value', 'NONE');
#4723 =( GEOMETRIC_REPRESENTATION_CONTEXT ( 3 ) GLOBAL_UNCERTAINTY_ASSIGNED_CONTEXT ( ( #8784 ) ) GLOBAL_UNIT_ASSIGNED_CONTEXT ( ( #9272, #4764, #2500 ) ) REPRESENTATION_CONTEXT ( 'NONE', 'WORKASPACE' ) );
#4724 = CARTESIAN_POINT ( 'NONE',  ( -0.4491374902305169670, 0.5399999999999998135, 0.06463066375149946474 ) ) ;
#4725 =( NAMED_UNIT ( * ) SI_UNIT ( $, .STERADIAN. ) SOLID_ANGLE_UNIT ( ) );
#4726 =( NAMED_UNIT ( * ) SI_UNIT ( $, .STERADIAN. ) SOLID_ANGLE_UNIT ( ) );
#4727 = CARTESIAN_POINT ( 'NONE',  ( 0.7000000000000002887, 0.0000000000000000000, 1.309999999999999387 ) ) ;
#4728 = LINE ( 'NONE', #4395, #2715 ) ;
#4729 = EDGE_LOOP ( 'NONE', ( #5465, #448, #8724, #7488 ) ) ;
#4730 = DIRECTION ( 'NONE',  ( 0.0000000000000000000, 0.0000000000000000000, -1.000000000000000000 ) ) ;
#4731 = CARTESIAN_POINT ( 'NONE',  ( 0.3814102564102567761, 0.5500000000000000444, 0.05863910884855633859 ) ) ;
#4732 = STYLED_ITEM ( 'NONE', ( #6540 ), #7107 ) ;
#4733 = CARTESIAN_POINT ( 'NONE',  ( -0.4567718787725331131, 0.5499999999999997113, 0.1173904182952536096 ) ) ;
#4734 = ORIENTED_EDGE ( 'NONE', *, *, #1398, .F. ) ;
#4735 = CARTESIAN_POINT ( 'NONE',  ( 0.6690778802771250033, 0.5500000000000000444, 0.1506859305712624220 ) ) ;
#4736 = VECTOR ( 'NONE', #3543, 1000.000000000000000 ) ;
#4737 =( NAMED_UNIT ( * ) SI_UNIT ( $, .STERADIAN. ) SOLID_ANGLE_UNIT ( ) );
#4738 = DIRECTION ( 'NONE',  ( 0.0000000000000000000, 0.0000000000000000000, -1.000000000000000000 ) ) ;
#4739 = DIRECTION ( 'NONE',  ( 0.0000000000000000000, -0.0000000000000000000, -1.000000000000000000 ) ) ;
#4740 = VERTEX_POINT ( 'NONE', #4727 ) ;
#4741 = CARTESIAN_POINT ( 'NONE',  ( -0.2547429174097263771, 0.5400000000000001465, 0.1166906083418793594 ) ) ;
#4742 = ORIENTED_EDGE ( 'NONE', *, *, #2050, .T. ) ;
#4743 = CARTESIAN_POINT ( 'NONE',  ( 0.6722253718036056425, 0.5500000000000000444, 0.2738987261294456577 ) ) ;
#4744 = PRESENTATION_LAYER_ASSIGNMENT (  '', '', ( #9083 ) ) ;
#4745 = FACE_OUTER_BOUND ( 'NONE', #4942, .T. ) ;
#4746 = VERTEX_POINT ( 'NONE', #122 ) ;
#4747 = DIRECTION ( 'NONE',  ( 0.0000000000000000000, 0.0000000000000000000, 1.000000000000000000 ) ) ;
#4748 = ORIENTED_EDGE ( 'NONE', *, *, #6077, .T. ) ;
#4749 = EDGE_CURVE ( 'NONE', #6783, #7726, #2783, .T. ) ;
#4750 = ORIENTED_EDGE ( 'NONE', *, *, #8817, .T. ) ;
#4751 = FACE_OUTER_BOUND ( 'NONE', #4050, .T. ) ;
#4752 = DIRECTION ( 'NONE',  ( -0.0000000000000000000, 0.0000000000000000000, 1.000000000000000000 ) ) ;
#4753 = VECTOR ( 'NONE', #6945, 1000.000000000000000 ) ;
#4754 = SURFACE_STYLE_USAGE ( .BOTH. , #9394 ) ;
#4755 = CARTESIAN_POINT ( 'NONE',  ( 0.9100000000000002531, 0.0000000000000000000, -0.3000000000000005995 ) ) ;
#4756 = CARTESIAN_POINT ( 'NONE',  ( -0.2534470376139125181, 0.5500000000000000444, 0.07425592688231451299 ) ) ;
#4757 = CARTESIAN_POINT ( 'NONE',  ( -0.4652417168135699055, 0.5500000000000000444, 0.08466417358806603566 ) ) ;
#4758 = SURFACE_STYLE_USAGE ( .BOTH. , #8535 ) ;
#4759 = DIRECTION ( 'NONE',  ( -1.000000000000000000, 0.0000000000000000000, 0.0000000000000000000 ) ) ;
#4761 = ORIENTED_EDGE ( 'NONE', *, *, #1326, .F. ) ;
#4760 =( GEOMETRIC_REPRESENTATION_CONTEXT ( 3 ) GLOBAL_UNCERTAINTY_ASSIGNED_CONTEXT ( ( #269 ) ) GLOBAL_UNIT_ASSIGNED_CONTEXT ( ( #7231, #4239, #3427 ) ) REPRESENTATION_CONTEXT ( 'NONE', 'WORKASPACE' ) );
#4762 = CARTESIAN_POINT ( 'NONE',  ( -0.4871403591413090983, 0.5400000000000001465, 0.1561261829081556918 ) ) ;
#4763 = PLANE ( 'NONE',  #7851 ) ;
#4764 =( NAMED_UNIT ( * ) PLANE_ANGLE_UNIT ( ) SI_UNIT ( $, .RADIAN. ) );
#4765 = FACE_OUTER_BOUND ( 'NONE', #9932, .T. ) ;
#4766 = EDGE_CURVE ( 'NONE', #5934, #2810, #5026, .T. ) ;
#4767 = SURFACE_STYLE_USAGE ( .BOTH. , #6192 ) ;
#4768 = ORIENTED_EDGE ( 'NONE', *, *, #1999, .F. ) ;
#4769 = CARTESIAN_POINT ( 'NONE',  ( 0.6804245366569907638, 0.5500000000000003775, 0.1600624045813069107 ) ) ;
#4770 = EDGE_CURVE ( 'NONE', #8397, #8932, #3377, .T. ) ;
#4771 = CARTESIAN_POINT ( 'NONE',  ( 0.5483336180751551270, 0.5500000000000003775, 0.2054550636597402280 ) ) ;
#4772 = SURFACE_STYLE_USAGE ( .BOTH. , #6297 ) ;
#4773 = DIRECTION ( 'NONE',  ( -0.0000000000000000000, 1.000000000000000000, -0.0000000000000000000 ) ) ;
#4774 = LINE ( 'NONE', #2769, #6914 ) ;
#4775 = STYLED_ITEM ( 'NONE', ( #3757 ), #5641 ) ;
#4776 = COLOUR_RGB ( '',0.6666666666666666297, 0.6941176470588235059, 0.7647058823529411242 ) ;
#4777 =( LENGTH_UNIT ( ) NAMED_UNIT ( * ) SI_UNIT ( .MILLI., .METRE. ) );
#4778 = SURFACE_STYLE_USAGE ( .BOTH. , #1853 ) ;
#4779 = MECHANICAL_DESIGN_GEOMETRIC_PRESENTATION_REPRESENTATION (  '', ( #7005 ), #7340 ) ;
#4780 = CARTESIAN_POINT ( 'NONE',  ( 0.6798999066846114214, 0.5500000000000002665, 0.2673508663210545921 ) ) ;
#4781 =( GEOMETRIC_REPRESENTATION_CONTEXT ( 3 ) GLOBAL_UNCERTAINTY_ASSIGNED_CONTEXT ( ( #9235 ) ) GLOBAL_UNIT_ASSIGNED_CONTEXT ( ( #4373, #5388, #7479 ) ) REPRESENTATION_CONTEXT ( 'NONE', 'WORKASPACE' ) );
#4782 = B_SPLINE_CURVE_WITH_KNOTS ( 'NONE', 3,
 ( #4709, #1571, #2403, #9247, #898, #5360, #3113, #4741, #3251, #756, #785, #3951, #104, #6938, #6266, #6168, #7036, #3990, #1676, #2364, #5423, #8552, #6200, #7686, #3220, #7750, #7716 ),
 .UNSPECIFIED., .F., .F.,
 ( 4, 1, 1, 1, 1, 1, 1, 1, 1, 1, 1, 1, 1, 1, 1, 1, 1, 1, 1, 1, 1, 1, 1, 1, 4 ),
 ( 0.0000000000000000000, 0.04303992866940794387, 0.08508235425993379564, 0.1265459763824852424, 0.1676449120135368454, 0.2082860955153123805, 0.2486763011610194363, 0.2892947325755567678, 0.3300743209766446307, 0.3710606404109121348, 0.4115325030015794527, 0.4523412262352959345, 0.4930462642117332539, 0.5342457570078347207, 0.5761444940038723539, 0.6184447453397043937, 0.6618015866715621920, 0.7051959773844247437, 0.7479763643669152806, 0.7903109431511066152, 0.8323732575991995564, 0.8740507803589337987, 0.9158074427356551750, 0.9578498683261811308, 1.000000000000000000 ),
 .UNSPECIFIED. ) ;
#4783 = ADVANCED_FACE ( 'NONE', ( #3618 ), #8601, .F. ) ;
#4784 = EDGE_CURVE ( 'NONE', #2902, #7185, #2287, .T. ) ;
#4785 = CARTESIAN_POINT ( 'NONE',  ( -0.6121794871794873361, 0.5500000000000000444, 0.1352617050024025047 ) ) ;
#4786 = COLOUR_RGB ( '',0.6666666666666666297, 0.6941176470588235059, 0.7647058823529411242 ) ;
#4787 = DIRECTION ( 'NONE',  ( 0.0000000000000000000, 0.0000000000000000000, 1.000000000000000000 ) ) ;
#4788 = CARTESIAN_POINT ( 'NONE',  ( 0.7000000000000002887, 0.1270000000000000018, -1.309999999999999387 ) ) ;
#4789 = STYLED_ITEM ( 'NONE', ( #6276 ), #245 ) ;
#4790 = FACE_OUTER_BOUND ( 'NONE', #8874, .T. ) ;
#4791 = CARTESIAN_POINT ( 'NONE',  ( 0.01602564102564108667, 0.5400000000000000355, 0.08668398064342813791 ) ) ;
#4792 = LINE ( 'NONE', #1186, #6573 ) ;
#4793 =( NAMED_UNIT ( * ) SI_UNIT ( $, .STERADIAN. ) SOLID_ANGLE_UNIT ( ) );
#4794 = VECTOR ( 'NONE', #9889, 1000.000000000000000 ) ;
#4795 = UNCERTAINTY_MEASURE_WITH_UNIT (LENGTH_MEASURE( 1.000000000000000082E-05 ), #4225, 'distance_accuracy_value', 'NONE');
#4796 = UNCERTAINTY_MEASURE_WITH_UNIT (LENGTH_MEASURE( 1.000000000000000082E-05 ), #5023, 'distance_accuracy_value', 'NONE');
#4797 = CARTESIAN_POINT ( 'NONE',  ( -0.4774672417080040865, 0.5500000000000002665, 0.1078841983245599767 ) ) ;
#4798 = CARTESIAN_POINT ( 'NONE',  ( -0.1506410256410256887, 0.5500000000000000444, 0.05863910884855633859 ) ) ;
#4799 = ORIENTED_EDGE ( 'NONE', *, *, #5830, .F. ) ;
#4800 = DIRECTION ( 'NONE',  ( 1.000000000000000000, -0.0000000000000000000, 0.0000000000000000000 ) ) ;
#4801 = DIRECTION ( 'NONE',  ( 1.000000000000000000, 0.0000000000000000000, 0.0000000000000000000 ) ) ;
#4802 = DIRECTION ( 'NONE',  ( 1.000000000000000000, 0.0000000000000000000, 0.0000000000000000000 ) ) ;
#4803 = VERTEX_POINT ( 'NONE', #6188 ) ;
#4804 = DIRECTION ( 'NONE',  ( -1.000000000000000000, -0.0000000000000000000, -0.0000000000000000000 ) ) ;
#4805 = VECTOR ( 'NONE', #2033, 1000.000000000000000 ) ;
#4806 = VECTOR ( 'NONE', #4800, 1000.000000000000000 ) ;
#4807 = CARTESIAN_POINT ( 'NONE',  ( 0.7007028502241802181, 0.5399999999999999245, 0.1978422236657111921 ) ) ;
#4808 = ORIENTED_EDGE ( 'NONE', *, *, #9107, .T. ) ;
#4809 = VECTOR ( 'NONE', #3698, 1000.000000000000000 ) ;
#4810 = EDGE_LOOP ( 'NONE', ( #2586, #8978, #2627, #650, #8086, #9050 ) ) ;
#4811 = DIRECTION ( 'NONE',  ( -0.0000000000000000000, 1.000000000000000000, -0.0000000000000000000 ) ) ;
#4812 = ORIENTED_EDGE ( 'NONE', *, *, #734, .T. ) ;
#4813 = ADVANCED_FACE ( 'NONE', ( #215 ), #6963, .F. ) ;
#4814 =( GEOMETRIC_REPRESENTATION_CONTEXT ( 3 ) GLOBAL_UNCERTAINTY_ASSIGNED_CONTEXT ( ( #9184 ) ) GLOBAL_UNIT_ASSIGNED_CONTEXT ( ( #2511, #4820, #2438 ) ) REPRESENTATION_CONTEXT ( 'NONE', 'WORKASPACE' ) );
#4815 = ORIENTED_EDGE ( 'NONE', *, *, #7383, .F. ) ;
#4816 = FILL_AREA_STYLE ('',( #248 ) ) ;
#4817 = CARTESIAN_POINT ( 'NONE',  ( -0.4104749589422161393, 0.5499999999999998224, 0.06638721438429986965 ) ) ;
#4818 = DIRECTION ( 'NONE',  ( 0.5473879298857832199, 0.0000000000000000000, -0.8368789961609485184 ) ) ;
#4819 = VECTOR ( 'NONE', #8368, 1000.000000000000000 ) ;
#4820 =( NAMED_UNIT ( * ) PLANE_ANGLE_UNIT ( ) SI_UNIT ( $, .RADIAN. ) );
#4821 = VERTEX_POINT ( 'NONE', #3976 ) ;
#4822 = CARTESIAN_POINT ( 'NONE',  ( 0.1000000000000004774, 0.1270000000000000018, -1.009999999999999343 ) ) ;
#4823 = CARTESIAN_POINT ( 'NONE',  ( -0.3736136133498473844, 0.5399999999999999245, 0.02761156548423097934 ) ) ;
#4824 = CARTESIAN_POINT ( 'NONE',  ( 0.6237980769230773159, 0.5400000000000000355, 0.2894083396177871137 ) ) ;
#4825 = DIRECTION ( 'NONE',  ( -0.0000000000000000000, 0.0000000000000000000, -1.000000000000000000 ) ) ;
#4826 = PLANE ( 'NONE',  #4519 ) ;
#4827 = EDGE_CURVE ( 'NONE', #3214, #6477, #813, .T. ) ;
#4828 = FILL_AREA_STYLE ('',( #3302 ) ) ;
#4829 = CARTESIAN_POINT ( 'NONE',  ( -0.3987164247328644495, 0.5400000000000000355, 0.03332874189816979055 ) ) ;
#4830 = EDGE_CURVE ( 'NONE', #1839, #2530, #109, .T. ) ;
#4831 = CARTESIAN_POINT ( 'NONE',  ( 0.9100000000000002531, 0.0000000000000000000, -0.7000000000000005107 ) ) ;
#4832 = FACE_OUTER_BOUND ( 'NONE', #7785, .T. ) ;
#4833 = VERTEX_POINT ( 'NONE', #4081 ) ;
#4834 =( LENGTH_UNIT ( ) NAMED_UNIT ( * ) SI_UNIT ( .MILLI., .METRE. ) );
#4835 = DIRECTION ( 'NONE',  ( -0.0000000000000000000, 1.000000000000000000, -0.0000000000000000000 ) ) ;
#4836 = VECTOR ( 'NONE', #3724, 1000.000000000000227 ) ;
#4837 = UNCERTAINTY_MEASURE_WITH_UNIT (LENGTH_MEASURE( 1.000000000000000082E-05 ), #7776, 'distance_accuracy_value', 'NONE');
#4838 = CARTESIAN_POINT ( 'NONE',  ( 0.6204340268764628741, 0.5500000000000000444, 0.2892991820646640955 ) ) ;
#4839 = AXIS2_PLACEMENT_3D ( 'NONE', #9482, #6444, #4169 ) ;
#4840 = FILL_AREA_STYLE ('',( #8578 ) ) ;
#4841 = PRESENTATION_LAYER_ASSIGNMENT (  '', '', ( #1533 ) ) ;
#4842 = VERTEX_POINT ( 'NONE', #9365 ) ;
#4843 = MECHANICAL_DESIGN_GEOMETRIC_PRESENTATION_REPRESENTATION (  '', ( #4458 ), #3823 ) ;
#4844 = CARTESIAN_POINT ( 'NONE',  ( 0.5578905872090282880, 0.5400000000000000355, 0.2517788676628643918 ) ) ;
#4845 = EDGE_CURVE ( 'NONE', #9637, #1791, #2417, .T. ) ;
#4846 = CARTESIAN_POINT ( 'NONE',  ( -0.3974751373091746642, 0.5499999999999994893, 0.06019374753720231619 ) ) ;
#4847 =( NAMED_UNIT ( * ) SI_UNIT ( $, .STERADIAN. ) SOLID_ANGLE_UNIT ( ) );
#4848 = PRESENTATION_STYLE_ASSIGNMENT (( #789 ) ) ;
#4849 = FILL_AREA_STYLE ('',( #1642 ) ) ;
#4850 = ORIENTED_EDGE ( 'NONE', *, *, #243, .F. ) ;
#4851 = PRESENTATION_LAYER_ASSIGNMENT (  '', '', ( #5729 ) ) ;
#4852 =( NAMED_UNIT ( * ) SI_UNIT ( $, .STERADIAN. ) SOLID_ANGLE_UNIT ( ) );
#4853 =( LENGTH_UNIT ( ) NAMED_UNIT ( * ) SI_UNIT ( .MILLI., .METRE. ) );
#4854 = ADVANCED_FACE ( 'NONE', ( #8984 ), #1121, .F. ) ;
#4855 = ORIENTED_EDGE ( 'NONE', *, *, #7513, .F. ) ;
#4856 =( NAMED_UNIT ( * ) SI_UNIT ( $, .STERADIAN. ) SOLID_ANGLE_UNIT ( ) );
#4857 = CARTESIAN_POINT ( 'NONE',  ( -0.6251001602564104642, 0.5400000000000000355, 0.1554940767972742832 ) ) ;
#4858 = CARTESIAN_POINT ( 'NONE',  ( 0.7017156782827406181, 0.5500000000000000444, 0.2052444716271484282 ) ) ;
#4859 = CARTESIAN_POINT ( 'NONE',  ( 0.9100000000000002531, 0.0000000000000000000, -0.3000000000000005995 ) ) ;
#4860 = ORIENTED_EDGE ( 'NONE', *, *, #3946, .F. ) ;
#4861 =( NAMED_UNIT ( * ) PLANE_ANGLE_UNIT ( ) SI_UNIT ( $, .RADIAN. ) );
#4862 = CARTESIAN_POINT ( 'NONE',  ( -0.4063407250021580652, 0.5499999999999999334, 0.2520586592742283250 ) ) ;
#4863 = CARTESIAN_POINT ( 'NONE',  ( 0.9100000000000002531, 0.0000000000000000000, 0.09999999999999950595 ) ) ;
#4864 = ORIENTED_EDGE ( 'NONE', *, *, #3808, .T. ) ;
#4865 = PRESENTATION_LAYER_ASSIGNMENT (  '', '', ( #4359 ) ) ;
#4866 = DIRECTION ( 'NONE',  ( 0.0000000000000000000, 0.0000000000000000000, -1.000000000000000000 ) ) ;
#4867 = EDGE_LOOP ( 'NONE', ( #2214, #347, #7371, #9210 ) ) ;
#4868 = FILL_AREA_STYLE_COLOUR ( '', #13 ) ;
#4869 = AXIS2_PLACEMENT_3D ( 'NONE', #3665, #9052, #6673 ) ;
#4870 = ORIENTED_EDGE ( 'NONE', *, *, #5280, .T. ) ;
#4871 = CARTESIAN_POINT ( 'NONE',  ( 0.6237980769230773159, 0.5499999999999999334, 0.2894083396177871137 ) ) ;
#4872 = CARTESIAN_POINT ( 'NONE',  ( 0.6100000000000003197, 0.04999999999999999584, 0.5999999999999996447 ) ) ;
#4873 = PRESENTATION_STYLE_ASSIGNMENT (( #7771 ) ) ;
#4874 = CARTESIAN_POINT ( 'NONE',  ( 0.5480769230769235723, 0.5400000000000001465, 0.2132865447459922903 ) ) ;
#4875 = VERTEX_POINT ( 'NONE', #4148 ) ;
#4876 = CARTESIAN_POINT ( 'NONE',  ( 0.01602564102564108667, 0.5400000000000000355, 0.2829980832075307262 ) ) ;
#4877 = EDGE_CURVE ( 'NONE', #9104, #757, #7680, .T. ) ;
#4878 = CARTESIAN_POINT ( 'NONE',  ( 0.7000000000000002887, 0.1270000000000000018, -1.309999999999999387 ) ) ;
#4879 = DIRECTION ( 'NONE',  ( -0.0000000000000000000, 1.000000000000000000, -0.0000000000000000000 ) ) ;
#4880 = ORIENTED_EDGE ( 'NONE', *, *, #3824, .F. ) ;
#4881 = CARTESIAN_POINT ( 'NONE',  ( 0.6174224925545093168, 0.5499999999999999334, 0.1645724674043930191 ) ) ;
#4882 = COLOUR_RGB ( '',0.6666666666666666297, 0.6941176470588235059, 0.7647058823529411242 ) ;
#4883 = CARTESIAN_POINT ( 'NONE',  ( -0.2729562859658768992, 0.5499999999999998224, 0.2284546217104564680 ) ) ;
#4884 =( LENGTH_UNIT ( ) NAMED_UNIT ( * ) SI_UNIT ( .MILLI., .METRE. ) );
#4885 = EDGE_LOOP ( 'NONE', ( #2083, #6233, #6475, #4294, #7689, #2410, #3908, #5410 ) ) ;
#4886 = DIRECTION ( 'NONE',  ( -6.373241075454036155E-14, 1.000000000000000000, -5.545121758437700373E-13 ) ) ;
#4887 = DIRECTION ( 'NONE',  ( -0.0000000000000000000, -1.000000000000000000, -0.0000000000000000000 ) ) ;
#4888 = STYLED_ITEM ( 'NONE', ( #4597 ), #3468 ) ;
#4889 = CARTESIAN_POINT ( 'NONE',  ( -0.3654466963598897444, 0.5500000000000001554, 0.2635466628742240136 ) ) ;
#4890 = DIRECTION ( 'NONE',  ( -0.0000000000000000000, -1.000000000000000000, -0.0000000000000000000 ) ) ;
#4891 = EDGE_CURVE ( 'NONE', #511, #817, #902, .T. ) ;
#4892 =( NAMED_UNIT ( * ) SI_UNIT ( $, .STERADIAN. ) SOLID_ANGLE_UNIT ( ) );
#4893 = MECHANICAL_DESIGN_GEOMETRIC_PRESENTATION_REPRESENTATION (  '', ( #9125 ), #5395 ) ;
#4894 = CARTESIAN_POINT ( 'NONE',  ( 0.5698381868868355182, 0.5499999999999998224, 0.2677609971160308522 ) ) ;
#4895 = ADVANCED_FACE ( 'NONE', ( #5153 ), #9496, .F. ) ;
#4896 = UNCERTAINTY_MEASURE_WITH_UNIT (LENGTH_MEASURE( 1.000000000000000082E-05 ), #3159, 'distance_accuracy_value', 'NONE');
#4897 = DIRECTION ( 'NONE',  ( -0.0000000000000000000, -1.000000000000000000, -0.0000000000000000000 ) ) ;
#4898 = STYLED_ITEM ( 'NONE', ( #3973 ), #5792 ) ;
#4899 =( NAMED_UNIT ( * ) SI_UNIT ( $, .STERADIAN. ) SOLID_ANGLE_UNIT ( ) );
#4900 = PRESENTATION_STYLE_ASSIGNMENT (( #8729 ) ) ;
#4901 = SURFACE_STYLE_FILL_AREA ( #3815 ) ;
#4902 = SURFACE_STYLE_USAGE ( .BOTH. , #6335 ) ;
#4903 = AXIS2_PLACEMENT_3D ( 'NONE', #9127, #1441, #3703 ) ;
#4904 = VECTOR ( 'NONE', #2560, 1000.000000000000000 ) ;
#4905 = VERTEX_POINT ( 'NONE', #4207 ) ;
#4906 = SURFACE_STYLE_USAGE ( .BOTH. , #5665 ) ;
#4907 = STYLED_ITEM ( 'NONE', ( #8731 ), #9655 ) ;
#4908 = VECTOR ( 'NONE', #9842, 1000.000000000000000 ) ;
#4909 = LINE ( 'NONE', #6134, #3259 ) ;
#4910 = LINE ( 'NONE', #764, #67 ) ;
#4911 = UNCERTAINTY_MEASURE_WITH_UNIT (LENGTH_MEASURE( 1.000000000000000082E-05 ), #4777, 'distance_accuracy_value', 'NONE');
#4912 = CARTESIAN_POINT ( 'NONE',  ( 0.6277544070512826035, 0.5400000000000001465, 0.1387673139767615083 ) ) ;
#4913 = CIRCLE ( 'NONE', #7637, 0.1000000000000002276 ) ;
#4914 = ORIENTED_EDGE ( 'NONE', *, *, #5953, .T. ) ;
#4915 = ORIENTED_EDGE ( 'NONE', *, *, #9042, .T. ) ;
#4916 = CARTESIAN_POINT ( 'NONE',  ( 0.6211424289405849120, 0.5500000000000000444, 0.1644639141665436566 ) ) ;
#4917 = VERTEX_POINT ( 'NONE', #1179 ) ;
#4918 = CARTESIAN_POINT ( 'NONE',  ( -0.2555588942307692180, 0.5500000000000000444, 0.3022288524382999442 ) ) ;
#4919 =( GEOMETRIC_REPRESENTATION_CONTEXT ( 3 ) GLOBAL_UNCERTAINTY_ASSIGNED_CONTEXT ( ( #483 ) ) GLOBAL_UNIT_ASSIGNED_CONTEXT ( ( #5408, #5349, #9097 ) ) REPRESENTATION_CONTEXT ( 'NONE', 'WORKASPACE' ) );
#4920 = CARTESIAN_POINT ( 'NONE',  ( 0.6690778802771250033, 0.5499999999999999334, 0.1506859305712624220 ) ) ;
#4921 = DIRECTION ( 'NONE',  ( -0.0000000000000000000, -1.000000000000000000, -0.0000000000000000000 ) ) ;
#4922 = CIRCLE ( 'NONE', #602, 0.1000000000000002276 ) ;
#4924 = VECTOR ( 'NONE', #1688, 1000.000000000000000 ) ;
#4923 = SURFACE_STYLE_USAGE ( .BOTH. , #1798 ) ;
#4925 = FILL_AREA_STYLE_COLOUR ( '', #2518 ) ;
#4926 = CARTESIAN_POINT ( 'NONE',  ( -0.4522745126566935503, 0.5500000000000002665, 0.2088616144082776349 ) ) ;
#4927 = ORIENTED_EDGE ( 'NONE', *, *, #3241, .F. ) ;
#4928 = DIRECTION ( 'NONE',  ( 0.0000000000000000000, -0.0000000000000000000, 1.000000000000000000 ) ) ;
#4929 = ORIENTED_EDGE ( 'NONE', *, *, #6427, .T. ) ;
#4930 = CARTESIAN_POINT ( 'NONE',  ( 0.6237980769230773159, 0.5400000000000000355, 0.2894083396177871137 ) ) ;
#4931 = VECTOR ( 'NONE', #4997, 1000.000000000000000 ) ;
#4932 = SURFACE_SIDE_STYLE ('',( #425 ) ) ;
#4933 = CARTESIAN_POINT ( 'NONE',  ( 0.5633173458469367123, 0.5400000000000001465, 0.2602531781822859380 ) ) ;
#4934 = AXIS2_PLACEMENT_3D ( 'NONE', #2045, #417, #6697 ) ;
#4935 = ORIENTED_EDGE ( 'NONE', *, *, #7705, .F. ) ;
#4936 = CARTESIAN_POINT ( 'NONE',  ( -0.1506410256410256887, 0.5400000000000000355, 0.05863910884855633859 ) ) ;
#4937 = CARTESIAN_POINT ( 'NONE',  ( -0.9100000000000002531, 0.1270000000000000018, 0.4999999999999994449 ) ) ;
#4938 = LINE ( 'NONE', #5119, #9937 ) ;
#4939 = SURFACE_SIDE_STYLE ('',( #6615 ) ) ;
#4940 = SURFACE_STYLE_FILL_AREA ( #2323 ) ;
#4941 = CARTESIAN_POINT ( 'NONE',  ( -0.4647435897435897023, 0.5400000000000000355, 0.1589996857716332868 ) ) ;
#4942 = EDGE_LOOP ( 'NONE', ( #3776, #8545, #9165, #7095 ) ) ;
#4943 = FACE_OUTER_BOUND ( 'NONE', #5017, .T. ) ;
#4944 = ADVANCED_FACE ( 'NONE', ( #334 ), #2737, .T. ) ;
#4945 = UNCERTAINTY_MEASURE_WITH_UNIT (LENGTH_MEASURE( 1.000000000000000082E-05 ), #5208, 'distance_accuracy_value', 'NONE');
#4946 =( NAMED_UNIT ( * ) PLANE_ANGLE_UNIT ( ) SI_UNIT ( $, .RADIAN. ) );
#4947 = CARTESIAN_POINT ( 'NONE',  ( 0.6396077243356841358, 0.5400000000000000355, 0.1663965993273414656 ) ) ;
#4948 = EDGE_CURVE ( 'NONE', #5782, #8075, #799, .T. ) ;
#4949 = CARTESIAN_POINT ( 'NONE',  ( -0.4537722024362326745, 0.5500000000000000444, 0.1110818447347388105 ) ) ;
#4950 =( LENGTH_UNIT ( ) NAMED_UNIT ( * ) SI_UNIT ( .MILLI., .METRE. ) );
#4951 = CARTESIAN_POINT ( 'NONE',  ( -0.8999999999999998002, 0.1270000000000000018, 0.09999999999999950595 ) ) ;
#4952 = DIRECTION ( 'NONE',  ( -0.0000000000000000000, -0.0000000000000000000, -1.000000000000000000 ) ) ;
#4953 = LINE ( 'NONE', #6603, #6740 ) ;
#4954 = VERTEX_POINT ( 'NONE', #7395 ) ;
#4955 = CARTESIAN_POINT ( 'NONE',  ( -0.1999999999999995393, 0.04999999999999999584, -1.009999999999999787 ) ) ;
#4956 = EDGE_CURVE ( 'NONE', #4842, #6701, #6345, .T. ) ;
#4957 = PRESENTATION_LAYER_ASSIGNMENT (  '', '', ( #9757 ) ) ;
#4958 =( NAMED_UNIT ( * ) PLANE_ANGLE_UNIT ( ) SI_UNIT ( $, .RADIAN. ) );
#4959 =( GEOMETRIC_REPRESENTATION_CONTEXT ( 3 ) GLOBAL_UNCERTAINTY_ASSIGNED_CONTEXT ( ( #3464 ) ) GLOBAL_UNIT_ASSIGNED_CONTEXT ( ( #9401, #5548, #195 ) ) REPRESENTATION_CONTEXT ( 'NONE', 'WORKASPACE' ) );
#4960 = SURFACE_STYLE_USAGE ( .BOTH. , #4932 ) ;
#4961 = COLOUR_RGB ( '',0.6666666666666666297, 0.6941176470588235059, 0.7647058823529411242 ) ;
#4962 =( GEOMETRIC_REPRESENTATION_CONTEXT ( 3 ) GLOBAL_UNCERTAINTY_ASSIGNED_CONTEXT ( ( #8384 ) ) GLOBAL_UNIT_ASSIGNED_CONTEXT ( ( #6389, #6356, #297 ) ) REPRESENTATION_CONTEXT ( 'NONE', 'WORKASPACE' ) );
#4963 = ORIENTED_EDGE ( 'NONE', *, *, #76, .T. ) ;
#4964 = CARTESIAN_POINT ( 'NONE',  ( 0.6794871794871798487, 0.5400000000000000355, 0.2141879870536845809 ) ) ;
#4965 = DIRECTION ( 'NONE',  ( 1.000000000000000000, 0.0000000000000000000, 0.0000000000000000000 ) ) ;
#4966 = EDGE_CURVE ( 'NONE', #8633, #1235, #4913, .T. ) ;
#4967 = CARTESIAN_POINT ( 'NONE',  ( -0.006410256410256351053, 0.5400000000000000355, 0.2829980832075307262 ) ) ;
#4968 = ORIENTED_EDGE ( 'NONE', *, *, #4707, .T. ) ;
#4969 = PLANE ( 'NONE',  #1783 ) ;
#4970 =( GEOMETRIC_REPRESENTATION_CONTEXT ( 3 ) GLOBAL_UNCERTAINTY_ASSIGNED_CONTEXT ( ( #8655 ) ) GLOBAL_UNIT_ASSIGNED_CONTEXT ( ( #766, #1553, #9914 ) ) REPRESENTATION_CONTEXT ( 'NONE', 'WORKASPACE' ) );
#4971 = AXIS2_PLACEMENT_3D ( 'NONE', #8008, #9406, #6430 ) ;
#4972 = COLOUR_RGB ( '',0.6666666666666666297, 0.6941176470588235059, 0.7647058823529411242 ) ;
#4973 = LINE ( 'NONE', #5200, #7358 ) ;
#4974 = EDGE_LOOP ( 'NONE', ( #5633, #8039, #2044, #8002 ) ) ;
#4975 = VERTEX_POINT ( 'NONE', #9627 ) ;
#4976 = CARTESIAN_POINT ( 'NONE',  ( 0.6100000000000003197, 0.04999999999999999584, 0.6999999999999997335 ) ) ;
#4977 = EDGE_LOOP ( 'NONE', ( #618, #9940, #3919, #3473, #4474, #4387 ) ) ;
#4978 = CARTESIAN_POINT ( 'NONE',  ( 0.6287377542049724655, 0.5400000000000000355, 0.1645740806991878857 ) ) ;
#4979 = CARTESIAN_POINT ( 'NONE',  ( 0.3237179487179489001, 0.5400000000000000355, 0.1996647498741973836 ) ) ;
#4980 = ORIENTED_EDGE ( 'NONE', *, *, #6022, .F. ) ;
#4981 =( NAMED_UNIT ( * ) SI_UNIT ( $, .STERADIAN. ) SOLID_ANGLE_UNIT ( ) );
#4982 = VERTEX_POINT ( 'NONE', #9696 ) ;
#4983 = CARTESIAN_POINT ( 'NONE',  ( -0.8999999999999996891, 0.05000000000000000278, 0.2999999999999997113 ) ) ;
#4984 = STYLED_ITEM ( 'NONE', ( #5775 ), #3658 ) ;
#4985 = ORIENTED_EDGE ( 'NONE', *, *, #4877, .F. ) ;
#4986 = CARTESIAN_POINT ( 'NONE',  ( 0.5705128205128209284, 0.5500000000000001554, 0.2141879870536845809 ) ) ;
#4987 =( LENGTH_UNIT ( ) NAMED_UNIT ( * ) SI_UNIT ( .MILLI., .METRE. ) );
#4988 = CARTESIAN_POINT ( 'NONE',  ( 0.1000000000000004774, 0.1270000000000000018, 1.299999999999999600 ) ) ;
#4989 = ORIENTED_EDGE ( 'NONE', *, *, #7284, .T. ) ;
#4990 = ADVANCED_FACE ( 'NONE', ( #2405 ), #3847, .T. ) ;
#4991 = SURFACE_SIDE_STYLE ('',( #7557 ) ) ;
#4992 = VECTOR ( 'NONE', #1950, 1000.000000000000000 ) ;
#4993 =( LENGTH_UNIT ( ) NAMED_UNIT ( * ) SI_UNIT ( .MILLI., .METRE. ) );
#4994 =( NAMED_UNIT ( * ) SI_UNIT ( $, .STERADIAN. ) SOLID_ANGLE_UNIT ( ) );
#4995 = SURFACE_SIDE_STYLE ('',( #972 ) ) ;
#4996 = ORIENTED_EDGE ( 'NONE', *, *, #2267, .F. ) ;
#4997 = DIRECTION ( 'NONE',  ( 0.0000000000000000000, 1.000000000000000000, 0.0000000000000000000 ) ) ;
#4998 = VECTOR ( 'NONE', #3509, 1000.000000000000000 ) ;
#4999 = EDGE_CURVE ( 'NONE', #3029, #9136, #9697, .T. ) ;
#5000 = DIRECTION ( 'NONE',  ( 1.000000000000000000, 0.0000000000000000000, -0.0000000000000000000 ) ) ;
#5001 = EDGE_CURVE ( 'NONE', #7863, #1071, #6104, .T. ) ;
#5002 = CARTESIAN_POINT ( 'NONE',  ( 0.1634615384615385469, 0.5400000000000000355, 0.2297629069254794321 ) ) ;
#5003 = SURFACE_STYLE_FILL_AREA ( #5912 ) ;
#5004 = CARTESIAN_POINT ( 'NONE',  ( -0.2600066391765132323, 0.5500000000000000444, 0.2102292479197334363 ) ) ;
#5005 = CARTESIAN_POINT ( 'NONE',  ( -0.2547429174097263771, 0.5500000000000001554, 0.1166906083418793594 ) ) ;
#5006 = PRESENTATION_LAYER_ASSIGNMENT (  '', '', ( #1935 ) ) ;
#5007 =( NAMED_UNIT ( * ) SI_UNIT ( $, .STERADIAN. ) SOLID_ANGLE_UNIT ( ) );
#5008 = CARTESIAN_POINT ( 'NONE',  ( 0.5000000000000004441, 0.0000000000000000000, 1.309999999999999387 ) ) ;
#5009 = CYLINDRICAL_SURFACE ( 'NONE', #5660, 0.1250000000000000000 ) ;
#5010 = UNCERTAINTY_MEASURE_WITH_UNIT (LENGTH_MEASURE( 1.000000000000000082E-05 ), #3369, 'distance_accuracy_value', 'NONE');
#5011 = EDGE_CURVE ( 'NONE', #3573, #6128, #8973, .T. ) ;
#5012 = CARTESIAN_POINT ( 'NONE',  ( 0.5760216346153850253, 0.5400000000000000355, 0.1406703588485563594 ) ) ;
#5013 = VECTOR ( 'NONE', #8532, 1000.000000000000000 ) ;
#5014 = EDGE_CURVE ( 'NONE', #4975, #8349, #7067, .T. ) ;
#5015 = CARTESIAN_POINT ( 'NONE',  ( 0.5705575606185623316, 0.5500000000000000444, 0.2158772713310420088 ) ) ;
#5016 = SURFACE_STYLE_FILL_AREA ( #8529 ) ;
#5017 = EDGE_LOOP ( 'NONE', ( #5712, #3381, #1953, #24 ) ) ;
#5018 =( GEOMETRIC_REPRESENTATION_CONTEXT ( 3 ) GLOBAL_UNCERTAINTY_ASSIGNED_CONTEXT ( ( #452 ) ) GLOBAL_UNIT_ASSIGNED_CONTEXT ( ( #6486, #7163, #9523 ) ) REPRESENTATION_CONTEXT ( 'NONE', 'WORKASPACE' ) );
#5019 = CARTESIAN_POINT ( 'NONE',  ( 0.6679186698717952675, 0.5500000000000000444, 0.04015954154086405492 ) ) ;
#5020 = DIRECTION ( 'NONE',  ( -0.5473052603538083316, 0.0000000000000000000, 0.8369330630277728167 ) ) ;
#5021 =( GEOMETRIC_REPRESENTATION_CONTEXT ( 3 ) GLOBAL_UNCERTAINTY_ASSIGNED_CONTEXT ( ( #7945 ) ) GLOBAL_UNIT_ASSIGNED_CONTEXT ( ( #1612, #6111, #4614 ) ) REPRESENTATION_CONTEXT ( 'NONE', 'WORKASPACE' ) );
#5022 = VERTEX_POINT ( 'NONE', #8123 ) ;
#5023 =( LENGTH_UNIT ( ) NAMED_UNIT ( * ) SI_UNIT ( .MILLI., .METRE. ) );
#5024 = DIRECTION ( 'NONE',  ( 1.000000000000000000, 0.0000000000000000000, 0.0000000000000000000 ) ) ;
#5025 = MECHANICAL_DESIGN_GEOMETRIC_PRESENTATION_REPRESENTATION (  '', ( #9129 ), #5400 ) ;
#5026 = LINE ( 'NONE', #2384, #200 ) ;
#5027 = PLANE ( 'NONE',  #4934 ) ;
#5028 = UNCERTAINTY_MEASURE_WITH_UNIT (LENGTH_MEASURE( 1.000000000000000082E-05 ), #9956, 'distance_accuracy_value', 'NONE');
#5029 = VERTEX_POINT ( 'NONE', #1997 ) ;
#5030 = ORIENTED_EDGE ( 'NONE', *, *, #1195, .T. ) ;
#5031 = B_SPLINE_CURVE_WITH_KNOTS ( 'NONE', 3,
 ( #4986, #5015, #7567, #1973, #1343, #6724, #2176, #2139, #8271, #7535, #2978, #644, #6535, #4493, #5249, #3008, #4249, #9570, #1942 ),
 .UNSPECIFIED., .F., .F.,
 ( 4, 1, 1, 1, 1, 1, 1, 1, 1, 1, 1, 1, 1, 1, 1, 1, 4 ),
 ( 0.0000000000000000000, 0.06184170298390916087, 0.1212623730944464573, 0.1807459488653168078, 0.2392309018221056849, 0.2983075587884649327, 0.3581827976158479809, 0.4203592307800687045, 0.4847924155141846159, 0.5499384837666873027, 0.6137182775404277368, 0.6766807072496334730, 0.7391541704483175490, 0.8021997032403532790, 0.8667401776163007332, 0.9320496524002467309, 1.000000000000000000 ),
 .UNSPECIFIED. ) ;
#5032 = ORIENTED_EDGE ( 'NONE', *, *, #9028, .F. ) ;
#5033 = LINE ( 'NONE', #2717, #4110 ) ;
#5034 = ORIENTED_EDGE ( 'NONE', *, *, #1396, .F. ) ;
#5035 = CARTESIAN_POINT ( 'NONE',  ( -0.3762847248767835495, 0.5400000000000000355, 0.2620174016834342368 ) ) ;
#5036 = LINE ( 'NONE', #5799, #2905 ) ;
#5037 = VECTOR ( 'NONE', #2951, 1000.000000000000000 ) ;
#5038 = DIRECTION ( 'NONE',  ( 0.5390888091285608308, 0.0000000000000000000, 0.8422489274984861218 ) ) ;
#5039 = ADVANCED_FACE ( 'NONE', ( #3380 ), #6675, .F. ) ;
#5040 = VERTEX_POINT ( 'NONE', #5781 ) ;
#5041 = PLANE ( 'NONE',  #1304 ) ;
#5042 = DIRECTION ( 'NONE',  ( -0.0000000000000000000, 0.0000000000000000000, -1.000000000000000000 ) ) ;
#5043 = AXIS2_PLACEMENT_3D ( 'NONE', #6206, #978, #1616 ) ;
#5044 = FILL_AREA_STYLE ('',( #1970 ) ) ;
#5045 = MECHANICAL_DESIGN_GEOMETRIC_PRESENTATION_REPRESENTATION (  '', ( #5173 ), #7103 ) ;
#5046 = PRESENTATION_STYLE_ASSIGNMENT (( #9671 ) ) ;
#5047 = CARTESIAN_POINT ( 'NONE',  ( -0.8999999999999993561, 0.5500000000000000444, 1.299999999999999600 ) ) ;
#5048 = FILL_AREA_STYLE_COLOUR ( '', #3504 ) ;
#5049 = CARTESIAN_POINT ( 'NONE',  ( 0.0000000000000000000, 0.05000000000000000278, -0.1000000000000001860 ) ) ;
#5050 = COLOUR_RGB ( '',1.000000000000000000, 1.000000000000000000, 1.000000000000000000 ) ;
#5051 = PRESENTATION_STYLE_ASSIGNMENT (( #7318 ) ) ;
#5052 = ORIENTED_EDGE ( 'NONE', *, *, #4999, .T. ) ;
#5053 = CARTESIAN_POINT ( 'NONE',  ( -0.3559194711538461453, 0.5500000000000000444, 0.05222885243829993723 ) ) ;
#5054 = CARTESIAN_POINT ( 'NONE',  ( 0.4198717948717952675, 0.5500000000000000444, 0.05863910884855633859 ) ) ;
#5055 = PRESENTATION_LAYER_ASSIGNMENT (  '', '', ( #2309 ) ) ;
#5056 = CARTESIAN_POINT ( 'NONE',  ( 0.6772879893713951160, 0.5500000000000001554, 0.1994876579182452703 ) ) ;
#5057 =( NAMED_UNIT ( * ) PLANE_ANGLE_UNIT ( ) SI_UNIT ( $, .RADIAN. ) );
#5058 = CARTESIAN_POINT ( 'NONE',  ( 0.6629856256296423611, 0.5499999999999997113, 0.1788500412847556786 ) ) ;
#5059 = CARTESIAN_POINT ( 'NONE',  ( -0.9100000000000002531, 0.1270000000000000018, 0.6999999999999997335 ) ) ;
#5060 = EDGE_CURVE ( 'NONE', #8382, #3922, #8750, .T. ) ;
#5061 = COLOUR_RGB ( '',1.000000000000000000, 1.000000000000000000, 1.000000000000000000 ) ;
#5062 = CARTESIAN_POINT ( 'NONE',  ( 0.6067995878281566835, 0.5399999999999999245, 0.1663899186548048470 ) ) ;
#5063 = VECTOR ( 'NONE', #7923, 1000.000000000000000 ) ;
#5064 = ORIENTED_EDGE ( 'NONE', *, *, #2267, .T. ) ;
#5065 = LINE ( 'NONE', #8186, #7356 ) ;
#5066 = CARTESIAN_POINT ( 'NONE',  ( -0.3967264533109700064, 0.5499999999999997113, 0.2563023744178414831 ) ) ;
#5067 = PRESENTATION_LAYER_ASSIGNMENT (  '', '', ( #8284 ) ) ;
#5068 = VECTOR ( 'NONE', #8191, 1000.000000000000000 ) ;
#5069 = PRESENTATION_LAYER_ASSIGNMENT (  '', '', ( #9175 ) ) ;
#5070 = LINE ( 'NONE', #3069, #9258 ) ;
#5071 = EDGE_LOOP ( 'NONE', ( #7350, #9230, #7104, #8401 ) ) ;
#5072 = MECHANICAL_DESIGN_GEOMETRIC_PRESENTATION_REPRESENTATION (  '', ( #1938 ), #5585 ) ;
#5073 = EDGE_CURVE ( 'NONE', #5232, #4063, #943, .T. ) ;
#5074 = CARTESIAN_POINT ( 'NONE',  ( -0.3278853687560674968, 0.5500000000000002665, 0.05572059181575256953 ) ) ;
#5075 = CARTESIAN_POINT ( 'NONE',  ( 0.7000000000000002887, 0.05000000000000000278, 0.0000000000000000000 ) ) ;
#5076 = CARTESIAN_POINT ( 'NONE',  ( -0.9100000000000002531, 0.0000000000000000000, 0.6999999999999997335 ) ) ;
#5077 = EDGE_CURVE ( 'NONE', #3289, #1238, #6587, .T. ) ;
#5078 = ORIENTED_EDGE ( 'NONE', *, *, #3736, .F. ) ;
#5079 = CARTESIAN_POINT ( 'NONE',  ( 0.8999999999999998002, 0.1270000000000000018, -1.300000000000000266 ) ) ;
#5080 = UNCERTAINTY_MEASURE_WITH_UNIT (LENGTH_MEASURE( 1.000000000000000082E-05 ), #5716, 'distance_accuracy_value', 'NONE');
#5081 = PRESENTATION_LAYER_ASSIGNMENT (  '', '', ( #971 ) ) ;
#5082 = ORIENTED_EDGE ( 'NONE', *, *, #8335, .T. ) ;
#5083 = SURFACE_STYLE_USAGE ( .BOTH. , #8823 ) ;
#5085 = ADVANCED_FACE ( 'NONE', ( #2027 ), #5137, .F. ) ;
#5084 = STYLED_ITEM ( 'NONE', ( #7300 ), #9386 ) ;
#5086 = CARTESIAN_POINT ( 'NONE',  ( 0.6629856256296423611, 0.5499999999999998224, 0.1788500412847556786 ) ) ;
#5087 = ORIENTED_EDGE ( 'NONE', *, *, #6862, .F. ) ;
#5088 = CARTESIAN_POINT ( 'NONE',  ( -0.9100000000000002531, 0.1270000000000000018, 0.09999999999999950595 ) ) ;
#5089 = DIRECTION ( 'NONE',  ( 0.0000000000000000000, 0.0000000000000000000, -1.000000000000000000 ) ) ;
#5090 = ORIENTED_EDGE ( 'NONE', *, *, #9936, .F. ) ;
#5091 = CARTESIAN_POINT ( 'NONE',  ( 0.5888153929500875572, 0.5499999999999997113, 0.1754786592819531366 ) ) ;
#5092 =( GEOMETRIC_REPRESENTATION_CONTEXT ( 3 ) GLOBAL_UNCERTAINTY_ASSIGNED_CONTEXT ( ( #6564 ) ) GLOBAL_UNIT_ASSIGNED_CONTEXT ( ( #7180, #5798, #1162 ) ) REPRESENTATION_CONTEXT ( 'NONE', 'WORKASPACE' ) );
#5093 = VERTEX_POINT ( 'NONE', #4420 ) ;
#5094 = LINE ( 'NONE', #660, #1740 ) ;
#5095 = CARTESIAN_POINT ( 'NONE',  ( -0.4522745126566935503, 0.5400000000000002576, 0.2088616144082776349 ) ) ;
#5096 = FILL_AREA_STYLE ('',( #7386 ) ) ;
#5097 = PRESENTATION_STYLE_ASSIGNMENT (( #6285 ) ) ;
#5098 = SURFACE_STYLE_USAGE ( .BOTH. , #8925 ) ;
#5099 = CARTESIAN_POINT ( 'NONE',  ( 0.6250000000000004441, 0.5400000000000000355, 0.2637673139767615083 ) ) ;
#5100 = EDGE_LOOP ( 'NONE', ( #1884, #1230, #4343, #1527, #9044, #9270 ) ) ;
#5101 = DIRECTION ( 'NONE',  ( 0.0000000000000000000, 0.0000000000000000000, 1.000000000000000000 ) ) ;
#5102 =( NAMED_UNIT ( * ) PLANE_ANGLE_UNIT ( ) SI_UNIT ( $, .RADIAN. ) );
#5103 = MECHANICAL_DESIGN_GEOMETRIC_PRESENTATION_REPRESENTATION (  '', ( #9223 ), #2232 ) ;
#5104 = SURFACE_STYLE_FILL_AREA ( #6833 ) ;
#5105 = CARTESIAN_POINT ( 'NONE',  ( 0.8999999999999998002, 0.1270000000000000018, -1.300000000000000266 ) ) ;
#5106 = DIRECTION ( 'NONE',  ( -0.0000000000000000000, -0.0000000000000000000, -1.000000000000000000 ) ) ;
#5107 = VERTEX_POINT ( 'NONE', #1436 ) ;
#5108 = CARTESIAN_POINT ( 'NONE',  ( -0.3840387861045065354, 0.5500000000000000444, 0.05571395840917784531 ) ) ;
#5109 = DIRECTION ( 'NONE',  ( -0.0000000000000000000, -0.0000000000000000000, 1.000000000000000000 ) ) ;
#5110 = UNCERTAINTY_MEASURE_WITH_UNIT (LENGTH_MEASURE( 1.000000000000000082E-05 ), #7801, 'distance_accuracy_value', 'NONE');
#5111 = CARTESIAN_POINT ( 'NONE',  ( 0.6587791803474273289, 0.5500000000000001554, 0.1754823928606717709 ) ) ;
#5112 = DIRECTION ( 'NONE',  ( -0.0000000000000000000, -1.000000000000000000, -0.0000000000000000000 ) ) ;
#5113 = CARTESIAN_POINT ( 'NONE',  ( 0.6784981589328373808, 0.5399999999999999245, 0.2042251726483620133 ) ) ;
#5114 = CARTESIAN_POINT ( 'NONE',  ( 0.2275641025641027271, 0.5400000000000000355, 0.1996647498741973836 ) ) ;
#5115 = LINE ( 'NONE', #4136, #1767 ) ;
#5116 = CARTESIAN_POINT ( 'NONE',  ( 0.5761534825257117465, 0.5499999999999997113, 0.1906481356657055426 ) ) ;
#5117 = LINE ( 'NONE', #9720, #3719 ) ;
#5118 = EDGE_CURVE ( 'NONE', #4486, #9407, #2147, .T. ) ;
#5119 = CARTESIAN_POINT ( 'NONE',  ( 0.1858974358974359864, 0.5400000000000000355, 0.2829980832075307262 ) ) ;
#5120 = FACE_OUTER_BOUND ( 'NONE', #1955, .T. ) ;
#5121 = LINE ( 'NONE', #2263, #3122 ) ;
#5122 = EDGE_CURVE ( 'NONE', #8423, #4477, #9331, .T. ) ;
#5123 = ORIENTED_EDGE ( 'NONE', *, *, #4845, .F. ) ;
#5124 = CARTESIAN_POINT ( 'NONE',  ( -0.2986278044871794601, 0.5400000000000000355, 0.2494443973100947953 ) ) ;
#5125 = ADVANCED_FACE ( 'NONE', ( #1268 ), #520, .T. ) ;
#5126 = PRESENTATION_STYLE_ASSIGNMENT (( #8572 ) ) ;
#5127 = CARTESIAN_POINT ( 'NONE',  ( -0.9000000000000000222, 0.05000000000000000278, -0.7000000000000005107 ) ) ;
#5128 = ORIENTED_EDGE ( 'NONE', *, *, #1999, .T. ) ;
#5129 = CARTESIAN_POINT ( 'NONE',  ( -0.2810496794871794601, 0.5400000000000000355, 0.2366739646177871415 ) ) ;
#5130 = PRESENTATION_STYLE_ASSIGNMENT (( #9409 ) ) ;
#5131 = AXIS2_PLACEMENT_3D ( 'NONE', #319, #5636, #9549 ) ;
#5132 = LINE ( 'NONE', #8195, #7789 ) ;
#5134 = VECTOR ( 'NONE', #4140, 1000.000000000000000 ) ;
#5133 = SURFACE_SIDE_STYLE ('',( #9776 ) ) ;
#5135 = ORIENTED_EDGE ( 'NONE', *, *, #2047, .F. ) ;
#5136 = MECHANICAL_DESIGN_GEOMETRIC_PRESENTATION_REPRESENTATION (  '', ( #822 ), #3060 ) ;
#5137 = PLANE ( 'NONE',  #6029 ) ;
#5138 = SURFACE_STYLE_FILL_AREA ( #2936 ) ;
#5139 = ORIENTED_EDGE ( 'NONE', *, *, #4260, .F. ) ;
#5140 = CARTESIAN_POINT ( 'NONE',  ( -0.2487632900468411401, 0.5400000000000001465, 0.1797906266732110236 ) ) ;
#5141 = EDGE_LOOP ( 'NONE', ( #107, #79, #6336, #7068 ) ) ;
#5142 = PRESENTATION_LAYER_ASSIGNMENT (  '', '', ( #692 ) ) ;
#5143 = COLOUR_RGB ( '',1.000000000000000000, 1.000000000000000000, 1.000000000000000000 ) ;
#5144 =( NAMED_UNIT ( * ) PLANE_ANGLE_UNIT ( ) SI_UNIT ( $, .RADIAN. ) );
#5145 = EDGE_LOOP ( 'NONE', ( #998, #6700, #5082, #7483 ) ) ;
#5146 = EDGE_CURVE ( 'NONE', #1859, #814, #3017, .T. ) ;
#5147 = CARTESIAN_POINT ( 'NONE',  ( -0.3247625556812415715, 0.5400000000000002576, 0.2602464961318853298 ) ) ;
#5148 = DIRECTION ( 'NONE',  ( 0.0000000000000000000, 0.0000000000000000000, 1.000000000000000000 ) ) ;
#5149 = SURFACE_STYLE_FILL_AREA ( #1408 ) ;
#5150 = CARTESIAN_POINT ( 'NONE',  ( -0.3560196314102563875, 0.5500000000000000444, 0.02658782679727431791 ) ) ;
#5151 = AXIS2_PLACEMENT_3D ( 'NONE', #5169, #4450, #5959 ) ;
#5152 = SURFACE_STYLE_USAGE ( .BOTH. , #6686 ) ;
#5153 = FACE_OUTER_BOUND ( 'NONE', #1552, .T. ) ;
#5154 = VERTEX_POINT ( 'NONE', #9054 ) ;
#5155 = CARTESIAN_POINT ( 'NONE',  ( 0.6794478728446803339, 0.5499999999999999334, 0.2124812334167374694 ) ) ;
#5156 = CARTESIAN_POINT ( 'NONE',  ( -0.6099999999999998757, 0.0000000000000000000, 0.2999999999999997113 ) ) ;
#5157 = CARTESIAN_POINT ( 'NONE',  ( 0.6552022709393167110, 0.5400000000000001465, 0.2556730261468869170 ) ) ;
#5158 = SURFACE_STYLE_FILL_AREA ( #9180 ) ;
#5159 = CARTESIAN_POINT ( 'NONE',  ( -0.2833032852564102422, 0.5500000000000000444, 0.2682745255152230168 ) ) ;
#5160 = ORIENTED_EDGE ( 'NONE', *, *, #8029, .T. ) ;
#5161 = CARTESIAN_POINT ( 'NONE',  ( 0.5850479963980054210, 0.5399999999999997025, 0.1788572957893494741 ) ) ;
#5162 = LINE ( 'NONE', #3290, #9347 ) ;
#5163 = DIRECTION ( 'NONE',  ( 0.0000000000000000000, 0.0000000000000000000, -1.000000000000000000 ) ) ;
#5164 = ORIENTED_EDGE ( 'NONE', *, *, #3681, .T. ) ;
#5165 = CARTESIAN_POINT ( 'NONE',  ( -0.2476373699108612159, 0.5499999999999992673, 0.1433488965953990668 ) ) ;
#5166 = SURFACE_STYLE_USAGE ( .BOTH. , #8899 ) ;
#5167 = SURFACE_STYLE_FILL_AREA ( #5562 ) ;
#5168 = DIRECTION ( 'NONE',  ( 0.8421872852981132640, 0.0000000000000000000, 0.5391851040989490418 ) ) ;
#5169 = CARTESIAN_POINT ( 'NONE',  ( -0.1999999999999995393, 0.04999999999999999584, 1.009999999999999787 ) ) ;
#5170 =( GEOMETRIC_REPRESENTATION_CONTEXT ( 3 ) GLOBAL_UNCERTAINTY_ASSIGNED_CONTEXT ( ( #1354 ) ) GLOBAL_UNIT_ASSIGNED_CONTEXT ( ( #6575, #9682, #7357 ) ) REPRESENTATION_CONTEXT ( 'NONE', 'WORKASPACE' ) );
#5171 = SURFACE_SIDE_STYLE ('',( #7391 ) ) ;
#5172 = CARTESIAN_POINT ( 'NONE',  ( 0.0000000000000000000, 0.0000000000000000000, 0.0000000000000000000 ) ) ;
#5173 = STYLED_ITEM ( 'NONE', ( #5600 ), #9946 ) ;
#5174 = ORIENTED_EDGE ( 'NONE', *, *, #3375, .F. ) ;
#5175 = CARTESIAN_POINT ( 'NONE',  ( -0.2471132842308177424, 0.5400000000000001465, 0.1688507822281404280 ) ) ;
#5176 = PRESENTATION_STYLE_ASSIGNMENT (( #8060 ) ) ;
#5177 = DIRECTION ( 'NONE',  ( -0.8423374887037072822, 0.0000000000000000000, 0.5389504199129377948 ) ) ;
#5178 = DIRECTION ( 'NONE',  ( 0.0000000000000000000, -0.0000000000000000000, 1.000000000000000000 ) ) ;
#5179 = CARTESIAN_POINT ( 'NONE',  ( 0.5000000000000004441, 0.1270000000000000018, 1.309999999999999387 ) ) ;
#5180 =( NAMED_UNIT ( * ) PLANE_ANGLE_UNIT ( ) SI_UNIT ( $, .RADIAN. ) );
#5181 = DIRECTION ( 'NONE',  ( 0.0000000000000000000, 0.0000000000000000000, 1.000000000000000000 ) ) ;
#5182 = ADVANCED_FACE ( 'NONE', ( #2528 ), #6003, .T. ) ;
#5183 = VECTOR ( 'NONE', #9479, 1000.000000000000000 ) ;
#5184 = VERTEX_POINT ( 'NONE', #6712 ) ;
#5185 = CARTESIAN_POINT ( 'NONE',  ( 0.6447465016678133320, 0.5500000000000001554, 0.1679072760510257889 ) ) ;
#5186 = PLANE ( 'NONE',  #7148 ) ;
#5187 = CARTESIAN_POINT ( 'NONE',  ( 0.6755463659830874823, 0.5399999999999998135, 0.2332751043208612651 ) ) ;
#5188 = DIRECTION ( 'NONE',  ( -1.000000000000000000, 0.0000000000000000000, 0.0000000000000000000 ) ) ;
#5189 = EDGE_CURVE ( 'NONE', #6775, #4875, #2264, .T. ) ;
#5190 = LINE ( 'NONE', #7128, #1846 ) ;
#5191 = ORIENTED_EDGE ( 'NONE', *, *, #311, .T. ) ;
#5192 = SURFACE_STYLE_USAGE ( .BOTH. , #5954 ) ;
#5193 = PRESENTATION_LAYER_ASSIGNMENT (  '', '', ( #744 ) ) ;
#5194 = ORIENTED_EDGE ( 'NONE', *, *, #9107, .F. ) ;
#5195 = SURFACE_STYLE_USAGE ( .BOTH. , #6873 ) ;
#5196 = STYLED_ITEM ( 'NONE', ( #5358 ), #1673 ) ;
#5197 = SURFACE_STYLE_FILL_AREA ( #2276 ) ;
#5198 = PRESENTATION_STYLE_ASSIGNMENT (( #7798 ) ) ;
#5199 = STYLED_ITEM ( 'NONE', ( #8757 ), #8669 ) ;
#5200 = CARTESIAN_POINT ( 'NONE',  ( -0.09999999999999961697, 0.5500000000000000444, 1.299999999999999600 ) ) ;
#5201 = EDGE_CURVE ( 'NONE', #1618, #3683, #8129, .T. ) ;
#5202 = EDGE_CURVE ( 'NONE', #2299, #4438, #7856, .T. ) ;
#5203 = FILL_AREA_STYLE ('',( #1234 ) ) ;
#5204 = UNCERTAINTY_MEASURE_WITH_UNIT (LENGTH_MEASURE( 1.000000000000000082E-05 ), #6764, 'distance_accuracy_value', 'NONE');
#5205 = ORIENTED_EDGE ( 'NONE', *, *, #1013, .F. ) ;
#5206 = DIRECTION ( 'NONE',  ( -0.0000000000000000000, -0.0000000000000000000, -1.000000000000000000 ) ) ;
#5207 = ORIENTED_EDGE ( 'NONE', *, *, #6790, .T. ) ;
#5208 =( LENGTH_UNIT ( ) NAMED_UNIT ( * ) SI_UNIT ( .MILLI., .METRE. ) );
#5209 = STYLED_ITEM ( 'NONE', ( #5198 ), #59 ) ;
#5210 = MECHANICAL_DESIGN_GEOMETRIC_PRESENTATION_REPRESENTATION (  '', ( #9450 ), #6043 ) ;
#5211 = ORIENTED_EDGE ( 'NONE', *, *, #5784, .F. ) ;
#5212 = DIRECTION ( 'NONE',  ( 0.0000000000000000000, -1.000000000000000000, 0.0000000000000000000 ) ) ;
#5213 = DIRECTION ( 'NONE',  ( 0.0000000000000000000, 0.0000000000000000000, 1.000000000000000000 ) ) ;
#5214 = STYLED_ITEM ( 'NONE', ( #1785 ), #2507 ) ;
#5215 = DIRECTION ( 'NONE',  ( -0.0000000000000000000, 1.000000000000000000, -0.0000000000000000000 ) ) ;
#5216 = VERTEX_POINT ( 'NONE', #5306 ) ;
#5217 = CARTESIAN_POINT ( 'NONE',  ( 0.6141385475280549677, 0.5499999999999999334, 0.2629560453554062316 ) ) ;
#5218 = CARTESIAN_POINT ( 'NONE',  ( -0.2404751671744071728, 0.5400000000000000355, 0.2232129819109197610 ) ) ;
#5219 = ORIENTED_EDGE ( 'NONE', *, *, #7824, .T. ) ;
#5220 = CARTESIAN_POINT ( 'NONE',  ( -0.5999999999999995337, 0.1270000000000000018, 1.009999999999999787 ) ) ;
#5221 = VECTOR ( 'NONE', #5477, 1000.000000000000227 ) ;
#5222 = CARTESIAN_POINT ( 'NONE',  ( 0.5495367173850366216, 0.5400000000000000355, 0.1974933473780596804 ) ) ;
#5223 = CARTESIAN_POINT ( 'NONE',  ( 0.6268546784654381865, 0.5400000000000001465, 0.2637123781629190367 ) ) ;
#5224 =( NAMED_UNIT ( * ) SI_UNIT ( $, .STERADIAN. ) SOLID_ANGLE_UNIT ( ) );
#5225 = ORIENTED_EDGE ( 'NONE', *, *, #6993, .T. ) ;
#5226 = PLANE ( 'NONE',  #5939 ) ;
#5227 = AXIS2_PLACEMENT_3D ( 'NONE', #3278, #7703, #848 ) ;
#5228 = EDGE_LOOP ( 'NONE', ( #3386, #5867, #6585, #3205 ) ) ;
#5229 = CARTESIAN_POINT ( 'NONE',  ( -0.4777996855571819967, 0.5400000000000000355, 0.2092504031058845526 ) ) ;
#5230 = PRESENTATION_LAYER_ASSIGNMENT (  '', '', ( #3210 ) ) ;
#5231 = CARTESIAN_POINT ( 'NONE',  ( -0.2502667719635616184, 0.5499999999999994893, 0.1296569229087388420 ) ) ;
#5232 = VERTEX_POINT ( 'NONE', #9225 ) ;
#5233 = VECTOR ( 'NONE', #2506, 1000.000000000000000 ) ;
#5234 = CARTESIAN_POINT ( 'NONE',  ( 0.6100000000000003197, 0.0000000000000000000, 0.5999999999999996447 ) ) ;
#5235 = ADVANCED_FACE ( 'NONE', ( #7543 ), #9255, .F. ) ;
#5236 =( LENGTH_UNIT ( ) NAMED_UNIT ( * ) SI_UNIT ( .MILLI., .METRE. ) );
#5237 = DIRECTION ( 'NONE',  ( 0.0000000000000000000, -0.0000000000000000000, -1.000000000000000000 ) ) ;
#5238 = FILL_AREA_STYLE ('',( #8254 ) ) ;
#5239 =( NAMED_UNIT ( * ) PLANE_ANGLE_UNIT ( ) SI_UNIT ( $, .RADIAN. ) );
#5240 = FILL_AREA_STYLE_COLOUR ( '', #4602 ) ;
#5241 = COLOUR_RGB ( '',1.000000000000000000, 1.000000000000000000, 1.000000000000000000 ) ;
#5242 = UNCERTAINTY_MEASURE_WITH_UNIT (LENGTH_MEASURE( 1.000000000000000082E-05 ), #5296, 'distance_accuracy_value', 'NONE');
#5243 = PRESENTATION_LAYER_ASSIGNMENT (  '', '', ( #1244 ) ) ;
#5244 = CARTESIAN_POINT ( 'NONE',  ( -0.2986278044871794601, 0.5500000000000000444, 0.2494443973100947953 ) ) ;
#5245 = VECTOR ( 'NONE', #44, 1000.000000000000000 ) ;
#5246 = PLANE ( 'NONE',  #7012 ) ;
#5247 = EDGE_CURVE ( 'NONE', #7185, #1618, #8369, .T. ) ;
#5248 = FILL_AREA_STYLE_COLOUR ( '', #2657 ) ;
#5249 = CARTESIAN_POINT ( 'NONE',  ( 0.6089899365247679608, 0.5500000000000001554, 0.2618087968369680607 ) ) ;
#5250 = CARTESIAN_POINT ( 'NONE',  ( -0.2275641025641025328, 0.5400000000000000355, 0.3022288524382999442 ) ) ;
#5251 = COLOUR_RGB ( '',0.6666666666666666297, 0.6941176470588235059, 0.7647058823529411242 ) ;
#5252 = FILL_AREA_STYLE_COLOUR ( '', #4882 ) ;
#5253 = COLOUR_RGB ( '',0.2509803921568627416, 0.2509803921568627416, 0.2509803921568627416 ) ;
#5254 = CARTESIAN_POINT ( 'NONE',  ( 0.6793543693711296960, 0.5400000000000000355, 0.2191895159266324111 ) ) ;
#5255 = COLOUR_RGB ( '',0.6666666666666666297, 0.6941176470588235059, 0.7647058823529411242 ) ;
#5256 = CARTESIAN_POINT ( 'NONE',  ( -0.6999999999999995115, 0.1270000000000000018, 1.299999999999999600 ) ) ;
#5257 = VERTEX_POINT ( 'NONE', #6846 ) ;
#5258 =( NAMED_UNIT ( * ) SI_UNIT ( $, .STERADIAN. ) SOLID_ANGLE_UNIT ( ) );
#5259 = MECHANICAL_DESIGN_GEOMETRIC_PRESENTATION_REPRESENTATION (  '', ( #4888 ), #1086 ) ;
#5260 = ORIENTED_EDGE ( 'NONE', *, *, #8141, .F. ) ;
#5261 = SURFACE_STYLE_USAGE ( .BOTH. , #1386 ) ;
#5262 = EDGE_CURVE ( 'NONE', #7508, #2221, #62, .T. ) ;
#5263 = CARTESIAN_POINT ( 'NONE',  ( -0.3488081039395646288, 0.5400000000000000355, 0.05231667502881028053 ) ) ;
#5264 = VECTOR ( 'NONE', #1940, 1000.000000000000000 ) ;
#5265 = DIRECTION ( 'NONE',  ( 3.336006684570783101E-16, 0.0000000000000000000, 1.000000000000000000 ) ) ;
#5266 = ORIENTED_EDGE ( 'NONE', *, *, #8937, .F. ) ;
#5267 = ORIENTED_EDGE ( 'NONE', *, *, #3957, .F. ) ;
#5268 = EDGE_CURVE ( 'NONE', #8219, #2967, #8607, .T. ) ;
#5269 = ORIENTED_EDGE ( 'NONE', *, *, #1149, .F. ) ;
#5270 = VECTOR ( 'NONE', #3482, 1000.000000000000000 ) ;
#5271 = VERTEX_POINT ( 'NONE', #4717 ) ;
#5272 =( NAMED_UNIT ( * ) SI_UNIT ( $, .STERADIAN. ) SOLID_ANGLE_UNIT ( ) );
#5273 = AXIS2_PLACEMENT_3D ( 'NONE', #5301, #686, #9115 ) ;
#5274 = SURFACE_SIDE_STYLE ('',( #5138 ) ) ;
#5275 = LINE ( 'NONE', #3098, #4689 ) ;
#5276 = CARTESIAN_POINT ( 'NONE',  ( 0.5705128205128209284, 0.5400000000000000355, 0.2141879870536845809 ) ) ;
#5277 =( GEOMETRIC_REPRESENTATION_CONTEXT ( 3 ) GLOBAL_UNCERTAINTY_ASSIGNED_CONTEXT ( ( #3370 ) ) GLOBAL_UNIT_ASSIGNED_CONTEXT ( ( #6932, #6870, #7683 ) ) REPRESENTATION_CONTEXT ( 'NONE', 'WORKASPACE' ) );
#5278 = ORIENTED_EDGE ( 'NONE', *, *, #9353, .F. ) ;
#5279 = CARTESIAN_POINT ( 'NONE',  ( -0.6776342147435898688, 0.5500000000000000444, 0.03299808320753071927 ) ) ;
#5280 = EDGE_CURVE ( 'NONE', #1532, #4905, #5121, .T. ) ;
#5281 = SURFACE_STYLE_FILL_AREA ( #3385 ) ;
#5282 = DIRECTION ( 'NONE',  ( -0.0000000000000000000, 0.0000000000000000000, 1.000000000000000000 ) ) ;
#5283 = CARTESIAN_POINT ( 'NONE',  ( 0.5766277668924005839, 0.5500000000000000444, 0.2376077066549550088 ) ) ;
#5284 = PRESENTATION_LAYER_ASSIGNMENT (  '', '', ( #4789 ) ) ;
#5285 = PRESENTATION_STYLE_ASSIGNMENT (( #1536 ) ) ;
#5287 = VECTOR ( 'NONE', #8852, 1000.000000000000000 ) ;
#5286 = FILL_AREA_STYLE_COLOUR ( '', #9276 ) ;
#5288 =( NAMED_UNIT ( * ) PLANE_ANGLE_UNIT ( ) SI_UNIT ( $, .RADIAN. ) );
#5289 =( NAMED_UNIT ( * ) PLANE_ANGLE_UNIT ( ) SI_UNIT ( $, .RADIAN. ) );
#5290 = CARTESIAN_POINT ( 'NONE',  ( -0.05128205128205132191, 0.5400000000000000355, 0.1612032114126589200 ) ) ;
#5291 = CARTESIAN_POINT ( 'NONE',  ( -0.3178863522565567035, 0.5399999999999998135, 0.2841985966716498724 ) ) ;
#5292 = VECTOR ( 'NONE', #7261, 1000.000000000000000 ) ;
#5293 = COLOUR_RGB ( '',0.6666666666666666297, 0.6941176470588235059, 0.7647058823529411242 ) ;
#5294 = ORIENTED_EDGE ( 'NONE', *, *, #2259, .T. ) ;
#5295 = CARTESIAN_POINT ( 'NONE',  ( 0.5714418835817303144, 0.5400000000000002576, 0.2240710762821734314 ) ) ;
#5296 =( LENGTH_UNIT ( ) NAMED_UNIT ( * ) SI_UNIT ( .MILLI., .METRE. ) );
#5297 = ADVANCED_FACE ( 'NONE', ( #4663 ), #7039, .T. ) ;
#5298 = CARTESIAN_POINT ( 'NONE',  ( -0.3559194711538461453, 0.5499999999999994893, 0.05222885243829993723 ) ) ;
#5299 = VERTEX_POINT ( 'NONE', #6881 ) ;
#5300 = LINE ( 'NONE', #4788, #1447 ) ;
#5301 = CARTESIAN_POINT ( 'NONE',  ( -0.6500000000000001332, 0.5500000000000000444, -1.050000000000000266 ) ) ;
#5302 = ORIENTED_EDGE ( 'NONE', *, *, #7857, .T. ) ;
#5303 = PLANE ( 'NONE',  #8721 ) ;
#5304 = AXIS2_PLACEMENT_3D ( 'NONE', #8087, #3497, #3569 ) ;
#5305 = CARTESIAN_POINT ( 'NONE',  ( 0.6237980769230773159, 0.5400000000000000355, 0.2894083396177871137 ) ) ;
#5306 = CARTESIAN_POINT ( 'NONE',  ( 0.3000000000000003775, 0.04999999999999999584, -1.009999999999999343 ) ) ;
#5307 = ORIENTED_EDGE ( 'NONE', *, *, #431, .T. ) ;
#5308 = LINE ( 'NONE', #4586, #9494 ) ;
#5309 = ORIENTED_EDGE ( 'NONE', *, *, #4830, .T. ) ;
#5310 = ORIENTED_EDGE ( 'NONE', *, *, #2452, .F. ) ;
#5311 = CARTESIAN_POINT ( 'NONE',  ( -0.4603695337105636054, 0.5399999999999999245, 0.1901287645152289763 ) ) ;
#5312 = CARTESIAN_POINT ( 'NONE',  ( 0.6552022709393167110, 0.5500000000000001554, 0.2556730261468869170 ) ) ;
#5313 = DIRECTION ( 'NONE',  ( -0.0000000000000000000, 1.000000000000000000, -0.0000000000000000000 ) ) ;
#5314 = CARTESIAN_POINT ( 'NONE',  ( 0.6231453184961031067, 0.5500000000000001554, 0.2637123824699069696 ) ) ;
#5315 = CARTESIAN_POINT ( 'NONE',  ( 0.2275641025641027271, 0.5400000000000000355, 0.1740237242331717227 ) ) ;
#5316 = VECTOR ( 'NONE', #737, 1000.000000000000000 ) ;
#5317 = VECTOR ( 'NONE', #982, 1000.000000000000000 ) ;
#5318 = SURFACE_SIDE_STYLE ('',( #4411 ) ) ;
#5319 = UNCERTAINTY_MEASURE_WITH_UNIT (LENGTH_MEASURE( 1.000000000000000082E-05 ), #2407, 'distance_accuracy_value', 'NONE');
#5320 = VECTOR ( 'NONE', #6581, 1000.000000000000000 ) ;
#5321 = ORIENTED_EDGE ( 'NONE', *, *, #1336, .T. ) ;
#5322 = CARTESIAN_POINT ( 'NONE',  ( -0.09999999999999961697, 0.1270000000000000018, -1.309999999999999609 ) ) ;
#5323 = CARTESIAN_POINT ( 'NONE',  ( -0.2659944857593797840, 0.5400000000000002576, 0.2195183359430194214 ) ) ;
#5324 = EDGE_CURVE ( 'NONE', #218, #8571, #8488, .T. ) ;
#5325 = ORIENTED_EDGE ( 'NONE', *, *, #1322, .F. ) ;
#5326 = EDGE_CURVE ( 'NONE', #3212, #3747, #9796, .T. ) ;
#5327 = CARTESIAN_POINT ( 'NONE',  ( -0.4393099191832341988, 0.5499999999999999334, 0.2603214732165624046 ) ) ;
#5328 = ORIENTED_EDGE ( 'NONE', *, *, #6041, .F. ) ;
#5329 = CARTESIAN_POINT ( 'NONE',  ( -0.4178977118224568854, 0.5500000000000000444, 0.2747215797100208134 ) ) ;
#5330 = CARTESIAN_POINT ( 'NONE',  ( -0.6999999999999995115, 0.0000000000000000000, 1.309999999999999609 ) ) ;
#5331 = CARTESIAN_POINT ( 'NONE',  ( 0.5816323061586913257, 0.5400000000000002576, 0.1825564410027176732 ) ) ;
#5332 = AXIS2_PLACEMENT_3D ( 'NONE', #11, #832, #3092 ) ;
#5333 = UNCERTAINTY_MEASURE_WITH_UNIT (LENGTH_MEASURE( 1.000000000000000082E-05 ), #597, 'distance_accuracy_value', 'NONE');
#5334 = ORIENTED_EDGE ( 'NONE', *, *, #3878, .F. ) ;
#5335 = PLANE ( 'NONE',  #5535 ) ;
#5336 = AXIS2_PLACEMENT_3D ( 'NONE', #9489, #5576, #4075 ) ;
#5337 = ORIENTED_EDGE ( 'NONE', *, *, #5702, .T. ) ;
#5338 = DIRECTION ( 'NONE',  ( 0.0000000000000000000, -1.000000000000000000, 0.0000000000000000000 ) ) ;
#5339 = PRESENTATION_LAYER_ASSIGNMENT (  '', '', ( #2806 ) ) ;
#5340 = DIRECTION ( 'NONE',  ( -0.0000000000000000000, -1.000000000000000000, -0.0000000000000000000 ) ) ;
#5341 =( NAMED_UNIT ( * ) PLANE_ANGLE_UNIT ( ) SI_UNIT ( $, .RADIAN. ) );
#5342 =( GEOMETRIC_REPRESENTATION_CONTEXT ( 3 ) GLOBAL_UNCERTAINTY_ASSIGNED_CONTEXT ( ( #3337 ) ) GLOBAL_UNIT_ASSIGNED_CONTEXT ( ( #2449, #3591, #6460 ) ) REPRESENTATION_CONTEXT ( 'NONE', 'WORKASPACE' ) );
#5343 = PRESENTATION_LAYER_ASSIGNMENT (  '', '', ( #174 ) ) ;
#5344 = CARTESIAN_POINT ( 'NONE',  ( -0.2659755608974359031, 0.5400000000000000355, 0.2551535319254794598 ) ) ;
#5345 = ADVANCED_FACE ( 'NONE', ( #548 ), #7119, .F. ) ;
#5346 = CARTESIAN_POINT ( 'NONE',  ( 0.5706753470443219900, 0.5500000000000002665, 0.2091454211867341817 ) ) ;
#5347 = DIRECTION ( 'NONE',  ( 0.0000000000000000000, 0.0000000000000000000, -1.000000000000000000 ) ) ;
#5348 = CARTESIAN_POINT ( 'NONE',  ( 0.5726586751762783312, 0.5399999999999999245, 0.2287685697394984119 ) ) ;
#5349 =( NAMED_UNIT ( * ) PLANE_ANGLE_UNIT ( ) SI_UNIT ( $, .RADIAN. ) );
#5350 = DIRECTION ( 'NONE',  ( -1.668003342285391551E-16, -0.0000000000000000000, -1.000000000000000000 ) ) ;
#5351 = FILL_AREA_STYLE ('',( #8469 ) ) ;
#5352 = DIRECTION ( 'NONE',  ( -0.0000000000000000000, -1.000000000000000000, -0.0000000000000000000 ) ) ;
#5353 = LINE ( 'NONE', #1741, #6666 ) ;
#5354 = CARTESIAN_POINT ( 'NONE',  ( -0.3685627476083792597, 0.5500000000000001554, 0.2890833027849579739 ) ) ;
#5355 = CARTESIAN_POINT ( 'NONE',  ( -0.4871794871794872250, 0.5500000000000000444, 0.1590998460280435567 ) ) ;
#5356 = DIRECTION ( 'NONE',  ( 0.0000000000000000000, -0.0000000000000000000, -1.000000000000000000 ) ) ;
#5357 = PRESENTATION_LAYER_ASSIGNMENT (  '', '', ( #5924 ) ) ;
#5358 = PRESENTATION_STYLE_ASSIGNMENT (( #2100 ) ) ;
#5359 = LINE ( 'NONE', #4876, #4197 ) ;
#5360 = CARTESIAN_POINT ( 'NONE',  ( -0.2502667719635616184, 0.5400000000000000355, 0.1296569229087388420 ) ) ;
#5361 = COLOUR_RGB ( '',1.000000000000000000, 1.000000000000000000, 1.000000000000000000 ) ;
#5362 = COLOUR_RGB ( '',0.6666666666666666297, 0.6941176470588235059, 0.7647058823529411242 ) ;
#5363 = LINE ( 'NONE', #323, #3718 ) ;
#5364 = PRESENTATION_STYLE_ASSIGNMENT (( #8519 ) ) ;
#5365 = CARTESIAN_POINT ( 'NONE',  ( -0.3048225651453235208, 0.5500000000000002665, 0.03589289868537365313 ) ) ;
#5366 = EDGE_LOOP ( 'NONE', ( #2662, #5219, #6372, #9151 ) ) ;
#5367 = CARTESIAN_POINT ( 'NONE',  ( -0.4155052008847964218, 0.5400000000000001465, 0.2468007885627520326 ) ) ;
#5368 = ORIENTED_EDGE ( 'NONE', *, *, #2107, .T. ) ;
#5369 = LINE ( 'NONE', #5484, #7060 ) ;
#5370 = CARTESIAN_POINT ( 'NONE',  ( -0.3559194711538461453, 0.5400000000000000355, 0.05222885243829993723 ) ) ;
#5371 = VECTOR ( 'NONE', #5653, 1000.000000000000000 ) ;
#5372 = SURFACE_STYLE_FILL_AREA ( #7562 ) ;
#5373 = CARTESIAN_POINT ( 'NONE',  ( -0.5999999999999995337, 0.1270000000000000018, 1.009999999999999787 ) ) ;
#5374 = EDGE_CURVE ( 'NONE', #8975, #4097, #177, .T. ) ;
#5375 = EDGE_LOOP ( 'NONE', ( #7555, #3870, #528, #8166 ) ) ;
#5376 = DIRECTION ( 'NONE',  ( -0.0000000000000000000, -0.0000000000000000000, -1.000000000000000000 ) ) ;
#5377 = EDGE_LOOP ( 'NONE', ( #9088, #7003, #6183, #7979 ) ) ;
#5378 = PLANE ( 'NONE',  #6620 ) ;
#5379 = ORIENTED_EDGE ( 'NONE', *, *, #6810, .T. ) ;
#5380 = SURFACE_STYLE_USAGE ( .BOTH. , #9202 ) ;
#5381 = DIRECTION ( 'NONE',  ( 0.0000000000000000000, 1.000000000000000000, 0.0000000000000000000 ) ) ;
#5382 = ORIENTED_EDGE ( 'NONE', *, *, #7282, .F. ) ;
#5383 = PRESENTATION_LAYER_ASSIGNMENT (  '', '', ( #3364 ) ) ;
#5384 = FACE_OUTER_BOUND ( 'NONE', #1353, .T. ) ;
#5385 = CARTESIAN_POINT ( 'NONE',  ( 0.5726586751762783312, 0.5399999999999999245, 0.2287685697394984119 ) ) ;
#5386 = STYLED_ITEM ( 'NONE', ( #2881 ), #3218 ) ;
#5387 = ORIENTED_EDGE ( 'NONE', *, *, #2927, .T. ) ;
#5388 =( NAMED_UNIT ( * ) PLANE_ANGLE_UNIT ( ) SI_UNIT ( $, .RADIAN. ) );
#5390 = ADVANCED_FACE ( 'NONE', ( #8735 ), #8699, .F. ) ;
#5389 =( GEOMETRIC_REPRESENTATION_CONTEXT ( 3 ) GLOBAL_UNCERTAINTY_ASSIGNED_CONTEXT ( ( #9539 ) ) GLOBAL_UNIT_ASSIGNED_CONTEXT ( ( #8107, #1948, #8756 ) ) REPRESENTATION_CONTEXT ( 'NONE', 'WORKASPACE' ) );
#5391 = EDGE_CURVE ( 'NONE', #6643, #990, #7305, .T. ) ;
#5392 =( NAMED_UNIT ( * ) PLANE_ANGLE_UNIT ( ) SI_UNIT ( $, .RADIAN. ) );
#5393 = ORIENTED_EDGE ( 'NONE', *, *, #8097, .T. ) ;
#5394 = CARTESIAN_POINT ( 'NONE',  ( -0.6100000000000003197, 0.1270000000000000018, 0.4999999999999994449 ) ) ;
#5395 =( GEOMETRIC_REPRESENTATION_CONTEXT ( 3 ) GLOBAL_UNCERTAINTY_ASSIGNED_CONTEXT ( ( #1314 ) ) GLOBAL_UNIT_ASSIGNED_CONTEXT ( ( #1903, #1046, #4272 ) ) REPRESENTATION_CONTEXT ( 'NONE', 'WORKASPACE' ) );
#5396 = VERTEX_POINT ( 'NONE', #3260 ) ;
#5397 = B_SPLINE_CURVE_WITH_KNOTS ( 'NONE', 3,
 ( #4680, #3266, #4108, #6249, #5572, #9324, #1718, #4040, #6384, #1649, #7827 ),
 .UNSPECIFIED., .F., .F.,
 ( 4, 1, 1, 1, 1, 1, 1, 1, 4 ),
 ( 0.0000000000000000000, 0.1325868341022107266, 0.2622473938845547581, 0.3884718013410976001, 0.5137507825547951157, 0.6357587077740066706, 0.7577484178707885043, 0.8786953314398519010, 1.000000000000000000 ),
 .UNSPECIFIED. ) ;
#5398 =( LENGTH_UNIT ( ) NAMED_UNIT ( * ) SI_UNIT ( .MILLI., .METRE. ) );
#5399 = LINE ( 'NONE', #9723, #8999 ) ;
#5400 =( GEOMETRIC_REPRESENTATION_CONTEXT ( 3 ) GLOBAL_UNCERTAINTY_ASSIGNED_CONTEXT ( ( #3588 ) ) GLOBAL_UNIT_ASSIGNED_CONTEXT ( ( #9785, #594, #3722 ) ) REPRESENTATION_CONTEXT ( 'NONE', 'WORKASPACE' ) );
#5401 = SURFACE_SIDE_STYLE ('',( #3421 ) ) ;
#5402 = PLANE ( 'NONE',  #9039 ) ;
#5403 = CARTESIAN_POINT ( 'NONE',  ( 0.6705379788181587974, 0.5500000000000001554, 0.2416959461214673310 ) ) ;
#5404 = CARTESIAN_POINT ( 'NONE',  ( -0.2623350137181155173, 0.5400000000000001465, 0.06456386678074668706 ) ) ;
#5405 = DIRECTION ( 'NONE',  ( 0.0000000000000000000, 1.000000000000000000, 0.0000000000000000000 ) ) ;
#5406 = AXIS2_PLACEMENT_3D ( 'NONE', #7475, #2078, #6626 ) ;
#5407 = CARTESIAN_POINT ( 'NONE',  ( -0.2555588942307692180, 0.5400000000000000355, 0.3022288524382999442 ) ) ;
#5408 =( LENGTH_UNIT ( ) NAMED_UNIT ( * ) SI_UNIT ( .MILLI., .METRE. ) );
#5409 = LINE ( 'NONE', #5695, #3414 ) ;
#5410 = ORIENTED_EDGE ( 'NONE', *, *, #1214, .T. ) ;
#5411 = CARTESIAN_POINT ( 'NONE',  ( -0.1730769230769231282, 0.5500000000000000444, 0.03299808320753071927 ) ) ;
#5412 = DIRECTION ( 'NONE',  ( 1.000000000000000000, 0.0000000000000000000, -0.0000000000000000000 ) ) ;
#5413 = CARTESIAN_POINT ( 'NONE',  ( -0.2915999750538497137, 0.5400000000000002576, 0.2733163196203818868 ) ) ;
#5414 = STYLED_ITEM ( 'NONE', ( #6629 ), #7402 ) ;
#5415 = FILL_AREA_STYLE ('',( #7101 ) ) ;
#5416 = VECTOR ( 'NONE', #3124, 1000.000000000000000 ) ;
#5417 = VECTOR ( 'NONE', #3350, 1000.000000000000000 ) ;
#5418 = EDGE_LOOP ( 'NONE', ( #4452, #9825, #4045, #3673, #8213, #192 ) ) ;
#5419 = CARTESIAN_POINT ( 'NONE',  ( 0.5536349346090194690, 0.5500000000000003775, 0.1824358277121444494 ) ) ;
#5420 = CARTESIAN_POINT ( 'NONE',  ( -0.6099999999999996536, 0.0000000000000000000, 0.09999999999999950595 ) ) ;
#5421 = VECTOR ( 'NONE', #5038, 1000.000000000000114 ) ;
#5422 = CARTESIAN_POINT ( 'NONE',  ( 0.7000000000000002887, 0.05000000000000000278, -1.300000000000000266 ) ) ;
#5423 = CARTESIAN_POINT ( 'NONE',  ( -0.3210748101501892937, 0.5399999999999999245, 0.05771814230682723035 ) ) ;
#5424 = CARTESIAN_POINT ( 'NONE',  ( 0.9000000000000002442, 0.5500000000000000444, 1.299999999999999600 ) ) ;
#5425 = MECHANICAL_DESIGN_GEOMETRIC_PRESENTATION_REPRESENTATION (  '', ( #5762 ), #3730 ) ;
#5426 = ORIENTED_EDGE ( 'NONE', *, *, #3039, .F. ) ;
#5427 = DIRECTION ( 'NONE',  ( 0.0000000000000000000, -1.000000000000000000, 0.0000000000000000000 ) ) ;
#5428 = CARTESIAN_POINT ( 'NONE',  ( -0.2720270742808624242, 0.5500000000000000444, 0.05567588741738955377 ) ) ;
#5429 = EDGE_LOOP ( 'NONE', ( #5740, #2480, #8415, #8105 ) ) ;
#5430 = CARTESIAN_POINT ( 'NONE',  ( -0.05128205128205132191, 0.5400000000000000355, 0.05863910884855633859 ) ) ;
#5431 = FACE_OUTER_BOUND ( 'NONE', #5905, .T. ) ;
#5432 = CARTESIAN_POINT ( 'NONE',  ( -0.4644651805489576346, 0.5400000000000001465, 0.1697144091222473339 ) ) ;
#5433 = ADVANCED_FACE ( 'NONE', ( #1388 ), #3329, .T. ) ;
#5434 = UNCERTAINTY_MEASURE_WITH_UNIT (LENGTH_MEASURE( 1.000000000000000082E-05 ), #9018, 'distance_accuracy_value', 'NONE');
#5435 = FILL_AREA_STYLE_COLOUR ( '', #7238 ) ;
#5436 = VERTEX_POINT ( 'NONE', #7859 ) ;
#5437 = CARTESIAN_POINT ( 'NONE',  ( -0.05128205128205132191, 0.5500000000000000444, 0.03299808320753071927 ) ) ;
#5438 = FILL_AREA_STYLE ('',( #4005 ) ) ;
#5439 = EDGE_LOOP ( 'NONE', ( #1667, #12, #1525, #9046 ) ) ;
#5440 = FILL_AREA_STYLE ('',( #7738 ) ) ;
#5441 = CARTESIAN_POINT ( 'NONE',  ( -0.2243589743589743390, 0.5400000000000000355, 0.1582985639767614805 ) ) ;
#5442 = LINE ( 'NONE', #4601, #3449 ) ;
#5443 = ORIENTED_EDGE ( 'NONE', *, *, #1195, .F. ) ;
#5444 = CARTESIAN_POINT ( 'NONE',  ( -0.6121794871794873361, 0.5400000000000000355, 0.1352617050024025047 ) ) ;
#5445 = EDGE_CURVE ( 'NONE', #9879, #2954, #1260, .T. ) ;
#5446 = CARTESIAN_POINT ( 'NONE',  ( -0.8999999999999993561, 0.5500000000000000444, 1.299999999999999600 ) ) ;
#5447 = ORIENTED_EDGE ( 'NONE', *, *, #558, .F. ) ;
#5448 = CARTESIAN_POINT ( 'NONE',  ( 0.6989894470067800070, 0.5500000000000000444, 0.1907516422736825201 ) ) ;
#5449 = ORIENTED_EDGE ( 'NONE', *, *, #9558, .T. ) ;
#5450 = LINE ( 'NONE', #1730, #7864 ) ;
#5451 = EDGE_CURVE ( 'NONE', #2947, #2810, #9072, .T. ) ;
#5452 = CARTESIAN_POINT ( 'NONE',  ( 0.5627224722424630787, 0.5500000000000004885, 0.1625215618693655606 ) ) ;
#5453 = LINE ( 'NONE', #9430, #6425 ) ;
#5454 = CARTESIAN_POINT ( 'NONE',  ( 0.6018583639959672604, 0.5400000000000001465, 0.1679017995092741966 ) ) ;
#5455 = AXIS2_PLACEMENT_3D ( 'NONE', #2413, #3854, #3960 ) ;
#5456 = ORIENTED_EDGE ( 'NONE', *, *, #8546, .F. ) ;
#5457 = ORIENTED_EDGE ( 'NONE', *, *, #8870, .T. ) ;
#5458 = AXIS2_PLACEMENT_3D ( 'NONE', #9434, #3371, #4120 ) ;
#5459 = DIRECTION ( 'NONE',  ( 0.0000000000000000000, -0.0000000000000000000, -1.000000000000000000 ) ) ;
#5460 = ORIENTED_EDGE ( 'NONE', *, *, #3515, .F. ) ;
#5461 = B_SPLINE_CURVE_WITH_KNOTS ( 'NONE', 3,
 ( #8, #9181, #3882, #8481, #6239, #3915, #9283, #9315, #8453, #2477, #7004, #7814, #3845, #4672, #4608, #858, #36, #1605, #6908 ),
 .UNSPECIFIED., .F., .F.,
 ( 4, 1, 1, 1, 1, 1, 1, 1, 1, 1, 1, 1, 1, 1, 1, 1, 4 ),
 ( 0.0000000000000000000, 0.06796237149445517878, 0.1332834028675221882, 0.1978352977570553006, 0.2608919865309878849, 0.3233765044831751201, 0.3863500754690875061, 0.4496377310517126191, 0.5147953269783565045, 0.5792399132410284146, 0.6418141777582883067, 0.7013585647860582917, 0.7607267659857195330, 0.8192220679243875647, 0.8787161693846300414, 0.9381473540533080691, 1.000000000000000000 ),
 .UNSPECIFIED. ) ;
#5462 = LINE ( 'NONE', #7802, #7389 ) ;
#5463 = EDGE_CURVE ( 'NONE', #1793, #3498, #8121, .T. ) ;
#5464 = SURFACE_SIDE_STYLE ('',( #3461 ) ) ;
#5465 = ORIENTED_EDGE ( 'NONE', *, *, #734, .F. ) ;
#5466 =( NAMED_UNIT ( * ) SI_UNIT ( $, .STERADIAN. ) SOLID_ANGLE_UNIT ( ) );
#5467 = PRESENTATION_LAYER_ASSIGNMENT (  '', '', ( #3403 ) ) ;
#5468 = CARTESIAN_POINT ( 'NONE',  ( -0.9100000000000002531, 0.0000000000000000000, -0.7000000000000005107 ) ) ;
#5469 = FILL_AREA_STYLE_COLOUR ( '', #9226 ) ;
#5470 = DIRECTION ( 'NONE',  ( 0.0000000000000000000, 0.0000000000000000000, 1.000000000000000000 ) ) ;
#5471 = CARTESIAN_POINT ( 'NONE',  ( 0.6564367818508322072, 0.5500000000000001554, 0.1440115573824928275 ) ) ;
#5472 = DIRECTION ( 'NONE',  ( -1.000000000000000000, 0.0000000000000000000, 0.0000000000000000000 ) ) ;
#5473 = CARTESIAN_POINT ( 'NONE',  ( 0.8999999999999998002, 0.05000000000000000278, -1.300000000000000266 ) ) ;
#5474 = DIRECTION ( 'NONE',  ( 0.0000000000000000000, 0.0000000000000000000, -1.000000000000000000 ) ) ;
#5475 = VECTOR ( 'NONE', #4496, 1000.000000000000000 ) ;
#5476 = CARTESIAN_POINT ( 'NONE',  ( 0.9100000000000002531, 0.1270000000000000018, 0.09999999999999950595 ) ) ;
#5477 = DIRECTION ( 'NONE',  ( -0.5390871699424965025, 0.0000000000000000000, 0.8422499766716469161 ) ) ;
#5478 = CARTESIAN_POINT ( 'NONE',  ( -0.09999999999999961697, 0.0000000000000000000, -1.309999999999999609 ) ) ;
#5479 = COLOUR_RGB ( '',0.6666666666666666297, 0.6941176470588235059, 0.7647058823529411242 ) ;
#5480 = PRESENTATION_STYLE_ASSIGNMENT (( #5682 ) ) ;
#5481 = CARTESIAN_POINT ( 'NONE',  ( -0.4999999999999995559, 0.0000000000000000000, -1.309999999999999609 ) ) ;
#5482 = CARTESIAN_POINT ( 'NONE',  ( 0.6628848519836584297, 0.5500000000000002665, 0.1470474398369419344 ) ) ;
#5483 = VECTOR ( 'NONE', #9333, 1000.000000000000000 ) ;
#5484 = CARTESIAN_POINT ( 'NONE',  ( -0.5467247596153848033, 0.5400000000000000355, 0.03299808320753071927 ) ) ;
#5485 = CARTESIAN_POINT ( 'NONE',  ( 0.7019230769230774269, 0.5400000000000000355, 0.2128358235921461172 ) ) ;
#5486 = ADVANCED_FACE ( 'NONE', ( #7647 ), #253, .T. ) ;
#5487 = COLOUR_RGB ( '',1.000000000000000000, 1.000000000000000000, 1.000000000000000000 ) ;
#5488 = AXIS2_PLACEMENT_3D ( 'NONE', #4674, #3884, #9182 ) ;
#5489 = DIRECTION ( 'NONE',  ( -0.0000000000000000000, -1.000000000000000000, -0.0000000000000000000 ) ) ;
#5490 = LINE ( 'NONE', #4487, #1397 ) ;
#5491 = VECTOR ( 'NONE', #8304, 1000.000000000000000 ) ;
#5492 = DIRECTION ( 'NONE',  ( 0.6429223081870644174, 0.0000000000000000000, 0.7659313974733098496 ) ) ;
#5493 = EDGE_LOOP ( 'NONE', ( #1005, #6588, #7400, #3992, #4414, #270 ) ) ;
#5494 = CARTESIAN_POINT ( 'NONE',  ( 0.1807892628205129137, 0.5400000000000000355, 0.2829980832075307262 ) ) ;
#5495 = FACE_OUTER_BOUND ( 'NONE', #5921, .T. ) ;
#5496 = ORIENTED_EDGE ( 'NONE', *, *, #9368, .F. ) ;
#5497 = LINE ( 'NONE', #3110, #6340 ) ;
#5498 = DIRECTION ( 'NONE',  ( -0.0000000000000000000, -1.000000000000000000, -0.0000000000000000000 ) ) ;
#5499 = LINE ( 'NONE', #9599, #7189 ) ;
#5500 = VECTOR ( 'NONE', #3299, 1000.000000000000000 ) ;
#5501 = ORIENTED_EDGE ( 'NONE', *, *, #172, .T. ) ;
#5502 = ORIENTED_EDGE ( 'NONE', *, *, #625, .F. ) ;
#5503 = CARTESIAN_POINT ( 'NONE',  ( 0.6235226923609195060, 0.5400000000000001465, 0.1388772422075209845 ) ) ;
#5504 = ORIENTED_EDGE ( 'NONE', *, *, #3257, .F. ) ;
#5505 = VERTEX_POINT ( 'NONE', #1858 ) ;
#5506 = PLANE ( 'NONE',  #8103 ) ;
#5507 = UNCERTAINTY_MEASURE_WITH_UNIT (LENGTH_MEASURE( 1.000000000000000082E-05 ), #4884, 'distance_accuracy_value', 'NONE');
#5508 = EDGE_CURVE ( 'NONE', #7734, #1226, #5835, .T. ) ;
#5509 = CARTESIAN_POINT ( 'NONE',  ( -0.2933396639028052477, 0.5499999999999999334, 0.04127660005393525566 ) ) ;
#5510 = CARTESIAN_POINT ( 'NONE',  ( -0.4491374902305169670, 0.5499999999999998224, 0.06463066375149946474 ) ) ;
#5511 = EDGE_CURVE ( 'NONE', #9910, #5257, #6916, .T. ) ;
#5512 =( NAMED_UNIT ( * ) PLANE_ANGLE_UNIT ( ) SI_UNIT ( $, .RADIAN. ) );
#5513 = DIRECTION ( 'NONE',  ( 0.0000000000000000000, 0.0000000000000000000, -1.000000000000000000 ) ) ;
#5514 = CARTESIAN_POINT ( 'NONE',  ( -0.9000000000000002442, 0.05000000000000000278, -1.300000000000000266 ) ) ;
#5515 = ORIENTED_EDGE ( 'NONE', *, *, #7453, .T. ) ;
#5516 = DIRECTION ( 'NONE',  ( 0.0000000000000000000, 0.0000000000000000000, -1.000000000000000000 ) ) ;
#5517 = FILL_AREA_STYLE ('',( #9103 ) ) ;
#5518 = PRESENTATION_LAYER_ASSIGNMENT (  '', '', ( #2255 ) ) ;
#5519 = CARTESIAN_POINT ( 'NONE',  ( -0.4628430131376962131, 0.5400000000000000355, 0.1374633990768670266 ) ) ;
#5520 = ORIENTED_EDGE ( 'NONE', *, *, #7519, .F. ) ;
#5521 = CARTESIAN_POINT ( 'NONE',  ( 0.7018532133338187817, 0.5400000000000000355, 0.2102786270033042693 ) ) ;
#5522 = CARTESIAN_POINT ( 'NONE',  ( 0.5601958021571038504, 0.5399999999999998135, 0.1675125358679624976 ) ) ;
#5523 = EDGE_CURVE ( 'NONE', #3208, #3454, #5359, .T. ) ;
#5524 = FILL_AREA_STYLE_COLOUR ( '', #7333 ) ;
#5525 = EDGE_CURVE ( 'NONE', #3330, #4746, #5115, .T. ) ;
#5526 = LINE ( 'NONE', #3294, #7572 ) ;
#5527 = CARTESIAN_POINT ( 'NONE',  ( -0.4166676449937667948, 0.5400000000000002576, 0.07007218740068074658 ) ) ;
#5528 =( NAMED_UNIT ( * ) PLANE_ANGLE_UNIT ( ) SI_UNIT ( $, .RADIAN. ) );
#5529 = EDGE_LOOP ( 'NONE', ( #1494, #3660, #8171, #327 ) ) ;
#5530 = CARTESIAN_POINT ( 'NONE',  ( -0.3550681089743589758, 0.5500000000000000444, 0.2894083396177871137 ) ) ;
#5531 = EDGE_CURVE ( 'NONE', #7855, #9847, #2482, .T. ) ;
#5532 = PRESENTATION_LAYER_ASSIGNMENT (  '', '', ( #4714 ) ) ;
#5533 = B_SPLINE_CURVE_WITH_KNOTS ( 'NONE', 3,
 ( #4130, #6302, #3286, #7984, #7880, #2509, #8654, #4193, #4092, #4844, #3419, #8617, #2618, #211, #4874 ),
 .UNSPECIFIED., .F., .F.,
 ( 4, 1, 1, 1, 1, 1, 1, 1, 1, 1, 1, 1, 4 ),
 ( 0.0000000000000000000, 0.08433472199262716240, 0.1670523184160737085, 0.2495660772409653561, 0.3327404818018459554, 0.4159148863627268877, 0.4978280095399953975, 0.5803725886080511875, 0.6646001210565033457, 0.7494666931126172660, 0.8325102339401407869, 0.9156392816681743207, 1.000000000000000000 ),
 .UNSPECIFIED. ) ;
#5534 = DIRECTION ( 'NONE',  ( -0.0000000000000000000, -1.000000000000000000, -0.0000000000000000000 ) ) ;
#5535 = AXIS2_PLACEMENT_3D ( 'NONE', #5234, #821, #3154 ) ;
#5536 = ORIENTED_EDGE ( 'NONE', *, *, #1876, .T. ) ;
#5537 = SURFACE_SIDE_STYLE ('',( #9132 ) ) ;
#5538 = ORIENTED_EDGE ( 'NONE', *, *, #6173, .T. ) ;
#5539 = ADVANCED_FACE ( 'NONE', ( #784 ), #2582, .F. ) ;
#5540 =( NAMED_UNIT ( * ) PLANE_ANGLE_UNIT ( ) SI_UNIT ( $, .RADIAN. ) );
#5541 = DIRECTION ( 'NONE',  ( 1.000000000000000000, -0.0000000000000000000, -0.0000000000000000000 ) ) ;
#5542 =( NAMED_UNIT ( * ) PLANE_ANGLE_UNIT ( ) SI_UNIT ( $, .RADIAN. ) );
#5543 = LINE ( 'NONE', #8297, #5068 ) ;
#5544 =( NAMED_UNIT ( * ) PLANE_ANGLE_UNIT ( ) SI_UNIT ( $, .RADIAN. ) );
#5545 = UNCERTAINTY_MEASURE_WITH_UNIT (LENGTH_MEASURE( 1.000000000000000082E-05 ), #3601, 'distance_accuracy_value', 'NONE');
#5546 = SURFACE_STYLE_FILL_AREA ( #5777 ) ;
#5547 = ORIENTED_EDGE ( 'NONE', *, *, #6563, .F. ) ;
#5548 =( NAMED_UNIT ( * ) PLANE_ANGLE_UNIT ( ) SI_UNIT ( $, .RADIAN. ) );
#5549 = ORIENTED_EDGE ( 'NONE', *, *, #1723, .F. ) ;
#5550 = CARTESIAN_POINT ( 'NONE',  ( 0.6100000000000005418, 0.04999999999999999584, -0.5000000000000002220 ) ) ;
#5551 =( GEOMETRIC_REPRESENTATION_CONTEXT ( 3 ) GLOBAL_UNCERTAINTY_ASSIGNED_CONTEXT ( ( #8697 ) ) GLOBAL_UNIT_ASSIGNED_CONTEXT ( ( #6343, #2517, #5466 ) ) REPRESENTATION_CONTEXT ( 'NONE', 'WORKASPACE' ) );
#5552 = CARTESIAN_POINT ( 'NONE',  ( -0.3269451014291988034, 0.5500000000000001554, 0.2865753342024141004 ) ) ;
#5553 = VECTOR ( 'NONE', #1449, 1000.000000000000000 ) ;
#5554 = CARTESIAN_POINT ( 'NONE',  ( 0.5535863920699414242, 0.5399999999999999245, 0.2426724421268349197 ) ) ;
#5555 = LINE ( 'NONE', #6789, #9024 ) ;
#5556 = ORIENTED_EDGE ( 'NONE', *, *, #9239, .F. ) ;
#5557 = SURFACE_SIDE_STYLE ('',( #5281 ) ) ;
#5558 = CARTESIAN_POINT ( 'NONE',  ( 0.6989894470067800070, 0.5399999999999999245, 0.1907516422736825201 ) ) ;
#5559 = CARTESIAN_POINT ( 'NONE',  ( -0.4332374932377451304, 0.5499999999999997113, 0.08311147269930281578 ) ) ;
#5560 = CARTESIAN_POINT ( 'NONE',  ( 0.8999999999999999112, 0.5500000000000000444, -0.5000000000000002220 ) ) ;
#5561 = VERTEX_POINT ( 'NONE', #2646 ) ;
#5562 = FILL_AREA_STYLE ('',( #8393 ) ) ;
#5563 =( GEOMETRIC_REPRESENTATION_CONTEXT ( 3 ) GLOBAL_UNCERTAINTY_ASSIGNED_CONTEXT ( ( #5754 ) ) GLOBAL_UNIT_ASSIGNED_CONTEXT ( ( #1822, #386, #2755 ) ) REPRESENTATION_CONTEXT ( 'NONE', 'WORKASPACE' ) );
#5564 = ORIENTED_EDGE ( 'NONE', *, *, #2259, .F. ) ;
#5565 = DIRECTION ( 'NONE',  ( 1.000000000000000000, 0.0000000000000000000, 0.0000000000000000000 ) ) ;
#5566 = SURFACE_SIDE_STYLE ('',( #1163 ) ) ;
#5567 = ORIENTED_EDGE ( 'NONE', *, *, #5280, .F. ) ;
#5568 = EDGE_CURVE ( 'NONE', #7670, #9332, #2122, .T. ) ;
#5569 = FILL_AREA_STYLE_COLOUR ( '', #1207 ) ;
#5570 = ORIENTED_EDGE ( 'NONE', *, *, #96, .T. ) ;
#5571 = PRESENTATION_STYLE_ASSIGNMENT (( #5998 ) ) ;
#5572 = CARTESIAN_POINT ( 'NONE',  ( -0.3318313717727936485, 0.5399999999999998135, 0.2618643490134898721 ) ) ;
#5573 = PRESENTATION_STYLE_ASSIGNMENT (( #6845 ) ) ;
#5574 = CARTESIAN_POINT ( 'NONE',  ( 0.7000000000000002887, 0.1270000000000000018, 1.309999999999999387 ) ) ;
#5575 = DIRECTION ( 'NONE',  ( -1.000000000000000000, 0.0000000000000000000, 0.0000000000000000000 ) ) ;
#5576 = DIRECTION ( 'NONE',  ( 0.0000000000000000000, -1.000000000000000000, 0.0000000000000000000 ) ) ;
#5577 = STYLED_ITEM ( 'NONE', ( #9822 ), #4895 ) ;
#5578 = CARTESIAN_POINT ( 'NONE',  ( -0.3905346931484536821, 0.5400000000000001465, 0.03084114750138526942 ) ) ;
#5579 = PLANE ( 'NONE',  #1538 ) ;
#5581 = ORIENTED_EDGE ( 'NONE', *, *, #1925, .F. ) ;
#5580 = MECHANICAL_DESIGN_GEOMETRIC_PRESENTATION_REPRESENTATION (  '', ( #6422 ), #3749 ) ;
#5582 = CARTESIAN_POINT ( 'NONE',  ( -0.4324964496443048922, 0.5500000000000001554, 0.2335619486979819692 ) ) ;
#5583 = VECTOR ( 'NONE', #6393, 1000.000000000000000 ) ;
#5584 = CARTESIAN_POINT ( 'NONE',  ( 0.5855800618411558522, 0.5499999999999999334, 0.2797338658363431874 ) ) ;
#5585 =( GEOMETRIC_REPRESENTATION_CONTEXT ( 3 ) GLOBAL_UNCERTAINTY_ASSIGNED_CONTEXT ( ( #9419 ) ) GLOBAL_UNIT_ASSIGNED_CONTEXT ( ( #9006, #2140, #1344 ) ) REPRESENTATION_CONTEXT ( 'NONE', 'WORKASPACE' ) );
#5586 = EDGE_CURVE ( 'NONE', #6955, #7940, #5533, .T. ) ;
#5587 = CIRCLE ( 'NONE', #4222, 0.1000000000000000472 ) ;
#5588 =( NAMED_UNIT ( * ) PLANE_ANGLE_UNIT ( ) SI_UNIT ( $, .RADIAN. ) );
#5589 = EDGE_CURVE ( 'NONE', #3146, #820, #2378, .T. ) ;
#5590 = DIRECTION ( 'NONE',  ( -0.0000000000000000000, 1.000000000000000000, -0.0000000000000000000 ) ) ;
#5591 = SURFACE_STYLE_USAGE ( .BOTH. , #6366 ) ;
#5592 = ADVANCED_FACE ( 'NONE', ( #303 ), #1852, .T. ) ;
#5593 = SURFACE_SIDE_STYLE ('',( #1072 ) ) ;
#5594 = AXIS2_PLACEMENT_3D ( 'NONE', #473, #3451, #8915 ) ;
#5595 = CARTESIAN_POINT ( 'NONE',  ( 0.7019230769230774269, 0.5400000000000000355, 0.2128358235921461172 ) ) ;
#5596 = CARTESIAN_POINT ( 'NONE',  ( -0.4466829999810238983, 0.5499999999999999334, 0.09902748658629140222 ) ) ;
#5597 = CARTESIAN_POINT ( 'NONE',  ( 0.5000000000000004441, 0.0000000000000000000, -1.309999999999999387 ) ) ;
#5598 = ORIENTED_EDGE ( 'NONE', *, *, #4448, .F. ) ;
#5599 = AXIS2_PLACEMENT_3D ( 'NONE', #2322, #9959, #3871 ) ;
#5600 = PRESENTATION_STYLE_ASSIGNMENT (( #8294 ) ) ;
#5601 = PRESENTATION_LAYER_ASSIGNMENT (  '', '', ( #3254 ) ) ;
#5602 = AXIS2_PLACEMENT_3D ( 'NONE', #4967, #8855, #384 ) ;
#5603 = LINE ( 'NONE', #4047, #3600 ) ;
#5604 = DIRECTION ( 'NONE',  ( 0.6320722116947490310, 0.0000000000000000000, 0.7749094909751127469 ) ) ;
#5605 = LINE ( 'NONE', #2747, #925 ) ;
#5606 = DIRECTION ( 'NONE',  ( -0.0000000000000000000, -1.000000000000000000, -0.0000000000000000000 ) ) ;
#5607 = LINE ( 'NONE', #3298, #8960 ) ;
#5608 = PRESENTATION_STYLE_ASSIGNMENT (( #2315 ) ) ;
#5609 = FILL_AREA_STYLE_COLOUR ( '', #5255 ) ;
#5610 = VECTOR ( 'NONE', #4243, 1000.000000000000227 ) ;
#5611 = SURFACE_STYLE_USAGE ( .BOTH. , #1047 ) ;
#5612 = CARTESIAN_POINT ( 'NONE',  ( 0.8999999999999998002, 0.05000000000000000278, -1.300000000000000266 ) ) ;
#5613 = ORIENTED_EDGE ( 'NONE', *, *, #4085, .T. ) ;
#5614 = DIRECTION ( 'NONE',  ( 1.000000000000000000, -0.0000000000000000000, -0.0000000000000000000 ) ) ;
#5615 = SURFACE_STYLE_USAGE ( .BOTH. , #6359 ) ;
#5616 = EDGE_LOOP ( 'NONE', ( #467, #6741, #4056, #8337 ) ) ;
#5617 = SURFACE_SIDE_STYLE ('',( #7550 ) ) ;
#5618 = COLOUR_RGB ( '',0.6666666666666666297, 0.6941176470588235059, 0.7647058823529411242 ) ;
#5619 = LINE ( 'NONE', #5105, #6342 ) ;
#5620 = DIRECTION ( 'NONE',  ( -1.000000000000000000, 0.0000000000000000000, 0.0000000000000000000 ) ) ;
#5621 = PRESENTATION_STYLE_ASSIGNMENT (( #7895 ) ) ;
#5622 = VECTOR ( 'NONE', #462, 1000.000000000000000 ) ;
#5623 = ORIENTED_EDGE ( 'NONE', *, *, #1132, .T. ) ;
#5624 = FILL_AREA_STYLE ('',( #7915 ) ) ;
#5625 = VERTEX_POINT ( 'NONE', #6370 ) ;
#5626 = UNCERTAINTY_MEASURE_WITH_UNIT (LENGTH_MEASURE( 1.000000000000000082E-05 ), #9795, 'distance_accuracy_value', 'NONE');
#5627 = AXIS2_PLACEMENT_3D ( 'NONE', #3791, #657, #9117 ) ;
#5628 = LINE ( 'NONE', #2103, #1289 ) ;
#5629 = EDGE_LOOP ( 'NONE', ( #4815, #4236, #143, #3323 ) ) ;
#5630 = DIRECTION ( 'NONE',  ( 0.0000000000000000000, 0.0000000000000000000, -1.000000000000000000 ) ) ;
#5631 = PLANE ( 'NONE',  #8372 ) ;
#5632 = VECTOR ( 'NONE', #947, 1000.000000000000000 ) ;
#5633 = ORIENTED_EDGE ( 'NONE', *, *, #1541, .F. ) ;
#5634 = LINE ( 'NONE', #8688, #3632 ) ;
#5635 = ORIENTED_EDGE ( 'NONE', *, *, #5830, .T. ) ;
#5636 = DIRECTION ( 'NONE',  ( -0.8422499766716470271, 0.0000000000000000000, -0.5390871699424965025 ) ) ;
#5637 = UNCERTAINTY_MEASURE_WITH_UNIT (LENGTH_MEASURE( 1.000000000000000082E-05 ), #4853, 'distance_accuracy_value', 'NONE');
#5638 =( NAMED_UNIT ( * ) PLANE_ANGLE_UNIT ( ) SI_UNIT ( $, .RADIAN. ) );
#5639 = COLOUR_RGB ( '',1.000000000000000000, 1.000000000000000000, 1.000000000000000000 ) ;
#5640 = SURFACE_STYLE_USAGE ( .BOTH. , #8025 ) ;
#5641 = ADVANCED_FACE ( 'NONE', ( #223 ), #1159, .T. ) ;
#5642 = ORIENTED_EDGE ( 'NONE', *, *, #7219, .F. ) ;
#5643 = PLANE ( 'NONE',  #3046 ) ;
#5644 = CARTESIAN_POINT ( 'NONE',  ( -0.2467948717948718063, 0.5499999999999999334, 0.1576475223100948231 ) ) ;
#5645 = EDGE_CURVE ( 'NONE', #8392, #6882, #1193, .T. ) ;
#5646 = CARTESIAN_POINT ( 'NONE',  ( 0.7019230769230774269, 0.5500000000000000444, 0.2128358235921461172 ) ) ;
#5647 = VECTOR ( 'NONE', #8115, 1000.000000000000000 ) ;
#5648 = EDGE_CURVE ( 'NONE', #8034, #1859, #6725, .T. ) ;
#5649 = PLANE ( 'NONE',  #6379 ) ;
#5650 = CARTESIAN_POINT ( 'NONE',  ( -0.3269230769230769273, 0.5500000000000000444, 0.1804339806434281379 ) ) ;
#5651 = FILL_AREA_STYLE ('',( #4185 ) ) ;
#5652 = MECHANICAL_DESIGN_GEOMETRIC_PRESENTATION_REPRESENTATION (  '', ( #2801 ), #3312 ) ;
#5653 = DIRECTION ( 'NONE',  ( -1.000000000000000000, 0.0000000000000000000, 0.0000000000000000000 ) ) ;
#5654 =( NAMED_UNIT ( * ) SI_UNIT ( $, .STERADIAN. ) SOLID_ANGLE_UNIT ( ) );
#5655 = FACE_OUTER_BOUND ( 'NONE', #6039, .T. ) ;
#5656 = AXIS2_PLACEMENT_3D ( 'NONE', #4312, #5024, #8077 ) ;
#5657 = LINE ( 'NONE', #3652, #9011 ) ;
#5658 = VERTEX_POINT ( 'NONE', #1189 ) ;
#5659 = CARTESIAN_POINT ( 'NONE',  ( 0.5535863920699414242, 0.5499999999999998224, 0.2426724421268349197 ) ) ;
#5660 = AXIS2_PLACEMENT_3D ( 'NONE', #2671, #1799, #4147 ) ;
#5661 =( LENGTH_UNIT ( ) NAMED_UNIT ( * ) SI_UNIT ( .MILLI., .METRE. ) );
#5662 = CARTESIAN_POINT ( 'NONE',  ( -0.2999999999999994893, 0.1270000000000000018, 1.309999999999999609 ) ) ;
#5663 = EDGE_CURVE ( 'NONE', #5396, #9188, #4700, .T. ) ;
#5664 = PLANE ( 'NONE',  #8837 ) ;
#5665 = SURFACE_SIDE_STYLE ('',( #7212 ) ) ;
#5666 =( GEOMETRIC_REPRESENTATION_CONTEXT ( 3 ) GLOBAL_UNCERTAINTY_ASSIGNED_CONTEXT ( ( #5333 ) ) GLOBAL_UNIT_ASSIGNED_CONTEXT ( ( #597, #9020, #8303 ) ) REPRESENTATION_CONTEXT ( 'NONE', 'WORKASPACE' ) );
#5667 = EDGE_LOOP ( 'NONE', ( #5570, #7792, #3170, #7023, #8645, #9582, #584, #9828, #5501, #749 ) ) ;
#5668 =( GEOMETRIC_REPRESENTATION_CONTEXT ( 3 ) GLOBAL_UNCERTAINTY_ASSIGNED_CONTEXT ( ( #2111 ) ) GLOBAL_UNIT_ASSIGNED_CONTEXT ( ( #8407, #666, #7700 ) ) REPRESENTATION_CONTEXT ( 'NONE', 'WORKASPACE' ) );
#5669 = B_SPLINE_CURVE_WITH_KNOTS ( 'NONE', 3,
 ( #8061, #5709, #4883, #8840, #5004, #7233, #1079, #2631, #261, #8776, #5644 ),
 .UNSPECIFIED., .F., .F.,
 ( 4, 1, 1, 1, 1, 1, 1, 1, 4 ),
 ( 0.0000000000000000000, 0.1315262635769307298, 0.2587179924131622344, 0.3827297268112473394, 0.5050597936177655400, 0.6263067267417242734, 0.7481632880963786647, 0.8726877911473310823, 1.000000000000000000 ),
 .UNSPECIFIED. ) ;
#5670 = FILL_AREA_STYLE ('',( #7992 ) ) ;
#5671 = DIRECTION ( 'NONE',  ( 0.0000000000000000000, 1.000000000000000000, -0.0000000000000000000 ) ) ;
#5672 = DIRECTION ( 'NONE',  ( -0.0000000000000000000, -1.000000000000000000, -0.0000000000000000000 ) ) ;
#5673 = UNCERTAINTY_MEASURE_WITH_UNIT (LENGTH_MEASURE( 1.000000000000000082E-05 ), #3378, 'distance_accuracy_value', 'NONE');
#5674 = ORIENTED_EDGE ( 'NONE', *, *, #6351, .F. ) ;
#5675 = CARTESIAN_POINT ( 'NONE',  ( -0.2626500012391022043, 0.5400000000000000355, 0.2518291224111581794 ) ) ;
#5676 = FILL_AREA_STYLE ('',( #3969 ) ) ;
#5677 =( NAMED_UNIT ( * ) SI_UNIT ( $, .STERADIAN. ) SOLID_ANGLE_UNIT ( ) );
#5678 = CARTESIAN_POINT ( 'NONE',  ( -0.2810496794871794601, 0.5500000000000000444, 0.2366739646177871415 ) ) ;
#5679 = ORIENTED_EDGE ( 'NONE', *, *, #5903, .F. ) ;
#5680 = DIRECTION ( 'NONE',  ( -0.0000000000000000000, -1.000000000000000000, -0.0000000000000000000 ) ) ;
#5681 = CARTESIAN_POINT ( 'NONE',  ( -0.09999999999999961697, 0.0000000000000000000, 1.009999999999999565 ) ) ;
#5682 = SURFACE_STYLE_USAGE ( .BOTH. , #6494 ) ;
#5683 = LINE ( 'NONE', #4626, #5553 ) ;
#5684 = SURFACE_STYLE_USAGE ( .BOTH. , #3441 ) ;
#5685 = ORIENTED_EDGE ( 'NONE', *, *, #9353, .T. ) ;
#5686 = CARTESIAN_POINT ( 'NONE',  ( -0.3543169070512820484, 0.5500000000000000444, 0.2637673139767615083 ) ) ;
#5687 = STYLED_ITEM ( 'NONE', ( #7167 ), #9902 ) ;
#5688 = ORIENTED_EDGE ( 'NONE', *, *, #7385, .T. ) ;
#5689 = CARTESIAN_POINT ( 'NONE',  ( -0.2999999999999994893, 0.0000000000000000000, 1.009999999999999565 ) ) ;
#5690 = DIRECTION ( 'NONE',  ( 0.0000000000000000000, 0.0000000000000000000, -1.000000000000000000 ) ) ;
#5691 = ADVANCED_FACE ( 'NONE', ( #3867 ), #2718, .F. ) ;
#5692 =( NAMED_UNIT ( * ) SI_UNIT ( $, .STERADIAN. ) SOLID_ANGLE_UNIT ( ) );
#5693 = COLOUR_RGB ( '',1.000000000000000000, 1.000000000000000000, 1.000000000000000000 ) ;
#5694 = CARTESIAN_POINT ( 'NONE',  ( 0.6936123898487468464, 0.5400000000000001465, 0.1774994904526919770 ) ) ;
#5695 = CARTESIAN_POINT ( 'NONE',  ( -0.3269230769230769273, 0.5400000000000000355, 0.1804339806434281379 ) ) ;
#5696 = ORIENTED_EDGE ( 'NONE', *, *, #296, .F. ) ;
#5697 = EDGE_LOOP ( 'NONE', ( #4300, #7957, #7593, #6262 ) ) ;
#5698 = LINE ( 'NONE', #1933, #3096 ) ;
#5699 = LINE ( 'NONE', #42, #2491 ) ;
#5700 = DIRECTION ( 'NONE',  ( 0.0000000000000000000, 0.0000000000000000000, -1.000000000000000000 ) ) ;
#5701 = VERTEX_POINT ( 'NONE', #9543 ) ;
#5702 = EDGE_CURVE ( 'NONE', #6467, #252, #1810, .T. ) ;
#5703 = DIRECTION ( 'NONE',  ( -0.0000000000000000000, -0.0000000000000000000, -1.000000000000000000 ) ) ;
#5704 = DIRECTION ( 'NONE',  ( -0.0000000000000000000, -1.000000000000000000, -0.0000000000000000000 ) ) ;
#5705 = ORIENTED_EDGE ( 'NONE', *, *, #4199, .T. ) ;
#5706 = VECTOR ( 'NONE', #3713, 1000.000000000000000 ) ;
#5707 = CARTESIAN_POINT ( 'NONE',  ( 0.6230468750000004441, 0.5500000000000000444, 0.1644083396177871415 ) ) ;
#5708 = LINE ( 'NONE', #2426, #5941 ) ;
#5709 = CARTESIAN_POINT ( 'NONE',  ( -0.2783219165715821175, 0.5500000000000000444, 0.2339037522570286687 ) ) ;
#5710 = CARTESIAN_POINT ( 'NONE',  ( -0.2467948717948718063, 0.5400000000000000355, 0.1576475223100948231 ) ) ;
#5711 = AXIS2_PLACEMENT_3D ( 'NONE', #8568, #6954, #3231 ) ;
#5712 = ORIENTED_EDGE ( 'NONE', *, *, #478, .T. ) ;
#5713 = CARTESIAN_POINT ( 'NONE',  ( -0.2555588942307692180, 0.5400000000000000355, 0.3022288524382999442 ) ) ;
#5714 = CARTESIAN_POINT ( 'NONE',  ( 0.6100000000000005418, 0.0000000000000000000, -0.7000000000000005107 ) ) ;
#5715 = CARTESIAN_POINT ( 'NONE',  ( -0.4491374902305169670, 0.5399999999999998135, 0.06463066375149946474 ) ) ;
#5716 =( LENGTH_UNIT ( ) NAMED_UNIT ( * ) SI_UNIT ( .MILLI., .METRE. ) );
#5717 = AXIS2_PLACEMENT_3D ( 'NONE', #1417, #6081, #6831 ) ;
#5718 = EDGE_CURVE ( 'NONE', #8308, #1351, #2430, .T. ) ;
#5719 = CYLINDRICAL_SURFACE ( 'NONE', #7211, 0.1000000000000002415 ) ;
#5720 = FILL_AREA_STYLE_COLOUR ( '', #5618 ) ;
#5721 = PRESENTATION_STYLE_ASSIGNMENT (( #7953 ) ) ;
#5722 = EDGE_CURVE ( 'NONE', #7904, #4559, #3997, .T. ) ;
#5723 = CARTESIAN_POINT ( 'NONE',  ( -0.2986278044871794601, 0.5500000000000000444, 0.2494443973100947953 ) ) ;
#5724 = FILL_AREA_STYLE ('',( #9505 ) ) ;
#5725 = AXIS2_PLACEMENT_3D ( 'NONE', #910, #2451, #5470 ) ;
#5726 = DIRECTION ( 'NONE',  ( 3.336006684570783101E-16, 0.0000000000000000000, 1.000000000000000000 ) ) ;
#5727 = PRESENTATION_STYLE_ASSIGNMENT (( #6650 ) ) ;
#5728 =( NAMED_UNIT ( * ) SI_UNIT ( $, .STERADIAN. ) SOLID_ANGLE_UNIT ( ) );
#5729 = STYLED_ITEM ( 'NONE', ( #8459 ), #6348 ) ;
#5730 = FILL_AREA_STYLE_COLOUR ( '', #8651 ) ;
#5731 = SURFACE_STYLE_FILL_AREA ( #6484 ) ;
#5732 = LINE ( 'NONE', #8974, #9556 ) ;
#5733 = COLOUR_RGB ( '',1.000000000000000000, 1.000000000000000000, 1.000000000000000000 ) ;
#5734 = SURFACE_SIDE_STYLE ('',( #3296 ) ) ;
#5735 =( GEOMETRIC_REPRESENTATION_CONTEXT ( 3 ) GLOBAL_UNCERTAINTY_ASSIGNED_CONTEXT ( ( #6382 ) ) GLOBAL_UNIT_ASSIGNED_CONTEXT ( ( #8512, #9404, #7876 ) ) REPRESENTATION_CONTEXT ( 'NONE', 'WORKASPACE' ) );
#5736 =( LENGTH_UNIT ( ) NAMED_UNIT ( * ) SI_UNIT ( .MILLI., .METRE. ) );
#5737 = LINE ( 'NONE', #4627, #3126 ) ;
#5738 =( LENGTH_UNIT ( ) NAMED_UNIT ( * ) SI_UNIT ( .MILLI., .METRE. ) );
#5739 = MECHANICAL_DESIGN_GEOMETRIC_PRESENTATION_REPRESENTATION (  '', ( #5920 ), #254 ) ;
#5740 = ORIENTED_EDGE ( 'NONE', *, *, #7496, .F. ) ;
#5741 = ADVANCED_FACE ( 'NONE', ( #2804 ), #3524, .T. ) ;
#5742 = SURFACE_SIDE_STYLE ('',( #8790 ) ) ;
#5743 = ORIENTED_EDGE ( 'NONE', *, *, #9240, .T. ) ;
#5744 = CARTESIAN_POINT ( 'NONE',  ( 0.6230468750000004441, 0.5400000000000000355, 0.1644083396177871415 ) ) ;
#5745 = MECHANICAL_DESIGN_GEOMETRIC_PRESENTATION_REPRESENTATION (  '', ( #8236 ), #6453 ) ;
#5746 = DIRECTION ( 'NONE',  ( -1.000000000000000000, 0.0000000000000000000, 0.0000000000000000000 ) ) ;
#5747 = COLOUR_RGB ( '',0.6666666666666666297, 0.6941176470588235059, 0.7647058823529411242 ) ;
#5749 = LINE ( 'NONE', #8637, #5632 ) ;
#5748 = CARTESIAN_POINT ( 'NONE',  ( -0.001702724358974296547, 0.5400000000000000355, 0.03299808320753071927 ) ) ;
#5750 = VERTEX_POINT ( 'NONE', #9607 ) ;
#5751 = ORIENTED_EDGE ( 'NONE', *, *, #6618, .T. ) ;
#5752 =( LENGTH_UNIT ( ) NAMED_UNIT ( * ) SI_UNIT ( .MILLI., .METRE. ) );
#5753 = ORIENTED_EDGE ( 'NONE', *, *, #8558, .T. ) ;
#5754 = UNCERTAINTY_MEASURE_WITH_UNIT (LENGTH_MEASURE( 1.000000000000000082E-05 ), #1822, 'distance_accuracy_value', 'NONE');
#5755 = FACE_OUTER_BOUND ( 'NONE', #2102, .T. ) ;
#5756 = CARTESIAN_POINT ( 'NONE',  ( -0.3559194711538461453, 0.5400000000000000355, 0.05222885243829993723 ) ) ;
#5757 = EDGE_LOOP ( 'NONE', ( #8769, #27, #5267, #3264, #5696, #3985, #2842, #3629, #7495, #2605 ) ) ;
#5758 = DIRECTION ( 'NONE',  ( -1.000000000000000000, -0.0000000000000000000, -0.0000000000000000000 ) ) ;
#5759 = LINE ( 'NONE', #7321, #5992 ) ;
#5760 = CARTESIAN_POINT ( 'NONE',  ( -0.6999999999999994005, 0.1270000000000000018, -1.309999999999999609 ) ) ;
#5761 = DIRECTION ( 'NONE',  ( -0.0000000000000000000, -1.000000000000000000, -0.0000000000000000000 ) ) ;
#5762 = STYLED_ITEM ( 'NONE', ( #4227 ), #4220 ) ;
#5763 = ORIENTED_EDGE ( 'NONE', *, *, #896, .T. ) ;
#5764 = FILL_AREA_STYLE_COLOUR ( '', #1921 ) ;
#5765 = SURFACE_STYLE_USAGE ( .BOTH. , #4258 ) ;
#5766 =( NAMED_UNIT ( * ) PLANE_ANGLE_UNIT ( ) SI_UNIT ( $, .RADIAN. ) );
#5767 = VERTEX_POINT ( 'NONE', #5156 ) ;
#5768 = EDGE_CURVE ( 'NONE', #989, #9339, #4352, .T. ) ;
#5769 = DIRECTION ( 'NONE',  ( -0.0000000000000000000, -1.000000000000000000, -0.0000000000000000000 ) ) ;
#5770 = VECTOR ( 'NONE', #5338, 1000.000000000000000 ) ;
#5771 = VECTOR ( 'NONE', #4965, 1000.000000000000000 ) ;
#5772 = ORIENTED_EDGE ( 'NONE', *, *, #3493, .T. ) ;
#5773 = SURFACE_SIDE_STYLE ('',( #1522 ) ) ;
#5774 = PRESENTATION_LAYER_ASSIGNMENT (  '', '', ( #7834 ) ) ;
#5775 = PRESENTATION_STYLE_ASSIGNMENT (( #8289 ) ) ;
#5776 = CARTESIAN_POINT ( 'NONE',  ( 0.2000000000000004274, 0.0000000000000000000, -1.009999999999999565 ) ) ;
#5777 = FILL_AREA_STYLE ('',( #5435 ) ) ;
#5778 = EDGE_CURVE ( 'NONE', #7940, #2736, #6308, .T. ) ;
#5779 = VERTEX_POINT ( 'NONE', #1246 ) ;
#5780 = CARTESIAN_POINT ( 'NONE',  ( -0.2834308591000357924, 0.5500000000000000444, 0.07843042314809549331 ) ) ;
#5781 = CARTESIAN_POINT ( 'NONE',  ( -0.7067307692307693845, 0.5400000000000000355, 0.2829980832075307262 ) ) ;
#5782 = VERTEX_POINT ( 'NONE', #7404 ) ;
#5783 = CARTESIAN_POINT ( 'NONE',  ( 0.5760216346153850253, 0.5400000000000000355, 0.1406703588485563594 ) ) ;
#5784 = EDGE_CURVE ( 'NONE', #7193, #6832, #1910, .T. ) ;
#5785 = MECHANICAL_DESIGN_GEOMETRIC_PRESENTATION_REPRESENTATION (  '', ( #4898 ), #7847 ) ;
#5786 =( LENGTH_UNIT ( ) NAMED_UNIT ( * ) SI_UNIT ( .MILLI., .METRE. ) );
#5787 = SURFACE_SIDE_STYLE ('',( #8575 ) ) ;
#5788 =( GEOMETRIC_REPRESENTATION_CONTEXT ( 3 ) GLOBAL_UNCERTAINTY_ASSIGNED_CONTEXT ( ( #5080 ) ) GLOBAL_UNIT_ASSIGNED_CONTEXT ( ( #5716, #7207, #299 ) ) REPRESENTATION_CONTEXT ( 'NONE', 'WORKASPACE' ) );
#5789 = DIRECTION ( 'NONE',  ( 0.0000000000000000000, 0.0000000000000000000, 1.000000000000000000 ) ) ;
#5790 =( NAMED_UNIT ( * ) PLANE_ANGLE_UNIT ( ) SI_UNIT ( $, .RADIAN. ) );
#5792 = ADVANCED_FACE ( 'NONE', ( #9464 ), #9714, .T. ) ;
#5791 = PRESENTATION_LAYER_ASSIGNMENT (  '', '', ( #1617 ) ) ;
#5793 = ORIENTED_EDGE ( 'NONE', *, *, #6020, .T. ) ;
#5794 = SURFACE_SIDE_STYLE ('',( #2032 ) ) ;
#5795 = ORIENTED_EDGE ( 'NONE', *, *, #3108, .T. ) ;
#5796 = FILL_AREA_STYLE_COLOUR ( '', #8163 ) ;
#5797 = EDGE_CURVE ( 'NONE', #6292, #4975, #3237, .T. ) ;
#5798 =( NAMED_UNIT ( * ) PLANE_ANGLE_UNIT ( ) SI_UNIT ( $, .RADIAN. ) );
#5799 = CARTESIAN_POINT ( 'NONE',  ( -0.8999999999999993561, 0.1270000000000000018, 1.299999999999999600 ) ) ;
#5800 = MECHANICAL_DESIGN_GEOMETRIC_PRESENTATION_REPRESENTATION (  '', ( #2209 ), #4970 ) ;
#5801 = LINE ( 'NONE', #5099, #4497 ) ;
#5802 = CARTESIAN_POINT ( 'NONE',  ( -0.4155052008847964218, 0.5400000000000001465, 0.2468007885627520326 ) ) ;
#5803 = ORIENTED_EDGE ( 'NONE', *, *, #2452, .T. ) ;
#5804 = DIRECTION ( 'NONE',  ( 0.0000000000000000000, 1.000000000000000000, 0.0000000000000000000 ) ) ;
#5805 = VECTOR ( 'NONE', #1842, 1000.000000000000000 ) ;
#5806 = ORIENTED_EDGE ( 'NONE', *, *, #3106, .T. ) ;
#5807 = FILL_AREA_STYLE_COLOUR ( '', #9957 ) ;
#5808 = CARTESIAN_POINT ( 'NONE',  ( 0.1858974358974359864, 0.5400000000000000355, 0.03299808320753071927 ) ) ;
#5809 = SURFACE_SIDE_STYLE ('',( #5823 ) ) ;
#5810 = ORIENTED_EDGE ( 'NONE', *, *, #7574, .F. ) ;
#5811 =( NAMED_UNIT ( * ) SI_UNIT ( $, .STERADIAN. ) SOLID_ANGLE_UNIT ( ) );
#5812 = ORIENTED_EDGE ( 'NONE', *, *, #4500, .F. ) ;
#5813 =( NAMED_UNIT ( * ) PLANE_ANGLE_UNIT ( ) SI_UNIT ( $, .RADIAN. ) );
#5814 = SURFACE_STYLE_FILL_AREA ( #3310 ) ;
#5815 = COLOUR_RGB ( '',0.6666666666666666297, 0.6941176470588235059, 0.7647058823529411242 ) ;
#5816 = PRESENTATION_LAYER_ASSIGNMENT (  '', '', ( #9223 ) ) ;
#5817 = FACE_OUTER_BOUND ( 'NONE', #2305, .T. ) ;
#5818 = DIRECTION ( 'NONE',  ( 0.0000000000000000000, -1.000000000000000000, 0.0000000000000000000 ) ) ;
#5819 = UNCERTAINTY_MEASURE_WITH_UNIT (LENGTH_MEASURE( 1.000000000000000082E-05 ), #4143, 'distance_accuracy_value', 'NONE');
#5820 = CARTESIAN_POINT ( 'NONE',  ( -0.4040737230816930370, 0.5500000000000002665, 0.06303048445244230358 ) ) ;
#5821 = ORIENTED_EDGE ( 'NONE', *, *, #3570, .F. ) ;
#5822 = CARTESIAN_POINT ( 'NONE',  ( 0.6784981589328373808, 0.5499999999999998224, 0.2042251726483620133 ) ) ;
#5823 = SURFACE_STYLE_FILL_AREA ( #7418 ) ;
#5824 = CARTESIAN_POINT ( 'NONE',  ( -0.6100000000000003197, 0.1270000000000000018, 0.6999999999999997335 ) ) ;
#5825 = CARTESIAN_POINT ( 'NONE',  ( 0.6018583639959672604, 0.5499999999999998224, 0.1679017995092741966 ) ) ;
#5826 = VECTOR ( 'NONE', #3525, 1000.000000000000000 ) ;
#5827 = PRESENTATION_STYLE_ASSIGNMENT (( #7633 ) ) ;
#5828 = EDGE_CURVE ( 'NONE', #2406, #202, #9551, .T. ) ;
#5829 = CARTESIAN_POINT ( 'NONE',  ( -0.4466712235747273274, 0.5399999999999999245, 0.2175748631805408673 ) ) ;
#5830 = EDGE_CURVE ( 'NONE', #6346, #3311, #7298, .T. ) ;
#5831 = CARTESIAN_POINT ( 'NONE',  ( 0.5705677590796486287, 0.5500000000000000444, 0.2124834570959833469 ) ) ;
#5832 = ADVANCED_FACE ( 'NONE', ( #9186 ), #5186, .F. ) ;
#5833 = CARTESIAN_POINT ( 'NONE',  ( 0.1858974358974359864, 0.5400000000000000355, 0.03299808320753071927 ) ) ;
#5834 = AXIS2_PLACEMENT_3D ( 'NONE', #8592, #4067, #4787 ) ;
#5835 = LINE ( 'NONE', #4196, #9195 ) ;
#5836 = CARTESIAN_POINT ( 'NONE',  ( -0.5999999999999995337, 0.0000000000000000000, -1.009999999999999787 ) ) ;
#5837 = AXIS2_PLACEMENT_3D ( 'NONE', #1080, #950, #7092 ) ;
#5838 = FILL_AREA_STYLE ('',( #7234 ) ) ;
#5839 =( GEOMETRIC_REPRESENTATION_CONTEXT ( 3 ) GLOBAL_UNCERTAINTY_ASSIGNED_CONTEXT ( ( #616 ) ) GLOBAL_UNIT_ASSIGNED_CONTEXT ( ( #6962, #3900, #4726 ) ) REPRESENTATION_CONTEXT ( 'NONE', 'WORKASPACE' ) );
#5840 = SURFACE_STYLE_FILL_AREA ( #8886 ) ;
#5841 = DIRECTION ( 'NONE',  ( 0.0000000000000000000, 0.0000000000000000000, 1.000000000000000000 ) ) ;
#5842 = SURFACE_STYLE_FILL_AREA ( #4624 ) ;
#5843 = LINE ( 'NONE', #4003, #2015 ) ;
#5844 = ORIENTED_EDGE ( 'NONE', *, *, #6730, .T. ) ;
#5845 = CARTESIAN_POINT ( 'NONE',  ( -0.4871794871794872250, 0.5500000000000000444, 0.1590998460280435567 ) ) ;
#5846 = AXIS2_PLACEMENT_3D ( 'NONE', #7954, #8622, #4133 ) ;
#5847 = DIRECTION ( 'NONE',  ( -1.000000000000000000, 0.0000000000000000000, 0.0000000000000000000 ) ) ;
#5848 = UNCERTAINTY_MEASURE_WITH_UNIT (LENGTH_MEASURE( 1.000000000000000082E-05 ), #2275, 'distance_accuracy_value', 'NONE');
#5849 = CARTESIAN_POINT ( 'NONE',  ( 0.6784981589328373808, 0.5499999999999999334, 0.2042251726483620133 ) ) ;
#5850 = MECHANICAL_DESIGN_GEOMETRIC_PRESENTATION_REPRESENTATION (  '', ( #174 ), #6689 ) ;
#5851 = ORIENTED_EDGE ( 'NONE', *, *, #4556, .F. ) ;
#5852 = CARTESIAN_POINT ( 'NONE',  ( 0.5760216346153850253, 0.5400000000000000355, 0.1406703588485563594 ) ) ;
#5853 = CARTESIAN_POINT ( 'NONE',  ( 0.6794478728446803339, 0.5499999999999998224, 0.2124812334167374694 ) ) ;
#5854 = LINE ( 'NONE', #7778, #6100 ) ;
#5855 = CARTESIAN_POINT ( 'NONE',  ( 0.5816323061586913257, 0.5499999999999999334, 0.1825564410027176732 ) ) ;
#5856 = ORIENTED_EDGE ( 'NONE', *, *, #3512, .T. ) ;
#5857 = ORIENTED_EDGE ( 'NONE', *, *, #3941, .F. ) ;
#5858 = ORIENTED_EDGE ( 'NONE', *, *, #7200, .T. ) ;
#5859 = LINE ( 'NONE', #3390, #9924 ) ;
#5860 =( LENGTH_UNIT ( ) NAMED_UNIT ( * ) SI_UNIT ( .MILLI., .METRE. ) );
#5861 = SURFACE_STYLE_FILL_AREA ( #6391 ) ;
#5862 = EDGE_LOOP ( 'NONE', ( #1826, #1270, #5613, #3983 ) ) ;
#5863 = CARTESIAN_POINT ( 'NONE',  ( 0.8999999999999998002, 0.5500000000000000444, -1.300000000000000266 ) ) ;
#5864 = SURFACE_SIDE_STYLE ('',( #7961 ) ) ;
#5865 = UNCERTAINTY_MEASURE_WITH_UNIT (LENGTH_MEASURE( 1.000000000000000082E-05 ), #3495, 'distance_accuracy_value', 'NONE');
#5866 = PRESENTATION_LAYER_ASSIGNMENT (  '', '', ( #2292 ) ) ;
#5867 = ORIENTED_EDGE ( 'NONE', *, *, #9483, .T. ) ;
#5868 = CARTESIAN_POINT ( 'NONE',  ( 0.7018214265742052094, 0.5499999999999999334, 0.2163343738740619859 ) ) ;
#5869 = PRESENTATION_STYLE_ASSIGNMENT (( #1894 ) ) ;
#5870 = CARTESIAN_POINT ( 'NONE',  ( 0.8999999999999998002, 0.5500000000000000444, -1.300000000000000266 ) ) ;
#5871 = ORIENTED_EDGE ( 'NONE', *, *, #7959, .F. ) ;
#5872 = DIRECTION ( 'NONE',  ( -1.000000000000000000, 0.0000000000000000000, 0.0000000000000000000 ) ) ;
#5873 = VECTOR ( 'NONE', #4354, 1000.000000000000000 ) ;
#5874 = CARTESIAN_POINT ( 'NONE',  ( -0.4999999999999995559, 0.1270000000000000018, -1.309999999999999609 ) ) ;
#5875 = VERTEX_POINT ( 'NONE', #2279 ) ;
#5876 = CARTESIAN_POINT ( 'NONE',  ( -0.4738622538362708969, 0.5499999999999999334, 0.09992236913872895587 ) ) ;
#5877 = LINE ( 'NONE', #7554, #4836 ) ;
#5878 = ADVANCED_FACE ( 'NONE', ( #167 ), #3232, .T. ) ;
#5879 = CARTESIAN_POINT ( 'NONE',  ( 0.6396077243356841358, 0.5500000000000000444, 0.1663965993273414656 ) ) ;
#5880 = SURFACE_SIDE_STYLE ('',( #419 ) ) ;
#5881 = CARTESIAN_POINT ( 'NONE',  ( 0.6730865911249566125, 0.5399999999999998135, 0.1906260953272514158 ) ) ;
#5882 = EDGE_CURVE ( 'NONE', #9870, #324, #4072, .T. ) ;
#5883 = LINE ( 'NONE', #3061, #240 ) ;
#5884 = DIRECTION ( 'NONE',  ( -0.0000000000000000000, -1.000000000000000000, -0.0000000000000000000 ) ) ;
#5885 = DIRECTION ( 'NONE',  ( -1.000000000000000000, 0.0000000000000000000, 0.0000000000000000000 ) ) ;
#5886 = VERTEX_POINT ( 'NONE', #4659 ) ;
#5887 = LINE ( 'NONE', #4301, #601 ) ;
#5888 = DIRECTION ( 'NONE',  ( 0.0000000000000000000, -0.0000000000000000000, 1.000000000000000000 ) ) ;
#5889 = MECHANICAL_DESIGN_GEOMETRIC_PRESENTATION_REPRESENTATION (  '', ( #3686 ), #6225 ) ;
#5890 = VECTOR ( 'NONE', #6676, 1000.000000000000000 ) ;
#5891 = FILL_AREA_STYLE ('',( #481 ) ) ;
#5892 = MECHANICAL_DESIGN_GEOMETRIC_PRESENTATION_REPRESENTATION (  '', ( #9175 ), #1255 ) ;
#5893 = VECTOR ( 'NONE', #4164, 1000.000000000000000 ) ;
#5894 = ORIENTED_EDGE ( 'NONE', *, *, #620, .T. ) ;
#5895 = LINE ( 'NONE', #9751, #6146 ) ;
#5896 = CARTESIAN_POINT ( 'NONE',  ( 0.6000000000000004219, 0.04999999999999999584, 1.009999999999999565 ) ) ;
#5897 = EDGE_CURVE ( 'NONE', #880, #5934, #9314, .T. ) ;
#5898 = SURFACE_STYLE_USAGE ( .BOTH. , #5133 ) ;
#5899 =( NAMED_UNIT ( * ) SI_UNIT ( $, .STERADIAN. ) SOLID_ANGLE_UNIT ( ) );
#5900 = DIRECTION ( 'NONE',  ( 0.5390888091285608308, 0.0000000000000000000, 0.8422489274984861218 ) ) ;
#5901 = FILL_AREA_STYLE ('',( #465 ) ) ;
#5902 = COLOUR_RGB ( '',1.000000000000000000, 1.000000000000000000, 1.000000000000000000 ) ;
#5903 = EDGE_CURVE ( 'NONE', #3297, #5701, #4534, .T. ) ;
#5904 = LINE ( 'NONE', #5944, #6520 ) ;
#5905 = EDGE_LOOP ( 'NONE', ( #5688, #2680, #4985, #1124 ) ) ;
#5906 = AXIS2_PLACEMENT_3D ( 'NONE', #8945, #5112, #7569 ) ;
#5907 =( NAMED_UNIT ( * ) PLANE_ANGLE_UNIT ( ) SI_UNIT ( $, .RADIAN. ) );
#5908 = CARTESIAN_POINT ( 'NONE',  ( -0.3112362177066161917, 0.5400000000000003686, 0.2557885271421278528 ) ) ;
#5909 = STYLED_ITEM ( 'NONE', ( #7045 ), #2664 ) ;
#5910 = ORIENTED_EDGE ( 'NONE', *, *, #8760, .F. ) ;
#5911 = CARTESIAN_POINT ( 'NONE',  ( -0.4429625110142100808, 0.5500000000000001554, 0.05883124170473836428 ) ) ;
#5912 = FILL_AREA_STYLE ('',( #5248 ) ) ;
#5913 = SURFACE_SIDE_STYLE ('',( #8260 ) ) ;
#5914 = COLOUR_RGB ( '',0.6666666666666666297, 0.6941176470588235059, 0.7647058823529411242 ) ;
#5915 = DIRECTION ( 'NONE',  ( 0.0000000000000000000, 1.000000000000000000, 0.0000000000000000000 ) ) ;
#5916 = CARTESIAN_POINT ( 'NONE',  ( 0.6594899919068388794, 0.5499999999999999334, 0.2526761605932171251 ) ) ;
#5917 = CARTESIAN_POINT ( 'NONE',  ( -0.2810496794871794601, 0.5400000000000000355, 0.2366739646177871415 ) ) ;
#5918 = ORIENTED_EDGE ( 'NONE', *, *, #6806, .F. ) ;
#5919 = CARTESIAN_POINT ( 'NONE',  ( -0.9100000000000002531, 0.0000000000000000000, -0.1000000000000001860 ) ) ;
#5920 = STYLED_ITEM ( 'NONE', ( #8422 ), #791 ) ;
#5921 = EDGE_LOOP ( 'NONE', ( #6636, #2786, #3077, #7722 ) ) ;
#5922 = DIRECTION ( 'NONE',  ( 8.131516293641297060E-16, 0.0000000000000000000, 1.000000000000000000 ) ) ;
#5923 = ORIENTED_EDGE ( 'NONE', *, *, #4006, .F. ) ;
#5924 = STYLED_ITEM ( 'NONE', ( #8799 ), #7450 ) ;
#5925 = CARTESIAN_POINT ( 'NONE',  ( -0.2610152076608495131, 0.5499999999999994893, 0.1044672426751594302 ) ) ;
#5926 = ORIENTED_EDGE ( 'NONE', *, *, #3752, .F. ) ;
#5927 = CARTESIAN_POINT ( 'NONE',  ( -0.1999999999999995393, 0.1270000000000000018, 1.009999999999999787 ) ) ;
#5928 = ADVANCED_FACE ( 'NONE', ( #2630 ), #5378, .F. ) ;
#5929 = ORIENTED_EDGE ( 'NONE', *, *, #564, .F. ) ;
#5930 = VECTOR ( 'NONE', #8470, 1000.000000000000000 ) ;
#5931 = DIRECTION ( 'NONE',  ( 0.5391851040989490418, 0.0000000000000000000, -0.8421872852981132640 ) ) ;
#5932 = SURFACE_SIDE_STYLE ('',( #868 ) ) ;
#5933 = ORIENTED_EDGE ( 'NONE', *, *, #1482, .T. ) ;
#5934 = VERTEX_POINT ( 'NONE', #740 ) ;
#5935 = UNCERTAINTY_MEASURE_WITH_UNIT (LENGTH_MEASURE( 1.000000000000000082E-05 ), #1269, 'distance_accuracy_value', 'NONE');
#5936 = SURFACE_STYLE_USAGE ( .BOTH. , #9086 ) ;
#5937 = CARTESIAN_POINT ( 'NONE',  ( -0.006410256410256351053, 0.5500000000000000444, 0.2829980832075307262 ) ) ;
#5938 = VERTEX_POINT ( 'NONE', #2245 ) ;
#5939 = AXIS2_PLACEMENT_3D ( 'NONE', #8314, #6021, #9869 ) ;
#5940 =( NAMED_UNIT ( * ) SI_UNIT ( $, .STERADIAN. ) SOLID_ANGLE_UNIT ( ) );
#5941 = VECTOR ( 'NONE', #9298, 1000.000000000000000 ) ;
#5942 = CARTESIAN_POINT ( 'NONE',  ( -0.5435196314102566095, 0.5400000000000000355, 0.2829980832075307262 ) ) ;
#5943 = ORIENTED_EDGE ( 'NONE', *, *, #5648, .F. ) ;
#5944 = CARTESIAN_POINT ( 'NONE',  ( 0.9100000000000002531, 0.1270000000000000018, 0.2999999999999997113 ) ) ;
#5945 = LINE ( 'NONE', #4022, #5233 ) ;
#5946 = CARTESIAN_POINT ( 'NONE',  ( -0.4804425548214869557, 0.5499999999999999334, 0.1160291272154046066 ) ) ;
#5947 =( NAMED_UNIT ( * ) SI_UNIT ( $, .STERADIAN. ) SOLID_ANGLE_UNIT ( ) );
#5948 = CARTESIAN_POINT ( 'NONE',  ( -0.3943165859147567676, 0.5400000000000001465, 0.2842960902181757010 ) ) ;
#5949 = SURFACE_STYLE_USAGE ( .BOTH. , #5913 ) ;
#5950 = CARTESIAN_POINT ( 'NONE',  ( 0.6794423241026030791, 0.5399999999999999245, 0.2158772070298358436 ) ) ;
#5951 = CARTESIAN_POINT ( 'NONE',  ( 0.6506410256410261050, 0.5500000000000000444, 0.02658782679727431791 ) ) ;
#5952 = SURFACE_SIDE_STYLE ('',( #3855 ) ) ;
#5953 = EDGE_CURVE ( 'NONE', #6187, #5396, #6661, .T. ) ;
#5954 = SURFACE_SIDE_STYLE ('',( #3405 ) ) ;
#5955 = CARTESIAN_POINT ( 'NONE',  ( -0.4504461510209261110, 0.5400000000000000355, 0.1049238324159554731 ) ) ;
#5956 = VECTOR ( 'NONE', #4759, 1000.000000000000000 ) ;
#5957 = CARTESIAN_POINT ( 'NONE',  ( -0.7035256410256411908, 0.5400000000000000355, 0.03299808320753071927 ) ) ;
#5958 = EDGE_CURVE ( 'NONE', #4097, #5436, #6437, .T. ) ;
#5959 = DIRECTION ( 'NONE',  ( -8.131516293641279311E-16, 0.0000000000000000000, 1.000000000000000000 ) ) ;
#5960 =( GEOMETRIC_REPRESENTATION_CONTEXT ( 3 ) GLOBAL_UNCERTAINTY_ASSIGNED_CONTEXT ( ( #4896 ) ) GLOBAL_UNIT_ASSIGNED_CONTEXT ( ( #3159, #1543, #3826 ) ) REPRESENTATION_CONTEXT ( 'NONE', 'WORKASPACE' ) );
#5961 = VECTOR ( 'NONE', #6994, 1000.000000000000000 ) ;
#5962 = VECTOR ( 'NONE', #8458, 1000.000000000000000 ) ;
#5963 = LINE ( 'NONE', #770, #3968 ) ;
#5964 = CARTESIAN_POINT ( 'NONE',  ( 0.6996282744567537959, 0.5399999999999999245, 0.2332456004709650421 ) ) ;
#5965 = VECTOR ( 'NONE', #5405, 1000.000000000000000 ) ;
#5966 = PRESENTATION_STYLE_ASSIGNMENT (( #2372 ) ) ;
#5967 = EDGE_LOOP ( 'NONE', ( #2353, #3624, #7438, #2294 ) ) ;
#5968 = DIRECTION ( 'NONE',  ( -1.000000000000000000, 0.0000000000000000000, 0.0000000000000000000 ) ) ;
#5969 = MECHANICAL_DESIGN_GEOMETRIC_PRESENTATION_REPRESENTATION (  '', ( #2806 ), #6876 ) ;
#5970 = UNCERTAINTY_MEASURE_WITH_UNIT (LENGTH_MEASURE( 1.000000000000000082E-05 ), #1517, 'distance_accuracy_value', 'NONE');
#5971 = SURFACE_STYLE_USAGE ( .BOTH. , #568 ) ;
#5972 = EDGE_LOOP ( 'NONE', ( #5328, #6545, #8318, #441, #3190, #6616 ) ) ;
#5973 = EDGE_CURVE ( 'NONE', #4982, #8206, #1381, .T. ) ;
#5974 = CARTESIAN_POINT ( 'NONE',  ( -0.3247625556812415715, 0.5500000000000002665, 0.2602464961318853298 ) ) ;
#5975 = FACE_OUTER_BOUND ( 'NONE', #2052, .T. ) ;
#5976 = SURFACE_SIDE_STYLE ('',( #4612 ) ) ;
#5977 = SURFACE_STYLE_USAGE ( .BOTH. , #7598 ) ;
#5978 = AXIS2_PLACEMENT_3D ( 'NONE', #1483, #4590, #5347 ) ;
#5979 = ORIENTED_EDGE ( 'NONE', *, *, #5897, .F. ) ;
#5980 = FILL_AREA_STYLE ('',( #4366 ) ) ;
#5981 = ADVANCED_FACE ( 'NONE', ( #4647 ), #3044, .T. ) ;
#5982 = FILL_AREA_STYLE ('',( #6761 ) ) ;
#5983 = ORIENTED_EDGE ( 'NONE', *, *, #8541, .F. ) ;
#5984 = MECHANICAL_DESIGN_GEOMETRIC_PRESENTATION_REPRESENTATION (  '', ( #3403 ), #9260 ) ;
#5985 = DIRECTION ( 'NONE',  ( -0.0000000000000000000, -0.0000000000000000000, -1.000000000000000000 ) ) ;
#5986 = VERTEX_POINT ( 'NONE', #3868 ) ;
#5987 = CARTESIAN_POINT ( 'NONE',  ( 0.6358614866674757726, 0.5499999999999998224, 0.2629560938272449966 ) ) ;
#5988 = FACE_OUTER_BOUND ( 'NONE', #313, .T. ) ;
#5989 = FILL_AREA_STYLE ('',( #474 ) ) ;
#5990 = EDGE_LOOP ( 'NONE', ( #6338, #6358, #5294, #6280 ) ) ;
#5991 = CARTESIAN_POINT ( 'NONE',  ( 0.5705128205128209284, 0.5499999999999997113, 0.2141879870536845809 ) ) ;
#5992 = VECTOR ( 'NONE', #8726, 1000.000000000000000 ) ;
#5993 = ORIENTED_EDGE ( 'NONE', *, *, #8292, .F. ) ;
#5994 = FILL_AREA_STYLE ('',( #2955 ) ) ;
#5995 = CARTESIAN_POINT ( 'NONE',  ( -0.3417550019010083262, 0.5499999999999996003, 0.05307523055677350332 ) ) ;
#5996 = COLOUR_RGB ( '',0.6666666666666666297, 0.6941176470588235059, 0.7647058823529411242 ) ;
#5997 = LINE ( 'NONE', #5444, #7221 ) ;
#5998 = SURFACE_STYLE_USAGE ( .BOTH. , #2295 ) ;
#5999 = STYLED_ITEM ( 'NONE', ( #8771 ), #4025 ) ;
#6000 = CARTESIAN_POINT ( 'NONE',  ( 0.6996282744567537959, 0.5499999999999998224, 0.2332456004709650421 ) ) ;
#6001 = PRODUCT_CONTEXT ( 'NONE', #1330, 'mechanical' ) ;
#6002 = PRESENTATION_STYLE_ASSIGNMENT (( #1075 ) ) ;
#6003 = PLANE ( 'NONE',  #5332 ) ;
#6004 = SURFACE_STYLE_FILL_AREA ( #1313 ) ;
#6005 = VERTEX_POINT ( 'NONE', #1816 ) ;
#6006 = CARTESIAN_POINT ( 'NONE',  ( -0.2487632900468411401, 0.5500000000000001554, 0.1797906266732110236 ) ) ;
#6007 = VECTOR ( 'NONE', #2930, 1000.000000000000000 ) ;
#6008 = FILL_AREA_STYLE_COLOUR ( '', #3726 ) ;
#6009 = CARTESIAN_POINT ( 'NONE',  ( 0.6000000000000004219, 0.04999999999999999584, 1.009999999999999565 ) ) ;
#6010 = EDGE_LOOP ( 'NONE', ( #5278, #3623, #2957, #8211 ) ) ;
#6011 = DIRECTION ( 'NONE',  ( -1.000000000000000000, 0.0000000000000000000, 0.0000000000000000000 ) ) ;
#6012 = PRESENTATION_STYLE_ASSIGNMENT (( #4718 ) ) ;
#6013 = CARTESIAN_POINT ( 'NONE',  ( -0.2561028544453846645, 0.5400000000000001465, 0.2452842399465932077 ) ) ;
#6014 = CARTESIAN_POINT ( 'NONE',  ( -0.4579618483150065256, 0.5400000000000002576, 0.2417658528313244570 ) ) ;
#6015 = ORIENTED_EDGE ( 'NONE', *, *, #2537, .T. ) ;
#6016 = CARTESIAN_POINT ( 'NONE',  ( 0.1858974358974359864, 0.5500000000000000444, 0.03299808320753071927 ) ) ;
#6017 =( NAMED_UNIT ( * ) SI_UNIT ( $, .STERADIAN. ) SOLID_ANGLE_UNIT ( ) );
#6018 = CARTESIAN_POINT ( 'NONE',  ( 0.6287377542049724655, 0.5400000000000000355, 0.1645740806991878857 ) ) ;
#6019 = CARTESIAN_POINT ( 'NONE',  ( -0.09999999999999961697, 0.1270000000000000018, -1.309999999999999609 ) ) ;
#6020 = EDGE_CURVE ( 'NONE', #9341, #5396, #6309, .T. ) ;
#6021 = DIRECTION ( 'NONE',  ( 0.0000000000000000000, 1.000000000000000000, 0.0000000000000000000 ) ) ;
#6022 = EDGE_CURVE ( 'NONE', #202, #2148, #290, .T. ) ;
#6023 = CARTESIAN_POINT ( 'NONE',  ( -0.4288735073964305422, 0.5500000000000001554, 0.2681009171543841108 ) ) ;
#6024 = VECTOR ( 'NONE', #8708, 1000.000000000000000 ) ;
#6025 = COLOUR_RGB ( '',0.6666666666666666297, 0.6941176470588235059, 0.7647058823529411242 ) ;
#6026 = EDGE_LOOP ( 'NONE', ( #3510, #2203, #1540, #4385 ) ) ;
#6027 = DIRECTION ( 'NONE',  ( 0.0000000000000000000, -0.0000000000000000000, 1.000000000000000000 ) ) ;
#6028 =( LENGTH_UNIT ( ) NAMED_UNIT ( * ) SI_UNIT ( .MILLI., .METRE. ) );
#6029 = AXIS2_PLACEMENT_3D ( 'NONE', #2126, #9790, #9730 ) ;
#6030 = FILL_AREA_STYLE_COLOUR ( '', #3215 ) ;
#6031 = MECHANICAL_DESIGN_GEOMETRIC_PRESENTATION_REPRESENTATION (  '', ( #8287 ), #7273 ) ;
#6032 = VECTOR ( 'NONE', #4042, 1000.000000000000000 ) ;
#6033 = MECHANICAL_DESIGN_GEOMETRIC_PRESENTATION_REPRESENTATION (  '', ( #7452 ), #9178 ) ;
#6034 = FACE_OUTER_BOUND ( 'NONE', #7250, .T. ) ;
#6035 = EDGE_CURVE ( 'NONE', #9780, #7975, #4065, .T. ) ;
#6036 = EDGE_CURVE ( 'NONE', #3488, #2428, #2989, .T. ) ;
#6037 = DIRECTION ( 'NONE',  ( -0.0000000000000000000, -0.0000000000000000000, -1.000000000000000000 ) ) ;
#6038 = FILL_AREA_STYLE_COLOUR ( '', #8863 ) ;
#6039 = EDGE_LOOP ( 'NONE', ( #2161, #7190, #5379, #8582 ) ) ;
#6040 = CARTESIAN_POINT ( 'NONE',  ( 0.3814102564102567761, 0.5500000000000000444, 0.05863910884855633859 ) ) ;
#6041 = EDGE_CURVE ( 'NONE', #8135, #8633, #7288, .T. ) ;
#6042 = ORIENTED_EDGE ( 'NONE', *, *, #4382, .T. ) ;
#6043 =( GEOMETRIC_REPRESENTATION_CONTEXT ( 3 ) GLOBAL_UNCERTAINTY_ASSIGNED_CONTEXT ( ( #3151 ) ) GLOBAL_UNIT_ASSIGNED_CONTEXT ( ( #4950, #8809, #9492 ) ) REPRESENTATION_CONTEXT ( 'NONE', 'WORKASPACE' ) );
#6044 = VERTEX_POINT ( 'NONE', #9398 ) ;
#6045 = ADVANCED_FACE ( 'NONE', ( #4765 ), #842, .T. ) ;
#6046 = PRESENTATION_LAYER_ASSIGNMENT (  '', '', ( #1102 ) ) ;
#6047 = CARTESIAN_POINT ( 'NONE',  ( -0.2265581004631660733, 0.5400000000000000355, 0.1316780502937462405 ) ) ;
#6048 = ORIENTED_EDGE ( 'NONE', *, *, #6310, .F. ) ;
#6049 = CARTESIAN_POINT ( 'NONE',  ( 0.6195080372088381804, 0.5400000000000000355, 0.2636046543551101018 ) ) ;
#6050 = CARTESIAN_POINT ( 'NONE',  ( -0.4999999999999995559, 0.1270000000000000018, 1.309999999999999609 ) ) ;
#6051 = VERTEX_POINT ( 'NONE', #6355 ) ;
#6052 = DIRECTION ( 'NONE',  ( 0.0000000000000000000, 0.0000000000000000000, -1.000000000000000000 ) ) ;
#6053 = CARTESIAN_POINT ( 'NONE',  ( 0.1000000000000004774, 0.1270000000000000018, -1.309999999999999387 ) ) ;
#6054 = LINE ( 'NONE', #4013, #888 ) ;
#6055 =( LENGTH_UNIT ( ) NAMED_UNIT ( * ) SI_UNIT ( .MILLI., .METRE. ) );
#6056 = UNCERTAINTY_MEASURE_WITH_UNIT (LENGTH_MEASURE( 1.000000000000000082E-05 ), #7363, 'distance_accuracy_value', 'NONE');
#6057 = CARTESIAN_POINT ( 'NONE',  ( 0.6396077243356841358, 0.5499999999999999334, 0.1663965993273414656 ) ) ;
#6058 = LINE ( 'NONE', #936, #1491 ) ;
#6059 = CARTESIAN_POINT ( 'NONE',  ( -0.3518942288685198982, 0.5400000000000000355, 0.2893328622463006150 ) ) ;
#6060 = CARTESIAN_POINT ( 'NONE',  ( 0.5947920961033511533, 0.5400000000000000355, 0.2556572569896251590 ) ) ;
#6061 = ORIENTED_EDGE ( 'NONE', *, *, #7959, .T. ) ;
#6062 = CARTESIAN_POINT ( 'NONE',  ( -0.4393099191832341988, 0.5499999999999999334, 0.2603214732165624046 ) ) ;
#6063 = MECHANICAL_DESIGN_GEOMETRIC_PRESENTATION_REPRESENTATION (  '', ( #3537 ), #6583 ) ;
#6064 = CARTESIAN_POINT ( 'NONE',  ( -0.3559194711538461453, 0.5400000000000000355, 0.05222885243829993723 ) ) ;
#6065 = VECTOR ( 'NONE', #9152, 1000.000000000000000 ) ;
#6066 = CARTESIAN_POINT ( 'NONE',  ( -0.4166676449937667948, 0.5400000000000002576, 0.07007218740068074658 ) ) ;
#6067 = PRESENTATION_LAYER_ASSIGNMENT (  '', '', ( #2297 ) ) ;
#6068 = SURFACE_SIDE_STYLE ('',( #962 ) ) ;
#6069 = VECTOR ( 'NONE', #8035, 1000.000000000000000 ) ;
#6070 = CARTESIAN_POINT ( 'NONE',  ( -0.1999999999999995393, 0.1270000000000000018, -1.009999999999999787 ) ) ;
#6071 = DIRECTION ( 'NONE',  ( -1.000000000000000000, 0.0000000000000000000, 0.0000000000000000000 ) ) ;
#6072 = PRESENTATION_LAYER_ASSIGNMENT (  '', '', ( #2840 ) ) ;
#6073 = DIRECTION ( 'NONE',  ( -1.000000000000000000, 0.0000000000000000000, -0.0000000000000000000 ) ) ;
#6074 = FACE_OUTER_BOUND ( 'NONE', #5375, .T. ) ;
#6075 = CARTESIAN_POINT ( 'NONE',  ( -0.05128205128205132191, 0.5500000000000000444, 0.1355621857716332868 ) ) ;
#6076 = CARTESIAN_POINT ( 'NONE',  ( -0.3294333177309709537, 0.5400000000000002576, 0.02879258023798501528 ) ) ;
#6077 = EDGE_CURVE ( 'NONE', #1413, #8995, #9542, .T. ) ;
#6078 = CARTESIAN_POINT ( 'NONE',  ( 0.6231453184961031067, 0.5400000000000001465, 0.2637123824699069696 ) ) ;
#6079 = DIRECTION ( 'NONE',  ( 0.0000000000000000000, 0.0000000000000000000, -1.000000000000000000 ) ) ;
#6080 = PLANE ( 'NONE',  #7729 ) ;
#6081 = DIRECTION ( 'NONE',  ( 0.0000000000000000000, 1.000000000000000000, 0.0000000000000000000 ) ) ;
#6082 = LINE ( 'NONE', #6321, #4541 ) ;
#6083 = DIRECTION ( 'NONE',  ( -0.0000000000000000000, -1.000000000000000000, -0.0000000000000000000 ) ) ;
#6084 = FILL_AREA_STYLE ('',( #9271 ) ) ;
#6085 = CARTESIAN_POINT ( 'NONE',  ( -0.2860859347448747592, 0.5500000000000001554, 0.2699655066330169384 ) ) ;
#6086 = CYLINDRICAL_SURFACE ( 'NONE', #7972, 0.09999999999999993616 ) ;
#6087 = PRESENTATION_STYLE_ASSIGNMENT (( #6892 ) ) ;
#6088 = PRESENTATION_STYLE_ASSIGNMENT (( #2595 ) ) ;
#6089 = MECHANICAL_DESIGN_GEOMETRIC_PRESENTATION_REPRESENTATION (  '', ( #6735 ), #1593 ) ;
#6090 = VECTOR ( 'NONE', #1507, 1000.000000000000000 ) ;
#6091 = VERTEX_POINT ( 'NONE', #3206 ) ;
#6092 = CARTESIAN_POINT ( 'NONE',  ( -0.4871794871794872250, 0.5500000000000000444, 0.1590998460280435567 ) ) ;
#6093 =( GEOMETRIC_REPRESENTATION_CONTEXT ( 3 ) GLOBAL_UNCERTAINTY_ASSIGNED_CONTEXT ( ( #2903 ) ) GLOBAL_UNIT_ASSIGNED_CONTEXT ( ( #4173, #7962, #9486 ) ) REPRESENTATION_CONTEXT ( 'NONE', 'WORKASPACE' ) );
#6094 = EDGE_LOOP ( 'NONE', ( #2442, #2150, #8510, #9765 ) ) ;
#6095 = CARTESIAN_POINT ( 'NONE',  ( -0.4724255079586302530, 0.5500000000000002665, 0.2206152815422951219 ) ) ;
#6096 =( GEOMETRIC_REPRESENTATION_CONTEXT ( 3 ) GLOBAL_UNCERTAINTY_ASSIGNED_CONTEXT ( ( #4240 ) ) GLOBAL_UNIT_ASSIGNED_CONTEXT ( ( #9641, #1310, #8914 ) ) REPRESENTATION_CONTEXT ( 'NONE', 'WORKASPACE' ) );
#6097 = FACE_OUTER_BOUND ( 'NONE', #6255, .T. ) ;
#6098 = EDGE_CURVE ( 'NONE', #7342, #3613, #9421, .T. ) ;
#6099 = CARTESIAN_POINT ( 'NONE',  ( 0.6211424289405849120, 0.5400000000000000355, 0.1644639141665436566 ) ) ;
#6100 = VECTOR ( 'NONE', #199, 1000.000000000000000 ) ;
#6101 = SURFACE_STYLE_FILL_AREA ( #8538 ) ;
#6102 = CARTESIAN_POINT ( 'NONE',  ( -0.4638965087691837574, 0.5399999999999999245, 0.1445021107542047989 ) ) ;
#6103 = ORIENTED_EDGE ( 'NONE', *, *, #1869, .T. ) ;
#6104 = LINE ( 'NONE', #6586, #7191 ) ;
#6105 = VERTEX_POINT ( 'NONE', #7898 ) ;
#6106 = SURFACE_SIDE_STYLE ('',( #7224 ) ) ;
#6107 = EDGE_CURVE ( 'NONE', #2736, #1131, #5462, .T. ) ;
#6108 = ORIENTED_EDGE ( 'NONE', *, *, #7843, .T. ) ;
#6109 = MECHANICAL_DESIGN_GEOMETRIC_PRESENTATION_REPRESENTATION (  '', ( #1815 ), #7653 ) ;
#6110 = EDGE_LOOP ( 'NONE', ( #7553, #8452 ) ) ;
#6111 =( NAMED_UNIT ( * ) PLANE_ANGLE_UNIT ( ) SI_UNIT ( $, .RADIAN. ) );
#6112 = PRESENTATION_LAYER_ASSIGNMENT (  '', '', ( #4330 ) ) ;
#6113 =( NAMED_UNIT ( * ) SI_UNIT ( $, .STERADIAN. ) SOLID_ANGLE_UNIT ( ) );
#6114 = DIRECTION ( 'NONE',  ( 1.000000000000000000, -0.0000000000000000000, -0.0000000000000000000 ) ) ;
#6115 = AXIS2_PLACEMENT_3D ( 'NONE', #4254, #4342, #3547 ) ;
#6116 = EDGE_LOOP ( 'NONE', ( #6278, #6684, #8454, #1288 ) ) ;
#6117 =( LENGTH_UNIT ( ) NAMED_UNIT ( * ) SI_UNIT ( .MILLI., .METRE. ) );
#6118 = COLOUR_RGB ( '',0.6666666666666666297, 0.6941176470588235059, 0.7647058823529411242 ) ;
#6119 = DIRECTION ( 'NONE',  ( 0.0000000000000000000, 0.0000000000000000000, 1.000000000000000000 ) ) ;
#6120 = ORIENTED_EDGE ( 'NONE', *, *, #1216, .F. ) ;
#6121 = CARTESIAN_POINT ( 'NONE',  ( -0.2534470376139125181, 0.5400000000000000355, 0.07425592688231451299 ) ) ;
#6122 = CARTESIAN_POINT ( 'NONE',  ( 0.5744687034520526980, 0.5399999999999999245, 0.2332579696526431434 ) ) ;
#6123 = PRESENTATION_LAYER_ASSIGNMENT (  '', '', ( #1109 ) ) ;
#6124 = FILL_AREA_STYLE_COLOUR ( '', #7892 ) ;
#6125 = PLANE ( 'NONE',  #2882 ) ;
#6126 = DIRECTION ( 'NONE',  ( 0.0000000000000000000, -1.000000000000000000, 0.0000000000000000000 ) ) ;
#6127 = CARTESIAN_POINT ( 'NONE',  ( 0.0000000000000000000, 0.05000000000000000278, 0.09999999999999950595 ) ) ;
#6128 = VERTEX_POINT ( 'NONE', #9266 ) ;
#6129 =( LENGTH_UNIT ( ) NAMED_UNIT ( * ) SI_UNIT ( .MILLI., .METRE. ) );
#6130 = CARTESIAN_POINT ( 'NONE',  ( -0.2729562859658768992, 0.5399999999999998135, 0.2284546217104564680 ) ) ;
#6131 = ORIENTED_EDGE ( 'NONE', *, *, #7709, .T. ) ;
#6132 = FILL_AREA_STYLE_COLOUR ( '', #7867 ) ;
#6133 = FACE_OUTER_BOUND ( 'NONE', #8579, .T. ) ;
#6134 = CARTESIAN_POINT ( 'NONE',  ( 0.5000000000000004441, 0.1270000000000000018, 1.309999999999999387 ) ) ;
#6135 = SURFACE_STYLE_USAGE ( .BOTH. , #1567 ) ;
#6136 = CARTESIAN_POINT ( 'NONE',  ( 0.5740904954626621093, 0.5400000000000000355, 0.1949797029654818936 ) ) ;
#6137 = DIRECTION ( 'NONE',  ( -0.0000000000000000000, -1.000000000000000000, -0.0000000000000000000 ) ) ;
#6138 = ORIENTED_EDGE ( 'NONE', *, *, #2752, .T. ) ;
#6139 = CARTESIAN_POINT ( 'NONE',  ( -0.9100000000000002531, 0.0000000000000000000, -0.3000000000000005995 ) ) ;
#6140 = FILL_AREA_STYLE_COLOUR ( '', #3097 ) ;
#6141 = CARTESIAN_POINT ( 'NONE',  ( -0.2243589743589743390, 0.5499999999999999334, 0.1582985639767614805 ) ) ;
#6142 = CARTESIAN_POINT ( 'NONE',  ( -0.9000000000000002442, 0.05000000000000000278, -1.300000000000000266 ) ) ;
#6143 = CYLINDRICAL_SURFACE ( 'NONE', #6884, 0.09999999999999993616 ) ;
#6144 = VERTEX_POINT ( 'NONE', #4688 ) ;
#6145 = DIRECTION ( 'NONE',  ( -0.0000000000000000000, 1.000000000000000000, -0.0000000000000000000 ) ) ;
#6146 = VECTOR ( 'NONE', #2115, 1000.000000000000000 ) ;
#6147 = CARTESIAN_POINT ( 'NONE',  ( 0.6794871794871798487, 0.5500000000000000444, 0.2141879870536845809 ) ) ;
#6148 = UNCERTAINTY_MEASURE_WITH_UNIT (LENGTH_MEASURE( 1.000000000000000082E-05 ), #3224, 'distance_accuracy_value', 'NONE');
#6149 = FILL_AREA_STYLE ('',( #6648 ) ) ;
#6150 = CARTESIAN_POINT ( 'NONE',  ( -0.3425414864833927764, 0.5400000000000001465, 0.02691083528530775759 ) ) ;
#6151 = CARTESIAN_POINT ( 'NONE',  ( -0.9100000000000002531, 0.1270000000000000018, -0.7000000000000005107 ) ) ;
#6152 =( LENGTH_UNIT ( ) NAMED_UNIT ( * ) SI_UNIT ( .MILLI., .METRE. ) );
#6153 =( NAMED_UNIT ( * ) PLANE_ANGLE_UNIT ( ) SI_UNIT ( $, .RADIAN. ) );
#6154 = PRESENTATION_STYLE_ASSIGNMENT (( #7166 ) ) ;
#6155 = SURFACE_STYLE_USAGE ( .BOTH. , #4564 ) ;
#6156 = FACE_OUTER_BOUND ( 'NONE', #7558, .T. ) ;
#6157 = ORIENTED_EDGE ( 'NONE', *, *, #2475, .T. ) ;
#6158 = CARTESIAN_POINT ( 'NONE',  ( -0.9000000000000002442, 0.1270000000000000018, -1.300000000000000266 ) ) ;
#6159 = DIRECTION ( 'NONE',  ( 0.0000000000000000000, 0.0000000000000000000, 1.000000000000000000 ) ) ;
#6160 = EDGE_CURVE ( 'NONE', #3029, #7193, #5708, .T. ) ;
#6161 = EDGE_CURVE ( 'NONE', #9224, #1857, #7875, .T. ) ;
#6162 = CARTESIAN_POINT ( 'NONE',  ( -0.4724255079586302530, 0.5500000000000002665, 0.2206152815422951219 ) ) ;
#6163 = VECTOR ( 'NONE', #885, 1000.000000000000000 ) ;
#6164 = CARTESIAN_POINT ( 'NONE',  ( 0.5536349346090194690, 0.5400000000000000355, 0.1824358277121444494 ) ) ;
#6165 = FILL_AREA_STYLE_COLOUR ( '', #4424 ) ;
#6166 = PRESENTATION_LAYER_ASSIGNMENT (  '', '', ( #2801 ) ) ;
#6167 = ORIENTED_EDGE ( 'NONE', *, *, #6509, .F. ) ;
#6168 = CARTESIAN_POINT ( 'NONE',  ( -0.2890441973124194264, 0.5400000000000001465, 0.07415029395470972007 ) ) ;
#6169 = MECHANICAL_DESIGN_GEOMETRIC_PRESENTATION_REPRESENTATION (  '', ( #3580 ), #8042 ) ;
#6170 = ORIENTED_EDGE ( 'NONE', *, *, #2598, .F. ) ;
#6171 = CARTESIAN_POINT ( 'NONE',  ( 0.6000000000000004219, 0.0000000000000000000, 0.9099999999999996980 ) ) ;
#6172 = B_SPLINE_CURVE_WITH_KNOTS ( 'NONE', 3,
 ( #2886, #8982, #8184, #1227, #4415, #4378, #9725, #6667, #9620, #2086, #8212, #420, #2332, #4187, #4824 ),
 .UNSPECIFIED., .F., .F.,
 ( 4, 1, 1, 1, 1, 1, 1, 1, 1, 1, 1, 1, 4 ),
 ( 0.0000000000000000000, 0.08594794314412788905, 0.1691252118806902960, 0.2503991071860496298, 0.3322897361388357784, 0.4133642879158809236, 0.4941722833711887919, 0.5760217353866375900, 0.6607569692540067319, 0.7457831259137428503, 0.8300435929752231212, 0.9140275458206825743, 1.000000000000000000 ),
 .UNSPECIFIED. ) ;
#6173 = EDGE_CURVE ( 'NONE', #2280, #600, #7027, .T. ) ;
#6174 = CARTESIAN_POINT ( 'NONE',  ( 0.1000000000000004774, 0.05000000000000000278, -1.009999999999999343 ) ) ;
#6175 = CARTESIAN_POINT ( 'NONE',  ( -0.2933396639028052477, 0.5499999999999999334, 0.04127660005393525566 ) ) ;
#6176 = ORIENTED_EDGE ( 'NONE', *, *, #8050, .F. ) ;
#6177 = STYLED_ITEM ( 'NONE', ( #9035 ), #286 ) ;
#6178 = ORIENTED_EDGE ( 'NONE', *, *, #3188, .T. ) ;
#6179 = CARTESIAN_POINT ( 'NONE',  ( -0.3549178685897436125, 0.5500000000000000444, 0.1804339806434281379 ) ) ;
#6180 = CYLINDRICAL_SURFACE ( 'NONE', #1404, 0.09999999999999993616 ) ;
#6181 = FILL_AREA_STYLE_COLOUR ( '', #2152 ) ;
#6182 = DIRECTION ( 'NONE',  ( -1.000000000000000000, -0.0000000000000000000, -0.0000000000000000000 ) ) ;
#6183 = ORIENTED_EDGE ( 'NONE', *, *, #7705, .T. ) ;
#6184 = CARTESIAN_POINT ( 'NONE',  ( -0.2265581004631660733, 0.5500000000000000444, 0.1316780502937462405 ) ) ;
#6185 =( NAMED_UNIT ( * ) PLANE_ANGLE_UNIT ( ) SI_UNIT ( $, .RADIAN. ) );
#6186 = SURFACE_SIDE_STYLE ('',( #6207 ) ) ;
#6187 = VERTEX_POINT ( 'NONE', #4798 ) ;
#6188 = CARTESIAN_POINT ( 'NONE',  ( 0.7000000000000002887, 0.04999999999999999584, -1.009999999999999343 ) ) ;
#6189 =( NAMED_UNIT ( * ) PLANE_ANGLE_UNIT ( ) SI_UNIT ( $, .RADIAN. ) );
#6190 =( NAMED_UNIT ( * ) PLANE_ANGLE_UNIT ( ) SI_UNIT ( $, .RADIAN. ) );
#6191 = VECTOR ( 'NONE', #54, 1000.000000000000000 ) ;
#6192 = SURFACE_SIDE_STYLE ('',( #4213 ) ) ;
#6193 = EDGE_LOOP ( 'NONE', ( #7693, #5128, #3668, #9526 ) ) ;
#6194 = CARTESIAN_POINT ( 'NONE',  ( 0.6302952996466512081, 0.5400000000000000355, 0.1388356076693167129 ) ) ;
#6195 = CARTESIAN_POINT ( 'NONE',  ( 0.5601958021571038504, 0.5500000000000001554, 0.1675125358679624976 ) ) ;
#6196 = CARTESIAN_POINT ( 'NONE',  ( 0.6062608576966119767, 0.5399999999999999245, 0.1404701700839223188 ) ) ;
#6197 = ADVANCED_FACE ( 'NONE', ( #3471 ), #152, .T. ) ;
#6198 = AXIS2_PLACEMENT_3D ( 'NONE', #2128, #6751, #9022 ) ;
#6199 =( LENGTH_UNIT ( ) NAMED_UNIT ( * ) SI_UNIT ( .MILLI., .METRE. ) );
#6200 = CARTESIAN_POINT ( 'NONE',  ( -0.3347747398481563663, 0.5399999999999999245, 0.05414826518947175177 ) ) ;
#6201 = CARTESIAN_POINT ( 'NONE',  ( -0.2999999999999994893, 0.5500000000000000444, 1.299999999999999600 ) ) ;
#6202 = FACE_OUTER_BOUND ( 'NONE', #6906, .T. ) ;
#6203 = SURFACE_SIDE_STYLE ('',( #7382 ) ) ;
#6204 = FACE_OUTER_BOUND ( 'NONE', #5967, .T. ) ;
#6205 = CARTESIAN_POINT ( 'NONE',  ( -0.2623350137181155173, 0.5500000000000001554, 0.06456386678074668706 ) ) ;
#6206 = CARTESIAN_POINT ( 'NONE',  ( 0.2000000000000004274, 0.04999999999999999584, 1.009999999999999565 ) ) ;
#6207 = SURFACE_STYLE_FILL_AREA ( #6281 ) ;
#6208 = CARTESIAN_POINT ( 'NONE',  ( -0.4063407250021580652, 0.5399999999999999245, 0.2520586592742283250 ) ) ;
#6209 = VECTOR ( 'NONE', #9537, 1000.000000000000000 ) ;
#6210 = PLANE ( 'NONE',  #9816 ) ;
#6211 = FACE_OUTER_BOUND ( 'NONE', #4568, .T. ) ;
#6212 = LINE ( 'NONE', #6792, #8619 ) ;
#6213 = CARTESIAN_POINT ( 'NONE',  ( -0.9100000000000002531, 0.0000000000000000000, 0.2999999999999997113 ) ) ;
#6214 = EDGE_CURVE ( 'NONE', #3573, #8698, #1751, .T. ) ;
#6215 = CARTESIAN_POINT ( 'NONE',  ( -0.3560196314102563875, 0.5400000000000000355, 0.02658782679727431791 ) ) ;
#6216 = COLOUR_RGB ( '',1.000000000000000000, 1.000000000000000000, 1.000000000000000000 ) ;
#6217 = CARTESIAN_POINT ( 'NONE',  ( -0.4871403591413090983, 0.5500000000000001554, 0.1561261829081556918 ) ) ;
#6218 = DIRECTION ( 'NONE',  ( -1.000000000000000000, 0.0000000000000000000, 0.0000000000000000000 ) ) ;
#6219 = EDGE_LOOP ( 'NONE', ( #9017, #6769, #3508, #4219 ) ) ;
#6220 = CARTESIAN_POINT ( 'NONE',  ( -0.8999999999999993561, 0.05000000000000000278, 1.299999999999999600 ) ) ;
#6221 = CARTESIAN_POINT ( 'NONE',  ( -0.9100000000000002531, 0.1270000000000000018, 0.09999999999999950595 ) ) ;
#6222 = VERTEX_POINT ( 'NONE', #4979 ) ;
#6223 = CARTESIAN_POINT ( 'NONE',  ( -0.3455826287191777202, 0.5400000000000000355, 0.2891827674181218777 ) ) ;
#6224 = ORIENTED_EDGE ( 'NONE', *, *, #2543, .T. ) ;
#6225 =( GEOMETRIC_REPRESENTATION_CONTEXT ( 3 ) GLOBAL_UNCERTAINTY_ASSIGNED_CONTEXT ( ( #2835 ) ) GLOBAL_UNIT_ASSIGNED_CONTEXT ( ( #4303, #9662, #5007 ) ) REPRESENTATION_CONTEXT ( 'NONE', 'WORKASPACE' ) );
#6226 = DIRECTION ( 'NONE',  ( -0.0000000000000000000, -1.000000000000000000, -0.0000000000000000000 ) ) ;
#6227 = CARTESIAN_POINT ( 'NONE',  ( 0.6426403141202183811, 0.5500000000000001554, 0.1400046025345051959 ) ) ;
#6228 = ORIENTED_EDGE ( 'NONE', *, *, #9875, .T. ) ;
#6229 = MECHANICAL_DESIGN_GEOMETRIC_PRESENTATION_REPRESENTATION (  '', ( #1533 ), #2059 ) ;
#6230 = ORIENTED_EDGE ( 'NONE', *, *, #558, .T. ) ;
#6231 = CARTESIAN_POINT ( 'NONE',  ( 0.5656336771649221884, 0.5500000000000002665, 0.1573654595344707863 ) ) ;
#6232 = CARTESIAN_POINT ( 'NONE',  ( 0.7000000000000002887, 0.0000000000000000000, 1.309999999999999387 ) ) ;
#6233 = ORIENTED_EDGE ( 'NONE', *, *, #354, .T. ) ;
#6234 =( GEOMETRIC_REPRESENTATION_CONTEXT ( 3 ) GLOBAL_UNCERTAINTY_ASSIGNED_CONTEXT ( ( #933 ) ) GLOBAL_UNIT_ASSIGNED_CONTEXT ( ( #5661, #2750, #5728 ) ) REPRESENTATION_CONTEXT ( 'NONE', 'WORKASPACE' ) );
#6235 = EDGE_CURVE ( 'NONE', #820, #1226, #890, .T. ) ;
#6236 = CARTESIAN_POINT ( 'NONE',  ( 0.5888153929500875572, 0.5400000000000000355, 0.1754786592819531366 ) ) ;
#6237 = EDGE_LOOP ( 'NONE', ( #9860, #2850, #1480, #6553 ) ) ;
#6238 = EDGE_CURVE ( 'NONE', #1319, #9136, #8341, .T. ) ;
#6239 = CARTESIAN_POINT ( 'NONE',  ( 0.6410099379985354506, 0.5400000000000003686, 0.2618086189749411208 ) ) ;
#6240 = CARTESIAN_POINT ( 'NONE',  ( -0.2999999999999994893, 0.1270000000000000018, -1.309999999999999609 ) ) ;
#6241 = MECHANICAL_DESIGN_GEOMETRIC_PRESENTATION_REPRESENTATION (  '', ( #5209 ), #6752 ) ;
#6242 = ORIENTED_EDGE ( 'NONE', *, *, #2455, .F. ) ;
#6243 = STYLED_ITEM ( 'NONE', ( #2502 ), #6449 ) ;
#6244 =( NAMED_UNIT ( * ) PLANE_ANGLE_UNIT ( ) SI_UNIT ( $, .RADIAN. ) );
#6245 = LINE ( 'NONE', #7410, #5647 ) ;
#6246 = STYLED_ITEM ( 'NONE', ( #78 ), #2615 ) ;
#6247 = SURFACE_STYLE_USAGE ( .BOTH. , #1754 ) ;
#6248 = CARTESIAN_POINT ( 'NONE',  ( 0.5514699170124160998, 0.5500000000000001554, 0.1893468415404448713 ) ) ;
#6249 = CARTESIAN_POINT ( 'NONE',  ( -0.3391516021647830725, 0.5400000000000000355, 0.2629280946248044870 ) ) ;
#6250 =( LENGTH_UNIT ( ) NAMED_UNIT ( * ) SI_UNIT ( .MILLI., .METRE. ) );
#6251 = UNCERTAINTY_MEASURE_WITH_UNIT (LENGTH_MEASURE( 1.000000000000000082E-05 ), #5752, 'distance_accuracy_value', 'NONE');
#6252 = DIRECTION ( 'NONE',  ( 0.0000000000000000000, 0.0000000000000000000, 1.000000000000000000 ) ) ;
#6253 = STYLED_ITEM ( 'NONE', ( #4697 ), #1157 ) ;
#6254 = DIRECTION ( 'NONE',  ( 1.000000000000000000, 0.0000000000000000000, 0.0000000000000000000 ) ) ;
#6255 = EDGE_LOOP ( 'NONE', ( #137, #1180, #7411, #8765 ) ) ;
#6256 = DIRECTION ( 'NONE',  ( 0.0000000000000000000, 1.000000000000000000, 0.0000000000000000000 ) ) ;
#6257 = CARTESIAN_POINT ( 'NONE',  ( -0.4829242640172842771, 0.5400000000000000355, 0.1243361684839419251 ) ) ;
#6258 = PRESENTATION_LAYER_ASSIGNMENT (  '', '', ( #2089 ) ) ;
#6259 = CARTESIAN_POINT ( 'NONE',  ( 0.6496966666897311393, 0.5400000000000001465, 0.1416349676719065032 ) ) ;
#6260 = VECTOR ( 'NONE', #9941, 1000.000000000000000 ) ;
#6261 = VECTOR ( 'NONE', #414, 1000.000000000000000 ) ;
#6262 = ORIENTED_EDGE ( 'NONE', *, *, #4579, .T. ) ;
#6263 = CARTESIAN_POINT ( 'NONE',  ( 0.5514699170124160998, 0.5500000000000004885, 0.1893468415404448713 ) ) ;
#6264 = CARTESIAN_POINT ( 'NONE',  ( 0.1000000000000004774, 0.0000000000000000000, 1.309999999999999387 ) ) ;
#6265 = CARTESIAN_POINT ( 'NONE',  ( -0.5992087339743591423, 0.5400000000000000355, 0.1554940767972742832 ) ) ;
#6266 = CARTESIAN_POINT ( 'NONE',  ( -0.2834308591000357924, 0.5400000000000000355, 0.07843042314809549331 ) ) ;
#6267 = PRESENTATION_LAYER_ASSIGNMENT (  '', '', ( #5762 ) ) ;
#6268 = VECTOR ( 'NONE', #5215, 1000.000000000000000 ) ;
#6269 = ORIENTED_EDGE ( 'NONE', *, *, #1745, .F. ) ;
#6270 = CARTESIAN_POINT ( 'NONE',  ( 0.6100000000000003197, 0.1270000000000000018, 0.5999999999999996447 ) ) ;
#6271 = DIRECTION ( 'NONE',  ( 0.0000000000000000000, -1.000000000000000000, 0.0000000000000000000 ) ) ;
#6272 = EDGE_CURVE ( 'NONE', #7117, #9666, #6548, .T. ) ;
#6273 = CARTESIAN_POINT ( 'NONE',  ( 0.5723061986144846180, 0.5500000000000002665, 0.1463853454542346499 ) ) ;
#6274 = FACE_OUTER_BOUND ( 'NONE', #3143, .T. ) ;
#6275 = CARTESIAN_POINT ( 'NONE',  ( -0.3269230769230769273, 0.5400000000000000355, 0.1804339806434281379 ) ) ;
#6276 = PRESENTATION_STYLE_ASSIGNMENT (( #2858 ) ) ;
#6277 =( NAMED_UNIT ( * ) PLANE_ANGLE_UNIT ( ) SI_UNIT ( $, .RADIAN. ) );
#6278 = ORIENTED_EDGE ( 'NONE', *, *, #354, .F. ) ;
#6279 = FILL_AREA_STYLE ('',( #7019 ) ) ;
#6280 = ORIENTED_EDGE ( 'NONE', *, *, #1939, .T. ) ;
#6281 = FILL_AREA_STYLE ('',( #876 ) ) ;
#6282 =( GEOMETRIC_REPRESENTATION_CONTEXT ( 3 ) GLOBAL_UNCERTAINTY_ASSIGNED_CONTEXT ( ( #5637 ) ) GLOBAL_UNIT_ASSIGNED_CONTEXT ( ( #4853, #7014, #4139 ) ) REPRESENTATION_CONTEXT ( 'NONE', 'WORKASPACE' ) );
#6283 = CARTESIAN_POINT ( 'NONE',  ( -0.4738622538362708969, 0.5399999999999999245, 0.09992236913872895587 ) ) ;
#6284 = UNCERTAINTY_MEASURE_WITH_UNIT (LENGTH_MEASURE( 1.000000000000000082E-05 ), #7131, 'distance_accuracy_value', 'NONE');
#6285 = SURFACE_STYLE_USAGE ( .BOTH. , #916 ) ;
#6286 = LINE ( 'NONE', #8608, #5805 ) ;
#6287 = VERTEX_POINT ( 'NONE', #3436 ) ;
#6288 = CARTESIAN_POINT ( 'NONE',  ( -0.2833032852564102422, 0.5400000000000000355, 0.2682745255152230168 ) ) ;
#6289 = EDGE_CURVE ( 'NONE', #9397, #5040, #5698, .T. ) ;
#6290 = CARTESIAN_POINT ( 'NONE',  ( -0.4592082822790987673, 0.5499999999999999334, 0.1239191042656278691 ) ) ;
#6291 = CARTESIAN_POINT ( 'NONE',  ( 0.5480769230769235723, 0.5500000000000001554, 0.2132865447459922903 ) ) ;
#6292 = VERTEX_POINT ( 'NONE', #1146 ) ;
#6293 = CARTESIAN_POINT ( 'NONE',  ( 0.6804245366569907638, 0.5400000000000002576, 0.1600624045813069107 ) ) ;
#6294 = EDGE_LOOP ( 'NONE', ( #4131, #2155, #7500, #5763 ) ) ;
#6295 = EDGE_CURVE ( 'NONE', #9545, #9748, #2490, .T. ) ;
#6296 = DIRECTION ( 'NONE',  ( 0.0000000000000000000, -1.000000000000000000, 0.0000000000000000000 ) ) ;
#6297 = SURFACE_SIDE_STYLE ('',( #9901 ) ) ;
#6298 = ADVANCED_FACE ( 'NONE', ( #8216 ), #3926, .T. ) ;
#6299 = DIRECTION ( 'NONE',  ( -0.0000000000000000000, 1.000000000000000000, -0.0000000000000000000 ) ) ;
#6301 = STYLED_ITEM ( 'NONE', ( #7933 ), #5741 ) ;
#6300 = PRESENTATION_STYLE_ASSIGNMENT (( #830 ) ) ;
#6302 = CARTESIAN_POINT ( 'NONE',  ( 0.6204340268764628741, 0.5400000000000000355, 0.2892991820646640955 ) ) ;
#6303 = CARTESIAN_POINT ( 'NONE',  ( -0.3583085969858886832, 0.5499999999999999334, 0.05225835603466437440 ) ) ;
#6304 = PRESENTATION_LAYER_ASSIGNMENT (  '', '', ( #9053 ) ) ;
#6305 =( LENGTH_UNIT ( ) NAMED_UNIT ( * ) SI_UNIT ( .MILLI., .METRE. ) );
#6306 = ORIENTED_EDGE ( 'NONE', *, *, #2619, .T. ) ;
#6307 = STYLED_ITEM ( 'NONE', ( #6923 ), #9377 ) ;
#6308 = B_SPLINE_CURVE_WITH_KNOTS ( 'NONE', 3,
 ( #507, #2076, #2877, #5222, #1347, #2041, #1311, #6690, #579, #2104, #2179, #2980, #7503, #9067, #5852 ),
 .UNSPECIFIED., .F., .F.,
 ( 4, 1, 1, 1, 1, 1, 1, 1, 1, 1, 1, 1, 4 ),
 ( 0.0000000000000000000, 0.09781818961471437646, 0.1997260534018267808, 0.3052763574779412403, 0.4158114905382924165, 0.4744722311435603523, 0.5372738797760977514, 0.6036574205596565434, 0.6742988630901257663, 0.7498344853162297596, 0.8285984767571020759, 0.9123777781577812052, 1.000000000000000000 ),
 .UNSPECIFIED. ) ;
#6309 = LINE ( 'NONE', #7086, #1142 ) ;
#6310 = EDGE_CURVE ( 'NONE', #6701, #7726, #5453, .T. ) ;
#6311 = CARTESIAN_POINT ( 'NONE',  ( 0.5000000000000002220, 0.1270000000000000018, 1.299999999999999600 ) ) ;
#6312 = SURFACE_STYLE_USAGE ( .BOTH. , #863 ) ;
#6313 = CARTESIAN_POINT ( 'NONE',  ( -0.05128205128205132191, 0.5400000000000000355, 0.1612032114126589200 ) ) ;
#6314 = AXIS2_PLACEMENT_3D ( 'NONE', #6825, #4621, #706 ) ;
#6315 = SURFACE_SIDE_STYLE ('',( #7302 ) ) ;
#6316 = LINE ( 'NONE', #3411, #6561 ) ;
#6317 = DIRECTION ( 'NONE',  ( 0.8421838463247544038, 0.0000000000000000000, -0.5391904756110241781 ) ) ;
#6318 = CARTESIAN_POINT ( 'NONE',  ( 0.9100000000000002531, 0.1270000000000000018, 0.09999999999999950595 ) ) ;
#6319 = CARTESIAN_POINT ( 'NONE',  ( -0.4804425548214869557, 0.5399999999999999245, 0.1160291272154046066 ) ) ;
#6320 = SURFACE_STYLE_USAGE ( .BOTH. , #953 ) ;
#6321 = CARTESIAN_POINT ( 'NONE',  ( -0.7035256410256411908, 0.5400000000000000355, 0.03299808320753071927 ) ) ;
#6322 = DIRECTION ( 'NONE',  ( -1.000000000000000000, 0.0000000000000000000, 0.0000000000000000000 ) ) ;
#6323 = FILL_AREA_STYLE ('',( #9366 ) ) ;
#6324 = CARTESIAN_POINT ( 'NONE',  ( 0.1807892628205129137, 0.5400000000000000355, 0.2829980832075307262 ) ) ;
#6325 = VECTOR ( 'NONE', #2642, 1000.000000000000000 ) ;
#6326 = CARTESIAN_POINT ( 'NONE',  ( -0.4638965087691837574, 0.5399999999999999245, 0.1445021107542047989 ) ) ;
#6327 = SURFACE_STYLE_FILL_AREA ( #3226 ) ;
#6328 = CARTESIAN_POINT ( 'NONE',  ( -0.2833032852564102422, 0.5500000000000000444, 0.2682745255152230168 ) ) ;
#6329 = SURFACE_STYLE_FILL_AREA ( #7168 ) ;
#6330 = CARTESIAN_POINT ( 'NONE',  ( 0.5698381868868355182, 0.5399999999999999245, 0.2677609971160308522 ) ) ;
#6331 = MECHANICAL_DESIGN_GEOMETRIC_PRESENTATION_REPRESENTATION (  '', ( #7688 ), #3792 ) ;
#6332 = CARTESIAN_POINT ( 'NONE',  ( 0.5706753470443219900, 0.5400000000000002576, 0.2091454211867341817 ) ) ;
#6333 = SURFACE_SIDE_STYLE ('',( #1042 ) ) ;
#6334 = CARTESIAN_POINT ( 'NONE',  ( -0.4425755999708290145, 0.5499999999999997113, 0.09338640087648661381 ) ) ;
#6335 = SURFACE_SIDE_STYLE ('',( #1965 ) ) ;
#6336 = ORIENTED_EDGE ( 'NONE', *, *, #1524, .T. ) ;
#6337 = SURFACE_SIDE_STYLE ('',( #5167 ) ) ;
#6338 = ORIENTED_EDGE ( 'NONE', *, *, #4439, .F. ) ;
#6339 =( NAMED_UNIT ( * ) PLANE_ANGLE_UNIT ( ) SI_UNIT ( $, .RADIAN. ) );
#6340 = VECTOR ( 'NONE', #9440, 1000.000000000000000 ) ;
#6341 = SURFACE_STYLE_USAGE ( .BOTH. , #5566 ) ;
#6342 = VECTOR ( 'NONE', #466, 1000.000000000000000 ) ;
#6343 =( LENGTH_UNIT ( ) NAMED_UNIT ( * ) SI_UNIT ( .MILLI., .METRE. ) );
#6344 = ORIENTED_EDGE ( 'NONE', *, *, #2792, .T. ) ;
#6345 = LINE ( 'NONE', #5075, #6698 ) ;
#6346 = VERTEX_POINT ( 'NONE', #1017 ) ;
#6347 = ORIENTED_EDGE ( 'NONE', *, *, #7260, .T. ) ;
#6348 = ADVANCED_FACE ( 'NONE', ( #9048 ), #5649, .F. ) ;
#6349 = CARTESIAN_POINT ( 'NONE',  ( -0.9100000000000002531, 0.0000000000000000000, -0.1000000000000001860 ) ) ;
#6350 = ORIENTED_EDGE ( 'NONE', *, *, #6662, .F. ) ;
#6351 = EDGE_CURVE ( 'NONE', #4833, #4821, #8583, .T. ) ;
#6352 = FILL_AREA_STYLE ('',( #3432 ) ) ;
#6353 = COLOUR_RGB ( '',0.6666666666666666297, 0.6941176470588235059, 0.7647058823529411242 ) ;
#6354 = EDGE_CURVE ( 'NONE', #9574, #3687, #975, .T. ) ;
#6355 = CARTESIAN_POINT ( 'NONE',  ( -0.001702724358974296547, 0.5500000000000000444, 0.03299808320753071927 ) ) ;
#6356 =( NAMED_UNIT ( * ) PLANE_ANGLE_UNIT ( ) SI_UNIT ( $, .RADIAN. ) );
#6357 = CARTESIAN_POINT ( 'NONE',  ( -0.3867340797888170756, 0.5500000000000000444, 0.2597102212700360679 ) ) ;
#6358 = ORIENTED_EDGE ( 'NONE', *, *, #7709, .F. ) ;
#6359 = SURFACE_SIDE_STYLE ('',( #5814 ) ) ;
#6360 = CARTESIAN_POINT ( 'NONE',  ( 0.5578905872090282880, 0.5500000000000000444, 0.2517788676628643918 ) ) ;
#6361 = STYLED_ITEM ( 'NONE', ( #8856 ), #5297 ) ;
#6362 = CARTESIAN_POINT ( 'NONE',  ( -0.2999999999999994893, 0.1270000000000000018, 1.309999999999999609 ) ) ;
#6363 = CARTESIAN_POINT ( 'NONE',  ( -0.3247625556812415715, 0.5500000000000002665, 0.2602464961318853298 ) ) ;
#6364 = PRESENTATION_LAYER_ASSIGNMENT (  '', '', ( #8287 ) ) ;
#6365 = VECTOR ( 'NONE', #5985, 1000.000000000000000 ) ;
#6366 = SURFACE_SIDE_STYLE ('',( #2373 ) ) ;
#6367 = STYLED_ITEM ( 'NONE', ( #430 ), #8867 ) ;
#6368 = UNCERTAINTY_MEASURE_WITH_UNIT (LENGTH_MEASURE( 1.000000000000000082E-05 ), #6627, 'distance_accuracy_value', 'NONE');
#6369 = CARTESIAN_POINT ( 'NONE',  ( 0.5705128205128209284, 0.5400000000000000355, 0.2141879870536845809 ) ) ;
#6370 = CARTESIAN_POINT ( 'NONE',  ( -0.1999999999999995393, 0.0000000000000000000, 0.9099999999999999201 ) ) ;
#6371 = EDGE_CURVE ( 'NONE', #2967, #7803, #1135, .T. ) ;
#6372 = ORIENTED_EDGE ( 'NONE', *, *, #6214, .T. ) ;
#6373 = CARTESIAN_POINT ( 'NONE',  ( -0.3559194711538461453, 0.5499999999999998224, 0.05222885243829993723 ) ) ;
#6374 = LINE ( 'NONE', #1421, #3994 ) ;
#6375 = ORIENTED_EDGE ( 'NONE', *, *, #4260, .T. ) ;
#6376 = CARTESIAN_POINT ( 'NONE',  ( 0.6542089602110100488, 0.5500000000000001554, 0.2838458454308999124 ) ) ;
#6377 = STYLED_ITEM ( 'NONE', ( #7836 ), #642 ) ;
#6378 = LINE ( 'NONE', #5863, #7695 ) ;
#6379 = AXIS2_PLACEMENT_3D ( 'NONE', #8709, #9561, #9465 ) ;
#6380 = UNCERTAINTY_MEASURE_WITH_UNIT (LENGTH_MEASURE( 1.000000000000000082E-05 ), #8160, 'distance_accuracy_value', 'NONE');
#6381 = SURFACE_SIDE_STYLE ('',( #6327 ) ) ;
#6382 = UNCERTAINTY_MEASURE_WITH_UNIT (LENGTH_MEASURE( 1.000000000000000082E-05 ), #8512, 'distance_accuracy_value', 'NONE');
#6383 = ORIENTED_EDGE ( 'NONE', *, *, #8230, .F. ) ;
#6384 = CARTESIAN_POINT ( 'NONE',  ( -0.3047843767924914848, 0.5399999999999999245, 0.2528880361721501657 ) ) ;
#6385 = DIRECTION ( 'NONE',  ( -0.0000000000000000000, 0.0000000000000000000, 1.000000000000000000 ) ) ;
#6386 = DIRECTION ( 'NONE',  ( -1.000000000000000000, 0.0000000000000000000, 0.0000000000000000000 ) ) ;
#6387 =( NAMED_UNIT ( * ) PLANE_ANGLE_UNIT ( ) SI_UNIT ( $, .RADIAN. ) );
#6388 = CARTESIAN_POINT ( 'NONE',  ( -0.09999999999999961697, 0.1270000000000000018, -1.009999999999999565 ) ) ;
#6389 =( LENGTH_UNIT ( ) NAMED_UNIT ( * ) SI_UNIT ( .MILLI., .METRE. ) );
#6390 = VECTOR ( 'NONE', #8429, 1000.000000000000000 ) ;
#6391 = FILL_AREA_STYLE ('',( #234 ) ) ;
#6392 = ORIENTED_EDGE ( 'NONE', *, *, #8736, .T. ) ;
#6393 = DIRECTION ( 'NONE',  ( 0.0000000000000000000, 1.000000000000000000, 0.0000000000000000000 ) ) ;
#6394 =( GEOMETRIC_REPRESENTATION_CONTEXT ( 3 ) GLOBAL_UNCERTAINTY_ASSIGNED_CONTEXT ( ( #4118 ) ) GLOBAL_UNIT_ASSIGNED_CONTEXT ( ( #7524, #9764, #563 ) ) REPRESENTATION_CONTEXT ( 'NONE', 'WORKASPACE' ) );
#6395 = FILL_AREA_STYLE_COLOUR ( '', #1169 ) ;
#6396 = CARTESIAN_POINT ( 'NONE',  ( -0.006410256410256351053, 0.5400000000000000355, 0.2829980832075307262 ) ) ;
#6397 = FACE_OUTER_BOUND ( 'NONE', #1686, .T. ) ;
#6398 = CARTESIAN_POINT ( 'NONE',  ( 0.6137704327330709697, 0.5400000000000000355, 0.2890829600639152064 ) ) ;
#6399 = ADVANCED_FACE ( 'NONE', ( #3460 ), #9661, .T. ) ;
#6400 = ORIENTED_EDGE ( 'NONE', *, *, #311, .F. ) ;
#6401 = CARTESIAN_POINT ( 'NONE',  ( -0.8999999999999993561, 0.1270000000000000018, 1.299999999999999600 ) ) ;
#6402 = CARTESIAN_POINT ( 'NONE',  ( 0.6804245366569907638, 0.5400000000000002576, 0.1600624045813069107 ) ) ;
#6403 = DIRECTION ( 'NONE',  ( 0.0000000000000000000, 0.0000000000000000000, -1.000000000000000000 ) ) ;
#6404 = ORIENTED_EDGE ( 'NONE', *, *, #6487, .T. ) ;
#6405 = COLOUR_RGB ( '',1.000000000000000000, 1.000000000000000000, 1.000000000000000000 ) ;
#6406 = ORIENTED_EDGE ( 'NONE', *, *, #1748, .T. ) ;
#6407 =( LENGTH_UNIT ( ) NAMED_UNIT ( * ) SI_UNIT ( .MILLI., .METRE. ) );
#6408 = VERTEX_POINT ( 'NONE', #3502 ) ;
#6409 = EDGE_CURVE ( 'NONE', #6471, #5107, #5587, .T. ) ;
#6410 = FILL_AREA_STYLE ('',( #283 ) ) ;
#6411 = EDGE_LOOP ( 'NONE', ( #1615, #4927, #5211, #1007 ) ) ;
#6412 = LINE ( 'NONE', #5394, #8455 ) ;
#6413 = CARTESIAN_POINT ( 'NONE',  ( -0.5435196314102566095, 0.5400000000000000355, 0.2829980832075307262 ) ) ;
#6414 = UNCERTAINTY_MEASURE_WITH_UNIT (LENGTH_MEASURE( 1.000000000000000082E-05 ), #9640, 'distance_accuracy_value', 'NONE');
#6415 = LINE ( 'NONE', #4205, #4389 ) ;
#6416 = PLANE ( 'NONE',  #9639 ) ;
#6417 = DIRECTION ( 'NONE',  ( -1.000000000000000000, 0.0000000000000000000, 0.0000000000000000000 ) ) ;
#6418 = STYLED_ITEM ( 'NONE', ( #203 ), #5039 ) ;
#6419 = FILL_AREA_STYLE ('',( #7939 ) ) ;
#6420 = CARTESIAN_POINT ( 'NONE',  ( -0.2467948717948718063, 0.5499999999999999334, 0.1576475223100948231 ) ) ;
#6421 = ORIENTED_EDGE ( 'NONE', *, *, #1016, .F. ) ;
#6422 = STYLED_ITEM ( 'NONE', ( #8860 ), #2911 ) ;
#6423 = CARTESIAN_POINT ( 'NONE',  ( -0.3580615957419579498, 0.5500000000000002665, 0.2636930745041762281 ) ) ;
#6424 = CARTESIAN_POINT ( 'NONE',  ( -0.4628430131376962131, 0.5500000000000000444, 0.1374633990768670266 ) ) ;
#6425 = VECTOR ( 'NONE', #4204, 1000.000000000000000 ) ;
#6426 = STYLED_ITEM ( 'NONE', ( #8778 ), #8106 ) ;
#6427 = EDGE_CURVE ( 'NONE', #2698, #9332, #8843, .T. ) ;
#6428 = PRESENTATION_STYLE_ASSIGNMENT (( #4677 ) ) ;
#6429 = DIRECTION ( 'NONE',  ( -0.0000000000000000000, -0.0000000000000000000, 1.000000000000000000 ) ) ;
#6430 = DIRECTION ( 'NONE',  ( 1.000000000000000000, 0.0000000000000000000, 0.0000000000000000000 ) ) ;
#6431 =( NAMED_UNIT ( * ) PLANE_ANGLE_UNIT ( ) SI_UNIT ( $, .RADIAN. ) );
#6432 = EDGE_CURVE ( 'NONE', #4263, #2847, #3805, .T. ) ;
#6433 = CARTESIAN_POINT ( 'NONE',  ( 0.5482096259844424502, 0.5500000000000000444, 0.2166497080338448955 ) ) ;
#6434 = ORIENTED_EDGE ( 'NONE', *, *, #8050, .T. ) ;
#6435 = CARTESIAN_POINT ( 'NONE',  ( -0.006410256410256351053, 0.5500000000000000444, 0.03299808320753071927 ) ) ;
#6436 = MECHANICAL_DESIGN_GEOMETRIC_PRESENTATION_REPRESENTATION (  '', ( #9510 ), #8359 ) ;
#6437 = LINE ( 'NONE', #6127, #526 ) ;
#6438 =( NAMED_UNIT ( * ) PLANE_ANGLE_UNIT ( ) SI_UNIT ( $, .RADIAN. ) );
#6439 = VERTEX_POINT ( 'NONE', #8845 ) ;
#6440 = LINE ( 'NONE', #7000, #1147 ) ;
#6441 = CARTESIAN_POINT ( 'NONE',  ( -0.7035256410256411908, 0.5500000000000000444, 0.03299808320753071927 ) ) ;
#6442 = STYLED_ITEM ( 'NONE', ( #4421 ), #9458 ) ;
#6443 = B_SPLINE_CURVE_WITH_KNOTS ( 'NONE', 3,
 ( #7135, #3240, #3342, #464, #9743, #3707, #7372, #1241, #2993, #8355, #6066, #9146, #1359, #1389, #4443, #6843, #6737, #5955, #2154, #7551, #8322, #1501, #9854, #6102, #3789, #6776, #1431 ),
 .UNSPECIFIED., .F., .F.,
 ( 4, 1, 1, 1, 1, 1, 1, 1, 1, 1, 1, 1, 1, 1, 1, 1, 1, 1, 1, 1, 1, 1, 1, 1, 4 ),
 ( 0.0000000000000000000, 0.04221689380165810634, 0.08432534699000990286, 0.1258559105936463141, 0.1673077630956336659, 0.2088592911446253697, 0.2506876061395492683, 0.2928477325013350563, 0.3357450514592585922, 0.3783592435927324860, 0.4201865175514314377, 0.4615742413042141501, 0.5025272668889489980, 0.5432232369154770257, 0.5842591139918683618, 0.6252227709273665557, 0.6664840488718750677, 0.7078180804198863640, 0.7488762351019671026, 0.7898749559354324434, 0.8308609297313317432, 0.8723789095864913357, 0.9142009779753628163, 0.9566031247605727428, 1.000000000000000000 ),
 .UNSPECIFIED. ) ;
#6444 = DIRECTION ( 'NONE',  ( 0.0000000000000000000, 1.000000000000000000, 0.0000000000000000000 ) ) ;
#6445 =( LENGTH_UNIT ( ) NAMED_UNIT ( * ) SI_UNIT ( .MILLI., .METRE. ) );
#6446 = MECHANICAL_DESIGN_GEOMETRIC_PRESENTATION_REPRESENTATION (  '', ( #1037 ), #3071 ) ;
#6447 = FACE_OUTER_BOUND ( 'NONE', #5439, .T. ) ;
#6448 = PLANE ( 'NONE',  #6803 ) ;
#6449 = ADVANCED_FACE ( 'NONE', ( #3818 ), #514, .T. ) ;
#6450 = FACE_OUTER_BOUND ( 'NONE', #7456, .T. ) ;
#6451 = LINE ( 'NONE', #2447, #2647 ) ;
#6452 = FILL_AREA_STYLE ('',( #7966 ) ) ;
#6453 =( GEOMETRIC_REPRESENTATION_CONTEXT ( 3 ) GLOBAL_UNCERTAINTY_ASSIGNED_CONTEXT ( ( #8399 ) ) GLOBAL_UNIT_ASSIGNED_CONTEXT ( ( #2540, #2393, #3244 ) ) REPRESENTATION_CONTEXT ( 'NONE', 'WORKASPACE' ) );
#6454 = CARTESIAN_POINT ( 'NONE',  ( 0.6854407578993437777, 0.5499999999999999334, 0.1655421891881032337 ) ) ;
#6455 = SURFACE_STYLE_FILL_AREA ( #8777 ) ;
#6456 =( NAMED_UNIT ( * ) SI_UNIT ( $, .STERADIAN. ) SOLID_ANGLE_UNIT ( ) );
#6457 = SURFACE_SIDE_STYLE ('',( #4186 ) ) ;
#6458 = ORIENTED_EDGE ( 'NONE', *, *, #5958, .F. ) ;
#6459 = LINE ( 'NONE', #3743, #4908 ) ;
#6460 =( NAMED_UNIT ( * ) SI_UNIT ( $, .STERADIAN. ) SOLID_ANGLE_UNIT ( ) );
#6461 =( NAMED_UNIT ( * ) SI_UNIT ( $, .STERADIAN. ) SOLID_ANGLE_UNIT ( ) );
#6462 = CARTESIAN_POINT ( 'NONE',  ( -0.3391516021647830725, 0.5500000000000000444, 0.2629280946248044870 ) ) ;
#6463 = VECTOR ( 'NONE', #3507, 1000.000000000000000 ) ;
#6464 = ORIENTED_EDGE ( 'NONE', *, *, #9119, .T. ) ;
#6465 = CARTESIAN_POINT ( 'NONE',  ( -0.2810496794871794601, 0.5400000000000000355, 0.2366739646177871415 ) ) ;
#6466 = SURFACE_SIDE_STYLE ('',( #6691 ) ) ;
#6467 = VERTEX_POINT ( 'NONE', #9789 ) ;
#6468 =( GEOMETRIC_REPRESENTATION_CONTEXT ( 3 ) GLOBAL_UNCERTAINTY_ASSIGNED_CONTEXT ( ( #4304 ) ) GLOBAL_UNIT_ASSIGNED_CONTEXT ( ( #6853, #3798, #6915 ) ) REPRESENTATION_CONTEXT ( 'NONE', 'WORKASPACE' ) );
#6469 = SURFACE_STYLE_USAGE ( .BOTH. , #380 ) ;
#6470 = COLOUR_RGB ( '',0.6666666666666666297, 0.6941176470588235059, 0.7647058823529411242 ) ;
#6471 = VERTEX_POINT ( 'NONE', #9085 ) ;
#6472 = CARTESIAN_POINT ( 'NONE',  ( -0.2659755608974359031, 0.5500000000000000444, 0.2551535319254794598 ) ) ;
#6473 = CARTESIAN_POINT ( 'NONE',  ( 0.6235226923609195060, 0.5500000000000001554, 0.1388772422075209845 ) ) ;
#6474 = VECTOR ( 'NONE', #1855, 1000.000000000000000 ) ;
#6475 = ORIENTED_EDGE ( 'NONE', *, *, #5768, .T. ) ;
#6476 = VECTOR ( 'NONE', #6322, 1000.000000000000000 ) ;
#6477 = VERTEX_POINT ( 'NONE', #3727 ) ;
#6478 = ORIENTED_EDGE ( 'NONE', *, *, #3325, .T. ) ;
#6479 = CIRCLE ( 'NONE', #7976, 0.1000000000000001582 ) ;
#6480 = ORIENTED_EDGE ( 'NONE', *, *, #4211, .F. ) ;
#6481 = DIRECTION ( 'NONE',  ( 0.0000000000000000000, 0.0000000000000000000, 1.000000000000000000 ) ) ;
#6482 =( NAMED_UNIT ( * ) PLANE_ANGLE_UNIT ( ) SI_UNIT ( $, .RADIAN. ) );
#6483 = COLOUR_RGB ( '',1.000000000000000000, 1.000000000000000000, 1.000000000000000000 ) ;
#6484 = FILL_AREA_STYLE ('',( #2760 ) ) ;
#6485 = VERTEX_POINT ( 'NONE', #8293 ) ;
#6486 =( LENGTH_UNIT ( ) NAMED_UNIT ( * ) SI_UNIT ( .MILLI., .METRE. ) );
#6487 = EDGE_CURVE ( 'NONE', #4263, #1915, #9422, .T. ) ;
#6488 = DIRECTION ( 'NONE',  ( -0.0000000000000000000, 1.000000000000000000, -0.0000000000000000000 ) ) ;
#6489 = DIRECTION ( 'NONE',  ( -1.668003342285391551E-16, -0.0000000000000000000, -1.000000000000000000 ) ) ;
#6490 = VECTOR ( 'NONE', #4600, 1000.000000000000000 ) ;
#6491 = CARTESIAN_POINT ( 'NONE',  ( -0.3269230769230769273, 0.5400000000000000355, 0.1804339806434281379 ) ) ;
#6492 = CARTESIAN_POINT ( 'NONE',  ( 0.0000000000000000000, 0.05000000000000000278, 0.0000000000000000000 ) ) ;
#6493 = COLOUR_RGB ( '',1.000000000000000000, 1.000000000000000000, 1.000000000000000000 ) ;
#6494 = SURFACE_SIDE_STYLE ('',( #7530 ) ) ;
#6495 = EDGE_CURVE ( 'NONE', #5561, #8272, #9651, .T. ) ;
#6496 = UNCERTAINTY_MEASURE_WITH_UNIT (LENGTH_MEASURE( 1.000000000000000082E-05 ), #8804, 'distance_accuracy_value', 'NONE');
#6497 = AXIS2_PLACEMENT_3D ( 'NONE', #9121, #9762, #8327 ) ;
#6498 = DIRECTION ( 'NONE',  ( 0.0000000000000000000, 0.0000000000000000000, -1.000000000000000000 ) ) ;
#6499 = SURFACE_SIDE_STYLE ('',( #4380 ) ) ;
#6500 = LINE ( 'NONE', #2726, #7339 ) ;
#6501 = PRESENTATION_LAYER_ASSIGNMENT (  '', '', ( #4454 ) ) ;
#6502 = ORIENTED_EDGE ( 'NONE', *, *, #4503, .T. ) ;
#6503 = CARTESIAN_POINT ( 'NONE',  ( 0.0000000000000000000, 0.05000000000000000278, 0.2999999999999997113 ) ) ;
#6504 = DIRECTION ( 'NONE',  ( -0.0000000000000000000, -1.000000000000000000, -0.0000000000000000000 ) ) ;
#6505 = VECTOR ( 'NONE', #8116, 1000.000000000000000 ) ;
#6507 = ADVANCED_FACE ( 'NONE', ( #1987 ), #598, .F. ) ;
#6506 = MECHANICAL_DESIGN_GEOMETRIC_PRESENTATION_REPRESENTATION (  '', ( #7396 ), #2409 ) ;
#6508 = DIRECTION ( 'NONE',  ( -1.000000000000000000, 0.0000000000000000000, 0.0000000000000000000 ) ) ;
#6509 = EDGE_CURVE ( 'NONE', #9274, #9224, #654, .T. ) ;
#6510 = VERTEX_POINT ( 'NONE', #9051 ) ;
#6511 = FACE_OUTER_BOUND ( 'NONE', #4172, .T. ) ;
#6512 = DIRECTION ( 'NONE',  ( -1.000000000000000000, 0.0000000000000000000, -0.0000000000000000000 ) ) ;
#6513 = STYLED_ITEM ( 'NONE', ( #8556 ), #533 ) ;
#6514 = PRESENTATION_STYLE_ASSIGNMENT (( #170 ) ) ;
#6515 = ORIENTED_EDGE ( 'NONE', *, *, #8732, .F. ) ;
#6516 = B_SPLINE_CURVE_WITH_KNOTS ( 'NONE', 3,
 ( #6328, #7031, #7841, #4055, #9241, #9371, #5552, #9437, #1057, #1769, #7910 ),
 .UNSPECIFIED., .F., .F.,
 ( 4, 1, 1, 1, 1, 1, 1, 1, 4 ),
 ( 0.0000000000000000000, 0.1287770352440083810, 0.2551818927067128207, 0.3801502058277865803, 0.5033630045969955669, 0.6268586451702856666, 0.7503101344280983520, 0.8744398126914169067, 1.000000000000000000 ),
 .UNSPECIFIED. ) ;
#6517 = SURFACE_SIDE_STYLE ('',( #1570 ) ) ;
#6518 = LINE ( 'NONE', #5076, #3186 ) ;
#6519 = PLANE ( 'NONE',  #3875 ) ;
#6520 = VECTOR ( 'NONE', #7494, 1000.000000000000000 ) ;
#6521 = VERTEX_POINT ( 'NONE', #1473 ) ;
#6522 = EDGE_LOOP ( 'NONE', ( #7381, #3086, #638, #3320 ) ) ;
#6523 =( LENGTH_UNIT ( ) NAMED_UNIT ( * ) SI_UNIT ( .MILLI., .METRE. ) );
#6524 = CARTESIAN_POINT ( 'NONE',  ( 0.6668497356005872456, 0.5400000000000001465, 0.1825330990258335895 ) ) ;
#6525 = DIRECTION ( 'NONE',  ( -1.000000000000000000, 0.0000000000000000000, -0.0000000000000000000 ) ) ;
#6526 = EDGE_LOOP ( 'NONE', ( #8385, #3701, #8888, #1656, #4585, #802 ) ) ;
#6527 = DIRECTION ( 'NONE',  ( 0.0000000000000000000, 0.0000000000000000000, -1.000000000000000000 ) ) ;
#6528 = DIRECTION ( 'NONE',  ( 0.0000000000000000000, 0.0000000000000000000, -1.000000000000000000 ) ) ;
#6529 = CARTESIAN_POINT ( 'NONE',  ( -0.4647160299484173196, 0.5500000000000000444, 0.1565436390536885658 ) ) ;
#6530 = VECTOR ( 'NONE', #9866, 1000.000000000000000 ) ;
#6531 = FACE_OUTER_BOUND ( 'NONE', #4109, .T. ) ;
#6532 = AXIS2_PLACEMENT_3D ( 'NONE', #9448, #3253, #5459 ) ;
#6533 = DIRECTION ( 'NONE',  ( -1.000000000000000000, 0.0000000000000000000, 0.0000000000000000000 ) ) ;
#6534 = ORIENTED_EDGE ( 'NONE', *, *, #4142, .T. ) ;
#6535 = CARTESIAN_POINT ( 'NONE',  ( 0.5993035218074244108, 0.5500000000000000444, 0.2581919836609248287 ) ) ;
#6536 = ORIENTED_EDGE ( 'NONE', *, *, #7723, .F. ) ;
#6537 = SURFACE_STYLE_USAGE ( .BOTH. , #7313 ) ;
#6538 = PLANE ( 'NONE',  #6115 ) ;
#6539 = DIRECTION ( 'NONE',  ( 1.000000000000000000, 0.0000000000000000000, 0.0000000000000000000 ) ) ;
#6540 = PRESENTATION_STYLE_ASSIGNMENT (( #6793 ) ) ;
#6541 = ORIENTED_EDGE ( 'NONE', *, *, #696, .T. ) ;
#6542 =( NAMED_UNIT ( * ) PLANE_ANGLE_UNIT ( ) SI_UNIT ( $, .RADIAN. ) );
#6543 = CARTESIAN_POINT ( 'NONE',  ( -0.4871794871794872250, 0.5400000000000000355, 0.1590998460280435567 ) ) ;
#6544 = FILL_AREA_STYLE_COLOUR ( '', #7582 ) ;
#6545 = ORIENTED_EDGE ( 'NONE', *, *, #373, .T. ) ;
#6546 = ORIENTED_EDGE ( 'NONE', *, *, #3626, .F. ) ;
#6547 = SURFACE_STYLE_FILL_AREA ( #622 ) ;
#6548 = LINE ( 'NONE', #6388, #4512 ) ;
#6549 = VECTOR ( 'NONE', #4066, 1000.000000000000114 ) ;
#6550 = EDGE_CURVE ( 'NONE', #1944, #1912, #5094, .T. ) ;
#6551 = EDGE_CURVE ( 'NONE', #2481, #5782, #9410, .T. ) ;
#6552 = DIRECTION ( 'NONE',  ( 0.0000000000000000000, 0.0000000000000000000, -1.000000000000000000 ) ) ;
#6553 = ORIENTED_EDGE ( 'NONE', *, *, #5014, .T. ) ;
#6554 = ADVANCED_FACE ( 'NONE', ( #9891 ), #6180, .T. ) ;
#6555 = VECTOR ( 'NONE', #4801, 1000.000000000000000 ) ;
#6556 = FILL_AREA_STYLE ('',( #2798 ) ) ;
#6557 = DIRECTION ( 'NONE',  ( 0.0000000000000000000, 1.000000000000000000, 0.0000000000000000000 ) ) ;
#6558 = CARTESIAN_POINT ( 'NONE',  ( 0.6230468750000004441, 0.5400000000000000355, 0.1644083396177871415 ) ) ;
#6559 =( GEOMETRIC_REPRESENTATION_CONTEXT ( 3 ) GLOBAL_UNCERTAINTY_ASSIGNED_CONTEXT ( ( #2880 ) ) GLOBAL_UNIT_ASSIGNED_CONTEXT ( ( #8014, #8889, #5692 ) ) REPRESENTATION_CONTEXT ( 'NONE', 'WORKASPACE' ) );
#6560 = EDGE_CURVE ( 'NONE', #8147, #4803, #4525, .T. ) ;
#6561 = VECTOR ( 'NONE', #8813, 1000.000000000000000 ) ;
#6562 = CARTESIAN_POINT ( 'NONE',  ( -0.5435196314102566095, 0.5500000000000000444, 0.2829980832075307262 ) ) ;
#6563 = EDGE_CURVE ( 'NONE', #3146, #7734, #5699, .T. ) ;
#6564 = UNCERTAINTY_MEASURE_WITH_UNIT (LENGTH_MEASURE( 1.000000000000000082E-05 ), #7180, 'distance_accuracy_value', 'NONE');
#6565 = DIRECTION ( 'NONE',  ( 0.0000000000000000000, 1.000000000000000000, 0.0000000000000000000 ) ) ;
#6566 = PRESENTATION_LAYER_ASSIGNMENT (  '', '', ( #7982 ) ) ;
#6567 = MECHANICAL_DESIGN_GEOMETRIC_PRESENTATION_REPRESENTATION (  '', ( #1099 ), #2815 ) ;
#6568 = DIRECTION ( 'NONE',  ( 1.000000000000000000, 0.0000000000000000000, 0.0000000000000000000 ) ) ;
#6569 = LINE ( 'NONE', #9212, #3956 ) ;
#6570 = FILL_AREA_STYLE ('',( #2077 ) ) ;
#6571 = PLANE ( 'NONE',  #3897 ) ;
#6572 = STYLED_ITEM ( 'NONE', ( #8139 ), #2483 ) ;
#6573 = VECTOR ( 'NONE', #5726, 1000.000000000000000 ) ;
#6574 = SURFACE_STYLE_FILL_AREA ( #3671 ) ;
#6575 =( LENGTH_UNIT ( ) NAMED_UNIT ( * ) SI_UNIT ( .MILLI., .METRE. ) );
#6576 = ORIENTED_EDGE ( 'NONE', *, *, #8876, .F. ) ;
#6577 =( NAMED_UNIT ( * ) PLANE_ANGLE_UNIT ( ) SI_UNIT ( $, .RADIAN. ) );
#6578 = VECTOR ( 'NONE', #3611, 1000.000000000000000 ) ;
#6579 = PLANE ( 'NONE',  #5304 ) ;
#6580 = ORIENTED_EDGE ( 'NONE', *, *, #2558, .F. ) ;
#6581 = DIRECTION ( 'NONE',  ( 0.0000000000000000000, 0.0000000000000000000, 1.000000000000000000 ) ) ;
#6582 = PRESENTATION_STYLE_ASSIGNMENT (( #6931 ) ) ;
#6583 =( GEOMETRIC_REPRESENTATION_CONTEXT ( 3 ) GLOBAL_UNCERTAINTY_ASSIGNED_CONTEXT ( ( #3795 ) ) GLOBAL_UNIT_ASSIGNED_CONTEXT ( ( #6028, #9815, #8321 ) ) REPRESENTATION_CONTEXT ( 'NONE', 'WORKASPACE' ) );
#6584 = CARTESIAN_POINT ( 'NONE',  ( -0.3417550019010083262, 0.5500000000000001554, 0.05307523055677350332 ) ) ;
#6585 = ORIENTED_EDGE ( 'NONE', *, *, #8937, .T. ) ;
#6586 = CARTESIAN_POINT ( 'NONE',  ( 0.1000000000000004774, 0.1270000000000000018, 1.009999999999999343 ) ) ;
#6587 = LINE ( 'NONE', #7523, #4561 ) ;
#6588 = ORIENTED_EDGE ( 'NONE', *, *, #5958, .T. ) ;
#6589 = CARTESIAN_POINT ( 'NONE',  ( -0.8999999999999999112, 0.05000000000000000278, -0.3000000000000005440 ) ) ;
#6590 = ORIENTED_EDGE ( 'NONE', *, *, #2734, .T. ) ;
#6591 = VECTOR ( 'NONE', #6539, 1000.000000000000000 ) ;
#6592 =( NAMED_UNIT ( * ) PLANE_ANGLE_UNIT ( ) SI_UNIT ( $, .RADIAN. ) );
#6593 = VERTEX_POINT ( 'NONE', #3192 ) ;
#6594 = FILL_AREA_STYLE ('',( #3480 ) ) ;
#6595 = DIRECTION ( 'NONE',  ( 0.0000000000000000000, 1.000000000000000000, 0.0000000000000000000 ) ) ;
#6596 = ADVANCED_FACE ( 'NONE', ( #34 ), #6910, .F. ) ;
#6597 = UNCERTAINTY_MEASURE_WITH_UNIT (LENGTH_MEASURE( 1.000000000000000082E-05 ), #2395, 'distance_accuracy_value', 'NONE');
#6598 = STYLED_ITEM ( 'NONE', ( #2037 ), #4551 ) ;
#6599 = ORIENTED_EDGE ( 'NONE', *, *, #5463, .F. ) ;
#6600 = CARTESIAN_POINT ( 'NONE',  ( 0.6342941286795515943, 0.5500000000000000444, 0.1652070819653184419 ) ) ;
#6601 = FILL_AREA_STYLE ('',( #5730 ) ) ;
#6602 = CARTESIAN_POINT ( 'NONE',  ( 0.6496274975566153076, 0.5499999999999999334, 0.1700006404986457165 ) ) ;
#6603 = CARTESIAN_POINT ( 'NONE',  ( -0.3269230769230769273, 0.5500000000000000444, 0.1804339806434281379 ) ) ;
#6604 = EDGE_CURVE ( 'NONE', #1791, #2847, #3927, .T. ) ;
#6605 = CARTESIAN_POINT ( 'NONE',  ( 0.5972335280741000174, 0.5499999999999997113, 0.1699805894889630797 ) ) ;
#6606 = PRESENTATION_STYLE_ASSIGNMENT (( #108 ) ) ;
#6607 =( GEOMETRIC_REPRESENTATION_CONTEXT ( 3 ) GLOBAL_UNCERTAINTY_ASSIGNED_CONTEXT ( ( #5010 ) ) GLOBAL_UNIT_ASSIGNED_CONTEXT ( ( #3369, #5102, #8162 ) ) REPRESENTATION_CONTEXT ( 'NONE', 'WORKASPACE' ) );
#6608 = LINE ( 'NONE', #6799, #351 ) ;
#6609 = EDGE_LOOP ( 'NONE', ( #4449, #7965, #1368, #6939 ) ) ;
#6610 = PRESENTATION_LAYER_ASSIGNMENT (  '', '', ( #8983 ) ) ;
#6611 = CIRCLE ( 'NONE', #5488, 0.1000000000000000472 ) ;
#6612 = PRESENTATION_LAYER_ASSIGNMENT (  '', '', ( #7452 ) ) ;
#6613 = PLANE ( 'NONE',  #9942 ) ;
#6614 = EDGE_CURVE ( 'NONE', #6643, #2824, #6779, .T. ) ;
#6615 = SURFACE_STYLE_FILL_AREA ( #445 ) ;
#6616 = ORIENTED_EDGE ( 'NONE', *, *, #35, .T. ) ;
#6617 = CARTESIAN_POINT ( 'NONE',  ( -0.2810496794871794601, 0.5500000000000000444, 0.2366739646177871415 ) ) ;
#6618 = EDGE_CURVE ( 'NONE', #2824, #4954, #8344, .T. ) ;
#6619 = VECTOR ( 'NONE', #1295, 1000.000000000000000 ) ;
#6620 = AXIS2_PLACEMENT_3D ( 'NONE', #8342, #1519, #7604 ) ;
#6621 =( NAMED_UNIT ( * ) SI_UNIT ( $, .STERADIAN. ) SOLID_ANGLE_UNIT ( ) );
#6622 = PRESENTATION_LAYER_ASSIGNMENT (  '', '', ( #822 ) ) ;
#6623 = CARTESIAN_POINT ( 'NONE',  ( -0.4067597474280871261, 0.5500000000000000444, 0.03624803855475817321 ) ) ;
#6624 = MECHANICAL_DESIGN_GEOMETRIC_PRESENTATION_REPRESENTATION (  '', ( #1617 ), #1105 ) ;
#6625 = ORIENTED_EDGE ( 'NONE', *, *, #8366, .F. ) ;
#6626 = DIRECTION ( 'NONE',  ( 0.0000000000000000000, 0.0000000000000000000, 1.000000000000000000 ) ) ;
#6627 =( LENGTH_UNIT ( ) NAMED_UNIT ( * ) SI_UNIT ( .MILLI., .METRE. ) );
#6628 = MECHANICAL_DESIGN_GEOMETRIC_PRESENTATION_REPRESENTATION (  '', ( #769 ), #1825 ) ;
#6629 = PRESENTATION_STYLE_ASSIGNMENT (( #4335 ) ) ;
#6630 = EDGE_LOOP ( 'NONE', ( #9917, #2277, #1699, #2030 ) ) ;
#6631 =( GEOMETRIC_REPRESENTATION_CONTEXT ( 3 ) GLOBAL_UNCERTAINTY_ASSIGNED_CONTEXT ( ( #1064 ) ) GLOBAL_UNIT_ASSIGNED_CONTEXT ( ( #2211, #2946, #1153 ) ) REPRESENTATION_CONTEXT ( 'NONE', 'WORKASPACE' ) );
#6632 = CARTESIAN_POINT ( 'NONE',  ( -0.4629350274458554626, 0.5399999999999999245, 0.1801440152173886811 ) ) ;
#6633 = ORIENTED_EDGE ( 'NONE', *, *, #2931, .F. ) ;
#6634 =( NAMED_UNIT ( * ) SI_UNIT ( $, .STERADIAN. ) SOLID_ANGLE_UNIT ( ) );
#6635 = ADVANCED_FACE ( 'NONE', ( #1022 ), #8586, .T. ) ;
#6636 = ORIENTED_EDGE ( 'NONE', *, *, #4749, .F. ) ;
#6637 = DIRECTION ( 'NONE',  ( 0.6429223081870644174, 0.0000000000000000000, 0.7659313974733098496 ) ) ;
#6638 = DIRECTION ( 'NONE',  ( -1.000000000000000000, 0.0000000000000000000, 0.0000000000000000000 ) ) ;
#6639 = CARTESIAN_POINT ( 'NONE',  ( -0.3143518769535626478, 0.5499999999999999334, 0.06018160327596734638 ) ) ;
#6640 = FILL_AREA_STYLE_COLOUR ( '', #530 ) ;
#6641 = ORIENTED_EDGE ( 'NONE', *, *, #6863, .F. ) ;
#6642 = FILL_AREA_STYLE ('',( #8190 ) ) ;
#6643 = VERTEX_POINT ( 'NONE', #6174 ) ;
#6644 = LINE ( 'NONE', #68, #2612 ) ;
#6645 = PRESENTATION_LAYER_ASSIGNMENT (  '', '', ( #3090 ) ) ;
#6646 = DIRECTION ( 'NONE',  ( 0.0000000000000000000, -0.0000000000000000000, -1.000000000000000000 ) ) ;
#6647 = CARTESIAN_POINT ( 'NONE',  ( -0.1506410256410256887, 0.5400000000000000355, 0.1355621857716332868 ) ) ;
#6648 = FILL_AREA_STYLE_COLOUR ( '', #6877 ) ;
#6649 = CARTESIAN_POINT ( 'NONE',  ( -0.3736136133498473844, 0.5499999999999999334, 0.02761156548423097934 ) ) ;
#6650 = SURFACE_STYLE_USAGE ( .BOTH. , #1272 ) ;
#6651 = CARTESIAN_POINT ( 'NONE',  ( 0.6287377542049724655, 0.5500000000000000444, 0.1645740806991878857 ) ) ;
#6652 = SURFACE_STYLE_FILL_AREA ( #3207 ) ;
#6653 = SURFACE_STYLE_USAGE ( .BOTH. , #4403 ) ;
#6654 = FACE_OUTER_BOUND ( 'NONE', #5145, .T. ) ;
#6655 = CARTESIAN_POINT ( 'NONE',  ( 0.6100000000000005418, 0.04999999999999999584, -0.6000000000000004219 ) ) ;
#6656 = EDGE_LOOP ( 'NONE', ( #2028, #9724, #8877, #4676 ) ) ;
#6657 = DIRECTION ( 'NONE',  ( 0.0000000000000000000, -0.0000000000000000000, -1.000000000000000000 ) ) ;
#6658 = ORIENTED_EDGE ( 'NONE', *, *, #6862, .T. ) ;
#6659 = UNCERTAINTY_MEASURE_WITH_UNIT (LENGTH_MEASURE( 1.000000000000000082E-05 ), #7455, 'distance_accuracy_value', 'NONE');
#6660 = LINE ( 'NONE', #3103, #2628 ) ;
#6661 = LINE ( 'NONE', #8377, #2867 ) ;
#6662 = EDGE_CURVE ( 'NONE', #2896, #2789, #4405, .T. ) ;
#6663 = CARTESIAN_POINT ( 'NONE',  ( -0.3867340797888170756, 0.5499999999999996003, 0.2597102212700360679 ) ) ;
#6664 = VERTEX_POINT ( 'NONE', #9287 ) ;
#6665 = EDGE_CURVE ( 'NONE', #4594, #9773, #3696, .T. ) ;
#6666 = VECTOR ( 'NONE', #9245, 1000.000000000000000 ) ;
#6667 = CARTESIAN_POINT ( 'NONE',  ( 0.6798999066846114214, 0.5400000000000002576, 0.2673508663210545921 ) ) ;
#6668 = FILL_AREA_STYLE_COLOUR ( '', #3291 ) ;
#6669 = FILL_AREA_STYLE ('',( #4325 ) ) ;
#6670 = PRESENTATION_LAYER_ASSIGNMENT (  '', '', ( #8420 ) ) ;
#6671 = CARTESIAN_POINT ( 'NONE',  ( -0.3210748101501892937, 0.5499999999999999334, 0.05771814230682723035 ) ) ;
#6672 = UNCERTAINTY_MEASURE_WITH_UNIT (LENGTH_MEASURE( 1.000000000000000082E-05 ), #8988, 'distance_accuracy_value', 'NONE');
#6673 = DIRECTION ( 'NONE',  ( -1.000000000000000000, 0.0000000000000000000, -0.0000000000000000000 ) ) ;
#6674 = MECHANICAL_DESIGN_GEOMETRIC_PRESENTATION_REPRESENTATION (  '', ( #9761 ), #8224 ) ;
#6675 = PLANE ( 'NONE',  #6497 ) ;
#6676 = DIRECTION ( 'NONE',  ( -0.0000000000000000000, 1.000000000000000000, -0.0000000000000000000 ) ) ;
#6677 = MECHANICAL_DESIGN_GEOMETRIC_PRESENTATION_REPRESENTATION (  '', ( #692 ), #5839 ) ;
#6678 = DIRECTION ( 'NONE',  ( 1.000000000000000000, 0.0000000000000000000, 0.0000000000000000000 ) ) ;
#6679 = CIRCLE ( 'NONE', #7661, 0.09999999999999982514 ) ;
#6680 = EDGE_CURVE ( 'NONE', #5750, #9717, #281, .T. ) ;
#6681 = LINE ( 'NONE', #983, #4319 ) ;
#6682 =( NAMED_UNIT ( * ) SI_UNIT ( $, .STERADIAN. ) SOLID_ANGLE_UNIT ( ) );
#6683 = CARTESIAN_POINT ( 'NONE',  ( 0.5760216346153850253, 0.5500000000000000444, 0.1406703588485563594 ) ) ;
#6684 = ORIENTED_EDGE ( 'NONE', *, *, #6107, .F. ) ;
#6685 = CARTESIAN_POINT ( 'NONE',  ( -0.3630807118112069354, 0.5500000000000000444, 0.05231728744284831756 ) ) ;
#6686 = SURFACE_SIDE_STYLE ('',( #4671 ) ) ;
#6687 = ADVANCED_FACE ( 'NONE', ( #6654 ), #8398, .T. ) ;
#6688 = DIRECTION ( 'NONE',  ( -1.000000000000000000, 0.0000000000000000000, -0.0000000000000000000 ) ) ;
#6689 =( GEOMETRIC_REPRESENTATION_CONTEXT ( 3 ) GLOBAL_UNCERTAINTY_ASSIGNED_CONTEXT ( ( #8998 ) ) GLOBAL_UNIT_ASSIGNED_CONTEXT ( ( #2286, #1526, #5258 ) ) REPRESENTATION_CONTEXT ( 'NONE', 'WORKASPACE' ) );
#6690 = CARTESIAN_POINT ( 'NONE',  ( 0.5578262310113537570, 0.5400000000000001465, 0.1722097553847279083 ) ) ;
#6691 = SURFACE_STYLE_FILL_AREA ( #7877 ) ;
#6692 = CARTESIAN_POINT ( 'NONE',  ( 0.6249679964681422728, 0.5400000000000001465, 0.1644642903308779769 ) ) ;
#6693 = CARTESIAN_POINT ( 'NONE',  ( -0.5176282051282052876, 0.5500000000000000444, 0.2829980832075307262 ) ) ;
#6694 = PRESENTATION_STYLE_ASSIGNMENT (( #341 ) ) ;
#6695 = LINE ( 'NONE', #3830, #4794 ) ;
#6696 = VECTOR ( 'NONE', #7698, 1000.000000000000000 ) ;
#6697 = DIRECTION ( 'NONE',  ( 0.0000000000000000000, 0.0000000000000000000, 1.000000000000000000 ) ) ;
#6698 = VECTOR ( 'NONE', #7422, 1000.000000000000000 ) ;
#6699 = CARTESIAN_POINT ( 'NONE',  ( -0.5999999999999995337, 0.1270000000000000018, -1.009999999999999787 ) ) ;
#6700 = ORIENTED_EDGE ( 'NONE', *, *, #3435, .F. ) ;
#6701 = VERTEX_POINT ( 'NONE', #6978 ) ;
#6702 = EDGE_LOOP ( 'NONE', ( #2114, #6719, #409, #16 ) ) ;
#6703 = CARTESIAN_POINT ( 'NONE',  ( -0.2467948717948718063, 0.5499999999999994893, 0.1576475223100948231 ) ) ;
#6704 = FACE_OUTER_BOUND ( 'NONE', #7610, .T. ) ;
#6705 = FACE_OUTER_BOUND ( 'NONE', #8517, .T. ) ;
#6706 = EDGE_LOOP ( 'NONE', ( #1338, #3026, #3744, #9447 ) ) ;
#6707 = CARTESIAN_POINT ( 'NONE',  ( -0.6121794871794873361, 0.5400000000000000355, 0.1757264485921460895 ) ) ;
#6708 = EDGE_LOOP ( 'NONE', ( #4329, #7780, #6347, #4105 ) ) ;
#6709 = MECHANICAL_DESIGN_GEOMETRIC_PRESENTATION_REPRESENTATION (  '', ( #2292 ), #8120 ) ;
#6710 = ORIENTED_EDGE ( 'NONE', *, *, #4163, .F. ) ;
#6711 = APPLICATION_PROTOCOL_DEFINITION ( 'draft international standard', 'automotive_design', 1998, #491 ) ;
#6712 = CARTESIAN_POINT ( 'NONE',  ( -0.09999999999999961697, 0.1270000000000000018, 1.299999999999999600 ) ) ;
#6713 = COLOUR_RGB ( '',0.6666666666666666297, 0.6941176470588235059, 0.7647058823529411242 ) ;
#6714 = MECHANICAL_DESIGN_GEOMETRIC_PRESENTATION_REPRESENTATION (  '', ( #1911 ), #7244 ) ;
#6715 = FACE_OUTER_BOUND ( 'NONE', #2663, .T. ) ;
#6716 = CARTESIAN_POINT ( 'NONE',  ( -0.2467948717948718063, 0.5500000000000000444, 0.1576475223100948231 ) ) ;
#6717 = PRODUCT_DEFINITION_CONTEXT ( 'detailed design', #491, 'design' ) ;
#6718 = UNCERTAINTY_MEASURE_WITH_UNIT (LENGTH_MEASURE( 1.000000000000000082E-05 ), #1872, 'distance_accuracy_value', 'NONE');
#6719 = ORIENTED_EDGE ( 'NONE', *, *, #620, .F. ) ;
#6720 = CARTESIAN_POINT ( 'NONE',  ( -0.6999999999999994005, 0.05000000000000000278, 1.299999999999999600 ) ) ;
#6721 = CARTESIAN_POINT ( 'NONE',  ( -0.6251001602564104642, 0.5400000000000000355, 0.1554940767972742832 ) ) ;
#6722 = CARTESIAN_POINT ( 'NONE',  ( -0.4104749589422161393, 0.5500000000000000444, 0.06638721438429986965 ) ) ;
#6723 = CARTESIAN_POINT ( 'NONE',  ( -0.2243589743589743390, 0.5499999999999999334, 0.1582985639767614805 ) ) ;
#6725 = LINE ( 'NONE', #2751, #4246 ) ;
#6724 = CARTESIAN_POINT ( 'NONE',  ( 0.5744687034520526980, 0.5499999999999999334, 0.2332579696526431434 ) ) ;
#6726 = SURFACE_SIDE_STYLE ('',( #1173 ) ) ;
#6727 = DIRECTION ( 'NONE',  ( 0.0000000000000000000, -0.0000000000000000000, 1.000000000000000000 ) ) ;
#6728 = CARTESIAN_POINT ( 'NONE',  ( 0.6794423241026030791, 0.5499999999999999334, 0.2158772070298358436 ) ) ;
#6729 = DIRECTION ( 'NONE',  ( 0.0000000000000000000, 1.000000000000000000, 0.0000000000000000000 ) ) ;
#6730 = EDGE_CURVE ( 'NONE', #335, #1461, #2741, .T. ) ;
#6731 = CARTESIAN_POINT ( 'NONE',  ( 0.6100000000000005418, 0.1270000000000000018, -0.7000000000000005107 ) ) ;
#6732 = EDGE_LOOP ( 'NONE', ( #4799, #7663, #4643, #6981 ) ) ;
#6733 = VECTOR ( 'NONE', #2764, 1000.000000000000000 ) ;
#6734 = CARTESIAN_POINT ( 'NONE',  ( -0.2610152076608495131, 0.5400000000000000355, 0.1044672426751594302 ) ) ;
#6735 = STYLED_ITEM ( 'NONE', ( #3503 ), #4783 ) ;
#6736 = LINE ( 'NONE', #7425, #8793 ) ;
#6737 = CARTESIAN_POINT ( 'NONE',  ( -0.4466829999810238983, 0.5400000000000001465, 0.09902748658629140222 ) ) ;
#6738 = STYLED_ITEM ( 'NONE', ( #7541 ), #1296 ) ;
#6739 = ADVANCED_FACE ( 'NONE', ( #5817 ), #9521, .T. ) ;
#6740 = VECTOR ( 'NONE', #1222, 1000.000000000000114 ) ;
#6741 = ORIENTED_EDGE ( 'NONE', *, *, #8100, .F. ) ;
#6742 = CARTESIAN_POINT ( 'NONE',  ( -0.1506410256410256887, 0.5500000000000000444, 0.2829980832075307262 ) ) ;
#6743 = LINE ( 'NONE', #8801, #4479 ) ;
#6744 = AXIS2_PLACEMENT_3D ( 'NONE', #8851, #1887, #4287 ) ;
#6745 = DIRECTION ( 'NONE',  ( -0.0000000000000000000, -1.000000000000000000, -0.0000000000000000000 ) ) ;
#6746 = EDGE_CURVE ( 'NONE', #82, #8423, #8098, .T. ) ;
#6747 = EDGE_CURVE ( 'NONE', #935, #4565, #2096, .T. ) ;
#6748 = CARTESIAN_POINT ( 'NONE',  ( 0.6798999066846114214, 0.5500000000000001554, 0.2673508663210545921 ) ) ;
#6749 = PLANE ( 'NONE',  #4869 ) ;
#6750 =( NAMED_UNIT ( * ) PLANE_ANGLE_UNIT ( ) SI_UNIT ( $, .RADIAN. ) );
#6751 = DIRECTION ( 'NONE',  ( -0.0000000000000000000, -1.000000000000000000, -0.0000000000000000000 ) ) ;
#6752 =( GEOMETRIC_REPRESENTATION_CONTEXT ( 3 ) GLOBAL_UNCERTAINTY_ASSIGNED_CONTEXT ( ( #1768 ) ) GLOBAL_UNIT_ASSIGNED_CONTEXT ( ( #7091, #6984, #869 ) ) REPRESENTATION_CONTEXT ( 'NONE', 'WORKASPACE' ) );
#6753 = SURFACE_STYLE_FILL_AREA ( #6889 ) ;
#6754 = ORIENTED_EDGE ( 'NONE', *, *, #2249, .F. ) ;
#6755 = PRESENTATION_LAYER_ASSIGNMENT (  '', '', ( #6243 ) ) ;
#6756 = SURFACE_SIDE_STYLE ('',( #9336 ) ) ;
#6757 = SURFACE_SIDE_STYLE ('',( #2683 ) ) ;
#6758 = ORIENTED_EDGE ( 'NONE', *, *, #8412, .F. ) ;
#6759 = CARTESIAN_POINT ( 'NONE',  ( 0.5794781471916182758, 0.5400000000000000355, 0.2416602270457988144 ) ) ;
#6760 = CARTESIAN_POINT ( 'NONE',  ( -0.2404751671744071728, 0.5499999999999999334, 0.2232129819109197610 ) ) ;
#6761 = FILL_AREA_STYLE_COLOUR ( '', #7854 ) ;
#6762 = DIRECTION ( 'NONE',  ( 1.000000000000000000, 0.0000000000000000000, 0.0000000000000000000 ) ) ;
#6763 = FACE_OUTER_BOUND ( 'NONE', #1920, .T. ) ;
#6764 =( LENGTH_UNIT ( ) NAMED_UNIT ( * ) SI_UNIT ( .MILLI., .METRE. ) );
#6765 = CARTESIAN_POINT ( 'NONE',  ( 0.3237179487179489001, 0.5500000000000000444, 0.1740237242331717227 ) ) ;
#6766 = VERTEX_POINT ( 'NONE', #8628 ) ;
#6767 = CARTESIAN_POINT ( 'NONE',  ( 0.5705677590796486287, 0.5400000000000000355, 0.2124834570959833469 ) ) ;
#6768 = MECHANICAL_DESIGN_GEOMETRIC_PRESENTATION_REPRESENTATION (  '', ( #6253 ), #4723 ) ;
#6769 = ORIENTED_EDGE ( 'NONE', *, *, #8018, .F. ) ;
#6770 = LINE ( 'NONE', #4122, #7375 ) ;
#6771 = ORIENTED_EDGE ( 'NONE', *, *, #6098, .T. ) ;
#6772 = SURFACE_SIDE_STYLE ('',( #2049 ) ) ;
#6773 = AXIS2_PLACEMENT_3D ( 'NONE', #8770, #4238, #2695 ) ;
#6774 = CARTESIAN_POINT ( 'NONE',  ( -0.3278853687560674968, 0.5499999999999997113, 0.05572059181575256953 ) ) ;
#6775 = VERTEX_POINT ( 'NONE', #7084 ) ;
#6776 = CARTESIAN_POINT ( 'NONE',  ( -0.4647160299484173196, 0.5400000000000000355, 0.1565436390536885658 ) ) ;
#6777 = ORIENTED_EDGE ( 'NONE', *, *, #939, .T. ) ;
#6778 = DIRECTION ( 'NONE',  ( -0.0000000000000000000, -1.000000000000000000, -0.0000000000000000000 ) ) ;
#6779 = LINE ( 'NONE', #3958, #1621 ) ;
#6780 = ORIENTED_EDGE ( 'NONE', *, *, #4712, .F. ) ;
#6781 =( NAMED_UNIT ( * ) PLANE_ANGLE_UNIT ( ) SI_UNIT ( $, .RADIAN. ) );
#6782 = CARTESIAN_POINT ( 'NONE',  ( -0.2469017896530726341, 0.5499999999999999334, 0.1614093997372331446 ) ) ;
#6783 = VERTEX_POINT ( 'NONE', #6311 ) ;
#6784 = STYLED_ITEM ( 'NONE', ( #1294 ), #4492 ) ;
#6785 = COLOUR_RGB ( '',0.6666666666666666297, 0.6941176470588235059, 0.7647058823529411242 ) ;
#6786 = CARTESIAN_POINT ( 'NONE',  ( 0.9000000000000000222, 0.5500000000000000444, -0.1000000000000002554 ) ) ;
#6787 = SURFACE_STYLE_USAGE ( .BOTH. , #9194 ) ;
#6788 = ORIENTED_EDGE ( 'NONE', *, *, #1923, .T. ) ;
#6789 = CARTESIAN_POINT ( 'NONE',  ( -0.09999999999999961697, 0.0000000000000000000, -1.309999999999999609 ) ) ;
#6790 = EDGE_CURVE ( 'NONE', #4559, #3498, #6058, .T. ) ;
#6791 = CARTESIAN_POINT ( 'NONE',  ( 0.1000000000000004774, 0.0000000000000000000, -1.309999999999999387 ) ) ;
#6792 = CARTESIAN_POINT ( 'NONE',  ( 0.6506410256410261050, 0.5400000000000000355, 0.02658782679727431791 ) ) ;
#6793 = SURFACE_STYLE_USAGE ( .BOTH. , #5787 ) ;
#6794 = CARTESIAN_POINT ( 'NONE',  ( -0.2659755608974359031, 0.5500000000000000444, 0.2551535319254794598 ) ) ;
#6795 = DIRECTION ( 'NONE',  ( -0.0000000000000000000, 1.000000000000000000, -0.0000000000000000000 ) ) ;
#6796 = UNCERTAINTY_MEASURE_WITH_UNIT (LENGTH_MEASURE( 1.000000000000000082E-05 ), #2968, 'distance_accuracy_value', 'NONE');
#6797 = CARTESIAN_POINT ( 'NONE',  ( 0.6304919537938722396, 0.5400000000000001465, 0.2636046416015364047 ) ) ;
#6798 = COLOUR_RGB ( '',1.000000000000000000, 1.000000000000000000, 1.000000000000000000 ) ;
#6799 = CARTESIAN_POINT ( 'NONE',  ( -0.6808393429487180626, 0.5500000000000000444, 0.2829980832075307262 ) ) ;
#6800 = VECTOR ( 'NONE', #9843, 1000.000000000000000 ) ;
#6801 = CARTESIAN_POINT ( 'NONE',  ( 0.5705677590796486287, 0.5499999999999997113, 0.2124834570959833469 ) ) ;
#6802 = DIRECTION ( 'NONE',  ( -1.000000000000000000, 0.0000000000000000000, 0.0000000000000000000 ) ) ;
#6803 = AXIS2_PLACEMENT_3D ( 'NONE', #6413, #256, #1900 ) ;
#6804 = VECTOR ( 'NONE', #5109, 1000.000000000000000 ) ;
#6805 = FILL_AREA_STYLE_COLOUR ( '', #9600 ) ;
#6806 = EDGE_CURVE ( 'NONE', #6439, #2836, #8114, .T. ) ;
#6807 = CARTESIAN_POINT ( 'NONE',  ( 0.8999999999999999112, 0.05000000000000002359, -0.7000000000000005107 ) ) ;
#6808 = VECTOR ( 'NONE', #1945, 1000.000000000000000 ) ;
#6809 = CARTESIAN_POINT ( 'NONE',  ( 0.1000000000000000472, 0.05000000000000000278, 1.299999999999999600 ) ) ;
#6810 = EDGE_CURVE ( 'NONE', #6664, #2085, #4630, .T. ) ;
#6811 = FACE_OUTER_BOUND ( 'NONE', #9648, .T. ) ;
#6812 = MECHANICAL_DESIGN_GEOMETRIC_PRESENTATION_REPRESENTATION (  '', ( #4390 ), #2001 ) ;
#6813 = PRESENTATION_STYLE_ASSIGNMENT (( #1481 ) ) ;
#6814 = LINE ( 'NONE', #4560, #2522 ) ;
#6815 = MECHANICAL_DESIGN_GEOMETRIC_PRESENTATION_REPRESENTATION (  '', ( #9053 ), #9885 ) ;
#6816 = FILL_AREA_STYLE_COLOUR ( '', #7913 ) ;
#6817 = SURFACE_STYLE_FILL_AREA ( #1303 ) ;
#6818 = EDGE_LOOP ( 'NONE', ( #8844, #4720, #1708, #3533, #9919, #4625, #7290, #4121 ) ) ;
#6819 =( NAMED_UNIT ( * ) PLANE_ANGLE_UNIT ( ) SI_UNIT ( $, .RADIAN. ) );
#6820 = PRESENTATION_LAYER_ASSIGNMENT (  '', '', ( #9710 ) ) ;
#6821 = LINE ( 'NONE', #9802, #566 ) ;
#6822 = CARTESIAN_POINT ( 'NONE',  ( -0.05128205128205132191, 0.5400000000000000355, 0.1612032114126589200 ) ) ;
#6823 = ORIENTED_EDGE ( 'NONE', *, *, #478, .F. ) ;
#6824 = EDGE_CURVE ( 'NONE', #3922, #9927, #1956, .T. ) ;
#6825 = CARTESIAN_POINT ( 'NONE',  ( -0.6099999999999996536, 0.1270000000000000018, 0.1999999999999995948 ) ) ;
#6826 = PRESENTATION_LAYER_ASSIGNMENT (  '', '', ( #6253 ) ) ;
#6827 = ORIENTED_EDGE ( 'NONE', *, *, #8029, .F. ) ;
#6828 = FILL_AREA_STYLE ('',( #7599 ) ) ;
#6829 = CARTESIAN_POINT ( 'NONE',  ( 0.6100000000000005418, 0.0000000000000000000, -0.6000000000000004219 ) ) ;
#6830 = ORIENTED_EDGE ( 'NONE', *, *, #7529, .F. ) ;
#6831 = DIRECTION ( 'NONE',  ( 0.0000000000000000000, -0.0000000000000000000, 1.000000000000000000 ) ) ;
#6832 = VERTEX_POINT ( 'NONE', #649 ) ;
#6833 = FILL_AREA_STYLE ('',( #7474 ) ) ;
#6834 = CARTESIAN_POINT ( 'NONE',  ( -0.2600066391765132323, 0.5400000000000000355, 0.2102292479197334363 ) ) ;
#6835 = ORIENTED_EDGE ( 'NONE', *, *, #4633, .F. ) ;
#6836 = VECTOR ( 'NONE', #2785, 1000.000000000000000 ) ;
#6837 = PRESENTATION_STYLE_ASSIGNMENT (( #6787 ) ) ;
#6838 = CARTESIAN_POINT ( 'NONE',  ( -0.3817034702659949374, 0.5499999999999999334, 0.2872018415887776510 ) ) ;
#6839 = ORIENTED_EDGE ( 'NONE', *, *, #4028, .T. ) ;
#6840 = CARTESIAN_POINT ( 'NONE',  ( -0.4657789010708709432, 0.5399999999999999245, 0.2314357786533035588 ) ) ;
#6841 = FILL_AREA_STYLE ('',( #513 ) ) ;
#6842 = PRESENTATION_STYLE_ASSIGNMENT (( #4129 ) ) ;
#6843 = CARTESIAN_POINT ( 'NONE',  ( -0.4425755999708290145, 0.5399999999999999245, 0.09338640087648661381 ) ) ;
#6844 =( GEOMETRIC_REPRESENTATION_CONTEXT ( 3 ) GLOBAL_UNCERTAINTY_ASSIGNED_CONTEXT ( ( #7538 ) ) GLOBAL_UNIT_ASSIGNED_CONTEXT ( ( #5236, #553, #2994 ) ) REPRESENTATION_CONTEXT ( 'NONE', 'WORKASPACE' ) );
#6845 = SURFACE_STYLE_USAGE ( .BOTH. , #5171 ) ;
#6846 = CARTESIAN_POINT ( 'NONE',  ( -0.8999999999999998002, 0.1270000000000000018, -0.1000000000000000472 ) ) ;
#6847 = VECTOR ( 'NONE', #1562, 1000.000000000000000 ) ;
#6848 = ORIENTED_EDGE ( 'NONE', *, *, #6036, .F. ) ;
#6849 = PLANE ( 'NONE',  #7415 ) ;
#6850 = PRESENTATION_STYLE_ASSIGNMENT (( #4416 ) ) ;
#6851 = CARTESIAN_POINT ( 'NONE',  ( -0.3967264533109700064, 0.5400000000000001465, 0.2563023744178414831 ) ) ;
#6852 = ADVANCED_FACE ( 'NONE', ( #1355 ), #9848, .T. ) ;
#6853 =( LENGTH_UNIT ( ) NAMED_UNIT ( * ) SI_UNIT ( .MILLI., .METRE. ) );
#6854 = CARTESIAN_POINT ( 'NONE',  ( -0.2243589743589743390, 0.5400000000000000355, 0.1582985639767614805 ) ) ;
#6855 = DIRECTION ( 'NONE',  ( -0.0000000000000000000, -1.000000000000000000, -0.0000000000000000000 ) ) ;
#6856 = COLOUR_RGB ( '',0.6666666666666666297, 0.6941176470588235059, 0.7647058823529411242 ) ;
#6857 = ORIENTED_EDGE ( 'NONE', *, *, #8989, .T. ) ;
#6858 = CARTESIAN_POINT ( 'NONE',  ( -0.2244791613604408820, 0.5500000000000000444, 0.1630298044208894348 ) ) ;
#6859 = B_SPLINE_SURFACE_WITH_KNOTS ( 'NONE', 3, 1, ( 
 ( #3011, #611 ),
 ( #5223, #2216 ),
 ( #6797, #2105 ),
 ( #1453, #5987 ),
 ( #2246, #8378 ),
 ( #3806, #1378 ),
 ( #2950, #2981 ),
 ( #5157, #4498 ),
 ( #536, #5916 ),
 ( #2180, #1349 ),
 ( #1312, #3780 ),
 ( #9007, #7539 ),
 ( #9778, #2141 ),
 ( #5187, #8312 ),
 ( #9068, #581 ),
 ( #3745, #647 ),
 ( #5254, #9102 ),
 ( #5950, #6728 ),
 ( #7504, #714 ) ),
 .UNSPECIFIED., .F., .F., .F.,
 ( 4, 1, 1, 1, 1, 1, 1, 1, 1, 1, 1, 1, 1, 1, 1, 1, 4 ),
 ( 2, 2 ),
 ( 0.0000000000000000000, 0.06796237149445517878, 0.1332834028675221882, 0.1978352977570553006, 0.2608919865309878849, 0.3233765044831751201, 0.3863500754690875061, 0.4496377310517126191, 0.5147953269783565045, 0.5792399132410284146, 0.6418141777582883067, 0.7013585647860582917, 0.7607267659857195330, 0.8192220679243875647, 0.8787161693846300414, 0.9381473540533080691, 1.000000000000000000 ),
 ( 0.0000000000000000000, 1.000000000000000000 ),
 .UNSPECIFIED. ) ;
#6860 = CARTESIAN_POINT ( 'NONE',  ( -0.3001975920379448270, 0.5399999999999998135, 0.2776353315341046901 ) ) ;
#6861 = UNCERTAINTY_MEASURE_WITH_UNIT (LENGTH_MEASURE( 1.000000000000000082E-05 ), #583, 'distance_accuracy_value', 'NONE');
#6862 = EDGE_CURVE ( 'NONE', #9274, #7803, #9171, .T. ) ;
#6863 = EDGE_CURVE ( 'NONE', #3738, #7863, #5442, .T. ) ;
#6864 = CARTESIAN_POINT ( 'NONE',  ( 0.5744687034520526980, 0.5399999999999999245, 0.2332579696526431434 ) ) ;
#6865 = COLOUR_RGB ( '',0.2509803921568627416, 0.2509803921568627416, 0.2509803921568627416 ) ;
#6866 = LINE ( 'NONE', #3288, #3785 ) ;
#6867 = ORIENTED_EDGE ( 'NONE', *, *, #1647, .T. ) ;
#6868 = ORIENTED_EDGE ( 'NONE', *, *, #7574, .T. ) ;
#6869 = CARTESIAN_POINT ( 'NONE',  ( -0.4288735073964305422, 0.5400000000000001465, 0.2681009171543841108 ) ) ;
#6870 =( NAMED_UNIT ( * ) PLANE_ANGLE_UNIT ( ) SI_UNIT ( $, .RADIAN. ) );
#6871 = CARTESIAN_POINT ( 'NONE',  ( -0.9100000000000002531, 0.0000000000000000000, -0.7000000000000005107 ) ) ;
#6872 = MECHANICAL_DESIGN_GEOMETRIC_PRESENTATION_REPRESENTATION (  '', ( #7208 ), #7392 ) ;
#6873 = SURFACE_SIDE_STYLE ('',( #1739 ) ) ;
#6874 = PRESENTATION_LAYER_ASSIGNMENT (  '', '', ( #7352 ) ) ;
#6875 = PRESENTATION_STYLE_ASSIGNMENT (( #8217 ) ) ;
#6876 =( GEOMETRIC_REPRESENTATION_CONTEXT ( 3 ) GLOBAL_UNCERTAINTY_ASSIGNED_CONTEXT ( ( #7641 ) ) GLOBAL_UNIT_ASSIGNED_CONTEXT ( ( #4834, #1904, #4981 ) ) REPRESENTATION_CONTEXT ( 'NONE', 'WORKASPACE' ) );
#6877 = COLOUR_RGB ( '',1.000000000000000000, 1.000000000000000000, 1.000000000000000000 ) ;
#6878 = ORIENTED_EDGE ( 'NONE', *, *, #6272, .T. ) ;
#6879 = EDGE_CURVE ( 'NONE', #9594, #817, #1011, .T. ) ;
#6880 =( LENGTH_UNIT ( ) NAMED_UNIT ( * ) SI_UNIT ( .MILLI., .METRE. ) );
#6881 = CARTESIAN_POINT ( 'NONE',  ( 0.2000000000000004274, 0.0000000000000000000, 0.9099999999999996980 ) ) ;
#6882 = VERTEX_POINT ( 'NONE', #6900 ) ;
#6883 =( NAMED_UNIT ( * ) SI_UNIT ( $, .STERADIAN. ) SOLID_ANGLE_UNIT ( ) );
#6884 = AXIS2_PLACEMENT_3D ( 'NONE', #5373, #8462, #339 ) ;
#6885 =( GEOMETRIC_REPRESENTATION_CONTEXT ( 3 ) GLOBAL_UNCERTAINTY_ASSIGNED_CONTEXT ( ( #8269 ) ) GLOBAL_UNIT_ASSIGNED_CONTEXT ( ( #4480, #627, #5272 ) ) REPRESENTATION_CONTEXT ( 'NONE', 'WORKASPACE' ) );
#6886 = ORIENTED_EDGE ( 'NONE', *, *, #4966, .F. ) ;
#6887 = DIRECTION ( 'NONE',  ( -0.0000000000000000000, 1.000000000000000000, -0.0000000000000000000 ) ) ;
#6888 = CARTESIAN_POINT ( 'NONE',  ( 0.6594899919068388794, 0.5499999999999999334, 0.2526761605932171251 ) ) ;
#6889 = FILL_AREA_STYLE ('',( #9161 ) ) ;
#6890 = ORIENTED_EDGE ( 'NONE', *, *, #8971, .T. ) ;
#6891 = CARTESIAN_POINT ( 'NONE',  ( 0.5864117699973127040, 0.5500000000000000444, 0.2493046228686575383 ) ) ;
#6892 = SURFACE_STYLE_USAGE ( .BOTH. , #9096 ) ;
#6893 = VERTEX_POINT ( 'NONE', #4665 ) ;
#6894 = CARTESIAN_POINT ( 'NONE',  ( -0.6808393429487180626, 0.5500000000000000444, 0.2829980832075307262 ) ) ;
#6895 = PLANE ( 'NONE',  #5717 ) ;
#6896 =( NAMED_UNIT ( * ) PLANE_ANGLE_UNIT ( ) SI_UNIT ( $, .RADIAN. ) );
#6897 =( NAMED_UNIT ( * ) SI_UNIT ( $, .STERADIAN. ) SOLID_ANGLE_UNIT ( ) );
#6898 = VECTOR ( 'NONE', #7118, 1000.000000000000000 ) ;
#6899 = CARTESIAN_POINT ( 'NONE',  ( -0.3269451014291988034, 0.5400000000000001465, 0.2865753342024141004 ) ) ;
#6900 = CARTESIAN_POINT ( 'NONE',  ( -0.2275641025641025328, 0.5500000000000000444, 0.3022288524382999442 ) ) ;
#6901 = UNCERTAINTY_MEASURE_WITH_UNIT (LENGTH_MEASURE( 1.000000000000000082E-05 ), #532, 'distance_accuracy_value', 'NONE');
#6902 = CARTESIAN_POINT ( 'NONE',  ( -0.6099999999999996536, 0.04999999999999999584, 0.1999999999999995948 ) ) ;
#6903 = VECTOR ( 'NONE', #2599, 1000.000000000000000 ) ;
#6904 = ADVANCED_FACE ( 'NONE', ( #2617 ), #800, .T. ) ;
#6905 = AXIS2_PLACEMENT_3D ( 'NONE', #3639, #4518, #5968 ) ;
#6906 = EDGE_LOOP ( 'NONE', ( #7217, #9740, #6823, #7970 ) ) ;
#6907 = VERTEX_POINT ( 'NONE', #920 ) ;
#6908 = CARTESIAN_POINT ( 'NONE',  ( 0.6794871794871798487, 0.5400000000000000355, 0.2141879870536845809 ) ) ;
#6909 = DIRECTION ( 'NONE',  ( -0.5390871699424965025, 0.0000000000000000000, 0.8422499766716469161 ) ) ;
#6910 = PLANE ( 'NONE',  #7082 ) ;
#6911 = ORIENTED_EDGE ( 'NONE', *, *, #4442, .F. ) ;
#6912 = CARTESIAN_POINT ( 'NONE',  ( 0.4198717948717952675, 0.5400000000000000355, 0.05863910884855633859 ) ) ;
#6913 = CARTESIAN_POINT ( 'NONE',  ( -0.3654466963598897444, 0.5400000000000001465, 0.2635466628742240136 ) ) ;
#6914 = VECTOR ( 'NONE', #7367, 1000.000000000000000 ) ;
#6915 =( NAMED_UNIT ( * ) SI_UNIT ( $, .STERADIAN. ) SOLID_ANGLE_UNIT ( ) );
#6916 = LINE ( 'NONE', #8797, #9675 ) ;
#6917 = PLANE ( 'NONE',  #5978 ) ;
#6918 = EDGE_CURVE ( 'NONE', #8084, #8715, #748, .T. ) ;
#6919 = CARTESIAN_POINT ( 'NONE',  ( -0.2720270742808624242, 0.5500000000000000444, 0.05567588741738955377 ) ) ;
#6920 = DIRECTION ( 'NONE',  ( 0.0000000000000000000, 0.0000000000000000000, -1.000000000000000000 ) ) ;
#6921 = DIRECTION ( 'NONE',  ( 0.0000000000000000000, -0.0000000000000000000, 1.000000000000000000 ) ) ;
#6922 = FILL_AREA_STYLE ('',( #9234 ) ) ;
#6923 = PRESENTATION_STYLE_ASSIGNMENT (( #5152 ) ) ;
#6924 = DIRECTION ( 'NONE',  ( 1.000000000000000000, 0.0000000000000000000, 0.0000000000000000000 ) ) ;
#6925 = CARTESIAN_POINT ( 'NONE',  ( -0.7067307692307693845, 0.5400000000000000355, 0.2829980832075307262 ) ) ;
#6926 = FACE_OUTER_BOUND ( 'NONE', #887, .T. ) ;
#6927 = FACE_OUTER_BOUND ( 'NONE', #7837, .T. ) ;
#6928 = AXIS2_PLACEMENT_3D ( 'NONE', #7016, #4825, #2450 ) ;
#6929 = VERTEX_POINT ( 'NONE', #160 ) ;
#6930 = CARTESIAN_POINT ( 'NONE',  ( 0.6100000000000003197, 0.1270000000000000018, 0.4999999999999994449 ) ) ;
#6931 = SURFACE_STYLE_USAGE ( .BOTH. , #853 ) ;
#6932 =( LENGTH_UNIT ( ) NAMED_UNIT ( * ) SI_UNIT ( .MILLI., .METRE. ) );
#6933 = EDGE_CURVE ( 'NONE', #4875, #3922, #6516, .T. ) ;
#6934 = CARTESIAN_POINT ( 'NONE',  ( -0.2999999999999993783, 0.1270000000000000018, -1.300000000000000266 ) ) ;
#6935 = COLOUR_RGB ( '',1.000000000000000000, 1.000000000000000000, 1.000000000000000000 ) ;
#6936 = FACE_OUTER_BOUND ( 'NONE', #9457, .T. ) ;
#6937 = PRESENTATION_STYLE_ASSIGNMENT (( #5977 ) ) ;
#6938 = CARTESIAN_POINT ( 'NONE',  ( -0.2782051964138006483, 0.5399999999999999245, 0.08304657694527442513 ) ) ;
#6939 = ORIENTED_EDGE ( 'NONE', *, *, #6022, .T. ) ;
#6940 = CARTESIAN_POINT ( 'NONE',  ( -0.8999999999999993561, 0.5500000000000000444, 1.299999999999999600 ) ) ;
#6941 = EDGE_CURVE ( 'NONE', #9773, #2947, #6286, .T. ) ;
#6942 = ORIENTED_EDGE ( 'NONE', *, *, #6427, .F. ) ;
#6943 = MECHANICAL_DESIGN_GEOMETRIC_PRESENTATION_REPRESENTATION (  '', ( #6301 ), #9185 ) ;
#6944 = ORIENTED_EDGE ( 'NONE', *, *, #7519, .T. ) ;
#6945 = DIRECTION ( 'NONE',  ( -0.0000000000000000000, -1.000000000000000000, -0.0000000000000000000 ) ) ;
#6946 =( GEOMETRIC_REPRESENTATION_CONTEXT ( 3 ) GLOBAL_UNCERTAINTY_ASSIGNED_CONTEXT ( ( #8040 ) ) GLOBAL_UNIT_ASSIGNED_CONTEXT ( ( #5786, #6592, #4391 ) ) REPRESENTATION_CONTEXT ( 'NONE', 'WORKASPACE' ) );
#6947 = CARTESIAN_POINT ( 'NONE',  ( -0.2294816308842940189, 0.5500000000000001554, 0.1190862771741552500 ) ) ;
#6948 = LINE ( 'NONE', #7351, #809 ) ;
#6949 = DIRECTION ( 'NONE',  ( -0.0000000000000000000, -1.000000000000000000, -0.0000000000000000000 ) ) ;
#6950 = PRESENTATION_STYLE_ASSIGNMENT (( #9269 ) ) ;
#6951 = PRESENTATION_LAYER_ASSIGNMENT (  '', '', ( #2875 ) ) ;
#6952 = ORIENTED_EDGE ( 'NONE', *, *, #2848, .T. ) ;
#6953 = ADVANCED_FACE ( 'NONE', ( #2344 ), #993, .T. ) ;
#6954 = DIRECTION ( 'NONE',  ( 0.0000000000000000000, 1.000000000000000000, 0.0000000000000000000 ) ) ;
#6955 = VERTEX_POINT ( 'NONE', #4930 ) ;
#6956 = CARTESIAN_POINT ( 'NONE',  ( -0.2243589743589743390, 0.5500000000000000444, 0.1582985639767614805 ) ) ;
#6957 = MECHANICAL_DESIGN_GEOMETRIC_PRESENTATION_REPRESENTATION (  '', ( #7159 ), #5092 ) ;
#6958 = CARTESIAN_POINT ( 'NONE',  ( -0.4145602984614626396, 0.5400000000000001465, 0.03984600531921451277 ) ) ;
#6959 = FACE_OUTER_BOUND ( 'NONE', #5228, .T. ) ;
#6961 = LINE ( 'NONE', #5874, #8044 ) ;
#6960 = SURFACE_SIDE_STYLE ('',( #5197 ) ) ;
#6962 =( LENGTH_UNIT ( ) NAMED_UNIT ( * ) SI_UNIT ( .MILLI., .METRE. ) );
#6963 = PLANE ( 'NONE',  #4076 ) ;
#6964 = ORIENTED_EDGE ( 'NONE', *, *, #6824, .T. ) ;
#6965 = DIRECTION ( 'NONE',  ( 0.0000000000000000000, 0.0000000000000000000, 1.000000000000000000 ) ) ;
#6966 = PLANE ( 'NONE',  #7862 ) ;
#6967 = PRESENTATION_LAYER_ASSIGNMENT (  '', '', ( #837 ) ) ;
#6968 = LINE ( 'NONE', #6871, #3158 ) ;
#6969 = DIRECTION ( 'NONE',  ( -1.000000000000000000, 0.0000000000000000000, -0.0000000000000000000 ) ) ;
#6970 = LINE ( 'NONE', #7741, #6847 ) ;
#6971 =( NAMED_UNIT ( * ) PLANE_ANGLE_UNIT ( ) SI_UNIT ( $, .RADIAN. ) );
#6972 =( NAMED_UNIT ( * ) PLANE_ANGLE_UNIT ( ) SI_UNIT ( $, .RADIAN. ) );
#6973 = CARTESIAN_POINT ( 'NONE',  ( -0.3736136133498473844, 0.5499999999999999334, 0.02761156548423097934 ) ) ;
#6974 = PRESENTATION_STYLE_ASSIGNMENT (( #8138 ) ) ;
#6975 = ORIENTED_EDGE ( 'NONE', *, *, #4827, .F. ) ;
#6976 =( LENGTH_UNIT ( ) NAMED_UNIT ( * ) SI_UNIT ( .MILLI., .METRE. ) );
#6977 = MECHANICAL_DESIGN_GEOMETRIC_PRESENTATION_REPRESENTATION (  '', ( #7115 ), #934 ) ;
#6978 = CARTESIAN_POINT ( 'NONE',  ( 0.6999999999999998446, 0.05000000000000000278, 1.299999999999999600 ) ) ;
#6979 = EDGE_CURVE ( 'NONE', #5040, #9305, #3079, .T. ) ;
#6980 = CARTESIAN_POINT ( 'NONE',  ( -0.05128205128205132191, 0.5400000000000000355, 0.1355621857716332868 ) ) ;
#6981 = ORIENTED_EDGE ( 'NONE', *, *, #4515, .T. ) ;
#6982 = DIRECTION ( 'NONE',  ( 0.0000000000000000000, 0.0000000000000000000, -1.000000000000000000 ) ) ;
#6983 = CARTESIAN_POINT ( 'NONE',  ( -0.6100000000000000977, 0.0000000000000000000, -0.2000000000000003997 ) ) ;
#6984 =( NAMED_UNIT ( * ) PLANE_ANGLE_UNIT ( ) SI_UNIT ( $, .RADIAN. ) );
#6985 = UNCERTAINTY_MEASURE_WITH_UNIT (LENGTH_MEASURE( 1.000000000000000082E-05 ), #9708, 'distance_accuracy_value', 'NONE');
#6986 = CARTESIAN_POINT ( 'NONE',  ( -0.2244689470247067387, 0.5500000000000000444, 0.1537515091200723216 ) ) ;
#6987 = CARTESIAN_POINT ( 'NONE',  ( -0.4697869025202104365, 0.5500000000000000444, 0.09215993506739025842 ) ) ;
#6988 = EDGE_LOOP ( 'NONE', ( #4761, #3084, #1406, #1073 ) ) ;
#6989 = VECTOR ( 'NONE', #1865, 999.9999999999998863 ) ;
#6990 = DIRECTION ( 'NONE',  ( -0.0000000000000000000, -1.000000000000000000, -0.0000000000000000000 ) ) ;
#6991 = VECTOR ( 'NONE', #9737, 1000.000000000000000 ) ;
#6992 = EDGE_LOOP ( 'NONE', ( #4297, #8808, #4396, #2318 ) ) ;
#6993 = EDGE_CURVE ( 'NONE', #817, #4746, #7355, .T. ) ;
#6994 = DIRECTION ( 'NONE',  ( -0.0000000000000000000, -1.000000000000000000, -0.0000000000000000000 ) ) ;
#6995 = ORIENTED_EDGE ( 'NONE', *, *, #3555, .T. ) ;
#6996 = DIRECTION ( 'NONE',  ( -0.0000000000000000000, -1.000000000000000000, -0.0000000000000000000 ) ) ;
#6997 = LINE ( 'NONE', #4755, #8323 ) ;
#6998 = EDGE_CURVE ( 'NONE', #3219, #5938, #4288, .T. ) ;
#6999 = CARTESIAN_POINT ( 'NONE',  ( 0.5687990806926608300, 0.5500000000000003775, 0.1519580545729448950 ) ) ;
#7000 = CARTESIAN_POINT ( 'NONE',  ( -0.05128205128205132191, 0.5500000000000000444, 0.1612032114126589200 ) ) ;
#7001 = SURFACE_SIDE_STYLE ('',( #5158 ) ) ;
#7002 = MECHANICAL_DESIGN_GEOMETRIC_PRESENTATION_REPRESENTATION (  '', ( #9567 ), #9702 ) ;
#7003 = ORIENTED_EDGE ( 'NONE', *, *, #4515, .F. ) ;
#7004 = CARTESIAN_POINT ( 'NONE',  ( 0.6673038874701531231, 0.5400000000000000355, 0.2456409262948136829 ) ) ;
#7005 = STYLED_ITEM ( 'NONE', ( #1489 ), #2237 ) ;
#7006 = EDGE_LOOP ( 'NONE', ( #549, #7708, #1609, #1813 ) ) ;
#7007 = MECHANICAL_DESIGN_GEOMETRIC_PRESENTATION_REPRESENTATION (  '', ( #9251 ), #1333 ) ;
#7008 = VERTEX_POINT ( 'NONE', #7243 ) ;
#7009 = EDGE_CURVE ( 'NONE', #451, #8962, #6770, .T. ) ;
#7010 = ORIENTED_EDGE ( 'NONE', *, *, #900, .F. ) ;
#7011 = CARTESIAN_POINT ( 'NONE',  ( 0.5601958021571038504, 0.5499999999999998224, 0.1675125358679624976 ) ) ;
#7012 = AXIS2_PLACEMENT_3D ( 'NONE', #2171, #9863, #1374 ) ;
#7013 = VERTEX_POINT ( 'NONE', #1027 ) ;
#7014 =( NAMED_UNIT ( * ) PLANE_ANGLE_UNIT ( ) SI_UNIT ( $, .RADIAN. ) );
#7015 = VECTOR ( 'NONE', #4581, 1000.000000000000000 ) ;
#7016 = CARTESIAN_POINT ( 'NONE',  ( 0.4198717948717952675, 0.5400000000000000355, 0.05863910884855633859 ) ) ;
#7017 = VERTEX_POINT ( 'NONE', #8747 ) ;
#7018 =( NAMED_UNIT ( * ) PLANE_ANGLE_UNIT ( ) SI_UNIT ( $, .RADIAN. ) );
#7019 = FILL_AREA_STYLE_COLOUR ( '', #8142 ) ;
#7020 = CARTESIAN_POINT ( 'NONE',  ( -0.4829242640172842771, 0.5400000000000000355, 0.1243361684839419251 ) ) ;
#7021 = FILL_AREA_STYLE ('',( #191 ) ) ;
#7022 =( NAMED_UNIT ( * ) SI_UNIT ( $, .STERADIAN. ) SOLID_ANGLE_UNIT ( ) );
#7023 = ORIENTED_EDGE ( 'NONE', *, *, #8352, .T. ) ;
#7024 = DIRECTION ( 'NONE',  ( -0.0000000000000000000, -1.000000000000000000, -0.0000000000000000000 ) ) ;
#7025 = UNCERTAINTY_MEASURE_WITH_UNIT (LENGTH_MEASURE( 1.000000000000000082E-05 ), #6152, 'distance_accuracy_value', 'NONE');
#7026 = PRESENTATION_STYLE_ASSIGNMENT (( #9844 ) ) ;
#7027 = CIRCLE ( 'NONE', #2339, 0.1000000000000001582 ) ;
#7028 = CARTESIAN_POINT ( 'NONE',  ( 0.6000000000000004219, 0.0000000000000000000, 1.009999999999999565 ) ) ;
#7029 = EDGE_LOOP ( 'NONE', ( #3034, #435, #2099, #1487, #8831, #5032 ) ) ;
#7030 = COLOUR_RGB ( '',0.6666666666666666297, 0.6941176470588235059, 0.7647058823529411242 ) ;
#7031 = CARTESIAN_POINT ( 'NONE',  ( -0.2860859347448747592, 0.5500000000000001554, 0.2699655066330169384 ) ) ;
#7032 = CARTESIAN_POINT ( 'NONE',  ( 0.5747647816677741162, 0.5500000000000003775, 0.1426036172223147380 ) ) ;
#7033 = PRESENTATION_LAYER_ASSIGNMENT (  '', '', ( #5999 ) ) ;
#7034 = DIRECTION ( 'NONE',  ( -0.0000000000000000000, -1.000000000000000000, -0.0000000000000000000 ) ) ;
#7035 = COLOUR_RGB ( '',0.6666666666666666297, 0.6941176470588235059, 0.7647058823529411242 ) ;
#7036 = CARTESIAN_POINT ( 'NONE',  ( -0.2949760420055269616, 0.5400000000000000355, 0.07010261141883536440 ) ) ;
#7037 = SURFACE_STYLE_FILL_AREA ( #9929 ) ;
#7038 = DIRECTION ( 'NONE',  ( 1.000000000000000000, -0.0000000000000000000, -0.0000000000000000000 ) ) ;
#7039 = PLANE ( 'NONE',  #2056 ) ;
#7040 = FILL_AREA_STYLE_COLOUR ( '', #5061 ) ;
#7041 = COLOUR_RGB ( '',0.6666666666666666297, 0.6941176470588235059, 0.7647058823529411242 ) ;
#7042 = CARTESIAN_POINT ( 'NONE',  ( 0.3237179487179489001, 0.5400000000000000355, 0.1740237242331717227 ) ) ;
#7043 = ADVANCED_FACE ( 'NONE', ( #1479 ), #343, .F. ) ;
#7044 = SURFACE_STYLE_USAGE ( .BOTH. , #9356 ) ;
#7045 = PRESENTATION_STYLE_ASSIGNMENT (( #1024 ) ) ;
#7046 = VECTOR ( 'NONE', #6887, 1000.000000000000000 ) ;
#7047 = VECTOR ( 'NONE', #9133, 1000.000000000000000 ) ;
#7048 = DIRECTION ( 'NONE',  ( 0.0000000000000000000, 0.0000000000000000000, -1.000000000000000000 ) ) ;
#7049 = EDGE_CURVE ( 'NONE', #8382, #1839, #3459, .T. ) ;
#7050 = CARTESIAN_POINT ( 'NONE',  ( -0.3425414864833927764, 0.5500000000000001554, 0.02691083528530775759 ) ) ;
#7051 = VECTOR ( 'NONE', #6488, 1000.000000000000000 ) ;
#7052 = CARTESIAN_POINT ( 'NONE',  ( -0.4602905428372121022, 0.5400000000000000355, 0.07754176937656888369 ) ) ;
#7053 = EDGE_CURVE ( 'NONE', #8034, #864, #3326, .T. ) ;
#7054 = CARTESIAN_POINT ( 'NONE',  ( -0.6100000000000003197, 0.0000000000000000000, 0.5999999999999996447 ) ) ;
#7055 = ORIENTED_EDGE ( 'NONE', *, *, #6551, .T. ) ;
#7056 = DIRECTION ( 'NONE',  ( 1.000000000000000000, -0.0000000000000000000, -0.0000000000000000000 ) ) ;
#7057 =( NAMED_UNIT ( * ) SI_UNIT ( $, .STERADIAN. ) SOLID_ANGLE_UNIT ( ) );
#7058 = FILL_AREA_STYLE_COLOUR ( '', #1084 ) ;
#7059 = VERTEX_POINT ( 'NONE', #8101 ) ;
#7060 = VECTOR ( 'NONE', #3911, 1000.000000000000000 ) ;
#7061 = LINE ( 'NONE', #4280, #7417 ) ;
#7062 = LINE ( 'NONE', #2701, #4328 ) ;
#7063 = CARTESIAN_POINT ( 'NONE',  ( 0.6426403141202183811, 0.5400000000000000355, 0.1400046025345051959 ) ) ;
#7064 = FACE_OUTER_BOUND ( 'NONE', #6294, .T. ) ;
#7065 = EDGE_LOOP ( 'NONE', ( #9877, #9643, #643, #946 ) ) ;
#7066 = MECHANICAL_DESIGN_GEOMETRIC_PRESENTATION_REPRESENTATION (  '', ( #7581 ), #3636 ) ;
#7067 = CIRCLE ( 'NONE', #4377, 0.1000000000000001027 ) ;
#7068 = ORIENTED_EDGE ( 'NONE', *, *, #1787, .T. ) ;
#7069 = CARTESIAN_POINT ( 'NONE',  ( 0.5559224781836688001, 0.5500000000000004885, 0.1767742904293165551 ) ) ;
#7070 = CARTESIAN_POINT ( 'NONE',  ( 0.6018629807692312816, 0.5500000000000000444, 0.1411711601306076258 ) ) ;
#7071 = ORIENTED_EDGE ( 'NONE', *, *, #3452, .T. ) ;
#7072 = AXIS2_PLACEMENT_3D ( 'NONE', #1188, #4897, #276 ) ;
#7073 = EDGE_CURVE ( 'NONE', #6593, #4954, #1229, .T. ) ;
#7074 = ORIENTED_EDGE ( 'NONE', *, *, #6662, .T. ) ;
#7075 = CARTESIAN_POINT ( 'NONE',  ( 0.7017156782827406181, 0.5400000000000000355, 0.2052444716271484282 ) ) ;
#7076 = EDGE_CURVE ( 'NONE', #6128, #2571, #3796, .T. ) ;
#7077 = CARTESIAN_POINT ( 'NONE',  ( -0.4466829999810238983, 0.5400000000000001465, 0.09902748658629140222 ) ) ;
#7078 =( NAMED_UNIT ( * ) PLANE_ANGLE_UNIT ( ) SI_UNIT ( $, .RADIAN. ) );
#7079 = CARTESIAN_POINT ( 'NONE',  ( 0.6996282744567537959, 0.5499999999999999334, 0.2332456004709650421 ) ) ;
#7080 = STYLED_ITEM ( 'NONE', ( #3910 ), #31 ) ;
#7081 = VERTEX_POINT ( 'NONE', #6396 ) ;
#7082 = AXIS2_PLACEMENT_3D ( 'NONE', #2300, #5427, #9187 ) ;
#7083 = B_SPLINE_CURVE_WITH_KNOTS ( 'NONE', 3,
 ( #5707, #4916, #4881, #3359, #7162, #7998, #7194, #2629, #4176, #289, #3429, #8775, #9522, #4610, #1384, #8231, #5346, #5831, #8151 ),
 .UNSPECIFIED., .F., .F.,
 ( 4, 1, 1, 1, 1, 1, 1, 1, 1, 1, 1, 1, 1, 1, 1, 1, 4 ),
 ( 0.0000000000000000000, 0.07059928943359181086, 0.1379009210036204747, 0.2031961978097328592, 0.2667897246502615727, 0.3291063872214228803, 0.3906535452348602333, 0.4526530569344811017, 0.5157480403003729119, 0.5779263408004540192, 0.6389300116184469802, 0.6983507176418226603, 0.7572960374442722076, 0.8163937673501531211, 0.8762669096141291192, 0.9368171089060843837, 0.9999999999999998890 ),
 .UNSPECIFIED. ) ;
#7084 = CARTESIAN_POINT ( 'NONE',  ( -0.2833032852564102422, 0.5400000000000000355, 0.2682745255152230168 ) ) ;
#7085 = PRESENTATION_LAYER_ASSIGNMENT (  '', '', ( #5214 ) ) ;
#7086 = CARTESIAN_POINT ( 'NONE',  ( -0.1506410256410256887, 0.5400000000000000355, 0.1355621857716332868 ) ) ;
#7087 = CARTESIAN_POINT ( 'NONE',  ( 0.6100000000000003197, 0.0000000000000000000, 0.4999999999999994449 ) ) ;
#7088 = VECTOR ( 'NONE', #1889, 1000.000000000000000 ) ;
#7089 = FILL_AREA_STYLE ('',( #7160 ) ) ;
#7090 = SURFACE_STYLE_USAGE ( .BOTH. , #3163 ) ;
#7091 =( LENGTH_UNIT ( ) NAMED_UNIT ( * ) SI_UNIT ( .MILLI., .METRE. ) );
#7092 = DIRECTION ( 'NONE',  ( 0.0000000000000000000, 0.0000000000000000000, 1.000000000000000000 ) ) ;
#7093 = CARTESIAN_POINT ( 'NONE',  ( -0.4429625110142100808, 0.5500000000000001554, 0.05883124170473836428 ) ) ;
#7094 =( LENGTH_UNIT ( ) NAMED_UNIT ( * ) SI_UNIT ( .MILLI., .METRE. ) );
#7095 = ORIENTED_EDGE ( 'NONE', *, *, #1249, .T. ) ;
#7096 = DIRECTION ( 'NONE',  ( -0.0000000000000000000, -1.000000000000000000, -0.0000000000000000000 ) ) ;
#7097 =( NAMED_UNIT ( * ) PLANE_ANGLE_UNIT ( ) SI_UNIT ( $, .RADIAN. ) );
#7098 = CARTESIAN_POINT ( 'NONE',  ( 0.5698381868868355182, 0.5499999999999999334, 0.2677609971160308522 ) ) ;
#7099 = PRESENTATION_LAYER_ASSIGNMENT (  '', '', ( #518 ) ) ;
#7100 = DIRECTION ( 'NONE',  ( 0.0000000000000000000, 0.0000000000000000000, 1.000000000000000000 ) ) ;
#7101 = FILL_AREA_STYLE_COLOUR ( '', #5693 ) ;
#7102 = PRESENTATION_STYLE_ASSIGNMENT (( #9290 ) ) ;
#7103 =( GEOMETRIC_REPRESENTATION_CONTEXT ( 3 ) GLOBAL_UNCERTAINTY_ASSIGNED_CONTEXT ( ( #3918 ) ) GLOBAL_UNIT_ASSIGNED_CONTEXT ( ( #8957, #2934, #5899 ) ) REPRESENTATION_CONTEXT ( 'NONE', 'WORKASPACE' ) );
#7104 = ORIENTED_EDGE ( 'NONE', *, *, #3440, .T. ) ;
#7105 = CARTESIAN_POINT ( 'NONE',  ( -0.1730769230769231282, 0.5400000000000000355, 0.2829980832075307262 ) ) ;
#7106 = VECTOR ( 'NONE', #1992, 1000.000000000000000 ) ;
#7107 = ADVANCED_FACE ( 'NONE', ( #4745 ), #576, .T. ) ;
#7108 = UNCERTAINTY_MEASURE_WITH_UNIT (LENGTH_MEASURE( 1.000000000000000082E-05 ), #6976, 'distance_accuracy_value', 'NONE');
#7109 = CARTESIAN_POINT ( 'NONE',  ( 0.9100000000000002531, 0.0000000000000000000, 0.6999999999999997335 ) ) ;
#7110 = DIRECTION ( 'NONE',  ( -0.0000000000000000000, 1.000000000000000000, -0.0000000000000000000 ) ) ;
#7111 = CARTESIAN_POINT ( 'NONE',  ( -0.3908161283656435003, 0.5499999999999999334, 0.05771539358814824910 ) ) ;
#7112 = CARTESIAN_POINT ( 'NONE',  ( -0.2999999999999994893, 0.1270000000000000018, -1.309999999999999609 ) ) ;
#7113 = FACE_BOUND ( 'NONE', #8677, .T. ) ;
#7114 = DIRECTION ( 'NONE',  ( 0.0000000000000000000, -1.000000000000000000, 0.0000000000000000000 ) ) ;
#7115 = STYLED_ITEM ( 'NONE', ( #5869 ), #4126 ) ;
#7116 = FACE_OUTER_BOUND ( 'NONE', #8047, .T. ) ;
#7117 = VERTEX_POINT ( 'NONE', #8847 ) ;
#7118 = DIRECTION ( 'NONE',  ( -0.0000000000000000000, -0.0000000000000000000, -1.000000000000000000 ) ) ;
#7119 = PLANE ( 'NONE',  #4639 ) ;
#7120 = UNCERTAINTY_MEASURE_WITH_UNIT (LENGTH_MEASURE( 1.000000000000000082E-05 ), #2227, 'distance_accuracy_value', 'NONE');
#7121 = EDGE_CURVE ( 'NONE', #4803, #935, #3557, .T. ) ;
#7122 = CARTESIAN_POINT ( 'NONE',  ( 0.5495367173850366216, 0.5500000000000000444, 0.1974933473780596804 ) ) ;
#7123 = FACE_OUTER_BOUND ( 'NONE', #2082, .T. ) ;
#7124 = DIRECTION ( 'NONE',  ( 3.336006684570783101E-16, 0.0000000000000000000, 1.000000000000000000 ) ) ;
#7125 = FACE_OUTER_BOUND ( 'NONE', #6732, .T. ) ;
#7126 = ORIENTED_EDGE ( 'NONE', *, *, #480, .F. ) ;
#7127 = DIRECTION ( 'NONE',  ( 0.0000000000000000000, 0.0000000000000000000, 1.000000000000000000 ) ) ;
#7128 = CARTESIAN_POINT ( 'NONE',  ( 0.01602564102564108667, 0.5500000000000000444, 0.08668398064342813791 ) ) ;
#7129 = CARTESIAN_POINT ( 'NONE',  ( 0.6936123898487468464, 0.5500000000000001554, 0.1774994904526919770 ) ) ;
#7130 = AXIS2_PLACEMENT_3D ( 'NONE', #6492, #1873, #3476 ) ;
#7131 =( LENGTH_UNIT ( ) NAMED_UNIT ( * ) SI_UNIT ( .MILLI., .METRE. ) );
#7132 = ORIENTED_EDGE ( 'NONE', *, *, #9373, .F. ) ;
#7133 = PRESENTATION_LAYER_ASSIGNMENT (  '', '', ( #551 ) ) ;
#7134 = CARTESIAN_POINT ( 'NONE',  ( -0.4602905428372121022, 0.5400000000000000355, 0.07754176937656888369 ) ) ;
#7135 = CARTESIAN_POINT ( 'NONE',  ( -0.3559194711538461453, 0.5400000000000000355, 0.05222885243829993723 ) ) ;
#7136 = SURFACE_STYLE_FILL_AREA ( #2609 ) ;
#7137 = ORIENTED_EDGE ( 'NONE', *, *, #6941, .F. ) ;
#7138 = CARTESIAN_POINT ( 'NONE',  ( 0.5535863920699414242, 0.5499999999999999334, 0.2426724421268349197 ) ) ;
#7139 =( GEOMETRIC_REPRESENTATION_CONTEXT ( 3 ) GLOBAL_UNCERTAINTY_ASSIGNED_CONTEXT ( ( #4837 ) ) GLOBAL_UNIT_ASSIGNED_CONTEXT ( ( #7776, #7, #3150 ) ) REPRESENTATION_CONTEXT ( 'NONE', 'WORKASPACE' ) );
#7140 = EDGE_CURVE ( 'NONE', #3265, #9695, #5031, .T. ) ;
#7141 = VERTEX_POINT ( 'NONE', #1415 ) ;
#7142 = ORIENTED_EDGE ( 'NONE', *, *, #5451, .T. ) ;
#7143 = EDGE_CURVE ( 'NONE', #1792, #4336, #8079, .T. ) ;
#7144 = CARTESIAN_POINT ( 'NONE',  ( -0.9000000000000002442, 0.05000000000000000278, -1.300000000000000266 ) ) ;
#7145 = CARTESIAN_POINT ( 'NONE',  ( -0.4871794871794872250, 0.5500000000000000444, 0.1590998460280435567 ) ) ;
#7146 = SURFACE_STYLE_USAGE ( .BOTH. , #5557 ) ;
#7148 = AXIS2_PLACEMENT_3D ( 'NONE', #1277, #3650, #773 ) ;
#7147 = VECTOR ( 'NONE', #7640, 1000.000000000000000 ) ;
#7149 = SURFACE_SIDE_STYLE ('',( #7759 ) ) ;
#7150 = CARTESIAN_POINT ( 'NONE',  ( -0.4040737230816930370, 0.5400000000000002576, 0.06303048445244230358 ) ) ;
#7151 = MECHANICAL_DESIGN_GEOMETRIC_PRESENTATION_REPRESENTATION (  '', ( #4330 ), #5788 ) ;
#7152 = DIRECTION ( 'NONE',  ( 0.0000000000000000000, 0.0000000000000000000, 1.000000000000000000 ) ) ;
#7153 =( GEOMETRIC_REPRESENTATION_CONTEXT ( 3 ) GLOBAL_UNCERTAINTY_ASSIGNED_CONTEXT ( ( #6901 ) ) GLOBAL_UNIT_ASSIGNED_CONTEXT ( ( #532, #1309, #4428 ) ) REPRESENTATION_CONTEXT ( 'NONE', 'WORKASPACE' ) );
#7154 = B_SPLINE_SURFACE_WITH_KNOTS ( 'NONE', 3, 1, ( 
 ( #7440, #1315 ),
 ( #2080, #9718 ),
 ( #4350, #8143 ),
 ( #8205, #9649 ),
 ( #5062, #446 ),
 ( #8972, #5825 ),
 ( #1223, #6605 ),
 ( #9677, #7380 ),
 ( #9745, #5091 ),
 ( #5161, #476 ),
 ( #1250, #5855 ),
 ( #2849, #8178 ),
 ( #8948, #5116 ),
 ( #4501, #1423 ),
 ( #7573, #2218 ),
 ( #613, #4434 ),
 ( #3016, #3782 ),
 ( #6767, #6801 ),
 ( #9074, #5991 ) ),
 .UNSPECIFIED., .F., .F., .F.,
 ( 4, 1, 1, 1, 1, 1, 1, 1, 1, 1, 1, 1, 1, 1, 1, 1, 4 ),
 ( 2, 2 ),
 ( 0.0000000000000000000, 0.07059928943359181086, 0.1379009210036204747, 0.2031961978097328592, 0.2667897246502615727, 0.3291063872214228803, 0.3906535452348602333, 0.4526530569344811017, 0.5157480403003729119, 0.5779263408004540192, 0.6389300116184469802, 0.6983507176418226603, 0.7572960374442722076, 0.8163937673501531211, 0.8762669096141291192, 0.9368171089060843837, 0.9999999999999998890 ),
 ( 0.0000000000000000000, 1.000000000000000000 ),
 .UNSPECIFIED. ) ;
#7155 = VECTOR ( 'NONE', #8063, 1000.000000000000000 ) ;
#7156 = VECTOR ( 'NONE', #3853, 1000.000000000000000 ) ;
#7157 =( NAMED_UNIT ( * ) SI_UNIT ( $, .STERADIAN. ) SOLID_ANGLE_UNIT ( ) );
#7158 = CARTESIAN_POINT ( 'NONE',  ( 0.1634615384615385469, 0.5400000000000000355, 0.03299808320753071927 ) ) ;
#7159 = STYLED_ITEM ( 'NONE', ( #6514 ), #752 ) ;
#7160 = FILL_AREA_STYLE_COLOUR ( '', #9555 ) ;
#7161 = ADVANCED_FACE ( 'NONE', ( #6763 ), #6125, .T. ) ;
#7162 = CARTESIAN_POINT ( 'NONE',  ( 0.6067995878281566835, 0.5499999999999999334, 0.1663899186548048470 ) ) ;
#7163 =( NAMED_UNIT ( * ) PLANE_ANGLE_UNIT ( ) SI_UNIT ( $, .RADIAN. ) );
#7164 = MECHANICAL_DESIGN_GEOMETRIC_PRESENTATION_REPRESENTATION (  '', ( #837 ), #4919 ) ;
#7165 = EDGE_LOOP ( 'NONE', ( #357, #5194, #7619, #7074 ) ) ;
#7166 = SURFACE_STYLE_USAGE ( .BOTH. , #8734 ) ;
#7167 = PRESENTATION_STYLE_ASSIGNMENT (( #5591 ) ) ;
#7168 = FILL_AREA_STYLE ('',( #4116 ) ) ;
#7169 = SURFACE_STYLE_USAGE ( .BOTH. , #7274 ) ;
#7170 = CARTESIAN_POINT ( 'NONE',  ( -0.6500000000000001332, 0.5400000000000000355, -1.050000000000000266 ) ) ;
#7171 = VECTOR ( 'NONE', #1185, 1000.000000000000000 ) ;
#7172 = CARTESIAN_POINT ( 'NONE',  ( -0.5467247596153848033, 0.5400000000000000355, 0.03299808320753071927 ) ) ;
#7173 = SURFACE_STYLE_USAGE ( .BOTH. , #6499 ) ;
#7174 = FACE_OUTER_BOUND ( 'NONE', #1426, .T. ) ;
#7175 = CARTESIAN_POINT ( 'NONE',  ( 0.5578905872090282880, 0.5499999999999999334, 0.2517788676628643918 ) ) ;
#7176 = SURFACE_STYLE_FILL_AREA ( #4398 ) ;
#7177 = STYLED_ITEM ( 'NONE', ( #1823 ), #3610 ) ;
#7178 = CARTESIAN_POINT ( 'NONE',  ( -0.09999999999999961697, 0.1270000000000000018, -1.309999999999999609 ) ) ;
#7179 = SURFACE_STYLE_FILL_AREA ( #4828 ) ;
#7180 =( LENGTH_UNIT ( ) NAMED_UNIT ( * ) SI_UNIT ( .MILLI., .METRE. ) );
#7181 = COLOUR_RGB ( '',0.6666666666666666297, 0.6941176470588235059, 0.7647058823529411242 ) ;
#7182 = ORIENTED_EDGE ( 'NONE', *, *, #2388, .F. ) ;
#7183 = CARTESIAN_POINT ( 'NONE',  ( -0.2347217249681078366, 0.5400000000000001465, 0.2112091552659720872 ) ) ;
#7184 = PRESENTATION_STYLE_ASSIGNMENT (( #914 ) ) ;
#7185 = VERTEX_POINT ( 'NONE', #4281 ) ;
#7186 = VECTOR ( 'NONE', #9041, 1000.000000000000000 ) ;
#7187 = SURFACE_STYLE_FILL_AREA ( #3942 ) ;
#7188 = CARTESIAN_POINT ( 'NONE',  ( -0.3549178685897436125, 0.5400000000000000355, 0.1804339806434281379 ) ) ;
#7189 = VECTOR ( 'NONE', #8908, 1000.000000000000000 ) ;
#7190 = ORIENTED_EDGE ( 'NONE', *, *, #605, .F. ) ;
#7191 = VECTOR ( 'NONE', #9595, 1000.000000000000000 ) ;
#7192 = ORIENTED_EDGE ( 'NONE', *, *, #1890, .T. ) ;
#7193 = VERTEX_POINT ( 'NONE', #8467 ) ;
#7194 = CARTESIAN_POINT ( 'NONE',  ( 0.5972335280741000174, 0.5500000000000000444, 0.1699805894889630797 ) ) ;
#7195 = ORIENTED_EDGE ( 'NONE', *, *, #2927, .F. ) ;
#7196 = DIRECTION ( 'NONE',  ( 0.0000000000000000000, -1.000000000000000000, 0.0000000000000000000 ) ) ;
#7197 = EDGE_CURVE ( 'NONE', #394, #2542, #8563, .T. ) ;
#7198 = PLANE ( 'NONE',  #4206 ) ;
#7199 = CARTESIAN_POINT ( 'NONE',  ( -0.6251001602564104642, 0.5400000000000000355, 0.1554940767972742832 ) ) ;
#7200 = EDGE_CURVE ( 'NONE', #7611, #3851, #9148, .T. ) ;
#7202 = VECTOR ( 'NONE', #7732, 1000.000000000000000 ) ;
#7201 = CARTESIAN_POINT ( 'NONE',  ( -0.9100000000000002531, 0.1270000000000000018, 0.6999999999999997335 ) ) ;
#7203 = DIRECTION ( 'NONE',  ( 3.336006684570783101E-16, 0.0000000000000000000, 1.000000000000000000 ) ) ;
#7204 = CARTESIAN_POINT ( 'NONE',  ( -0.3589934012199679225, 0.5400000000000000355, 0.02662570845493186442 ) ) ;
#7205 = COLOUR_RGB ( '',0.6666666666666666297, 0.6941176470588235059, 0.7647058823529411242 ) ;
#7206 = ORIENTED_EDGE ( 'NONE', *, *, #2107, .F. ) ;
#7207 =( NAMED_UNIT ( * ) PLANE_ANGLE_UNIT ( ) SI_UNIT ( $, .RADIAN. ) );
#7208 = STYLED_ITEM ( 'NONE', ( #2640 ), #5486 ) ;
#7209 = ORIENTED_EDGE ( 'NONE', *, *, #5663, .T. ) ;
#7210 =( LENGTH_UNIT ( ) NAMED_UNIT ( * ) SI_UNIT ( .MILLI., .METRE. ) );
#7211 = AXIS2_PLACEMENT_3D ( 'NONE', #9499, #2637, #7240 ) ;
#7212 = SURFACE_STYLE_FILL_AREA ( #4849 ) ;
#7213 = COLOUR_RGB ( '',1.000000000000000000, 1.000000000000000000, 1.000000000000000000 ) ;
#7214 = DIRECTION ( 'NONE',  ( -0.6320734144662611964, 0.0000000000000000000, -0.7749085099061450155 ) ) ;
#7215 = CARTESIAN_POINT ( 'NONE',  ( 0.5480769230769235723, 0.5400000000000001465, 0.2132865447459922903 ) ) ;
#7216 = ADVANCED_FACE ( 'NONE', ( #6274 ), #2354, .F. ) ;
#7217 = ORIENTED_EDGE ( 'NONE', *, *, #3354, .F. ) ;
#7218 = CARTESIAN_POINT ( 'NONE',  ( 0.6564367818508322072, 0.5400000000000001465, 0.1440115573824928275 ) ) ;
#7219 = EDGE_CURVE ( 'NONE', #8065, #880, #994, .T. ) ;
#7220 = CARTESIAN_POINT ( 'NONE',  ( -0.6100000000000000977, 0.05000000000000000278, -0.3000000000000005995 ) ) ;
#7221 = VECTOR ( 'NONE', #3209, 1000.000000000000114 ) ;
#7222 = CARTESIAN_POINT ( 'NONE',  ( -0.2999999999999994893, 0.5500000000000000444, -1.300000000000000266 ) ) ;
#7223 = PRESENTATION_LAYER_ASSIGNMENT (  '', '', ( #2622 ) ) ;
#7224 = SURFACE_STYLE_FILL_AREA ( #3822 ) ;
#7225 = PRESENTATION_LAYER_ASSIGNMENT (  '', '', ( #3649 ) ) ;
#7226 = B_SPLINE_CURVE_WITH_KNOTS ( 'NONE', 3,
 ( #95, #4838, #7903, #3343, #196, #5584, #1732, #7098, #991, #6360, #7138, #1764, #312, #3781, #6291 ),
 .UNSPECIFIED., .F., .F.,
 ( 4, 1, 1, 1, 1, 1, 1, 1, 1, 1, 1, 1, 4 ),
 ( 0.0000000000000000000, 0.08433472199262716240, 0.1670523184160737085, 0.2495660772409653561, 0.3327404818018459554, 0.4159148863627268877, 0.4978280095399953975, 0.5803725886080511875, 0.6646001210565033457, 0.7494666931126172660, 0.8325102339401407869, 0.9156392816681743207, 1.000000000000000000 ),
 .UNSPECIFIED. ) ;
#7227 = DIRECTION ( 'NONE',  ( -0.0000000000000000000, 1.000000000000000000, -0.0000000000000000000 ) ) ;
#7228 = DIRECTION ( 'NONE',  ( 0.0000000000000000000, 1.000000000000000000, 0.0000000000000000000 ) ) ;
#7229 = FACE_OUTER_BOUND ( 'NONE', #6630, .T. ) ;
#7230 = ORIENTED_EDGE ( 'NONE', *, *, #5973, .F. ) ;
#7231 =( LENGTH_UNIT ( ) NAMED_UNIT ( * ) SI_UNIT ( .MILLI., .METRE. ) );
#7232 = CARTESIAN_POINT ( 'NONE',  ( 0.4423076923076926792, 0.5400000000000000355, 0.03299808320753071927 ) ) ;
#7233 = CARTESIAN_POINT ( 'NONE',  ( -0.2552127161217210838, 0.5500000000000001554, 0.2004637907756898207 ) ) ;
#7234 = FILL_AREA_STYLE_COLOUR ( '', #7480 ) ;
#7235 = FILL_AREA_STYLE_COLOUR ( '', #8712 ) ;
#7236 = SURFACE_STYLE_USAGE ( .BOTH. , #955 ) ;
#7237 = SURFACE_STYLE_USAGE ( .BOTH. , #2601 ) ;
#7238 = COLOUR_RGB ( '',0.6666666666666666297, 0.6941176470588235059, 0.7647058823529411242 ) ;
#7239 = ORIENTED_EDGE ( 'NONE', *, *, #6238, .T. ) ;
#7240 = DIRECTION ( 'NONE',  ( 0.0000000000000000000, 0.0000000000000000000, -1.000000000000000000 ) ) ;
#7241 = UNCERTAINTY_MEASURE_WITH_UNIT (LENGTH_MEASURE( 1.000000000000000082E-05 ), #4517, 'distance_accuracy_value', 'NONE');
#7242 = AXIS2_PLACEMENT_3D ( 'NONE', #2199, #3699, #9055 ) ;
#7243 = CARTESIAN_POINT ( 'NONE',  ( 0.7019230769230774269, 0.5500000000000000444, 0.2128358235921461172 ) ) ;
#7244 =( GEOMETRIC_REPRESENTATION_CONTEXT ( 3 ) GLOBAL_UNCERTAINTY_ASSIGNED_CONTEXT ( ( #1546 ) ) GLOBAL_UNIT_ASSIGNED_CONTEXT ( ( #29, #2396, #4702 ) ) REPRESENTATION_CONTEXT ( 'NONE', 'WORKASPACE' ) );
#7245 = VERTEX_POINT ( 'NONE', #7737 ) ;
#7246 = CARTESIAN_POINT ( 'NONE',  ( -0.2999999999999994893, 0.1270000000000000018, 1.309999999999999609 ) ) ;
#7247 = CYLINDRICAL_SURFACE ( 'NONE', #590, 0.1000000000000001027 ) ;
#7248 = CARTESIAN_POINT ( 'NONE',  ( -0.7067307692307693845, 0.5500000000000000444, 0.2829980832075307262 ) ) ;
#7249 = LINE ( 'NONE', #9838, #2953 ) ;
#7250 = EDGE_LOOP ( 'NONE', ( #7230, #5447, #1168, #803 ) ) ;
#7251 = CARTESIAN_POINT ( 'NONE',  ( 0.6099999999999998757, 0.0000000000000000000, 0.2999999999999997113 ) ) ;
#7252 = SURFACE_SIDE_STYLE ('',( #2298 ) ) ;
#7253 = DIRECTION ( 'NONE',  ( 0.0000000000000000000, -0.0000000000000000000, -1.000000000000000000 ) ) ;
#7254 = EDGE_LOOP ( 'NONE', ( #2577, #9157, #9402, #5793 ) ) ;
#7255 = DIRECTION ( 'NONE',  ( 1.000000000000000000, 0.0000000000000000000, 0.0000000000000000000 ) ) ;
#7256 = PRESENTATION_STYLE_ASSIGNMENT (( #9918 ) ) ;
#7257 = EDGE_LOOP ( 'NONE', ( #3328, #3764, #6886, #1974 ) ) ;
#7258 =( NAMED_UNIT ( * ) PLANE_ANGLE_UNIT ( ) SI_UNIT ( $, .RADIAN. ) );
#7259 = VERTEX_POINT ( 'NONE', #6894 ) ;
#7260 = EDGE_CURVE ( 'NONE', #7081, #9300, #2213, .T. ) ;
#7261 = DIRECTION ( 'NONE',  ( 0.0000000000000000000, 1.000000000000000000, 0.0000000000000000000 ) ) ;
#7262 = ORIENTED_EDGE ( 'NONE', *, *, #636, .F. ) ;
#7263 = CARTESIAN_POINT ( 'NONE',  ( -0.1730769230769231282, 0.5500000000000000444, 0.03299808320753071927 ) ) ;
#7264 = ADVANCED_FACE ( 'NONE', ( #3790 ), #6080, .F. ) ;
#7265 = ORIENTED_EDGE ( 'NONE', *, *, #2205, .T. ) ;
#7266 = FILL_AREA_STYLE_COLOUR ( '', #4572 ) ;
#7267 = CARTESIAN_POINT ( 'NONE',  ( 0.6496274975566153076, 0.5400000000000000355, 0.1700006404986457165 ) ) ;
#7268 = PLANE ( 'NONE',  #9626 ) ;
#7269 = PRESENTATION_LAYER_ASSIGNMENT (  '', '', ( #6735 ) ) ;
#7270 = CARTESIAN_POINT ( 'NONE',  ( -0.2476373699108612159, 0.5499999999999998224, 0.1433488965953990668 ) ) ;
#7271 = EDGE_LOOP ( 'NONE', ( #2885, #7988, #7753, #3225 ) ) ;
#7272 = DIRECTION ( 'NONE',  ( 0.0000000000000000000, 0.0000000000000000000, -1.000000000000000000 ) ) ;
#7273 =( GEOMETRIC_REPRESENTATION_CONTEXT ( 3 ) GLOBAL_UNCERTAINTY_ASSIGNED_CONTEXT ( ( #4074 ) ) GLOBAL_UNIT_ASSIGNED_CONTEXT ( ( #9559, #2704, #3472 ) ) REPRESENTATION_CONTEXT ( 'NONE', 'WORKASPACE' ) );
#7274 = SURFACE_SIDE_STYLE ('',( #9227 ) ) ;
#7275 = B_SPLINE_SURFACE_WITH_KNOTS ( 'NONE', 3, 1, ( 
 ( #3748, #8169 ),
 ( #3605, #603 ),
 ( #3672, #7399 ),
 ( #4488, #2942 ),
 ( #7430, #9837 ),
 ( #5147, #5974 ),
 ( #7493, #1266 ),
 ( #5908, #8301 ),
 ( #9736, #2170 ),
 ( #2904, #7531 ),
 ( #8938, #5244 ) ),
 .UNSPECIFIED., .F., .F., .F.,
 ( 4, 1, 1, 1, 1, 1, 1, 1, 4 ),
 ( 2, 2 ),
 ( 0.0000000000000000000, 0.1325868341022107266, 0.2622473938845547581, 0.3884718013410976001, 0.5137507825547951157, 0.6357587077740066706, 0.7577484178707885043, 0.8786953314398519010, 1.000000000000000000 ),
 ( 0.0000000000000000000, 1.000000000000000000 ),
 .UNSPECIFIED. ) ;
#7276 = EDGE_LOOP ( 'NONE', ( #1735, #2361, #6061, #5851, #6464, #4748 ) ) ;
#7277 =( NAMED_UNIT ( * ) SI_UNIT ( $, .STERADIAN. ) SOLID_ANGLE_UNIT ( ) );
#7278 = AXIS2_PLACEMENT_3D ( 'NONE', #9774, #8942, #503 ) ;
#7279 = EDGE_CURVE ( 'NONE', #724, #1720, #5683, .T. ) ;
#7280 =( NAMED_UNIT ( * ) PLANE_ANGLE_UNIT ( ) SI_UNIT ( $, .RADIAN. ) );
#7281 = ORIENTED_EDGE ( 'NONE', *, *, #2924, .F. ) ;
#7282 = EDGE_CURVE ( 'NONE', #814, #2406, #7602, .T. ) ;
#7283 = DIRECTION ( 'NONE',  ( 0.0000000000000000000, -0.0000000000000000000, 1.000000000000000000 ) ) ;
#7284 = EDGE_CURVE ( 'NONE', #1235, #5154, #9753, .T. ) ;
#7285 = CARTESIAN_POINT ( 'NONE',  ( -0.2467948717948718063, 0.5400000000000000355, 0.1576475223100948231 ) ) ;
#7286 = ORIENTED_EDGE ( 'NONE', *, *, #7197, .F. ) ;
#7287 = PRESENTATION_LAYER_ASSIGNMENT (  '', '', ( #9319 ) ) ;
#7288 = LINE ( 'NONE', #4079, #1497 ) ;
#7289 = CARTESIAN_POINT ( 'NONE',  ( 0.9100000000000002531, 0.1270000000000000018, 0.4999999999999994449 ) ) ;
#7290 = ORIENTED_EDGE ( 'NONE', *, *, #7839, .F. ) ;
#7291 = AXIS2_PLACEMENT_3D ( 'NONE', #8068, #2773, #3513 ) ;
#7292 = VECTOR ( 'NONE', #4738, 1000.000000000000000 ) ;
#7293 = CARTESIAN_POINT ( 'NONE',  ( -0.9100000000000002531, 0.1270000000000000018, 0.2999999999999997113 ) ) ;
#7294 = B_SPLINE_CURVE_WITH_KNOTS ( 'NONE', 3,
 ( #818, #6099, #3183, #2293, #8522, #5454, #857, #9313, #6236, #754, #5331, #7646, #3083, #6136, #2581, #1743, #6332, #8615, #6369 ),
 .UNSPECIFIED., .F., .F.,
 ( 4, 1, 1, 1, 1, 1, 1, 1, 1, 1, 1, 1, 1, 1, 1, 1, 4 ),
 ( 0.0000000000000000000, 0.07059928943359181086, 0.1379009210036204747, 0.2031961978097328592, 0.2667897246502615727, 0.3291063872214228803, 0.3906535452348602333, 0.4526530569344811017, 0.5157480403003729119, 0.5779263408004540192, 0.6389300116184469802, 0.6983507176418226603, 0.7572960374442722076, 0.8163937673501531211, 0.8762669096141291192, 0.9368171089060843837, 0.9999999999999998890 ),
 .UNSPECIFIED. ) ;
#7295 = SURFACE_STYLE_FILL_AREA ( #2675 ) ;
#7296 = VECTOR ( 'NONE', #9868, 1000.000000000000227 ) ;
#7297 = CARTESIAN_POINT ( 'NONE',  ( 0.1000000000000004774, 0.04999999999999999584, 1.009999999999999343 ) ) ;
#7298 = LINE ( 'NONE', #8175, #6800 ) ;
#7299 = CARTESIAN_POINT ( 'NONE',  ( -0.6100000000000003197, 0.0000000000000000000, 0.5999999999999996447 ) ) ;
#7300 = PRESENTATION_STYLE_ASSIGNMENT (( #7498 ) ) ;
#7301 = DIRECTION ( 'NONE',  ( -1.668003342285391551E-16, 0.0000000000000000000, -1.000000000000000000 ) ) ;
#7302 = SURFACE_STYLE_FILL_AREA ( #908 ) ;
#7303 = MECHANICAL_DESIGN_GEOMETRIC_PRESENTATION_REPRESENTATION (  '', ( #2501 ), #7805 ) ;
#7304 = PRESENTATION_STYLE_ASSIGNMENT (( #1882 ) ) ;
#7305 = LINE ( 'NONE', #4822, #3243 ) ;
#7306 = DIRECTION ( 'NONE',  ( 0.6429223081870644174, 0.0000000000000000000, 0.7659313974733098496 ) ) ;
#7307 = LINE ( 'NONE', #9267, #1166 ) ;
#7308 = VECTOR ( 'NONE', #5761, 1000.000000000000000 ) ;
#7309 = VECTOR ( 'NONE', #1766, 1000.000000000000000 ) ;
#7310 = FACE_OUTER_BOUND ( 'NONE', #6656, .T. ) ;
#7311 = UNCERTAINTY_MEASURE_WITH_UNIT (LENGTH_MEASURE( 1.000000000000000082E-05 ), #2462, 'distance_accuracy_value', 'NONE');
#7312 = ORIENTED_EDGE ( 'NONE', *, *, #7586, .T. ) ;
#7313 = SURFACE_SIDE_STYLE ('',( #9445 ) ) ;
#7314 = ADVANCED_FACE ( 'NONE', ( #867, #9391 ), #9463, .T. ) ;
#7315 = PRESENTATION_LAYER_ASSIGNMENT (  '', '', ( #6784 ) ) ;
#7316 = ORIENTED_EDGE ( 'NONE', *, *, #2411, .T. ) ;
#7317 = CARTESIAN_POINT ( 'NONE',  ( -0.9000000000000002442, 0.1270000000000000018, -1.300000000000000266 ) ) ;
#7318 = SURFACE_STYLE_USAGE ( .BOTH. , #4995 ) ;
#7319 = PRESENTATION_STYLE_ASSIGNMENT (( #2566 ) ) ;
#7320 = EDGE_CURVE ( 'NONE', #1351, #8985, #2334, .T. ) ;
#7321 = CARTESIAN_POINT ( 'NONE',  ( -0.006410256410256351053, 0.5400000000000000355, 0.03299808320753071927 ) ) ;
#7322 = ORIENTED_EDGE ( 'NONE', *, *, #6933, .F. ) ;
#7323 = ORIENTED_EDGE ( 'NONE', *, *, #4770, .T. ) ;
#7324 = EDGE_LOOP ( 'NONE', ( #2797, #6502, #1402, #1468 ) ) ;
#7325 = ORIENTED_EDGE ( 'NONE', *, *, #9864, .F. ) ;
#7326 = CARTESIAN_POINT ( 'NONE',  ( -0.4603695337105636054, 0.5399999999999999245, 0.1901287645152289763 ) ) ;
#7327 = CARTESIAN_POINT ( 'NONE',  ( 0.5705128205128209284, 0.5500000000000001554, 0.2141879870536845809 ) ) ;
#7328 = MECHANICAL_DESIGN_GEOMETRIC_PRESENTATION_REPRESENTATION (  '', ( #8983 ), #6282 ) ;
#7329 = ORIENTED_EDGE ( 'NONE', *, *, #149, .F. ) ;
#7330 = CARTESIAN_POINT ( 'NONE',  ( 0.3000000000000003775, 0.05000000000000000278, 0.0000000000000000000 ) ) ;
#7331 = SURFACE_STYLE_USAGE ( .BOTH. , #2088 ) ;
#7332 = EDGE_CURVE ( 'NONE', #4100, #8715, #859, .T. ) ;
#7333 = COLOUR_RGB ( '',0.6666666666666666297, 0.6941176470588235059, 0.7647058823529411242 ) ;
#7334 = CARTESIAN_POINT ( 'NONE',  ( -0.3559194711538461453, 0.5500000000000000444, 0.05222885243829993723 ) ) ;
#7335 = VECTOR ( 'NONE', #6568, 1000.000000000000000 ) ;
#7336 = CARTESIAN_POINT ( 'NONE',  ( 0.9000000000000000222, 0.05000000000000002359, -0.1000000000000002554 ) ) ;
#7337 = EDGE_CURVE ( 'NONE', #2912, #1915, #1332, .T. ) ;
#7338 = CARTESIAN_POINT ( 'NONE',  ( 0.1858974358974359864, 0.5400000000000000355, 0.03299808320753071927 ) ) ;
#7339 = VECTOR ( 'NONE', #4137, 1000.000000000000000 ) ;
#7340 =( GEOMETRIC_REPRESENTATION_CONTEXT ( 3 ) GLOBAL_UNCERTAINTY_ASSIGNED_CONTEXT ( ( #7311 ) ) GLOBAL_UNIT_ASSIGNED_CONTEXT ( ( #2462, #1696, #1020 ) ) REPRESENTATION_CONTEXT ( 'NONE', 'WORKASPACE' ) );
#7341 = VECTOR ( 'NONE', #2106, 1000.000000000000000 ) ;
#7342 = VERTEX_POINT ( 'NONE', #7199 ) ;
#7343 = FILL_AREA_STYLE_COLOUR ( '', #929 ) ;
#7344 = CARTESIAN_POINT ( 'NONE',  ( -0.6100000000000005418, 0.05000000000000000278, -0.5000000000000002220 ) ) ;
#7345 = PRESENTATION_LAYER_ASSIGNMENT (  '', '', ( #6442 ) ) ;
#7346 = UNCERTAINTY_MEASURE_WITH_UNIT (LENGTH_MEASURE( 1.000000000000000082E-05 ), #2071, 'distance_accuracy_value', 'NONE');
#7347 = SURFACE_STYLE_USAGE ( .BOTH. , #4991 ) ;
#7348 = EDGE_CURVE ( 'NONE', #2987, #335, #8071, .T. ) ;
#7349 = CARTESIAN_POINT ( 'NONE',  ( 0.6701949191941901640, 0.5400000000000001465, 0.1864981238332163727 ) ) ;
#7350 = ORIENTED_EDGE ( 'NONE', *, *, #8732, .T. ) ;
#7351 = CARTESIAN_POINT ( 'NONE',  ( 0.7000000000000002887, 0.1270000000000000018, 1.309999999999999387 ) ) ;
#7352 = STYLED_ITEM ( 'NONE', ( #7361 ), #1202 ) ;
#7353 = FACE_OUTER_BOUND ( 'NONE', #6708, .T. ) ;
#7354 = EDGE_LOOP ( 'NONE', ( #1444, #565, #4649, #9763, #1416, #690 ) ) ;
#7355 = B_SPLINE_CURVE_WITH_KNOTS ( 'NONE', 3,
 ( #5686, #8785, #1092, #6462, #9475, #6363, #4154, #201, #8682, #4215, #5723 ),
 .UNSPECIFIED., .F., .F.,
 ( 4, 1, 1, 1, 1, 1, 1, 1, 4 ),
 ( 0.0000000000000000000, 0.1325868341022107266, 0.2622473938845547581, 0.3884718013410976001, 0.5137507825547951157, 0.6357587077740066706, 0.7577484178707885043, 0.8786953314398519010, 1.000000000000000000 ),
 .UNSPECIFIED. ) ;
#7356 = VECTOR ( 'NONE', #4358, 1000.000000000000000 ) ;
#7357 =( NAMED_UNIT ( * ) SI_UNIT ( $, .STERADIAN. ) SOLID_ANGLE_UNIT ( ) );
#7358 = VECTOR ( 'NONE', #2932, 1000.000000000000000 ) ;
#7359 = PLANE ( 'NONE',  #4379 ) ;
#7360 = ADVANCED_FACE ( 'NONE', ( #2711 ), #7247, .T. ) ;
#7361 = PRESENTATION_STYLE_ASSIGNMENT (( #8577 ) ) ;
#7362 = EDGE_LOOP ( 'NONE', ( #5174, #3252, #8093, #8447, #2226, #701 ) ) ;
#7363 =( LENGTH_UNIT ( ) NAMED_UNIT ( * ) SI_UNIT ( .MILLI., .METRE. ) );
#7364 = CARTESIAN_POINT ( 'NONE',  ( -0.8999999999999995781, 0.05000000000000000278, 0.4999999999999995559 ) ) ;
#7365 = CARTESIAN_POINT ( 'NONE',  ( -0.3347747398481563663, 0.5499999999999999334, 0.05414826518947175177 ) ) ;
#7366 = DIRECTION ( 'NONE',  ( 0.0000000000000000000, 1.000000000000000000, 0.0000000000000000000 ) ) ;
#7367 = DIRECTION ( 'NONE',  ( -0.0000000000000000000, -1.000000000000000000, -0.0000000000000000000 ) ) ;
#7368 = AXIS2_PLACEMENT_3D ( 'NONE', #516, #2157, #596 ) ;
#7369 = ORIENTED_EDGE ( 'NONE', *, *, #7645, .T. ) ;
#7370 = FILL_AREA_STYLE_COLOUR ( '', #2023 ) ;
#7371 = ORIENTED_EDGE ( 'NONE', *, *, #3491, .T. ) ;
#7372 = CARTESIAN_POINT ( 'NONE',  ( -0.3908161283656435003, 0.5400000000000001465, 0.05771539358814824910 ) ) ;
#7373 = PLANE ( 'NONE',  #575 ) ;
#7374 = DIRECTION ( 'NONE',  ( 0.0000000000000000000, 1.000000000000000000, 0.0000000000000000000 ) ) ;
#7375 = VECTOR ( 'NONE', #5620, 1000.000000000000000 ) ;
#7376 = VERTEX_POINT ( 'NONE', #5678 ) ;
#7377 = CARTESIAN_POINT ( 'NONE',  ( 0.6447465016678133320, 0.5400000000000001465, 0.1679072760510257889 ) ) ;
#7378 = SURFACE_SIDE_STYLE ('',( #6004 ) ) ;
#7379 = ORIENTED_EDGE ( 'NONE', *, *, #6933, .T. ) ;
#7380 = CARTESIAN_POINT ( 'NONE',  ( 0.5928914680849368679, 0.5499999999999997113, 0.1725057179857588940 ) ) ;
#7381 = ORIENTED_EDGE ( 'NONE', *, *, #2752, .F. ) ;
#7382 = SURFACE_STYLE_FILL_AREA ( #1434 ) ;
#7383 = EDGE_CURVE ( 'NONE', #4149, #2938, #2200, .T. ) ;
#7384 = CARTESIAN_POINT ( 'NONE',  ( -0.4155052008847964218, 0.5499999999999997113, 0.2468007885627520326 ) ) ;
#7385 = EDGE_CURVE ( 'NONE', #5154, #4409, #739, .T. ) ;
#7386 = FILL_AREA_STYLE_COLOUR ( '', #3425 ) ;
#7387 = ORIENTED_EDGE ( 'NONE', *, *, #3108, .F. ) ;
#7388 = SURFACE_STYLE_FILL_AREA ( #6084 ) ;
#7389 = VECTOR ( 'NONE', #3934, 1000.000000000000000 ) ;
#7390 = CARTESIAN_POINT ( 'NONE',  ( -0.6100000000000000977, 0.0000000000000000000, -0.1000000000000001860 ) ) ;
#7392 =( GEOMETRIC_REPRESENTATION_CONTEXT ( 3 ) GLOBAL_UNCERTAINTY_ASSIGNED_CONTEXT ( ( #1898 ) ) GLOBAL_UNIT_ASSIGNED_CONTEXT ( ( #6407, #7958, #3426 ) ) REPRESENTATION_CONTEXT ( 'NONE', 'WORKASPACE' ) );
#7391 = SURFACE_STYLE_FILL_AREA ( #5203 ) ;
#7393 = SURFACE_STYLE_USAGE ( .BOTH. , #5809 ) ;
#7394 =( GEOMETRIC_REPRESENTATION_CONTEXT ( 3 ) GLOBAL_UNCERTAINTY_ASSIGNED_CONTEXT ( ( #2079 ) ) GLOBAL_UNIT_ASSIGNED_CONTEXT ( ( #3517, #4308, #1155 ) ) REPRESENTATION_CONTEXT ( 'NONE', 'WORKASPACE' ) );
#7395 = CARTESIAN_POINT ( 'NONE',  ( -0.09999999999999961697, 0.05000000000000000278, -1.300000000000000266 ) ) ;
#7396 = STYLED_ITEM ( 'NONE', ( #7691 ), #9005 ) ;
#7397 = CARTESIAN_POINT ( 'NONE',  ( -0.4999999999999995559, 0.0000000000000000000, 1.009999999999999565 ) ) ;
#7398 = SURFACE_STYLE_FILL_AREA ( #713 ) ;
#7399 = CARTESIAN_POINT ( 'NONE',  ( -0.3466554596789258036, 0.5500000000000000444, 0.2636838530944819459 ) ) ;
#7400 = ORIENTED_EDGE ( 'NONE', *, *, #3257, .T. ) ;
#7401 = PRESENTATION_LAYER_ASSIGNMENT (  '', '', ( #6377 ) ) ;
#7402 = ADVANCED_FACE ( 'NONE', ( #9268 ), #710, .T. ) ;
#7403 = AXIS2_PLACEMENT_3D ( 'NONE', #7654, #1645, #7690 ) ;
#7404 = CARTESIAN_POINT ( 'NONE',  ( -0.2999999999999994893, 0.1270000000000000018, -1.309999999999999609 ) ) ;
#7405 = DIRECTION ( 'NONE',  ( -0.0000000000000000000, 1.000000000000000000, -0.0000000000000000000 ) ) ;
#7406 = LINE ( 'NONE', #2684, #7171 ) ;
#7407 = UNCERTAINTY_MEASURE_WITH_UNIT (LENGTH_MEASURE( 1.000000000000000082E-05 ), #2035, 'distance_accuracy_value', 'NONE');
#7408 = LINE ( 'NONE', #9668, #6804 ) ;
#7409 = FACE_OUTER_BOUND ( 'NONE', #9721, .T. ) ;
#7410 = CARTESIAN_POINT ( 'NONE',  ( -0.2275641025641025328, 0.5400000000000000355, 0.3022288524382999442 ) ) ;
#7411 = ORIENTED_EDGE ( 'NONE', *, *, #9243, .T. ) ;
#7412 = VERTEX_POINT ( 'NONE', #4485 ) ;
#7413 = CARTESIAN_POINT ( 'NONE',  ( -0.4999999999999995559, 0.1270000000000000018, -1.300000000000000266 ) ) ;
#7414 = FACE_OUTER_BOUND ( 'NONE', #5529, .T. ) ;
#7415 = AXIS2_PLACEMENT_3D ( 'NONE', #2266, #8400, #4650 ) ;
#7416 = LINE ( 'NONE', #1878, #5371 ) ;
#7417 = VECTOR ( 'NONE', #5818, 1000.000000000000000 ) ;
#7418 = FILL_AREA_STYLE ('',( #2057 ) ) ;
#7419 = UNCERTAINTY_MEASURE_WITH_UNIT (LENGTH_MEASURE( 1.000000000000000082E-05 ), #6117, 'distance_accuracy_value', 'NONE');
#7420 = DIRECTION ( 'NONE',  ( 0.0000000000000000000, 1.000000000000000000, 0.0000000000000000000 ) ) ;
#7421 = VERTEX_POINT ( 'NONE', #5937 ) ;
#7422 = DIRECTION ( 'NONE',  ( 0.0000000000000000000, -0.0000000000000000000, 1.000000000000000000 ) ) ;
#7423 = COLOUR_RGB ( '',0.6666666666666666297, 0.6941176470588235059, 0.7647058823529411242 ) ;
#7424 = ORIENTED_EDGE ( 'NONE', *, *, #5011, .F. ) ;
#7425 = CARTESIAN_POINT ( 'NONE',  ( -0.9000000000000002442, 0.5500000000000000444, -1.300000000000000266 ) ) ;
#7426 = ORIENTED_EDGE ( 'NONE', *, *, #3325, .F. ) ;
#7427 = VECTOR ( 'NONE', #3551, 1000.000000000000000 ) ;
#7428 = SURFACE_SIDE_STYLE ('',( #8762 ) ) ;
#7429 = ORIENTED_EDGE ( 'NONE', *, *, #6560, .F. ) ;
#7430 = CARTESIAN_POINT ( 'NONE',  ( -0.3318313717727936485, 0.5399999999999998135, 0.2618643490134898721 ) ) ;
#7431 = CARTESIAN_POINT ( 'NONE',  ( -0.3974751373091746642, 0.5499999999999997113, 0.06019374753720231619 ) ) ;
#7432 = CARTESIAN_POINT ( 'NONE',  ( -0.2244791613604408820, 0.5499999999999999334, 0.1630298044208894348 ) ) ;
#7433 = ORIENTED_EDGE ( 'NONE', *, *, #9827, .T. ) ;
#7434 = CARTESIAN_POINT ( 'NONE',  ( 0.3237179487179489001, 0.5500000000000000444, 0.1996647498741973836 ) ) ;
#7435 = CARTESIAN_POINT ( 'NONE',  ( 0.6793707266886671592, 0.5499999999999999334, 0.2091314310937930632 ) ) ;
#7436 = LINE ( 'NONE', #8653, #1300 ) ;
#7437 = CARTESIAN_POINT ( 'NONE',  ( 0.1000000000000004774, 0.1270000000000000018, -1.309999999999999387 ) ) ;
#7438 = ORIENTED_EDGE ( 'NONE', *, *, #2598, .T. ) ;
#7439 = EDGE_CURVE ( 'NONE', #1226, #2280, #6518, .T. ) ;
#7440 = CARTESIAN_POINT ( 'NONE',  ( 0.6230468750000004441, 0.5400000000000000355, 0.1644083396177871415 ) ) ;
#7441 = FACE_OUTER_BOUND ( 'NONE', #3457, .T. ) ;
#7442 = B_SPLINE_SURFACE_WITH_KNOTS ( 'NONE', 3, 1, ( 
 ( #4941, #9453 ),
 ( #3355, #1043 ),
 ( #3465, #390 ),
 ( #6632, #3532 ),
 ( #7326, #453 ),
 ( #2759, #7446 ),
 ( #5095, #8209 ),
 ( #5829, #1251 ),
 ( #1988, #1171 ),
 ( #8862, #2883 ),
 ( #4299, #4318 ),
 ( #5802, #7384 ),
 ( #9617, #2851 ),
 ( #4376, #5066 ),
 ( #8083, #6663 ),
 ( #5035, #8896 ),
 ( #8979, #1959 ),
 ( #2823, #1196 ),
 ( #8148, #8183 ) ),
 .UNSPECIFIED., .F., .F., .F.,
 ( 4, 1, 1, 1, 1, 1, 1, 1, 1, 1, 1, 1, 1, 1, 1, 1, 4 ),
 ( 2, 2 ),
 ( 0.0000000000000000000, 0.06390790770570860257, 0.1257266250228222526, 0.1861562693658086187, 0.2461040826832879280, 0.3061123364554267368, 0.3668627559233623714, 0.4290835859354382165, 0.4932513481089753071, 0.5578147107893223211, 0.6207925512431075044, 0.6827460661082978000, 0.7445343957783832067, 0.8065935673314377219, 0.8693302975165226876, 0.9337426282431766644, 1.000000000000000000 ),
 ( 0.0000000000000000000, 1.000000000000000000 ),
 .UNSPECIFIED. ) ;
#7443 = DIRECTION ( 'NONE',  ( 0.0000000000000000000, -0.0000000000000000000, 1.000000000000000000 ) ) ;
#7444 = FACE_OUTER_BOUND ( 'NONE', #8947, .T. ) ;
#7445 = ORIENTED_EDGE ( 'NONE', *, *, #7279, .F. ) ;
#7446 = CARTESIAN_POINT ( 'NONE',  ( -0.4567803014464456579, 0.5499999999999993783, 0.1996829414025468596 ) ) ;
#7447 = MECHANICAL_DESIGN_GEOMETRIC_PRESENTATION_REPRESENTATION (  '', ( #9303 ), #4569 ) ;
#7448 = SURFACE_STYLE_USAGE ( .BOTH. , #1323 ) ;
#7449 = PRESENTATION_LAYER_ASSIGNMENT (  '', '', ( #4888 ) ) ;
#7450 = ADVANCED_FACE ( 'NONE', ( #8553 ), #7457, .F. ) ;
#7451 = DIRECTION ( 'NONE',  ( 0.0000000000000000000, 0.0000000000000000000, 1.000000000000000000 ) ) ;
#7452 = STYLED_ITEM ( 'NONE', ( #340 ), #8153 ) ;
#7453 = EDGE_CURVE ( 'NONE', #5216, #6643, #729, .T. ) ;
#7454 = CARTESIAN_POINT ( 'NONE',  ( -0.3012557464491095183, 0.5500000000000000444, 0.06644905542208263960 ) ) ;
#7455 =( LENGTH_UNIT ( ) NAMED_UNIT ( * ) SI_UNIT ( .MILLI., .METRE. ) );
#7456 = EDGE_LOOP ( 'NONE', ( #7823, #4184, #9731, #4459 ) ) ;
#7457 = PLANE ( 'NONE',  #7242 ) ;
#7458 = EDGE_CURVE ( 'NONE', #6439, #3265, #9257, .T. ) ;
#7459 = LINE ( 'NONE', #3535, #1211 ) ;
#7460 = UNCERTAINTY_MEASURE_WITH_UNIT (LENGTH_MEASURE( 1.000000000000000082E-05 ), #4125, 'distance_accuracy_value', 'NONE');
#7461 = PRESENTATION_LAYER_ASSIGNMENT (  '', '', ( #3058 ) ) ;
#7462 = SURFACE_STYLE_USAGE ( .BOTH. , #662 ) ;
#7463 = CARTESIAN_POINT ( 'NONE',  ( 0.9100000000000002531, 0.0000000000000000000, 0.2999999999999997113 ) ) ;
#7464 =( GEOMETRIC_REPRESENTATION_CONTEXT ( 3 ) GLOBAL_UNCERTAINTY_ASSIGNED_CONTEXT ( ( #8161 ) ) GLOBAL_UNIT_ASSIGNED_CONTEXT ( ( #919, #849, #9369 ) ) REPRESENTATION_CONTEXT ( 'NONE', 'WORKASPACE' ) );
#7465 = CARTESIAN_POINT ( 'NONE',  ( -0.6808393429487180626, 0.5400000000000000355, 0.2829980832075307262 ) ) ;
#7466 = CARTESIAN_POINT ( 'NONE',  ( -0.4225572812807564249, 0.5499999999999999334, 0.07407962274615711995 ) ) ;
#7467 = VECTOR ( 'NONE', #661, 1000.000000000000000 ) ;
#7468 = CARTESIAN_POINT ( 'NONE',  ( 0.9100000000000002531, 0.1270000000000000018, 0.09999999999999950595 ) ) ;
#7469 = PRESENTATION_LAYER_ASSIGNMENT (  '', '', ( #3391 ) ) ;
#7470 = ORIENTED_EDGE ( 'NONE', *, *, #6160, .F. ) ;
#7471 = CARTESIAN_POINT ( 'NONE',  ( 0.6496274975566153076, 0.5500000000000000444, 0.1700006404986457165 ) ) ;
#7472 = FILL_AREA_STYLE ('',( #9803 ) ) ;
#7473 = PRESENTATION_STYLE_ASSIGNMENT (( #5640 ) ) ;
#7474 = FILL_AREA_STYLE_COLOUR ( '', #3592 ) ;
#7475 = CARTESIAN_POINT ( 'NONE',  ( 0.6099999999999996536, 0.04999999999999999584, 0.1999999999999995948 ) ) ;
#7476 =( NAMED_UNIT ( * ) PLANE_ANGLE_UNIT ( ) SI_UNIT ( $, .RADIAN. ) );
#7477 = MECHANICAL_DESIGN_GEOMETRIC_PRESENTATION_REPRESENTATION (  '', ( #7669 ), #2562 ) ;
#7478 = B_SPLINE_SURFACE_WITH_KNOTS ( 'NONE', 3, 1, ( 
 ( #2251, #9900 ),
 ( #4537, #1496 ),
 ( #4574, #1427 ),
 ( #3020, #8351 ),
 ( #9928, #619 ),
 ( #8319, #9874 ),
 ( #2185, #5329 ),
 ( #6869, #3787 ),
 ( #3050, #6062 ),
 ( #719, #681 ),
 ( #1463, #3717 ),
 ( #6840, #9076 ),
 ( #7547, #6095 ),
 ( #5229, #2988 ),
 ( #7612, #2289 ),
 ( #7642, #3081 ),
 ( #8417, #8282 ),
 ( #9111, #3841 ),
 ( #9177, #5355 ) ),
 .UNSPECIFIED., .F., .F., .F.,
 ( 4, 1, 1, 1, 1, 1, 1, 1, 1, 1, 1, 1, 1, 1, 1, 1, 4 ),
 ( 2, 2 ),
 ( 0.0000000000000000000, 0.06598441069427887773, 0.1298376775260089155, 0.1923264853164005916, 0.2536425275300621673, 0.3149010679722001882, 0.3765395581448094386, 0.4394064860026818953, 0.5035731128955239777, 0.5677241768075022010, 0.6300096275864544015, 0.6913591876110215528, 0.7517408501832353318, 0.8122231072176319122, 0.8732972781823892250, 0.9357103752807189867, 1.000000000000000000 ),
 ( 0.0000000000000000000, 1.000000000000000000 ),
 .UNSPECIFIED. ) ;
#7479 =( NAMED_UNIT ( * ) SI_UNIT ( $, .STERADIAN. ) SOLID_ANGLE_UNIT ( ) );
#7480 = COLOUR_RGB ( '',1.000000000000000000, 1.000000000000000000, 1.000000000000000000 ) ;
#7481 = ORIENTED_EDGE ( 'NONE', *, *, #1602, .F. ) ;
#7482 = CARTESIAN_POINT ( 'NONE',  ( -0.2502667719635616184, 0.5400000000000000355, 0.1296569229087388420 ) ) ;
#7483 = ORIENTED_EDGE ( 'NONE', *, *, #5523, .T. ) ;
#7484 = VECTOR ( 'NONE', #8671, 1000.000000000000000 ) ;
#7485 = PLANE ( 'NONE',  #5627 ) ;
#7486 = SURFACE_STYLE_USAGE ( .BOTH. , #5932 ) ;
#7487 = CARTESIAN_POINT ( 'NONE',  ( 0.6798999066846114214, 0.5400000000000002576, 0.2673508663210545921 ) ) ;
#7488 = ORIENTED_EDGE ( 'NONE', *, *, #480, .T. ) ;
#7489 = CARTESIAN_POINT ( 'NONE',  ( -0.6776342147435898688, 0.5400000000000000355, 0.03299808320753071927 ) ) ;
#7490 = ORIENTED_EDGE ( 'NONE', *, *, #4317, .T. ) ;
#7491 = FILL_AREA_STYLE ('',( #5240 ) ) ;
#7492 =( NAMED_UNIT ( * ) SI_UNIT ( $, .STERADIAN. ) SOLID_ANGLE_UNIT ( ) );
#7493 = CARTESIAN_POINT ( 'NONE',  ( -0.3178838562897904896, 0.5399999999999999245, 0.2582351491553638856 ) ) ;
#7494 = DIRECTION ( 'NONE',  ( -0.0000000000000000000, -1.000000000000000000, -0.0000000000000000000 ) ) ;
#7495 = ORIENTED_EDGE ( 'NONE', *, *, #4068, .F. ) ;
#7496 = EDGE_CURVE ( 'NONE', #4336, #1235, #5543, .T. ) ;
#7497 = CARTESIAN_POINT ( 'NONE',  ( -0.4774672417080040865, 0.5500000000000002665, 0.1078841983245599767 ) ) ;
#7498 = SURFACE_STYLE_USAGE ( .BOTH. , #9003 ) ;
#7499 = ADVANCED_FACE ( 'NONE', ( #7591 ), #3669, .T. ) ;
#7500 = ORIENTED_EDGE ( 'NONE', *, *, #4278, .T. ) ;
#7501 = CARTESIAN_POINT ( 'NONE',  ( -0.4288735073964305422, 0.5400000000000001465, 0.2681009171543841108 ) ) ;
#7502 = CARTESIAN_POINT ( 'NONE',  ( -0.9100000000000002531, 0.1270000000000000018, -0.1000000000000001860 ) ) ;
#7503 = CARTESIAN_POINT ( 'NONE',  ( 0.5723061986144846180, 0.5400000000000002576, 0.1463853454542346499 ) ) ;
#7504 = CARTESIAN_POINT ( 'NONE',  ( 0.6794871794871798487, 0.5400000000000000355, 0.2141879870536845809 ) ) ;
#7505 = SURFACE_STYLE_FILL_AREA ( #8559 ) ;
#7506 = DIRECTION ( 'NONE',  ( 0.0000000000000000000, 0.0000000000000000000, 1.000000000000000000 ) ) ;
#7507 = EDGE_LOOP ( 'NONE', ( #399, #1506, #9470, #7685 ) ) ;
#7508 = VERTEX_POINT ( 'NONE', #2062 ) ;
#7509 = SURFACE_STYLE_USAGE ( .BOTH. , #5952 ) ;
#7510 = ORIENTED_EDGE ( 'NONE', *, *, #5247, .F. ) ;
#7511 = FACE_OUTER_BOUND ( 'NONE', #1471, .T. ) ;
#7512 = VECTOR ( 'NONE', #1625, 1000.000000000000000 ) ;
#7513 = EDGE_CURVE ( 'NONE', #6144, #7245, #1578, .T. ) ;
#7514 = CARTESIAN_POINT ( 'NONE',  ( -0.3077269799859278510, 0.5499999999999996003, 0.06309018082201317545 ) ) ;
#7515 = ORIENTED_EDGE ( 'NONE', *, *, #963, .F. ) ;
#7516 = COLOUR_RGB ( '',0.7921568627450980005, 0.8196078431372548767, 0.9333333333333333481 ) ;
#7517 =( NAMED_UNIT ( * ) SI_UNIT ( $, .STERADIAN. ) SOLID_ANGLE_UNIT ( ) );
#7518 = DIRECTION ( 'NONE',  ( -1.668003342285391551E-16, -0.0000000000000000000, -1.000000000000000000 ) ) ;
#7519 = EDGE_CURVE ( 'NONE', #2821, #6044, #6736, .T. ) ;
#7520 = PLANE ( 'NONE',  #2070 ) ;
#7521 = CARTESIAN_POINT ( 'NONE',  ( 0.6443981032528426356, 0.5499999999999999334, 0.2870576484368195236 ) ) ;
#7522 = PRESENTATION_LAYER_ASSIGNMENT (  '', '', ( #7005 ) ) ;
#7523 = CARTESIAN_POINT ( 'NONE',  ( 0.1000000000000004774, 0.1270000000000000018, -1.309999999999999387 ) ) ;
#7524 =( LENGTH_UNIT ( ) NAMED_UNIT ( * ) SI_UNIT ( .MILLI., .METRE. ) );
#7525 = MECHANICAL_DESIGN_GEOMETRIC_PRESENTATION_REPRESENTATION (  '', ( #9057 ), #8046 ) ;
#7526 = PRODUCT_DEFINITION_SHAPE ( 'NONE', 'NONE',  #3667 ) ;
#7527 = CARTESIAN_POINT ( 'NONE',  ( 0.1000000000000004774, 0.5500000000000000444, 1.299999999999999600 ) ) ;
#7528 = FACE_OUTER_BOUND ( 'NONE', #4436, .T. ) ;
#7529 = EDGE_CURVE ( 'NONE', #6091, #6044, #3783, .T. ) ;
#7530 = SURFACE_STYLE_FILL_AREA ( #3542 ) ;
#7531 = CARTESIAN_POINT ( 'NONE',  ( -0.3006820146996193599, 0.5500000000000000444, 0.2505934064937091477 ) ) ;
#7532 = CARTESIAN_POINT ( 'NONE',  ( 0.9100000000000002531, 0.1270000000000000018, -0.3000000000000005995 ) ) ;
#7533 =( GEOMETRIC_REPRESENTATION_CONTEXT ( 3 ) GLOBAL_UNCERTAINTY_ASSIGNED_CONTEXT ( ( #1505 ) ) GLOBAL_UNIT_ASSIGNED_CONTEXT ( ( #3734, #604, #9061 ) ) REPRESENTATION_CONTEXT ( 'NONE', 'WORKASPACE' ) );
#7534 = CARTESIAN_POINT ( 'NONE',  ( -0.2247155022939579527, 0.5400000000000000355, 0.1723335208761968274 ) ) ;
#7535 = CARTESIAN_POINT ( 'NONE',  ( 0.5864117699973127040, 0.5500000000000000444, 0.2493046228686575383 ) ) ;
#7536 = PLANE ( 'NONE',  #3317 ) ;
#7537 = CARTESIAN_POINT ( 'NONE',  ( 0.6506410256410261050, 0.5500000000000000444, 0.02658782679727431791 ) ) ;
#7538 = UNCERTAINTY_MEASURE_WITH_UNIT (LENGTH_MEASURE( 1.000000000000000082E-05 ), #5236, 'distance_accuracy_value', 'NONE');
#7539 = CARTESIAN_POINT ( 'NONE',  ( 0.6705379788181587974, 0.5500000000000001554, 0.2416959461214673310 ) ) ;
#7540 = LINE ( 'NONE', #7595, #2013 ) ;
#7541 = PRESENTATION_STYLE_ASSIGNMENT (( #3132 ) ) ;
#7542 =( LENGTH_UNIT ( ) NAMED_UNIT ( * ) SI_UNIT ( .MILLI., .METRE. ) );
#7543 = FACE_OUTER_BOUND ( 'NONE', #7673, .T. ) ;
#7544 = EDGE_LOOP ( 'NONE', ( #2265, #5810, #8433, #342 ) ) ;
#7545 = VECTOR ( 'NONE', #5350, 1000.000000000000000 ) ;
#7546 = EDGE_LOOP ( 'NONE', ( #2496, #43, #1919, #7794 ) ) ;
#7547 = CARTESIAN_POINT ( 'NONE',  ( -0.4724255079586302530, 0.5400000000000002576, 0.2206152815422951219 ) ) ;
#7548 = FACE_OUTER_BOUND ( 'NONE', #332, .T. ) ;
#7549 = CARTESIAN_POINT ( 'NONE',  ( -0.2782051964138006483, 0.5399999999999999245, 0.08304657694527442513 ) ) ;
#7550 = SURFACE_STYLE_FILL_AREA ( #239 ) ;
#7551 = CARTESIAN_POINT ( 'NONE',  ( -0.4567718787725331131, 0.5399999999999999245, 0.1173904182952536096 ) ) ;
#7552 = ORIENTED_EDGE ( 'NONE', *, *, #8596, .T. ) ;
#7553 = ORIENTED_EDGE ( 'NONE', *, *, #605, .T. ) ;
#7554 = CARTESIAN_POINT ( 'NONE',  ( 0.3814102564102567761, 0.5400000000000000355, 0.05863910884855633859 ) ) ;
#7555 = ORIENTED_EDGE ( 'NONE', *, *, #810, .F. ) ;
#7556 = MECHANICAL_DESIGN_GEOMETRIC_PRESENTATION_REPRESENTATION (  '', ( #5999 ), #8067 ) ;
#7557 = SURFACE_STYLE_FILL_AREA ( #4191 ) ;
#7558 = EDGE_LOOP ( 'NONE', ( #589, #9025, #2676, #8754 ) ) ;
#7559 = FILL_AREA_STYLE_COLOUR ( '', #5815 ) ;
#7560 = CARTESIAN_POINT ( 'NONE',  ( -0.2659944857593797840, 0.5500000000000002665, 0.2195183359430194214 ) ) ;
#7561 = ORIENTED_EDGE ( 'NONE', *, *, #2985, .F. ) ;
#7562 = FILL_AREA_STYLE ('',( #7370 ) ) ;
#7563 = CARTESIAN_POINT ( 'NONE',  ( 0.6755463659830874823, 0.5499999999999998224, 0.2332751043208612651 ) ) ;
#7564 = DIRECTION ( 'NONE',  ( -1.000000000000000000, 0.0000000000000000000, 0.0000000000000000000 ) ) ;
#7565 = ORIENTED_EDGE ( 'NONE', *, *, #3119, .T. ) ;
#7566 = CARTESIAN_POINT ( 'NONE',  ( -0.2999999999999997113, 0.05000000000000000278, 1.299999999999999600 ) ) ;
#7567 = CARTESIAN_POINT ( 'NONE',  ( 0.5706452893054014819, 0.5499999999999999334, 0.2191897063129311096 ) ) ;
#7568 =( NAMED_UNIT ( * ) SI_UNIT ( $, .STERADIAN. ) SOLID_ANGLE_UNIT ( ) );
#7569 = DIRECTION ( 'NONE',  ( 0.0000000000000000000, 0.0000000000000000000, -1.000000000000000000 ) ) ;
#7570 = DIRECTION ( 'NONE',  ( -1.000000000000000000, 0.0000000000000000000, 0.0000000000000000000 ) ) ;
#7571 = EDGE_CURVE ( 'NONE', #8349, #4333, #1709, .T. ) ;
#7572 = VECTOR ( 'NONE', #9389, 1000.000000000000114 ) ;
#7573 = CARTESIAN_POINT ( 'NONE',  ( 0.5724840614793942351, 0.5400000000000000355, 0.1995115957933032980 ) ) ;
#7574 = EDGE_CURVE ( 'NONE', #6005, #8480, #2825, .T. ) ;
#7575 = ORIENTED_EDGE ( 'NONE', *, *, #1144, .T. ) ;
#7576 = CARTESIAN_POINT ( 'NONE',  ( 0.6089899365247679608, 0.5400000000000001465, 0.2618087968369680607 ) ) ;
#7577 = CARTESIAN_POINT ( 'NONE',  ( -0.3347747398481563663, 0.5399999999999999245, 0.05414826518947175177 ) ) ;
#7578 = AXIS2_PLACEMENT_3D ( 'NONE', #7489, #9021, #5900 ) ;
#7579 = ORIENTED_EDGE ( 'NONE', *, *, #8141, .T. ) ;
#7580 = LINE ( 'NONE', #762, #4018 ) ;
#7581 = STYLED_ITEM ( 'NONE', ( #5621 ), #1342 ) ;
#7582 = COLOUR_RGB ( '',0.6666666666666666297, 0.6941176470588235059, 0.7647058823529411242 ) ;
#7583 = ORIENTED_EDGE ( 'NONE', *, *, #7348, .F. ) ;
#7584 = DIRECTION ( 'NONE',  ( -0.0000000000000000000, -1.000000000000000000, -0.0000000000000000000 ) ) ;
#7585 = PRESENTATION_LAYER_ASSIGNMENT (  '', '', ( #1938 ) ) ;
#7586 = EDGE_CURVE ( 'NONE', #4401, #2754, #5308, .T. ) ;
#7587 = CARTESIAN_POINT ( 'NONE',  ( 0.7016214027439442447, 0.5400000000000001465, 0.2232186928706441087 ) ) ;
#7588 = DIRECTION ( 'NONE',  ( -0.0000000000000000000, 1.000000000000000000, -0.0000000000000000000 ) ) ;
#7589 = ORIENTED_EDGE ( 'NONE', *, *, #6604, .T. ) ;
#7590 = CARTESIAN_POINT ( 'NONE',  ( 0.3960837339743593644, 0.5400000000000000355, 0.03299808320753071927 ) ) ;
#7591 = FACE_OUTER_BOUND ( 'NONE', #4034, .T. ) ;
#7592 = EDGE_CURVE ( 'NONE', #4128, #9633, #1457, .T. ) ;
#7593 = ORIENTED_EDGE ( 'NONE', *, *, #2248, .T. ) ;
#7594 = MECHANICAL_DESIGN_GEOMETRIC_PRESENTATION_REPRESENTATION (  '', ( #4714 ), #505 ) ;
#7595 = CARTESIAN_POINT ( 'NONE',  ( 0.1634615384615385469, 0.5500000000000000444, 0.03299808320753071927 ) ) ;
#7596 = AXIS2_PLACEMENT_3D ( 'NONE', #9016, #4540, #4509 ) ;
#7597 = CARTESIAN_POINT ( 'NONE',  ( -0.9000000000000000222, 0.1270000000000000018, -0.5000000000000002220 ) ) ;
#7598 = SURFACE_SIDE_STYLE ('',( #9454 ) ) ;
#7599 = FILL_AREA_STYLE_COLOUR ( '', #5362 ) ;
#7600 =( NAMED_UNIT ( * ) SI_UNIT ( $, .STERADIAN. ) SOLID_ANGLE_UNIT ( ) );
#7601 = CARTESIAN_POINT ( 'NONE',  ( -0.2267268042961156360, 0.5500000000000001554, 0.1859764298368344615 ) ) ;
#7602 = CIRCLE ( 'NONE', #1116, 0.1000000000000002276 ) ;
#7603 = LINE ( 'NONE', #9425, #5317 ) ;
#7604 = DIRECTION ( 'NONE',  ( 0.0000000000000000000, 0.0000000000000000000, 1.000000000000000000 ) ) ;
#7605 = SURFACE_STYLE_FILL_AREA ( #6669 ) ;
#7606 = ORIENTED_EDGE ( 'NONE', *, *, #6214, .F. ) ;
#7607 = CARTESIAN_POINT ( 'NONE',  ( 0.6342941286795515943, 0.5499999999999999334, 0.1652070819653184419 ) ) ;
#7608 = SURFACE_STYLE_USAGE ( .BOTH. , #4533 ) ;
#7609 = UNCERTAINTY_MEASURE_WITH_UNIT (LENGTH_MEASURE( 1.000000000000000082E-05 ), #2766, 'distance_accuracy_value', 'NONE');
#7610 = EDGE_LOOP ( 'NONE', ( #294, #8758, #8560, #9405 ) ) ;
#7611 = VERTEX_POINT ( 'NONE', #46 ) ;
#7612 = CARTESIAN_POINT ( 'NONE',  ( -0.4820648137382188003, 0.5399999999999999245, 0.1974400825875917975 ) ) ;
#7613 = ADVANCED_FACE ( 'NONE', ( #3306, #7113, #3062, #1837, #1103, #4365, #8910, #3891, #9619 ), #8457, .T. ) ;
#7614 = PRESENTATION_LAYER_ASSIGNMENT (  '', '', ( #1055 ) ) ;
#7615 = CARTESIAN_POINT ( 'NONE',  ( -0.2647371867755042296, 0.5499999999999994893, 0.09867858805755611029 ) ) ;
#7616 = ORIENTED_EDGE ( 'NONE', *, *, #4320, .T. ) ;
#7617 = CARTESIAN_POINT ( 'NONE',  ( -0.3560196314102563875, 0.5500000000000000444, 0.02658782679727431791 ) ) ;
#7618 = MECHANICAL_DESIGN_GEOMETRIC_PRESENTATION_REPRESENTATION (  '', ( #8650 ), #2436 ) ;
#7619 = ORIENTED_EDGE ( 'NONE', *, *, #8891, .T. ) ;
#7620 = DIRECTION ( 'NONE',  ( 0.0000000000000000000, 0.0000000000000000000, 1.000000000000000000 ) ) ;
#7621 = COLOUR_RGB ( '',0.6666666666666666297, 0.6941176470588235059, 0.7647058823529411242 ) ;
#7622 = PRESENTATION_STYLE_ASSIGNMENT (( #8591 ) ) ;
#7623 = CARTESIAN_POINT ( 'NONE',  ( -0.2265581004631660733, 0.5500000000000000444, 0.1316780502937462405 ) ) ;
#7624 = VERTEX_POINT ( 'NONE', #3032 ) ;
#7625 = PRESENTATION_LAYER_ASSIGNMENT (  '', '', ( #7115 ) ) ;
#7626 = CARTESIAN_POINT ( 'NONE',  ( -0.4324964496443048922, 0.5400000000000001465, 0.2335619486979819692 ) ) ;
#7627 = CARTESIAN_POINT ( 'NONE',  ( 0.6250000000000004441, 0.5500000000000000444, 0.2637673139767615083 ) ) ;
#7628 = EDGE_CURVE ( 'NONE', #7412, #1966, #8902, .T. ) ;
#7629 = CARTESIAN_POINT ( 'NONE',  ( 0.4198717948717952675, 0.5400000000000000355, 0.2829980832075307262 ) ) ;
#7630 = DIRECTION ( 'NONE',  ( -1.000000000000000000, 0.0000000000000000000, 0.0000000000000000000 ) ) ;
#7631 = CARTESIAN_POINT ( 'NONE',  ( -0.2999999999999994893, 0.1270000000000000018, -1.009999999999999565 ) ) ;
#7632 = CARTESIAN_POINT ( 'NONE',  ( -0.2345465727802790445, 0.5500000000000001554, 0.2114215578298661857 ) ) ;
#7633 = SURFACE_STYLE_USAGE ( .BOTH. , #5318 ) ;
#7634 = CARTESIAN_POINT ( 'NONE',  ( -0.9100000000000002531, 0.1270000000000000018, 0.09999999999999950595 ) ) ;
#7635 = LINE ( 'NONE', #5290, #5706 ) ;
#7636 = CARTESIAN_POINT ( 'NONE',  ( -0.3089661849070209354, 0.5500000000000001554, 0.2812293128027903433 ) ) ;
#7637 = AXIS2_PLACEMENT_3D ( 'NONE', #8958, #7366, #400 ) ;
#7638 = ORIENTED_EDGE ( 'NONE', *, *, #6161, .T. ) ;
#7639 = LINE ( 'NONE', #3284, #1893 ) ;
#7640 = DIRECTION ( 'NONE',  ( -0.0000000000000000000, 1.000000000000000000, -0.0000000000000000000 ) ) ;
#7641 = UNCERTAINTY_MEASURE_WITH_UNIT (LENGTH_MEASURE( 1.000000000000000082E-05 ), #4834, 'distance_accuracy_value', 'NONE');
#7642 = CARTESIAN_POINT ( 'NONE',  ( -0.4849713829259246212, 0.5399999999999999245, 0.1850860972477258726 ) ) ;
#7643 = SURFACE_STYLE_USAGE ( .BOTH. , #3654 ) ;
#7644 = MECHANICAL_DESIGN_GEOMETRIC_PRESENTATION_REPRESENTATION (  '', ( #4209 ), #4024 ) ;
#7645 = EDGE_CURVE ( 'NONE', #1128, #6005, #7580, .T. ) ;
#7646 = CARTESIAN_POINT ( 'NONE',  ( 0.5786907968180602380, 0.5399999999999999245, 0.1865185497295742123 ) ) ;
#7647 = FACE_OUTER_BOUND ( 'NONE', #2974, .T. ) ;
#7648 = CARTESIAN_POINT ( 'NONE',  ( -0.05128205128205132191, 0.5400000000000000355, 0.1355621857716332868 ) ) ;
#7649 = VECTOR ( 'NONE', #2572, 1000.000000000000000 ) ;
#7650 = CARTESIAN_POINT ( 'NONE',  ( 0.7000000000000002887, 0.1270000000000000018, 1.309999999999999387 ) ) ;
#7651 = EDGE_CURVE ( 'NONE', #7993, #8869, #8544, .T. ) ;
#7652 = FACE_OUTER_BOUND ( 'NONE', #2191, .T. ) ;
#7653 =( GEOMETRIC_REPRESENTATION_CONTEXT ( 3 ) GLOBAL_UNCERTAINTY_ASSIGNED_CONTEXT ( ( #1960 ) ) GLOBAL_UNIT_ASSIGNED_CONTEXT ( ( #2456, #5512, #4725 ) ) REPRESENTATION_CONTEXT ( 'NONE', 'WORKASPACE' ) );
#7654 = CARTESIAN_POINT ( 'NONE',  ( -0.6100000000000000977, 0.1270000000000000018, -0.2000000000000003997 ) ) ;
#7655 = UNCERTAINTY_MEASURE_WITH_UNIT (LENGTH_MEASURE( 1.000000000000000082E-05 ), #2893, 'distance_accuracy_value', 'NONE');
#7656 = AXIS2_PLACEMENT_3D ( 'NONE', #9273, #4696, #61 ) ;
#7657 = SURFACE_SIDE_STYLE ('',( #5016 ) ) ;
#7658 = VECTOR ( 'NONE', #5206, 1000.000000000000000 ) ;
#7659 = ORIENTED_EDGE ( 'NONE', *, *, #4845, .T. ) ;
#7660 = FILL_AREA_STYLE ('',( #4617 ) ) ;
#7661 = AXIS2_PLACEMENT_3D ( 'NONE', #2328, #3622, #5922 ) ;
#7662 = CARTESIAN_POINT ( 'NONE',  ( -0.4647435897435897023, 0.5400000000000000355, 0.1589996857716332868 ) ) ;
#7663 = ORIENTED_EDGE ( 'NONE', *, *, #9183, .F. ) ;
#7664 = LINE ( 'NONE', #7144, #7890 ) ;
#7665 = CARTESIAN_POINT ( 'NONE',  ( 0.3000000000000003775, 0.1270000000000000018, -1.300000000000000266 ) ) ;
#7666 = CARTESIAN_POINT ( 'NONE',  ( -0.2390477826471273659, 0.5400000000000000355, 0.09556852096005893915 ) ) ;
#7667 = CARTESIAN_POINT ( 'NONE',  ( 0.7000000000000002887, 0.1270000000000000018, -1.309999999999999387 ) ) ;
#7668 = VECTOR ( 'NONE', #6252, 1000.000000000000000 ) ;
#7669 = STYLED_ITEM ( 'NONE', ( #5051 ), #855 ) ;
#7670 = VERTEX_POINT ( 'NONE', #6912 ) ;
#7671 =( LENGTH_UNIT ( ) NAMED_UNIT ( * ) SI_UNIT ( .MILLI., .METRE. ) );
#7672 = ORIENTED_EDGE ( 'NONE', *, *, #2186, .T. ) ;
#7673 = EDGE_LOOP ( 'NONE', ( #2837, #8267, #6835, #8719 ) ) ;
#7674 = CARTESIAN_POINT ( 'NONE',  ( 0.1634615384615385469, 0.5500000000000000444, 0.2297629069254794321 ) ) ;
#7675 = CARTESIAN_POINT ( 'NONE',  ( -0.3550681089743589758, 0.5400000000000000355, 0.2894083396177871137 ) ) ;
#7676 = ORIENTED_EDGE ( 'NONE', *, *, #9882, .T. ) ;
#7677 =( GEOMETRIC_REPRESENTATION_CONTEXT ( 3 ) GLOBAL_UNCERTAINTY_ASSIGNED_CONTEXT ( ( #2308 ) ) GLOBAL_UNIT_ASSIGNED_CONTEXT ( ( #1868, #229, #3406 ) ) REPRESENTATION_CONTEXT ( 'NONE', 'WORKASPACE' ) );
#7678 = SURFACE_STYLE_FILL_AREA ( #9263 ) ;
#7679 = CARTESIAN_POINT ( 'NONE',  ( 0.5766277668924005839, 0.5400000000000000355, 0.2376077066549550088 ) ) ;
#7680 = LINE ( 'NONE', #2673, #3740 ) ;
#7681 = ORIENTED_EDGE ( 'NONE', *, *, #8215, .F. ) ;
#7682 = CARTESIAN_POINT ( 'NONE',  ( 0.5514699170124160998, 0.5400000000000001465, 0.1893468415404448713 ) ) ;
#7683 =( NAMED_UNIT ( * ) SI_UNIT ( $, .STERADIAN. ) SOLID_ANGLE_UNIT ( ) );
#7684 = SURFACE_STYLE_USAGE ( .BOTH. , #7001 ) ;
#7685 = ORIENTED_EDGE ( 'NONE', *, *, #2812, .T. ) ;
#7686 = CARTESIAN_POINT ( 'NONE',  ( -0.3417550019010083262, 0.5400000000000001465, 0.05307523055677350332 ) ) ;
#7687 = FILL_AREA_STYLE_COLOUR ( '', #6493 ) ;
#7688 = STYLED_ITEM ( 'NONE', ( #5285 ), #3816 ) ;
#7689 = ORIENTED_EDGE ( 'NONE', *, *, #810, .T. ) ;
#7690 = DIRECTION ( 'NONE',  ( 0.0000000000000000000, 0.0000000000000000000, -1.000000000000000000 ) ) ;
#7691 = PRESENTATION_STYLE_ASSIGNMENT (( #4604 ) ) ;
#7692 = PRESENTATION_STYLE_ASSIGNMENT (( #7608 ) ) ;
#7693 = ORIENTED_EDGE ( 'NONE', *, *, #960, .T. ) ;
#7694 = DIRECTION ( 'NONE',  ( -1.000000000000000000, -0.0000000000000000000, -0.0000000000000000000 ) ) ;
#7695 = VECTOR ( 'NONE', #7518, 1000.000000000000000 ) ;
#7696 = CARTESIAN_POINT ( 'NONE',  ( 0.6018629807692312816, 0.5400000000000000355, 0.1411711601306076258 ) ) ;
#7697 =( NAMED_UNIT ( * ) SI_UNIT ( $, .STERADIAN. ) SOLID_ANGLE_UNIT ( ) );
#7698 = DIRECTION ( 'NONE',  ( 0.0000000000000000000, 0.0000000000000000000, 1.000000000000000000 ) ) ;
#7699 = DIRECTION ( 'NONE',  ( 0.5390888091285608308, 0.0000000000000000000, 0.8422489274984861218 ) ) ;
#7700 =( NAMED_UNIT ( * ) SI_UNIT ( $, .STERADIAN. ) SOLID_ANGLE_UNIT ( ) );
#7701 = EDGE_LOOP ( 'NONE', ( #9291, #7132, #8226, #5078, #8656 ) ) ;
#7702 = PLANE ( 'NONE',  #2404 ) ;
#7703 = DIRECTION ( 'NONE',  ( 0.8679300138597082492, 0.0000000000000000000, 0.4966865118376849741 ) ) ;
#7704 = EDGE_CURVE ( 'NONE', #1181, #8869, #2819, .T. ) ;
#7705 = EDGE_CURVE ( 'NONE', #1134, #1077, #5883, .T. ) ;
#7706 = CARTESIAN_POINT ( 'NONE',  ( -0.6500000000000001332, 0.5400000000000000355, -0.9250000000000003775 ) ) ;
#7707 = LINE ( 'NONE', #5597, #5417 ) ;
#7708 = ORIENTED_EDGE ( 'NONE', *, *, #6235, .F. ) ;
#7709 = EDGE_CURVE ( 'NONE', #7842, #9188, #4475, .T. ) ;
#7710 = CARTESIAN_POINT ( 'NONE',  ( 0.5480769230769234612, 0.5500000000000003775, 0.2132865447459922625 ) ) ;
#7711 = CARTESIAN_POINT ( 'NONE',  ( 0.6250000000000004441, 0.5500000000000000444, 0.2637673139767615083 ) ) ;
#7712 = LINE ( 'NONE', #9654, #5421 ) ;
#7713 = ADVANCED_FACE ( 'NONE', ( #6511 ), #6849, .F. ) ;
#7714 = CARTESIAN_POINT ( 'NONE',  ( 0.3000000000000003775, 0.1270000000000000018, 1.309999999999999387 ) ) ;
#7715 = MECHANICAL_DESIGN_GEOMETRIC_PRESENTATION_REPRESENTATION (  '', ( #8420 ), #8218 ) ;
#7716 = CARTESIAN_POINT ( 'NONE',  ( -0.3559194711538461453, 0.5400000000000000355, 0.05222885243829993723 ) ) ;
#7717 = AXIS2_PLACEMENT_3D ( 'NONE', #9628, #4334, #2805 ) ;
#7718 = SURFACE_STYLE_FILL_AREA ( #6419 ) ;
#7719 = COLOUR_RGB ( '',1.000000000000000000, 1.000000000000000000, 1.000000000000000000 ) ;
#7720 = CARTESIAN_POINT ( 'NONE',  ( 0.6000000000000004219, 0.0000000000000000000, -1.009999999999999565 ) ) ;
#7721 = STYLED_ITEM ( 'NONE', ( #6582 ), #9112 ) ;
#7722 = ORIENTED_EDGE ( 'NONE', *, *, #4211, .T. ) ;
#7723 = EDGE_CURVE ( 'NONE', #2912, #2947, #9950, .T. ) ;
#7724 = DIRECTION ( 'NONE',  ( 0.0000000000000000000, 0.0000000000000000000, -1.000000000000000000 ) ) ;
#7725 = CARTESIAN_POINT ( 'NONE',  ( -0.2336639160882881538, 0.5500000000000000444, 0.1070514003782534057 ) ) ;
#7726 = VERTEX_POINT ( 'NONE', #9124 ) ;
#7727 =( NAMED_UNIT ( * ) PLANE_ANGLE_UNIT ( ) SI_UNIT ( $, .RADIAN. ) );
#7728 = PRESENTATION_LAYER_ASSIGNMENT (  '', '', ( #3263 ) ) ;
#7730 = VECTOR ( 'NONE', #9952, 1000.000000000000000 ) ;
#7729 = AXIS2_PLACEMENT_3D ( 'NONE', #6829, #3866, #2243 ) ;
#7731 = CARTESIAN_POINT ( 'NONE',  ( 0.9000000000000001332, 0.1270000000000000018, 0.6999999999999997335 ) ) ;
#7732 = DIRECTION ( 'NONE',  ( -0.0000000000000000000, 1.000000000000000000, -0.0000000000000000000 ) ) ;
#7733 = UNCERTAINTY_MEASURE_WITH_UNIT (LENGTH_MEASURE( 1.000000000000000082E-05 ), #806, 'distance_accuracy_value', 'NONE');
#7734 = VERTEX_POINT ( 'NONE', #178 ) ;
#7735 = CARTESIAN_POINT ( 'NONE',  ( -0.4848200249600598810, 0.5399999999999999245, 0.1327889418547946176 ) ) ;
#7736 = VERTEX_POINT ( 'NONE', #2414 ) ;
#7737 = CARTESIAN_POINT ( 'NONE',  ( 0.2275641025641027271, 0.5500000000000000444, 0.1996647498741973836 ) ) ;
#7738 = FILL_AREA_STYLE_COLOUR ( '', #5251 ) ;
#7739 = SURFACE_SIDE_STYLE ('',( #8152 ) ) ;
#7740 = FILL_AREA_STYLE_COLOUR ( '', #2112 ) ;
#7741 = CARTESIAN_POINT ( 'NONE',  ( 0.1634615384615385469, 0.5500000000000000444, 0.2297629069254794321 ) ) ;
#7742 = PLANE ( 'NONE',  #7656 ) ;
#7743 = EDGE_LOOP ( 'NONE', ( #2541, #695, #1324, #7852, #2274, #7606 ) ) ;
#7744 = CARTESIAN_POINT ( 'NONE',  ( 0.6854407578993437777, 0.5500000000000000444, 0.1655421891881032337 ) ) ;
#7745 = ORIENTED_EDGE ( 'NONE', *, *, #9163, .T. ) ;
#7746 = VECTOR ( 'NONE', #5265, 1000.000000000000000 ) ;
#7747 = CARTESIAN_POINT ( 'NONE',  ( 0.6235226923609195060, 0.5500000000000001554, 0.1388772422075209845 ) ) ;
#7748 = FILL_AREA_STYLE_COLOUR ( '', #4348 ) ;
#7749 = ORIENTED_EDGE ( 'NONE', *, *, #5586, .T. ) ;
#7750 = CARTESIAN_POINT ( 'NONE',  ( -0.3535469946221052040, 0.5400000000000000355, 0.05225815159114414327 ) ) ;
#7751 = ORIENTED_EDGE ( 'NONE', *, *, #8922, .F. ) ;
#7752 = CARTESIAN_POINT ( 'NONE',  ( -0.6999999999999995115, 0.0000000000000000000, 1.309999999999999609 ) ) ;
#7753 = ORIENTED_EDGE ( 'NONE', *, *, #1524, .F. ) ;
#7754 = CARTESIAN_POINT ( 'NONE',  ( -0.2456670660741109569, 0.5499999999999998224, 0.08464233145346905518 ) ) ;
#7755 = DIRECTION ( 'NONE',  ( -0.0000000000000000000, -1.000000000000000000, -0.0000000000000000000 ) ) ;
#7756 = CARTESIAN_POINT ( 'NONE',  ( -0.9100000000000002531, 0.1270000000000000018, -0.7000000000000005107 ) ) ;
#7757 = ADVANCED_FACE ( 'NONE', ( #5655 ), #9611, .F. ) ;
#7758 = FACE_OUTER_BOUND ( 'NONE', #3571, .T. ) ;
#7759 = SURFACE_STYLE_FILL_AREA ( #4816 ) ;
#7760 = EDGE_CURVE ( 'NONE', #1218, #9870, #5300, .T. ) ;
#7761 = CARTESIAN_POINT ( 'NONE',  ( 0.6302952996466512081, 0.5500000000000000444, 0.1388356076693167129 ) ) ;
#7762 = CARTESIAN_POINT ( 'NONE',  ( -0.4067597474280871261, 0.5400000000000000355, 0.03624803855475817321 ) ) ;
#7763 = DIRECTION ( 'NONE',  ( 0.8422489274984861218, 0.0000000000000000000, 0.5390888091285608308 ) ) ;
#7764 = CARTESIAN_POINT ( 'NONE',  ( -0.8999999999999993561, 0.05000000000000000278, 1.299999999999999600 ) ) ;
#7765 = FILL_AREA_STYLE ('',( #3238 ) ) ;
#7766 = UNCERTAINTY_MEASURE_WITH_UNIT (LENGTH_MEASURE( 1.000000000000000082E-05 ), #967, 'distance_accuracy_value', 'NONE');
#7767 = VECTOR ( 'NONE', #3082, 1000.000000000000000 ) ;
#7768 = SURFACE_STYLE_FILL_AREA ( #6594 ) ;
#7769 = PRESENTATION_LAYER_ASSIGNMENT (  '', '', ( #9303 ) ) ;
#7770 = CARTESIAN_POINT ( 'NONE',  ( -0.9100000000000002531, 0.0000000000000000000, 0.4999999999999994449 ) ) ;
#7771 = SURFACE_STYLE_USAGE ( .BOTH. , #9307 ) ;
#7772 =( GEOMETRIC_REPRESENTATION_CONTEXT ( 3 ) GLOBAL_UNCERTAINTY_ASSIGNED_CONTEXT ( ( #7733 ) ) GLOBAL_UNIT_ASSIGNED_CONTEXT ( ( #806, #2534, #2574 ) ) REPRESENTATION_CONTEXT ( 'NONE', 'WORKASPACE' ) );
#7773 = CARTESIAN_POINT ( 'NONE',  ( 0.9100000000000002531, 0.1270000000000000018, -0.1000000000000001860 ) ) ;
#7774 = DIRECTION ( 'NONE',  ( -0.6327400977550498018, 0.0000000000000000000, -0.7743642351587074479 ) ) ;
#7775 = EDGE_CURVE ( 'NONE', #1136, #9141, #7947, .T. ) ;
#7776 =( LENGTH_UNIT ( ) NAMED_UNIT ( * ) SI_UNIT ( .MILLI., .METRE. ) );
#7777 = EDGE_CURVE ( 'NONE', #5093, #4216, #1701, .T. ) ;
#7778 = CARTESIAN_POINT ( 'NONE',  ( 0.4423076923076926792, 0.5400000000000000355, 0.03299808320753071927 ) ) ;
#7779 = PRESENTATION_STYLE_ASSIGNMENT (( #8993 ) ) ;
#7780 = ORIENTED_EDGE ( 'NONE', *, *, #9179, .F. ) ;
#7781 = SURFACE_SIDE_STYLE ('',( #836 ) ) ;
#7782 = EDGE_CURVE ( 'NONE', #123, #1131, #4233, .T. ) ;
#7783 = LINE ( 'NONE', #3648, #440 ) ;
#7784 = STYLED_ITEM ( 'NONE', ( #5573 ), #6507 ) ;
#7785 = EDGE_LOOP ( 'NONE', ( #2228, #140, #6878, #631, #1922, #1802 ) ) ;
#7786 =( NAMED_UNIT ( * ) PLANE_ANGLE_UNIT ( ) SI_UNIT ( $, .RADIAN. ) );
#7787 = STYLED_ITEM ( 'NONE', ( #9692 ), #2761 ) ;
#7788 = FILL_AREA_STYLE_COLOUR ( '', #3485 ) ;
#7789 = VECTOR ( 'NONE', #5872, 1000.000000000000000 ) ;
#7790 =( NAMED_UNIT ( * ) SI_UNIT ( $, .STERADIAN. ) SOLID_ANGLE_UNIT ( ) );
#7791 = ORIENTED_EDGE ( 'NONE', *, *, #5768, .F. ) ;
#7792 = ORIENTED_EDGE ( 'NONE', *, *, #9565, .T. ) ;
#7793 =( LENGTH_UNIT ( ) NAMED_UNIT ( * ) SI_UNIT ( .MILLI., .METRE. ) );
#7794 = ORIENTED_EDGE ( 'NONE', *, *, #3165, .F. ) ;
#7795 = LINE ( 'NONE', #1851, #2790 ) ;
#7796 = CARTESIAN_POINT ( 'NONE',  ( 0.7000000000000002887, 0.0000000000000000000, -1.309999999999999387 ) ) ;
#7797 = ORIENTED_EDGE ( 'NONE', *, *, #6487, .F. ) ;
#7798 = SURFACE_STYLE_USAGE ( .BOTH. , #9395 ) ;
#7799 = CARTESIAN_POINT ( 'NONE',  ( -0.3514724472204139860, 0.5499999999999999334, 0.02669680166717967179 ) ) ;
#7800 = AXIS2_PLACEMENT_3D ( 'NONE', #9036, #8969, #1380 ) ;
#7801 =( LENGTH_UNIT ( ) NAMED_UNIT ( * ) SI_UNIT ( .MILLI., .METRE. ) );
#7802 = CARTESIAN_POINT ( 'NONE',  ( 0.5760216346153850253, 0.5400000000000000355, 0.1406703588485563594 ) ) ;
#7803 = VERTEX_POINT ( 'NONE', #7087 ) ;
#7804 = SURFACE_SIDE_STYLE ('',( #3549 ) ) ;
#7805 =( GEOMETRIC_REPRESENTATION_CONTEXT ( 3 ) GLOBAL_UNCERTAINTY_ASSIGNED_CONTEXT ( ( #8825 ) ) GLOBAL_UNIT_ASSIGNED_CONTEXT ( ( #6445, #1860, #1006 ) ) REPRESENTATION_CONTEXT ( 'NONE', 'WORKASPACE' ) );
#7806 = VECTOR ( 'NONE', #4171, 1000.000000000000000 ) ;
#7807 = CARTESIAN_POINT ( 'NONE',  ( -0.09999999999999961697, 0.1270000000000000018, 1.309999999999999609 ) ) ;
#7808 = CARTESIAN_POINT ( 'NONE',  ( 0.7018532133338187817, 0.5500000000000001554, 0.2102786270033042693 ) ) ;
#7809 = FACE_OUTER_BOUND ( 'NONE', #8835, .T. ) ;
#7810 = VECTOR ( 'NONE', #4311, 1000.000000000000114 ) ;
#7811 = FILL_AREA_STYLE_COLOUR ( '', #1278 ) ;
#7812 = CARTESIAN_POINT ( 'NONE',  ( -0.8999999999999998002, 0.05000000000000000278, -0.1000000000000002554 ) ) ;
#7813 = ADVANCED_FACE ( 'NONE', ( #2188 ), #144, .T. ) ;
#7814 = CARTESIAN_POINT ( 'NONE',  ( 0.6705379788181587974, 0.5400000000000001465, 0.2416959461214673310 ) ) ;
#7815 =( LENGTH_UNIT ( ) NAMED_UNIT ( * ) SI_UNIT ( .MILLI., .METRE. ) );
#7816 = FACE_OUTER_BOUND ( 'NONE', #8317, .T. ) ;
#7817 = ORIENTED_EDGE ( 'NONE', *, *, #7586, .F. ) ;
#7818 = DIRECTION ( 'NONE',  ( -0.0000000000000000000, -1.000000000000000000, -0.0000000000000000000 ) ) ;
#7819 = PRESENTATION_LAYER_ASSIGNMENT (  '', '', ( #8133 ) ) ;
#7820 = CARTESIAN_POINT ( 'NONE',  ( 0.01602564102564108667, 0.5400000000000000355, 0.08668398064342813791 ) ) ;
#7821 =( NAMED_UNIT ( * ) PLANE_ANGLE_UNIT ( ) SI_UNIT ( $, .RADIAN. ) );
#7822 = B_SPLINE_SURFACE_WITH_KNOTS ( 'NONE', 3, 1, ( 
 ( #3148, #7070 ),
 ( #6196, #854 ),
 ( #9309, #8477 ),
 ( #163, #7747 ),
 ( #965, #65 ) ),
 .UNSPECIFIED., .F., .F., .F.,
 ( 4, 1, 4 ),
 ( 2, 2 ),
 ( 0.0000000000000000000, 0.5126593363417811799, 1.000000000000000000 ),
 ( 0.0000000000000000000, 1.000000000000000000 ),
 .UNSPECIFIED. ) ;
#7823 = ORIENTED_EDGE ( 'NONE', *, *, #8620, .F. ) ;
#7824 = EDGE_CURVE ( 'NONE', #8576, #3573, #2808, .T. ) ;
#7825 =( NAMED_UNIT ( * ) PLANE_ANGLE_UNIT ( ) SI_UNIT ( $, .RADIAN. ) );
#7826 = EDGE_LOOP ( 'NONE', ( #8259, #5515, #2977, #6224 ) ) ;
#7827 = CARTESIAN_POINT ( 'NONE',  ( -0.2986278044871794601, 0.5400000000000000355, 0.2494443973100947953 ) ) ;
#7828 = DIRECTION ( 'NONE',  ( 1.000000000000000000, 0.0000000000000000000, -0.0000000000000000000 ) ) ;
#7829 = CARTESIAN_POINT ( 'NONE',  ( 0.1000000000000004774, 0.1270000000000000018, 1.309999999999999387 ) ) ;
#7830 = CARTESIAN_POINT ( 'NONE',  ( -0.2534470376139125181, 0.5400000000000000355, 0.07425592688231451299 ) ) ;
#7831 = CARTESIAN_POINT ( 'NONE',  ( -0.4861602957040944695, 0.5400000000000000355, 0.1414220940559241801 ) ) ;
#7832 = FILL_AREA_STYLE ('',( #4007 ) ) ;
#7833 = PLANE ( 'NONE',  #2258 ) ;
#7834 = STYLED_ITEM ( 'NONE', ( #6813 ), #2960 ) ;
#7835 = CARTESIAN_POINT ( 'NONE',  ( -0.4652417168135699055, 0.5400000000000000355, 0.08466417358806603566 ) ) ;
#7836 = PRESENTATION_STYLE_ASSIGNMENT (( #4902 ) ) ;
#7837 = EDGE_LOOP ( 'NONE', ( #5623, #5337, #7616, #2270 ) ) ;
#7838 = PLANE ( 'NONE',  #492 ) ;
#7839 = EDGE_CURVE ( 'NONE', #9259, #691, #5526, .T. ) ;
#7840 = CARTESIAN_POINT ( 'NONE',  ( -0.4592082822790987673, 0.5400000000000001465, 0.1239191042656278691 ) ) ;
#7841 = CARTESIAN_POINT ( 'NONE',  ( -0.2915999750538497137, 0.5500000000000002665, 0.2733163196203818868 ) ) ;
#7842 = VERTEX_POINT ( 'NONE', #6980 ) ;
#7843 = EDGE_CURVE ( 'NONE', #8480, #1413, #356, .T. ) ;
#7844 = CARTESIAN_POINT ( 'NONE',  ( 0.6204340268764628741, 0.5400000000000000355, 0.2892991820646640955 ) ) ;
#7845 = UNCERTAINTY_MEASURE_WITH_UNIT (LENGTH_MEASURE( 1.000000000000000082E-05 ), #4101, 'distance_accuracy_value', 'NONE');
#7846 = DIRECTION ( 'NONE',  ( 0.0000000000000000000, 0.0000000000000000000, 1.000000000000000000 ) ) ;
#7847 =( GEOMETRIC_REPRESENTATION_CONTEXT ( 3 ) GLOBAL_UNCERTAINTY_ASSIGNED_CONTEXT ( ( #4077 ) ) GLOBAL_UNIT_ASSIGNED_CONTEXT ( ( #2914, #8237, #8310 ) ) REPRESENTATION_CONTEXT ( 'NONE', 'WORKASPACE' ) );
#7848 = FILL_AREA_STYLE ('',( #9478 ) ) ;
#7849 = CARTESIAN_POINT ( 'NONE',  ( -0.3701678650921277347, 0.5399999999999999245, 0.05307103511161639225 ) ) ;
#7850 = PLANE ( 'NONE',  #8894 ) ;
#7851 = AXIS2_PLACEMENT_3D ( 'NONE', #124, #5516, #2498 ) ;
#7852 = ORIENTED_EDGE ( 'NONE', *, *, #8292, .T. ) ;
#7853 = CARTESIAN_POINT ( 'NONE',  ( 0.7018214265742052094, 0.5500000000000000444, 0.2163343738740619859 ) ) ;
#7854 = COLOUR_RGB ( '',0.6666666666666666297, 0.6941176470588235059, 0.7647058823529411242 ) ;
#7855 = VERTEX_POINT ( 'NONE', #4912 ) ;
#7856 = B_SPLINE_CURVE_WITH_KNOTS ( 'NONE', 3,
 ( #727, #3921, #787, #697, #4615, #5365, #6175, #761, #5428, #6205, #1576, #7754, #4546, #7725, #6947, #7623, #2303, #1475, #6141 ),
 .UNSPECIFIED., .F., .F.,
 ( 4, 1, 1, 1, 1, 1, 1, 1, 1, 1, 1, 1, 1, 1, 1, 1, 4 ),
 ( 0.0000000000000000000, 0.06566701266557030403, 0.1289742151073971221, 0.1909276749603058820, 0.2519487749183338399, 0.3126942235710620244, 0.3738296131874436212, 0.4362009092567651347, 0.4998805412082639177, 0.5635601731597624786, 0.6259314692290842697, 0.6870668588454658110, 0.7478123074981939400, 0.8088334074562217868, 0.8707868673091307965, 0.9343329873344297098, 0.9999999999999998890 ),
 .UNSPECIFIED. ) ;
#7857 = EDGE_CURVE ( 'NONE', #1287, #8962, #9358, .T. ) ;
#7858 = CARTESIAN_POINT ( 'NONE',  ( 0.5705575606185623316, 0.5400000000000000355, 0.2158772713310420088 ) ) ;
#7859 = CARTESIAN_POINT ( 'NONE',  ( -0.6099999999999996536, 0.04999999999999999584, 0.09999999999999950595 ) ) ;
#7860 = ORIENTED_EDGE ( 'NONE', *, *, #9028, .T. ) ;
#7861 = DIRECTION ( 'NONE',  ( -1.000000000000000000, 0.0000000000000000000, 0.0000000000000000000 ) ) ;
#7862 = AXIS2_PLACEMENT_3D ( 'NONE', #4661, #1631, #4802 ) ;
#7863 = VERTEX_POINT ( 'NONE', #7297 ) ;
#7864 = VECTOR ( 'NONE', #94, 1000.000000000000000 ) ;
#7865 = CARTESIAN_POINT ( 'NONE',  ( 0.1634615384615385469, 0.5400000000000000355, 0.03299808320753071927 ) ) ;
#7866 = ADVANCED_FACE ( 'NONE', ( #4708 ), #1108, .T. ) ;
#7867 = COLOUR_RGB ( '',1.000000000000000000, 1.000000000000000000, 1.000000000000000000 ) ;
#7868 = CARTESIAN_POINT ( 'NONE',  ( 0.6506410256410261050, 0.5400000000000000355, 0.02658782679727431791 ) ) ;
#7869 = FILL_AREA_STYLE ('',( #1722 ) ) ;
#7870 = CARTESIAN_POINT ( 'NONE',  ( -0.4364493624662613702, 0.5499999999999999334, 0.05336914895936141490 ) ) ;
#7871 =( NAMED_UNIT ( * ) SI_UNIT ( $, .STERADIAN. ) SOLID_ANGLE_UNIT ( ) );
#7872 = SURFACE_SIDE_STYLE ('',( #8010 ) ) ;
#7873 = ORIENTED_EDGE ( 'NONE', *, *, #3375, .T. ) ;
#7874 = DIRECTION ( 'NONE',  ( 0.0000000000000000000, 0.0000000000000000000, 1.000000000000000000 ) ) ;
#7875 = LINE ( 'NONE', #5473, #7512 ) ;
#7876 =( NAMED_UNIT ( * ) SI_UNIT ( $, .STERADIAN. ) SOLID_ANGLE_UNIT ( ) );
#7877 = FILL_AREA_STYLE ('',( #7811 ) ) ;
#7878 = FILL_AREA_STYLE ('',( #1671 ) ) ;
#7879 = PRESENTATION_LAYER_ASSIGNMENT (  '', '', ( #2772 ) ) ;
#7880 = CARTESIAN_POINT ( 'NONE',  ( 0.5945493033345792266, 0.5400000000000000355, 0.2840348857322645415 ) ) ;
#7881 = CARTESIAN_POINT ( 'NONE',  ( -0.3583085969858886832, 0.5400000000000001465, 0.05225835603466437440 ) ) ;
#7882 = DIRECTION ( 'NONE',  ( 1.000000000000000000, -0.0000000000000000000, -0.0000000000000000000 ) ) ;
#7883 = LINE ( 'NONE', #9411, #8473 ) ;
#7884 = CARTESIAN_POINT ( 'NONE',  ( 0.6342104499429004338, 0.5500000000000001554, 0.2890350391076003667 ) ) ;
#7885 = SURFACE_STYLE_USAGE ( .BOTH. , #3292 ) ;
#7886 = SURFACE_STYLE_FILL_AREA ( #8070 ) ;
#7887 = DIRECTION ( 'NONE',  ( -1.000000000000000000, 0.0000000000000000000, 0.0000000000000000000 ) ) ;
#7888 = SURFACE_SIDE_STYLE ('',( #475 ) ) ;
#7889 = DIRECTION ( 'NONE',  ( 1.000000000000000000, 0.0000000000000000000, 0.0000000000000000000 ) ) ;
#7890 = VECTOR ( 'NONE', #2505, 1000.000000000000000 ) ;
#7891 = CARTESIAN_POINT ( 'NONE',  ( -0.2267268042961156360, 0.5400000000000001465, 0.1859764298368344615 ) ) ;
#7892 = COLOUR_RGB ( '',0.6666666666666666297, 0.6941176470588235059, 0.7647058823529411242 ) ;
#7893 = DIRECTION ( 'NONE',  ( -0.0000000000000000000, -1.000000000000000000, -0.0000000000000000000 ) ) ;
#7894 = EDGE_CURVE ( 'NONE', #2542, #9666, #1435, .T. ) ;
#7895 = SURFACE_STYLE_USAGE ( .BOTH. , #2669 ) ;
#7896 = COLOUR_RGB ( '',0.6666666666666666297, 0.6941176470588235059, 0.7647058823529411242 ) ;
#7897 = EDGE_CURVE ( 'NONE', #6783, #389, #6500, .T. ) ;
#7898 = CARTESIAN_POINT ( 'NONE',  ( -0.9100000000000002531, 0.0000000000000000000, -0.7000000000000005107 ) ) ;
#7899 = ORIENTED_EDGE ( 'NONE', *, *, #4503, .F. ) ;
#7900 = DIRECTION ( 'NONE',  ( 1.000000000000000000, 0.0000000000000000000, -0.0000000000000000000 ) ) ;
#7901 = CARTESIAN_POINT ( 'NONE',  ( -0.3987164247328644495, 0.5400000000000000355, 0.03332874189816979055 ) ) ;
#7902 = CARTESIAN_POINT ( 'NONE',  ( 0.4423076923076926792, 0.5500000000000000444, 0.03299808320753071927 ) ) ;
#7903 = CARTESIAN_POINT ( 'NONE',  ( 0.6137704327330709697, 0.5500000000000000444, 0.2890829600639152064 ) ) ;
#7904 = VERTEX_POINT ( 'NONE', #9550 ) ;
#7905 =( NAMED_UNIT ( * ) SI_UNIT ( $, .STERADIAN. ) SOLID_ANGLE_UNIT ( ) );
#7906 = SURFACE_STYLE_FILL_AREA ( #8525 ) ;
#7907 = PRESENTATION_STYLE_ASSIGNMENT (( #1335 ) ) ;
#7908 = B_SPLINE_SURFACE_WITH_KNOTS ( 'NONE', 3, 1, ( 
 ( #8235, #6723 ),
 ( #9840, #7432 ),
 ( #7534, #3676 ),
 ( #2976, #2137 ),
 ( #2874, #8268 ),
 ( #3708, #9799 ),
 ( #5218, #6760 ),
 ( #2174, #8305 ),
 ( #6013, #1414 ),
 ( #2839, #8199 ),
 ( #8964, #8172 ) ),
 .UNSPECIFIED., .F., .F., .F.,
 ( 4, 1, 1, 1, 1, 1, 1, 1, 4 ),
 ( 2, 2 ),
 ( 0.0000000000000000000, 0.1307076167532170707, 0.2570291278115441891, 0.3802316977119429842, 0.5012473315417580455, 0.6219529799761153166, 0.7443181763518821326, 0.8701288996743927751, 1.000000000000000000 ),
 ( 0.0000000000000000000, 1.000000000000000000 ),
 .UNSPECIFIED. ) ;
#7909 = VECTOR ( 'NONE', #5606, 1000.000000000000000 ) ;
#7910 = CARTESIAN_POINT ( 'NONE',  ( -0.3550681089743589758, 0.5500000000000000444, 0.2894083396177871137 ) ) ;
#7911 = EDGE_LOOP ( 'NONE', ( #2034, #5191, #1784, #6434, #337, #4324 ) ) ;
#7912 = PRESENTATION_LAYER_ASSIGNMENT (  '', '', ( #6738 ) ) ;
#7913 = COLOUR_RGB ( '',0.2509803921568627416, 0.2509803921568627416, 0.2509803921568627416 ) ;
#7914 = ORIENTED_EDGE ( 'NONE', *, *, #300, .T. ) ;
#7915 = FILL_AREA_STYLE_COLOUR ( '', #5487 ) ;
#7916 = ORIENTED_EDGE ( 'NONE', *, *, #1074, .F. ) ;
#7918 = ADVANCED_FACE ( 'NONE', ( #9846 ), #320, .F. ) ;
#7917 =( GEOMETRIC_REPRESENTATION_CONTEXT ( 3 ) GLOBAL_UNCERTAINTY_ASSIGNED_CONTEXT ( ( #3496 ) ) GLOBAL_UNIT_ASSIGNED_CONTEXT ( ( #1635, #1599, #4737 ) ) REPRESENTATION_CONTEXT ( 'NONE', 'WORKASPACE' ) );
#7919 = CARTESIAN_POINT ( 'NONE',  ( 0.5480769230769235723, 0.5400000000000001465, 0.2132865447459922903 ) ) ;
#7920 = ORIENTED_EDGE ( 'NONE', *, *, #5014, .F. ) ;
#7921 = CARTESIAN_POINT ( 'NONE',  ( 0.6966390985355028764, 0.5400000000000001465, 0.1839678380193582596 ) ) ;
#7922 = CARTESIAN_POINT ( 'NONE',  ( -0.4504461510209261110, 0.5499999999999998224, 0.1049238324159554731 ) ) ;
#7923 = DIRECTION ( 'NONE',  ( 0.5391851040989490418, 0.0000000000000000000, -0.8421872852981131530 ) ) ;
#7924 = VECTOR ( 'NONE', #4535, 1000.000000000000000 ) ;
#7925 = FACE_OUTER_BOUND ( 'NONE', #3924, .T. ) ;
#7926 = CARTESIAN_POINT ( 'NONE',  ( 0.6237980769230773159, 0.5500000000000000444, 0.2894083396177871137 ) ) ;
#7927 = MECHANICAL_DESIGN_GEOMETRIC_PRESENTATION_REPRESENTATION (  '', ( #6377 ), #8431 ) ;
#7928 = VERTEX_POINT ( 'NONE', #7158 ) ;
#7929 = ORIENTED_EDGE ( 'NONE', *, *, #5146, .F. ) ;
#7930 = FILL_AREA_STYLE ('',( #1715 ) ) ;
#7931 = DIRECTION ( 'NONE',  ( 0.0000000000000000000, 0.0000000000000000000, -1.000000000000000000 ) ) ;
#7932 = VECTOR ( 'NONE', #7255, 1000.000000000000000 ) ;
#7933 = PRESENTATION_STYLE_ASSIGNMENT (( #5765 ) ) ;
#7934 = PLANE ( 'NONE',  #8475 ) ;
#7935 = ORIENTED_EDGE ( 'NONE', *, *, #5324, .F. ) ;
#7936 = FILL_AREA_STYLE ('',( #7266 ) ) ;
#7937 = CARTESIAN_POINT ( 'NONE',  ( 0.6772879893713951160, 0.5400000000000001465, 0.1994876579182452703 ) ) ;
#7938 = CARTESIAN_POINT ( 'NONE',  ( -0.5467247596153848033, 0.5500000000000000444, 0.03299808320753071927 ) ) ;
#7939 = FILL_AREA_STYLE_COLOUR ( '', #2952 ) ;
#7940 = VERTEX_POINT ( 'NONE', #8055 ) ;
#7941 = CARTESIAN_POINT ( 'NONE',  ( 0.9100000000000002531, 0.0000000000000000000, 0.09999999999999950595 ) ) ;
#7942 = LINE ( 'NONE', #6707, #3647 ) ;
#7943 = AXIS2_PLACEMENT_3D ( 'NONE', #698, #1544, #2234 ) ;
#7944 = SURFACE_SIDE_STYLE ('',( #8746 ) ) ;
#7945 = UNCERTAINTY_MEASURE_WITH_UNIT (LENGTH_MEASURE( 1.000000000000000082E-05 ), #1612, 'distance_accuracy_value', 'NONE');
#7946 = SURFACE_SIDE_STYLE ('',( #7136 ) ) ;
#7947 = LINE ( 'NONE', #113, #3295 ) ;
#7948 = MECHANICAL_DESIGN_GEOMETRIC_PRESENTATION_REPRESENTATION (  '', ( #5687 ), #1059 ) ;
#7949 = ORIENTED_EDGE ( 'NONE', *, *, #5189, .T. ) ;
#7950 = CARTESIAN_POINT ( 'NONE',  ( 0.6237980769230773159, 0.5400000000000000355, 0.2894083396177871137 ) ) ;
#7951 = LINE ( 'NONE', #1231, #7106 ) ;
#7952 = DIRECTION ( 'NONE',  ( 0.0000000000000000000, -1.000000000000000000, -0.0000000000000000000 ) ) ;
#7953 = SURFACE_STYLE_USAGE ( .BOTH. , #7149 ) ;
#7954 = CARTESIAN_POINT ( 'NONE',  ( -0.6500000000000001332, 0.5400000000000000355, -1.050000000000000266 ) ) ;
#7955 = CARTESIAN_POINT ( 'NONE',  ( -0.2999999999999994893, 0.0000000000000000000, 1.309999999999999609 ) ) ;
#7956 = LINE ( 'NONE', #5560, #5183 ) ;
#7957 = ORIENTED_EDGE ( 'NONE', *, *, #2812, .F. ) ;
#7958 =( NAMED_UNIT ( * ) PLANE_ANGLE_UNIT ( ) SI_UNIT ( $, .RADIAN. ) );
#7959 = EDGE_CURVE ( 'NONE', #8084, #5986, #4250, .T. ) ;
#7960 =( NAMED_UNIT ( * ) SI_UNIT ( $, .STERADIAN. ) SOLID_ANGLE_UNIT ( ) );
#7961 = SURFACE_STYLE_FILL_AREA ( #8119 ) ;
#7962 =( NAMED_UNIT ( * ) PLANE_ANGLE_UNIT ( ) SI_UNIT ( $, .RADIAN. ) );
#7963 = ADVANCED_FACE ( 'NONE', ( #7229 ), #7442, .T. ) ;
#7964 = PRESENTATION_STYLE_ASSIGNMENT (( #2906 ) ) ;
#7965 = ORIENTED_EDGE ( 'NONE', *, *, #7282, .T. ) ;
#7966 = FILL_AREA_STYLE_COLOUR ( '', #496 ) ;
#7967 = CARTESIAN_POINT ( 'NONE',  ( 0.6989894470067800070, 0.5499999999999999334, 0.1907516422736825201 ) ) ;
#7968 = AXIS2_PLACEMENT_3D ( 'NONE', #1148, #4275, #6528 ) ;
#7969 = DIRECTION ( 'NONE',  ( -0.0000000000000000000, 1.000000000000000000, -0.0000000000000000000 ) ) ;
#7970 = ORIENTED_EDGE ( 'NONE', *, *, #6035, .F. ) ;
#7971 = DIRECTION ( 'NONE',  ( -0.0000000000000000000, -1.000000000000000000, -0.0000000000000000000 ) ) ;
#7972 = AXIS2_PLACEMENT_3D ( 'NONE', #3767, #635, #4422 ) ;
#7973 = CARTESIAN_POINT ( 'NONE',  ( -0.3736136133498473844, 0.5399999999999999245, 0.02761156548423097934 ) ) ;
#7974 = PLANE ( 'NONE',  #7717 ) ;
#7975 = VERTEX_POINT ( 'NONE', #3594 ) ;
#7976 = AXIS2_PLACEMENT_3D ( 'NONE', #4872, #2616, #7846 ) ;
#7977 = EDGE_CURVE ( 'NONE', #7412, #6766, #8528, .T. ) ;
#7978 = DIRECTION ( 'NONE',  ( 0.0000000000000000000, 1.000000000000000000, -0.0000000000000000000 ) ) ;
#7979 = ORIENTED_EDGE ( 'NONE', *, *, #238, .T. ) ;
#7980 = ORIENTED_EDGE ( 'NONE', *, *, #1445, .F. ) ;
#7981 = PLANE ( 'NONE',  #2672 ) ;
#7982 = STYLED_ITEM ( 'NONE', ( #2834 ), #110 ) ;
#7983 = MECHANICAL_DESIGN_GEOMETRIC_PRESENTATION_REPRESENTATION (  '', ( #3058 ), #102 ) ;
#7984 = CARTESIAN_POINT ( 'NONE',  ( 0.6039680902875351753, 0.5400000000000002576, 0.2871568216443169952 ) ) ;
#7985 = MECHANICAL_DESIGN_GEOMETRIC_PRESENTATION_REPRESENTATION (  '', ( #3705 ), #9512 ) ;
#7986 = EDGE_LOOP ( 'NONE', ( #7325, #895, #2333, #4119 ) ) ;
#7987 = FILL_AREA_STYLE ('',( #250 ) ) ;
#7988 = ORIENTED_EDGE ( 'NONE', *, *, #8085, .F. ) ;
#7989 = SURFACE_STYLE_FILL_AREA ( #6323 ) ;
#7990 = B_SPLINE_CURVE_WITH_KNOTS ( 'NONE', 3,
 ( #5845, #9738, #4427, #9667, #572, #8233, #5946, #7497, #5876, #2136, #4397, #2838, #4364, #3675, #5911, #501, #9029, #1308, #9002, #6623, #8939, #2069, #3608, #6649, #1215, #8963, #5150 ),
 .UNSPECIFIED., .F., .F.,
 ( 4, 1, 1, 1, 1, 1, 1, 1, 1, 1, 1, 1, 1, 1, 1, 1, 1, 1, 1, 1, 1, 1, 1, 1, 4 ),
 ( 0.0000000000000000000, 0.04294674328312002992, 0.08559174927016312273, 0.1273442348477958064, 0.1691210933082148704, 0.2106332667734658048, 0.2525241407022987272, 0.2943009991627178468, 0.3368059667078248665, 0.3791196007503850329, 0.4208686033260864989, 0.4620374625207039898, 0.5028251959424981932, 0.5436015190109770856, 0.5843628611434203979, 0.6255204156466199761, 0.6670122666286020241, 0.7085517546538071532, 0.7498891096823182556, 0.7910176817309438890, 0.8320676863961223857, 0.8733740728916946638, 0.9148883481149933106, 0.9570532567168801297, 1.000000000000000000 ),
 .UNSPECIFIED. ) ;
#7991 = PRESENTATION_STYLE_ASSIGNMENT (( #265 ) ) ;
#7992 = FILL_AREA_STYLE_COLOUR ( '', #1899 ) ;
#7993 = VERTEX_POINT ( 'NONE', #3657 ) ;
#7994 =( GEOMETRIC_REPRESENTATION_CONTEXT ( 3 ) GLOBAL_UNCERTAINTY_ASSIGNED_CONTEXT ( ( #8346 ) ) GLOBAL_UNIT_ASSIGNED_CONTEXT ( ( #8444, #3807, #9203 ) ) REPRESENTATION_CONTEXT ( 'NONE', 'WORKASPACE' ) );
#7995 = FILL_AREA_STYLE_COLOUR ( '', #3604 ) ;
#7996 = ORIENTED_EDGE ( 'NONE', *, *, #7143, .F. ) ;
#7997 = SURFACE_STYLE_FILL_AREA ( #6570 ) ;
#7998 = CARTESIAN_POINT ( 'NONE',  ( 0.6018583639959672604, 0.5500000000000001554, 0.1679017995092741966 ) ) ;
#7999 = PRESENTATION_STYLE_ASSIGNMENT (( #4758 ) ) ;
#8000 = CARTESIAN_POINT ( 'NONE',  ( 0.6784981589328373808, 0.5399999999999999245, 0.2042251726483620133 ) ) ;
#8001 = CARTESIAN_POINT ( 'NONE',  ( 0.7018532133338187817, 0.5500000000000000444, 0.2102786270033042693 ) ) ;
#8002 = ORIENTED_EDGE ( 'NONE', *, *, #5268, .F. ) ;
#8003 = CARTESIAN_POINT ( 'NONE',  ( 0.7000000000000002887, 0.1270000000000000018, 1.309999999999999387 ) ) ;
#8004 = CARTESIAN_POINT ( 'NONE',  ( -0.4629350274458554626, 0.5499999999999999334, 0.1801440152173886811 ) ) ;
#8005 = CIRCLE ( 'NONE', #2256, 0.09999999999999993616 ) ;
#8006 = FILL_AREA_STYLE ('',( #2679 ) ) ;
#8007 = COLOUR_RGB ( '',0.6666666666666666297, 0.6941176470588235059, 0.7647058823529411242 ) ;
#8008 = CARTESIAN_POINT ( 'NONE',  ( -0.7035256410256411908, 0.5400000000000000355, 0.03299808320753071927 ) ) ;
#8009 = CARTESIAN_POINT ( 'NONE',  ( -0.8999999999999995781, 0.1270000000000000018, 0.4999999999999994449 ) ) ;
#8010 = SURFACE_STYLE_FILL_AREA ( #4080 ) ;
#8011 = CARTESIAN_POINT ( 'NONE',  ( -0.3560196314102563875, 0.5400000000000000355, 0.02658782679727431791 ) ) ;
#8012 = ADVANCED_FACE ( 'NONE', ( #9592 ), #2793, .F. ) ;
#8013 = AXIS2_PLACEMENT_3D ( 'NONE', #3037, #733, #6119 ) ;
#8014 =( LENGTH_UNIT ( ) NAMED_UNIT ( * ) SI_UNIT ( .MILLI., .METRE. ) );
#8015 = SURFACE_STYLE_FILL_AREA ( #7089 ) ;
#8016 = LINE ( 'NONE', #9746, #2765 ) ;
#8017 = VECTOR ( 'NONE', #9908, 1000.000000000000000 ) ;
#8018 = EDGE_CURVE ( 'NONE', #6510, #6882, #6245, .T. ) ;
#8019 = CARTESIAN_POINT ( 'NONE',  ( -0.05128205128205132191, 0.5400000000000000355, 0.05863910884855633859 ) ) ;
#8020 = LINE ( 'NONE', #471, #9804 ) ;
#8021 = CARTESIAN_POINT ( 'NONE',  ( -0.4999999999999995559, 0.0000000000000000000, 1.309999999999999609 ) ) ;
#8022 = FACE_OUTER_BOUND ( 'NONE', #2288, .T. ) ;
#8023 = COLOUR_RGB ( '',0.6666666666666666297, 0.6941176470588235059, 0.7647058823529411242 ) ;
#8024 = VERTEX_POINT ( 'NONE', #8951 ) ;
#8025 = SURFACE_SIDE_STYLE ('',( #1327 ) ) ;
#8026 = CARTESIAN_POINT ( 'NONE',  ( -0.2476318719173560279, 0.5399999999999999245, 0.2345008093955208983 ) ) ;
#8027 = ORIENTED_EDGE ( 'NONE', *, *, #4514, .F. ) ;
#8028 = SURFACE_SIDE_STYLE ('',( #4374 ) ) ;
#8029 = EDGE_CURVE ( 'NONE', #82, #5986, #592, .T. ) ;
#8030 = LINE ( 'NONE', #5079, #4805 ) ;
#8031 = CARTESIAN_POINT ( 'NONE',  ( -0.2487116065675150089, 0.5500000000000001554, 0.1364184559148161890 ) ) ;
#8032 = ORIENTED_EDGE ( 'NONE', *, *, #2312, .T. ) ;
#8033 = CARTESIAN_POINT ( 'NONE',  ( -0.4145602984614626396, 0.5400000000000001465, 0.03984600531921451277 ) ) ;
#8034 = VERTEX_POINT ( 'NONE', #8920 ) ;
#8035 = DIRECTION ( 'NONE',  ( -0.0000000000000000000, 1.000000000000000000, -0.0000000000000000000 ) ) ;
#8036 = EDGE_CURVE ( 'NONE', #5232, #8666, #4938, .T. ) ;
#8037 = ORIENTED_EDGE ( 'NONE', *, *, #564, .T. ) ;
#8038 = STYLED_ITEM ( 'NONE', ( #9071 ), #5981 ) ;
#8039 = ORIENTED_EDGE ( 'NONE', *, *, #4382, .F. ) ;
#8040 = UNCERTAINTY_MEASURE_WITH_UNIT (LENGTH_MEASURE( 1.000000000000000082E-05 ), #5786, 'distance_accuracy_value', 'NONE');
#8041 = CARTESIAN_POINT ( 'NONE',  ( -0.3817034702659949374, 0.5399999999999999245, 0.2872018415887776510 ) ) ;
#8042 =( GEOMETRIC_REPRESENTATION_CONTEXT ( 3 ) GLOBAL_UNCERTAINTY_ASSIGNED_CONTEXT ( ( #5204 ) ) GLOBAL_UNIT_ASSIGNED_CONTEXT ( ( #6764, #4531, #3045 ) ) REPRESENTATION_CONTEXT ( 'NONE', 'WORKASPACE' ) );
#8043 = VECTOR ( 'NONE', #4295, 1000.000000000000000 ) ;
#8044 = VECTOR ( 'NONE', #5106, 1000.000000000000000 ) ;
#8045 = CARTESIAN_POINT ( 'NONE',  ( 0.6679186698717952675, 0.5400000000000000355, 0.04015954154086405492 ) ) ;
#8046 =( GEOMETRIC_REPRESENTATION_CONTEXT ( 3 ) GLOBAL_UNCERTAINTY_ASSIGNED_CONTEXT ( ( #8193 ) ) GLOBAL_UNIT_ASSIGNED_CONTEXT ( ( #3383, #1029, #4088 ) ) REPRESENTATION_CONTEXT ( 'NONE', 'WORKASPACE' ) );
#8047 = EDGE_LOOP ( 'NONE', ( #1606, #2461, #3550, #980 ) ) ;
#8048 = CARTESIAN_POINT ( 'NONE',  ( -0.3550681089743589758, 0.5400000000000000355, 0.2894083396177871137 ) ) ;
#8049 = CARTESIAN_POINT ( 'NONE',  ( 0.6100000000000005418, 0.1270000000000000018, -0.6000000000000004219 ) ) ;
#8050 = EDGE_CURVE ( 'NONE', #4905, #9633, #5399, .T. ) ;
#8051 = CARTESIAN_POINT ( 'NONE',  ( 0.9100000000000002531, 0.1270000000000000018, -0.3000000000000005995 ) ) ;
#8052 = CARTESIAN_POINT ( 'NONE',  ( 0.5000000000000000000, 0.05000000000000000278, 1.299999999999999600 ) ) ;
#8053 = COLOUR_RGB ( '',1.000000000000000000, 1.000000000000000000, 1.000000000000000000 ) ;
#8054 = PRODUCT ( 'User Library-XQFN-16-1', 'User Library-XQFN-16-1', '', ( #6001 ) ) ;
#8055 = CARTESIAN_POINT ( 'NONE',  ( 0.5480769230769235723, 0.5400000000000001465, 0.2132865447459922903 ) ) ;
#8056 = ORIENTED_EDGE ( 'NONE', *, *, #4685, .T. ) ;
#8057 = DIRECTION ( 'NONE',  ( 0.0000000000000000000, -1.000000000000000000, 0.0000000000000000000 ) ) ;
#8058 = VECTOR ( 'NONE', #7451, 1000.000000000000000 ) ;
#8059 = ADVANCED_FACE ( 'NONE', ( #3754 ), #4189, .T. ) ;
#8060 = SURFACE_STYLE_USAGE ( .BOTH. , #5742 ) ;
#8061 = CARTESIAN_POINT ( 'NONE',  ( -0.2810496794871794601, 0.5500000000000000444, 0.2366739646177871415 ) ) ;
#8062 = EDGE_LOOP ( 'NONE', ( #6827, #862, #8130, #4675 ) ) ;
#8063 = DIRECTION ( 'NONE',  ( -1.000000000000000000, 0.0000000000000000000, 0.0000000000000000000 ) ) ;
#8064 = DIRECTION ( 'NONE',  ( 0.0000000000000000000, -1.000000000000000000, 0.0000000000000000000 ) ) ;
#8065 = VERTEX_POINT ( 'NONE', #8353 ) ;
#8066 = CARTESIAN_POINT ( 'NONE',  ( -0.4871794871794872250, 0.5400000000000000355, 0.1590998460280435567 ) ) ;
#8067 =( GEOMETRIC_REPRESENTATION_CONTEXT ( 3 ) GLOBAL_UNCERTAINTY_ASSIGNED_CONTEXT ( ( #66 ) ) GLOBAL_UNIT_ASSIGNED_CONTEXT ( ( #5736, #3455, #1133 ) ) REPRESENTATION_CONTEXT ( 'NONE', 'WORKASPACE' ) );
#8068 = CARTESIAN_POINT ( 'NONE',  ( -0.5999999999999995337, 0.0000000000000000000, 1.009999999999999787 ) ) ;
#8069 = CARTESIAN_POINT ( 'NONE',  ( 0.7000000000000002887, 0.1270000000000000018, -1.009999999999999343 ) ) ;
#8070 = FILL_AREA_STYLE ('',( #2746 ) ) ;
#8071 = LINE ( 'NONE', #2634, #8192 ) ;
#8072 = LINE ( 'NONE', #529, #3546 ) ;
#8073 = DIRECTION ( 'NONE',  ( -1.000000000000000000, 0.0000000000000000000, 0.0000000000000000000 ) ) ;
#8074 = UNCERTAINTY_MEASURE_WITH_UNIT (LENGTH_MEASURE( 1.000000000000000082E-05 ), #4200, 'distance_accuracy_value', 'NONE');
#8075 = VERTEX_POINT ( 'NONE', #6934 ) ;
#8076 =( LENGTH_UNIT ( ) NAMED_UNIT ( * ) SI_UNIT ( .MILLI., .METRE. ) );
#8077 = DIRECTION ( 'NONE',  ( 0.0000000000000000000, 0.0000000000000000000, -1.000000000000000000 ) ) ;
#8078 = DIRECTION ( 'NONE',  ( 0.0000000000000000000, -1.000000000000000000, 0.0000000000000000000 ) ) ;
#8079 = LINE ( 'NONE', #5049, #5316 ) ;
#8080 = SURFACE_STYLE_FILL_AREA ( #7869 ) ;
#8081 = VECTOR ( 'NONE', #3770, 1000.000000000000114 ) ;
#8082 = EDGE_CURVE ( 'NONE', #5625, #1627, #3993, .T. ) ;
#8083 = CARTESIAN_POINT ( 'NONE',  ( -0.3867340797888170756, 0.5400000000000000355, 0.2597102212700360679 ) ) ;
#8084 = VERTEX_POINT ( 'NONE', #6807 ) ;
#8085 = EDGE_CURVE ( 'NONE', #6222, #6144, #1430, .T. ) ;
#8086 = ORIENTED_EDGE ( 'NONE', *, *, #5077, .T. ) ;
#8087 = CARTESIAN_POINT ( 'NONE',  ( -0.006410256410256351053, 0.5400000000000000355, 0.03299808320753071927 ) ) ;
#8088 =( NAMED_UNIT ( * ) PLANE_ANGLE_UNIT ( ) SI_UNIT ( $, .RADIAN. ) );
#8089 = PRESENTATION_LAYER_ASSIGNMENT (  '', '', ( #4152 ) ) ;
#8090 = CARTESIAN_POINT ( 'NONE',  ( -0.3077269799859278510, 0.5500000000000001554, 0.06309018082201317545 ) ) ;
#8091 = VERTEX_POINT ( 'NONE', #7714 ) ;
#8092 = CARTESIAN_POINT ( 'NONE',  ( 0.3000000000000003775, 0.05000000000000000278, 0.0000000000000000000 ) ) ;
#8093 = ORIENTED_EDGE ( 'NONE', *, *, #1321, .T. ) ;
#8094 =( NAMED_UNIT ( * ) PLANE_ANGLE_UNIT ( ) SI_UNIT ( $, .RADIAN. ) );
#8095 = COLOUR_RGB ( '',0.6666666666666666297, 0.6941176470588235059, 0.7647058823529411242 ) ;
#8096 = AXIS2_PLACEMENT_3D ( 'NONE', #3216, #3315, #5690 ) ;
#8097 = EDGE_CURVE ( 'NONE', #6105, #8308, #6968, .T. ) ;
#8098 = LINE ( 'NONE', #903, #3578 ) ;
#8099 =( LENGTH_UNIT ( ) NAMED_UNIT ( * ) SI_UNIT ( .MILLI., .METRE. ) );
#8100 = EDGE_CURVE ( 'NONE', #9300, #7736, #4244, .T. ) ;
#8101 = CARTESIAN_POINT ( 'NONE',  ( -0.6999999999999994005, 0.1270000000000000018, -1.309999999999999609 ) ) ;
#8102 = CARTESIAN_POINT ( 'NONE',  ( -0.2986278044871794601, 0.5400000000000000355, 0.2494443973100947953 ) ) ;
#8103 = AXIS2_PLACEMENT_3D ( 'NONE', #7829, #1689, #7048 ) ;
#8104 =( NAMED_UNIT ( * ) SI_UNIT ( $, .STERADIAN. ) SOLID_ANGLE_UNIT ( ) );
#8105 = ORIENTED_EDGE ( 'NONE', *, *, #4966, .T. ) ;
#8106 = ADVANCED_FACE ( 'NONE', ( #2169 ), #1569, .T. ) ;
#8107 =( LENGTH_UNIT ( ) NAMED_UNIT ( * ) SI_UNIT ( .MILLI., .METRE. ) );
#8108 =( NAMED_UNIT ( * ) SI_UNIT ( $, .STERADIAN. ) SOLID_ANGLE_UNIT ( ) );
#8109 = CARTESIAN_POINT ( 'NONE',  ( 0.6629856256296423611, 0.5399999999999998135, 0.1788500412847556786 ) ) ;
#8110 = VECTOR ( 'NONE', #4544, 1000.000000000000000 ) ;
#8111 = PLANE ( 'NONE',  #5602 ) ;
#8112 = PRESENTATION_LAYER_ASSIGNMENT (  '', '', ( #9001 ) ) ;
#8113 = FILL_AREA_STYLE ('',( #510 ) ) ;
#8114 = B_SPLINE_CURVE_WITH_KNOTS ( 'NONE', 3,
 ( #2512, #7858, #1493, #5295, #5385, #6864, #7679, #779, #2360, #3145, #678, #6060, #3109, #9140, #7576, #746, #8474, #3909, #8348 ),
 .UNSPECIFIED., .F., .F.,
 ( 4, 1, 1, 1, 1, 1, 1, 1, 1, 1, 1, 1, 1, 1, 1, 1, 4 ),
 ( 0.0000000000000000000, 0.06184170298390916087, 0.1212623730944464573, 0.1807459488653168078, 0.2392309018221056849, 0.2983075587884649327, 0.3581827976158479809, 0.4203592307800687045, 0.4847924155141846159, 0.5499384837666873027, 0.6137182775404277368, 0.6766807072496334730, 0.7391541704483175490, 0.8021997032403532790, 0.8667401776163007332, 0.9320496524002467309, 1.000000000000000000 ),
 .UNSPECIFIED. ) ;
#8115 = DIRECTION ( 'NONE',  ( -0.0000000000000000000, 1.000000000000000000, -0.0000000000000000000 ) ) ;
#8116 = DIRECTION ( 'NONE',  ( -0.0000000000000000000, 1.000000000000000000, -0.0000000000000000000 ) ) ;
#8117 =( LENGTH_UNIT ( ) NAMED_UNIT ( * ) SI_UNIT ( .MILLI., .METRE. ) );
#8118 = VECTOR ( 'NONE', #2545, 1000.000000000000000 ) ;
#8119 = FILL_AREA_STYLE ('',( #1012 ) ) ;
#8120 =( GEOMETRIC_REPRESENTATION_CONTEXT ( 3 ) GLOBAL_UNCERTAINTY_ASSIGNED_CONTEXT ( ( #309 ) ) GLOBAL_UNIT_ASSIGNED_CONTEXT ( ( #1508, #7727, #6883 ) ) REPRESENTATION_CONTEXT ( 'NONE', 'WORKASPACE' ) );
#8121 = LINE ( 'NONE', #282, #1512 ) ;
#8122 =( NAMED_UNIT ( * ) SI_UNIT ( $, .STERADIAN. ) SOLID_ANGLE_UNIT ( ) );
#8123 = CARTESIAN_POINT ( 'NONE',  ( 0.6230468750000004441, 0.5500000000000000444, 0.1644083396177871415 ) ) ;
#8124 = CARTESIAN_POINT ( 'NONE',  ( 0.01602564102564108667, 0.5400000000000000355, 0.2829980832075307262 ) ) ;
#8125 = COLOUR_RGB ( '',1.000000000000000000, 1.000000000000000000, 1.000000000000000000 ) ;
#8126 = FILL_AREA_STYLE ('',( #405 ) ) ;
#8127 = VECTOR ( 'NONE', #3161, 1000.000000000000000 ) ;
#8128 = FACE_OUTER_BOUND ( 'NONE', #3078, .T. ) ;
#8129 = LINE ( 'NONE', #9190, #6090 ) ;
#8130 = ORIENTED_EDGE ( 'NONE', *, *, #5122, .T. ) ;
#8131 = CARTESIAN_POINT ( 'NONE',  ( -0.4466829999810238983, 0.5500000000000001554, 0.09902748658629140222 ) ) ;
#8132 = CARTESIAN_POINT ( 'NONE',  ( -0.1506410256410256887, 0.5400000000000000355, 0.1612032114126589200 ) ) ;
#8133 = STYLED_ITEM ( 'NONE', ( #2036 ), #4174 ) ;
#8134 = CARTESIAN_POINT ( 'NONE',  ( 0.6730865911249566125, 0.5499999999999998224, 0.1906260953272514158 ) ) ;
#8135 = VERTEX_POINT ( 'NONE', #1603 ) ;
#8136 =( NAMED_UNIT ( * ) SI_UNIT ( $, .STERADIAN. ) SOLID_ANGLE_UNIT ( ) );
#8137 = CARTESIAN_POINT ( 'NONE',  ( 0.6772879893713951160, 0.5500000000000000444, 0.1994876579182452703 ) ) ;
#8138 = SURFACE_STYLE_USAGE ( .BOTH. , #7378 ) ;
#8139 = PRESENTATION_STYLE_ASSIGNMENT (( #2465 ) ) ;
#8140 = COLOUR_RGB ( '',0.6666666666666666297, 0.6941176470588235059, 0.7647058823529411242 ) ;
#8141 = EDGE_CURVE ( 'NONE', #7141, #8828, #819, .T. ) ;
#8142 = COLOUR_RGB ( '',1.000000000000000000, 1.000000000000000000, 1.000000000000000000 ) ;
#8143 = CARTESIAN_POINT ( 'NONE',  ( 0.6174224925545093168, 0.5499999999999996003, 0.1645724674043930191 ) ) ;
#8144 = ORIENTED_EDGE ( 'NONE', *, *, #1161, .F. ) ;
#8145 = EDGE_LOOP ( 'NONE', ( #7322, #4283, #7575, #628 ) ) ;
#8146 = ORIENTED_EDGE ( 'NONE', *, *, #3681, .F. ) ;
#8147 = VERTEX_POINT ( 'NONE', #5422 ) ;
#8148 = CARTESIAN_POINT ( 'NONE',  ( -0.3543169070512820484, 0.5400000000000000355, 0.2637673139767615083 ) ) ;
#8149 = AXIS2_PLACEMENT_3D ( 'NONE', #3599, #4360, #4331 ) ;
#8150 = SURFACE_STYLE_FILL_AREA ( #8113 ) ;
#8151 = CARTESIAN_POINT ( 'NONE',  ( 0.5705128205128209284, 0.5500000000000001554, 0.2141879870536845809 ) ) ;
#8152 = SURFACE_STYLE_FILL_AREA ( #7765 ) ;
#8153 = ADVANCED_FACE ( 'NONE', ( #9716 ), #3036, .T. ) ;
#8154 = ORIENTED_EDGE ( 'NONE', *, *, #815, .T. ) ;
#8155 =( NAMED_UNIT ( * ) SI_UNIT ( $, .STERADIAN. ) SOLID_ANGLE_UNIT ( ) );
#8156 = FILL_AREA_STYLE ('',( #2022 ) ) ;
#8157 = EDGE_CURVE ( 'NONE', #1726, #6439, #7294, .T. ) ;
#8158 = FACE_OUTER_BOUND ( 'NONE', #1199, .T. ) ;
#8159 = EDGE_LOOP ( 'NONE', ( #1662, #2479, #4017, #5449 ) ) ;
#8160 =( LENGTH_UNIT ( ) NAMED_UNIT ( * ) SI_UNIT ( .MILLI., .METRE. ) );
#8161 = UNCERTAINTY_MEASURE_WITH_UNIT (LENGTH_MEASURE( 1.000000000000000082E-05 ), #919, 'distance_accuracy_value', 'NONE');
#8162 =( NAMED_UNIT ( * ) SI_UNIT ( $, .STERADIAN. ) SOLID_ANGLE_UNIT ( ) );
#8163 = COLOUR_RGB ( '',0.6666666666666666297, 0.6941176470588235059, 0.7647058823529411242 ) ;
#8164 = CARTESIAN_POINT ( 'NONE',  ( 0.6147563491446254025, 0.5399999999999999245, 0.1393985191113879807 ) ) ;
#8165 = EDGE_CURVE ( 'NONE', #3219, #9274, #6479, .T. ) ;
#8166 = ORIENTED_EDGE ( 'NONE', *, *, #3642, .T. ) ;
#8167 = MECHANICAL_DESIGN_GEOMETRIC_PRESENTATION_REPRESENTATION (  '', ( #4775 ), #8689 ) ;
#8168 = DIRECTION ( 'NONE',  ( 0.0000000000000000000, 0.0000000000000000000, 1.000000000000000000 ) ) ;
#8169 = CARTESIAN_POINT ( 'NONE',  ( -0.3543169070512820484, 0.5500000000000000444, 0.2637673139767615083 ) ) ;
#8170 = PRESENTATION_LAYER_ASSIGNMENT (  '', '', ( #6246 ) ) ;
#8171 = ORIENTED_EDGE ( 'NONE', *, *, #5778, .T. ) ;
#8172 = CARTESIAN_POINT ( 'NONE',  ( -0.2659755608974359031, 0.5499999999999999334, 0.2551535319254794598 ) ) ;
#8173 = VECTOR ( 'NONE', #624, 1000.000000000000000 ) ;
#8174 = AXIS2_PLACEMENT_3D ( 'NONE', #6699, #2109, #6657 ) ;
#8175 = CARTESIAN_POINT ( 'NONE',  ( -0.1730769230769231282, 0.5500000000000000444, 0.2829980832075307262 ) ) ;
#8176 = CARTESIAN_POINT ( 'NONE',  ( 0.6496274975566153076, 0.5400000000000000355, 0.1700006404986457165 ) ) ;
#8177 = DIRECTION ( 'NONE',  ( -1.000000000000000000, 0.0000000000000000000, 0.0000000000000000000 ) ) ;
#8178 = CARTESIAN_POINT ( 'NONE',  ( 0.5786907968180602380, 0.5499999999999996003, 0.1865185497295742123 ) ) ;
#8179 =( GEOMETRIC_REPRESENTATION_CONTEXT ( 3 ) GLOBAL_UNCERTAINTY_ASSIGNED_CONTEXT ( ( #6861 ) ) GLOBAL_UNIT_ASSIGNED_CONTEXT ( ( #583, #8203, #5224 ) ) REPRESENTATION_CONTEXT ( 'NONE', 'WORKASPACE' ) );
#8180 = ORIENTED_EDGE ( 'NONE', *, *, #7704, .F. ) ;
#8181 = LINE ( 'NONE', #1203, #1320 ) ;
#8182 = PRESENTATION_LAYER_ASSIGNMENT (  '', '', ( #9014 ) ) ;
#8183 = CARTESIAN_POINT ( 'NONE',  ( -0.3543169070512820484, 0.5499999999999996003, 0.2637673139767615083 ) ) ;
#8184 = CARTESIAN_POINT ( 'NONE',  ( 0.7016214027439442447, 0.5400000000000001465, 0.2232186928706441087 ) ) ;
#8185 = ORIENTED_EDGE ( 'NONE', *, *, #1013, .T. ) ;
#8186 = CARTESIAN_POINT ( 'NONE',  ( 0.4423076923076926792, 0.5400000000000000355, 0.2829980832075307262 ) ) ;
#8187 = CIRCLE ( 'NONE', #4571, 0.1000000000000001027 ) ;
#8188 = DIRECTION ( 'NONE',  ( -0.0000000000000000000, 1.000000000000000000, -0.0000000000000000000 ) ) ;
#8189 = FILL_AREA_STYLE ('',( #9728 ) ) ;
#8190 = FILL_AREA_STYLE_COLOUR ( '', #4231 ) ;
#8191 = DIRECTION ( 'NONE',  ( -0.0000000000000000000, -1.000000000000000000, -0.0000000000000000000 ) ) ;
#8192 = VECTOR ( 'NONE', #7969, 1000.000000000000000 ) ;
#8193 = UNCERTAINTY_MEASURE_WITH_UNIT (LENGTH_MEASURE( 1.000000000000000082E-05 ), #3383, 'distance_accuracy_value', 'NONE');
#8194 = ORIENTED_EDGE ( 'NONE', *, *, #7777, .T. ) ;
#8195 = CARTESIAN_POINT ( 'NONE',  ( -0.1506410256410256887, 0.5500000000000000444, 0.2829980832075307262 ) ) ;
#8196 = FILL_AREA_STYLE ('',( #2972 ) ) ;
#8197 = CARTESIAN_POINT ( 'NONE',  ( -0.1506410256410256887, 0.5400000000000000355, 0.05863910884855633859 ) ) ;
#8198 = PLANE ( 'NONE',  #3314 ) ;
#8199 = CARTESIAN_POINT ( 'NONE',  ( -0.2626500012391022043, 0.5499999999999999334, 0.2518291224111581794 ) ) ;
#8200 = ADVANCED_FACE ( 'NONE', ( #1191 ), #4027, .F. ) ;
#8201 = SURFACE_STYLE_USAGE ( .BOTH. , #5880 ) ;
#8202 = CARTESIAN_POINT ( 'NONE',  ( 0.6447465016678133320, 0.5500000000000000444, 0.1679072760510257889 ) ) ;
#8203 =( NAMED_UNIT ( * ) PLANE_ANGLE_UNIT ( ) SI_UNIT ( $, .RADIAN. ) );
#8204 = ORIENTED_EDGE ( 'NONE', *, *, #1258, .F. ) ;
#8205 = CARTESIAN_POINT ( 'NONE',  ( 0.6119648200744239874, 0.5400000000000001465, 0.1652028425418915480 ) ) ;
#8206 = VERTEX_POINT ( 'NONE', #3285 ) ;
#8207 = CARTESIAN_POINT ( 'NONE',  ( -0.8999999999999995781, 0.05000000000000000278, 0.6999999999999996225 ) ) ;
#8208 = EDGE_CURVE ( 'NONE', #4803, #1984, #3859, .T. ) ;
#8209 = CARTESIAN_POINT ( 'NONE',  ( -0.4522745126566935503, 0.5499999999999998224, 0.2088616144082776349 ) ) ;
#8210 = EDGE_CURVE ( 'NONE', #7940, #123, #2800, .T. ) ;
#8211 = ORIENTED_EDGE ( 'NONE', *, *, #9829, .T. ) ;
#8212 = CARTESIAN_POINT ( 'NONE',  ( 0.6542089602110100488, 0.5400000000000001465, 0.2838458454308999124 ) ) ;
#8213 = ORIENTED_EDGE ( 'NONE', *, *, #17, .F. ) ;
#8214 = FILL_AREA_STYLE ('',( #6668 ) ) ;
#8215 = EDGE_CURVE ( 'NONE', #2969, #5184, #582, .T. ) ;
#8216 = FACE_OUTER_BOUND ( 'NONE', #9853, .T. ) ;
#8217 = SURFACE_STYLE_USAGE ( .BOTH. , #5864 ) ;
#8218 =( GEOMETRIC_REPRESENTATION_CONTEXT ( 3 ) GLOBAL_UNCERTAINTY_ASSIGNED_CONTEXT ( ( #4722 ) ) GLOBAL_UNIT_ASSIGNED_CONTEXT ( ( #9415, #6438, #4899 ) ) REPRESENTATION_CONTEXT ( 'NONE', 'WORKASPACE' ) );
#8219 = VERTEX_POINT ( 'NONE', #7109 ) ;
#8220 = ORIENTED_EDGE ( 'NONE', *, *, #7857, .F. ) ;
#8221 = DIRECTION ( 'NONE',  ( 1.000000000000000000, -0.0000000000000000000, 0.0000000000000000000 ) ) ;
#8222 =( NAMED_UNIT ( * ) SI_UNIT ( $, .STERADIAN. ) SOLID_ANGLE_UNIT ( ) );
#8223 = SHAPE_DEFINITION_REPRESENTATION ( #7526, #9735 ) ;
#8224 =( GEOMETRIC_REPRESENTATION_CONTEXT ( 3 ) GLOBAL_UNCERTAINTY_ASSIGNED_CONTEXT ( ( #8463 ) ) GLOBAL_UNIT_ASSIGNED_CONTEXT ( ( #6129, #8443, #4566 ) ) REPRESENTATION_CONTEXT ( 'NONE', 'WORKASPACE' ) );
#8225 = CARTESIAN_POINT ( 'NONE',  ( -0.2600066391765132323, 0.5500000000000000444, 0.2102292479197334363 ) ) ;
#8226 = ORIENTED_EDGE ( 'NONE', *, *, #8082, .F. ) ;
#8227 = AXIS2_PLACEMENT_3D ( 'NONE', #4636, #4021, #9244 ) ;
#8228 = LINE ( 'NONE', #6158, #3104 ) ;
#8229 = CARTESIAN_POINT ( 'NONE',  ( -0.5992087339743591423, 0.5400000000000000355, 0.1554940767972742832 ) ) ;
#8230 = EDGE_CURVE ( 'NONE', #9362, #1351, #2917, .T. ) ;
#8231 = CARTESIAN_POINT ( 'NONE',  ( 0.5713220435601117364, 0.5499999999999999334, 0.2042229707491469426 ) ) ;
#8232 = ORIENTED_EDGE ( 'NONE', *, *, #7332, .F. ) ;
#8233 = CARTESIAN_POINT ( 'NONE',  ( -0.4829242640172842771, 0.5500000000000000444, 0.1243361684839419251 ) ) ;
#8234 = AXIS2_PLACEMENT_3D ( 'NONE', #3662, #3631, #1257 ) ;
#8235 = CARTESIAN_POINT ( 'NONE',  ( -0.2243589743589743390, 0.5400000000000000355, 0.1582985639767614805 ) ) ;
#8236 = STYLED_ITEM ( 'NONE', ( #4873 ), #6904 ) ;
#8237 =( NAMED_UNIT ( * ) PLANE_ANGLE_UNIT ( ) SI_UNIT ( $, .RADIAN. ) );
#8238 = CARTESIAN_POINT ( 'NONE',  ( 0.6230468750000004441, 0.5499999999999999334, 0.1644083396177871415 ) ) ;
#8239 = PLANE ( 'NONE',  #7800 ) ;
#8240 =( NAMED_UNIT ( * ) SI_UNIT ( $, .STERADIAN. ) SOLID_ANGLE_UNIT ( ) );
#8241 = CARTESIAN_POINT ( 'NONE',  ( -0.09999999999999961697, 0.0000000000000000000, 1.309999999999999609 ) ) ;
#8242 = FACE_OUTER_BOUND ( 'NONE', #2223, .T. ) ;
#8243 = PRESENTATION_STYLE_ASSIGNMENT (( #7643 ) ) ;
#8244 = CARTESIAN_POINT ( 'NONE',  ( -0.2487116065675150089, 0.5499999999999996003, 0.1364184559148161890 ) ) ;
#8245 = PRESENTATION_STYLE_ASSIGNMENT (( #3293 ) ) ;
#8246 = ORIENTED_EDGE ( 'NONE', *, *, #2998, .T. ) ;
#8247 = CARTESIAN_POINT ( 'NONE',  ( -0.4999999999999995559, 0.1270000000000000018, -1.309999999999999609 ) ) ;
#8248 = ADVANCED_FACE ( 'NONE', ( #8158 ), #165, .T. ) ;
#8249 = VECTOR ( 'NONE', #5474, 1000.000000000000000 ) ;
#8250 = SURFACE_STYLE_USAGE ( .BOTH. , #2120 ) ;
#8251 = FACE_OUTER_BOUND ( 'NONE', #6219, .T. ) ;
#8252 = FACE_OUTER_BOUND ( 'NONE', #866, .T. ) ;
#8253 = CARTESIAN_POINT ( 'NONE',  ( 0.6342104499429004338, 0.5500000000000000444, 0.2890350391076003667 ) ) ;
#8254 = FILL_AREA_STYLE_COLOUR ( '', #7516 ) ;
#8255 = FACE_OUTER_BOUND ( 'NONE', #1572, .T. ) ;
#8256 = CARTESIAN_POINT ( 'NONE',  ( -0.3550681089743589758, 0.5400000000000000355, 0.2894083396177871137 ) ) ;
#8257 = ORIENTED_EDGE ( 'NONE', *, *, #1149, .T. ) ;
#8258 =( NAMED_UNIT ( * ) PLANE_ANGLE_UNIT ( ) SI_UNIT ( $, .RADIAN. ) );
#8259 = ORIENTED_EDGE ( 'NONE', *, *, #9240, .F. ) ;
#8260 = SURFACE_STYLE_FILL_AREA ( #2948 ) ;
#8261 = CARTESIAN_POINT ( 'NONE',  ( -0.4999999999999995559, 0.1270000000000000018, 1.309999999999999609 ) ) ;
#8262 = ORIENTED_EDGE ( 'NONE', *, *, #6918, .F. ) ;
#8263 = PLANE ( 'NONE',  #2367 ) ;
#8264 = FILL_AREA_STYLE_COLOUR ( '', #8316 ) ;
#8265 = CARTESIAN_POINT ( 'NONE',  ( -0.9100000000000002531, 0.1270000000000000018, -0.7000000000000005107 ) ) ;
#8266 = VECTOR ( 'NONE', #3345, 1000.000000000000000 ) ;
#8267 = ORIENTED_EDGE ( 'NONE', *, *, #7777, .F. ) ;
#8268 = CARTESIAN_POINT ( 'NONE',  ( -0.2299606247841614048, 0.5499999999999998224, 0.1990086217440196203 ) ) ;
#8269 = UNCERTAINTY_MEASURE_WITH_UNIT (LENGTH_MEASURE( 1.000000000000000082E-05 ), #4480, 'distance_accuracy_value', 'NONE');
#8270 = COLOUR_RGB ( '',0.2509803921568627416, 0.2509803921568627416, 0.2509803921568627416 ) ;
#8271 = CARTESIAN_POINT ( 'NONE',  ( 0.5826364890367545790, 0.5500000000000000444, 0.2456616606238895273 ) ) ;
#8272 = VERTEX_POINT ( 'NONE', #133 ) ;
#8273 = SURFACE_STYLE_USAGE ( .BOTH. , #6726 ) ;
#8274 =( LENGTH_UNIT ( ) NAMED_UNIT ( * ) SI_UNIT ( .MILLI., .METRE. ) );
#8275 = ORIENTED_EDGE ( 'NONE', *, *, #2924, .T. ) ;
#8276 = UNCERTAINTY_MEASURE_WITH_UNIT (LENGTH_MEASURE( 1.000000000000000082E-05 ), #5860, 'distance_accuracy_value', 'NONE');
#8277 = SURFACE_SIDE_STYLE ('',( #5104 ) ) ;
#8278 = ORIENTED_EDGE ( 'NONE', *, *, #9690, .T. ) ;
#8279 = EDGE_CURVE ( 'NONE', #6766, #6187, #5634, .T. ) ;
#8280 = LINE ( 'NONE', #6075, #4819 ) ;
#8281 = EDGE_LOOP ( 'NONE', ( #2983, #6536, #3567, #2625 ) ) ;
#8282 = CARTESIAN_POINT ( 'NONE',  ( -0.4868527713393550616, 0.5500000000000001554, 0.1722619886162300440 ) ) ;
#8283 = CARTESIAN_POINT ( 'NONE',  ( -0.2834308591000357924, 0.5499999999999994893, 0.07843042314809549331 ) ) ;
#8284 = STYLED_ITEM ( 'NONE', ( #75 ), #4606 ) ;
#8285 = VECTOR ( 'NONE', #9845, 1000.000000000000000 ) ;
#8286 = DIRECTION ( 'NONE',  ( -0.0000000000000000000, 1.000000000000000000, -0.0000000000000000000 ) ) ;
#8287 = STYLED_ITEM ( 'NONE', ( #6088 ), #1464 ) ;
#8288 = LINE ( 'NONE', #6940, #353 ) ;
#8289 = SURFACE_STYLE_USAGE ( .BOTH. , #2087 ) ;
#8290 = AXIS2_PLACEMENT_3D ( 'NONE', #246, #7034, #8722 ) ;
#8291 = EDGE_CURVE ( 'NONE', #6593, #2481, #1550, .T. ) ;
#8292 = EDGE_CURVE ( 'NONE', #8091, #7013, #7436, .T. ) ;
#8293 = CARTESIAN_POINT ( 'NONE',  ( -0.6251001602564105752, 0.5500000000000000444, 0.1554940767972742832 ) ) ;
#8294 = SURFACE_STYLE_USAGE ( .BOTH. , #2966 ) ;
#8295 = CARTESIAN_POINT ( 'NONE',  ( 0.3000000000000003775, 0.1270000000000000018, -1.309999999999999387 ) ) ;
#8296 = ORIENTED_EDGE ( 'NONE', *, *, #3628, .F. ) ;
#8297 = CARTESIAN_POINT ( 'NONE',  ( 0.6100000000000000977, 0.1270000000000000018, -0.1000000000000001860 ) ) ;
#8298 = EDGE_CURVE ( 'NONE', #4917, #6893, #3746, .T. ) ;
#8299 =( GEOMETRIC_REPRESENTATION_CONTEXT ( 3 ) GLOBAL_UNCERTAINTY_ASSIGNED_CONTEXT ( ( #4016 ) ) GLOBAL_UNIT_ASSIGNED_CONTEXT ( ( #2861, #1261, #8122 ) ) REPRESENTATION_CONTEXT ( 'NONE', 'WORKASPACE' ) );
#8300 = CARTESIAN_POINT ( 'NONE',  ( -0.2999999999999994893, 0.05000000000000000278, 0.0000000000000000000 ) ) ;
#8301 = CARTESIAN_POINT ( 'NONE',  ( -0.3112362177066161917, 0.5500000000000003775, 0.2557885271421278528 ) ) ;
#8302 = AXIS2_PLACEMENT_3D ( 'NONE', #3376, #7978, #6498 ) ;
#8303 =( NAMED_UNIT ( * ) SI_UNIT ( $, .STERADIAN. ) SOLID_ANGLE_UNIT ( ) );
#8304 = DIRECTION ( 'NONE',  ( 0.0000000000000000000, 0.0000000000000000000, -1.000000000000000000 ) ) ;
#8305 = CARTESIAN_POINT ( 'NONE',  ( -0.2476318719173560279, 0.5499999999999998224, 0.2345008093955208983 ) ) ;
#8306 = ADVANCED_FACE ( 'NONE', ( #1420 ), #4257, .T. ) ;
#8307 = CARTESIAN_POINT ( 'NONE',  ( -0.4178977118224568854, 0.5400000000000000355, 0.2747215797100208134 ) ) ;
#8308 = VERTEX_POINT ( 'NONE', #894 ) ;
#8309 =( LENGTH_UNIT ( ) NAMED_UNIT ( * ) SI_UNIT ( .MILLI., .METRE. ) );
#8310 =( NAMED_UNIT ( * ) SI_UNIT ( $, .STERADIAN. ) SOLID_ANGLE_UNIT ( ) );
#8311 = LINE ( 'NONE', #4322, #4264 ) ;
#8312 = CARTESIAN_POINT ( 'NONE',  ( 0.6755463659830874823, 0.5499999999999998224, 0.2332751043208612651 ) ) ;
#8313 = CARTESIAN_POINT ( 'NONE',  ( -0.3455826287191777202, 0.5500000000000000444, 0.2891827674181218777 ) ) ;
#8314 = CARTESIAN_POINT ( 'NONE',  ( -0.1999999999999995393, 0.0000000000000000000, 1.009999999999999787 ) ) ;
#8315 = AXIS2_PLACEMENT_3D ( 'NONE', #6655, #612, #7506 ) ;
#8316 = COLOUR_RGB ( '',1.000000000000000000, 1.000000000000000000, 1.000000000000000000 ) ;
#8317 = EDGE_LOOP ( 'NONE', ( #4168, #1034, #6480, #4681, #9220, #1356 ) ) ;
#8318 = ORIENTED_EDGE ( 'NONE', *, *, #2121, .T. ) ;
#8319 = CARTESIAN_POINT ( 'NONE',  ( -0.4063769538215191157, 0.5399999999999999245, 0.2800917570271135304 ) ) ;
#8320 =( GEOMETRIC_REPRESENTATION_CONTEXT ( 3 ) GLOBAL_UNCERTAINTY_ASSIGNED_CONTEXT ( ( #4521 ) ) GLOBAL_UNIT_ASSIGNED_CONTEXT ( ( #4103, #7825, #7790 ) ) REPRESENTATION_CONTEXT ( 'NONE', 'WORKASPACE' ) );
#8321 =( NAMED_UNIT ( * ) SI_UNIT ( $, .STERADIAN. ) SOLID_ANGLE_UNIT ( ) );
#8322 = CARTESIAN_POINT ( 'NONE',  ( -0.4592082822790987673, 0.5400000000000001465, 0.1239191042656278691 ) ) ;
#8323 = VECTOR ( 'NONE', #5575, 1000.000000000000000 ) ;
#8324 = SURFACE_SIDE_STYLE ('',( #9849 ) ) ;
#8325 = SURFACE_STYLE_FILL_AREA ( #8156 ) ;
#8326 = ORIENTED_EDGE ( 'NONE', *, *, #1683, .T. ) ;
#8327 = DIRECTION ( 'NONE',  ( 0.0000000000000000000, -0.0000000000000000000, 1.000000000000000000 ) ) ;
#8328 = EDGE_LOOP ( 'NONE', ( #9954, #9060, #9887, #1758 ) ) ;
#8329 = MECHANICAL_DESIGN_GEOMETRIC_PRESENTATION_REPRESENTATION (  '', ( #1126 ), #216 ) ;
#8330 = VECTOR ( 'NONE', #9841, 1000.000000000000000 ) ;
#8331 = ORIENTED_EDGE ( 'NONE', *, *, #1602, .T. ) ;
#8332 = CARTESIAN_POINT ( 'NONE',  ( 0.1000000000000004774, 0.05000000000000000278, -1.300000000000000266 ) ) ;
#8333 = CARTESIAN_POINT ( 'NONE',  ( 0.9100000000000002531, 0.0000000000000000000, -0.3000000000000005995 ) ) ;
#8334 = VERTEX_POINT ( 'NONE', #1914 ) ;
#8335 = EDGE_CURVE ( 'NONE', #3107, #3208, #5033, .T. ) ;
#8336 = DIRECTION ( 'NONE',  ( 0.0000000000000000000, 0.0000000000000000000, 1.000000000000000000 ) ) ;
#8337 = ORIENTED_EDGE ( 'NONE', *, *, #8413, .T. ) ;
#8338 = CARTESIAN_POINT ( 'NONE',  ( -0.09999999999999961697, 0.5500000000000000444, -1.300000000000000266 ) ) ;
#8339 = DIRECTION ( 'NONE',  ( 1.000000000000000000, 0.0000000000000000000, 0.0000000000000000000 ) ) ;
#8340 = FACE_OUTER_BOUND ( 'NONE', #4974, .T. ) ;
#8341 = LINE ( 'NONE', #363, #8944 ) ;
#8342 = CARTESIAN_POINT ( 'NONE',  ( -0.09999999999999961697, 0.1270000000000000018, 1.309999999999999609 ) ) ;
#8343 = CARTESIAN_POINT ( 'NONE',  ( 0.6342941286795515943, 0.5400000000000000355, 0.1652070819653184419 ) ) ;
#8344 = LINE ( 'NONE', #759, #2624 ) ;
#8345 = CARTESIAN_POINT ( 'NONE',  ( -0.2552127161217210838, 0.5400000000000001465, 0.2004637907756898207 ) ) ;
#8346 = UNCERTAINTY_MEASURE_WITH_UNIT (LENGTH_MEASURE( 1.000000000000000082E-05 ), #8444, 'distance_accuracy_value', 'NONE');
#8347 =( NAMED_UNIT ( * ) PLANE_ANGLE_UNIT ( ) SI_UNIT ( $, .RADIAN. ) );
#8348 = CARTESIAN_POINT ( 'NONE',  ( 0.6250000000000004441, 0.5400000000000000355, 0.2637673139767615083 ) ) ;
#8349 = VERTEX_POINT ( 'NONE', #7251 ) ;
#8350 = PRESENTATION_STYLE_ASSIGNMENT (( #4599 ) ) ;
#8351 = CARTESIAN_POINT ( 'NONE',  ( -0.3817034702659949374, 0.5499999999999999334, 0.2872018415887776510 ) ) ;
#8352 = EDGE_CURVE ( 'NONE', #7736, #6051, #1539, .T. ) ;
#8353 = CARTESIAN_POINT ( 'NONE',  ( -0.6999999999999994005, 0.04999999999999999584, 1.009999999999999565 ) ) ;
#8354 = VECTOR ( 'NONE', #8221, 1000.000000000000000 ) ;
#8355 = CARTESIAN_POINT ( 'NONE',  ( -0.4104749589422161393, 0.5400000000000000355, 0.06638721438429986965 ) ) ;
#8356 = PLANE ( 'NONE',  #7368 ) ;
#8357 = EDGE_CURVE ( 'NONE', #6893, #5886, #1182, .T. ) ;
#8358 = LINE ( 'NONE', #1122, #48 ) ;
#8359 =( GEOMETRIC_REPRESENTATION_CONTEXT ( 3 ) GLOBAL_UNCERTAINTY_ASSIGNED_CONTEXT ( ( #8585 ) ) GLOBAL_UNIT_ASSIGNED_CONTEXT ( ( #2006, #6542, #2690 ) ) REPRESENTATION_CONTEXT ( 'NONE', 'WORKASPACE' ) );
#8360 = CARTESIAN_POINT ( 'NONE',  ( 0.6635477433621778109, 0.5400000000000001465, 0.2793741989300118633 ) ) ;
#8361 = STYLED_ITEM ( 'NONE', ( #8834 ), #2291 ) ;
#8362 = DIRECTION ( 'NONE',  ( -0.0000000000000000000, 1.000000000000000000, -0.0000000000000000000 ) ) ;
#8363 = AXIS2_PLACEMENT_3D ( 'NONE', #2945, #5181, #607 ) ;
#8364 = CARTESIAN_POINT ( 'NONE',  ( -0.5208333333333334814, 0.5400000000000000355, 0.03299808320753071927 ) ) ;
#8365 = ADVANCED_FACE ( 'NONE', ( #5988 ), #3522, .F. ) ;
#8366 = EDGE_CURVE ( 'NONE', #9339, #6907, #7795, .T. ) ;
#8367 = FACE_OUTER_BOUND ( 'NONE', #279, .T. ) ;
#8368 = DIRECTION ( 'NONE',  ( 0.0000000000000000000, 0.0000000000000000000, 1.000000000000000000 ) ) ;
#8369 = LINE ( 'NONE', #8456, #2134 ) ;
#8370 = CARTESIAN_POINT ( 'NONE',  ( -0.3048225651453235208, 0.5400000000000002576, 0.03589289868537365313 ) ) ;
#8371 = CARTESIAN_POINT ( 'NONE',  ( 0.5766277668924005839, 0.5400000000000000355, 0.2376077066549550088 ) ) ;
#8372 = AXIS2_PLACEMENT_3D ( 'NONE', #7289, #2781, #9609 ) ;
#8373 = CARTESIAN_POINT ( 'NONE',  ( 0.6000000000000004219, 0.1270000000000000018, -1.009999999999999565 ) ) ;
#8374 = CARTESIAN_POINT ( 'NONE',  ( 0.1634615384615385469, 0.5400000000000000355, 0.2297629069254794321 ) ) ;
#8375 = CARTESIAN_POINT ( 'NONE',  ( -0.2404751671744071728, 0.5500000000000000444, 0.2232129819109197610 ) ) ;
#8376 = LINE ( 'NONE', #7941, #7649 ) ;
#8377 = CARTESIAN_POINT ( 'NONE',  ( -0.1506410256410256887, 0.5500000000000000444, 0.05863910884855633859 ) ) ;
#8378 = CARTESIAN_POINT ( 'NONE',  ( 0.6410099379985354506, 0.5500000000000003775, 0.2618086189749411208 ) ) ;
#8379 = CARTESIAN_POINT ( 'NONE',  ( -0.2471132842308177424, 0.5400000000000001465, 0.1688507822281404280 ) ) ;
#8380 = SURFACE_STYLE_FILL_AREA ( #19 ) ;
#8381 = SURFACE_STYLE_FILL_AREA ( #7472 ) ;
#8382 = VERTEX_POINT ( 'NONE', #8048 ) ;
#8383 = CARTESIAN_POINT ( 'NONE',  ( -0.4063769538215191157, 0.5499999999999999334, 0.2800917570271135304 ) ) ;
#8384 = UNCERTAINTY_MEASURE_WITH_UNIT (LENGTH_MEASURE( 1.000000000000000082E-05 ), #6389, 'distance_accuracy_value', 'NONE');
#8385 = ORIENTED_EDGE ( 'NONE', *, *, #2721, .T. ) ;
#8386 =( NAMED_UNIT ( * ) SI_UNIT ( $, .STERADIAN. ) SOLID_ANGLE_UNIT ( ) );
#8387 = CARTESIAN_POINT ( 'NONE',  ( -0.2476373699108612159, 0.5399999999999998135, 0.1433488965953990668 ) ) ;
#8388 = VECTOR ( 'NONE', #4804, 1000.000000000000000 ) ;
#8389 = SURFACE_STYLE_FILL_AREA ( #7936 ) ;
#8390 = CARTESIAN_POINT ( 'NONE',  ( -0.6251001602564104642, 0.5500000000000000444, 0.1554940767972742832 ) ) ;
#8391 = ORIENTED_EDGE ( 'NONE', *, *, #2794, .F. ) ;
#8392 = VERTEX_POINT ( 'NONE', #310 ) ;
#8393 = FILL_AREA_STYLE_COLOUR ( '', #3530 ) ;
#8394 = EDGE_LOOP ( 'NONE', ( #1358, #1209, #7206, #2021 ) ) ;
#8395 = AXIS2_PLACEMENT_3D ( 'NONE', #4642, #37, #1502 ) ;
#8396 = LINE ( 'NONE', #348, #5270 ) ;
#8397 = VERTEX_POINT ( 'NONE', #4964 ) ;
#8398 = PLANE ( 'NONE',  #9126 ) ;
#8399 = UNCERTAINTY_MEASURE_WITH_UNIT (LENGTH_MEASURE( 1.000000000000000082E-05 ), #2540, 'distance_accuracy_value', 'NONE');
#8400 = DIRECTION ( 'NONE',  ( 1.000000000000000000, 0.0000000000000000000, -3.336006684570783101E-16 ) ) ;
#8401 = ORIENTED_EDGE ( 'NONE', *, *, #7760, .T. ) ;
#8402 = CARTESIAN_POINT ( 'NONE',  ( -0.3543169070512820484, 0.5400000000000000355, 0.2637673139767615083 ) ) ;
#8403 = CARTESIAN_POINT ( 'NONE',  ( 0.3960837339743593644, 0.5400000000000000355, 0.03299808320753071927 ) ) ;
#8404 = CARTESIAN_POINT ( 'NONE',  ( -0.2933396639028052477, 0.5399999999999999245, 0.04127660005393525566 ) ) ;
#8405 = CARTESIAN_POINT ( 'NONE',  ( 0.5993035218074244108, 0.5400000000000000355, 0.2581919836609248287 ) ) ;
#8406 = LINE ( 'NONE', #6201, #5770 ) ;
#8407 =( LENGTH_UNIT ( ) NAMED_UNIT ( * ) SI_UNIT ( .MILLI., .METRE. ) );
#8408 = DIRECTION ( 'NONE',  ( -0.0000000000000000000, 1.000000000000000000, -0.0000000000000000000 ) ) ;
#8409 = FILL_AREA_STYLE_COLOUR ( '', #4776 ) ;
#8410 = DIRECTION ( 'NONE',  ( -3.336006684570783101E-16, 0.0000000000000000000, -1.000000000000000000 ) ) ;
#8411 = CARTESIAN_POINT ( 'NONE',  ( -0.2487632900468411401, 0.5400000000000001465, 0.1797906266732110236 ) ) ;
#8412 = EDGE_CURVE ( 'NONE', #2824, #197, #8396, .T. ) ;
#8413 = EDGE_CURVE ( 'NONE', #3384, #6051, #4338, .T. ) ;
#8414 = FACE_OUTER_BOUND ( 'NONE', #2359, .T. ) ;
#8415 = ORIENTED_EDGE ( 'NONE', *, *, #6041, .T. ) ;
#8416 = CARTESIAN_POINT ( 'NONE',  ( -0.3543169070512820484, 0.5400000000000000355, 0.2637673139767615083 ) ) ;
#8417 = CARTESIAN_POINT ( 'NONE',  ( -0.4868527713393550616, 0.5400000000000001465, 0.1722619886162300440 ) ) ;
#8418 = PLANE ( 'NONE',  #8959 ) ;
#8419 = CARTESIAN_POINT ( 'NONE',  ( -0.006410256410256351053, 0.5400000000000000355, 0.03299808320753071927 ) ) ;
#8420 = STYLED_ITEM ( 'NONE', ( #1382 ), #5539 ) ;
#8421 =( GEOMETRIC_REPRESENTATION_CONTEXT ( 3 ) GLOBAL_UNCERTAINTY_ASSIGNED_CONTEXT ( ( #2539 ) ) GLOBAL_UNIT_ASSIGNED_CONTEXT ( ( #119, #51, #1653 ) ) REPRESENTATION_CONTEXT ( 'NONE', 'WORKASPACE' ) );
#8422 = PRESENTATION_STYLE_ASSIGNMENT (( #4313 ) ) ;
#8423 = VERTEX_POINT ( 'NONE', #1098 ) ;
#8424 = PLANE ( 'NONE',  #8395 ) ;
#8425 = FACE_OUTER_BOUND ( 'NONE', #5616, .T. ) ;
#8426 = STYLED_ITEM ( 'NONE', ( #2770 ), #8912 ) ;
#8427 = SURFACE_SIDE_STYLE ('',( #8713 ) ) ;
#8428 = ORIENTED_EDGE ( 'NONE', *, *, #416, .F. ) ;
#8429 = DIRECTION ( 'NONE',  ( 1.000000000000000000, -0.0000000000000000000, -0.0000000000000000000 ) ) ;
#8430 = VECTOR ( 'NONE', #7694, 1000.000000000000000 ) ;
#8431 =( GEOMETRIC_REPRESENTATION_CONTEXT ( 3 ) GLOBAL_UNCERTAINTY_ASSIGNED_CONTEXT ( ( #9073 ) ) GLOBAL_UNIT_ASSIGNED_CONTEXT ( ( #2478, #7078, #4061 ) ) REPRESENTATION_CONTEXT ( 'NONE', 'WORKASPACE' ) );
#8432 = ORIENTED_EDGE ( 'NONE', *, *, #1214, .F. ) ;
#8433 = ORIENTED_EDGE ( 'NONE', *, *, #896, .F. ) ;
#8434 = PRESENTATION_LAYER_ASSIGNMENT (  '', '', ( #2865 ) ) ;
#8435 =( NAMED_UNIT ( * ) SI_UNIT ( $, .STERADIAN. ) SOLID_ANGLE_UNIT ( ) );
#8436 = FILL_AREA_STYLE_COLOUR ( '', #8513 ) ;
#8437 = CARTESIAN_POINT ( 'NONE',  ( -0.2246853404934035237, 0.5400000000000001465, 0.1448042587625409661 ) ) ;
#8438 = CARTESIAN_POINT ( 'NONE',  ( 0.5993035218074244108, 0.5500000000000000444, 0.2581919836609248287 ) ) ;
#8439 =( NAMED_UNIT ( * ) SI_UNIT ( $, .STERADIAN. ) SOLID_ANGLE_UNIT ( ) );
#8440 = CARTESIAN_POINT ( 'NONE',  ( -0.2999999999999994893, 0.04999999999999999584, 1.009999999999999565 ) ) ;
#8441 =( LENGTH_UNIT ( ) NAMED_UNIT ( * ) SI_UNIT ( .MILLI., .METRE. ) );
#8442 = EDGE_LOOP ( 'NONE', ( #5598, #4850, #7316, #7323 ) ) ;
#8443 =( NAMED_UNIT ( * ) PLANE_ANGLE_UNIT ( ) SI_UNIT ( $, .RADIAN. ) );
#8444 =( LENGTH_UNIT ( ) NAMED_UNIT ( * ) SI_UNIT ( .MILLI., .METRE. ) );
#8445 = CARTESIAN_POINT ( 'NONE',  ( -0.4849713829259246212, 0.5499999999999999334, 0.1850860972477258726 ) ) ;
#8446 = VECTOR ( 'NONE', #8779, 1000.000000000000000 ) ;
#8447 = ORIENTED_EDGE ( 'NONE', *, *, #1132, .F. ) ;
#8448 = CARTESIAN_POINT ( 'NONE',  ( 0.5656336771649221884, 0.5399999999999999245, 0.1573654595344707863 ) ) ;
#8449 = FILL_AREA_STYLE_COLOUR ( '', #9794 ) ;
#8450 = PRESENTATION_LAYER_ASSIGNMENT (  '', '', ( #198 ) ) ;
#8451 = DIRECTION ( 'NONE',  ( -0.0000000000000000000, -1.000000000000000000, -0.0000000000000000000 ) ) ;
#8452 = ORIENTED_EDGE ( 'NONE', *, *, #2172, .T. ) ;
#8453 = CARTESIAN_POINT ( 'NONE',  ( 0.6594899919068388794, 0.5399999999999999245, 0.2526761605932171251 ) ) ;
#8454 = ORIENTED_EDGE ( 'NONE', *, *, #1811, .T. ) ;
#8455 = VECTOR ( 'NONE', #6137, 1000.000000000000000 ) ;
#8456 = CARTESIAN_POINT ( 'NONE',  ( -0.1506410256410256887, 0.5400000000000000355, 0.1612032114126589200 ) ) ;
#8457 = PLANE ( 'NONE',  #7943 ) ;
#8458 = DIRECTION ( 'NONE',  ( -0.0000000000000000000, -1.000000000000000000, -0.0000000000000000000 ) ) ;
#8459 = PRESENTATION_STYLE_ASSIGNMENT (( #4923 ) ) ;
#8460 = ADVANCED_FACE ( 'NONE', ( #5755 ), #4235, .T. ) ;
#8461 = CARTESIAN_POINT ( 'NONE',  ( 0.6268546784654381865, 0.5500000000000001554, 0.2637123781629190367 ) ) ;
#8462 = DIRECTION ( 'NONE',  ( -0.0000000000000000000, -1.000000000000000000, -0.0000000000000000000 ) ) ;
#8463 = UNCERTAINTY_MEASURE_WITH_UNIT (LENGTH_MEASURE( 1.000000000000000082E-05 ), #6129, 'distance_accuracy_value', 'NONE');
#8464 = EDGE_CURVE ( 'NONE', #3883, #1319, #5628, .T. ) ;
#8465 = CARTESIAN_POINT ( 'NONE',  ( -0.3294333177309709537, 0.5400000000000002576, 0.02879258023798501528 ) ) ;
#8466 =( NAMED_UNIT ( * ) SI_UNIT ( $, .STERADIAN. ) SOLID_ANGLE_UNIT ( ) );
#8467 = CARTESIAN_POINT ( 'NONE',  ( 0.9100000000000002531, 0.1270000000000000018, 0.6999999999999997335 ) ) ;
#8468 = VERTEX_POINT ( 'NONE', #7434 ) ;
#8469 = FILL_AREA_STYLE_COLOUR ( '', #2508 ) ;
#8470 = DIRECTION ( 'NONE',  ( -0.0000000000000000000, -1.000000000000000000, -0.0000000000000000000 ) ) ;
#8471 = CARTESIAN_POINT ( 'NONE',  ( -0.3361883684470983180, 0.5400000000000001465, 0.2882248905715693588 ) ) ;
#8472 =( GEOMETRIC_REPRESENTATION_CONTEXT ( 3 ) GLOBAL_UNCERTAINTY_ASSIGNED_CONTEXT ( ( #3999 ) ) GLOBAL_UNIT_ASSIGNED_CONTEXT ( ( #8643, #845, #4011 ) ) REPRESENTATION_CONTEXT ( 'NONE', 'WORKASPACE' ) );
#8473 = VECTOR ( 'NONE', #2125, 1000.000000000000000 ) ;
#8474 = CARTESIAN_POINT ( 'NONE',  ( 0.6195080372088381804, 0.5400000000000000355, 0.2636046543551101018 ) ) ;
#8475 = AXIS2_PLACEMENT_3D ( 'NONE', #7865, #4752, #1687 ) ;
#8476 = DIRECTION ( 'NONE',  ( -0.0000000000000000000, -1.000000000000000000, -0.0000000000000000000 ) ) ;
#8477 = CARTESIAN_POINT ( 'NONE',  ( 0.6148394138948918286, 0.5499999999999999334, 0.1391028097395513863 ) ) ;
#8478 = PRESENTATION_LAYER_ASSIGNMENT (  '', '', ( #4209 ) ) ;
#8479 = EDGE_CURVE ( 'NONE', #8833, #9773, #2149, .T. ) ;
#8480 = VERTEX_POINT ( 'NONE', #4344 ) ;
#8481 = CARTESIAN_POINT ( 'NONE',  ( 0.6358614866674757726, 0.5399999999999998135, 0.2629560938272449966 ) ) ;
#8482 = DIRECTION ( 'NONE',  ( -0.6177208787939507673, 0.0000000000000000000, 0.7863974287229258398 ) ) ;
#8483 = STYLED_ITEM ( 'NONE', ( #1717 ), #83 ) ;
#8484 = FACE_OUTER_BOUND ( 'NONE', #1145, .T. ) ;
#8485 = MECHANICAL_DESIGN_GEOMETRIC_PRESENTATION_REPRESENTATION (  '', ( #2549 ), #968 ) ;
#8486 = FACE_OUTER_BOUND ( 'NONE', #1346, .T. ) ;
#8487 = MECHANICAL_DESIGN_GEOMETRIC_PRESENTATION_REPRESENTATION (  '', ( #9001 ), #8629 ) ;
#8488 = LINE ( 'NONE', #9322, #4904 ) ;
#8489 = ORIENTED_EDGE ( 'NONE', *, *, #6824, .F. ) ;
#8490 = FILL_AREA_STYLE ('',( #3160 ) ) ;
#8491 = MECHANICAL_DESIGN_GEOMETRIC_PRESENTATION_REPRESENTATION (  '', ( #4907 ), #4781 ) ;
#8492 = VECTOR ( 'NONE', #2495, 1000.000000000000000 ) ;
#8493 = CARTESIAN_POINT ( 'NONE',  ( -0.6999999999999994005, 0.0000000000000000000, -1.309999999999999609 ) ) ;
#8494 = VECTOR ( 'NONE', #5590, 1000.000000000000000 ) ;
#8495 =( NAMED_UNIT ( * ) SI_UNIT ( $, .STERADIAN. ) SOLID_ANGLE_UNIT ( ) );
#8496 = FACE_OUTER_BOUND ( 'NONE', #5697, .T. ) ;
#8497 = LINE ( 'NONE', #5468, #8618 ) ;
#8498 = SURFACE_STYLE_USAGE ( .BOTH. , #2379 ) ;
#8499 = CARTESIAN_POINT ( 'NONE',  ( -0.2623350137181155173, 0.5500000000000001554, 0.06456386678074668706 ) ) ;
#8500 = CARTESIAN_POINT ( 'NONE',  ( -0.4871794871794872250, 0.5400000000000000355, 0.1590998460280435567 ) ) ;
#8501 = DIRECTION ( 'NONE',  ( 0.0000000000000000000, 0.0000000000000000000, -1.000000000000000000 ) ) ;
#8502 = EDGE_LOOP ( 'NONE', ( #9760, #6534, #9704, #9873 ) ) ;
#8503 = CARTESIAN_POINT ( 'NONE',  ( 0.5000000000000004441, 0.0000000000000000000, -1.009999999999999343 ) ) ;
#8504 = CARTESIAN_POINT ( 'NONE',  ( -0.4861602957040944695, 0.5400000000000000355, 0.1414220940559241801 ) ) ;
#8505 = EDGE_LOOP ( 'NONE', ( #9712, #8275, #3802, #9222, #6228, #5679 ) ) ;
#8506 = UNCERTAINTY_MEASURE_WITH_UNIT (LENGTH_MEASURE( 1.000000000000000082E-05 ), #3275, 'distance_accuracy_value', 'NONE');
#8507 = CARTESIAN_POINT ( 'NONE',  ( 0.0000000000000000000, 0.05000000000000000278, -0.1000000000000001860 ) ) ;
#8508 = LINE ( 'NONE', #9137, #7545 ) ;
#8509 = SURFACE_SIDE_STYLE ('',( #1820 ) ) ;
#8510 = ORIENTED_EDGE ( 'NONE', *, *, #4214, .T. ) ;
#8511 = STYLED_ITEM ( 'NONE', ( #1962 ), #7314 ) ;
#8512 =( LENGTH_UNIT ( ) NAMED_UNIT ( * ) SI_UNIT ( .MILLI., .METRE. ) );
#8513 = COLOUR_RGB ( '',0.6666666666666666297, 0.6941176470588235059, 0.7647058823529411242 ) ;
#8514 = CARTESIAN_POINT ( 'NONE',  ( 0.6898819047248814229, 0.5400000000000000355, 0.1713565703813925978 ) ) ;
#8515 = VECTOR ( 'NONE', #6429, 1000.000000000000000 ) ;
#8516 = PRESENTATION_STYLE_ASSIGNMENT (( #7169 ) ) ;
#8517 = EDGE_LOOP ( 'NONE', ( #4860, #2418, #8687, #9110 ) ) ;
#8518 = CARTESIAN_POINT ( 'NONE',  ( 0.5481613120059634081, 0.5500000000000002665, 0.2107119316595731096 ) ) ;
#8519 = SURFACE_STYLE_USAGE ( .BOTH. , #816 ) ;
#8520 = VERTEX_POINT ( 'NONE', #8826 ) ;
#8521 = ADVANCED_FACE ( 'NONE', ( #3255 ), #1245, .F. ) ;
#8522 = CARTESIAN_POINT ( 'NONE',  ( 0.6067995878281566835, 0.5399999999999999245, 0.1663899186548048470 ) ) ;
#8523 = VECTOR ( 'NONE', #6299, 1000.000000000000000 ) ;
#8524 = VERTEX_POINT ( 'NONE', #4369 ) ;
#8525 = FILL_AREA_STYLE ('',( #4640 ) ) ;
#8526 =( GEOMETRIC_REPRESENTATION_CONTEXT ( 3 ) GLOBAL_UNCERTAINTY_ASSIGNED_CONTEXT ( ( #7407 ) ) GLOBAL_UNIT_ASSIGNED_CONTEXT ( ( #2035, #9000, #6621 ) ) REPRESENTATION_CONTEXT ( 'NONE', 'WORKASPACE' ) );
#8527 = ORIENTED_EDGE ( 'NONE', *, *, #674, .F. ) ;
#8528 = LINE ( 'NONE', #1788, #7806 ) ;
#8529 = FILL_AREA_STYLE ('',( #3763 ) ) ;
#8530 = EDGE_CURVE ( 'NONE', #8660, #9684, #4221, .T. ) ;
#8531 = LINE ( 'NONE', #786, #3282 ) ;
#8532 = DIRECTION ( 'NONE',  ( -1.000000000000000000, 0.0000000000000000000, 0.0000000000000000000 ) ) ;
#8533 = CARTESIAN_POINT ( 'NONE',  ( 0.6426403141202183811, 0.5500000000000000444, 0.1400046025345051959 ) ) ;
#8534 = CARTESIAN_POINT ( 'NONE',  ( 0.3814102564102567761, 0.5400000000000000355, 0.05863910884855633859 ) ) ;
#8535 = SURFACE_SIDE_STYLE ('',( #1632 ) ) ;
#8536 = ORIENTED_EDGE ( 'NONE', *, *, #8665, .T. ) ;
#8537 = FILL_AREA_STYLE_COLOUR ( '', #7041 ) ;
#8538 = FILL_AREA_STYLE ('',( #3308 ) ) ;
#8539 = COLOUR_RGB ( '',1.000000000000000000, 1.000000000000000000, 1.000000000000000000 ) ;
#8540 = SURFACE_SIDE_STYLE ('',( #3939 ) ) ;
#8541 = EDGE_CURVE ( 'NONE', #8932, #5022, #2757, .T. ) ;
#8542 = CARTESIAN_POINT ( 'NONE',  ( -0.4612085178758508208, 0.5400000000000000355, 0.1306156472301151505 ) ) ;
#8543 = CARTESIAN_POINT ( 'NONE',  ( 0.6496966666897311393, 0.5500000000000002665, 0.1416349676719065032 ) ) ;
#8544 = LINE ( 'NONE', #7590, #2314 ) ;
#8545 = ORIENTED_EDGE ( 'NONE', *, *, #636, .T. ) ;
#8546 = EDGE_CURVE ( 'NONE', #6832, #9284, #2665, .T. ) ;
#8547 = CARTESIAN_POINT ( 'NONE',  ( 0.5495367173850366216, 0.5500000000000003775, 0.1974933473780596804 ) ) ;
#8548 =( NAMED_UNIT ( * ) SI_UNIT ( $, .STERADIAN. ) SOLID_ANGLE_UNIT ( ) );
#8549 = COLOUR_RGB ( '',0.6666666666666666297, 0.6941176470588235059, 0.7647058823529411242 ) ;
#8550 = DIRECTION ( 'NONE',  ( -0.0000000000000000000, 0.0000000000000000000, 1.000000000000000000 ) ) ;
#8551 = MECHANICAL_DESIGN_GEOMETRIC_PRESENTATION_REPRESENTATION (  '', ( #8038 ), #1150 ) ;
#8552 = CARTESIAN_POINT ( 'NONE',  ( -0.3278853687560674968, 0.5400000000000002576, 0.05572059181575256953 ) ) ;
#8553 = FACE_OUTER_BOUND ( 'NONE', #6193, .T. ) ;
#8554 = LINE ( 'NONE', #2829, #8567 ) ;
#8555 =( GEOMETRIC_REPRESENTATION_CONTEXT ( 3 ) GLOBAL_UNCERTAINTY_ASSIGNED_CONTEXT ( ( #2439 ) ) GLOBAL_UNIT_ASSIGNED_CONTEXT ( ( #8309, #9920, #7568 ) ) REPRESENTATION_CONTEXT ( 'NONE', 'WORKASPACE' ) );
#8556 = PRESENTATION_STYLE_ASSIGNMENT (( #4655 ) ) ;
#8557 = ORIENTED_EDGE ( 'NONE', *, *, #9506, .F. ) ;
#8558 = EDGE_CURVE ( 'NONE', #5779, #523, #7783, .T. ) ;
#8559 = FILL_AREA_STYLE ('',( #3825 ) ) ;
#8560 = ORIENTED_EDGE ( 'NONE', *, *, #8157, .T. ) ;
#8561 = CARTESIAN_POINT ( 'NONE',  ( 0.5747647816677741162, 0.5500000000000000444, 0.1426036172223147380 ) ) ;
#8562 = PRESENTATION_LAYER_ASSIGNMENT (  '', '', ( #6513 ) ) ;
#8563 = LINE ( 'NONE', #7631, #7730 ) ;
#8564 = FACE_OUTER_BOUND ( 'NONE', #8505, .T. ) ;
#8565 = SURFACE_SIDE_STYLE ('',( #8015 ) ) ;
#8566 = ADVANCED_FACE ( 'NONE', ( #679 ), #3677, .F. ) ;
#8567 = VECTOR ( 'NONE', #2799, 1000.000000000000000 ) ;
#8568 = CARTESIAN_POINT ( 'NONE',  ( 0.6000000000000004219, 0.0000000000000000000, 1.009999999999999565 ) ) ;
#8569 = ORIENTED_EDGE ( 'NONE', *, *, #3056, .T. ) ;
#8570 = CARTESIAN_POINT ( 'NONE',  ( -0.05128205128205132191, 0.5500000000000000444, 0.03299808320753071927 ) ) ;
#8571 = VERTEX_POINT ( 'NONE', #2074 ) ;
#8572 = SURFACE_STYLE_USAGE ( .BOTH. , #9299 ) ;
#8573 = SURFACE_SIDE_STYLE ('',( #6101 ) ) ;
#8574 = DIRECTION ( 'NONE',  ( 1.000000000000000000, 0.0000000000000000000, 0.0000000000000000000 ) ) ;
#8575 = SURFACE_STYLE_FILL_AREA ( #5982 ) ;
#8576 = VERTEX_POINT ( 'NONE', #3009 ) ;
#8577 = SURFACE_STYLE_USAGE ( .BOTH. , #7804 ) ;
#8578 = FILL_AREA_STYLE_COLOUR ( '', #6935 ) ;
#8579 = EDGE_LOOP ( 'NONE', ( #1297, #2587, #7481, #1871 ) ) ;
#8580 = CARTESIAN_POINT ( 'NONE',  ( 0.6690778802771250033, 0.5399999999999999245, 0.1506859305712624220 ) ) ;
#8581 = UNCERTAINTY_MEASURE_WITH_UNIT (LENGTH_MEASURE( 1.000000000000000082E-05 ), #6880, 'distance_accuracy_value', 'NONE');
#8582 = ORIENTED_EDGE ( 'NONE', *, *, #3809, .T. ) ;
#8583 = LINE ( 'NONE', #5612, #645 ) ;
#8584 = CARTESIAN_POINT ( 'NONE',  ( -0.1730769230769231282, 0.5400000000000000355, 0.2829980832075307262 ) ) ;
#8585 = UNCERTAINTY_MEASURE_WITH_UNIT (LENGTH_MEASURE( 1.000000000000000082E-05 ), #2006, 'distance_accuracy_value', 'NONE');
#8586 = CYLINDRICAL_SURFACE ( 'NONE', #7403, 0.1000000000000002415 ) ;
#8587 = CARTESIAN_POINT ( 'NONE',  ( -0.3908161283656435003, 0.5400000000000001465, 0.05771539358814824910 ) ) ;
#8588 = DIRECTION ( 'NONE',  ( 0.8368789961609485184, 0.0000000000000000000, 0.5473879298857832199 ) ) ;
#8589 = EDGE_LOOP ( 'NONE', ( #7286, #3931, #731, #486, #2725, #3989 ) ) ;
#8590 = VECTOR ( 'NONE', #4660, 1000.000000000000000 ) ;
#8591 = SURFACE_STYLE_USAGE ( .BOTH. , #2440 ) ;
#8592 = CARTESIAN_POINT ( 'NONE',  ( 0.6000000000000004219, 0.0000000000000000000, 1.009999999999999565 ) ) ;
#8593 = CARTESIAN_POINT ( 'NONE',  ( 0.5483336180751551270, 0.5500000000000000444, 0.2054550636597402280 ) ) ;
#8594 = DIRECTION ( 'NONE',  ( 0.0000000000000000000, -0.0000000000000000000, -1.000000000000000000 ) ) ;
#8595 = DIRECTION ( 'NONE',  ( 0.0000000000000000000, 0.0000000000000000000, 1.000000000000000000 ) ) ;
#8596 = EDGE_CURVE ( 'NONE', #252, #3943, #6821, .T. ) ;
#8597 = CARTESIAN_POINT ( 'NONE',  ( -0.2336639160882881538, 0.5400000000000000355, 0.1070514003782534057 ) ) ;
#8598 = CARTESIAN_POINT ( 'NONE',  ( -0.4871794871794872250, 0.5500000000000000444, 0.1590998460280435567 ) ) ;
#8599 = EDGE_CURVE ( 'NONE', #1287, #1792, #8508, .T. ) ;
#8600 = DIRECTION ( 'NONE',  ( -0.0000000000000000000, -1.000000000000000000, -0.0000000000000000000 ) ) ;
#8601 = PLANE ( 'NONE',  #9683 ) ;
#8602 = DIRECTION ( 'NONE',  ( -3.336006684570783101E-16, 0.0000000000000000000, -1.000000000000000000 ) ) ;
#8603 = CARTESIAN_POINT ( 'NONE',  ( -0.3269451014291988034, 0.5400000000000001465, 0.2865753342024141004 ) ) ;
#8604 = FACE_OUTER_BOUND ( 'NONE', #6237, .T. ) ;
#8605 = MECHANICAL_DESIGN_GEOMETRIC_PRESENTATION_REPRESENTATION (  '', ( #4152 ), #5960 ) ;
#8606 = DIRECTION ( 'NONE',  ( 0.0000000000000000000, 1.000000000000000000, 0.0000000000000000000 ) ) ;
#8607 = LINE ( 'NONE', #9886, #8017 ) ;
#8608 = CARTESIAN_POINT ( 'NONE',  ( -0.4999999999999995559, 0.0000000000000000000, 1.309999999999999609 ) ) ;
#8609 = STYLED_ITEM ( 'NONE', ( #5480 ), #1719 ) ;
#8610 = LINE ( 'NONE', #1836, #56 ) ;
#8611 = CARTESIAN_POINT ( 'NONE',  ( -0.3549178685897436125, 0.5400000000000000355, 0.1804339806434281379 ) ) ;
#8613 = ADVANCED_FACE ( 'NONE', ( #5495 ), #6895, .T. ) ;
#8612 = PRESENTATION_LAYER_ASSIGNMENT (  '', '', ( #9573 ) ) ;
#8614 = VECTOR ( 'NONE', #6595, 1000.000000000000000 ) ;
#8615 = CARTESIAN_POINT ( 'NONE',  ( 0.5705677590796486287, 0.5400000000000000355, 0.2124834570959833469 ) ) ;
#8616 = VERTEX_POINT ( 'NONE', #2278 ) ;
#8617 = CARTESIAN_POINT ( 'NONE',  ( 0.5503585402759203493, 0.5400000000000001465, 0.2331769309561526893 ) ) ;
#8618 = VECTOR ( 'NONE', #8667, 1000.000000000000000 ) ;
#8619 = VECTOR ( 'NONE', #4044, 1000.000000000000000 ) ;
#8620 = EDGE_CURVE ( 'NONE', #4438, #8392, #3531, .T. ) ;
#8621 =( NAMED_UNIT ( * ) PLANE_ANGLE_UNIT ( ) SI_UNIT ( $, .RADIAN. ) );
#8622 = DIRECTION ( 'NONE',  ( 0.0000000000000000000, 1.000000000000000000, 0.0000000000000000000 ) ) ;
#8623 = VERTEX_POINT ( 'NONE', #6016 ) ;
#8624 = CARTESIAN_POINT ( 'NONE',  ( 0.6100000000000005418, 0.04999999999999999584, -0.7000000000000005107 ) ) ;
#8625 = PRESENTATION_STYLE_ASSIGNMENT (( #5949 ) ) ;
#8626 = STYLED_ITEM ( 'NONE', ( #7622 ), #6739 ) ;
#8627 = ORIENTED_EDGE ( 'NONE', *, *, #8994, .T. ) ;
#8628 = CARTESIAN_POINT ( 'NONE',  ( -0.05128205128205132191, 0.5500000000000000444, 0.05863910884855633859 ) ) ;
#8629 =( GEOMETRIC_REPRESENTATION_CONTEXT ( 3 ) GLOBAL_UNCERTAINTY_ASSIGNED_CONTEXT ( ( #1639 ) ) GLOBAL_UNIT_ASSIGNED_CONTEXT ( ( #8816, #5588, #6461 ) ) REPRESENTATION_CONTEXT ( 'NONE', 'WORKASPACE' ) );
#8630 = FILL_AREA_STYLE ('',( #7788 ) ) ;
#8631 = LINE ( 'NONE', #5476, #2272 ) ;
#8632 = DIRECTION ( 'NONE',  ( 0.0000000000000000000, 0.0000000000000000000, 1.000000000000000000 ) ) ;
#8633 = VERTEX_POINT ( 'NONE', #2212 ) ;
#8634 = ORIENTED_EDGE ( 'NONE', *, *, #1321, .F. ) ;
#8635 = DIRECTION ( 'NONE',  ( -0.6327400977550498018, 0.0000000000000000000, -0.7743642351587074479 ) ) ;
#8636 = ORIENTED_EDGE ( 'NONE', *, *, #6618, .F. ) ;
#8637 = CARTESIAN_POINT ( 'NONE',  ( -0.9000000000000002442, 0.5500000000000000444, -1.300000000000000266 ) ) ;
#8638 = ORIENTED_EDGE ( 'NONE', *, *, #871, .T. ) ;
#8639 = CARTESIAN_POINT ( 'NONE',  ( 0.4198717948717952675, 0.5400000000000000355, 0.05863910884855633859 ) ) ;
#8640 = CARTESIAN_POINT ( 'NONE',  ( 0.1634615384615385469, 0.5500000000000000444, 0.03299808320753071927 ) ) ;
#8641 = CARTESIAN_POINT ( 'NONE',  ( -0.4294591712693375252, 0.5500000000000001554, 0.04844758113256557308 ) ) ;
#8642 = PRESENTATION_STYLE_ASSIGNMENT (( #3643 ) ) ;
#8643 =( LENGTH_UNIT ( ) NAMED_UNIT ( * ) SI_UNIT ( .MILLI., .METRE. ) );
#8644 = LINE ( 'NONE', #6349, #5134 ) ;
#8645 = ORIENTED_EDGE ( 'NONE', *, *, #2394, .T. ) ;
#8646 = CARTESIAN_POINT ( 'NONE',  ( -0.4567718787725331131, 0.5499999999999999334, 0.1173904182952536096 ) ) ;
#8647 = MECHANICAL_DESIGN_GEOMETRIC_PRESENTATION_REPRESENTATION (  '', ( #518 ), #9851 ) ;
#8648 = FILL_AREA_STYLE_COLOUR ( '', #2143 ) ;
#8649 = COLOUR_RGB ( '',0.6666666666666666297, 0.6941176470588235059, 0.7647058823529411242 ) ;
#8650 = STYLED_ITEM ( 'NONE', ( #9672 ), #9800 ) ;
#8651 = COLOUR_RGB ( '',1.000000000000000000, 1.000000000000000000, 1.000000000000000000 ) ;
#8652 = SURFACE_STYLE_USAGE ( .BOTH. , #2544 ) ;
#8653 = CARTESIAN_POINT ( 'NONE',  ( 0.3000000000000003775, 0.1270000000000000018, 1.309999999999999387 ) ) ;
#8654 = CARTESIAN_POINT ( 'NONE',  ( 0.5772714466320191251, 0.5400000000000002576, 0.2743011599111695453 ) ) ;
#8655 = UNCERTAINTY_MEASURE_WITH_UNIT (LENGTH_MEASURE( 1.000000000000000082E-05 ), #766, 'distance_accuracy_value', 'NONE');
#8656 = ORIENTED_EDGE ( 'NONE', *, *, #1994, .F. ) ;
#8657 = CARTESIAN_POINT ( 'NONE',  ( -0.4425755999708290145, 0.5399999999999999245, 0.09338640087648661381 ) ) ;
#8658 = CARTESIAN_POINT ( 'NONE',  ( 0.9100000000000002531, 0.1270000000000000018, -0.1000000000000001860 ) ) ;
#8659 = VECTOR ( 'NONE', #2217, 1000.000000000000000 ) ;
#8660 = VERTEX_POINT ( 'NONE', #8440 ) ;
#8661 = DIRECTION ( 'NONE',  ( -0.0000000000000000000, -1.000000000000000000, -0.0000000000000000000 ) ) ;
#8662 = LINE ( 'NONE', #6731, #5037 ) ;
#8663 = AXIS2_PLACEMENT_3D ( 'NONE', #7183, #2621, #1070 ) ;
#8664 = DIRECTION ( 'NONE',  ( 0.0000000000000000000, -1.000000000000000000, 0.0000000000000000000 ) ) ;
#8665 = EDGE_CURVE ( 'NONE', #9397, #7259, #2900, .T. ) ;
#8666 = VERTEX_POINT ( 'NONE', #667 ) ;
#8667 = DIRECTION ( 'NONE',  ( -1.000000000000000000, -0.0000000000000000000, -0.0000000000000000000 ) ) ;
#8668 = LINE ( 'NONE', #2852, #6619 ) ;
#8669 = ADVANCED_FACE ( 'NONE', ( #4437 ), #7536, .T. ) ;
#8670 = CARTESIAN_POINT ( 'NONE',  ( -0.2404751671744071728, 0.5400000000000000355, 0.2232129819109197610 ) ) ;
#8671 = DIRECTION ( 'NONE',  ( -1.000000000000000000, 0.0000000000000000000, 0.0000000000000000000 ) ) ;
#8672 = CARTESIAN_POINT ( 'NONE',  ( 0.6966390985355028764, 0.5500000000000001554, 0.1839678380193582596 ) ) ;
#8673 =( GEOMETRIC_REPRESENTATION_CONTEXT ( 3 ) GLOBAL_UNCERTAINTY_ASSIGNED_CONTEXT ( ( #693 ) ) GLOBAL_UNIT_ASSIGNED_CONTEXT ( ( #6250, #5540, #4793 ) ) REPRESENTATION_CONTEXT ( 'NONE', 'WORKASPACE' ) );
#8674 = CARTESIAN_POINT ( 'NONE',  ( -0.2783219165715821175, 0.5500000000000000444, 0.2339037522570286687 ) ) ;
#8675 = FILL_AREA_STYLE ('',( #7235 ) ) ;
#8676 = STYLED_ITEM ( 'NONE', ( #7473 ), #3318 ) ;
#8677 = EDGE_LOOP ( 'NONE', ( #5685, #2550, #6406, #2469, #3846, #4929 ) ) ;
#8678 = CARTESIAN_POINT ( 'NONE',  ( 0.2275641025641027271, 0.5400000000000000355, 0.1740237242331717227 ) ) ;
#8679 = DIRECTION ( 'NONE',  ( -0.6428712487501659911, 0.0000000000000000000, -0.7659742538299849635 ) ) ;
#8680 = STYLED_ITEM ( 'NONE', ( #9585 ), #8365 ) ;
#8681 = EDGE_CURVE ( 'NONE', #8272, #8147, #6459, .T. ) ;
#8682 = CARTESIAN_POINT ( 'NONE',  ( -0.3047843767924914848, 0.5499999999999999334, 0.2528880361721501657 ) ) ;
#8683 = EDGE_CURVE ( 'NONE', #6510, #9545, #9209, .T. ) ;
#8684 = CARTESIAN_POINT ( 'NONE',  ( 0.5855800618411558522, 0.5499999999999998224, 0.2797338658363431874 ) ) ;
#8685 = CARTESIAN_POINT ( 'NONE',  ( 0.3000000000000003775, 0.1270000000000000018, -1.309999999999999387 ) ) ;
#8686 = COLOUR_RGB ( '',1.000000000000000000, 1.000000000000000000, 1.000000000000000000 ) ;
#8687 = ORIENTED_EDGE ( 'NONE', *, *, #296, .T. ) ;
#8688 = CARTESIAN_POINT ( 'NONE',  ( -0.05128205128205132191, 0.5500000000000000444, 0.05863910884855633859 ) ) ;
#8689 =( GEOMETRIC_REPRESENTATION_CONTEXT ( 3 ) GLOBAL_UNCERTAINTY_ASSIGNED_CONTEXT ( ( #9311 ) ) GLOBAL_UNIT_ASSIGNED_CONTEXT ( ( #4993, #5057, #8136 ) ) REPRESENTATION_CONTEXT ( 'NONE', 'WORKASPACE' ) );
#8690 = CARTESIAN_POINT ( 'NONE',  ( 0.7007028502241802181, 0.5399999999999999245, 0.1978422236657111921 ) ) ;
#8691 = CARTESIAN_POINT ( 'NONE',  ( -0.3701678650921277347, 0.5499999999999997113, 0.05307103511161639225 ) ) ;
#8692 = CARTESIAN_POINT ( 'NONE',  ( 0.3000000000000003775, 0.1270000000000000018, 1.309999999999999387 ) ) ;
#8693 = AXIS2_PLACEMENT_3D ( 'NONE', #7028, #8606, #7100 ) ;
#8694 = ORIENTED_EDGE ( 'NONE', *, *, #556, .F. ) ;
#8695 = DIRECTION ( 'NONE',  ( -0.6428712487501658801, 0.0000000000000000000, -0.7659742538299849635 ) ) ;
#8696 =( GEOMETRIC_REPRESENTATION_CONTEXT ( 3 ) GLOBAL_UNCERTAINTY_ASSIGNED_CONTEXT ( ( #9726 ) ) GLOBAL_UNIT_ASSIGNED_CONTEXT ( ( #7671, #3101, #8439 ) ) REPRESENTATION_CONTEXT ( 'NONE', 'WORKASPACE' ) );
#8697 = UNCERTAINTY_MEASURE_WITH_UNIT (LENGTH_MEASURE( 1.000000000000000082E-05 ), #6343, 'distance_accuracy_value', 'NONE');
#8698 = VERTEX_POINT ( 'NONE', #2427 ) ;
#8699 = PLANE ( 'NONE',  #3950 ) ;
#8700 = ORIENTED_EDGE ( 'NONE', *, *, #5324, .T. ) ;
#8701 = CARTESIAN_POINT ( 'NONE',  ( -0.1999999999999995393, 0.0000000000000000000, -1.009999999999999787 ) ) ;
#8702 = VERTEX_POINT ( 'NONE', #9166 ) ;
#8703 = PRESENTATION_STYLE_ASSIGNMENT (( #3049 ) ) ;
#8704 = CARTESIAN_POINT ( 'NONE',  ( -0.2247155022939579527, 0.5400000000000000355, 0.1723335208761968274 ) ) ;
#8705 = CARTESIAN_POINT ( 'NONE',  ( 0.6629856256296423611, 0.5399999999999998135, 0.1788500412847556786 ) ) ;
#8706 = AXIS2_PLACEMENT_3D ( 'NONE', #9871, #6802, #2220 ) ;
#8707 = CARTESIAN_POINT ( 'NONE',  ( 0.6898819047248814229, 0.5500000000000000444, 0.1713565703813925978 ) ) ;
#8708 = DIRECTION ( 'NONE',  ( -0.0000000000000000000, -0.0000000000000000000, -1.000000000000000000 ) ) ;
#8709 = CARTESIAN_POINT ( 'NONE',  ( -0.4999999999999995559, 0.1270000000000000018, -1.309999999999999609 ) ) ;
#8710 = CARTESIAN_POINT ( 'NONE',  ( -0.4221764302159043969, 0.5399999999999999245, 0.04387072048357277404 ) ) ;
#8711 = PLANE ( 'NONE',  #3762 ) ;
#8712 = COLOUR_RGB ( '',0.6666666666666666297, 0.6941176470588235059, 0.7647058823529411242 ) ;
#8713 = SURFACE_STYLE_FILL_AREA ( #2340 ) ;
#8714 =( NAMED_UNIT ( * ) PLANE_ANGLE_UNIT ( ) SI_UNIT ( $, .RADIAN. ) );
#8715 = VERTEX_POINT ( 'NONE', #2383 ) ;
#8716 = ORIENTED_EDGE ( 'NONE', *, *, #8558, .F. ) ;
#8717 = CARTESIAN_POINT ( 'NONE',  ( -0.7067307692307693845, 0.5400000000000000355, 0.2829980832075307262 ) ) ;
#8718 =( NAMED_UNIT ( * ) PLANE_ANGLE_UNIT ( ) SI_UNIT ( $, .RADIAN. ) );
#8719 = ORIENTED_EDGE ( 'NONE', *, *, #17, .T. ) ;
#8720 = ADVANCED_FACE ( 'NONE', ( #4429 ), #8742, .T. ) ;
#8721 = AXIS2_PLACEMENT_3D ( 'NONE', #2257, #8482, #2365 ) ;
#8722 = DIRECTION ( 'NONE',  ( 0.0000000000000000000, 0.0000000000000000000, 1.000000000000000000 ) ) ;
#8723 = FILL_AREA_STYLE ('',( #1067 ) ) ;
#8724 = ORIENTED_EDGE ( 'NONE', *, *, #1198, .T. ) ;
#8725 = VECTOR ( 'NONE', #3247, 1000.000000000000000 ) ;
#8726 = DIRECTION ( 'NONE',  ( 1.000000000000000000, 0.0000000000000000000, 0.0000000000000000000 ) ) ;
#8727 = CARTESIAN_POINT ( 'NONE',  ( 0.6302952996466512081, 0.5400000000000000355, 0.1388356076693167129 ) ) ;
#8728 = CARTESIAN_POINT ( 'NONE',  ( 0.9100000000000002531, 0.0000000000000000000, -0.7000000000000005107 ) ) ;
#8729 = SURFACE_STYLE_USAGE ( .BOTH. , #3400 ) ;
#8730 = SURFACE_SIDE_STYLE ('',( #8872 ) ) ;
#8731 = PRESENTATION_STYLE_ASSIGNMENT (( #6135 ) ) ;
#8732 = EDGE_CURVE ( 'NONE', #9870, #5561, #316, .T. ) ;
#8733 = PLANE ( 'NONE',  #5336 ) ;
#8734 = SURFACE_SIDE_STYLE ('',( #7718 ) ) ;
#8735 = FACE_OUTER_BOUND ( 'NONE', #7354, .T. ) ;
#8736 = EDGE_CURVE ( 'NONE', #6701, #1319, #3612, .T. ) ;
#8737 = CARTESIAN_POINT ( 'NONE',  ( -0.2468780324543574101, 0.5500000000000001554, 0.1504358620795287482 ) ) ;
#8738 = ORIENTED_EDGE ( 'NONE', *, *, #5463, .T. ) ;
#8739 = CARTESIAN_POINT ( 'NONE',  ( -0.3648868041064635137, 0.5500000000000001554, 0.02670078214417814788 ) ) ;
#8740 = CARTESIAN_POINT ( 'NONE',  ( -0.4647435897435897023, 0.5500000000000000444, 0.1589996857716332868 ) ) ;
#8741 = CARTESIAN_POINT ( 'NONE',  ( 0.6099999999999996536, 0.1270000000000000018, 0.1999999999999995948 ) ) ;
#8742 = CYLINDRICAL_SURFACE ( 'NONE', #164, 0.09999999999999993616 ) ;
#8743 = EDGE_CURVE ( 'NONE', #4821, #1128, #552, .T. ) ;
#8744 = STYLED_ITEM ( 'NONE', ( #9080 ), #5433 ) ;
#8745 = CARTESIAN_POINT ( 'NONE',  ( -0.09999999999999961697, 0.05000000000000000278, 0.0000000000000000000 ) ) ;
#8746 = SURFACE_STYLE_FILL_AREA ( #3479 ) ;
#8747 = CARTESIAN_POINT ( 'NONE',  ( 0.4198717948717952675, 0.5400000000000000355, 0.2829980832075307262 ) ) ;
#8748 = VECTOR ( 'NONE', #639, 1000.000000000000000 ) ;
#8749 = AXIS2_PLACEMENT_3D ( 'NONE', #2356, #5352, #6965 ) ;
#8750 = LINE ( 'NONE', #8256, #4106 ) ;
#8751 = ORIENTED_EDGE ( 'NONE', *, *, #4784, .F. ) ;
#8752 = CARTESIAN_POINT ( 'NONE',  ( -0.1506410256410256887, 0.5500000000000000444, 0.1612032114126589200 ) ) ;
#8753 = CARTESIAN_POINT ( 'NONE',  ( 0.5578905872090282880, 0.5400000000000000355, 0.2517788676628643918 ) ) ;
#8754 = ORIENTED_EDGE ( 'NONE', *, *, #7513, .T. ) ;
#8755 =( GEOMETRIC_REPRESENTATION_CONTEXT ( 3 ) GLOBAL_UNCERTAINTY_ASSIGNED_CONTEXT ( ( #6718 ) ) GLOBAL_UNIT_ASSIGNED_CONTEXT ( ( #1872, #4861, #232 ) ) REPRESENTATION_CONTEXT ( 'NONE', 'WORKASPACE' ) );
#8756 =( NAMED_UNIT ( * ) SI_UNIT ( $, .STERADIAN. ) SOLID_ANGLE_UNIT ( ) );
#8757 = PRESENTATION_STYLE_ASSIGNMENT (( #4595 ) ) ;
#8758 = ORIENTED_EDGE ( 'NONE', *, *, #9426, .F. ) ;
#8759 = DIRECTION ( 'NONE',  ( -0.0000000000000000000, 1.000000000000000000, -0.0000000000000000000 ) ) ;
#8760 = EDGE_CURVE ( 'NONE', #7013, #8698, #1392, .T. ) ;
#8761 = FILL_AREA_STYLE_COLOUR ( '', #5293 ) ;
#8762 = SURFACE_STYLE_FILL_AREA ( #2743 ) ;
#8763 = DIRECTION ( 'NONE',  ( -0.0000000000000000000, 0.0000000000000000000, -1.000000000000000000 ) ) ;
#8764 = COLOUR_RGB ( '',0.2509803921568627416, 0.2509803921568627416, 0.2509803921568627416 ) ;
#8765 = ORIENTED_EDGE ( 'NONE', *, *, #5326, .T. ) ;
#8766 = PRESENTATION_LAYER_ASSIGNMENT (  '', '', ( #8236 ) ) ;
#8767 = B_SPLINE_CURVE_WITH_KNOTS ( 'NONE', 3,
 ( #7662, #2345, #5432, #2269, #5311, #703, #2310, #9193, #2419, #7626, #3857, #5367, #6208, #6851, #3066, #9261, #6913, #732, #8402 ),
 .UNSPECIFIED., .F., .F.,
 ( 4, 1, 1, 1, 1, 1, 1, 1, 1, 1, 1, 1, 1, 1, 1, 1, 4 ),
 ( 0.0000000000000000000, 0.06390790770570860257, 0.1257266250228222526, 0.1861562693658086187, 0.2461040826832879280, 0.3061123364554267368, 0.3668627559233623714, 0.4290835859354382165, 0.4932513481089753071, 0.5578147107893223211, 0.6207925512431075044, 0.6827460661082978000, 0.7445343957783832067, 0.8065935673314377219, 0.8693302975165226876, 0.9337426282431766644, 1.000000000000000000 ),
 .UNSPECIFIED. ) ;
#8768 = ORIENTED_EDGE ( 'NONE', *, *, #1198, .F. ) ;
#8769 = ORIENTED_EDGE ( 'NONE', *, *, #1866, .F. ) ;
#8770 = CARTESIAN_POINT ( 'NONE',  ( -0.05128205128205132191, 0.5400000000000000355, 0.1355621857716332868 ) ) ;
#8771 = PRESENTATION_STYLE_ASSIGNMENT (( #4906 ) ) ;
#8772 = DIRECTION ( 'NONE',  ( 0.0000000000000000000, 0.0000000000000000000, -1.000000000000000000 ) ) ;
#8773 = ADVANCED_FACE ( 'NONE', ( #3723 ), #9200, .F. ) ;
#8774 = VERTEX_POINT ( 'NONE', #8503 ) ;
#8775 = CARTESIAN_POINT ( 'NONE',  ( 0.5786907968180602380, 0.5499999999999999334, 0.1865185497295742123 ) ) ;
#8776 = CARTESIAN_POINT ( 'NONE',  ( -0.2469017896530726341, 0.5499999999999999334, 0.1614093997372331446 ) ) ;
#8777 = FILL_AREA_STYLE ('',( #5609 ) ) ;
#8778 = PRESENTATION_STYLE_ASSIGNMENT (( #9215 ) ) ;
#8779 = DIRECTION ( 'NONE',  ( -0.0000000000000000000, -1.000000000000000000, -0.0000000000000000000 ) ) ;
#8780 = CARTESIAN_POINT ( 'NONE',  ( -0.3967264533109700064, 0.5500000000000001554, 0.2563023744178414831 ) ) ;
#8781 = CIRCLE ( 'NONE', #2031, 0.1250000000000000000 ) ;
#8782 = DIRECTION ( 'NONE',  ( 0.0000000000000000000, 0.0000000000000000000, -1.000000000000000000 ) ) ;
#8783 = DIRECTION ( 'NONE',  ( -0.0000000000000000000, -1.000000000000000000, -0.0000000000000000000 ) ) ;
#8784 = UNCERTAINTY_MEASURE_WITH_UNIT (LENGTH_MEASURE( 1.000000000000000082E-05 ), #9272, 'distance_accuracy_value', 'NONE');
#8785 = CARTESIAN_POINT ( 'NONE',  ( -0.3517441639106456130, 0.5499999999999999334, 0.2637392874953461419 ) ) ;
#8786 = AXIS2_PLACEMENT_3D ( 'NONE', #3347, #7420, #5101 ) ;
#8787 = EDGE_LOOP ( 'NONE', ( #387, #6754 ) ) ;
#8788 = CARTESIAN_POINT ( 'NONE',  ( 0.5000000000000004441, 0.04999999999999999584, 1.009999999999999343 ) ) ;
#8789 = CARTESIAN_POINT ( 'NONE',  ( 0.3000000000000003775, 0.1270000000000000018, -1.009999999999999343 ) ) ;
#8790 = SURFACE_STYLE_FILL_AREA ( #9727 ) ;
#8791 = DIRECTION ( 'NONE',  ( -1.000000000000000000, 0.0000000000000000000, -0.0000000000000000000 ) ) ;
#8792 = FILL_AREA_STYLE ('',( #8761 ) ) ;
#8793 = VECTOR ( 'NONE', #2862, 1000.000000000000000 ) ;
#8794 = CARTESIAN_POINT ( 'NONE',  ( 0.8999999999999998002, 0.5500000000000000444, -1.300000000000000266 ) ) ;
#8795 = ORIENTED_EDGE ( 'NONE', *, *, #9373, .T. ) ;
#8796 = PRESENTATION_STYLE_ASSIGNMENT (( #7448 ) ) ;
#8797 = CARTESIAN_POINT ( 'NONE',  ( -0.8999999999999998002, 0.5500000000000000444, -0.1000000000000002554 ) ) ;
#8798 = EDGE_CURVE ( 'NONE', #8833, #2912, #5737, .T. ) ;
#8799 = PRESENTATION_STYLE_ASSIGNMENT (( #522 ) ) ;
#8800 = CIRCLE ( 'NONE', #3125, 0.09999999999999982514 ) ;
#8801 = CARTESIAN_POINT ( 'NONE',  ( -0.2999999999999994893, 0.1270000000000000018, 1.009999999999999565 ) ) ;
#8802 = VECTOR ( 'NONE', #5313, 1000.000000000000000 ) ;
#8803 = VERTEX_POINT ( 'NONE', #121 ) ;
#8804 =( LENGTH_UNIT ( ) NAMED_UNIT ( * ) SI_UNIT ( .MILLI., .METRE. ) );
#8805 = CARTESIAN_POINT ( 'NONE',  ( 0.6794478728446803339, 0.5399999999999999245, 0.2124812334167374694 ) ) ;
#8806 = CARTESIAN_POINT ( 'NONE',  ( 0.4423076923076926792, 0.5500000000000000444, 0.2829980832075307262 ) ) ;
#8807 = PRESENTATION_LAYER_ASSIGNMENT (  '', '', ( #4203 ) ) ;
#8808 = ORIENTED_EDGE ( 'NONE', *, *, #2008, .T. ) ;
#8809 =( NAMED_UNIT ( * ) PLANE_ANGLE_UNIT ( ) SI_UNIT ( $, .RADIAN. ) );
#8810 = CARTESIAN_POINT ( 'NONE',  ( -0.6100000000000005418, 0.0000000000000000000, -0.7000000000000005107 ) ) ;
#8811 =( GEOMETRIC_REPRESENTATION_CONTEXT ( 3 ) GLOBAL_UNCERTAINTY_ASSIGNED_CONTEXT ( ( #5507 ) ) GLOBAL_UNIT_ASSIGNED_CONTEXT ( ( #4884, #1833, #5677 ) ) REPRESENTATION_CONTEXT ( 'NONE', 'WORKASPACE' ) );
#8812 = CARTESIAN_POINT ( 'NONE',  ( -0.4603695337105636054, 0.5499999999999999334, 0.1901287645152289763 ) ) ;
#8813 = DIRECTION ( 'NONE',  ( 0.0000000000000000000, 0.0000000000000000000, -1.000000000000000000 ) ) ;
#8814 = AXIS2_PLACEMENT_3D ( 'NONE', #4936, #6508, #2645 ) ;
#8815 = EDGE_CURVE ( 'NONE', #3311, #9583, #9081, .T. ) ;
#8816 =( LENGTH_UNIT ( ) NAMED_UNIT ( * ) SI_UNIT ( .MILLI., .METRE. ) );
#8817 = EDGE_CURVE ( 'NONE', #4401, #724, #7307, .T. ) ;
#8818 = ORIENTED_EDGE ( 'NONE', *, *, #9047, .F. ) ;
#8819 = CARTESIAN_POINT ( 'NONE',  ( -0.4871794871794872250, 0.5400000000000000355, 0.1590998460280435567 ) ) ;
#8820 = ORIENTED_EDGE ( 'NONE', *, *, #243, .T. ) ;
#8821 = FILL_AREA_STYLE ('',( #7343 ) ) ;
#8822 = EDGE_CURVE ( 'NONE', #6128, #4112, #2019, .T. ) ;
#8823 = SURFACE_SIDE_STYLE ('',( #5840 ) ) ;
#8824 = ADVANCED_FACE ( 'NONE', ( #8242 ), #7833, .F. ) ;
#8825 = UNCERTAINTY_MEASURE_WITH_UNIT (LENGTH_MEASURE( 1.000000000000000082E-05 ), #6445, 'distance_accuracy_value', 'NONE');
#8826 = CARTESIAN_POINT ( 'NONE',  ( -0.6500000000000001332, 0.5400000000000000355, -1.175000000000000266 ) ) ;
#8827 = PRESENTATION_LAYER_ASSIGNMENT (  '', '', ( #9450 ) ) ;
#8828 = VERTEX_POINT ( 'NONE', #4010 ) ;
#8829 = CARTESIAN_POINT ( 'NONE',  ( 0.9100000000000002531, 0.1270000000000000018, 0.4999999999999994449 ) ) ;
#8830 = PRESENTATION_LAYER_ASSIGNMENT (  '', '', ( #3705 ) ) ;
#8831 = ORIENTED_EDGE ( 'NONE', *, *, #1727, .T. ) ;
#8832 =( NAMED_UNIT ( * ) PLANE_ANGLE_UNIT ( ) SI_UNIT ( $, .RADIAN. ) );
#8833 = VERTEX_POINT ( 'NONE', #1761 ) ;
#8834 = PRESENTATION_STYLE_ASSIGNMENT (( #5195 ) ) ;
#8835 = EDGE_LOOP ( 'NONE', ( #7791, #3560, #9162, #9820 ) ) ;
#8836 = SURFACE_SIDE_STYLE ('',( #2434 ) ) ;
#8837 = AXIS2_PLACEMENT_3D ( 'NONE', #1779, #8588, #4818 ) ;
#8838 = VERTEX_POINT ( 'NONE', #5681 ) ;
#8839 = LINE ( 'NONE', #4693, #8590 ) ;
#8840 = CARTESIAN_POINT ( 'NONE',  ( -0.2659944857593797840, 0.5500000000000002665, 0.2195183359430194214 ) ) ;
#8841 = UNCERTAINTY_MEASURE_WITH_UNIT (LENGTH_MEASURE( 1.000000000000000082E-05 ), #2928, 'distance_accuracy_value', 'NONE');
#8842 = STYLED_ITEM ( 'NONE', ( #3167 ), #7963 ) ;
#8843 = LINE ( 'NONE', #4302, #1995 ) ;
#8844 = ORIENTED_EDGE ( 'NONE', *, *, #1811, .F. ) ;
#8845 = CARTESIAN_POINT ( 'NONE',  ( 0.5705128205128209284, 0.5400000000000000355, 0.2141879870536845809 ) ) ;
#8846 = SURFACE_SIDE_STYLE ('',( #3980 ) ) ;
#8847 = CARTESIAN_POINT ( 'NONE',  ( -0.09999999999999961697, 0.04999999999999999584, -1.009999999999999565 ) ) ;
#8848 = SURFACE_SIDE_STYLE ('',( #7886 ) ) ;
#8849 =( NAMED_UNIT ( * ) SI_UNIT ( $, .STERADIAN. ) SOLID_ANGLE_UNIT ( ) );
#8850 = MECHANICAL_DESIGN_GEOMETRIC_PRESENTATION_REPRESENTATION (  '', ( #6784 ), #3548 ) ;
#8851 = CARTESIAN_POINT ( 'NONE',  ( 0.2000000000000004274, 0.0000000000000000000, 1.009999999999999565 ) ) ;
#8852 = DIRECTION ( 'NONE',  ( 0.0000000000000000000, 0.0000000000000000000, 1.000000000000000000 ) ) ;
#8853 = CARTESIAN_POINT ( 'NONE',  ( 0.6754606300349863535, 0.5500000000000001554, 0.1949486615587253113 ) ) ;
#8854 = VECTOR ( 'NONE', #2710, 1000.000000000000000 ) ;
#8855 = DIRECTION ( 'NONE',  ( 1.000000000000000000, 0.0000000000000000000, 0.0000000000000000000 ) ) ;
#8856 = PRESENTATION_STYLE_ASSIGNMENT (( #6312 ) ) ;
#8857 = EDGE_CURVE ( 'NONE', #3613, #4149, #6082, .T. ) ;
#8858 = CARTESIAN_POINT ( 'NONE',  ( -0.8999999999999998002, 0.05000000000000000278, 0.09999999999999939493 ) ) ;
#8859 = VECTOR ( 'NONE', #5614, 1000.000000000000000 ) ;
#8860 = PRESENTATION_STYLE_ASSIGNMENT (( #5971 ) ) ;
#8861 = CIRCLE ( 'NONE', #2201, 0.1000000000000001582 ) ;
#8862 = CARTESIAN_POINT ( 'NONE',  ( -0.4324964496443048922, 0.5400000000000001465, 0.2335619486979819692 ) ) ;
#8863 = COLOUR_RGB ( '',1.000000000000000000, 1.000000000000000000, 1.000000000000000000 ) ;
#8864 = VERTEX_POINT ( 'NONE', #3236 ) ;
#8865 = PLANE ( 'NONE',  #615 ) ;
#8866 = MECHANICAL_DESIGN_GEOMETRIC_PRESENTATION_REPRESENTATION (  '', ( #551 ), #9364 ) ;
#8867 = ADVANCED_FACE ( 'NONE', ( #4790 ), #5579, .T. ) ;
#8868 =( NAMED_UNIT ( * ) PLANE_ANGLE_UNIT ( ) SI_UNIT ( $, .RADIAN. ) );
#8869 = VERTEX_POINT ( 'NONE', #4182 ) ;
#8870 = EDGE_CURVE ( 'NONE', #2156, #4975, #8376, .T. ) ;
#8872 = SURFACE_STYLE_FILL_AREA ( #3335 ) ;
#8871 = DIRECTION ( 'NONE',  ( 0.0000000000000000000, 1.000000000000000000, -0.0000000000000000000 ) ) ;
#8873 = VERTEX_POINT ( 'NONE', #9399 ) ;
#8874 = EDGE_LOOP ( 'NONE', ( #3904, #4547, #6541, #7433 ) ) ;
#8875 =( LENGTH_UNIT ( ) NAMED_UNIT ( * ) SI_UNIT ( .MILLI., .METRE. ) );
#8876 = EDGE_CURVE ( 'NONE', #389, #3840, #179, .T. ) ;
#8877 = ORIENTED_EDGE ( 'NONE', *, *, #1523, .T. ) ;
#8878 = PRESENTATION_LAYER_ASSIGNMENT (  '', '', ( #9510 ) ) ;
#8879 = CARTESIAN_POINT ( 'NONE',  ( 0.6506410256410261050, 0.5400000000000000355, 0.02658782679727431791 ) ) ;
#8880 = ORIENTED_EDGE ( 'NONE', *, *, #8165, .T. ) ;
#8881 = CARTESIAN_POINT ( 'NONE',  ( -0.4870695118892058306, 0.5400000000000002576, 0.1635303335467292174 ) ) ;
#8882 = PRESENTATION_LAYER_ASSIGNMENT (  '', '', ( #8361 ) ) ;
#8883 = LINE ( 'NONE', #2108, #6836 ) ;
#8884 = SURFACE_STYLE_FILL_AREA ( #9128 ) ;
#8885 = DIRECTION ( 'NONE',  ( 1.000000000000000000, 0.0000000000000000000, 0.0000000000000000000 ) ) ;
#8886 = FILL_AREA_STYLE ('',( #206 ) ) ;
#8887 = MECHANICAL_DESIGN_GEOMETRIC_PRESENTATION_REPRESENTATION (  '', ( #9710 ), #9383 ) ;
#8888 = ORIENTED_EDGE ( 'NONE', *, *, #3051, .T. ) ;
#8889 =( NAMED_UNIT ( * ) PLANE_ANGLE_UNIT ( ) SI_UNIT ( $, .RADIAN. ) );
#8890 =( NAMED_UNIT ( * ) PLANE_ANGLE_UNIT ( ) SI_UNIT ( $, .RADIAN. ) );
#8891 = EDGE_CURVE ( 'NONE', #2651, #2896, #2011, .T. ) ;
#8892 =( LENGTH_UNIT ( ) NAMED_UNIT ( * ) SI_UNIT ( .MILLI., .METRE. ) );
#8893 = FILL_AREA_STYLE ('',( #3653 ) ) ;
#8894 = AXIS2_PLACEMENT_3D ( 'NONE', #7112, #2552, #6403 ) ;
#8895 = PRESENTATION_STYLE_ASSIGNMENT (( #3115 ) ) ;
#8896 = CARTESIAN_POINT ( 'NONE',  ( -0.3762847248767835495, 0.5499999999999996003, 0.2620174016834342368 ) ) ;
#8897 = FACE_OUTER_BOUND ( 'NONE', #6411, .T. ) ;
#8898 = ORIENTED_EDGE ( 'NONE', *, *, #9690, .F. ) ;
#8899 = SURFACE_SIDE_STYLE ('',( #1957 ) ) ;
#8900 = PLANE ( 'NONE',  #8234 ) ;
#8901 = UNCERTAINTY_MEASURE_WITH_UNIT (LENGTH_MEASURE( 1.000000000000000082E-05 ), #2281, 'distance_accuracy_value', 'NONE');
#8902 = LINE ( 'NONE', #5430, #364 ) ;
#8903 = DIRECTION ( 'NONE',  ( 0.0000000000000000000, 1.000000000000000000, 0.0000000000000000000 ) ) ;
#8904 = SURFACE_STYLE_FILL_AREA ( #9379 ) ;
#8905 = ORIENTED_EDGE ( 'NONE', *, *, #7894, .T. ) ;
#8906 = CARTESIAN_POINT ( 'NONE',  ( 0.9000000000000000222, 0.05000000000000002359, 0.2999999999999997113 ) ) ;
#8907 =( GEOMETRIC_REPRESENTATION_CONTEXT ( 3 ) GLOBAL_UNCERTAINTY_ASSIGNED_CONTEXT ( ( #4417 ) ) GLOBAL_UNIT_ASSIGNED_CONTEXT ( ( #6523, #459, #2020 ) ) REPRESENTATION_CONTEXT ( 'NONE', 'WORKASPACE' ) );
#8908 = DIRECTION ( 'NONE',  ( -0.0000000000000000000, -1.000000000000000000, -0.0000000000000000000 ) ) ;
#8909 = DIRECTION ( 'NONE',  ( -1.000000000000000000, 0.0000000000000000000, 0.0000000000000000000 ) ) ;
#8910 = FACE_BOUND ( 'NONE', #3641, .T. ) ;
#8911 = DIRECTION ( 'NONE',  ( 0.0000000000000000000, 0.0000000000000000000, 1.000000000000000000 ) ) ;
#8912 = ADVANCED_FACE ( 'NONE', ( #6447 ), #5009, .F. ) ;
#8913 = VERTEX_POINT ( 'NONE', #5650 ) ;
#8914 =( NAMED_UNIT ( * ) SI_UNIT ( $, .STERADIAN. ) SOLID_ANGLE_UNIT ( ) );
#8915 = DIRECTION ( 'NONE',  ( -0.5473052603538084426, 0.0000000000000000000, 0.8369330630277728167 ) ) ;
#8916 = PLANE ( 'NONE',  #5656 ) ;
#8917 =( LENGTH_UNIT ( ) NAMED_UNIT ( * ) SI_UNIT ( .MILLI., .METRE. ) );
#8918 = ORIENTED_EDGE ( 'NONE', *, *, #9864, .T. ) ;
#8919 = EDGE_CURVE ( 'NONE', #7193, #8219, #8610, .T. ) ;
#8920 = CARTESIAN_POINT ( 'NONE',  ( -0.8999999999999998002, 0.1270000000000000018, -0.3000000000000005995 ) ) ;
#8921 = EDGE_LOOP ( 'NONE', ( #4562, #8768, #1065, #5926, #1537, #225, #9370, #3024, #2392, #5269, #7426, #3256 ) ) ;
#8922 = EDGE_CURVE ( 'NONE', #6044, #3488, #5603, .T. ) ;
#8923 = CARTESIAN_POINT ( 'NONE',  ( -0.001702724358974296547, 0.5400000000000000355, 0.03299808320753071927 ) ) ;
#8924 = ORIENTED_EDGE ( 'NONE', *, *, #292, .T. ) ;
#8925 = SURFACE_SIDE_STYLE ('',( #1828 ) ) ;
#8926 =( NAMED_UNIT ( * ) SI_UNIT ( $, .STERADIAN. ) SOLID_ANGLE_UNIT ( ) );
#8927 = PRESENTATION_LAYER_ASSIGNMENT (  '', '', ( #301 ) ) ;
#8928 =( NAMED_UNIT ( * ) SI_UNIT ( $, .STERADIAN. ) SOLID_ANGLE_UNIT ( ) );
#8929 = ORIENTED_EDGE ( 'NONE', *, *, #1608, .F. ) ;
#8930 = STYLED_ITEM ( 'NONE', ( #3015 ), #1510 ) ;
#8931 = SURFACE_STYLE_USAGE ( .BOTH. , #1936 ) ;
#8932 = VERTEX_POINT ( 'NONE', #1050 ) ;
#8933 = VECTOR ( 'NONE', #2189, 1000.000000000000000 ) ;
#8934 = CARTESIAN_POINT ( 'NONE',  ( -0.2783219165715821175, 0.5400000000000000355, 0.2339037522570286687 ) ) ;
#8935 = PRESENTATION_LAYER_ASSIGNMENT (  '', '', ( #7396 ) ) ;
#8936 = CYLINDRICAL_SURFACE ( 'NONE', #307, 0.1000000000000000472 ) ;
#8937 = EDGE_CURVE ( 'NONE', #1633, #3146, #9439, .T. ) ;
#8938 = CARTESIAN_POINT ( 'NONE',  ( -0.2986278044871794601, 0.5400000000000000355, 0.2494443973100947953 ) ) ;
#8939 = CARTESIAN_POINT ( 'NONE',  ( -0.3987164247328644495, 0.5500000000000000444, 0.03332874189816979055 ) ) ;
#8940 = STYLED_ITEM ( 'NONE', ( #1710 ), #346 ) ;
#8941 = DIRECTION ( 'NONE',  ( 0.0000000000000000000, -1.000000000000000000, 0.0000000000000000000 ) ) ;
#8942 = DIRECTION ( 'NONE',  ( -0.0000000000000000000, -1.000000000000000000, -0.0000000000000000000 ) ) ;
#8943 = AXIS2_PLACEMENT_3D ( 'NONE', #5748, #3474, #7306 ) ;
#8944 = VECTOR ( 'NONE', #6489, 1000.000000000000000 ) ;
#8945 = CARTESIAN_POINT ( 'NONE',  ( -0.1999999999999995393, 0.1270000000000000018, 1.009999999999999787 ) ) ;
#8946 = SURFACE_STYLE_USAGE ( .BOTH. , #4404 ) ;
#8947 = EDGE_LOOP ( 'NONE', ( #8952, #3018, #4134, #401 ) ) ;
#8948 = CARTESIAN_POINT ( 'NONE',  ( 0.5761534825257117465, 0.5400000000000000355, 0.1906481356657055426 ) ) ;
#8949 = CARTESIAN_POINT ( 'NONE',  ( -0.6099999999999996536, 0.0000000000000000000, 0.1999999999999995948 ) ) ;
#8950 = VECTOR ( 'NONE', #774, 1000.000000000000000 ) ;
#8951 = CARTESIAN_POINT ( 'NONE',  ( -0.4999999999999996669, 0.05000000000000000278, 1.299999999999999600 ) ) ;
#8952 = ORIENTED_EDGE ( 'NONE', *, *, #3493, .F. ) ;
#8953 =( NAMED_UNIT ( * ) SI_UNIT ( $, .STERADIAN. ) SOLID_ANGLE_UNIT ( ) );
#8954 = ADVANCED_FACE ( 'NONE', ( #7174 ), #8936, .T. ) ;
#8955 = CARTESIAN_POINT ( 'NONE',  ( -0.8999999999999996891, 0.1270000000000000018, 0.2999999999999997113 ) ) ;
#8956 = CARTESIAN_POINT ( 'NONE',  ( -0.2502667719635616184, 0.5500000000000000444, 0.1296569229087388420 ) ) ;
#8957 =( LENGTH_UNIT ( ) NAMED_UNIT ( * ) SI_UNIT ( .MILLI., .METRE. ) );
#8958 = CARTESIAN_POINT ( 'NONE',  ( 0.6100000000000000977, 0.0000000000000000000, -0.2000000000000003997 ) ) ;
#8959 = AXIS2_PLACEMENT_3D ( 'NONE', #8949, #4408, #5356 ) ;
#8960 = VECTOR ( 'NONE', #4069, 1000.000000000000000 ) ;
#8961 = SURFACE_STYLE_FILL_AREA ( #2486 ) ;
#8962 = VERTEX_POINT ( 'NONE', #1120 ) ;
#8963 = CARTESIAN_POINT ( 'NONE',  ( -0.3589934012199679225, 0.5500000000000000444, 0.02662570845493186442 ) ) ;
#8964 = CARTESIAN_POINT ( 'NONE',  ( -0.2659755608974359031, 0.5400000000000000355, 0.2551535319254794598 ) ) ;
#8965 = FILL_AREA_STYLE_COLOUR ( '', #72 ) ;
#8966 = ORIENTED_EDGE ( 'NONE', *, *, #9547, .T. ) ;
#8967 = CARTESIAN_POINT ( 'NONE',  ( 0.6099999999999996536, 0.1270000000000000018, 0.09999999999999950595 ) ) ;
#8968 = FILL_AREA_STYLE ('',( #9608 ) ) ;
#8969 = DIRECTION ( 'NONE',  ( -1.000000000000000000, 0.0000000000000000000, 0.0000000000000000000 ) ) ;
#8970 = COLOUR_RGB ( '',1.000000000000000000, 1.000000000000000000, 1.000000000000000000 ) ;
#8971 = EDGE_CURVE ( 'NONE', #1218, #4565, #6415, .T. ) ;
#8972 = CARTESIAN_POINT ( 'NONE',  ( 0.6018583639959672604, 0.5400000000000001465, 0.1679017995092741966 ) ) ;
#8973 = LINE ( 'NONE', #8092, #5622 ) ;
#8974 = CARTESIAN_POINT ( 'NONE',  ( 0.2275641025641027271, 0.5500000000000000444, 0.1740237242331717227 ) ) ;
#8975 = VERTEX_POINT ( 'NONE', #4951 ) ;
#8976 = ORIENTED_EDGE ( 'NONE', *, *, #220, .F. ) ;
#8977 = PRESENTATION_STYLE_ASSIGNMENT (( #9099 ) ) ;
#8978 = ORIENTED_EDGE ( 'NONE', *, *, #6614, .T. ) ;
#8979 = CARTESIAN_POINT ( 'NONE',  ( -0.3654466963598897444, 0.5400000000000001465, 0.2635466628742240136 ) ) ;
#8980 = AXIS2_PLACEMENT_3D ( 'NONE', #1262, #8064, #4386 ) ;
#8981 = LINE ( 'NONE', #8745, #2784 ) ;
#8982 = CARTESIAN_POINT ( 'NONE',  ( 0.7018214265742052094, 0.5400000000000000355, 0.2163343738740619859 ) ) ;
#8983 = STYLED_ITEM ( 'NONE', ( #3483 ), #3111 ) ;
#8984 = FACE_OUTER_BOUND ( 'NONE', #9098, .T. ) ;
#8985 = VERTEX_POINT ( 'NONE', #8810 ) ;
#8986 = SURFACE_SIDE_STYLE ('',( #1947 ) ) ;
#8987 = AXIS2_PLACEMENT_3D ( 'NONE', #9414, #7952, #926 ) ;
#8988 =( LENGTH_UNIT ( ) NAMED_UNIT ( * ) SI_UNIT ( .MILLI., .METRE. ) );
#8989 = EDGE_CURVE ( 'NONE', #6408, #3747, #3684, .T. ) ;
#8990 = VERTEX_POINT ( 'NONE', #6491 ) ;
#8991 = CARTESIAN_POINT ( 'NONE',  ( 0.6635477433621778109, 0.5500000000000000444, 0.2793741989300118633 ) ) ;
#8992 = SURFACE_STYLE_USAGE ( .BOTH. , #4384 ) ;
#8993 = SURFACE_STYLE_USAGE ( .BOTH. , #4484 ) ;
#8994 = EDGE_CURVE ( 'NONE', #3943, #3214, #103, .T. ) ;
#8995 = VERTEX_POINT ( 'NONE', #5714 ) ;
#8996 = AXIS2_PLACEMENT_3D ( 'NONE', #8049, #4346, #1220 ) ;
#8997 = FILL_AREA_STYLE_COLOUR ( '', #1410 ) ;
#8998 = UNCERTAINTY_MEASURE_WITH_UNIT (LENGTH_MEASURE( 1.000000000000000082E-05 ), #2286, 'distance_accuracy_value', 'NONE');
#8999 = VECTOR ( 'NONE', #1292, 1000.000000000000000 ) ;
#9000 =( NAMED_UNIT ( * ) PLANE_ANGLE_UNIT ( ) SI_UNIT ( $, .RADIAN. ) );
#9001 = STYLED_ITEM ( 'NONE', ( #6694 ), #2565 ) ;
#9002 = CARTESIAN_POINT ( 'NONE',  ( -0.4145602984614626396, 0.5500000000000001554, 0.03984600531921451277 ) ) ;
#9003 = SURFACE_SIDE_STYLE ('',( #5003 ) ) ;
#9005 = ADVANCED_FACE ( 'NONE', ( #2604 ), #7478, .T. ) ;
#9004 = PRESENTATION_LAYER_ASSIGNMENT (  '', '', ( #1273 ) ) ;
#9006 =( LENGTH_UNIT ( ) NAMED_UNIT ( * ) SI_UNIT ( .MILLI., .METRE. ) );
#9007 = CARTESIAN_POINT ( 'NONE',  ( 0.6705379788181587974, 0.5400000000000001465, 0.2416959461214673310 ) ) ;
#9008 = SURFACE_STYLE_USAGE ( .BOTH. , #2918 ) ;
#9009 = FILL_AREA_STYLE ('',( #2652 ) ) ;
#9010 = AXIS2_PLACEMENT_3D ( 'NONE', #6019, #9960, #6159 ) ;
#9011 = VECTOR ( 'NONE', #9744, 1000.000000000000000 ) ;
#9012 = ORIENTED_EDGE ( 'NONE', *, *, #2391, .F. ) ;
#9013 = PRESENTATION_STYLE_ASSIGNMENT (( #5098 ) ) ;
#9014 = STYLED_ITEM ( 'NONE', ( #6154 ), #7360 ) ;
#9015 = CARTESIAN_POINT ( 'NONE',  ( -0.2468228078319960606, 0.5499999999999996003, 0.1552249199741471686 ) ) ;
#9016 = CARTESIAN_POINT ( 'NONE',  ( -0.9100000000000002531, 0.1270000000000000018, -0.5000000000000002220 ) ) ;
#9017 = ORIENTED_EDGE ( 'NONE', *, *, #9750, .F. ) ;
#9018 =( LENGTH_UNIT ( ) NAMED_UNIT ( * ) SI_UNIT ( .MILLI., .METRE. ) );
#9019 = VECTOR ( 'NONE', #1927, 1000.000000000000000 ) ;
#9020 =( NAMED_UNIT ( * ) PLANE_ANGLE_UNIT ( ) SI_UNIT ( $, .RADIAN. ) );
#9021 = DIRECTION ( 'NONE',  ( -0.8422489274984861218, 0.0000000000000000000, 0.5390888091285608308 ) ) ;
#9022 = DIRECTION ( 'NONE',  ( 0.0000000000000000000, 0.0000000000000000000, 1.000000000000000000 ) ) ;
#9023 = MECHANICAL_DESIGN_GEOMETRIC_PRESENTATION_REPRESENTATION (  '', ( #9083 ), #5563 ) ;
#9024 = VECTOR ( 'NONE', #4425, 1000.000000000000000 ) ;
#9025 = ORIENTED_EDGE ( 'NONE', *, *, #1787, .F. ) ;
#9026 = FILL_AREA_STYLE_COLOUR ( '', #1558 ) ;
#9027 = DIRECTION ( 'NONE',  ( -1.000000000000000000, 0.0000000000000000000, 0.0000000000000000000 ) ) ;
#9028 = EDGE_CURVE ( 'NONE', #389, #1850, #4909, .T. ) ;
#9029 = CARTESIAN_POINT ( 'NONE',  ( -0.4294591712693375252, 0.5500000000000001554, 0.04844758113256557308 ) ) ;
#9030 = CARTESIAN_POINT ( 'NONE',  ( -0.9100000000000002531, 0.0000000000000000000, 0.2999999999999997113 ) ) ;
#9031 = CARTESIAN_POINT ( 'NONE',  ( -0.4820648137382188003, 0.5399999999999999245, 0.1974400825875917975 ) ) ;
#9032 = DIRECTION ( 'NONE',  ( 0.0000000000000000000, 0.0000000000000000000, -1.000000000000000000 ) ) ;
#9033 = COLOUR_RGB ( '',0.6666666666666666297, 0.6941176470588235059, 0.7647058823529411242 ) ;
#9034 = DIRECTION ( 'NONE',  ( 0.7863974287229258398, 0.0000000000000000000, 0.6177208787939507673 ) ) ;
#9035 = PRESENTATION_STYLE_ASSIGNMENT (( #7331 ) ) ;
#9036 = CARTESIAN_POINT ( 'NONE',  ( 0.9100000000000002531, 0.1270000000000000018, 0.4999999999999994449 ) ) ;
#9037 = ORIENTED_EDGE ( 'NONE', *, *, #5882, .T. ) ;
#9038 = ORIENTED_EDGE ( 'NONE', *, *, #4026, .F. ) ;
#9039 = AXIS2_PLACEMENT_3D ( 'NONE', #1581, #6982, #6073 ) ;
#9040 = ORIENTED_EDGE ( 'NONE', *, *, #5718, .T. ) ;
#9041 = DIRECTION ( 'NONE',  ( -1.000000000000000000, 0.0000000000000000000, 0.0000000000000000000 ) ) ;
#9042 = EDGE_CURVE ( 'NONE', #5436, #8873, #2536, .T. ) ;
#9043 = CARTESIAN_POINT ( 'NONE',  ( -0.3210748101501892937, 0.5499999999999993783, 0.05771814230682723035 ) ) ;
#9044 = ORIENTED_EDGE ( 'NONE', *, *, #6665, .T. ) ;
#9045 = ADVANCED_FACE ( 'NONE', ( #7548 ), #1528, .F. ) ;
#9046 = ORIENTED_EDGE ( 'NONE', *, *, #6810, .F. ) ;
#9047 = EDGE_CURVE ( 'NONE', #1633, #218, #1054, .T. ) ;
#9048 = FACE_OUTER_BOUND ( 'NONE', #1364, .T. ) ;
#9049 = AXIS2_PLACEMENT_3D ( 'NONE', #3836, #9897, #9138 ) ;
#9050 = ORIENTED_EDGE ( 'NONE', *, *, #2685, .T. ) ;
#9051 = CARTESIAN_POINT ( 'NONE',  ( -0.2275641025641025328, 0.5400000000000000355, 0.3022288524382999442 ) ) ;
#9052 = DIRECTION ( 'NONE',  ( 0.0000000000000000000, 0.0000000000000000000, -1.000000000000000000 ) ) ;
#9053 = STYLED_ITEM ( 'NONE', ( #2000 ), #1928 ) ;
#9054 = CARTESIAN_POINT ( 'NONE',  ( 0.9100000000000002531, 0.0000000000000000000, -0.1000000000000001860 ) ) ;
#9055 = DIRECTION ( 'NONE',  ( 0.0000000000000000000, -0.0000000000000000000, -1.000000000000000000 ) ) ;
#9056 = ORIENTED_EDGE ( 'NONE', *, *, #2129, .T. ) ;
#9057 = STYLED_ITEM ( 'NONE', ( #5130 ), #9159 ) ;
#9058 = EDGE_CURVE ( 'NONE', #1857, #154, #1530, .T. ) ;
#9059 = DIRECTION ( 'NONE',  ( -1.084202172485506406E-15, 0.0000000000000000000, 1.000000000000000000 ) ) ;
#9060 = ORIENTED_EDGE ( 'NONE', *, *, #7439, .F. ) ;
#9061 =( NAMED_UNIT ( * ) SI_UNIT ( $, .STERADIAN. ) SOLID_ANGLE_UNIT ( ) );
#9062 = CARTESIAN_POINT ( 'NONE',  ( 0.5706452893054014819, 0.5499999999999999334, 0.2191897063129311096 ) ) ;
#9063 = MECHANICAL_DESIGN_GEOMETRIC_PRESENTATION_REPRESENTATION (  '', ( #2622 ), #9771 ) ;
#9064 =( NAMED_UNIT ( * ) PLANE_ANGLE_UNIT ( ) SI_UNIT ( $, .RADIAN. ) );
#9065 = DIRECTION ( 'NONE',  ( 0.0000000000000000000, -0.0000000000000000000, 1.000000000000000000 ) ) ;
#9066 = CARTESIAN_POINT ( 'NONE',  ( -0.2476318719173560279, 0.5499999999999999334, 0.2345008093955208983 ) ) ;
#9067 = CARTESIAN_POINT ( 'NONE',  ( 0.5747647816677741162, 0.5400000000000000355, 0.1426036172223147380 ) ) ;
#9068 = CARTESIAN_POINT ( 'NONE',  ( 0.6773364582200533945, 0.5400000000000002576, 0.2287658552040447990 ) ) ;
#9069 = CYLINDRICAL_SURFACE ( 'NONE', #2553, 0.1000000000000001027 ) ;
#9070 = PLANE ( 'NONE',  #9010 ) ;
#9071 = PRESENTATION_STYLE_ASSIGNMENT (( #6155 ) ) ;
#9072 = LINE ( 'NONE', #8021, #3597 ) ;
#9073 = UNCERTAINTY_MEASURE_WITH_UNIT (LENGTH_MEASURE( 1.000000000000000082E-05 ), #2478, 'distance_accuracy_value', 'NONE');
#9074 = CARTESIAN_POINT ( 'NONE',  ( 0.5705128205128209284, 0.5400000000000000355, 0.2141879870536845809 ) ) ;
#9075 = LINE ( 'NONE', #2910, #3002 ) ;
#9076 = CARTESIAN_POINT ( 'NONE',  ( -0.4657789010708709432, 0.5499999999999999334, 0.2314357786533035588 ) ) ;
#9077 = PRESENTATION_STYLE_ASSIGNMENT (( #4721 ) ) ;
#9078 = CARTESIAN_POINT ( 'NONE',  ( -0.3278853687560674968, 0.5400000000000002576, 0.05572059181575256953 ) ) ;
#9079 = COLOUR_RGB ( '',0.6666666666666666297, 0.6941176470588235059, 0.7647058823529411242 ) ;
#9080 = PRESENTATION_STYLE_ASSIGNMENT (( #6341 ) ) ;
#9081 = LINE ( 'NONE', #5411, #1052 ) ;
#9082 = CARTESIAN_POINT ( 'NONE',  ( -0.3559194711538461453, 0.5500000000000000444, 0.05222885243829993723 ) ) ;
#9083 = STYLED_ITEM ( 'NONE', ( #2921 ), #4070 ) ;
#9084 = VECTOR ( 'NONE', #2971, 1000.000000000000000 ) ;
#9085 = CARTESIAN_POINT ( 'NONE',  ( -0.6999999999999994005, 0.0000000000000000000, -1.009999999999999565 ) ) ;
#9086 = SURFACE_SIDE_STYLE ('',( #2787 ) ) ;
#9087 = VECTOR ( 'NONE', #3728, 1000.000000000000000 ) ;
#9088 = ORIENTED_EDGE ( 'NONE', *, *, #8815, .F. ) ;
#9089 = CARTESIAN_POINT ( 'NONE',  ( -0.2552127161217210838, 0.5500000000000001554, 0.2004637907756898207 ) ) ;
#9090 = COLOUR_RGB ( '',0.6666666666666666297, 0.6941176470588235059, 0.7647058823529411242 ) ;
#9091 = ORIENTED_EDGE ( 'NONE', *, *, #8464, .F. ) ;
#9092 = FACE_OUTER_BOUND ( 'NONE', #5100, .T. ) ;
#9093 = CARTESIAN_POINT ( 'NONE',  ( 0.0000000000000000000, 0.05000000000000000278, -0.3000000000000005995 ) ) ;
#9094 =( NAMED_UNIT ( * ) PLANE_ANGLE_UNIT ( ) SI_UNIT ( $, .RADIAN. ) );
#9095 = VERTEX_POINT ( 'NONE', #28 ) ;
#9096 = SURFACE_SIDE_STYLE ('',( #5842 ) ) ;
#9097 =( NAMED_UNIT ( * ) SI_UNIT ( $, .STERADIAN. ) SOLID_ANGLE_UNIT ( ) );
#9098 = EDGE_LOOP ( 'NONE', ( #7515, #7010, #2301, #5674, #4339, #6710, #7996, #3563, #8027, #4502, #9610, #1419, #6167, #2919, #2073, #2437, #4223, #9517, #9784, #8976, #2408, #208, #7424, #9921, #8898, #6641, #5139, #9835, #1668, #767, #7195, #3528, #4692, #5979, #5642, #1451, #3185, #5123, #8428, #5135, #7935, #485, #3894, #2992, #6458, #4996, #1861, #5382, #7929, #7387, #7980, #8557, #6848, #7751, #6830, #5090, #6975, #1049, #4234, #8204, #6269, #5923, #8636, #39, #3445, #20, #5260, #6120, #1058, #7429, #1807, #8262 ) ) ;
#9099 = SURFACE_STYLE_USAGE ( .BOTH. , #4494 ) ;
#9100 = DIRECTION ( 'NONE',  ( 0.0000000000000000000, -0.0000000000000000000, 1.000000000000000000 ) ) ;
#9101 = ORIENTED_EDGE ( 'NONE', *, *, #625, .T. ) ;
#9102 = CARTESIAN_POINT ( 'NONE',  ( 0.6793543693711296960, 0.5500000000000000444, 0.2191895159266324111 ) ) ;
#9103 = FILL_AREA_STYLE_COLOUR ( '', #4584 ) ;
#9104 = VERTEX_POINT ( 'NONE', #7773 ) ;
#9105 = EDGE_CURVE ( 'NONE', #4559, #9393, #9214, .T. ) ;
#9106 = CARTESIAN_POINT ( 'NONE',  ( -0.6100000000000003197, 0.05000000000000000278, 0.6999999999999997335 ) ) ;
#9107 = EDGE_CURVE ( 'NONE', #2651, #1461, #5369, .T. ) ;
#9108 = CARTESIAN_POINT ( 'NONE',  ( -0.3943165859147567676, 0.5500000000000001554, 0.2842960902181757010 ) ) ;
#9109 = UNCERTAINTY_MEASURE_WITH_UNIT (LENGTH_MEASURE( 1.000000000000000082E-05 ), #1626, 'distance_accuracy_value', 'NONE');
#9110 = ORIENTED_EDGE ( 'NONE', *, *, #8036, .T. ) ;
#9111 = CARTESIAN_POINT ( 'NONE',  ( -0.4870695118892058306, 0.5400000000000002576, 0.1635303335467292174 ) ) ;
#9112 = ADVANCED_FACE ( 'NONE', ( #7414 ), #4394, .T. ) ;
#9113 = CARTESIAN_POINT ( 'NONE',  ( -0.3488081039395646288, 0.5499999999999994893, 0.05231667502881028053 ) ) ;
#9114 =( GEOMETRIC_REPRESENTATION_CONTEXT ( 3 ) GLOBAL_UNCERTAINTY_ASSIGNED_CONTEXT ( ( #1010 ) ) GLOBAL_UNIT_ASSIGNED_CONTEXT ( ( #3194, #5341, #6113 ) ) REPRESENTATION_CONTEXT ( 'NONE', 'WORKASPACE' ) );
#9115 = DIRECTION ( 'NONE',  ( 0.0000000000000000000, 0.0000000000000000000, 1.000000000000000000 ) ) ;
#9116 = PRESENTATION_LAYER_ASSIGNMENT (  '', '', ( #8609 ) ) ;
#9117 = DIRECTION ( 'NONE',  ( 0.0000000000000000000, -0.0000000000000000000, -1.000000000000000000 ) ) ;
#9118 =( GEOMETRIC_REPRESENTATION_CONTEXT ( 3 ) GLOBAL_UNCERTAINTY_ASSIGNED_CONTEXT ( ( #1680 ) ) GLOBAL_UNIT_ASSIGNED_CONTEXT ( ( #1847, #8718, #1883 ) ) REPRESENTATION_CONTEXT ( 'NONE', 'WORKASPACE' ) );
#9119 = EDGE_CURVE ( 'NONE', #4477, #1413, #5497, .T. ) ;
#9120 = DIRECTION ( 'NONE',  ( 1.000000000000000000, 0.0000000000000000000, 0.0000000000000000000 ) ) ;
#9121 = CARTESIAN_POINT ( 'NONE',  ( -0.5999999999999995337, 0.0000000000000000000, 1.009999999999999787 ) ) ;
#9122 = CIRCLE ( 'NONE', #8315, 0.1000000000000001582 ) ;
#9123 = ORIENTED_EDGE ( 'NONE', *, *, #4002, .F. ) ;
#9124 = CARTESIAN_POINT ( 'NONE',  ( 0.7000000000000002887, 0.1270000000000000018, 1.299999999999999600 ) ) ;
#9125 = STYLED_ITEM ( 'NONE', ( #2335 ), #130 ) ;
#9126 = AXIS2_PLACEMENT_3D ( 'NONE', #7820, #2484, #4747 ) ;
#9127 = CARTESIAN_POINT ( 'NONE',  ( -0.6999999999999995115, 0.1270000000000000018, 1.309999999999999609 ) ) ;
#9128 = FILL_AREA_STYLE ('',( #3129 ) ) ;
#9129 = STYLED_ITEM ( 'NONE', ( #5571 ), #2346 ) ;
#9130 = CARTESIAN_POINT ( 'NONE',  ( -0.3560196314102563875, 0.5400000000000000355, 0.02658782679727431791 ) ) ;
#9131 = CARTESIAN_POINT ( 'NONE',  ( 0.5705128205128210395, 0.5400000000000001465, 0.2141879870536846087 ) ) ;
#9132 = SURFACE_STYLE_FILL_AREA ( #3331 ) ;
#9133 = DIRECTION ( 'NONE',  ( -3.336006684570783101E-16, 0.0000000000000000000, -1.000000000000000000 ) ) ;
#9134 = FILL_AREA_STYLE_COLOUR ( '', #9033 ) ;
#9135 = LINE ( 'NONE', #5824, #241 ) ;
#9136 = VERTEX_POINT ( 'NONE', #923 ) ;
#9137 = CARTESIAN_POINT ( 'NONE',  ( 0.8999999999999998002, 0.05000000000000000278, -1.300000000000000266 ) ) ;
#9138 = DIRECTION ( 'NONE',  ( -1.084202172485503842E-15, 0.0000000000000000000, 1.000000000000000000 ) ) ;
#9139 = CARTESIAN_POINT ( 'NONE',  ( 0.1000000000000004774, 0.0000000000000000000, 1.009999999999999343 ) ) ;
#9140 = CARTESIAN_POINT ( 'NONE',  ( 0.6040586233842186736, 0.5400000000000000355, 0.2601784906336003789 ) ) ;
#9141 = VERTEX_POINT ( 'NONE', #1061 ) ;
#9142 = ORIENTED_EDGE ( 'NONE', *, *, #3227, .T. ) ;
#9143 = CARTESIAN_POINT ( 'NONE',  ( -0.4999999999999995559, 0.0000000000000000000, -1.309999999999999609 ) ) ;
#9144 = MECHANICAL_DESIGN_GEOMETRIC_PRESENTATION_REPRESENTATION (  '', ( #1055 ), #397 ) ;
#9145 = CARTESIAN_POINT ( 'NONE',  ( -0.2834308591000357924, 0.5400000000000000355, 0.07843042314809549331 ) ) ;
#9146 = CARTESIAN_POINT ( 'NONE',  ( -0.4225572812807564249, 0.5399999999999999245, 0.07407962274615711995 ) ) ;
#9147 = PRESENTATION_LAYER_ASSIGNMENT (  '', '', ( #1911 ) ) ;
#9148 = LINE ( 'NONE', #5315, #6530 ) ;
#9149 = VECTOR ( 'NONE', #517, 1000.000000000000000 ) ;
#9150 = PRESENTATION_STYLE_ASSIGNMENT (( #3706 ) ) ;
#9151 = ORIENTED_EDGE ( 'NONE', *, *, #1396, .T. ) ;
#9152 = DIRECTION ( 'NONE',  ( 0.0000000000000000000, -0.0000000000000000000, 1.000000000000000000 ) ) ;
#9153 = SURFACE_STYLE_USAGE ( .BOTH. , #7657 ) ;
#9154 = ORIENTED_EDGE ( 'NONE', *, *, #8298, .T. ) ;
#9155 = DIRECTION ( 'NONE',  ( 0.4966865118376849186, 0.0000000000000000000, -0.8679300138597081382 ) ) ;
#9156 = MECHANICAL_DESIGN_GEOMETRIC_PRESENTATION_REPRESENTATION (  '', ( #2899 ), #3222 ) ;
#9157 = ORIENTED_EDGE ( 'NONE', *, *, #443, .F. ) ;
#9158 = CARTESIAN_POINT ( 'NONE',  ( 0.3000000000000003775, 0.1270000000000000018, -1.309999999999999387 ) ) ;
#9159 = ADVANCED_FACE ( 'NONE', ( #6097 ), #1395, .T. ) ;
#9160 = CARTESIAN_POINT ( 'NONE',  ( 0.6793543693711296960, 0.5500000000000000444, 0.2191895159266324111 ) ) ;
#9161 = FILL_AREA_STYLE_COLOUR ( '', #861 ) ;
#9162 = ORIENTED_EDGE ( 'NONE', *, *, #2681, .T. ) ;
#9163 = EDGE_CURVE ( 'NONE', #8715, #8147, #7664, .T. ) ;
#9164 = CARTESIAN_POINT ( 'NONE',  ( 0.6040586233842186736, 0.5500000000000000444, 0.2601784906336003789 ) ) ;
#9165 = ORIENTED_EDGE ( 'NONE', *, *, #4877, .T. ) ;
#9166 = CARTESIAN_POINT ( 'NONE',  ( -0.1506410256410256887, 0.5400000000000000355, 0.2829980832075307262 ) ) ;
#9167 = CIRCLE ( 'NONE', #5273, 0.1250000000000000000 ) ;
#9168 = COLOUR_RGB ( '',1.000000000000000000, 1.000000000000000000, 1.000000000000000000 ) ;
#9169 = CARTESIAN_POINT ( 'NONE',  ( 0.1000000000000004774, 0.1270000000000000018, 1.309999999999999387 ) ) ;
#9170 = CARTESIAN_POINT ( 'NONE',  ( 0.5000000000000004441, 0.05000000000000000278, -1.009999999999999343 ) ) ;
#9171 = LINE ( 'NONE', #6930, #3920 ) ;
#9172 = CARTESIAN_POINT ( 'NONE',  ( -0.2467948717948718063, 0.5400000000000000355, 0.1576475223100948231 ) ) ;
#9173 = MECHANICAL_DESIGN_GEOMETRIC_PRESENTATION_REPRESENTATION (  '', ( #6598 ), #8673 ) ;
#9174 = DIRECTION ( 'NONE',  ( -0.0000000000000000000, -1.000000000000000000, -0.0000000000000000000 ) ) ;
#9175 = STYLED_ITEM ( 'NONE', ( #8796 ), #3358 ) ;
#9176 = LINE ( 'NONE', #8678, #6555 ) ;
#9177 = CARTESIAN_POINT ( 'NONE',  ( -0.4871794871794872250, 0.5400000000000000355, 0.1590998460280435567 ) ) ;
#9178 =( GEOMETRIC_REPRESENTATION_CONTEXT ( 3 ) GLOBAL_UNCERTAINTY_ASSIGNED_CONTEXT ( ( #2763 ) ) GLOBAL_UNIT_ASSIGNED_CONTEXT ( ( #6199, #5392, #33 ) ) REPRESENTATION_CONTEXT ( 'NONE', 'WORKASPACE' ) );
#9179 = EDGE_CURVE ( 'NONE', #7081, #7421, #9325, .T. ) ;
#9180 = FILL_AREA_STYLE ('',( #3844 ) ) ;
#9181 = CARTESIAN_POINT ( 'NONE',  ( 0.6268546784654381865, 0.5400000000000001465, 0.2637123781629190367 ) ) ;
#9182 = DIRECTION ( 'NONE',  ( 0.0000000000000000000, 0.0000000000000000000, 1.000000000000000000 ) ) ;
#9183 = EDGE_CURVE ( 'NONE', #9781, #6346, #9566, .T. ) ;
#9184 = UNCERTAINTY_MEASURE_WITH_UNIT (LENGTH_MEASURE( 1.000000000000000082E-05 ), #2511, 'distance_accuracy_value', 'NONE');
#9185 =( GEOMETRIC_REPRESENTATION_CONTEXT ( 3 ) GLOBAL_UNCERTAINTY_ASSIGNED_CONTEXT ( ( #4796 ) ) GLOBAL_UNIT_ASSIGNED_CONTEXT ( ( #5023, #412, #8108 ) ) REPRESENTATION_CONTEXT ( 'NONE', 'WORKASPACE' ) );
#9186 = FACE_OUTER_BOUND ( 'NONE', #7029, .T. ) ;
#9187 = DIRECTION ( 'NONE',  ( 0.0000000000000000000, -0.0000000000000000000, -1.000000000000000000 ) ) ;
#9188 = VERTEX_POINT ( 'NONE', #244 ) ;
#9189 =( GEOMETRIC_REPRESENTATION_CONTEXT ( 3 ) GLOBAL_UNCERTAINTY_ASSIGNED_CONTEXT ( ( #2846 ) ) GLOBAL_UNIT_ASSIGNED_CONTEXT ( ( #4212, #7280, #7905 ) ) REPRESENTATION_CONTEXT ( 'NONE', 'WORKASPACE' ) );
#9190 = CARTESIAN_POINT ( 'NONE',  ( -0.1506410256410256887, 0.5500000000000000444, 0.1612032114126589200 ) ) ;
#9191 = CARTESIAN_POINT ( 'NONE',  ( 0.9100000000000002531, 0.0000000000000000000, 0.2999999999999997113 ) ) ;
#9192 = AXIS2_PLACEMENT_3D ( 'NONE', #6050, #1515, #4657 ) ;
#9193 = CARTESIAN_POINT ( 'NONE',  ( -0.4466712235747273274, 0.5399999999999999245, 0.2175748631805408673 ) ) ;
#9194 = SURFACE_SIDE_STYLE ('',( #8884 ) ) ;
#9195 = VECTOR ( 'NONE', #6481, 1000.000000000000000 ) ;
#9196 = UNCERTAINTY_MEASURE_WITH_UNIT (LENGTH_MEASURE( 1.000000000000000082E-05 ), #2236, 'distance_accuracy_value', 'NONE');
#9197 = CARTESIAN_POINT ( 'NONE',  ( 0.5826364890367545790, 0.5400000000000000355, 0.2456616606238895273 ) ) ;
#9198 = PRESENTATION_LAYER_ASSIGNMENT (  '', '', ( #769 ) ) ;
#9199 =( NAMED_UNIT ( * ) PLANE_ANGLE_UNIT ( ) SI_UNIT ( $, .RADIAN. ) );
#9200 = PLANE ( 'NONE',  #1212 ) ;
#9201 =( NAMED_UNIT ( * ) PLANE_ANGLE_UNIT ( ) SI_UNIT ( $, .RADIAN. ) );
#9202 = SURFACE_SIDE_STYLE ('',( #6652 ) ) ;
#9203 =( NAMED_UNIT ( * ) SI_UNIT ( $, .STERADIAN. ) SOLID_ANGLE_UNIT ( ) );
#9204 = VECTOR ( 'NONE', #6552, 1000.000000000000000 ) ;
#9205 = AXIS2_PLACEMENT_3D ( 'NONE', #8164, #4886, #264 ) ;
#9206 = VECTOR ( 'NONE', #5541, 1000.000000000000000 ) ;
#9207 = ORIENTED_EDGE ( 'NONE', *, *, #3106, .F. ) ;
#9208 = CARTESIAN_POINT ( 'NONE',  ( -0.4657789010708709432, 0.5499999999999999334, 0.2314357786533035588 ) ) ;
#9209 = LINE ( 'NONE', #5250, #4666 ) ;
#9210 = ORIENTED_EDGE ( 'NONE', *, *, #1585, .T. ) ;
#9211 = CARTESIAN_POINT ( 'NONE',  ( 0.5481613120059634081, 0.5399999999999999245, 0.2107119316595731096 ) ) ;
#9212 = CARTESIAN_POINT ( 'NONE',  ( -0.4999999999999995559, 0.05000000000000000278, 0.0000000000000000000 ) ) ;
#9213 = ADVANCED_FACE ( 'NONE', ( #1774 ), #4654, .T. ) ;
#9214 = LINE ( 'NONE', #3876, #682 ) ;
#9215 = SURFACE_STYLE_USAGE ( .BOTH. , #3948 ) ;
#9216 = LINE ( 'NONE', #5446, #3616 ) ;
#9217 = COLOUR_RGB ( '',1.000000000000000000, 1.000000000000000000, 1.000000000000000000 ) ;
#9218 = CARTESIAN_POINT ( 'NONE',  ( -0.3559194711538461453, 0.5400000000000000355, 0.05222885243829993723 ) ) ;
#9219 = EDGE_LOOP ( 'NONE', ( #4812, #8032, #3123, #8966, #5844, #6178, #2738, #9584, #6777, #5030, #7265, #745 ) ) ;
#9220 = ORIENTED_EDGE ( 'NONE', *, *, #9766, .T. ) ;
#9221 =( NAMED_UNIT ( * ) PLANE_ANGLE_UNIT ( ) SI_UNIT ( $, .RADIAN. ) );
#9222 = ORIENTED_EDGE ( 'NONE', *, *, #5001, .T. ) ;
#9223 = STYLED_ITEM ( 'NONE', ( #9013 ), #3566 ) ;
#9224 = VERTEX_POINT ( 'NONE', #3447 ) ;
#9225 = CARTESIAN_POINT ( 'NONE',  ( 0.1858974358974359864, 0.5400000000000000355, 0.2829980832075307262 ) ) ;
#9226 = COLOUR_RGB ( '',1.000000000000000000, 1.000000000000000000, 1.000000000000000000 ) ;
#9227 = SURFACE_STYLE_FILL_AREA ( #1801 ) ;
#9228 = ORIENTED_EDGE ( 'NONE', *, *, #1470, .T. ) ;
#9229 = DIRECTION ( 'NONE',  ( -0.8423401905372559506, 0.0000000000000000000, -0.5389461971344259306 ) ) ;
#9230 = ORIENTED_EDGE ( 'NONE', *, *, #6495, .T. ) ;
#9231 = CARTESIAN_POINT ( 'NONE',  ( -0.3294333177309709537, 0.5500000000000002665, 0.02879258023798501528 ) ) ;
#9232 = SURFACE_STYLE_FILL_AREA ( #7987 ) ;
#9233 = DIRECTION ( 'NONE',  ( -1.000000000000000000, 0.0000000000000000000, 0.0000000000000000000 ) ) ;
#9234 = FILL_AREA_STYLE_COLOUR ( '', #776 ) ;
#9235 = UNCERTAINTY_MEASURE_WITH_UNIT (LENGTH_MEASURE( 1.000000000000000082E-05 ), #4373, 'distance_accuracy_value', 'NONE');
#9236 = ORIENTED_EDGE ( 'NONE', *, *, #7140, .F. ) ;
#9237 = SURFACE_SIDE_STYLE ('',( #7388 ) ) ;
#9238 = CARTESIAN_POINT ( 'NONE',  ( -0.3518942288685198982, 0.5400000000000000355, 0.2893328622463006150 ) ) ;
#9239 = EDGE_CURVE ( 'NONE', #7141, #5561, #1167, .T. ) ;
#9240 = EDGE_CURVE ( 'NONE', #5216, #1944, #9678, .T. ) ;
#9241 = CARTESIAN_POINT ( 'NONE',  ( -0.3089661849070209354, 0.5500000000000001554, 0.2812293128027903433 ) ) ;
#9242 = VECTOR ( 'NONE', #1469, 1000.000000000000000 ) ;
#9243 = EDGE_CURVE ( 'NONE', #4842, #3212, #2397, .T. ) ;
#9244 = DIRECTION ( 'NONE',  ( -1.000000000000000000, 0.0000000000000000000, -0.0000000000000000000 ) ) ;
#9245 = DIRECTION ( 'NONE',  ( 0.0000000000000000000, 0.0000000000000000000, 1.000000000000000000 ) ) ;
#9246 = COLOUR_RGB ( '',1.000000000000000000, 1.000000000000000000, 1.000000000000000000 ) ;
#9247 = CARTESIAN_POINT ( 'NONE',  ( -0.2476373699108612159, 0.5399999999999998135, 0.1433488965953990668 ) ) ;
#9248 = COLOUR_RGB ( '',1.000000000000000000, 1.000000000000000000, 1.000000000000000000 ) ;
#9249 = ORIENTED_EDGE ( 'NONE', *, *, #1669, .T. ) ;
#9250 = CARTESIAN_POINT ( 'NONE',  ( 0.2275641025641027271, 0.5500000000000000444, 0.1740237242331717227 ) ) ;
#9251 = STYLED_ITEM ( 'NONE', ( #7184 ), #8720 ) ;
#9252 = B_SPLINE_CURVE_WITH_KNOTS ( 'NONE', 3,
 ( #9130, #3834, #3930, #6076, #1584, #8370, #8404, #3038, #3799, #5404, #6121, #4554, #7666, #9948, #795, #6047, #8437, #9893, #6854 ),
 .UNSPECIFIED., .F., .F.,
 ( 4, 1, 1, 1, 1, 1, 1, 1, 1, 1, 1, 1, 1, 1, 1, 1, 4 ),
 ( 0.0000000000000000000, 0.06566701266557030403, 0.1289742151073971221, 0.1909276749603058820, 0.2519487749183338399, 0.3126942235710620244, 0.3738296131874436212, 0.4362009092567651347, 0.4998805412082639177, 0.5635601731597624786, 0.6259314692290842697, 0.6870668588454658110, 0.7478123074981939400, 0.8088334074562217868, 0.8707868673091307965, 0.9343329873344297098, 0.9999999999999998890 ),
 .UNSPECIFIED. ) ;
#9253 = EDGE_CURVE ( 'NONE', #8468, #7245, #2012, .T. ) ;
#9254 =( NAMED_UNIT ( * ) SI_UNIT ( $, .STERADIAN. ) SOLID_ANGLE_UNIT ( ) );
#9255 = PLANE ( 'NONE',  #5455 ) ;
#9256 =( LENGTH_UNIT ( ) NAMED_UNIT ( * ) SI_UNIT ( .MILLI., .METRE. ) );
#9257 = LINE ( 'NONE', #5276, #5890 ) ;
#9258 = VECTOR ( 'NONE', #2240, 1000.000000000000000 ) ;
#9259 = VERTEX_POINT ( 'NONE', #8045 ) ;
#9260 =( GEOMETRIC_REPRESENTATION_CONTEXT ( 3 ) GLOBAL_UNCERTAINTY_ASSIGNED_CONTEXT ( ( #5673 ) ) GLOBAL_UNIT_ASSIGNED_CONTEXT ( ( #3378, #4958, #4892 ) ) REPRESENTATION_CONTEXT ( 'NONE', 'WORKASPACE' ) );
#9261 = CARTESIAN_POINT ( 'NONE',  ( -0.3762847248767835495, 0.5400000000000000355, 0.2620174016834342368 ) ) ;
#9262 = ADVANCED_FACE ( 'NONE', ( #7652 ), #6538, .T. ) ;
#9263 = FILL_AREA_STYLE ('',( #5469 ) ) ;
#9264 = CARTESIAN_POINT ( 'NONE',  ( 0.9000000000000002442, 0.05000000000000000278, 1.299999999999999600 ) ) ;
#9265 = CARTESIAN_POINT ( 'NONE',  ( -0.4221764302159043969, 0.5499999999999999334, 0.04387072048357277404 ) ) ;
#9266 = CARTESIAN_POINT ( 'NONE',  ( 0.2999999999999999334, 0.05000000000000000278, 1.299999999999999600 ) ) ;
#9267 = CARTESIAN_POINT ( 'NONE',  ( -0.5435196314102566095, 0.5400000000000000355, 0.2829980832075307262 ) ) ;
#9268 = FACE_OUTER_BOUND ( 'NONE', #1462, .T. ) ;
#9269 = SURFACE_STYLE_USAGE ( .BOTH. , #7739 ) ;
#9270 = ORIENTED_EDGE ( 'NONE', *, *, #8479, .F. ) ;
#9271 = FILL_AREA_STYLE_COLOUR ( '', #9420 ) ;
#9272 =( LENGTH_UNIT ( ) NAMED_UNIT ( * ) SI_UNIT ( .MILLI., .METRE. ) );
#9273 = CARTESIAN_POINT ( 'NONE',  ( -0.2275641025641025328, 0.5400000000000000355, 0.3022288524382999442 ) ) ;
#9274 = VERTEX_POINT ( 'NONE', #2813 ) ;
#9275 = CARTESIAN_POINT ( 'NONE',  ( 0.6989894470067800070, 0.5399999999999999245, 0.1907516422736825201 ) ) ;
#9276 = COLOUR_RGB ( '',0.2509803921568627416, 0.2509803921568627416, 0.2509803921568627416 ) ;
#9277 = ORIENTED_EDGE ( 'NONE', *, *, #2658, .F. ) ;
#9278 = CARTESIAN_POINT ( 'NONE',  ( 0.5559224781836688001, 0.5400000000000001465, 0.1767742904293165551 ) ) ;
#9279 =( LENGTH_UNIT ( ) NAMED_UNIT ( * ) SI_UNIT ( .MILLI., .METRE. ) );
#9280 = MECHANICAL_DESIGN_GEOMETRIC_PRESENTATION_REPRESENTATION (  '', ( #3090 ), #6844 ) ;
#9281 = CARTESIAN_POINT ( 'NONE',  ( -0.1730769230769231282, 0.5400000000000000355, 0.03299808320753071927 ) ) ;
#9282 = ORIENTED_EDGE ( 'NONE', *, *, #151, .T. ) ;
#9283 = CARTESIAN_POINT ( 'NONE',  ( 0.6506947908314432150, 0.5400000000000001465, 0.2581895918425476943 ) ) ;
#9284 = VERTEX_POINT ( 'NONE', #437 ) ;
#9285 = FILL_AREA_STYLE ('',( #1573 ) ) ;
#9286 = VERTEX_POINT ( 'NONE', #7285 ) ;
#9287 = CARTESIAN_POINT ( 'NONE',  ( -0.6500000000000001332, 0.5400000000000000355, -0.9250000000000003775 ) ) ;
#9288 = CARTESIAN_POINT ( 'NONE',  ( 0.7000000000000002887, 0.1270000000000000018, -1.309999999999999387 ) ) ;
#9289 = ORIENTED_EDGE ( 'NONE', *, *, #8279, .T. ) ;
#9290 = SURFACE_STYLE_USAGE ( .BOTH. , #7888 ) ;
#9291 = ORIENTED_EDGE ( 'NONE', *, *, #7592, .F. ) ;
#9292 = DIRECTION ( 'NONE',  ( -1.000000000000000000, 0.0000000000000000000, 0.0000000000000000000 ) ) ;
#9293 = EDGE_LOOP ( 'NONE', ( #391, #6580, #1879, #8751, #5564, #217, #1590, #1118, #6421, #4935 ) ) ;
#9294 = SURFACE_SIDE_STYLE ('',( #9754 ) ) ;
#9295 = EDGE_CURVE ( 'NONE', #7928, #231, #8020, .T. ) ;
#9296 = CARTESIAN_POINT ( 'NONE',  ( -0.3514724472204139860, 0.5399999999999999245, 0.02669680166717967179 ) ) ;
#9297 = CARTESIAN_POINT ( 'NONE',  ( -0.4861602957040944695, 0.5500000000000000444, 0.1414220940559241801 ) ) ;
#9298 = DIRECTION ( 'NONE',  ( 1.000000000000000000, -0.0000000000000000000, -0.0000000000000000000 ) ) ;
#9299 = SURFACE_SIDE_STYLE ('',( #4099 ) ) ;
#9300 = VERTEX_POINT ( 'NONE', #4285 ) ;
#9301 = FILL_AREA_STYLE ('',( #959 ) ) ;
#9302 = SURFACE_STYLE_FILL_AREA ( #7832 ) ;
#9303 = STYLED_ITEM ( 'NONE', ( #8516 ), #4854 ) ;
#9304 = SURFACE_SIDE_STYLE ('',( #7187 ) ) ;
#9305 = VERTEX_POINT ( 'NONE', #7248 ) ;
#9306 = FACE_OUTER_BOUND ( 'NONE', #2061, .T. ) ;
#9307 = SURFACE_SIDE_STYLE ('',( #3334 ) ) ;
#9308 = CARTESIAN_POINT ( 'NONE',  ( 0.5747647816677741162, 0.5400000000000000355, 0.1426036172223147380 ) ) ;
#9309 = CARTESIAN_POINT ( 'NONE',  ( 0.6148394138948918286, 0.5399999999999999245, 0.1391028097395513863 ) ) ;
#9310 = AXIS2_PLACEMENT_3D ( 'NONE', #9281, #8550, #4670 ) ;
#9311 = UNCERTAINTY_MEASURE_WITH_UNIT (LENGTH_MEASURE( 1.000000000000000082E-05 ), #4993, 'distance_accuracy_value', 'NONE');
#9312 = EDGE_CURVE ( 'NONE', #2821, #1843, #4792, .T. ) ;
#9313 = CARTESIAN_POINT ( 'NONE',  ( 0.5928914680849368679, 0.5400000000000000355, 0.1725057179857588940 ) ) ;
#9314 = CIRCLE ( 'NONE', #9049, 0.1000000000000000472 ) ;
#9315 = CARTESIAN_POINT ( 'NONE',  ( 0.6552022709393167110, 0.5400000000000001465, 0.2556730261468869170 ) ) ;
#9316 = CARTESIAN_POINT ( 'NONE',  ( 0.7019230769230774269, 0.5500000000000000444, 0.2128358235921461172 ) ) ;
#9317 = EDGE_CURVE ( 'NONE', #9344, #3297, #5605, .T. ) ;
#9318 = COLOUR_RGB ( '',0.7921568627450980005, 0.8196078431372548767, 0.9333333333333333481 ) ;
#9319 = STYLED_ITEM ( 'NONE', ( #3691 ), #6399 ) ;
#9320 = LINE ( 'NONE', #4605, #7767 ) ;
#9321 = VECTOR ( 'NONE', #345, 1000.000000000000000 ) ;
#9322 = CARTESIAN_POINT ( 'NONE',  ( 0.0000000000000000000, 0.05000000000000000278, 0.4999999999999994449 ) ) ;
#9323 = CARTESIAN_POINT ( 'NONE',  ( -0.6500000000000001332, 0.5400000000000000355, -1.050000000000000266 ) ) ;
#9324 = CARTESIAN_POINT ( 'NONE',  ( -0.3247625556812415715, 0.5400000000000002576, 0.2602464961318853298 ) ) ;
#9325 = LINE ( 'NONE', #2578, #8494 ) ;
#9326 = CARTESIAN_POINT ( 'NONE',  ( -0.1730769230769231282, 0.5400000000000000355, 0.03299808320753071927 ) ) ;
#9327 = LINE ( 'NONE', #7756, #5962 ) ;
#9328 = CARTESIAN_POINT ( 'NONE',  ( -0.3168573597537621134, 0.5500000000000000444, 0.03170999182272464523 ) ) ;
#9329 = VECTOR ( 'NONE', #9916, 1000.000000000000000 ) ;
#9330 = CARTESIAN_POINT ( 'NONE',  ( -0.4774672417080040865, 0.5400000000000002576, 0.1078841983245599767 ) ) ;
#9331 = LINE ( 'NONE', #3666, #7658 ) ;
#9332 = VERTEX_POINT ( 'NONE', #9572 ) ;
#9333 = DIRECTION ( 'NONE',  ( 1.000000000000000000, 0.0000000000000000000, 0.0000000000000000000 ) ) ;
#9334 = SURFACE_STYLE_USAGE ( .BOTH. , #881 ) ;
#9335 = EDGE_LOOP ( 'NONE', ( #5549, #4855, #8638, #5858 ) ) ;
#9336 = SURFACE_STYLE_FILL_AREA ( #1306 ) ;
#9337 = CARTESIAN_POINT ( 'NONE',  ( 0.6966390985355028764, 0.5400000000000001465, 0.1839678380193582596 ) ) ;
#9338 = SURFACE_STYLE_FILL_AREA ( #8006 ) ;
#9339 = VERTEX_POINT ( 'NONE', #5019 ) ;
#9340 = ORIENTED_EDGE ( 'NONE', *, *, #8599, .T. ) ;
#9341 = VERTEX_POINT ( 'NONE', #408 ) ;
#9342 =( NAMED_UNIT ( * ) SI_UNIT ( $, .STERADIAN. ) SOLID_ANGLE_UNIT ( ) );
#9343 = PRESENTATION_STYLE_ASSIGNMENT (( #2778 ) ) ;
#9344 = VERTEX_POINT ( 'NONE', #4988 ) ;
#9345 = CARTESIAN_POINT ( 'NONE',  ( -0.4537722024362326745, 0.5400000000000000355, 0.1110818447347388105 ) ) ;
#9346 = FILL_AREA_STYLE_COLOUR ( '', #4361 ) ;
#9347 = VECTOR ( 'NONE', #4062, 1000.000000000000000 ) ;
#9348 = CARTESIAN_POINT ( 'NONE',  ( 0.6965311569742302922, 0.5500000000000000444, 0.2427979230090413221 ) ) ;
#9349 = ORIENTED_EDGE ( 'NONE', *, *, #8541, .T. ) ;
#9350 = FILL_AREA_STYLE_COLOUR ( '', #1744 ) ;
#9351 = VECTOR ( 'NONE', #1775, 1000.000000000000000 ) ;
#9352 = CARTESIAN_POINT ( 'NONE',  ( 0.9100000000000002531, 0.1270000000000000018, -0.3000000000000005995 ) ) ;
#9353 = EDGE_CURVE ( 'NONE', #9332, #1181, #1907, .T. ) ;
#9354 = DIRECTION ( 'NONE',  ( -0.7749094909751127469, 0.0000000000000000000, 0.6320722116947490310 ) ) ;
#9355 = ADVANCED_FACE ( 'NONE', ( #6811 ), #7373, .T. ) ;
#9356 = SURFACE_SIDE_STYLE ('',( #4115 ) ) ;
#9357 = CARTESIAN_POINT ( 'NONE',  ( 0.7000000000000002887, 0.0000000000000000000, 1.309999999999999387 ) ) ;
#9358 = LINE ( 'NONE', #1824, #5292 ) ;
#9359 = CARTESIAN_POINT ( 'NONE',  ( -0.4652417168135699055, 0.5400000000000000355, 0.08466417358806603566 ) ) ;
#9360 = DIRECTION ( 'NONE',  ( 0.0000000000000000000, 0.0000000000000000000, -1.000000000000000000 ) ) ;
#9361 = VECTOR ( 'NONE', #5089, 1000.000000000000000 ) ;
#9362 = VERTEX_POINT ( 'NONE', #7344 ) ;
#9363 = CARTESIAN_POINT ( 'NONE',  ( -0.5999999999999995337, 0.1270000000000000018, -1.009999999999999787 ) ) ;
#9364 =( GEOMETRIC_REPRESENTATION_CONTEXT ( 3 ) GLOBAL_UNCERTAINTY_ASSIGNED_CONTEXT ( ( #5865 ) ) GLOBAL_UNIT_ASSIGNED_CONTEXT ( ( #3495, #1044, #3534 ) ) REPRESENTATION_CONTEXT ( 'NONE', 'WORKASPACE' ) );
#9365 = CARTESIAN_POINT ( 'NONE',  ( 0.7000000000000002887, 0.04999999999999999584, 1.009999999999999343 ) ) ;
#9366 = FILL_AREA_STYLE_COLOUR ( '', #2499 ) ;
#9367 =( LENGTH_UNIT ( ) NAMED_UNIT ( * ) SI_UNIT ( .MILLI., .METRE. ) );
#9368 = EDGE_CURVE ( 'NONE', #4486, #8828, #2385, .T. ) ;
#9369 =( NAMED_UNIT ( * ) SI_UNIT ( $, .STERADIAN. ) SOLID_ANGLE_UNIT ( ) );
#9370 = ORIENTED_EDGE ( 'NONE', *, *, #1470, .F. ) ;
#9371 = CARTESIAN_POINT ( 'NONE',  ( -0.3178863522565567035, 0.5499999999999998224, 0.2841985966716498724 ) ) ;
#9372 = ORIENTED_EDGE ( 'NONE', *, *, #4028, .F. ) ;
#9373 = EDGE_CURVE ( 'NONE', #1627, #4128, #7408, .T. ) ;
#9374 = CARTESIAN_POINT ( 'NONE',  ( 0.5772714466320191251, 0.5400000000000002576, 0.2743011599111695453 ) ) ;
#9375 = PRESENTATION_LAYER_ASSIGNMENT (  '', '', ( #6301 ) ) ;
#9376 = DIRECTION ( 'NONE',  ( 0.0000000000000000000, 0.0000000000000000000, 1.000000000000000000 ) ) ;
#9377 = MANIFOLD_SOLID_BREP ( 'Corte-extrusão1', #9769 ) ;
#9378 = CARTESIAN_POINT ( 'NONE',  ( -0.3771641468599184477, 0.5499999999999997113, 0.05414944642747142323 ) ) ;
#9379 = FILL_AREA_STYLE ('',( #9346 ) ) ;
#9380 = MECHANICAL_DESIGN_GEOMETRIC_PRESENTATION_REPRESENTATION (  '', ( #8361 ), #1474 ) ;
#9381 = ORIENTED_EDGE ( 'NONE', *, *, #8922, .T. ) ;
#9382 =( NAMED_UNIT ( * ) PLANE_ANGLE_UNIT ( ) SI_UNIT ( $, .RADIAN. ) );
#9383 =( GEOMETRIC_REPRESENTATION_CONTEXT ( 3 ) GLOBAL_UNCERTAINTY_ASSIGNED_CONTEXT ( ( #5848 ) ) GLOBAL_UNIT_ASSIGNED_CONTEXT ( ( #2275, #6185, #8466 ) ) REPRESENTATION_CONTEXT ( 'NONE', 'WORKASPACE' ) );
#9384 = VECTOR ( 'NONE', #278, 1000.000000000000000 ) ;
#9385 = ORIENTED_EDGE ( 'NONE', *, *, #3752, .T. ) ;
#9386 = ADVANCED_FACE ( 'NONE', ( #2762 ), #4464, .F. ) ;
#9387 = EDGE_CURVE ( 'NONE', #4263, #8833, #308, .T. ) ;
#9388 = DIRECTION ( 'NONE',  ( 1.000000000000000000, 0.0000000000000000000, -0.0000000000000000000 ) ) ;
#9389 = DIRECTION ( 'NONE',  ( -0.5473052603538083316, 0.0000000000000000000, 0.8369330630277728167 ) ) ;
#9390 = PRESENTATION_LAYER_ASSIGNMENT (  '', '', ( #1037 ) ) ;
#9391 = FACE_OUTER_BOUND ( 'NONE', #6818, .T. ) ;
#9392 = VECTOR ( 'NONE', #7893, 1000.000000000000000 ) ;
#9393 = VERTEX_POINT ( 'NONE', #9030 ) ;
#9394 = SURFACE_SIDE_STYLE ('',( #7678 ) ) ;
#9395 = SURFACE_SIDE_STYLE ('',( #8080 ) ) ;
#9396 = CARTESIAN_POINT ( 'NONE',  ( -0.4067597474280871261, 0.5500000000000000444, 0.03624803855475817321 ) ) ;
#9397 = VERTEX_POINT ( 'NONE', #2101 ) ;
#9398 = CARTESIAN_POINT ( 'NONE',  ( -0.9000000000000002442, 0.05000000000000000278, -1.300000000000000266 ) ) ;
#9399 = CARTESIAN_POINT ( 'NONE',  ( -0.6099999999999998757, 0.05000000000000000278, 0.2999999999999997113 ) ) ;
#9400 = CARTESIAN_POINT ( 'NONE',  ( -0.4871794871794872250, 0.5400000000000000355, 0.1590998460280435567 ) ) ;
#9401 =( LENGTH_UNIT ( ) NAMED_UNIT ( * ) SI_UNIT ( .MILLI., .METRE. ) );
#9402 = ORIENTED_EDGE ( 'NONE', *, *, #4705, .T. ) ;
#9403 = DIRECTION ( 'NONE',  ( 0.7659742538299849635, 0.0000000000000000000, -0.6428712487501659911 ) ) ;
#9404 =( NAMED_UNIT ( * ) PLANE_ANGLE_UNIT ( ) SI_UNIT ( $, .RADIAN. ) );
#9405 = ORIENTED_EDGE ( 'NONE', *, *, #7458, .T. ) ;
#9406 = DIRECTION ( 'NONE',  ( -0.0000000000000000000, 0.0000000000000000000, 1.000000000000000000 ) ) ;
#9407 = VERTEX_POINT ( 'NONE', #4491 ) ;
#9408 = COLOUR_RGB ( '',0.6666666666666666297, 0.6941176470588235059, 0.7647058823529411242 ) ;
#9409 = SURFACE_STYLE_USAGE ( .BOTH. , #6466 ) ;
#9410 = LINE ( 'NONE', #2260, #3089 ) ;
#9411 = CARTESIAN_POINT ( 'NONE',  ( -0.6999999999999994005, 0.05000000000000000278, 0.0000000000000000000 ) ) ;
#9412 = ADVANCED_FACE ( 'NONE', ( #6450 ), #7908, .T. ) ;
#9413 = MECHANICAL_DESIGN_GEOMETRIC_PRESENTATION_REPRESENTATION (  '', ( #7177 ), #1848 ) ;
#9414 = CARTESIAN_POINT ( 'NONE',  ( 0.0000000000000000000, 0.5400000000000000355, 0.0000000000000000000 ) ) ;
#9415 =( LENGTH_UNIT ( ) NAMED_UNIT ( * ) SI_UNIT ( .MILLI., .METRE. ) );
#9416 = CARTESIAN_POINT ( 'NONE',  ( -0.3840387861045065354, 0.5499999999999998224, 0.05571395840917784531 ) ) ;
#9417 = CARTESIAN_POINT ( 'NONE',  ( 0.9100000000000002531, 0.0000000000000000000, 0.09999999999999950595 ) ) ;
#9418 = ORIENTED_EDGE ( 'NONE', *, *, #1523, .F. ) ;
#9419 = UNCERTAINTY_MEASURE_WITH_UNIT (LENGTH_MEASURE( 1.000000000000000082E-05 ), #9006, 'distance_accuracy_value', 'NONE');
#9420 = COLOUR_RGB ( '',0.6666666666666666297, 0.6941176470588235059, 0.7647058823529411242 ) ;
#9421 = LINE ( 'NONE', #1759, #652 ) ;
#9422 = LINE ( 'NONE', #9857, #8354 ) ;
#9423 = FILL_AREA_STYLE_COLOUR ( '', #2390 ) ;
#9424 =( LENGTH_UNIT ( ) NAMED_UNIT ( * ) SI_UNIT ( .MILLI., .METRE. ) );
#9425 = CARTESIAN_POINT ( 'NONE',  ( -0.9100000000000002531, 0.1270000000000000018, 0.09999999999999950595 ) ) ;
#9426 = EDGE_CURVE ( 'NONE', #1726, #5022, #9075, .T. ) ;
#9427 = ORIENTED_EDGE ( 'NONE', *, *, #1890, .F. ) ;
#9428 = DIRECTION ( 'NONE',  ( -0.0000000000000000000, -1.000000000000000000, -0.0000000000000000000 ) ) ;
#9429 = EDGE_CURVE ( 'NONE', #8524, #451, #1385, .T. ) ;
#9430 = CARTESIAN_POINT ( 'NONE',  ( 0.7000000000000002887, 0.5500000000000000444, 1.299999999999999600 ) ) ;
#9431 = FACE_OUTER_BOUND ( 'NONE', #6526, .T. ) ;
#9432 = SURFACE_STYLE_USAGE ( .BOTH. , #3368 ) ;
#9433 = CARTESIAN_POINT ( 'NONE',  ( -0.3821649149932537237, 0.5400000000000000355, 0.02894201112869764989 ) ) ;
#9434 = CARTESIAN_POINT ( 'NONE',  ( 0.9100000000000002531, 0.1270000000000000018, -0.7000000000000005107 ) ) ;
#9435 = MECHANICAL_DESIGN_GEOMETRIC_PRESENTATION_REPRESENTATION (  '', ( #9757 ), #1205 ) ;
#9436 = CARTESIAN_POINT ( 'NONE',  ( -0.6100000000000003197, 0.1270000000000000018, 0.5999999999999996447 ) ) ;
#9437 = CARTESIAN_POINT ( 'NONE',  ( -0.3361883684470983180, 0.5500000000000001554, 0.2882248905715693588 ) ) ;
#9438 = MECHANICAL_DESIGN_GEOMETRIC_PRESENTATION_REPRESENTATION (  '', ( #7352 ), #7772 ) ;
#9439 = LINE ( 'NONE', #1728, #3356 ) ;
#9440 = DIRECTION ( 'NONE',  ( -0.0000000000000000000, -1.000000000000000000, -0.0000000000000000000 ) ) ;
#9441 =( NAMED_UNIT ( * ) PLANE_ANGLE_UNIT ( ) SI_UNIT ( $, .RADIAN. ) );
#9442 = DIRECTION ( 'NONE',  ( -1.000000000000000000, 0.0000000000000000000, 0.0000000000000000000 ) ) ;
#9443 = CARTESIAN_POINT ( 'NONE',  ( 0.6854407578993437777, 0.5399999999999999245, 0.1655421891881032337 ) ) ;
#9444 = EDGE_CURVE ( 'NONE', #9136, #3219, #2644, .T. ) ;
#9445 = SURFACE_STYLE_FILL_AREA ( #8821 ) ;
#9446 = CARTESIAN_POINT ( 'NONE',  ( 0.6018629807692312816, 0.5400000000000000355, 0.1411711601306076258 ) ) ;
#9447 = ORIENTED_EDGE ( 'NONE', *, *, #6979, .T. ) ;
#9448 = CARTESIAN_POINT ( 'NONE',  ( -0.6100000000000003197, 0.1270000000000000018, 0.5999999999999996447 ) ) ;
#9449 =( GEOMETRIC_REPRESENTATION_CONTEXT ( 3 ) GLOBAL_UNCERTAINTY_ASSIGNED_CONTEXT ( ( #897 ) ) GLOBAL_UNIT_ASSIGNED_CONTEXT ( ( #4684, #1513, #7697 ) ) REPRESENTATION_CONTEXT ( 'NONE', 'WORKASPACE' ) );
#9450 = STYLED_ITEM ( 'NONE', ( #7991 ), #6298 ) ;
#9451 = ORIENTED_EDGE ( 'NONE', *, *, #4648, .F. ) ;
#9452 = VECTOR ( 'NONE', #4835, 1000.000000000000000 ) ;
#9453 = CARTESIAN_POINT ( 'NONE',  ( -0.4647435897435897023, 0.5499999999999996003, 0.1589996857716332868 ) ) ;
#9454 = SURFACE_STYLE_FILL_AREA ( #1412 ) ;
#9455 = ORIENTED_EDGE ( 'NONE', *, *, #9483, .F. ) ;
#9456 = ORIENTED_EDGE ( 'NONE', *, *, #2330, .F. ) ;
#9457 = EDGE_LOOP ( 'NONE', ( #9101, #1001, #7369, #6868, #3462, #9650 ) ) ;
#9458 = ADVANCED_FACE ( 'NONE', ( #8484 ), #3898, .F. ) ;
#9459 = DIRECTION ( 'NONE',  ( 1.000000000000000000, 0.0000000000000000000, 0.0000000000000000000 ) ) ;
#9460 = ORIENTED_EDGE ( 'NONE', *, *, #9676, .T. ) ;
#9461 = CARTESIAN_POINT ( 'NONE',  ( 0.6342941286795515943, 0.5400000000000000355, 0.1652070819653184419 ) ) ;
#9462 = SURFACE_STYLE_USAGE ( .BOTH. , #293 ) ;
#9463 = PLANE ( 'NONE',  #9205 ) ;
#9464 = FACE_OUTER_BOUND ( 'NONE', #8159, .T. ) ;
#9466 = VECTOR ( 'NONE', #3928, 1000.000000000000000 ) ;
#9465 = DIRECTION ( 'NONE',  ( 1.000000000000000000, 0.0000000000000000000, -0.0000000000000000000 ) ) ;
#9467 = DIRECTION ( 'NONE',  ( 0.0000000000000000000, 1.000000000000000000, 0.0000000000000000000 ) ) ;
#9468 = CARTESIAN_POINT ( 'NONE',  ( -0.3560196314102563875, 0.5400000000000000355, 0.02658782679727431791 ) ) ;
#9469 = PRESENTATION_STYLE_ASSIGNMENT (( #8931 ) ) ;
#9470 = ORIENTED_EDGE ( 'NONE', *, *, #2388, .T. ) ;
#9471 = CARTESIAN_POINT ( 'NONE',  ( -0.4647435897435897023, 0.5500000000000000444, 0.1589996857716332868 ) ) ;
#9472 = MECHANICAL_DESIGN_GEOMETRIC_PRESENTATION_REPRESENTATION (  '', ( #5924 ), #6394 ) ;
#9473 = VECTOR ( 'NONE', #101, 1000.000000000000000 ) ;
#9474 = ORIENTED_EDGE ( 'NONE', *, *, #2537, .F. ) ;
#9475 = CARTESIAN_POINT ( 'NONE',  ( -0.3318313717727936485, 0.5499999999999998224, 0.2618643490134898721 ) ) ;
#9476 = CARTESIAN_POINT ( 'NONE',  ( 0.5482096259844424502, 0.5400000000000001465, 0.2166497080338448955 ) ) ;
#9477 = EDGE_LOOP ( 'NONE', ( #4270, #9123, #9586, #4742 ) ) ;
#9478 = FILL_AREA_STYLE_COLOUR ( '', #2879 ) ;
#9479 = DIRECTION ( 'NONE',  ( 0.0000000000000000000, -1.000000000000000000, 0.0000000000000000000 ) ) ;
#9480 = COLOUR_RGB ( '',0.6666666666666666297, 0.6941176470588235059, 0.7647058823529411242 ) ;
#9481 = CARTESIAN_POINT ( 'NONE',  ( 0.4423076923076926792, 0.5400000000000000355, 0.2829980832075307262 ) ) ;
#9482 = CARTESIAN_POINT ( 'NONE',  ( 0.6099999999999996536, 0.1270000000000000018, 0.1999999999999995948 ) ) ;
#9483 = EDGE_CURVE ( 'NONE', #2366, #1633, #4316, .T. ) ;
#9484 = SURFACE_SIDE_STYLE ('',( #716 ) ) ;
#9485 = ORIENTED_EDGE ( 'NONE', *, *, #2734, .F. ) ;
#9486 =( NAMED_UNIT ( * ) SI_UNIT ( $, .STERADIAN. ) SOLID_ANGLE_UNIT ( ) );
#9487 =( NAMED_UNIT ( * ) SI_UNIT ( $, .STERADIAN. ) SOLID_ANGLE_UNIT ( ) );
#9488 = DIRECTION ( 'NONE',  ( 1.000000000000000000, 0.0000000000000000000, 0.0000000000000000000 ) ) ;
#9489 = CARTESIAN_POINT ( 'NONE',  ( 0.0000000000000000000, 0.5400000000000000355, 0.0000000000000000000 ) ) ;
#9490 = PRESENTATION_LAYER_ASSIGNMENT (  '', '', ( #6418 ) ) ;
#9491 = DIRECTION ( 'NONE',  ( 0.0000000000000000000, 0.0000000000000000000, -1.000000000000000000 ) ) ;
#9492 =( NAMED_UNIT ( * ) SI_UNIT ( $, .STERADIAN. ) SOLID_ANGLE_UNIT ( ) );
#9493 = CARTESIAN_POINT ( 'NONE',  ( -0.9100000000000002531, 0.1270000000000000018, 0.4999999999999994449 ) ) ;
#9494 = VECTOR ( 'NONE', #1477, 1000.000000000000000 ) ;
#9495 = PRESENTATION_LAYER_ASSIGNMENT (  '', '', ( #5386 ) ) ;
#9496 = PLANE ( 'NONE',  #8149 ) ;
#9497 = PRESENTATION_STYLE_ASSIGNMENT (( #8250 ) ) ;
#9498 = ORIENTED_EDGE ( 'NONE', *, *, #5001, .F. ) ;
#9499 = CARTESIAN_POINT ( 'NONE',  ( 0.6100000000000000977, 0.1270000000000000018, -0.2000000000000003997 ) ) ;
#9500 = FACE_OUTER_BOUND ( 'NONE', #8328, .T. ) ;
#9501 = PRESENTATION_LAYER_ASSIGNMENT (  '', '', ( #3877 ) ) ;
#9502 = EDGE_CURVE ( 'NONE', #9781, #1134, #3490, .T. ) ;
#9503 = CARTESIAN_POINT ( 'NONE',  ( -0.6100000000000000977, 0.1270000000000000018, -0.3000000000000005995 ) ) ;
#9504 = UNCERTAINTY_MEASURE_WITH_UNIT (LENGTH_MEASURE( 1.000000000000000082E-05 ), #488, 'distance_accuracy_value', 'NONE');
#9505 = FILL_AREA_STYLE_COLOUR ( '', #9079 ) ;
#9506 = EDGE_CURVE ( 'NONE', #2428, #9362, #8861, .T. ) ;
#9507 = ADVANCED_FACE ( 'NONE', ( #7310 ), #4543, .T. ) ;
#9508 = VERTEX_POINT ( 'NONE', #2352 ) ;
#9509 = FILL_AREA_STYLE ('',( #9606 ) ) ;
#9510 = STYLED_ITEM ( 'NONE', ( #5046 ), #5691 ) ;
#9511 = DIRECTION ( 'NONE',  ( 0.6320722116947490310, 0.0000000000000000000, 0.7749094909751127469 ) ) ;
#9512 =( GEOMETRIC_REPRESENTATION_CONTEXT ( 3 ) GLOBAL_UNCERTAINTY_ASSIGNED_CONTEXT ( ( #1026 ) ) GLOBAL_UNIT_ASSIGNED_CONTEXT ( ( #8099, #9703, #499 ) ) REPRESENTATION_CONTEXT ( 'NONE', 'WORKASPACE' ) );
#9513 = ORIENTED_EDGE ( 'NONE', *, *, #939, .F. ) ;
#9514 = MECHANICAL_DESIGN_GEOMETRIC_PRESENTATION_REPRESENTATION (  '', ( #1273 ), #5277 ) ;
#9515 = ORIENTED_EDGE ( 'NONE', *, *, #3626, .T. ) ;
#9516 = CARTESIAN_POINT ( 'NONE',  ( 0.6277544070512826035, 0.5400000000000001465, 0.1387673139767615083 ) ) ;
#9517 = ORIENTED_EDGE ( 'NONE', *, *, #4956, .F. ) ;
#9518 = FILL_AREA_STYLE_COLOUR ( '', #9246 ) ;
#9519 = STYLED_ITEM ( 'NONE', ( #469 ), #1112 ) ;
#9520 = ORIENTED_EDGE ( 'NONE', *, *, #7760, .F. ) ;
#9521 = CYLINDRICAL_SURFACE ( 'NONE', #2075, 0.1000000000000001582 ) ;
#9522 = CARTESIAN_POINT ( 'NONE',  ( 0.5761534825257117465, 0.5500000000000000444, 0.1906481356657055426 ) ) ;
#9523 =( NAMED_UNIT ( * ) SI_UNIT ( $, .STERADIAN. ) SOLID_ANGLE_UNIT ( ) );
#9524 =( GEOMETRIC_REPRESENTATION_CONTEXT ( 3 ) GLOBAL_UNCERTAINTY_ASSIGNED_CONTEXT ( ( #1228 ) ) GLOBAL_UNIT_ASSIGNED_CONTEXT ( ( #7210, #3346, #5654 ) ) REPRESENTATION_CONTEXT ( 'NONE', 'WORKASPACE' ) );
#9525 = CARTESIAN_POINT ( 'NONE',  ( -0.9100000000000002531, 0.1270000000000000018, -0.7000000000000005107 ) ) ;
#9526 = ORIENTED_EDGE ( 'NONE', *, *, #3067, .T. ) ;
#9527 = CARTESIAN_POINT ( 'NONE',  ( -0.4999999999999995559, 0.05000000000000000278, 0.0000000000000000000 ) ) ;
#9528 = CARTESIAN_POINT ( 'NONE',  ( -0.4567803014464456579, 0.5499999999999998224, 0.1996829414025468596 ) ) ;
#9529 = ORIENTED_EDGE ( 'NONE', *, *, #8097, .F. ) ;
#9530 = CARTESIAN_POINT ( 'NONE',  ( -0.6121794871794873361, 0.5500000000000000444, 0.1757264485921460895 ) ) ;
#9531 = COLOUR_RGB ( '',1.000000000000000000, 1.000000000000000000, 1.000000000000000000 ) ;
#9532 = DIRECTION ( 'NONE',  ( 0.0000000000000000000, 0.0000000000000000000, -1.000000000000000000 ) ) ;
#9533 = ORIENTED_EDGE ( 'NONE', *, *, #9444, .T. ) ;
#9534 = ORIENTED_EDGE ( 'NONE', *, *, #1941, .T. ) ;
#9535 = CARTESIAN_POINT ( 'NONE',  ( -0.3685627476083792597, 0.5400000000000001465, 0.2890833027849579739 ) ) ;
#9536 = DIRECTION ( 'NONE',  ( 0.7749085099061450155, 0.0000000000000000000, -0.6320734144662611964 ) ) ;
#9537 = DIRECTION ( 'NONE',  ( -1.000000000000000000, 0.0000000000000000000, 0.0000000000000000000 ) ) ;
#9538 = EDGE_LOOP ( 'NONE', ( #3793, #4435, #6103, #5806, #3558, #1594 ) ) ;
#9539 = UNCERTAINTY_MEASURE_WITH_UNIT (LENGTH_MEASURE( 1.000000000000000082E-05 ), #8107, 'distance_accuracy_value', 'NONE');
#9540 =( GEOMETRIC_REPRESENTATION_CONTEXT ( 3 ) GLOBAL_UNCERTAINTY_ASSIGNED_CONTEXT ( ( #6368 ) ) GLOBAL_UNIT_ASSIGNED_CONTEXT ( ( #6627, #3589, #9612 ) ) REPRESENTATION_CONTEXT ( 'NONE', 'WORKASPACE' ) );
#9541 = FILL_AREA_STYLE ('',( #3448 ) ) ;
#9542 = LINE ( 'NONE', #4831, #1371 ) ;
#9543 = CARTESIAN_POINT ( 'NONE',  ( 0.1000000000000004774, 0.0000000000000000000, 1.309999999999999387 ) ) ;
#9544 =( NAMED_UNIT ( * ) SI_UNIT ( $, .STERADIAN. ) SOLID_ANGLE_UNIT ( ) );
#9545 = VERTEX_POINT ( 'NONE', #5407 ) ;
#9546 = SURFACE_STYLE_FILL_AREA ( #9759 ) ;
#9547 = EDGE_CURVE ( 'NONE', #2938, #335, #6814, .T. ) ;
#9548 = SURFACE_SIDE_STYLE ('',( #1556 ) ) ;
#9549 = DIRECTION ( 'NONE',  ( -0.5390871699424965025, 0.0000000000000000000, 0.8422499766716470271 ) ) ;
#9550 = CARTESIAN_POINT ( 'NONE',  ( -0.9100000000000002531, 0.1270000000000000018, 0.09999999999999950595 ) ) ;
#9551 = LINE ( 'NONE', #2843, #5475 ) ;
#9552 = FILL_AREA_STYLE ('',( #7995 ) ) ;
#9553 = ADVANCED_FACE ( 'NONE', ( #8128 ), #736, .F. ) ;
#9554 = SURFACE_STYLE_USAGE ( .BOTH. , #1078 ) ;
#9555 = COLOUR_RGB ( '',1.000000000000000000, 1.000000000000000000, 1.000000000000000000 ) ;
#9556 = VECTOR ( 'NONE', #512, 1000.000000000000000 ) ;
#9557 = PLANE ( 'NONE',  #4463 ) ;
#9558 = EDGE_CURVE ( 'NONE', #7017, #2698, #2401, .T. ) ;
#9559 =( LENGTH_UNIT ( ) NAMED_UNIT ( * ) SI_UNIT ( .MILLI., .METRE. ) );
#9560 = COLOUR_RGB ( '',0.6666666666666666297, 0.6941176470588235059, 0.7647058823529411242 ) ;
#9561 = DIRECTION ( 'NONE',  ( 0.0000000000000000000, -0.0000000000000000000, 1.000000000000000000 ) ) ;
#9562 = CARTESIAN_POINT ( 'NONE',  ( 0.6000000000000004219, 0.1270000000000000018, 0.9099999999999996980 ) ) ;
#9563 = DIRECTION ( 'NONE',  ( 3.336006684570783101E-16, 0.0000000000000000000, 1.000000000000000000 ) ) ;
#9564 = COLOUR_RGB ( '',0.6666666666666666297, 0.6941176470588235059, 0.7647058823529411242 ) ;
#9565 = EDGE_CURVE ( 'NONE', #3454, #7421, #5963, .T. ) ;
#9566 = LINE ( 'NONE', #7105, #2771 ) ;
#9567 = STYLED_ITEM ( 'NONE', ( #3593 ), #5832 ) ;
#9568 = CARTESIAN_POINT ( 'NONE',  ( -0.2986278044871794601, 0.5400000000000000355, 0.2494443973100947953 ) ) ;
#9569 = LINE ( 'NONE', #2375, #8127 ) ;
#9570 = CARTESIAN_POINT ( 'NONE',  ( 0.6231453184961031067, 0.5500000000000001554, 0.2637123824699069696 ) ) ;
#9571 = ORIENTED_EDGE ( 'NONE', *, *, #238, .F. ) ;
#9572 = CARTESIAN_POINT ( 'NONE',  ( 0.4198717948717952675, 0.5500000000000000444, 0.05863910884855633859 ) ) ;
#9573 = STYLED_ITEM ( 'NONE', ( #4314 ), #9213 ) ;
#9574 = VERTEX_POINT ( 'NONE', #53 ) ;
#9575 = EDGE_CURVE ( 'NONE', #4679, #989, #6212, .T. ) ;
#9576 = CARTESIAN_POINT ( 'NONE',  ( 0.6148394138948918286, 0.5499999999999999334, 0.1391028097395513863 ) ) ;
#9577 = FACE_OUTER_BOUND ( 'NONE', #5366, .T. ) ;
#9578 = LINE ( 'NONE', #4000, #9707 ) ;
#9579 = FACE_OUTER_BOUND ( 'NONE', #3373, .T. ) ;
#9580 = CARTESIAN_POINT ( 'NONE',  ( 0.1807892628205129137, 0.5400000000000000355, 0.2829980832075307262 ) ) ;
#9581 = MECHANICAL_DESIGN_GEOMETRIC_PRESENTATION_REPRESENTATION (  '', ( #6513 ), #9449 ) ;
#9582 = ORIENTED_EDGE ( 'NONE', *, *, #1161, .T. ) ;
#9583 = VERTEX_POINT ( 'NONE', #8570 ) ;
#9584 = ORIENTED_EDGE ( 'NONE', *, *, #8357, .T. ) ;
#9585 = PRESENTATION_STYLE_ASSIGNMENT (( #6469 ) ) ;
#9586 = ORIENTED_EDGE ( 'NONE', *, *, #6551, .F. ) ;
#9587 =( NAMED_UNIT ( * ) SI_UNIT ( $, .STERADIAN. ) SOLID_ANGLE_UNIT ( ) );
#9588 = FACE_OUTER_BOUND ( 'NONE', #9613, .T. ) ;
#9589 = ORIENTED_EDGE ( 'NONE', *, *, #3700, .F. ) ;
#9590 = PLANE ( 'NONE',  #856 ) ;
#9591 = DIRECTION ( 'NONE',  ( 0.0000000000000000000, 0.0000000000000000000, -1.000000000000000000 ) ) ;
#9592 = FACE_OUTER_BOUND ( 'NONE', #4505, .T. ) ;
#9593 = CARTESIAN_POINT ( 'NONE',  ( -0.6999999999999995115, 0.5500000000000000444, 1.299999999999999600 ) ) ;
#9594 = VERTEX_POINT ( 'NONE', #2210 ) ;
#9595 = DIRECTION ( 'NONE',  ( -0.0000000000000000000, -1.000000000000000000, -0.0000000000000000000 ) ) ;
#9596 = FACE_OUTER_BOUND ( 'NONE', #5071, .T. ) ;
#9597 = CARTESIAN_POINT ( 'NONE',  ( -0.4646615420743495095, 0.5500000000000001554, 0.1516878422875881371 ) ) ;
#9598 = MECHANICAL_DESIGN_GEOMETRIC_PRESENTATION_REPRESENTATION (  '', ( #131 ), #8907 ) ;
#9599 = CARTESIAN_POINT ( 'NONE',  ( -0.9100000000000002531, 0.1270000000000000018, -0.5000000000000002220 ) ) ;
#9600 = COLOUR_RGB ( '',1.000000000000000000, 1.000000000000000000, 1.000000000000000000 ) ;
#9601 = PRESENTATION_STYLE_ASSIGNMENT (( #9008 ) ) ;
#9602 = VERTEX_POINT ( 'NONE', #8534 ) ;
#9603 =( NAMED_UNIT ( * ) SI_UNIT ( $, .STERADIAN. ) SOLID_ANGLE_UNIT ( ) );
#9604 = LINE ( 'NONE', #1393, #6007 ) ;
#9605 = ADVANCED_FACE ( 'NONE', ( #8252 ), #4577, .T. ) ;
#9606 = FILL_AREA_STYLE_COLOUR ( '', #694 ) ;
#9607 = CARTESIAN_POINT ( 'NONE',  ( -0.4999999999999995559, 0.1270000000000000018, -1.309999999999999609 ) ) ;
#9608 = FILL_AREA_STYLE_COLOUR ( '', #6798 ) ;
#9609 = DIRECTION ( 'NONE',  ( 1.000000000000000000, 0.0000000000000000000, -0.0000000000000000000 ) ) ;
#9610 = ORIENTED_EDGE ( 'NONE', *, *, #9058, .F. ) ;
#9611 = CYLINDRICAL_SURFACE ( 'NONE', #9660, 0.1250000000000000000 ) ;
#9612 =( NAMED_UNIT ( * ) SI_UNIT ( $, .STERADIAN. ) SOLID_ANGLE_UNIT ( ) );
#9613 = EDGE_LOOP ( 'NONE', ( #2731, #1253, #8569, #3392 ) ) ;
#9614 = LINE ( 'NONE', #2796, #6505 ) ;
#9615 = UNCERTAINTY_MEASURE_WITH_UNIT (LENGTH_MEASURE( 1.000000000000000082E-05 ), #366, 'distance_accuracy_value', 'NONE');
#9616 = EDGE_CURVE ( 'NONE', #5934, #8024, #6569, .T. ) ;
#9617 = CARTESIAN_POINT ( 'NONE',  ( -0.4063407250021580652, 0.5399999999999999245, 0.2520586592742283250 ) ) ;
#9618 = EDGE_CURVE ( 'NONE', #8024, #1915, #423, .T. ) ;
#9619 = FACE_BOUND ( 'NONE', #4885, .T. ) ;
#9620 = CARTESIAN_POINT ( 'NONE',  ( 0.6722253718036056425, 0.5400000000000000355, 0.2738987261294456577 ) ) ;
#9621 = VECTOR ( 'NONE', #3131, 1000.000000000000000 ) ;
#9622 = ORIENTED_EDGE ( 'NONE', *, *, #7571, .F. ) ;
#9623 = DIRECTION ( 'NONE',  ( -0.5389461971344259306, 0.0000000000000000000, 0.8423401905372559506 ) ) ;
#9624 = CARTESIAN_POINT ( 'NONE',  ( -0.1506410256410256887, 0.5400000000000000355, 0.2829980832075307262 ) ) ;
#9625 = DIRECTION ( 'NONE',  ( 0.0000000000000000000, 0.0000000000000000000, -1.000000000000000000 ) ) ;
#9626 = AXIS2_PLACEMENT_3D ( 'NONE', #8102, #9536, #7214 ) ;
#9627 = CARTESIAN_POINT ( 'NONE',  ( 0.6099999999999996536, 0.0000000000000000000, 0.09999999999999950595 ) ) ;
#9628 = CARTESIAN_POINT ( 'NONE',  ( -0.2659755608974359031, 0.5400000000000000355, 0.2551535319254794598 ) ) ;
#9629 = VECTOR ( 'NONE', #2666, 1000.000000000000000 ) ;
#9630 = ORIENTED_EDGE ( 'NONE', *, *, #8815, .T. ) ;
#9631 = MECHANICAL_DESIGN_GEOMETRIC_PRESENTATION_REPRESENTATION (  '', ( #5199 ), #8555 ) ;
#9632 = VECTOR ( 'NONE', #3674, 1000.000000000000000 ) ;
#9633 = VERTEX_POINT ( 'NONE', #8241 ) ;
#9634 = CARTESIAN_POINT ( 'NONE',  ( 0.4198717948717952675, 0.5500000000000000444, 0.2829980832075307262 ) ) ;
#9635 = EDGE_CURVE ( 'NONE', #7421, #7736, #8016, .T. ) ;
#9636 = CARTESIAN_POINT ( 'NONE',  ( 0.6100000000000000977, 0.1270000000000000018, -0.2000000000000003997 ) ) ;
#9637 = VERTEX_POINT ( 'NONE', #8207 ) ;
#9638 = CARTESIAN_POINT ( 'NONE',  ( 0.1634615384615385469, 0.5400000000000000355, 0.2297629069254794321 ) ) ;
#9639 = AXIS2_PLACEMENT_3D ( 'NONE', #3499, #7196, #4177 ) ;
#9640 =( LENGTH_UNIT ( ) NAMED_UNIT ( * ) SI_UNIT ( .MILLI., .METRE. ) );
#9641 =( LENGTH_UNIT ( ) NAMED_UNIT ( * ) SI_UNIT ( .MILLI., .METRE. ) );
#9642 =( GEOMETRIC_REPRESENTATION_CONTEXT ( 3 ) GLOBAL_UNCERTAINTY_ASSIGNED_CONTEXT ( ( #2984 ) ) GLOBAL_UNIT_ASSIGNED_CONTEXT ( ( #112, #7786, #141 ) ) REPRESENTATION_CONTEXT ( 'NONE', 'WORKASPACE' ) );
#9643 = ORIENTED_EDGE ( 'NONE', *, *, #5523, .F. ) ;
#9644 = DIRECTION ( 'NONE',  ( 0.0000000000000000000, -1.000000000000000000, 0.0000000000000000000 ) ) ;
#9645 = CARTESIAN_POINT ( 'NONE',  ( 0.6668497356005872456, 0.5400000000000001465, 0.1825330990258335895 ) ) ;
#9646 = FILL_AREA_STYLE_COLOUR ( '', #4719 ) ;
#9647 = AXIS2_PLACEMENT_3D ( 'NONE', #1806, #4153, #9532 ) ;
#9648 = EDGE_LOOP ( 'NONE', ( #2775, #7510, #285, #9142 ) ) ;
#9649 = CARTESIAN_POINT ( 'NONE',  ( 0.6119648200744239874, 0.5499999999999998224, 0.1652028425418915480 ) ) ;
#9650 = ORIENTED_EDGE ( 'NONE', *, *, #6746, .F. ) ;
#9651 = LINE ( 'NONE', #9693, #1753 ) ;
#9652 = SURFACE_STYLE_FILL_AREA ( #1 ) ;
#9653 = DIRECTION ( 'NONE',  ( 1.000000000000000000, 0.0000000000000000000, -0.0000000000000000000 ) ) ;
#9654 = CARTESIAN_POINT ( 'NONE',  ( -0.6776342147435898688, 0.5400000000000000355, 0.03299808320753071927 ) ) ;
#9655 = ADVANCED_FACE ( 'NONE', ( #6927 ), #5, .F. ) ;
#9656 = FACE_OUTER_BOUND ( 'NONE', #7006, .T. ) ;
#9657 =( NAMED_UNIT ( * ) PLANE_ANGLE_UNIT ( ) SI_UNIT ( $, .RADIAN. ) );
#9658 = VECTOR ( 'NONE', #4887, 1000.000000000000000 ) ;
#9659 =( NAMED_UNIT ( * ) SI_UNIT ( $, .STERADIAN. ) SOLID_ANGLE_UNIT ( ) );
#9660 = AXIS2_PLACEMENT_3D ( 'NONE', #9323, #77, #8632 ) ;
#9661 = PLANE ( 'NONE',  #1038 ) ;
#9662 =( NAMED_UNIT ( * ) PLANE_ANGLE_UNIT ( ) SI_UNIT ( $, .RADIAN. ) );
#9663 = MECHANICAL_DESIGN_GEOMETRIC_PRESENTATION_REPRESENTATION (  '', ( #2297 ), #3848 ) ;
#9664 =( NAMED_UNIT ( * ) SI_UNIT ( $, .STERADIAN. ) SOLID_ANGLE_UNIT ( ) );
#9665 = LINE ( 'NONE', #413, #3469 ) ;
#9666 = VERTEX_POINT ( 'NONE', #720 ) ;
#9667 = CARTESIAN_POINT ( 'NONE',  ( -0.4861602957040944695, 0.5500000000000000444, 0.1414220940559241801 ) ) ;
#9668 = CARTESIAN_POINT ( 'NONE',  ( -0.2999999999999994893, 0.0000000000000000000, 1.309999999999999609 ) ) ;
#9669 = PRESENTATION_LAYER_ASSIGNMENT (  '', '', ( #1126 ) ) ;
#9670 = CARTESIAN_POINT ( 'NONE',  ( 0.6754606300349863535, 0.5500000000000002665, 0.1949486615587253113 ) ) ;
#9671 = SURFACE_STYLE_USAGE ( .BOTH. , #442 ) ;
#9672 = PRESENTATION_STYLE_ASSIGNMENT (( #4772 ) ) ;
#9673 = CARTESIAN_POINT ( 'NONE',  ( -0.2243589743589743390, 0.5400000000000000355, 0.1582985639767614805 ) ) ;
#9674 = LINE ( 'NONE', #6503, #9903 ) ;
#9675 = VECTOR ( 'NONE', #4237, 1000.000000000000000 ) ;
#9676 = EDGE_CURVE ( 'NONE', #2592, #6510, #3118, .T. ) ;
#9677 = CARTESIAN_POINT ( 'NONE',  ( 0.5928914680849368679, 0.5400000000000000355, 0.1725057179857588940 ) ) ;
#9678 = LINE ( 'NONE', #8789, #7308 ) ;
#9679 = COLOUR_RGB ( '',1.000000000000000000, 1.000000000000000000, 1.000000000000000000 ) ;
#9680 = PRESENTATION_STYLE_ASSIGNMENT (( #150 ) ) ;
#9681 = UNCERTAINTY_MEASURE_WITH_UNIT (LENGTH_MEASURE( 1.000000000000000082E-05 ), #118, 'distance_accuracy_value', 'NONE');
#9682 =( NAMED_UNIT ( * ) PLANE_ANGLE_UNIT ( ) SI_UNIT ( $, .RADIAN. ) );
#9683 = AXIS2_PLACEMENT_3D ( 'NONE', #6221, #1589, #1628 ) ;
#9684 = VERTEX_POINT ( 'NONE', #781 ) ;
#9685 = PLANE ( 'NONE',  #9686 ) ;
#9686 = AXIS2_PLACEMENT_3D ( 'NONE', #5927, #5804, #3564 ) ;
#9687 = ORIENTED_EDGE ( 'NONE', *, *, #7076, .F. ) ;
#9688 = PRESENTATION_LAYER_ASSIGNMENT (  '', '', ( #2677 ) ) ;
#9689 = DIRECTION ( 'NONE',  ( 0.0000000000000000000, 0.0000000000000000000, 1.000000000000000000 ) ) ;
#9690 = EDGE_CURVE ( 'NONE', #7863, #8576, #6679, .T. ) ;
#9691 = CIRCLE ( 'NONE', #8302, 0.09999999999999982514 ) ;
#9692 = PRESENTATION_STYLE_ASSIGNMENT (( #1213 ) ) ;
#9693 = CARTESIAN_POINT ( 'NONE',  ( -0.9000000000000002442, 0.1270000000000000018, -1.300000000000000266 ) ) ;
#9694 = LINE ( 'NONE', #797, #7668 ) ;
#9695 = VERTEX_POINT ( 'NONE', #7711 ) ;
#9696 = CARTESIAN_POINT ( 'NONE',  ( 0.1807892628205129137, 0.5500000000000000444, 0.2829980832075307262 ) ) ;
#9697 = LINE ( 'NONE', #3540, #6463 ) ;
#9698 = ORIENTED_EDGE ( 'NONE', *, *, #8870, .F. ) ;
#9699 = CARTESIAN_POINT ( 'NONE',  ( -0.4999999999999995559, 0.1270000000000000018, 1.309999999999999609 ) ) ;
#9700 = EDGE_CURVE ( 'NONE', #6287, #3488, #9320, .T. ) ;
#9701 = ORIENTED_EDGE ( 'NONE', *, *, #1074, .T. ) ;
#9702 =( GEOMETRIC_REPRESENTATION_CONTEXT ( 3 ) GLOBAL_UNCERTAINTY_ASSIGNED_CONTEXT ( ( #454 ) ) GLOBAL_UNIT_ASSIGNED_CONTEXT ( ( #8274, #3712, #4468 ) ) REPRESENTATION_CONTEXT ( 'NONE', 'WORKASPACE' ) );
#9703 =( NAMED_UNIT ( * ) PLANE_ANGLE_UNIT ( ) SI_UNIT ( $, .RADIAN. ) );
#9704 = ORIENTED_EDGE ( 'NONE', *, *, #9429, .T. ) ;
#9705 = PLANE ( 'NONE',  #4256 ) ;
#9706 = PRESENTATION_LAYER_ASSIGNMENT (  '', '', ( #7787 ) ) ;
#9707 = VECTOR ( 'NONE', #7828, 1000.000000000000000 ) ;
#9708 =( LENGTH_UNIT ( ) NAMED_UNIT ( * ) SI_UNIT ( .MILLI., .METRE. ) );
#9709 = SURFACE_STYLE_FILL_AREA ( #6642 ) ;
#9711 = ADVANCED_FACE ( 'NONE', ( #6202 ), #8418, .T. ) ;
#9710 = STYLED_ITEM ( 'NONE', ( #5608 ), #9507 ) ;
#9712 = ORIENTED_EDGE ( 'NONE', *, *, #9317, .F. ) ;
#9713 = CARTESIAN_POINT ( 'NONE',  ( 0.6794871794871798487, 0.5500000000000000444, 0.2141879870536845809 ) ) ;
#9714 = PLANE ( 'NONE',  #2742 ) ;
#9715 = CARTESIAN_POINT ( 'NONE',  ( 0.6794871794871798487, 0.5400000000000000355, 0.2141879870536845809 ) ) ;
#9716 = FACE_OUTER_BOUND ( 'NONE', #3277, .T. ) ;
#9717 = VERTEX_POINT ( 'NONE', #9143 ) ;
#9718 = CARTESIAN_POINT ( 'NONE',  ( 0.6211424289405849120, 0.5499999999999997113, 0.1644639141665436566 ) ) ;
#9719 = FACE_BOUND ( 'NONE', #272, .T. ) ;
#9720 = CARTESIAN_POINT ( 'NONE',  ( -0.2275641025641025328, 0.5500000000000000444, 0.3022288524382999442 ) ) ;
#9721 = EDGE_LOOP ( 'NONE', ( #7329, #2371, #7565, #7949 ) ) ;
#9722 = STYLED_ITEM ( 'NONE', ( #2723 ), #7161 ) ;
#9723 = CARTESIAN_POINT ( 'NONE',  ( -0.09999999999999961697, 0.1270000000000000018, 1.309999999999999609 ) ) ;
#9724 = ORIENTED_EDGE ( 'NONE', *, *, #8208, .T. ) ;
#9725 = CARTESIAN_POINT ( 'NONE',  ( 0.6866054490180238945, 0.5399999999999998135, 0.2600090473623613563 ) ) ;
#9726 = UNCERTAINTY_MEASURE_WITH_UNIT (LENGTH_MEASURE( 1.000000000000000082E-05 ), #7671, 'distance_accuracy_value', 'NONE');
#9727 = FILL_AREA_STYLE ('',( #422 ) ) ;
#9728 = FILL_AREA_STYLE_COLOUR ( '', #403 ) ;
#9729 = SURFACE_STYLE_FILL_AREA ( #8490 ) ;
#9730 = DIRECTION ( 'NONE',  ( -1.000000000000000000, 0.0000000000000000000, -0.0000000000000000000 ) ) ;
#9731 = ORIENTED_EDGE ( 'NONE', *, *, #4632, .T. ) ;
#9732 = CARTESIAN_POINT ( 'NONE',  ( -0.3821649149932537237, 0.5500000000000000444, 0.02894201112869764989 ) ) ;
#9733 = MECHANICAL_DESIGN_GEOMETRIC_PRESENTATION_REPRESENTATION (  '', ( #2772 ), #9787 ) ;
#9734 = PLANE ( 'NONE',  #3527 ) ;
#9735 = ADVANCED_BREP_SHAPE_REPRESENTATION ( 'User Library-XQFN-16-1', ( #9377, #921 ), #1770 ) ;
#9736 = CARTESIAN_POINT ( 'NONE',  ( -0.3047843767924914848, 0.5399999999999999245, 0.2528880361721501657 ) ) ;
#9737 = DIRECTION ( 'NONE',  ( -1.000000000000000000, 0.0000000000000000000, 0.0000000000000000000 ) ) ;
#9738 = CARTESIAN_POINT ( 'NONE',  ( -0.4871403591413090983, 0.5500000000000001554, 0.1561261829081556918 ) ) ;
#9739 = CIRCLE ( 'NONE', #5846, 0.1250000000000000000 ) ;
#9740 = ORIENTED_EDGE ( 'NONE', *, *, #99, .F. ) ;
#9741 = CARTESIAN_POINT ( 'NONE',  ( -0.3648868041064635137, 0.5400000000000001465, 0.02670078214417814788 ) ) ;
#9742 = DIRECTION ( 'NONE',  ( -1.000000000000000000, 0.0000000000000000000, 0.0000000000000000000 ) ) ;
#9743 = CARTESIAN_POINT ( 'NONE',  ( -0.3771641468599184477, 0.5399999999999999245, 0.05414944642747142323 ) ) ;
#9744 = DIRECTION ( 'NONE',  ( -0.0000000000000000000, -1.000000000000000000, -0.0000000000000000000 ) ) ;
#9745 = CARTESIAN_POINT ( 'NONE',  ( 0.5888153929500875572, 0.5400000000000000355, 0.1754786592819531366 ) ) ;
#9746 = CARTESIAN_POINT ( 'NONE',  ( -0.006410256410256351053, 0.5500000000000000444, 0.2829980832075307262 ) ) ;
#9747 = FACE_OUTER_BOUND ( 'NONE', #8921, .T. ) ;
#9748 = VERTEX_POINT ( 'NONE', #1317 ) ;
#9749 = EDGE_CURVE ( 'NONE', #3851, #1113, #5732, .T. ) ;
#9750 = EDGE_CURVE ( 'NONE', #6882, #9748, #5117, .T. ) ;
#9751 = CARTESIAN_POINT ( 'NONE',  ( -0.6500000000000001332, 0.5400000000000000355, -1.175000000000000266 ) ) ;
#9752 = ADVANCED_FACE ( 'NONE', ( #7409 ), #2290, .T. ) ;
#9753 = LINE ( 'NONE', #1488, #9629 ) ;
#9754 = SURFACE_STYLE_FILL_AREA ( #186 ) ;
#9755 = CARTESIAN_POINT ( 'NONE',  ( -0.7067307692307693845, 0.5400000000000000355, 0.2829980832075307262 ) ) ;
#9756 = EDGE_CURVE ( 'NONE', #820, #2366, #2252, .T. ) ;
#9757 = STYLED_ITEM ( 'NONE', ( #7779 ), #5125 ) ;
#9758 = CARTESIAN_POINT ( 'NONE',  ( 0.6272958350818605977, 0.5499999999999999334, 0.2892829392981194903 ) ) ;
#9759 = FILL_AREA_STYLE ('',( #6640 ) ) ;
#9760 = ORIENTED_EDGE ( 'NONE', *, *, #2792, .F. ) ;
#9761 = STYLED_ITEM ( 'NONE', ( #1888 ), #2018 ) ;
#9762 = DIRECTION ( 'NONE',  ( 0.0000000000000000000, 1.000000000000000000, 0.0000000000000000000 ) ) ;
#9763 = ORIENTED_EDGE ( 'NONE', *, *, #6747, .T. ) ;
#9764 =( NAMED_UNIT ( * ) PLANE_ANGLE_UNIT ( ) SI_UNIT ( $, .RADIAN. ) );
#9765 = ORIENTED_EDGE ( 'NONE', *, *, #2330, .T. ) ;
#9766 = EDGE_CURVE ( 'NONE', #4740, #3212, #2007, .T. ) ;
#9767 = FILL_AREA_STYLE ('',( #1352 ) ) ;
#9768 = CARTESIAN_POINT ( 'NONE',  ( -0.2999999999999994893, 0.05000000000000000278, -1.009999999999999565 ) ) ;
#9769 = CLOSED_SHELL ( 'NONE', ( #8912, #6298, #6554, #8460, #8720, #7613, #4854, #7216, #4813, #7713, #5085, #6399, #2814, #9458, #595, #2237, #5039, #3358, #5928, #5878, #5539, #2483, #4268, #8867, #4174, #2854, #59, #4895, #8365, #8613, #855, #9159, #5832, #3268, #4492, #8954, #3417, #1620, #9655, #6348, #3658, #6635, #8521, #9386, #791, #5235, #4606, #2565, #1673, #2291, #2761, #9553, #8248, #7360, #4783, #4070, #533, #3610, #9711, #2664, #8824, #5691, #3965, #2175, #3318, #9507, #5390, #130, #3912, #7918, #4944, #4990, #9902, #8566, #7450, #2072, #3566, #8153, #1063, #642, #6507, #7043, #5297, #6739, #1464, #752, #4357, #966, #2346, #1719, #8012, #9946, #5433, #1391, #8773, #1773, #5345, #9045, #7107, #31, #2018, #2615, #2117, #2960, #5592, #245, #7264, #83, #6953, #5125, #6045, #4652, #4445, #2911, #181, #3218, #5486, #346, #3709, #110, #9412, #1829, #2507, #9752, #1009, #9005, #9605, #1296, #4126, #3111, #3858, #1510, #4310, #7963, #2448, #8059, #7402, #5981, #482, #8106, #1592, #4025, #8306, #1157, #7866, #7813, #9355, #286, #3520, #393, #828, #3468, #6197, #7161, #3162, #2714, #7499, #1202, #6687, #8200, #1886, #5182, #6852, #439, #1342, #1112, #4400, #4704, #5792, #8669, #4551, #6596, #704, #3816, #5641, #9800, #6904, #6449, #9213, #9112, #7314, #1928, #1977, #1243, #4220, #9262, #7757, #5741 ) ) ;
#9770 =( NAMED_UNIT ( * ) SI_UNIT ( $, .STERADIAN. ) SOLID_ANGLE_UNIT ( ) );
#9771 =( GEOMETRIC_REPRESENTATION_CONTEXT ( 3 ) GLOBAL_UNCERTAINTY_ASSIGNED_CONTEXT ( ( #9504 ) ) GLOBAL_UNIT_ASSIGNED_CONTEXT ( ( #488, #2887, #9659 ) ) REPRESENTATION_CONTEXT ( 'NONE', 'WORKASPACE' ) );
#9772 = FILL_AREA_STYLE_COLOUR ( '', #5241 ) ;
#9773 = VERTEX_POINT ( 'NONE', #5330 ) ;
#9774 = CARTESIAN_POINT ( 'NONE',  ( -0.1999999999999995393, 0.04999999999999999584, 1.009999999999999787 ) ) ;
#9775 = PRESENTATION_LAYER_ASSIGNMENT (  '', '', ( #4732 ) ) ;
#9776 = SURFACE_STYLE_FILL_AREA ( #8189 ) ;
#9777 = FILL_AREA_STYLE ('',( #5252 ) ) ;
#9778 = CARTESIAN_POINT ( 'NONE',  ( 0.6733010669068107967, 0.5400000000000001465, 0.2375749535980950511 ) ) ;
#9779 = CARTESIAN_POINT ( 'NONE',  ( 0.7000000000000002887, 0.1270000000000000018, 1.309999999999999387 ) ) ;
#9780 = VERTEX_POINT ( 'NONE', #5420 ) ;
#9781 = VERTEX_POINT ( 'NONE', #8584 ) ;
#9782 = PRESENTATION_STYLE_ASSIGNMENT (( #6320 ) ) ;
#9783 = CARTESIAN_POINT ( 'NONE',  ( -0.2890441973124194264, 0.5400000000000001465, 0.07415029395470972007 ) ) ;
#9784 = ORIENTED_EDGE ( 'NONE', *, *, #4291, .F. ) ;
#9785 =( LENGTH_UNIT ( ) NAMED_UNIT ( * ) SI_UNIT ( .MILLI., .METRE. ) );
#9786 = FILL_AREA_STYLE_COLOUR ( '', #1695 ) ;
#9787 =( GEOMETRIC_REPRESENTATION_CONTEXT ( 3 ) GLOBAL_UNCERTAINTY_ASSIGNED_CONTEXT ( ( #5319 ) ) GLOBAL_UNIT_ASSIGNED_CONTEXT ( ( #2407, #9221, #3187 ) ) REPRESENTATION_CONTEXT ( 'NONE', 'WORKASPACE' ) );
#9788 = VECTOR ( 'NONE', #9376, 1000.000000000000000 ) ;
#9789 = CARTESIAN_POINT ( 'NONE',  ( -0.6999999999999994005, 0.1270000000000000018, -1.300000000000000266 ) ) ;
#9790 = DIRECTION ( 'NONE',  ( 0.0000000000000000000, 0.0000000000000000000, -1.000000000000000000 ) ) ;
#9791 =( NAMED_UNIT ( * ) SI_UNIT ( $, .STERADIAN. ) SOLID_ANGLE_UNIT ( ) );
#9792 =( NAMED_UNIT ( * ) SI_UNIT ( $, .STERADIAN. ) SOLID_ANGLE_UNIT ( ) );
#9793 = LINE ( 'NONE', #4201, #1160 ) ;
#9794 = COLOUR_RGB ( '',1.000000000000000000, 1.000000000000000000, 1.000000000000000000 ) ;
#9795 =( LENGTH_UNIT ( ) NAMED_UNIT ( * ) SI_UNIT ( .MILLI., .METRE. ) );
#9796 = CIRCLE ( 'NONE', #5834, 0.09999999999999982514 ) ;
#9797 = FILL_AREA_STYLE_COLOUR ( '', #8686 ) ;
#9798 = CARTESIAN_POINT ( 'NONE',  ( 0.6141385475280549677, 0.5399999999999999245, 0.2629560453554062316 ) ) ;
#9799 = CARTESIAN_POINT ( 'NONE',  ( -0.2345465727802790445, 0.5500000000000000444, 0.2114215578298661857 ) ) ;
#9800 = ADVANCED_FACE ( 'NONE', ( #6074 ), #7822, .T. ) ;
#9801 = CARTESIAN_POINT ( 'NONE',  ( -0.4657789010708709432, 0.5399999999999999245, 0.2314357786533035588 ) ) ;
#9802 = CARTESIAN_POINT ( 'NONE',  ( -0.4999999999999995559, 0.5500000000000000444, -1.300000000000000266 ) ) ;
#9803 = FILL_AREA_STYLE_COLOUR ( '', #8539 ) ;
#9804 = VECTOR ( 'NONE', #2777, 1000.000000000000000 ) ;
#9805 = CARTESIAN_POINT ( 'NONE',  ( 0.6249679964681422728, 0.5500000000000000444, 0.1644642903308779769 ) ) ;
#9806 = SURFACE_STYLE_FILL_AREA ( #1509 ) ;
#9807 = SURFACE_STYLE_FILL_AREA ( #5438 ) ;
#9808 = UNCERTAINTY_MEASURE_WITH_UNIT (LENGTH_MEASURE( 1.000000000000000082E-05 ), #2607, 'distance_accuracy_value', 'NONE');
#9809 = EDGE_CURVE ( 'NONE', #4746, #2954, #778, .T. ) ;
#9810 = VECTOR ( 'NONE', #6011, 1000.000000000000000 ) ;
#9811 = PRESENTATION_STYLE_ASSIGNMENT (( #9153 ) ) ;
#9812 = ORIENTED_EDGE ( 'NONE', *, *, #5077, .F. ) ;
#9813 = ORIENTED_EDGE ( 'NONE', *, *, #753, .T. ) ;
#9814 = DIRECTION ( 'NONE',  ( -0.0000000000000000000, -1.000000000000000000, -0.0000000000000000000 ) ) ;
#9815 =( NAMED_UNIT ( * ) PLANE_ANGLE_UNIT ( ) SI_UNIT ( $, .RADIAN. ) );
#9816 = AXIS2_PLACEMENT_3D ( 'NONE', #6983, #2422, #8594 ) ;
#9817 = VECTOR ( 'NONE', #2204, 1000.000000000000000 ) ;
#9818 = LINE ( 'NONE', #1123, #7309 ) ;
#9819 = FILL_AREA_STYLE ('',( #6030 ) ) ;
#9820 = ORIENTED_EDGE ( 'NONE', *, *, #539, .T. ) ;
#9821 = STYLED_ITEM ( 'NONE', ( #3959 ), #1620 ) ;
#9822 = PRESENTATION_STYLE_ASSIGNMENT (( #7237 ) ) ;
#9823 = EDGE_LOOP ( 'NONE', ( #6108, #3074, #3221, #7914 ) ) ;
#9824 = FILL_AREA_STYLE_COLOUR ( '', #9943 ) ;
#9825 = ORIENTED_EDGE ( 'NONE', *, *, #5146, .T. ) ;
#9826 = AXIS2_PLACEMENT_3D ( 'NONE', #7502, #3584, #6688 ) ;
#9827 = EDGE_CURVE ( 'NONE', #8091, #2571, #2872, .T. ) ;
#9828 = ORIENTED_EDGE ( 'NONE', *, *, #3946, .T. ) ;
#9829 = EDGE_CURVE ( 'NONE', #9602, #1181, #5945, .T. ) ;
#9830 = CARTESIAN_POINT ( 'NONE',  ( 0.6965311569742302922, 0.5499999999999999334, 0.2427979230090413221 ) ) ;
#9831 =( NAMED_UNIT ( * ) PLANE_ANGLE_UNIT ( ) SI_UNIT ( $, .RADIAN. ) );
#9832 = PRESENTATION_STYLE_ASSIGNMENT (( #1337 ) ) ;
#9833 = CARTESIAN_POINT ( 'NONE',  ( 0.2275641025641027271, 0.5400000000000000355, 0.1996647498741973836 ) ) ;
#9834 = MECHANICAL_DESIGN_GEOMETRIC_PRESENTATION_REPRESENTATION (  '', ( #8483 ), #2336 ) ;
#9835 = ORIENTED_EDGE ( 'NONE', *, *, #2678, .F. ) ;
#9836 = CARTESIAN_POINT ( 'NONE',  ( 0.6250000000000004441, 0.5400000000000000355, 0.2637673139767615083 ) ) ;
#9837 = CARTESIAN_POINT ( 'NONE',  ( -0.3318313717727936485, 0.5499999999999998224, 0.2618643490134898721 ) ) ;
#9838 = CARTESIAN_POINT ( 'NONE',  ( -0.5208333333333334814, 0.5400000000000000355, 0.03299808320753071927 ) ) ;
#9839 = CARTESIAN_POINT ( 'NONE',  ( 0.5794781471916182758, 0.5500000000000000444, 0.2416602270457988144 ) ) ;
#9840 = CARTESIAN_POINT ( 'NONE',  ( -0.2244791613604408820, 0.5400000000000000355, 0.1630298044208894348 ) ) ;
#9841 = DIRECTION ( 'NONE',  ( 0.0000000000000000000, 1.000000000000000000, 0.0000000000000000000 ) ) ;
#9842 = DIRECTION ( 'NONE',  ( 0.0000000000000000000, -1.000000000000000000, 0.0000000000000000000 ) ) ;
#9843 = DIRECTION ( 'NONE',  ( 0.0000000000000000000, 0.0000000000000000000, -1.000000000000000000 ) ) ;
#9844 = SURFACE_STYLE_USAGE ( .BOTH. , #8277 ) ;
#9845 = DIRECTION ( 'NONE',  ( -1.000000000000000000, 0.0000000000000000000, 0.0000000000000000000 ) ) ;
#9846 = FACE_OUTER_BOUND ( 'NONE', #3914, .T. ) ;
#9847 = VERTEX_POINT ( 'NONE', #5485 ) ;
#9848 = PLANE ( 'NONE',  #8706 ) ;
#9849 = SURFACE_STYLE_FILL_AREA ( #2961 ) ;
#9850 = UNCERTAINTY_MEASURE_WITH_UNIT (LENGTH_MEASURE( 1.000000000000000082E-05 ), #4309, 'distance_accuracy_value', 'NONE');
#9851 =( GEOMETRIC_REPRESENTATION_CONTEXT ( 3 ) GLOBAL_UNCERTAINTY_ASSIGNED_CONTEXT ( ( #4945 ) ) GLOBAL_UNIT_ASSIGNED_CONTEXT ( ( #5208, #8258, #9791 ) ) REPRESENTATION_CONTEXT ( 'NONE', 'WORKASPACE' ) );
#9852 = CARTESIAN_POINT ( 'NONE',  ( -0.2547429174097263771, 0.5400000000000001465, 0.1166906083418793594 ) ) ;
#9853 = EDGE_LOOP ( 'NONE', ( #1373, #6857, #5803, #4880 ) ) ;
#9854 = CARTESIAN_POINT ( 'NONE',  ( -0.4628430131376962131, 0.5400000000000000355, 0.1374633990768670266 ) ) ;
#9855 = PRESENTATION_LAYER_ASSIGNMENT (  '', '', ( #5173 ) ) ;
#9856 = ORIENTED_EDGE ( 'NONE', *, *, #9809, .T. ) ;
#9857 = CARTESIAN_POINT ( 'NONE',  ( -0.8999999999999993561, 0.1270000000000000018, 1.299999999999999600 ) ) ;
#9858 =( NAMED_UNIT ( * ) SI_UNIT ( $, .STERADIAN. ) SOLID_ANGLE_UNIT ( ) );
#9859 = MECHANICAL_DESIGN_GEOMETRIC_PRESENTATION_REPRESENTATION (  '', ( #8133 ), #9540 ) ;
#9860 = ORIENTED_EDGE ( 'NONE', *, *, #3051, .F. ) ;
#9861 =( LENGTH_UNIT ( ) NAMED_UNIT ( * ) SI_UNIT ( .MILLI., .METRE. ) );
#9862 = CARTESIAN_POINT ( 'NONE',  ( 0.6506947908314432150, 0.5500000000000001554, 0.2581895918425476943 ) ) ;
#9863 = DIRECTION ( 'NONE',  ( -0.0000000000000000000, 0.0000000000000000000, -1.000000000000000000 ) ) ;
#9864 = EDGE_CURVE ( 'NONE', #6929, #1618, #6440, .T. ) ;
#9865 = CARTESIAN_POINT ( 'NONE',  ( 0.6089899365247679608, 0.5500000000000001554, 0.2618087968369680607 ) ) ;
#9866 = DIRECTION ( 'NONE',  ( -0.0000000000000000000, 1.000000000000000000, -0.0000000000000000000 ) ) ;
#9867 = SURFACE_STYLE_FILL_AREA ( #1557 ) ;
#9868 = DIRECTION ( 'NONE',  ( -0.6428712487501658801, 0.0000000000000000000, -0.7659742538299849635 ) ) ;
#9869 = DIRECTION ( 'NONE',  ( 0.0000000000000000000, -0.0000000000000000000, 1.000000000000000000 ) ) ;
#9870 = VERTEX_POINT ( 'NONE', #3180 ) ;
#9871 = CARTESIAN_POINT ( 'NONE',  ( 0.3237179487179489001, 0.5400000000000000355, 0.1740237242331717227 ) ) ;
#9872 = PRESENTATION_LAYER_ASSIGNMENT (  '', '', ( #6422 ) ) ;
#9873 = ORIENTED_EDGE ( 'NONE', *, *, #7009, .T. ) ;
#9874 = CARTESIAN_POINT ( 'NONE',  ( -0.4063769538215191157, 0.5499999999999999334, 0.2800917570271135304 ) ) ;
#9875 = EDGE_CURVE ( 'NONE', #1071, #5701, #1035, .T. ) ;
#9876 = CARTESIAN_POINT ( 'NONE',  ( -0.3535469946221052040, 0.5499999999999994893, 0.05225815159114414327 ) ) ;
#9877 = ORIENTED_EDGE ( 'NONE', *, *, #9565, .F. ) ;
#9878 = FILL_AREA_STYLE_COLOUR ( '', #8095 ) ;
#9879 = VERTEX_POINT ( 'NONE', #8611 ) ;
#9880 = LINE ( 'NONE', #7648, #8933 ) ;
#9881 =( NAMED_UNIT ( * ) PLANE_ANGLE_UNIT ( ) SI_UNIT ( $, .RADIAN. ) );
#9882 = EDGE_CURVE ( 'NONE', #8024, #1224, #7639, .T. ) ;
#9883 = AXIS2_PLACEMENT_3D ( 'NONE', #535, #5915, #6727 ) ;
#9884 = CARTESIAN_POINT ( 'NONE',  ( 0.6866054490180238945, 0.5499999999999997113, 0.2600090473623613563 ) ) ;
#9885 =( GEOMETRIC_REPRESENTATION_CONTEXT ( 3 ) GLOBAL_UNCERTAINTY_ASSIGNED_CONTEXT ( ( #585 ) ) GLOBAL_UNIT_ASSIGNED_CONTEXT ( ( #4347, #3651, #4994 ) ) REPRESENTATION_CONTEXT ( 'NONE', 'WORKASPACE' ) );
#9886 = CARTESIAN_POINT ( 'NONE',  ( 0.9100000000000002531, 0.0000000000000000000, 0.4999999999999994449 ) ) ;
#9887 = ORIENTED_EDGE ( 'NONE', *, *, #5508, .F. ) ;
#9888 = MECHANICAL_DESIGN_GEOMETRIC_PRESENTATION_REPRESENTATION (  '', ( #6307 ), #7153 ) ;
#9889 = DIRECTION ( 'NONE',  ( 3.336006684570783101E-16, 0.0000000000000000000, 1.000000000000000000 ) ) ;
#9890 = EDGE_CURVE ( 'NONE', #2221, #8616, #5353, .T. ) ;
#9891 = FACE_OUTER_BOUND ( 'NONE', #2720, .T. ) ;
#9892 = SURFACE_SIDE_STYLE ('',( #1926 ) ) ;
#9893 = CARTESIAN_POINT ( 'NONE',  ( -0.2244689470247067387, 0.5400000000000000355, 0.1537515091200723216 ) ) ;
#9894 = CARTESIAN_POINT ( 'NONE',  ( 0.5864117699973127040, 0.5400000000000000355, 0.2493046228686575383 ) ) ;
#9895 = FILL_AREA_STYLE_COLOUR ( '', #434 ) ;
#9896 = FILL_AREA_STYLE_COLOUR ( '', #5143 ) ;
#9897 = DIRECTION ( 'NONE',  ( -0.0000000000000000000, -1.000000000000000000, -0.0000000000000000000 ) ) ;
#9898 = PLANE ( 'NONE',  #5227 ) ;
#9899 = CARTESIAN_POINT ( 'NONE',  ( -0.4178977118224568854, 0.5500000000000000444, 0.2747215797100208134 ) ) ;
#9900 = CARTESIAN_POINT ( 'NONE',  ( -0.3550681089743589758, 0.5500000000000000444, 0.2894083396177871137 ) ) ;
#9901 = SURFACE_STYLE_FILL_AREA ( #891 ) ;
#9902 = ADVANCED_FACE ( 'NONE', ( #9306 ), #4668, .F. ) ;
#9903 = VECTOR ( 'NONE', #8909, 1000.000000000000000 ) ;
#9904 = VECTOR ( 'NONE', #7227, 1000.000000000000000 ) ;
#9905 = CARTESIAN_POINT ( 'NONE',  ( -0.9100000000000002531, 0.1270000000000000018, -0.5000000000000002220 ) ) ;
#9906 = UNCERTAINTY_MEASURE_WITH_UNIT (LENGTH_MEASURE( 1.000000000000000082E-05 ), #6305, 'distance_accuracy_value', 'NONE');
#9907 = VECTOR ( 'NONE', #6079, 1000.000000000000000 ) ;
#9908 = DIRECTION ( 'NONE',  ( -0.0000000000000000000, -0.0000000000000000000, -1.000000000000000000 ) ) ;
#9909 = ORIENTED_EDGE ( 'NONE', *, *, #8620, .T. ) ;
#9910 = VERTEX_POINT ( 'NONE', #7812 ) ;
#9911 = COLOUR_RGB ( '',1.000000000000000000, 1.000000000000000000, 1.000000000000000000 ) ;
#9912 = CARTESIAN_POINT ( 'NONE',  ( 0.9100000000000002531, 0.1270000000000000018, -0.7000000000000005107 ) ) ;
#9913 = LINE ( 'NONE', #883, #5961 ) ;
#9914 =( NAMED_UNIT ( * ) SI_UNIT ( $, .STERADIAN. ) SOLID_ANGLE_UNIT ( ) );
#9915 = UNCERTAINTY_MEASURE_WITH_UNIT (LENGTH_MEASURE( 1.000000000000000082E-05 ), #3554, 'distance_accuracy_value', 'NONE');
#9916 = DIRECTION ( 'NONE',  ( 0.0000000000000000000, 0.0000000000000000000, -1.000000000000000000 ) ) ;
#9917 = ORIENTED_EDGE ( 'NONE', *, *, #4891, .F. ) ;
#9918 = SURFACE_STYLE_USAGE ( .BOTH. , #4593 ) ;
#9919 = ORIENTED_EDGE ( 'NONE', *, *, #5531, .F. ) ;
#9920 =( NAMED_UNIT ( * ) PLANE_ANGLE_UNIT ( ) SI_UNIT ( $, .RADIAN. ) );
#9921 = ORIENTED_EDGE ( 'NONE', *, *, #7824, .F. ) ;
#9922 = ORIENTED_EDGE ( 'NONE', *, *, #111, .F. ) ;
#9923 = EDGE_CURVE ( 'NONE', #2810, #5505, #1760, .T. ) ;
#9924 = VECTOR ( 'NONE', #4165, 1000.000000000000000 ) ;
#9925 = EDGE_CURVE ( 'NONE', #4112, #1535, #3351, .T. ) ;
#9926 = DIRECTION ( 'NONE',  ( 0.0000000000000000000, 0.0000000000000000000, -1.000000000000000000 ) ) ;
#9927 = VERTEX_POINT ( 'NONE', #7145 ) ;
#9928 = CARTESIAN_POINT ( 'NONE',  ( -0.3943165859147567676, 0.5400000000000001465, 0.2842960902181757010 ) ) ;
#9929 = FILL_AREA_STYLE ('',( #1529 ) ) ;
#9930 = DIRECTION ( 'NONE',  ( 0.0000000000000000000, 0.0000000000000000000, -1.000000000000000000 ) ) ;
#9931 =( GEOMETRIC_REPRESENTATION_CONTEXT ( 3 ) GLOBAL_UNCERTAINTY_ASSIGNED_CONTEXT ( ( #6796 ) ) GLOBAL_UNIT_ASSIGNED_CONTEXT ( ( #2968, #5239, #2198 ) ) REPRESENTATION_CONTEXT ( 'NONE', 'WORKASPACE' ) );
#9932 = EDGE_LOOP ( 'NONE', ( #2557, #7583, #8257, #4808 ) ) ;
#9933 =( NAMED_UNIT ( * ) SI_UNIT ( $, .STERADIAN. ) SOLID_ANGLE_UNIT ( ) );
#9934 = PRESENTATION_LAYER_ASSIGNMENT (  '', '', ( #2940 ) ) ;
#9935 = ORIENTED_EDGE ( 'NONE', *, *, #2248, .F. ) ;
#9936 = EDGE_CURVE ( 'NONE', #6477, #6091, #7883, .T. ) ;
#9937 = VECTOR ( 'NONE', #4413, 1000.000000000000000 ) ;
#9938 = FILL_AREA_STYLE_COLOUR ( '', #8023 ) ;
#9939 = LINE ( 'NONE', #4014, #2471 ) ;
#9940 = ORIENTED_EDGE ( 'NONE', *, *, #416, .T. ) ;
#9941 = DIRECTION ( 'NONE',  ( -0.0000000000000000000, -1.000000000000000000, -0.0000000000000000000 ) ) ;
#9942 = AXIS2_PLACEMENT_3D ( 'NONE', #1299, #6638, #9689 ) ;
#9943 = COLOUR_RGB ( '',1.000000000000000000, 1.000000000000000000, 1.000000000000000000 ) ;
#9944 =( GEOMETRIC_REPRESENTATION_CONTEXT ( 3 ) GLOBAL_UNCERTAINTY_ASSIGNED_CONTEXT ( ( #8581 ) ) GLOBAL_UNIT_ASSIGNED_CONTEXT ( ( #6880, #1504, #3091 ) ) REPRESENTATION_CONTEXT ( 'NONE', 'WORKASPACE' ) );
#9945 = CARTESIAN_POINT ( 'NONE',  ( 0.9100000000000002531, 0.0000000000000000000, 0.4999999999999994449 ) ) ;
#9946 = ADVANCED_FACE ( 'NONE', ( #9431 ), #6749, .F. ) ;
#9947 = PLANE ( 'NONE',  #5711 ) ;
#9948 = CARTESIAN_POINT ( 'NONE',  ( -0.2336639160882881538, 0.5400000000000000355, 0.1070514003782534057 ) ) ;
#9949 = CARTESIAN_POINT ( 'NONE',  ( -0.2246853404934035237, 0.5400000000000001465, 0.1448042587625409661 ) ) ;
#9950 = LINE ( 'NONE', #3827, #6260 ) ;
#9951 = SURFACE_STYLE_USAGE ( .BOTH. , #4528 ) ;
#9952 = DIRECTION ( 'NONE',  ( -0.0000000000000000000, -1.000000000000000000, -0.0000000000000000000 ) ) ;
#9953 = PRESENTATION_STYLE_ASSIGNMENT (( #4778 ) ) ;
#9954 = ORIENTED_EDGE ( 'NONE', *, *, #6173, .F. ) ;
#9955 =( NAMED_UNIT ( * ) PLANE_ANGLE_UNIT ( ) SI_UNIT ( $, .RADIAN. ) );
#9956 =( LENGTH_UNIT ( ) NAMED_UNIT ( * ) SI_UNIT ( .MILLI., .METRE. ) );
#9957 = COLOUR_RGB ( '',0.6666666666666666297, 0.6941176470588235059, 0.7647058823529411242 ) ;
#9958 = UNCERTAINTY_MEASURE_WITH_UNIT (LENGTH_MEASURE( 1.000000000000000082E-05 ), #9279, 'distance_accuracy_value', 'NONE');
#9959 = DIRECTION ( 'NONE',  ( 0.0000000000000000000, -0.0000000000000000000, 1.000000000000000000 ) ) ;
#9960 = DIRECTION ( 'NONE',  ( -1.000000000000000000, 0.0000000000000000000, 0.0000000000000000000 ) ) ;
ENDSEC;
END-ISO-10303-21;
