ISO-10303-21;
HEADER;
/* Generated by software containing ST-Developer
 * from STEP Tools, Inc. (www.steptools.com) 
 */

FILE_DESCRIPTION(
/* description */ ('Alibre Inc.'),
/* implementation_level */ '2;1');

FILE_NAME(
/* name */ 'export-097FDDB9-E907-4170-82B4-93A3D9B8F2A6',
/* time_stamp */ '2022-08-21T10:18:35-07:00',
/* author */ (''),
/* organization */ (''),
/* preprocessor_version */ 'ST-DEVELOPER v17',
/* originating_system */ 'Alibre',
/* authorisation */ '');

FILE_SCHEMA (('AUTOMOTIVE_DESIGN'));
ENDSEC;

DATA;
#10=STYLED_ITEM('NAME_0',(#86),#2704);
#11=STYLED_ITEM('NAME_0',(#87),#1256);
#12=STYLED_ITEM('NAME_0',(#87),#1257);
#13=STYLED_ITEM('NAME_0',(#87),#1260);
#14=STYLED_ITEM('NAME_0',(#87),#1261);
#15=STYLED_ITEM('NAME_0',(#87),#1262);
#16=STYLED_ITEM('NAME_0',(#87),#1263);
#17=STYLED_ITEM('NAME_0',(#87),#1269);
#18=STYLED_ITEM('NAME_0',(#87),#1270);
#19=STYLED_ITEM('NAME_0',(#87),#1275);
#20=STYLED_ITEM('NAME_0',(#87),#1276);
#21=STYLED_ITEM('NAME_0',(#87),#1280);
#22=STYLED_ITEM('NAME_0',(#87),#1281);
#23=STYLED_ITEM('NAME_0',(#87),#1282);
#24=STYLED_ITEM('NAME_0',(#87),#1283);
#25=STYLED_ITEM('NAME_0',(#87),#1284);
#26=STYLED_ITEM('NAME_0',(#87),#1285);
#27=STYLED_ITEM('NAME_0',(#87),#1286);
#28=STYLED_ITEM('NAME_0',(#87),#1287);
#29=STYLED_ITEM('NAME_0',(#87),#1288);
#30=STYLED_ITEM('NAME_0',(#87),#1289);
#31=STYLED_ITEM('NAME_0',(#87),#1290);
#32=STYLED_ITEM('NAME_0',(#87),#1291);
#33=STYLED_ITEM('NAME_0',(#87),#1292);
#34=STYLED_ITEM('NAME_0',(#87),#1293);
#35=STYLED_ITEM('NAME_0',(#87),#1294);
#36=STYLED_ITEM('NAME_0',(#87),#1295);
#37=STYLED_ITEM('NAME_0',(#87),#1296);
#38=STYLED_ITEM('NAME_0',(#87),#1297);
#39=STYLED_ITEM('NAME_0',(#87),#1298);
#40=STYLED_ITEM('NAME_0',(#87),#1299);
#41=STYLED_ITEM('NAME_0',(#87),#1300);
#42=STYLED_ITEM('NAME_0',(#87),#1301);
#43=STYLED_ITEM('NAME_0',(#87),#1302);
#44=STYLED_ITEM('NAME_0',(#87),#1303);
#45=STYLED_ITEM('NAME_0',(#87),#1304);
#46=STYLED_ITEM('NAME_0',(#87),#1305);
#47=STYLED_ITEM('NAME_0',(#87),#1306);
#48=STYLED_ITEM('NAME_0',(#87),#1307);
#49=STYLED_ITEM('NAME_0',(#87),#1308);
#50=STYLED_ITEM('NAME_0',(#87),#1309);
#51=STYLED_ITEM('NAME_0',(#87),#1310);
#52=STYLED_ITEM('NAME_0',(#87),#1311);
#53=STYLED_ITEM('NAME_0',(#87),#1312);
#54=STYLED_ITEM('NAME_0',(#87),#1313);
#55=STYLED_ITEM('NAME_0',(#87),#1314);
#56=STYLED_ITEM('NAME_0',(#87),#1315);
#57=STYLED_ITEM('NAME_0',(#87),#1316);
#58=STYLED_ITEM('NAME_0',(#88),#1259);
#59=STYLED_ITEM('NAME_0',(#89),#1265);
#60=STYLED_ITEM('NAME_0',(#89),#1271);
#61=MECHANICAL_DESIGN_GEOMETRIC_PRESENTATION_REPRESENTATION('NAME_0',(#10,
#11,#12,#13,#14,#15,#16,#17,#18,#19,#20,#21,#22,#23,#24,#25,#26,#27,#28,
#29,#30,#31,#32,#33,#34,#35,#36,#37,#38,#39,#40,#41,#42,#43,#44,#45,#46,
#47,#48,#49,#50,#51,#52,#53,#54,#55,#56,#57,#58,#59,#60),#104);
#62=COLOUR_RGB('',0.964705882352941,0.964705882352941,0.964705882352941);
#63=COLOUR_RGB('',0.,0.,0.);
#64=COLOUR_RGB('',0.764705882352941,0.764705882352941,0.764705882352941);
#65=COLOUR_RGB('',0.309803921568627,0.309803921568627,0.309803921568627);
#66=FILL_AREA_STYLE_COLOUR('NAME_0',#62);
#67=FILL_AREA_STYLE_COLOUR('NAME_0',#63);
#68=FILL_AREA_STYLE_COLOUR('NAME_0',#64);
#69=FILL_AREA_STYLE_COLOUR('NAME_0',#65);
#70=FILL_AREA_STYLE('NAME_0',(#66));
#71=FILL_AREA_STYLE('NAME_0',(#67));
#72=FILL_AREA_STYLE('NAME_0',(#68));
#73=FILL_AREA_STYLE('NAME_0',(#69));
#74=SURFACE_STYLE_FILL_AREA(#70);
#75=SURFACE_STYLE_FILL_AREA(#71);
#76=SURFACE_STYLE_FILL_AREA(#72);
#77=SURFACE_STYLE_FILL_AREA(#73);
#78=SURFACE_SIDE_STYLE('NAME_0',(#74));
#79=SURFACE_SIDE_STYLE('NAME_0',(#75));
#80=SURFACE_SIDE_STYLE('NAME_0',(#76));
#81=SURFACE_SIDE_STYLE('NAME_0',(#77));
#82=SURFACE_STYLE_USAGE(.POSITIVE.,#78);
#83=SURFACE_STYLE_USAGE(.POSITIVE.,#79);
#84=SURFACE_STYLE_USAGE(.POSITIVE.,#80);
#85=SURFACE_STYLE_USAGE(.POSITIVE.,#81);
#86=PRESENTATION_STYLE_ASSIGNMENT((#82));
#87=PRESENTATION_STYLE_ASSIGNMENT((#83));
#88=PRESENTATION_STYLE_ASSIGNMENT((#84));
#89=PRESENTATION_STYLE_ASSIGNMENT((#85));
#90=PRODUCT_DEFINITION_CONTEXT('part definition',#97,'design');
#91=SHAPE_DEFINITION_REPRESENTATION(#92,#2705);
#92=PRODUCT_DEFINITION_SHAPE('PRODUCT_VERSION_ID',
'PRODUCT_VERSION_DESCR',#93);
#93=PRODUCT_DEFINITION('PRODUCT_VERSION_ID','PRODUCT_VERSION_DESCR',#94,
#90);
#94=PRODUCT_DEFINITION_FORMATION_WITH_SPECIFIED_SOURCE(
'PRODUCT_VERSION_ID','PRODUCT_VERSION_DESCR',#99,.MADE.);
#95=PRODUCT_RELATED_PRODUCT_CATEGORY('part','part',(#99));
#96=APPLICATION_PROTOCOL_DEFINITION('Draft International Standard',
'automotive_design',1994,#97);
#97=APPLICATION_CONTEXT('automotive_Design');
#98=PRODUCT_CONTEXT('3D Mechanical Parts',#97,'mechanical');
#99=PRODUCT('','VEL13353R8257G','',(#98));
#100=(
LENGTH_UNIT()
NAMED_UNIT(*)
SI_UNIT(.CENTI.,.METRE.)
);
#101=(
NAMED_UNIT(*)
PLANE_ANGLE_UNIT()
SI_UNIT($,.RADIAN.)
);
#102=(
NAMED_UNIT(*)
SI_UNIT($,.STERADIAN.)
SOLID_ANGLE_UNIT()
);
#103=UNCERTAINTY_MEASURE_WITH_UNIT(LENGTH_MEASURE(1.E-6),#100,
'DISTANCE_ACCURACY_VALUE',
'Maximum model space distance between geometric entities at asserted c
onnectivities');
#104=(
GEOMETRIC_REPRESENTATION_CONTEXT(3)
GLOBAL_UNCERTAINTY_ASSIGNED_CONTEXT((#103))
GLOBAL_UNIT_ASSIGNED_CONTEXT((#102,#101,#100))
REPRESENTATION_CONTEXT('ID1','3D')
);
#105=ELLIPSE('',#1395,0.625000000000023,0.625);
#106=ELLIPSE('',#1397,0.625000000000033,0.625);
#107=ELLIPSE('',#1402,0.625000000000016,0.625);
#108=ELLIPSE('',#1405,0.625000000000044,0.625);
#109=ELLIPSE('',#1410,0.625000000000036,0.625);
#110=ELLIPSE('',#1413,0.625000000000034,0.625);
#111=ELLIPSE('',#1415,0.625000000000027,0.625);
#112=ELLIPSE('',#1418,0.625000000000026,0.625);
#113=ELLIPSE('',#1421,0.625000000000025,0.625);
#114=ELLIPSE('',#1424,0.625000000000025,0.625);
#115=ELLIPSE('',#1427,0.625000000000025,0.625);
#116=ELLIPSE('',#1430,0.625000000000019,0.625);
#117=ELLIPSE('',#1433,0.625000000000018,0.625);
#118=ELLIPSE('',#1436,0.625000000000017,0.625);
#119=ELLIPSE('',#1440,0.625000000000013,0.625);
#120=ELLIPSE('',#1443,0.625000000000012,0.625);
#121=ELLIPSE('',#1445,0.625000000000029,0.625);
#122=ELLIPSE('',#1448,0.62500000000003,0.625);
#123=B_SPLINE_SURFACE_WITH_KNOTS('',3,3,((#1823,#1824,#1825,#1826,#1827,
#1828,#1829,#1830,#1831,#1832,#1833,#1834,#1835,#1836,#1837,#1838,#1839,
#1840,#1841),(#1842,#1843,#1844,#1845,#1846,#1847,#1848,#1849,#1850,#1851,
#1852,#1853,#1854,#1855,#1856,#1857,#1858,#1859,#1860),(#1861,#1862,#1863,
#1864,#1865,#1866,#1867,#1868,#1869,#1870,#1871,#1872,#1873,#1874,#1875,
#1876,#1877,#1878,#1879),(#1880,#1881,#1882,#1883,#1884,#1885,#1886,#1887,
#1888,#1889,#1890,#1891,#1892,#1893,#1894,#1895,#1896,#1897,#1898),(#1899,
#1900,#1901,#1902,#1903,#1904,#1905,#1906,#1907,#1908,#1909,#1910,#1911,
#1912,#1913,#1914,#1915,#1916,#1917),(#1918,#1919,#1920,#1921,#1922,#1923,
#1924,#1925,#1926,#1927,#1928,#1929,#1930,#1931,#1932,#1933,#1934,#1935,
#1936)),.UNSPECIFIED.,.F.,.T.,.U.,(4,2,4),(4,2,2,3,2,2,2,2,4),(0.,0.5,1.),
(-0.487914046845553,-0.281965134367314,-0.140982567183657,0.,0.0459138641749498,
0.119376046854869,0.236915539142741,0.424978726803335,0.455464730329805),
 .UNSPECIFIED.);
#124=B_SPLINE_SURFACE_WITH_KNOTS('',3,3,((#1998,#1999,#2000,#2001,#2002,
#2003,#2004,#2005,#2006,#2007,#2008,#2009,#2010,#2011,#2012,#2013,#2014),
(#2015,#2016,#2017,#2018,#2019,#2020,#2021,#2022,#2023,#2024,#2025,#2026,
#2027,#2028,#2029,#2030,#2031),(#2032,#2033,#2034,#2035,#2036,#2037,#2038,
#2039,#2040,#2041,#2042,#2043,#2044,#2045,#2046,#2047,#2048),(#2049,#2050,
#2051,#2052,#2053,#2054,#2055,#2056,#2057,#2058,#2059,#2060,#2061,#2062,
#2063,#2064,#2065),(#2066,#2067,#2068,#2069,#2070,#2071,#2072,#2073,#2074,
#2075,#2076,#2077,#2078,#2079,#2080,#2081,#2082),(#2083,#2084,#2085,#2086,
#2087,#2088,#2089,#2090,#2091,#2092,#2093,#2094,#2095,#2096,#2097,#2098,
#2099)),.UNSPECIFIED.,.F.,.T.,.U.,(4,2,4),(4,2,3,2,2,2,2,4),(0.,0.5,1.),
(-0.455415740843049,-0.277698132109485,0.,0.0459138784264438,0.119376083908754,
0.23691561268045,0.424978858715164,0.487941900308035),.UNSPECIFIED.);
#125=B_SPLINE_SURFACE_WITH_KNOTS('',3,3,((#2179,#2180,#2181,#2182,#2183,
#2184,#2185,#2186,#2187,#2188,#2189,#2190,#2191,#2192,#2193,#2194,#2195,
#2196,#2197),(#2198,#2199,#2200,#2201,#2202,#2203,#2204,#2205,#2206,#2207,
#2208,#2209,#2210,#2211,#2212,#2213,#2214,#2215,#2216),(#2217,#2218,#2219,
#2220,#2221,#2222,#2223,#2224,#2225,#2226,#2227,#2228,#2229,#2230,#2231,
#2232,#2233,#2234,#2235),(#2236,#2237,#2238,#2239,#2240,#2241,#2242,#2243,
#2244,#2245,#2246,#2247,#2248,#2249,#2250,#2251,#2252,#2253,#2254),(#2255,
#2256,#2257,#2258,#2259,#2260,#2261,#2262,#2263,#2264,#2265,#2266,#2267,
#2268,#2269,#2270,#2271,#2272,#2273),(#2274,#2275,#2276,#2277,#2278,#2279,
#2280,#2281,#2282,#2283,#2284,#2285,#2286,#2287,#2288,#2289,#2290,#2291,
#2292)),.UNSPECIFIED.,.F.,.T.,.U.,(4,2,4),(4,2,2,3,2,2,2,2,4),(0.,0.5,1.),
(-0.487913713756081,-0.281965279464359,-0.140982639732179,0.,0.0459138730229531,
0.119376069859678,0.236915584798438,0.424978808700455,0.455465172269539),
 .UNSPECIFIED.);
#126=B_SPLINE_SURFACE_WITH_KNOTS('',3,3,((#2354,#2355,#2356,#2357,#2358,
#2359,#2360,#2361,#2362,#2363,#2364,#2365,#2366,#2367,#2368,#2369,#2370),
(#2371,#2372,#2373,#2374,#2375,#2376,#2377,#2378,#2379,#2380,#2381,#2382,
#2383,#2384,#2385,#2386,#2387),(#2388,#2389,#2390,#2391,#2392,#2393,#2394,
#2395,#2396,#2397,#2398,#2399,#2400,#2401,#2402,#2403,#2404),(#2405,#2406,
#2407,#2408,#2409,#2410,#2411,#2412,#2413,#2414,#2415,#2416,#2417,#2418,
#2419,#2420,#2421),(#2422,#2423,#2424,#2425,#2426,#2427,#2428,#2429,#2430,
#2431,#2432,#2433,#2434,#2435,#2436,#2437,#2438),(#2439,#2440,#2441,#2442,
#2443,#2444,#2445,#2446,#2447,#2448,#2449,#2450,#2451,#2452,#2453,#2454,
#2455)),.UNSPECIFIED.,.F.,.T.,.U.,(4,2,4),(4,2,3,2,2,2,2,4),(0.,0.5,1.),
(-0.4554151814897,-0.277698091506611,0.,0.0459138706093173,0.119376063584225,
0.236915572344077,0.424978786359841,0.487942351245412),.UNSPECIFIED.);
#127=B_SPLINE_CURVE_WITH_KNOTS('',3,(#1794,#1795,#1796,#1797,#1798,#1799,
#1800,#1801,#1802,#1803,#1804,#1805,#1806,#1807),.UNSPECIFIED.,.F.,.U.,
(4,2,2,2,2,2,4),(-0.154216783566812,-0.126249997023779,-0.0944460711264726,
-0.0516355938079101,-0.0269219125944817,0.,0.000627325167542202),
 .UNSPECIFIED.);
#128=B_SPLINE_CURVE_WITH_KNOTS('',3,(#1811,#1812,#1813,#1814,#1815,#1816,
#1817,#1818,#1819,#1820,#1821,#1822),.UNSPECIFIED.,.F.,.U.,(4,2,2,2,2,4),
(-0.153913124631828,-0.153278686728153,-0.102357999575147,-0.05964113575835,
-0.0279063881299733,0.),.UNSPECIFIED.);
#129=B_SPLINE_CURVE_WITH_KNOTS('',3,(#1937,#1938,#1939,#1940),
 .UNSPECIFIED.,.F.,.U.,(4,4),(0.127787264347578,0.140319739656702),
 .UNSPECIFIED.);
#130=B_SPLINE_CURVE_WITH_KNOTS('',3,(#1942,#1943,#1944,#1945,#1946,#1947,
#1948,#1949,#1950,#1951,#1952,#1953,#1954,#1955),.UNSPECIFIED.,.F.,.U.,
(4,2,2,2,2,2,4),(0.,0.0285006168634028,0.0554077716860928,0.0793013555811597,
0.0928896910540772,0.107372068463066,0.10776482207308),.UNSPECIFIED.);
#131=B_SPLINE_CURVE_WITH_KNOTS('',3,(#1957,#1958,#1959,#1960),
 .UNSPECIFIED.,.F.,.U.,(4,4),(0.,0.0330978836367829),.UNSPECIFIED.);
#132=B_SPLINE_CURVE_WITH_KNOTS('',3,(#1962,#1963,#1964,#1965),
 .UNSPECIFIED.,.F.,.U.,(4,4),(0.0136774019596252,0.023727675800389),
 .UNSPECIFIED.);
#133=B_SPLINE_CURVE_WITH_KNOTS('',3,(#1967,#1968,#1969,#1970,#1971,#1972,
#1973,#1974,#1975,#1976,#1977,#1978),.UNSPECIFIED.,.F.,.U.,(4,2,2,2,2,4),
(0.,0.0399630091713406,0.0602228197596319,0.100277615039576,0.127005668710698,
0.154542616687817),.UNSPECIFIED.);
#134=B_SPLINE_CURVE_WITH_KNOTS('',3,(#1984,#1985,#1986,#1987,#1988,#1989,
#1990,#1991,#1992,#1993,#1994,#1995,#1996,#1997),.UNSPECIFIED.,.F.,.U.,
(4,2,2,2,2,2,4),(-0.171847955730724,-0.126234916453401,-0.0831704074413084,
-0.0449319913069609,-0.0231860906868603,0.,0.000626591456853719),
 .UNSPECIFIED.);
#135=B_SPLINE_CURVE_WITH_KNOTS('',3,(#2100,#2101,#2102,#2103),
 .UNSPECIFIED.,.F.,.U.,(4,4),(-0.023655012282759,-0.0136540715859078),
 .UNSPECIFIED.);
#136=B_SPLINE_CURVE_WITH_KNOTS('',3,(#2106,#2107,#2108,#2109,#2110,#2111),
 .UNSPECIFIED.,.F.,.U.,(4,2,4),(0.123368607188661,0.135415619209394,0.156395071225),
 .UNSPECIFIED.);
#137=B_SPLINE_CURVE_WITH_KNOTS('',3,(#2112,#2113,#2114,#2115),
 .UNSPECIFIED.,.F.,.U.,(4,4),(-0.140022285286012,-0.127538975308246),
 .UNSPECIFIED.);
#138=B_SPLINE_CURVE_WITH_KNOTS('',3,(#2116,#2117,#2118,#2119,#2120,#2121,
#2122,#2123,#2124,#2125,#2126,#2127),.UNSPECIFIED.,.F.,.U.,(4,2,2,2,2,4),
(0.,0.0359545884026503,0.0708957435233978,0.110329871324402,0.132512971459996,
0.154779268119224),.UNSPECIFIED.);
#139=B_SPLINE_CURVE_WITH_KNOTS('',3,(#2150,#2151,#2152,#2153,#2154,#2155,
#2156,#2157,#2158,#2159,#2160,#2161,#2162,#2163),.UNSPECIFIED.,.F.,.U.,
(4,2,2,2,2,2,4),(-0.15421656543296,-0.126249772858773,-0.0944458373066477,
-0.0516354293323823,-0.0269218173935613,0.,0.000627323380657035),
 .UNSPECIFIED.);
#140=B_SPLINE_CURVE_WITH_KNOTS('',3,(#2167,#2168,#2169,#2170,#2171,#2172,
#2173,#2174,#2175,#2176,#2177,#2178),.UNSPECIFIED.,.F.,.U.,(4,2,2,2,2,4),
(-0.15391326012909,-0.153278821229271,-0.10235800079514,-0.0596410894871548,
-0.0279063677925482,0.),.UNSPECIFIED.);
#141=B_SPLINE_CURVE_WITH_KNOTS('',3,(#2293,#2294,#2295,#2296),
 .UNSPECIFIED.,.F.,.U.,(4,4),(0.127787987323824,0.140320461070349),
 .UNSPECIFIED.);
#142=B_SPLINE_CURVE_WITH_KNOTS('',3,(#2298,#2299,#2300,#2301,#2302,#2303,
#2304,#2305,#2306,#2307,#2308,#2309,#2310,#2311),.UNSPECIFIED.,.F.,.U.,
(4,2,2,2,2,2,4),(0.,0.0285005943325548,0.0554077310960086,0.0793013553286554,
0.0928897292354281,0.10737215631325,0.107764910732908),.UNSPECIFIED.);
#143=B_SPLINE_CURVE_WITH_KNOTS('',3,(#2313,#2314,#2315,#2316),
 .UNSPECIFIED.,.F.,.U.,(4,4),(0.,0.0330978704796281),.UNSPECIFIED.);
#144=B_SPLINE_CURVE_WITH_KNOTS('',3,(#2318,#2319,#2320,#2321),
 .UNSPECIFIED.,.F.,.U.,(4,4),(0.0136779693976235,0.0237282444394609),
 .UNSPECIFIED.);
#145=B_SPLINE_CURVE_WITH_KNOTS('',3,(#2323,#2324,#2325,#2326,#2327,#2328,
#2329,#2330,#2331,#2332,#2333,#2334),.UNSPECIFIED.,.F.,.U.,(4,2,2,2,2,4),
(0.,0.0399630163377755,0.0602228268251037,0.100277609435334,0.127005643276262,
0.154542583023375),.UNSPECIFIED.);
#146=B_SPLINE_CURVE_WITH_KNOTS('',3,(#2340,#2341,#2342,#2343,#2344,#2345,
#2346,#2347,#2348,#2349,#2350,#2351,#2352,#2353),.UNSPECIFIED.,.F.,.U.,
(4,2,2,2,2,2,4),(-0.171847872298821,-0.126234781236243,-0.0831702285909771,
-0.0449318641427727,-0.0231860173965956,0.,0.000626590706722728),
 .UNSPECIFIED.);
#147=B_SPLINE_CURVE_WITH_KNOTS('',3,(#2456,#2457,#2458,#2459),
 .UNSPECIFIED.,.F.,.U.,(4,4),(-0.0236543317000388,-0.0136533904324405),
 .UNSPECIFIED.);
#148=B_SPLINE_CURVE_WITH_KNOTS('',3,(#2462,#2463,#2464,#2465,#2466,#2467),
 .UNSPECIFIED.,.F.,.U.,(4,2,4),(0.123368603324538,0.135415628017428,0.156395080374687),
 .UNSPECIFIED.);
#149=B_SPLINE_CURVE_WITH_KNOTS('',3,(#2468,#2469,#2470,#2471),
 .UNSPECIFIED.,.F.,.U.,(4,4),(-0.140021450015166,-0.127538139233387),
 .UNSPECIFIED.);
#150=B_SPLINE_CURVE_WITH_KNOTS('',3,(#2472,#2473,#2474,#2475,#2476,#2477,
#2478,#2479,#2480,#2481,#2482,#2483),.UNSPECIFIED.,.F.,.U.,(4,2,2,2,2,4),
(0.,0.0359545706938824,0.0708957517172644,0.110329902095812,0.132513004399885,
0.154779301214444),.UNSPECIFIED.);
#151=VECTOR('',#1494,1.);
#152=VECTOR('',#1495,1.);
#153=VECTOR('',#1496,1.);
#154=VECTOR('',#1497,1.);
#155=VECTOR('',#1499,1.);
#156=VECTOR('',#1500,1.);
#157=VECTOR('',#1501,1.);
#158=VECTOR('',#1502,1.);
#159=VECTOR('',#1527,1.);
#160=VECTOR('',#1530,1.);
#161=VECTOR('',#1533,1.);
#162=VECTOR('',#1536,1.);
#163=VECTOR('',#1538,1.);
#164=VECTOR('',#1539,1.);
#165=VECTOR('',#1552,1.);
#166=VECTOR('',#1555,1.);
#167=VECTOR('',#1558,1.);
#168=VECTOR('',#1561,1.);
#169=VECTOR('',#1564,1.);
#170=VECTOR('',#1567,1.);
#171=VECTOR('',#1570,1.);
#172=VECTOR('',#1573,1.);
#173=VECTOR('',#1576,1.);
#174=VECTOR('',#1579,1.);
#175=VECTOR('',#1580,1.);
#176=VECTOR('',#1583,1.);
#177=VECTOR('',#1586,1.);
#178=VECTOR('',#1589,1.);
#179=VECTOR('',#1597,1.);
#180=VECTOR('',#1598,1.);
#181=VECTOR('',#1608,1.);
#182=VECTOR('',#1609,1.);
#183=VECTOR('',#1613,1.);
#184=VECTOR('',#1614,1.);
#185=VECTOR('',#1615,1.);
#186=VECTOR('',#1619,1.);
#187=VECTOR('',#1621,1.);
#188=VECTOR('',#1622,1.);
#189=VECTOR('',#1626,1.);
#190=VECTOR('',#1631,1.);
#191=VECTOR('',#1632,1.);
#192=VECTOR('',#1633,1.);
#193=VECTOR('',#1637,1.);
#194=VECTOR('',#1639,1.);
#195=VECTOR('',#1640,1.);
#196=VECTOR('',#1645,1.);
#197=VECTOR('',#1648,1.);
#198=VECTOR('',#1650,1.);
#199=VECTOR('',#1651,1.);
#200=VECTOR('',#1655,1.);
#201=VECTOR('',#1657,1.);
#202=VECTOR('',#1659,1.);
#203=VECTOR('',#1662,1.);
#204=VECTOR('',#1664,1.);
#205=VECTOR('',#1665,1.);
#206=VECTOR('',#1669,1.);
#207=VECTOR('',#1671,1.);
#208=VECTOR('',#1673,1.);
#209=VECTOR('',#1676,1.);
#210=VECTOR('',#1678,1.);
#211=VECTOR('',#1679,1.);
#212=VECTOR('',#1683,1.);
#213=VECTOR('',#1685,1.);
#214=VECTOR('',#1687,1.);
#215=VECTOR('',#1690,1.);
#216=VECTOR('',#1692,1.);
#217=VECTOR('',#1693,1.);
#218=VECTOR('',#1697,1.);
#219=VECTOR('',#1699,1.);
#220=VECTOR('',#1701,1.);
#221=VECTOR('',#1702,1.);
#222=VECTOR('',#1703,1.);
#223=VECTOR('',#1707,1.);
#224=VECTOR('',#1709,1.);
#225=VECTOR('',#1710,1.);
#226=VECTOR('',#1715,1.);
#227=VECTOR('',#1718,1.);
#228=VECTOR('',#1720,1.);
#229=VECTOR('',#1721,1.);
#230=VECTOR('',#1725,1.);
#231=VECTOR('',#1727,1.);
#232=LINE('',#1766,#151);
#233=LINE('',#1769,#152);
#234=LINE('',#1771,#153);
#235=LINE('',#1773,#154);
#236=LINE('',#1775,#155);
#237=LINE('',#1778,#156);
#238=LINE('',#1780,#157);
#239=LINE('',#1782,#158);
#240=LINE('',#2129,#159);
#241=LINE('',#2134,#160);
#242=LINE('',#2137,#161);
#243=LINE('',#2141,#162);
#244=LINE('',#2143,#163);
#245=LINE('',#2145,#164);
#246=LINE('',#2487,#165);
#247=LINE('',#2491,#166);
#248=LINE('',#2495,#167);
#249=LINE('',#2499,#168);
#250=LINE('',#2503,#169);
#251=LINE('',#2507,#170);
#252=LINE('',#2511,#171);
#253=LINE('',#2515,#172);
#254=LINE('',#2519,#173);
#255=LINE('',#2523,#174);
#256=LINE('',#2524,#175);
#257=LINE('',#2529,#176);
#258=LINE('',#2532,#177);
#259=LINE('',#2537,#178);
#260=LINE('',#2546,#179);
#261=LINE('',#2548,#180);
#262=LINE('',#2557,#181);
#263=LINE('',#2558,#182);
#264=LINE('',#2562,#183);
#265=LINE('',#2564,#184);
#266=LINE('',#2566,#185);
#267=LINE('',#2570,#186);
#268=LINE('',#2572,#187);
#269=LINE('',#2574,#188);
#270=LINE('',#2578,#189);
#271=LINE('',#2582,#190);
#272=LINE('',#2584,#191);
#273=LINE('',#2586,#192);
#274=LINE('',#2590,#193);
#275=LINE('',#2592,#194);
#276=LINE('',#2594,#195);
#277=LINE('',#2598,#196);
#278=LINE('',#2602,#197);
#279=LINE('',#2604,#198);
#280=LINE('',#2606,#199);
#281=LINE('',#2610,#200);
#282=LINE('',#2612,#201);
#283=LINE('',#2614,#202);
#284=LINE('',#2618,#203);
#285=LINE('',#2620,#204);
#286=LINE('',#2622,#205);
#287=LINE('',#2626,#206);
#288=LINE('',#2628,#207);
#289=LINE('',#2630,#208);
#290=LINE('',#2634,#209);
#291=LINE('',#2636,#210);
#292=LINE('',#2638,#211);
#293=LINE('',#2642,#212);
#294=LINE('',#2644,#213);
#295=LINE('',#2646,#214);
#296=LINE('',#2650,#215);
#297=LINE('',#2652,#216);
#298=LINE('',#2654,#217);
#299=LINE('',#2658,#218);
#300=LINE('',#2660,#219);
#301=LINE('',#2662,#220);
#302=LINE('',#2664,#221);
#303=LINE('',#2666,#222);
#304=LINE('',#2670,#223);
#305=LINE('',#2672,#224);
#306=LINE('',#2674,#225);
#307=LINE('',#2678,#226);
#308=LINE('',#2682,#227);
#309=LINE('',#2684,#228);
#310=LINE('',#2686,#229);
#311=LINE('',#2690,#230);
#312=LINE('',#2692,#231);
#313=PLANE('',#1333);
#314=PLANE('',#1341);
#315=PLANE('',#1342);
#316=PLANE('',#1349);
#317=PLANE('',#1350);
#318=PLANE('',#1351);
#319=PLANE('',#1355);
#320=PLANE('',#1357);
#321=PLANE('',#1369);
#322=PLANE('',#1392);
#323=PLANE('',#1398);
#324=PLANE('',#1399);
#325=PLANE('',#1400);
#326=PLANE('',#1401);
#327=PLANE('',#1403);
#328=PLANE('',#1404);
#329=PLANE('',#1406);
#330=PLANE('',#1408);
#331=PLANE('',#1409);
#332=PLANE('',#1411);
#333=PLANE('',#1412);
#334=PLANE('',#1414);
#335=PLANE('',#1416);
#336=PLANE('',#1417);
#337=PLANE('',#1419);
#338=PLANE('',#1420);
#339=PLANE('',#1422);
#340=PLANE('',#1423);
#341=PLANE('',#1425);
#342=PLANE('',#1426);
#343=PLANE('',#1428);
#344=PLANE('',#1429);
#345=PLANE('',#1431);
#346=PLANE('',#1432);
#347=PLANE('',#1434);
#348=PLANE('',#1435);
#349=PLANE('',#1437);
#350=PLANE('',#1438);
#351=PLANE('',#1439);
#352=PLANE('',#1441);
#353=PLANE('',#1442);
#354=PLANE('',#1444);
#355=PLANE('',#1446);
#356=PLANE('',#1447);
#357=PLANE('',#1449);
#358=PLANE('',#1450);
#359=TOROIDAL_SURFACE('',#1329,0.16,0.04);
#360=TOROIDAL_SURFACE('',#1337,0.16,0.04);
#361=TOROIDAL_SURFACE('',#1359,0.535,0.1);
#362=TOROIDAL_SURFACE('',#1362,0.525,0.1);
#363=TOROIDAL_SURFACE('',#1370,0.535,0.1);
#364=TOROIDAL_SURFACE('',#1373,0.525,0.1);
#365=TOROIDAL_SURFACE('',#1393,0.618942499160767,0.05);
#366=VERTEX_POINT('',#1731);
#367=VERTEX_POINT('',#1733);
#368=VERTEX_POINT('',#1736);
#369=VERTEX_POINT('',#1739);
#370=VERTEX_POINT('',#1743);
#371=VERTEX_POINT('',#1745);
#372=VERTEX_POINT('',#1748);
#373=VERTEX_POINT('',#1751);
#374=VERTEX_POINT('',#1755);
#375=VERTEX_POINT('',#1758);
#376=VERTEX_POINT('',#1761);
#377=VERTEX_POINT('',#1763);
#378=VERTEX_POINT('',#1767);
#379=VERTEX_POINT('',#1768);
#380=VERTEX_POINT('',#1770);
#381=VERTEX_POINT('',#1772);
#382=VERTEX_POINT('',#1776);
#383=VERTEX_POINT('',#1777);
#384=VERTEX_POINT('',#1779);
#385=VERTEX_POINT('',#1781);
#386=VERTEX_POINT('',#1792);
#387=VERTEX_POINT('',#1793);
#388=VERTEX_POINT('',#1808);
#389=VERTEX_POINT('',#1810);
#390=VERTEX_POINT('',#1941);
#391=VERTEX_POINT('',#1956);
#392=VERTEX_POINT('',#1961);
#393=VERTEX_POINT('',#1966);
#394=VERTEX_POINT('',#1981);
#395=VERTEX_POINT('',#1983);
#396=VERTEX_POINT('',#2104);
#397=VERTEX_POINT('',#2105);
#398=VERTEX_POINT('',#2130);
#399=VERTEX_POINT('',#2131);
#400=VERTEX_POINT('',#2133);
#401=VERTEX_POINT('',#2135);
#402=VERTEX_POINT('',#2138);
#403=VERTEX_POINT('',#2140);
#404=VERTEX_POINT('',#2144);
#405=VERTEX_POINT('',#2148);
#406=VERTEX_POINT('',#2149);
#407=VERTEX_POINT('',#2164);
#408=VERTEX_POINT('',#2166);
#409=VERTEX_POINT('',#2297);
#410=VERTEX_POINT('',#2312);
#411=VERTEX_POINT('',#2317);
#412=VERTEX_POINT('',#2322);
#413=VERTEX_POINT('',#2337);
#414=VERTEX_POINT('',#2339);
#415=VERTEX_POINT('',#2460);
#416=VERTEX_POINT('',#2461);
#417=VERTEX_POINT('',#2485);
#418=VERTEX_POINT('',#2486);
#419=VERTEX_POINT('',#2488);
#420=VERTEX_POINT('',#2490);
#421=VERTEX_POINT('',#2493);
#422=VERTEX_POINT('',#2494);
#423=VERTEX_POINT('',#2496);
#424=VERTEX_POINT('',#2498);
#425=VERTEX_POINT('',#2501);
#426=VERTEX_POINT('',#2502);
#427=VERTEX_POINT('',#2504);
#428=VERTEX_POINT('',#2506);
#429=VERTEX_POINT('',#2509);
#430=VERTEX_POINT('',#2510);
#431=VERTEX_POINT('',#2512);
#432=VERTEX_POINT('',#2514);
#433=VERTEX_POINT('',#2517);
#434=VERTEX_POINT('',#2518);
#435=VERTEX_POINT('',#2520);
#436=VERTEX_POINT('',#2522);
#437=VERTEX_POINT('',#2525);
#438=VERTEX_POINT('',#2526);
#439=VERTEX_POINT('',#2528);
#440=VERTEX_POINT('',#2530);
#441=VERTEX_POINT('',#2533);
#442=VERTEX_POINT('',#2534);
#443=VERTEX_POINT('',#2536);
#444=VERTEX_POINT('',#2538);
#445=VERTEX_POINT('',#2540);
#446=VERTEX_POINT('',#2542);
#447=VERTEX_POINT('',#2544);
#448=VERTEX_POINT('',#2547);
#449=VERTEX_POINT('',#2551);
#450=VERTEX_POINT('',#2554);
#451=VERTEX_POINT('',#2555);
#452=VERTEX_POINT('',#2563);
#453=VERTEX_POINT('',#2565);
#454=VERTEX_POINT('',#2569);
#455=VERTEX_POINT('',#2573);
#456=VERTEX_POINT('',#2577);
#457=VERTEX_POINT('',#2583);
#458=VERTEX_POINT('',#2585);
#459=VERTEX_POINT('',#2589);
#460=VERTEX_POINT('',#2593);
#461=VERTEX_POINT('',#2599);
#462=VERTEX_POINT('',#2601);
#463=VERTEX_POINT('',#2605);
#464=VERTEX_POINT('',#2609);
#465=VERTEX_POINT('',#2615);
#466=VERTEX_POINT('',#2617);
#467=VERTEX_POINT('',#2621);
#468=VERTEX_POINT('',#2625);
#469=VERTEX_POINT('',#2631);
#470=VERTEX_POINT('',#2633);
#471=VERTEX_POINT('',#2637);
#472=VERTEX_POINT('',#2641);
#473=VERTEX_POINT('',#2647);
#474=VERTEX_POINT('',#2649);
#475=VERTEX_POINT('',#2653);
#476=VERTEX_POINT('',#2657);
#477=VERTEX_POINT('',#2663);
#478=VERTEX_POINT('',#2665);
#479=VERTEX_POINT('',#2669);
#480=VERTEX_POINT('',#2673);
#481=VERTEX_POINT('',#2679);
#482=VERTEX_POINT('',#2681);
#483=VERTEX_POINT('',#2685);
#484=VERTEX_POINT('',#2689);
#485=CIRCLE('',#1327,0.04);
#486=CIRCLE('',#1328,0.04);
#487=CIRCLE('',#1330,0.04);
#488=CIRCLE('',#1332,0.04);
#489=CIRCLE('',#1335,0.04);
#490=CIRCLE('',#1336,0.04);
#491=CIRCLE('',#1338,0.04);
#492=CIRCLE('',#1340,0.04);
#493=CIRCLE('',#1343,0.325);
#494=CIRCLE('',#1345,0.325);
#495=CIRCLE('',#1347,0.465254186483279);
#496=CIRCLE('',#1348,0.465254186483279);
#497=CIRCLE('',#1353,0.473426213256642);
#498=CIRCLE('',#1354,0.473426213256642);
#499=CIRCLE('',#1356,0.625);
#500=CIRCLE('',#1358,0.625);
#501=CIRCLE('',#1360,0.635);
#502=CIRCLE('',#1361,0.590961666107178);
#503=CIRCLE('',#1363,0.625);
#504=CIRCLE('',#1364,0.587628332773845);
#505=CIRCLE('',#1366,0.634999999997246);
#506=CIRCLE('',#1367,0.634999999995831);
#507=CIRCLE('',#1368,0.634999999997199);
#508=CIRCLE('',#1371,0.635);
#509=CIRCLE('',#1372,0.590961666107178);
#510=CIRCLE('',#1374,0.625);
#511=CIRCLE('',#1375,0.587628332773844);
#512=CIRCLE('',#1376,0.634999999996076);
#513=CIRCLE('',#1377,0.634999999993996);
#514=CIRCLE('',#1378,0.634999999998963);
#515=CIRCLE('',#1379,0.634999999998305);
#516=CIRCLE('',#1380,0.634999999998911);
#517=CIRCLE('',#1381,0.634999999998768);
#518=CIRCLE('',#1382,0.635000000000004);
#519=CIRCLE('',#1383,0.634999999999984);
#520=CIRCLE('',#1384,0.635000000000013);
#521=CIRCLE('',#1385,0.63500000000002);
#522=CIRCLE('',#1386,0.634999999999409);
#523=CIRCLE('',#1387,0.634999999999226);
#524=CIRCLE('',#1388,0.634999999999087);
#525=CIRCLE('',#1389,0.634999999994287);
#526=CIRCLE('',#1390,0.634999999999841);
#527=CIRCLE('',#1391,0.634999999997496);
#528=CIRCLE('',#1396,0.625);
#529=CIRCLE('',#1407,0.625);
#530=EDGE_CURVE('',#366,#366,#485,.T.);
#531=EDGE_CURVE('',#367,#367,#486,.T.);
#532=EDGE_CURVE('',#368,#368,#487,.T.);
#533=EDGE_CURVE('',#369,#369,#488,.T.);
#534=EDGE_CURVE('',#370,#370,#489,.T.);
#535=EDGE_CURVE('',#371,#371,#490,.T.);
#536=EDGE_CURVE('',#372,#372,#491,.T.);
#537=EDGE_CURVE('',#373,#373,#492,.T.);
#538=EDGE_CURVE('',#374,#374,#493,.T.);
#539=EDGE_CURVE('',#375,#375,#494,.T.);
#540=EDGE_CURVE('',#376,#376,#495,.T.);
#541=EDGE_CURVE('',#377,#377,#496,.T.);
#542=EDGE_CURVE('',#378,#379,#232,.T.);
#543=EDGE_CURVE('',#380,#379,#233,.T.);
#544=EDGE_CURVE('',#381,#380,#234,.T.);
#545=EDGE_CURVE('',#381,#378,#235,.T.);
#546=EDGE_CURVE('',#382,#383,#236,.T.);
#547=EDGE_CURVE('',#384,#383,#237,.T.);
#548=EDGE_CURVE('',#385,#384,#238,.T.);
#549=EDGE_CURVE('',#385,#382,#239,.T.);
#550=EDGE_CURVE('',#383,#378,#497,.T.);
#551=EDGE_CURVE('',#384,#381,#498,.T.);
#552=EDGE_CURVE('',#379,#382,#499,.T.);
#553=EDGE_CURVE('',#385,#380,#500,.T.);
#554=EDGE_CURVE('',#386,#387,#501,.T.);
#555=EDGE_CURVE('',#387,#388,#127,.T.);
#556=EDGE_CURVE('',#388,#389,#502,.T.);
#557=EDGE_CURVE('',#389,#386,#128,.T.);
#558=EDGE_CURVE('',#389,#390,#129,.T.);
#559=EDGE_CURVE('',#390,#391,#130,.F.);
#560=EDGE_CURVE('',#391,#392,#131,.F.);
#561=EDGE_CURVE('',#392,#393,#132,.F.);
#562=EDGE_CURVE('',#393,#386,#133,.T.);
#563=EDGE_CURVE('',#394,#391,#503,.T.);
#564=EDGE_CURVE('',#390,#395,#504,.T.);
#565=EDGE_CURVE('',#395,#394,#134,.F.);
#566=EDGE_CURVE('',#396,#397,#135,.F.);
#567=EDGE_CURVE('',#397,#394,#136,.F.);
#568=EDGE_CURVE('',#395,#388,#137,.T.);
#569=EDGE_CURVE('',#387,#396,#138,.T.);
#570=EDGE_CURVE('',#398,#399,#240,.T.);
#571=EDGE_CURVE('',#399,#400,#505,.T.);
#572=EDGE_CURVE('',#400,#401,#241,.T.);
#573=EDGE_CURVE('',#401,#398,#506,.T.);
#574=EDGE_CURVE('',#393,#402,#242,.T.);
#575=EDGE_CURVE('',#402,#403,#507,.T.);
#576=EDGE_CURVE('',#403,#396,#243,.T.);
#577=EDGE_CURVE('',#404,#392,#244,.T.);
#578=EDGE_CURVE('',#402,#404,#245,.T.);
#579=EDGE_CURVE('',#405,#406,#508,.T.);
#580=EDGE_CURVE('',#406,#407,#139,.T.);
#581=EDGE_CURVE('',#407,#408,#509,.T.);
#582=EDGE_CURVE('',#408,#405,#140,.T.);
#583=EDGE_CURVE('',#408,#409,#141,.T.);
#584=EDGE_CURVE('',#409,#410,#142,.F.);
#585=EDGE_CURVE('',#410,#411,#143,.F.);
#586=EDGE_CURVE('',#411,#412,#144,.F.);
#587=EDGE_CURVE('',#412,#405,#145,.T.);
#588=EDGE_CURVE('',#413,#410,#510,.T.);
#589=EDGE_CURVE('',#409,#414,#511,.T.);
#590=EDGE_CURVE('',#414,#413,#146,.F.);
#591=EDGE_CURVE('',#415,#416,#147,.F.);
#592=EDGE_CURVE('',#416,#413,#148,.F.);
#593=EDGE_CURVE('',#414,#407,#149,.T.);
#594=EDGE_CURVE('',#406,#415,#150,.T.);
#595=EDGE_CURVE('',#417,#418,#512,.T.);
#596=EDGE_CURVE('',#418,#419,#246,.T.);
#597=EDGE_CURVE('',#419,#420,#513,.T.);
#598=EDGE_CURVE('',#420,#417,#247,.T.);
#599=EDGE_CURVE('',#421,#422,#514,.T.);
#600=EDGE_CURVE('',#422,#423,#248,.T.);
#601=EDGE_CURVE('',#423,#424,#515,.T.);
#602=EDGE_CURVE('',#424,#421,#249,.T.);
#603=EDGE_CURVE('',#425,#426,#516,.T.);
#604=EDGE_CURVE('',#426,#427,#250,.T.);
#605=EDGE_CURVE('',#427,#428,#517,.T.);
#606=EDGE_CURVE('',#428,#425,#251,.T.);
#607=EDGE_CURVE('',#429,#430,#518,.T.);
#608=EDGE_CURVE('',#430,#431,#252,.T.);
#609=EDGE_CURVE('',#431,#432,#519,.T.);
#610=EDGE_CURVE('',#432,#429,#253,.T.);
#611=EDGE_CURVE('',#433,#434,#520,.T.);
#612=EDGE_CURVE('',#434,#435,#254,.T.);
#613=EDGE_CURVE('',#435,#436,#521,.T.);
#614=EDGE_CURVE('',#436,#433,#255,.T.);
#615=EDGE_CURVE('',#437,#438,#256,.T.);
#616=EDGE_CURVE('',#438,#439,#522,.T.);
#617=EDGE_CURVE('',#439,#440,#257,.T.);
#618=EDGE_CURVE('',#440,#437,#523,.T.);
#619=EDGE_CURVE('',#441,#442,#258,.T.);
#620=EDGE_CURVE('',#442,#443,#524,.T.);
#621=EDGE_CURVE('',#443,#444,#259,.T.);
#622=EDGE_CURVE('',#444,#445,#525,.T.);
#623=EDGE_CURVE('',#445,#441,#526,.T.);
#624=EDGE_CURVE('',#412,#446,#243,.T.);
#625=EDGE_CURVE('',#446,#447,#527,.T.);
#626=EDGE_CURVE('',#447,#415,#242,.T.);
#627=EDGE_CURVE('',#448,#411,#260,.T.);
#628=EDGE_CURVE('',#446,#448,#261,.T.);
#629=EDGE_CURVE('',#397,#449,#260,.T.);
#630=EDGE_CURVE('',#449,#404,#105,.T.);
#631=EDGE_CURVE('',#450,#450,#528,.T.);
#632=EDGE_CURVE('',#416,#451,#244,.T.);
#633=EDGE_CURVE('',#451,#448,#106,.T.);
#634=EDGE_CURVE('',#447,#451,#262,.T.);
#635=EDGE_CURVE('',#403,#449,#263,.T.);
#636=EDGE_CURVE('',#441,#452,#264,.T.);
#637=EDGE_CURVE('',#453,#452,#265,.T.);
#638=EDGE_CURVE('',#453,#442,#266,.T.);
#639=EDGE_CURVE('',#454,#453,#107,.T.);
#640=EDGE_CURVE('',#454,#443,#267,.T.);
#641=EDGE_CURVE('',#455,#454,#268,.T.);
#642=EDGE_CURVE('',#444,#455,#269,.T.);
#643=EDGE_CURVE('',#456,#455,#108,.T.);
#644=EDGE_CURVE('',#445,#456,#270,.T.);
#645=EDGE_CURVE('',#452,#456,#529,.T.);
#646=EDGE_CURVE('',#437,#457,#271,.T.);
#647=EDGE_CURVE('',#458,#457,#272,.T.);
#648=EDGE_CURVE('',#458,#438,#273,.T.);
#649=EDGE_CURVE('',#459,#458,#109,.T.);
#650=EDGE_CURVE('',#459,#439,#274,.T.);
#651=EDGE_CURVE('',#460,#459,#275,.T.);
#652=EDGE_CURVE('',#440,#460,#276,.T.);
#653=EDGE_CURVE('',#457,#460,#110,.T.);
#654=EDGE_CURVE('',#433,#461,#277,.T.);
#655=EDGE_CURVE('',#462,#461,#111,.T.);
#656=EDGE_CURVE('',#462,#434,#278,.T.);
#657=EDGE_CURVE('',#463,#462,#279,.T.);
#658=EDGE_CURVE('',#463,#435,#280,.T.);
#659=EDGE_CURVE('',#464,#463,#112,.T.);
#660=EDGE_CURVE('',#436,#464,#281,.T.);
#661=EDGE_CURVE('',#461,#464,#282,.T.);
#662=EDGE_CURVE('',#429,#465,#283,.T.);
#663=EDGE_CURVE('',#466,#465,#113,.T.);
#664=EDGE_CURVE('',#466,#430,#284,.T.);
#665=EDGE_CURVE('',#467,#466,#285,.T.);
#666=EDGE_CURVE('',#467,#431,#286,.T.);
#667=EDGE_CURVE('',#468,#467,#114,.T.);
#668=EDGE_CURVE('',#432,#468,#287,.T.);
#669=EDGE_CURVE('',#465,#468,#288,.T.);
#670=EDGE_CURVE('',#425,#469,#289,.T.);
#671=EDGE_CURVE('',#470,#469,#115,.T.);
#672=EDGE_CURVE('',#470,#426,#290,.T.);
#673=EDGE_CURVE('',#471,#470,#291,.T.);
#674=EDGE_CURVE('',#471,#427,#292,.T.);
#675=EDGE_CURVE('',#472,#471,#116,.T.);
#676=EDGE_CURVE('',#428,#472,#293,.T.);
#677=EDGE_CURVE('',#469,#472,#294,.T.);
#678=EDGE_CURVE('',#421,#473,#295,.T.);
#679=EDGE_CURVE('',#474,#473,#117,.T.);
#680=EDGE_CURVE('',#474,#422,#296,.T.);
#681=EDGE_CURVE('',#475,#474,#297,.T.);
#682=EDGE_CURVE('',#475,#423,#298,.T.);
#683=EDGE_CURVE('',#476,#475,#118,.T.);
#684=EDGE_CURVE('',#424,#476,#299,.T.);
#685=EDGE_CURVE('',#473,#476,#300,.T.);
#686=EDGE_CURVE('',#398,#477,#301,.T.);
#687=EDGE_CURVE('',#478,#477,#302,.T.);
#688=EDGE_CURVE('',#478,#399,#303,.T.);
#689=EDGE_CURVE('',#479,#478,#119,.T.);
#690=EDGE_CURVE('',#479,#400,#304,.T.);
#691=EDGE_CURVE('',#480,#479,#305,.T.);
#692=EDGE_CURVE('',#401,#480,#306,.T.);
#693=EDGE_CURVE('',#477,#480,#120,.T.);
#694=EDGE_CURVE('',#417,#481,#307,.T.);
#695=EDGE_CURVE('',#482,#481,#121,.T.);
#696=EDGE_CURVE('',#482,#418,#308,.T.);
#697=EDGE_CURVE('',#483,#482,#309,.T.);
#698=EDGE_CURVE('',#483,#419,#310,.T.);
#699=EDGE_CURVE('',#484,#483,#122,.T.);
#700=EDGE_CURVE('',#420,#484,#311,.T.);
#701=EDGE_CURVE('',#481,#484,#312,.T.);
#702=ORIENTED_EDGE('',*,*,#530,.T.);
#703=ORIENTED_EDGE('',*,*,#531,.F.);
#704=ORIENTED_EDGE('',*,*,#531,.T.);
#705=ORIENTED_EDGE('',*,*,#532,.F.);
#706=ORIENTED_EDGE('',*,*,#532,.T.);
#707=ORIENTED_EDGE('',*,*,#533,.F.);
#708=ORIENTED_EDGE('',*,*,#530,.F.);
#709=ORIENTED_EDGE('',*,*,#534,.T.);
#710=ORIENTED_EDGE('',*,*,#535,.F.);
#711=ORIENTED_EDGE('',*,*,#535,.T.);
#712=ORIENTED_EDGE('',*,*,#536,.F.);
#713=ORIENTED_EDGE('',*,*,#536,.T.);
#714=ORIENTED_EDGE('',*,*,#537,.F.);
#715=ORIENTED_EDGE('',*,*,#534,.F.);
#716=ORIENTED_EDGE('',*,*,#538,.F.);
#717=ORIENTED_EDGE('',*,*,#537,.T.);
#718=ORIENTED_EDGE('',*,*,#533,.T.);
#719=ORIENTED_EDGE('',*,*,#538,.T.);
#720=ORIENTED_EDGE('',*,*,#539,.F.);
#721=ORIENTED_EDGE('',*,*,#540,.F.);
#722=ORIENTED_EDGE('',*,*,#541,.F.);
#723=ORIENTED_EDGE('',*,*,#540,.T.);
#724=ORIENTED_EDGE('',*,*,#542,.T.);
#725=ORIENTED_EDGE('',*,*,#543,.F.);
#726=ORIENTED_EDGE('',*,*,#544,.F.);
#727=ORIENTED_EDGE('',*,*,#545,.T.);
#728=ORIENTED_EDGE('',*,*,#546,.T.);
#729=ORIENTED_EDGE('',*,*,#547,.F.);
#730=ORIENTED_EDGE('',*,*,#548,.F.);
#731=ORIENTED_EDGE('',*,*,#549,.T.);
#732=ORIENTED_EDGE('',*,*,#550,.T.);
#733=ORIENTED_EDGE('',*,*,#545,.F.);
#734=ORIENTED_EDGE('',*,*,#551,.F.);
#735=ORIENTED_EDGE('',*,*,#547,.T.);
#736=ORIENTED_EDGE('',*,*,#542,.F.);
#737=ORIENTED_EDGE('',*,*,#550,.F.);
#738=ORIENTED_EDGE('',*,*,#546,.F.);
#739=ORIENTED_EDGE('',*,*,#552,.F.);
#740=ORIENTED_EDGE('',*,*,#541,.T.);
#741=ORIENTED_EDGE('',*,*,#548,.T.);
#742=ORIENTED_EDGE('',*,*,#551,.T.);
#743=ORIENTED_EDGE('',*,*,#544,.T.);
#744=ORIENTED_EDGE('',*,*,#553,.F.);
#745=ORIENTED_EDGE('',*,*,#554,.T.);
#746=ORIENTED_EDGE('',*,*,#555,.T.);
#747=ORIENTED_EDGE('',*,*,#556,.T.);
#748=ORIENTED_EDGE('',*,*,#557,.T.);
#749=ORIENTED_EDGE('',*,*,#558,.T.);
#750=ORIENTED_EDGE('',*,*,#559,.T.);
#751=ORIENTED_EDGE('',*,*,#560,.T.);
#752=ORIENTED_EDGE('',*,*,#561,.T.);
#753=ORIENTED_EDGE('',*,*,#562,.T.);
#754=ORIENTED_EDGE('',*,*,#557,.F.);
#755=ORIENTED_EDGE('',*,*,#563,.T.);
#756=ORIENTED_EDGE('',*,*,#559,.F.);
#757=ORIENTED_EDGE('',*,*,#564,.T.);
#758=ORIENTED_EDGE('',*,*,#565,.T.);
#759=ORIENTED_EDGE('',*,*,#566,.T.);
#760=ORIENTED_EDGE('',*,*,#567,.T.);
#761=ORIENTED_EDGE('',*,*,#565,.F.);
#762=ORIENTED_EDGE('',*,*,#568,.T.);
#763=ORIENTED_EDGE('',*,*,#555,.F.);
#764=ORIENTED_EDGE('',*,*,#569,.T.);
#765=ORIENTED_EDGE('',*,*,#570,.T.);
#766=ORIENTED_EDGE('',*,*,#571,.T.);
#767=ORIENTED_EDGE('',*,*,#572,.T.);
#768=ORIENTED_EDGE('',*,*,#573,.T.);
#769=ORIENTED_EDGE('',*,*,#569,.F.);
#770=ORIENTED_EDGE('',*,*,#554,.F.);
#771=ORIENTED_EDGE('',*,*,#562,.F.);
#772=ORIENTED_EDGE('',*,*,#574,.T.);
#773=ORIENTED_EDGE('',*,*,#575,.T.);
#774=ORIENTED_EDGE('',*,*,#576,.T.);
#775=ORIENTED_EDGE('',*,*,#561,.F.);
#776=ORIENTED_EDGE('',*,*,#577,.F.);
#777=ORIENTED_EDGE('',*,*,#578,.F.);
#778=ORIENTED_EDGE('',*,*,#574,.F.);
#779=ORIENTED_EDGE('',*,*,#579,.T.);
#780=ORIENTED_EDGE('',*,*,#580,.T.);
#781=ORIENTED_EDGE('',*,*,#581,.T.);
#782=ORIENTED_EDGE('',*,*,#582,.T.);
#783=ORIENTED_EDGE('',*,*,#583,.T.);
#784=ORIENTED_EDGE('',*,*,#584,.T.);
#785=ORIENTED_EDGE('',*,*,#585,.T.);
#786=ORIENTED_EDGE('',*,*,#586,.T.);
#787=ORIENTED_EDGE('',*,*,#587,.T.);
#788=ORIENTED_EDGE('',*,*,#582,.F.);
#789=ORIENTED_EDGE('',*,*,#588,.T.);
#790=ORIENTED_EDGE('',*,*,#584,.F.);
#791=ORIENTED_EDGE('',*,*,#589,.T.);
#792=ORIENTED_EDGE('',*,*,#590,.T.);
#793=ORIENTED_EDGE('',*,*,#591,.T.);
#794=ORIENTED_EDGE('',*,*,#592,.T.);
#795=ORIENTED_EDGE('',*,*,#590,.F.);
#796=ORIENTED_EDGE('',*,*,#593,.T.);
#797=ORIENTED_EDGE('',*,*,#580,.F.);
#798=ORIENTED_EDGE('',*,*,#594,.T.);
#799=ORIENTED_EDGE('',*,*,#595,.T.);
#800=ORIENTED_EDGE('',*,*,#596,.T.);
#801=ORIENTED_EDGE('',*,*,#597,.T.);
#802=ORIENTED_EDGE('',*,*,#598,.T.);
#803=ORIENTED_EDGE('',*,*,#599,.T.);
#804=ORIENTED_EDGE('',*,*,#600,.T.);
#805=ORIENTED_EDGE('',*,*,#601,.T.);
#806=ORIENTED_EDGE('',*,*,#602,.T.);
#807=ORIENTED_EDGE('',*,*,#603,.T.);
#808=ORIENTED_EDGE('',*,*,#604,.T.);
#809=ORIENTED_EDGE('',*,*,#605,.T.);
#810=ORIENTED_EDGE('',*,*,#606,.T.);
#811=ORIENTED_EDGE('',*,*,#607,.T.);
#812=ORIENTED_EDGE('',*,*,#608,.T.);
#813=ORIENTED_EDGE('',*,*,#609,.T.);
#814=ORIENTED_EDGE('',*,*,#610,.T.);
#815=ORIENTED_EDGE('',*,*,#611,.T.);
#816=ORIENTED_EDGE('',*,*,#612,.T.);
#817=ORIENTED_EDGE('',*,*,#613,.T.);
#818=ORIENTED_EDGE('',*,*,#614,.T.);
#819=ORIENTED_EDGE('',*,*,#615,.T.);
#820=ORIENTED_EDGE('',*,*,#616,.T.);
#821=ORIENTED_EDGE('',*,*,#617,.T.);
#822=ORIENTED_EDGE('',*,*,#618,.T.);
#823=ORIENTED_EDGE('',*,*,#619,.T.);
#824=ORIENTED_EDGE('',*,*,#620,.T.);
#825=ORIENTED_EDGE('',*,*,#621,.T.);
#826=ORIENTED_EDGE('',*,*,#622,.T.);
#827=ORIENTED_EDGE('',*,*,#623,.T.);
#828=ORIENTED_EDGE('',*,*,#594,.F.);
#829=ORIENTED_EDGE('',*,*,#579,.F.);
#830=ORIENTED_EDGE('',*,*,#587,.F.);
#831=ORIENTED_EDGE('',*,*,#624,.T.);
#832=ORIENTED_EDGE('',*,*,#625,.T.);
#833=ORIENTED_EDGE('',*,*,#626,.T.);
#834=ORIENTED_EDGE('',*,*,#586,.F.);
#835=ORIENTED_EDGE('',*,*,#627,.F.);
#836=ORIENTED_EDGE('',*,*,#628,.F.);
#837=ORIENTED_EDGE('',*,*,#624,.F.);
#838=ORIENTED_EDGE('',*,*,#581,.F.);
#839=ORIENTED_EDGE('',*,*,#593,.F.);
#840=ORIENTED_EDGE('',*,*,#589,.F.);
#841=ORIENTED_EDGE('',*,*,#583,.F.);
#842=ORIENTED_EDGE('',*,*,#556,.F.);
#843=ORIENTED_EDGE('',*,*,#568,.F.);
#844=ORIENTED_EDGE('',*,*,#564,.F.);
#845=ORIENTED_EDGE('',*,*,#558,.F.);
#846=ORIENTED_EDGE('',*,*,#563,.F.);
#847=ORIENTED_EDGE('',*,*,#567,.F.);
#848=ORIENTED_EDGE('',*,*,#629,.T.);
#849=ORIENTED_EDGE('',*,*,#630,.T.);
#850=ORIENTED_EDGE('',*,*,#577,.T.);
#851=ORIENTED_EDGE('',*,*,#560,.F.);
#852=ORIENTED_EDGE('',*,*,#631,.T.);
#853=ORIENTED_EDGE('',*,*,#588,.F.);
#854=ORIENTED_EDGE('',*,*,#592,.F.);
#855=ORIENTED_EDGE('',*,*,#632,.T.);
#856=ORIENTED_EDGE('',*,*,#633,.T.);
#857=ORIENTED_EDGE('',*,*,#627,.T.);
#858=ORIENTED_EDGE('',*,*,#585,.F.);
#859=ORIENTED_EDGE('',*,*,#553,.T.);
#860=ORIENTED_EDGE('',*,*,#543,.T.);
#861=ORIENTED_EDGE('',*,*,#552,.T.);
#862=ORIENTED_EDGE('',*,*,#549,.F.);
#863=ORIENTED_EDGE('',*,*,#591,.F.);
#864=ORIENTED_EDGE('',*,*,#626,.F.);
#865=ORIENTED_EDGE('',*,*,#634,.T.);
#866=ORIENTED_EDGE('',*,*,#632,.F.);
#867=ORIENTED_EDGE('',*,*,#566,.F.);
#868=ORIENTED_EDGE('',*,*,#576,.F.);
#869=ORIENTED_EDGE('',*,*,#635,.T.);
#870=ORIENTED_EDGE('',*,*,#629,.F.);
#871=ORIENTED_EDGE('',*,*,#575,.F.);
#872=ORIENTED_EDGE('',*,*,#578,.T.);
#873=ORIENTED_EDGE('',*,*,#630,.F.);
#874=ORIENTED_EDGE('',*,*,#635,.F.);
#875=ORIENTED_EDGE('',*,*,#625,.F.);
#876=ORIENTED_EDGE('',*,*,#628,.T.);
#877=ORIENTED_EDGE('',*,*,#633,.F.);
#878=ORIENTED_EDGE('',*,*,#634,.F.);
#879=ORIENTED_EDGE('',*,*,#619,.F.);
#880=ORIENTED_EDGE('',*,*,#636,.T.);
#881=ORIENTED_EDGE('',*,*,#637,.F.);
#882=ORIENTED_EDGE('',*,*,#638,.T.);
#883=ORIENTED_EDGE('',*,*,#620,.F.);
#884=ORIENTED_EDGE('',*,*,#638,.F.);
#885=ORIENTED_EDGE('',*,*,#639,.F.);
#886=ORIENTED_EDGE('',*,*,#640,.T.);
#887=ORIENTED_EDGE('',*,*,#621,.F.);
#888=ORIENTED_EDGE('',*,*,#640,.F.);
#889=ORIENTED_EDGE('',*,*,#641,.F.);
#890=ORIENTED_EDGE('',*,*,#642,.F.);
#891=ORIENTED_EDGE('',*,*,#622,.F.);
#892=ORIENTED_EDGE('',*,*,#642,.T.);
#893=ORIENTED_EDGE('',*,*,#643,.F.);
#894=ORIENTED_EDGE('',*,*,#644,.F.);
#895=ORIENTED_EDGE('',*,*,#623,.F.);
#896=ORIENTED_EDGE('',*,*,#644,.T.);
#897=ORIENTED_EDGE('',*,*,#645,.F.);
#898=ORIENTED_EDGE('',*,*,#636,.F.);
#899=ORIENTED_EDGE('',*,*,#615,.F.);
#900=ORIENTED_EDGE('',*,*,#646,.T.);
#901=ORIENTED_EDGE('',*,*,#647,.F.);
#902=ORIENTED_EDGE('',*,*,#648,.T.);
#903=ORIENTED_EDGE('',*,*,#616,.F.);
#904=ORIENTED_EDGE('',*,*,#648,.F.);
#905=ORIENTED_EDGE('',*,*,#649,.F.);
#906=ORIENTED_EDGE('',*,*,#650,.T.);
#907=ORIENTED_EDGE('',*,*,#617,.F.);
#908=ORIENTED_EDGE('',*,*,#650,.F.);
#909=ORIENTED_EDGE('',*,*,#651,.F.);
#910=ORIENTED_EDGE('',*,*,#652,.F.);
#911=ORIENTED_EDGE('',*,*,#618,.F.);
#912=ORIENTED_EDGE('',*,*,#652,.T.);
#913=ORIENTED_EDGE('',*,*,#653,.F.);
#914=ORIENTED_EDGE('',*,*,#646,.F.);
#915=ORIENTED_EDGE('',*,*,#611,.F.);
#916=ORIENTED_EDGE('',*,*,#654,.T.);
#917=ORIENTED_EDGE('',*,*,#655,.F.);
#918=ORIENTED_EDGE('',*,*,#656,.T.);
#919=ORIENTED_EDGE('',*,*,#612,.F.);
#920=ORIENTED_EDGE('',*,*,#656,.F.);
#921=ORIENTED_EDGE('',*,*,#657,.F.);
#922=ORIENTED_EDGE('',*,*,#658,.T.);
#923=ORIENTED_EDGE('',*,*,#613,.F.);
#924=ORIENTED_EDGE('',*,*,#658,.F.);
#925=ORIENTED_EDGE('',*,*,#659,.F.);
#926=ORIENTED_EDGE('',*,*,#660,.F.);
#927=ORIENTED_EDGE('',*,*,#614,.F.);
#928=ORIENTED_EDGE('',*,*,#660,.T.);
#929=ORIENTED_EDGE('',*,*,#661,.F.);
#930=ORIENTED_EDGE('',*,*,#654,.F.);
#931=ORIENTED_EDGE('',*,*,#607,.F.);
#932=ORIENTED_EDGE('',*,*,#662,.T.);
#933=ORIENTED_EDGE('',*,*,#663,.F.);
#934=ORIENTED_EDGE('',*,*,#664,.T.);
#935=ORIENTED_EDGE('',*,*,#608,.F.);
#936=ORIENTED_EDGE('',*,*,#664,.F.);
#937=ORIENTED_EDGE('',*,*,#665,.F.);
#938=ORIENTED_EDGE('',*,*,#666,.T.);
#939=ORIENTED_EDGE('',*,*,#609,.F.);
#940=ORIENTED_EDGE('',*,*,#666,.F.);
#941=ORIENTED_EDGE('',*,*,#667,.F.);
#942=ORIENTED_EDGE('',*,*,#668,.F.);
#943=ORIENTED_EDGE('',*,*,#610,.F.);
#944=ORIENTED_EDGE('',*,*,#668,.T.);
#945=ORIENTED_EDGE('',*,*,#669,.F.);
#946=ORIENTED_EDGE('',*,*,#662,.F.);
#947=ORIENTED_EDGE('',*,*,#603,.F.);
#948=ORIENTED_EDGE('',*,*,#670,.T.);
#949=ORIENTED_EDGE('',*,*,#671,.F.);
#950=ORIENTED_EDGE('',*,*,#672,.T.);
#951=ORIENTED_EDGE('',*,*,#604,.F.);
#952=ORIENTED_EDGE('',*,*,#672,.F.);
#953=ORIENTED_EDGE('',*,*,#673,.F.);
#954=ORIENTED_EDGE('',*,*,#674,.T.);
#955=ORIENTED_EDGE('',*,*,#605,.F.);
#956=ORIENTED_EDGE('',*,*,#674,.F.);
#957=ORIENTED_EDGE('',*,*,#675,.F.);
#958=ORIENTED_EDGE('',*,*,#676,.F.);
#959=ORIENTED_EDGE('',*,*,#606,.F.);
#960=ORIENTED_EDGE('',*,*,#676,.T.);
#961=ORIENTED_EDGE('',*,*,#677,.F.);
#962=ORIENTED_EDGE('',*,*,#670,.F.);
#963=ORIENTED_EDGE('',*,*,#599,.F.);
#964=ORIENTED_EDGE('',*,*,#678,.T.);
#965=ORIENTED_EDGE('',*,*,#679,.F.);
#966=ORIENTED_EDGE('',*,*,#680,.T.);
#967=ORIENTED_EDGE('',*,*,#600,.F.);
#968=ORIENTED_EDGE('',*,*,#680,.F.);
#969=ORIENTED_EDGE('',*,*,#681,.F.);
#970=ORIENTED_EDGE('',*,*,#682,.T.);
#971=ORIENTED_EDGE('',*,*,#601,.F.);
#972=ORIENTED_EDGE('',*,*,#682,.F.);
#973=ORIENTED_EDGE('',*,*,#683,.F.);
#974=ORIENTED_EDGE('',*,*,#684,.F.);
#975=ORIENTED_EDGE('',*,*,#602,.F.);
#976=ORIENTED_EDGE('',*,*,#684,.T.);
#977=ORIENTED_EDGE('',*,*,#685,.F.);
#978=ORIENTED_EDGE('',*,*,#678,.F.);
#979=ORIENTED_EDGE('',*,*,#570,.F.);
#980=ORIENTED_EDGE('',*,*,#686,.T.);
#981=ORIENTED_EDGE('',*,*,#687,.F.);
#982=ORIENTED_EDGE('',*,*,#688,.T.);
#983=ORIENTED_EDGE('',*,*,#571,.F.);
#984=ORIENTED_EDGE('',*,*,#688,.F.);
#985=ORIENTED_EDGE('',*,*,#689,.F.);
#986=ORIENTED_EDGE('',*,*,#690,.T.);
#987=ORIENTED_EDGE('',*,*,#572,.F.);
#988=ORIENTED_EDGE('',*,*,#690,.F.);
#989=ORIENTED_EDGE('',*,*,#691,.F.);
#990=ORIENTED_EDGE('',*,*,#692,.F.);
#991=ORIENTED_EDGE('',*,*,#573,.F.);
#992=ORIENTED_EDGE('',*,*,#692,.T.);
#993=ORIENTED_EDGE('',*,*,#693,.F.);
#994=ORIENTED_EDGE('',*,*,#686,.F.);
#995=ORIENTED_EDGE('',*,*,#595,.F.);
#996=ORIENTED_EDGE('',*,*,#694,.T.);
#997=ORIENTED_EDGE('',*,*,#695,.F.);
#998=ORIENTED_EDGE('',*,*,#696,.T.);
#999=ORIENTED_EDGE('',*,*,#596,.F.);
#1000=ORIENTED_EDGE('',*,*,#696,.F.);
#1001=ORIENTED_EDGE('',*,*,#697,.F.);
#1002=ORIENTED_EDGE('',*,*,#698,.T.);
#1003=ORIENTED_EDGE('',*,*,#597,.F.);
#1004=ORIENTED_EDGE('',*,*,#698,.F.);
#1005=ORIENTED_EDGE('',*,*,#699,.F.);
#1006=ORIENTED_EDGE('',*,*,#700,.F.);
#1007=ORIENTED_EDGE('',*,*,#598,.F.);
#1008=ORIENTED_EDGE('',*,*,#700,.T.);
#1009=ORIENTED_EDGE('',*,*,#701,.F.);
#1010=ORIENTED_EDGE('',*,*,#694,.F.);
#1011=ORIENTED_EDGE('',*,*,#695,.T.);
#1012=ORIENTED_EDGE('',*,*,#701,.T.);
#1013=ORIENTED_EDGE('',*,*,#699,.T.);
#1014=ORIENTED_EDGE('',*,*,#697,.T.);
#1015=ORIENTED_EDGE('',*,*,#687,.T.);
#1016=ORIENTED_EDGE('',*,*,#693,.T.);
#1017=ORIENTED_EDGE('',*,*,#691,.T.);
#1018=ORIENTED_EDGE('',*,*,#689,.T.);
#1019=ORIENTED_EDGE('',*,*,#679,.T.);
#1020=ORIENTED_EDGE('',*,*,#685,.T.);
#1021=ORIENTED_EDGE('',*,*,#683,.T.);
#1022=ORIENTED_EDGE('',*,*,#681,.T.);
#1023=ORIENTED_EDGE('',*,*,#671,.T.);
#1024=ORIENTED_EDGE('',*,*,#677,.T.);
#1025=ORIENTED_EDGE('',*,*,#675,.T.);
#1026=ORIENTED_EDGE('',*,*,#673,.T.);
#1027=ORIENTED_EDGE('',*,*,#663,.T.);
#1028=ORIENTED_EDGE('',*,*,#669,.T.);
#1029=ORIENTED_EDGE('',*,*,#667,.T.);
#1030=ORIENTED_EDGE('',*,*,#665,.T.);
#1031=ORIENTED_EDGE('',*,*,#655,.T.);
#1032=ORIENTED_EDGE('',*,*,#661,.T.);
#1033=ORIENTED_EDGE('',*,*,#659,.T.);
#1034=ORIENTED_EDGE('',*,*,#657,.T.);
#1035=ORIENTED_EDGE('',*,*,#647,.T.);
#1036=ORIENTED_EDGE('',*,*,#653,.T.);
#1037=ORIENTED_EDGE('',*,*,#651,.T.);
#1038=ORIENTED_EDGE('',*,*,#649,.T.);
#1039=ORIENTED_EDGE('',*,*,#637,.T.);
#1040=ORIENTED_EDGE('',*,*,#645,.T.);
#1041=ORIENTED_EDGE('',*,*,#643,.T.);
#1042=ORIENTED_EDGE('',*,*,#641,.T.);
#1043=ORIENTED_EDGE('',*,*,#639,.T.);
#1044=ORIENTED_EDGE('',*,*,#539,.T.);
#1045=ORIENTED_EDGE('',*,*,#631,.F.);
#1046=EDGE_LOOP('',(#702));
#1047=EDGE_LOOP('',(#703));
#1048=EDGE_LOOP('',(#704));
#1049=EDGE_LOOP('',(#705));
#1050=EDGE_LOOP('',(#706));
#1051=EDGE_LOOP('',(#707));
#1052=EDGE_LOOP('',(#708));
#1053=EDGE_LOOP('',(#709));
#1054=EDGE_LOOP('',(#710));
#1055=EDGE_LOOP('',(#711));
#1056=EDGE_LOOP('',(#712));
#1057=EDGE_LOOP('',(#713));
#1058=EDGE_LOOP('',(#714));
#1059=EDGE_LOOP('',(#715));
#1060=EDGE_LOOP('',(#716));
#1061=EDGE_LOOP('',(#717));
#1062=EDGE_LOOP('',(#718));
#1063=EDGE_LOOP('',(#719));
#1064=EDGE_LOOP('',(#720));
#1065=EDGE_LOOP('',(#721));
#1066=EDGE_LOOP('',(#722));
#1067=EDGE_LOOP('',(#723));
#1068=EDGE_LOOP('',(#724,#725,#726,#727));
#1069=EDGE_LOOP('',(#728,#729,#730,#731));
#1070=EDGE_LOOP('',(#732,#733,#734,#735));
#1071=EDGE_LOOP('',(#736,#737,#738,#739));
#1072=EDGE_LOOP('',(#740));
#1073=EDGE_LOOP('',(#741,#742,#743,#744));
#1074=EDGE_LOOP('',(#745,#746,#747,#748));
#1075=EDGE_LOOP('',(#749,#750,#751,#752,#753,#754));
#1076=EDGE_LOOP('',(#755,#756,#757,#758));
#1077=EDGE_LOOP('',(#759,#760,#761,#762,#763,#764));
#1078=EDGE_LOOP('',(#765,#766,#767,#768));
#1079=EDGE_LOOP('',(#769,#770,#771,#772,#773,#774));
#1080=EDGE_LOOP('',(#775,#776,#777,#778));
#1081=EDGE_LOOP('',(#779,#780,#781,#782));
#1082=EDGE_LOOP('',(#783,#784,#785,#786,#787,#788));
#1083=EDGE_LOOP('',(#789,#790,#791,#792));
#1084=EDGE_LOOP('',(#793,#794,#795,#796,#797,#798));
#1085=EDGE_LOOP('',(#799,#800,#801,#802));
#1086=EDGE_LOOP('',(#803,#804,#805,#806));
#1087=EDGE_LOOP('',(#807,#808,#809,#810));
#1088=EDGE_LOOP('',(#811,#812,#813,#814));
#1089=EDGE_LOOP('',(#815,#816,#817,#818));
#1090=EDGE_LOOP('',(#819,#820,#821,#822));
#1091=EDGE_LOOP('',(#823,#824,#825,#826,#827));
#1092=EDGE_LOOP('',(#828,#829,#830,#831,#832,#833));
#1093=EDGE_LOOP('',(#834,#835,#836,#837));
#1094=EDGE_LOOP('',(#838,#839,#840,#841));
#1095=EDGE_LOOP('',(#842,#843,#844,#845));
#1096=EDGE_LOOP('',(#846,#847,#848,#849,#850,#851));
#1097=EDGE_LOOP('',(#852));
#1098=EDGE_LOOP('',(#853,#854,#855,#856,#857,#858));
#1099=EDGE_LOOP('',(#859,#860,#861,#862));
#1100=EDGE_LOOP('',(#863,#864,#865,#866));
#1101=EDGE_LOOP('',(#867,#868,#869,#870));
#1102=EDGE_LOOP('',(#871,#872,#873,#874));
#1103=EDGE_LOOP('',(#875,#876,#877,#878));
#1104=EDGE_LOOP('',(#879,#880,#881,#882));
#1105=EDGE_LOOP('',(#883,#884,#885,#886));
#1106=EDGE_LOOP('',(#887,#888,#889,#890));
#1107=EDGE_LOOP('',(#891,#892,#893,#894));
#1108=EDGE_LOOP('',(#895,#896,#897,#898));
#1109=EDGE_LOOP('',(#899,#900,#901,#902));
#1110=EDGE_LOOP('',(#903,#904,#905,#906));
#1111=EDGE_LOOP('',(#907,#908,#909,#910));
#1112=EDGE_LOOP('',(#911,#912,#913,#914));
#1113=EDGE_LOOP('',(#915,#916,#917,#918));
#1114=EDGE_LOOP('',(#919,#920,#921,#922));
#1115=EDGE_LOOP('',(#923,#924,#925,#926));
#1116=EDGE_LOOP('',(#927,#928,#929,#930));
#1117=EDGE_LOOP('',(#931,#932,#933,#934));
#1118=EDGE_LOOP('',(#935,#936,#937,#938));
#1119=EDGE_LOOP('',(#939,#940,#941,#942));
#1120=EDGE_LOOP('',(#943,#944,#945,#946));
#1121=EDGE_LOOP('',(#947,#948,#949,#950));
#1122=EDGE_LOOP('',(#951,#952,#953,#954));
#1123=EDGE_LOOP('',(#955,#956,#957,#958));
#1124=EDGE_LOOP('',(#959,#960,#961,#962));
#1125=EDGE_LOOP('',(#963,#964,#965,#966));
#1126=EDGE_LOOP('',(#967,#968,#969,#970));
#1127=EDGE_LOOP('',(#971,#972,#973,#974));
#1128=EDGE_LOOP('',(#975,#976,#977,#978));
#1129=EDGE_LOOP('',(#979,#980,#981,#982));
#1130=EDGE_LOOP('',(#983,#984,#985,#986));
#1131=EDGE_LOOP('',(#987,#988,#989,#990));
#1132=EDGE_LOOP('',(#991,#992,#993,#994));
#1133=EDGE_LOOP('',(#995,#996,#997,#998));
#1134=EDGE_LOOP('',(#999,#1000,#1001,#1002));
#1135=EDGE_LOOP('',(#1003,#1004,#1005,#1006));
#1136=EDGE_LOOP('',(#1007,#1008,#1009,#1010));
#1137=EDGE_LOOP('',(#1011,#1012,#1013,#1014));
#1138=EDGE_LOOP('',(#1015,#1016,#1017,#1018));
#1139=EDGE_LOOP('',(#1019,#1020,#1021,#1022));
#1140=EDGE_LOOP('',(#1023,#1024,#1025,#1026));
#1141=EDGE_LOOP('',(#1027,#1028,#1029,#1030));
#1142=EDGE_LOOP('',(#1031,#1032,#1033,#1034));
#1143=EDGE_LOOP('',(#1035,#1036,#1037,#1038));
#1144=EDGE_LOOP('',(#1039,#1040,#1041,#1042,#1043));
#1145=EDGE_LOOP('',(#1044));
#1146=EDGE_LOOP('',(#1045));
#1147=FACE_BOUND('',#1046,.T.);
#1148=FACE_BOUND('',#1047,.T.);
#1149=FACE_BOUND('',#1048,.T.);
#1150=FACE_BOUND('',#1049,.T.);
#1151=FACE_BOUND('',#1050,.T.);
#1152=FACE_BOUND('',#1051,.T.);
#1153=FACE_BOUND('',#1052,.T.);
#1154=FACE_BOUND('',#1053,.T.);
#1155=FACE_BOUND('',#1054,.T.);
#1156=FACE_BOUND('',#1055,.T.);
#1157=FACE_BOUND('',#1056,.T.);
#1158=FACE_BOUND('',#1057,.T.);
#1159=FACE_BOUND('',#1058,.T.);
#1160=FACE_BOUND('',#1059,.T.);
#1161=FACE_BOUND('',#1060,.T.);
#1162=FACE_BOUND('',#1061,.T.);
#1163=FACE_BOUND('',#1062,.T.);
#1164=FACE_BOUND('',#1063,.T.);
#1165=FACE_BOUND('',#1064,.T.);
#1166=FACE_BOUND('',#1065,.T.);
#1167=FACE_BOUND('',#1066,.T.);
#1168=FACE_BOUND('',#1067,.T.);
#1169=FACE_BOUND('',#1068,.T.);
#1170=FACE_BOUND('',#1069,.T.);
#1171=FACE_BOUND('',#1070,.T.);
#1172=FACE_BOUND('',#1071,.T.);
#1173=FACE_BOUND('',#1072,.T.);
#1174=FACE_BOUND('',#1073,.T.);
#1175=FACE_BOUND('',#1074,.T.);
#1176=FACE_BOUND('',#1075,.T.);
#1177=FACE_BOUND('',#1076,.T.);
#1178=FACE_BOUND('',#1077,.T.);
#1179=FACE_BOUND('',#1078,.T.);
#1180=FACE_BOUND('',#1079,.T.);
#1181=FACE_BOUND('',#1080,.T.);
#1182=FACE_BOUND('',#1081,.T.);
#1183=FACE_BOUND('',#1082,.T.);
#1184=FACE_BOUND('',#1083,.T.);
#1185=FACE_BOUND('',#1084,.T.);
#1186=FACE_BOUND('',#1085,.T.);
#1187=FACE_BOUND('',#1086,.T.);
#1188=FACE_BOUND('',#1087,.T.);
#1189=FACE_BOUND('',#1088,.T.);
#1190=FACE_BOUND('',#1089,.T.);
#1191=FACE_BOUND('',#1090,.T.);
#1192=FACE_BOUND('',#1091,.T.);
#1193=FACE_BOUND('',#1092,.T.);
#1194=FACE_BOUND('',#1093,.T.);
#1195=FACE_BOUND('',#1094,.T.);
#1196=FACE_BOUND('',#1095,.T.);
#1197=FACE_BOUND('',#1096,.T.);
#1198=FACE_BOUND('',#1097,.T.);
#1199=FACE_BOUND('',#1098,.T.);
#1200=FACE_BOUND('',#1099,.T.);
#1201=FACE_BOUND('',#1100,.T.);
#1202=FACE_BOUND('',#1101,.T.);
#1203=FACE_BOUND('',#1102,.T.);
#1204=FACE_BOUND('',#1103,.T.);
#1205=FACE_BOUND('',#1104,.T.);
#1206=FACE_BOUND('',#1105,.T.);
#1207=FACE_BOUND('',#1106,.T.);
#1208=FACE_BOUND('',#1107,.T.);
#1209=FACE_BOUND('',#1108,.T.);
#1210=FACE_BOUND('',#1109,.T.);
#1211=FACE_BOUND('',#1110,.T.);
#1212=FACE_BOUND('',#1111,.T.);
#1213=FACE_BOUND('',#1112,.T.);
#1214=FACE_BOUND('',#1113,.T.);
#1215=FACE_BOUND('',#1114,.T.);
#1216=FACE_BOUND('',#1115,.T.);
#1217=FACE_BOUND('',#1116,.T.);
#1218=FACE_BOUND('',#1117,.T.);
#1219=FACE_BOUND('',#1118,.T.);
#1220=FACE_BOUND('',#1119,.T.);
#1221=FACE_BOUND('',#1120,.T.);
#1222=FACE_BOUND('',#1121,.T.);
#1223=FACE_BOUND('',#1122,.T.);
#1224=FACE_BOUND('',#1123,.T.);
#1225=FACE_BOUND('',#1124,.T.);
#1226=FACE_BOUND('',#1125,.T.);
#1227=FACE_BOUND('',#1126,.T.);
#1228=FACE_BOUND('',#1127,.T.);
#1229=FACE_BOUND('',#1128,.T.);
#1230=FACE_BOUND('',#1129,.T.);
#1231=FACE_BOUND('',#1130,.T.);
#1232=FACE_BOUND('',#1131,.T.);
#1233=FACE_BOUND('',#1132,.T.);
#1234=FACE_BOUND('',#1133,.T.);
#1235=FACE_BOUND('',#1134,.T.);
#1236=FACE_BOUND('',#1135,.T.);
#1237=FACE_BOUND('',#1136,.T.);
#1238=FACE_BOUND('',#1137,.T.);
#1239=FACE_BOUND('',#1138,.T.);
#1240=FACE_BOUND('',#1139,.T.);
#1241=FACE_BOUND('',#1140,.T.);
#1242=FACE_BOUND('',#1141,.T.);
#1243=FACE_BOUND('',#1142,.T.);
#1244=FACE_BOUND('',#1143,.T.);
#1245=FACE_BOUND('',#1144,.T.);
#1246=FACE_BOUND('',#1145,.T.);
#1247=FACE_BOUND('',#1146,.T.);
#1248=ADVANCED_FACE('',(#1147,#1148),#2694,.T.);
#1249=ADVANCED_FACE('',(#1149,#1150),#359,.T.);
#1250=ADVANCED_FACE('',(#1151,#1152),#2695,.T.);
#1251=ADVANCED_FACE('',(#1153),#313,.T.);
#1252=ADVANCED_FACE('',(#1154,#1155),#2696,.T.);
#1253=ADVANCED_FACE('',(#1156,#1157),#360,.T.);
#1254=ADVANCED_FACE('',(#1158,#1159),#2697,.T.);
#1255=ADVANCED_FACE('',(#1160),#314,.T.);
#1256=ADVANCED_FACE('',(#1161,#1162,#1163),#315,.T.);
#1257=ADVANCED_FACE('',(#1164,#1165),#2698,.T.);
#1258=ADVANCED_FACE('',(#1166,#1167),#2699,.F.);
#1259=ADVANCED_FACE('',(#1168),#316,.T.);
#1260=ADVANCED_FACE('',(#1169),#317,.T.);
#1261=ADVANCED_FACE('',(#1170),#318,.T.);
#1262=ADVANCED_FACE('',(#1171),#2700,.F.);
#1263=ADVANCED_FACE('',(#1172),#319,.T.);
#1264=ADVANCED_FACE('',(#1173,#1174),#320,.T.);
#1265=ADVANCED_FACE('',(#1175),#361,.T.);
#1266=ADVANCED_FACE('',(#1176),#123,.F.);
#1267=ADVANCED_FACE('',(#1177),#362,.T.);
#1268=ADVANCED_FACE('',(#1178),#124,.F.);
#1269=ADVANCED_FACE('',(#1179,#1180),#2701,.T.);
#1270=ADVANCED_FACE('',(#1181),#321,.T.);
#1271=ADVANCED_FACE('',(#1182),#363,.T.);
#1272=ADVANCED_FACE('',(#1183),#125,.F.);
#1273=ADVANCED_FACE('',(#1184),#364,.T.);
#1274=ADVANCED_FACE('',(#1185),#126,.F.);
#1275=ADVANCED_FACE('',(#1186,#1187,#1188,#1189,#1190,#1191,#1192,#1193),
#2701,.T.);
#1276=ADVANCED_FACE('',(#1194),#322,.T.);
#1277=ADVANCED_FACE('',(#1195,#1196),#365,.F.);
#1278=ADVANCED_FACE('',(#1197,#1198),#2702,.T.);
#1279=ADVANCED_FACE('',(#1199,#1200),#2702,.T.);
#1280=ADVANCED_FACE('',(#1201),#321,.T.);
#1281=ADVANCED_FACE('',(#1202),#322,.T.);
#1282=ADVANCED_FACE('',(#1203),#323,.T.);
#1283=ADVANCED_FACE('',(#1204),#324,.T.);
#1284=ADVANCED_FACE('',(#1205),#325,.T.);
#1285=ADVANCED_FACE('',(#1206),#326,.T.);
#1286=ADVANCED_FACE('',(#1207),#327,.T.);
#1287=ADVANCED_FACE('',(#1208),#328,.T.);
#1288=ADVANCED_FACE('',(#1209),#329,.T.);
#1289=ADVANCED_FACE('',(#1210),#330,.T.);
#1290=ADVANCED_FACE('',(#1211),#331,.T.);
#1291=ADVANCED_FACE('',(#1212),#332,.T.);
#1292=ADVANCED_FACE('',(#1213),#333,.T.);
#1293=ADVANCED_FACE('',(#1214),#334,.T.);
#1294=ADVANCED_FACE('',(#1215),#335,.T.);
#1295=ADVANCED_FACE('',(#1216),#336,.T.);
#1296=ADVANCED_FACE('',(#1217),#337,.T.);
#1297=ADVANCED_FACE('',(#1218),#338,.T.);
#1298=ADVANCED_FACE('',(#1219),#339,.T.);
#1299=ADVANCED_FACE('',(#1220),#340,.T.);
#1300=ADVANCED_FACE('',(#1221),#341,.T.);
#1301=ADVANCED_FACE('',(#1222),#342,.T.);
#1302=ADVANCED_FACE('',(#1223),#343,.T.);
#1303=ADVANCED_FACE('',(#1224),#344,.T.);
#1304=ADVANCED_FACE('',(#1225),#345,.T.);
#1305=ADVANCED_FACE('',(#1226),#346,.T.);
#1306=ADVANCED_FACE('',(#1227),#347,.T.);
#1307=ADVANCED_FACE('',(#1228),#348,.T.);
#1308=ADVANCED_FACE('',(#1229),#349,.T.);
#1309=ADVANCED_FACE('',(#1230),#350,.T.);
#1310=ADVANCED_FACE('',(#1231),#351,.T.);
#1311=ADVANCED_FACE('',(#1232),#352,.T.);
#1312=ADVANCED_FACE('',(#1233),#353,.T.);
#1313=ADVANCED_FACE('',(#1234),#354,.T.);
#1314=ADVANCED_FACE('',(#1235),#355,.T.);
#1315=ADVANCED_FACE('',(#1236),#356,.T.);
#1316=ADVANCED_FACE('',(#1237),#357,.T.);
#1317=ADVANCED_FACE('',(#1238),#2702,.T.);
#1318=ADVANCED_FACE('',(#1239),#2702,.T.);
#1319=ADVANCED_FACE('',(#1240),#2702,.T.);
#1320=ADVANCED_FACE('',(#1241),#2702,.T.);
#1321=ADVANCED_FACE('',(#1242),#2702,.T.);
#1322=ADVANCED_FACE('',(#1243),#2702,.T.);
#1323=ADVANCED_FACE('',(#1244),#2702,.T.);
#1324=ADVANCED_FACE('',(#1245),#2702,.T.);
#1325=ADVANCED_FACE('',(#1246,#1247),#358,.F.);
#1326=AXIS2_PLACEMENT_3D('',#1729,#1451,#1452);
#1327=AXIS2_PLACEMENT_3D('',#1730,#1453,#1454);
#1328=AXIS2_PLACEMENT_3D('',#1732,#1455,#1456);
#1329=AXIS2_PLACEMENT_3D('',#1734,#1457,$);
#1330=AXIS2_PLACEMENT_3D('',#1735,#1458,#1459);
#1331=AXIS2_PLACEMENT_3D('',#1737,#1460,#1461);
#1332=AXIS2_PLACEMENT_3D('',#1738,#1462,#1463);
#1333=AXIS2_PLACEMENT_3D('',#1740,#1464,$);
#1334=AXIS2_PLACEMENT_3D('',#1741,#1465,#1466);
#1335=AXIS2_PLACEMENT_3D('',#1742,#1467,#1468);
#1336=AXIS2_PLACEMENT_3D('',#1744,#1469,#1470);
#1337=AXIS2_PLACEMENT_3D('',#1746,#1471,$);
#1338=AXIS2_PLACEMENT_3D('',#1747,#1472,#1473);
#1339=AXIS2_PLACEMENT_3D('',#1749,#1474,#1475);
#1340=AXIS2_PLACEMENT_3D('',#1750,#1476,#1477);
#1341=AXIS2_PLACEMENT_3D('',#1752,#1478,$);
#1342=AXIS2_PLACEMENT_3D('',#1753,#1479,$);
#1343=AXIS2_PLACEMENT_3D('',#1754,#1480,#1481);
#1344=AXIS2_PLACEMENT_3D('',#1756,#1482,#1483);
#1345=AXIS2_PLACEMENT_3D('',#1757,#1484,#1485);
#1346=AXIS2_PLACEMENT_3D('',#1759,#1486,#1487);
#1347=AXIS2_PLACEMENT_3D('',#1760,#1488,#1489);
#1348=AXIS2_PLACEMENT_3D('',#1762,#1490,#1491);
#1349=AXIS2_PLACEMENT_3D('',#1764,#1492,$);
#1350=AXIS2_PLACEMENT_3D('',#1765,#1493,$);
#1351=AXIS2_PLACEMENT_3D('',#1774,#1498,$);
#1352=AXIS2_PLACEMENT_3D('',#1783,#1503,#1504);
#1353=AXIS2_PLACEMENT_3D('',#1784,#1505,#1506);
#1354=AXIS2_PLACEMENT_3D('',#1785,#1507,#1508);
#1355=AXIS2_PLACEMENT_3D('',#1786,#1509,$);
#1356=AXIS2_PLACEMENT_3D('',#1787,#1510,#1511);
#1357=AXIS2_PLACEMENT_3D('',#1788,#1512,$);
#1358=AXIS2_PLACEMENT_3D('',#1789,#1513,#1514);
#1359=AXIS2_PLACEMENT_3D('',#1790,#1515,$);
#1360=AXIS2_PLACEMENT_3D('',#1791,#1516,#1517);
#1361=AXIS2_PLACEMENT_3D('',#1809,#1518,#1519);
#1362=AXIS2_PLACEMENT_3D('',#1979,#1520,$);
#1363=AXIS2_PLACEMENT_3D('',#1980,#1521,#1522);
#1364=AXIS2_PLACEMENT_3D('',#1982,#1523,#1524);
#1365=AXIS2_PLACEMENT_3D('',#2128,#1525,#1526);
#1366=AXIS2_PLACEMENT_3D('',#2132,#1528,#1529);
#1367=AXIS2_PLACEMENT_3D('',#2136,#1531,#1532);
#1368=AXIS2_PLACEMENT_3D('',#2139,#1534,#1535);
#1369=AXIS2_PLACEMENT_3D('',#2142,#1537,$);
#1370=AXIS2_PLACEMENT_3D('',#2146,#1540,$);
#1371=AXIS2_PLACEMENT_3D('',#2147,#1541,#1542);
#1372=AXIS2_PLACEMENT_3D('',#2165,#1543,#1544);
#1373=AXIS2_PLACEMENT_3D('',#2335,#1545,$);
#1374=AXIS2_PLACEMENT_3D('',#2336,#1546,#1547);
#1375=AXIS2_PLACEMENT_3D('',#2338,#1548,#1549);
#1376=AXIS2_PLACEMENT_3D('',#2484,#1550,#1551);
#1377=AXIS2_PLACEMENT_3D('',#2489,#1553,#1554);
#1378=AXIS2_PLACEMENT_3D('',#2492,#1556,#1557);
#1379=AXIS2_PLACEMENT_3D('',#2497,#1559,#1560);
#1380=AXIS2_PLACEMENT_3D('',#2500,#1562,#1563);
#1381=AXIS2_PLACEMENT_3D('',#2505,#1565,#1566);
#1382=AXIS2_PLACEMENT_3D('',#2508,#1568,#1569);
#1383=AXIS2_PLACEMENT_3D('',#2513,#1571,#1572);
#1384=AXIS2_PLACEMENT_3D('',#2516,#1574,#1575);
#1385=AXIS2_PLACEMENT_3D('',#2521,#1577,#1578);
#1386=AXIS2_PLACEMENT_3D('',#2527,#1581,#1582);
#1387=AXIS2_PLACEMENT_3D('',#2531,#1584,#1585);
#1388=AXIS2_PLACEMENT_3D('',#2535,#1587,#1588);
#1389=AXIS2_PLACEMENT_3D('',#2539,#1590,#1591);
#1390=AXIS2_PLACEMENT_3D('',#2541,#1592,#1593);
#1391=AXIS2_PLACEMENT_3D('',#2543,#1594,#1595);
#1392=AXIS2_PLACEMENT_3D('',#2545,#1596,$);
#1393=AXIS2_PLACEMENT_3D('',#2549,#1599,$);
#1394=AXIS2_PLACEMENT_3D('',#2550,#1600,#1601);
#1395=AXIS2_PLACEMENT_3D('',#2552,#1602,#1603);
#1396=AXIS2_PLACEMENT_3D('',#2553,#1604,#1605);
#1397=AXIS2_PLACEMENT_3D('',#2556,#1606,#1607);
#1398=AXIS2_PLACEMENT_3D('',#2559,#1610,$);
#1399=AXIS2_PLACEMENT_3D('',#2560,#1611,$);
#1400=AXIS2_PLACEMENT_3D('',#2561,#1612,$);
#1401=AXIS2_PLACEMENT_3D('',#2567,#1616,$);
#1402=AXIS2_PLACEMENT_3D('',#2568,#1617,#1618);
#1403=AXIS2_PLACEMENT_3D('',#2571,#1620,$);
#1404=AXIS2_PLACEMENT_3D('',#2575,#1623,$);
#1405=AXIS2_PLACEMENT_3D('',#2576,#1624,#1625);
#1406=AXIS2_PLACEMENT_3D('',#2579,#1627,$);
#1407=AXIS2_PLACEMENT_3D('',#2580,#1628,#1629);
#1408=AXIS2_PLACEMENT_3D('',#2581,#1630,$);
#1409=AXIS2_PLACEMENT_3D('',#2587,#1634,$);
#1410=AXIS2_PLACEMENT_3D('',#2588,#1635,#1636);
#1411=AXIS2_PLACEMENT_3D('',#2591,#1638,$);
#1412=AXIS2_PLACEMENT_3D('',#2595,#1641,$);
#1413=AXIS2_PLACEMENT_3D('',#2596,#1642,#1643);
#1414=AXIS2_PLACEMENT_3D('',#2597,#1644,$);
#1415=AXIS2_PLACEMENT_3D('',#2600,#1646,#1647);
#1416=AXIS2_PLACEMENT_3D('',#2603,#1649,$);
#1417=AXIS2_PLACEMENT_3D('',#2607,#1652,$);
#1418=AXIS2_PLACEMENT_3D('',#2608,#1653,#1654);
#1419=AXIS2_PLACEMENT_3D('',#2611,#1656,$);
#1420=AXIS2_PLACEMENT_3D('',#2613,#1658,$);
#1421=AXIS2_PLACEMENT_3D('',#2616,#1660,#1661);
#1422=AXIS2_PLACEMENT_3D('',#2619,#1663,$);
#1423=AXIS2_PLACEMENT_3D('',#2623,#1666,$);
#1424=AXIS2_PLACEMENT_3D('',#2624,#1667,#1668);
#1425=AXIS2_PLACEMENT_3D('',#2627,#1670,$);
#1426=AXIS2_PLACEMENT_3D('',#2629,#1672,$);
#1427=AXIS2_PLACEMENT_3D('',#2632,#1674,#1675);
#1428=AXIS2_PLACEMENT_3D('',#2635,#1677,$);
#1429=AXIS2_PLACEMENT_3D('',#2639,#1680,$);
#1430=AXIS2_PLACEMENT_3D('',#2640,#1681,#1682);
#1431=AXIS2_PLACEMENT_3D('',#2643,#1684,$);
#1432=AXIS2_PLACEMENT_3D('',#2645,#1686,$);
#1433=AXIS2_PLACEMENT_3D('',#2648,#1688,#1689);
#1434=AXIS2_PLACEMENT_3D('',#2651,#1691,$);
#1435=AXIS2_PLACEMENT_3D('',#2655,#1694,$);
#1436=AXIS2_PLACEMENT_3D('',#2656,#1695,#1696);
#1437=AXIS2_PLACEMENT_3D('',#2659,#1698,$);
#1438=AXIS2_PLACEMENT_3D('',#2661,#1700,$);
#1439=AXIS2_PLACEMENT_3D('',#2667,#1704,$);
#1440=AXIS2_PLACEMENT_3D('',#2668,#1705,#1706);
#1441=AXIS2_PLACEMENT_3D('',#2671,#1708,$);
#1442=AXIS2_PLACEMENT_3D('',#2675,#1711,$);
#1443=AXIS2_PLACEMENT_3D('',#2676,#1712,#1713);
#1444=AXIS2_PLACEMENT_3D('',#2677,#1714,$);
#1445=AXIS2_PLACEMENT_3D('',#2680,#1716,#1717);
#1446=AXIS2_PLACEMENT_3D('',#2683,#1719,$);
#1447=AXIS2_PLACEMENT_3D('',#2687,#1722,$);
#1448=AXIS2_PLACEMENT_3D('',#2688,#1723,#1724);
#1449=AXIS2_PLACEMENT_3D('',#2691,#1726,$);
#1450=AXIS2_PLACEMENT_3D('',#2693,#1728,$);
#1451=DIRECTION('',(-1.50030138462859E-16,1.,0.));
#1452=DIRECTION('',(0.,0.,0.04));
#1453=DIRECTION('',(-1.73472347597681E-16,-1.,0.));
#1454=DIRECTION('',(0.,0.,0.04));
#1455=DIRECTION('',(-1.73472347597681E-16,-1.,0.));
#1456=DIRECTION('',(0.,0.,0.04));
#1457=DIRECTION('',(0.,0.,-1.));
#1458=DIRECTION('',(1.,0.,0.));
#1459=DIRECTION('',(0.,0.,0.04));
#1460=DIRECTION('',(-1.,2.77555756156289E-15,0.));
#1461=DIRECTION('',(0.,0.,0.04));
#1462=DIRECTION('',(1.,0.,0.));
#1463=DIRECTION('',(0.,0.,0.04));
#1464=DIRECTION('',(1.73472347597681E-16,1.,0.));
#1465=DIRECTION('',(-1.50030138462859E-16,1.,0.));
#1466=DIRECTION('',(0.,0.,0.04));
#1467=DIRECTION('',(-1.73472347597681E-16,-1.,0.));
#1468=DIRECTION('',(0.,0.,0.04));
#1469=DIRECTION('',(-1.73472347597681E-16,-1.,0.));
#1470=DIRECTION('',(0.,0.,0.04));
#1471=DIRECTION('',(0.,0.,-1.));
#1472=DIRECTION('',(1.,0.,0.));
#1473=DIRECTION('',(0.,0.,0.04));
#1474=DIRECTION('',(-1.,2.77555756156289E-15,0.));
#1475=DIRECTION('',(0.,0.,0.04));
#1476=DIRECTION('',(1.,0.,0.));
#1477=DIRECTION('',(0.,0.,0.04));
#1478=DIRECTION('',(1.73472347597681E-16,1.,0.));
#1479=DIRECTION('',(-1.,0.,0.));
#1480=DIRECTION('',(1.,0.,0.));
#1481=DIRECTION('',(0.,0.,0.325));
#1482=DIRECTION('',(-1.,0.,0.));
#1483=DIRECTION('',(0.,0.,0.325));
#1484=DIRECTION('',(1.,0.,0.));
#1485=DIRECTION('',(0.,0.,0.325));
#1486=DIRECTION('',(-1.,0.,0.));
#1487=DIRECTION('',(0.,0.,-0.465254186483279));
#1488=DIRECTION('',(1.,0.,0.));
#1489=DIRECTION('',(0.,0.,-0.465254186483279));
#1490=DIRECTION('',(-1.,0.,0.));
#1491=DIRECTION('',(0.,0.,-0.465254186483279));
#1492=DIRECTION('',(1.,0.,0.));
#1493=DIRECTION('',(0.,-0.900084078588133,-0.435716251099441));
#1494=DIRECTION('',(0.,-0.435716251099441,0.900084078588133));
#1495=DIRECTION('',(1.,0.,0.));
#1496=DIRECTION('',(0.,-0.435716251099441,0.900084078588133));
#1497=DIRECTION('',(1.,0.,0.));
#1498=DIRECTION('',(0.,0.900084312484731,-0.435715767925477));
#1499=DIRECTION('',(0.,-0.435715767925477,-0.900084312484731));
#1500=DIRECTION('',(1.,0.,0.));
#1501=DIRECTION('',(0.,-0.435715767925477,-0.900084312484731));
#1502=DIRECTION('',(1.,0.,0.));
#1503=DIRECTION('',(1.,0.,0.));
#1504=DIRECTION('',(0.,0.,-0.473426213256642));
#1505=DIRECTION('',(1.,0.,0.));
#1506=DIRECTION('',(0.,0.,-0.473426213256642));
#1507=DIRECTION('',(1.,0.,0.));
#1508=DIRECTION('',(0.,0.,-0.473426213256642));
#1509=DIRECTION('',(1.,4.42490507075895E-31,8.30908598763092E-29));
#1510=DIRECTION('',(-1.,0.,0.));
#1511=DIRECTION('',(0.,0.,-0.625));
#1512=DIRECTION('',(1.,0.,0.));
#1513=DIRECTION('',(-1.,0.,0.));
#1514=DIRECTION('',(0.,0.,-0.625));
#1515=DIRECTION('',(-1.,0.,0.));
#1516=DIRECTION('',(1.,0.,0.));
#1517=DIRECTION('',(0.,7.68827296575332E-7,0.634999999999535));
#1518=DIRECTION('',(-1.,0.,0.));
#1519=DIRECTION('',(0.,7.15507811232812E-7,0.590961666106745));
#1520=DIRECTION('',(-1.,0.,0.));
#1521=DIRECTION('',(1.,0.,0.));
#1522=DIRECTION('',(0.,-7.63933409031279E-7,-0.624999999999533));
#1523=DIRECTION('',(-1.,0.,0.));
#1524=DIRECTION('',(0.,-7.18254264798864E-7,-0.587628332773406));
#1525=DIRECTION('',(1.,0.,0.));
#1526=DIRECTION('',(0.,0.,-0.635));
#1527=DIRECTION('',(-0.99999999999996,-2.77083043919887E-7,-5.98304215291911E-8));
#1528=DIRECTION('',(-0.999999999995444,2.37146371767687E-7,-3.00922029082229E-6));
#1529=DIRECTION('',(-1.89959101330674E-6,-0.134026350446492,0.62069472156519));
#1530=DIRECTION('',(0.999999999999419,-1.05806826044246E-6,2.04801906156627E-7));
#1531=DIRECTION('',(0.999999999993127,-2.37446996950412E-7,3.70006362382051E-6));
#1532=DIRECTION('',(-2.27807231187739E-6,0.120672120333945,0.623428616092994));
#1533=DIRECTION('',(-0.99999999999996,2.54696875556794E-7,-1.23294756824685E-7));
#1534=DIRECTION('',(0.999999999994909,-2.70615368874147E-7,3.17947458195582E-6));
#1535=DIRECTION('',(-1.74236452539429E-6,0.276680448609393,0.571553085330411));
#1536=DIRECTION('',(0.99999999999996,-2.55836431152915E-7,-1.23846048987273E-7));
#1537=DIRECTION('',(2.82970131778694E-7,0.900083955720133,-0.435716504914741));
#1538=DIRECTION('',(0.99999999999996,-2.54696875541446E-7,1.23294756793991E-7));
#1539=DIRECTION('',(0.,-0.435717241903749,-0.900083598955003));
#1540=DIRECTION('',(1.,0.,0.));
#1541=DIRECTION('',(-1.,0.,0.));
#1542=DIRECTION('',(0.,7.41969281154878E-7,0.634999999999566));
#1543=DIRECTION('',(1.,0.,0.));
#1544=DIRECTION('',(0.,6.90512445026192E-7,0.590961666106774));
#1545=DIRECTION('',(1.,0.,0.));
#1546=DIRECTION('',(-1.,0.,0.));
#1547=DIRECTION('',(0.,-7.35781996996473E-7,-0.624999999999567));
#1548=DIRECTION('',(1.,0.,0.));
#1549=DIRECTION('',(0.,-6.91786157088076E-7,-0.587628332773437));
#1550=DIRECTION('',(0.999999999993449,-2.667927925265E-7,-3.60982601643869E-6));
#1551=DIRECTION('',(2.2826636855664E-6,0.120671203622949,0.623428793532986));
#1552=DIRECTION('',(-0.999999999999746,6.96236392028235E-7,1.50339085753175E-7));
#1553=DIRECTION('',(-0.999999999990047,2.61605432138941E-7,4.45399574826334E-6));
#1554=DIRECTION('',(2.72950854929063E-6,-0.134027233507366,0.620694530879149));
#1555=DIRECTION('',(0.999999999999963,2.6861101069419E-7,-5.19924863986885E-8));
#1556=DIRECTION('',(0.999999999998214,-2.63061696148955E-7,1.87136906206962E-6));
#1557=DIRECTION('',(-1.13492104152438E-6,0.120671753204977,0.623428687161437));
#1558=DIRECTION('',(-0.999999999999991,-1.30640374346223E-7,-2.82090883186333E-8));
#1559=DIRECTION('',(-0.999999999997151,2.58871112602718E-7,-2.3729684003711E-6));
#1560=DIRECTION('',(-1.5075845442017E-6,-0.134026219563201,0.620694749828908));
#1561=DIRECTION('',(0.999999999999601,-8.77403360791486E-7,1.69831486481812E-7));
#1562=DIRECTION('',(0.999999999998099,-3.05037077520498E-7,1.9256184172854E-6));
#1563=DIRECTION('',(-1.16367659686748E-6,0.120671466892648,0.623428742580288));
#1564=DIRECTION('',(-1.,-5.71701693927604E-9,-1.23446928134852E-9));
#1565=DIRECTION('',(-0.999999999997895,2.69178420944756E-7,-2.03420886411428E-6));
#1566=DIRECTION('',(-1.29869973304335E-6,-0.134026190219135,0.620694756166099));
#1567=DIRECTION('',(0.999999999999891,-4.5881859312929E-7,8.88093760116291E-8));
#1568=DIRECTION('',(0.999999999999892,-2.86153750963456E-7,3.66266677883894E-7));
#1569=DIRECTION('',(-1.93810655510163E-7,0.120671259232849,0.623428782777252));
#1570=DIRECTION('',(-0.999999999999973,2.28703765131867E-7,4.9383864571321E-8));
#1571=DIRECTION('',(-0.999999999999847,2.87232081394654E-7,-4.72619739196907E-7));
#1572=DIRECTION('',(-3.31849223130121E-7,-0.134026232736643,0.620694746987836));
#1573=DIRECTION('',(0.999999999999913,-4.08762224371035E-7,7.91202731554752E-8));
#1574=DIRECTION('',(0.999999999999896,-2.8851266561962E-7,-3.53888627071509E-7));
#1575=DIRECTION('',(2.55439513288991E-7,0.120671126537796,0.623428808461761));
#1576=DIRECTION('',(-0.999999999999937,3.46364536748629E-7,7.4790360168551E-8));
#1577=DIRECTION('',(-0.999999999999908,2.85913468953267E-7,3.21350976621013E-7));
#1578=DIRECTION('',(1.61140912016577E-7,-0.134026362253263,0.620694719021482));
#1579=DIRECTION('',(0.999999999999972,-2.31127371965087E-7,4.4737110211337E-8));
#1580=DIRECTION('',(-0.999999999999859,5.19765871534156E-7,1.12233031523134E-7));
#1581=DIRECTION('',(-0.999999999998868,3.24184010423053E-7,1.46934846722714E-6));
#1582=DIRECTION('',(8.68567495654573E-7,-0.134026572279718,0.620694673669305));
#1583=DIRECTION('',(0.999999999999993,-1.18477771857741E-7,2.29325932847167E-8));
#1584=DIRECTION('',(0.999999999998575,-3.11885240135469E-7,-1.65888934964504E-6));
#1585=DIRECTION('',(1.07183495433463E-6,0.120671065133471,0.623428820345532));
#1586=DIRECTION('',(0.999999999999957,2.86845845997768E-7,-5.55219798402573E-8));
#1587=DIRECTION('',(0.999999999998438,-2.0463178879415E-7,-1.75528879908726E-6));
#1588=DIRECTION('',(1.11899075645996E-6,0.120671098676978,0.623428813852616));
#1589=DIRECTION('',(-0.999999999999679,7.82648641193587E-7,1.68997692070766E-7));
#1590=DIRECTION('',(-0.999999999990573,-8.37845246653734E-8,4.34129151827042E-6));
#1591=DIRECTION('',(2.70584562804327E-6,-0.134026860927954,0.620694611330904));
#1592=DIRECTION('',(-0.99999999999973,8.00539343081744E-8,7.30415658122066E-7));
#1593=DIRECTION('',(4.63813942999993E-7,-3.63703017151859E-14,0.634999999999672));
#1594=DIRECTION('',(-0.999999999995385,3.24588854667768E-7,3.02054070439661E-6));
#1595=DIRECTION('',(1.63659309343355E-6,-0.276679819448721,0.57155338989806));
#1596=DIRECTION('',(-2.84236034581857E-7,-0.90008443694848,-0.435715510813027));
#1597=DIRECTION('',(-0.99999999999996,2.55836431152915E-7,1.23846049017968E-7));
#1598=DIRECTION('',(0.,0.435716251099437,-0.900084078588135));
#1599=DIRECTION('',(1.,0.,0.));
#1600=DIRECTION('',(1.,0.,0.));
#1601=DIRECTION('',(0.,0.,-0.625));
#1602=DIRECTION('',(-0.999999999999964,2.70619733845561E-7,-3.71522762159155E-13));
#1603=DIRECTION('',(1.69137333653482E-7,0.625,0.));
#1604=DIRECTION('',(1.,0.,0.));
#1605=DIRECTION('',(0.,0.,-0.625));
#1606=DIRECTION('',(0.999999999999947,-3.24589665254621E-7,-8.71214785810815E-14));
#1607=DIRECTION('',(2.02868540784149E-7,0.625,0.));
#1608=DIRECTION('',(0.,-0.435715767925478,-0.900084312484731));
#1609=DIRECTION('',(0.,0.435714770526358,-0.900084795308288));
#1610=DIRECTION('',(-0.999999999999964,2.70619733845561E-7,-3.71522762159155E-13));
#1611=DIRECTION('',(0.999999999999947,-3.24589665254621E-7,-8.71214785810815E-14));
#1612=DIRECTION('',(2.92169864311084E-7,-0.981777661724585,0.190033215355952));
#1613=DIRECTION('',(0.,-0.190033204448615,-0.981777663835856));
#1614=DIRECTION('',(-0.999999999999957,-2.86845846289745E-7,5.55219775044901E-8));
#1615=DIRECTION('',(0.,0.190033226263305,0.981777659613397));
#1616=DIRECTION('',(-0.999999999999975,2.23449253792248E-7,2.39875201554278E-9));
#1617=DIRECTION('',(-0.999999999999975,2.23449253792248E-7,2.39875201554278E-9));
#1618=DIRECTION('',(1.39655783620158E-7,0.625,0.));
#1619=DIRECTION('',(0.,-0.2110659822421,0.977471816033679));
#1620=DIRECTION('',(8.00686652497351E-7,0.977471822459521,0.211065952481735));
#1621=DIRECTION('',(0.999999999999679,-7.82648637689942E-7,-1.68997708421147E-7));
#1622=DIRECTION('',(0.,0.211065922721506,-0.977471828885988));
#1623=DIRECTION('',(0.999999999999929,-3.75308581516265E-7,-4.00586500934695E-8));
#1624=DIRECTION('',(0.999999999999929,-3.75308581516265E-7,-4.00586500934695E-8));
#1625=DIRECTION('',(2.34567863447682E-7,0.625,0.));
#1626=DIRECTION('',(0.,1.22464679914735E-16,-1.));
#1627=DIRECTION('',(1.,-9.92293539701802E-9,9.5151300039484E-10));
#1628=DIRECTION('',(1.,-9.92293539701802E-9,9.5151300039484E-10));
#1629=DIRECTION('',(5.94695625246775E-10,0.,-0.625));
#1630=DIRECTION('',(5.31745065399326E-7,0.97747192277248,0.211065487920664));
#1631=DIRECTION('',(0.,0.211065507684822,-0.97747191850495));
#1632=DIRECTION('',(0.999999999999859,-5.19765871534151E-7,-1.12233040866218E-7));
#1633=DIRECTION('',(0.,-0.211065468156566,0.977471927040286));
#1634=DIRECTION('',(0.999999999999942,-3.39918100937916E-7,-3.64897593127656E-9));
#1635=DIRECTION('',(0.999999999999942,-3.39918100937916E-7,-3.64897593127656E-9));
#1636=DIRECTION('',(2.1244881308621E-7,0.625,0.));
#1637=DIRECTION('',(0.,0.190033182449288,0.981777668094053));
#1638=DIRECTION('',(-1.20676784259182E-7,-0.981777668966058,0.190033177944163));
#1639=DIRECTION('',(-0.999999999999993,1.18477771857742E-7,-2.29325909489454E-8));
#1640=DIRECTION('',(0.,-0.19003317343904,-0.981777669838079));
#1641=DIRECTION('',(-0.999999999999945,3.29655250599834E-7,3.53881376714386E-9));
#1642=DIRECTION('',(-0.999999999999945,3.29655250599834E-7,3.53881376714386E-9));
#1643=DIRECTION('',(2.06034531624908E-7,0.625,0.));
#1644=DIRECTION('',(-0.999999999999957,2.92277862245044E-7,3.13750568859804E-9));
#1645=DIRECTION('',(0.,-0.190033270138361,-0.981777651120925));
#1646=DIRECTION('',(-0.999999999999957,2.92277862245044E-7,3.13750568859804E-9));
#1647=DIRECTION('',(1.8267366390316E-7,0.625,0.));
#1648=DIRECTION('',(0.,-0.211065163747669,0.977471992771235));
#1649=DIRECTION('',(3.5434727357669E-7,0.977471995615079,0.211065150577134));
#1650=DIRECTION('',(0.999999999999937,-3.46364536748632E-7,-7.47903625043246E-8));
#1651=DIRECTION('',(0.,-0.211065137406624,0.977471998459047));
#1652=DIRECTION('',(0.999999999999958,-2.89329717422898E-7,-3.10585184478834E-9));
#1653=DIRECTION('',(0.999999999999958,-2.89329717422898E-7,-3.10585184478834E-9));
#1654=DIRECTION('',(1.80831073389319E-7,0.625,0.));
#1655=DIRECTION('',(0.,-0.190033287715615,-0.981777647718665));
#1656=DIRECTION('',(-2.35417227707636E-7,-0.981777649419768,0.190033278926983));
#1657=DIRECTION('',(-0.999999999999972,2.31127372257056E-7,-4.47371125471094E-8));
#1658=DIRECTION('',(-0.99999999999996,2.82189562604173E-7,3.02915037403835E-9));
#1659=DIRECTION('',(0.,-0.190033479106747,-0.981777610672898));
#1660=DIRECTION('',(-0.99999999999996,2.82189562604173E-7,3.02915037403835E-9));
#1661=DIRECTION('',(1.76368476627615E-7,0.625,0.));
#1662=DIRECTION('',(0.,-0.211064950836601,0.977472038745019));
#1663=DIRECTION('',(2.33974738519975E-7,0.977472040622815,0.211064942140128));
#1664=DIRECTION('',(0.999999999999973,-2.28703764547923E-7,-4.93838622355479E-8));
#1665=DIRECTION('',(0.,-0.211064933443665,0.977472042500665));
#1666=DIRECTION('',(0.99999999999996,-2.82126270219697E-7,-3.02846398757412E-9));
#1667=DIRECTION('',(0.99999999999996,-2.82126270219697E-7,-3.02846398757412E-9));
#1668=DIRECTION('',(1.76328918887318E-7,0.625,0.));
#1669=DIRECTION('',(0.,-0.190033510193141,-0.981777604655796));
#1670=DIRECTION('',(-4.16349100751945E-7,-0.981777607664262,0.190033494649927));
#1671=DIRECTION('',(-0.999999999999913,4.08762225246946E-7,-7.91202731554744E-8));
#1672=DIRECTION('',(-0.99999999999996,2.84334260825149E-7,3.05211284160051E-9));
#1673=DIRECTION('',(0.,-0.190033806129572,-0.981777547374102));
#1674=DIRECTION('',(-0.99999999999996,2.84334260825149E-7,3.05211284160051E-9));
#1675=DIRECTION('',(1.77708913015725E-7,0.625,0.));
#1676=DIRECTION('',(0.,-0.21106486605258,0.977472057052378));
#1677=DIRECTION('',(-5.84877740135129E-9,0.977472057005437,0.211064866269968));
#1678=DIRECTION('',(1.,5.71701577139029E-9,1.23447395289163E-9));
#1679=DIRECTION('',(0.,-0.21106486648736,0.977472056958496));
#1680=DIRECTION('',(0.99999999999997,-2.47314269398411E-7,-2.65472694438398E-9));
#1681=DIRECTION('',(0.99999999999997,-2.47314269398411E-7,-2.65472694438398E-9));
#1682=DIRECTION('',(1.54571418374012E-7,0.625,0.));
#1683=DIRECTION('',(0.,-0.190033841022783,-0.981777540620138));
#1684=DIRECTION('',(-4.67334576795593E-7,-0.981777543997013,0.190033823576158));
#1685=DIRECTION('',(-0.999999999999891,4.58818594297177E-7,-8.88093713400873E-8));
#1686=DIRECTION('',(-0.99999999999997,2.42946369726328E-7,2.60779396061477E-9));
#1687=DIRECTION('',(0.,-0.190034257015225,-0.981777460100134));
#1688=DIRECTION('',(-0.99999999999997,2.42946369726328E-7,2.60779396061477E-9));
#1689=DIRECTION('',(1.51841481078959E-7,0.625,0.));
#1690=DIRECTION('',(0.,-0.21106490276332,0.977472049125452));
#1691=DIRECTION('',(-1.33651262893733E-7,0.97747204805279,0.211064907730932));
#1692=DIRECTION('',(0.999999999999991,1.30640372594396E-7,2.82090883186333E-8));
#1693=DIRECTION('',(0.,-0.211064912698547,0.977472046980145));
#1694=DIRECTION('',(0.999999999999973,-2.33372774942736E-7,-2.50502394824973E-9));
#1695=DIRECTION('',(0.999999999999973,-2.33372774942736E-7,-2.50502394824973E-9));
#1696=DIRECTION('',(1.45857984339214E-7,0.625,0.));
#1697=DIRECTION('',(0.,-0.190034323741939,-0.981777447184414));
#1698=DIRECTION('',(-8.9368864339255E-7,-0.981777453641883,0.190034290378507));
#1699=DIRECTION('',(-0.999999999999601,8.77403363711188E-7,-1.6983147480297E-7));
#1700=DIRECTION('',(-2.83469032820643E-7,0.977472004748756,0.211065108277915));
#1701=DIRECTION('',(0.,0.211065097741788,-0.977472007023858));
#1702=DIRECTION('',(0.99999999999996,2.77083043919887E-7,5.9830421529191E-8));
#1703=DIRECTION('',(0.,-0.211065118814057,0.977472002473732));
#1704=DIRECTION('',(0.999999999999979,-2.04822385039931E-7,-2.19852384043929E-9));
#1705=DIRECTION('',(0.999999999999979,-2.04822385039931E-7,-2.19852384043929E-9));
#1706=DIRECTION('',(1.28013990649959E-7,0.625,0.));
#1707=DIRECTION('',(0.,0.190034915637169,0.981777332616095));
#1708=DIRECTION('',(-1.07770694742176E-6,-0.981777340403156,0.190034875403816));
#1709=DIRECTION('',(-0.999999999999419,1.05806826453003E-6,-2.04801885134751E-7));
#1710=DIRECTION('',(0.,-0.190034835170683,-0.981777348191356));
#1711=DIRECTION('',(-0.99999999999998,1.97708339337352E-7,2.12216902238005E-9));
#1712=DIRECTION('',(-0.99999999999998,1.97708339337352E-7,2.12216902238005E-9));
#1713=DIRECTION('',(1.23567712085847E-7,0.625,0.));
#1714=DIRECTION('',(-0.999999999999953,3.05510225316813E-7,3.27975041916367E-9));
#1715=DIRECTION('',(0.,-0.190033391533125,-0.981777627623699));
#1716=DIRECTION('',(-0.999999999999953,3.05510225316813E-7,3.27975041916367E-9));
#1717=DIRECTION('',(1.90943890823017E-7,0.625,0.));
#1718=DIRECTION('',(0.,-0.211066562408279,0.977471690757923));
#1719=DIRECTION('',(7.12282917308561E-7,0.977471696474346,0.21106653593371));
#1720=DIRECTION('',(0.999999999999746,-6.96236389692458E-7,-1.503390904247E-7));
#1721=DIRECTION('',(0.,-0.211066509459248,0.977471702191265));
#1722=DIRECTION('',(0.999999999999952,-3.09384777490236E-7,-3.32133982003163E-9));
#1723=DIRECTION('',(0.999999999999952,-3.09384777490236E-7,-3.32133982003163E-9));
#1724=DIRECTION('',(1.93365485931407E-7,0.625,0.));
#1725=DIRECTION('',(0.,-0.190033371105162,-0.981777631577746));
#1726=DIRECTION('',(2.73596589357528E-7,-0.981777629600685,0.190033381319137));
#1727=DIRECTION('',(-0.999999999999963,-2.68611010986155E-7,5.19924817271599E-8));
#1728=DIRECTION('',(1.,0.,0.));
#1729=CARTESIAN_POINT('',(-0.25,0.16,-0.25));
#1730=CARTESIAN_POINT('',(-0.25,0.9,-0.25));
#1731=CARTESIAN_POINT('',(-0.25,0.9,-0.21));
#1732=CARTESIAN_POINT('',(-0.25,0.16,-0.25));
#1733=CARTESIAN_POINT('',(-0.25,0.16,-0.21));
#1734=CARTESIAN_POINT('',(-0.09,0.16,-0.25));
#1735=CARTESIAN_POINT('',(-0.09,1.11022302462516E-16,-0.25));
#1736=CARTESIAN_POINT('',(-0.09,1.11022302462516E-16,-0.21));
#1737=CARTESIAN_POINT('',(-0.05,0.,-0.25));
#1738=CARTESIAN_POINT('',(-0.05,0.,-0.25));
#1739=CARTESIAN_POINT('',(-0.05,0.,-0.21));
#1740=CARTESIAN_POINT('',(-0.25,0.9,-0.25));
#1741=CARTESIAN_POINT('',(-0.25,0.16,0.25));
#1742=CARTESIAN_POINT('',(-0.25,0.9,0.25));
#1743=CARTESIAN_POINT('',(-0.25,0.9,0.29));
#1744=CARTESIAN_POINT('',(-0.25,0.16,0.25));
#1745=CARTESIAN_POINT('',(-0.25,0.16,0.29));
#1746=CARTESIAN_POINT('',(-0.09,0.16,0.25));
#1747=CARTESIAN_POINT('',(-0.09,1.11022302462516E-16,0.25));
#1748=CARTESIAN_POINT('',(-0.09,1.11022302462516E-16,0.29));
#1749=CARTESIAN_POINT('',(-0.05,0.,0.25));
#1750=CARTESIAN_POINT('',(-0.05,0.,0.25));
#1751=CARTESIAN_POINT('',(-0.05,0.,0.29));
#1752=CARTESIAN_POINT('',(-0.25,0.9,0.25));
#1753=CARTESIAN_POINT('',(-0.05,0.,0.));
#1754=CARTESIAN_POINT('',(-0.05,0.,0.));
#1755=CARTESIAN_POINT('',(-0.05,0.,0.325));
#1756=CARTESIAN_POINT('',(0.,0.,0.));
#1757=CARTESIAN_POINT('',(0.,0.,0.));
#1758=CARTESIAN_POINT('',(0.,0.,0.325));
#1759=CARTESIAN_POINT('',(3.65,0.,0.));
#1760=CARTESIAN_POINT('',(3.64,0.,0.));
#1761=CARTESIAN_POINT('',(3.64,0.,-0.465254186483279));
#1762=CARTESIAN_POINT('',(3.65,0.,0.));
#1763=CARTESIAN_POINT('',(3.65,0.,-0.465254186483279));
#1764=CARTESIAN_POINT('',(3.64,0.,0.));
#1765=CARTESIAN_POINT('',(3.65,-0.239301075875849,0.494337973030218));
#1766=CARTESIAN_POINT('',(3.66,-0.20627949481442,0.426123396942679));
#1767=CARTESIAN_POINT('',(3.66,-0.20627949481442,0.426123396942679));
#1768=CARTESIAN_POINT('',(3.66,-0.272322656937278,0.562552549117757));
#1769=CARTESIAN_POINT('',(3.65,-0.272322656937278,0.562552549117757));
#1770=CARTESIAN_POINT('',(3.65,-0.272322656937278,0.562552549117757));
#1771=CARTESIAN_POINT('',(3.65,-0.119650537937942,0.2471689865151));
#1772=CARTESIAN_POINT('',(3.65,-0.20627949481442,0.426123396942679));
#1773=CARTESIAN_POINT('',(3.65,-0.20627949481442,0.426123396942679));
#1774=CARTESIAN_POINT('',(3.65,0.239300810510521,0.494338101489622));
#1775=CARTESIAN_POINT('',(3.66,0.272322354953644,0.562552695303348));
#1776=CARTESIAN_POINT('',(3.66,0.272322354953644,0.562552695303348));
#1777=CARTESIAN_POINT('',(3.66,0.206279266067399,0.426123507675897));
#1778=CARTESIAN_POINT('',(3.65,0.206279266067399,0.426123507675897));
#1779=CARTESIAN_POINT('',(3.65,0.206279266067399,0.426123507675897));
#1780=CARTESIAN_POINT('',(3.65,0.119650405255273,0.247169050744805));
#1781=CARTESIAN_POINT('',(3.65,0.272322354953644,0.562552695303348));
#1782=CARTESIAN_POINT('',(3.65,0.272322354953644,0.562552695303348));
#1783=CARTESIAN_POINT('',(3.65,5.51558798633778E-13,5.35549382618683E-12));
#1784=CARTESIAN_POINT('',(3.66,5.51558798633778E-13,5.35549382618683E-12));
#1785=CARTESIAN_POINT('',(3.65,5.51558798633778E-13,5.35549382618683E-12));
#1786=CARTESIAN_POINT('',(3.66,-1.41489622674379E-7,0.527150014666995));
#1787=CARTESIAN_POINT('',(3.66,2.70783395706076E-13,3.66040531218914E-13));
#1788=CARTESIAN_POINT('',(3.65,0.,0.));
#1789=CARTESIAN_POINT('',(3.65,0.,0.));
#1790=CARTESIAN_POINT('',(0.275687261977524,0.,0.));
#1791=CARTESIAN_POINT('',(0.275687261977524,0.,0.));
#1792=CARTESIAN_POINT('',(0.275687261977524,0.27417338627032,0.572759944707262));
#1793=CARTESIAN_POINT('',(0.275687261977524,-0.274171953792244,0.57276063041531));
#1794=CARTESIAN_POINT('',(0.275687261977524,-0.274171953792244,0.57276063041531));
#1795=CARTESIAN_POINT('',(0.284739004592777,-0.272238483393019,0.573686153799435));
#1796=CARTESIAN_POINT('',(0.293282995931197,-0.268668656654567,0.574026480968458));
#1797=CARTESIAN_POINT('',(0.310034763871069,-0.257883243822671,0.57413146108744));
#1798=CARTESIAN_POINT('',(0.317630962419688,-0.250505757117809,0.573828758436788));
#1799=CARTESIAN_POINT('',(0.332782624533073,-0.230651246792663,0.573111307734183));
#1800=CARTESIAN_POINT('',(0.339237276056363,-0.217524522301589,0.572734452245558));
#1801=CARTESIAN_POINT('',(0.347223098362611,-0.196373288421789,0.572279846132953));
#1802=CARTESIAN_POINT('',(0.349741006783391,-0.188375527102932,0.572121079644201));
#1803=CARTESIAN_POINT('',(0.354365300434925,-0.171778967543596,0.571639550459911));
#1804=CARTESIAN_POINT('',(0.356498727654106,-0.162889790836264,0.571292074490016));
#1805=CARTESIAN_POINT('',(0.358471932713103,-0.153940914437339,0.57069792166682));
#1806=CARTESIAN_POINT('',(0.358517674734481,-0.153733000087181,0.570683991392502));
#1807=CARTESIAN_POINT('',(0.35856242134794,-0.153529201709923,0.570670197174984));
#1808=CARTESIAN_POINT('',(0.35856242134794,-0.153529201709923,0.570670197174984));
#1809=CARTESIAN_POINT('',(0.358562420659175,0.,0.));
#1810=CARTESIAN_POINT('',(0.358562420656756,0.153530787658699,0.570669771455707));
#1811=CARTESIAN_POINT('',(0.358562420656756,0.153530787658699,0.570669771455707));
#1812=CARTESIAN_POINT('',(0.358517398738557,0.153735839783756,0.570683650015621));
#1813=CARTESIAN_POINT('',(0.35847228515733,0.153940879375919,0.570697393530508));
#1814=CARTESIAN_POINT('',(0.354798688710722,0.170601785461045,0.571803420133622));
#1815=CARTESIAN_POINT('',(0.350335226824982,0.18813230407555,0.572102185535929));
#1816=CARTESIAN_POINT('',(0.339236871429481,0.217526836971705,0.572733913062413));
#1817=CARTESIAN_POINT('',(0.332782298832254,0.23065318311572,0.57311073926958));
#1818=CARTESIAN_POINT('',(0.317630861965819,0.25050728575532,0.5738281341073));
#1819=CARTESIAN_POINT('',(0.310034741133184,0.25788467651824,0.574130814104628));
#1820=CARTESIAN_POINT('',(0.293283060000781,0.26867006186958,0.574025813309489));
#1821=CARTESIAN_POINT('',(0.284739038749071,0.272239908318672,0.573685477650306));
#1822=CARTESIAN_POINT('',(0.275687261977524,0.27417338627032,0.572759944707262));
#1823=CARTESIAN_POINT('',(0.446591139436259,0.162088261281592,0.578906823197093));
#1824=CARTESIAN_POINT('',(0.454083200213117,0.17924249148999,0.5960780941671));
#1825=CARTESIAN_POINT('',(0.446157137803263,0.197633591028516,0.618058092211159));
#1826=CARTESIAN_POINT('',(0.413525785088233,0.211157649703129,0.635415277587975));
#1827=CARTESIAN_POINT('',(0.396108461276247,0.212180859268549,0.636817017650031));
#1828=CARTESIAN_POINT('',(0.366782572947423,0.204612074025481,0.626972962517635));
#1829=CARTESIAN_POINT('',(0.355393003833583,0.196045595706465,0.615919767619102));
#1830=CARTESIAN_POINT('',(0.351556936495338,0.185252590488029,0.603531143148529));
#1831=CARTESIAN_POINT('',(0.350307642499261,0.181737627003266,0.599496533532467));
#1832=CARTESIAN_POINT('',(0.349803569930605,0.177982103736838,0.595317287824581));
#1833=CARTESIAN_POINT('',(0.350494778307201,0.167970390664255,0.584606102529939));
#1834=CARTESIAN_POINT('',(0.352923441827904,0.161506912039991,0.578132305030384));
#1835=CARTESIAN_POINT('',(0.363714994250301,0.146022276320115,0.563616622651198));
#1836=CARTESIAN_POINT('',(0.374967604789705,0.137761264629305,0.556948179580875));
#1837=CARTESIAN_POINT('',(0.407914699257502,0.129402035239669,0.55032716009891));
#1838=CARTESIAN_POINT('',(0.431148550823608,0.139491337950859,0.557600794141883));
#1839=CARTESIAN_POINT('',(0.444035242705563,0.157036784447236,0.57392856791719));
#1840=CARTESIAN_POINT('',(0.445482112015258,0.159548971725099,0.576365011147462));
#1841=CARTESIAN_POINT('',(0.446591139436259,0.162088261281592,0.578906823197093));
#1842=CARTESIAN_POINT('',(0.444923820314949,0.186840174764562,0.567653796643042));
#1843=CARTESIAN_POINT('',(0.454062620203756,0.202341788897887,0.584151944102496));
#1844=CARTESIAN_POINT('',(0.448377809234068,0.220319887572854,0.608316835188685));
#1845=CARTESIAN_POINT('',(0.414504037601389,0.233918077880598,0.627883431996539));
#1846=CARTESIAN_POINT('',(0.395770805670836,0.234976642834573,0.629504864395431));
#1847=CARTESIAN_POINT('',(0.364910012913743,0.227322703276403,0.618347231491561));
#1848=CARTESIAN_POINT('',(0.353487576107371,0.218684773963512,0.605834479400549));
#1849=CARTESIAN_POINT('',(0.350622020791674,0.20833695430273,0.592618717606493));
#1850=CARTESIAN_POINT('',(0.349688793938318,0.20496697462437,0.588314733758686));
#1851=CARTESIAN_POINT('',(0.349589722880968,0.201412737050691,0.58393739103999));
#1852=CARTESIAN_POINT('',(0.351426155295808,0.192095454635392,0.573021595431531));
#1853=CARTESIAN_POINT('',(0.354659907185441,0.186242517663,0.566749550259122));
#1854=CARTESIAN_POINT('',(0.366824965642537,0.172622255986725,0.553634142418565));
#1855=CARTESIAN_POINT('',(0.377911564291305,0.165812005233919,0.548794459619148));
#1856=CARTESIAN_POINT('',(0.407182854870501,0.158999715785546,0.544253560339736));
#1857=CARTESIAN_POINT('',(0.427529110463591,0.166921047241436,0.548308637699296));
#1858=CARTESIAN_POINT('',(0.441893426774603,0.182305124038007,0.562937447149934));
#1859=CARTESIAN_POINT('',(0.443571031012567,0.184545517038781,0.565211625059921));
#1860=CARTESIAN_POINT('',(0.444923820314949,0.186840174764562,0.567653796643042));
#1861=CARTESIAN_POINT('',(0.454204774528712,0.210287331668364,0.552445087912958));
#1862=CARTESIAN_POINT('',(0.465720725376612,0.225535647862077,0.573352493072763));
#1863=CARTESIAN_POINT('',(0.459292939897583,0.244656752583185,0.604174842620668));
#1864=CARTESIAN_POINT('',(0.417839618786634,0.259452673974321,0.629047694927073));
#1865=CARTESIAN_POINT('',(0.394787862774391,0.260630815113393,0.631106113408223));
#1866=CARTESIAN_POINT('',(0.356939935977497,0.252264055751973,0.616926679579561));
#1867=CARTESIAN_POINT('',(0.343035287298755,0.242840391890042,0.601013596727729));
#1868=CARTESIAN_POINT('',(0.339766894905036,0.232036486416474,0.584192247731701));
#1869=CARTESIAN_POINT('',(0.338702475896123,0.228517973040092,0.578714030470719));
#1870=CARTESIAN_POINT('',(0.338673724579931,0.224851686538786,0.573142099451299));
#1871=CARTESIAN_POINT('',(0.341173762439184,0.215397697402567,0.559256996897641));
#1872=CARTESIAN_POINT('',(0.345302143178239,0.209623303821702,0.551290039993856));
#1873=CARTESIAN_POINT('',(0.360450065384659,0.196618922928563,0.534721024406551));
#1874=CARTESIAN_POINT('',(0.373915417043016,0.190628642109515,0.528754934241553));
#1875=CARTESIAN_POINT('',(0.408546904163544,0.184736694423913,0.523227019740014));
#1876=CARTESIAN_POINT('',(0.432549898558992,0.19122377046728,0.528004935863479));
#1877=CARTESIAN_POINT('',(0.45040224766535,0.205857866630044,0.546472622446598));
#1878=CARTESIAN_POINT('',(0.452500102656765,0.208030168881435,0.549350227057606));
#1879=CARTESIAN_POINT('',(0.454204774528712,0.210287331668364,0.552445087912958));
#1880=CARTESIAN_POINT('',(0.489021484925748,0.240347794663576,0.523370246907206));
#1881=CARTESIAN_POINT('',(0.5057756326823,0.259333141186113,0.559850763889427));
#1882=CARTESIAN_POINT('',(0.493033755380404,0.28423182050277,0.609143435579775));
#1883=CARTESIAN_POINT('',(0.427660677882423,0.303807944665821,0.648184177844187));
#1884=CARTESIAN_POINT('',(0.391973689498967,0.305388326784216,0.65135793437141));
#1885=CARTESIAN_POINT('',(0.33271356948276,0.294286727869748,0.629185597987886));
#1886=CARTESIAN_POINT('',(0.310377511884192,0.281803567741964,0.604268192068131));
#1887=CARTESIAN_POINT('',(0.304077878451413,0.26786838506554,0.576861425879565));
#1888=CARTESIAN_POINT('',(0.302026273635565,0.263330107054011,0.567935850431522));
#1889=CARTESIAN_POINT('',(0.301545333576939,0.258636719552035,0.558745705505606));
#1890=CARTESIAN_POINT('',(0.304336780191887,0.24665396088443,0.535428566423626));
#1891=CARTESIAN_POINT('',(0.310111641414619,0.239462214696354,0.521591691882451));
#1892=CARTESIAN_POINT('',(0.332999229475066,0.223571565236732,0.491454489956818));
#1893=CARTESIAN_POINT('',(0.354838286583861,0.216604401324947,0.478783486736835));
#1894=CARTESIAN_POINT('',(0.414544144891356,0.209802885037961,0.466531402868584));
#1895=CARTESIAN_POINT('',(0.456289393986714,0.217013795468493,0.47906868989471));
#1896=CARTESIAN_POINT('',(0.483415034987712,0.234856679110694,0.512850782477296));
#1897=CARTESIAN_POINT('',(0.486541418381851,0.237537450418139,0.51797014473631));
#1898=CARTESIAN_POINT('',(0.489021484925748,0.240347794663576,0.523370246907206));
#1899=CARTESIAN_POINT('',(0.514305291453391,0.246745071660213,0.509714243508536));
#1900=CARTESIAN_POINT('',(0.533925834509193,0.269736712059252,0.557209373845495));
#1901=CARTESIAN_POINT('',(0.515698202410867,0.299274240672028,0.618226687025564));
#1902=CARTESIAN_POINT('',(0.43410574230443,0.322435368317659,0.666071870916564));
#1903=CARTESIAN_POINT('',(0.390152934592144,0.324298476371473,0.669920568890507));
#1904=CARTESIAN_POINT('',(0.316567581537104,0.311173631975907,0.642807795903998));
#1905=CARTESIAN_POINT('',(0.288332547581494,0.29641541521474,0.612320903712394));
#1906=CARTESIAN_POINT('',(0.279443658129728,0.279800281968918,0.57799808783712));
#1907=CARTESIAN_POINT('',(0.276548808992651,0.274389223095919,0.566820158979105));
#1908=CARTESIAN_POINT('',(0.275556846400637,0.268778831555605,0.55523045871648));
#1909=CARTESIAN_POINT('',(0.277999507425654,0.254397543639462,0.525522229446522));
#1910=CARTESIAN_POINT('',(0.284534451042686,0.245704416074234,0.507564353834656));
#1911=CARTESIAN_POINT('',(0.312163939162832,0.226293762406795,0.467466698775202));
#1912=CARTESIAN_POINT('',(0.339944262406893,0.21751410245347,0.449330082166633));
#1913=CARTESIAN_POINT('',(0.419123444599808,0.208864948383259,0.43146309224086));
#1914=CARTESIAN_POINT('',(0.474777959712371,0.218259264907249,0.45086949349348));
#1915=CARTESIAN_POINT('',(0.507667221315509,0.240081737183142,0.49594941645899));
#1916=CARTESIAN_POINT('',(0.511400920958821,0.243341687676049,0.502683680960187));
#1917=CARTESIAN_POINT('',(0.514305291453391,0.246745071660213,0.509714243508536));
#1918=CARTESIAN_POINT('',(0.539773446605791,0.242573741260263,0.501097309520667));
#1919=CARTESIAN_POINT('',(0.562249628936363,0.270687682788784,0.559173865667916));
#1920=CARTESIAN_POINT('',(0.538471441706803,0.305724899859102,0.631552189311475));
#1921=CARTESIAN_POINT('',(0.440577383561713,0.333033443668268,0.68796491216765));
#1922=CARTESIAN_POINT('',(0.388325412125753,0.335215719589138,0.692472927667237));
#1923=CARTESIAN_POINT('',(0.300347747139281,0.319761838865992,0.660548924718832));
#1924=CARTESIAN_POINT('',(0.266179039797763,0.302379258654073,0.624640734301413));
#1925=CARTESIAN_POINT('',(0.254670837783028,0.282526576003268,0.583629929828981));
#1926=CARTESIAN_POINT('',(0.250922955794795,0.276061142773144,0.570273920331723));
#1927=CARTESIAN_POINT('',(0.249410738088828,0.269329312191547,0.556367600376687));
#1928=CARTESIAN_POINT('',(0.251484363218617,0.251967036234433,0.520501377131213));
#1929=CARTESIAN_POINT('',(0.258770353780725,0.241357826802328,0.498585344519911));
#1930=CARTESIAN_POINT('',(0.291145011047916,0.217328202308747,0.448946026147468));
#1931=CARTESIAN_POINT('',(0.324902842666128,0.206025886371822,0.425598221852474));
#1932=CARTESIAN_POINT('',(0.423744126069518,0.194784909246662,0.402377170839449));
#1933=CARTESIAN_POINT('',(0.493445680767837,0.207342005703229,0.428317112629479));
#1934=CARTESIAN_POINT('',(0.532105756413704,0.234402198163124,0.484216890895311));
#1935=CARTESIAN_POINT('',(0.536446364342787,0.238412118310824,0.492500410055624));
#1936=CARTESIAN_POINT('',(0.539773446605791,0.242573741260263,0.501097309520667));
#1937=CARTESIAN_POINT('',(0.358562420657275,0.153530787660213,0.570669771454503));
#1938=CARTESIAN_POINT('',(0.359339937143202,0.152535684398748,0.569752595346672));
#1939=CARTESIAN_POINT('',(0.360152402298215,0.151563717540428,0.568864433146598));
#1940=CARTESIAN_POINT('',(0.361020223810408,0.15060654613499,0.568000638338818));
#1941=CARTESIAN_POINT('',(0.361020223810408,0.15060654613499,0.568000638338818));
#1942=CARTESIAN_POINT('',(0.283060670211304,0.267509282545608,0.56485731273653));
#1943=CARTESIAN_POINT('',(0.292059824238617,0.264757726837204,0.566160414735641));
#1944=CARTESIAN_POINT('',(0.300405011706624,0.26035338121591,0.566889099112875));
#1945=CARTESIAN_POINT('',(0.315085785995203,0.24909409469895,0.567804729410462));
#1946=CARTESIAN_POINT('',(0.323107363167862,0.241230223469733,0.568080349115082));
#1947=CARTESIAN_POINT('',(0.338041066528024,0.218390510683105,0.568489339333785));
#1948=CARTESIAN_POINT('',(0.343514161953339,0.206478159107544,0.568654062742943));
#1949=CARTESIAN_POINT('',(0.350505530216051,0.187670199873112,0.568780884120096));
#1950=CARTESIAN_POINT('',(0.352767734822046,0.180676054025677,0.568791240454541));
#1951=CARTESIAN_POINT('',(0.357003611128468,0.166292425561824,0.568621525873864));
#1952=CARTESIAN_POINT('',(0.359002444609208,0.158726848018806,0.568426059692081));
#1953=CARTESIAN_POINT('',(0.360919183083729,0.151014178607933,0.568022414475208));
#1954=CARTESIAN_POINT('',(0.360969783619127,0.150810212555271,0.568011593238961));
#1955=CARTESIAN_POINT('',(0.361020223810408,0.15060654613499,0.568000638338818));
#1956=CARTESIAN_POINT('',(0.283060670211304,0.267509282545608,0.56485731273653));
#1957=CARTESIAN_POINT('',(0.250655435723573,0.272323216854607,0.562552278070188));
#1958=CARTESIAN_POINT('',(0.2616880636025,0.272323214119402,0.56255227939426));
#1959=CARTESIAN_POINT('',(0.272636993543886,0.270696396239822,0.56334793598154));
#1960=CARTESIAN_POINT('',(0.283060670211304,0.267509282545608,0.56485731273653));
#1961=CARTESIAN_POINT('',(0.250655435723566,0.272323217074422,0.562552277963706));
#1962=CARTESIAN_POINT('',(0.25191359557025,0.276680381803101,0.571553117675992));
#1963=CARTESIAN_POINT('',(0.251385166315812,0.275235166862683,0.568567655993238));
#1964=CARTESIAN_POINT('',(0.250968353147835,0.273784403338429,0.565570732362982));
#1965=CARTESIAN_POINT('',(0.250655435723567,0.272323217074422,0.562552277963706));
#1966=CARTESIAN_POINT('',(0.25191359557025,0.276680381803101,0.571553117675992));
#1967=CARTESIAN_POINT('',(0.251913595570277,0.276680381733004,0.571553117710051));
#1968=CARTESIAN_POINT('',(0.26523459862739,0.27668037815135,0.571553119443876));
#1969=CARTESIAN_POINT('',(0.27843618172451,0.274349042541171,0.572697641642515));
#1970=CARTESIAN_POINT('',(0.297035597666513,0.267530215617255,0.575898433249362));
#1971=CARTESIAN_POINT('',(0.303037690938418,0.264683851184876,0.57721841065676));
#1972=CARTESIAN_POINT('',(0.319857283991127,0.25466500221883,0.58174223780242));
#1973=CARTESIAN_POINT('',(0.329591657088223,0.246016551431471,0.585510631213219));
#1974=CARTESIAN_POINT('',(0.342026019653321,0.228928174818025,0.592343771818085));
#1975=CARTESIAN_POINT('',(0.345937803435784,0.221441740581211,0.595198087195784));
#1976=CARTESIAN_POINT('',(0.351326227167212,0.205193346234064,0.600996950761269));
#1977=CARTESIAN_POINT('',(0.352648583229358,0.196641983793997,0.603855189196269));
#1978=CARTESIAN_POINT('',(0.352648583290297,0.187878880983159,0.60656947341629));
#1979=CARTESIAN_POINT('',(0.283060670211304,0.,0.));
#1980=CARTESIAN_POINT('',(0.283060670211304,0.,0.));
#1981=CARTESIAN_POINT('',(0.283060670211304,-0.267507855564516,0.564857988534529));
#1982=CARTESIAN_POINT('',(0.361020223403768,0.,0.));
#1983=CARTESIAN_POINT('',(0.361020223181771,-0.15060495388745,0.568001061422319));
#1984=CARTESIAN_POINT('',(0.283060670211304,-0.267507855564516,0.564857988534529));
#1985=CARTESIAN_POINT('',(0.292059800289859,-0.264756305577897,0.566161079313698));
#1986=CARTESIAN_POINT('',(0.300404966935783,-0.260351974167814,0.566889752145698));
#1987=CARTESIAN_POINT('',(0.315085986678911,-0.249092513218396,0.567805373841866));
#1988=CARTESIAN_POINT('',(0.323107996527426,-0.241228198243522,0.56808098264193));
#1989=CARTESIAN_POINT('',(0.338041908788306,-0.218387407439558,0.568489925327222));
#1990=CARTESIAN_POINT('',(0.343514857941344,-0.206475046151636,0.568654626166619));
#1991=CARTESIAN_POINT('',(0.350506029863653,-0.187667187417817,0.568781391709198));
#1992=CARTESIAN_POINT('',(0.352768146565083,-0.180673193794205,0.568791724786802));
#1993=CARTESIAN_POINT('',(0.357004781211656,-0.166286802759152,0.568621925022948));
#1994=CARTESIAN_POINT('',(0.359006857573796,-0.15870733222404,0.568425612264273));
#1995=CARTESIAN_POINT('',(0.36091883071802,-0.151014019665139,0.568022908074651));
#1996=CARTESIAN_POINT('',(0.360970081016851,-0.15080741684599,0.568011952179095));
#1997=CARTESIAN_POINT('',(0.361020223181771,-0.15060495388745,0.568001061422319));
#1998=CARTESIAN_POINT('',(0.446398837177983,-0.162204525252273,0.579228218841144));
#1999=CARTESIAN_POINT('',(0.43902787115786,-0.147151677935366,0.5647005171791));
#2000=CARTESIAN_POINT('',(0.421199406126576,-0.133530652027999,0.553601420362034));
#2001=CARTESIAN_POINT('',(0.370210022330978,-0.132194619938484,0.552556862542469));
#2002=CARTESIAN_POINT('',(0.344000841284585,-0.163991850482667,0.579129472460906));
#2003=CARTESIAN_POINT('',(0.351556983291255,-0.185251225452828,0.603531753681499));
#2004=CARTESIAN_POINT('',(0.352806295927361,-0.188766194568347,0.607566362646202));
#2005=CARTESIAN_POINT('',(0.354808039569137,-0.192062117512597,0.611479382026445));
#2006=CARTESIAN_POINT('',(0.361754174762124,-0.1997538257789,0.620818888143413));
#2007=CARTESIAN_POINT('',(0.367808577565162,-0.20364208387451,0.625762095464197));
#2008=CARTESIAN_POINT('',(0.386158969128731,-0.210593182713104,0.634712102168658));
#2009=CARTESIAN_POINT('',(0.400294551640128,-0.211771383637076,0.636307476457585));
#2010=CARTESIAN_POINT('',(0.4331189856039,-0.206129072134188,0.628926746037852));
#2011=CARTESIAN_POINT('',(0.448766870589807,-0.193676855804376,0.61261679864363));
#2012=CARTESIAN_POINT('',(0.450309094455155,-0.17305030322824,0.589952527082193));
#2013=CARTESIAN_POINT('',(0.449010274746899,-0.167537553636233,0.584375194937178));
#2014=CARTESIAN_POINT('',(0.446398837177983,-0.162204525252273,0.579228218841144));
#2015=CARTESIAN_POINT('',(0.445113469516597,-0.187049223506553,0.568255348547139));
#2016=CARTESIAN_POINT('',(0.436556018438091,-0.173669788102896,0.554833302233878));
#2017=CARTESIAN_POINT('',(0.418449331041536,-0.162365302702964,0.54650338506462));
#2018=CARTESIAN_POINT('',(0.374074055506854,-0.161283330127709,0.545809129707362));
#2019=CARTESIAN_POINT('',(0.344977562408984,-0.187953126679349,0.566587821702993));
#2020=CARTESIAN_POINT('',(0.35062204639859,-0.208335598202355,0.592619361103733));
#2021=CARTESIAN_POINT('',(0.351555290528502,-0.21170558240941,0.596923347328702));
#2022=CARTESIAN_POINT('',(0.35332778114766,-0.214911365285792,0.601177555568005));
#2023=CARTESIAN_POINT('',(0.359956321281614,-0.222464011548658,0.611444828934844));
#2024=CARTESIAN_POINT('',(0.366097287069546,-0.226358057729024,0.616996922340466));
#2025=CARTESIAN_POINT('',(0.385212336701435,-0.233356937887699,0.627099687121562));
#2026=CARTESIAN_POINT('',(0.400354295402563,-0.234569530521855,0.628936738316606));
#2027=CARTESIAN_POINT('',(0.435084704711821,-0.228849593577153,0.620551986905991));
#2028=CARTESIAN_POINT('',(0.450675272722872,-0.216203689960709,0.60193417723038));
#2029=CARTESIAN_POINT('',(0.44997844378876,-0.196789990295338,0.578405022506355));
#2030=CARTESIAN_POINT('',(0.448145263338405,-0.191789383774366,0.573010605307038));
#2031=CARTESIAN_POINT('',(0.445113469516597,-0.187049223506553,0.568255348547139));
#2032=CARTESIAN_POINT('',(0.454524418054758,-0.210612903125732,0.553264411774182));
#2033=CARTESIAN_POINT('',(0.443821330847119,-0.197693682203195,0.53631493795876));
#2034=CARTESIAN_POINT('',(0.42170359838923,-0.187649009900041,0.525966713882585));
#2035=CARTESIAN_POINT('',(0.36950083431334,-0.186721692379813,0.525126576343373));
#2036=CARTESIAN_POINT('',(0.333328926418105,-0.210754327767388,0.551059367783426));
#2037=CARTESIAN_POINT('',(0.339766913257681,-0.232035144296113,0.584192960540494));
#2038=CARTESIAN_POINT('',(0.34083135306078,-0.235553658502504,0.589671181579012));
#2039=CARTESIAN_POINT('',(0.342937079276499,-0.238944785153842,0.595085718814763));
#2040=CARTESIAN_POINT('',(0.350929531327712,-0.247000481476789,0.608149300986069));
#2041=CARTESIAN_POINT('',(0.358416685630912,-0.25122397460736,0.615209074715407));
#2042=CARTESIAN_POINT('',(0.38182187674086,-0.25884789409666,0.628050748439034));
#2043=CARTESIAN_POINT('',(0.4004428777112,-0.260191996540736,0.630383354342189));
#2044=CARTESIAN_POINT('',(0.443072276809251,-0.253926946027804,0.619729155990237));
#2045=CARTESIAN_POINT('',(0.462035800004706,-0.240046298320822,0.596044839379668));
#2046=CARTESIAN_POINT('',(0.460675589571044,-0.220127938933727,0.566102953020285));
#2047=CARTESIAN_POINT('',(0.458316382901848,-0.215190015377522,0.559269390304011));
#2048=CARTESIAN_POINT('',(0.454524418054758,-0.210612903125732,0.553264411774182));
#2049=CARTESIAN_POINT('',(0.489125019398227,-0.240817201559951,0.524397294154511));
#2050=CARTESIAN_POINT('',(0.473184326664358,-0.22489679574165,0.494049854313566));
#2051=CARTESIAN_POINT('',(0.437904166073556,-0.213166140980477,0.472594653683878));
#2052=CARTESIAN_POINT('',(0.346735406753065,-0.212101083200472,0.470686487529472));
#2053=CARTESIAN_POINT('',(0.29166910332375,-0.240418534684218,0.522878275650322));
#2054=CARTESIAN_POINT('',(0.304077911876346,-0.267867078262481,0.576862310866183));
#2055=CARTESIAN_POINT('',(0.306129551629819,-0.272405348229448,0.585787889194858));
#2056=CARTESIAN_POINT('',(0.309763197736067,-0.276814344721865,0.594499199177355));
#2057=CARTESIAN_POINT('',(0.322963281527729,-0.287342247769046,0.615358828228557));
#2058=CARTESIAN_POINT('',(0.334917666067131,-0.292918786835353,0.62646894601695));
#2059=CARTESIAN_POINT('',(0.371760934030481,-0.303012818833079,0.646606742558809));
#2060=CARTESIAN_POINT('',(0.400648916897459,-0.304811479186575,0.650214450902261));
#2061=CARTESIAN_POINT('',(0.467206812091391,-0.296488384474797,0.633581059220253));
#2062=CARTESIAN_POINT('',(0.497776622425612,-0.278041545560868,0.596687191531211));
#2063=CARTESIAN_POINT('',(0.497992704083935,-0.252623882337982,0.547016849627783));
#2064=CARTESIAN_POINT('',(0.49477259988715,-0.246457594658059,0.53514899811091));
#2065=CARTESIAN_POINT('',(0.489125019398227,-0.240817201559951,0.524397294154511));
#2066=CARTESIAN_POINT('',(0.514072597986567,-0.24723988083258,0.51073954588082));
#2067=CARTESIAN_POINT('',(0.495044659083832,-0.227841278954776,0.470666668494003));
#2068=CARTESIAN_POINT('',(0.450685387056839,-0.213141150207659,0.440299733717624));
#2069=CARTESIAN_POINT('',(0.328775163398494,-0.211780737891709,0.437489525515817));
#2070=CARTESIAN_POINT('',(0.261934697951194,-0.247071695863048,0.51039228028395));
#2071=CARTESIAN_POINT('',(0.279443713635678,-0.279798996467419,0.577999074693609));
#2072=CARTESIAN_POINT('',(0.282338608215622,-0.28521004223053,0.589177004180376));
#2073=CARTESIAN_POINT('',(0.287152838013629,-0.290452725321068,0.600007135245628));
#2074=CARTESIAN_POINT('',(0.30415829343036,-0.302952118165096,0.62582789181144));
#2075=CARTESIAN_POINT('',(0.3192083043088,-0.309553039751627,0.639463813334436));
#2076=CARTESIAN_POINT('',(0.365132950229153,-0.321493403276458,0.664129729649224));
#2077=CARTESIAN_POINT('',(0.400766284804422,-0.323615211303012,0.668512856270196));
#2078=CARTESIAN_POINT('',(0.483245845311138,-0.313778332002625,0.648192153448393));
#2079=CARTESIAN_POINT('',(0.521978229814651,-0.291998906989302,0.603201025010622));
#2080=CARTESIAN_POINT('',(0.524375730468854,-0.261574975462427,0.540352429355891));
#2081=CARTESIAN_POINT('',(0.520813949713596,-0.254112553639622,0.524936846101277));
#2082=CARTESIAN_POINT('',(0.514072597986567,-0.24723988083258,0.51073954588082));
#2083=CARTESIAN_POINT('',(0.539196483110347,-0.243069288619213,0.502124079614267));
#2084=CARTESIAN_POINT('',(0.517083585049977,-0.219154187364456,0.452721192574496));
#2085=CARTESIAN_POINT('',(0.463598189956126,-0.200341350847436,0.413858389343662));
#2086=CARTESIAN_POINT('',(0.310630038569329,-0.198564629717463,0.410188206577294));
#2087=CARTESIAN_POINT('',(0.232002495430153,-0.243420924354011,0.502850675661711));
#2088=CARTESIAN_POINT('',(0.254670921450162,-0.282525310907263,0.583631006947461));
#2089=CARTESIAN_POINT('',(0.258418859358478,-0.288990727280459,0.596987014356396));
#2090=CARTESIAN_POINT('',(0.264424090283807,-0.295227092023816,0.609869854196669));
#2091=CARTESIAN_POINT('',(0.285262495862768,-0.310056069494301,0.640502975081239));
#2092=CARTESIAN_POINT('',(0.303425704271881,-0.317846137908433,0.656595388607215));
#2093=CARTESIAN_POINT('',(0.358476878962589,-0.331919908396241,0.685668409473736));
#2094=CARTESIAN_POINT('',(0.400883626496781,-0.334408139643335,0.690808474750119));
#2095=CARTESIAN_POINT('',(0.499356928388097,-0.322832398825021,0.666895687879317));
#2096=CARTESIAN_POINT('',(0.546300583345819,-0.297234198180698,0.614015873447362));
#2097=CARTESIAN_POINT('',(0.550927254941862,-0.260655341074761,0.53845266649141));
#2098=CARTESIAN_POINT('',(0.547030795817093,-0.251542098521008,0.51962688112988));
#2099=CARTESIAN_POINT('',(0.539196483110347,-0.243069288619213,0.502124079614267));
#2100=CARTESIAN_POINT('',(0.250655391997386,-0.272321790872271,0.5625529681439));
#2101=CARTESIAN_POINT('',(0.250958380745969,-0.273747274707421,0.565497677930857));
#2102=CARTESIAN_POINT('',(0.251453609120853,-0.275256397794266,0.568615166359517));
#2103=CARTESIAN_POINT('',(0.25191356112897,-0.27667894633061,0.571553812416075));
#2104=CARTESIAN_POINT('',(0.251913561108679,-0.276678946332018,0.571553812418985));
#2105=CARTESIAN_POINT('',(0.250655391997386,-0.272321790872271,0.5625529681439));
#2106=CARTESIAN_POINT('',(0.283060670211304,-0.267507855564516,0.564857988534529));
#2107=CARTESIAN_POINT('',(0.279262431794957,-0.268669194802025,0.564307996544834));
#2108=CARTESIAN_POINT('',(0.27538855729725,-0.269624870397836,0.563851143986968));
#2109=CARTESIAN_POINT('',(0.264619039472863,-0.271668024359225,0.562870817169952));
#2110=CARTESIAN_POINT('',(0.257646558776297,-0.272321792636852,0.562552967510662));
#2111=CARTESIAN_POINT('',(0.25065539203422,-0.272321790869213,0.562552968366344));
#2112=CARTESIAN_POINT('',(0.361020223230782,-0.150604954020739,0.568001061323861));
#2113=CARTESIAN_POINT('',(0.360262549575775,-0.151543557628874,0.568925609230187));
#2114=CARTESIAN_POINT('',(0.359325870958697,-0.152547079778482,0.569763605613627));
#2115=CARTESIAN_POINT('',(0.35856242134794,-0.153529201709923,0.570670197174984));
#2116=CARTESIAN_POINT('',(0.35264858333664,-0.187877392570322,0.60656993443541));
#2117=CARTESIAN_POINT('',(0.352648583210914,-0.199325672008667,0.603023974162429));
#2118=CARTESIAN_POINT('',(0.350391839715183,-0.21031997834923,0.599259926158898));
#2119=CARTESIAN_POINT('',(0.341318404132375,-0.230737936663815,0.591692639000675));
#2120=CARTESIAN_POINT('',(0.334801378211682,-0.239794336446867,0.588042788979398));
#2121=CARTESIAN_POINT('',(0.31774615970603,-0.256269970831725,0.581068570616849));
#2122=CARTESIAN_POINT('',(0.306880502290057,-0.26326040626713,0.577882930549271));
#2123=CARTESIAN_POINT('',(0.288214879339106,-0.270982016365866,0.574284905353127));
#2124=CARTESIAN_POINT('',(0.281183323688166,-0.273100917935771,0.573274266567647));
#2125=CARTESIAN_POINT('',(0.266722660736713,-0.275955511854085,0.571905648093602));
#2126=CARTESIAN_POINT('',(0.259329110832332,-0.276678948270519,0.571553811625747));
#2127=CARTESIAN_POINT('',(0.2519135611503,-0.276678946386718,0.571553812537661));
#2128=CARTESIAN_POINT('',(0.,0.,0.));
#2129=CARTESIAN_POINT('',(0.193023001245234,-0.134026337066036,0.62069472446015));
#2130=CARTESIAN_POINT('',(0.193023001245234,-0.134026337066036,0.62069472446015));
#2131=CARTESIAN_POINT('',(0.145491517171147,-0.134026350446927,0.62069472157082));
#2132=CARTESIAN_POINT('',(0.145493386847341,-4.37649916307237E-13,5.5836446577473E-12));
#2133=CARTESIAN_POINT('',(0.145491568523479,0.120672171429602,0.62342860621122));
#2134=CARTESIAN_POINT('',(0.145491568523479,0.120672171429602,0.62342860621122));
#2135=CARTESIAN_POINT('',(0.193023050813946,0.120672120333385,0.623428616101511));
#2136=CARTESIAN_POINT('',(0.193025293011103,-5.38680211548126E-13,8.44690983825558E-12));
#2137=CARTESIAN_POINT('',(3.63554582464898,0.276679512632677,0.571553538427805));
#2138=CARTESIAN_POINT('',(0.0185543762832567,0.276680448608881,0.571553085336426));
#2139=CARTESIAN_POINT('',(0.0185560912089707,-4.84223772190262E-13,5.96001026309523E-12));
#2140=CARTESIAN_POINT('',(0.0185542288915697,-0.276678879284236,0.571553845020764));
#2141=CARTESIAN_POINT('',(0.0185542288915697,-0.276678879284236,0.571553845020763));
#2142=CARTESIAN_POINT('',(1.82705010046612,0.272322815571633,0.562552472324917));
#2143=CARTESIAN_POINT('',(1.82705010046612,0.272322815571633,0.562552472324917));
#2144=CARTESIAN_POINT('',(0.0185543762832567,0.272323276189843,0.562552249346876));
#2145=CARTESIAN_POINT('',(0.0185543762832567,0.276680448608881,0.571553085336426));
#2146=CARTESIAN_POINT('',(0.524312738022476,0.,0.));
#2147=CARTESIAN_POINT('',(0.524312738022476,0.,0.));
#2148=CARTESIAN_POINT('',(0.524312738022476,-0.274172028714108,0.572760594551327));
#2149=CARTESIAN_POINT('',(0.524312738022476,0.274173311682687,0.572759980411471));
#2150=CARTESIAN_POINT('',(0.524312738022476,0.274173311682687,0.572759980411471));
#2151=CARTESIAN_POINT('',(0.515260989350587,0.272239839984704,0.573685510051478));
#2152=CARTESIAN_POINT('',(0.506716992420333,0.268670009623872,0.574025845956656));
#2153=CARTESIAN_POINT('',(0.489965213178543,0.257884585884148,0.574130849912187));
#2154=CARTESIAN_POINT('',(0.482369009350698,0.250507091382674,0.57382816242829));
#2155=CARTESIAN_POINT('',(0.467217353766057,0.230652583403191,0.573110752100947));
#2156=CARTESIAN_POINT('',(0.460762706390507,0.217525875662336,0.572733922444857));
#2157=CARTESIAN_POINT('',(0.452776889362924,0.196374675987744,0.572279356204696));
#2158=CARTESIAN_POINT('',(0.450258983444774,0.188376934389497,0.572120604603363));
#2159=CARTESIAN_POINT('',(0.445634694745718,0.171780419914077,0.571639106924109));
#2160=CARTESIAN_POINT('',(0.443501269387117,0.162891268494128,0.571291648167762));
#2161=CARTESIAN_POINT('',(0.441528067360454,0.153942423312186,0.570697514770637));
#2162=CARTESIAN_POINT('',(0.44148232522667,0.153734508852162,0.570683584893802));
#2163=CARTESIAN_POINT('',(0.441437578652275,0.153530711048038,0.5706697911112));
#2164=CARTESIAN_POINT('',(0.441437578652275,0.153530711048038,0.5706697911112));
#2165=CARTESIAN_POINT('',(0.441437579340825,0.,0.));
#2166=CARTESIAN_POINT('',(0.441437579343273,-0.153529278662503,0.570670177428111));
#2167=CARTESIAN_POINT('',(0.441437579343273,-0.153529278662503,0.570670177428111));
#2168=CARTESIAN_POINT('',(0.441482601247463,-0.153734331121795,0.570684056408957));
#2169=CARTESIAN_POINT('',(0.441527714810313,-0.153939371029106,0.570697800343023));
#2170=CARTESIAN_POINT('',(0.445201313897153,-0.170600321567811,0.571803862212573));
#2171=CARTESIAN_POINT('',(0.449664778991661,-0.188130891828674,0.572102659552832));
#2172=CARTESIAN_POINT('',(0.460763146026137,-0.217525483767715,0.57273444272407));
#2173=CARTESIAN_POINT('',(0.467217722797927,-0.23065184675317,0.573111294760264));
#2174=CARTESIAN_POINT('',(0.482369166243981,-0.250505951806882,0.57382872996835));
#2175=CARTESIAN_POINT('',(0.489965281799055,-0.257883334775913,0.574131425129732));
#2176=CARTESIAN_POINT('',(0.506716951635664,-0.268668709227599,0.574026448166422));
#2177=CARTESIAN_POINT('',(0.515260967301333,-0.272238552058561,0.573686121241127));
#2178=CARTESIAN_POINT('',(0.524312738022476,-0.274172028714108,0.572760594551327));
#2179=CARTESIAN_POINT('',(0.353408899619012,-0.162086699364822,0.578907161227284));
#2180=CARTESIAN_POINT('',(0.345916816152789,-0.179240931965027,0.596078393800751));
#2181=CARTESIAN_POINT('',(0.353842745787164,-0.197632047461353,0.618058351983604));
#2182=CARTESIAN_POINT('',(0.386473941347078,-0.211156231125239,0.635415674074931));
#2183=CARTESIAN_POINT('',(0.403891267783577,-0.212179499926422,0.636817494482846));
#2184=CARTESIAN_POINT('',(0.433217230782879,-0.204610797253762,0.626973551660064));
#2185=CARTESIAN_POINT('',(0.444606869073712,-0.196044341961688,0.615920387810452));
#2186=CARTESIAN_POINT('',(0.448443006722269,-0.185251330446451,0.603531762329372));
#2187=CARTESIAN_POINT('',(0.449692323214208,-0.181736366042413,0.59949715368289));
#2188=CARTESIAN_POINT('',(0.450196419052207,-0.177980838926339,0.595317905855904));
#2189=CARTESIAN_POINT('',(0.449505270670159,-0.167969107268967,0.584606707326993));
#2190=CARTESIAN_POINT('',(0.447076643931213,-0.161505608492093,0.578132893898881));
#2191=CARTESIAN_POINT('',(0.436285174989652,-0.146020896194209,0.563617153732317));
#2192=CARTESIAN_POINT('',(0.425032604704215,-0.137759810049672,0.556948658644891));
#2193=CARTESIAN_POINT('',(0.392085544665638,-0.12940039722232,0.5503275079668));
#2194=CARTESIAN_POINT('',(0.368851644317117,-0.139489646081436,0.557601077024443));
#2195=CARTESIAN_POINT('',(0.355964841549182,-0.157035151115172,0.573928848419297));
#2196=CARTESIAN_POINT('',(0.354517946071473,-0.159547373569037,0.576365318940576));
#2197=CARTESIAN_POINT('',(0.353408899619012,-0.162086699364822,0.578907161227284));
#2198=CARTESIAN_POINT('',(0.355076242502454,-0.186838643353928,0.567654168705691));
#2199=CARTESIAN_POINT('',(0.345937413425764,-0.202340250200382,0.58415226560567));
#2200=CARTESIAN_POINT('',(0.351622063331971,-0.220318347666863,0.608317111869026));
#2201=CARTESIAN_POINT('',(0.385495663986285,-0.233916657283395,0.627883874389954));
#2202=CARTESIAN_POINT('',(0.404228907345148,-0.234975283338322,0.629505401270422));
#2203=CARTESIAN_POINT('',(0.435089798989639,-0.227321428197972,0.618347885209143));
#2204=CARTESIAN_POINT('',(0.44651231845559,-0.218683521632808,0.605835154308451));
#2205=CARTESIAN_POINT('',(0.449377944179147,-0.208335695655244,0.592619378527574));
#2206=CARTESIAN_POINT('',(0.450311193661868,-0.204965715004435,0.588315391510054));
#2207=CARTESIAN_POINT('',(0.450410286840616,-0.201411473578342,0.583938042294691));
#2208=CARTESIAN_POINT('',(0.448573907649547,-0.192094173244224,0.573022223340867));
#2209=CARTESIAN_POINT('',(0.445340184310509,-0.186241217188583,0.566750157246368));
#2210=CARTESIAN_POINT('',(0.433175182602134,-0.172620886777598,0.553634691604574));
#2211=CARTESIAN_POINT('',(0.422088602714417,-0.165810573300299,0.548794974610518));
#2212=CARTESIAN_POINT('',(0.392817354934895,-0.158998135955094,0.544254000522666));
#2213=CARTESIAN_POINT('',(0.372471116626007,-0.166919418641868,0.548308999982703));
#2214=CARTESIAN_POINT('',(0.358106689210238,-0.182303531595456,0.562937770029515));
#2215=CARTESIAN_POINT('',(0.356429055243108,-0.184543954278717,0.56521197009408));
#2216=CARTESIAN_POINT('',(0.355076242502454,-0.186838643353928,0.567654168705691));
#2217=CARTESIAN_POINT('',(0.345795307830547,-0.210285833387808,0.552445463711364));
#2218=CARTESIAN_POINT('',(0.33427931962464,-0.225534116792472,0.573352802948495));
#2219=CARTESIAN_POINT('',(0.340706902804748,-0.244655190010325,0.604175100122752));
#2220=CARTESIAN_POINT('',(0.382160013234771,-0.259451224868678,0.629048166471779));
#2221=CARTESIAN_POINT('',(0.405211784864305,-0.260629433059953,0.631106705182899));
#2222=CARTESIAN_POINT('',(0.443059836852144,-0.252262772739676,0.616927418135518));
#2223=CARTESIAN_POINT('',(0.456964589056327,-0.242839139984628,0.601014360403542));
#2224=CARTESIAN_POINT('',(0.46023306731518,-0.232035236546093,0.584192992046679));
#2225=CARTESIAN_POINT('',(0.461297513945208,-0.228516724965011,0.578714770243792));
#2226=CARTESIAN_POINT('',(0.461326291987339,-0.224850437425501,0.573142830482596));
#2227=CARTESIAN_POINT('',(0.45882631745061,-0.215396438055466,0.559257697281473));
#2228=CARTESIAN_POINT('',(0.454697969541328,-0.20962203051863,0.551290713454456));
#2229=CARTESIAN_POINT('',(0.439550109528537,-0.196617597073716,0.534721625583613));
#2230=CARTESIAN_POINT('',(0.42608477443136,-0.190627268283614,0.528755495792203));
#2231=CARTESIAN_POINT('',(0.391453341715486,-0.184735203902333,0.523227495880672));
#2232=CARTESIAN_POINT('',(0.367450386725487,-0.191222219710279,0.528005305618153));
#2233=CARTESIAN_POINT('',(0.34959790143361,-0.205856316687206,0.546472936726286));
#2234=CARTESIAN_POINT('',(0.347500009322986,-0.208028643556393,0.549350568877919));
#2235=CARTESIAN_POINT('',(0.345795307830547,-0.210285833387808,0.552445463711364));
#2236=CARTESIAN_POINT('',(0.310978621877754,-0.240346333624516,0.52337057742453));
#2237=CARTESIAN_POINT('',(0.294224421091787,-0.259331589751889,0.559850995025819));
#2238=CARTESIAN_POINT('',(0.306966003256578,-0.284230173980401,0.609143590610652));
#2239=CARTESIAN_POINT('',(0.37233875648672,-0.303806414061734,0.648184660133743));
#2240=CARTESIAN_POINT('',(0.408025760630218,-0.305386883805799,0.651358600726305));
#2241=CARTESIAN_POINT('',(0.467286056252287,-0.294285433399258,0.629186503904679));
#2242=CARTESIAN_POINT('',(0.489622265970554,-0.281802332763876,0.604269151675952));
#2243=CARTESIAN_POINT('',(0.495922037395896,-0.267867177295904,0.576862370095192));
#2244=CARTESIAN_POINT('',(0.497973686491461,-0.263328909606158,0.567936792507361));
#2245=CARTESIAN_POINT('',(0.49845467076128,-0.258635529367299,0.558746638870046));
#2246=CARTESIAN_POINT('',(0.495663333264858,-0.246652781046844,0.535429462741481));
#2247=CARTESIAN_POINT('',(0.489888533709089,-0.239461032685075,0.521592550856633));
#2248=CARTESIAN_POINT('',(0.467001074625594,-0.22357035723756,0.491455232035918));
#2249=CARTESIAN_POINT('',(0.445162067612505,-0.216603158927578,0.478784142929445));
#2250=CARTESIAN_POINT('',(0.385456287733188,-0.209801532119367,0.466531843549103));
#2251=CARTESIAN_POINT('',(0.343711030189389,-0.217012341246611,0.479068956075848));
#2252=CARTESIAN_POINT('',(0.316585170574588,-0.234855168961746,0.512850998233609));
#2253=CARTESIAN_POINT('',(0.313458731319843,-0.237535963044415,0.517970413650672));
#2254=CARTESIAN_POINT('',(0.310978621877754,-0.240346333624516,0.52337057742453));
#2255=CARTESIAN_POINT('',(0.285694820657586,-0.246743614002568,0.509714525825323));
#2256=CARTESIAN_POINT('',(0.266074217005201,-0.269735132621153,0.557209538405133));
#2257=CARTESIAN_POINT('',(0.284301502314848,-0.299272533363617,0.618226759219104));
#2258=CARTESIAN_POINT('',(0.365893564693995,-0.322433785573498,0.666072334934434));
#2259=CARTESIAN_POINT('',(0.409846384286849,-0.324296995900049,0.669921254890451));
#2260=CARTESIAN_POINT('',(0.483431937230156,-0.311172334700217,0.642808783774119));
#2261=CARTESIAN_POINT('',(0.51166715102559,-0.296414197278891,0.612321969540766));
#2262=CARTESIAN_POINT('',(0.520556214840786,-0.279799107775393,0.577999147341272));
#2263=CARTESIAN_POINT('',(0.523451119831068,-0.274388064889702,0.566821220021634));
#2264=CARTESIAN_POINT('',(0.524443139389681,-0.268777685994099,0.555231513238275));
#2265=CARTESIAN_POINT('',(0.522000622764114,-0.254396421011055,0.525523247685678));
#2266=CARTESIAN_POINT('',(0.515465765015846,-0.245703297698367,0.50756533030472));
#2267=CARTESIAN_POINT('',(0.487836466176934,-0.2262926277304,0.467467528729863));
#2268=CARTESIAN_POINT('',(0.460056228013853,-0.217512931619533,0.449330786432949));
#2269=CARTESIAN_POINT('',(0.380877136729638,-0.208863641074538,0.431463464495941));
#2270=CARTESIAN_POINT('',(0.325222545118739,-0.218257827385939,0.450869651574178));
#2271=CARTESIAN_POINT('',(0.292333007993804,-0.240080223306957,0.495949543857968));
#2272=CARTESIAN_POINT('',(0.288599241166771,-0.24334019994884,0.502683881352565));
#2273=CARTESIAN_POINT('',(0.285694820657586,-0.246743614002568,0.509714525825323));
#2274=CARTESIAN_POINT('',(0.260226670433432,-0.242572268948395,0.501097537372397));
#2275=CARTESIAN_POINT('',(0.237750420034763,-0.270686064465221,0.55917395551411));
#2276=CARTESIAN_POINT('',(0.261528208937888,-0.3057231289293,0.631552167671689));
#2277=CARTESIAN_POINT('',(0.359421795617629,-0.333031815150293,0.687965343301528));
#2278=CARTESIAN_POINT('',(0.411673774927128,-0.335214210331086,0.692473617707326));
#2279=CARTESIAN_POINT('',(0.499651663925035,-0.319760549150923,0.660549978122702));
#2280=CARTESIAN_POINT('',(0.533820578797532,-0.30237806749877,0.624641890082669));
#2281=CARTESIAN_POINT('',(0.545328991743205,-0.282525442501398,0.583631089180788));
#2282=CARTESIAN_POINT('',(0.549076941219021,-0.276060030128405,0.570275085145429));
#2283=CARTESIAN_POINT('',(0.550589228733016,-0.269328216564066,0.556368761176744));
#2284=CARTESIAN_POINT('',(0.548515783586872,-0.251965972810945,0.520502503456926));
#2285=CARTESIAN_POINT('',(0.541229903370035,-0.241356771305915,0.498586425522496));
#2286=CARTESIAN_POINT('',(0.508855496545353,-0.217327130624079,0.448946934009206));
#2287=CARTESIAN_POINT('',(0.47509778568904,-0.206024767685753,0.425598966966698));
#2288=CARTESIAN_POINT('',(0.376256605573311,-0.194783608025334,0.402377473771535));
#2289=CARTESIAN_POINT('',(0.306554904527749,-0.207340546542673,0.428317162551081));
#2290=CARTESIAN_POINT('',(0.267894496223942,-0.234400655598379,0.484216926060538));
#2291=CARTESIAN_POINT('',(0.263553809790816,-0.23841060880089,0.492500536844825));
#2292=CARTESIAN_POINT('',(0.260226670433432,-0.242572268948395,0.501097537372397));
#2293=CARTESIAN_POINT('',(0.441437579342748,-0.153529278664035,0.570670177426893));
#2294=CARTESIAN_POINT('',(0.440660062715175,-0.152534172147942,0.569753000556894));
#2295=CARTESIAN_POINT('',(0.439847597573062,-0.151562201575505,0.568864836887424));
#2296=CARTESIAN_POINT('',(0.4389797761898,-0.150605026906146,0.568001041163579));
#2297=CARTESIAN_POINT('',(0.4389797761898,-0.150605026906146,0.568001041163579));
#2298=CARTESIAN_POINT('',(0.516939329788696,-0.267507931656895,0.564857952498369));
#2299=CARTESIAN_POINT('',(0.507940182376354,-0.264756376340874,0.566161046255256));
#2300=CARTESIAN_POINT('',(0.49959500113674,-0.260352033511208,0.566889719971611));
#2301=CARTESIAN_POINT('',(0.484914236859454,-0.24909275432898,0.567805325386766));
#2302=CARTESIAN_POINT('',(0.476892665728567,-0.241228888700214,0.568080928411157));
#2303=CARTESIAN_POINT('',(0.461958958009608,-0.218389168857361,0.568489873402241));
#2304=CARTESIAN_POINT('',(0.456485857632128,-0.206476795444987,0.568654574185291));
#2305=CARTESIAN_POINT('',(0.4494944834001,-0.187668797013915,0.568781360515923));
#2306=CARTESIAN_POINT('',(0.447232276020184,-0.180674631049273,0.568791703849017));
#2307=CARTESIAN_POINT('',(0.44299639425138,-0.166290958370845,0.5686219616355));
#2308=CARTESIAN_POINT('',(0.440997558242227,-0.158725355978289,0.568426480338771));
#2309=CARTESIAN_POINT('',(0.43908081686649,-0.151012659961476,0.568022818155958));
#2310=CARTESIAN_POINT('',(0.439030216390655,-0.150808693756807,0.568011996498914));
#2311=CARTESIAN_POINT('',(0.4389797761898,-0.150605026906146,0.568001041163579));
#2312=CARTESIAN_POINT('',(0.516939329788696,-0.267507931656895,0.564857952498369));
#2313=CARTESIAN_POINT('',(0.549344552158579,-0.272321867154656,0.562552931437924));
#2314=CARTESIAN_POINT('',(0.53831192866537,-0.272321864406863,0.562552932768082));
#2315=CARTESIAN_POINT('',(0.527363002846961,-0.270695046135829,0.563348584703435));
#2316=CARTESIAN_POINT('',(0.516939329788696,-0.267507931656895,0.564857952498369));
#2317=CARTESIAN_POINT('',(0.549344552158592,-0.272321867374468,0.562552931331382));
#2318=CARTESIAN_POINT('',(0.548086383999983,-0.276679022160694,0.571553775856646));
#2319=CARTESIAN_POINT('',(0.548614816042461,-0.275233810425897,0.568568312386782));
#2320=CARTESIAN_POINT('',(0.549031631911228,-0.273783050346185,0.565571387431019));
#2321=CARTESIAN_POINT('',(0.549344552158591,-0.272321867374468,0.562552931331382));
#2322=CARTESIAN_POINT('',(0.548086383999983,-0.276679022160694,0.571553775856646));
#2323=CARTESIAN_POINT('',(0.548086383999947,-0.276679022090646,0.571553775890741));
#2324=CARTESIAN_POINT('',(0.534765378554022,-0.276679018493833,0.571553777631894));
#2325=CARTESIAN_POINT('',(0.521563792719545,-0.274347679888465,0.572698294422734));
#2326=CARTESIAN_POINT('',(0.502964374759833,-0.267528844575121,0.575899070156797));
#2327=CARTESIAN_POINT('',(0.496962281506292,-0.264682477041385,0.577219040769397));
#2328=CARTESIAN_POINT('',(0.480142692371089,-0.254663619254807,0.581742843183002));
#2329=CARTESIAN_POINT('',(0.470408322467957,-0.246015162297837,0.585511214843806));
#2330=CARTESIAN_POINT('',(0.457973968465377,-0.22892677617108,0.592344312304119));
#2331=CARTESIAN_POINT('',(0.454062189256073,-0.221440340633771,0.595198607957287));
#2332=CARTESIAN_POINT('',(0.448673770815944,-0.205191940170927,0.60099743078897));
#2333=CARTESIAN_POINT('',(0.44735141677064,-0.196640573329514,0.603855648462));
#2334=CARTESIAN_POINT('',(0.447351416709691,-0.187877466839543,0.60656991143145));
#2335=CARTESIAN_POINT('',(0.516939329788696,0.,0.));
#2336=CARTESIAN_POINT('',(0.516939329788696,0.,0.));
#2337=CARTESIAN_POINT('',(0.516939329788696,0.267509206792106,0.564857348612425));
#2338=CARTESIAN_POINT('',(0.438979776596232,0.,0.));
#2339=CARTESIAN_POINT('',(0.438979776818538,0.15060647344282,0.568000658511841));
#2340=CARTESIAN_POINT('',(0.516939329788696,0.267509206792106,0.564857348612425));
#2341=CARTESIAN_POINT('',(0.507940193090426,0.264757656411417,0.56616044763662));
#2342=CARTESIAN_POINT('',(0.499595020211511,0.260353322206813,0.566889131132214));
#2343=CARTESIAN_POINT('',(0.484913990468798,0.249093853930681,0.567804777715391));
#2344=CARTESIAN_POINT('',(0.476891974564429,0.241229533353241,0.568080403200552));
#2345=CARTESIAN_POINT('',(0.461958066664315,0.218388749599221,0.568489391124674));
#2346=CARTESIAN_POINT('',(0.456485122477574,0.206476410187224,0.568654114594732));
#2347=CARTESIAN_POINT('',(0.449493956502057,0.187668590598867,0.568780915196407));
#2348=CARTESIAN_POINT('',(0.447231842549854,0.180674617005125,0.568791261280047));
#2349=CARTESIAN_POINT('',(0.442995213505142,0.166288270621886,0.568621489168399));
#2350=CARTESIAN_POINT('',(0.440993140154729,0.158708826997481,0.568425191676562));
#2351=CARTESIAN_POINT('',(0.439081169288196,0.151015538456346,0.568022504296075));
#2352=CARTESIAN_POINT('',(0.439029919019345,0.150808936157276,0.568011548845632));
#2353=CARTESIAN_POINT('',(0.438979776818538,0.15060647344282,0.568000658511841));
#2354=CARTESIAN_POINT('',(0.3536011318005,0.162206082173244,0.579227884332356));
#2355=CARTESIAN_POINT('',(0.360972039456359,0.147153315468585,0.564700223644033));
#2356=CARTESIAN_POINT('',(0.378800384783647,0.133532351786811,0.553601126899397));
#2357=CARTESIAN_POINT('',(0.429789697296547,0.132196049716284,0.552556354975933));
#2358=CARTESIAN_POINT('',(0.455999066526853,0.163993081811713,0.579128811391673));
#2359=CARTESIAN_POINT('',(0.448443083001015,0.185252459079532,0.603531103682746));
#2360=CARTESIAN_POINT('',(0.447193796597751,0.188767428490426,0.607565714380805));
#2361=CARTESIAN_POINT('',(0.44519207839581,0.192063354936403,0.611478739069934));
#2362=CARTESIAN_POINT('',(0.438246004368926,0.199755079334659,0.620818267850122));
#2363=CARTESIAN_POINT('',(0.432191634590931,0.203643354412396,0.625761498126369));
#2364=CARTESIAN_POINT('',(0.413841304030597,0.210594509646693,0.634711581351549));
#2365=CARTESIAN_POINT('',(0.399705735876273,0.211772757851863,0.636307020438354));
#2366=CARTESIAN_POINT('',(0.366881255919492,0.206130573385874,0.628926449060639));
#2367=CARTESIAN_POINT('',(0.351233261181174,0.193678441348358,0.612616584001933));
#2368=CARTESIAN_POINT('',(0.349690879008113,0.173051924538384,0.589952283674211));
#2369=CARTESIAN_POINT('',(0.350989685582809,0.167539141887458,0.584374903712833));
#2370=CARTESIAN_POINT('',(0.3536011318005,0.162206082173244,0.579227884332356));
#2371=CARTESIAN_POINT('',(0.35488648108962,0.187050753307259,0.568254984000888));
#2372=CARTESIAN_POINT('',(0.363443868816335,0.173671380933222,0.554832957748506));
#2373=CARTESIAN_POINT('',(0.381550459231355,0.162366932875307,0.546502987205559));
#2374=CARTESIAN_POINT('',(0.425925739664887,0.161284741118437,0.545808585962279));
#2375=CARTESIAN_POINT('',(0.455022317761187,0.187954359707052,0.566587143980749));
#2376=CARTESIAN_POINT('',(0.449377995725643,0.208336831510257,0.592618667343726));
#2377=CARTESIAN_POINT('',(0.448444778395227,0.211706815682611,0.596922650813568));
#2378=CARTESIAN_POINT('',(0.446672315138383,0.214912601722509,0.601176860226026));
#2379=CARTESIAN_POINT('',(0.44004384347284,0.222465263555278,0.611444147722092));
#2380=CARTESIAN_POINT('',(0.433902917519396,0.226359326711993,0.616996261074781));
#2381=CARTESIAN_POINT('',(0.414787946182591,0.233358264157327,0.627099102337289));
#2382=CARTESIAN_POINT('',(0.399646011906069,0.234570905611252,0.628936226370091));
#2383=CARTESIAN_POINT('',(0.364915561286945,0.228851095560299,0.620551661900839));
#2384=CARTESIAN_POINT('',(0.349324860005359,0.216205269466583,0.60193395625461));
#2385=CARTESIAN_POINT('',(0.350021506312666,0.196791584524694,0.578404755687447));
#2386=CARTESIAN_POINT('',(0.35185467566543,0.191790944476724,0.573010287055412));
#2387=CARTESIAN_POINT('',(0.35488648108962,0.187050753307259,0.568254984000888));
#2388=CARTESIAN_POINT('',(0.345475517577459,0.21061440265693,0.553264044864031));
#2389=CARTESIAN_POINT('',(0.35617852636211,0.197695219056445,0.536314593041585));
#2390=CARTESIAN_POINT('',(0.378296145667228,0.187650548559158,0.525966291486441));
#2391=CARTESIAN_POINT('',(0.430498937697685,0.186723041000079,0.525125976197553));
#2392=CARTESIAN_POINT('',(0.466670921212612,0.210755535163964,0.551058605197451));
#2393=CARTESIAN_POINT('',(0.460233132575877,0.232036367667772,0.584192174468802));
#2394=CARTESIAN_POINT('',(0.459168725568708,0.235554884430841,0.589670391492535));
#2395=CARTESIAN_POINT('',(0.457063033122397,0.23894601687667,0.59508492968026));
#2396=CARTESIAN_POINT('',(0.449070666042259,0.247001735751172,0.608148528462387));
#2397=CARTESIAN_POINT('',(0.441583561652709,0.251225250348486,0.61520832676277));
#2398=CARTESIAN_POINT('',(0.418178469344657,0.258849238182772,0.628050096188478));
#2399=CARTESIAN_POINT('',(0.399557500045936,0.260193395798273,0.630382794272716));
#2400=CARTESIAN_POINT('',(0.35692805164597,0.253928478188967,0.619728834865361));
#2401=CARTESIAN_POINT('',(0.337964361890946,0.240047898973669,0.596044654664068));
#2402=CARTESIAN_POINT('',(0.339324344282856,0.220129518467931,0.566102711523686));
#2403=CARTESIAN_POINT('',(0.341683537930778,0.215191553087286,0.559269083038464));
#2404=CARTESIAN_POINT('',(0.345475517577459,0.21061440265693,0.553264044864031));
#2405=CARTESIAN_POINT('',(0.310874896740577,0.240818666815151,0.52439697208286));
#2406=CARTESIAN_POINT('',(0.326815468708458,0.224898262600433,0.494049593309531));
#2407=CARTESIAN_POINT('',(0.36209542293705,0.213167560823899,0.472594324332263));
#2408=CARTESIAN_POINT('',(0.453264144175453,0.212102280628264,0.470685761368865));
#2409=CARTESIAN_POINT('',(0.50833068123649,0.24041964019429,0.52287726655785));
#2410=CARTESIAN_POINT('',(0.495922187740546,0.267868251764421,0.576861298651927));
#2411=CARTESIAN_POINT('',(0.493870600127039,0.272406532863866,0.585786876249848));
#2412=CARTESIAN_POINT('',(0.490237006276944,0.276815544160523,0.594498193213676));
#2413=CARTESIAN_POINT('',(0.477037051354646,0.287343493704864,0.615357860998287));
#2414=CARTESIAN_POINT('',(0.465082739840478,0.292920069625178,0.62646802353537));
#2415=CARTESIAN_POINT('',(0.4282396123901,0.303014207665431,0.646605979981355));
#2416=CARTESIAN_POINT('',(0.399351669769618,0.304812944491547,0.650213832471964));
#2417=CARTESIAN_POINT('',(0.33279369025688,0.296490012771312,0.633580808567398));
#2418=CARTESIAN_POINT('',(0.302223636921255,0.278043232109968,0.596687147957911));
#2419=CARTESIAN_POINT('',(0.302007214559369,0.252625478850294,0.547016734594736));
#2420=CARTESIAN_POINT('',(0.305227295615056,0.246459122687309,0.535148775146276));
#2421=CARTESIAN_POINT('',(0.310874896740577,0.240818666815151,0.52439697208286));
#2422=CARTESIAN_POINT('',(0.28592731334904,0.247241342824556,0.510739270294364));
#2423=CARTESIAN_POINT('',(0.304955104352019,0.227842733329949,0.470666489970157));
#2424=CARTESIAN_POINT('',(0.349314094022644,0.213142545312426,0.440299518145297));
#2425=CARTESIAN_POINT('',(0.471224192825042,0.211781848558131,0.437488729923116));
#2426=CARTESIAN_POINT('',(0.538065055840588,0.247072725406299,0.510391111609379));
#2427=CARTESIAN_POINT('',(0.520556435214432,0.279800129772845,0.577997930024577));
#2428=CARTESIAN_POINT('',(0.517661606021996,0.285211192561616,0.589175863211594));
#2429=CARTESIAN_POINT('',(0.512847440493061,0.290453896755273,0.600006007385166));
#2430=CARTESIAN_POINT('',(0.495842141235383,0.302953352880546,0.625826822008187));
#2431=CARTESIAN_POINT('',(0.480792216415195,0.309554322133954,0.639462803641882));
#2432=CARTESIAN_POINT('',(0.434867732304691,0.321494818194269,0.664128924412486));
#2433=CARTESIAN_POINT('',(0.399234439443402,0.323616717622043,0.66851222760594));
#2434=CARTESIAN_POINT('',(0.316754767897587,0.31378002554039,0.648191968998635));
#2435=CARTESIAN_POINT('',(0.278022097262921,0.292000657860047,0.603201085812258));
#2436=CARTESIAN_POINT('',(0.275624188790664,0.261576603975441,0.540352414395981));
#2437=CARTESIAN_POINT('',(0.279185938315501,0.254114095510974,0.52493669556353));
#2438=CARTESIAN_POINT('',(0.28592731334904,0.247241342824556,0.510739270294364));
#2439=CARTESIAN_POINT('',(0.260803423698512,0.243070764550326,0.502123857158351));
#2440=CARTESIAN_POINT('',(0.282916146666091,0.219155658597578,0.452721099476755));
#2441=CARTESIAN_POINT('',(0.336401182647955,0.200342764592749,0.413858286779183));
#2442=CARTESIAN_POINT('',(0.489369120186655,0.198565673265964,0.410187349167939));
#2443=CARTESIAN_POINT('',(0.567997227877573,0.243421873560907,0.502849362183383));
#2444=CARTESIAN_POINT('',(0.545329277300058,0.282526395547472,0.583629745815503));
#2445=CARTESIAN_POINT('',(0.541581418090267,0.288991834157401,0.596985761558117));
#2446=CARTESIAN_POINT('',(0.535576263484445,0.295228225830064,0.609868620764859));
#2447=CARTESIAN_POINT('',(0.514738041403791,0.310057282580953,0.640501819215665));
#2448=CARTESIAN_POINT('',(0.496574932069805,0.317847409424388,0.656594308176015));
#2449=CARTESIAN_POINT('',(0.441523940388804,0.331921339786194,0.685667577588375));
#2450=CARTESIAN_POINT('',(0.399117235925831,0.334409678841328,0.690807851217728));
#2451=CARTESIAN_POINT('',(0.30064379605549,0.322834156026277,0.666895582317149));
#2452=CARTESIAN_POINT('',(0.253699811840537,0.297236019024493,0.61401604841038));
#2453=CARTESIAN_POINT('',(0.249072665321354,0.260657018393846,0.538452757780138));
#2454=CARTESIAN_POINT('',(0.252969085045441,0.251543671267088,0.519626809401758));
#2455=CARTESIAN_POINT('',(0.260803423698512,0.243070764550326,0.502123857158351));
#2456=CARTESIAN_POINT('',(0.549344619872842,0.272323140912601,0.562552314611582));
#2457=CARTESIAN_POINT('',(0.549041633746418,0.273748628507226,0.565497023872746));
#2458=CARTESIAN_POINT('',(0.548546411383116,0.275257753840861,0.56861450816476));
#2459=CARTESIAN_POINT('',(0.548086459057084,0.276680306310523,0.571553154072172));
#2460=CARTESIAN_POINT('',(0.548086459077371,0.276680306311931,0.571553154075081));
#2461=CARTESIAN_POINT('',(0.549344619872842,0.272323140912601,0.562552314611582));
#2462=CARTESIAN_POINT('',(0.516939329788696,0.267509206792106,0.564857348612425));
#2463=CARTESIAN_POINT('',(0.520737571954122,0.268670546487972,0.564307353004471));
#2464=CARTESIAN_POINT('',(0.524611450389428,0.269626222334063,0.563850497511489));
#2465=CARTESIAN_POINT('',(0.535380972313407,0.271669375035396,0.562870165268458));
#2466=CARTESIAN_POINT('',(0.542353453032498,0.272323142669224,0.562552313982226));
#2467=CARTESIAN_POINT('',(0.549344619836007,0.272323140909545,0.56255231483406));
#2468=CARTESIAN_POINT('',(0.438979776769465,0.15060647357628,0.568000658413257));
#2469=CARTESIAN_POINT('',(0.439737450935528,0.151545075598216,0.568925205939722));
#2470=CARTESIAN_POINT('',(0.440674128350017,0.152548591600991,0.569763199773466));
#2471=CARTESIAN_POINT('',(0.441437578652275,0.153530711048038,0.5706697911112));
#2472=CARTESIAN_POINT('',(0.447351416663381,0.187878807044756,0.606569496317973));
#2473=CARTESIAN_POINT('',(0.447351416789112,0.199327072575526,0.603023511094995));
#2474=CARTESIAN_POINT('',(0.449608160141304,0.2103213651224,0.599259439358592));
#2475=CARTESIAN_POINT('',(0.458681592601722,0.230739309569012,0.591692103773312));
#2476=CARTESIAN_POINT('',(0.465198621877898,0.239795709317001,0.588042229254126));
#2477=CARTESIAN_POINT('',(0.482253848171564,0.256271341059443,0.581067966417046));
#2478=CARTESIAN_POINT('',(0.493119510184021,0.26326177488271,0.577882307100553));
#2479=CARTESIAN_POINT('',(0.511785139845592,0.270983381105122,0.574284261390345));
#2480=CARTESIAN_POINT('',(0.518816695924234,0.273102280982498,0.57327361722815));
#2481=CARTESIAN_POINT('',(0.533277359446584,0.275956872462421,0.571904991572887));
#2482=CARTESIAN_POINT('',(0.540670909321552,0.276680308241974,0.571553153285962));
#2483=CARTESIAN_POINT('',(0.54808645903575,0.276680306366639,0.571553154193784));
#2484=CARTESIAN_POINT('',(3.48311876260756,5.88584736505027E-13,7.99582622335038E-12));
#2485=CARTESIAN_POINT('',(3.48312100932379,0.120671203623535,0.623428793541049));
#2486=CARTESIAN_POINT('',(3.48312093272737,-0.134027267129257,0.620694523631281));
#2487=CARTESIAN_POINT('',(3.48312093272737,-0.134027267129257,0.620694523631281));
#2488=CARTESIAN_POINT('',(3.43558945564168,-0.134027233506622,0.620694530891453));
#2489=CARTESIAN_POINT('',(3.43558676911751,7.12249703660461E-13,1.22030163751674E-11));
#2490=CARTESIAN_POINT('',(3.43558953320949,0.120671190651777,0.623428796051869));
#2491=CARTESIAN_POINT('',(3.43558953320949,0.120671190651777,0.623428796051869));
#2492=CARTESIAN_POINT('',(0.663038891749322,-3.01897395971196E-13,2.13107309576799E-12));
#2493=CARTESIAN_POINT('',(0.663037774701053,0.120671753204667,0.623428687163586));
#2494=CARTESIAN_POINT('',(0.663037713790545,-0.134026213254708,0.620694751194662));
#2495=CARTESIAN_POINT('',(0.663037713790545,-0.134026213254708,0.620694751194662));
#2496=CARTESIAN_POINT('',(0.615506329655456,-0.134026219563578,0.620694749832392));
#2497=CARTESIAN_POINT('',(0.615507813498511,-3.76712550043123E-13,3.45501405263349E-12));
#2498=CARTESIAN_POINT('',(0.615506388165723,0.120671795576132,0.623428678962102));
#2499=CARTESIAN_POINT('',(0.615506388165723,0.120671795576133,0.623428678962102));
#2500=CARTESIAN_POINT('',(1.13305288904818,-3.59892671220052E-13,2.24764651335363E-12));
#2501=CARTESIAN_POINT('',(1.1330517436972,0.120671466892279,0.623428742582555));
#2502=CARTESIAN_POINT('',(1.13305167241017,-0.134026189943387,0.62069475622826));
#2503=CARTESIAN_POINT('',(1.13305167241017,-0.134026189943387,0.62069475622826));
#2504=CARTESIAN_POINT('',(1.08552035359019,-0.134026190219472,0.620694756168645));
#2505=CARTESIAN_POINT('',(1.08552163183796,-3.35724503752743E-13,2.52520226950992E-12));
#2506=CARTESIAN_POINT('',(1.08552041559573,0.120671489049468,0.623428738293788));
#2507=CARTESIAN_POINT('',(1.08552041559573,0.120671489049468,0.623428738293788));
#2508=CARTESIAN_POINT('',(1.60306545648006,-6.44345687916825E-14,3.80806497446429E-14));
#2509=CARTESIAN_POINT('',(1.60306526572154,0.120671259232784,0.623428782777291));
#2510=CARTESIAN_POINT('',(1.60306519497227,-0.134026243781242,0.620694744603087));
#2511=CARTESIAN_POINT('',(1.60306519497227,-0.134026243781242,0.620694744603087));
#2512=CARTESIAN_POINT('',(1.55553390216722,-0.134026232736727,0.620694746987922));
#2513=CARTESIAN_POINT('',(1.55553422879047,-8.29752933029226E-14,8.5265128291212E-14));
#2514=CARTESIAN_POINT('',(1.55553397290063,0.120671278972645,0.623428778956431));
#2515=CARTESIAN_POINT('',(1.55553397290063,0.120671278972645,0.623428778956431));
#2516=CARTESIAN_POINT('',(2.07307841150957,6.27692342547448E-14,2.62012633811537E-14));
#2517=CARTESIAN_POINT('',(2.07307866292642,0.12067112653786,0.623428808461787));
#2518=CARTESIAN_POINT('',(2.07307858964785,-0.134026378979771,0.620694715409734));
#2519=CARTESIAN_POINT('',(2.07307858964785,-0.134026378979771,0.620694715409734));
#2520=CARTESIAN_POINT('',(2.02554729695896,-0.134026362253206,0.620694719021495));
#2521=CARTESIAN_POINT('',(2.0255471383557,5.61287127887056E-14,1.23234755733392E-14));
#2522=CARTESIAN_POINT('',(2.02554736949838,0.120671137699415,0.623428806301352));
#2523=CARTESIAN_POINT('',(2.02554736949838,0.120671137699415,0.623428806301352));
#2524=CARTESIAN_POINT('',(2.54309212714576,-0.134026597379861,0.620694668250644));
#2525=CARTESIAN_POINT('',(2.54309212714576,-0.134026597379861,0.620694668250644));
#2526=CARTESIAN_POINT('',(2.49556080541781,-0.13402657227942,0.620694673670581));
#2527=CARTESIAN_POINT('',(2.49555995052854,2.9139191060068E-13,1.26576527037514E-12));
#2528=CARTESIAN_POINT('',(2.49556089064056,0.120671070855298,0.623428819239723));
#2529=CARTESIAN_POINT('',(2.49556089064056,0.120671070855298,0.623428819239723));
#2530=CARTESIAN_POINT('',(2.54309220979546,0.120671065133791,0.62342882034718));
#2531=CARTESIAN_POINT('',(2.5430911548398,3.16677239986518E-13,1.63369318073592E-12));
#2532=CARTESIAN_POINT('',(2.96557480931012,0.120671084824871,0.623428816535768));
#2533=CARTESIAN_POINT('',(2.96557480931012,0.120671084824871,0.623428816535768));
#2534=CARTESIAN_POINT('',(3.01310619532093,0.120671098677199,0.623428813854507));
#2535=CARTESIAN_POINT('',(3.01310509395207,2.19865792239204E-13,1.87594384470913E-12));
#2536=CARTESIAN_POINT('',(3.01310613929865,-0.134026898723733,0.620694603181386));
#2537=CARTESIAN_POINT('',(3.01310613929865,-0.134026898723733,0.620694603181386));
#2538=CARTESIAN_POINT('',(2.96557475804742,-0.134026860928156,0.620694611342603));
#2539=CARTESIAN_POINT('',(2.96557209481353,-2.17929840840014E-13,1.16026077634501E-11));
#2540=CARTESIAN_POINT('',(2.96557480812073,-7.77650717458569E-17,0.635));
#2541=CARTESIAN_POINT('',(2.96557435161094,3.58740814832004E-14,3.25739435425021E-13));
#2542=CARTESIAN_POINT('',(3.63554564786284,-0.276679819448143,0.571553389903465));
#2543=CARTESIAN_POINT('',(3.63554403704287,5.51558798633778E-13,5.35549382618683E-12));
#2544=CARTESIAN_POINT('',(3.63554582464898,0.276679512632677,0.571553538427805));
#2545=CARTESIAN_POINT('',(1.82704993837721,-0.272322194258061,0.562552773092632));
#2546=CARTESIAN_POINT('',(1.82704993837721,-0.272322194258061,0.562552773092632));
#2547=CARTESIAN_POINT('',(3.63554564786284,-0.272322656937149,0.562552549117584));
#2548=CARTESIAN_POINT('',(3.63554564786284,-0.276679819448143,0.571553389903465));
#2549=CARTESIAN_POINT('',(0.4,0.,0.));
#2550=CARTESIAN_POINT('',(0.,0.,0.));
#2551=CARTESIAN_POINT('',(0.0185542288915697,-0.272321731578973,0.562552997067681));
#2552=CARTESIAN_POINT('',(0.0185541040375892,0.,0.));
#2553=CARTESIAN_POINT('',(0.,0.,0.));
#2554=CARTESIAN_POINT('',(0.,0.,-0.625));
#2555=CARTESIAN_POINT('',(3.63554582464898,0.272322354953423,0.562552695302957));
#2556=CARTESIAN_POINT('',(3.63554592488075,0.,0.));
#2557=CARTESIAN_POINT('',(3.63554582464898,0.276679512632677,0.571553538427805));
#2558=CARTESIAN_POINT('',(0.0185542288915697,-0.276678879284236,0.571553845020764));
#2559=CARTESIAN_POINT('',(0.0185541040375892,8.58036932671613E-7,0.624999999999411));
#2560=CARTESIAN_POINT('',(3.63554592488075,-1.67753104740598E-7,0.624999999999977));
#2561=CARTESIAN_POINT('',(2.98934050231552,0.118770759597475,0.613611038577892));
#2562=CARTESIAN_POINT('',(2.96557480931012,0.120671084824871,0.623428816535768));
#2563=CARTESIAN_POINT('',(2.96557480931012,0.118770752780385,0.61361103989741));
#2564=CARTESIAN_POINT('',(2.98934050231552,0.118770759597475,0.613611038577891));
#2565=CARTESIAN_POINT('',(3.01310619532093,0.118770766414566,0.613611037258373));
#2566=CARTESIAN_POINT('',(3.01310619532093,0.120671098677199,0.623428813854507));
#2567=CARTESIAN_POINT('',(3.01310618957148,-0.00670905632828739,0.62496398981316));
#2568=CARTESIAN_POINT('',(3.01310618957148,0.,0.));
#2569=CARTESIAN_POINT('',(3.01310613929865,-0.131916238901312,0.610919885021049));
#2570=CARTESIAN_POINT('',(3.01310613929865,-0.134026898723733,0.620694603181386));
#2571=CARTESIAN_POINT('',(2.98934044867303,-0.131916220301127,0.610919889037396));
#2572=CARTESIAN_POINT('',(2.98934044867303,-0.131916220301127,0.610919889037396));
#2573=CARTESIAN_POINT('',(2.96557475804742,-0.131916201700941,0.610919893053743));
#2574=CARTESIAN_POINT('',(2.96557475804742,-0.134026860928156,0.620694611342603));
#2575=CARTESIAN_POINT('',(2.96557479835365,-0.0663327477246806,0.621470004569242));
#2576=CARTESIAN_POINT('',(2.96557479835365,0.,0.));
#2577=CARTESIAN_POINT('',(2.96557480812073,-7.65404249467096E-17,0.625));
#2578=CARTESIAN_POINT('',(2.96557480812073,-7.77650717458569E-17,0.635));
#2579=CARTESIAN_POINT('',(2.96557481081214,0.0596577742801341,0.62214624483954));
#2580=CARTESIAN_POINT('',(2.96557481081214,0.,0.));
#2581=CARTESIAN_POINT('',(2.51932646628178,-0.131915929950434,0.610919951732886));
#2582=CARTESIAN_POINT('',(2.54309212714576,-0.134026597379861,0.620694668250644));
#2583=CARTESIAN_POINT('',(2.54309212714576,-0.131915942303013,0.610919949065594));
#2584=CARTESIAN_POINT('',(2.51932646628178,-0.131915929950434,0.610919951732886));
#2585=CARTESIAN_POINT('',(2.49556080541781,-0.131915917597854,0.610919954400178));
#2586=CARTESIAN_POINT('',(2.49556080541781,-0.13402657227942,0.620694673670581));
#2587=CARTESIAN_POINT('',(2.4955608666435,-0.00670890592863932,0.624963991427699));
#2588=CARTESIAN_POINT('',(2.4955608666435,0.,0.));
#2589=CARTESIAN_POINT('',(2.49556089064056,0.118770739030805,0.613611042558783));
#2590=CARTESIAN_POINT('',(2.49556089064056,0.120671070855298,0.623428819239723));
#2591=CARTESIAN_POINT('',(2.51932655021801,0.118770736215103,0.613611043103791));
#2592=CARTESIAN_POINT('',(2.51932655021801,0.118770736215103,0.613611043103791));
#2593=CARTESIAN_POINT('',(2.54309220979546,0.1187707333994,0.613611043648799));
#2594=CARTESIAN_POINT('',(2.54309220979546,0.120671065133791,0.62342882034718));
#2595=CARTESIAN_POINT('',(2.54309218949349,-0.00670892143298275,0.624963991261261));
#2596=CARTESIAN_POINT('',(2.54309218949349,0.,0.));
#2597=CARTESIAN_POINT('',(2.07307863074165,-0.00670878070418827,0.624963992771954));
#2598=CARTESIAN_POINT('',(2.07307866292642,0.12067112653786,0.623428808461787));
#2599=CARTESIAN_POINT('',(2.07307866292642,0.118770793836476,0.613611031950578));
#2600=CARTESIAN_POINT('',(2.07307863074165,0.,0.));
#2601=CARTESIAN_POINT('',(2.07307858964785,-0.131915727342294,0.610919995482022));
#2602=CARTESIAN_POINT('',(2.07307858964785,-0.134026378979771,0.620694715409734));
#2603=CARTESIAN_POINT('',(2.04931294330341,-0.131915719110717,0.610919997259463));
#2604=CARTESIAN_POINT('',(2.04931294330341,-0.131915719110717,0.610919997259463));
#2605=CARTESIAN_POINT('',(2.02554729695896,-0.13191571087914,0.610919999036904));
#2606=CARTESIAN_POINT('',(2.02554729695896,-0.134026362253206,0.620694719021495));
#2607=CARTESIAN_POINT('',(2.02554733727037,-0.0067087666888611,0.624963992922404));
#2608=CARTESIAN_POINT('',(2.02554733727037,0.,0.));
#2609=CARTESIAN_POINT('',(2.02554736949838,0.118770804822259,0.613611029824165));
#2610=CARTESIAN_POINT('',(2.02554736949838,0.120671137699415,0.623428806301352));
#2611=CARTESIAN_POINT('',(2.0493130162124,0.118770799329368,0.613611030887372));
#2612=CARTESIAN_POINT('',(2.0493130162124,0.118770799329368,0.613611030887372));
#2613=CARTESIAN_POINT('',(1.60306522565687,-0.00670864612911659,0.624963994216558));
#2614=CARTESIAN_POINT('',(1.60306526572154,0.120671259232784,0.623428782777291));
#2615=CARTESIAN_POINT('',(1.60306526572154,0.118770924441716,0.613611006670562));
#2616=CARTESIAN_POINT('',(1.60306522565687,0.,0.));
#2617=CARTESIAN_POINT('',(1.60306519497227,-0.131915594272876,0.610920024215637));
#2618=CARTESIAN_POINT('',(1.60306519497227,-0.134026243781242,0.620694744603087));
#2619=CARTESIAN_POINT('',(1.57929954856975,-0.131915588837583,0.610920025389276));
#2620=CARTESIAN_POINT('',(1.57929954856975,-0.131915588837583,0.610920025389276));
#2621=CARTESIAN_POINT('',(1.55553390216722,-0.131915583402291,0.610920026562915));
#2622=CARTESIAN_POINT('',(1.55553390216722,-0.134026232736727,0.620694746987922));
#2623=CARTESIAN_POINT('',(1.55553393149322,-0.00670863067464035,0.624963994382453));
#2624=CARTESIAN_POINT('',(1.55553393149322,0.,0.));
#2625=CARTESIAN_POINT('',(1.55553397290063,0.118770943870713,0.613611002909873));
#2626=CARTESIAN_POINT('',(1.55553397290063,0.120671278972645,0.623428778956431));
#2627=CARTESIAN_POINT('',(1.57929961931108,0.118770934156215,0.613611004790217));
#2628=CARTESIAN_POINT('',(1.57929961931108,0.118770934156215,0.613611004790217));
#2629=CARTESIAN_POINT('',(1.13305168355965,-0.00670851493959564,0.624963995624792));
#2630=CARTESIAN_POINT('',(1.1330517436972,0.120671466892279,0.623428742582555));
#2631=CARTESIAN_POINT('',(1.1330517436972,0.118771128830983,0.613610967108814));
#2632=CARTESIAN_POINT('',(1.13305168355965,0.,0.));
#2633=CARTESIAN_POINT('',(1.13305167241017,-0.131915541282861,0.610920035657736));
#2634=CARTESIAN_POINT('',(1.13305167241017,-0.134026189943387,0.62069475622826));
#2635=CARTESIAN_POINT('',(1.10928601300018,-0.13191554141873,0.610920035628398));
#2636=CARTESIAN_POINT('',(1.10928601300018,-0.13191554141873,0.610920035628398));
#2637=CARTESIAN_POINT('',(1.08552035359019,-0.131915541554599,0.61092003559906));
#2638=CARTESIAN_POINT('',(1.08552035359019,-0.134026190219472,0.620694756168645));
#2639=CARTESIAN_POINT('',(1.08552035872487,-0.00670850397271167,0.624963995742513));
#2640=CARTESIAN_POINT('',(1.08552035872487,0.,0.));
#2641=CARTESIAN_POINT('',(1.08552041559573,0.11877115063924,0.613610962887586));
#2642=CARTESIAN_POINT('',(1.08552041559573,0.120671489049468,0.623428738293788));
#2643=CARTESIAN_POINT('',(1.10928607964646,0.118771139735112,0.6136109649982));
#2644=CARTESIAN_POINT('',(1.10928607964646,0.118771139735112,0.6136109649982));
#2645=CARTESIAN_POINT('',(0.663037720446314,-0.00670838316669044,0.624963997039261));
#2646=CARTESIAN_POINT('',(0.663037774701053,0.120671753204667,0.623428687163586));
#2647=CARTESIAN_POINT('',(0.663037774701053,0.118771410634515,0.613610912562584));
#2648=CARTESIAN_POINT('',(0.663037720446314,0.,0.));
#2649=CARTESIAN_POINT('',(0.663037713790545,-0.131915564227075,0.610920030703408));
#2650=CARTESIAN_POINT('',(0.663037713790545,-0.134026213254708,0.620694751194662));
#2651=CARTESIAN_POINT('',(0.639272021723,-0.131915567331834,0.610920030032999));
#2652=CARTESIAN_POINT('',(0.639272021723,-0.131915567331834,0.610920030032999));
#2653=CARTESIAN_POINT('',(0.615506329655456,-0.131915570436593,0.61092002936259));
#2654=CARTESIAN_POINT('',(0.615506329655456,-0.134026219563578,0.620694749832392));
#2655=CARTESIAN_POINT('',(0.615506328742093,-0.00670836510491438,0.624963997233136));
#2656=CARTESIAN_POINT('',(0.615506328742093,0.,0.));
#2657=CARTESIAN_POINT('',(0.615506388165723,0.118771452338713,0.613610904490258));
#2658=CARTESIAN_POINT('',(0.615506388165723,0.120671795576132,0.623428678962102));
#2659=CARTESIAN_POINT('',(0.639272081433388,0.118771431486614,0.613610908526421));
#2660=CARTESIAN_POINT('',(0.639272081433388,0.118771431486614,0.613610908526422));
#2661=CARTESIAN_POINT('',(0.169257259208191,-0.131915692673702,0.610920002967997));
#2662=CARTESIAN_POINT('',(0.193023001245234,-0.134026337066036,0.62069472446015));
#2663=CARTESIAN_POINT('',(0.193023001245234,-0.131915686088618,0.610920004389911));
#2664=CARTESIAN_POINT('',(0.169257259208191,-0.131915692673702,0.610920002967997));
#2665=CARTESIAN_POINT('',(0.145491517171147,-0.131915699258786,0.610920001546082));
#2666=CARTESIAN_POINT('',(0.145491517171147,-0.134026350446927,0.62069472157082));
#2667=CARTESIAN_POINT('',(0.145491504602161,-0.00670824260715551,0.624963998548015));
#2668=CARTESIAN_POINT('',(0.145491504602161,0.,0.));
#2669=CARTESIAN_POINT('',(0.145491568523479,0.118771822273231,0.613610832885059));
#2670=CARTESIAN_POINT('',(0.145491568523479,0.120672171429602,0.62342860621122));
#2671=CARTESIAN_POINT('',(0.169257309668712,0.118771797127454,0.613610837752328));
#2672=CARTESIAN_POINT('',(0.169257309668713,0.118771797127454,0.613610837752329));
#2673=CARTESIAN_POINT('',(0.193023050813946,0.118771771981678,0.613610842619597));
#2674=CARTESIAN_POINT('',(0.193023050813946,0.120672120333385,0.623428616101511));
#2675=CARTESIAN_POINT('',(0.19302297901169,-0.0067082614817192,0.624963998345419));
#2676=CARTESIAN_POINT('',(0.19302297901169,0.,0.));
#2677=CARTESIAN_POINT('',(3.48312101682886,-0.00670918919570775,0.6249639883868));
#2678=CARTESIAN_POINT('',(3.48312100932379,0.120671203623535,0.623428793541049));
#2679=CARTESIAN_POINT('',(3.48312100932379,0.118770869708204,0.613611017264811));
#2680=CARTESIAN_POINT('',(3.48312101682886,0.,0.));
#2681=CARTESIAN_POINT('',(3.48312093272737,-0.131916601505174,0.610919806723702));
#2682=CARTESIAN_POINT('',(3.48312093272737,-0.134027267129257,0.620694523631281));
#2683=CARTESIAN_POINT('',(3.45935519418453,-0.131916584958602,0.610919810296621));
#2684=CARTESIAN_POINT('',(3.45935519418453,-0.131916584958602,0.610919810296621));
#2685=CARTESIAN_POINT('',(3.43558945564168,-0.13191656841203,0.610919813869541));
#2686=CARTESIAN_POINT('',(3.43558945564168,-0.134027233506622,0.620694530891453));
#2687=CARTESIAN_POINT('',(3.43558955094931,-0.00670917877060735,0.624963988498716));
#2688=CARTESIAN_POINT('',(3.43558955094931,0.,0.));
#2689=CARTESIAN_POINT('',(3.43558953320949,0.118770856940726,0.613611019736091));
#2690=CARTESIAN_POINT('',(3.43558953320949,0.120671190651777,0.623428796051869));
#2691=CARTESIAN_POINT('',(3.45935527126664,0.118770863324465,0.613611018500451));
#2692=CARTESIAN_POINT('',(3.45935527126664,0.118770863324465,0.613611018500451));
#2693=CARTESIAN_POINT('',(0.,0.,0.));
#2694=CYLINDRICAL_SURFACE('',#1326,0.04);
#2695=CYLINDRICAL_SURFACE('',#1331,0.04);
#2696=CYLINDRICAL_SURFACE('',#1334,0.04);
#2697=CYLINDRICAL_SURFACE('',#1339,0.04);
#2698=CYLINDRICAL_SURFACE('',#1344,0.325);
#2699=CYLINDRICAL_SURFACE('',#1346,0.465254186483279);
#2700=CYLINDRICAL_SURFACE('',#1352,0.473426213256642);
#2701=CYLINDRICAL_SURFACE('',#1365,0.635);
#2702=CYLINDRICAL_SURFACE('',#1394,0.625);
#2703=CLOSED_SHELL('',(#1248,#1249,#1250,#1251,#1252,#1253,#1254,#1255,
#1256,#1257,#1258,#1259,#1260,#1261,#1262,#1263,#1264,#1265,#1266,#1267,
#1268,#1269,#1270,#1271,#1272,#1273,#1274,#1275,#1276,#1277,#1278,#1279,
#1280,#1281,#1282,#1283,#1284,#1285,#1286,#1287,#1288,#1289,#1290,#1291,
#1292,#1293,#1294,#1295,#1296,#1297,#1298,#1299,#1300,#1301,#1302,#1303,
#1304,#1305,#1306,#1307,#1308,#1309,#1310,#1311,#1312,#1313,#1314,#1315,
#1316,#1317,#1318,#1319,#1320,#1321,#1322,#1323,#1324,#1325));
#2704=MANIFOLD_SOLID_BREP('',#2703);
#2705=ADVANCED_BREP_SHAPE_REPRESENTATION('',(#2704),#104);
ENDSEC;
END-ISO-10303-21;
